as_of_date,source_name,silicon_id,gpu_model,gpu_variant,form_factor,interconnect_substrate,commitment_term,interruptibility,deployment_class,region,region_country,factory_type,tier_v3,operator_tier,price_usd_per_hour,bundled,bundled_inclusions,availability_state,methodology_version,source_status,region_raw
2026-08-18,aws,b300-sxm-288gb,B300,288GB,SXM,EFA,OnDemand,NonInterruptible,OnDemand,US-East,US,HIF,T1IF,T1,17.8020,True,local-nvme;managed-ops-plane;support-tier;observability,Available,v2.4.0,panel,us-east-1
2026-08-18,aws,b300-sxm-288gb,B300,288GB,SXM,EFA,OnDemand,NonInterruptible,OnDemand,US-West,US,HIF,T1IF,T1,17.8020,True,local-nvme;managed-ops-plane;support-tier;observability,Available,v2.4.0,panel,us-west-2
2026-08-18,aws,b300-sxm-288gb,B300,288GB,SXM,EFA,3Y,NonInterruptible,Reserved,US-East,US,HIF,T1IF,T1,7.6905,True,local-nvme;managed-ops-plane;support-tier;observability,Available,v2.4.0,panel,us-east-1
2026-08-18,aws,b300-sxm-288gb,B300,288GB,SXM,EFA,3Y,NonInterruptible,Reserved,US-West,US,HIF,T1IF,T1,7.6905,True,local-nvme;managed-ops-plane;support-tier;observability,Available,v2.4.0,panel,us-west-2
2026-08-18,aws,b300-sxm-288gb,B300,288GB,SXM,EFA,OnDemand,Interruptible,Spot,US-East,US,DIF,T2IF,T1,5.5905,False,,Available,v2.4.0,panel,us-east-1d
2026-08-18,aws,b300-sxm-288gb,B300,288GB,SXM,EFA,OnDemand,Interruptible,Spot,US-West,US,DIF,T2IF,T1,6.4439,False,,Available,v2.4.0,panel,us-west-2a
2026-08-18,aws,b300-sxm-288gb,B300,288GB,SXM,EFA,OnDemand,Interruptible,Spot,US-West,US,DIF,T2IF,T1,6.4703,False,,Available,v2.4.0,panel,us-west-2b
2026-08-18,aws_capacity_blocks,b300-sxm-288gb,B300,288GB,SXM,EFA,CapacityBlock,NonInterruptible,Reserved,US-East,US,HIF,T2IF,T1,14.0400,False,,Available,v2.4.0,term-panel,us-east-1
2026-08-18,coreweave,b300-sxm-288gb,B300,288GB,SXM,IB-NDR,OnDemand,Interruptible,Spot,EU,EU,DIF,T2IF,T2,4.5875,False,,Available,v2.4.0,panel,EU
2026-08-18,coreweave,b300-sxm-288gb,B300,288GB,SXM,IB-NDR,OnDemand,Interruptible,Spot,US-East,US,DIF,T2IF,T2,4.4800,False,,Available,v2.4.0,panel,US
2026-08-18,datacrunch,b300-sxm-288gb,B300,288GB,SXM,IB-NDR,OnDemand,NonInterruptible,OnDemand,EU,EU,SIF,T2IF,T2,7.5000,True,local-nvme,Available,v2.4.0,panel,EU-FI
2026-08-18,datacrunch,b300-sxm-288gb,B300,288GB,SXM,IB-NDR,1M,NonInterruptible,Reserved,EU,EU,SIF,T2IF,T2,7.3500,True,local-nvme,Available,v2.4.0,panel,EU-FI
2026-08-18,datacrunch,b300-sxm-288gb,B300,288GB,SXM,IB-NDR,1Y,NonInterruptible,Reserved,EU,EU,SIF,T2IF,T2,6.9000,True,local-nvme,Available,v2.4.0,panel,EU-FI
2026-08-18,datacrunch,b300-sxm-288gb,B300,288GB,SXM,IB-NDR,2Y,NonInterruptible,Reserved,EU,EU,SIF,T2IF,T2,5.6250,True,local-nvme,Available,v2.4.0,panel,EU-FI
2026-08-18,datacrunch,b300-sxm-288gb,B300,288GB,SXM,IB-NDR,3M,NonInterruptible,Reserved,EU,EU,SIF,T2IF,T2,7.2750,True,local-nvme,Available,v2.4.0,panel,EU-FI
2026-08-18,datacrunch,b300-sxm-288gb,B300,288GB,SXM,IB-NDR,6M,NonInterruptible,Reserved,EU,EU,SIF,T2IF,T2,7.2000,True,local-nvme,Available,v2.4.0,panel,EU-FI
2026-08-18,datacrunch,b300-sxm-288gb,B300,288GB,SXM,IB-NDR,OnDemand,Interruptible,Spot,EU,EU,DIF,T2IF,T2,3.7500,True,local-nvme,Available,v2.4.0,panel,EU-FI
2026-08-18,deepinfra_gpu,b300-sxm-288gb,B300,288GB,SXM,,OnDemand,NonInterruptible,OnDemand,Other,Other,SIF,T2IF,T2,4.8900,False,,Available,v2.4.0,panel,undisclosed
2026-08-18,digitalocean,b300-sxm-288gb,B300,288GB,SXM,Ethernet,1Y,NonInterruptible,Reserved,US-East,US,SIF,,T2,7.9400,True,local-nvme,Available,v2.4.0,panel,US
2026-08-18,digitalocean,b300-sxm-288gb,B300,288GB,SXM,Ethernet,OnDemand,Interruptible,Spot,US-East,US,DIF,,T2,11.1900,True,local-nvme,Available,v2.4.0,panel,US
2026-08-18,gcore,b300-sxm-288gb,B300,288GB,SXM,Unknown,OnDemand,NonInterruptible,OnDemand,EU,EU,IIF,T2IF,T2,6.9558,False,,Available,v2.4.0,panel,EU
2026-08-18,hyperstack,b300-sxm-288gb,B300,288GB,SXM,IB-NDR,OnDemand,NonInterruptible,OnDemand,Other,Other,SIF,T2IF,T2,7.4000,True,local-nvme,Available,v2.4.0,panel,Multi
2026-08-18,latitude,b300-sxm-288gb,B300,288GB,SXM,RoCE,OnDemand,NonInterruptible,OnDemand,Other,Other,SIF,T2IF,T2,8.0000,True,local-nvme;free-egress,Available,v2.4.0,panel,Multi
2026-08-18,massed_compute,b300-sxm-288gb,B300,288GB,SXM,Unknown,OnDemand,NonInterruptible,OnDemand,US-East,US,DIF,T3IF,T3,6.3200,False,,Available,v2.4.0,panel,US
2026-08-18,nebius,b300-sxm-288gb,B300,288GB,SXM,IB-NDR,OnDemand,NonInterruptible,OnDemand,Other,Other,IIF,T1IF,T2,7.8500,True,observability;managed-ops-plane;free-egress,Available,v2.4.0,panel,
2026-08-18,nebius,b300-sxm-288gb,B300,288GB,SXM,IB-NDR,OnDemand,Interruptible,Spot,Other,Other,DIF,T1IF,T2,4.3000,True,observability;managed-ops-plane;free-egress,Available,v2.4.0,panel,
2026-08-18,oci,b300-sxm-288gb,B300,288GB,SXM,RoCE-v2,OnDemand,NonInterruptible,OnDemand,US-East,US,HIF,T1IF,T1,15.0000,True,local-nvme;egress-capped;managed-ops-plane;support-tier;observability,Available,v2.4.0,panel,us-ashburn-1
2026-08-18,qubrid,b300-sxm-288gb,B300,288GB,SXM,Unknown,1Y,NonInterruptible,Reserved,Other,Other,SIF,T2IF,T2,5.5565,False,,Available,v2.4.0,panel,
2026-08-18,runpod_community,b300-sxm-288gb,B300,288GB,SXM,Unknown,OnDemand,NonInterruptible,OnDemand,Other,Other,DIF,T3IF,T3,6.9400,False,,Available,v2.4.0,panel,Global
2026-08-18,runpod_secure,b300-sxm-288gb,B300,288GB,SXM,IB-NDR,OnDemand,NonInterruptible,OnDemand,Other,Other,DIF,T2IF,T3,7.8900,True,local-nvme,Available,v2.4.0,panel,Global
2026-08-18,scaleway,b300-sxm-288gb,B300,288GB,SXM,Unknown,OnDemand,NonInterruptible,OnDemand,EU,EU,SIF,T3IF,T2,8.6948,True,local-nvme,Available,v2.4.0,panel,fr-par-2
2026-08-18,spheron,b300-sxm-288gb,B300,288GB,SXM,Unknown,OnDemand,Interruptible,Spot,EU,EU,DIF,T3IF,T3,5.8101,False,,Available,v2.4.0,panel,uk-south-1
2026-08-19,aws,b300-sxm-288gb,B300,288GB,SXM,EFA,OnDemand,NonInterruptible,OnDemand,US-East,US,HIF,T1IF,T1,17.8020,True,local-nvme;managed-ops-plane;support-tier;observability,Available,v2.4.0,panel,us-east-1
2026-08-19,aws,b300-sxm-288gb,B300,288GB,SXM,EFA,OnDemand,NonInterruptible,OnDemand,US-West,US,HIF,T1IF,T1,17.8020,True,local-nvme;managed-ops-plane;support-tier;observability,Available,v2.4.0,panel,us-west-2
2026-08-19,aws,b300-sxm-288gb,B300,288GB,SXM,EFA,3Y,NonInterruptible,Reserved,US-East,US,HIF,T1IF,T1,7.6905,True,local-nvme;managed-ops-plane;support-tier;observability,Available,v2.4.0,panel,us-east-1
2026-08-19,aws,b300-sxm-288gb,B300,288GB,SXM,EFA,3Y,NonInterruptible,Reserved,US-West,US,HIF,T1IF,T1,7.6905,True,local-nvme;managed-ops-plane;support-tier;observability,Available,v2.4.0,panel,us-west-2
2026-08-19,aws,b300-sxm-288gb,B300,288GB,SXM,EFA,OnDemand,Interruptible,Spot,US-East,US,DIF,T2IF,T1,5.6006,False,,Available,v2.4.0,panel,us-east-1d
2026-08-19,aws,b300-sxm-288gb,B300,288GB,SXM,EFA,OnDemand,Interruptible,Spot,US-West,US,DIF,T2IF,T1,6.4421,False,,Available,v2.4.0,panel,us-west-2a
2026-08-19,aws,b300-sxm-288gb,B300,288GB,SXM,EFA,OnDemand,Interruptible,Spot,US-West,US,DIF,T2IF,T1,6.4314,False,,Available,v2.4.0,panel,us-west-2b
2026-08-19,aws_capacity_blocks,b300-sxm-288gb,B300,288GB,SXM,EFA,CapacityBlock,NonInterruptible,Reserved,US-East,US,HIF,T2IF,T1,14.0400,False,,Available,v2.4.0,term-panel,us-east-1
2026-08-19,coreweave,b300-sxm-288gb,B300,288GB,SXM,IB-NDR,OnDemand,Interruptible,Spot,EU,EU,DIF,T2IF,T2,4.5875,False,,Available,v2.4.0,panel,EU
2026-08-19,coreweave,b300-sxm-288gb,B300,288GB,SXM,IB-NDR,OnDemand,Interruptible,Spot,US-East,US,DIF,T2IF,T2,4.4800,False,,Available,v2.4.0,panel,US
2026-08-19,datacrunch,b300-sxm-288gb,B300,288GB,SXM,IB-NDR,OnDemand,NonInterruptible,OnDemand,EU,EU,SIF,T2IF,T2,7.5000,True,local-nvme,Available,v2.4.0,panel,EU-FI
2026-08-19,datacrunch,b300-sxm-288gb,B300,288GB,SXM,IB-NDR,1M,NonInterruptible,Reserved,EU,EU,SIF,T2IF,T2,7.3500,True,local-nvme,Available,v2.4.0,panel,EU-FI
2026-08-19,datacrunch,b300-sxm-288gb,B300,288GB,SXM,IB-NDR,1Y,NonInterruptible,Reserved,EU,EU,SIF,T2IF,T2,6.9000,True,local-nvme,Available,v2.4.0,panel,EU-FI
2026-08-19,datacrunch,b300-sxm-288gb,B300,288GB,SXM,IB-NDR,2Y,NonInterruptible,Reserved,EU,EU,SIF,T2IF,T2,5.6250,True,local-nvme,Available,v2.4.0,panel,EU-FI
2026-08-19,datacrunch,b300-sxm-288gb,B300,288GB,SXM,IB-NDR,3M,NonInterruptible,Reserved,EU,EU,SIF,T2IF,T2,7.2750,True,local-nvme,Available,v2.4.0,panel,EU-FI
2026-08-19,datacrunch,b300-sxm-288gb,B300,288GB,SXM,IB-NDR,6M,NonInterruptible,Reserved,EU,EU,SIF,T2IF,T2,7.2000,True,local-nvme,Available,v2.4.0,panel,EU-FI
2026-08-19,datacrunch,b300-sxm-288gb,B300,288GB,SXM,IB-NDR,OnDemand,Interruptible,Spot,EU,EU,DIF,T2IF,T2,3.7500,True,local-nvme,Available,v2.4.0,panel,EU-FI
2026-08-19,deepinfra_gpu,b300-sxm-288gb,B300,288GB,SXM,,OnDemand,NonInterruptible,OnDemand,Other,Other,SIF,T2IF,T2,4.8900,False,,Available,v2.4.0,panel,undisclosed
2026-08-19,digitalocean,b300-sxm-288gb,B300,288GB,SXM,Ethernet,1Y,NonInterruptible,Reserved,US-East,US,SIF,,T2,7.9400,True,local-nvme,Available,v2.4.0,panel,US
2026-08-19,digitalocean,b300-sxm-288gb,B300,288GB,SXM,Ethernet,OnDemand,Interruptible,Spot,US-East,US,DIF,,T2,11.1900,True,local-nvme,Available,v2.4.0,panel,US
2026-08-19,gcore,b300-sxm-288gb,B300,288GB,SXM,Unknown,OnDemand,NonInterruptible,OnDemand,EU,EU,IIF,T2IF,T2,6.9456,False,,Available,v2.4.0,panel,EU
2026-08-19,hyperstack,b300-sxm-288gb,B300,288GB,SXM,IB-NDR,OnDemand,NonInterruptible,OnDemand,Other,Other,SIF,T2IF,T2,7.4000,True,local-nvme,Available,v2.4.0,panel,Multi
2026-08-19,latitude,b300-sxm-288gb,B300,288GB,SXM,RoCE,OnDemand,NonInterruptible,OnDemand,Other,Other,SIF,T2IF,T2,8.0000,True,local-nvme;free-egress,Available,v2.4.0,panel,Multi
2026-08-19,massed_compute,b300-sxm-288gb,B300,288GB,SXM,Unknown,OnDemand,NonInterruptible,OnDemand,US-East,US,DIF,T3IF,T3,6.6000,False,,Available,v2.4.0,panel,US
2026-08-19,nebius,b300-sxm-288gb,B300,288GB,SXM,IB-NDR,OnDemand,NonInterruptible,OnDemand,Other,Other,IIF,T1IF,T2,7.8500,True,observability;managed-ops-plane;free-egress,Available,v2.4.0,panel,
2026-08-19,nebius,b300-sxm-288gb,B300,288GB,SXM,IB-NDR,OnDemand,Interruptible,Spot,Other,Other,DIF,T1IF,T2,4.3000,True,observability;managed-ops-plane;free-egress,Available,v2.4.0,panel,
2026-08-19,oci,b300-sxm-288gb,B300,288GB,SXM,RoCE-v2,OnDemand,NonInterruptible,OnDemand,US-East,US,HIF,T1IF,T1,15.0000,True,local-nvme;egress-capped;managed-ops-plane;support-tier;observability,Available,v2.4.0,panel,us-ashburn-1
2026-08-19,qubrid,b300-sxm-288gb,B300,288GB,SXM,Unknown,1Y,NonInterruptible,Reserved,Other,Other,SIF,T2IF,T2,5.5565,False,,Available,v2.4.0,panel,
2026-08-19,runpod_community,b300-sxm-288gb,B300,288GB,SXM,Unknown,OnDemand,NonInterruptible,OnDemand,Other,Other,DIF,T3IF,T3,6.9400,False,,Available,v2.4.0,panel,Global
2026-08-19,runpod_secure,b300-sxm-288gb,B300,288GB,SXM,IB-NDR,OnDemand,NonInterruptible,OnDemand,Other,Other,DIF,T2IF,T3,7.8900,True,local-nvme,Available,v2.4.0,panel,Global
2026-08-19,runpod_secure,b300-sxm-288gb,B300,288GB,SXM,IB-NDR,OnDemand,Interruptible,Spot,Other,Other,DIF,T2IF,T3,6.9400,True,local-nvme,Available,v2.4.0,panel,Global
2026-08-19,scaleway,b300-sxm-288gb,B300,288GB,SXM,Unknown,OnDemand,NonInterruptible,OnDemand,EU,EU,SIF,T3IF,T2,8.6820,True,local-nvme,Available,v2.4.0,panel,fr-par-2
2026-08-19,spheron,b300-sxm-288gb,B300,288GB,SXM,Unknown,OnDemand,Interruptible,Spot,EU,EU,DIF,T3IF,T3,5.8101,False,,Available,v2.4.0,panel,uk-south-1
2026-08-20,aws,b300-sxm-288gb,B300,288GB,SXM,EFA,OnDemand,NonInterruptible,OnDemand,APAC,APAC,HIF,T1IF,T1,26.1467,True,local-nvme;managed-ops-plane;support-tier;observability,Available,v2.4.0,panel,ap-northeast-2
2026-08-20,aws,b300-sxm-288gb,B300,288GB,SXM,EFA,OnDemand,NonInterruptible,OnDemand,US-East,US,HIF,T1IF,T1,17.8020,True,local-nvme;managed-ops-plane;support-tier;observability,Available,v2.4.0,panel,us-east-1
2026-08-20,aws,b300-sxm-288gb,B300,288GB,SXM,EFA,OnDemand,NonInterruptible,OnDemand,US-West,US,HIF,T1IF,T1,17.8020,True,local-nvme;managed-ops-plane;support-tier;observability,Available,v2.4.0,panel,us-west-2
2026-08-20,aws,b300-sxm-288gb,B300,288GB,SXM,EFA,3Y,NonInterruptible,Reserved,APAC,APAC,HIF,T1IF,T1,11.2954,True,local-nvme;managed-ops-plane;support-tier;observability,Available,v2.4.0,panel,ap-northeast-2
2026-08-20,aws,b300-sxm-288gb,B300,288GB,SXM,EFA,3Y,NonInterruptible,Reserved,US-East,US,HIF,T1IF,T1,7.6905,True,local-nvme;managed-ops-plane;support-tier;observability,Available,v2.4.0,panel,us-east-1
2026-08-20,aws,b300-sxm-288gb,B300,288GB,SXM,EFA,3Y,NonInterruptible,Reserved,US-West,US,HIF,T1IF,T1,7.6905,True,local-nvme;managed-ops-plane;support-tier;observability,Available,v2.4.0,panel,us-west-2
2026-08-20,aws,b300-sxm-288gb,B300,288GB,SXM,EFA,OnDemand,Interruptible,Spot,US-East,US,DIF,T2IF,T1,5.5954,False,,Available,v2.4.0,panel,us-east-1d
2026-08-20,aws,b300-sxm-288gb,B300,288GB,SXM,EFA,OnDemand,Interruptible,Spot,US-West,US,DIF,T2IF,T1,6.4498,False,,Available,v2.4.0,panel,us-west-2a
2026-08-20,aws,b300-sxm-288gb,B300,288GB,SXM,EFA,OnDemand,Interruptible,Spot,US-West,US,DIF,T2IF,T1,6.3593,False,,Available,v2.4.0,panel,us-west-2b
2026-08-20,aws_capacity_blocks,b300-sxm-288gb,B300,288GB,SXM,EFA,CapacityBlock,NonInterruptible,Reserved,Other,Other,HIF,T2IF,T1,14.0400,False,,Available,v2.4.0,term-panel,non-us
2026-08-20,aws_capacity_blocks,b300-sxm-288gb,B300,288GB,SXM,EFA,CapacityBlock,NonInterruptible,Reserved,US-East,US,HIF,T2IF,T1,14.0400,False,,Available,v2.4.0,term-panel,us-east-1
2026-08-20,coreweave,b300-sxm-288gb,B300,288GB,SXM,IB-NDR,OnDemand,Interruptible,Spot,EU,EU,DIF,T2IF,T2,4.5875,False,,Available,v2.4.0,panel,EU
2026-08-20,coreweave,b300-sxm-288gb,B300,288GB,SXM,IB-NDR,OnDemand,Interruptible,Spot,US-East,US,DIF,T2IF,T2,4.4800,False,,Available,v2.4.0,panel,US
2026-08-20,datacrunch,b300-sxm-288gb,B300,288GB,SXM,IB-NDR,OnDemand,NonInterruptible,OnDemand,EU,EU,SIF,T2IF,T2,7.5000,True,local-nvme,Available,v2.4.0,panel,EU-FI
2026-08-20,datacrunch,b300-sxm-288gb,B300,288GB,SXM,IB-NDR,1M,NonInterruptible,Reserved,EU,EU,SIF,T2IF,T2,7.3500,True,local-nvme,Available,v2.4.0,panel,EU-FI
2026-08-20,datacrunch,b300-sxm-288gb,B300,288GB,SXM,IB-NDR,1Y,NonInterruptible,Reserved,EU,EU,SIF,T2IF,T2,6.9000,True,local-nvme,Available,v2.4.0,panel,EU-FI
2026-08-20,datacrunch,b300-sxm-288gb,B300,288GB,SXM,IB-NDR,2Y,NonInterruptible,Reserved,EU,EU,SIF,T2IF,T2,5.6250,True,local-nvme,Available,v2.4.0,panel,EU-FI
2026-08-20,datacrunch,b300-sxm-288gb,B300,288GB,SXM,IB-NDR,3M,NonInterruptible,Reserved,EU,EU,SIF,T2IF,T2,7.2750,True,local-nvme,Available,v2.4.0,panel,EU-FI
2026-08-20,datacrunch,b300-sxm-288gb,B300,288GB,SXM,IB-NDR,6M,NonInterruptible,Reserved,EU,EU,SIF,T2IF,T2,7.2000,True,local-nvme,Available,v2.4.0,panel,EU-FI
2026-08-20,datacrunch,b300-sxm-288gb,B300,288GB,SXM,IB-NDR,OnDemand,Interruptible,Spot,EU,EU,DIF,T2IF,T2,3.7500,True,local-nvme,Available,v2.4.0,panel,EU-FI
2026-08-20,deepinfra_gpu,b300-sxm-288gb,B300,288GB,SXM,,OnDemand,NonInterruptible,OnDemand,Other,Other,SIF,T2IF,T2,4.8900,False,,Available,v2.4.0,panel,undisclosed
2026-08-20,digitalocean,b300-sxm-288gb,B300,288GB,SXM,Ethernet,1Y,NonInterruptible,Reserved,US-East,US,SIF,,T2,7.9400,True,local-nvme,Available,v2.4.0,panel,US
2026-08-20,digitalocean,b300-sxm-288gb,B300,288GB,SXM,Ethernet,OnDemand,Interruptible,Spot,US-East,US,DIF,,T2,11.1900,True,local-nvme,Available,v2.4.0,panel,US
2026-08-20,gcore,b300-sxm-288gb,B300,288GB,SXM,Unknown,OnDemand,NonInterruptible,OnDemand,EU,EU,IIF,T2IF,T2,6.9630,False,,Available,v2.4.0,panel,EU
2026-08-20,hyperstack,b300-sxm-288gb,B300,288GB,SXM,IB-NDR,OnDemand,NonInterruptible,OnDemand,Other,Other,SIF,T2IF,T2,7.4000,True,local-nvme,Available,v2.4.0,panel,Multi
2026-08-20,latitude,b300-sxm-288gb,B300,288GB,SXM,RoCE,OnDemand,NonInterruptible,OnDemand,Other,Other,SIF,T2IF,T2,8.0000,True,local-nvme;free-egress,Available,v2.4.0,panel,Multi
2026-08-20,massed_compute,b300-sxm-288gb,B300,288GB,SXM,Unknown,OnDemand,NonInterruptible,OnDemand,US-East,US,DIF,T3IF,T3,6.6000,False,,Available,v2.4.0,panel,US
2026-08-20,nebius,b300-sxm-288gb,B300,288GB,SXM,IB-NDR,OnDemand,NonInterruptible,OnDemand,Other,Other,IIF,T1IF,T2,7.8500,True,observability;managed-ops-plane;free-egress,Available,v2.4.0,panel,
2026-08-20,nebius,b300-sxm-288gb,B300,288GB,SXM,IB-NDR,OnDemand,Interruptible,Spot,Other,Other,DIF,T1IF,T2,4.3000,True,observability;managed-ops-plane;free-egress,Available,v2.4.0,panel,
2026-08-20,oci,b300-sxm-288gb,B300,288GB,SXM,RoCE-v2,OnDemand,NonInterruptible,OnDemand,US-East,US,HIF,T1IF,T1,15.0000,True,local-nvme;egress-capped;managed-ops-plane;support-tier;observability,Available,v2.4.0,panel,us-ashburn-1
2026-08-20,qubrid,b300-sxm-288gb,B300,288GB,SXM,Unknown,1Y,NonInterruptible,Reserved,Other,Other,SIF,T2IF,T2,5.5565,False,,Available,v2.4.0,panel,
2026-08-20,runpod_community,b300-sxm-288gb,B300,288GB,SXM,Unknown,OnDemand,NonInterruptible,OnDemand,Other,Other,DIF,T3IF,T3,6.9400,False,,Available,v2.4.0,panel,Global
2026-08-20,runpod_secure,b300-sxm-288gb,B300,288GB,SXM,IB-NDR,OnDemand,NonInterruptible,OnDemand,Other,Other,DIF,T2IF,T3,7.8900,True,local-nvme,Available,v2.4.0,panel,Global
2026-08-20,scaleway,b300-sxm-288gb,B300,288GB,SXM,Unknown,OnDemand,NonInterruptible,OnDemand,EU,EU,SIF,T3IF,T2,8.7038,True,local-nvme,Available,v2.4.0,panel,fr-par-2
2026-08-20,spheron,b300-sxm-288gb,B300,288GB,SXM,Unknown,OnDemand,Interruptible,Spot,EU,EU,DIF,T3IF,T3,5.8101,False,,Available,v2.4.0,panel,uk-south-1
2026-08-21,aws,b300-sxm-288gb,B300,288GB,SXM,EFA,OnDemand,NonInterruptible,OnDemand,APAC,APAC,HIF,T1IF,T1,26.1467,True,local-nvme;managed-ops-plane;support-tier;observability,Available,v2.4.0,panel,ap-northeast-2
2026-08-21,aws,b300-sxm-288gb,B300,288GB,SXM,EFA,OnDemand,NonInterruptible,OnDemand,US-East,US,HIF,T1IF,T1,17.8020,True,local-nvme;managed-ops-plane;support-tier;observability,Available,v2.4.0,panel,us-east-1
2026-08-21,aws,b300-sxm-288gb,B300,288GB,SXM,EFA,OnDemand,NonInterruptible,OnDemand,US-West,US,HIF,T1IF,T1,17.8020,True,local-nvme;managed-ops-plane;support-tier;observability,Available,v2.4.0,panel,us-west-2
2026-08-21,aws,b300-sxm-288gb,B300,288GB,SXM,EFA,3Y,NonInterruptible,Reserved,APAC,APAC,HIF,T1IF,T1,11.2954,True,local-nvme;managed-ops-plane;support-tier;observability,Available,v2.4.0,panel,ap-northeast-2
2026-08-21,aws,b300-sxm-288gb,B300,288GB,SXM,EFA,3Y,NonInterruptible,Reserved,US-East,US,HIF,T1IF,T1,7.6905,True,local-nvme;managed-ops-plane;support-tier;observability,Available,v2.4.0,panel,us-east-1
2026-08-21,aws,b300-sxm-288gb,B300,288GB,SXM,EFA,3Y,NonInterruptible,Reserved,US-West,US,HIF,T1IF,T1,7.6905,True,local-nvme;managed-ops-plane;support-tier;observability,Available,v2.4.0,panel,us-west-2
2026-08-21,aws,b300-sxm-288gb,B300,288GB,SXM,EFA,OnDemand,Interruptible,Spot,APAC,APAC,DIF,T2IF,T1,4.9852,False,,Available,v2.4.0,panel,ap-northeast-2c
2026-08-21,aws,b300-sxm-288gb,B300,288GB,SXM,EFA,OnDemand,Interruptible,Spot,US-East,US,DIF,T2IF,T1,5.5830,False,,Available,v2.4.0,panel,us-east-1d
2026-08-21,aws,b300-sxm-288gb,B300,288GB,SXM,EFA,OnDemand,Interruptible,Spot,US-West,US,DIF,T2IF,T1,6.4534,False,,Available,v2.4.0,panel,us-west-2a
2026-08-21,aws,b300-sxm-288gb,B300,288GB,SXM,EFA,OnDemand,Interruptible,Spot,US-West,US,DIF,T2IF,T1,6.3216,False,,Available,v2.4.0,panel,us-west-2b
2026-08-21,aws_capacity_blocks,b300-sxm-288gb,B300,288GB,SXM,EFA,CapacityBlock,NonInterruptible,Reserved,Other,Other,HIF,T2IF,T1,14.0400,False,,Available,v2.4.0,term-panel,non-us
2026-08-21,aws_capacity_blocks,b300-sxm-288gb,B300,288GB,SXM,EFA,CapacityBlock,NonInterruptible,Reserved,US-East,US,HIF,T2IF,T1,14.0400,False,,Available,v2.4.0,term-panel,us-east-1
2026-08-21,coreweave,b300-sxm-288gb,B300,288GB,SXM,IB-NDR,OnDemand,Interruptible,Spot,EU,EU,DIF,T2IF,T2,4.5875,False,,Available,v2.4.0,panel,EU
2026-08-21,coreweave,b300-sxm-288gb,B300,288GB,SXM,IB-NDR,OnDemand,Interruptible,Spot,US-East,US,DIF,T2IF,T2,4.4800,False,,Available,v2.4.0,panel,US
2026-08-21,datacrunch,b300-sxm-288gb,B300,288GB,SXM,IB-NDR,OnDemand,NonInterruptible,OnDemand,EU,EU,SIF,T2IF,T2,7.5000,True,local-nvme,Available,v2.4.0,panel,EU-FI
2026-08-21,datacrunch,b300-sxm-288gb,B300,288GB,SXM,IB-NDR,1M,NonInterruptible,Reserved,EU,EU,SIF,T2IF,T2,7.3500,True,local-nvme,Available,v2.4.0,panel,EU-FI
2026-08-21,datacrunch,b300-sxm-288gb,B300,288GB,SXM,IB-NDR,1Y,NonInterruptible,Reserved,EU,EU,SIF,T2IF,T2,6.9000,True,local-nvme,Available,v2.4.0,panel,EU-FI
2026-08-21,datacrunch,b300-sxm-288gb,B300,288GB,SXM,IB-NDR,2Y,NonInterruptible,Reserved,EU,EU,SIF,T2IF,T2,5.6250,True,local-nvme,Available,v2.4.0,panel,EU-FI
2026-08-21,datacrunch,b300-sxm-288gb,B300,288GB,SXM,IB-NDR,3M,NonInterruptible,Reserved,EU,EU,SIF,T2IF,T2,7.2750,True,local-nvme,Available,v2.4.0,panel,EU-FI
2026-08-21,datacrunch,b300-sxm-288gb,B300,288GB,SXM,IB-NDR,6M,NonInterruptible,Reserved,EU,EU,SIF,T2IF,T2,7.2000,True,local-nvme,Available,v2.4.0,panel,EU-FI
2026-08-21,datacrunch,b300-sxm-288gb,B300,288GB,SXM,IB-NDR,OnDemand,Interruptible,Spot,EU,EU,DIF,T2IF,T2,3.7500,True,local-nvme,Available,v2.4.0,panel,EU-FI
2026-08-21,deepinfra_gpu,b300-sxm-288gb,B300,288GB,SXM,,OnDemand,NonInterruptible,OnDemand,Other,Other,SIF,T2IF,T2,4.8900,False,,Available,v2.4.0,panel,undisclosed
2026-08-21,digitalocean,b300-sxm-288gb,B300,288GB,SXM,Ethernet,1Y,NonInterruptible,Reserved,US-East,US,SIF,,T2,7.9400,True,local-nvme,Available,v2.4.0,panel,US
2026-08-21,digitalocean,b300-sxm-288gb,B300,288GB,SXM,Ethernet,OnDemand,Interruptible,Spot,US-East,US,DIF,,T2,11.1900,True,local-nvme,Available,v2.4.0,panel,US
2026-08-21,gcore,b300-sxm-288gb,B300,288GB,SXM,Unknown,OnDemand,NonInterruptible,OnDemand,EU,EU,IIF,T2IF,T2,7.0086,False,,Available,v2.4.0,panel,EU
2026-08-21,hyperstack,b300-sxm-288gb,B300,288GB,SXM,IB-NDR,OnDemand,NonInterruptible,OnDemand,Other,Other,SIF,T2IF,T2,7.4000,True,local-nvme,Available,v2.4.0,panel,Multi
2026-08-21,latitude,b300-sxm-288gb,B300,288GB,SXM,RoCE,OnDemand,NonInterruptible,OnDemand,Other,Other,SIF,T2IF,T2,8.0000,True,local-nvme;free-egress,Available,v2.4.0,panel,Multi
2026-08-21,latitude,b300-sxm-288gb,B300,288GB,SXM,RoCE,OnDemand,NonInterruptible,OnDemand,US-East,US,SIF,T2IF,T2,16.0000,True,local-nvme;free-egress,SoldOut,v2.4.0,panel,united-states
2026-08-21,latitude,b300-sxm-288gb,B300,288GB,SXM,RoCE,1M,NonInterruptible,Reserved,US-East,US,SIF,T2IF,T2,8.0000,True,local-nvme;free-egress,SoldOut,v2.4.0,panel,united-states
2026-08-21,latitude,b300-sxm-288gb,B300,288GB,SXM,RoCE,1Y,NonInterruptible,Reserved,US-East,US,SIF,T2IF,T2,5.6000,True,local-nvme;free-egress,SoldOut,v2.4.0,panel,united-states
2026-08-21,massed_compute,b300-sxm-288gb,B300,288GB,SXM,Unknown,OnDemand,NonInterruptible,OnDemand,US-East,US,DIF,T3IF,T3,6.6000,False,,Available,v2.4.0,panel,US
2026-08-21,nebius,b300-sxm-288gb,B300,288GB,SXM,IB-NDR,OnDemand,NonInterruptible,OnDemand,Other,Other,IIF,T1IF,T2,7.8500,True,observability;managed-ops-plane;free-egress,Available,v2.4.0,panel,
2026-08-21,nebius,b300-sxm-288gb,B300,288GB,SXM,IB-NDR,OnDemand,Interruptible,Spot,Other,Other,DIF,T1IF,T2,4.3000,True,observability;managed-ops-plane;free-egress,Available,v2.4.0,panel,
2026-08-21,oci,b300-sxm-288gb,B300,288GB,SXM,RoCE-v2,OnDemand,NonInterruptible,OnDemand,US-East,US,HIF,T1IF,T1,15.0000,True,local-nvme;egress-capped;managed-ops-plane;support-tier;observability,Available,v2.4.0,panel,us-ashburn-1
2026-08-21,qubrid,b300-sxm-288gb,B300,288GB,SXM,Unknown,1Y,NonInterruptible,Reserved,Other,Other,SIF,T2IF,T2,5.5565,False,,Available,v2.4.0,panel,
2026-08-21,runpod_community,b300-sxm-288gb,B300,288GB,SXM,Unknown,OnDemand,NonInterruptible,OnDemand,Other,Other,DIF,T3IF,T3,6.9400,False,,SoldOut,v2.4.0,panel,Global
2026-08-21,runpod_secure,b300-sxm-288gb,B300,288GB,SXM,IB-NDR,OnDemand,NonInterruptible,OnDemand,Other,Other,DIF,T2IF,T3,7.8900,True,local-nvme,Available,v2.4.0,panel,Global
2026-08-21,scaleway,b300-sxm-288gb,B300,288GB,SXM,Unknown,OnDemand,NonInterruptible,OnDemand,EU,EU,SIF,T3IF,T2,8.7743,True,local-nvme,Available,v2.4.0,panel,fr-par-2
2026-08-21,spheron,b300-sxm-288gb,B300,288GB,SXM,Unknown,OnDemand,Interruptible,Spot,EU,EU,DIF,T3IF,T3,5.8101,False,,Available,v2.4.0,panel,uk-south-1
2026-08-22,aws,b300-sxm-288gb,B300,288GB,SXM,EFA,OnDemand,NonInterruptible,OnDemand,APAC,APAC,HIF,T1IF,T1,26.1467,True,local-nvme;managed-ops-plane;support-tier;observability,Available,v2.4.0,panel,ap-northeast-2
2026-08-22,aws,b300-sxm-288gb,B300,288GB,SXM,EFA,OnDemand,NonInterruptible,OnDemand,US-East,US,HIF,T1IF,T1,17.8020,True,local-nvme;managed-ops-plane;support-tier;observability,Available,v2.4.0,panel,us-east-1
2026-08-22,aws,b300-sxm-288gb,B300,288GB,SXM,EFA,OnDemand,NonInterruptible,OnDemand,US-West,US,HIF,T1IF,T1,17.8020,True,local-nvme;managed-ops-plane;support-tier;observability,Available,v2.4.0,panel,us-west-2
2026-08-22,aws,b300-sxm-288gb,B300,288GB,SXM,EFA,3Y,NonInterruptible,Reserved,APAC,APAC,HIF,T1IF,T1,11.2954,True,local-nvme;managed-ops-plane;support-tier;observability,Available,v2.4.0,panel,ap-northeast-2
2026-08-22,aws,b300-sxm-288gb,B300,288GB,SXM,EFA,3Y,NonInterruptible,Reserved,US-East,US,HIF,T1IF,T1,7.6905,True,local-nvme;managed-ops-plane;support-tier;observability,Available,v2.4.0,panel,us-east-1
2026-08-22,aws,b300-sxm-288gb,B300,288GB,SXM,EFA,3Y,NonInterruptible,Reserved,US-West,US,HIF,T1IF,T1,7.6905,True,local-nvme;managed-ops-plane;support-tier;observability,Available,v2.4.0,panel,us-west-2
2026-08-22,aws,b300-sxm-288gb,B300,288GB,SXM,EFA,OnDemand,Interruptible,Spot,APAC,APAC,DIF,T2IF,T1,4.9852,False,,Available,v2.4.0,panel,ap-northeast-2c
2026-08-22,aws,b300-sxm-288gb,B300,288GB,SXM,EFA,OnDemand,Interruptible,Spot,US-East,US,DIF,T2IF,T1,5.5763,False,,Available,v2.4.0,panel,us-east-1d
2026-08-22,aws,b300-sxm-288gb,B300,288GB,SXM,EFA,OnDemand,Interruptible,Spot,US-West,US,DIF,T2IF,T1,6.4427,False,,Available,v2.4.0,panel,us-west-2a
2026-08-22,aws,b300-sxm-288gb,B300,288GB,SXM,EFA,OnDemand,Interruptible,Spot,US-West,US,DIF,T2IF,T1,6.3104,False,,Available,v2.4.0,panel,us-west-2b
2026-08-22,aws_capacity_blocks,b300-sxm-288gb,B300,288GB,SXM,EFA,CapacityBlock,NonInterruptible,Reserved,Other,Other,HIF,T2IF,T1,14.0400,False,,Available,v2.4.0,term-panel,non-us
2026-08-22,aws_capacity_blocks,b300-sxm-288gb,B300,288GB,SXM,EFA,CapacityBlock,NonInterruptible,Reserved,US-East,US,HIF,T2IF,T1,14.0400,False,,Available,v2.4.0,term-panel,us-east-1
2026-08-22,coreweave,b300-sxm-288gb,B300,288GB,SXM,IB-NDR,OnDemand,Interruptible,Spot,EU,EU,DIF,T2IF,T2,4.5875,False,,Available,v2.4.0,panel,EU
2026-08-22,coreweave,b300-sxm-288gb,B300,288GB,SXM,IB-NDR,OnDemand,Interruptible,Spot,US-East,US,DIF,T2IF,T2,4.4800,False,,Available,v2.4.0,panel,US
2026-08-22,datacrunch,b300-sxm-288gb,B300,288GB,SXM,IB-NDR,OnDemand,NonInterruptible,OnDemand,EU,EU,SIF,T2IF,T2,7.5000,True,local-nvme,Available,v2.4.0,panel,EU-FI
2026-08-22,datacrunch,b300-sxm-288gb,B300,288GB,SXM,IB-NDR,1M,NonInterruptible,Reserved,EU,EU,SIF,T2IF,T2,7.3500,True,local-nvme,Available,v2.4.0,panel,EU-FI
2026-08-22,datacrunch,b300-sxm-288gb,B300,288GB,SXM,IB-NDR,1Y,NonInterruptible,Reserved,EU,EU,SIF,T2IF,T2,6.9000,True,local-nvme,Available,v2.4.0,panel,EU-FI
2026-08-22,datacrunch,b300-sxm-288gb,B300,288GB,SXM,IB-NDR,2Y,NonInterruptible,Reserved,EU,EU,SIF,T2IF,T2,5.6250,True,local-nvme,Available,v2.4.0,panel,EU-FI
2026-08-22,datacrunch,b300-sxm-288gb,B300,288GB,SXM,IB-NDR,3M,NonInterruptible,Reserved,EU,EU,SIF,T2IF,T2,7.2750,True,local-nvme,Available,v2.4.0,panel,EU-FI
2026-08-22,datacrunch,b300-sxm-288gb,B300,288GB,SXM,IB-NDR,6M,NonInterruptible,Reserved,EU,EU,SIF,T2IF,T2,7.2000,True,local-nvme,Available,v2.4.0,panel,EU-FI
2026-08-22,datacrunch,b300-sxm-288gb,B300,288GB,SXM,IB-NDR,OnDemand,Interruptible,Spot,EU,EU,DIF,T2IF,T2,3.7500,True,local-nvme,Available,v2.4.0,panel,EU-FI
2026-08-22,deepinfra_gpu,b300-sxm-288gb,B300,288GB,SXM,,OnDemand,NonInterruptible,OnDemand,Other,Other,SIF,T2IF,T2,4.8900,False,,Available,v2.4.0,panel,undisclosed
2026-08-22,digitalocean,b300-sxm-288gb,B300,288GB,SXM,Ethernet,1Y,NonInterruptible,Reserved,US-East,US,SIF,,T2,7.9400,True,local-nvme,Available,v2.4.0,panel,US
2026-08-22,digitalocean,b300-sxm-288gb,B300,288GB,SXM,Ethernet,OnDemand,Interruptible,Spot,US-East,US,DIF,,T2,11.1900,True,local-nvme,Available,v2.4.0,panel,US
2026-08-22,gcore,b300-sxm-288gb,B300,288GB,SXM,Unknown,OnDemand,NonInterruptible,OnDemand,EU,EU,IIF,T2IF,T2,7.0194,False,,Available,v2.4.0,panel,EU
2026-08-22,hyperstack,b300-sxm-288gb,B300,288GB,SXM,IB-NDR,OnDemand,NonInterruptible,OnDemand,Other,Other,SIF,T2IF,T2,7.4000,True,local-nvme,Available,v2.4.0,panel,Multi
2026-08-22,latitude,b300-sxm-288gb,B300,288GB,SXM,RoCE,OnDemand,NonInterruptible,OnDemand,US-East,US,SIF,T2IF,T2,16.0000,True,local-nvme;free-egress,SoldOut,v2.4.0,panel,united-states
2026-08-22,latitude,b300-sxm-288gb,B300,288GB,SXM,RoCE,1M,NonInterruptible,Reserved,US-East,US,SIF,T2IF,T2,8.0000,True,local-nvme;free-egress,SoldOut,v2.4.0,panel,united-states
2026-08-22,latitude,b300-sxm-288gb,B300,288GB,SXM,RoCE,1Y,NonInterruptible,Reserved,US-East,US,SIF,T2IF,T2,5.6000,True,local-nvme;free-egress,SoldOut,v2.4.0,panel,united-states
2026-08-22,massed_compute,b300-sxm-288gb,B300,288GB,SXM,Unknown,OnDemand,NonInterruptible,OnDemand,US-East,US,DIF,T3IF,T3,6.6000,False,,Available,v2.4.0,panel,US
2026-08-22,nebius,b300-sxm-288gb,B300,288GB,SXM,IB-NDR,OnDemand,NonInterruptible,OnDemand,Other,Other,IIF,T1IF,T2,7.8500,True,observability;managed-ops-plane;free-egress,Available,v2.4.0,panel,
2026-08-22,nebius,b300-sxm-288gb,B300,288GB,SXM,IB-NDR,OnDemand,Interruptible,Spot,Other,Other,DIF,T1IF,T2,4.3000,True,observability;managed-ops-plane;free-egress,Available,v2.4.0,panel,
2026-08-22,oci,b300-sxm-288gb,B300,288GB,SXM,RoCE-v2,OnDemand,NonInterruptible,OnDemand,US-East,US,HIF,T1IF,T1,15.0000,True,local-nvme;egress-capped;managed-ops-plane;support-tier;observability,Available,v2.4.0,panel,us-ashburn-1
2026-08-22,qubrid,b300-sxm-288gb,B300,288GB,SXM,Unknown,1Y,NonInterruptible,Reserved,Other,Other,SIF,T2IF,T2,5.5565,False,,Available,v2.4.0,panel,
2026-08-22,runpod_community,b300-sxm-288gb,B300,288GB,SXM,Unknown,OnDemand,NonInterruptible,OnDemand,Other,Other,DIF,T3IF,T3,6.9400,False,,SoldOut,v2.4.0,panel,Global
2026-08-22,runpod_secure,b300-sxm-288gb,B300,288GB,SXM,IB-NDR,OnDemand,NonInterruptible,OnDemand,Other,Other,DIF,T2IF,T3,7.8900,True,local-nvme,Available,v2.4.0,panel,Global
2026-08-22,scaleway,b300-sxm-288gb,B300,288GB,SXM,Unknown,OnDemand,NonInterruptible,OnDemand,EU,EU,SIF,T3IF,T2,8.7743,True,local-nvme,Available,v2.4.0,panel,fr-par-2
2026-08-22,spheron,b300-sxm-288gb,B300,288GB,SXM,Unknown,OnDemand,Interruptible,Spot,EU,EU,DIF,T3IF,T3,5.8101,False,,Available,v2.4.0,panel,uk-south-1
2026-08-23,aws,b300-sxm-288gb,B300,288GB,SXM,EFA,OnDemand,NonInterruptible,OnDemand,APAC,APAC,HIF,T1IF,T1,26.1467,True,local-nvme;managed-ops-plane;support-tier;observability,Available,v2.4.0,panel,ap-northeast-2
2026-08-23,aws,b300-sxm-288gb,B300,288GB,SXM,EFA,OnDemand,NonInterruptible,OnDemand,US-East,US,HIF,T1IF,T1,17.8020,True,local-nvme;managed-ops-plane;support-tier;observability,Available,v2.4.0,panel,us-east-1
2026-08-23,aws,b300-sxm-288gb,B300,288GB,SXM,EFA,OnDemand,NonInterruptible,OnDemand,US-West,US,HIF,T1IF,T1,17.8020,True,local-nvme;managed-ops-plane;support-tier;observability,Available,v2.4.0,panel,us-west-2
2026-08-23,aws,b300-sxm-288gb,B300,288GB,SXM,EFA,3Y,NonInterruptible,Reserved,APAC,APAC,HIF,T1IF,T1,11.2954,True,local-nvme;managed-ops-plane;support-tier;observability,Available,v2.4.0,panel,ap-northeast-2
2026-08-23,aws,b300-sxm-288gb,B300,288GB,SXM,EFA,3Y,NonInterruptible,Reserved,US-East,US,HIF,T1IF,T1,7.6905,True,local-nvme;managed-ops-plane;support-tier;observability,Available,v2.4.0,panel,us-east-1
2026-08-23,aws,b300-sxm-288gb,B300,288GB,SXM,EFA,3Y,NonInterruptible,Reserved,US-West,US,HIF,T1IF,T1,7.6905,True,local-nvme;managed-ops-plane;support-tier;observability,Available,v2.4.0,panel,us-west-2
2026-08-23,aws,b300-sxm-288gb,B300,288GB,SXM,EFA,OnDemand,Interruptible,Spot,APAC,APAC,DIF,T2IF,T1,4.7259,False,,Available,v2.4.0,panel,ap-northeast-2c
2026-08-23,aws,b300-sxm-288gb,B300,288GB,SXM,EFA,OnDemand,Interruptible,Spot,US-East,US,DIF,T2IF,T1,5.5687,False,,Available,v2.4.0,panel,us-east-1d
2026-08-23,aws,b300-sxm-288gb,B300,288GB,SXM,EFA,OnDemand,Interruptible,Spot,US-West,US,DIF,T2IF,T1,6.4271,False,,Available,v2.4.0,panel,us-west-2a
2026-08-23,aws,b300-sxm-288gb,B300,288GB,SXM,EFA,OnDemand,Interruptible,Spot,US-West,US,DIF,T2IF,T1,6.3028,False,,Available,v2.4.0,panel,us-west-2b
2026-08-23,aws_capacity_blocks,b300-sxm-288gb,B300,288GB,SXM,EFA,CapacityBlock,NonInterruptible,Reserved,Other,Other,HIF,T2IF,T1,14.0400,False,,Available,v2.4.0,term-panel,non-us
2026-08-23,aws_capacity_blocks,b300-sxm-288gb,B300,288GB,SXM,EFA,CapacityBlock,NonInterruptible,Reserved,US-East,US,HIF,T2IF,T1,14.0400,False,,Available,v2.4.0,term-panel,us-east-1
2026-08-23,coreweave,b300-sxm-288gb,B300,288GB,SXM,IB-NDR,OnDemand,Interruptible,Spot,EU,EU,DIF,T2IF,T2,4.5875,False,,Available,v2.4.0,panel,EU
2026-08-23,coreweave,b300-sxm-288gb,B300,288GB,SXM,IB-NDR,OnDemand,Interruptible,Spot,US-East,US,DIF,T2IF,T2,4.4800,False,,Available,v2.4.0,panel,US
2026-08-23,datacrunch,b300-sxm-288gb,B300,288GB,SXM,IB-NDR,OnDemand,NonInterruptible,OnDemand,EU,EU,SIF,T2IF,T2,7.5000,True,local-nvme,Available,v2.4.0,panel,EU-FI
2026-08-23,datacrunch,b300-sxm-288gb,B300,288GB,SXM,IB-NDR,1M,NonInterruptible,Reserved,EU,EU,SIF,T2IF,T2,7.3500,True,local-nvme,Available,v2.4.0,panel,EU-FI
2026-08-23,datacrunch,b300-sxm-288gb,B300,288GB,SXM,IB-NDR,1Y,NonInterruptible,Reserved,EU,EU,SIF,T2IF,T2,6.9000,True,local-nvme,Available,v2.4.0,panel,EU-FI
2026-08-23,datacrunch,b300-sxm-288gb,B300,288GB,SXM,IB-NDR,2Y,NonInterruptible,Reserved,EU,EU,SIF,T2IF,T2,5.6250,True,local-nvme,Available,v2.4.0,panel,EU-FI
2026-08-23,datacrunch,b300-sxm-288gb,B300,288GB,SXM,IB-NDR,3M,NonInterruptible,Reserved,EU,EU,SIF,T2IF,T2,7.2750,True,local-nvme,Available,v2.4.0,panel,EU-FI
2026-08-23,datacrunch,b300-sxm-288gb,B300,288GB,SXM,IB-NDR,6M,NonInterruptible,Reserved,EU,EU,SIF,T2IF,T2,7.2000,True,local-nvme,Available,v2.4.0,panel,EU-FI
2026-08-23,datacrunch,b300-sxm-288gb,B300,288GB,SXM,IB-NDR,OnDemand,Interruptible,Spot,EU,EU,DIF,T2IF,T2,3.7500,True,local-nvme,Available,v2.4.0,panel,EU-FI
2026-08-23,deepinfra_gpu,b300-sxm-288gb,B300,288GB,SXM,,OnDemand,NonInterruptible,OnDemand,Other,Other,SIF,T2IF,T2,4.8900,False,,Available,v2.4.0,panel,undisclosed
2026-08-23,digitalocean,b300-sxm-288gb,B300,288GB,SXM,Ethernet,1Y,NonInterruptible,Reserved,US-East,US,SIF,,T2,7.9400,True,local-nvme,Available,v2.4.0,panel,US
2026-08-23,digitalocean,b300-sxm-288gb,B300,288GB,SXM,Ethernet,OnDemand,Interruptible,Spot,US-East,US,DIF,,T2,11.1900,True,local-nvme,Available,v2.4.0,panel,US
2026-08-23,gcore,b300-sxm-288gb,B300,288GB,SXM,Unknown,OnDemand,NonInterruptible,OnDemand,EU,EU,IIF,T2IF,T2,7.0194,False,,Available,v2.4.0,panel,EU
2026-08-23,hyperstack,b300-sxm-288gb,B300,288GB,SXM,IB-NDR,OnDemand,NonInterruptible,OnDemand,Other,Other,SIF,T2IF,T2,7.4000,True,local-nvme,Available,v2.4.0,panel,Multi
2026-08-23,latitude,b300-sxm-288gb,B300,288GB,SXM,RoCE,OnDemand,NonInterruptible,OnDemand,US-East,US,SIF,T2IF,T2,16.0000,True,local-nvme;free-egress,SoldOut,v2.4.0,panel,united-states
2026-08-23,latitude,b300-sxm-288gb,B300,288GB,SXM,RoCE,1M,NonInterruptible,Reserved,US-East,US,SIF,T2IF,T2,8.0000,True,local-nvme;free-egress,SoldOut,v2.4.0,panel,united-states
2026-08-23,latitude,b300-sxm-288gb,B300,288GB,SXM,RoCE,1Y,NonInterruptible,Reserved,US-East,US,SIF,T2IF,T2,5.6000,True,local-nvme;free-egress,SoldOut,v2.4.0,panel,united-states
2026-08-23,massed_compute,b300-sxm-288gb,B300,288GB,SXM,Unknown,OnDemand,NonInterruptible,OnDemand,US-East,US,DIF,T3IF,T3,6.6000,False,,Available,v2.4.0,panel,US
2026-08-23,nebius,b300-sxm-288gb,B300,288GB,SXM,IB-NDR,OnDemand,NonInterruptible,OnDemand,Other,Other,IIF,T1IF,T2,7.8500,True,observability;managed-ops-plane;free-egress,Available,v2.4.0,panel,
2026-08-23,nebius,b300-sxm-288gb,B300,288GB,SXM,IB-NDR,OnDemand,Interruptible,Spot,Other,Other,DIF,T1IF,T2,4.3000,True,observability;managed-ops-plane;free-egress,Available,v2.4.0,panel,
2026-08-23,oci,b300-sxm-288gb,B300,288GB,SXM,RoCE-v2,OnDemand,NonInterruptible,OnDemand,US-East,US,HIF,T1IF,T1,15.0000,True,local-nvme;egress-capped;managed-ops-plane;support-tier;observability,Available,v2.4.0,panel,us-ashburn-1
2026-08-23,qubrid,b300-sxm-288gb,B300,288GB,SXM,Unknown,1Y,NonInterruptible,Reserved,Other,Other,SIF,T2IF,T2,5.5565,False,,Available,v2.4.0,panel,
2026-08-23,runpod_community,b300-sxm-288gb,B300,288GB,SXM,Unknown,OnDemand,NonInterruptible,OnDemand,Other,Other,DIF,T3IF,T3,6.9400,False,,SoldOut,v2.4.0,panel,Global
2026-08-23,runpod_secure,b300-sxm-288gb,B300,288GB,SXM,IB-NDR,OnDemand,NonInterruptible,OnDemand,Other,Other,DIF,T2IF,T3,7.8900,True,local-nvme,Available,v2.4.0,panel,Global
2026-08-23,scaleway,b300-sxm-288gb,B300,288GB,SXM,Unknown,OnDemand,NonInterruptible,OnDemand,EU,EU,SIF,T3IF,T2,8.7743,True,local-nvme,Available,v2.4.0,panel,fr-par-2
2026-08-23,spheron,b300-sxm-288gb,B300,288GB,SXM,Unknown,OnDemand,Interruptible,Spot,EU,EU,DIF,T3IF,T3,5.8101,False,,Available,v2.4.0,panel,uk-south-1
2026-08-24,aws,b300-sxm-288gb,B300,288GB,SXM,EFA,OnDemand,NonInterruptible,OnDemand,APAC,APAC,HIF,T1IF,T1,26.1467,True,local-nvme;managed-ops-plane;support-tier;observability,Available,v2.4.0,panel,ap-northeast-2
2026-08-24,aws,b300-sxm-288gb,B300,288GB,SXM,EFA,OnDemand,NonInterruptible,OnDemand,US-East,US,HIF,T1IF,T1,17.8020,True,local-nvme;managed-ops-plane;support-tier;observability,Available,v2.4.0,panel,us-east-1
2026-08-24,aws,b300-sxm-288gb,B300,288GB,SXM,EFA,OnDemand,NonInterruptible,OnDemand,US-West,US,HIF,T1IF,T1,17.8020,True,local-nvme;managed-ops-plane;support-tier;observability,Available,v2.4.0,panel,us-west-2
2026-08-24,aws,b300-sxm-288gb,B300,288GB,SXM,EFA,3Y,NonInterruptible,Reserved,APAC,APAC,HIF,T1IF,T1,11.2954,True,local-nvme;managed-ops-plane;support-tier;observability,Available,v2.4.0,panel,ap-northeast-2
2026-08-24,aws,b300-sxm-288gb,B300,288GB,SXM,EFA,3Y,NonInterruptible,Reserved,US-East,US,HIF,T1IF,T1,7.6905,True,local-nvme;managed-ops-plane;support-tier;observability,Available,v2.4.0,panel,us-east-1
2026-08-24,aws,b300-sxm-288gb,B300,288GB,SXM,EFA,3Y,NonInterruptible,Reserved,US-West,US,HIF,T1IF,T1,7.6905,True,local-nvme;managed-ops-plane;support-tier;observability,Available,v2.4.0,panel,us-west-2
2026-08-24,aws,b300-sxm-288gb,B300,288GB,SXM,EFA,OnDemand,Interruptible,Spot,APAC,APAC,DIF,T2IF,T1,4.5080,False,,Available,v2.4.0,panel,ap-northeast-2c
2026-08-24,aws,b300-sxm-288gb,B300,288GB,SXM,EFA,OnDemand,Interruptible,Spot,US-East,US,DIF,T2IF,T1,5.5682,False,,Available,v2.4.0,panel,us-east-1d
2026-08-24,aws,b300-sxm-288gb,B300,288GB,SXM,EFA,OnDemand,Interruptible,Spot,US-West,US,DIF,T2IF,T1,6.4225,False,,Available,v2.4.0,panel,us-west-2a
2026-08-24,aws,b300-sxm-288gb,B300,288GB,SXM,EFA,OnDemand,Interruptible,Spot,US-West,US,DIF,T2IF,T1,6.2852,False,,Available,v2.4.0,panel,us-west-2b
2026-08-24,aws_capacity_blocks,b300-sxm-288gb,B300,288GB,SXM,EFA,CapacityBlock,NonInterruptible,Reserved,Other,Other,HIF,T2IF,T1,14.0400,False,,Available,v2.4.0,term-panel,non-us
2026-08-24,aws_capacity_blocks,b300-sxm-288gb,B300,288GB,SXM,EFA,CapacityBlock,NonInterruptible,Reserved,US-East,US,HIF,T2IF,T1,14.0400,False,,Available,v2.4.0,term-panel,us-east-1
2026-08-24,coreweave,b300-sxm-288gb,B300,288GB,SXM,IB-NDR,OnDemand,Interruptible,Spot,EU,EU,DIF,T2IF,T2,4.5875,False,,Available,v2.4.0,panel,EU
2026-08-24,coreweave,b300-sxm-288gb,B300,288GB,SXM,IB-NDR,OnDemand,Interruptible,Spot,US-East,US,DIF,T2IF,T2,4.4800,False,,Available,v2.4.0,panel,US
2026-08-24,datacrunch,b300-sxm-288gb,B300,288GB,SXM,IB-NDR,OnDemand,NonInterruptible,OnDemand,EU,EU,SIF,T2IF,T2,7.5000,True,local-nvme,Available,v2.4.0,panel,EU-FI
2026-08-24,datacrunch,b300-sxm-288gb,B300,288GB,SXM,IB-NDR,1M,NonInterruptible,Reserved,EU,EU,SIF,T2IF,T2,7.3500,True,local-nvme,Available,v2.4.0,panel,EU-FI
2026-08-24,datacrunch,b300-sxm-288gb,B300,288GB,SXM,IB-NDR,1Y,NonInterruptible,Reserved,EU,EU,SIF,T2IF,T2,6.9000,True,local-nvme,Available,v2.4.0,panel,EU-FI
2026-08-24,datacrunch,b300-sxm-288gb,B300,288GB,SXM,IB-NDR,2Y,NonInterruptible,Reserved,EU,EU,SIF,T2IF,T2,5.6250,True,local-nvme,Available,v2.4.0,panel,EU-FI
2026-08-24,datacrunch,b300-sxm-288gb,B300,288GB,SXM,IB-NDR,3M,NonInterruptible,Reserved,EU,EU,SIF,T2IF,T2,7.2750,True,local-nvme,Available,v2.4.0,panel,EU-FI
2026-08-24,datacrunch,b300-sxm-288gb,B300,288GB,SXM,IB-NDR,6M,NonInterruptible,Reserved,EU,EU,SIF,T2IF,T2,7.2000,True,local-nvme,Available,v2.4.0,panel,EU-FI
2026-08-24,datacrunch,b300-sxm-288gb,B300,288GB,SXM,IB-NDR,OnDemand,Interruptible,Spot,EU,EU,DIF,T2IF,T2,3.7500,True,local-nvme,Available,v2.4.0,panel,EU-FI
2026-08-24,deepinfra_gpu,b300-sxm-288gb,B300,288GB,SXM,,OnDemand,NonInterruptible,OnDemand,Other,Other,SIF,T2IF,T2,4.8900,False,,Available,v2.4.0,panel,undisclosed
2026-08-24,digitalocean,b300-sxm-288gb,B300,288GB,SXM,Ethernet,1Y,NonInterruptible,Reserved,US-East,US,SIF,,T2,7.9400,True,local-nvme,Available,v2.4.0,panel,US
2026-08-24,digitalocean,b300-sxm-288gb,B300,288GB,SXM,Ethernet,OnDemand,Interruptible,Spot,US-East,US,DIF,,T2,11.1900,True,local-nvme,Available,v2.4.0,panel,US
2026-08-24,gcore,b300-sxm-288gb,B300,288GB,SXM,Unknown,OnDemand,NonInterruptible,OnDemand,EU,EU,IIF,T2IF,T2,7.0194,False,,Available,v2.4.0,panel,EU
2026-08-24,hyperstack,b300-sxm-288gb,B300,288GB,SXM,IB-NDR,OnDemand,NonInterruptible,OnDemand,Other,Other,SIF,T2IF,T2,7.4000,True,local-nvme,Available,v2.4.0,panel,Multi
2026-08-24,latitude,b300-sxm-288gb,B300,288GB,SXM,RoCE,OnDemand,NonInterruptible,OnDemand,US-East,US,SIF,T2IF,T2,16.0000,True,local-nvme;free-egress,SoldOut,v2.4.0,panel,united-states
2026-08-24,latitude,b300-sxm-288gb,B300,288GB,SXM,RoCE,1M,NonInterruptible,Reserved,US-East,US,SIF,T2IF,T2,8.0000,True,local-nvme;free-egress,SoldOut,v2.4.0,panel,united-states
2026-08-24,latitude,b300-sxm-288gb,B300,288GB,SXM,RoCE,1Y,NonInterruptible,Reserved,US-East,US,SIF,T2IF,T2,5.6000,True,local-nvme;free-egress,SoldOut,v2.4.0,panel,united-states
2026-08-24,massed_compute,b300-sxm-288gb,B300,288GB,SXM,Unknown,OnDemand,NonInterruptible,OnDemand,US-East,US,DIF,T3IF,T3,6.6000,False,,Available,v2.4.0,panel,US
2026-08-24,nebius,b300-sxm-288gb,B300,288GB,SXM,IB-NDR,OnDemand,NonInterruptible,OnDemand,Other,Other,IIF,T1IF,T2,7.8500,True,observability;managed-ops-plane;free-egress,Available,v2.4.0,panel,
2026-08-24,nebius,b300-sxm-288gb,B300,288GB,SXM,IB-NDR,OnDemand,Interruptible,Spot,Other,Other,DIF,T1IF,T2,4.3000,True,observability;managed-ops-plane;free-egress,Available,v2.4.0,panel,
2026-08-24,oci,b300-sxm-288gb,B300,288GB,SXM,RoCE-v2,OnDemand,NonInterruptible,OnDemand,US-East,US,HIF,T1IF,T1,15.0000,True,local-nvme;egress-capped;managed-ops-plane;support-tier;observability,Available,v2.4.0,panel,us-ashburn-1
2026-08-24,qubrid,b300-sxm-288gb,B300,288GB,SXM,Unknown,1Y,NonInterruptible,Reserved,Other,Other,SIF,T2IF,T2,5.5565,False,,Available,v2.4.0,panel,
2026-08-24,runpod_community,b300-sxm-288gb,B300,288GB,SXM,Unknown,OnDemand,NonInterruptible,OnDemand,Other,Other,DIF,T3IF,T3,6.9400,False,,SoldOut,v2.4.0,panel,Global
2026-08-24,runpod_secure,b300-sxm-288gb,B300,288GB,SXM,IB-NDR,OnDemand,NonInterruptible,OnDemand,Other,Other,DIF,T2IF,T3,7.8900,True,local-nvme,Available,v2.4.0,panel,Global
2026-08-24,scaleway,b300-sxm-288gb,B300,288GB,SXM,Unknown,OnDemand,NonInterruptible,OnDemand,EU,EU,SIF,T3IF,T2,8.7743,True,local-nvme,Available,v2.4.0,panel,fr-par-2
2026-08-24,spheron,b300-sxm-288gb,B300,288GB,SXM,Unknown,OnDemand,Interruptible,Spot,EU,EU,DIF,T3IF,T3,5.8101,False,,Available,v2.4.0,panel,uk-south-1
2026-08-25,aws,b300-sxm-288gb,B300,288GB,SXM,EFA,OnDemand,NonInterruptible,OnDemand,APAC,APAC,HIF,T1IF,T1,26.1467,True,local-nvme;managed-ops-plane;support-tier;observability,Available,v2.4.0,panel,ap-northeast-2
2026-08-25,aws,b300-sxm-288gb,B300,288GB,SXM,EFA,OnDemand,NonInterruptible,OnDemand,US-East,US,HIF,T1IF,T1,17.8020,True,local-nvme;managed-ops-plane;support-tier;observability,Available,v2.4.0,panel,us-east-1
2026-08-25,aws,b300-sxm-288gb,B300,288GB,SXM,EFA,OnDemand,NonInterruptible,OnDemand,US-West,US,HIF,T1IF,T1,17.8020,True,local-nvme;managed-ops-plane;support-tier;observability,Available,v2.4.0,panel,us-west-2
2026-08-25,aws,b300-sxm-288gb,B300,288GB,SXM,EFA,3Y,NonInterruptible,Reserved,APAC,APAC,HIF,T1IF,T1,11.2954,True,local-nvme;managed-ops-plane;support-tier;observability,Available,v2.4.0,panel,ap-northeast-2
2026-08-25,aws,b300-sxm-288gb,B300,288GB,SXM,EFA,3Y,NonInterruptible,Reserved,US-East,US,HIF,T1IF,T1,7.6905,True,local-nvme;managed-ops-plane;support-tier;observability,Available,v2.4.0,panel,us-east-1
2026-08-25,aws,b300-sxm-288gb,B300,288GB,SXM,EFA,3Y,NonInterruptible,Reserved,US-West,US,HIF,T1IF,T1,7.6905,True,local-nvme;managed-ops-plane;support-tier;observability,Available,v2.4.0,panel,us-west-2
2026-08-25,aws,b300-sxm-288gb,B300,288GB,SXM,EFA,OnDemand,Interruptible,Spot,APAC,APAC,DIF,T2IF,T1,4.2665,False,,Available,v2.4.0,panel,ap-northeast-2c
2026-08-25,aws,b300-sxm-288gb,B300,288GB,SXM,EFA,OnDemand,Interruptible,Spot,US-East,US,DIF,T2IF,T1,5.5623,False,,Available,v2.4.0,panel,us-east-1d
2026-08-25,aws,b300-sxm-288gb,B300,288GB,SXM,EFA,OnDemand,Interruptible,Spot,US-West,US,DIF,T2IF,T1,6.4502,False,,Available,v2.4.0,panel,us-west-2a
2026-08-25,aws,b300-sxm-288gb,B300,288GB,SXM,EFA,OnDemand,Interruptible,Spot,US-West,US,DIF,T2IF,T1,6.2624,False,,Available,v2.4.0,panel,us-west-2b
2026-08-25,aws_capacity_blocks,b300-sxm-288gb,B300,288GB,SXM,EFA,CapacityBlock,NonInterruptible,Reserved,Other,Other,HIF,T2IF,T1,14.0400,False,,Available,v2.4.0,term-panel,non-us
2026-08-25,aws_capacity_blocks,b300-sxm-288gb,B300,288GB,SXM,EFA,CapacityBlock,NonInterruptible,Reserved,US-East,US,HIF,T2IF,T1,14.0400,False,,Available,v2.4.0,term-panel,us-east-1
2026-08-25,coreweave,b300-sxm-288gb,B300,288GB,SXM,IB-NDR,OnDemand,Interruptible,Spot,EU,EU,DIF,T2IF,T2,4.5875,False,,Available,v2.4.0,panel,EU
2026-08-25,coreweave,b300-sxm-288gb,B300,288GB,SXM,IB-NDR,OnDemand,Interruptible,Spot,US-East,US,DIF,T2IF,T2,4.4800,False,,Available,v2.4.0,panel,US
2026-08-25,datacrunch,b300-sxm-288gb,B300,288GB,SXM,IB-NDR,OnDemand,NonInterruptible,OnDemand,EU,EU,SIF,T2IF,T2,7.5000,True,local-nvme,Available,v2.4.0,panel,EU-FI
2026-08-25,datacrunch,b300-sxm-288gb,B300,288GB,SXM,IB-NDR,1M,NonInterruptible,Reserved,EU,EU,SIF,T2IF,T2,7.3500,True,local-nvme,Available,v2.4.0,panel,EU-FI
2026-08-25,datacrunch,b300-sxm-288gb,B300,288GB,SXM,IB-NDR,1Y,NonInterruptible,Reserved,EU,EU,SIF,T2IF,T2,6.9000,True,local-nvme,Available,v2.4.0,panel,EU-FI
2026-08-25,datacrunch,b300-sxm-288gb,B300,288GB,SXM,IB-NDR,2Y,NonInterruptible,Reserved,EU,EU,SIF,T2IF,T2,5.6250,True,local-nvme,Available,v2.4.0,panel,EU-FI
2026-08-25,datacrunch,b300-sxm-288gb,B300,288GB,SXM,IB-NDR,3M,NonInterruptible,Reserved,EU,EU,SIF,T2IF,T2,7.2750,True,local-nvme,Available,v2.4.0,panel,EU-FI
2026-08-25,datacrunch,b300-sxm-288gb,B300,288GB,SXM,IB-NDR,6M,NonInterruptible,Reserved,EU,EU,SIF,T2IF,T2,7.2000,True,local-nvme,Available,v2.4.0,panel,EU-FI
2026-08-25,datacrunch,b300-sxm-288gb,B300,288GB,SXM,IB-NDR,OnDemand,Interruptible,Spot,EU,EU,DIF,T2IF,T2,3.7500,True,local-nvme,Available,v2.4.0,panel,EU-FI
2026-08-25,deepinfra_gpu,b300-sxm-288gb,B300,288GB,SXM,,OnDemand,NonInterruptible,OnDemand,Other,Other,SIF,T2IF,T2,4.8900,False,,Available,v2.4.0,panel,undisclosed
2026-08-25,digitalocean,b300-sxm-288gb,B300,288GB,SXM,Ethernet,1Y,NonInterruptible,Reserved,US-East,US,SIF,,T2,7.9400,True,local-nvme,Available,v2.4.0,panel,US
2026-08-25,digitalocean,b300-sxm-288gb,B300,288GB,SXM,Ethernet,OnDemand,Interruptible,Spot,US-East,US,DIF,,T2,11.1900,True,local-nvme,Available,v2.4.0,panel,US
2026-08-25,gcore,b300-sxm-288gb,B300,288GB,SXM,Unknown,OnDemand,NonInterruptible,OnDemand,EU,EU,IIF,T2IF,T2,6.9984,False,,Available,v2.4.0,panel,EU
2026-08-25,hyperstack,b300-sxm-288gb,B300,288GB,SXM,IB-NDR,OnDemand,NonInterruptible,OnDemand,Other,Other,SIF,T2IF,T2,7.4000,True,local-nvme,Available,v2.4.0,panel,Multi
2026-08-25,latitude,b300-sxm-288gb,B300,288GB,SXM,RoCE,OnDemand,NonInterruptible,OnDemand,US-East,US,SIF,T2IF,T2,16.0000,True,local-nvme;free-egress,SoldOut,v2.4.0,panel,united-states
2026-08-25,latitude,b300-sxm-288gb,B300,288GB,SXM,RoCE,1M,NonInterruptible,Reserved,US-East,US,SIF,T2IF,T2,8.0000,True,local-nvme;free-egress,SoldOut,v2.4.0,panel,united-states
2026-08-25,latitude,b300-sxm-288gb,B300,288GB,SXM,RoCE,1Y,NonInterruptible,Reserved,US-East,US,SIF,T2IF,T2,5.6000,True,local-nvme;free-egress,SoldOut,v2.4.0,panel,united-states
2026-08-25,massed_compute,b300-sxm-288gb,B300,288GB,SXM,Unknown,OnDemand,NonInterruptible,OnDemand,US-East,US,DIF,T3IF,T3,6.6000,False,,Available,v2.4.0,panel,US
2026-08-25,nebius,b300-sxm-288gb,B300,288GB,SXM,IB-NDR,OnDemand,NonInterruptible,OnDemand,Other,Other,IIF,T1IF,T2,7.8500,True,observability;managed-ops-plane;free-egress,Available,v2.4.0,panel,
2026-08-25,nebius,b300-sxm-288gb,B300,288GB,SXM,IB-NDR,OnDemand,Interruptible,Spot,Other,Other,DIF,T1IF,T2,4.3000,True,observability;managed-ops-plane;free-egress,Available,v2.4.0,panel,
2026-08-25,oci,b300-sxm-288gb,B300,288GB,SXM,RoCE-v2,OnDemand,NonInterruptible,OnDemand,US-East,US,HIF,T1IF,T1,15.0000,True,local-nvme;egress-capped;managed-ops-plane;support-tier;observability,Available,v2.4.0,panel,us-ashburn-1
2026-08-25,qubrid,b300-sxm-288gb,B300,288GB,SXM,Unknown,1Y,NonInterruptible,Reserved,Other,Other,SIF,T2IF,T2,5.5565,False,,Available,v2.4.0,panel,
2026-08-25,runpod_community,b300-sxm-288gb,B300,288GB,SXM,Unknown,OnDemand,NonInterruptible,OnDemand,Other,Other,DIF,T3IF,T3,6.9400,False,,SoldOut,v2.4.0,panel,Global
2026-08-25,runpod_secure,b300-sxm-288gb,B300,288GB,SXM,IB-NDR,OnDemand,NonInterruptible,OnDemand,Other,Other,DIF,T2IF,T3,7.8900,True,local-nvme,Available,v2.4.0,panel,Global
2026-08-25,scaleway,b300-sxm-288gb,B300,288GB,SXM,Unknown,OnDemand,NonInterruptible,OnDemand,EU,EU,SIF,T3IF,T2,8.7480,True,local-nvme,Available,v2.4.0,panel,fr-par-2
2026-08-25,spheron,b300-sxm-288gb,B300,288GB,SXM,Unknown,OnDemand,Interruptible,Spot,EU,EU,DIF,T3IF,T3,5.8101,False,,Available,v2.4.0,panel,uk-south-1
2026-08-26,aws,b300-sxm-288gb,B300,288GB,SXM,EFA,OnDemand,NonInterruptible,OnDemand,APAC,APAC,HIF,T1IF,T1,26.1467,True,local-nvme;managed-ops-plane;support-tier;observability,Available,v2.4.0,panel,ap-northeast-2
2026-08-26,aws,b300-sxm-288gb,B300,288GB,SXM,EFA,OnDemand,NonInterruptible,OnDemand,US-East,US,HIF,T1IF,T1,17.8020,True,local-nvme;managed-ops-plane;support-tier;observability,Available,v2.4.0,panel,us-east-1
2026-08-26,aws,b300-sxm-288gb,B300,288GB,SXM,EFA,OnDemand,NonInterruptible,OnDemand,US-West,US,HIF,T1IF,T1,17.8020,True,local-nvme;managed-ops-plane;support-tier;observability,Available,v2.4.0,panel,us-west-2
2026-08-26,aws,b300-sxm-288gb,B300,288GB,SXM,EFA,3Y,NonInterruptible,Reserved,APAC,APAC,HIF,T1IF,T1,11.2954,True,local-nvme;managed-ops-plane;support-tier;observability,Available,v2.4.0,panel,ap-northeast-2
2026-08-26,aws,b300-sxm-288gb,B300,288GB,SXM,EFA,3Y,NonInterruptible,Reserved,US-East,US,HIF,T1IF,T1,7.6905,True,local-nvme;managed-ops-plane;support-tier;observability,Available,v2.4.0,panel,us-east-1
2026-08-26,aws,b300-sxm-288gb,B300,288GB,SXM,EFA,3Y,NonInterruptible,Reserved,US-West,US,HIF,T1IF,T1,7.6905,True,local-nvme;managed-ops-plane;support-tier;observability,Available,v2.4.0,panel,us-west-2
2026-08-26,aws,b300-sxm-288gb,B300,288GB,SXM,EFA,OnDemand,Interruptible,Spot,APAC,APAC,DIF,T2IF,T1,3.9881,False,,Available,v2.4.0,panel,ap-northeast-2c
2026-08-26,aws,b300-sxm-288gb,B300,288GB,SXM,EFA,OnDemand,Interruptible,Spot,US-East,US,DIF,T2IF,T1,5.2530,False,,Available,v2.4.0,panel,us-east-1b
2026-08-26,aws,b300-sxm-288gb,B300,288GB,SXM,EFA,OnDemand,Interruptible,Spot,US-East,US,DIF,T2IF,T1,5.5602,False,,Available,v2.4.0,panel,us-east-1d
2026-08-26,aws,b300-sxm-288gb,B300,288GB,SXM,EFA,OnDemand,Interruptible,Spot,US-West,US,DIF,T2IF,T1,6.4463,False,,Available,v2.4.0,panel,us-west-2a
2026-08-26,aws,b300-sxm-288gb,B300,288GB,SXM,EFA,OnDemand,Interruptible,Spot,US-West,US,DIF,T2IF,T1,6.2508,False,,Available,v2.4.0,panel,us-west-2b
2026-08-26,aws_capacity_blocks,b300-sxm-288gb,B300,288GB,SXM,EFA,CapacityBlock,NonInterruptible,Reserved,Other,Other,HIF,T2IF,T1,14.0400,False,,Available,v2.4.0,term-panel,non-us
2026-08-26,aws_capacity_blocks,b300-sxm-288gb,B300,288GB,SXM,EFA,CapacityBlock,NonInterruptible,Reserved,US-East,US,HIF,T2IF,T1,14.0400,False,,Available,v2.4.0,term-panel,us-east-1
2026-08-26,coreweave,b300-sxm-288gb,B300,288GB,SXM,IB-NDR,OnDemand,Interruptible,Spot,EU,EU,DIF,T2IF,T2,4.5875,False,,Available,v2.4.0,panel,EU
2026-08-26,coreweave,b300-sxm-288gb,B300,288GB,SXM,IB-NDR,OnDemand,Interruptible,Spot,US-East,US,DIF,T2IF,T2,4.4800,False,,Available,v2.4.0,panel,US
2026-08-26,datacrunch,b300-sxm-288gb,B300,288GB,SXM,IB-NDR,OnDemand,NonInterruptible,OnDemand,EU,EU,SIF,T2IF,T2,7.5000,True,local-nvme,Available,v2.4.0,panel,EU-FI
2026-08-26,datacrunch,b300-sxm-288gb,B300,288GB,SXM,IB-NDR,1M,NonInterruptible,Reserved,EU,EU,SIF,T2IF,T2,7.3500,True,local-nvme,Available,v2.4.0,panel,EU-FI
2026-08-26,datacrunch,b300-sxm-288gb,B300,288GB,SXM,IB-NDR,1Y,NonInterruptible,Reserved,EU,EU,SIF,T2IF,T2,6.9000,True,local-nvme,Available,v2.4.0,panel,EU-FI
2026-08-26,datacrunch,b300-sxm-288gb,B300,288GB,SXM,IB-NDR,2Y,NonInterruptible,Reserved,EU,EU,SIF,T2IF,T2,5.6250,True,local-nvme,Available,v2.4.0,panel,EU-FI
2026-08-26,datacrunch,b300-sxm-288gb,B300,288GB,SXM,IB-NDR,3M,NonInterruptible,Reserved,EU,EU,SIF,T2IF,T2,7.2750,True,local-nvme,Available,v2.4.0,panel,EU-FI
2026-08-26,datacrunch,b300-sxm-288gb,B300,288GB,SXM,IB-NDR,6M,NonInterruptible,Reserved,EU,EU,SIF,T2IF,T2,7.2000,True,local-nvme,Available,v2.4.0,panel,EU-FI
2026-08-26,datacrunch,b300-sxm-288gb,B300,288GB,SXM,IB-NDR,OnDemand,Interruptible,Spot,EU,EU,DIF,T2IF,T2,3.7500,True,local-nvme,Available,v2.4.0,panel,EU-FI
2026-08-26,deepinfra_gpu,b300-sxm-288gb,B300,288GB,SXM,,OnDemand,NonInterruptible,OnDemand,Other,Other,SIF,T2IF,T2,4.8900,False,,Available,v2.4.0,panel,undisclosed
2026-08-26,digitalocean,b300-sxm-288gb,B300,288GB,SXM,Ethernet,1Y,NonInterruptible,Reserved,US-East,US,SIF,,T2,7.9400,True,local-nvme,Available,v2.4.0,panel,US
2026-08-26,digitalocean,b300-sxm-288gb,B300,288GB,SXM,Ethernet,OnDemand,Interruptible,Spot,US-East,US,DIF,,T2,11.1900,True,local-nvme,Available,v2.4.0,panel,US
2026-08-26,gcore,b300-sxm-288gb,B300,288GB,SXM,Unknown,OnDemand,NonInterruptible,OnDemand,EU,EU,IIF,T2IF,T2,6.9972,False,,Available,v2.4.0,panel,EU
2026-08-26,hyperstack,b300-sxm-288gb,B300,288GB,SXM,IB-NDR,OnDemand,NonInterruptible,OnDemand,Other,Other,SIF,T2IF,T2,7.4000,True,local-nvme,Available,v2.4.0,panel,Multi
2026-08-26,latitude,b300-sxm-288gb,B300,288GB,SXM,RoCE,OnDemand,NonInterruptible,OnDemand,US-East,US,SIF,T2IF,T2,16.0000,True,local-nvme;free-egress,SoldOut,v2.4.0,panel,united-states
2026-08-26,latitude,b300-sxm-288gb,B300,288GB,SXM,RoCE,1M,NonInterruptible,Reserved,US-East,US,SIF,T2IF,T2,8.0000,True,local-nvme;free-egress,SoldOut,v2.4.0,panel,united-states
2026-08-26,latitude,b300-sxm-288gb,B300,288GB,SXM,RoCE,1Y,NonInterruptible,Reserved,US-East,US,SIF,T2IF,T2,5.6000,True,local-nvme;free-egress,SoldOut,v2.4.0,panel,united-states
2026-08-26,massed_compute,b300-sxm-288gb,B300,288GB,SXM,Unknown,OnDemand,NonInterruptible,OnDemand,US-East,US,DIF,T3IF,T3,6.6000,False,,Available,v2.4.0,panel,US
2026-08-26,nebius,b300-sxm-288gb,B300,288GB,SXM,IB-NDR,OnDemand,NonInterruptible,OnDemand,Other,Other,IIF,T1IF,T2,7.8500,True,observability;managed-ops-plane;free-egress,Available,v2.4.0,panel,
2026-08-26,nebius,b300-sxm-288gb,B300,288GB,SXM,IB-NDR,OnDemand,Interruptible,Spot,Other,Other,DIF,T1IF,T2,4.3000,True,observability;managed-ops-plane;free-egress,Available,v2.4.0,panel,
2026-08-26,oci,b300-sxm-288gb,B300,288GB,SXM,RoCE-v2,OnDemand,NonInterruptible,OnDemand,US-East,US,HIF,T1IF,T1,15.0000,True,local-nvme;egress-capped;managed-ops-plane;support-tier;observability,Available,v2.4.0,panel,us-ashburn-1
2026-08-26,qubrid,b300-sxm-288gb,B300,288GB,SXM,Unknown,1Y,NonInterruptible,Reserved,Other,Other,SIF,T2IF,T2,5.5565,False,,Available,v2.4.0,panel,
2026-08-26,runpod_community,b300-sxm-288gb,B300,288GB,SXM,Unknown,OnDemand,NonInterruptible,OnDemand,Other,Other,DIF,T3IF,T3,6.9400,False,,SoldOut,v2.4.0,panel,Global
2026-08-26,runpod_secure,b300-sxm-288gb,B300,288GB,SXM,IB-NDR,OnDemand,NonInterruptible,OnDemand,Other,Other,DIF,T2IF,T3,7.8900,True,local-nvme,SoldOut,v2.4.0,panel,Global
2026-08-26,scaleway,b300-sxm-288gb,B300,288GB,SXM,Unknown,OnDemand,NonInterruptible,OnDemand,EU,EU,SIF,T3IF,T2,8.7465,True,local-nvme,Available,v2.4.0,panel,fr-par-2
2026-08-26,spheron,b300-sxm-288gb,B300,288GB,SXM,Unknown,OnDemand,Interruptible,Spot,EU,EU,DIF,T3IF,T3,5.8101,False,,Available,v2.4.0,panel,uk-south-1
2026-08-27,aws,b300-sxm-288gb,B300,288GB,SXM,EFA,OnDemand,NonInterruptible,OnDemand,APAC,APAC,HIF,T1IF,T1,26.1467,True,local-nvme;managed-ops-plane;support-tier;observability,Available,v2.4.0,panel,ap-northeast-2
2026-08-27,aws,b300-sxm-288gb,B300,288GB,SXM,EFA,OnDemand,NonInterruptible,OnDemand,US-East,US,HIF,T1IF,T1,17.8020,True,local-nvme;managed-ops-plane;support-tier;observability,Available,v2.4.0,panel,us-east-1
2026-08-27,aws,b300-sxm-288gb,B300,288GB,SXM,EFA,OnDemand,NonInterruptible,OnDemand,US-West,US,HIF,T1IF,T1,17.8020,True,local-nvme;managed-ops-plane;support-tier;observability,Available,v2.4.0,panel,us-west-2
2026-08-27,aws,b300-sxm-288gb,B300,288GB,SXM,EFA,OnDemand,Interruptible,Spot,APAC,APAC,DIF,T2IF,T1,3.7191,False,,Available,v2.4.0,panel,ap-northeast-2c
2026-08-27,aws,b300-sxm-288gb,B300,288GB,SXM,EFA,OnDemand,Interruptible,Spot,US-East,US,DIF,T2IF,T1,5.2530,False,,Available,v2.4.0,panel,us-east-1b
2026-08-27,aws,b300-sxm-288gb,B300,288GB,SXM,EFA,OnDemand,Interruptible,Spot,US-East,US,DIF,T2IF,T1,5.5506,False,,Available,v2.4.0,panel,us-east-1d
2026-08-27,aws,b300-sxm-288gb,B300,288GB,SXM,EFA,OnDemand,Interruptible,Spot,US-West,US,DIF,T2IF,T1,6.4513,False,,Available,v2.4.0,panel,us-west-2a
2026-08-27,aws,b300-sxm-288gb,B300,288GB,SXM,EFA,OnDemand,Interruptible,Spot,US-West,US,DIF,T2IF,T1,6.2487,False,,Available,v2.4.0,panel,us-west-2b
2026-08-27,aws_capacity_blocks,b300-sxm-288gb,B300,288GB,SXM,EFA,CapacityBlock,NonInterruptible,Reserved,Other,Other,HIF,T2IF,T1,14.0400,False,,Available,v2.4.0,term-panel,non-us
2026-08-27,aws_capacity_blocks,b300-sxm-288gb,B300,288GB,SXM,EFA,CapacityBlock,NonInterruptible,Reserved,US-East,US,HIF,T2IF,T1,14.0400,False,,Available,v2.4.0,term-panel,us-east-1
2026-08-27,coreweave,b300-sxm-288gb,B300,288GB,SXM,IB-NDR,OnDemand,Interruptible,Spot,EU,EU,DIF,T2IF,T2,4.5875,False,,Available,v2.4.0,panel,EU
2026-08-27,coreweave,b300-sxm-288gb,B300,288GB,SXM,IB-NDR,OnDemand,Interruptible,Spot,US-East,US,DIF,T2IF,T2,4.4800,False,,Available,v2.4.0,panel,US
2026-08-27,datacrunch,b300-sxm-288gb,B300,288GB,SXM,IB-NDR,OnDemand,NonInterruptible,OnDemand,EU,EU,SIF,T2IF,T2,7.5000,True,local-nvme,Available,v2.4.0,panel,EU-FI
2026-08-27,datacrunch,b300-sxm-288gb,B300,288GB,SXM,IB-NDR,1M,NonInterruptible,Reserved,EU,EU,SIF,T2IF,T2,7.3500,True,local-nvme,Available,v2.4.0,panel,EU-FI
2026-08-27,datacrunch,b300-sxm-288gb,B300,288GB,SXM,IB-NDR,1Y,NonInterruptible,Reserved,EU,EU,SIF,T2IF,T2,6.9000,True,local-nvme,Available,v2.4.0,panel,EU-FI
2026-08-27,datacrunch,b300-sxm-288gb,B300,288GB,SXM,IB-NDR,2Y,NonInterruptible,Reserved,EU,EU,SIF,T2IF,T2,5.6250,True,local-nvme,Available,v2.4.0,panel,EU-FI
2026-08-27,datacrunch,b300-sxm-288gb,B300,288GB,SXM,IB-NDR,3M,NonInterruptible,Reserved,EU,EU,SIF,T2IF,T2,7.2750,True,local-nvme,Available,v2.4.0,panel,EU-FI
2026-08-27,datacrunch,b300-sxm-288gb,B300,288GB,SXM,IB-NDR,6M,NonInterruptible,Reserved,EU,EU,SIF,T2IF,T2,7.2000,True,local-nvme,Available,v2.4.0,panel,EU-FI
2026-08-27,datacrunch,b300-sxm-288gb,B300,288GB,SXM,IB-NDR,OnDemand,Interruptible,Spot,EU,EU,DIF,T2IF,T2,3.7500,True,local-nvme,Available,v2.4.0,panel,EU-FI
2026-08-27,deepinfra_gpu,b300-sxm-288gb,B300,288GB,SXM,,OnDemand,NonInterruptible,OnDemand,Other,Other,SIF,T2IF,T2,4.8900,False,,Available,v2.4.0,panel,undisclosed
2026-08-27,digitalocean,b300-sxm-288gb,B300,288GB,SXM,Ethernet,1Y,NonInterruptible,Reserved,US-East,US,SIF,,T2,7.9400,True,local-nvme,Available,v2.4.0,panel,US
2026-08-27,digitalocean,b300-sxm-288gb,B300,288GB,SXM,Ethernet,OnDemand,Interruptible,Spot,US-East,US,DIF,,T2,11.1900,True,local-nvme,Available,v2.4.0,panel,US
2026-08-27,gcore,b300-sxm-288gb,B300,288GB,SXM,Unknown,OnDemand,NonInterruptible,OnDemand,EU,EU,IIF,T2IF,T2,7.0014,False,,Available,v2.4.0,panel,EU
2026-08-27,hyperstack,b300-sxm-288gb,B300,288GB,SXM,IB-NDR,OnDemand,NonInterruptible,OnDemand,Other,Other,SIF,T2IF,T2,7.4000,True,local-nvme,Available,v2.4.0,panel,Multi
2026-08-27,latitude,b300-sxm-288gb,B300,288GB,SXM,RoCE,OnDemand,NonInterruptible,OnDemand,US-East,US,SIF,T2IF,T2,16.0000,True,local-nvme;free-egress,SoldOut,v2.4.0,panel,united-states
2026-08-27,latitude,b300-sxm-288gb,B300,288GB,SXM,RoCE,1M,NonInterruptible,Reserved,US-East,US,SIF,T2IF,T2,8.0000,True,local-nvme;free-egress,SoldOut,v2.4.0,panel,united-states
2026-08-27,latitude,b300-sxm-288gb,B300,288GB,SXM,RoCE,1Y,NonInterruptible,Reserved,US-East,US,SIF,T2IF,T2,5.6000,True,local-nvme;free-egress,SoldOut,v2.4.0,panel,united-states
2026-08-27,massed_compute,b300-sxm-288gb,B300,288GB,SXM,Unknown,OnDemand,NonInterruptible,OnDemand,US-East,US,DIF,T3IF,T3,6.6000,False,,Available,v2.4.0,panel,US
2026-08-27,nebius,b300-sxm-288gb,B300,288GB,SXM,IB-NDR,OnDemand,NonInterruptible,OnDemand,Other,Other,IIF,T1IF,T2,7.8500,True,observability;managed-ops-plane;free-egress,Available,v2.4.0,panel,
2026-08-27,nebius,b300-sxm-288gb,B300,288GB,SXM,IB-NDR,OnDemand,Interruptible,Spot,Other,Other,DIF,T1IF,T2,4.3000,True,observability;managed-ops-plane;free-egress,Available,v2.4.0,panel,
2026-08-27,oci,b300-sxm-288gb,B300,288GB,SXM,RoCE-v2,OnDemand,NonInterruptible,OnDemand,US-East,US,HIF,T1IF,T1,15.0000,True,local-nvme;egress-capped;managed-ops-plane;support-tier;observability,Available,v2.4.0,panel,us-ashburn-1
2026-08-27,qubrid,b300-sxm-288gb,B300,288GB,SXM,Unknown,1Y,NonInterruptible,Reserved,Other,Other,SIF,T2IF,T2,5.5565,False,,Available,v2.4.0,panel,
2026-08-27,runpod_community,b300-sxm-288gb,B300,288GB,SXM,Unknown,OnDemand,NonInterruptible,OnDemand,Other,Other,DIF,T3IF,T3,6.9400,False,,SoldOut,v2.4.0,panel,Global
2026-08-27,runpod_secure,b300-sxm-288gb,B300,288GB,SXM,IB-NDR,OnDemand,NonInterruptible,OnDemand,Other,Other,DIF,T2IF,T3,7.8900,True,local-nvme,Available,v2.4.0,panel,Global
2026-08-27,scaleway,b300-sxm-288gb,B300,288GB,SXM,Unknown,OnDemand,NonInterruptible,OnDemand,EU,EU,SIF,T3IF,T2,8.7518,True,local-nvme,Available,v2.4.0,panel,fr-par-2
2026-08-27,spheron,b300-sxm-288gb,B300,288GB,SXM,Unknown,OnDemand,NonInterruptible,OnDemand,Other,Other,DIF,T3IF,T3,8.4369,False,,Available,v2.4.0,panel,canada-1
2026-08-27,spheron,b300-sxm-288gb,B300,288GB,SXM,Unknown,OnDemand,NonInterruptible,OnDemand,EU,EU,DIF,T3IF,T3,10.2131,False,,Available,v2.4.0,panel,uk-south-1
2026-08-27,spheron,b300-sxm-288gb,B300,288GB,SXM,Unknown,OnDemand,Interruptible,Spot,EU,EU,DIF,T3IF,T3,5.8101,False,,Available,v2.4.0,panel,uk-south-1
2026-08-28,aws,b300-sxm-288gb,B300,288GB,SXM,EFA,OnDemand,NonInterruptible,OnDemand,APAC,APAC,HIF,T1IF,T1,26.1467,True,local-nvme;managed-ops-plane;support-tier;observability,Available,v2.4.0,panel,ap-northeast-2
2026-08-28,aws,b300-sxm-288gb,B300,288GB,SXM,EFA,OnDemand,NonInterruptible,OnDemand,US-East,US,HIF,T1IF,T1,17.8020,True,local-nvme;managed-ops-plane;support-tier;observability,Available,v2.4.0,panel,us-east-1
2026-08-28,aws,b300-sxm-288gb,B300,288GB,SXM,EFA,OnDemand,NonInterruptible,OnDemand,US-West,US,HIF,T1IF,T1,17.8020,True,local-nvme;managed-ops-plane;support-tier;observability,Available,v2.4.0,panel,us-west-2
2026-08-28,aws,b300-sxm-288gb,B300,288GB,SXM,EFA,OnDemand,Interruptible,Spot,APAC,APAC,DIF,T2IF,T1,3.5930,False,,Available,v2.4.0,panel,ap-northeast-2c
2026-08-28,aws,b300-sxm-288gb,B300,288GB,SXM,EFA,OnDemand,Interruptible,Spot,US-East,US,DIF,T2IF,T1,5.5455,False,,Available,v2.4.0,panel,us-east-1b
2026-08-28,aws,b300-sxm-288gb,B300,288GB,SXM,EFA,OnDemand,Interruptible,Spot,US-East,US,DIF,T2IF,T1,5.5492,False,,Available,v2.4.0,panel,us-east-1d
2026-08-28,aws,b300-sxm-288gb,B300,288GB,SXM,EFA,OnDemand,Interruptible,Spot,US-West,US,DIF,T2IF,T1,6.4482,False,,Available,v2.4.0,panel,us-west-2a
2026-08-28,aws,b300-sxm-288gb,B300,288GB,SXM,EFA,OnDemand,Interruptible,Spot,US-West,US,DIF,T2IF,T1,6.2666,False,,Available,v2.4.0,panel,us-west-2b
2026-08-28,aws_capacity_blocks,b300-sxm-288gb,B300,288GB,SXM,EFA,CapacityBlock,NonInterruptible,Reserved,Other,Other,HIF,T2IF,T1,14.0400,False,,Available,v2.4.0,term-panel,non-us
2026-08-28,aws_capacity_blocks,b300-sxm-288gb,B300,288GB,SXM,EFA,CapacityBlock,NonInterruptible,Reserved,US-East,US,HIF,T2IF,T1,14.0400,False,,Available,v2.4.0,term-panel,us-east-1
2026-08-28,coreweave,b300-sxm-288gb,B300,288GB,SXM,IB-NDR,OnDemand,Interruptible,Spot,EU,EU,DIF,T2IF,T2,4.5875,False,,Available,v2.4.0,panel,EU
2026-08-28,coreweave,b300-sxm-288gb,B300,288GB,SXM,IB-NDR,OnDemand,Interruptible,Spot,US-East,US,DIF,T2IF,T2,4.4800,False,,Available,v2.4.0,panel,US
2026-08-28,datacrunch,b300-sxm-288gb,B300,288GB,SXM,IB-NDR,OnDemand,NonInterruptible,OnDemand,EU,EU,SIF,T2IF,T2,7.5000,True,local-nvme,Available,v2.4.0,panel,EU-FI
2026-08-28,datacrunch,b300-sxm-288gb,B300,288GB,SXM,IB-NDR,1M,NonInterruptible,Reserved,EU,EU,SIF,T2IF,T2,7.3500,True,local-nvme,Available,v2.4.0,panel,EU-FI
2026-08-28,datacrunch,b300-sxm-288gb,B300,288GB,SXM,IB-NDR,1Y,NonInterruptible,Reserved,EU,EU,SIF,T2IF,T2,6.9000,True,local-nvme,Available,v2.4.0,panel,EU-FI
2026-08-28,datacrunch,b300-sxm-288gb,B300,288GB,SXM,IB-NDR,2Y,NonInterruptible,Reserved,EU,EU,SIF,T2IF,T2,5.6250,True,local-nvme,Available,v2.4.0,panel,EU-FI
2026-08-28,datacrunch,b300-sxm-288gb,B300,288GB,SXM,IB-NDR,3M,NonInterruptible,Reserved,EU,EU,SIF,T2IF,T2,7.2750,True,local-nvme,Available,v2.4.0,panel,EU-FI
2026-08-28,datacrunch,b300-sxm-288gb,B300,288GB,SXM,IB-NDR,6M,NonInterruptible,Reserved,EU,EU,SIF,T2IF,T2,7.2000,True,local-nvme,Available,v2.4.0,panel,EU-FI
2026-08-28,datacrunch,b300-sxm-288gb,B300,288GB,SXM,IB-NDR,OnDemand,Interruptible,Spot,EU,EU,DIF,T2IF,T2,3.7500,True,local-nvme,Available,v2.4.0,panel,EU-FI
2026-08-28,deepinfra_gpu,b300-sxm-288gb,B300,288GB,SXM,,OnDemand,NonInterruptible,OnDemand,Other,Other,SIF,T2IF,T2,4.8900,False,,Available,v2.4.0,panel,undisclosed
2026-08-28,digitalocean,b300-sxm-288gb,B300,288GB,SXM,Ethernet,1Y,NonInterruptible,Reserved,US-East,US,SIF,,T2,7.9400,True,local-nvme,Available,v2.4.0,panel,US
2026-08-28,digitalocean,b300-sxm-288gb,B300,288GB,SXM,Ethernet,OnDemand,Interruptible,Spot,US-East,US,DIF,,T2,11.1900,True,local-nvme,Available,v2.4.0,panel,US
2026-08-28,gcore,b300-sxm-288gb,B300,288GB,SXM,Unknown,OnDemand,NonInterruptible,OnDemand,EU,EU,IIF,T2IF,T2,6.9870,False,,Available,v2.4.0,panel,EU
2026-08-28,hyperstack,b300-sxm-288gb,B300,288GB,SXM,IB-NDR,OnDemand,NonInterruptible,OnDemand,Other,Other,SIF,T2IF,T2,7.4000,True,local-nvme,Available,v2.4.0,panel,Multi
2026-08-28,latitude,b300-sxm-288gb,B300,288GB,SXM,RoCE,OnDemand,NonInterruptible,OnDemand,US-East,US,SIF,T2IF,T2,16.0000,True,local-nvme;free-egress,SoldOut,v2.4.0,panel,united-states
2026-08-28,latitude,b300-sxm-288gb,B300,288GB,SXM,RoCE,1M,NonInterruptible,Reserved,US-East,US,SIF,T2IF,T2,8.0000,True,local-nvme;free-egress,SoldOut,v2.4.0,panel,united-states
2026-08-28,latitude,b300-sxm-288gb,B300,288GB,SXM,RoCE,1Y,NonInterruptible,Reserved,US-East,US,SIF,T2IF,T2,5.6000,True,local-nvme;free-egress,SoldOut,v2.4.0,panel,united-states
2026-08-28,massed_compute,b300-sxm-288gb,B300,288GB,SXM,Unknown,OnDemand,NonInterruptible,OnDemand,US-East,US,DIF,T3IF,T3,6.6000,False,,Available,v2.4.0,panel,US
2026-08-28,nebius,b300-sxm-288gb,B300,288GB,SXM,IB-NDR,OnDemand,NonInterruptible,OnDemand,Other,Other,IIF,T1IF,T2,7.8500,True,observability;managed-ops-plane;free-egress,Available,v2.4.0,panel,
2026-08-28,nebius,b300-sxm-288gb,B300,288GB,SXM,IB-NDR,OnDemand,Interruptible,Spot,Other,Other,DIF,T1IF,T2,4.3000,True,observability;managed-ops-plane;free-egress,Available,v2.4.0,panel,
2026-08-28,oci,b300-sxm-288gb,B300,288GB,SXM,RoCE-v2,OnDemand,NonInterruptible,OnDemand,US-East,US,HIF,T1IF,T1,15.0000,True,local-nvme;egress-capped;managed-ops-plane;support-tier;observability,Available,v2.4.0,panel,us-ashburn-1
2026-08-28,qubrid,b300-sxm-288gb,B300,288GB,SXM,Unknown,1Y,NonInterruptible,Reserved,Other,Other,SIF,T2IF,T2,5.5565,False,,Available,v2.4.0,panel,
2026-08-28,runpod_community,b300-sxm-288gb,B300,288GB,SXM,Unknown,OnDemand,NonInterruptible,OnDemand,Other,Other,DIF,T3IF,T3,6.9400,False,,SoldOut,v2.4.0,panel,Global
2026-08-28,runpod_secure,b300-sxm-288gb,B300,288GB,SXM,IB-NDR,OnDemand,NonInterruptible,OnDemand,Other,Other,DIF,T2IF,T3,7.8900,True,local-nvme,SoldOut,v2.4.0,panel,Global
2026-08-28,scaleway,b300-sxm-288gb,B300,288GB,SXM,Unknown,OnDemand,NonInterruptible,OnDemand,EU,EU,SIF,T3IF,T2,8.7338,True,local-nvme,Available,v2.4.0,panel,fr-par-2
2026-08-28,spheron,b300-sxm-288gb,B300,288GB,SXM,Unknown,OnDemand,NonInterruptible,OnDemand,Other,Other,DIF,T3IF,T3,8.4369,False,,Available,v2.4.0,panel,canada-1
2026-08-28,spheron,b300-sxm-288gb,B300,288GB,SXM,Unknown,OnDemand,NonInterruptible,OnDemand,EU,EU,DIF,T3IF,T3,10.2131,False,,Available,v2.4.0,panel,uk-south-1
2026-08-28,spheron,b300-sxm-288gb,B300,288GB,SXM,Unknown,OnDemand,Interruptible,Spot,EU,EU,DIF,T3IF,T3,5.8101,False,,Available,v2.4.0,panel,uk-south-1
2026-08-29,aws,b300-sxm-288gb,B300,288GB,SXM,EFA,OnDemand,NonInterruptible,OnDemand,APAC,APAC,HIF,T1IF,T1,26.1467,True,local-nvme;managed-ops-plane;support-tier;observability,Available,v2.4.0,panel,ap-northeast-2
2026-08-29,aws,b300-sxm-288gb,B300,288GB,SXM,EFA,OnDemand,NonInterruptible,OnDemand,US-East,US,HIF,T1IF,T1,17.8020,True,local-nvme;managed-ops-plane;support-tier;observability,Available,v2.4.0,panel,us-east-1
2026-08-29,aws,b300-sxm-288gb,B300,288GB,SXM,EFA,OnDemand,NonInterruptible,OnDemand,US-West,US,HIF,T1IF,T1,17.8020,True,local-nvme;managed-ops-plane;support-tier;observability,Available,v2.4.0,panel,us-west-2
2026-08-29,aws,b300-sxm-288gb,B300,288GB,SXM,EFA,3Y,NonInterruptible,Reserved,APAC,APAC,HIF,T1IF,T1,11.2954,True,local-nvme;managed-ops-plane;support-tier;observability,Available,v2.4.0,panel,ap-northeast-2
2026-08-29,aws,b300-sxm-288gb,B300,288GB,SXM,EFA,3Y,NonInterruptible,Reserved,Other,Other,HIF,T1IF,T1,15.1810,True,local-nvme;managed-ops-plane;support-tier;observability,Available,v2.4.0,panel,sa-east-1
2026-08-29,aws,b300-sxm-288gb,B300,288GB,SXM,EFA,3Y,NonInterruptible,Reserved,US-East,US,HIF,T1IF,T1,7.6905,True,local-nvme;managed-ops-plane;support-tier;observability,Available,v2.4.0,panel,us-east-1
2026-08-29,aws,b300-sxm-288gb,B300,288GB,SXM,EFA,3Y,NonInterruptible,Reserved,US-West,US,HIF,T1IF,T1,7.6905,True,local-nvme;managed-ops-plane;support-tier;observability,Available,v2.4.0,panel,us-west-2
2026-08-29,aws,b300-sxm-288gb,B300,288GB,SXM,EFA,OnDemand,Interruptible,Spot,APAC,APAC,DIF,T2IF,T1,3.6689,False,,Available,v2.4.0,panel,ap-northeast-2c
2026-08-29,aws,b300-sxm-288gb,B300,288GB,SXM,EFA,OnDemand,Interruptible,Spot,US-East,US,DIF,T2IF,T1,5.5999,False,,Available,v2.4.0,panel,us-east-1b
2026-08-29,aws,b300-sxm-288gb,B300,288GB,SXM,EFA,OnDemand,Interruptible,Spot,US-East,US,DIF,T2IF,T1,5.5549,False,,Available,v2.4.0,panel,us-east-1d
2026-08-29,aws,b300-sxm-288gb,B300,288GB,SXM,EFA,OnDemand,Interruptible,Spot,US-West,US,DIF,T2IF,T1,6.4446,False,,Available,v2.4.0,panel,us-west-2a
2026-08-29,aws,b300-sxm-288gb,B300,288GB,SXM,EFA,OnDemand,Interruptible,Spot,US-West,US,DIF,T2IF,T1,6.2855,False,,Available,v2.4.0,panel,us-west-2b
2026-08-29,aws_capacity_blocks,b300-sxm-288gb,B300,288GB,SXM,EFA,CapacityBlock,NonInterruptible,Reserved,Other,Other,HIF,T2IF,T1,14.0400,False,,Available,v2.4.0,term-panel,non-us
2026-08-29,aws_capacity_blocks,b300-sxm-288gb,B300,288GB,SXM,EFA,CapacityBlock,NonInterruptible,Reserved,US-East,US,HIF,T2IF,T1,14.0400,False,,Available,v2.4.0,term-panel,us-east-1
2026-08-29,coreweave,b300-sxm-288gb,B300,288GB,SXM,IB-NDR,OnDemand,Interruptible,Spot,EU,EU,DIF,T2IF,T2,4.5875,False,,Available,v2.4.0,panel,EU
2026-08-29,coreweave,b300-sxm-288gb,B300,288GB,SXM,IB-NDR,OnDemand,Interruptible,Spot,US-East,US,DIF,T2IF,T2,4.4800,False,,Available,v2.4.0,panel,US
2026-08-29,datacrunch,b300-sxm-288gb,B300,288GB,SXM,IB-NDR,OnDemand,NonInterruptible,OnDemand,EU,EU,SIF,T2IF,T2,7.5000,True,local-nvme,Available,v2.4.0,panel,EU-FI
2026-08-29,datacrunch,b300-sxm-288gb,B300,288GB,SXM,IB-NDR,1M,NonInterruptible,Reserved,EU,EU,SIF,T2IF,T2,7.3500,True,local-nvme,Available,v2.4.0,panel,EU-FI
2026-08-29,datacrunch,b300-sxm-288gb,B300,288GB,SXM,IB-NDR,1Y,NonInterruptible,Reserved,EU,EU,SIF,T2IF,T2,6.9000,True,local-nvme,Available,v2.4.0,panel,EU-FI
2026-08-29,datacrunch,b300-sxm-288gb,B300,288GB,SXM,IB-NDR,2Y,NonInterruptible,Reserved,EU,EU,SIF,T2IF,T2,5.6250,True,local-nvme,Available,v2.4.0,panel,EU-FI
2026-08-29,datacrunch,b300-sxm-288gb,B300,288GB,SXM,IB-NDR,3M,NonInterruptible,Reserved,EU,EU,SIF,T2IF,T2,7.2750,True,local-nvme,Available,v2.4.0,panel,EU-FI
2026-08-29,datacrunch,b300-sxm-288gb,B300,288GB,SXM,IB-NDR,6M,NonInterruptible,Reserved,EU,EU,SIF,T2IF,T2,7.2000,True,local-nvme,Available,v2.4.0,panel,EU-FI
2026-08-29,datacrunch,b300-sxm-288gb,B300,288GB,SXM,IB-NDR,OnDemand,Interruptible,Spot,EU,EU,DIF,T2IF,T2,3.7500,True,local-nvme,Available,v2.4.0,panel,EU-FI
2026-08-29,deepinfra_gpu,b300-sxm-288gb,B300,288GB,SXM,,OnDemand,NonInterruptible,OnDemand,Other,Other,SIF,T2IF,T2,4.8900,False,,Available,v2.4.0,panel,undisclosed
2026-08-29,digitalocean,b300-sxm-288gb,B300,288GB,SXM,Ethernet,OnDemand,NonInterruptible,OnDemand,US-East,US,SIF,,T2,11.1900,True,local-nvme,Available,v2.4.0,panel,US
2026-08-29,digitalocean,b300-sxm-288gb,B300,288GB,SXM,Ethernet,1Y,NonInterruptible,Reserved,US-East,US,SIF,,T2,7.9400,True,local-nvme,Available,v2.4.0,panel,US
2026-08-29,digitalocean,b300-sxm-288gb,B300,288GB,SXM,Ethernet,OnDemand,Interruptible,Spot,US-East,US,DIF,,T2,11.1900,True,local-nvme,Available,v2.4.0,panel,US
2026-08-29,gcore,b300-sxm-288gb,B300,288GB,SXM,Unknown,OnDemand,NonInterruptible,OnDemand,EU,EU,IIF,T2IF,T2,6.9858,False,,Available,v2.4.0,panel,EU
2026-08-29,hyperstack,b300-sxm-288gb,B300,288GB,SXM,IB-NDR,OnDemand,NonInterruptible,OnDemand,Other,Other,SIF,T2IF,T2,7.4000,True,local-nvme,Available,v2.4.0,panel,Multi
2026-08-29,latitude,b300-sxm-288gb,B300,288GB,SXM,RoCE,OnDemand,NonInterruptible,OnDemand,US-East,US,SIF,T2IF,T2,16.0000,True,local-nvme;free-egress,SoldOut,v2.4.0,panel,united-states
2026-08-29,latitude,b300-sxm-288gb,B300,288GB,SXM,RoCE,1M,NonInterruptible,Reserved,US-East,US,SIF,T2IF,T2,8.0000,True,local-nvme;free-egress,SoldOut,v2.4.0,panel,united-states
2026-08-29,latitude,b300-sxm-288gb,B300,288GB,SXM,RoCE,1Y,NonInterruptible,Reserved,US-East,US,SIF,T2IF,T2,5.6000,True,local-nvme;free-egress,SoldOut,v2.4.0,panel,united-states
2026-08-29,massed_compute,b300-sxm-288gb,B300,288GB,SXM,Unknown,OnDemand,NonInterruptible,OnDemand,US-East,US,DIF,T3IF,T3,6.6000,False,,Available,v2.4.0,panel,US
2026-08-29,nebius,b300-sxm-288gb,B300,288GB,SXM,IB-NDR,OnDemand,NonInterruptible,OnDemand,Other,Other,IIF,T1IF,T2,7.8500,True,observability;managed-ops-plane;free-egress,Available,v2.4.0,panel,
2026-08-29,nebius,b300-sxm-288gb,B300,288GB,SXM,IB-NDR,OnDemand,Interruptible,Spot,Other,Other,DIF,T1IF,T2,4.3000,True,observability;managed-ops-plane;free-egress,Available,v2.4.0,panel,
2026-08-29,oci,b300-sxm-288gb,B300,288GB,SXM,RoCE-v2,OnDemand,NonInterruptible,OnDemand,US-East,US,HIF,T1IF,T1,15.0000,True,local-nvme;egress-capped;managed-ops-plane;support-tier;observability,Available,v2.4.0,panel,us-ashburn-1
2026-08-29,qubrid,b300-sxm-288gb,B300,288GB,SXM,Unknown,1Y,NonInterruptible,Reserved,Other,Other,SIF,T2IF,T2,5.5565,False,,Available,v2.4.0,panel,
2026-08-29,runpod_community,b300-sxm-288gb,B300,288GB,SXM,Unknown,OnDemand,NonInterruptible,OnDemand,Other,Other,DIF,T3IF,T3,6.9400,False,,SoldOut,v2.4.0,panel,Global
2026-08-29,runpod_secure,b300-sxm-288gb,B300,288GB,SXM,IB-NDR,OnDemand,NonInterruptible,OnDemand,Other,Other,DIF,T2IF,T3,7.8900,True,local-nvme,Available,v2.4.0,panel,Global
2026-08-29,scaleway,b300-sxm-288gb,B300,288GB,SXM,Unknown,OnDemand,NonInterruptible,OnDemand,EU,EU,SIF,T3IF,T2,8.7323,True,local-nvme,Available,v2.4.0,panel,fr-par-2
2026-08-29,spheron,b300-sxm-288gb,B300,288GB,SXM,Unknown,OnDemand,NonInterruptible,OnDemand,Other,Other,DIF,T3IF,T3,8.4369,False,,Available,v2.4.0,panel,canada-1
2026-08-29,spheron,b300-sxm-288gb,B300,288GB,SXM,Unknown,OnDemand,NonInterruptible,OnDemand,EU,EU,DIF,T3IF,T3,10.2131,False,,Available,v2.4.0,panel,uk-south-1
2026-08-29,spheron,b300-sxm-288gb,B300,288GB,SXM,Unknown,OnDemand,Interruptible,Spot,EU,EU,DIF,T3IF,T3,5.8101,False,,Available,v2.4.0,panel,uk-south-1
2026-08-30,aws,b300-sxm-288gb,B300,288GB,SXM,EFA,OnDemand,NonInterruptible,OnDemand,APAC,APAC,HIF,T1IF,T1,26.1467,True,local-nvme;managed-ops-plane;support-tier;observability,Available,v2.4.0,panel,ap-northeast-2
2026-08-30,aws,b300-sxm-288gb,B300,288GB,SXM,EFA,OnDemand,NonInterruptible,OnDemand,US-East,US,HIF,T1IF,T1,17.8020,True,local-nvme;managed-ops-plane;support-tier;observability,Available,v2.4.0,panel,us-east-1
2026-08-30,aws,b300-sxm-288gb,B300,288GB,SXM,EFA,OnDemand,NonInterruptible,OnDemand,US-West,US,HIF,T1IF,T1,17.8020,True,local-nvme;managed-ops-plane;support-tier;observability,Available,v2.4.0,panel,us-west-2
2026-08-30,aws,b300-sxm-288gb,B300,288GB,SXM,EFA,3Y,NonInterruptible,Reserved,APAC,APAC,HIF,T1IF,T1,11.2954,True,local-nvme;managed-ops-plane;support-tier;observability,Available,v2.4.0,panel,ap-northeast-2
2026-08-30,aws,b300-sxm-288gb,B300,288GB,SXM,EFA,3Y,NonInterruptible,Reserved,Other,Other,HIF,T1IF,T1,15.1810,True,local-nvme;managed-ops-plane;support-tier;observability,Available,v2.4.0,panel,sa-east-1
2026-08-30,aws,b300-sxm-288gb,B300,288GB,SXM,EFA,3Y,NonInterruptible,Reserved,US-East,US,HIF,T1IF,T1,7.6905,True,local-nvme;managed-ops-plane;support-tier;observability,Available,v2.4.0,panel,us-east-1
2026-08-30,aws,b300-sxm-288gb,B300,288GB,SXM,EFA,3Y,NonInterruptible,Reserved,US-West,US,HIF,T1IF,T1,7.6905,True,local-nvme;managed-ops-plane;support-tier;observability,Available,v2.4.0,panel,us-west-2
2026-08-30,aws,b300-sxm-288gb,B300,288GB,SXM,EFA,OnDemand,Interruptible,Spot,APAC,APAC,DIF,T2IF,T1,3.8232,False,,Available,v2.4.0,panel,ap-northeast-2c
2026-08-30,aws,b300-sxm-288gb,B300,288GB,SXM,EFA,OnDemand,Interruptible,Spot,US-East,US,DIF,T2IF,T1,5.5644,False,,Available,v2.4.0,panel,us-east-1b
2026-08-30,aws,b300-sxm-288gb,B300,288GB,SXM,EFA,OnDemand,Interruptible,Spot,US-East,US,DIF,T2IF,T1,5.5607,False,,Available,v2.4.0,panel,us-east-1d
2026-08-30,aws,b300-sxm-288gb,B300,288GB,SXM,EFA,OnDemand,Interruptible,Spot,US-West,US,DIF,T2IF,T1,6.4236,False,,Available,v2.4.0,panel,us-west-2a
2026-08-30,aws,b300-sxm-288gb,B300,288GB,SXM,EFA,OnDemand,Interruptible,Spot,US-West,US,DIF,T2IF,T1,6.2962,False,,Available,v2.4.0,panel,us-west-2b
2026-08-30,aws_capacity_blocks,b300-sxm-288gb,B300,288GB,SXM,EFA,CapacityBlock,NonInterruptible,Reserved,Other,Other,HIF,T2IF,T1,14.0400,False,,Available,v2.4.0,term-panel,non-us
2026-08-30,aws_capacity_blocks,b300-sxm-288gb,B300,288GB,SXM,EFA,CapacityBlock,NonInterruptible,Reserved,US-East,US,HIF,T2IF,T1,14.0400,False,,Available,v2.4.0,term-panel,us-east-1
2026-08-30,coreweave,b300-sxm-288gb,B300,288GB,SXM,IB-NDR,OnDemand,Interruptible,Spot,EU,EU,DIF,T2IF,T2,4.5875,False,,Available,v2.4.0,panel,EU
2026-08-30,coreweave,b300-sxm-288gb,B300,288GB,SXM,IB-NDR,OnDemand,Interruptible,Spot,US-East,US,DIF,T2IF,T2,4.4800,False,,Available,v2.4.0,panel,US
2026-08-30,datacrunch,b300-sxm-288gb,B300,288GB,SXM,IB-NDR,OnDemand,NonInterruptible,OnDemand,EU,EU,SIF,T2IF,T2,7.5000,True,local-nvme,Available,v2.4.0,panel,EU-FI
2026-08-30,datacrunch,b300-sxm-288gb,B300,288GB,SXM,IB-NDR,1M,NonInterruptible,Reserved,EU,EU,SIF,T2IF,T2,7.3500,True,local-nvme,Available,v2.4.0,panel,EU-FI
2026-08-30,datacrunch,b300-sxm-288gb,B300,288GB,SXM,IB-NDR,1Y,NonInterruptible,Reserved,EU,EU,SIF,T2IF,T2,6.9000,True,local-nvme,Available,v2.4.0,panel,EU-FI
2026-08-30,datacrunch,b300-sxm-288gb,B300,288GB,SXM,IB-NDR,2Y,NonInterruptible,Reserved,EU,EU,SIF,T2IF,T2,5.6250,True,local-nvme,Available,v2.4.0,panel,EU-FI
2026-08-30,datacrunch,b300-sxm-288gb,B300,288GB,SXM,IB-NDR,3M,NonInterruptible,Reserved,EU,EU,SIF,T2IF,T2,7.2750,True,local-nvme,Available,v2.4.0,panel,EU-FI
2026-08-30,datacrunch,b300-sxm-288gb,B300,288GB,SXM,IB-NDR,6M,NonInterruptible,Reserved,EU,EU,SIF,T2IF,T2,7.2000,True,local-nvme,Available,v2.4.0,panel,EU-FI
2026-08-30,datacrunch,b300-sxm-288gb,B300,288GB,SXM,IB-NDR,OnDemand,Interruptible,Spot,EU,EU,DIF,T2IF,T2,3.7500,True,local-nvme,Available,v2.4.0,panel,EU-FI
2026-08-30,deepinfra_gpu,b300-sxm-288gb,B300,288GB,SXM,,OnDemand,NonInterruptible,OnDemand,Other,Other,SIF,T2IF,T2,4.8900,False,,Available,v2.4.0,panel,undisclosed
2026-08-30,digitalocean,b300-sxm-288gb,B300,288GB,SXM,Ethernet,OnDemand,NonInterruptible,OnDemand,US-East,US,SIF,,T2,11.1900,True,local-nvme,Available,v2.4.0,panel,US
2026-08-30,digitalocean,b300-sxm-288gb,B300,288GB,SXM,Ethernet,1Y,NonInterruptible,Reserved,US-East,US,SIF,,T2,7.9400,True,local-nvme,Available,v2.4.0,panel,US
2026-08-30,digitalocean,b300-sxm-288gb,B300,288GB,SXM,Ethernet,OnDemand,Interruptible,Spot,US-East,US,DIF,,T2,11.1900,True,local-nvme,Available,v2.4.0,panel,US
2026-08-30,gcore,b300-sxm-288gb,B300,288GB,SXM,Unknown,OnDemand,NonInterruptible,OnDemand,EU,EU,IIF,T2IF,T2,6.9858,False,,Available,v2.4.0,panel,EU
2026-08-30,hyperstack,b300-sxm-288gb,B300,288GB,SXM,IB-NDR,OnDemand,NonInterruptible,OnDemand,Other,Other,SIF,T2IF,T2,7.4000,True,local-nvme,Available,v2.4.0,panel,Multi
2026-08-30,latitude,b300-sxm-288gb,B300,288GB,SXM,RoCE,OnDemand,NonInterruptible,OnDemand,US-East,US,SIF,T2IF,T2,16.0000,True,local-nvme;free-egress,SoldOut,v2.4.0,panel,united-states
2026-08-30,latitude,b300-sxm-288gb,B300,288GB,SXM,RoCE,1M,NonInterruptible,Reserved,US-East,US,SIF,T2IF,T2,8.0000,True,local-nvme;free-egress,SoldOut,v2.4.0,panel,united-states
2026-08-30,latitude,b300-sxm-288gb,B300,288GB,SXM,RoCE,1Y,NonInterruptible,Reserved,US-East,US,SIF,T2IF,T2,5.6000,True,local-nvme;free-egress,SoldOut,v2.4.0,panel,united-states
2026-08-30,massed_compute,b300-sxm-288gb,B300,288GB,SXM,Unknown,OnDemand,NonInterruptible,OnDemand,US-East,US,DIF,T3IF,T3,6.6000,False,,Available,v2.4.0,panel,US
2026-08-30,nebius,b300-sxm-288gb,B300,288GB,SXM,IB-NDR,OnDemand,NonInterruptible,OnDemand,Other,Other,IIF,T1IF,T2,7.8500,True,observability;managed-ops-plane;free-egress,Available,v2.4.0,panel,
2026-08-30,nebius,b300-sxm-288gb,B300,288GB,SXM,IB-NDR,OnDemand,Interruptible,Spot,Other,Other,DIF,T1IF,T2,4.3000,True,observability;managed-ops-plane;free-egress,Available,v2.4.0,panel,
2026-08-30,oci,b300-sxm-288gb,B300,288GB,SXM,RoCE-v2,OnDemand,NonInterruptible,OnDemand,US-East,US,HIF,T1IF,T1,15.0000,True,local-nvme;egress-capped;managed-ops-plane;support-tier;observability,Available,v2.4.0,panel,us-ashburn-1
2026-08-30,qubrid,b300-sxm-288gb,B300,288GB,SXM,Unknown,1Y,NonInterruptible,Reserved,Other,Other,SIF,T2IF,T2,5.5565,False,,Available,v2.4.0,panel,
2026-08-30,runpod_community,b300-sxm-288gb,B300,288GB,SXM,Unknown,OnDemand,NonInterruptible,OnDemand,Other,Other,DIF,T3IF,T3,6.9400,False,,SoldOut,v2.4.0,panel,Global
2026-08-30,runpod_secure,b300-sxm-288gb,B300,288GB,SXM,IB-NDR,OnDemand,NonInterruptible,OnDemand,Other,Other,DIF,T2IF,T3,7.8900,True,local-nvme,Available,v2.4.0,panel,Global
2026-08-30,scaleway,b300-sxm-288gb,B300,288GB,SXM,Unknown,OnDemand,NonInterruptible,OnDemand,EU,EU,SIF,T3IF,T2,8.7323,True,local-nvme,Available,v2.4.0,panel,fr-par-2
2026-08-30,spheron,b300-sxm-288gb,B300,288GB,SXM,Unknown,OnDemand,Interruptible,Spot,EU,EU,DIF,T3IF,T3,5.8101,False,,Available,v2.4.0,panel,uk-south-1
2026-08-31,aws,b300-sxm-288gb,B300,288GB,SXM,EFA,OnDemand,NonInterruptible,OnDemand,APAC,APAC,HIF,T1IF,T1,26.1467,True,local-nvme;managed-ops-plane;support-tier;observability,Available,v2.4.0,panel,ap-northeast-2
2026-08-31,aws,b300-sxm-288gb,B300,288GB,SXM,EFA,OnDemand,NonInterruptible,OnDemand,US-East,US,HIF,T1IF,T1,17.8020,True,local-nvme;managed-ops-plane;support-tier;observability,Available,v2.4.0,panel,us-east-1
2026-08-31,aws,b300-sxm-288gb,B300,288GB,SXM,EFA,OnDemand,NonInterruptible,OnDemand,US-West,US,HIF,T1IF,T1,17.8020,True,local-nvme;managed-ops-plane;support-tier;observability,Available,v2.4.0,panel,us-west-2
2026-08-31,aws,b300-sxm-288gb,B300,288GB,SXM,EFA,3Y,NonInterruptible,Reserved,APAC,APAC,HIF,T1IF,T1,11.2954,True,local-nvme;managed-ops-plane;support-tier;observability,Available,v2.4.0,panel,ap-northeast-2
2026-08-31,aws,b300-sxm-288gb,B300,288GB,SXM,EFA,3Y,NonInterruptible,Reserved,Other,Other,HIF,T1IF,T1,15.1810,True,local-nvme;managed-ops-plane;support-tier;observability,Available,v2.4.0,panel,sa-east-1
2026-08-31,aws,b300-sxm-288gb,B300,288GB,SXM,EFA,3Y,NonInterruptible,Reserved,US-East,US,HIF,T1IF,T1,7.6905,True,local-nvme;managed-ops-plane;support-tier;observability,Available,v2.4.0,panel,us-east-1
2026-08-31,aws,b300-sxm-288gb,B300,288GB,SXM,EFA,3Y,NonInterruptible,Reserved,US-West,US,HIF,T1IF,T1,7.6905,True,local-nvme;managed-ops-plane;support-tier;observability,Available,v2.4.0,panel,us-west-2
2026-08-31,aws,b300-sxm-288gb,B300,288GB,SXM,EFA,OnDemand,Interruptible,Spot,APAC,APAC,DIF,T2IF,T1,4.0726,False,,Available,v2.4.0,panel,ap-northeast-2c
2026-08-31,aws,b300-sxm-288gb,B300,288GB,SXM,EFA,OnDemand,Interruptible,Spot,US-East,US,DIF,T2IF,T1,5.4571,False,,Available,v2.4.0,panel,us-east-1b
2026-08-31,aws,b300-sxm-288gb,B300,288GB,SXM,EFA,OnDemand,Interruptible,Spot,US-East,US,DIF,T2IF,T1,5.5638,False,,Available,v2.4.0,panel,us-east-1d
2026-08-31,aws,b300-sxm-288gb,B300,288GB,SXM,EFA,OnDemand,Interruptible,Spot,US-West,US,DIF,T2IF,T1,6.4285,False,,Available,v2.4.0,panel,us-west-2a
2026-08-31,aws,b300-sxm-288gb,B300,288GB,SXM,EFA,OnDemand,Interruptible,Spot,US-West,US,DIF,T2IF,T1,6.2847,False,,Available,v2.4.0,panel,us-west-2b
2026-08-31,aws_capacity_blocks,b300-sxm-288gb,B300,288GB,SXM,EFA,CapacityBlock,NonInterruptible,Reserved,Other,Other,HIF,T2IF,T1,14.0400,False,,Available,v2.4.0,term-panel,non-us
2026-08-31,aws_capacity_blocks,b300-sxm-288gb,B300,288GB,SXM,EFA,CapacityBlock,NonInterruptible,Reserved,US-East,US,HIF,T2IF,T1,14.0400,False,,Available,v2.4.0,term-panel,us-east-1
2026-08-31,coreweave,b300-sxm-288gb,B300,288GB,SXM,IB-NDR,OnDemand,Interruptible,Spot,EU,EU,DIF,T2IF,T2,4.5875,False,,Available,v2.4.0,panel,EU
2026-08-31,coreweave,b300-sxm-288gb,B300,288GB,SXM,IB-NDR,OnDemand,Interruptible,Spot,US-East,US,DIF,T2IF,T2,4.4800,False,,Available,v2.4.0,panel,US
2026-08-31,datacrunch,b300-sxm-288gb,B300,288GB,SXM,IB-NDR,OnDemand,NonInterruptible,OnDemand,EU,EU,SIF,T2IF,T2,7.5000,True,local-nvme,Available,v2.4.0,panel,EU-FI
2026-08-31,datacrunch,b300-sxm-288gb,B300,288GB,SXM,IB-NDR,1M,NonInterruptible,Reserved,EU,EU,SIF,T2IF,T2,7.3500,True,local-nvme,Available,v2.4.0,panel,EU-FI
2026-08-31,datacrunch,b300-sxm-288gb,B300,288GB,SXM,IB-NDR,1Y,NonInterruptible,Reserved,EU,EU,SIF,T2IF,T2,6.9000,True,local-nvme,Available,v2.4.0,panel,EU-FI
2026-08-31,datacrunch,b300-sxm-288gb,B300,288GB,SXM,IB-NDR,2Y,NonInterruptible,Reserved,EU,EU,SIF,T2IF,T2,5.6250,True,local-nvme,Available,v2.4.0,panel,EU-FI
2026-08-31,datacrunch,b300-sxm-288gb,B300,288GB,SXM,IB-NDR,3M,NonInterruptible,Reserved,EU,EU,SIF,T2IF,T2,7.2750,True,local-nvme,Available,v2.4.0,panel,EU-FI
2026-08-31,datacrunch,b300-sxm-288gb,B300,288GB,SXM,IB-NDR,6M,NonInterruptible,Reserved,EU,EU,SIF,T2IF,T2,7.2000,True,local-nvme,Available,v2.4.0,panel,EU-FI
2026-08-31,datacrunch,b300-sxm-288gb,B300,288GB,SXM,IB-NDR,OnDemand,Interruptible,Spot,EU,EU,DIF,T2IF,T2,3.7500,True,local-nvme,Available,v2.4.0,panel,EU-FI
2026-08-31,deepinfra_gpu,b300-sxm-288gb,B300,288GB,SXM,,OnDemand,NonInterruptible,OnDemand,Other,Other,SIF,T2IF,T2,4.8900,False,,Available,v2.4.0,panel,undisclosed
2026-08-31,digitalocean,b300-sxm-288gb,B300,288GB,SXM,Ethernet,OnDemand,NonInterruptible,OnDemand,US-East,US,SIF,,T2,11.1900,True,local-nvme,Available,v2.4.0,panel,US
2026-08-31,digitalocean,b300-sxm-288gb,B300,288GB,SXM,Ethernet,1Y,NonInterruptible,Reserved,US-East,US,SIF,,T2,7.9400,True,local-nvme,Available,v2.4.0,panel,US
2026-08-31,digitalocean,b300-sxm-288gb,B300,288GB,SXM,Ethernet,OnDemand,Interruptible,Spot,US-East,US,DIF,,T2,11.1900,True,local-nvme,Available,v2.4.0,panel,US
2026-08-31,gcore,b300-sxm-288gb,B300,288GB,SXM,Unknown,OnDemand,NonInterruptible,OnDemand,EU,EU,IIF,T2IF,T2,6.9858,False,,Available,v2.4.0,panel,EU
2026-08-31,hyperstack,b300-sxm-288gb,B300,288GB,SXM,IB-NDR,OnDemand,NonInterruptible,OnDemand,Other,Other,SIF,T2IF,T2,7.4000,True,local-nvme,Available,v2.4.0,panel,Multi
2026-08-31,latitude,b300-sxm-288gb,B300,288GB,SXM,RoCE,OnDemand,NonInterruptible,OnDemand,US-East,US,SIF,T2IF,T2,16.0000,True,local-nvme;free-egress,SoldOut,v2.4.0,panel,united-states
2026-08-31,latitude,b300-sxm-288gb,B300,288GB,SXM,RoCE,1M,NonInterruptible,Reserved,US-East,US,SIF,T2IF,T2,8.0000,True,local-nvme;free-egress,SoldOut,v2.4.0,panel,united-states
2026-08-31,latitude,b300-sxm-288gb,B300,288GB,SXM,RoCE,1Y,NonInterruptible,Reserved,US-East,US,SIF,T2IF,T2,5.6000,True,local-nvme;free-egress,SoldOut,v2.4.0,panel,united-states
2026-08-31,massed_compute,b300-sxm-288gb,B300,288GB,SXM,Unknown,OnDemand,NonInterruptible,OnDemand,US-East,US,DIF,T3IF,T3,6.6000,False,,Available,v2.4.0,panel,US
2026-08-31,nebius,b300-sxm-288gb,B300,288GB,SXM,IB-NDR,OnDemand,NonInterruptible,OnDemand,Other,Other,IIF,T1IF,T2,7.8500,True,observability;managed-ops-plane;free-egress,Available,v2.4.0,panel,
2026-08-31,nebius,b300-sxm-288gb,B300,288GB,SXM,IB-NDR,OnDemand,Interruptible,Spot,Other,Other,DIF,T1IF,T2,4.3000,True,observability;managed-ops-plane;free-egress,Available,v2.4.0,panel,
2026-08-31,oci,b300-sxm-288gb,B300,288GB,SXM,RoCE-v2,OnDemand,NonInterruptible,OnDemand,US-East,US,HIF,T1IF,T1,15.0000,True,local-nvme;egress-capped;managed-ops-plane;support-tier;observability,Available,v2.4.0,panel,us-ashburn-1
2026-08-31,qubrid,b300-sxm-288gb,B300,288GB,SXM,Unknown,1Y,NonInterruptible,Reserved,Other,Other,SIF,T2IF,T2,5.5565,False,,Available,v2.4.0,panel,
2026-08-31,runpod_community,b300-sxm-288gb,B300,288GB,SXM,Unknown,OnDemand,NonInterruptible,OnDemand,Other,Other,DIF,T3IF,T3,6.9400,False,,SoldOut,v2.4.0,panel,Global
2026-08-31,runpod_secure,b300-sxm-288gb,B300,288GB,SXM,IB-NDR,OnDemand,NonInterruptible,OnDemand,Other,Other,DIF,T2IF,T3,7.8900,True,local-nvme,SoldOut,v2.4.0,panel,Global
2026-08-31,scaleway,b300-sxm-288gb,B300,288GB,SXM,Unknown,OnDemand,NonInterruptible,OnDemand,EU,EU,SIF,T3IF,T2,8.7323,True,local-nvme,Available,v2.4.0,panel,fr-par-2
2026-08-31,spheron,b300-sxm-288gb,B300,288GB,SXM,Unknown,OnDemand,NonInterruptible,OnDemand,EU,EU,DIF,T3IF,T3,10.2131,False,,Available,v2.4.0,panel,uk-south-1
2026-08-31,spheron,b300-sxm-288gb,B300,288GB,SXM,Unknown,OnDemand,Interruptible,Spot,EU,EU,DIF,T3IF,T3,5.8101,False,,Available,v2.4.0,panel,uk-south-1
2026-09-01,aws,b300-sxm-288gb,B300,288GB,SXM,EFA,OnDemand,NonInterruptible,OnDemand,APAC,APAC,HIF,T1IF,T1,26.1467,True,local-nvme;managed-ops-plane;support-tier;observability,Available,v2.4.0,panel,ap-northeast-2
2026-09-01,aws,b300-sxm-288gb,B300,288GB,SXM,EFA,OnDemand,NonInterruptible,OnDemand,US-East,US,HIF,T1IF,T1,17.8020,True,local-nvme;managed-ops-plane;support-tier;observability,Available,v2.4.0,panel,us-east-1
2026-09-01,aws,b300-sxm-288gb,B300,288GB,SXM,EFA,OnDemand,NonInterruptible,OnDemand,US-West,US,HIF,T1IF,T1,17.8020,True,local-nvme;managed-ops-plane;support-tier;observability,Available,v2.4.0,panel,us-west-2
2026-09-01,aws,b300-sxm-288gb,B300,288GB,SXM,EFA,3Y,NonInterruptible,Reserved,APAC,APAC,HIF,T1IF,T1,11.2954,True,local-nvme;managed-ops-plane;support-tier;observability,Available,v2.4.0,panel,ap-northeast-2
2026-09-01,aws,b300-sxm-288gb,B300,288GB,SXM,EFA,3Y,NonInterruptible,Reserved,Other,Other,HIF,T1IF,T1,15.1810,True,local-nvme;managed-ops-plane;support-tier;observability,Available,v2.4.0,panel,sa-east-1
2026-09-01,aws,b300-sxm-288gb,B300,288GB,SXM,EFA,3Y,NonInterruptible,Reserved,US-East,US,HIF,T1IF,T1,7.6905,True,local-nvme;managed-ops-plane;support-tier;observability,Available,v2.4.0,panel,us-east-1
2026-09-01,aws,b300-sxm-288gb,B300,288GB,SXM,EFA,3Y,NonInterruptible,Reserved,US-West,US,HIF,T1IF,T1,7.6905,True,local-nvme;managed-ops-plane;support-tier;observability,Available,v2.4.0,panel,us-west-2
2026-09-01,aws,b300-sxm-288gb,B300,288GB,SXM,EFA,OnDemand,Interruptible,Spot,APAC,APAC,DIF,T2IF,T1,4.2859,False,,Available,v2.4.0,panel,ap-northeast-2c
2026-09-01,aws,b300-sxm-288gb,B300,288GB,SXM,EFA,OnDemand,Interruptible,Spot,Other,Other,DIF,T2IF,T1,3.5141,False,,Available,v2.4.0,panel,sa-east-1b
2026-09-01,aws,b300-sxm-288gb,B300,288GB,SXM,EFA,OnDemand,Interruptible,Spot,Other,Other,DIF,T2IF,T1,3.5141,False,,Available,v2.4.0,panel,sa-east-1c
2026-09-01,aws,b300-sxm-288gb,B300,288GB,SXM,EFA,OnDemand,Interruptible,Spot,US-East,US,DIF,T2IF,T1,5.4105,False,,Available,v2.4.0,panel,us-east-1b
2026-09-01,aws,b300-sxm-288gb,B300,288GB,SXM,EFA,OnDemand,Interruptible,Spot,US-East,US,DIF,T2IF,T1,5.5641,False,,Available,v2.4.0,panel,us-east-1d
2026-09-01,aws,b300-sxm-288gb,B300,288GB,SXM,EFA,OnDemand,Interruptible,Spot,US-West,US,DIF,T2IF,T1,6.4254,False,,Available,v2.4.0,panel,us-west-2a
2026-09-01,aws,b300-sxm-288gb,B300,288GB,SXM,EFA,OnDemand,Interruptible,Spot,US-West,US,DIF,T2IF,T1,6.2809,False,,Available,v2.4.0,panel,us-west-2b
2026-09-01,aws_capacity_blocks,b300-sxm-288gb,B300,288GB,SXM,EFA,CapacityBlock,NonInterruptible,Reserved,Other,Other,HIF,T2IF,T1,14.0400,False,,Available,v2.4.0,term-panel,non-us
2026-09-01,aws_capacity_blocks,b300-sxm-288gb,B300,288GB,SXM,EFA,CapacityBlock,NonInterruptible,Reserved,US-East,US,HIF,T2IF,T1,14.0400,False,,Available,v2.4.0,term-panel,us-east-1
2026-09-01,coreweave,b300-sxm-288gb,B300,288GB,SXM,IB-NDR,OnDemand,Interruptible,Spot,EU,EU,DIF,T2IF,T2,4.5875,False,,Available,v2.4.0,panel,EU
2026-09-01,coreweave,b300-sxm-288gb,B300,288GB,SXM,IB-NDR,OnDemand,Interruptible,Spot,US-East,US,DIF,T2IF,T2,4.4800,False,,Available,v2.4.0,panel,US
2026-09-01,datacrunch,b300-sxm-288gb,B300,288GB,SXM,IB-NDR,OnDemand,NonInterruptible,OnDemand,EU,EU,SIF,T2IF,T2,7.5000,True,local-nvme,Available,v2.4.0,panel,EU-FI
2026-09-01,datacrunch,b300-sxm-288gb,B300,288GB,SXM,IB-NDR,1M,NonInterruptible,Reserved,EU,EU,SIF,T2IF,T2,7.3500,True,local-nvme,Available,v2.4.0,panel,EU-FI
2026-09-01,datacrunch,b300-sxm-288gb,B300,288GB,SXM,IB-NDR,1Y,NonInterruptible,Reserved,EU,EU,SIF,T2IF,T2,6.9000,True,local-nvme,Available,v2.4.0,panel,EU-FI
2026-09-01,datacrunch,b300-sxm-288gb,B300,288GB,SXM,IB-NDR,2Y,NonInterruptible,Reserved,EU,EU,SIF,T2IF,T2,5.6250,True,local-nvme,Available,v2.4.0,panel,EU-FI
2026-09-01,datacrunch,b300-sxm-288gb,B300,288GB,SXM,IB-NDR,3M,NonInterruptible,Reserved,EU,EU,SIF,T2IF,T2,7.2750,True,local-nvme,Available,v2.4.0,panel,EU-FI
2026-09-01,datacrunch,b300-sxm-288gb,B300,288GB,SXM,IB-NDR,6M,NonInterruptible,Reserved,EU,EU,SIF,T2IF,T2,7.2000,True,local-nvme,Available,v2.4.0,panel,EU-FI
2026-09-01,datacrunch,b300-sxm-288gb,B300,288GB,SXM,IB-NDR,OnDemand,Interruptible,Spot,EU,EU,DIF,T2IF,T2,3.7500,True,local-nvme,Available,v2.4.0,panel,EU-FI
2026-09-01,deepinfra_gpu,b300-sxm-288gb,B300,288GB,SXM,,OnDemand,NonInterruptible,OnDemand,Other,Other,SIF,T2IF,T2,4.8900,False,,Available,v2.4.0,panel,undisclosed
2026-09-01,digitalocean,b300-sxm-288gb,B300,288GB,SXM,Ethernet,OnDemand,NonInterruptible,OnDemand,US-East,US,SIF,,T2,11.1900,True,local-nvme,Available,v2.4.0,panel,US
2026-09-01,digitalocean,b300-sxm-288gb,B300,288GB,SXM,Ethernet,1Y,NonInterruptible,Reserved,US-East,US,SIF,,T2,7.9400,True,local-nvme,Available,v2.4.0,panel,US
2026-09-01,digitalocean,b300-sxm-288gb,B300,288GB,SXM,Ethernet,OnDemand,Interruptible,Spot,US-East,US,DIF,,T2,11.1900,True,local-nvme,Available,v2.4.0,panel,US
2026-09-01,gcore,b300-sxm-288gb,B300,288GB,SXM,Unknown,OnDemand,NonInterruptible,OnDemand,EU,EU,IIF,T2IF,T2,6.9576,False,,Available,v2.4.0,panel,EU
2026-09-01,hyperstack,b300-sxm-288gb,B300,288GB,SXM,IB-NDR,OnDemand,NonInterruptible,OnDemand,Other,Other,SIF,T2IF,T2,7.4000,True,local-nvme,Available,v2.4.0,panel,Multi
2026-09-01,latitude,b300-sxm-288gb,B300,288GB,SXM,RoCE,OnDemand,NonInterruptible,OnDemand,US-East,US,SIF,T2IF,T2,16.0000,True,local-nvme;free-egress,SoldOut,v2.4.0,panel,united-states
2026-09-01,latitude,b300-sxm-288gb,B300,288GB,SXM,RoCE,1M,NonInterruptible,Reserved,US-East,US,SIF,T2IF,T2,8.0000,True,local-nvme;free-egress,SoldOut,v2.4.0,panel,united-states
2026-09-01,latitude,b300-sxm-288gb,B300,288GB,SXM,RoCE,1Y,NonInterruptible,Reserved,US-East,US,SIF,T2IF,T2,5.6000,True,local-nvme;free-egress,SoldOut,v2.4.0,panel,united-states
2026-09-01,massed_compute,b300-sxm-288gb,B300,288GB,SXM,Unknown,OnDemand,NonInterruptible,OnDemand,US-East,US,DIF,T3IF,T3,6.6000,False,,Available,v2.4.0,panel,US
2026-09-01,nebius,b300-sxm-288gb,B300,288GB,SXM,IB-NDR,OnDemand,NonInterruptible,OnDemand,Other,Other,IIF,T1IF,T2,7.8500,True,observability;managed-ops-plane;free-egress,Available,v2.4.0,panel,
2026-09-01,nebius,b300-sxm-288gb,B300,288GB,SXM,IB-NDR,OnDemand,Interruptible,Spot,Other,Other,DIF,T1IF,T2,4.3000,True,observability;managed-ops-plane;free-egress,Available,v2.4.0,panel,
2026-09-01,oci,b300-sxm-288gb,B300,288GB,SXM,RoCE-v2,OnDemand,NonInterruptible,OnDemand,US-East,US,HIF,T1IF,T1,15.0000,True,local-nvme;egress-capped;managed-ops-plane;support-tier;observability,Available,v2.4.0,panel,us-ashburn-1
2026-09-01,qubrid,b300-sxm-288gb,B300,288GB,SXM,Unknown,1Y,NonInterruptible,Reserved,Other,Other,SIF,T2IF,T2,5.5565,False,,Available,v2.4.0,panel,
2026-09-01,runpod_community,b300-sxm-288gb,B300,288GB,SXM,Unknown,OnDemand,NonInterruptible,OnDemand,Other,Other,DIF,T3IF,T3,6.9400,False,,SoldOut,v2.4.0,panel,Global
2026-09-01,runpod_secure,b300-sxm-288gb,B300,288GB,SXM,IB-NDR,OnDemand,NonInterruptible,OnDemand,Other,Other,DIF,T2IF,T3,7.8900,True,local-nvme,Available,v2.4.0,panel,Global
2026-09-01,scaleway,b300-sxm-288gb,B300,288GB,SXM,Unknown,OnDemand,NonInterruptible,OnDemand,EU,EU,SIF,T3IF,T2,8.6970,True,local-nvme,Available,v2.4.0,panel,fr-par-2
2026-09-01,spheron,b300-sxm-288gb,B300,288GB,SXM,Unknown,OnDemand,Interruptible,Spot,EU,EU,DIF,T3IF,T3,5.8101,False,,Available,v2.4.0,panel,uk-south-1
2026-09-01,vast_ai,b300-sxm-288gb,B300,288GB,SXM,IB-NDR,OnDemand,NonInterruptible,OnDemand,US-West,US,DIF,T3IF,T3,12.5000,False,,Available,v2.4.0,marketplace,"CALIFORNIA, US"
2026-09-01,vast_ai,b300-sxm-288gb,B300,288GB,SXM,IB-NDR,OnDemand,NonInterruptible,OnDemand,EU,EU,DIF,T3IF,T3,12.5000,False,,Available,v2.4.0,marketplace,"CROATIA, HR"
2026-09-01,vast_ai,b300-sxm-288gb,B300,288GB,SXM,IB-NDR,OnDemand,NonInterruptible,OnDemand,APAC,APAC,DIF,T3IF,T3,5.6250,False,,Available,v2.4.0,marketplace,"TAIWAN, TW"
2026-09-01,vast_ai,b300-sxm-288gb,B300,288GB,SXM,IB-NDR,OnDemand,NonInterruptible,OnDemand,EU,EU,DIF,T3IF,T3,11.8750,False,,Available,v2.4.0,marketplace,"UNITED KINGDOM, GB"
2026-09-02,aws,b300-sxm-288gb,B300,288GB,SXM,EFA,OnDemand,NonInterruptible,OnDemand,APAC,APAC,HIF,T1IF,T1,26.1467,True,local-nvme;managed-ops-plane;support-tier;observability,Available,v2.4.0,panel,ap-northeast-2
2026-09-02,aws,b300-sxm-288gb,B300,288GB,SXM,EFA,OnDemand,NonInterruptible,OnDemand,APAC,APAC,HIF,T1IF,T1,25.1008,True,local-nvme;managed-ops-plane;support-tier;observability,Available,v2.4.0,panel,ap-south-2
2026-09-02,aws,b300-sxm-288gb,B300,288GB,SXM,EFA,OnDemand,NonInterruptible,OnDemand,US-East,US,HIF,T1IF,T1,17.8020,True,local-nvme;managed-ops-plane;support-tier;observability,Available,v2.4.0,panel,us-east-1
2026-09-02,aws,b300-sxm-288gb,B300,288GB,SXM,EFA,OnDemand,NonInterruptible,OnDemand,US-West,US,HIF,T1IF,T1,17.8020,True,local-nvme;managed-ops-plane;support-tier;observability,Available,v2.4.0,panel,us-west-2
2026-09-02,aws,b300-sxm-288gb,B300,288GB,SXM,EFA,3Y,NonInterruptible,Reserved,APAC,APAC,HIF,T1IF,T1,11.2954,True,local-nvme;managed-ops-plane;support-tier;observability,Available,v2.4.0,panel,ap-northeast-2
2026-09-02,aws,b300-sxm-288gb,B300,288GB,SXM,EFA,3Y,NonInterruptible,Reserved,APAC,APAC,HIF,T1IF,T1,10.8436,True,local-nvme;managed-ops-plane;support-tier;observability,Available,v2.4.0,panel,ap-south-2
2026-09-02,aws,b300-sxm-288gb,B300,288GB,SXM,EFA,3Y,NonInterruptible,Reserved,Other,Other,HIF,T1IF,T1,15.1810,True,local-nvme;managed-ops-plane;support-tier;observability,Available,v2.4.0,panel,sa-east-1
2026-09-02,aws,b300-sxm-288gb,B300,288GB,SXM,EFA,3Y,NonInterruptible,Reserved,US-East,US,HIF,T1IF,T1,7.6905,True,local-nvme;managed-ops-plane;support-tier;observability,Available,v2.4.0,panel,us-east-1
2026-09-02,aws,b300-sxm-288gb,B300,288GB,SXM,EFA,3Y,NonInterruptible,Reserved,US-West,US,HIF,T1IF,T1,7.6905,True,local-nvme;managed-ops-plane;support-tier;observability,Available,v2.4.0,panel,us-west-2
2026-09-02,aws,b300-sxm-288gb,B300,288GB,SXM,EFA,OnDemand,Interruptible,Spot,APAC,APAC,DIF,T2IF,T1,4.3505,False,,Available,v2.4.0,panel,ap-northeast-2c
2026-09-02,aws,b300-sxm-288gb,B300,288GB,SXM,EFA,OnDemand,Interruptible,Spot,Other,Other,DIF,T2IF,T1,3.6302,False,,Available,v2.4.0,panel,sa-east-1b
2026-09-02,aws,b300-sxm-288gb,B300,288GB,SXM,EFA,OnDemand,Interruptible,Spot,Other,Other,DIF,T2IF,T1,3.6949,False,,Available,v2.4.0,panel,sa-east-1c
2026-09-02,aws,b300-sxm-288gb,B300,288GB,SXM,EFA,OnDemand,Interruptible,Spot,US-East,US,DIF,T2IF,T1,5.4808,False,,Available,v2.4.0,panel,us-east-1b
2026-09-02,aws,b300-sxm-288gb,B300,288GB,SXM,EFA,OnDemand,Interruptible,Spot,US-East,US,DIF,T2IF,T1,5.5679,False,,Available,v2.4.0,panel,us-east-1d
2026-09-02,aws,b300-sxm-288gb,B300,288GB,SXM,EFA,OnDemand,Interruptible,Spot,US-West,US,DIF,T2IF,T1,6.4068,False,,Available,v2.4.0,panel,us-west-2a
2026-09-02,aws,b300-sxm-288gb,B300,288GB,SXM,EFA,OnDemand,Interruptible,Spot,US-West,US,DIF,T2IF,T1,6.2823,False,,Available,v2.4.0,panel,us-west-2b
2026-09-02,aws_capacity_blocks,b300-sxm-288gb,B300,288GB,SXM,EFA,CapacityBlock,NonInterruptible,Reserved,Other,Other,HIF,T2IF,T1,14.0400,False,,Available,v2.4.0,term-panel,non-us
2026-09-02,aws_capacity_blocks,b300-sxm-288gb,B300,288GB,SXM,EFA,CapacityBlock,NonInterruptible,Reserved,US-East,US,HIF,T2IF,T1,14.0400,False,,Available,v2.4.0,term-panel,us-east-1
2026-09-02,coreweave,b300-sxm-288gb,B300,288GB,SXM,IB-NDR,OnDemand,Interruptible,Spot,EU,EU,DIF,T2IF,T2,4.5875,False,,Available,v2.4.0,panel,EU
2026-09-02,coreweave,b300-sxm-288gb,B300,288GB,SXM,IB-NDR,OnDemand,Interruptible,Spot,US-East,US,DIF,T2IF,T2,4.4800,False,,Available,v2.4.0,panel,US
2026-09-02,datacrunch,b300-sxm-288gb,B300,288GB,SXM,IB-NDR,OnDemand,NonInterruptible,OnDemand,EU,EU,SIF,T2IF,T2,7.5000,True,local-nvme,Available,v2.4.0,panel,EU-FI
2026-09-02,datacrunch,b300-sxm-288gb,B300,288GB,SXM,IB-NDR,1M,NonInterruptible,Reserved,EU,EU,SIF,T2IF,T2,7.3500,True,local-nvme,Available,v2.4.0,panel,EU-FI
2026-09-02,datacrunch,b300-sxm-288gb,B300,288GB,SXM,IB-NDR,1Y,NonInterruptible,Reserved,EU,EU,SIF,T2IF,T2,6.9000,True,local-nvme,Available,v2.4.0,panel,EU-FI
2026-09-02,datacrunch,b300-sxm-288gb,B300,288GB,SXM,IB-NDR,2Y,NonInterruptible,Reserved,EU,EU,SIF,T2IF,T2,5.6250,True,local-nvme,Available,v2.4.0,panel,EU-FI
2026-09-02,datacrunch,b300-sxm-288gb,B300,288GB,SXM,IB-NDR,3M,NonInterruptible,Reserved,EU,EU,SIF,T2IF,T2,7.2750,True,local-nvme,Available,v2.4.0,panel,EU-FI
2026-09-02,datacrunch,b300-sxm-288gb,B300,288GB,SXM,IB-NDR,6M,NonInterruptible,Reserved,EU,EU,SIF,T2IF,T2,7.2000,True,local-nvme,Available,v2.4.0,panel,EU-FI
2026-09-02,datacrunch,b300-sxm-288gb,B300,288GB,SXM,IB-NDR,OnDemand,Interruptible,Spot,EU,EU,DIF,T2IF,T2,3.7500,True,local-nvme,Available,v2.4.0,panel,EU-FI
2026-09-02,deepinfra_gpu,b300-sxm-288gb,B300,288GB,SXM,,OnDemand,NonInterruptible,OnDemand,Other,Other,SIF,T2IF,T2,4.8900,False,,Available,v2.4.0,panel,undisclosed
2026-09-02,digitalocean,b300-sxm-288gb,B300,288GB,SXM,Ethernet,OnDemand,NonInterruptible,OnDemand,US-East,US,SIF,,T2,11.1900,True,local-nvme,Available,v2.4.0,panel,US
2026-09-02,digitalocean,b300-sxm-288gb,B300,288GB,SXM,Ethernet,1Y,NonInterruptible,Reserved,US-East,US,SIF,,T2,7.9400,True,local-nvme,Available,v2.4.0,panel,US
2026-09-02,digitalocean,b300-sxm-288gb,B300,288GB,SXM,Ethernet,OnDemand,Interruptible,Spot,US-East,US,DIF,,T2,11.1900,True,local-nvme,Available,v2.4.0,panel,US
2026-09-02,gcore,b300-sxm-288gb,B300,288GB,SXM,Unknown,OnDemand,NonInterruptible,OnDemand,EU,EU,IIF,T2IF,T2,6.9468,False,,Available,v2.4.0,panel,EU
2026-09-02,hyperstack,b300-sxm-288gb,B300,288GB,SXM,IB-NDR,OnDemand,NonInterruptible,OnDemand,Other,Other,SIF,T2IF,T2,7.4000,True,local-nvme,Available,v2.4.0,panel,Multi
2026-09-02,latitude,b300-sxm-288gb,B300,288GB,SXM,RoCE,OnDemand,NonInterruptible,OnDemand,US-East,US,SIF,T2IF,T2,16.0000,True,local-nvme;free-egress,SoldOut,v2.4.0,panel,united-states
2026-09-02,latitude,b300-sxm-288gb,B300,288GB,SXM,RoCE,1M,NonInterruptible,Reserved,US-East,US,SIF,T2IF,T2,8.0000,True,local-nvme;free-egress,SoldOut,v2.4.0,panel,united-states
2026-09-02,latitude,b300-sxm-288gb,B300,288GB,SXM,RoCE,1Y,NonInterruptible,Reserved,US-East,US,SIF,T2IF,T2,5.6000,True,local-nvme;free-egress,SoldOut,v2.4.0,panel,united-states
2026-09-02,lyceum,b300-sxm-288gb,B300,288GB,SXM,,OnDemand,NonInterruptible,OnDemand,Other,Other,SIF,T2IF,T2,8.4900,False,,Available,v2.4.0,candidate,EU (undisclosed)
2026-09-02,lyceum,b300-sxm-288gb,B300,288GB,SXM,,OnDemand,NonInterruptible,OnDemand,Other,Other,SIF,T2IF,T2,7.9900,False,,Available,v2.4.0,candidate,EU (undisclosed)
2026-09-02,massed_compute,b300-sxm-288gb,B300,288GB,SXM,Unknown,OnDemand,NonInterruptible,OnDemand,US-East,US,DIF,T3IF,T3,6.6000,False,,Available,v2.4.0,panel,US
2026-09-02,nebius,b300-sxm-288gb,B300,288GB,SXM,IB-NDR,OnDemand,NonInterruptible,OnDemand,Other,Other,IIF,T1IF,T2,7.8500,True,observability;managed-ops-plane;free-egress,Available,v2.4.0,panel,
2026-09-02,nebius,b300-sxm-288gb,B300,288GB,SXM,IB-NDR,OnDemand,Interruptible,Spot,Other,Other,DIF,T1IF,T2,4.3000,True,observability;managed-ops-plane;free-egress,Available,v2.4.0,panel,
2026-09-02,oci,b300-sxm-288gb,B300,288GB,SXM,RoCE-v2,OnDemand,NonInterruptible,OnDemand,US-East,US,HIF,T1IF,T1,15.0000,True,local-nvme;egress-capped;managed-ops-plane;support-tier;observability,Available,v2.4.0,panel,us-ashburn-1
2026-09-02,qubrid,b300-sxm-288gb,B300,288GB,SXM,Unknown,1Y,NonInterruptible,Reserved,Other,Other,SIF,T2IF,T2,5.5565,False,,Available,v2.4.0,panel,
2026-09-02,runpod_community,b300-sxm-288gb,B300,288GB,SXM,Unknown,OnDemand,NonInterruptible,OnDemand,Other,Other,DIF,T3IF,T3,6.9400,False,,SoldOut,v2.4.0,panel,Global
2026-09-02,runpod_secure,b300-sxm-288gb,B300,288GB,SXM,IB-NDR,OnDemand,NonInterruptible,OnDemand,Other,Other,DIF,T2IF,T3,7.8900,True,local-nvme,SoldOut,v2.4.0,panel,Global
2026-09-02,scaleway,b300-sxm-288gb,B300,288GB,SXM,Unknown,OnDemand,NonInterruptible,OnDemand,EU,EU,SIF,T3IF,T2,8.6925,True,local-nvme,Available,v2.4.0,panel,fr-par-2
2026-09-02,spheron,b300-sxm-288gb,B300,288GB,SXM,Unknown,OnDemand,NonInterruptible,OnDemand,EU,EU,DIF,T3IF,T3,10.2131,False,,Available,v2.4.0,panel,uk-south-1
2026-09-02,spheron,b300-sxm-288gb,B300,288GB,SXM,Unknown,OnDemand,Interruptible,Spot,EU,EU,DIF,T3IF,T3,5.8101,False,,Available,v2.4.0,panel,uk-south-1
2026-09-02,vast_ai,b300-sxm-288gb,B300,288GB,SXM,IB-NDR,OnDemand,NonInterruptible,OnDemand,EU,EU,DIF,T3IF,T3,10.0000,False,,Available,v2.4.0,marketplace,"CROATIA, HR"
2026-09-02,vast_ai,b300-sxm-288gb,B300,288GB,SXM,IB-NDR,OnDemand,NonInterruptible,OnDemand,EU,EU,DIF,T3IF,T3,11.8750,False,,Available,v2.4.0,marketplace,"UNITED KINGDOM, GB"
2026-09-03,aws,b300-sxm-288gb,B300,288GB,SXM,EFA,OnDemand,NonInterruptible,OnDemand,APAC,APAC,HIF,T1IF,T1,26.1467,True,local-nvme;managed-ops-plane;support-tier;observability,Available,v2.4.0,panel,ap-northeast-2
2026-09-03,aws,b300-sxm-288gb,B300,288GB,SXM,EFA,OnDemand,NonInterruptible,OnDemand,APAC,APAC,HIF,T1IF,T1,25.1008,True,local-nvme;managed-ops-plane;support-tier;observability,Available,v2.4.0,panel,ap-south-2
2026-09-03,aws,b300-sxm-288gb,B300,288GB,SXM,EFA,OnDemand,NonInterruptible,OnDemand,US-East,US,HIF,T1IF,T1,17.8020,True,local-nvme;managed-ops-plane;support-tier;observability,Available,v2.4.0,panel,us-east-1
2026-09-03,aws,b300-sxm-288gb,B300,288GB,SXM,EFA,OnDemand,NonInterruptible,OnDemand,US-West,US,HIF,T1IF,T1,17.8020,True,local-nvme;managed-ops-plane;support-tier;observability,Available,v2.4.0,panel,us-west-2
2026-09-03,aws,b300-sxm-288gb,B300,288GB,SXM,EFA,3Y,NonInterruptible,Reserved,APAC,APAC,HIF,T1IF,T1,11.2954,True,local-nvme;managed-ops-plane;support-tier;observability,Available,v2.4.0,panel,ap-northeast-2
2026-09-03,aws,b300-sxm-288gb,B300,288GB,SXM,EFA,3Y,NonInterruptible,Reserved,APAC,APAC,HIF,T1IF,T1,10.8436,True,local-nvme;managed-ops-plane;support-tier;observability,Available,v2.4.0,panel,ap-south-2
2026-09-03,aws,b300-sxm-288gb,B300,288GB,SXM,EFA,3Y,NonInterruptible,Reserved,Other,Other,HIF,T1IF,T1,15.1810,True,local-nvme;managed-ops-plane;support-tier;observability,Available,v2.4.0,panel,sa-east-1
2026-09-03,aws,b300-sxm-288gb,B300,288GB,SXM,EFA,3Y,NonInterruptible,Reserved,US-East,US,HIF,T1IF,T1,7.6905,True,local-nvme;managed-ops-plane;support-tier;observability,Available,v2.4.0,panel,us-east-1
2026-09-03,aws,b300-sxm-288gb,B300,288GB,SXM,EFA,3Y,NonInterruptible,Reserved,US-West,US,HIF,T1IF,T1,7.6905,True,local-nvme;managed-ops-plane;support-tier;observability,Available,v2.4.0,panel,us-west-2
2026-09-03,aws,b300-sxm-288gb,B300,288GB,SXM,EFA,OnDemand,Interruptible,Spot,APAC,APAC,DIF,T2IF,T1,4.4593,False,,Available,v2.4.0,panel,ap-northeast-2c
2026-09-03,aws,b300-sxm-288gb,B300,288GB,SXM,EFA,OnDemand,Interruptible,Spot,APAC,APAC,DIF,T2IF,T1,5.8413,False,,Available,v2.4.0,panel,ap-southeast-3a
2026-09-03,aws,b300-sxm-288gb,B300,288GB,SXM,EFA,OnDemand,Interruptible,Spot,APAC,APAC,DIF,T2IF,T1,5.8413,False,,Available,v2.4.0,panel,ap-southeast-3c
2026-09-03,aws,b300-sxm-288gb,B300,288GB,SXM,EFA,OnDemand,Interruptible,Spot,Other,Other,DIF,T2IF,T1,3.8491,False,,Available,v2.4.0,panel,sa-east-1b
2026-09-03,aws,b300-sxm-288gb,B300,288GB,SXM,EFA,OnDemand,Interruptible,Spot,Other,Other,DIF,T2IF,T1,4.0011,False,,Available,v2.4.0,panel,sa-east-1c
2026-09-03,aws,b300-sxm-288gb,B300,288GB,SXM,EFA,OnDemand,Interruptible,Spot,US-East,US,DIF,T2IF,T1,5.4868,False,,Available,v2.4.0,panel,us-east-1b
2026-09-03,aws,b300-sxm-288gb,B300,288GB,SXM,EFA,OnDemand,Interruptible,Spot,US-East,US,DIF,T2IF,T1,5.5709,False,,Available,v2.4.0,panel,us-east-1d
2026-09-03,aws,b300-sxm-288gb,B300,288GB,SXM,EFA,OnDemand,Interruptible,Spot,US-West,US,DIF,T2IF,T1,6.4269,False,,Available,v2.4.0,panel,us-west-2a
2026-09-03,aws,b300-sxm-288gb,B300,288GB,SXM,EFA,OnDemand,Interruptible,Spot,US-West,US,DIF,T2IF,T1,6.3040,False,,Available,v2.4.0,panel,us-west-2b
2026-09-03,aws_capacity_blocks,b300-sxm-288gb,B300,288GB,SXM,EFA,CapacityBlock,NonInterruptible,Reserved,Other,Other,HIF,T2IF,T1,14.0400,False,,Available,v2.4.0,term-panel,non-us
2026-09-03,aws_capacity_blocks,b300-sxm-288gb,B300,288GB,SXM,EFA,CapacityBlock,NonInterruptible,Reserved,US-East,US,HIF,T2IF,T1,14.0400,False,,Available,v2.4.0,term-panel,us-east-1
2026-09-03,coreweave,b300-sxm-288gb,B300,288GB,SXM,IB-NDR,OnDemand,Interruptible,Spot,EU,EU,DIF,T2IF,T2,4.5875,False,,Available,v2.4.0,panel,EU
2026-09-03,coreweave,b300-sxm-288gb,B300,288GB,SXM,IB-NDR,OnDemand,Interruptible,Spot,US-East,US,DIF,T2IF,T2,4.4800,False,,Available,v2.4.0,panel,US
2026-09-03,datacrunch,b300-sxm-288gb,B300,288GB,SXM,IB-NDR,OnDemand,NonInterruptible,OnDemand,EU,EU,SIF,T2IF,T2,7.5000,True,local-nvme,Available,v2.4.0,panel,EU-FI
2026-09-03,datacrunch,b300-sxm-288gb,B300,288GB,SXM,IB-NDR,1M,NonInterruptible,Reserved,EU,EU,SIF,T2IF,T2,7.3500,True,local-nvme,Available,v2.4.0,panel,EU-FI
2026-09-03,datacrunch,b300-sxm-288gb,B300,288GB,SXM,IB-NDR,1Y,NonInterruptible,Reserved,EU,EU,SIF,T2IF,T2,6.9000,True,local-nvme,Available,v2.4.0,panel,EU-FI
2026-09-03,datacrunch,b300-sxm-288gb,B300,288GB,SXM,IB-NDR,2Y,NonInterruptible,Reserved,EU,EU,SIF,T2IF,T2,5.6250,True,local-nvme,Available,v2.4.0,panel,EU-FI
2026-09-03,datacrunch,b300-sxm-288gb,B300,288GB,SXM,IB-NDR,3M,NonInterruptible,Reserved,EU,EU,SIF,T2IF,T2,7.2750,True,local-nvme,Available,v2.4.0,panel,EU-FI
2026-09-03,datacrunch,b300-sxm-288gb,B300,288GB,SXM,IB-NDR,6M,NonInterruptible,Reserved,EU,EU,SIF,T2IF,T2,7.2000,True,local-nvme,Available,v2.4.0,panel,EU-FI
2026-09-03,datacrunch,b300-sxm-288gb,B300,288GB,SXM,IB-NDR,OnDemand,Interruptible,Spot,EU,EU,DIF,T2IF,T2,3.7500,True,local-nvme,Available,v2.4.0,panel,EU-FI
2026-09-03,deepinfra_gpu,b300-sxm-288gb,B300,288GB,SXM,,OnDemand,NonInterruptible,OnDemand,Other,Other,SIF,T2IF,T2,4.8900,False,,Available,v2.4.0,panel,undisclosed
2026-09-03,digitalocean,b300-sxm-288gb,B300,288GB,SXM,Ethernet,OnDemand,NonInterruptible,OnDemand,US-East,US,SIF,,T2,11.1900,True,local-nvme,Available,v2.4.0,panel,US
2026-09-03,digitalocean,b300-sxm-288gb,B300,288GB,SXM,Ethernet,1Y,NonInterruptible,Reserved,US-East,US,SIF,,T2,7.9400,True,local-nvme,Available,v2.4.0,panel,US
2026-09-03,digitalocean,b300-sxm-288gb,B300,288GB,SXM,Ethernet,OnDemand,Interruptible,Spot,US-East,US,DIF,,T2,11.1900,True,local-nvme,Available,v2.4.0,panel,US
2026-09-03,gcore,b300-sxm-288gb,B300,288GB,SXM,Unknown,OnDemand,NonInterruptible,OnDemand,EU,EU,IIF,T2IF,T2,6.9468,False,,Available,v2.4.0,panel,EU
2026-09-03,hyperstack,b300-sxm-288gb,B300,288GB,SXM,IB-NDR,OnDemand,NonInterruptible,OnDemand,Other,Other,SIF,T2IF,T2,7.4000,True,local-nvme,Available,v2.4.0,panel,Multi
2026-09-03,latitude,b300-sxm-288gb,B300,288GB,SXM,RoCE,OnDemand,NonInterruptible,OnDemand,US-East,US,SIF,T2IF,T2,16.0000,True,local-nvme;free-egress,SoldOut,v2.4.0,panel,united-states
2026-09-03,latitude,b300-sxm-288gb,B300,288GB,SXM,RoCE,1M,NonInterruptible,Reserved,US-East,US,SIF,T2IF,T2,8.0000,True,local-nvme;free-egress,SoldOut,v2.4.0,panel,united-states
2026-09-03,latitude,b300-sxm-288gb,B300,288GB,SXM,RoCE,1Y,NonInterruptible,Reserved,US-East,US,SIF,T2IF,T2,5.6000,True,local-nvme;free-egress,SoldOut,v2.4.0,panel,united-states
2026-09-03,lyceum,b300-sxm-288gb,B300,288GB,SXM,,OnDemand,NonInterruptible,OnDemand,Other,Other,SIF,T2IF,T2,7.9900,False,,Available,v2.4.0,candidate,EU (undisclosed)
2026-09-03,lyceum,b300-sxm-288gb,B300,288GB,SXM,,OnDemand,NonInterruptible,OnDemand,Other,Other,SIF,T2IF,T2,8.4900,False,,Available,v2.4.0,candidate,EU (undisclosed)
2026-09-03,massed_compute,b300-sxm-288gb,B300,288GB,SXM,Unknown,OnDemand,NonInterruptible,OnDemand,US-East,US,DIF,T3IF,T3,6.6000,False,,Available,v2.4.0,panel,US
2026-09-03,nebius,b300-sxm-288gb,B300,288GB,SXM,IB-NDR,OnDemand,NonInterruptible,OnDemand,Other,Other,IIF,T1IF,T2,7.8500,True,observability;managed-ops-plane;free-egress,Available,v2.4.0,panel,
2026-09-03,nebius,b300-sxm-288gb,B300,288GB,SXM,IB-NDR,OnDemand,Interruptible,Spot,Other,Other,DIF,T1IF,T2,4.3000,True,observability;managed-ops-plane;free-egress,Available,v2.4.0,panel,
2026-09-03,oci,b300-sxm-288gb,B300,288GB,SXM,RoCE-v2,OnDemand,NonInterruptible,OnDemand,US-East,US,HIF,T1IF,T1,15.0000,True,local-nvme;egress-capped;managed-ops-plane;support-tier;observability,Available,v2.4.0,panel,us-ashburn-1
2026-09-03,qubrid,b300-sxm-288gb,B300,288GB,SXM,Unknown,1Y,NonInterruptible,Reserved,Other,Other,SIF,T2IF,T2,5.5565,False,,Available,v2.4.0,panel,
2026-09-03,runpod_community,b300-sxm-288gb,B300,288GB,SXM,Unknown,OnDemand,NonInterruptible,OnDemand,Other,Other,DIF,T3IF,T3,6.9400,False,,SoldOut,v2.4.0,panel,Global
2026-09-03,runpod_secure,b300-sxm-288gb,B300,288GB,SXM,IB-NDR,OnDemand,NonInterruptible,OnDemand,Other,Other,DIF,T2IF,T3,7.8900,True,local-nvme,Available,v2.4.0,panel,Global
2026-09-03,scaleway,b300-sxm-288gb,B300,288GB,SXM,Unknown,OnDemand,NonInterruptible,OnDemand,EU,EU,SIF,T3IF,T2,8.6835,True,local-nvme,Available,v2.4.0,panel,fr-par-2
2026-09-03,spheron,b300-sxm-288gb,B300,288GB,SXM,Unknown,OnDemand,NonInterruptible,OnDemand,EU,EU,DIF,T3IF,T3,10.2700,False,,Available,v2.4.0,panel,uk-south-1
2026-09-03,spheron,b300-sxm-288gb,B300,288GB,SXM,Unknown,OnDemand,Interruptible,Spot,EU,EU,DIF,T3IF,T3,5.8455,False,,Available,v2.4.0,panel,uk-south-1
2026-09-03,vast_ai,b300-sxm-288gb,B300,288GB,SXM,IB-NDR,OnDemand,NonInterruptible,OnDemand,Other,Other,DIF,T3IF,T3,13.7500,False,,Available,v2.4.0,marketplace,", CA"
2026-09-03,vast_ai,b300-sxm-288gb,B300,288GB,SXM,IB-NDR,OnDemand,NonInterruptible,OnDemand,US-West,US,DIF,T3IF,T3,10.0000,False,,Available,v2.4.0,marketplace,"CALIFORNIA, US"
2026-09-04,aws,b300-sxm-288gb,B300,288GB,SXM,EFA,OnDemand,NonInterruptible,OnDemand,APAC,APAC,HIF,T1IF,T1,26.1467,True,local-nvme;managed-ops-plane;support-tier;observability,Available,v2.4.0,panel,ap-northeast-2
2026-09-04,aws,b300-sxm-288gb,B300,288GB,SXM,EFA,OnDemand,NonInterruptible,OnDemand,APAC,APAC,HIF,T1IF,T1,25.1008,True,local-nvme;managed-ops-plane;support-tier;observability,Available,v2.4.0,panel,ap-south-2
2026-09-04,aws,b300-sxm-288gb,B300,288GB,SXM,EFA,OnDemand,NonInterruptible,OnDemand,APAC,APAC,HIF,T1IF,T1,28.8663,True,local-nvme;managed-ops-plane;support-tier;observability,Available,v2.4.0,panel,ap-southeast-3
2026-09-04,aws,b300-sxm-288gb,B300,288GB,SXM,EFA,OnDemand,NonInterruptible,OnDemand,US-East,US,HIF,T1IF,T1,17.8020,True,local-nvme;managed-ops-plane;support-tier;observability,Available,v2.4.0,panel,us-east-1
2026-09-04,aws,b300-sxm-288gb,B300,288GB,SXM,EFA,OnDemand,NonInterruptible,OnDemand,US-West,US,HIF,T1IF,T1,17.8020,True,local-nvme;managed-ops-plane;support-tier;observability,Available,v2.4.0,panel,us-west-2
2026-09-04,aws,b300-sxm-288gb,B300,288GB,SXM,EFA,3Y,NonInterruptible,Reserved,APAC,APAC,HIF,T1IF,T1,11.2954,True,local-nvme;managed-ops-plane;support-tier;observability,Available,v2.4.0,panel,ap-northeast-2
2026-09-04,aws,b300-sxm-288gb,B300,288GB,SXM,EFA,3Y,NonInterruptible,Reserved,APAC,APAC,HIF,T1IF,T1,10.8436,True,local-nvme;managed-ops-plane;support-tier;observability,Available,v2.4.0,panel,ap-south-2
2026-09-04,aws,b300-sxm-288gb,B300,288GB,SXM,EFA,3Y,NonInterruptible,Reserved,APAC,APAC,HIF,T1IF,T1,12.4702,True,local-nvme;managed-ops-plane;support-tier;observability,Available,v2.4.0,panel,ap-southeast-3
2026-09-04,aws,b300-sxm-288gb,B300,288GB,SXM,EFA,3Y,NonInterruptible,Reserved,Other,Other,HIF,T1IF,T1,15.1810,True,local-nvme;managed-ops-plane;support-tier;observability,Available,v2.4.0,panel,sa-east-1
2026-09-04,aws,b300-sxm-288gb,B300,288GB,SXM,EFA,3Y,NonInterruptible,Reserved,US-East,US,HIF,T1IF,T1,7.6905,True,local-nvme;managed-ops-plane;support-tier;observability,Available,v2.4.0,panel,us-east-1
2026-09-04,aws,b300-sxm-288gb,B300,288GB,SXM,EFA,3Y,NonInterruptible,Reserved,US-West,US,HIF,T1IF,T1,7.6905,True,local-nvme;managed-ops-plane;support-tier;observability,Available,v2.4.0,panel,us-west-2
2026-09-04,aws,b300-sxm-288gb,B300,288GB,SXM,EFA,OnDemand,Interruptible,Spot,APAC,APAC,DIF,T2IF,T1,4.6566,False,,Available,v2.4.0,panel,ap-northeast-2c
2026-09-04,aws,b300-sxm-288gb,B300,288GB,SXM,EFA,OnDemand,Interruptible,Spot,APAC,APAC,DIF,T2IF,T1,8.6096,False,,Available,v2.4.0,panel,ap-south-2a
2026-09-04,aws,b300-sxm-288gb,B300,288GB,SXM,EFA,OnDemand,Interruptible,Spot,APAC,APAC,DIF,T2IF,T1,8.6096,False,,Available,v2.4.0,panel,ap-south-2c
2026-09-04,aws,b300-sxm-288gb,B300,288GB,SXM,EFA,OnDemand,Interruptible,Spot,APAC,APAC,DIF,T2IF,T1,5.8413,False,,Available,v2.4.0,panel,ap-southeast-3a
2026-09-04,aws,b300-sxm-288gb,B300,288GB,SXM,EFA,OnDemand,Interruptible,Spot,APAC,APAC,DIF,T2IF,T1,5.8413,False,,Available,v2.4.0,panel,ap-southeast-3c
2026-09-04,aws,b300-sxm-288gb,B300,288GB,SXM,EFA,OnDemand,Interruptible,Spot,Other,Other,DIF,T2IF,T1,3.9404,False,,Available,v2.4.0,panel,sa-east-1b
2026-09-04,aws,b300-sxm-288gb,B300,288GB,SXM,EFA,OnDemand,Interruptible,Spot,Other,Other,DIF,T2IF,T1,4.2114,False,,Available,v2.4.0,panel,sa-east-1c
2026-09-04,aws,b300-sxm-288gb,B300,288GB,SXM,EFA,OnDemand,Interruptible,Spot,US-East,US,DIF,T2IF,T1,5.5037,False,,Available,v2.4.0,panel,us-east-1b
2026-09-04,aws,b300-sxm-288gb,B300,288GB,SXM,EFA,OnDemand,Interruptible,Spot,US-East,US,DIF,T2IF,T1,5.5747,False,,Available,v2.4.0,panel,us-east-1d
2026-09-04,aws,b300-sxm-288gb,B300,288GB,SXM,EFA,OnDemand,Interruptible,Spot,US-West,US,DIF,T2IF,T1,6.4480,False,,Available,v2.4.0,panel,us-west-2a
2026-09-04,aws,b300-sxm-288gb,B300,288GB,SXM,EFA,OnDemand,Interruptible,Spot,US-West,US,DIF,T2IF,T1,6.3204,False,,Available,v2.4.0,panel,us-west-2b
2026-09-04,aws_capacity_blocks,b300-sxm-288gb,B300,288GB,SXM,EFA,CapacityBlock,NonInterruptible,Reserved,Other,Other,HIF,T2IF,T1,14.0400,False,,Available,v2.4.0,term-panel,non-us
2026-09-04,aws_capacity_blocks,b300-sxm-288gb,B300,288GB,SXM,EFA,CapacityBlock,NonInterruptible,Reserved,US-East,US,HIF,T2IF,T1,14.0400,False,,Available,v2.4.0,term-panel,us-east-1
2026-09-04,coreweave,b300-sxm-288gb,B300,288GB,SXM,IB-NDR,OnDemand,Interruptible,Spot,EU,EU,DIF,T2IF,T2,4.5875,False,,Available,v2.4.0,panel,EU
2026-09-04,coreweave,b300-sxm-288gb,B300,288GB,SXM,IB-NDR,OnDemand,Interruptible,Spot,US-East,US,DIF,T2IF,T2,4.4800,False,,Available,v2.4.0,panel,US
2026-09-04,datacrunch,b300-sxm-288gb,B300,288GB,SXM,IB-NDR,OnDemand,NonInterruptible,OnDemand,EU,EU,SIF,T2IF,T2,7.5000,True,local-nvme,Available,v2.4.0,panel,EU-FI
2026-09-04,datacrunch,b300-sxm-288gb,B300,288GB,SXM,IB-NDR,1M,NonInterruptible,Reserved,EU,EU,SIF,T2IF,T2,7.3500,True,local-nvme,Available,v2.4.0,panel,EU-FI
2026-09-04,datacrunch,b300-sxm-288gb,B300,288GB,SXM,IB-NDR,1Y,NonInterruptible,Reserved,EU,EU,SIF,T2IF,T2,6.9000,True,local-nvme,Available,v2.4.0,panel,EU-FI
2026-09-04,datacrunch,b300-sxm-288gb,B300,288GB,SXM,IB-NDR,2Y,NonInterruptible,Reserved,EU,EU,SIF,T2IF,T2,5.6250,True,local-nvme,Available,v2.4.0,panel,EU-FI
2026-09-04,datacrunch,b300-sxm-288gb,B300,288GB,SXM,IB-NDR,3M,NonInterruptible,Reserved,EU,EU,SIF,T2IF,T2,7.2750,True,local-nvme,Available,v2.4.0,panel,EU-FI
2026-09-04,datacrunch,b300-sxm-288gb,B300,288GB,SXM,IB-NDR,6M,NonInterruptible,Reserved,EU,EU,SIF,T2IF,T2,7.2000,True,local-nvme,Available,v2.4.0,panel,EU-FI
2026-09-04,datacrunch,b300-sxm-288gb,B300,288GB,SXM,IB-NDR,OnDemand,Interruptible,Spot,EU,EU,DIF,T2IF,T2,3.7500,True,local-nvme,Available,v2.4.0,panel,EU-FI
2026-09-04,deepinfra_gpu,b300-sxm-288gb,B300,288GB,SXM,,OnDemand,NonInterruptible,OnDemand,Other,Other,SIF,T2IF,T2,4.8900,False,,Available,v2.4.0,panel,undisclosed
2026-09-04,digitalocean,b300-sxm-288gb,B300,288GB,SXM,Ethernet,OnDemand,NonInterruptible,OnDemand,US-East,US,SIF,,T2,11.1900,True,local-nvme,Available,v2.4.0,panel,US
2026-09-04,digitalocean,b300-sxm-288gb,B300,288GB,SXM,Ethernet,1Y,NonInterruptible,Reserved,US-East,US,SIF,,T2,7.9400,True,local-nvme,Available,v2.4.0,panel,US
2026-09-04,digitalocean,b300-sxm-288gb,B300,288GB,SXM,Ethernet,OnDemand,Interruptible,Spot,US-East,US,DIF,,T2,11.1900,True,local-nvme,Available,v2.4.0,panel,US
2026-09-04,gcore,b300-sxm-288gb,B300,288GB,SXM,Unknown,OnDemand,NonInterruptible,OnDemand,EU,EU,IIF,T2IF,T2,6.9690,False,,Available,v2.4.0,panel,EU
2026-09-04,hyperstack,b300-sxm-288gb,B300,288GB,SXM,IB-NDR,OnDemand,NonInterruptible,OnDemand,Other,Other,SIF,T2IF,T2,7.4000,True,local-nvme,Available,v2.4.0,panel,Multi
2026-09-04,latitude,b300-sxm-288gb,B300,288GB,SXM,RoCE,OnDemand,NonInterruptible,OnDemand,US-East,US,SIF,T2IF,T2,16.0000,True,local-nvme;free-egress,SoldOut,v2.4.0,panel,united-states
2026-09-04,latitude,b300-sxm-288gb,B300,288GB,SXM,RoCE,1M,NonInterruptible,Reserved,US-East,US,SIF,T2IF,T2,8.0000,True,local-nvme;free-egress,SoldOut,v2.4.0,panel,united-states
2026-09-04,latitude,b300-sxm-288gb,B300,288GB,SXM,RoCE,1Y,NonInterruptible,Reserved,US-East,US,SIF,T2IF,T2,5.6000,True,local-nvme;free-egress,SoldOut,v2.4.0,panel,united-states
2026-09-04,lyceum,b300-sxm-288gb,B300,288GB,SXM,,OnDemand,NonInterruptible,OnDemand,Other,Other,SIF,T2IF,T2,8.4900,False,,Available,v2.4.0,candidate,EU (undisclosed)
2026-09-04,lyceum,b300-sxm-288gb,B300,288GB,SXM,,OnDemand,NonInterruptible,OnDemand,Other,Other,SIF,T2IF,T2,7.9900,False,,Available,v2.4.0,candidate,EU (undisclosed)
2026-09-04,massed_compute,b300-sxm-288gb,B300,288GB,SXM,Unknown,OnDemand,NonInterruptible,OnDemand,US-East,US,DIF,T3IF,T3,6.6000,False,,Available,v2.4.0,panel,US
2026-09-04,nebius,b300-sxm-288gb,B300,288GB,SXM,IB-NDR,OnDemand,NonInterruptible,OnDemand,Other,Other,IIF,T1IF,T2,7.8500,True,observability;managed-ops-plane;free-egress,Available,v2.4.0,panel,
2026-09-04,nebius,b300-sxm-288gb,B300,288GB,SXM,IB-NDR,OnDemand,Interruptible,Spot,Other,Other,DIF,T1IF,T2,4.3000,True,observability;managed-ops-plane;free-egress,Available,v2.4.0,panel,
2026-09-04,oci,b300-sxm-288gb,B300,288GB,SXM,RoCE-v2,OnDemand,NonInterruptible,OnDemand,US-East,US,HIF,T1IF,T1,15.0000,True,local-nvme;egress-capped;managed-ops-plane;support-tier;observability,Available,v2.4.0,panel,us-ashburn-1
2026-09-04,qubrid,b300-sxm-288gb,B300,288GB,SXM,Unknown,1Y,NonInterruptible,Reserved,Other,Other,SIF,T2IF,T2,5.5565,False,,Available,v2.4.0,panel,
2026-09-04,runpod_community,b300-sxm-288gb,B300,288GB,SXM,Unknown,OnDemand,NonInterruptible,OnDemand,Other,Other,DIF,T3IF,T3,6.9400,False,,SoldOut,v2.4.0,panel,Global
2026-09-04,runpod_secure,b300-sxm-288gb,B300,288GB,SXM,IB-NDR,OnDemand,NonInterruptible,OnDemand,Other,Other,DIF,T2IF,T3,7.8900,True,local-nvme,Available,v2.4.0,panel,Global
2026-09-04,scaleway,b300-sxm-288gb,B300,288GB,SXM,Unknown,OnDemand,NonInterruptible,OnDemand,EU,EU,SIF,T3IF,T2,8.7113,True,local-nvme,Available,v2.4.0,panel,fr-par-2
2026-09-04,spheron,b300-sxm-288gb,B300,288GB,SXM,Unknown,OnDemand,NonInterruptible,OnDemand,EU,EU,DIF,T3IF,T3,10.2700,False,,Available,v2.4.0,panel,uk-south-1
2026-09-04,spheron,b300-sxm-288gb,B300,288GB,SXM,Unknown,OnDemand,Interruptible,Spot,EU,EU,DIF,T3IF,T3,5.8455,False,,Available,v2.4.0,panel,uk-south-1
2026-09-04,vast_ai,b300-sxm-288gb,B300,288GB,SXM,IB-NDR,OnDemand,NonInterruptible,OnDemand,US-West,US,DIF,T3IF,T3,10.0000,False,,Available,v2.4.0,marketplace,"CALIFORNIA, US"
2026-09-05,aws,b300-sxm-288gb,B300,288GB,SXM,EFA,OnDemand,NonInterruptible,OnDemand,APAC,APAC,HIF,T1IF,T1,26.1467,True,local-nvme;managed-ops-plane;support-tier;observability,Available,v2.4.0,panel,ap-northeast-2
2026-09-05,aws,b300-sxm-288gb,B300,288GB,SXM,EFA,OnDemand,NonInterruptible,OnDemand,APAC,APAC,HIF,T1IF,T1,25.1008,True,local-nvme;managed-ops-plane;support-tier;observability,Available,v2.4.0,panel,ap-south-2
2026-09-05,aws,b300-sxm-288gb,B300,288GB,SXM,EFA,OnDemand,NonInterruptible,OnDemand,APAC,APAC,HIF,T1IF,T1,28.8663,True,local-nvme;managed-ops-plane;support-tier;observability,Available,v2.4.0,panel,ap-southeast-3
2026-09-05,aws,b300-sxm-288gb,B300,288GB,SXM,EFA,OnDemand,NonInterruptible,OnDemand,US-East,US,HIF,T1IF,T1,17.8020,True,local-nvme;managed-ops-plane;support-tier;observability,Available,v2.4.0,panel,us-east-1
2026-09-05,aws,b300-sxm-288gb,B300,288GB,SXM,EFA,OnDemand,NonInterruptible,OnDemand,US-West,US,HIF,T1IF,T1,17.8020,True,local-nvme;managed-ops-plane;support-tier;observability,Available,v2.4.0,panel,us-west-2
2026-09-05,aws,b300-sxm-288gb,B300,288GB,SXM,EFA,3Y,NonInterruptible,Reserved,APAC,APAC,HIF,T1IF,T1,11.2954,True,local-nvme;managed-ops-plane;support-tier;observability,Available,v2.4.0,panel,ap-northeast-2
2026-09-05,aws,b300-sxm-288gb,B300,288GB,SXM,EFA,3Y,NonInterruptible,Reserved,APAC,APAC,HIF,T1IF,T1,10.8436,True,local-nvme;managed-ops-plane;support-tier;observability,Available,v2.4.0,panel,ap-south-2
2026-09-05,aws,b300-sxm-288gb,B300,288GB,SXM,EFA,3Y,NonInterruptible,Reserved,APAC,APAC,HIF,T1IF,T1,12.4702,True,local-nvme;managed-ops-plane;support-tier;observability,Available,v2.4.0,panel,ap-southeast-3
2026-09-05,aws,b300-sxm-288gb,B300,288GB,SXM,EFA,3Y,NonInterruptible,Reserved,Other,Other,HIF,T1IF,T1,15.1810,True,local-nvme;managed-ops-plane;support-tier;observability,Available,v2.4.0,panel,sa-east-1
2026-09-05,aws,b300-sxm-288gb,B300,288GB,SXM,EFA,3Y,NonInterruptible,Reserved,US-East,US,HIF,T1IF,T1,7.6905,True,local-nvme;managed-ops-plane;support-tier;observability,Available,v2.4.0,panel,us-east-1
2026-09-05,aws,b300-sxm-288gb,B300,288GB,SXM,EFA,3Y,NonInterruptible,Reserved,US-West,US,HIF,T1IF,T1,7.6905,True,local-nvme;managed-ops-plane;support-tier;observability,Available,v2.4.0,panel,us-west-2
2026-09-05,aws,b300-sxm-288gb,B300,288GB,SXM,EFA,OnDemand,Interruptible,Spot,APAC,APAC,DIF,T2IF,T1,4.9999,False,,Available,v2.4.0,panel,ap-northeast-2c
2026-09-05,aws,b300-sxm-288gb,B300,288GB,SXM,EFA,OnDemand,Interruptible,Spot,APAC,APAC,DIF,T2IF,T1,8.0483,False,,Available,v2.4.0,panel,ap-south-2a
2026-09-05,aws,b300-sxm-288gb,B300,288GB,SXM,EFA,OnDemand,Interruptible,Spot,APAC,APAC,DIF,T2IF,T1,8.2655,False,,Available,v2.4.0,panel,ap-south-2c
2026-09-05,aws,b300-sxm-288gb,B300,288GB,SXM,EFA,OnDemand,Interruptible,Spot,APAC,APAC,DIF,T2IF,T1,5.7204,False,,Available,v2.4.0,panel,ap-southeast-3a
2026-09-05,aws,b300-sxm-288gb,B300,288GB,SXM,EFA,OnDemand,Interruptible,Spot,APAC,APAC,DIF,T2IF,T1,5.4289,False,,Available,v2.4.0,panel,ap-southeast-3c
2026-09-05,aws,b300-sxm-288gb,B300,288GB,SXM,EFA,OnDemand,Interruptible,Spot,Other,Other,DIF,T2IF,T1,4.1954,False,,Available,v2.4.0,panel,sa-east-1b
2026-09-05,aws,b300-sxm-288gb,B300,288GB,SXM,EFA,OnDemand,Interruptible,Spot,Other,Other,DIF,T2IF,T1,4.4968,False,,Available,v2.4.0,panel,sa-east-1c
2026-09-05,aws,b300-sxm-288gb,B300,288GB,SXM,EFA,OnDemand,Interruptible,Spot,US-East,US,DIF,T2IF,T1,5.5020,False,,Available,v2.4.0,panel,us-east-1b
2026-09-05,aws,b300-sxm-288gb,B300,288GB,SXM,EFA,OnDemand,Interruptible,Spot,US-East,US,DIF,T2IF,T1,5.5781,False,,Available,v2.4.0,panel,us-east-1d
2026-09-05,aws,b300-sxm-288gb,B300,288GB,SXM,EFA,OnDemand,Interruptible,Spot,US-West,US,DIF,T2IF,T1,6.4625,False,,Available,v2.4.0,panel,us-west-2a
2026-09-05,aws,b300-sxm-288gb,B300,288GB,SXM,EFA,OnDemand,Interruptible,Spot,US-West,US,DIF,T2IF,T1,6.3330,False,,Available,v2.4.0,panel,us-west-2b
2026-09-05,aws_capacity_blocks,b300-sxm-288gb,B300,288GB,SXM,EFA,CapacityBlock,NonInterruptible,Reserved,Other,Other,HIF,T2IF,T1,14.0400,False,,Available,v2.4.0,term-panel,non-us
2026-09-05,aws_capacity_blocks,b300-sxm-288gb,B300,288GB,SXM,EFA,CapacityBlock,NonInterruptible,Reserved,US-East,US,HIF,T2IF,T1,14.0400,False,,Available,v2.4.0,term-panel,us-east-1
2026-09-05,coreweave,b300-sxm-288gb,B300,288GB,SXM,IB-NDR,OnDemand,Interruptible,Spot,EU,EU,DIF,T2IF,T2,4.5875,False,,Available,v2.4.0,panel,EU
2026-09-05,coreweave,b300-sxm-288gb,B300,288GB,SXM,IB-NDR,OnDemand,Interruptible,Spot,US-East,US,DIF,T2IF,T2,4.4800,False,,Available,v2.4.0,panel,US
2026-09-05,datacrunch,b300-sxm-288gb,B300,288GB,SXM,IB-NDR,OnDemand,NonInterruptible,OnDemand,EU,EU,SIF,T2IF,T2,7.5000,True,local-nvme,Available,v2.4.0,panel,EU-FI
2026-09-05,datacrunch,b300-sxm-288gb,B300,288GB,SXM,IB-NDR,1M,NonInterruptible,Reserved,EU,EU,SIF,T2IF,T2,7.3500,True,local-nvme,Available,v2.4.0,panel,EU-FI
2026-09-05,datacrunch,b300-sxm-288gb,B300,288GB,SXM,IB-NDR,1Y,NonInterruptible,Reserved,EU,EU,SIF,T2IF,T2,6.9000,True,local-nvme,Available,v2.4.0,panel,EU-FI
2026-09-05,datacrunch,b300-sxm-288gb,B300,288GB,SXM,IB-NDR,2Y,NonInterruptible,Reserved,EU,EU,SIF,T2IF,T2,5.6250,True,local-nvme,Available,v2.4.0,panel,EU-FI
2026-09-05,datacrunch,b300-sxm-288gb,B300,288GB,SXM,IB-NDR,3M,NonInterruptible,Reserved,EU,EU,SIF,T2IF,T2,7.2750,True,local-nvme,Available,v2.4.0,panel,EU-FI
2026-09-05,datacrunch,b300-sxm-288gb,B300,288GB,SXM,IB-NDR,6M,NonInterruptible,Reserved,EU,EU,SIF,T2IF,T2,7.2000,True,local-nvme,Available,v2.4.0,panel,EU-FI
2026-09-05,datacrunch,b300-sxm-288gb,B300,288GB,SXM,IB-NDR,OnDemand,Interruptible,Spot,EU,EU,DIF,T2IF,T2,3.7500,True,local-nvme,Available,v2.4.0,panel,EU-FI
2026-09-05,deepinfra_gpu,b300-sxm-288gb,B300,288GB,SXM,,OnDemand,NonInterruptible,OnDemand,Other,Other,SIF,T2IF,T2,4.8900,False,,Available,v2.4.0,panel,undisclosed
2026-09-05,digitalocean,b300-sxm-288gb,B300,288GB,SXM,Ethernet,OnDemand,NonInterruptible,OnDemand,US-East,US,SIF,,T2,11.1900,True,local-nvme,Available,v2.4.0,panel,US
2026-09-05,digitalocean,b300-sxm-288gb,B300,288GB,SXM,Ethernet,1Y,NonInterruptible,Reserved,US-East,US,SIF,,T2,7.9400,True,local-nvme,Available,v2.4.0,panel,US
2026-09-05,digitalocean,b300-sxm-288gb,B300,288GB,SXM,Ethernet,OnDemand,Interruptible,Spot,US-East,US,DIF,,T2,11.1900,True,local-nvme,Available,v2.4.0,panel,US
2026-09-05,gcore,b300-sxm-288gb,B300,288GB,SXM,Unknown,OnDemand,NonInterruptible,OnDemand,EU,EU,IIF,T2IF,T2,6.9732,False,,Available,v2.4.0,panel,EU
2026-09-05,hyperstack,b300-sxm-288gb,B300,288GB,SXM,IB-NDR,OnDemand,NonInterruptible,OnDemand,Other,Other,SIF,T2IF,T2,7.4000,True,local-nvme,Available,v2.4.0,panel,Multi
2026-09-05,latitude,b300-sxm-288gb,B300,288GB,SXM,RoCE,OnDemand,NonInterruptible,OnDemand,US-East,US,SIF,T2IF,T2,16.0000,True,local-nvme;free-egress,SoldOut,v2.4.0,panel,united-states
2026-09-05,latitude,b300-sxm-288gb,B300,288GB,SXM,RoCE,1M,NonInterruptible,Reserved,US-East,US,SIF,T2IF,T2,8.0000,True,local-nvme;free-egress,SoldOut,v2.4.0,panel,united-states
2026-09-05,latitude,b300-sxm-288gb,B300,288GB,SXM,RoCE,1Y,NonInterruptible,Reserved,US-East,US,SIF,T2IF,T2,5.6000,True,local-nvme;free-egress,SoldOut,v2.4.0,panel,united-states
2026-09-05,lyceum,b300-sxm-288gb,B300,288GB,SXM,,OnDemand,NonInterruptible,OnDemand,Other,Other,SIF,T2IF,T2,7.9900,False,,Available,v2.4.0,candidate,EU (undisclosed)
2026-09-05,lyceum,b300-sxm-288gb,B300,288GB,SXM,,OnDemand,NonInterruptible,OnDemand,Other,Other,SIF,T2IF,T2,8.4900,False,,Available,v2.4.0,candidate,EU (undisclosed)
2026-09-05,massed_compute,b300-sxm-288gb,B300,288GB,SXM,Unknown,OnDemand,NonInterruptible,OnDemand,US-East,US,DIF,T3IF,T3,6.6000,False,,Available,v2.4.0,panel,US
2026-09-05,nebius,b300-sxm-288gb,B300,288GB,SXM,IB-NDR,OnDemand,NonInterruptible,OnDemand,Other,Other,IIF,T1IF,T2,7.8500,True,observability;managed-ops-plane;free-egress,Available,v2.4.0,panel,
2026-09-05,nebius,b300-sxm-288gb,B300,288GB,SXM,IB-NDR,OnDemand,Interruptible,Spot,Other,Other,DIF,T1IF,T2,4.3000,True,observability;managed-ops-plane;free-egress,Available,v2.4.0,panel,
2026-09-05,oci,b300-sxm-288gb,B300,288GB,SXM,RoCE-v2,OnDemand,NonInterruptible,OnDemand,US-East,US,HIF,T1IF,T1,15.0000,True,local-nvme;egress-capped;managed-ops-plane;support-tier;observability,Available,v2.4.0,panel,us-ashburn-1
2026-09-05,qubrid,b300-sxm-288gb,B300,288GB,SXM,Unknown,1Y,NonInterruptible,Reserved,Other,Other,SIF,T2IF,T2,5.5565,False,,Available,v2.4.0,panel,
2026-09-05,runpod_community,b300-sxm-288gb,B300,288GB,SXM,Unknown,OnDemand,NonInterruptible,OnDemand,Other,Other,DIF,T3IF,T3,6.9400,False,,SoldOut,v2.4.0,panel,Global
2026-09-05,runpod_secure,b300-sxm-288gb,B300,288GB,SXM,IB-NDR,OnDemand,NonInterruptible,OnDemand,Other,Other,DIF,T2IF,T3,7.8900,True,local-nvme,SoldOut,v2.4.0,panel,Global
2026-09-05,scaleway,b300-sxm-288gb,B300,288GB,SXM,Unknown,OnDemand,NonInterruptible,OnDemand,EU,EU,SIF,T3IF,T2,8.7165,True,local-nvme,Available,v2.4.0,panel,fr-par-2
2026-09-05,spheron,b300-sxm-288gb,B300,288GB,SXM,Unknown,OnDemand,Interruptible,Spot,EU,EU,DIF,T3IF,T3,5.8455,False,,Available,v2.4.0,panel,uk-south-1
2026-09-05,vast_ai,b300-sxm-288gb,B300,288GB,SXM,IB-NDR,OnDemand,NonInterruptible,OnDemand,Other,Other,DIF,T3IF,T3,13.7500,False,,Available,v2.4.0,marketplace,", CA"
2026-09-05,vast_ai,b300-sxm-288gb,B300,288GB,SXM,IB-NDR,OnDemand,NonInterruptible,OnDemand,EU,EU,DIF,T3IF,T3,10.0000,False,,Available,v2.4.0,marketplace,"CROATIA, HR"
2026-09-06,aws,b300-sxm-288gb,B300,288GB,SXM,EFA,OnDemand,NonInterruptible,OnDemand,APAC,APAC,HIF,T1IF,T1,26.1467,True,local-nvme;managed-ops-plane;support-tier;observability,Available,v2.4.0,panel,ap-northeast-2
2026-09-06,aws,b300-sxm-288gb,B300,288GB,SXM,EFA,OnDemand,NonInterruptible,OnDemand,APAC,APAC,HIF,T1IF,T1,25.1008,True,local-nvme;managed-ops-plane;support-tier;observability,Available,v2.4.0,panel,ap-south-2
2026-09-06,aws,b300-sxm-288gb,B300,288GB,SXM,EFA,OnDemand,NonInterruptible,OnDemand,APAC,APAC,HIF,T1IF,T1,28.8663,True,local-nvme;managed-ops-plane;support-tier;observability,Available,v2.4.0,panel,ap-southeast-3
2026-09-06,aws,b300-sxm-288gb,B300,288GB,SXM,EFA,OnDemand,NonInterruptible,OnDemand,US-East,US,HIF,T1IF,T1,17.8020,True,local-nvme;managed-ops-plane;support-tier;observability,Available,v2.4.0,panel,us-east-1
2026-09-06,aws,b300-sxm-288gb,B300,288GB,SXM,EFA,OnDemand,NonInterruptible,OnDemand,US-West,US,HIF,T1IF,T1,17.8020,True,local-nvme;managed-ops-plane;support-tier;observability,Available,v2.4.0,panel,us-west-2
2026-09-06,aws,b300-sxm-288gb,B300,288GB,SXM,EFA,3Y,NonInterruptible,Reserved,APAC,APAC,HIF,T1IF,T1,11.2954,True,local-nvme;managed-ops-plane;support-tier;observability,Available,v2.4.0,panel,ap-northeast-2
2026-09-06,aws,b300-sxm-288gb,B300,288GB,SXM,EFA,3Y,NonInterruptible,Reserved,APAC,APAC,HIF,T1IF,T1,10.8436,True,local-nvme;managed-ops-plane;support-tier;observability,Available,v2.4.0,panel,ap-south-2
2026-09-06,aws,b300-sxm-288gb,B300,288GB,SXM,EFA,3Y,NonInterruptible,Reserved,APAC,APAC,HIF,T1IF,T1,12.4702,True,local-nvme;managed-ops-plane;support-tier;observability,Available,v2.4.0,panel,ap-southeast-3
2026-09-06,aws,b300-sxm-288gb,B300,288GB,SXM,EFA,3Y,NonInterruptible,Reserved,Other,Other,HIF,T1IF,T1,15.1810,True,local-nvme;managed-ops-plane;support-tier;observability,Available,v2.4.0,panel,sa-east-1
2026-09-06,aws,b300-sxm-288gb,B300,288GB,SXM,EFA,3Y,NonInterruptible,Reserved,US-East,US,HIF,T1IF,T1,7.6905,True,local-nvme;managed-ops-plane;support-tier;observability,Available,v2.4.0,panel,us-east-1
2026-09-06,aws,b300-sxm-288gb,B300,288GB,SXM,EFA,3Y,NonInterruptible,Reserved,US-West,US,HIF,T1IF,T1,7.6905,True,local-nvme;managed-ops-plane;support-tier;observability,Available,v2.4.0,panel,us-west-2
2026-09-06,aws,b300-sxm-288gb,B300,288GB,SXM,EFA,OnDemand,Interruptible,Spot,APAC,APAC,DIF,T2IF,T1,5.0818,False,,Available,v2.4.0,panel,ap-northeast-2c
2026-09-06,aws,b300-sxm-288gb,B300,288GB,SXM,EFA,OnDemand,Interruptible,Spot,APAC,APAC,DIF,T2IF,T1,7.5414,False,,Available,v2.4.0,panel,ap-south-2a
2026-09-06,aws,b300-sxm-288gb,B300,288GB,SXM,EFA,OnDemand,Interruptible,Spot,APAC,APAC,DIF,T2IF,T1,7.8946,False,,Available,v2.4.0,panel,ap-south-2c
2026-09-06,aws,b300-sxm-288gb,B300,288GB,SXM,EFA,OnDemand,Interruptible,Spot,APAC,APAC,DIF,T2IF,T1,5.4811,False,,Available,v2.4.0,panel,ap-southeast-3a
2026-09-06,aws,b300-sxm-288gb,B300,288GB,SXM,EFA,OnDemand,Interruptible,Spot,APAC,APAC,DIF,T2IF,T1,5.0903,False,,Available,v2.4.0,panel,ap-southeast-3c
2026-09-06,aws,b300-sxm-288gb,B300,288GB,SXM,EFA,OnDemand,Interruptible,Spot,Other,Other,DIF,T2IF,T1,4.3725,False,,Available,v2.4.0,panel,sa-east-1b
2026-09-06,aws,b300-sxm-288gb,B300,288GB,SXM,EFA,OnDemand,Interruptible,Spot,Other,Other,DIF,T2IF,T1,4.7020,False,,Available,v2.4.0,panel,sa-east-1c
2026-09-06,aws,b300-sxm-288gb,B300,288GB,SXM,EFA,OnDemand,Interruptible,Spot,US-East,US,DIF,T2IF,T1,5.4935,False,,Available,v2.4.0,panel,us-east-1b
2026-09-06,aws,b300-sxm-288gb,B300,288GB,SXM,EFA,OnDemand,Interruptible,Spot,US-East,US,DIF,T2IF,T1,5.5814,False,,Available,v2.4.0,panel,us-east-1d
2026-09-06,aws,b300-sxm-288gb,B300,288GB,SXM,EFA,OnDemand,Interruptible,Spot,US-West,US,DIF,T2IF,T1,6.4844,False,,Available,v2.4.0,panel,us-west-2a
2026-09-06,aws,b300-sxm-288gb,B300,288GB,SXM,EFA,OnDemand,Interruptible,Spot,US-West,US,DIF,T2IF,T1,6.3617,False,,Available,v2.4.0,panel,us-west-2b
2026-09-06,aws_capacity_blocks,b300-sxm-288gb,B300,288GB,SXM,EFA,CapacityBlock,NonInterruptible,Reserved,Other,Other,HIF,T2IF,T1,14.0400,False,,Available,v2.4.0,term-panel,non-us
2026-09-06,aws_capacity_blocks,b300-sxm-288gb,B300,288GB,SXM,EFA,CapacityBlock,NonInterruptible,Reserved,US-East,US,HIF,T2IF,T1,14.0400,False,,Available,v2.4.0,term-panel,us-east-1
2026-09-06,coreweave,b300-sxm-288gb,B300,288GB,SXM,IB-NDR,OnDemand,Interruptible,Spot,EU,EU,DIF,T2IF,T2,4.5875,False,,Available,v2.4.0,panel,EU
2026-09-06,coreweave,b300-sxm-288gb,B300,288GB,SXM,IB-NDR,OnDemand,Interruptible,Spot,US-East,US,DIF,T2IF,T2,4.4800,False,,Available,v2.4.0,panel,US
2026-09-06,datacrunch,b300-sxm-288gb,B300,288GB,SXM,IB-NDR,OnDemand,NonInterruptible,OnDemand,EU,EU,SIF,T2IF,T2,7.5000,True,local-nvme,Available,v2.4.0,panel,EU-FI
2026-09-06,datacrunch,b300-sxm-288gb,B300,288GB,SXM,IB-NDR,1M,NonInterruptible,Reserved,EU,EU,SIF,T2IF,T2,7.3500,True,local-nvme,Available,v2.4.0,panel,EU-FI
2026-09-06,datacrunch,b300-sxm-288gb,B300,288GB,SXM,IB-NDR,1Y,NonInterruptible,Reserved,EU,EU,SIF,T2IF,T2,6.9000,True,local-nvme,Available,v2.4.0,panel,EU-FI
2026-09-06,datacrunch,b300-sxm-288gb,B300,288GB,SXM,IB-NDR,2Y,NonInterruptible,Reserved,EU,EU,SIF,T2IF,T2,5.6250,True,local-nvme,Available,v2.4.0,panel,EU-FI
2026-09-06,datacrunch,b300-sxm-288gb,B300,288GB,SXM,IB-NDR,3M,NonInterruptible,Reserved,EU,EU,SIF,T2IF,T2,7.2750,True,local-nvme,Available,v2.4.0,panel,EU-FI
2026-09-06,datacrunch,b300-sxm-288gb,B300,288GB,SXM,IB-NDR,6M,NonInterruptible,Reserved,EU,EU,SIF,T2IF,T2,7.2000,True,local-nvme,Available,v2.4.0,panel,EU-FI
2026-09-06,datacrunch,b300-sxm-288gb,B300,288GB,SXM,IB-NDR,OnDemand,Interruptible,Spot,EU,EU,DIF,T2IF,T2,3.7500,True,local-nvme,Available,v2.4.0,panel,EU-FI
2026-09-06,deepinfra_gpu,b300-sxm-288gb,B300,288GB,SXM,,OnDemand,NonInterruptible,OnDemand,Other,Other,SIF,T2IF,T2,4.8900,False,,Available,v2.4.0,panel,undisclosed
2026-09-06,digitalocean,b300-sxm-288gb,B300,288GB,SXM,Ethernet,OnDemand,NonInterruptible,OnDemand,US-East,US,SIF,,T2,11.1900,True,local-nvme,Available,v2.4.0,panel,US
2026-09-06,digitalocean,b300-sxm-288gb,B300,288GB,SXM,Ethernet,1Y,NonInterruptible,Reserved,US-East,US,SIF,,T2,7.9400,True,local-nvme,Available,v2.4.0,panel,US
2026-09-06,digitalocean,b300-sxm-288gb,B300,288GB,SXM,Ethernet,OnDemand,Interruptible,Spot,US-East,US,DIF,,T2,11.1900,True,local-nvme,Available,v2.4.0,panel,US
2026-09-06,gcore,b300-sxm-288gb,B300,288GB,SXM,Unknown,OnDemand,NonInterruptible,OnDemand,EU,EU,IIF,T2IF,T2,6.9732,False,,Available,v2.4.0,panel,EU
2026-09-06,hyperstack,b300-sxm-288gb,B300,288GB,SXM,IB-NDR,OnDemand,NonInterruptible,OnDemand,Other,Other,SIF,T2IF,T2,7.4000,True,local-nvme,Available,v2.4.0,panel,Multi
2026-09-06,latitude,b300-sxm-288gb,B300,288GB,SXM,RoCE,OnDemand,NonInterruptible,OnDemand,US-East,US,SIF,T2IF,T2,16.0000,True,local-nvme;free-egress,SoldOut,v2.4.0,panel,united-states
2026-09-06,latitude,b300-sxm-288gb,B300,288GB,SXM,RoCE,1M,NonInterruptible,Reserved,US-East,US,SIF,T2IF,T2,8.0000,True,local-nvme;free-egress,SoldOut,v2.4.0,panel,united-states
2026-09-06,latitude,b300-sxm-288gb,B300,288GB,SXM,RoCE,1Y,NonInterruptible,Reserved,US-East,US,SIF,T2IF,T2,5.6000,True,local-nvme;free-egress,SoldOut,v2.4.0,panel,united-states
2026-09-06,lyceum,b300-sxm-288gb,B300,288GB,SXM,,OnDemand,NonInterruptible,OnDemand,Other,Other,SIF,T2IF,T2,8.4900,False,,Available,v2.4.0,candidate,EU (undisclosed)
2026-09-06,lyceum,b300-sxm-288gb,B300,288GB,SXM,,OnDemand,NonInterruptible,OnDemand,Other,Other,SIF,T2IF,T2,7.9900,False,,Available,v2.4.0,candidate,EU (undisclosed)
2026-09-06,massed_compute,b300-sxm-288gb,B300,288GB,SXM,Unknown,OnDemand,NonInterruptible,OnDemand,US-East,US,DIF,T3IF,T3,6.6000,False,,Available,v2.4.0,panel,US
2026-09-06,nebius,b300-sxm-288gb,B300,288GB,SXM,IB-NDR,OnDemand,NonInterruptible,OnDemand,Other,Other,IIF,T1IF,T2,7.8500,True,observability;managed-ops-plane;free-egress,Available,v2.4.0,panel,
2026-09-06,nebius,b300-sxm-288gb,B300,288GB,SXM,IB-NDR,OnDemand,Interruptible,Spot,Other,Other,DIF,T1IF,T2,4.3000,True,observability;managed-ops-plane;free-egress,Available,v2.4.0,panel,
2026-09-06,oci,b300-sxm-288gb,B300,288GB,SXM,RoCE-v2,OnDemand,NonInterruptible,OnDemand,US-East,US,HIF,T1IF,T1,15.0000,True,local-nvme;egress-capped;managed-ops-plane;support-tier;observability,Available,v2.4.0,panel,us-ashburn-1
2026-09-06,qubrid,b300-sxm-288gb,B300,288GB,SXM,Unknown,1Y,NonInterruptible,Reserved,Other,Other,SIF,T2IF,T2,5.5565,False,,Available,v2.4.0,panel,
2026-09-06,runpod_community,b300-sxm-288gb,B300,288GB,SXM,Unknown,OnDemand,NonInterruptible,OnDemand,Other,Other,DIF,T3IF,T3,6.9400,False,,SoldOut,v2.4.0,panel,Global
2026-09-06,runpod_secure,b300-sxm-288gb,B300,288GB,SXM,IB-NDR,OnDemand,NonInterruptible,OnDemand,Other,Other,DIF,T2IF,T3,7.8900,True,local-nvme,Available,v2.4.0,panel,Global
2026-09-06,scaleway,b300-sxm-288gb,B300,288GB,SXM,Unknown,OnDemand,NonInterruptible,OnDemand,EU,EU,SIF,T3IF,T2,8.7165,True,local-nvme,Available,v2.4.0,panel,fr-par-2
2026-09-06,spheron,b300-sxm-288gb,B300,288GB,SXM,Unknown,OnDemand,Interruptible,Spot,EU,EU,DIF,T3IF,T3,5.8455,False,,Available,v2.4.0,panel,uk-south-1
2026-09-06,vast_ai,b300-sxm-288gb,B300,288GB,SXM,IB-NDR,OnDemand,NonInterruptible,OnDemand,Other,Other,DIF,T3IF,T3,13.7500,False,,Available,v2.4.0,marketplace,", CA"
2026-09-06,vast_ai,b300-sxm-288gb,B300,288GB,SXM,IB-NDR,OnDemand,NonInterruptible,OnDemand,EU,EU,DIF,T3IF,T3,10.0000,False,,Available,v2.4.0,marketplace,"CROATIA, HR"
2026-09-06,vast_ai,b300-sxm-288gb,B300,288GB,SXM,IB-NDR,OnDemand,NonInterruptible,OnDemand,EU,EU,DIF,T3IF,T3,12.1250,False,,Available,v2.4.0,marketplace,"UNITED KINGDOM, GB"
2026-09-07,aws,b300-sxm-288gb,B300,288GB,SXM,EFA,OnDemand,NonInterruptible,OnDemand,APAC,APAC,HIF,T1IF,T1,26.1467,True,local-nvme;managed-ops-plane;support-tier;observability,Available,v2.4.0,panel,ap-northeast-2
2026-09-07,aws,b300-sxm-288gb,B300,288GB,SXM,EFA,OnDemand,NonInterruptible,OnDemand,APAC,APAC,HIF,T1IF,T1,25.1008,True,local-nvme;managed-ops-plane;support-tier;observability,Available,v2.4.0,panel,ap-south-2
2026-09-07,aws,b300-sxm-288gb,B300,288GB,SXM,EFA,OnDemand,NonInterruptible,OnDemand,APAC,APAC,HIF,T1IF,T1,28.8663,True,local-nvme;managed-ops-plane;support-tier;observability,Available,v2.4.0,panel,ap-southeast-3
2026-09-07,aws,b300-sxm-288gb,B300,288GB,SXM,EFA,OnDemand,NonInterruptible,OnDemand,US-East,US,HIF,T1IF,T1,17.8020,True,local-nvme;managed-ops-plane;support-tier;observability,Available,v2.4.0,panel,us-east-1
2026-09-07,aws,b300-sxm-288gb,B300,288GB,SXM,EFA,OnDemand,NonInterruptible,OnDemand,US-West,US,HIF,T1IF,T1,17.8020,True,local-nvme;managed-ops-plane;support-tier;observability,Available,v2.4.0,panel,us-west-2
2026-09-07,aws,b300-sxm-288gb,B300,288GB,SXM,EFA,3Y,NonInterruptible,Reserved,APAC,APAC,HIF,T1IF,T1,11.2954,True,local-nvme;managed-ops-plane;support-tier;observability,Available,v2.4.0,panel,ap-northeast-2
2026-09-07,aws,b300-sxm-288gb,B300,288GB,SXM,EFA,3Y,NonInterruptible,Reserved,APAC,APAC,HIF,T1IF,T1,10.8436,True,local-nvme;managed-ops-plane;support-tier;observability,Available,v2.4.0,panel,ap-south-2
2026-09-07,aws,b300-sxm-288gb,B300,288GB,SXM,EFA,3Y,NonInterruptible,Reserved,APAC,APAC,HIF,T1IF,T1,12.4702,True,local-nvme;managed-ops-plane;support-tier;observability,Available,v2.4.0,panel,ap-southeast-3
2026-09-07,aws,b300-sxm-288gb,B300,288GB,SXM,EFA,3Y,NonInterruptible,Reserved,Other,Other,HIF,T1IF,T1,15.1810,True,local-nvme;managed-ops-plane;support-tier;observability,Available,v2.4.0,panel,sa-east-1
2026-09-07,aws,b300-sxm-288gb,B300,288GB,SXM,EFA,3Y,NonInterruptible,Reserved,US-East,US,HIF,T1IF,T1,7.6905,True,local-nvme;managed-ops-plane;support-tier;observability,Available,v2.4.0,panel,us-east-1
2026-09-07,aws,b300-sxm-288gb,B300,288GB,SXM,EFA,3Y,NonInterruptible,Reserved,US-West,US,HIF,T1IF,T1,7.6905,True,local-nvme;managed-ops-plane;support-tier;observability,Available,v2.4.0,panel,us-west-2
2026-09-07,aws,b300-sxm-288gb,B300,288GB,SXM,EFA,OnDemand,Interruptible,Spot,APAC,APAC,DIF,T2IF,T1,5.2078,False,,Available,v2.4.0,panel,ap-northeast-2c
2026-09-07,aws,b300-sxm-288gb,B300,288GB,SXM,EFA,OnDemand,Interruptible,Spot,APAC,APAC,DIF,T2IF,T1,7.1234,False,,Available,v2.4.0,panel,ap-south-2a
2026-09-07,aws,b300-sxm-288gb,B300,288GB,SXM,EFA,OnDemand,Interruptible,Spot,APAC,APAC,DIF,T2IF,T1,7.4420,False,,Available,v2.4.0,panel,ap-south-2c
2026-09-07,aws,b300-sxm-288gb,B300,288GB,SXM,EFA,OnDemand,Interruptible,Spot,APAC,APAC,DIF,T2IF,T1,5.0642,False,,Available,v2.4.0,panel,ap-southeast-3a
2026-09-07,aws,b300-sxm-288gb,B300,288GB,SXM,EFA,OnDemand,Interruptible,Spot,APAC,APAC,DIF,T2IF,T1,4.9188,False,,Available,v2.4.0,panel,ap-southeast-3c
2026-09-07,aws,b300-sxm-288gb,B300,288GB,SXM,EFA,OnDemand,Interruptible,Spot,Other,Other,DIF,T2IF,T1,4.5782,False,,Available,v2.4.0,panel,sa-east-1b
2026-09-07,aws,b300-sxm-288gb,B300,288GB,SXM,EFA,OnDemand,Interruptible,Spot,Other,Other,DIF,T2IF,T1,4.9708,False,,Available,v2.4.0,panel,sa-east-1c
2026-09-07,aws,b300-sxm-288gb,B300,288GB,SXM,EFA,OnDemand,Interruptible,Spot,US-East,US,DIF,T2IF,T1,5.5037,False,,Available,v2.4.0,panel,us-east-1b
2026-09-07,aws,b300-sxm-288gb,B300,288GB,SXM,EFA,OnDemand,Interruptible,Spot,US-East,US,DIF,T2IF,T1,5.5850,False,,Available,v2.4.0,panel,us-east-1d
2026-09-07,aws,b300-sxm-288gb,B300,288GB,SXM,EFA,OnDemand,Interruptible,Spot,US-West,US,DIF,T2IF,T1,6.5026,False,,Available,v2.4.0,panel,us-west-2a
2026-09-07,aws,b300-sxm-288gb,B300,288GB,SXM,EFA,OnDemand,Interruptible,Spot,US-West,US,DIF,T2IF,T1,6.3913,False,,Available,v2.4.0,panel,us-west-2b
2026-09-07,aws_capacity_blocks,b300-sxm-288gb,B300,288GB,SXM,EFA,CapacityBlock,NonInterruptible,Reserved,Other,Other,HIF,T2IF,T1,14.0400,False,,Available,v2.4.0,term-panel,non-us
2026-09-07,aws_capacity_blocks,b300-sxm-288gb,B300,288GB,SXM,EFA,CapacityBlock,NonInterruptible,Reserved,US-East,US,HIF,T2IF,T1,14.0400,False,,Available,v2.4.0,term-panel,us-east-1
2026-09-07,coreweave,b300-sxm-288gb,B300,288GB,SXM,IB-NDR,OnDemand,Interruptible,Spot,EU,EU,DIF,T2IF,T2,4.5875,False,,Available,v2.4.0,panel,EU
2026-09-07,coreweave,b300-sxm-288gb,B300,288GB,SXM,IB-NDR,OnDemand,Interruptible,Spot,US-East,US,DIF,T2IF,T2,4.4800,False,,Available,v2.4.0,panel,US
2026-09-07,datacrunch,b300-sxm-288gb,B300,288GB,SXM,IB-NDR,OnDemand,NonInterruptible,OnDemand,EU,EU,SIF,T2IF,T2,7.5000,True,local-nvme,Available,v2.4.0,panel,EU-FI
2026-09-07,datacrunch,b300-sxm-288gb,B300,288GB,SXM,IB-NDR,1M,NonInterruptible,Reserved,EU,EU,SIF,T2IF,T2,7.3500,True,local-nvme,Available,v2.4.0,panel,EU-FI
2026-09-07,datacrunch,b300-sxm-288gb,B300,288GB,SXM,IB-NDR,1Y,NonInterruptible,Reserved,EU,EU,SIF,T2IF,T2,6.9000,True,local-nvme,Available,v2.4.0,panel,EU-FI
2026-09-07,datacrunch,b300-sxm-288gb,B300,288GB,SXM,IB-NDR,2Y,NonInterruptible,Reserved,EU,EU,SIF,T2IF,T2,5.6250,True,local-nvme,Available,v2.4.0,panel,EU-FI
2026-09-07,datacrunch,b300-sxm-288gb,B300,288GB,SXM,IB-NDR,3M,NonInterruptible,Reserved,EU,EU,SIF,T2IF,T2,7.2750,True,local-nvme,Available,v2.4.0,panel,EU-FI
2026-09-07,datacrunch,b300-sxm-288gb,B300,288GB,SXM,IB-NDR,6M,NonInterruptible,Reserved,EU,EU,SIF,T2IF,T2,7.2000,True,local-nvme,Available,v2.4.0,panel,EU-FI
2026-09-07,datacrunch,b300-sxm-288gb,B300,288GB,SXM,IB-NDR,OnDemand,Interruptible,Spot,EU,EU,DIF,T2IF,T2,3.7500,True,local-nvme,Available,v2.4.0,panel,EU-FI
2026-09-07,deepinfra_gpu,b300-sxm-288gb,B300,288GB,SXM,,OnDemand,NonInterruptible,OnDemand,Other,Other,SIF,T2IF,T2,4.8900,False,,Available,v2.4.0,panel,undisclosed
2026-09-07,digitalocean,b300-sxm-288gb,B300,288GB,SXM,Ethernet,OnDemand,NonInterruptible,OnDemand,US-East,US,SIF,,T2,11.1900,True,local-nvme,Available,v2.4.0,panel,US
2026-09-07,digitalocean,b300-sxm-288gb,B300,288GB,SXM,Ethernet,1Y,NonInterruptible,Reserved,US-East,US,SIF,,T2,7.9400,True,local-nvme,Available,v2.4.0,panel,US
2026-09-07,digitalocean,b300-sxm-288gb,B300,288GB,SXM,Ethernet,OnDemand,Interruptible,Spot,US-East,US,DIF,,T2,11.1900,True,local-nvme,Available,v2.4.0,panel,US
2026-09-07,gcore,b300-sxm-288gb,B300,288GB,SXM,Unknown,OnDemand,NonInterruptible,OnDemand,EU,EU,IIF,T2IF,T2,6.9732,False,,Available,v2.4.0,panel,EU
2026-09-07,hyperstack,b300-sxm-288gb,B300,288GB,SXM,IB-NDR,OnDemand,NonInterruptible,OnDemand,Other,Other,SIF,T2IF,T2,7.4000,True,local-nvme,Available,v2.4.0,panel,Multi
2026-09-07,latitude,b300-sxm-288gb,B300,288GB,SXM,RoCE,OnDemand,NonInterruptible,OnDemand,US-East,US,SIF,T2IF,T2,16.0000,True,local-nvme;free-egress,SoldOut,v2.4.0,panel,united-states
2026-09-07,latitude,b300-sxm-288gb,B300,288GB,SXM,RoCE,1M,NonInterruptible,Reserved,US-East,US,SIF,T2IF,T2,8.0000,True,local-nvme;free-egress,SoldOut,v2.4.0,panel,united-states
2026-09-07,latitude,b300-sxm-288gb,B300,288GB,SXM,RoCE,1Y,NonInterruptible,Reserved,US-East,US,SIF,T2IF,T2,5.6000,True,local-nvme;free-egress,SoldOut,v2.4.0,panel,united-states
2026-09-07,lyceum,b300-sxm-288gb,B300,288GB,SXM,,OnDemand,NonInterruptible,OnDemand,Other,Other,SIF,T2IF,T2,8.4900,False,,Available,v2.4.0,candidate,EU (undisclosed)
2026-09-07,lyceum,b300-sxm-288gb,B300,288GB,SXM,,OnDemand,NonInterruptible,OnDemand,Other,Other,SIF,T2IF,T2,7.9900,False,,Available,v2.4.0,candidate,EU (undisclosed)
2026-09-07,massed_compute,b300-sxm-288gb,B300,288GB,SXM,Unknown,OnDemand,NonInterruptible,OnDemand,US-East,US,DIF,T3IF,T3,6.6000,False,,Available,v2.4.0,panel,US
2026-09-07,nebius,b300-sxm-288gb,B300,288GB,SXM,IB-NDR,OnDemand,NonInterruptible,OnDemand,Other,Other,IIF,T1IF,T2,7.8500,True,observability;managed-ops-plane;free-egress,Available,v2.4.0,panel,
2026-09-07,nebius,b300-sxm-288gb,B300,288GB,SXM,IB-NDR,OnDemand,Interruptible,Spot,Other,Other,DIF,T1IF,T2,4.3000,True,observability;managed-ops-plane;free-egress,Available,v2.4.0,panel,
2026-09-07,oci,b300-sxm-288gb,B300,288GB,SXM,RoCE-v2,OnDemand,NonInterruptible,OnDemand,US-East,US,HIF,T1IF,T1,15.0000,True,local-nvme;egress-capped;managed-ops-plane;support-tier;observability,Available,v2.4.0,panel,us-ashburn-1
2026-09-07,qubrid,b300-sxm-288gb,B300,288GB,SXM,Unknown,1Y,NonInterruptible,Reserved,Other,Other,SIF,T2IF,T2,5.5565,False,,Available,v2.4.0,panel,
2026-09-07,runpod_community,b300-sxm-288gb,B300,288GB,SXM,Unknown,OnDemand,NonInterruptible,OnDemand,Other,Other,DIF,T3IF,T3,6.9400,False,,SoldOut,v2.4.0,panel,Global
2026-09-07,runpod_secure,b300-sxm-288gb,B300,288GB,SXM,IB-NDR,OnDemand,NonInterruptible,OnDemand,Other,Other,DIF,T2IF,T3,7.8900,True,local-nvme,Available,v2.4.0,panel,Global
2026-09-07,scaleway,b300-sxm-288gb,B300,288GB,SXM,Unknown,OnDemand,NonInterruptible,OnDemand,EU,EU,SIF,T3IF,T2,8.7165,True,local-nvme,Available,v2.4.0,panel,fr-par-2
2026-09-07,spheron,b300-sxm-288gb,B300,288GB,SXM,Unknown,OnDemand,Interruptible,Spot,EU,EU,DIF,T3IF,T3,5.8455,False,,Available,v2.4.0,panel,uk-south-1
2026-09-07,vast_ai,b300-sxm-288gb,B300,288GB,SXM,IB-NDR,OnDemand,NonInterruptible,OnDemand,Other,Other,DIF,T3IF,T3,13.7500,False,,Available,v2.4.0,marketplace,", CA"
2026-09-07,vast_ai,b300-sxm-288gb,B300,288GB,SXM,IB-NDR,OnDemand,NonInterruptible,OnDemand,EU,EU,DIF,T3IF,T3,10.0000,False,,Available,v2.4.0,marketplace,"CROATIA, HR"
2026-09-08,aws,b300-sxm-288gb,B300,288GB,SXM,EFA,OnDemand,NonInterruptible,OnDemand,APAC,APAC,HIF,T1IF,T1,26.1467,True,local-nvme;managed-ops-plane;support-tier;observability,Available,v2.4.0,panel,ap-northeast-2
2026-09-08,aws,b300-sxm-288gb,B300,288GB,SXM,EFA,OnDemand,NonInterruptible,OnDemand,APAC,APAC,HIF,T1IF,T1,25.1008,True,local-nvme;managed-ops-plane;support-tier;observability,Available,v2.4.0,panel,ap-south-2
2026-09-08,aws,b300-sxm-288gb,B300,288GB,SXM,EFA,OnDemand,NonInterruptible,OnDemand,APAC,APAC,HIF,T1IF,T1,28.8663,True,local-nvme;managed-ops-plane;support-tier;observability,Available,v2.4.0,panel,ap-southeast-3
2026-09-08,aws,b300-sxm-288gb,B300,288GB,SXM,EFA,OnDemand,NonInterruptible,OnDemand,US-East,US,HIF,T1IF,T1,17.8020,True,local-nvme;managed-ops-plane;support-tier;observability,Available,v2.4.0,panel,us-east-1
2026-09-08,aws,b300-sxm-288gb,B300,288GB,SXM,EFA,OnDemand,NonInterruptible,OnDemand,US-West,US,HIF,T1IF,T1,17.8020,True,local-nvme;managed-ops-plane;support-tier;observability,Available,v2.4.0,panel,us-west-2
2026-09-08,aws,b300-sxm-288gb,B300,288GB,SXM,EFA,3Y,NonInterruptible,Reserved,APAC,APAC,HIF,T1IF,T1,11.2954,True,local-nvme;managed-ops-plane;support-tier;observability,Available,v2.4.0,panel,ap-northeast-2
2026-09-08,aws,b300-sxm-288gb,B300,288GB,SXM,EFA,3Y,NonInterruptible,Reserved,APAC,APAC,HIF,T1IF,T1,10.8436,True,local-nvme;managed-ops-plane;support-tier;observability,Available,v2.4.0,panel,ap-south-2
2026-09-08,aws,b300-sxm-288gb,B300,288GB,SXM,EFA,3Y,NonInterruptible,Reserved,APAC,APAC,HIF,T1IF,T1,12.4702,True,local-nvme;managed-ops-plane;support-tier;observability,Available,v2.4.0,panel,ap-southeast-3
2026-09-08,aws,b300-sxm-288gb,B300,288GB,SXM,EFA,3Y,NonInterruptible,Reserved,Other,Other,HIF,T1IF,T1,15.1810,True,local-nvme;managed-ops-plane;support-tier;observability,Available,v2.4.0,panel,sa-east-1
2026-09-08,aws,b300-sxm-288gb,B300,288GB,SXM,EFA,3Y,NonInterruptible,Reserved,US-East,US,HIF,T1IF,T1,7.6905,True,local-nvme;managed-ops-plane;support-tier;observability,Available,v2.4.0,panel,us-east-1
2026-09-08,aws,b300-sxm-288gb,B300,288GB,SXM,EFA,3Y,NonInterruptible,Reserved,US-West,US,HIF,T1IF,T1,7.6905,True,local-nvme;managed-ops-plane;support-tier;observability,Available,v2.4.0,panel,us-west-2
2026-09-08,aws,b300-sxm-288gb,B300,288GB,SXM,EFA,OnDemand,Interruptible,Spot,APAC,APAC,DIF,T2IF,T1,5.3065,False,,Available,v2.4.0,panel,ap-northeast-2c
2026-09-08,aws,b300-sxm-288gb,B300,288GB,SXM,EFA,OnDemand,Interruptible,Spot,APAC,APAC,DIF,T2IF,T1,6.7171,False,,Available,v2.4.0,panel,ap-south-2a
2026-09-08,aws,b300-sxm-288gb,B300,288GB,SXM,EFA,OnDemand,Interruptible,Spot,APAC,APAC,DIF,T2IF,T1,7.1654,False,,Available,v2.4.0,panel,ap-south-2c
2026-09-08,aws,b300-sxm-288gb,B300,288GB,SXM,EFA,OnDemand,Interruptible,Spot,APAC,APAC,DIF,T2IF,T1,4.8469,False,,Available,v2.4.0,panel,ap-southeast-3a
2026-09-08,aws,b300-sxm-288gb,B300,288GB,SXM,EFA,OnDemand,Interruptible,Spot,APAC,APAC,DIF,T2IF,T1,4.7228,False,,Available,v2.4.0,panel,ap-southeast-3c
2026-09-08,aws,b300-sxm-288gb,B300,288GB,SXM,EFA,OnDemand,Interruptible,Spot,Other,Other,DIF,T2IF,T1,4.9734,False,,Available,v2.4.0,panel,sa-east-1b
2026-09-08,aws,b300-sxm-288gb,B300,288GB,SXM,EFA,OnDemand,Interruptible,Spot,Other,Other,DIF,T2IF,T1,5.2910,False,,Available,v2.4.0,panel,sa-east-1c
2026-09-08,aws,b300-sxm-288gb,B300,288GB,SXM,EFA,OnDemand,Interruptible,Spot,US-East,US,DIF,T2IF,T1,5.5367,False,,Available,v2.4.0,panel,us-east-1b
2026-09-08,aws,b300-sxm-288gb,B300,288GB,SXM,EFA,OnDemand,Interruptible,Spot,US-East,US,DIF,T2IF,T1,5.5902,False,,Available,v2.4.0,panel,us-east-1d
2026-09-08,aws,b300-sxm-288gb,B300,288GB,SXM,EFA,OnDemand,Interruptible,Spot,US-West,US,DIF,T2IF,T1,6.5180,False,,Available,v2.4.0,panel,us-west-2a
2026-09-08,aws,b300-sxm-288gb,B300,288GB,SXM,EFA,OnDemand,Interruptible,Spot,US-West,US,DIF,T2IF,T1,6.4135,False,,Available,v2.4.0,panel,us-west-2b
2026-09-08,aws_capacity_blocks,b300-sxm-288gb,B300,288GB,SXM,EFA,CapacityBlock,NonInterruptible,Reserved,Other,Other,HIF,T2IF,T1,14.0400,False,,Available,v2.4.0,term-panel,non-us
2026-09-08,aws_capacity_blocks,b300-sxm-288gb,B300,288GB,SXM,EFA,CapacityBlock,NonInterruptible,Reserved,US-East,US,HIF,T2IF,T1,14.0400,False,,Available,v2.4.0,term-panel,us-east-1
2026-09-08,coreweave,b300-sxm-288gb,B300,288GB,SXM,IB-NDR,OnDemand,Interruptible,Spot,EU,EU,DIF,T2IF,T2,4.5875,False,,Available,v2.4.0,panel,EU
2026-09-08,coreweave,b300-sxm-288gb,B300,288GB,SXM,IB-NDR,OnDemand,Interruptible,Spot,US-East,US,DIF,T2IF,T2,4.4800,False,,Available,v2.4.0,panel,US
2026-09-08,datacrunch,b300-sxm-288gb,B300,288GB,SXM,IB-NDR,OnDemand,NonInterruptible,OnDemand,EU,EU,SIF,T2IF,T2,7.5000,True,local-nvme,Available,v2.4.0,panel,EU-FI
2026-09-08,datacrunch,b300-sxm-288gb,B300,288GB,SXM,IB-NDR,1M,NonInterruptible,Reserved,EU,EU,SIF,T2IF,T2,7.3500,True,local-nvme,Available,v2.4.0,panel,EU-FI
2026-09-08,datacrunch,b300-sxm-288gb,B300,288GB,SXM,IB-NDR,1Y,NonInterruptible,Reserved,EU,EU,SIF,T2IF,T2,6.9000,True,local-nvme,Available,v2.4.0,panel,EU-FI
2026-09-08,datacrunch,b300-sxm-288gb,B300,288GB,SXM,IB-NDR,2Y,NonInterruptible,Reserved,EU,EU,SIF,T2IF,T2,5.6250,True,local-nvme,Available,v2.4.0,panel,EU-FI
2026-09-08,datacrunch,b300-sxm-288gb,B300,288GB,SXM,IB-NDR,3M,NonInterruptible,Reserved,EU,EU,SIF,T2IF,T2,7.2750,True,local-nvme,Available,v2.4.0,panel,EU-FI
2026-09-08,datacrunch,b300-sxm-288gb,B300,288GB,SXM,IB-NDR,6M,NonInterruptible,Reserved,EU,EU,SIF,T2IF,T2,7.2000,True,local-nvme,Available,v2.4.0,panel,EU-FI
2026-09-08,datacrunch,b300-sxm-288gb,B300,288GB,SXM,IB-NDR,OnDemand,Interruptible,Spot,EU,EU,DIF,T2IF,T2,3.7500,True,local-nvme,Available,v2.4.0,panel,EU-FI
2026-09-08,deepinfra_gpu,b300-sxm-288gb,B300,288GB,SXM,,OnDemand,NonInterruptible,OnDemand,Other,Other,SIF,T2IF,T2,4.8900,False,,Available,v2.4.0,panel,undisclosed
2026-09-08,digitalocean,b300-sxm-288gb,B300,288GB,SXM,Ethernet,OnDemand,NonInterruptible,OnDemand,US-East,US,SIF,,T2,11.1900,True,local-nvme,Available,v2.4.0,panel,US
2026-09-08,digitalocean,b300-sxm-288gb,B300,288GB,SXM,Ethernet,1Y,NonInterruptible,Reserved,US-East,US,SIF,,T2,7.9400,True,local-nvme,Available,v2.4.0,panel,US
2026-09-08,digitalocean,b300-sxm-288gb,B300,288GB,SXM,Ethernet,OnDemand,Interruptible,Spot,US-East,US,DIF,,T2,11.1900,True,local-nvme,Available,v2.4.0,panel,US
2026-09-08,gcore,b300-sxm-288gb,B300,288GB,SXM,Unknown,OnDemand,NonInterruptible,OnDemand,EU,EU,IIF,T2IF,T2,6.9732,False,,Available,v2.4.0,panel,EU
2026-09-08,hyperstack,b300-sxm-288gb,B300,288GB,SXM,IB-NDR,OnDemand,NonInterruptible,OnDemand,Other,Other,SIF,T2IF,T2,7.4000,True,local-nvme,Available,v2.4.0,panel,Multi
2026-09-08,latitude,b300-sxm-288gb,B300,288GB,SXM,RoCE,OnDemand,NonInterruptible,OnDemand,US-East,US,SIF,T2IF,T2,16.0000,True,local-nvme;free-egress,SoldOut,v2.4.0,panel,united-states
2026-09-08,latitude,b300-sxm-288gb,B300,288GB,SXM,RoCE,1M,NonInterruptible,Reserved,US-East,US,SIF,T2IF,T2,8.0000,True,local-nvme;free-egress,SoldOut,v2.4.0,panel,united-states
2026-09-08,latitude,b300-sxm-288gb,B300,288GB,SXM,RoCE,1Y,NonInterruptible,Reserved,US-East,US,SIF,T2IF,T2,5.6000,True,local-nvme;free-egress,SoldOut,v2.4.0,panel,united-states
2026-09-08,lyceum,b300-sxm-288gb,B300,288GB,SXM,,OnDemand,NonInterruptible,OnDemand,Other,Other,SIF,T2IF,T2,7.9900,False,,Available,v2.4.0,candidate,EU (undisclosed)
2026-09-08,massed_compute,b300-sxm-288gb,B300,288GB,SXM,Unknown,OnDemand,NonInterruptible,OnDemand,US-East,US,DIF,T3IF,T3,6.6000,False,,Available,v2.4.0,panel,US
2026-09-08,nebius,b300-sxm-288gb,B300,288GB,SXM,IB-NDR,OnDemand,NonInterruptible,OnDemand,Other,Other,IIF,T1IF,T2,7.8500,True,observability;managed-ops-plane;free-egress,Available,v2.4.0,panel,
2026-09-08,nebius,b300-sxm-288gb,B300,288GB,SXM,IB-NDR,OnDemand,Interruptible,Spot,Other,Other,DIF,T1IF,T2,4.3000,True,observability;managed-ops-plane;free-egress,Available,v2.4.0,panel,
2026-09-08,oci,b300-sxm-288gb,B300,288GB,SXM,RoCE-v2,OnDemand,NonInterruptible,OnDemand,US-East,US,HIF,T1IF,T1,15.0000,True,local-nvme;egress-capped;managed-ops-plane;support-tier;observability,Available,v2.4.0,panel,us-ashburn-1
2026-09-08,qubrid,b300-sxm-288gb,B300,288GB,SXM,Unknown,1Y,NonInterruptible,Reserved,Other,Other,SIF,T2IF,T2,5.5565,False,,Available,v2.4.0,panel,
2026-09-08,runpod_community,b300-sxm-288gb,B300,288GB,SXM,Unknown,OnDemand,NonInterruptible,OnDemand,Other,Other,DIF,T3IF,T3,6.9400,False,,SoldOut,v2.4.0,panel,Global
2026-09-08,runpod_secure,b300-sxm-288gb,B300,288GB,SXM,IB-NDR,OnDemand,NonInterruptible,OnDemand,Other,Other,DIF,T2IF,T3,7.8900,True,local-nvme,Available,v2.4.0,panel,Global
2026-09-08,scaleway,b300-sxm-288gb,B300,288GB,SXM,Unknown,OnDemand,NonInterruptible,OnDemand,EU,EU,SIF,T3IF,T2,8.7165,True,local-nvme,Available,v2.4.0,panel,fr-par-2
2026-09-08,spheron,b300-sxm-288gb,B300,288GB,SXM,Unknown,OnDemand,NonInterruptible,OnDemand,Other,Other,DIF,T3IF,T3,8.4369,False,,Available,v2.4.0,panel,canada-1
2026-09-08,spheron,b300-sxm-288gb,B300,288GB,SXM,Unknown,OnDemand,Interruptible,Spot,EU,EU,DIF,T3IF,T3,5.8455,False,,Available,v2.4.0,panel,uk-south-1
2026-09-08,vast_ai,b300-sxm-288gb,B300,288GB,SXM,IB-NDR,OnDemand,NonInterruptible,OnDemand,EU,EU,DIF,T3IF,T3,10.0000,False,,Available,v2.4.0,marketplace,"CROATIA, HR"
2026-09-09,aws,b300-sxm-288gb,B300,288GB,SXM,EFA,OnDemand,NonInterruptible,OnDemand,APAC,APAC,HIF,T1IF,T1,26.1467,True,local-nvme;managed-ops-plane;support-tier;observability,Available,v2.4.0,panel,ap-northeast-2
2026-09-09,aws,b300-sxm-288gb,B300,288GB,SXM,EFA,OnDemand,NonInterruptible,OnDemand,APAC,APAC,HIF,T1IF,T1,25.1008,True,local-nvme;managed-ops-plane;support-tier;observability,Available,v2.4.0,panel,ap-south-2
2026-09-09,aws,b300-sxm-288gb,B300,288GB,SXM,EFA,OnDemand,NonInterruptible,OnDemand,APAC,APAC,HIF,T1IF,T1,28.8663,True,local-nvme;managed-ops-plane;support-tier;observability,Available,v2.4.0,panel,ap-southeast-3
2026-09-09,aws,b300-sxm-288gb,B300,288GB,SXM,EFA,OnDemand,NonInterruptible,OnDemand,US-East,US,HIF,T1IF,T1,17.8020,True,local-nvme;managed-ops-plane;support-tier;observability,Available,v2.4.0,panel,us-east-1
2026-09-09,aws,b300-sxm-288gb,B300,288GB,SXM,EFA,OnDemand,NonInterruptible,OnDemand,US-West,US,HIF,T1IF,T1,17.8020,True,local-nvme;managed-ops-plane;support-tier;observability,Available,v2.4.0,panel,us-west-2
2026-09-09,aws,b300-sxm-288gb,B300,288GB,SXM,EFA,3Y,NonInterruptible,Reserved,APAC,APAC,HIF,T1IF,T1,11.2954,True,local-nvme;managed-ops-plane;support-tier;observability,Available,v2.4.0,panel,ap-northeast-2
2026-09-09,aws,b300-sxm-288gb,B300,288GB,SXM,EFA,3Y,NonInterruptible,Reserved,APAC,APAC,HIF,T1IF,T1,10.8436,True,local-nvme;managed-ops-plane;support-tier;observability,Available,v2.4.0,panel,ap-south-2
2026-09-09,aws,b300-sxm-288gb,B300,288GB,SXM,EFA,3Y,NonInterruptible,Reserved,APAC,APAC,HIF,T1IF,T1,12.4702,True,local-nvme;managed-ops-plane;support-tier;observability,Available,v2.4.0,panel,ap-southeast-3
2026-09-09,aws,b300-sxm-288gb,B300,288GB,SXM,EFA,3Y,NonInterruptible,Reserved,Other,Other,HIF,T1IF,T1,15.1810,True,local-nvme;managed-ops-plane;support-tier;observability,Available,v2.4.0,panel,sa-east-1
2026-09-09,aws,b300-sxm-288gb,B300,288GB,SXM,EFA,3Y,NonInterruptible,Reserved,US-East,US,HIF,T1IF,T1,7.6905,True,local-nvme;managed-ops-plane;support-tier;observability,Available,v2.4.0,panel,us-east-1
2026-09-09,aws,b300-sxm-288gb,B300,288GB,SXM,EFA,3Y,NonInterruptible,Reserved,US-West,US,HIF,T1IF,T1,7.6905,True,local-nvme;managed-ops-plane;support-tier;observability,Available,v2.4.0,panel,us-west-2
2026-09-09,aws,b300-sxm-288gb,B300,288GB,SXM,EFA,OnDemand,Interruptible,Spot,APAC,APAC,DIF,T2IF,T1,5.6385,False,,Available,v2.4.0,panel,ap-northeast-2c
2026-09-09,aws,b300-sxm-288gb,B300,288GB,SXM,EFA,OnDemand,Interruptible,Spot,APAC,APAC,DIF,T2IF,T1,6.3116,False,,Available,v2.4.0,panel,ap-south-2a
2026-09-09,aws,b300-sxm-288gb,B300,288GB,SXM,EFA,OnDemand,Interruptible,Spot,APAC,APAC,DIF,T2IF,T1,6.4493,False,,Available,v2.4.0,panel,ap-south-2c
2026-09-09,aws,b300-sxm-288gb,B300,288GB,SXM,EFA,OnDemand,Interruptible,Spot,APAC,APAC,DIF,T2IF,T1,4.5547,False,,Available,v2.4.0,panel,ap-southeast-3a
2026-09-09,aws,b300-sxm-288gb,B300,288GB,SXM,EFA,OnDemand,Interruptible,Spot,APAC,APAC,DIF,T2IF,T1,4.3938,False,,Available,v2.4.0,panel,ap-southeast-3c
2026-09-09,aws,b300-sxm-288gb,B300,288GB,SXM,EFA,OnDemand,Interruptible,Spot,Other,Other,DIF,T2IF,T1,5.2720,False,,Available,v2.4.0,panel,sa-east-1b
2026-09-09,aws,b300-sxm-288gb,B300,288GB,SXM,EFA,OnDemand,Interruptible,Spot,Other,Other,DIF,T2IF,T1,5.6885,False,,Available,v2.4.0,panel,sa-east-1c
2026-09-09,aws,b300-sxm-288gb,B300,288GB,SXM,EFA,OnDemand,Interruptible,Spot,US-East,US,DIF,T2IF,T1,5.5515,False,,Available,v2.4.0,panel,us-east-1b
2026-09-09,aws,b300-sxm-288gb,B300,288GB,SXM,EFA,OnDemand,Interruptible,Spot,US-East,US,DIF,T2IF,T1,5.5973,False,,Available,v2.4.0,panel,us-east-1d
2026-09-09,aws,b300-sxm-288gb,B300,288GB,SXM,EFA,OnDemand,Interruptible,Spot,US-West,US,DIF,T2IF,T1,6.5371,False,,Available,v2.4.0,panel,us-west-2a
2026-09-09,aws,b300-sxm-288gb,B300,288GB,SXM,EFA,OnDemand,Interruptible,Spot,US-West,US,DIF,T2IF,T1,6.4420,False,,Available,v2.4.0,panel,us-west-2b
2026-09-09,aws_capacity_blocks,b300-sxm-288gb,B300,288GB,SXM,EFA,CapacityBlock,NonInterruptible,Reserved,Other,Other,HIF,T2IF,T1,14.0400,False,,Available,v2.4.0,term-panel,non-us
2026-09-09,aws_capacity_blocks,b300-sxm-288gb,B300,288GB,SXM,EFA,CapacityBlock,NonInterruptible,Reserved,US-East,US,HIF,T2IF,T1,14.0400,False,,Available,v2.4.0,term-panel,us-east-1
2026-09-09,coreweave,b300-sxm-288gb,B300,288GB,SXM,IB-NDR,OnDemand,Interruptible,Spot,EU,EU,DIF,T2IF,T2,4.5875,False,,Available,v2.4.0,panel,EU
2026-09-09,coreweave,b300-sxm-288gb,B300,288GB,SXM,IB-NDR,OnDemand,Interruptible,Spot,US-East,US,DIF,T2IF,T2,4.4800,False,,Available,v2.4.0,panel,US
2026-09-09,datacrunch,b300-sxm-288gb,B300,288GB,SXM,IB-NDR,OnDemand,NonInterruptible,OnDemand,EU,EU,SIF,T2IF,T2,7.5000,True,local-nvme,Available,v2.4.0,panel,EU-FI
2026-09-09,datacrunch,b300-sxm-288gb,B300,288GB,SXM,IB-NDR,1M,NonInterruptible,Reserved,EU,EU,SIF,T2IF,T2,7.3500,True,local-nvme,Available,v2.4.0,panel,EU-FI
2026-09-09,datacrunch,b300-sxm-288gb,B300,288GB,SXM,IB-NDR,1Y,NonInterruptible,Reserved,EU,EU,SIF,T2IF,T2,6.9000,True,local-nvme,Available,v2.4.0,panel,EU-FI
2026-09-09,datacrunch,b300-sxm-288gb,B300,288GB,SXM,IB-NDR,2Y,NonInterruptible,Reserved,EU,EU,SIF,T2IF,T2,5.6250,True,local-nvme,Available,v2.4.0,panel,EU-FI
2026-09-09,datacrunch,b300-sxm-288gb,B300,288GB,SXM,IB-NDR,3M,NonInterruptible,Reserved,EU,EU,SIF,T2IF,T2,7.2750,True,local-nvme,Available,v2.4.0,panel,EU-FI
2026-09-09,datacrunch,b300-sxm-288gb,B300,288GB,SXM,IB-NDR,6M,NonInterruptible,Reserved,EU,EU,SIF,T2IF,T2,7.2000,True,local-nvme,Available,v2.4.0,panel,EU-FI
2026-09-09,datacrunch,b300-sxm-288gb,B300,288GB,SXM,IB-NDR,OnDemand,Interruptible,Spot,EU,EU,DIF,T2IF,T2,3.7500,True,local-nvme,Available,v2.4.0,panel,EU-FI
2026-09-09,deepinfra_gpu,b300-sxm-288gb,B300,288GB,SXM,,OnDemand,NonInterruptible,OnDemand,Other,Other,SIF,T2IF,T2,4.8900,False,,Available,v2.4.0,panel,undisclosed
2026-09-09,digitalocean,b300-sxm-288gb,B300,288GB,SXM,Ethernet,1Y,NonInterruptible,Reserved,US-East,US,SIF,,T2,7.9400,True,local-nvme,Available,v2.4.0,panel,US
2026-09-09,digitalocean,b300-sxm-288gb,B300,288GB,SXM,Ethernet,OnDemand,Interruptible,Spot,US-East,US,DIF,,T2,11.1900,True,local-nvme,Available,v2.4.0,panel,US
2026-09-09,gcore,b300-sxm-288gb,B300,288GB,SXM,Unknown,OnDemand,NonInterruptible,OnDemand,EU,EU,IIF,T2IF,T2,6.9684,False,,Available,v2.4.0,panel,EU
2026-09-09,hyperstack,b300-sxm-288gb,B300,288GB,SXM,IB-NDR,OnDemand,NonInterruptible,OnDemand,Other,Other,SIF,T2IF,T2,7.4000,True,local-nvme,Available,v2.4.0,panel,Multi
2026-09-09,latitude,b300-sxm-288gb,B300,288GB,SXM,RoCE,OnDemand,NonInterruptible,OnDemand,US-East,US,SIF,T2IF,T2,16.0000,True,local-nvme;free-egress,SoldOut,v2.4.0,panel,united-states
2026-09-09,latitude,b300-sxm-288gb,B300,288GB,SXM,RoCE,1M,NonInterruptible,Reserved,US-East,US,SIF,T2IF,T2,8.0000,True,local-nvme;free-egress,SoldOut,v2.4.0,panel,united-states
2026-09-09,latitude,b300-sxm-288gb,B300,288GB,SXM,RoCE,1Y,NonInterruptible,Reserved,US-East,US,SIF,T2IF,T2,5.6000,True,local-nvme;free-egress,SoldOut,v2.4.0,panel,united-states
2026-09-09,lyceum,b300-sxm-288gb,B300,288GB,SXM,,OnDemand,NonInterruptible,OnDemand,Other,Other,SIF,T2IF,T2,7.9900,False,,Available,v2.4.0,candidate,EU (undisclosed)
2026-09-09,massed_compute,b300-sxm-288gb,B300,288GB,SXM,Unknown,OnDemand,NonInterruptible,OnDemand,US-East,US,DIF,T3IF,T3,6.6000,False,,Available,v2.4.0,panel,US
2026-09-09,nebius,b300-sxm-288gb,B300,288GB,SXM,IB-NDR,OnDemand,NonInterruptible,OnDemand,Other,Other,IIF,T1IF,T2,7.8500,True,observability;managed-ops-plane;free-egress,Available,v2.4.0,panel,
2026-09-09,nebius,b300-sxm-288gb,B300,288GB,SXM,IB-NDR,OnDemand,Interruptible,Spot,Other,Other,DIF,T1IF,T2,4.3000,True,observability;managed-ops-plane;free-egress,Available,v2.4.0,panel,
2026-09-09,oci,b300-sxm-288gb,B300,288GB,SXM,RoCE-v2,OnDemand,NonInterruptible,OnDemand,US-East,US,HIF,T1IF,T1,15.0000,True,local-nvme;egress-capped;managed-ops-plane;support-tier;observability,Available,v2.4.0,panel,us-ashburn-1
2026-09-09,qubrid,b300-sxm-288gb,B300,288GB,SXM,Unknown,1Y,NonInterruptible,Reserved,Other,Other,SIF,T2IF,T2,5.5565,False,,Available,v2.4.0,panel,
2026-09-09,runpod_community,b300-sxm-288gb,B300,288GB,SXM,Unknown,OnDemand,NonInterruptible,OnDemand,Other,Other,DIF,T3IF,T3,6.9400,False,,SoldOut,v2.4.0,panel,Global
2026-09-09,runpod_secure,b300-sxm-288gb,B300,288GB,SXM,IB-NDR,OnDemand,NonInterruptible,OnDemand,Other,Other,DIF,T2IF,T3,7.8900,True,local-nvme,SoldOut,v2.4.0,panel,Global
2026-09-09,runpod_secure,b300-sxm-288gb,B300,288GB,SXM,IB-NDR,OnDemand,NonInterruptible,OnDemand,US-West,US,DIF,T2IF,T3,7.8900,True,local-nvme,Available,v2.4.0,panel,US-WA-2
2026-09-09,scaleway,b300-sxm-288gb,B300,288GB,SXM,Unknown,OnDemand,NonInterruptible,OnDemand,EU,EU,SIF,T3IF,T2,8.7105,True,local-nvme,Available,v2.4.0,panel,fr-par-2
2026-09-09,spheron,b300-sxm-288gb,B300,288GB,SXM,Unknown,OnDemand,Interruptible,Spot,EU,EU,DIF,T3IF,T3,5.8455,False,,Available,v2.4.0,panel,uk-south-1
2026-09-09,vast_ai,b300-sxm-288gb,B300,288GB,SXM,IB-NDR,OnDemand,NonInterruptible,OnDemand,Other,Other,DIF,T3IF,T3,13.7500,False,,Available,v2.4.0,marketplace,", CA"
2026-09-09,vast_ai,b300-sxm-288gb,B300,288GB,SXM,IB-NDR,OnDemand,NonInterruptible,OnDemand,EU,EU,DIF,T3IF,T3,18.7500,False,,Available,v2.4.0,marketplace,"UNITED KINGDOM, GB"
2026-09-10,aws,b300-sxm-288gb,B300,288GB,SXM,EFA,OnDemand,NonInterruptible,OnDemand,APAC,APAC,HIF,T1IF,T1,26.1467,True,local-nvme;managed-ops-plane;support-tier;observability,Available,v2.4.0,panel,ap-northeast-2
2026-09-10,aws,b300-sxm-288gb,B300,288GB,SXM,EFA,OnDemand,NonInterruptible,OnDemand,APAC,APAC,HIF,T1IF,T1,25.1008,True,local-nvme;managed-ops-plane;support-tier;observability,Available,v2.4.0,panel,ap-south-2
2026-09-10,aws,b300-sxm-288gb,B300,288GB,SXM,EFA,OnDemand,NonInterruptible,OnDemand,APAC,APAC,HIF,T1IF,T1,28.8663,True,local-nvme;managed-ops-plane;support-tier;observability,Available,v2.4.0,panel,ap-southeast-3
2026-09-10,aws,b300-sxm-288gb,B300,288GB,SXM,EFA,OnDemand,NonInterruptible,OnDemand,US-East,US,HIF,T1IF,T1,17.8020,True,local-nvme;managed-ops-plane;support-tier;observability,Available,v2.4.0,panel,us-east-1
2026-09-10,aws,b300-sxm-288gb,B300,288GB,SXM,EFA,OnDemand,NonInterruptible,OnDemand,US-West,US,HIF,T1IF,T1,17.8020,True,local-nvme;managed-ops-plane;support-tier;observability,Available,v2.4.0,panel,us-west-2
2026-09-10,aws,b300-sxm-288gb,B300,288GB,SXM,EFA,3Y,NonInterruptible,Reserved,APAC,APAC,HIF,T1IF,T1,11.2954,True,local-nvme;managed-ops-plane;support-tier;observability,Available,v2.4.0,panel,ap-northeast-2
2026-09-10,aws,b300-sxm-288gb,B300,288GB,SXM,EFA,3Y,NonInterruptible,Reserved,APAC,APAC,HIF,T1IF,T1,10.8436,True,local-nvme;managed-ops-plane;support-tier;observability,Available,v2.4.0,panel,ap-south-2
2026-09-10,aws,b300-sxm-288gb,B300,288GB,SXM,EFA,3Y,NonInterruptible,Reserved,APAC,APAC,HIF,T1IF,T1,12.4702,True,local-nvme;managed-ops-plane;support-tier;observability,Available,v2.4.0,panel,ap-southeast-3
2026-09-10,aws,b300-sxm-288gb,B300,288GB,SXM,EFA,3Y,NonInterruptible,Reserved,Other,Other,HIF,T1IF,T1,15.1810,True,local-nvme;managed-ops-plane;support-tier;observability,Available,v2.4.0,panel,sa-east-1
2026-09-10,aws,b300-sxm-288gb,B300,288GB,SXM,EFA,3Y,NonInterruptible,Reserved,US-East,US,HIF,T1IF,T1,7.6905,True,local-nvme;managed-ops-plane;support-tier;observability,Available,v2.4.0,panel,us-east-1
2026-09-10,aws,b300-sxm-288gb,B300,288GB,SXM,EFA,3Y,NonInterruptible,Reserved,US-West,US,HIF,T1IF,T1,7.6905,True,local-nvme;managed-ops-plane;support-tier;observability,Available,v2.4.0,panel,us-west-2
2026-09-10,aws,b300-sxm-288gb,B300,288GB,SXM,EFA,OnDemand,Interruptible,Spot,APAC,APAC,DIF,T2IF,T1,5.8052,False,,Available,v2.4.0,panel,ap-northeast-2c
2026-09-10,aws,b300-sxm-288gb,B300,288GB,SXM,EFA,OnDemand,Interruptible,Spot,APAC,APAC,DIF,T2IF,T1,6.0003,False,,Available,v2.4.0,panel,ap-south-2a
2026-09-10,aws,b300-sxm-288gb,B300,288GB,SXM,EFA,OnDemand,Interruptible,Spot,APAC,APAC,DIF,T2IF,T1,6.1667,False,,Available,v2.4.0,panel,ap-south-2c
2026-09-10,aws,b300-sxm-288gb,B300,288GB,SXM,EFA,OnDemand,Interruptible,Spot,APAC,APAC,DIF,T2IF,T1,4.4157,False,,Available,v2.4.0,panel,ap-southeast-3a
2026-09-10,aws,b300-sxm-288gb,B300,288GB,SXM,EFA,OnDemand,Interruptible,Spot,APAC,APAC,DIF,T2IF,T1,4.0826,False,,Available,v2.4.0,panel,ap-southeast-3c
2026-09-10,aws,b300-sxm-288gb,B300,288GB,SXM,EFA,OnDemand,Interruptible,Spot,Other,Other,DIF,T2IF,T1,5.5432,False,,Available,v2.4.0,panel,sa-east-1b
2026-09-10,aws,b300-sxm-288gb,B300,288GB,SXM,EFA,OnDemand,Interruptible,Spot,Other,Other,DIF,T2IF,T1,5.8751,False,,Available,v2.4.0,panel,sa-east-1c
2026-09-10,aws,b300-sxm-288gb,B300,288GB,SXM,EFA,OnDemand,Interruptible,Spot,US-East,US,DIF,T2IF,T1,5.5730,False,,Available,v2.4.0,panel,us-east-1b
2026-09-10,aws,b300-sxm-288gb,B300,288GB,SXM,EFA,OnDemand,Interruptible,Spot,US-East,US,DIF,T2IF,T1,5.5968,False,,Available,v2.4.0,panel,us-east-1d
2026-09-10,aws,b300-sxm-288gb,B300,288GB,SXM,EFA,OnDemand,Interruptible,Spot,US-West,US,DIF,T2IF,T1,6.5532,False,,Available,v2.4.0,panel,us-west-2a
2026-09-10,aws,b300-sxm-288gb,B300,288GB,SXM,EFA,OnDemand,Interruptible,Spot,US-West,US,DIF,T2IF,T1,6.4544,False,,Available,v2.4.0,panel,us-west-2b
2026-09-10,aws_capacity_blocks,b300-sxm-288gb,B300,288GB,SXM,EFA,CapacityBlock,NonInterruptible,Reserved,Other,Other,HIF,T2IF,T1,14.0400,False,,Available,v2.4.0,term-panel,non-us
2026-09-10,aws_capacity_blocks,b300-sxm-288gb,B300,288GB,SXM,EFA,CapacityBlock,NonInterruptible,Reserved,US-East,US,HIF,T2IF,T1,14.0400,False,,Available,v2.4.0,term-panel,us-east-1
2026-09-10,coreweave,b300-sxm-288gb,B300,288GB,SXM,IB-NDR,OnDemand,Interruptible,Spot,EU,EU,DIF,T2IF,T2,4.5875,False,,Available,v2.4.0,panel,EU
2026-09-10,coreweave,b300-sxm-288gb,B300,288GB,SXM,IB-NDR,OnDemand,Interruptible,Spot,US-East,US,DIF,T2IF,T2,4.4800,False,,Available,v2.4.0,panel,US
2026-09-10,datacrunch,b300-sxm-288gb,B300,288GB,SXM,IB-NDR,OnDemand,NonInterruptible,OnDemand,EU,EU,SIF,T2IF,T2,7.5000,True,local-nvme,Available,v2.4.0,panel,EU-FI
2026-09-10,datacrunch,b300-sxm-288gb,B300,288GB,SXM,IB-NDR,1M,NonInterruptible,Reserved,EU,EU,SIF,T2IF,T2,7.3500,True,local-nvme,Available,v2.4.0,panel,EU-FI
2026-09-10,datacrunch,b300-sxm-288gb,B300,288GB,SXM,IB-NDR,1Y,NonInterruptible,Reserved,EU,EU,SIF,T2IF,T2,6.9000,True,local-nvme,Available,v2.4.0,panel,EU-FI
2026-09-10,datacrunch,b300-sxm-288gb,B300,288GB,SXM,IB-NDR,2Y,NonInterruptible,Reserved,EU,EU,SIF,T2IF,T2,5.6250,True,local-nvme,Available,v2.4.0,panel,EU-FI
2026-09-10,datacrunch,b300-sxm-288gb,B300,288GB,SXM,IB-NDR,3M,NonInterruptible,Reserved,EU,EU,SIF,T2IF,T2,7.2750,True,local-nvme,Available,v2.4.0,panel,EU-FI
2026-09-10,datacrunch,b300-sxm-288gb,B300,288GB,SXM,IB-NDR,6M,NonInterruptible,Reserved,EU,EU,SIF,T2IF,T2,7.2000,True,local-nvme,Available,v2.4.0,panel,EU-FI
2026-09-10,datacrunch,b300-sxm-288gb,B300,288GB,SXM,IB-NDR,OnDemand,Interruptible,Spot,EU,EU,DIF,T2IF,T2,3.7500,True,local-nvme,Available,v2.4.0,panel,EU-FI
2026-09-10,deepinfra_gpu,b300-sxm-288gb,B300,288GB,SXM,,OnDemand,NonInterruptible,OnDemand,Other,Other,SIF,T2IF,T2,4.8900,False,,Available,v2.4.0,panel,undisclosed
2026-09-10,digitalocean,b300-sxm-288gb,B300,288GB,SXM,Ethernet,1Y,NonInterruptible,Reserved,US-East,US,SIF,,T2,7.9400,True,local-nvme,Available,v2.4.0,panel,US
2026-09-10,digitalocean,b300-sxm-288gb,B300,288GB,SXM,Ethernet,OnDemand,Interruptible,Spot,US-East,US,DIF,,T2,11.1900,True,local-nvme,Available,v2.4.0,panel,US
2026-09-10,gcore,b300-sxm-288gb,B300,288GB,SXM,Unknown,OnDemand,NonInterruptible,OnDemand,EU,EU,IIF,T2IF,T2,6.9912,False,,Available,v2.4.0,panel,EU
2026-09-10,hyperstack,b300-sxm-288gb,B300,288GB,SXM,IB-NDR,OnDemand,NonInterruptible,OnDemand,Other,Other,SIF,T2IF,T2,7.4000,True,local-nvme,Available,v2.4.0,panel,Multi
2026-09-10,latitude,b300-sxm-288gb,B300,288GB,SXM,RoCE,OnDemand,NonInterruptible,OnDemand,US-East,US,SIF,T2IF,T2,16.0000,True,local-nvme;free-egress,SoldOut,v2.4.0,panel,united-states
2026-09-10,latitude,b300-sxm-288gb,B300,288GB,SXM,RoCE,1M,NonInterruptible,Reserved,US-East,US,SIF,T2IF,T2,8.0000,True,local-nvme;free-egress,SoldOut,v2.4.0,panel,united-states
2026-09-10,latitude,b300-sxm-288gb,B300,288GB,SXM,RoCE,1Y,NonInterruptible,Reserved,US-East,US,SIF,T2IF,T2,5.6000,True,local-nvme;free-egress,SoldOut,v2.4.0,panel,united-states
2026-09-10,lyceum,b300-sxm-288gb,B300,288GB,SXM,,OnDemand,NonInterruptible,OnDemand,Other,Other,SIF,T2IF,T2,7.9900,False,,Available,v2.4.0,candidate,EU (undisclosed)
2026-09-10,massed_compute,b300-sxm-288gb,B300,288GB,SXM,Unknown,OnDemand,NonInterruptible,OnDemand,US-East,US,DIF,T3IF,T3,6.6000,False,,Available,v2.4.0,panel,US
2026-09-10,nebius,b300-sxm-288gb,B300,288GB,SXM,IB-NDR,OnDemand,NonInterruptible,OnDemand,Other,Other,IIF,T1IF,T2,7.8500,True,observability;managed-ops-plane;free-egress,Available,v2.4.0,panel,
2026-09-10,nebius,b300-sxm-288gb,B300,288GB,SXM,IB-NDR,OnDemand,Interruptible,Spot,Other,Other,DIF,T1IF,T2,4.3000,True,observability;managed-ops-plane;free-egress,Available,v2.4.0,panel,
2026-09-10,oci,b300-sxm-288gb,B300,288GB,SXM,RoCE-v2,OnDemand,NonInterruptible,OnDemand,US-East,US,HIF,T1IF,T1,15.0000,True,local-nvme;egress-capped;managed-ops-plane;support-tier;observability,Available,v2.4.0,panel,us-ashburn-1
2026-09-10,qubrid,b300-sxm-288gb,B300,288GB,SXM,Unknown,1Y,NonInterruptible,Reserved,Other,Other,SIF,T2IF,T2,5.5565,False,,Available,v2.4.0,panel,
2026-09-10,runpod_community,b300-sxm-288gb,B300,288GB,SXM,Unknown,OnDemand,NonInterruptible,OnDemand,Other,Other,DIF,T3IF,T3,6.9400,False,,SoldOut,v2.4.0,panel,Global
2026-09-10,runpod_secure,b300-sxm-288gb,B300,288GB,SXM,IB-NDR,OnDemand,NonInterruptible,OnDemand,Other,Other,DIF,T2IF,T3,7.8900,True,local-nvme,Available,v2.4.0,panel,Global
2026-09-10,runpod_secure,b300-sxm-288gb,B300,288GB,SXM,IB-NDR,OnDemand,NonInterruptible,OnDemand,US-West,US,DIF,T2IF,T3,7.8900,True,local-nvme,Available,v2.4.0,panel,US-WA-2
2026-09-10,scaleway,b300-sxm-288gb,B300,288GB,SXM,Unknown,OnDemand,NonInterruptible,OnDemand,EU,EU,SIF,T3IF,T2,8.7390,True,local-nvme,Available,v2.4.0,panel,fr-par-2
2026-09-10,spheron,b300-sxm-288gb,B300,288GB,SXM,Unknown,OnDemand,Interruptible,Spot,EU,EU,DIF,T3IF,T3,5.8455,False,,Available,v2.4.0,panel,uk-south-1
2026-09-11,aws,b300-sxm-288gb,B300,288GB,SXM,EFA,OnDemand,NonInterruptible,OnDemand,APAC,APAC,HIF,T1IF,T1,26.1467,True,local-nvme;managed-ops-plane;support-tier;observability,Available,v2.4.0,panel,ap-northeast-2
2026-09-11,aws,b300-sxm-288gb,B300,288GB,SXM,EFA,OnDemand,NonInterruptible,OnDemand,APAC,APAC,HIF,T1IF,T1,25.1008,True,local-nvme;managed-ops-plane;support-tier;observability,Available,v2.4.0,panel,ap-south-2
2026-09-11,aws,b300-sxm-288gb,B300,288GB,SXM,EFA,OnDemand,NonInterruptible,OnDemand,APAC,APAC,HIF,T1IF,T1,28.8663,True,local-nvme;managed-ops-plane;support-tier;observability,Available,v2.4.0,panel,ap-southeast-3
2026-09-11,aws,b300-sxm-288gb,B300,288GB,SXM,EFA,OnDemand,NonInterruptible,OnDemand,US-East,US,HIF,T1IF,T1,17.8020,True,local-nvme;managed-ops-plane;support-tier;observability,Available,v2.4.0,panel,us-east-1
2026-09-11,aws,b300-sxm-288gb,B300,288GB,SXM,EFA,OnDemand,NonInterruptible,OnDemand,US-West,US,HIF,T1IF,T1,17.8020,True,local-nvme;managed-ops-plane;support-tier;observability,Available,v2.4.0,panel,us-west-2
2026-09-11,aws,b300-sxm-288gb,B300,288GB,SXM,EFA,3Y,NonInterruptible,Reserved,APAC,APAC,HIF,T1IF,T1,11.2954,True,local-nvme;managed-ops-plane;support-tier;observability,Available,v2.4.0,panel,ap-northeast-2
2026-09-11,aws,b300-sxm-288gb,B300,288GB,SXM,EFA,3Y,NonInterruptible,Reserved,APAC,APAC,HIF,T1IF,T1,10.8436,True,local-nvme;managed-ops-plane;support-tier;observability,Available,v2.4.0,panel,ap-south-2
2026-09-11,aws,b300-sxm-288gb,B300,288GB,SXM,EFA,3Y,NonInterruptible,Reserved,APAC,APAC,HIF,T1IF,T1,12.4702,True,local-nvme;managed-ops-plane;support-tier;observability,Available,v2.4.0,panel,ap-southeast-3
2026-09-11,aws,b300-sxm-288gb,B300,288GB,SXM,EFA,3Y,NonInterruptible,Reserved,Other,Other,HIF,T1IF,T1,15.1810,True,local-nvme;managed-ops-plane;support-tier;observability,Available,v2.4.0,panel,sa-east-1
2026-09-11,aws,b300-sxm-288gb,B300,288GB,SXM,EFA,3Y,NonInterruptible,Reserved,US-East,US,HIF,T1IF,T1,7.6905,True,local-nvme;managed-ops-plane;support-tier;observability,Available,v2.4.0,panel,us-east-1
2026-09-11,aws,b300-sxm-288gb,B300,288GB,SXM,EFA,3Y,NonInterruptible,Reserved,US-West,US,HIF,T1IF,T1,7.6905,True,local-nvme;managed-ops-plane;support-tier;observability,Available,v2.4.0,panel,us-west-2
2026-09-11,aws,b300-sxm-288gb,B300,288GB,SXM,EFA,OnDemand,Interruptible,Spot,APAC,APAC,DIF,T2IF,T1,5.9428,False,,Available,v2.4.0,panel,ap-northeast-2c
2026-09-11,aws,b300-sxm-288gb,B300,288GB,SXM,EFA,OnDemand,Interruptible,Spot,APAC,APAC,DIF,T2IF,T1,5.7891,False,,Available,v2.4.0,panel,ap-south-2a
2026-09-11,aws,b300-sxm-288gb,B300,288GB,SXM,EFA,OnDemand,Interruptible,Spot,APAC,APAC,DIF,T2IF,T1,5.6443,False,,Available,v2.4.0,panel,ap-south-2c
2026-09-11,aws,b300-sxm-288gb,B300,288GB,SXM,EFA,OnDemand,Interruptible,Spot,APAC,APAC,DIF,T2IF,T1,4.0719,False,,Available,v2.4.0,panel,ap-southeast-3a
2026-09-11,aws,b300-sxm-288gb,B300,288GB,SXM,EFA,OnDemand,Interruptible,Spot,APAC,APAC,DIF,T2IF,T1,3.9934,False,,Available,v2.4.0,panel,ap-southeast-3c
2026-09-11,aws,b300-sxm-288gb,B300,288GB,SXM,EFA,OnDemand,Interruptible,Spot,Other,Other,DIF,T2IF,T1,5.7924,False,,Available,v2.4.0,panel,sa-east-1b
2026-09-11,aws,b300-sxm-288gb,B300,288GB,SXM,EFA,OnDemand,Interruptible,Spot,Other,Other,DIF,T2IF,T1,6.1282,False,,Available,v2.4.0,panel,sa-east-1c
2026-09-11,aws,b300-sxm-288gb,B300,288GB,SXM,EFA,OnDemand,Interruptible,Spot,US-East,US,DIF,T2IF,T1,5.5860,False,,Available,v2.4.0,panel,us-east-1b
2026-09-11,aws,b300-sxm-288gb,B300,288GB,SXM,EFA,OnDemand,Interruptible,Spot,US-East,US,DIF,T2IF,T1,5.5951,False,,Available,v2.4.0,panel,us-east-1d
2026-09-11,aws,b300-sxm-288gb,B300,288GB,SXM,EFA,OnDemand,Interruptible,Spot,US-West,US,DIF,T2IF,T1,6.5584,False,,Available,v2.4.0,panel,us-west-2a
2026-09-11,aws,b300-sxm-288gb,B300,288GB,SXM,EFA,OnDemand,Interruptible,Spot,US-West,US,DIF,T2IF,T1,6.4554,False,,Available,v2.4.0,panel,us-west-2b
2026-09-11,aws_capacity_blocks,b300-sxm-288gb,B300,288GB,SXM,EFA,CapacityBlock,NonInterruptible,Reserved,Other,Other,HIF,T2IF,T1,14.0400,False,,Available,v2.4.0,term-panel,non-us
2026-09-11,aws_capacity_blocks,b300-sxm-288gb,B300,288GB,SXM,EFA,CapacityBlock,NonInterruptible,Reserved,US-East,US,HIF,T2IF,T1,14.0400,False,,Available,v2.4.0,term-panel,us-east-1
2026-09-11,coreweave,b300-sxm-288gb,B300,288GB,SXM,IB-NDR,OnDemand,Interruptible,Spot,EU,EU,DIF,T2IF,T2,4.5875,False,,Available,v2.4.0,panel,EU
2026-09-11,coreweave,b300-sxm-288gb,B300,288GB,SXM,IB-NDR,OnDemand,Interruptible,Spot,US-East,US,DIF,T2IF,T2,4.4800,False,,Available,v2.4.0,panel,US
2026-09-11,datacrunch,b300-sxm-288gb,B300,288GB,SXM,IB-NDR,OnDemand,NonInterruptible,OnDemand,EU,EU,SIF,T2IF,T2,7.5000,True,local-nvme,Available,v2.4.0,panel,EU-FI
2026-09-11,datacrunch,b300-sxm-288gb,B300,288GB,SXM,IB-NDR,1M,NonInterruptible,Reserved,EU,EU,SIF,T2IF,T2,7.3500,True,local-nvme,Available,v2.4.0,panel,EU-FI
2026-09-11,datacrunch,b300-sxm-288gb,B300,288GB,SXM,IB-NDR,1Y,NonInterruptible,Reserved,EU,EU,SIF,T2IF,T2,6.9000,True,local-nvme,Available,v2.4.0,panel,EU-FI
2026-09-11,datacrunch,b300-sxm-288gb,B300,288GB,SXM,IB-NDR,2Y,NonInterruptible,Reserved,EU,EU,SIF,T2IF,T2,5.6250,True,local-nvme,Available,v2.4.0,panel,EU-FI
2026-09-11,datacrunch,b300-sxm-288gb,B300,288GB,SXM,IB-NDR,3M,NonInterruptible,Reserved,EU,EU,SIF,T2IF,T2,7.2750,True,local-nvme,Available,v2.4.0,panel,EU-FI
2026-09-11,datacrunch,b300-sxm-288gb,B300,288GB,SXM,IB-NDR,6M,NonInterruptible,Reserved,EU,EU,SIF,T2IF,T2,7.2000,True,local-nvme,Available,v2.4.0,panel,EU-FI
2026-09-11,datacrunch,b300-sxm-288gb,B300,288GB,SXM,IB-NDR,OnDemand,Interruptible,Spot,EU,EU,DIF,T2IF,T2,3.7500,True,local-nvme,Available,v2.4.0,panel,EU-FI
2026-09-11,deepinfra_gpu,b300-sxm-288gb,B300,288GB,SXM,,OnDemand,NonInterruptible,OnDemand,Other,Other,SIF,T2IF,T2,4.8900,False,,Available,v2.4.0,panel,undisclosed
2026-09-11,digitalocean,b300-sxm-288gb,B300,288GB,SXM,Ethernet,1Y,NonInterruptible,Reserved,US-East,US,SIF,,T2,7.9400,True,local-nvme,Available,v2.4.0,panel,US
2026-09-11,digitalocean,b300-sxm-288gb,B300,288GB,SXM,Ethernet,OnDemand,Interruptible,Spot,US-East,US,DIF,,T2,11.1900,True,local-nvme,Available,v2.4.0,panel,US
2026-09-11,gcore,b300-sxm-288gb,B300,288GB,SXM,Unknown,OnDemand,NonInterruptible,OnDemand,EU,EU,IIF,T2IF,T2,6.9696,False,,Available,v2.4.0,panel,EU
2026-09-11,hyperstack,b300-sxm-288gb,B300,288GB,SXM,IB-NDR,OnDemand,NonInterruptible,OnDemand,Other,Other,SIF,T2IF,T2,7.4000,True,local-nvme,Available,v2.4.0,panel,Multi
2026-09-11,latitude,b300-sxm-288gb,B300,288GB,SXM,RoCE,OnDemand,NonInterruptible,OnDemand,US-East,US,SIF,T2IF,T2,16.0000,True,local-nvme;free-egress,SoldOut,v2.4.0,panel,united-states
2026-09-11,latitude,b300-sxm-288gb,B300,288GB,SXM,RoCE,1M,NonInterruptible,Reserved,US-East,US,SIF,T2IF,T2,8.0000,True,local-nvme;free-egress,SoldOut,v2.4.0,panel,united-states
2026-09-11,latitude,b300-sxm-288gb,B300,288GB,SXM,RoCE,1Y,NonInterruptible,Reserved,US-East,US,SIF,T2IF,T2,5.6000,True,local-nvme;free-egress,SoldOut,v2.4.0,panel,united-states
2026-09-11,lyceum,b300-sxm-288gb,B300,288GB,SXM,,OnDemand,NonInterruptible,OnDemand,Other,Other,SIF,T2IF,T2,7.9900,False,,Available,v2.4.0,candidate,EU (undisclosed)
2026-09-11,massed_compute,b300-sxm-288gb,B300,288GB,SXM,Unknown,OnDemand,NonInterruptible,OnDemand,US-East,US,DIF,T3IF,T3,6.6000,False,,Available,v2.4.0,panel,US
2026-09-11,nebius,b300-sxm-288gb,B300,288GB,SXM,IB-NDR,OnDemand,NonInterruptible,OnDemand,Other,Other,IIF,T1IF,T2,7.8500,True,observability;managed-ops-plane;free-egress,Available,v2.4.0,panel,
2026-09-11,nebius,b300-sxm-288gb,B300,288GB,SXM,IB-NDR,OnDemand,Interruptible,Spot,Other,Other,DIF,T1IF,T2,4.3000,True,observability;managed-ops-plane;free-egress,Available,v2.4.0,panel,
2026-09-11,oci,b300-sxm-288gb,B300,288GB,SXM,RoCE-v2,OnDemand,NonInterruptible,OnDemand,US-East,US,HIF,T1IF,T1,15.0000,True,local-nvme;egress-capped;managed-ops-plane;support-tier;observability,Available,v2.4.0,panel,us-ashburn-1
2026-09-11,qubrid,b300-sxm-288gb,B300,288GB,SXM,Unknown,1Y,NonInterruptible,Reserved,Other,Other,SIF,T2IF,T2,5.5565,False,,Available,v2.4.0,panel,
2026-09-11,runpod_community,b300-sxm-288gb,B300,288GB,SXM,Unknown,OnDemand,NonInterruptible,OnDemand,Other,Other,DIF,T3IF,T3,6.9400,False,,SoldOut,v2.4.0,panel,Global
2026-09-11,runpod_secure,b300-sxm-288gb,B300,288GB,SXM,IB-NDR,OnDemand,NonInterruptible,OnDemand,Other,Other,DIF,T2IF,T3,7.8900,True,local-nvme,Available,v2.4.0,panel,Global
2026-09-11,runpod_secure,b300-sxm-288gb,B300,288GB,SXM,IB-NDR,OnDemand,NonInterruptible,OnDemand,US-West,US,DIF,T2IF,T3,7.8900,True,local-nvme,Available,v2.4.0,panel,US-WA-2
2026-09-11,scaleway,b300-sxm-288gb,B300,288GB,SXM,Unknown,OnDemand,NonInterruptible,OnDemand,EU,EU,SIF,T3IF,T2,8.7120,True,local-nvme,Available,v2.4.0,panel,fr-par-2
2026-09-11,spheron,b300-sxm-288gb,B300,288GB,SXM,Unknown,OnDemand,NonInterruptible,OnDemand,EU,EU,DIF,T3IF,T3,10.2131,False,,Available,v2.4.0,panel,uk-south-1
2026-09-11,spheron,b300-sxm-288gb,B300,288GB,SXM,Unknown,OnDemand,Interruptible,Spot,EU,EU,DIF,T3IF,T3,5.8455,False,,Available,v2.4.0,panel,uk-south-1
2026-09-11,vast_ai,b300-sxm-288gb,B300,288GB,SXM,IB-NDR,OnDemand,NonInterruptible,OnDemand,US-West,US,DIF,T3IF,T3,9.6250,False,,Available,v2.4.0,marketplace,"CALIFORNIA, US"
2026-09-11,vast_ai,b300-sxm-288gb,B300,288GB,SXM,IB-NDR,OnDemand,NonInterruptible,OnDemand,US-East,US,DIF,T3IF,T3,8.1250,False,,Available,v2.4.0,marketplace,"MASSACHUSETTS, US"
2026-09-11,vast_ai,b300-sxm-288gb,B300,288GB,SXM,IB-NDR,OnDemand,NonInterruptible,OnDemand,EU,EU,DIF,T3IF,T3,12.1250,False,,Available,v2.4.0,marketplace,"UNITED KINGDOM, GB"
2026-09-12,aws,b300-sxm-288gb,B300,288GB,SXM,EFA,OnDemand,NonInterruptible,OnDemand,APAC,APAC,HIF,T1IF,T1,26.1467,True,local-nvme;managed-ops-plane;support-tier;observability,Available,v2.4.0,panel,ap-northeast-2
2026-09-12,aws,b300-sxm-288gb,B300,288GB,SXM,EFA,OnDemand,NonInterruptible,OnDemand,APAC,APAC,HIF,T1IF,T1,25.1008,True,local-nvme;managed-ops-plane;support-tier;observability,Available,v2.4.0,panel,ap-south-2
2026-09-12,aws,b300-sxm-288gb,B300,288GB,SXM,EFA,OnDemand,NonInterruptible,OnDemand,APAC,APAC,HIF,T1IF,T1,28.8663,True,local-nvme;managed-ops-plane;support-tier;observability,Available,v2.4.0,panel,ap-southeast-3
2026-09-12,aws,b300-sxm-288gb,B300,288GB,SXM,EFA,OnDemand,NonInterruptible,OnDemand,US-East,US,HIF,T1IF,T1,17.8020,True,local-nvme;managed-ops-plane;support-tier;observability,Available,v2.4.0,panel,us-east-1
2026-09-12,aws,b300-sxm-288gb,B300,288GB,SXM,EFA,OnDemand,NonInterruptible,OnDemand,US-West,US,HIF,T1IF,T1,17.8020,True,local-nvme;managed-ops-plane;support-tier;observability,Available,v2.4.0,panel,us-west-2
2026-09-12,aws,b300-sxm-288gb,B300,288GB,SXM,EFA,3Y,NonInterruptible,Reserved,APAC,APAC,HIF,T1IF,T1,11.2954,True,local-nvme;managed-ops-plane;support-tier;observability,Available,v2.4.0,panel,ap-northeast-2
2026-09-12,aws,b300-sxm-288gb,B300,288GB,SXM,EFA,3Y,NonInterruptible,Reserved,APAC,APAC,HIF,T1IF,T1,10.8436,True,local-nvme;managed-ops-plane;support-tier;observability,Available,v2.4.0,panel,ap-south-2
2026-09-12,aws,b300-sxm-288gb,B300,288GB,SXM,EFA,3Y,NonInterruptible,Reserved,APAC,APAC,HIF,T1IF,T1,12.4702,True,local-nvme;managed-ops-plane;support-tier;observability,Available,v2.4.0,panel,ap-southeast-3
2026-09-12,aws,b300-sxm-288gb,B300,288GB,SXM,EFA,3Y,NonInterruptible,Reserved,Other,Other,HIF,T1IF,T1,15.1810,True,local-nvme;managed-ops-plane;support-tier;observability,Available,v2.4.0,panel,sa-east-1
2026-09-12,aws,b300-sxm-288gb,B300,288GB,SXM,EFA,3Y,NonInterruptible,Reserved,US-East,US,HIF,T1IF,T1,7.6905,True,local-nvme;managed-ops-plane;support-tier;observability,Available,v2.4.0,panel,us-east-1
2026-09-12,aws,b300-sxm-288gb,B300,288GB,SXM,EFA,3Y,NonInterruptible,Reserved,US-West,US,HIF,T1IF,T1,7.6905,True,local-nvme;managed-ops-plane;support-tier;observability,Available,v2.4.0,panel,us-west-2
2026-09-12,aws,b300-sxm-288gb,B300,288GB,SXM,EFA,OnDemand,Interruptible,Spot,APAC,APAC,DIF,T2IF,T1,6.0677,False,,Available,v2.4.0,panel,ap-northeast-2c
2026-09-12,aws,b300-sxm-288gb,B300,288GB,SXM,EFA,OnDemand,Interruptible,Spot,APAC,APAC,DIF,T2IF,T1,5.5130,False,,Available,v2.4.0,panel,ap-south-2a
2026-09-12,aws,b300-sxm-288gb,B300,288GB,SXM,EFA,OnDemand,Interruptible,Spot,APAC,APAC,DIF,T2IF,T1,5.3082,False,,Available,v2.4.0,panel,ap-south-2c
2026-09-12,aws,b300-sxm-288gb,B300,288GB,SXM,EFA,OnDemand,Interruptible,Spot,APAC,APAC,DIF,T2IF,T1,3.9536,False,,Available,v2.4.0,panel,ap-southeast-3a
2026-09-12,aws,b300-sxm-288gb,B300,288GB,SXM,EFA,OnDemand,Interruptible,Spot,APAC,APAC,DIF,T2IF,T1,3.8268,False,,Available,v2.4.0,panel,ap-southeast-3c
2026-09-12,aws,b300-sxm-288gb,B300,288GB,SXM,EFA,OnDemand,Interruptible,Spot,Other,Other,DIF,T2IF,T1,6.1704,False,,Available,v2.4.0,panel,sa-east-1b
2026-09-12,aws,b300-sxm-288gb,B300,288GB,SXM,EFA,OnDemand,Interruptible,Spot,Other,Other,DIF,T2IF,T1,6.6445,False,,Available,v2.4.0,panel,sa-east-1c
2026-09-12,aws,b300-sxm-288gb,B300,288GB,SXM,EFA,OnDemand,Interruptible,Spot,US-East,US,DIF,T2IF,T1,5.5958,False,,Available,v2.4.0,panel,us-east-1b
2026-09-12,aws,b300-sxm-288gb,B300,288GB,SXM,EFA,OnDemand,Interruptible,Spot,US-East,US,DIF,T2IF,T1,5.5941,False,,Available,v2.4.0,panel,us-east-1d
2026-09-12,aws,b300-sxm-288gb,B300,288GB,SXM,EFA,OnDemand,Interruptible,Spot,US-West,US,DIF,T2IF,T1,6.5643,False,,Available,v2.4.0,panel,us-west-2a
2026-09-12,aws,b300-sxm-288gb,B300,288GB,SXM,EFA,OnDemand,Interruptible,Spot,US-West,US,DIF,T2IF,T1,6.4636,False,,Available,v2.4.0,panel,us-west-2b
2026-09-12,aws_capacity_blocks,b300-sxm-288gb,B300,288GB,SXM,EFA,CapacityBlock,NonInterruptible,Reserved,Other,Other,HIF,T2IF,T1,14.0400,False,,Available,v2.4.0,term-panel,non-us
2026-09-12,aws_capacity_blocks,b300-sxm-288gb,B300,288GB,SXM,EFA,CapacityBlock,NonInterruptible,Reserved,US-East,US,HIF,T2IF,T1,14.0400,False,,Available,v2.4.0,term-panel,us-east-1
2026-09-12,coreweave,b300-sxm-288gb,B300,288GB,SXM,IB-NDR,OnDemand,Interruptible,Spot,EU,EU,DIF,T2IF,T2,4.5875,False,,Available,v2.4.0,panel,EU
2026-09-12,coreweave,b300-sxm-288gb,B300,288GB,SXM,IB-NDR,OnDemand,Interruptible,Spot,US-East,US,DIF,T2IF,T2,4.4800,False,,Available,v2.4.0,panel,US
2026-09-12,datacrunch,b300-sxm-288gb,B300,288GB,SXM,IB-NDR,OnDemand,NonInterruptible,OnDemand,EU,EU,SIF,T2IF,T2,7.5000,True,local-nvme,Available,v2.4.0,panel,EU-FI
2026-09-12,datacrunch,b300-sxm-288gb,B300,288GB,SXM,IB-NDR,1M,NonInterruptible,Reserved,EU,EU,SIF,T2IF,T2,7.3500,True,local-nvme,Available,v2.4.0,panel,EU-FI
2026-09-12,datacrunch,b300-sxm-288gb,B300,288GB,SXM,IB-NDR,1Y,NonInterruptible,Reserved,EU,EU,SIF,T2IF,T2,6.9000,True,local-nvme,Available,v2.4.0,panel,EU-FI
2026-09-12,datacrunch,b300-sxm-288gb,B300,288GB,SXM,IB-NDR,2Y,NonInterruptible,Reserved,EU,EU,SIF,T2IF,T2,5.6250,True,local-nvme,Available,v2.4.0,panel,EU-FI
2026-09-12,datacrunch,b300-sxm-288gb,B300,288GB,SXM,IB-NDR,3M,NonInterruptible,Reserved,EU,EU,SIF,T2IF,T2,7.2750,True,local-nvme,Available,v2.4.0,panel,EU-FI
2026-09-12,datacrunch,b300-sxm-288gb,B300,288GB,SXM,IB-NDR,6M,NonInterruptible,Reserved,EU,EU,SIF,T2IF,T2,7.2000,True,local-nvme,Available,v2.4.0,panel,EU-FI
2026-09-12,datacrunch,b300-sxm-288gb,B300,288GB,SXM,IB-NDR,OnDemand,Interruptible,Spot,EU,EU,DIF,T2IF,T2,3.7500,True,local-nvme,Available,v2.4.0,panel,EU-FI
2026-09-12,deepinfra_gpu,b300-sxm-288gb,B300,288GB,SXM,,OnDemand,NonInterruptible,OnDemand,Other,Other,SIF,T2IF,T2,4.8900,False,,Available,v2.4.0,panel,undisclosed
2026-09-12,digitalocean,b300-sxm-288gb,B300,288GB,SXM,Ethernet,1Y,NonInterruptible,Reserved,US-East,US,SIF,,T2,7.9400,True,local-nvme,Available,v2.4.0,panel,US
2026-09-12,digitalocean,b300-sxm-288gb,B300,288GB,SXM,Ethernet,OnDemand,Interruptible,Spot,US-East,US,DIF,,T2,11.1900,True,local-nvme,Available,v2.4.0,panel,US
2026-09-12,gcore,b300-sxm-288gb,B300,288GB,SXM,Unknown,OnDemand,NonInterruptible,OnDemand,EU,EU,IIF,T2IF,T2,6.9552,False,,Available,v2.4.0,panel,EU
2026-09-12,hyperstack,b300-sxm-288gb,B300,288GB,SXM,IB-NDR,OnDemand,NonInterruptible,OnDemand,Other,Other,SIF,T2IF,T2,7.4000,True,local-nvme,Available,v2.4.0,panel,Multi
2026-09-12,latitude,b300-sxm-288gb,B300,288GB,SXM,RoCE,OnDemand,NonInterruptible,OnDemand,US-East,US,SIF,T2IF,T2,16.0000,True,local-nvme;free-egress,SoldOut,v2.4.0,panel,united-states
2026-09-12,latitude,b300-sxm-288gb,B300,288GB,SXM,RoCE,1M,NonInterruptible,Reserved,US-East,US,SIF,T2IF,T2,8.0000,True,local-nvme;free-egress,SoldOut,v2.4.0,panel,united-states
2026-09-12,latitude,b300-sxm-288gb,B300,288GB,SXM,RoCE,1Y,NonInterruptible,Reserved,US-East,US,SIF,T2IF,T2,5.6000,True,local-nvme;free-egress,SoldOut,v2.4.0,panel,united-states
2026-09-12,lyceum,b300-sxm-288gb,B300,288GB,SXM,,OnDemand,NonInterruptible,OnDemand,Other,Other,SIF,T2IF,T2,7.9900,False,,Available,v2.4.0,candidate,EU (undisclosed)
2026-09-12,massed_compute,b300-sxm-288gb,B300,288GB,SXM,Unknown,OnDemand,NonInterruptible,OnDemand,US-East,US,DIF,T3IF,T3,6.6000,False,,Available,v2.4.0,panel,US
2026-09-12,nebius,b300-sxm-288gb,B300,288GB,SXM,IB-NDR,OnDemand,NonInterruptible,OnDemand,Other,Other,IIF,T1IF,T2,7.8500,True,observability;managed-ops-plane;free-egress,Available,v2.4.0,panel,
2026-09-12,nebius,b300-sxm-288gb,B300,288GB,SXM,IB-NDR,OnDemand,Interruptible,Spot,Other,Other,DIF,T1IF,T2,4.3000,True,observability;managed-ops-plane;free-egress,Available,v2.4.0,panel,
2026-09-12,oci,b300-sxm-288gb,B300,288GB,SXM,RoCE-v2,OnDemand,NonInterruptible,OnDemand,US-East,US,HIF,T1IF,T1,15.0000,True,local-nvme;egress-capped;managed-ops-plane;support-tier;observability,Available,v2.4.0,panel,us-ashburn-1
2026-09-12,qubrid,b300-sxm-288gb,B300,288GB,SXM,Unknown,1Y,NonInterruptible,Reserved,Other,Other,SIF,T2IF,T2,5.5565,False,,Available,v2.4.0,panel,
2026-09-12,runpod_community,b300-sxm-288gb,B300,288GB,SXM,Unknown,OnDemand,NonInterruptible,OnDemand,Other,Other,DIF,T3IF,T3,6.9400,False,,SoldOut,v2.4.0,panel,Global
2026-09-12,runpod_secure,b300-sxm-288gb,B300,288GB,SXM,IB-NDR,OnDemand,NonInterruptible,OnDemand,Other,Other,DIF,T2IF,T3,7.8900,True,local-nvme,Available,v2.4.0,panel,Global
2026-09-12,runpod_secure,b300-sxm-288gb,B300,288GB,SXM,IB-NDR,OnDemand,NonInterruptible,OnDemand,US-West,US,DIF,T2IF,T3,7.8900,True,local-nvme,Available,v2.4.0,panel,US-WA-2
2026-09-12,scaleway,b300-sxm-288gb,B300,288GB,SXM,Unknown,OnDemand,NonInterruptible,OnDemand,EU,EU,SIF,T3IF,T2,8.6940,True,local-nvme,Available,v2.4.0,panel,fr-par-2
2026-09-12,spheron,b300-sxm-288gb,B300,288GB,SXM,Unknown,OnDemand,Interruptible,Spot,EU,EU,DIF,T3IF,T3,5.8455,False,,Available,v2.4.0,panel,uk-south-1
2026-09-12,vast_ai,b300-sxm-288gb,B300,288GB,SXM,IB-NDR,OnDemand,NonInterruptible,OnDemand,US-West,US,DIF,T3IF,T3,9.6250,False,,Available,v2.4.0,marketplace,"CALIFORNIA, US"
2026-09-12,vast_ai,b300-sxm-288gb,B300,288GB,SXM,IB-NDR,OnDemand,NonInterruptible,OnDemand,US-East,US,DIF,T3IF,T3,8.1250,False,,Available,v2.4.0,marketplace,"MASSACHUSETTS, US"
2026-09-12,vast_ai,b300-sxm-288gb,B300,288GB,SXM,IB-NDR,OnDemand,NonInterruptible,OnDemand,EU,EU,DIF,T3IF,T3,11.2500,False,,Available,v2.4.0,marketplace,"UNITED KINGDOM, GB"
2026-09-13,aws,b300-sxm-288gb,B300,288GB,SXM,EFA,OnDemand,NonInterruptible,OnDemand,APAC,APAC,HIF,T1IF,T1,26.1467,True,local-nvme;managed-ops-plane;support-tier;observability,Available,v2.4.0,panel,ap-northeast-2
2026-09-13,aws,b300-sxm-288gb,B300,288GB,SXM,EFA,OnDemand,NonInterruptible,OnDemand,APAC,APAC,HIF,T1IF,T1,25.1008,True,local-nvme;managed-ops-plane;support-tier;observability,Available,v2.4.0,panel,ap-south-2
2026-09-13,aws,b300-sxm-288gb,B300,288GB,SXM,EFA,OnDemand,NonInterruptible,OnDemand,APAC,APAC,HIF,T1IF,T1,28.8663,True,local-nvme;managed-ops-plane;support-tier;observability,Available,v2.4.0,panel,ap-southeast-3
2026-09-13,aws,b300-sxm-288gb,B300,288GB,SXM,EFA,OnDemand,NonInterruptible,OnDemand,US-East,US,HIF,T1IF,T1,17.8020,True,local-nvme;managed-ops-plane;support-tier;observability,Available,v2.4.0,panel,us-east-1
2026-09-13,aws,b300-sxm-288gb,B300,288GB,SXM,EFA,OnDemand,NonInterruptible,OnDemand,US-West,US,HIF,T1IF,T1,17.8020,True,local-nvme;managed-ops-plane;support-tier;observability,Available,v2.4.0,panel,us-west-2
2026-09-13,aws,b300-sxm-288gb,B300,288GB,SXM,EFA,3Y,NonInterruptible,Reserved,APAC,APAC,HIF,T1IF,T1,11.2954,True,local-nvme;managed-ops-plane;support-tier;observability,Available,v2.4.0,panel,ap-northeast-2
2026-09-13,aws,b300-sxm-288gb,B300,288GB,SXM,EFA,3Y,NonInterruptible,Reserved,APAC,APAC,HIF,T1IF,T1,10.8436,True,local-nvme;managed-ops-plane;support-tier;observability,Available,v2.4.0,panel,ap-south-2
2026-09-13,aws,b300-sxm-288gb,B300,288GB,SXM,EFA,3Y,NonInterruptible,Reserved,APAC,APAC,HIF,T1IF,T1,12.4702,True,local-nvme;managed-ops-plane;support-tier;observability,Available,v2.4.0,panel,ap-southeast-3
2026-09-13,aws,b300-sxm-288gb,B300,288GB,SXM,EFA,3Y,NonInterruptible,Reserved,Other,Other,HIF,T1IF,T1,15.1810,True,local-nvme;managed-ops-plane;support-tier;observability,Available,v2.4.0,panel,sa-east-1
2026-09-13,aws,b300-sxm-288gb,B300,288GB,SXM,EFA,3Y,NonInterruptible,Reserved,US-East,US,HIF,T1IF,T1,7.6905,True,local-nvme;managed-ops-plane;support-tier;observability,Available,v2.4.0,panel,us-east-1
2026-09-13,aws,b300-sxm-288gb,B300,288GB,SXM,EFA,3Y,NonInterruptible,Reserved,US-West,US,HIF,T1IF,T1,7.6905,True,local-nvme;managed-ops-plane;support-tier;observability,Available,v2.4.0,panel,us-west-2
2026-09-13,aws,b300-sxm-288gb,B300,288GB,SXM,EFA,OnDemand,Interruptible,Spot,APAC,APAC,DIF,T2IF,T1,5.8026,False,,Available,v2.4.0,panel,ap-northeast-2c
2026-09-13,aws,b300-sxm-288gb,B300,288GB,SXM,EFA,OnDemand,Interruptible,Spot,APAC,APAC,DIF,T2IF,T1,5.1973,False,,Available,v2.4.0,panel,ap-south-2a
2026-09-13,aws,b300-sxm-288gb,B300,288GB,SXM,EFA,OnDemand,Interruptible,Spot,APAC,APAC,DIF,T2IF,T1,4.8920,False,,Available,v2.4.0,panel,ap-south-2c
2026-09-13,aws,b300-sxm-288gb,B300,288GB,SXM,EFA,OnDemand,Interruptible,Spot,APAC,APAC,DIF,T2IF,T1,3.7211,False,,Available,v2.4.0,panel,ap-southeast-3a
2026-09-13,aws,b300-sxm-288gb,B300,288GB,SXM,EFA,OnDemand,Interruptible,Spot,APAC,APAC,DIF,T2IF,T1,3.7331,False,,Available,v2.4.0,panel,ap-southeast-3c
2026-09-13,aws,b300-sxm-288gb,B300,288GB,SXM,EFA,OnDemand,Interruptible,Spot,Other,Other,DIF,T2IF,T1,6.5268,False,,Available,v2.4.0,panel,sa-east-1b
2026-09-13,aws,b300-sxm-288gb,B300,288GB,SXM,EFA,OnDemand,Interruptible,Spot,Other,Other,DIF,T2IF,T1,6.9505,False,,Available,v2.4.0,panel,sa-east-1c
2026-09-13,aws,b300-sxm-288gb,B300,288GB,SXM,EFA,OnDemand,Interruptible,Spot,US-East,US,DIF,T2IF,T1,5.6059,False,,Available,v2.4.0,panel,us-east-1b
2026-09-13,aws,b300-sxm-288gb,B300,288GB,SXM,EFA,OnDemand,Interruptible,Spot,US-East,US,DIF,T2IF,T1,5.5927,False,,Available,v2.4.0,panel,us-east-1d
2026-09-13,aws,b300-sxm-288gb,B300,288GB,SXM,EFA,OnDemand,Interruptible,Spot,US-West,US,DIF,T2IF,T1,6.5610,False,,Available,v2.4.0,panel,us-west-2a
2026-09-13,aws,b300-sxm-288gb,B300,288GB,SXM,EFA,OnDemand,Interruptible,Spot,US-West,US,DIF,T2IF,T1,6.4752,False,,Available,v2.4.0,panel,us-west-2b
2026-09-13,aws_capacity_blocks,b300-sxm-288gb,B300,288GB,SXM,EFA,CapacityBlock,NonInterruptible,Reserved,Other,Other,HIF,T2IF,T1,14.0400,False,,Available,v2.4.0,term-panel,non-us
2026-09-13,aws_capacity_blocks,b300-sxm-288gb,B300,288GB,SXM,EFA,CapacityBlock,NonInterruptible,Reserved,US-East,US,HIF,T2IF,T1,14.0400,False,,Available,v2.4.0,term-panel,us-east-1
2026-09-13,coreweave,b300-sxm-288gb,B300,288GB,SXM,IB-NDR,OnDemand,Interruptible,Spot,EU,EU,DIF,T2IF,T2,4.5875,False,,Available,v2.4.0,panel,EU
2026-09-13,coreweave,b300-sxm-288gb,B300,288GB,SXM,IB-NDR,OnDemand,Interruptible,Spot,US-East,US,DIF,T2IF,T2,4.4800,False,,Available,v2.4.0,panel,US
2026-09-13,datacrunch,b300-sxm-288gb,B300,288GB,SXM,IB-NDR,OnDemand,NonInterruptible,OnDemand,EU,EU,SIF,T2IF,T2,7.5750,True,local-nvme,Available,v2.4.0,panel,EU-FI
2026-09-13,datacrunch,b300-sxm-288gb,B300,288GB,SXM,IB-NDR,1M,NonInterruptible,Reserved,EU,EU,SIF,T2IF,T2,7.4235,True,local-nvme,Available,v2.4.0,panel,EU-FI
2026-09-13,datacrunch,b300-sxm-288gb,B300,288GB,SXM,IB-NDR,1Y,NonInterruptible,Reserved,EU,EU,SIF,T2IF,T2,6.9690,True,local-nvme,Available,v2.4.0,panel,EU-FI
2026-09-13,datacrunch,b300-sxm-288gb,B300,288GB,SXM,IB-NDR,2Y,NonInterruptible,Reserved,EU,EU,SIF,T2IF,T2,5.6813,True,local-nvme,Available,v2.4.0,panel,EU-FI
2026-09-13,datacrunch,b300-sxm-288gb,B300,288GB,SXM,IB-NDR,3M,NonInterruptible,Reserved,EU,EU,SIF,T2IF,T2,7.3478,True,local-nvme,Available,v2.4.0,panel,EU-FI
2026-09-13,datacrunch,b300-sxm-288gb,B300,288GB,SXM,IB-NDR,6M,NonInterruptible,Reserved,EU,EU,SIF,T2IF,T2,7.2720,True,local-nvme,Available,v2.4.0,panel,EU-FI
2026-09-13,datacrunch,b300-sxm-288gb,B300,288GB,SXM,IB-NDR,OnDemand,Interruptible,Spot,EU,EU,DIF,T2IF,T2,3.7875,True,local-nvme,Available,v2.4.0,panel,EU-FI
2026-09-13,deepinfra_gpu,b300-sxm-288gb,B300,288GB,SXM,,OnDemand,NonInterruptible,OnDemand,Other,Other,SIF,T2IF,T2,4.8900,False,,Available,v2.4.0,panel,undisclosed
2026-09-13,digitalocean,b300-sxm-288gb,B300,288GB,SXM,Ethernet,1Y,NonInterruptible,Reserved,US-East,US,SIF,,T2,7.9400,True,local-nvme,Available,v2.4.0,panel,US
2026-09-13,digitalocean,b300-sxm-288gb,B300,288GB,SXM,Ethernet,OnDemand,Interruptible,Spot,US-East,US,DIF,,T2,11.1900,True,local-nvme,Available,v2.4.0,panel,US
2026-09-13,gcore,b300-sxm-288gb,B300,288GB,SXM,Unknown,OnDemand,NonInterruptible,OnDemand,EU,EU,IIF,T2IF,T2,6.9552,False,,Available,v2.4.0,panel,EU
2026-09-13,hyperstack,b300-sxm-288gb,B300,288GB,SXM,IB-NDR,OnDemand,NonInterruptible,OnDemand,Other,Other,SIF,T2IF,T2,7.4000,True,local-nvme,Available,v2.4.0,panel,Multi
2026-09-13,latitude,b300-sxm-288gb,B300,288GB,SXM,RoCE,OnDemand,NonInterruptible,OnDemand,US-East,US,SIF,T2IF,T2,16.0000,True,local-nvme;free-egress,SoldOut,v2.4.0,panel,united-states
2026-09-13,latitude,b300-sxm-288gb,B300,288GB,SXM,RoCE,1M,NonInterruptible,Reserved,US-East,US,SIF,T2IF,T2,8.0000,True,local-nvme;free-egress,SoldOut,v2.4.0,panel,united-states
2026-09-13,latitude,b300-sxm-288gb,B300,288GB,SXM,RoCE,1Y,NonInterruptible,Reserved,US-East,US,SIF,T2IF,T2,5.6000,True,local-nvme;free-egress,SoldOut,v2.4.0,panel,united-states
2026-09-13,lyceum,b300-sxm-288gb,B300,288GB,SXM,,OnDemand,NonInterruptible,OnDemand,Other,Other,SIF,T2IF,T2,7.9900,False,,Available,v2.4.0,candidate,EU (undisclosed)
2026-09-13,massed_compute,b300-sxm-288gb,B300,288GB,SXM,Unknown,OnDemand,NonInterruptible,OnDemand,US-East,US,DIF,T3IF,T3,6.6000,False,,Available,v2.4.0,panel,US
2026-09-13,nebius,b300-sxm-288gb,B300,288GB,SXM,IB-NDR,OnDemand,NonInterruptible,OnDemand,Other,Other,IIF,T1IF,T2,7.8500,True,observability;managed-ops-plane;free-egress,Available,v2.4.0,panel,
2026-09-13,nebius,b300-sxm-288gb,B300,288GB,SXM,IB-NDR,OnDemand,Interruptible,Spot,Other,Other,DIF,T1IF,T2,4.3000,True,observability;managed-ops-plane;free-egress,Available,v2.4.0,panel,
2026-09-13,oci,b300-sxm-288gb,B300,288GB,SXM,RoCE-v2,OnDemand,NonInterruptible,OnDemand,US-East,US,HIF,T1IF,T1,15.0000,True,local-nvme;egress-capped;managed-ops-plane;support-tier;observability,Available,v2.4.0,panel,us-ashburn-1
2026-09-13,qubrid,b300-sxm-288gb,B300,288GB,SXM,Unknown,1Y,NonInterruptible,Reserved,Other,Other,SIF,T2IF,T2,5.5565,False,,Available,v2.4.0,panel,
2026-09-13,runpod_community,b300-sxm-288gb,B300,288GB,SXM,Unknown,OnDemand,NonInterruptible,OnDemand,Other,Other,DIF,T3IF,T3,6.9400,False,,SoldOut,v2.4.0,panel,Global
2026-09-13,runpod_secure,b300-sxm-288gb,B300,288GB,SXM,IB-NDR,OnDemand,NonInterruptible,OnDemand,Other,Other,DIF,T2IF,T3,7.8900,True,local-nvme,Available,v2.4.0,panel,Global
2026-09-13,runpod_secure,b300-sxm-288gb,B300,288GB,SXM,IB-NDR,OnDemand,NonInterruptible,OnDemand,US-West,US,DIF,T2IF,T3,7.8900,True,local-nvme,Available,v2.4.0,panel,US-WA-2
2026-09-13,scaleway,b300-sxm-288gb,B300,288GB,SXM,Unknown,OnDemand,NonInterruptible,OnDemand,EU,EU,SIF,T3IF,T2,8.6940,True,local-nvme,Available,v2.4.0,panel,fr-par-2
2026-09-13,spheron,b300-sxm-288gb,B300,288GB,SXM,Unknown,OnDemand,Interruptible,Spot,EU,EU,DIF,T3IF,T3,5.8101,False,,Available,v2.4.0,panel,uk-south-1
2026-09-13,vast_ai,b300-sxm-288gb,B300,288GB,SXM,IB-NDR,OnDemand,NonInterruptible,OnDemand,US-West,US,DIF,T3IF,T3,9.6250,False,,Available,v2.4.0,marketplace,"CALIFORNIA, US"
2026-09-13,vast_ai,b300-sxm-288gb,B300,288GB,SXM,IB-NDR,OnDemand,NonInterruptible,OnDemand,US-East,US,DIF,T3IF,T3,8.1250,False,,Available,v2.4.0,marketplace,"MASSACHUSETTS, US"
2026-09-13,vast_ai,b300-sxm-288gb,B300,288GB,SXM,IB-NDR,OnDemand,NonInterruptible,OnDemand,EU,EU,DIF,T3IF,T3,10.5500,False,,Available,v2.4.0,marketplace,"UNITED KINGDOM, GB"
2026-09-14,aws,b300-sxm-288gb,B300,288GB,SXM,EFA,OnDemand,NonInterruptible,OnDemand,APAC,APAC,HIF,T1IF,T1,26.1467,True,local-nvme;managed-ops-plane;support-tier;observability,Available,v2.4.0,panel,ap-northeast-2
2026-09-14,aws,b300-sxm-288gb,B300,288GB,SXM,EFA,OnDemand,NonInterruptible,OnDemand,APAC,APAC,HIF,T1IF,T1,25.1008,True,local-nvme;managed-ops-plane;support-tier;observability,Available,v2.4.0,panel,ap-south-2
2026-09-14,aws,b300-sxm-288gb,B300,288GB,SXM,EFA,OnDemand,NonInterruptible,OnDemand,APAC,APAC,HIF,T1IF,T1,28.8663,True,local-nvme;managed-ops-plane;support-tier;observability,Available,v2.4.0,panel,ap-southeast-3
2026-09-14,aws,b300-sxm-288gb,B300,288GB,SXM,EFA,OnDemand,NonInterruptible,OnDemand,US-East,US,HIF,T1IF,T1,17.8020,True,local-nvme;managed-ops-plane;support-tier;observability,Available,v2.4.0,panel,us-east-1
2026-09-14,aws,b300-sxm-288gb,B300,288GB,SXM,EFA,OnDemand,NonInterruptible,OnDemand,US-West,US,HIF,T1IF,T1,17.8020,True,local-nvme;managed-ops-plane;support-tier;observability,Available,v2.4.0,panel,us-west-2
2026-09-14,aws,b300-sxm-288gb,B300,288GB,SXM,EFA,3Y,NonInterruptible,Reserved,APAC,APAC,HIF,T1IF,T1,11.2954,True,local-nvme;managed-ops-plane;support-tier;observability,Available,v2.4.0,panel,ap-northeast-2
2026-09-14,aws,b300-sxm-288gb,B300,288GB,SXM,EFA,3Y,NonInterruptible,Reserved,APAC,APAC,HIF,T1IF,T1,10.8436,True,local-nvme;managed-ops-plane;support-tier;observability,Available,v2.4.0,panel,ap-south-2
2026-09-14,aws,b300-sxm-288gb,B300,288GB,SXM,EFA,3Y,NonInterruptible,Reserved,APAC,APAC,HIF,T1IF,T1,12.4702,True,local-nvme;managed-ops-plane;support-tier;observability,Available,v2.4.0,panel,ap-southeast-3
2026-09-14,aws,b300-sxm-288gb,B300,288GB,SXM,EFA,3Y,NonInterruptible,Reserved,Other,Other,HIF,T1IF,T1,15.1810,True,local-nvme;managed-ops-plane;support-tier;observability,Available,v2.4.0,panel,sa-east-1
2026-09-14,aws,b300-sxm-288gb,B300,288GB,SXM,EFA,3Y,NonInterruptible,Reserved,US-East,US,HIF,T1IF,T1,7.6905,True,local-nvme;managed-ops-plane;support-tier;observability,Available,v2.4.0,panel,us-east-1
2026-09-14,aws,b300-sxm-288gb,B300,288GB,SXM,EFA,3Y,NonInterruptible,Reserved,US-West,US,HIF,T1IF,T1,7.6905,True,local-nvme;managed-ops-plane;support-tier;observability,Available,v2.4.0,panel,us-west-2
2026-09-14,aws,b300-sxm-288gb,B300,288GB,SXM,EFA,OnDemand,Interruptible,Spot,APAC,APAC,DIF,T2IF,T1,5.6955,False,,Available,v2.4.0,panel,ap-northeast-2c
2026-09-14,aws,b300-sxm-288gb,B300,288GB,SXM,EFA,OnDemand,Interruptible,Spot,APAC,APAC,DIF,T2IF,T1,4.9475,False,,Available,v2.4.0,panel,ap-south-2a
2026-09-14,aws,b300-sxm-288gb,B300,288GB,SXM,EFA,OnDemand,Interruptible,Spot,APAC,APAC,DIF,T2IF,T1,4.7078,False,,Available,v2.4.0,panel,ap-south-2c
2026-09-14,aws,b300-sxm-288gb,B300,288GB,SXM,EFA,OnDemand,Interruptible,Spot,APAC,APAC,DIF,T2IF,T1,3.5610,False,,Available,v2.4.0,panel,ap-southeast-3a
2026-09-14,aws,b300-sxm-288gb,B300,288GB,SXM,EFA,OnDemand,Interruptible,Spot,APAC,APAC,DIF,T2IF,T1,3.5271,False,,Available,v2.4.0,panel,ap-southeast-3c
2026-09-14,aws,b300-sxm-288gb,B300,288GB,SXM,EFA,OnDemand,Interruptible,Spot,Other,Other,DIF,T2IF,T1,6.9121,False,,Available,v2.4.0,panel,sa-east-1b
2026-09-14,aws,b300-sxm-288gb,B300,288GB,SXM,EFA,OnDemand,Interruptible,Spot,Other,Other,DIF,T2IF,T1,7.6023,False,,Available,v2.4.0,panel,sa-east-1c
2026-09-14,aws,b300-sxm-288gb,B300,288GB,SXM,EFA,OnDemand,Interruptible,Spot,US-East,US,DIF,T2IF,T1,5.6124,False,,Available,v2.4.0,panel,us-east-1b
2026-09-14,aws,b300-sxm-288gb,B300,288GB,SXM,EFA,OnDemand,Interruptible,Spot,US-East,US,DIF,T2IF,T1,5.5907,False,,Available,v2.4.0,panel,us-east-1d
2026-09-14,aws,b300-sxm-288gb,B300,288GB,SXM,EFA,OnDemand,Interruptible,Spot,US-West,US,DIF,T2IF,T1,6.5747,False,,Available,v2.4.0,panel,us-west-2a
2026-09-14,aws,b300-sxm-288gb,B300,288GB,SXM,EFA,OnDemand,Interruptible,Spot,US-West,US,DIF,T2IF,T1,6.4917,False,,Available,v2.4.0,panel,us-west-2b
2026-09-14,aws_capacity_blocks,b300-sxm-288gb,B300,288GB,SXM,EFA,CapacityBlock,NonInterruptible,Reserved,Other,Other,HIF,T2IF,T1,14.0400,False,,Available,v2.4.0,term-panel,non-us
2026-09-14,aws_capacity_blocks,b300-sxm-288gb,B300,288GB,SXM,EFA,CapacityBlock,NonInterruptible,Reserved,US-East,US,HIF,T2IF,T1,14.0400,False,,Available,v2.4.0,term-panel,us-east-1
2026-09-14,coreweave,b300-sxm-288gb,B300,288GB,SXM,IB-NDR,OnDemand,Interruptible,Spot,EU,EU,DIF,T2IF,T2,4.5875,False,,Available,v2.4.0,panel,EU
2026-09-14,coreweave,b300-sxm-288gb,B300,288GB,SXM,IB-NDR,OnDemand,Interruptible,Spot,US-East,US,DIF,T2IF,T2,4.4800,False,,Available,v2.4.0,panel,US
2026-09-14,datacrunch,b300-sxm-288gb,B300,288GB,SXM,IB-NDR,OnDemand,NonInterruptible,OnDemand,EU,EU,SIF,T2IF,T2,7.6513,True,local-nvme,Available,v2.4.0,panel,EU-FI
2026-09-14,datacrunch,b300-sxm-288gb,B300,288GB,SXM,IB-NDR,1M,NonInterruptible,Reserved,EU,EU,SIF,T2IF,T2,7.4982,True,local-nvme,Available,v2.4.0,panel,EU-FI
2026-09-14,datacrunch,b300-sxm-288gb,B300,288GB,SXM,IB-NDR,1Y,NonInterruptible,Reserved,EU,EU,SIF,T2IF,T2,7.0392,True,local-nvme,Available,v2.4.0,panel,EU-FI
2026-09-14,datacrunch,b300-sxm-288gb,B300,288GB,SXM,IB-NDR,2Y,NonInterruptible,Reserved,EU,EU,SIF,T2IF,T2,5.7384,True,local-nvme,Available,v2.4.0,panel,EU-FI
2026-09-14,datacrunch,b300-sxm-288gb,B300,288GB,SXM,IB-NDR,3M,NonInterruptible,Reserved,EU,EU,SIF,T2IF,T2,7.4217,True,local-nvme,Available,v2.4.0,panel,EU-FI
2026-09-14,datacrunch,b300-sxm-288gb,B300,288GB,SXM,IB-NDR,6M,NonInterruptible,Reserved,EU,EU,SIF,T2IF,T2,7.3452,True,local-nvme,Available,v2.4.0,panel,EU-FI
2026-09-14,datacrunch,b300-sxm-288gb,B300,288GB,SXM,IB-NDR,OnDemand,Interruptible,Spot,EU,EU,DIF,T2IF,T2,3.8250,True,local-nvme,Available,v2.4.0,panel,EU-FI
2026-09-14,deepinfra_gpu,b300-sxm-288gb,B300,288GB,SXM,,OnDemand,NonInterruptible,OnDemand,Other,Other,SIF,T2IF,T2,4.8900,False,,Available,v2.4.0,panel,undisclosed
2026-09-14,digitalocean,b300-sxm-288gb,B300,288GB,SXM,Ethernet,1Y,NonInterruptible,Reserved,US-East,US,SIF,,T2,7.9400,True,local-nvme,Available,v2.4.0,panel,US
2026-09-14,digitalocean,b300-sxm-288gb,B300,288GB,SXM,Ethernet,OnDemand,Interruptible,Spot,US-East,US,DIF,,T2,11.1900,True,local-nvme,Available,v2.4.0,panel,US
2026-09-14,gcore,b300-sxm-288gb,B300,288GB,SXM,Unknown,OnDemand,NonInterruptible,OnDemand,EU,EU,IIF,T2IF,T2,6.9552,False,,Available,v2.4.0,panel,EU
2026-09-14,hyperstack,b300-sxm-288gb,B300,288GB,SXM,IB-NDR,OnDemand,NonInterruptible,OnDemand,Other,Other,SIF,T2IF,T2,7.4000,True,local-nvme,Available,v2.4.0,panel,Multi
2026-09-14,latitude,b300-sxm-288gb,B300,288GB,SXM,RoCE,OnDemand,NonInterruptible,OnDemand,US-East,US,SIF,T2IF,T2,16.0000,True,local-nvme;free-egress,SoldOut,v2.4.0,panel,united-states
2026-09-14,latitude,b300-sxm-288gb,B300,288GB,SXM,RoCE,1M,NonInterruptible,Reserved,US-East,US,SIF,T2IF,T2,8.0000,True,local-nvme;free-egress,SoldOut,v2.4.0,panel,united-states
2026-09-14,latitude,b300-sxm-288gb,B300,288GB,SXM,RoCE,1Y,NonInterruptible,Reserved,US-East,US,SIF,T2IF,T2,5.6000,True,local-nvme;free-egress,SoldOut,v2.4.0,panel,united-states
2026-09-14,lyceum,b300-sxm-288gb,B300,288GB,SXM,,OnDemand,NonInterruptible,OnDemand,Other,Other,SIF,T2IF,T2,7.9900,False,,Available,v2.4.0,candidate,EU (undisclosed)
2026-09-14,massed_compute,b300-sxm-288gb,B300,288GB,SXM,Unknown,OnDemand,NonInterruptible,OnDemand,US-East,US,DIF,T3IF,T3,6.6000,False,,Available,v2.4.0,panel,US
2026-09-14,nebius,b300-sxm-288gb,B300,288GB,SXM,IB-NDR,OnDemand,NonInterruptible,OnDemand,Other,Other,IIF,T1IF,T2,7.8500,True,observability;managed-ops-plane;free-egress,Available,v2.4.0,panel,
2026-09-14,nebius,b300-sxm-288gb,B300,288GB,SXM,IB-NDR,OnDemand,Interruptible,Spot,Other,Other,DIF,T1IF,T2,4.3000,True,observability;managed-ops-plane;free-egress,Available,v2.4.0,panel,
2026-09-14,oci,b300-sxm-288gb,B300,288GB,SXM,RoCE-v2,OnDemand,NonInterruptible,OnDemand,US-East,US,HIF,T1IF,T1,15.0000,True,local-nvme;egress-capped;managed-ops-plane;support-tier;observability,Available,v2.4.0,panel,us-ashburn-1
2026-09-14,qubrid,b300-sxm-288gb,B300,288GB,SXM,Unknown,1Y,NonInterruptible,Reserved,Other,Other,SIF,T2IF,T2,5.5565,False,,Available,v2.4.0,panel,
2026-09-14,runpod_community,b300-sxm-288gb,B300,288GB,SXM,Unknown,OnDemand,NonInterruptible,OnDemand,Other,Other,DIF,T3IF,T3,6.9400,False,,SoldOut,v2.4.0,panel,Global
2026-09-14,runpod_secure,b300-sxm-288gb,B300,288GB,SXM,IB-NDR,OnDemand,NonInterruptible,OnDemand,Other,Other,DIF,T2IF,T3,7.8900,True,local-nvme,Available,v2.4.0,panel,Global
2026-09-14,runpod_secure,b300-sxm-288gb,B300,288GB,SXM,IB-NDR,OnDemand,NonInterruptible,OnDemand,US-West,US,DIF,T2IF,T3,7.8900,True,local-nvme,Available,v2.4.0,panel,US-WA-2
2026-09-14,scaleway,b300-sxm-288gb,B300,288GB,SXM,Unknown,OnDemand,NonInterruptible,OnDemand,EU,EU,SIF,T3IF,T2,8.6940,True,local-nvme,Available,v2.4.0,panel,fr-par-2
2026-09-14,spheron,b300-sxm-288gb,B300,288GB,SXM,Unknown,OnDemand,Interruptible,Spot,EU,EU,DIF,T3IF,T3,5.8455,False,,Available,v2.4.0,panel,uk-south-1
2026-09-14,vast_ai,b300-sxm-288gb,B300,288GB,SXM,IB-NDR,OnDemand,NonInterruptible,OnDemand,Other,Other,DIF,T3IF,T3,13.7500,False,,Available,v2.4.0,marketplace,", CA"
2026-09-14,vast_ai,b300-sxm-288gb,B300,288GB,SXM,IB-NDR,OnDemand,NonInterruptible,OnDemand,US-West,US,DIF,T3IF,T3,8.7500,False,,Available,v2.4.0,marketplace,"CALIFORNIA, US"
2026-09-14,vast_ai,b300-sxm-288gb,B300,288GB,SXM,IB-NDR,OnDemand,NonInterruptible,OnDemand,US-East,US,DIF,T3IF,T3,8.1250,False,,Available,v2.4.0,marketplace,"MASSACHUSETTS, US"
2026-09-14,vast_ai,b300-sxm-288gb,B300,288GB,SXM,IB-NDR,OnDemand,NonInterruptible,OnDemand,EU,EU,DIF,T3IF,T3,10.5500,False,,Available,v2.4.0,marketplace,"UNITED KINGDOM, GB"
2026-09-15,aws,b300-sxm-288gb,B300,288GB,SXM,EFA,OnDemand,NonInterruptible,OnDemand,APAC,APAC,HIF,T1IF,T1,26.1467,True,local-nvme;managed-ops-plane;support-tier;observability,Available,v2.4.0,panel,ap-northeast-2
2026-09-15,aws,b300-sxm-288gb,B300,288GB,SXM,EFA,OnDemand,NonInterruptible,OnDemand,APAC,APAC,HIF,T1IF,T1,25.1008,True,local-nvme;managed-ops-plane;support-tier;observability,Available,v2.4.0,panel,ap-south-2
2026-09-15,aws,b300-sxm-288gb,B300,288GB,SXM,EFA,OnDemand,NonInterruptible,OnDemand,APAC,APAC,HIF,T1IF,T1,28.8663,True,local-nvme;managed-ops-plane;support-tier;observability,Available,v2.4.0,panel,ap-southeast-3
2026-09-15,aws,b300-sxm-288gb,B300,288GB,SXM,EFA,OnDemand,NonInterruptible,OnDemand,US-East,US,HIF,T1IF,T1,17.8020,True,local-nvme;managed-ops-plane;support-tier;observability,Available,v2.4.0,panel,us-east-1
2026-09-15,aws,b300-sxm-288gb,B300,288GB,SXM,EFA,OnDemand,NonInterruptible,OnDemand,US-West,US,HIF,T1IF,T1,17.8020,True,local-nvme;managed-ops-plane;support-tier;observability,Available,v2.4.0,panel,us-west-2
2026-09-15,aws,b300-sxm-288gb,B300,288GB,SXM,EFA,3Y,NonInterruptible,Reserved,APAC,APAC,HIF,T1IF,T1,11.2954,True,local-nvme;managed-ops-plane;support-tier;observability,Available,v2.4.0,panel,ap-northeast-2
2026-09-15,aws,b300-sxm-288gb,B300,288GB,SXM,EFA,3Y,NonInterruptible,Reserved,APAC,APAC,HIF,T1IF,T1,10.8436,True,local-nvme;managed-ops-plane;support-tier;observability,Available,v2.4.0,panel,ap-south-2
2026-09-15,aws,b300-sxm-288gb,B300,288GB,SXM,EFA,3Y,NonInterruptible,Reserved,APAC,APAC,HIF,T1IF,T1,12.4702,True,local-nvme;managed-ops-plane;support-tier;observability,Available,v2.4.0,panel,ap-southeast-3
2026-09-15,aws,b300-sxm-288gb,B300,288GB,SXM,EFA,3Y,NonInterruptible,Reserved,Other,Other,HIF,T1IF,T1,15.1810,True,local-nvme;managed-ops-plane;support-tier;observability,Available,v2.4.0,panel,sa-east-1
2026-09-15,aws,b300-sxm-288gb,B300,288GB,SXM,EFA,3Y,NonInterruptible,Reserved,US-East,US,HIF,T1IF,T1,7.6905,True,local-nvme;managed-ops-plane;support-tier;observability,Available,v2.4.0,panel,us-east-1
2026-09-15,aws,b300-sxm-288gb,B300,288GB,SXM,EFA,3Y,NonInterruptible,Reserved,US-West,US,HIF,T1IF,T1,7.6905,True,local-nvme;managed-ops-plane;support-tier;observability,Available,v2.4.0,panel,us-west-2
2026-09-15,aws,b300-sxm-288gb,B300,288GB,SXM,EFA,OnDemand,Interruptible,Spot,APAC,APAC,DIF,T2IF,T1,5.7045,False,,Available,v2.4.0,panel,ap-northeast-2c
2026-09-15,aws,b300-sxm-288gb,B300,288GB,SXM,EFA,OnDemand,Interruptible,Spot,APAC,APAC,DIF,T2IF,T1,4.6064,False,,Available,v2.4.0,panel,ap-south-2a
2026-09-15,aws,b300-sxm-288gb,B300,288GB,SXM,EFA,OnDemand,Interruptible,Spot,APAC,APAC,DIF,T2IF,T1,4.4441,False,,Available,v2.4.0,panel,ap-south-2c
2026-09-15,aws,b300-sxm-288gb,B300,288GB,SXM,EFA,OnDemand,Interruptible,Spot,APAC,APAC,DIF,T2IF,T1,3.4176,False,,Available,v2.4.0,panel,ap-southeast-3a
2026-09-15,aws,b300-sxm-288gb,B300,288GB,SXM,EFA,OnDemand,Interruptible,Spot,APAC,APAC,DIF,T2IF,T1,3.3608,False,,Available,v2.4.0,panel,ap-southeast-3c
2026-09-15,aws,b300-sxm-288gb,B300,288GB,SXM,EFA,OnDemand,Interruptible,Spot,Other,Other,DIF,T2IF,T1,7.2795,False,,Available,v2.4.0,panel,sa-east-1b
2026-09-15,aws,b300-sxm-288gb,B300,288GB,SXM,EFA,OnDemand,Interruptible,Spot,Other,Other,DIF,T2IF,T1,7.9514,False,,Available,v2.4.0,panel,sa-east-1c
2026-09-15,aws,b300-sxm-288gb,B300,288GB,SXM,EFA,OnDemand,Interruptible,Spot,US-East,US,DIF,T2IF,T1,5.6038,False,,Available,v2.4.0,panel,us-east-1b
2026-09-15,aws,b300-sxm-288gb,B300,288GB,SXM,EFA,OnDemand,Interruptible,Spot,US-East,US,DIF,T2IF,T1,5.5892,False,,Available,v2.4.0,panel,us-east-1d
2026-09-15,aws,b300-sxm-288gb,B300,288GB,SXM,EFA,OnDemand,Interruptible,Spot,US-West,US,DIF,T2IF,T1,6.5805,False,,Available,v2.4.0,panel,us-west-2a
2026-09-15,aws,b300-sxm-288gb,B300,288GB,SXM,EFA,OnDemand,Interruptible,Spot,US-West,US,DIF,T2IF,T1,6.4989,False,,Available,v2.4.0,panel,us-west-2b
2026-09-15,aws_capacity_blocks,b300-sxm-288gb,B300,288GB,SXM,EFA,CapacityBlock,NonInterruptible,Reserved,Other,Other,HIF,T2IF,T1,14.0400,False,,Available,v2.4.0,term-panel,non-us
2026-09-15,aws_capacity_blocks,b300-sxm-288gb,B300,288GB,SXM,EFA,CapacityBlock,NonInterruptible,Reserved,US-East,US,HIF,T2IF,T1,14.0400,False,,Available,v2.4.0,term-panel,us-east-1
2026-09-15,coreweave,b300-sxm-288gb,B300,288GB,SXM,IB-NDR,OnDemand,Interruptible,Spot,EU,EU,DIF,T2IF,T2,4.5875,False,,Available,v2.4.0,panel,EU
2026-09-15,coreweave,b300-sxm-288gb,B300,288GB,SXM,IB-NDR,OnDemand,Interruptible,Spot,US-East,US,DIF,T2IF,T2,4.4800,False,,Available,v2.4.0,panel,US
2026-09-15,datacrunch,b300-sxm-288gb,B300,288GB,SXM,IB-NDR,OnDemand,NonInterruptible,OnDemand,EU,EU,SIF,T2IF,T2,7.6513,True,local-nvme,Available,v2.4.0,panel,EU-FI
2026-09-15,datacrunch,b300-sxm-288gb,B300,288GB,SXM,IB-NDR,1M,NonInterruptible,Reserved,EU,EU,SIF,T2IF,T2,7.4982,True,local-nvme,Available,v2.4.0,panel,EU-FI
2026-09-15,datacrunch,b300-sxm-288gb,B300,288GB,SXM,IB-NDR,1Y,NonInterruptible,Reserved,EU,EU,SIF,T2IF,T2,7.0392,True,local-nvme,Available,v2.4.0,panel,EU-FI
2026-09-15,datacrunch,b300-sxm-288gb,B300,288GB,SXM,IB-NDR,2Y,NonInterruptible,Reserved,EU,EU,SIF,T2IF,T2,5.7384,True,local-nvme,Available,v2.4.0,panel,EU-FI
2026-09-15,datacrunch,b300-sxm-288gb,B300,288GB,SXM,IB-NDR,3M,NonInterruptible,Reserved,EU,EU,SIF,T2IF,T2,7.4217,True,local-nvme,Available,v2.4.0,panel,EU-FI
2026-09-15,datacrunch,b300-sxm-288gb,B300,288GB,SXM,IB-NDR,6M,NonInterruptible,Reserved,EU,EU,SIF,T2IF,T2,7.3452,True,local-nvme,Available,v2.4.0,panel,EU-FI
2026-09-15,datacrunch,b300-sxm-288gb,B300,288GB,SXM,IB-NDR,OnDemand,Interruptible,Spot,EU,EU,DIF,T2IF,T2,3.8250,True,local-nvme,Available,v2.4.0,panel,EU-FI
2026-09-15,deepinfra_gpu,b300-sxm-288gb,B300,288GB,SXM,,OnDemand,NonInterruptible,OnDemand,Other,Other,SIF,T2IF,T2,4.8900,False,,Available,v2.4.0,panel,undisclosed
2026-09-15,digitalocean,b300-sxm-288gb,B300,288GB,SXM,Ethernet,1Y,NonInterruptible,Reserved,US-East,US,SIF,,T2,7.9400,True,local-nvme,Available,v2.4.0,panel,US
2026-09-15,digitalocean,b300-sxm-288gb,B300,288GB,SXM,Ethernet,OnDemand,Interruptible,Spot,US-East,US,DIF,,T2,11.1900,True,local-nvme,Available,v2.4.0,panel,US
2026-09-15,gcore,b300-sxm-288gb,B300,288GB,SXM,Unknown,OnDemand,NonInterruptible,OnDemand,EU,EU,IIF,T2IF,T2,6.9306,False,,Available,v2.4.0,panel,EU
2026-09-15,hyperstack,b300-sxm-288gb,B300,288GB,SXM,IB-NDR,OnDemand,NonInterruptible,OnDemand,Other,Other,SIF,T2IF,T2,7.4000,True,local-nvme,Available,v2.4.0,panel,Multi
2026-09-15,latitude,b300-sxm-288gb,B300,288GB,SXM,RoCE,OnDemand,NonInterruptible,OnDemand,US-East,US,SIF,T2IF,T2,16.0000,True,local-nvme;free-egress,SoldOut,v2.4.0,panel,united-states
2026-09-15,latitude,b300-sxm-288gb,B300,288GB,SXM,RoCE,1M,NonInterruptible,Reserved,US-East,US,SIF,T2IF,T2,8.0000,True,local-nvme;free-egress,SoldOut,v2.4.0,panel,united-states
2026-09-15,latitude,b300-sxm-288gb,B300,288GB,SXM,RoCE,1Y,NonInterruptible,Reserved,US-East,US,SIF,T2IF,T2,5.6000,True,local-nvme;free-egress,SoldOut,v2.4.0,panel,united-states
2026-09-15,lyceum,b300-sxm-288gb,B300,288GB,SXM,,OnDemand,NonInterruptible,OnDemand,Other,Other,SIF,T2IF,T2,7.9900,False,,Available,v2.4.0,candidate,EU (undisclosed)
2026-09-15,massed_compute,b300-sxm-288gb,B300,288GB,SXM,Unknown,OnDemand,NonInterruptible,OnDemand,US-East,US,DIF,T3IF,T3,6.6000,False,,Available,v2.4.0,panel,US
2026-09-15,nebius,b300-sxm-288gb,B300,288GB,SXM,IB-NDR,OnDemand,NonInterruptible,OnDemand,Other,Other,IIF,T1IF,T2,7.8500,True,observability;managed-ops-plane;free-egress,Available,v2.4.0,panel,
2026-09-15,nebius,b300-sxm-288gb,B300,288GB,SXM,IB-NDR,OnDemand,Interruptible,Spot,Other,Other,DIF,T1IF,T2,4.3000,True,observability;managed-ops-plane;free-egress,Available,v2.4.0,panel,
2026-09-15,oci,b300-sxm-288gb,B300,288GB,SXM,RoCE-v2,OnDemand,NonInterruptible,OnDemand,US-East,US,HIF,T1IF,T1,15.0000,True,local-nvme;egress-capped;managed-ops-plane;support-tier;observability,Available,v2.4.0,panel,us-ashburn-1
2026-09-15,qubrid,b300-sxm-288gb,B300,288GB,SXM,Unknown,1Y,NonInterruptible,Reserved,Other,Other,SIF,T2IF,T2,5.5565,False,,Available,v2.4.0,panel,
2026-09-15,runpod_community,b300-sxm-288gb,B300,288GB,SXM,Unknown,OnDemand,NonInterruptible,OnDemand,Other,Other,DIF,T3IF,T3,6.9400,False,,SoldOut,v2.4.0,panel,Global
2026-09-15,runpod_secure,b300-sxm-288gb,B300,288GB,SXM,IB-NDR,OnDemand,NonInterruptible,OnDemand,Other,Other,DIF,T2IF,T3,7.8900,True,local-nvme,SoldOut,v2.4.0,panel,Global
2026-09-15,runpod_secure,b300-sxm-288gb,B300,288GB,SXM,IB-NDR,OnDemand,NonInterruptible,OnDemand,US-West,US,DIF,T2IF,T3,7.8900,True,local-nvme,Available,v2.4.0,panel,US-WA-2
2026-09-15,scaleway,b300-sxm-288gb,B300,288GB,SXM,Unknown,OnDemand,NonInterruptible,OnDemand,EU,EU,SIF,T3IF,T2,8.6633,True,local-nvme,Available,v2.4.0,panel,fr-par-2
2026-09-15,spheron,b300-sxm-288gb,B300,288GB,SXM,Unknown,OnDemand,Interruptible,Spot,EU,EU,DIF,T3IF,T3,5.8455,False,,Available,v2.4.0,panel,uk-south-1
2026-09-16,aws,b300-sxm-288gb,B300,288GB,SXM,EFA,OnDemand,NonInterruptible,OnDemand,APAC,APAC,HIF,T1IF,T1,26.1467,True,local-nvme;managed-ops-plane;support-tier;observability,Available,v2.4.0,panel,ap-northeast-2
2026-09-16,aws,b300-sxm-288gb,B300,288GB,SXM,EFA,OnDemand,NonInterruptible,OnDemand,APAC,APAC,HIF,T1IF,T1,25.1008,True,local-nvme;managed-ops-plane;support-tier;observability,Available,v2.4.0,panel,ap-south-2
2026-09-16,aws,b300-sxm-288gb,B300,288GB,SXM,EFA,OnDemand,NonInterruptible,OnDemand,APAC,APAC,HIF,T1IF,T1,28.8663,True,local-nvme;managed-ops-plane;support-tier;observability,Available,v2.4.0,panel,ap-southeast-3
2026-09-16,aws,b300-sxm-288gb,B300,288GB,SXM,EFA,OnDemand,NonInterruptible,OnDemand,US-East,US,HIF,T1IF,T1,17.8020,True,local-nvme;managed-ops-plane;support-tier;observability,Available,v2.4.0,panel,us-east-1
2026-09-16,aws,b300-sxm-288gb,B300,288GB,SXM,EFA,OnDemand,NonInterruptible,OnDemand,US-West,US,HIF,T1IF,T1,17.8020,True,local-nvme;managed-ops-plane;support-tier;observability,Available,v2.4.0,panel,us-west-2
2026-09-16,aws,b300-sxm-288gb,B300,288GB,SXM,EFA,3Y,NonInterruptible,Reserved,APAC,APAC,HIF,T1IF,T1,11.2954,True,local-nvme;managed-ops-plane;support-tier;observability,Available,v2.4.0,panel,ap-northeast-2
2026-09-16,aws,b300-sxm-288gb,B300,288GB,SXM,EFA,3Y,NonInterruptible,Reserved,APAC,APAC,HIF,T1IF,T1,10.8436,True,local-nvme;managed-ops-plane;support-tier;observability,Available,v2.4.0,panel,ap-south-2
2026-09-16,aws,b300-sxm-288gb,B300,288GB,SXM,EFA,3Y,NonInterruptible,Reserved,APAC,APAC,HIF,T1IF,T1,12.4702,True,local-nvme;managed-ops-plane;support-tier;observability,Available,v2.4.0,panel,ap-southeast-3
2026-09-16,aws,b300-sxm-288gb,B300,288GB,SXM,EFA,3Y,NonInterruptible,Reserved,Other,Other,HIF,T1IF,T1,15.1810,True,local-nvme;managed-ops-plane;support-tier;observability,Available,v2.4.0,panel,sa-east-1
2026-09-16,aws,b300-sxm-288gb,B300,288GB,SXM,EFA,3Y,NonInterruptible,Reserved,US-East,US,HIF,T1IF,T1,7.6905,True,local-nvme;managed-ops-plane;support-tier;observability,Available,v2.4.0,panel,us-east-1
2026-09-16,aws,b300-sxm-288gb,B300,288GB,SXM,EFA,3Y,NonInterruptible,Reserved,US-West,US,HIF,T1IF,T1,7.6905,True,local-nvme;managed-ops-plane;support-tier;observability,Available,v2.4.0,panel,us-west-2
2026-09-16,aws,b300-sxm-288gb,B300,288GB,SXM,EFA,OnDemand,Interruptible,Spot,APAC,APAC,DIF,T2IF,T1,5.8105,False,,Available,v2.4.0,panel,ap-northeast-2c
2026-09-16,aws,b300-sxm-288gb,B300,288GB,SXM,EFA,OnDemand,Interruptible,Spot,APAC,APAC,DIF,T2IF,T1,4.2382,False,,Available,v2.4.0,panel,ap-south-2a
2026-09-16,aws,b300-sxm-288gb,B300,288GB,SXM,EFA,OnDemand,Interruptible,Spot,APAC,APAC,DIF,T2IF,T1,4.2765,False,,Available,v2.4.0,panel,ap-south-2c
2026-09-16,aws,b300-sxm-288gb,B300,288GB,SXM,EFA,OnDemand,Interruptible,Spot,APAC,APAC,DIF,T2IF,T1,3.2231,False,,Available,v2.4.0,panel,ap-southeast-3a
2026-09-16,aws,b300-sxm-288gb,B300,288GB,SXM,EFA,OnDemand,Interruptible,Spot,APAC,APAC,DIF,T2IF,T1,3.2854,False,,Available,v2.4.0,panel,ap-southeast-3c
2026-09-16,aws,b300-sxm-288gb,B300,288GB,SXM,EFA,OnDemand,Interruptible,Spot,Other,Other,DIF,T2IF,T1,6.9751,False,,Available,v2.4.0,panel,sa-east-1b
2026-09-16,aws,b300-sxm-288gb,B300,288GB,SXM,EFA,OnDemand,Interruptible,Spot,Other,Other,DIF,T2IF,T1,7.7022,False,,Available,v2.4.0,panel,sa-east-1c
2026-09-16,aws,b300-sxm-288gb,B300,288GB,SXM,EFA,OnDemand,Interruptible,Spot,US-East,US,DIF,T2IF,T1,5.6029,False,,Available,v2.4.0,panel,us-east-1b
2026-09-16,aws,b300-sxm-288gb,B300,288GB,SXM,EFA,OnDemand,Interruptible,Spot,US-East,US,DIF,T2IF,T1,5.5858,False,,Available,v2.4.0,panel,us-east-1d
2026-09-16,aws,b300-sxm-288gb,B300,288GB,SXM,EFA,OnDemand,Interruptible,Spot,US-West,US,DIF,T2IF,T1,6.5875,False,,Available,v2.4.0,panel,us-west-2a
2026-09-16,aws,b300-sxm-288gb,B300,288GB,SXM,EFA,OnDemand,Interruptible,Spot,US-West,US,DIF,T2IF,T1,6.5089,False,,Available,v2.4.0,panel,us-west-2b
2026-09-16,aws_capacity_blocks,b300-sxm-288gb,B300,288GB,SXM,EFA,CapacityBlock,NonInterruptible,Reserved,Other,Other,HIF,T2IF,T1,14.0400,False,,Available,v2.4.0,term-panel,non-us
2026-09-16,aws_capacity_blocks,b300-sxm-288gb,B300,288GB,SXM,EFA,CapacityBlock,NonInterruptible,Reserved,US-East,US,HIF,T2IF,T1,14.0400,False,,Available,v2.4.0,term-panel,us-east-1
2026-09-16,civo,b300-sxm-288gb,B300,288GB,SXM,Unknown,OnDemand,NonInterruptible,OnDemand,Other,Other,SIF,T2IF,T2,7.4900,False,,Available,v2.4.0,panel,
2026-09-16,civo,b300-sxm-288gb,B300,288GB,SXM,Unknown,1Y,NonInterruptible,Reserved,Other,Other,SIF,T2IF,T2,6.4900,False,,Available,v2.4.0,panel,
2026-09-16,civo,b300-sxm-288gb,B300,288GB,SXM,Unknown,2Y,NonInterruptible,Reserved,Other,Other,SIF,T2IF,T2,5.9900,False,,Available,v2.4.0,panel,
2026-09-16,civo,b300-sxm-288gb,B300,288GB,SXM,Unknown,3Y,NonInterruptible,Reserved,Other,Other,SIF,T2IF,T2,5.4900,False,,Available,v2.4.0,panel,
2026-09-16,coreweave,b300-sxm-288gb,B300,288GB,SXM,IB-NDR,OnDemand,Interruptible,Spot,EU,EU,DIF,T2IF,T2,4.5875,False,,Available,v2.4.0,panel,EU
2026-09-16,coreweave,b300-sxm-288gb,B300,288GB,SXM,IB-NDR,OnDemand,Interruptible,Spot,US-East,US,DIF,T2IF,T2,4.4800,False,,Available,v2.4.0,panel,US
2026-09-16,datacrunch,b300-sxm-288gb,B300,288GB,SXM,IB-NDR,OnDemand,NonInterruptible,OnDemand,EU,EU,SIF,T2IF,T2,7.7275,True,local-nvme,Available,v2.4.0,panel,EU-FI
2026-09-16,datacrunch,b300-sxm-288gb,B300,288GB,SXM,IB-NDR,1M,NonInterruptible,Reserved,EU,EU,SIF,T2IF,T2,7.5730,True,local-nvme,Available,v2.4.0,panel,EU-FI
2026-09-16,datacrunch,b300-sxm-288gb,B300,288GB,SXM,IB-NDR,1Y,NonInterruptible,Reserved,EU,EU,SIF,T2IF,T2,7.1093,True,local-nvme,Available,v2.4.0,panel,EU-FI
2026-09-16,datacrunch,b300-sxm-288gb,B300,288GB,SXM,IB-NDR,2Y,NonInterruptible,Reserved,EU,EU,SIF,T2IF,T2,5.7956,True,local-nvme,Available,v2.4.0,panel,EU-FI
2026-09-16,datacrunch,b300-sxm-288gb,B300,288GB,SXM,IB-NDR,3M,NonInterruptible,Reserved,EU,EU,SIF,T2IF,T2,7.4957,True,local-nvme,Available,v2.4.0,panel,EU-FI
2026-09-16,datacrunch,b300-sxm-288gb,B300,288GB,SXM,IB-NDR,6M,NonInterruptible,Reserved,EU,EU,SIF,T2IF,T2,7.4184,True,local-nvme,Available,v2.4.0,panel,EU-FI
2026-09-16,datacrunch,b300-sxm-288gb,B300,288GB,SXM,IB-NDR,OnDemand,Interruptible,Spot,EU,EU,DIF,T2IF,T2,3.8638,True,local-nvme,Available,v2.4.0,panel,EU-FI
2026-09-16,deepinfra_gpu,b300-sxm-288gb,B300,288GB,SXM,,OnDemand,NonInterruptible,OnDemand,Other,Other,SIF,T2IF,T2,4.8900,False,,Available,v2.4.0,panel,undisclosed
2026-09-16,digitalocean,b300-sxm-288gb,B300,288GB,SXM,Ethernet,1Y,NonInterruptible,Reserved,US-East,US,SIF,,T2,7.9400,True,local-nvme,Available,v2.4.0,panel,US
2026-09-16,digitalocean,b300-sxm-288gb,B300,288GB,SXM,Ethernet,OnDemand,Interruptible,Spot,US-East,US,DIF,,T2,11.1900,True,local-nvme,Available,v2.4.0,panel,US
2026-09-16,gcore,b300-sxm-288gb,B300,288GB,SXM,Unknown,OnDemand,NonInterruptible,OnDemand,EU,EU,IIF,T2IF,T2,6.9234,False,,Available,v2.4.0,panel,EU
2026-09-16,hyperstack,b300-sxm-288gb,B300,288GB,SXM,IB-NDR,OnDemand,NonInterruptible,OnDemand,Other,Other,SIF,T2IF,T2,7.4000,True,local-nvme,Available,v2.4.0,panel,Multi
2026-09-16,latitude,b300-sxm-288gb,B300,288GB,SXM,RoCE,OnDemand,NonInterruptible,OnDemand,US-East,US,SIF,T2IF,T2,16.0000,True,local-nvme;free-egress,SoldOut,v2.4.0,panel,united-states
2026-09-16,latitude,b300-sxm-288gb,B300,288GB,SXM,RoCE,1M,NonInterruptible,Reserved,US-East,US,SIF,T2IF,T2,8.0000,True,local-nvme;free-egress,SoldOut,v2.4.0,panel,united-states
2026-09-16,latitude,b300-sxm-288gb,B300,288GB,SXM,RoCE,1Y,NonInterruptible,Reserved,US-East,US,SIF,T2IF,T2,5.6000,True,local-nvme;free-egress,SoldOut,v2.4.0,panel,united-states
2026-09-16,lyceum,b300-sxm-288gb,B300,288GB,SXM,,OnDemand,NonInterruptible,OnDemand,Other,Other,SIF,T2IF,T2,7.9900,False,,Available,v2.4.0,candidate,EU (undisclosed)
2026-09-16,massed_compute,b300-sxm-288gb,B300,288GB,SXM,Unknown,OnDemand,NonInterruptible,OnDemand,US-East,US,DIF,T3IF,T3,6.6000,False,,Available,v2.4.0,panel,US
2026-09-16,nebius,b300-sxm-288gb,B300,288GB,SXM,IB-NDR,OnDemand,NonInterruptible,OnDemand,Other,Other,IIF,T1IF,T2,7.8500,True,observability;managed-ops-plane;free-egress,Available,v2.4.0,panel,
2026-09-16,nebius,b300-sxm-288gb,B300,288GB,SXM,IB-NDR,OnDemand,Interruptible,Spot,Other,Other,DIF,T1IF,T2,4.3000,True,observability;managed-ops-plane;free-egress,Available,v2.4.0,panel,
2026-09-16,oci,b300-sxm-288gb,B300,288GB,SXM,RoCE-v2,OnDemand,NonInterruptible,OnDemand,US-East,US,HIF,T1IF,T1,15.0000,True,local-nvme;egress-capped;managed-ops-plane;support-tier;observability,Available,v2.4.0,panel,us-ashburn-1
2026-09-16,qubrid,b300-sxm-288gb,B300,288GB,SXM,Unknown,1Y,NonInterruptible,Reserved,Other,Other,SIF,T2IF,T2,5.5565,False,,Available,v2.4.0,panel,
2026-09-16,runpod_community,b300-sxm-288gb,B300,288GB,SXM,Unknown,OnDemand,NonInterruptible,OnDemand,Other,Other,DIF,T3IF,T3,6.9400,False,,SoldOut,v2.4.0,panel,Global
2026-09-16,runpod_secure,b300-sxm-288gb,B300,288GB,SXM,IB-NDR,OnDemand,NonInterruptible,OnDemand,Other,Other,DIF,T2IF,T3,7.8900,True,local-nvme,SoldOut,v2.4.0,panel,Global
2026-09-16,runpod_secure,b300-sxm-288gb,B300,288GB,SXM,IB-NDR,OnDemand,NonInterruptible,OnDemand,US-West,US,DIF,T2IF,T3,7.8900,True,local-nvme,Available,v2.4.0,panel,US-WA-2
2026-09-16,scaleway,b300-sxm-288gb,B300,288GB,SXM,Unknown,OnDemand,NonInterruptible,OnDemand,EU,EU,SIF,T3IF,T2,8.6543,True,local-nvme,Available,v2.4.0,panel,fr-par-2
2026-09-16,sesterce,b300-sxm-288gb,B300,288GB,SXM,Unknown,OnDemand,NonInterruptible,OnDemand,US-West,US,IIF,T2IF,T2,7.7000,False,,Available,v2.4.0,panel,us-west-1
2026-09-16,spheron,b300-sxm-288gb,B300,288GB,SXM,Unknown,OnDemand,Interruptible,Spot,EU,EU,DIF,T3IF,T3,5.8455,False,,Available,v2.4.0,panel,uk-south-1
2026-09-16,vast_ai,b300-sxm-288gb,B300,288GB,SXM,IB-NDR,OnDemand,NonInterruptible,OnDemand,Other,Other,DIF,T3IF,T3,13.7500,False,,Available,v2.4.0,marketplace,", CA"
2026-09-16,vast_ai,b300-sxm-288gb,B300,288GB,SXM,IB-NDR,OnDemand,NonInterruptible,OnDemand,US-East,US,DIF,T3IF,T3,8.1250,False,,Available,v2.4.0,marketplace,"MASSACHUSETTS, US"
