as_of_date,source_name,silicon_id,gpu_model,gpu_variant,form_factor,interconnect_substrate,commitment_term,interruptibility,deployment_class,region,region_country,factory_type,tier_v3,operator_tier,price_usd_per_hour,bundled,bundled_inclusions,availability_state,methodology_version,source_status,region_raw
2026-08-20,aws,b200-sxm-180gb,B200,180GB,SXM,EFA,OnDemand,NonInterruptible,OnDemand,APAC,APAC,HIF,T1IF,T1,20.0807,True,local-nvme;managed-ops-plane;support-tier;observability,Available,v2.4.0,panel,ap-south-1
2026-08-20,aws,b200-sxm-180gb,B200,180GB,SXM,EFA,OnDemand,NonInterruptible,OnDemand,US-East,US,HIF,T1IF,T1,14.2416,True,local-nvme;managed-ops-plane;support-tier;observability,Available,v2.4.0,panel,us-east-1
2026-08-20,aws,b200-sxm-180gb,B200,180GB,SXM,EFA,OnDemand,NonInterruptible,OnDemand,US-East,US,HIF,T1IF,T1,14.2416,True,local-nvme;managed-ops-plane;support-tier;observability,Available,v2.4.0,panel,us-east-2
2026-08-20,aws,b200-sxm-180gb,B200,180GB,SXM,EFA,OnDemand,NonInterruptible,OnDemand,US-West,US,HIF,T1IF,T1,14.2416,True,local-nvme;managed-ops-plane;support-tier;observability,Available,v2.4.0,panel,us-west-2
2026-08-20,aws,b200-sxm-180gb,B200,180GB,SXM,EFA,3Y,NonInterruptible,Reserved,US-East,US,HIF,T1IF,T1,6.1524,True,local-nvme;managed-ops-plane;support-tier;observability,Available,v2.4.0,panel,us-east-1
2026-08-20,aws,b200-sxm-180gb,B200,180GB,SXM,EFA,3Y,NonInterruptible,Reserved,US-East,US,HIF,T1IF,T1,6.1524,True,local-nvme;managed-ops-plane;support-tier;observability,Available,v2.4.0,panel,us-east-2
2026-08-20,aws,b200-sxm-180gb,B200,180GB,SXM,EFA,3Y,NonInterruptible,Reserved,US-West,US,HIF,T1IF,T1,6.1524,True,local-nvme;managed-ops-plane;support-tier;observability,Available,v2.4.0,panel,us-west-2
2026-08-20,aws,b200-sxm-180gb,B200,180GB,SXM,EFA,OnDemand,Interruptible,Spot,APAC,APAC,DIF,T2IF,T1,6.6230,False,,Available,v2.4.0,panel,ap-south-1c
2026-08-20,aws,b200-sxm-180gb,B200,180GB,SXM,EFA,OnDemand,Interruptible,Spot,US-East,US,DIF,T2IF,T1,5.2375,False,,Available,v2.4.0,panel,us-east-1d
2026-08-20,aws,b200-sxm-180gb,B200,180GB,SXM,EFA,OnDemand,Interruptible,Spot,US-East,US,DIF,T2IF,T1,5.2736,False,,Available,v2.4.0,panel,us-east-2a
2026-08-20,aws,b200-sxm-180gb,B200,180GB,SXM,EFA,OnDemand,Interruptible,Spot,US-East,US,DIF,T2IF,T1,5.2442,False,,Available,v2.4.0,panel,us-east-2b
2026-08-20,aws,b200-sxm-180gb,B200,180GB,SXM,EFA,OnDemand,Interruptible,Spot,US-East,US,DIF,T2IF,T1,5.2037,False,,Available,v2.4.0,panel,us-east-2c
2026-08-20,aws,b200-sxm-180gb,B200,180GB,SXM,EFA,OnDemand,Interruptible,Spot,US-West,US,DIF,T2IF,T1,5.2188,False,,Available,v2.4.0,panel,us-west-2a
2026-08-20,aws,b200-sxm-180gb,B200,180GB,SXM,EFA,OnDemand,Interruptible,Spot,US-West,US,DIF,T2IF,T1,5.2384,False,,Available,v2.4.0,panel,us-west-2b
2026-08-20,aws,b200-sxm-180gb,B200,180GB,SXM,EFA,OnDemand,Interruptible,Spot,US-West,US,DIF,T2IF,T1,5.1658,False,,Available,v2.4.0,panel,us-west-2d
2026-08-20,aws_capacity_blocks,b200-sxm-180gb,B200,180GB,SXM,EFA,CapacityBlock,NonInterruptible,Reserved,Other,Other,HIF,T2IF,T1,12.3550,False,,Available,v2.4.0,term-panel,non-us
2026-08-20,aws_capacity_blocks,b200-sxm-180gb,B200,180GB,SXM,EFA,CapacityBlock,NonInterruptible,Reserved,US-East,US,HIF,T2IF,T1,12.3550,False,,Available,v2.4.0,term-panel,us-east-1
2026-08-20,civo,b200-sxm-180gb,B200,180GB,SXM,Unknown,1Y,NonInterruptible,Reserved,Other,Other,SIF,T2IF,T2,4.4900,False,,Available,v2.4.0,panel,
2026-08-20,civo,b200-sxm-180gb,B200,180GB,SXM,Unknown,2Y,NonInterruptible,Reserved,Other,Other,SIF,T2IF,T2,3.9900,False,,Available,v2.4.0,panel,
2026-08-20,civo,b200-sxm-180gb,B200,180GB,SXM,Unknown,3Y,NonInterruptible,Reserved,Other,Other,SIF,T2IF,T2,3.7900,False,,Available,v2.4.0,panel,
2026-08-20,cloudrift,b200-sxm-180gb,B200,180GB,SXM,,1M,NonInterruptible,Reserved,US-East,US,SIF,T2IF,T2,3.6000,False,,Available,v2.4.0,term-panel,US
2026-08-20,cloudrift,b200-sxm-180gb,B200,180GB,SXM,,3M,NonInterruptible,Reserved,US-East,US,SIF,T2IF,T2,3.2400,False,,Available,v2.4.0,term-panel,US
2026-08-20,coreweave,b200-sxm-180gb,B200,180GB,SXM,IB-NDR,OnDemand,NonInterruptible,OnDemand,EU,EU,IIF,T1IF,T2,8.6000,True,local-nvme;free-egress;support-tier;observability;managed-ops-plane,Available,v2.4.0,panel,EU
2026-08-20,coreweave,b200-sxm-180gb,B200,180GB,SXM,IB-NDR,OnDemand,NonInterruptible,OnDemand,US-East,US,IIF,T1IF,T2,8.6000,True,local-nvme;free-egress;support-tier;observability;managed-ops-plane,Available,v2.4.0,panel,US
2026-08-20,coreweave,b200-sxm-180gb,B200,180GB,SXM,IB-NDR,OnDemand,Interruptible,Spot,EU,EU,DIF,T1IF,T2,4.3588,True,local-nvme;free-egress;support-tier;observability;managed-ops-plane,Available,v2.4.0,panel,EU
2026-08-20,coreweave,b200-sxm-180gb,B200,180GB,SXM,IB-NDR,OnDemand,Interruptible,Spot,US-East,US,DIF,T1IF,T2,4.2638,True,local-nvme;free-egress;support-tier;observability;managed-ops-plane,Available,v2.4.0,panel,US
2026-08-20,datacrunch,b200-sxm-180gb,B200,180GB,SXM,IB-NDR,OnDemand,NonInterruptible,OnDemand,EU,EU,SIF,T2IF,T2,6.1100,True,local-nvme,Available,v2.4.0,panel,EU-FI
2026-08-20,datacrunch,b200-sxm-180gb,B200,180GB,SXM,IB-NDR,1M,NonInterruptible,Reserved,EU,EU,SIF,T2IF,T2,5.9878,True,local-nvme,Available,v2.4.0,panel,EU-FI
2026-08-20,datacrunch,b200-sxm-180gb,B200,180GB,SXM,IB-NDR,1Y,NonInterruptible,Reserved,EU,EU,SIF,T2IF,T2,5.6212,True,local-nvme,Available,v2.4.0,panel,EU-FI
2026-08-20,datacrunch,b200-sxm-180gb,B200,180GB,SXM,IB-NDR,2Y,NonInterruptible,Reserved,EU,EU,SIF,T2IF,T2,4.5825,True,local-nvme,Available,v2.4.0,panel,EU-FI
2026-08-20,datacrunch,b200-sxm-180gb,B200,180GB,SXM,IB-NDR,3M,NonInterruptible,Reserved,EU,EU,SIF,T2IF,T2,5.9267,True,local-nvme,Available,v2.4.0,panel,EU-FI
2026-08-20,datacrunch,b200-sxm-180gb,B200,180GB,SXM,IB-NDR,6M,NonInterruptible,Reserved,EU,EU,SIF,T2IF,T2,5.8656,True,local-nvme,Available,v2.4.0,panel,EU-FI
2026-08-20,datacrunch,b200-sxm-180gb,B200,180GB,SXM,IB-NDR,OnDemand,Interruptible,Spot,EU,EU,DIF,T2IF,T2,3.0550,True,local-nvme,Available,v2.4.0,panel,EU-FI
2026-08-20,deepinfra_gpu,b200-sxm-180gb,B200,180GB,SXM,,OnDemand,NonInterruptible,OnDemand,Other,Other,SIF,T2IF,T2,3.6900,False,,Available,v2.4.0,panel,undisclosed
2026-08-20,e2e,b200-sxm-180gb,B200,180GB,SXM,IB-NDR,OnDemand,NonInterruptible,OnDemand,APAC,APAC,IIF,T2IF,T2,6.9900,False,,Available,v2.4.0,panel,India
2026-08-20,e2e,b200-sxm-180gb,B200,180GB,SXM,IB-NDR,1M,NonInterruptible,Reserved,APAC,APAC,IIF,T2IF,T2,6.9211,False,,Available,v2.4.0,panel,India
2026-08-20,e2e,b200-sxm-180gb,B200,180GB,SXM,IB-NDR,1Y,NonInterruptible,Reserved,APAC,APAC,IIF,T2IF,T2,6.2888,False,,Available,v2.4.0,panel,India
2026-08-20,gcp,b200-sxm-180gb,B200,180GB,SXM,IB-NDR,OnDemand,NonInterruptible,OnDemand,APAC,APAC,HIF,T1IF,T1,19.3320,True,local-nvme;managed-ops-plane;support-tier;observability,Available,v2.4.0,panel,asia-southeast1
2026-08-20,gcp,b200-sxm-180gb,B200,180GB,SXM,IB-NDR,OnDemand,NonInterruptible,OnDemand,EU,EU,HIF,T1IF,T1,17.7210,True,local-nvme;managed-ops-plane;support-tier;observability,Available,v2.4.0,panel,europe-west4
2026-08-20,gcp,b200-sxm-180gb,B200,180GB,SXM,IB-NDR,OnDemand,NonInterruptible,OnDemand,US-Central,US,HIF,T1IF,T1,16.1100,True,local-nvme;managed-ops-plane;support-tier;observability,Available,v2.4.0,panel,us-central1
2026-08-20,gcp,b200-sxm-180gb,B200,180GB,SXM,IB-NDR,OnDemand,NonInterruptible,OnDemand,US-East,US,HIF,T1IF,T1,16.1100,True,local-nvme;managed-ops-plane;support-tier;observability,Available,v2.4.0,panel,us-east1
2026-08-20,gcp,b200-sxm-180gb,B200,180GB,SXM,IB-NDR,1Y,NonInterruptible,Reserved,APAC,APAC,HIF,T1IF,T1,13.3391,True,local-nvme;managed-ops-plane;support-tier;observability,Available,v2.4.0,panel,asia-northeast1
2026-08-20,gcp,b200-sxm-180gb,B200,180GB,SXM,IB-NDR,1Y,NonInterruptible,Reserved,APAC,APAC,HIF,T1IF,T1,13.3391,True,local-nvme;managed-ops-plane;support-tier;observability,Available,v2.4.0,panel,asia-southeast1
2026-08-20,gcp,b200-sxm-180gb,B200,180GB,SXM,IB-NDR,1Y,NonInterruptible,Reserved,EU,EU,HIF,T1IF,T1,12.2275,True,local-nvme;managed-ops-plane;support-tier;observability,Available,v2.4.0,panel,europe-west4
2026-08-20,gcp,b200-sxm-180gb,B200,180GB,SXM,IB-NDR,1Y,NonInterruptible,Reserved,US-Central,US,HIF,T1IF,T1,11.1159,True,local-nvme;managed-ops-plane;support-tier;observability,Available,v2.4.0,panel,us-central1
2026-08-20,gcp,b200-sxm-180gb,B200,180GB,SXM,IB-NDR,1Y,NonInterruptible,Reserved,US-East,US,HIF,T1IF,T1,11.1159,True,local-nvme;managed-ops-plane;support-tier;observability,Available,v2.4.0,panel,us-east1
2026-08-20,gcp,b200-sxm-180gb,B200,180GB,SXM,IB-NDR,1Y,NonInterruptible,Reserved,US-South,US,HIF,T1IF,T1,11.1159,True,local-nvme;managed-ops-plane;support-tier;observability,Available,v2.4.0,panel,us-south1
2026-08-20,gcp,b200-sxm-180gb,B200,180GB,SXM,IB-NDR,1Y,NonInterruptible,Reserved,US-West,US,HIF,T1IF,T1,11.1159,True,local-nvme;managed-ops-plane;support-tier;observability,Available,v2.4.0,panel,us-west1
2026-08-20,gcp,b200-sxm-180gb,B200,180GB,SXM,IB-NDR,1Y,NonInterruptible,Reserved,US-West,US,HIF,T1IF,T1,11.1159,True,local-nvme;managed-ops-plane;support-tier;observability,Available,v2.4.0,panel,us-west2
2026-08-20,gcp,b200-sxm-180gb,B200,180GB,SXM,IB-NDR,1Y,NonInterruptible,Reserved,US-West,US,HIF,T1IF,T1,11.1159,True,local-nvme;managed-ops-plane;support-tier;observability,Available,v2.4.0,panel,us-west3
2026-08-20,gcp,b200-sxm-180gb,B200,180GB,SXM,IB-NDR,1Y,NonInterruptible,Reserved,US-West,US,HIF,T1IF,T1,11.1159,True,local-nvme;managed-ops-plane;support-tier;observability,Available,v2.4.0,panel,us-west4
2026-08-20,gcp,b200-sxm-180gb,B200,180GB,SXM,IB-NDR,3Y,NonInterruptible,Reserved,APAC,APAC,HIF,T1IF,T1,8.5061,True,local-nvme;managed-ops-plane;support-tier;observability,Available,v2.4.0,panel,asia-northeast1
2026-08-20,gcp,b200-sxm-180gb,B200,180GB,SXM,IB-NDR,3Y,NonInterruptible,Reserved,APAC,APAC,HIF,T1IF,T1,8.5061,True,local-nvme;managed-ops-plane;support-tier;observability,Available,v2.4.0,panel,asia-southeast1
2026-08-20,gcp,b200-sxm-180gb,B200,180GB,SXM,IB-NDR,3Y,NonInterruptible,Reserved,EU,EU,HIF,T1IF,T1,7.7972,True,local-nvme;managed-ops-plane;support-tier;observability,Available,v2.4.0,panel,europe-west4
2026-08-20,gcp,b200-sxm-180gb,B200,180GB,SXM,IB-NDR,3Y,NonInterruptible,Reserved,US-Central,US,HIF,T1IF,T1,7.0884,True,local-nvme;managed-ops-plane;support-tier;observability,Available,v2.4.0,panel,us-central1
2026-08-20,gcp,b200-sxm-180gb,B200,180GB,SXM,IB-NDR,3Y,NonInterruptible,Reserved,US-East,US,HIF,T1IF,T1,7.0884,True,local-nvme;managed-ops-plane;support-tier;observability,Available,v2.4.0,panel,us-east1
2026-08-20,gcp,b200-sxm-180gb,B200,180GB,SXM,IB-NDR,3Y,NonInterruptible,Reserved,US-South,US,HIF,T1IF,T1,7.0884,True,local-nvme;managed-ops-plane;support-tier;observability,Available,v2.4.0,panel,us-south1
2026-08-20,gcp,b200-sxm-180gb,B200,180GB,SXM,IB-NDR,3Y,NonInterruptible,Reserved,US-West,US,HIF,T1IF,T1,7.0884,True,local-nvme;managed-ops-plane;support-tier;observability,Available,v2.4.0,panel,us-west1
2026-08-20,gcp,b200-sxm-180gb,B200,180GB,SXM,IB-NDR,3Y,NonInterruptible,Reserved,US-West,US,HIF,T1IF,T1,7.0884,True,local-nvme;managed-ops-plane;support-tier;observability,Available,v2.4.0,panel,us-west2
2026-08-20,gcp,b200-sxm-180gb,B200,180GB,SXM,IB-NDR,3Y,NonInterruptible,Reserved,US-West,US,HIF,T1IF,T1,7.0884,True,local-nvme;managed-ops-plane;support-tier;observability,Available,v2.4.0,panel,us-west3
2026-08-20,gcp,b200-sxm-180gb,B200,180GB,SXM,IB-NDR,3Y,NonInterruptible,Reserved,US-West,US,HIF,T1IF,T1,7.0884,True,local-nvme;managed-ops-plane;support-tier;observability,Available,v2.4.0,panel,us-west4
2026-08-20,gcp,b200-sxm-180gb,B200,180GB,SXM,IB-NDR,OnDemand,Interruptible,Spot,APAC,APAC,DIF,T1IF,T1,5.9316,True,local-nvme;managed-ops-plane;support-tier;observability,Available,v2.4.0,panel,asia-northeast1
2026-08-20,gcp,b200-sxm-180gb,B200,180GB,SXM,IB-NDR,OnDemand,Interruptible,Spot,APAC,APAC,DIF,T1IF,T1,4.9021,True,local-nvme;managed-ops-plane;support-tier;observability,Available,v2.4.0,panel,asia-southeast1
2026-08-20,gcp,b200-sxm-180gb,B200,180GB,SXM,IB-NDR,OnDemand,Interruptible,Spot,EU,EU,DIF,T1IF,T1,5.4373,True,local-nvme;managed-ops-plane;support-tier;observability,Available,v2.4.0,panel,europe-north1
2026-08-20,gcp,b200-sxm-180gb,B200,180GB,SXM,IB-NDR,OnDemand,Interruptible,Spot,EU,EU,DIF,T1IF,T1,2.0980,True,local-nvme;managed-ops-plane;support-tier;observability,Available,v2.4.0,panel,europe-west1
2026-08-20,gcp,b200-sxm-180gb,B200,180GB,SXM,IB-NDR,OnDemand,Interruptible,Spot,EU,EU,DIF,T1IF,T1,4.4722,True,local-nvme;managed-ops-plane;support-tier;observability,Available,v2.4.0,panel,europe-west4
2026-08-20,gcp,b200-sxm-180gb,B200,180GB,SXM,IB-NDR,OnDemand,Interruptible,Spot,US-Central,US,DIF,T1IF,T1,4.9542,True,local-nvme;managed-ops-plane;support-tier;observability,Available,v2.4.0,panel,us-central1
2026-08-20,gcp,b200-sxm-180gb,B200,180GB,SXM,IB-NDR,OnDemand,Interruptible,Spot,US-East,US,DIF,T1IF,T1,4.9542,True,local-nvme;managed-ops-plane;support-tier;observability,Available,v2.4.0,panel,us-east1
2026-08-20,gcp,b200-sxm-180gb,B200,180GB,SXM,IB-NDR,OnDemand,Interruptible,Spot,US-East,US,DIF,T1IF,T1,4.0758,True,local-nvme;managed-ops-plane;support-tier;observability,Available,v2.4.0,panel,us-east4
2026-08-20,gcp,b200-sxm-180gb,B200,180GB,SXM,IB-NDR,OnDemand,Interruptible,Spot,US-South,US,DIF,T1IF,T1,4.4936,True,local-nvme;managed-ops-plane;support-tier;observability,Available,v2.4.0,panel,us-south1
2026-08-20,gcp,b200-sxm-180gb,B200,180GB,SXM,IB-NDR,OnDemand,Interruptible,Spot,US-West,US,DIF,T1IF,T1,4.2592,True,local-nvme;managed-ops-plane;support-tier;observability,Available,v2.4.0,panel,us-west2
2026-08-20,gcp,b200-sxm-180gb,B200,180GB,SXM,IB-NDR,OnDemand,Interruptible,Spot,US-West,US,DIF,T1IF,T1,4.9430,True,local-nvme;managed-ops-plane;support-tier;observability,Available,v2.4.0,panel,us-west3
2026-08-20,gcp_cud,b200-sxm-180gb,B200,180GB,SXM,IB-NDR,1Y,NonInterruptible,Reserved,APAC,APAC,HIF,T2IF,T1,13.3391,False,,Available,v2.4.0,candidate,asia-northeast1
2026-08-20,gcp_cud,b200-sxm-180gb,B200,180GB,SXM,IB-NDR,1Y,NonInterruptible,Reserved,APAC,APAC,HIF,T2IF,T1,13.3391,False,,Available,v2.4.0,candidate,asia-southeast1
2026-08-20,gcp_cud,b200-sxm-180gb,B200,180GB,SXM,IB-NDR,1Y,NonInterruptible,Reserved,EU,EU,HIF,T2IF,T1,12.2275,False,,Available,v2.4.0,candidate,europe-west4
2026-08-20,gcp_cud,b200-sxm-180gb,B200,180GB,SXM,IB-NDR,1Y,NonInterruptible,Reserved,US-Central,US,HIF,T2IF,T1,11.1159,False,,Available,v2.4.0,candidate,us-central1
2026-08-20,gcp_cud,b200-sxm-180gb,B200,180GB,SXM,IB-NDR,1Y,NonInterruptible,Reserved,US-East,US,HIF,T2IF,T1,11.1159,False,,Available,v2.4.0,candidate,us-east1
2026-08-20,gcp_cud,b200-sxm-180gb,B200,180GB,SXM,IB-NDR,1Y,NonInterruptible,Reserved,US-South,US,HIF,T2IF,T1,11.1159,False,,Available,v2.4.0,candidate,us-south1
2026-08-20,gcp_cud,b200-sxm-180gb,B200,180GB,SXM,IB-NDR,1Y,NonInterruptible,Reserved,US-West,US,HIF,T2IF,T1,11.1159,False,,Available,v2.4.0,candidate,us-west1
2026-08-20,gcp_cud,b200-sxm-180gb,B200,180GB,SXM,IB-NDR,1Y,NonInterruptible,Reserved,US-West,US,HIF,T2IF,T1,11.1159,False,,Available,v2.4.0,candidate,us-west2
2026-08-20,gcp_cud,b200-sxm-180gb,B200,180GB,SXM,IB-NDR,1Y,NonInterruptible,Reserved,US-West,US,HIF,T2IF,T1,11.1159,False,,Available,v2.4.0,candidate,us-west3
2026-08-20,gcp_cud,b200-sxm-180gb,B200,180GB,SXM,IB-NDR,1Y,NonInterruptible,Reserved,US-West,US,HIF,T2IF,T1,11.1159,False,,Available,v2.4.0,candidate,us-west4
2026-08-20,gcp_cud,b200-sxm-180gb,B200,180GB,SXM,IB-NDR,3Y,NonInterruptible,Reserved,APAC,APAC,HIF,T2IF,T1,8.5061,False,,Available,v2.4.0,candidate,asia-northeast1
2026-08-20,gcp_cud,b200-sxm-180gb,B200,180GB,SXM,IB-NDR,3Y,NonInterruptible,Reserved,APAC,APAC,HIF,T2IF,T1,8.5061,False,,Available,v2.4.0,candidate,asia-southeast1
2026-08-20,gcp_cud,b200-sxm-180gb,B200,180GB,SXM,IB-NDR,3Y,NonInterruptible,Reserved,EU,EU,HIF,T2IF,T1,7.7972,False,,Available,v2.4.0,candidate,europe-west4
2026-08-20,gcp_cud,b200-sxm-180gb,B200,180GB,SXM,IB-NDR,3Y,NonInterruptible,Reserved,US-Central,US,HIF,T2IF,T1,7.0884,False,,Available,v2.4.0,candidate,us-central1
2026-08-20,gcp_cud,b200-sxm-180gb,B200,180GB,SXM,IB-NDR,3Y,NonInterruptible,Reserved,US-East,US,HIF,T2IF,T1,7.0884,False,,Available,v2.4.0,candidate,us-east1
2026-08-20,gcp_cud,b200-sxm-180gb,B200,180GB,SXM,IB-NDR,3Y,NonInterruptible,Reserved,US-South,US,HIF,T2IF,T1,7.0884,False,,Available,v2.4.0,candidate,us-south1
2026-08-20,gcp_cud,b200-sxm-180gb,B200,180GB,SXM,IB-NDR,3Y,NonInterruptible,Reserved,US-West,US,HIF,T2IF,T1,7.0884,False,,Available,v2.4.0,candidate,us-west1
2026-08-20,gcp_cud,b200-sxm-180gb,B200,180GB,SXM,IB-NDR,3Y,NonInterruptible,Reserved,US-West,US,HIF,T2IF,T1,7.0884,False,,Available,v2.4.0,candidate,us-west2
2026-08-20,gcp_cud,b200-sxm-180gb,B200,180GB,SXM,IB-NDR,3Y,NonInterruptible,Reserved,US-West,US,HIF,T2IF,T1,7.0884,False,,Available,v2.4.0,candidate,us-west3
2026-08-20,gcp_cud,b200-sxm-180gb,B200,180GB,SXM,IB-NDR,3Y,NonInterruptible,Reserved,US-West,US,HIF,T2IF,T1,7.0884,False,,Available,v2.4.0,candidate,us-west4
2026-08-20,gcp_dws,b200-sxm-180gb,B200,180GB,SXM,IB-NDR,FlexStart,NonInterruptible,Reserved,US-Central,US,HIF,T2IF,T1,8.0550,False,,Available,v2.4.0,term-panel,us-central1
2026-08-20,gmi_cloud,b200-sxm-180gb,B200,180GB,SXM,IB-NDR,OnDemand,NonInterruptible,OnDemand,US-East,US,IIF,T2IF,T2,4.0000,False,,Available,v2.4.0,candidate,US
2026-08-20,hyperstack,b200-sxm-180gb,B200,180GB,SXM,IB-NDR,OnDemand,NonInterruptible,OnDemand,Other,Other,SIF,T2IF,T2,6.0000,True,local-nvme,Available,v2.4.0,panel,Multi
2026-08-20,hyperstack,b200-sxm-180gb,B200,180GB,SXM,IB-NDR,6M,NonInterruptible,Reserved,Other,Other,SIF,T2IF,T2,5.1000,True,local-nvme,Available,v2.4.0,panel,Multi
2026-08-20,koyeb,b200-sxm-180gb,B200,180GB,SXM,Unknown,OnDemand,NonInterruptible,OnDemand,Other,Other,SIF,T2IF,T2,5.5000,False,,Available,v2.4.0,candidate,Multi
2026-08-20,lambda,b200-sxm-180gb,B200,180GB,SXM,IB-NDR,OnDemand,NonInterruptible,OnDemand,US-East,US,IIF,T2IF,T2,6.6900,True,local-nvme,Available,v2.4.0,panel,US
2026-08-20,lambda,b200-sxm-180gb,B200,180GB,SXM,IB-NDR,ReservedBand,NonInterruptible,Reserved,US-East,US,IIF,T2IF,T2,9.8600,True,local-nvme,Available,v2.4.0,panel,US
2026-08-20,massed_compute,b200-sxm-180gb,B200,180GB,SXM,Unknown,OnDemand,NonInterruptible,OnDemand,US-East,US,DIF,T3IF,T3,5.4325,False,,Available,v2.4.0,panel,US
2026-08-20,nebius,b200-sxm-180gb,B200,180GB,SXM,IB-NDR,OnDemand,NonInterruptible,OnDemand,Other,Other,IIF,T1IF,T2,7.1500,True,observability;managed-ops-plane;free-egress,Available,v2.4.0,panel,
2026-08-20,nebius,b200-sxm-180gb,B200,180GB,SXM,IB-NDR,OnDemand,Interruptible,Spot,Other,Other,DIF,T1IF,T2,3.9500,True,observability;managed-ops-plane;free-egress,Available,v2.4.0,panel,
2026-08-20,oci,b200-sxm-180gb,B200,180GB,SXM,RoCE-v2,OnDemand,NonInterruptible,OnDemand,US-East,US,HIF,T1IF,T1,14.0000,True,local-nvme;egress-capped;managed-ops-plane;support-tier;observability,Available,v2.4.0,panel,us-ashburn-1
2026-08-20,qubrid,b200-sxm-180gb,B200,180GB,SXM,Unknown,1Y,NonInterruptible,Reserved,Other,Other,SIF,T2IF,T2,4.2500,False,,Available,v2.4.0,panel,
2026-08-20,runpod_community,b200-sxm-180gb,B200,180GB,SXM,Unknown,OnDemand,NonInterruptible,OnDemand,Other,Other,DIF,T3IF,T3,5.9800,False,,Available,v2.4.0,panel,Global
2026-08-20,runpod_secure,b200-sxm-180gb,B200,180GB,SXM,IB-NDR,OnDemand,NonInterruptible,OnDemand,Other,Other,DIF,T2IF,T3,6.7900,True,local-nvme,Available,v2.4.0,panel,Global
2026-08-20,runpod_secure,b200-sxm-180gb,B200,180GB,SXM,IB-NDR,1Y,NonInterruptible,Reserved,Other,Other,DIF,T2IF,T3,6.7900,True,local-nvme,Available,v2.4.0,panel,Global
2026-08-20,runpod_secure,b200-sxm-180gb,B200,180GB,SXM,IB-NDR,3M,NonInterruptible,Reserved,Other,Other,DIF,T2IF,T3,6.7900,True,local-nvme,Available,v2.4.0,panel,Global
2026-08-20,runpod_secure,b200-sxm-180gb,B200,180GB,SXM,IB-NDR,6M,NonInterruptible,Reserved,Other,Other,DIF,T2IF,T3,6.7900,True,local-nvme,Available,v2.4.0,panel,Global
2026-08-20,shakti_cloud,b200-sxm-180gb,B200,180GB,SXM,IB-Unspecified,1M,NonInterruptible,Reserved,APAC,APAC,SIF,T2IF,T2,4.9396,False,,Available,v2.4.0,panel,IN
2026-08-20,spheron,b200-sxm-180gb,B200,180GB,SXM,Unknown,OnDemand,Interruptible,Spot,Other,Other,DIF,T3IF,T3,5.3376,False,,Available,v2.4.0,panel,me-west-1
2026-08-20,spheron,b200-sxm-180gb,B200,180GB,SXM,Unknown,OnDemand,Interruptible,Spot,US-Central,US,DIF,T3IF,T3,5.3376,False,,Available,v2.4.0,panel,us-central-1
2026-08-20,together,b200-sxm-180gb,B200,180GB,SXM,IB-NDR,OnDemand,NonInterruptible,OnDemand,US-East,US,SIF,T1IF,T2,8.1900,True,local-nvme;support-tier;observability;managed-ops-plane,Available,v2.4.0,panel,US
2026-08-20,together,b200-sxm-180gb,B200,180GB,SXM,IB-NDR,1M,NonInterruptible,Reserved,US-East,US,SIF,T1IF,T2,7.9900,True,local-nvme;support-tier;observability;managed-ops-plane,Available,v2.4.0,panel,US
2026-08-20,together,b200-sxm-180gb,B200,180GB,SXM,IB-NDR,3M,NonInterruptible,Reserved,US-East,US,SIF,T1IF,T2,7.7900,True,local-nvme;support-tier;observability;managed-ops-plane,Available,v2.4.0,panel,US
2026-08-20,together,b200-sxm-180gb,B200,180GB,SXM,IB-NDR,6M,NonInterruptible,Reserved,US-East,US,SIF,T1IF,T2,6.7900,True,local-nvme;support-tier;observability;managed-ops-plane,Available,v2.4.0,panel,US
2026-08-20,upcloud,b200-sxm-180gb,B200,180GB,SXM,Unknown,OnDemand,NonInterruptible,OnDemand,EU,EU,SIF,T2IF,T2,5.2222,False,,Available,v2.4.0,panel,EU-FI
2026-08-20,upcloud,b200-sxm-180gb,B200,180GB,SXM,Unknown,OnDemand,Interruptible,Spot,EU,EU,DIF,T2IF,T2,3.9167,False,,Available,v2.4.0,panel,EU-FI
2026-08-20,vast_ai,b200-sxm-180gb,B200,180GB,SXM,IB-NDR,OnDemand,NonInterruptible,OnDemand,US-East,US,DIF,T3IF,T3,7.7500,True,local-nvme,Available,v2.4.0,marketplace,", US"
2026-08-20,vast_ai,b200-sxm-180gb,B200,180GB,SXM,IB-NDR,OnDemand,NonInterruptible,OnDemand,Other,Other,DIF,T3IF,T3,5.1250,True,local-nvme,Available,v2.4.0,marketplace,"MEXICO, MX"
2026-08-20,vast_ai,b200-sxm-180gb,B200,180GB,SXM,IB-NDR,OnDemand,NonInterruptible,OnDemand,US-Central,US,DIF,T3IF,T3,7.5000,True,local-nvme,Available,v2.4.0,marketplace,"OHIO, US"
2026-08-20,vultr,b200-sxm-180gb,B200,180GB,SXM,Unknown,OnDemand,NonInterruptible,OnDemand,Other,Other,SIF,T2IF,T2,8.5000,False,,SoldOut,v2.4.0,panel,Multi
2026-08-20,vultr,b200-sxm-180gb,B200,180GB,SXM,Unknown,OnDemand,Interruptible,Spot,Other,Other,DIF,T2IF,T2,3.2000,False,,SoldOut,v2.4.0,panel,Multi
2026-08-21,aws,b200-sxm-180gb,B200,180GB,SXM,EFA,OnDemand,NonInterruptible,OnDemand,APAC,APAC,HIF,T1IF,T1,20.0807,True,local-nvme;managed-ops-plane;support-tier;observability,Available,v2.4.0,panel,ap-south-1
2026-08-21,aws,b200-sxm-180gb,B200,180GB,SXM,EFA,OnDemand,NonInterruptible,OnDemand,US-East,US,HIF,T1IF,T1,14.2416,True,local-nvme;managed-ops-plane;support-tier;observability,Available,v2.4.0,panel,us-east-1
2026-08-21,aws,b200-sxm-180gb,B200,180GB,SXM,EFA,OnDemand,NonInterruptible,OnDemand,US-East,US,HIF,T1IF,T1,14.2416,True,local-nvme;managed-ops-plane;support-tier;observability,Available,v2.4.0,panel,us-east-2
2026-08-21,aws,b200-sxm-180gb,B200,180GB,SXM,EFA,OnDemand,NonInterruptible,OnDemand,US-West,US,HIF,T1IF,T1,14.2416,True,local-nvme;managed-ops-plane;support-tier;observability,Available,v2.4.0,panel,us-west-2
2026-08-21,aws,b200-sxm-180gb,B200,180GB,SXM,EFA,3Y,NonInterruptible,Reserved,US-East,US,HIF,T1IF,T1,6.1524,True,local-nvme;managed-ops-plane;support-tier;observability,Available,v2.4.0,panel,us-east-1
2026-08-21,aws,b200-sxm-180gb,B200,180GB,SXM,EFA,3Y,NonInterruptible,Reserved,US-East,US,HIF,T1IF,T1,6.1524,True,local-nvme;managed-ops-plane;support-tier;observability,Available,v2.4.0,panel,us-east-2
2026-08-21,aws,b200-sxm-180gb,B200,180GB,SXM,EFA,3Y,NonInterruptible,Reserved,US-West,US,HIF,T1IF,T1,6.1524,True,local-nvme;managed-ops-plane;support-tier;observability,Available,v2.4.0,panel,us-west-2
2026-08-21,aws,b200-sxm-180gb,B200,180GB,SXM,EFA,OnDemand,Interruptible,Spot,APAC,APAC,DIF,T2IF,T1,6.3032,False,,Available,v2.4.0,panel,ap-south-1c
2026-08-21,aws,b200-sxm-180gb,B200,180GB,SXM,EFA,OnDemand,Interruptible,Spot,US-East,US,DIF,T2IF,T1,5.2368,False,,Available,v2.4.0,panel,us-east-1d
2026-08-21,aws,b200-sxm-180gb,B200,180GB,SXM,EFA,OnDemand,Interruptible,Spot,US-East,US,DIF,T2IF,T1,5.2754,False,,Available,v2.4.0,panel,us-east-2a
2026-08-21,aws,b200-sxm-180gb,B200,180GB,SXM,EFA,OnDemand,Interruptible,Spot,US-East,US,DIF,T2IF,T1,5.2470,False,,Available,v2.4.0,panel,us-east-2b
2026-08-21,aws,b200-sxm-180gb,B200,180GB,SXM,EFA,OnDemand,Interruptible,Spot,US-East,US,DIF,T2IF,T1,5.2071,False,,Available,v2.4.0,panel,us-east-2c
2026-08-21,aws,b200-sxm-180gb,B200,180GB,SXM,EFA,OnDemand,Interruptible,Spot,US-West,US,DIF,T2IF,T1,5.2195,False,,Available,v2.4.0,panel,us-west-2a
2026-08-21,aws,b200-sxm-180gb,B200,180GB,SXM,EFA,OnDemand,Interruptible,Spot,US-West,US,DIF,T2IF,T1,5.2416,False,,Available,v2.4.0,panel,us-west-2b
2026-08-21,aws,b200-sxm-180gb,B200,180GB,SXM,EFA,OnDemand,Interruptible,Spot,US-West,US,DIF,T2IF,T1,5.1579,False,,Available,v2.4.0,panel,us-west-2d
2026-08-21,aws_capacity_blocks,b200-sxm-180gb,B200,180GB,SXM,EFA,CapacityBlock,NonInterruptible,Reserved,Other,Other,HIF,T2IF,T1,12.3550,False,,Available,v2.4.0,term-panel,non-us
2026-08-21,aws_capacity_blocks,b200-sxm-180gb,B200,180GB,SXM,EFA,CapacityBlock,NonInterruptible,Reserved,US-East,US,HIF,T2IF,T1,12.3550,False,,Available,v2.4.0,term-panel,us-east-1
2026-08-21,civo,b200-sxm-180gb,B200,180GB,SXM,Unknown,1Y,NonInterruptible,Reserved,Other,Other,SIF,T2IF,T2,4.4900,False,,Available,v2.4.0,panel,
2026-08-21,civo,b200-sxm-180gb,B200,180GB,SXM,Unknown,2Y,NonInterruptible,Reserved,Other,Other,SIF,T2IF,T2,3.9900,False,,Available,v2.4.0,panel,
2026-08-21,civo,b200-sxm-180gb,B200,180GB,SXM,Unknown,3Y,NonInterruptible,Reserved,Other,Other,SIF,T2IF,T2,3.7900,False,,Available,v2.4.0,panel,
2026-08-21,cloudrift,b200-sxm-180gb,B200,180GB,SXM,,1M,NonInterruptible,Reserved,US-East,US,SIF,T2IF,T2,3.6000,False,,Available,v2.4.0,term-panel,US
2026-08-21,cloudrift,b200-sxm-180gb,B200,180GB,SXM,,3M,NonInterruptible,Reserved,US-East,US,SIF,T2IF,T2,3.2400,False,,Available,v2.4.0,term-panel,US
2026-08-21,coreweave,b200-sxm-180gb,B200,180GB,SXM,IB-NDR,OnDemand,NonInterruptible,OnDemand,EU,EU,IIF,T1IF,T2,8.6000,True,local-nvme;free-egress;support-tier;observability;managed-ops-plane,Available,v2.4.0,panel,EU
2026-08-21,coreweave,b200-sxm-180gb,B200,180GB,SXM,IB-NDR,OnDemand,NonInterruptible,OnDemand,US-East,US,IIF,T1IF,T2,8.6000,True,local-nvme;free-egress;support-tier;observability;managed-ops-plane,Available,v2.4.0,panel,US
2026-08-21,coreweave,b200-sxm-180gb,B200,180GB,SXM,IB-NDR,OnDemand,Interruptible,Spot,EU,EU,DIF,T1IF,T2,4.3588,True,local-nvme;free-egress;support-tier;observability;managed-ops-plane,Available,v2.4.0,panel,EU
2026-08-21,coreweave,b200-sxm-180gb,B200,180GB,SXM,IB-NDR,OnDemand,Interruptible,Spot,US-East,US,DIF,T1IF,T2,4.2638,True,local-nvme;free-egress;support-tier;observability;managed-ops-plane,Available,v2.4.0,panel,US
2026-08-21,datacrunch,b200-sxm-180gb,B200,180GB,SXM,IB-NDR,OnDemand,NonInterruptible,OnDemand,EU,EU,SIF,T2IF,T2,6.1100,True,local-nvme,Available,v2.4.0,panel,EU-FI
2026-08-21,datacrunch,b200-sxm-180gb,B200,180GB,SXM,IB-NDR,1M,NonInterruptible,Reserved,EU,EU,SIF,T2IF,T2,5.9878,True,local-nvme,Available,v2.4.0,panel,EU-FI
2026-08-21,datacrunch,b200-sxm-180gb,B200,180GB,SXM,IB-NDR,1Y,NonInterruptible,Reserved,EU,EU,SIF,T2IF,T2,5.6212,True,local-nvme,Available,v2.4.0,panel,EU-FI
2026-08-21,datacrunch,b200-sxm-180gb,B200,180GB,SXM,IB-NDR,2Y,NonInterruptible,Reserved,EU,EU,SIF,T2IF,T2,4.5825,True,local-nvme,Available,v2.4.0,panel,EU-FI
2026-08-21,datacrunch,b200-sxm-180gb,B200,180GB,SXM,IB-NDR,3M,NonInterruptible,Reserved,EU,EU,SIF,T2IF,T2,5.9267,True,local-nvme,Available,v2.4.0,panel,EU-FI
2026-08-21,datacrunch,b200-sxm-180gb,B200,180GB,SXM,IB-NDR,6M,NonInterruptible,Reserved,EU,EU,SIF,T2IF,T2,5.8656,True,local-nvme,Available,v2.4.0,panel,EU-FI
2026-08-21,datacrunch,b200-sxm-180gb,B200,180GB,SXM,IB-NDR,OnDemand,Interruptible,Spot,EU,EU,DIF,T2IF,T2,3.0550,True,local-nvme,Available,v2.4.0,panel,EU-FI
2026-08-21,deepinfra_gpu,b200-sxm-180gb,B200,180GB,SXM,,OnDemand,NonInterruptible,OnDemand,Other,Other,SIF,T2IF,T2,3.6900,False,,Available,v2.4.0,panel,undisclosed
2026-08-21,e2e,b200-sxm-180gb,B200,180GB,SXM,IB-NDR,OnDemand,NonInterruptible,OnDemand,APAC,APAC,IIF,T2IF,T2,6.9900,False,,Available,v2.4.0,panel,India
2026-08-21,e2e,b200-sxm-180gb,B200,180GB,SXM,IB-NDR,1M,NonInterruptible,Reserved,APAC,APAC,IIF,T2IF,T2,6.9211,False,,Available,v2.4.0,panel,India
2026-08-21,e2e,b200-sxm-180gb,B200,180GB,SXM,IB-NDR,1Y,NonInterruptible,Reserved,APAC,APAC,IIF,T2IF,T2,6.2888,False,,Available,v2.4.0,panel,India
2026-08-21,gcp,b200-sxm-180gb,B200,180GB,SXM,IB-NDR,OnDemand,NonInterruptible,OnDemand,APAC,APAC,HIF,T1IF,T1,19.3320,True,local-nvme;managed-ops-plane;support-tier;observability,Available,v2.4.0,panel,asia-southeast1
2026-08-21,gcp,b200-sxm-180gb,B200,180GB,SXM,IB-NDR,OnDemand,NonInterruptible,OnDemand,EU,EU,HIF,T1IF,T1,17.7210,True,local-nvme;managed-ops-plane;support-tier;observability,Available,v2.4.0,panel,europe-west4
2026-08-21,gcp,b200-sxm-180gb,B200,180GB,SXM,IB-NDR,OnDemand,NonInterruptible,OnDemand,US-Central,US,HIF,T1IF,T1,16.1100,True,local-nvme;managed-ops-plane;support-tier;observability,Available,v2.4.0,panel,us-central1
2026-08-21,gcp,b200-sxm-180gb,B200,180GB,SXM,IB-NDR,OnDemand,NonInterruptible,OnDemand,US-East,US,HIF,T1IF,T1,16.1100,True,local-nvme;managed-ops-plane;support-tier;observability,Available,v2.4.0,panel,us-east1
2026-08-21,gcp,b200-sxm-180gb,B200,180GB,SXM,IB-NDR,1Y,NonInterruptible,Reserved,APAC,APAC,HIF,T1IF,T1,13.3391,True,local-nvme;managed-ops-plane;support-tier;observability,Available,v2.4.0,panel,asia-northeast1
2026-08-21,gcp,b200-sxm-180gb,B200,180GB,SXM,IB-NDR,1Y,NonInterruptible,Reserved,APAC,APAC,HIF,T1IF,T1,13.3391,True,local-nvme;managed-ops-plane;support-tier;observability,Available,v2.4.0,panel,asia-southeast1
2026-08-21,gcp,b200-sxm-180gb,B200,180GB,SXM,IB-NDR,1Y,NonInterruptible,Reserved,EU,EU,HIF,T1IF,T1,12.2275,True,local-nvme;managed-ops-plane;support-tier;observability,Available,v2.4.0,panel,europe-west4
2026-08-21,gcp,b200-sxm-180gb,B200,180GB,SXM,IB-NDR,1Y,NonInterruptible,Reserved,US-Central,US,HIF,T1IF,T1,11.1159,True,local-nvme;managed-ops-plane;support-tier;observability,Available,v2.4.0,panel,us-central1
2026-08-21,gcp,b200-sxm-180gb,B200,180GB,SXM,IB-NDR,1Y,NonInterruptible,Reserved,US-East,US,HIF,T1IF,T1,11.1159,True,local-nvme;managed-ops-plane;support-tier;observability,Available,v2.4.0,panel,us-east1
2026-08-21,gcp,b200-sxm-180gb,B200,180GB,SXM,IB-NDR,1Y,NonInterruptible,Reserved,US-South,US,HIF,T1IF,T1,11.1159,True,local-nvme;managed-ops-plane;support-tier;observability,Available,v2.4.0,panel,us-south1
2026-08-21,gcp,b200-sxm-180gb,B200,180GB,SXM,IB-NDR,1Y,NonInterruptible,Reserved,US-West,US,HIF,T1IF,T1,11.1159,True,local-nvme;managed-ops-plane;support-tier;observability,Available,v2.4.0,panel,us-west1
2026-08-21,gcp,b200-sxm-180gb,B200,180GB,SXM,IB-NDR,1Y,NonInterruptible,Reserved,US-West,US,HIF,T1IF,T1,11.1159,True,local-nvme;managed-ops-plane;support-tier;observability,Available,v2.4.0,panel,us-west2
2026-08-21,gcp,b200-sxm-180gb,B200,180GB,SXM,IB-NDR,1Y,NonInterruptible,Reserved,US-West,US,HIF,T1IF,T1,11.1159,True,local-nvme;managed-ops-plane;support-tier;observability,Available,v2.4.0,panel,us-west3
2026-08-21,gcp,b200-sxm-180gb,B200,180GB,SXM,IB-NDR,1Y,NonInterruptible,Reserved,US-West,US,HIF,T1IF,T1,11.1159,True,local-nvme;managed-ops-plane;support-tier;observability,Available,v2.4.0,panel,us-west4
2026-08-21,gcp,b200-sxm-180gb,B200,180GB,SXM,IB-NDR,3Y,NonInterruptible,Reserved,APAC,APAC,HIF,T1IF,T1,8.5061,True,local-nvme;managed-ops-plane;support-tier;observability,Available,v2.4.0,panel,asia-northeast1
2026-08-21,gcp,b200-sxm-180gb,B200,180GB,SXM,IB-NDR,3Y,NonInterruptible,Reserved,APAC,APAC,HIF,T1IF,T1,8.5061,True,local-nvme;managed-ops-plane;support-tier;observability,Available,v2.4.0,panel,asia-southeast1
2026-08-21,gcp,b200-sxm-180gb,B200,180GB,SXM,IB-NDR,3Y,NonInterruptible,Reserved,EU,EU,HIF,T1IF,T1,7.7972,True,local-nvme;managed-ops-plane;support-tier;observability,Available,v2.4.0,panel,europe-west4
2026-08-21,gcp,b200-sxm-180gb,B200,180GB,SXM,IB-NDR,3Y,NonInterruptible,Reserved,US-Central,US,HIF,T1IF,T1,7.0884,True,local-nvme;managed-ops-plane;support-tier;observability,Available,v2.4.0,panel,us-central1
2026-08-21,gcp,b200-sxm-180gb,B200,180GB,SXM,IB-NDR,3Y,NonInterruptible,Reserved,US-East,US,HIF,T1IF,T1,7.0884,True,local-nvme;managed-ops-plane;support-tier;observability,Available,v2.4.0,panel,us-east1
2026-08-21,gcp,b200-sxm-180gb,B200,180GB,SXM,IB-NDR,3Y,NonInterruptible,Reserved,US-South,US,HIF,T1IF,T1,7.0884,True,local-nvme;managed-ops-plane;support-tier;observability,Available,v2.4.0,panel,us-south1
2026-08-21,gcp,b200-sxm-180gb,B200,180GB,SXM,IB-NDR,3Y,NonInterruptible,Reserved,US-West,US,HIF,T1IF,T1,7.0884,True,local-nvme;managed-ops-plane;support-tier;observability,Available,v2.4.0,panel,us-west1
2026-08-21,gcp,b200-sxm-180gb,B200,180GB,SXM,IB-NDR,3Y,NonInterruptible,Reserved,US-West,US,HIF,T1IF,T1,7.0884,True,local-nvme;managed-ops-plane;support-tier;observability,Available,v2.4.0,panel,us-west2
2026-08-21,gcp,b200-sxm-180gb,B200,180GB,SXM,IB-NDR,3Y,NonInterruptible,Reserved,US-West,US,HIF,T1IF,T1,7.0884,True,local-nvme;managed-ops-plane;support-tier;observability,Available,v2.4.0,panel,us-west3
2026-08-21,gcp,b200-sxm-180gb,B200,180GB,SXM,IB-NDR,3Y,NonInterruptible,Reserved,US-West,US,HIF,T1IF,T1,7.0884,True,local-nvme;managed-ops-plane;support-tier;observability,Available,v2.4.0,panel,us-west4
2026-08-21,gcp,b200-sxm-180gb,B200,180GB,SXM,IB-NDR,OnDemand,Interruptible,Spot,APAC,APAC,DIF,T1IF,T1,5.9316,True,local-nvme;managed-ops-plane;support-tier;observability,Available,v2.4.0,panel,asia-northeast1
2026-08-21,gcp,b200-sxm-180gb,B200,180GB,SXM,IB-NDR,OnDemand,Interruptible,Spot,APAC,APAC,DIF,T1IF,T1,4.9021,True,local-nvme;managed-ops-plane;support-tier;observability,Available,v2.4.0,panel,asia-southeast1
2026-08-21,gcp,b200-sxm-180gb,B200,180GB,SXM,IB-NDR,OnDemand,Interruptible,Spot,EU,EU,DIF,T1IF,T1,5.4373,True,local-nvme;managed-ops-plane;support-tier;observability,Available,v2.4.0,panel,europe-north1
2026-08-21,gcp,b200-sxm-180gb,B200,180GB,SXM,IB-NDR,OnDemand,Interruptible,Spot,EU,EU,DIF,T1IF,T1,2.0980,True,local-nvme;managed-ops-plane;support-tier;observability,Available,v2.4.0,panel,europe-west1
2026-08-21,gcp,b200-sxm-180gb,B200,180GB,SXM,IB-NDR,OnDemand,Interruptible,Spot,EU,EU,DIF,T1IF,T1,4.4722,True,local-nvme;managed-ops-plane;support-tier;observability,Available,v2.4.0,panel,europe-west4
2026-08-21,gcp,b200-sxm-180gb,B200,180GB,SXM,IB-NDR,OnDemand,Interruptible,Spot,US-Central,US,DIF,T1IF,T1,4.9542,True,local-nvme;managed-ops-plane;support-tier;observability,Available,v2.4.0,panel,us-central1
2026-08-21,gcp,b200-sxm-180gb,B200,180GB,SXM,IB-NDR,OnDemand,Interruptible,Spot,US-East,US,DIF,T1IF,T1,4.9542,True,local-nvme;managed-ops-plane;support-tier;observability,Available,v2.4.0,panel,us-east1
2026-08-21,gcp,b200-sxm-180gb,B200,180GB,SXM,IB-NDR,OnDemand,Interruptible,Spot,US-East,US,DIF,T1IF,T1,4.0758,True,local-nvme;managed-ops-plane;support-tier;observability,Available,v2.4.0,panel,us-east4
2026-08-21,gcp,b200-sxm-180gb,B200,180GB,SXM,IB-NDR,OnDemand,Interruptible,Spot,US-South,US,DIF,T1IF,T1,4.4936,True,local-nvme;managed-ops-plane;support-tier;observability,Available,v2.4.0,panel,us-south1
2026-08-21,gcp,b200-sxm-180gb,B200,180GB,SXM,IB-NDR,OnDemand,Interruptible,Spot,US-West,US,DIF,T1IF,T1,4.2592,True,local-nvme;managed-ops-plane;support-tier;observability,Available,v2.4.0,panel,us-west2
2026-08-21,gcp,b200-sxm-180gb,B200,180GB,SXM,IB-NDR,OnDemand,Interruptible,Spot,US-West,US,DIF,T1IF,T1,4.9430,True,local-nvme;managed-ops-plane;support-tier;observability,Available,v2.4.0,panel,us-west3
2026-08-21,gcp_cud,b200-sxm-180gb,B200,180GB,SXM,IB-NDR,1Y,NonInterruptible,Reserved,APAC,APAC,HIF,T2IF,T1,13.3391,False,,Available,v2.4.0,candidate,asia-northeast1
2026-08-21,gcp_cud,b200-sxm-180gb,B200,180GB,SXM,IB-NDR,1Y,NonInterruptible,Reserved,APAC,APAC,HIF,T2IF,T1,13.3391,False,,Available,v2.4.0,candidate,asia-southeast1
2026-08-21,gcp_cud,b200-sxm-180gb,B200,180GB,SXM,IB-NDR,1Y,NonInterruptible,Reserved,EU,EU,HIF,T2IF,T1,12.2275,False,,Available,v2.4.0,candidate,europe-west4
2026-08-21,gcp_cud,b200-sxm-180gb,B200,180GB,SXM,IB-NDR,1Y,NonInterruptible,Reserved,US-Central,US,HIF,T2IF,T1,11.1159,False,,Available,v2.4.0,candidate,us-central1
2026-08-21,gcp_cud,b200-sxm-180gb,B200,180GB,SXM,IB-NDR,1Y,NonInterruptible,Reserved,US-East,US,HIF,T2IF,T1,11.1159,False,,Available,v2.4.0,candidate,us-east1
2026-08-21,gcp_cud,b200-sxm-180gb,B200,180GB,SXM,IB-NDR,1Y,NonInterruptible,Reserved,US-South,US,HIF,T2IF,T1,11.1159,False,,Available,v2.4.0,candidate,us-south1
2026-08-21,gcp_cud,b200-sxm-180gb,B200,180GB,SXM,IB-NDR,1Y,NonInterruptible,Reserved,US-West,US,HIF,T2IF,T1,11.1159,False,,Available,v2.4.0,candidate,us-west1
2026-08-21,gcp_cud,b200-sxm-180gb,B200,180GB,SXM,IB-NDR,1Y,NonInterruptible,Reserved,US-West,US,HIF,T2IF,T1,11.1159,False,,Available,v2.4.0,candidate,us-west2
2026-08-21,gcp_cud,b200-sxm-180gb,B200,180GB,SXM,IB-NDR,1Y,NonInterruptible,Reserved,US-West,US,HIF,T2IF,T1,11.1159,False,,Available,v2.4.0,candidate,us-west3
2026-08-21,gcp_cud,b200-sxm-180gb,B200,180GB,SXM,IB-NDR,1Y,NonInterruptible,Reserved,US-West,US,HIF,T2IF,T1,11.1159,False,,Available,v2.4.0,candidate,us-west4
2026-08-21,gcp_cud,b200-sxm-180gb,B200,180GB,SXM,IB-NDR,3Y,NonInterruptible,Reserved,APAC,APAC,HIF,T2IF,T1,8.5061,False,,Available,v2.4.0,candidate,asia-northeast1
2026-08-21,gcp_cud,b200-sxm-180gb,B200,180GB,SXM,IB-NDR,3Y,NonInterruptible,Reserved,APAC,APAC,HIF,T2IF,T1,8.5061,False,,Available,v2.4.0,candidate,asia-southeast1
2026-08-21,gcp_cud,b200-sxm-180gb,B200,180GB,SXM,IB-NDR,3Y,NonInterruptible,Reserved,EU,EU,HIF,T2IF,T1,7.7972,False,,Available,v2.4.0,candidate,europe-west4
2026-08-21,gcp_cud,b200-sxm-180gb,B200,180GB,SXM,IB-NDR,3Y,NonInterruptible,Reserved,US-Central,US,HIF,T2IF,T1,7.0884,False,,Available,v2.4.0,candidate,us-central1
2026-08-21,gcp_cud,b200-sxm-180gb,B200,180GB,SXM,IB-NDR,3Y,NonInterruptible,Reserved,US-East,US,HIF,T2IF,T1,7.0884,False,,Available,v2.4.0,candidate,us-east1
2026-08-21,gcp_cud,b200-sxm-180gb,B200,180GB,SXM,IB-NDR,3Y,NonInterruptible,Reserved,US-South,US,HIF,T2IF,T1,7.0884,False,,Available,v2.4.0,candidate,us-south1
2026-08-21,gcp_cud,b200-sxm-180gb,B200,180GB,SXM,IB-NDR,3Y,NonInterruptible,Reserved,US-West,US,HIF,T2IF,T1,7.0884,False,,Available,v2.4.0,candidate,us-west1
2026-08-21,gcp_cud,b200-sxm-180gb,B200,180GB,SXM,IB-NDR,3Y,NonInterruptible,Reserved,US-West,US,HIF,T2IF,T1,7.0884,False,,Available,v2.4.0,candidate,us-west2
2026-08-21,gcp_cud,b200-sxm-180gb,B200,180GB,SXM,IB-NDR,3Y,NonInterruptible,Reserved,US-West,US,HIF,T2IF,T1,7.0884,False,,Available,v2.4.0,candidate,us-west3
2026-08-21,gcp_cud,b200-sxm-180gb,B200,180GB,SXM,IB-NDR,3Y,NonInterruptible,Reserved,US-West,US,HIF,T2IF,T1,7.0884,False,,Available,v2.4.0,candidate,us-west4
2026-08-21,gcp_dws,b200-sxm-180gb,B200,180GB,SXM,IB-NDR,FlexStart,NonInterruptible,Reserved,US-Central,US,HIF,T2IF,T1,8.0550,False,,Available,v2.4.0,term-panel,us-central1
2026-08-21,gmi_cloud,b200-sxm-180gb,B200,180GB,SXM,IB-NDR,OnDemand,NonInterruptible,OnDemand,US-East,US,IIF,T2IF,T2,4.0000,False,,Available,v2.4.0,candidate,US
2026-08-21,hyperstack,b200-sxm-180gb,B200,180GB,SXM,IB-NDR,OnDemand,NonInterruptible,OnDemand,Other,Other,SIF,T2IF,T2,6.0000,True,local-nvme,Available,v2.4.0,panel,Multi
2026-08-21,hyperstack,b200-sxm-180gb,B200,180GB,SXM,IB-NDR,6M,NonInterruptible,Reserved,Other,Other,SIF,T2IF,T2,5.1000,True,local-nvme,Available,v2.4.0,panel,Multi
2026-08-21,koyeb,b200-sxm-180gb,B200,180GB,SXM,Unknown,OnDemand,NonInterruptible,OnDemand,Other,Other,SIF,T2IF,T2,5.5000,False,,Available,v2.4.0,candidate,Multi
2026-08-21,lambda,b200-sxm-180gb,B200,180GB,SXM,IB-NDR,OnDemand,NonInterruptible,OnDemand,US-East,US,IIF,T2IF,T2,6.6900,True,local-nvme,SoldOut,v2.4.0,panel,US
2026-08-21,lambda,b200-sxm-180gb,B200,180GB,SXM,IB-NDR,ReservedBand,NonInterruptible,Reserved,US-East,US,IIF,T2IF,T2,9.8600,True,local-nvme,Available,v2.4.0,panel,US
2026-08-21,massed_compute,b200-sxm-180gb,B200,180GB,SXM,Unknown,OnDemand,NonInterruptible,OnDemand,US-East,US,DIF,T3IF,T3,5.4325,False,,Available,v2.4.0,panel,US
2026-08-21,nebius,b200-sxm-180gb,B200,180GB,SXM,IB-NDR,OnDemand,NonInterruptible,OnDemand,Other,Other,IIF,T1IF,T2,7.1500,True,observability;managed-ops-plane;free-egress,Available,v2.4.0,panel,
2026-08-21,nebius,b200-sxm-180gb,B200,180GB,SXM,IB-NDR,OnDemand,Interruptible,Spot,Other,Other,DIF,T1IF,T2,3.9500,True,observability;managed-ops-plane;free-egress,Available,v2.4.0,panel,
2026-08-21,oci,b200-sxm-180gb,B200,180GB,SXM,RoCE-v2,OnDemand,NonInterruptible,OnDemand,US-East,US,HIF,T1IF,T1,14.0000,True,local-nvme;egress-capped;managed-ops-plane;support-tier;observability,Available,v2.4.0,panel,us-ashburn-1
2026-08-21,qubrid,b200-sxm-180gb,B200,180GB,SXM,Unknown,1Y,NonInterruptible,Reserved,Other,Other,SIF,T2IF,T2,4.2500,False,,Available,v2.4.0,panel,
2026-08-21,runpod_community,b200-sxm-180gb,B200,180GB,SXM,Unknown,OnDemand,NonInterruptible,OnDemand,Other,Other,DIF,T3IF,T3,5.9800,False,,SoldOut,v2.4.0,panel,Global
2026-08-21,runpod_secure,b200-sxm-180gb,B200,180GB,SXM,IB-NDR,OnDemand,NonInterruptible,OnDemand,Other,Other,DIF,T2IF,T3,6.7900,True,local-nvme,Available,v2.4.0,panel,Global
2026-08-21,runpod_secure,b200-sxm-180gb,B200,180GB,SXM,IB-NDR,1Y,NonInterruptible,Reserved,Other,Other,DIF,T2IF,T3,6.7900,True,local-nvme,Available,v2.4.0,panel,Global
2026-08-21,runpod_secure,b200-sxm-180gb,B200,180GB,SXM,IB-NDR,3M,NonInterruptible,Reserved,Other,Other,DIF,T2IF,T3,6.7900,True,local-nvme,Available,v2.4.0,panel,Global
2026-08-21,runpod_secure,b200-sxm-180gb,B200,180GB,SXM,IB-NDR,6M,NonInterruptible,Reserved,Other,Other,DIF,T2IF,T3,6.7900,True,local-nvme,Available,v2.4.0,panel,Global
2026-08-21,shakti_cloud,b200-sxm-180gb,B200,180GB,SXM,IB-Unspecified,1M,NonInterruptible,Reserved,APAC,APAC,SIF,T2IF,T2,4.9420,False,,Available,v2.4.0,panel,IN
2026-08-21,spheron,b200-sxm-180gb,B200,180GB,SXM,Unknown,OnDemand,NonInterruptible,OnDemand,Other,Other,DIF,T3IF,T3,9.3600,False,,Available,v2.4.0,panel,me-west-1
2026-08-21,spheron,b200-sxm-180gb,B200,180GB,SXM,Unknown,OnDemand,NonInterruptible,OnDemand,US-Central,US,DIF,T3IF,T3,9.3600,False,,Available,v2.4.0,panel,us-central-1
2026-08-21,spheron,b200-sxm-180gb,B200,180GB,SXM,Unknown,OnDemand,Interruptible,Spot,Other,Other,DIF,T3IF,T3,5.3376,False,,Available,v2.4.0,panel,me-west-1
2026-08-21,spheron,b200-sxm-180gb,B200,180GB,SXM,Unknown,OnDemand,Interruptible,Spot,US-Central,US,DIF,T3IF,T3,5.3376,False,,Available,v2.4.0,panel,us-central-1
2026-08-21,together,b200-sxm-180gb,B200,180GB,SXM,IB-NDR,OnDemand,NonInterruptible,OnDemand,US-East,US,SIF,T1IF,T2,8.1900,True,local-nvme;support-tier;observability;managed-ops-plane,Available,v2.4.0,panel,US
2026-08-21,together,b200-sxm-180gb,B200,180GB,SXM,IB-NDR,1M,NonInterruptible,Reserved,US-East,US,SIF,T1IF,T2,7.9900,True,local-nvme;support-tier;observability;managed-ops-plane,Available,v2.4.0,panel,US
2026-08-21,together,b200-sxm-180gb,B200,180GB,SXM,IB-NDR,3M,NonInterruptible,Reserved,US-East,US,SIF,T1IF,T2,7.7900,True,local-nvme;support-tier;observability;managed-ops-plane,Available,v2.4.0,panel,US
2026-08-21,together,b200-sxm-180gb,B200,180GB,SXM,IB-NDR,6M,NonInterruptible,Reserved,US-East,US,SIF,T1IF,T2,6.7900,True,local-nvme;support-tier;observability;managed-ops-plane,Available,v2.4.0,panel,US
2026-08-21,upcloud,b200-sxm-180gb,B200,180GB,SXM,Unknown,OnDemand,NonInterruptible,OnDemand,EU,EU,SIF,T2IF,T2,5.2564,False,,Available,v2.4.0,panel,EU-FI
2026-08-21,upcloud,b200-sxm-180gb,B200,180GB,SXM,Unknown,OnDemand,Interruptible,Spot,EU,EU,DIF,T2IF,T2,3.9423,False,,Available,v2.4.0,panel,EU-FI
2026-08-21,vast_ai,b200-sxm-180gb,B200,180GB,SXM,IB-NDR,OnDemand,NonInterruptible,OnDemand,APAC,APAC,DIF,T3IF,T3,7.5000,True,local-nvme,Available,v2.4.0,marketplace,"INDIA, IN"
2026-08-21,vast_ai,b200-sxm-180gb,B200,180GB,SXM,IB-NDR,OnDemand,NonInterruptible,OnDemand,US-Central,US,DIF,T3IF,T3,7.2500,True,local-nvme,Available,v2.4.0,marketplace,"OHIO, US"
2026-08-21,vultr,b200-sxm-180gb,B200,180GB,SXM,Unknown,OnDemand,NonInterruptible,OnDemand,Other,Other,SIF,T2IF,T2,8.5000,False,,SoldOut,v2.4.0,panel,Multi
2026-08-21,vultr,b200-sxm-180gb,B200,180GB,SXM,Unknown,OnDemand,Interruptible,Spot,Other,Other,DIF,T2IF,T2,3.2000,False,,SoldOut,v2.4.0,panel,Multi
2026-08-22,aws,b200-sxm-180gb,B200,180GB,SXM,EFA,OnDemand,NonInterruptible,OnDemand,APAC,APAC,HIF,T1IF,T1,20.0807,True,local-nvme;managed-ops-plane;support-tier;observability,Available,v2.4.0,panel,ap-south-1
2026-08-22,aws,b200-sxm-180gb,B200,180GB,SXM,EFA,OnDemand,NonInterruptible,OnDemand,US-East,US,HIF,T1IF,T1,14.2416,True,local-nvme;managed-ops-plane;support-tier;observability,Available,v2.4.0,panel,us-east-1
2026-08-22,aws,b200-sxm-180gb,B200,180GB,SXM,EFA,OnDemand,NonInterruptible,OnDemand,US-East,US,HIF,T1IF,T1,14.2416,True,local-nvme;managed-ops-plane;support-tier;observability,Available,v2.4.0,panel,us-east-2
2026-08-22,aws,b200-sxm-180gb,B200,180GB,SXM,EFA,OnDemand,NonInterruptible,OnDemand,US-West,US,HIF,T1IF,T1,14.2416,True,local-nvme;managed-ops-plane;support-tier;observability,Available,v2.4.0,panel,us-west-2
2026-08-22,aws,b200-sxm-180gb,B200,180GB,SXM,EFA,3Y,NonInterruptible,Reserved,US-East,US,HIF,T1IF,T1,6.1524,True,local-nvme;managed-ops-plane;support-tier;observability,Available,v2.4.0,panel,us-east-1
2026-08-22,aws,b200-sxm-180gb,B200,180GB,SXM,EFA,3Y,NonInterruptible,Reserved,US-East,US,HIF,T1IF,T1,6.1524,True,local-nvme;managed-ops-plane;support-tier;observability,Available,v2.4.0,panel,us-east-2
2026-08-22,aws,b200-sxm-180gb,B200,180GB,SXM,EFA,3Y,NonInterruptible,Reserved,US-West,US,HIF,T1IF,T1,6.1524,True,local-nvme;managed-ops-plane;support-tier;observability,Available,v2.4.0,panel,us-west-2
2026-08-22,aws,b200-sxm-180gb,B200,180GB,SXM,EFA,OnDemand,Interruptible,Spot,APAC,APAC,DIF,T2IF,T1,6.0080,False,,Available,v2.4.0,panel,ap-south-1c
2026-08-22,aws,b200-sxm-180gb,B200,180GB,SXM,EFA,OnDemand,Interruptible,Spot,US-East,US,DIF,T2IF,T1,5.2362,False,,Available,v2.4.0,panel,us-east-1d
2026-08-22,aws,b200-sxm-180gb,B200,180GB,SXM,EFA,OnDemand,Interruptible,Spot,US-East,US,DIF,T2IF,T1,5.2679,False,,Available,v2.4.0,panel,us-east-2a
2026-08-22,aws,b200-sxm-180gb,B200,180GB,SXM,EFA,OnDemand,Interruptible,Spot,US-East,US,DIF,T2IF,T1,5.2450,False,,Available,v2.4.0,panel,us-east-2b
2026-08-22,aws,b200-sxm-180gb,B200,180GB,SXM,EFA,OnDemand,Interruptible,Spot,US-East,US,DIF,T2IF,T1,5.2068,False,,Available,v2.4.0,panel,us-east-2c
2026-08-22,aws,b200-sxm-180gb,B200,180GB,SXM,EFA,OnDemand,Interruptible,Spot,US-West,US,DIF,T2IF,T1,5.2013,False,,Available,v2.4.0,panel,us-west-2a
2026-08-22,aws,b200-sxm-180gb,B200,180GB,SXM,EFA,OnDemand,Interruptible,Spot,US-West,US,DIF,T2IF,T1,5.2394,False,,Available,v2.4.0,panel,us-west-2b
2026-08-22,aws,b200-sxm-180gb,B200,180GB,SXM,EFA,OnDemand,Interruptible,Spot,US-West,US,DIF,T2IF,T1,5.1507,False,,Available,v2.4.0,panel,us-west-2d
2026-08-22,aws_capacity_blocks,b200-sxm-180gb,B200,180GB,SXM,EFA,CapacityBlock,NonInterruptible,Reserved,Other,Other,HIF,T2IF,T1,12.3550,False,,Available,v2.4.0,term-panel,non-us
2026-08-22,aws_capacity_blocks,b200-sxm-180gb,B200,180GB,SXM,EFA,CapacityBlock,NonInterruptible,Reserved,US-East,US,HIF,T2IF,T1,12.3550,False,,Available,v2.4.0,term-panel,us-east-1
2026-08-22,civo,b200-sxm-180gb,B200,180GB,SXM,Unknown,1Y,NonInterruptible,Reserved,Other,Other,SIF,T2IF,T2,4.4900,False,,Available,v2.4.0,panel,
2026-08-22,civo,b200-sxm-180gb,B200,180GB,SXM,Unknown,2Y,NonInterruptible,Reserved,Other,Other,SIF,T2IF,T2,3.9900,False,,Available,v2.4.0,panel,
2026-08-22,civo,b200-sxm-180gb,B200,180GB,SXM,Unknown,3Y,NonInterruptible,Reserved,Other,Other,SIF,T2IF,T2,3.7900,False,,Available,v2.4.0,panel,
2026-08-22,cloudrift,b200-sxm-180gb,B200,180GB,SXM,,1M,NonInterruptible,Reserved,US-East,US,SIF,T2IF,T2,3.6000,False,,Available,v2.4.0,term-panel,US
2026-08-22,cloudrift,b200-sxm-180gb,B200,180GB,SXM,,3M,NonInterruptible,Reserved,US-East,US,SIF,T2IF,T2,3.2400,False,,Available,v2.4.0,term-panel,US
2026-08-22,coreweave,b200-sxm-180gb,B200,180GB,SXM,IB-NDR,OnDemand,NonInterruptible,OnDemand,EU,EU,IIF,T1IF,T2,8.6000,True,local-nvme;free-egress;support-tier;observability;managed-ops-plane,Available,v2.4.0,panel,EU
2026-08-22,coreweave,b200-sxm-180gb,B200,180GB,SXM,IB-NDR,OnDemand,NonInterruptible,OnDemand,US-East,US,IIF,T1IF,T2,8.6000,True,local-nvme;free-egress;support-tier;observability;managed-ops-plane,Available,v2.4.0,panel,US
2026-08-22,coreweave,b200-sxm-180gb,B200,180GB,SXM,IB-NDR,OnDemand,Interruptible,Spot,EU,EU,DIF,T1IF,T2,4.3588,True,local-nvme;free-egress;support-tier;observability;managed-ops-plane,Available,v2.4.0,panel,EU
2026-08-22,coreweave,b200-sxm-180gb,B200,180GB,SXM,IB-NDR,OnDemand,Interruptible,Spot,US-East,US,DIF,T1IF,T2,4.2638,True,local-nvme;free-egress;support-tier;observability;managed-ops-plane,Available,v2.4.0,panel,US
2026-08-22,datacrunch,b200-sxm-180gb,B200,180GB,SXM,IB-NDR,OnDemand,NonInterruptible,OnDemand,EU,EU,SIF,T2IF,T2,6.1100,True,local-nvme,Available,v2.4.0,panel,EU-FI
2026-08-22,datacrunch,b200-sxm-180gb,B200,180GB,SXM,IB-NDR,1M,NonInterruptible,Reserved,EU,EU,SIF,T2IF,T2,5.9878,True,local-nvme,Available,v2.4.0,panel,EU-FI
2026-08-22,datacrunch,b200-sxm-180gb,B200,180GB,SXM,IB-NDR,1Y,NonInterruptible,Reserved,EU,EU,SIF,T2IF,T2,5.6212,True,local-nvme,Available,v2.4.0,panel,EU-FI
2026-08-22,datacrunch,b200-sxm-180gb,B200,180GB,SXM,IB-NDR,2Y,NonInterruptible,Reserved,EU,EU,SIF,T2IF,T2,4.5825,True,local-nvme,Available,v2.4.0,panel,EU-FI
2026-08-22,datacrunch,b200-sxm-180gb,B200,180GB,SXM,IB-NDR,3M,NonInterruptible,Reserved,EU,EU,SIF,T2IF,T2,5.9267,True,local-nvme,Available,v2.4.0,panel,EU-FI
2026-08-22,datacrunch,b200-sxm-180gb,B200,180GB,SXM,IB-NDR,6M,NonInterruptible,Reserved,EU,EU,SIF,T2IF,T2,5.8656,True,local-nvme,Available,v2.4.0,panel,EU-FI
2026-08-22,datacrunch,b200-sxm-180gb,B200,180GB,SXM,IB-NDR,OnDemand,Interruptible,Spot,EU,EU,DIF,T2IF,T2,3.0550,True,local-nvme,Available,v2.4.0,panel,EU-FI
2026-08-22,deepinfra_gpu,b200-sxm-180gb,B200,180GB,SXM,,OnDemand,NonInterruptible,OnDemand,Other,Other,SIF,T2IF,T2,3.6900,False,,Available,v2.4.0,panel,undisclosed
2026-08-22,e2e,b200-sxm-180gb,B200,180GB,SXM,IB-NDR,OnDemand,NonInterruptible,OnDemand,APAC,APAC,IIF,T2IF,T2,6.9900,False,,Available,v2.4.0,panel,India
2026-08-22,e2e,b200-sxm-180gb,B200,180GB,SXM,IB-NDR,1M,NonInterruptible,Reserved,APAC,APAC,IIF,T2IF,T2,6.9211,False,,Available,v2.4.0,panel,India
2026-08-22,e2e,b200-sxm-180gb,B200,180GB,SXM,IB-NDR,1Y,NonInterruptible,Reserved,APAC,APAC,IIF,T2IF,T2,6.2888,False,,Available,v2.4.0,panel,India
2026-08-22,gcp,b200-sxm-180gb,B200,180GB,SXM,IB-NDR,OnDemand,NonInterruptible,OnDemand,APAC,APAC,HIF,T1IF,T1,19.3320,True,local-nvme;managed-ops-plane;support-tier;observability,Available,v2.4.0,panel,asia-southeast1
2026-08-22,gcp,b200-sxm-180gb,B200,180GB,SXM,IB-NDR,OnDemand,NonInterruptible,OnDemand,EU,EU,HIF,T1IF,T1,17.7210,True,local-nvme;managed-ops-plane;support-tier;observability,Available,v2.4.0,panel,europe-west4
2026-08-22,gcp,b200-sxm-180gb,B200,180GB,SXM,IB-NDR,OnDemand,NonInterruptible,OnDemand,US-Central,US,HIF,T1IF,T1,16.1100,True,local-nvme;managed-ops-plane;support-tier;observability,Available,v2.4.0,panel,us-central1
2026-08-22,gcp,b200-sxm-180gb,B200,180GB,SXM,IB-NDR,OnDemand,NonInterruptible,OnDemand,US-East,US,HIF,T1IF,T1,16.1100,True,local-nvme;managed-ops-plane;support-tier;observability,Available,v2.4.0,panel,us-east1
2026-08-22,gcp,b200-sxm-180gb,B200,180GB,SXM,IB-NDR,1Y,NonInterruptible,Reserved,APAC,APAC,HIF,T1IF,T1,13.3391,True,local-nvme;managed-ops-plane;support-tier;observability,Available,v2.4.0,panel,asia-northeast1
2026-08-22,gcp,b200-sxm-180gb,B200,180GB,SXM,IB-NDR,1Y,NonInterruptible,Reserved,APAC,APAC,HIF,T1IF,T1,13.3391,True,local-nvme;managed-ops-plane;support-tier;observability,Available,v2.4.0,panel,asia-southeast1
2026-08-22,gcp,b200-sxm-180gb,B200,180GB,SXM,IB-NDR,1Y,NonInterruptible,Reserved,EU,EU,HIF,T1IF,T1,12.2275,True,local-nvme;managed-ops-plane;support-tier;observability,Available,v2.4.0,panel,europe-west4
2026-08-22,gcp,b200-sxm-180gb,B200,180GB,SXM,IB-NDR,1Y,NonInterruptible,Reserved,US-Central,US,HIF,T1IF,T1,11.1159,True,local-nvme;managed-ops-plane;support-tier;observability,Available,v2.4.0,panel,us-central1
2026-08-22,gcp,b200-sxm-180gb,B200,180GB,SXM,IB-NDR,1Y,NonInterruptible,Reserved,US-East,US,HIF,T1IF,T1,11.1159,True,local-nvme;managed-ops-plane;support-tier;observability,Available,v2.4.0,panel,us-east1
2026-08-22,gcp,b200-sxm-180gb,B200,180GB,SXM,IB-NDR,1Y,NonInterruptible,Reserved,US-South,US,HIF,T1IF,T1,11.1159,True,local-nvme;managed-ops-plane;support-tier;observability,Available,v2.4.0,panel,us-south1
2026-08-22,gcp,b200-sxm-180gb,B200,180GB,SXM,IB-NDR,1Y,NonInterruptible,Reserved,US-West,US,HIF,T1IF,T1,11.1159,True,local-nvme;managed-ops-plane;support-tier;observability,Available,v2.4.0,panel,us-west1
2026-08-22,gcp,b200-sxm-180gb,B200,180GB,SXM,IB-NDR,1Y,NonInterruptible,Reserved,US-West,US,HIF,T1IF,T1,11.1159,True,local-nvme;managed-ops-plane;support-tier;observability,Available,v2.4.0,panel,us-west2
2026-08-22,gcp,b200-sxm-180gb,B200,180GB,SXM,IB-NDR,1Y,NonInterruptible,Reserved,US-West,US,HIF,T1IF,T1,11.1159,True,local-nvme;managed-ops-plane;support-tier;observability,Available,v2.4.0,panel,us-west3
2026-08-22,gcp,b200-sxm-180gb,B200,180GB,SXM,IB-NDR,1Y,NonInterruptible,Reserved,US-West,US,HIF,T1IF,T1,11.1159,True,local-nvme;managed-ops-plane;support-tier;observability,Available,v2.4.0,panel,us-west4
2026-08-22,gcp,b200-sxm-180gb,B200,180GB,SXM,IB-NDR,3Y,NonInterruptible,Reserved,APAC,APAC,HIF,T1IF,T1,8.5061,True,local-nvme;managed-ops-plane;support-tier;observability,Available,v2.4.0,panel,asia-northeast1
2026-08-22,gcp,b200-sxm-180gb,B200,180GB,SXM,IB-NDR,3Y,NonInterruptible,Reserved,APAC,APAC,HIF,T1IF,T1,8.5061,True,local-nvme;managed-ops-plane;support-tier;observability,Available,v2.4.0,panel,asia-southeast1
2026-08-22,gcp,b200-sxm-180gb,B200,180GB,SXM,IB-NDR,3Y,NonInterruptible,Reserved,EU,EU,HIF,T1IF,T1,7.7972,True,local-nvme;managed-ops-plane;support-tier;observability,Available,v2.4.0,panel,europe-west4
2026-08-22,gcp,b200-sxm-180gb,B200,180GB,SXM,IB-NDR,3Y,NonInterruptible,Reserved,US-Central,US,HIF,T1IF,T1,7.0884,True,local-nvme;managed-ops-plane;support-tier;observability,Available,v2.4.0,panel,us-central1
2026-08-22,gcp,b200-sxm-180gb,B200,180GB,SXM,IB-NDR,3Y,NonInterruptible,Reserved,US-East,US,HIF,T1IF,T1,7.0884,True,local-nvme;managed-ops-plane;support-tier;observability,Available,v2.4.0,panel,us-east1
2026-08-22,gcp,b200-sxm-180gb,B200,180GB,SXM,IB-NDR,3Y,NonInterruptible,Reserved,US-South,US,HIF,T1IF,T1,7.0884,True,local-nvme;managed-ops-plane;support-tier;observability,Available,v2.4.0,panel,us-south1
2026-08-22,gcp,b200-sxm-180gb,B200,180GB,SXM,IB-NDR,3Y,NonInterruptible,Reserved,US-West,US,HIF,T1IF,T1,7.0884,True,local-nvme;managed-ops-plane;support-tier;observability,Available,v2.4.0,panel,us-west1
2026-08-22,gcp,b200-sxm-180gb,B200,180GB,SXM,IB-NDR,3Y,NonInterruptible,Reserved,US-West,US,HIF,T1IF,T1,7.0884,True,local-nvme;managed-ops-plane;support-tier;observability,Available,v2.4.0,panel,us-west2
2026-08-22,gcp,b200-sxm-180gb,B200,180GB,SXM,IB-NDR,3Y,NonInterruptible,Reserved,US-West,US,HIF,T1IF,T1,7.0884,True,local-nvme;managed-ops-plane;support-tier;observability,Available,v2.4.0,panel,us-west3
2026-08-22,gcp,b200-sxm-180gb,B200,180GB,SXM,IB-NDR,3Y,NonInterruptible,Reserved,US-West,US,HIF,T1IF,T1,7.0884,True,local-nvme;managed-ops-plane;support-tier;observability,Available,v2.4.0,panel,us-west4
2026-08-22,gcp,b200-sxm-180gb,B200,180GB,SXM,IB-NDR,OnDemand,Interruptible,Spot,APAC,APAC,DIF,T1IF,T1,5.9316,True,local-nvme;managed-ops-plane;support-tier;observability,Available,v2.4.0,panel,asia-northeast1
2026-08-22,gcp,b200-sxm-180gb,B200,180GB,SXM,IB-NDR,OnDemand,Interruptible,Spot,APAC,APAC,DIF,T1IF,T1,4.9021,True,local-nvme;managed-ops-plane;support-tier;observability,Available,v2.4.0,panel,asia-southeast1
2026-08-22,gcp,b200-sxm-180gb,B200,180GB,SXM,IB-NDR,OnDemand,Interruptible,Spot,EU,EU,DIF,T1IF,T1,5.4373,True,local-nvme;managed-ops-plane;support-tier;observability,Available,v2.4.0,panel,europe-north1
2026-08-22,gcp,b200-sxm-180gb,B200,180GB,SXM,IB-NDR,OnDemand,Interruptible,Spot,EU,EU,DIF,T1IF,T1,2.0980,True,local-nvme;managed-ops-plane;support-tier;observability,Available,v2.4.0,panel,europe-west1
2026-08-22,gcp,b200-sxm-180gb,B200,180GB,SXM,IB-NDR,OnDemand,Interruptible,Spot,EU,EU,DIF,T1IF,T1,4.4722,True,local-nvme;managed-ops-plane;support-tier;observability,Available,v2.4.0,panel,europe-west4
2026-08-22,gcp,b200-sxm-180gb,B200,180GB,SXM,IB-NDR,OnDemand,Interruptible,Spot,US-Central,US,DIF,T1IF,T1,4.9542,True,local-nvme;managed-ops-plane;support-tier;observability,Available,v2.4.0,panel,us-central1
2026-08-22,gcp,b200-sxm-180gb,B200,180GB,SXM,IB-NDR,OnDemand,Interruptible,Spot,US-East,US,DIF,T1IF,T1,4.9542,True,local-nvme;managed-ops-plane;support-tier;observability,Available,v2.4.0,panel,us-east1
2026-08-22,gcp,b200-sxm-180gb,B200,180GB,SXM,IB-NDR,OnDemand,Interruptible,Spot,US-East,US,DIF,T1IF,T1,4.0758,True,local-nvme;managed-ops-plane;support-tier;observability,Available,v2.4.0,panel,us-east4
2026-08-22,gcp,b200-sxm-180gb,B200,180GB,SXM,IB-NDR,OnDemand,Interruptible,Spot,US-South,US,DIF,T1IF,T1,4.4936,True,local-nvme;managed-ops-plane;support-tier;observability,Available,v2.4.0,panel,us-south1
2026-08-22,gcp,b200-sxm-180gb,B200,180GB,SXM,IB-NDR,OnDemand,Interruptible,Spot,US-West,US,DIF,T1IF,T1,4.2592,True,local-nvme;managed-ops-plane;support-tier;observability,Available,v2.4.0,panel,us-west2
2026-08-22,gcp,b200-sxm-180gb,B200,180GB,SXM,IB-NDR,OnDemand,Interruptible,Spot,US-West,US,DIF,T1IF,T1,4.9430,True,local-nvme;managed-ops-plane;support-tier;observability,Available,v2.4.0,panel,us-west3
2026-08-22,gcp_cud,b200-sxm-180gb,B200,180GB,SXM,IB-NDR,1Y,NonInterruptible,Reserved,APAC,APAC,HIF,T2IF,T1,13.3391,False,,Available,v2.4.0,candidate,asia-northeast1
2026-08-22,gcp_cud,b200-sxm-180gb,B200,180GB,SXM,IB-NDR,1Y,NonInterruptible,Reserved,APAC,APAC,HIF,T2IF,T1,13.3391,False,,Available,v2.4.0,candidate,asia-southeast1
2026-08-22,gcp_cud,b200-sxm-180gb,B200,180GB,SXM,IB-NDR,1Y,NonInterruptible,Reserved,EU,EU,HIF,T2IF,T1,12.2275,False,,Available,v2.4.0,candidate,europe-west4
2026-08-22,gcp_cud,b200-sxm-180gb,B200,180GB,SXM,IB-NDR,1Y,NonInterruptible,Reserved,US-Central,US,HIF,T2IF,T1,11.1159,False,,Available,v2.4.0,candidate,us-central1
2026-08-22,gcp_cud,b200-sxm-180gb,B200,180GB,SXM,IB-NDR,1Y,NonInterruptible,Reserved,US-East,US,HIF,T2IF,T1,11.1159,False,,Available,v2.4.0,candidate,us-east1
2026-08-22,gcp_cud,b200-sxm-180gb,B200,180GB,SXM,IB-NDR,1Y,NonInterruptible,Reserved,US-South,US,HIF,T2IF,T1,11.1159,False,,Available,v2.4.0,candidate,us-south1
2026-08-22,gcp_cud,b200-sxm-180gb,B200,180GB,SXM,IB-NDR,1Y,NonInterruptible,Reserved,US-West,US,HIF,T2IF,T1,11.1159,False,,Available,v2.4.0,candidate,us-west1
2026-08-22,gcp_cud,b200-sxm-180gb,B200,180GB,SXM,IB-NDR,1Y,NonInterruptible,Reserved,US-West,US,HIF,T2IF,T1,11.1159,False,,Available,v2.4.0,candidate,us-west2
2026-08-22,gcp_cud,b200-sxm-180gb,B200,180GB,SXM,IB-NDR,1Y,NonInterruptible,Reserved,US-West,US,HIF,T2IF,T1,11.1159,False,,Available,v2.4.0,candidate,us-west3
2026-08-22,gcp_cud,b200-sxm-180gb,B200,180GB,SXM,IB-NDR,1Y,NonInterruptible,Reserved,US-West,US,HIF,T2IF,T1,11.1159,False,,Available,v2.4.0,candidate,us-west4
2026-08-22,gcp_cud,b200-sxm-180gb,B200,180GB,SXM,IB-NDR,3Y,NonInterruptible,Reserved,APAC,APAC,HIF,T2IF,T1,8.5061,False,,Available,v2.4.0,candidate,asia-northeast1
2026-08-22,gcp_cud,b200-sxm-180gb,B200,180GB,SXM,IB-NDR,3Y,NonInterruptible,Reserved,APAC,APAC,HIF,T2IF,T1,8.5061,False,,Available,v2.4.0,candidate,asia-southeast1
2026-08-22,gcp_cud,b200-sxm-180gb,B200,180GB,SXM,IB-NDR,3Y,NonInterruptible,Reserved,EU,EU,HIF,T2IF,T1,7.7972,False,,Available,v2.4.0,candidate,europe-west4
2026-08-22,gcp_cud,b200-sxm-180gb,B200,180GB,SXM,IB-NDR,3Y,NonInterruptible,Reserved,US-Central,US,HIF,T2IF,T1,7.0884,False,,Available,v2.4.0,candidate,us-central1
2026-08-22,gcp_cud,b200-sxm-180gb,B200,180GB,SXM,IB-NDR,3Y,NonInterruptible,Reserved,US-East,US,HIF,T2IF,T1,7.0884,False,,Available,v2.4.0,candidate,us-east1
2026-08-22,gcp_cud,b200-sxm-180gb,B200,180GB,SXM,IB-NDR,3Y,NonInterruptible,Reserved,US-South,US,HIF,T2IF,T1,7.0884,False,,Available,v2.4.0,candidate,us-south1
2026-08-22,gcp_cud,b200-sxm-180gb,B200,180GB,SXM,IB-NDR,3Y,NonInterruptible,Reserved,US-West,US,HIF,T2IF,T1,7.0884,False,,Available,v2.4.0,candidate,us-west1
2026-08-22,gcp_cud,b200-sxm-180gb,B200,180GB,SXM,IB-NDR,3Y,NonInterruptible,Reserved,US-West,US,HIF,T2IF,T1,7.0884,False,,Available,v2.4.0,candidate,us-west2
2026-08-22,gcp_cud,b200-sxm-180gb,B200,180GB,SXM,IB-NDR,3Y,NonInterruptible,Reserved,US-West,US,HIF,T2IF,T1,7.0884,False,,Available,v2.4.0,candidate,us-west3
2026-08-22,gcp_cud,b200-sxm-180gb,B200,180GB,SXM,IB-NDR,3Y,NonInterruptible,Reserved,US-West,US,HIF,T2IF,T1,7.0884,False,,Available,v2.4.0,candidate,us-west4
2026-08-22,gcp_dws,b200-sxm-180gb,B200,180GB,SXM,IB-NDR,FlexStart,NonInterruptible,Reserved,US-Central,US,HIF,T2IF,T1,8.0550,False,,Available,v2.4.0,term-panel,us-central1
2026-08-22,gmi_cloud,b200-sxm-180gb,B200,180GB,SXM,IB-NDR,OnDemand,NonInterruptible,OnDemand,US-East,US,IIF,T2IF,T2,4.0000,False,,Available,v2.4.0,candidate,US
2026-08-22,hyperstack,b200-sxm-180gb,B200,180GB,SXM,IB-NDR,OnDemand,NonInterruptible,OnDemand,Other,Other,SIF,T2IF,T2,6.0000,True,local-nvme,Available,v2.4.0,panel,Multi
2026-08-22,hyperstack,b200-sxm-180gb,B200,180GB,SXM,IB-NDR,6M,NonInterruptible,Reserved,Other,Other,SIF,T2IF,T2,5.1000,True,local-nvme,Available,v2.4.0,panel,Multi
2026-08-22,koyeb,b200-sxm-180gb,B200,180GB,SXM,Unknown,OnDemand,NonInterruptible,OnDemand,Other,Other,SIF,T2IF,T2,5.5000,False,,Available,v2.4.0,candidate,Multi
2026-08-22,lambda,b200-sxm-180gb,B200,180GB,SXM,IB-NDR,OnDemand,NonInterruptible,OnDemand,US-East,US,IIF,T2IF,T2,6.6900,True,local-nvme,SoldOut,v2.4.0,panel,US
2026-08-22,lambda,b200-sxm-180gb,B200,180GB,SXM,IB-NDR,ReservedBand,NonInterruptible,Reserved,US-East,US,IIF,T2IF,T2,9.8600,True,local-nvme,Available,v2.4.0,panel,US
2026-08-22,massed_compute,b200-sxm-180gb,B200,180GB,SXM,Unknown,OnDemand,NonInterruptible,OnDemand,US-East,US,DIF,T3IF,T3,5.4325,False,,Available,v2.4.0,panel,US
2026-08-22,nebius,b200-sxm-180gb,B200,180GB,SXM,IB-NDR,OnDemand,NonInterruptible,OnDemand,Other,Other,IIF,T1IF,T2,7.1500,True,observability;managed-ops-plane;free-egress,Available,v2.4.0,panel,
2026-08-22,nebius,b200-sxm-180gb,B200,180GB,SXM,IB-NDR,OnDemand,Interruptible,Spot,Other,Other,DIF,T1IF,T2,3.9500,True,observability;managed-ops-plane;free-egress,Available,v2.4.0,panel,
2026-08-22,oci,b200-sxm-180gb,B200,180GB,SXM,RoCE-v2,OnDemand,NonInterruptible,OnDemand,US-East,US,HIF,T1IF,T1,14.0000,True,local-nvme;egress-capped;managed-ops-plane;support-tier;observability,Available,v2.4.0,panel,us-ashburn-1
2026-08-22,qubrid,b200-sxm-180gb,B200,180GB,SXM,Unknown,1Y,NonInterruptible,Reserved,Other,Other,SIF,T2IF,T2,4.2500,False,,Available,v2.4.0,panel,
2026-08-22,runpod_community,b200-sxm-180gb,B200,180GB,SXM,Unknown,OnDemand,NonInterruptible,OnDemand,Other,Other,DIF,T3IF,T3,5.9800,False,,SoldOut,v2.4.0,panel,Global
2026-08-22,runpod_secure,b200-sxm-180gb,B200,180GB,SXM,IB-NDR,OnDemand,NonInterruptible,OnDemand,Other,Other,DIF,T2IF,T3,6.7900,True,local-nvme,Available,v2.4.0,panel,Global
2026-08-22,runpod_secure,b200-sxm-180gb,B200,180GB,SXM,IB-NDR,1Y,NonInterruptible,Reserved,Other,Other,DIF,T2IF,T3,6.7900,True,local-nvme,Available,v2.4.0,panel,Global
2026-08-22,runpod_secure,b200-sxm-180gb,B200,180GB,SXM,IB-NDR,3M,NonInterruptible,Reserved,Other,Other,DIF,T2IF,T3,6.7900,True,local-nvme,Available,v2.4.0,panel,Global
2026-08-22,runpod_secure,b200-sxm-180gb,B200,180GB,SXM,IB-NDR,6M,NonInterruptible,Reserved,Other,Other,DIF,T2IF,T3,6.7900,True,local-nvme,Available,v2.4.0,panel,Global
2026-08-22,shakti_cloud,b200-sxm-180gb,B200,180GB,SXM,IB-Unspecified,1M,NonInterruptible,Reserved,APAC,APAC,SIF,T2IF,T2,4.9425,False,,Available,v2.4.0,panel,IN
2026-08-22,spheron,b200-sxm-180gb,B200,180GB,SXM,Unknown,OnDemand,NonInterruptible,OnDemand,US-Central,US,DIF,T3IF,T3,9.3600,False,,Available,v2.4.0,panel,us-central-1
2026-08-22,spheron,b200-sxm-180gb,B200,180GB,SXM,Unknown,OnDemand,Interruptible,Spot,Other,Other,DIF,T3IF,T3,5.3376,False,,Available,v2.4.0,panel,me-west-1
2026-08-22,spheron,b200-sxm-180gb,B200,180GB,SXM,Unknown,OnDemand,Interruptible,Spot,US-Central,US,DIF,T3IF,T3,5.3376,False,,Available,v2.4.0,panel,us-central-1
2026-08-22,together,b200-sxm-180gb,B200,180GB,SXM,IB-NDR,OnDemand,NonInterruptible,OnDemand,US-East,US,SIF,T1IF,T2,8.1900,True,local-nvme;support-tier;observability;managed-ops-plane,Available,v2.4.0,panel,US
2026-08-22,together,b200-sxm-180gb,B200,180GB,SXM,IB-NDR,1M,NonInterruptible,Reserved,US-East,US,SIF,T1IF,T2,7.9900,True,local-nvme;support-tier;observability;managed-ops-plane,Available,v2.4.0,panel,US
2026-08-22,together,b200-sxm-180gb,B200,180GB,SXM,IB-NDR,3M,NonInterruptible,Reserved,US-East,US,SIF,T1IF,T2,7.7900,True,local-nvme;support-tier;observability;managed-ops-plane,Available,v2.4.0,panel,US
2026-08-22,together,b200-sxm-180gb,B200,180GB,SXM,IB-NDR,6M,NonInterruptible,Reserved,US-East,US,SIF,T1IF,T2,6.7900,True,local-nvme;support-tier;observability;managed-ops-plane,Available,v2.4.0,panel,US
2026-08-22,upcloud,b200-sxm-180gb,B200,180GB,SXM,Unknown,OnDemand,NonInterruptible,OnDemand,EU,EU,SIF,T2IF,T2,5.2646,False,,Available,v2.4.0,panel,EU-FI
2026-08-22,upcloud,b200-sxm-180gb,B200,180GB,SXM,Unknown,OnDemand,Interruptible,Spot,EU,EU,DIF,T2IF,T2,3.9484,False,,Available,v2.4.0,panel,EU-FI
2026-08-22,vast_ai,b200-sxm-180gb,B200,180GB,SXM,IB-NDR,OnDemand,NonInterruptible,OnDemand,US-East,US,DIF,T3IF,T3,7.2500,True,local-nvme,Available,v2.4.0,marketplace,", US"
2026-08-22,vast_ai,b200-sxm-180gb,B200,180GB,SXM,IB-NDR,OnDemand,NonInterruptible,OnDemand,APAC,APAC,DIF,T3IF,T3,3.9900,True,local-nvme,Available,v2.4.0,marketplace,"AUSTRALIA, AU"
2026-08-22,vast_ai,b200-sxm-180gb,B200,180GB,SXM,IB-NDR,OnDemand,NonInterruptible,OnDemand,Other,Other,DIF,T3IF,T3,5.1250,True,local-nvme,Available,v2.4.0,marketplace,"MEXICO, MX"
2026-08-22,vast_ai,b200-sxm-180gb,B200,180GB,SXM,IB-NDR,OnDemand,NonInterruptible,OnDemand,US-Central,US,DIF,T3IF,T3,7.2500,True,local-nvme,Available,v2.4.0,marketplace,"OHIO, US"
2026-08-22,vast_ai,b200-sxm-180gb,B200,180GB,SXM,IB-NDR,OnDemand,NonInterruptible,OnDemand,US-East,US,DIF,T3IF,T3,4.6250,True,local-nvme,Available,v2.4.0,marketplace,"VIRGINIA, US"
2026-08-22,vultr,b200-sxm-180gb,B200,180GB,SXM,Unknown,OnDemand,NonInterruptible,OnDemand,Other,Other,SIF,T2IF,T2,8.5000,False,,SoldOut,v2.4.0,panel,Multi
2026-08-22,vultr,b200-sxm-180gb,B200,180GB,SXM,Unknown,OnDemand,Interruptible,Spot,Other,Other,DIF,T2IF,T2,3.2000,False,,SoldOut,v2.4.0,panel,Multi
2026-08-23,aws,b200-sxm-180gb,B200,180GB,SXM,EFA,OnDemand,NonInterruptible,OnDemand,APAC,APAC,HIF,T1IF,T1,20.0807,True,local-nvme;managed-ops-plane;support-tier;observability,Available,v2.4.0,panel,ap-south-1
2026-08-23,aws,b200-sxm-180gb,B200,180GB,SXM,EFA,OnDemand,NonInterruptible,OnDemand,US-East,US,HIF,T1IF,T1,14.2416,True,local-nvme;managed-ops-plane;support-tier;observability,Available,v2.4.0,panel,us-east-1
2026-08-23,aws,b200-sxm-180gb,B200,180GB,SXM,EFA,OnDemand,NonInterruptible,OnDemand,US-East,US,HIF,T1IF,T1,14.2416,True,local-nvme;managed-ops-plane;support-tier;observability,Available,v2.4.0,panel,us-east-2
2026-08-23,aws,b200-sxm-180gb,B200,180GB,SXM,EFA,OnDemand,NonInterruptible,OnDemand,US-West,US,HIF,T1IF,T1,14.2416,True,local-nvme;managed-ops-plane;support-tier;observability,Available,v2.4.0,panel,us-west-2
2026-08-23,aws,b200-sxm-180gb,B200,180GB,SXM,EFA,3Y,NonInterruptible,Reserved,US-East,US,HIF,T1IF,T1,6.1524,True,local-nvme;managed-ops-plane;support-tier;observability,Available,v2.4.0,panel,us-east-1
2026-08-23,aws,b200-sxm-180gb,B200,180GB,SXM,EFA,3Y,NonInterruptible,Reserved,US-East,US,HIF,T1IF,T1,6.1524,True,local-nvme;managed-ops-plane;support-tier;observability,Available,v2.4.0,panel,us-east-2
2026-08-23,aws,b200-sxm-180gb,B200,180GB,SXM,EFA,3Y,NonInterruptible,Reserved,US-West,US,HIF,T1IF,T1,6.1524,True,local-nvme;managed-ops-plane;support-tier;observability,Available,v2.4.0,panel,us-west-2
2026-08-23,aws,b200-sxm-180gb,B200,180GB,SXM,EFA,OnDemand,Interruptible,Spot,APAC,APAC,DIF,T2IF,T1,5.9827,False,,Available,v2.4.0,panel,ap-south-1c
2026-08-23,aws,b200-sxm-180gb,B200,180GB,SXM,EFA,OnDemand,Interruptible,Spot,US-East,US,DIF,T2IF,T1,5.2314,False,,Available,v2.4.0,panel,us-east-1d
2026-08-23,aws,b200-sxm-180gb,B200,180GB,SXM,EFA,OnDemand,Interruptible,Spot,US-East,US,DIF,T2IF,T1,5.2607,False,,Available,v2.4.0,panel,us-east-2a
2026-08-23,aws,b200-sxm-180gb,B200,180GB,SXM,EFA,OnDemand,Interruptible,Spot,US-East,US,DIF,T2IF,T1,5.2393,False,,Available,v2.4.0,panel,us-east-2b
2026-08-23,aws,b200-sxm-180gb,B200,180GB,SXM,EFA,OnDemand,Interruptible,Spot,US-East,US,DIF,T2IF,T1,5.2107,False,,Available,v2.4.0,panel,us-east-2c
2026-08-23,aws,b200-sxm-180gb,B200,180GB,SXM,EFA,OnDemand,Interruptible,Spot,US-West,US,DIF,T2IF,T1,5.1905,False,,Available,v2.4.0,panel,us-west-2a
2026-08-23,aws,b200-sxm-180gb,B200,180GB,SXM,EFA,OnDemand,Interruptible,Spot,US-West,US,DIF,T2IF,T1,5.2341,False,,Available,v2.4.0,panel,us-west-2b
2026-08-23,aws,b200-sxm-180gb,B200,180GB,SXM,EFA,OnDemand,Interruptible,Spot,US-West,US,DIF,T2IF,T1,5.1506,False,,Available,v2.4.0,panel,us-west-2d
2026-08-23,aws_capacity_blocks,b200-sxm-180gb,B200,180GB,SXM,EFA,CapacityBlock,NonInterruptible,Reserved,Other,Other,HIF,T2IF,T1,12.3550,False,,Available,v2.4.0,term-panel,non-us
2026-08-23,aws_capacity_blocks,b200-sxm-180gb,B200,180GB,SXM,EFA,CapacityBlock,NonInterruptible,Reserved,US-East,US,HIF,T2IF,T1,12.3550,False,,Available,v2.4.0,term-panel,us-east-1
2026-08-23,civo,b200-sxm-180gb,B200,180GB,SXM,Unknown,1Y,NonInterruptible,Reserved,Other,Other,SIF,T2IF,T2,4.4900,False,,Available,v2.4.0,panel,
2026-08-23,civo,b200-sxm-180gb,B200,180GB,SXM,Unknown,2Y,NonInterruptible,Reserved,Other,Other,SIF,T2IF,T2,3.9900,False,,Available,v2.4.0,panel,
2026-08-23,civo,b200-sxm-180gb,B200,180GB,SXM,Unknown,3Y,NonInterruptible,Reserved,Other,Other,SIF,T2IF,T2,3.7900,False,,Available,v2.4.0,panel,
2026-08-23,cloudrift,b200-sxm-180gb,B200,180GB,SXM,,1M,NonInterruptible,Reserved,US-East,US,SIF,T2IF,T2,3.6000,False,,Available,v2.4.0,term-panel,US
2026-08-23,cloudrift,b200-sxm-180gb,B200,180GB,SXM,,3M,NonInterruptible,Reserved,US-East,US,SIF,T2IF,T2,3.2400,False,,Available,v2.4.0,term-panel,US
2026-08-23,coreweave,b200-sxm-180gb,B200,180GB,SXM,IB-NDR,OnDemand,NonInterruptible,OnDemand,EU,EU,IIF,T1IF,T2,8.6000,True,local-nvme;free-egress;support-tier;observability;managed-ops-plane,Available,v2.4.0,panel,EU
2026-08-23,coreweave,b200-sxm-180gb,B200,180GB,SXM,IB-NDR,OnDemand,NonInterruptible,OnDemand,US-East,US,IIF,T1IF,T2,8.6000,True,local-nvme;free-egress;support-tier;observability;managed-ops-plane,Available,v2.4.0,panel,US
2026-08-23,coreweave,b200-sxm-180gb,B200,180GB,SXM,IB-NDR,OnDemand,Interruptible,Spot,EU,EU,DIF,T1IF,T2,4.3588,True,local-nvme;free-egress;support-tier;observability;managed-ops-plane,Available,v2.4.0,panel,EU
2026-08-23,coreweave,b200-sxm-180gb,B200,180GB,SXM,IB-NDR,OnDemand,Interruptible,Spot,US-East,US,DIF,T1IF,T2,4.2638,True,local-nvme;free-egress;support-tier;observability;managed-ops-plane,Available,v2.4.0,panel,US
2026-08-23,datacrunch,b200-sxm-180gb,B200,180GB,SXM,IB-NDR,OnDemand,NonInterruptible,OnDemand,EU,EU,SIF,T2IF,T2,6.1100,True,local-nvme,Available,v2.4.0,panel,EU-FI
2026-08-23,datacrunch,b200-sxm-180gb,B200,180GB,SXM,IB-NDR,1M,NonInterruptible,Reserved,EU,EU,SIF,T2IF,T2,5.9878,True,local-nvme,Available,v2.4.0,panel,EU-FI
2026-08-23,datacrunch,b200-sxm-180gb,B200,180GB,SXM,IB-NDR,1Y,NonInterruptible,Reserved,EU,EU,SIF,T2IF,T2,5.6212,True,local-nvme,Available,v2.4.0,panel,EU-FI
2026-08-23,datacrunch,b200-sxm-180gb,B200,180GB,SXM,IB-NDR,2Y,NonInterruptible,Reserved,EU,EU,SIF,T2IF,T2,4.5825,True,local-nvme,Available,v2.4.0,panel,EU-FI
2026-08-23,datacrunch,b200-sxm-180gb,B200,180GB,SXM,IB-NDR,3M,NonInterruptible,Reserved,EU,EU,SIF,T2IF,T2,5.9267,True,local-nvme,Available,v2.4.0,panel,EU-FI
2026-08-23,datacrunch,b200-sxm-180gb,B200,180GB,SXM,IB-NDR,6M,NonInterruptible,Reserved,EU,EU,SIF,T2IF,T2,5.8656,True,local-nvme,Available,v2.4.0,panel,EU-FI
2026-08-23,datacrunch,b200-sxm-180gb,B200,180GB,SXM,IB-NDR,OnDemand,Interruptible,Spot,EU,EU,DIF,T2IF,T2,3.0550,True,local-nvme,Available,v2.4.0,panel,EU-FI
2026-08-23,deepinfra_gpu,b200-sxm-180gb,B200,180GB,SXM,,OnDemand,NonInterruptible,OnDemand,Other,Other,SIF,T2IF,T2,3.6900,False,,Available,v2.4.0,panel,undisclosed
2026-08-23,e2e,b200-sxm-180gb,B200,180GB,SXM,IB-NDR,OnDemand,NonInterruptible,OnDemand,APAC,APAC,IIF,T2IF,T2,6.9900,False,,Available,v2.4.0,panel,India
2026-08-23,e2e,b200-sxm-180gb,B200,180GB,SXM,IB-NDR,1M,NonInterruptible,Reserved,APAC,APAC,IIF,T2IF,T2,6.9211,False,,Available,v2.4.0,panel,India
2026-08-23,e2e,b200-sxm-180gb,B200,180GB,SXM,IB-NDR,1Y,NonInterruptible,Reserved,APAC,APAC,IIF,T2IF,T2,6.2888,False,,Available,v2.4.0,panel,India
2026-08-23,gcp,b200-sxm-180gb,B200,180GB,SXM,IB-NDR,OnDemand,NonInterruptible,OnDemand,APAC,APAC,HIF,T1IF,T1,19.3320,True,local-nvme;managed-ops-plane;support-tier;observability,Available,v2.4.0,panel,asia-southeast1
2026-08-23,gcp,b200-sxm-180gb,B200,180GB,SXM,IB-NDR,OnDemand,NonInterruptible,OnDemand,EU,EU,HIF,T1IF,T1,17.7210,True,local-nvme;managed-ops-plane;support-tier;observability,Available,v2.4.0,panel,europe-west4
2026-08-23,gcp,b200-sxm-180gb,B200,180GB,SXM,IB-NDR,OnDemand,NonInterruptible,OnDemand,US-Central,US,HIF,T1IF,T1,16.1100,True,local-nvme;managed-ops-plane;support-tier;observability,Available,v2.4.0,panel,us-central1
2026-08-23,gcp,b200-sxm-180gb,B200,180GB,SXM,IB-NDR,OnDemand,NonInterruptible,OnDemand,US-East,US,HIF,T1IF,T1,16.1100,True,local-nvme;managed-ops-plane;support-tier;observability,Available,v2.4.0,panel,us-east1
2026-08-23,gcp,b200-sxm-180gb,B200,180GB,SXM,IB-NDR,1Y,NonInterruptible,Reserved,APAC,APAC,HIF,T1IF,T1,13.3391,True,local-nvme;managed-ops-plane;support-tier;observability,Available,v2.4.0,panel,asia-northeast1
2026-08-23,gcp,b200-sxm-180gb,B200,180GB,SXM,IB-NDR,1Y,NonInterruptible,Reserved,APAC,APAC,HIF,T1IF,T1,13.3391,True,local-nvme;managed-ops-plane;support-tier;observability,Available,v2.4.0,panel,asia-southeast1
2026-08-23,gcp,b200-sxm-180gb,B200,180GB,SXM,IB-NDR,1Y,NonInterruptible,Reserved,EU,EU,HIF,T1IF,T1,12.2275,True,local-nvme;managed-ops-plane;support-tier;observability,Available,v2.4.0,panel,europe-west4
2026-08-23,gcp,b200-sxm-180gb,B200,180GB,SXM,IB-NDR,1Y,NonInterruptible,Reserved,US-Central,US,HIF,T1IF,T1,11.1159,True,local-nvme;managed-ops-plane;support-tier;observability,Available,v2.4.0,panel,us-central1
2026-08-23,gcp,b200-sxm-180gb,B200,180GB,SXM,IB-NDR,1Y,NonInterruptible,Reserved,US-East,US,HIF,T1IF,T1,11.1159,True,local-nvme;managed-ops-plane;support-tier;observability,Available,v2.4.0,panel,us-east1
2026-08-23,gcp,b200-sxm-180gb,B200,180GB,SXM,IB-NDR,1Y,NonInterruptible,Reserved,US-South,US,HIF,T1IF,T1,11.1159,True,local-nvme;managed-ops-plane;support-tier;observability,Available,v2.4.0,panel,us-south1
2026-08-23,gcp,b200-sxm-180gb,B200,180GB,SXM,IB-NDR,1Y,NonInterruptible,Reserved,US-West,US,HIF,T1IF,T1,11.1159,True,local-nvme;managed-ops-plane;support-tier;observability,Available,v2.4.0,panel,us-west1
2026-08-23,gcp,b200-sxm-180gb,B200,180GB,SXM,IB-NDR,1Y,NonInterruptible,Reserved,US-West,US,HIF,T1IF,T1,11.1159,True,local-nvme;managed-ops-plane;support-tier;observability,Available,v2.4.0,panel,us-west2
2026-08-23,gcp,b200-sxm-180gb,B200,180GB,SXM,IB-NDR,1Y,NonInterruptible,Reserved,US-West,US,HIF,T1IF,T1,11.1159,True,local-nvme;managed-ops-plane;support-tier;observability,Available,v2.4.0,panel,us-west3
2026-08-23,gcp,b200-sxm-180gb,B200,180GB,SXM,IB-NDR,1Y,NonInterruptible,Reserved,US-West,US,HIF,T1IF,T1,11.1159,True,local-nvme;managed-ops-plane;support-tier;observability,Available,v2.4.0,panel,us-west4
2026-08-23,gcp,b200-sxm-180gb,B200,180GB,SXM,IB-NDR,3Y,NonInterruptible,Reserved,APAC,APAC,HIF,T1IF,T1,8.5061,True,local-nvme;managed-ops-plane;support-tier;observability,Available,v2.4.0,panel,asia-northeast1
2026-08-23,gcp,b200-sxm-180gb,B200,180GB,SXM,IB-NDR,3Y,NonInterruptible,Reserved,APAC,APAC,HIF,T1IF,T1,8.5061,True,local-nvme;managed-ops-plane;support-tier;observability,Available,v2.4.0,panel,asia-southeast1
2026-08-23,gcp,b200-sxm-180gb,B200,180GB,SXM,IB-NDR,3Y,NonInterruptible,Reserved,EU,EU,HIF,T1IF,T1,7.7972,True,local-nvme;managed-ops-plane;support-tier;observability,Available,v2.4.0,panel,europe-west4
2026-08-23,gcp,b200-sxm-180gb,B200,180GB,SXM,IB-NDR,3Y,NonInterruptible,Reserved,US-Central,US,HIF,T1IF,T1,7.0884,True,local-nvme;managed-ops-plane;support-tier;observability,Available,v2.4.0,panel,us-central1
2026-08-23,gcp,b200-sxm-180gb,B200,180GB,SXM,IB-NDR,3Y,NonInterruptible,Reserved,US-East,US,HIF,T1IF,T1,7.0884,True,local-nvme;managed-ops-plane;support-tier;observability,Available,v2.4.0,panel,us-east1
2026-08-23,gcp,b200-sxm-180gb,B200,180GB,SXM,IB-NDR,3Y,NonInterruptible,Reserved,US-South,US,HIF,T1IF,T1,7.0884,True,local-nvme;managed-ops-plane;support-tier;observability,Available,v2.4.0,panel,us-south1
2026-08-23,gcp,b200-sxm-180gb,B200,180GB,SXM,IB-NDR,3Y,NonInterruptible,Reserved,US-West,US,HIF,T1IF,T1,7.0884,True,local-nvme;managed-ops-plane;support-tier;observability,Available,v2.4.0,panel,us-west1
2026-08-23,gcp,b200-sxm-180gb,B200,180GB,SXM,IB-NDR,3Y,NonInterruptible,Reserved,US-West,US,HIF,T1IF,T1,7.0884,True,local-nvme;managed-ops-plane;support-tier;observability,Available,v2.4.0,panel,us-west2
2026-08-23,gcp,b200-sxm-180gb,B200,180GB,SXM,IB-NDR,3Y,NonInterruptible,Reserved,US-West,US,HIF,T1IF,T1,7.0884,True,local-nvme;managed-ops-plane;support-tier;observability,Available,v2.4.0,panel,us-west3
2026-08-23,gcp,b200-sxm-180gb,B200,180GB,SXM,IB-NDR,3Y,NonInterruptible,Reserved,US-West,US,HIF,T1IF,T1,7.0884,True,local-nvme;managed-ops-plane;support-tier;observability,Available,v2.4.0,panel,us-west4
2026-08-23,gcp,b200-sxm-180gb,B200,180GB,SXM,IB-NDR,OnDemand,Interruptible,Spot,APAC,APAC,DIF,T1IF,T1,5.9316,True,local-nvme;managed-ops-plane;support-tier;observability,Available,v2.4.0,panel,asia-northeast1
2026-08-23,gcp,b200-sxm-180gb,B200,180GB,SXM,IB-NDR,OnDemand,Interruptible,Spot,APAC,APAC,DIF,T1IF,T1,4.9021,True,local-nvme;managed-ops-plane;support-tier;observability,Available,v2.4.0,panel,asia-southeast1
2026-08-23,gcp,b200-sxm-180gb,B200,180GB,SXM,IB-NDR,OnDemand,Interruptible,Spot,EU,EU,DIF,T1IF,T1,5.4373,True,local-nvme;managed-ops-plane;support-tier;observability,Available,v2.4.0,panel,europe-north1
2026-08-23,gcp,b200-sxm-180gb,B200,180GB,SXM,IB-NDR,OnDemand,Interruptible,Spot,EU,EU,DIF,T1IF,T1,2.0980,True,local-nvme;managed-ops-plane;support-tier;observability,Available,v2.4.0,panel,europe-west1
2026-08-23,gcp,b200-sxm-180gb,B200,180GB,SXM,IB-NDR,OnDemand,Interruptible,Spot,EU,EU,DIF,T1IF,T1,4.4722,True,local-nvme;managed-ops-plane;support-tier;observability,Available,v2.4.0,panel,europe-west4
2026-08-23,gcp,b200-sxm-180gb,B200,180GB,SXM,IB-NDR,OnDemand,Interruptible,Spot,US-Central,US,DIF,T1IF,T1,4.9542,True,local-nvme;managed-ops-plane;support-tier;observability,Available,v2.4.0,panel,us-central1
2026-08-23,gcp,b200-sxm-180gb,B200,180GB,SXM,IB-NDR,OnDemand,Interruptible,Spot,US-East,US,DIF,T1IF,T1,4.9542,True,local-nvme;managed-ops-plane;support-tier;observability,Available,v2.4.0,panel,us-east1
2026-08-23,gcp,b200-sxm-180gb,B200,180GB,SXM,IB-NDR,OnDemand,Interruptible,Spot,US-East,US,DIF,T1IF,T1,4.0758,True,local-nvme;managed-ops-plane;support-tier;observability,Available,v2.4.0,panel,us-east4
2026-08-23,gcp,b200-sxm-180gb,B200,180GB,SXM,IB-NDR,OnDemand,Interruptible,Spot,US-South,US,DIF,T1IF,T1,4.4936,True,local-nvme;managed-ops-plane;support-tier;observability,Available,v2.4.0,panel,us-south1
2026-08-23,gcp,b200-sxm-180gb,B200,180GB,SXM,IB-NDR,OnDemand,Interruptible,Spot,US-West,US,DIF,T1IF,T1,4.2592,True,local-nvme;managed-ops-plane;support-tier;observability,Available,v2.4.0,panel,us-west2
2026-08-23,gcp,b200-sxm-180gb,B200,180GB,SXM,IB-NDR,OnDemand,Interruptible,Spot,US-West,US,DIF,T1IF,T1,4.9430,True,local-nvme;managed-ops-plane;support-tier;observability,Available,v2.4.0,panel,us-west3
2026-08-23,gcp_cud,b200-sxm-180gb,B200,180GB,SXM,IB-NDR,1Y,NonInterruptible,Reserved,APAC,APAC,HIF,T2IF,T1,13.3391,False,,Available,v2.4.0,candidate,asia-northeast1
2026-08-23,gcp_cud,b200-sxm-180gb,B200,180GB,SXM,IB-NDR,1Y,NonInterruptible,Reserved,APAC,APAC,HIF,T2IF,T1,13.3391,False,,Available,v2.4.0,candidate,asia-southeast1
2026-08-23,gcp_cud,b200-sxm-180gb,B200,180GB,SXM,IB-NDR,1Y,NonInterruptible,Reserved,EU,EU,HIF,T2IF,T1,12.2275,False,,Available,v2.4.0,candidate,europe-west4
2026-08-23,gcp_cud,b200-sxm-180gb,B200,180GB,SXM,IB-NDR,1Y,NonInterruptible,Reserved,US-Central,US,HIF,T2IF,T1,11.1159,False,,Available,v2.4.0,candidate,us-central1
2026-08-23,gcp_cud,b200-sxm-180gb,B200,180GB,SXM,IB-NDR,1Y,NonInterruptible,Reserved,US-East,US,HIF,T2IF,T1,11.1159,False,,Available,v2.4.0,candidate,us-east1
2026-08-23,gcp_cud,b200-sxm-180gb,B200,180GB,SXM,IB-NDR,1Y,NonInterruptible,Reserved,US-South,US,HIF,T2IF,T1,11.1159,False,,Available,v2.4.0,candidate,us-south1
2026-08-23,gcp_cud,b200-sxm-180gb,B200,180GB,SXM,IB-NDR,1Y,NonInterruptible,Reserved,US-West,US,HIF,T2IF,T1,11.1159,False,,Available,v2.4.0,candidate,us-west1
2026-08-23,gcp_cud,b200-sxm-180gb,B200,180GB,SXM,IB-NDR,1Y,NonInterruptible,Reserved,US-West,US,HIF,T2IF,T1,11.1159,False,,Available,v2.4.0,candidate,us-west2
2026-08-23,gcp_cud,b200-sxm-180gb,B200,180GB,SXM,IB-NDR,1Y,NonInterruptible,Reserved,US-West,US,HIF,T2IF,T1,11.1159,False,,Available,v2.4.0,candidate,us-west3
2026-08-23,gcp_cud,b200-sxm-180gb,B200,180GB,SXM,IB-NDR,1Y,NonInterruptible,Reserved,US-West,US,HIF,T2IF,T1,11.1159,False,,Available,v2.4.0,candidate,us-west4
2026-08-23,gcp_cud,b200-sxm-180gb,B200,180GB,SXM,IB-NDR,3Y,NonInterruptible,Reserved,APAC,APAC,HIF,T2IF,T1,8.5061,False,,Available,v2.4.0,candidate,asia-northeast1
2026-08-23,gcp_cud,b200-sxm-180gb,B200,180GB,SXM,IB-NDR,3Y,NonInterruptible,Reserved,APAC,APAC,HIF,T2IF,T1,8.5061,False,,Available,v2.4.0,candidate,asia-southeast1
2026-08-23,gcp_cud,b200-sxm-180gb,B200,180GB,SXM,IB-NDR,3Y,NonInterruptible,Reserved,EU,EU,HIF,T2IF,T1,7.7972,False,,Available,v2.4.0,candidate,europe-west4
2026-08-23,gcp_cud,b200-sxm-180gb,B200,180GB,SXM,IB-NDR,3Y,NonInterruptible,Reserved,US-Central,US,HIF,T2IF,T1,7.0884,False,,Available,v2.4.0,candidate,us-central1
2026-08-23,gcp_cud,b200-sxm-180gb,B200,180GB,SXM,IB-NDR,3Y,NonInterruptible,Reserved,US-East,US,HIF,T2IF,T1,7.0884,False,,Available,v2.4.0,candidate,us-east1
2026-08-23,gcp_cud,b200-sxm-180gb,B200,180GB,SXM,IB-NDR,3Y,NonInterruptible,Reserved,US-South,US,HIF,T2IF,T1,7.0884,False,,Available,v2.4.0,candidate,us-south1
2026-08-23,gcp_cud,b200-sxm-180gb,B200,180GB,SXM,IB-NDR,3Y,NonInterruptible,Reserved,US-West,US,HIF,T2IF,T1,7.0884,False,,Available,v2.4.0,candidate,us-west1
2026-08-23,gcp_cud,b200-sxm-180gb,B200,180GB,SXM,IB-NDR,3Y,NonInterruptible,Reserved,US-West,US,HIF,T2IF,T1,7.0884,False,,Available,v2.4.0,candidate,us-west2
2026-08-23,gcp_cud,b200-sxm-180gb,B200,180GB,SXM,IB-NDR,3Y,NonInterruptible,Reserved,US-West,US,HIF,T2IF,T1,7.0884,False,,Available,v2.4.0,candidate,us-west3
2026-08-23,gcp_cud,b200-sxm-180gb,B200,180GB,SXM,IB-NDR,3Y,NonInterruptible,Reserved,US-West,US,HIF,T2IF,T1,7.0884,False,,Available,v2.4.0,candidate,us-west4
2026-08-23,gcp_dws,b200-sxm-180gb,B200,180GB,SXM,IB-NDR,FlexStart,NonInterruptible,Reserved,US-Central,US,HIF,T2IF,T1,8.0550,False,,Available,v2.4.0,term-panel,us-central1
2026-08-23,gmi_cloud,b200-sxm-180gb,B200,180GB,SXM,IB-NDR,OnDemand,NonInterruptible,OnDemand,US-East,US,IIF,T2IF,T2,4.0000,False,,Available,v2.4.0,candidate,US
2026-08-23,hyperstack,b200-sxm-180gb,B200,180GB,SXM,IB-NDR,OnDemand,NonInterruptible,OnDemand,Other,Other,SIF,T2IF,T2,6.0000,True,local-nvme,Available,v2.4.0,panel,Multi
2026-08-23,hyperstack,b200-sxm-180gb,B200,180GB,SXM,IB-NDR,6M,NonInterruptible,Reserved,Other,Other,SIF,T2IF,T2,5.1000,True,local-nvme,Available,v2.4.0,panel,Multi
2026-08-23,koyeb,b200-sxm-180gb,B200,180GB,SXM,Unknown,OnDemand,NonInterruptible,OnDemand,Other,Other,SIF,T2IF,T2,5.5000,False,,Available,v2.4.0,candidate,Multi
2026-08-23,lambda,b200-sxm-180gb,B200,180GB,SXM,IB-NDR,OnDemand,NonInterruptible,OnDemand,US-East,US,IIF,T2IF,T2,6.6900,True,local-nvme,SoldOut,v2.4.0,panel,US
2026-08-23,lambda,b200-sxm-180gb,B200,180GB,SXM,IB-NDR,ReservedBand,NonInterruptible,Reserved,US-East,US,IIF,T2IF,T2,9.8600,True,local-nvme,Available,v2.4.0,panel,US
2026-08-23,massed_compute,b200-sxm-180gb,B200,180GB,SXM,Unknown,OnDemand,NonInterruptible,OnDemand,US-East,US,DIF,T3IF,T3,5.4325,False,,Available,v2.4.0,panel,US
2026-08-23,nebius,b200-sxm-180gb,B200,180GB,SXM,IB-NDR,OnDemand,NonInterruptible,OnDemand,Other,Other,IIF,T1IF,T2,7.1500,True,observability;managed-ops-plane;free-egress,Available,v2.4.0,panel,
2026-08-23,nebius,b200-sxm-180gb,B200,180GB,SXM,IB-NDR,OnDemand,Interruptible,Spot,Other,Other,DIF,T1IF,T2,3.9500,True,observability;managed-ops-plane;free-egress,Available,v2.4.0,panel,
2026-08-23,oci,b200-sxm-180gb,B200,180GB,SXM,RoCE-v2,OnDemand,NonInterruptible,OnDemand,US-East,US,HIF,T1IF,T1,14.0000,True,local-nvme;egress-capped;managed-ops-plane;support-tier;observability,Available,v2.4.0,panel,us-ashburn-1
2026-08-23,qubrid,b200-sxm-180gb,B200,180GB,SXM,Unknown,1Y,NonInterruptible,Reserved,Other,Other,SIF,T2IF,T2,4.2500,False,,Available,v2.4.0,panel,
2026-08-23,runpod_community,b200-sxm-180gb,B200,180GB,SXM,Unknown,OnDemand,NonInterruptible,OnDemand,Other,Other,DIF,T3IF,T3,5.9800,False,,SoldOut,v2.4.0,panel,Global
2026-08-23,runpod_secure,b200-sxm-180gb,B200,180GB,SXM,IB-NDR,OnDemand,NonInterruptible,OnDemand,Other,Other,DIF,T2IF,T3,6.7900,True,local-nvme,Available,v2.4.0,panel,Global
2026-08-23,runpod_secure,b200-sxm-180gb,B200,180GB,SXM,IB-NDR,1Y,NonInterruptible,Reserved,Other,Other,DIF,T2IF,T3,6.7900,True,local-nvme,Available,v2.4.0,panel,Global
2026-08-23,runpod_secure,b200-sxm-180gb,B200,180GB,SXM,IB-NDR,3M,NonInterruptible,Reserved,Other,Other,DIF,T2IF,T3,6.7900,True,local-nvme,Available,v2.4.0,panel,Global
2026-08-23,runpod_secure,b200-sxm-180gb,B200,180GB,SXM,IB-NDR,6M,NonInterruptible,Reserved,Other,Other,DIF,T2IF,T3,6.7900,True,local-nvme,Available,v2.4.0,panel,Global
2026-08-23,shakti_cloud,b200-sxm-180gb,B200,180GB,SXM,IB-Unspecified,1M,NonInterruptible,Reserved,APAC,APAC,SIF,T2IF,T2,4.9425,False,,Available,v2.4.0,panel,IN
2026-08-23,spheron,b200-sxm-180gb,B200,180GB,SXM,Unknown,OnDemand,NonInterruptible,OnDemand,Other,Other,DIF,T3IF,T3,9.3600,False,,Available,v2.4.0,panel,me-west-1
2026-08-23,spheron,b200-sxm-180gb,B200,180GB,SXM,Unknown,OnDemand,NonInterruptible,OnDemand,US-Central,US,DIF,T3IF,T3,9.3031,False,,Available,v2.4.0,panel,us-central-1
2026-08-23,spheron,b200-sxm-180gb,B200,180GB,SXM,Unknown,OnDemand,Interruptible,Spot,Other,Other,DIF,T3IF,T3,5.3376,False,,Available,v2.4.0,panel,me-west-1
2026-08-23,spheron,b200-sxm-180gb,B200,180GB,SXM,Unknown,OnDemand,Interruptible,Spot,US-Central,US,DIF,T3IF,T3,5.3376,False,,Available,v2.4.0,panel,us-central-1
2026-08-23,together,b200-sxm-180gb,B200,180GB,SXM,IB-NDR,OnDemand,NonInterruptible,OnDemand,US-East,US,SIF,T1IF,T2,8.1900,True,local-nvme;support-tier;observability;managed-ops-plane,Available,v2.4.0,panel,US
2026-08-23,together,b200-sxm-180gb,B200,180GB,SXM,IB-NDR,1M,NonInterruptible,Reserved,US-East,US,SIF,T1IF,T2,7.9900,True,local-nvme;support-tier;observability;managed-ops-plane,Available,v2.4.0,panel,US
2026-08-23,together,b200-sxm-180gb,B200,180GB,SXM,IB-NDR,3M,NonInterruptible,Reserved,US-East,US,SIF,T1IF,T2,7.7900,True,local-nvme;support-tier;observability;managed-ops-plane,Available,v2.4.0,panel,US
2026-08-23,together,b200-sxm-180gb,B200,180GB,SXM,IB-NDR,6M,NonInterruptible,Reserved,US-East,US,SIF,T1IF,T2,6.7900,True,local-nvme;support-tier;observability;managed-ops-plane,Available,v2.4.0,panel,US
2026-08-23,upcloud,b200-sxm-180gb,B200,180GB,SXM,Unknown,OnDemand,NonInterruptible,OnDemand,EU,EU,SIF,T2IF,T2,6.0835,False,,Available,v2.4.0,panel,EU-FI
2026-08-23,upcloud,b200-sxm-180gb,B200,180GB,SXM,Unknown,OnDemand,Interruptible,Spot,EU,EU,DIF,T2IF,T2,4.5626,False,,Available,v2.4.0,panel,EU-FI
2026-08-23,vast_ai,b200-sxm-180gb,B200,180GB,SXM,IB-NDR,OnDemand,NonInterruptible,OnDemand,US-East,US,DIF,T3IF,T3,6.6250,True,local-nvme,Available,v2.4.0,marketplace,", US"
2026-08-23,vast_ai,b200-sxm-180gb,B200,180GB,SXM,IB-NDR,OnDemand,NonInterruptible,OnDemand,APAC,APAC,DIF,T3IF,T3,3.9900,True,local-nvme,Available,v2.4.0,marketplace,"AUSTRALIA, AU"
2026-08-23,vast_ai,b200-sxm-180gb,B200,180GB,SXM,IB-NDR,OnDemand,NonInterruptible,OnDemand,APAC,APAC,DIF,T3IF,T3,9.3750,True,local-nvme,Available,v2.4.0,marketplace,"INDIA, IN"
2026-08-23,vast_ai,b200-sxm-180gb,B200,180GB,SXM,IB-NDR,OnDemand,NonInterruptible,OnDemand,Other,Other,DIF,T3IF,T3,5.2500,True,local-nvme,Available,v2.4.0,marketplace,"MEXICO, MX"
2026-08-23,vast_ai,b200-sxm-180gb,B200,180GB,SXM,IB-NDR,OnDemand,NonInterruptible,OnDemand,US-Central,US,DIF,T3IF,T3,7.2500,True,local-nvme,Available,v2.4.0,marketplace,"OHIO, US"
2026-08-23,vast_ai,b200-sxm-180gb,B200,180GB,SXM,IB-NDR,OnDemand,NonInterruptible,OnDemand,US-East,US,DIF,T3IF,T3,4.6250,True,local-nvme,Available,v2.4.0,marketplace,"VIRGINIA, US"
2026-08-23,vultr,b200-sxm-180gb,B200,180GB,SXM,Unknown,OnDemand,NonInterruptible,OnDemand,Other,Other,SIF,T2IF,T2,8.5000,False,,SoldOut,v2.4.0,panel,Multi
2026-08-23,vultr,b200-sxm-180gb,B200,180GB,SXM,Unknown,OnDemand,Interruptible,Spot,Other,Other,DIF,T2IF,T2,3.2000,False,,SoldOut,v2.4.0,panel,Multi
2026-08-24,aws,b200-sxm-180gb,B200,180GB,SXM,EFA,OnDemand,NonInterruptible,OnDemand,APAC,APAC,HIF,T1IF,T1,20.0807,True,local-nvme;managed-ops-plane;support-tier;observability,Available,v2.4.0,panel,ap-south-1
2026-08-24,aws,b200-sxm-180gb,B200,180GB,SXM,EFA,OnDemand,NonInterruptible,OnDemand,US-East,US,HIF,T1IF,T1,14.2416,True,local-nvme;managed-ops-plane;support-tier;observability,Available,v2.4.0,panel,us-east-1
2026-08-24,aws,b200-sxm-180gb,B200,180GB,SXM,EFA,OnDemand,NonInterruptible,OnDemand,US-East,US,HIF,T1IF,T1,14.2416,True,local-nvme;managed-ops-plane;support-tier;observability,Available,v2.4.0,panel,us-east-2
2026-08-24,aws,b200-sxm-180gb,B200,180GB,SXM,EFA,OnDemand,NonInterruptible,OnDemand,US-West,US,HIF,T1IF,T1,14.2416,True,local-nvme;managed-ops-plane;support-tier;observability,Available,v2.4.0,panel,us-west-2
2026-08-24,aws,b200-sxm-180gb,B200,180GB,SXM,EFA,3Y,NonInterruptible,Reserved,US-East,US,HIF,T1IF,T1,6.1524,True,local-nvme;managed-ops-plane;support-tier;observability,Available,v2.4.0,panel,us-east-1
2026-08-24,aws,b200-sxm-180gb,B200,180GB,SXM,EFA,3Y,NonInterruptible,Reserved,US-East,US,HIF,T1IF,T1,6.1524,True,local-nvme;managed-ops-plane;support-tier;observability,Available,v2.4.0,panel,us-east-2
2026-08-24,aws,b200-sxm-180gb,B200,180GB,SXM,EFA,3Y,NonInterruptible,Reserved,US-West,US,HIF,T1IF,T1,6.1524,True,local-nvme;managed-ops-plane;support-tier;observability,Available,v2.4.0,panel,us-west-2
2026-08-24,aws,b200-sxm-180gb,B200,180GB,SXM,EFA,OnDemand,Interruptible,Spot,APAC,APAC,DIF,T2IF,T1,5.9699,False,,Available,v2.4.0,panel,ap-south-1c
2026-08-24,aws,b200-sxm-180gb,B200,180GB,SXM,EFA,OnDemand,Interruptible,Spot,US-East,US,DIF,T2IF,T1,5.2241,False,,Available,v2.4.0,panel,us-east-1d
2026-08-24,aws,b200-sxm-180gb,B200,180GB,SXM,EFA,OnDemand,Interruptible,Spot,US-East,US,DIF,T2IF,T1,5.2500,False,,Available,v2.4.0,panel,us-east-2a
2026-08-24,aws,b200-sxm-180gb,B200,180GB,SXM,EFA,OnDemand,Interruptible,Spot,US-East,US,DIF,T2IF,T1,5.2166,False,,Available,v2.4.0,panel,us-east-2b
2026-08-24,aws,b200-sxm-180gb,B200,180GB,SXM,EFA,OnDemand,Interruptible,Spot,US-East,US,DIF,T2IF,T1,5.2105,False,,Available,v2.4.0,panel,us-east-2c
2026-08-24,aws,b200-sxm-180gb,B200,180GB,SXM,EFA,OnDemand,Interruptible,Spot,US-West,US,DIF,T2IF,T1,5.1905,False,,Available,v2.4.0,panel,us-west-2a
2026-08-24,aws,b200-sxm-180gb,B200,180GB,SXM,EFA,OnDemand,Interruptible,Spot,US-West,US,DIF,T2IF,T1,5.2379,False,,Available,v2.4.0,panel,us-west-2b
2026-08-24,aws,b200-sxm-180gb,B200,180GB,SXM,EFA,OnDemand,Interruptible,Spot,US-West,US,DIF,T2IF,T1,5.1972,False,,Available,v2.4.0,panel,us-west-2d
2026-08-24,aws_capacity_blocks,b200-sxm-180gb,B200,180GB,SXM,EFA,CapacityBlock,NonInterruptible,Reserved,Other,Other,HIF,T2IF,T1,12.3550,False,,Available,v2.4.0,term-panel,non-us
2026-08-24,aws_capacity_blocks,b200-sxm-180gb,B200,180GB,SXM,EFA,CapacityBlock,NonInterruptible,Reserved,US-East,US,HIF,T2IF,T1,12.3550,False,,Available,v2.4.0,term-panel,us-east-1
2026-08-24,civo,b200-sxm-180gb,B200,180GB,SXM,Unknown,1Y,NonInterruptible,Reserved,Other,Other,SIF,T2IF,T2,4.4900,False,,Available,v2.4.0,panel,
2026-08-24,civo,b200-sxm-180gb,B200,180GB,SXM,Unknown,2Y,NonInterruptible,Reserved,Other,Other,SIF,T2IF,T2,3.9900,False,,Available,v2.4.0,panel,
2026-08-24,civo,b200-sxm-180gb,B200,180GB,SXM,Unknown,3Y,NonInterruptible,Reserved,Other,Other,SIF,T2IF,T2,3.7900,False,,Available,v2.4.0,panel,
2026-08-24,cloudrift,b200-sxm-180gb,B200,180GB,SXM,,1M,NonInterruptible,Reserved,US-East,US,SIF,T2IF,T2,3.6000,False,,Available,v2.4.0,term-panel,US
2026-08-24,cloudrift,b200-sxm-180gb,B200,180GB,SXM,,3M,NonInterruptible,Reserved,US-East,US,SIF,T2IF,T2,3.2400,False,,Available,v2.4.0,term-panel,US
2026-08-24,coreweave,b200-sxm-180gb,B200,180GB,SXM,IB-NDR,OnDemand,NonInterruptible,OnDemand,EU,EU,IIF,T1IF,T2,8.6000,True,local-nvme;free-egress;support-tier;observability;managed-ops-plane,Available,v2.4.0,panel,EU
2026-08-24,coreweave,b200-sxm-180gb,B200,180GB,SXM,IB-NDR,OnDemand,NonInterruptible,OnDemand,US-East,US,IIF,T1IF,T2,8.6000,True,local-nvme;free-egress;support-tier;observability;managed-ops-plane,Available,v2.4.0,panel,US
2026-08-24,coreweave,b200-sxm-180gb,B200,180GB,SXM,IB-NDR,OnDemand,Interruptible,Spot,EU,EU,DIF,T1IF,T2,4.3588,True,local-nvme;free-egress;support-tier;observability;managed-ops-plane,Available,v2.4.0,panel,EU
2026-08-24,coreweave,b200-sxm-180gb,B200,180GB,SXM,IB-NDR,OnDemand,Interruptible,Spot,US-East,US,DIF,T1IF,T2,4.2638,True,local-nvme;free-egress;support-tier;observability;managed-ops-plane,Available,v2.4.0,panel,US
2026-08-24,datacrunch,b200-sxm-180gb,B200,180GB,SXM,IB-NDR,OnDemand,NonInterruptible,OnDemand,EU,EU,SIF,T2IF,T2,6.1100,True,local-nvme,Available,v2.4.0,panel,EU-FI
2026-08-24,datacrunch,b200-sxm-180gb,B200,180GB,SXM,IB-NDR,1M,NonInterruptible,Reserved,EU,EU,SIF,T2IF,T2,5.9878,True,local-nvme,Available,v2.4.0,panel,EU-FI
2026-08-24,datacrunch,b200-sxm-180gb,B200,180GB,SXM,IB-NDR,1Y,NonInterruptible,Reserved,EU,EU,SIF,T2IF,T2,5.6212,True,local-nvme,Available,v2.4.0,panel,EU-FI
2026-08-24,datacrunch,b200-sxm-180gb,B200,180GB,SXM,IB-NDR,2Y,NonInterruptible,Reserved,EU,EU,SIF,T2IF,T2,4.5825,True,local-nvme,Available,v2.4.0,panel,EU-FI
2026-08-24,datacrunch,b200-sxm-180gb,B200,180GB,SXM,IB-NDR,3M,NonInterruptible,Reserved,EU,EU,SIF,T2IF,T2,5.9267,True,local-nvme,Available,v2.4.0,panel,EU-FI
2026-08-24,datacrunch,b200-sxm-180gb,B200,180GB,SXM,IB-NDR,6M,NonInterruptible,Reserved,EU,EU,SIF,T2IF,T2,5.8656,True,local-nvme,Available,v2.4.0,panel,EU-FI
2026-08-24,datacrunch,b200-sxm-180gb,B200,180GB,SXM,IB-NDR,OnDemand,Interruptible,Spot,EU,EU,DIF,T2IF,T2,3.0550,True,local-nvme,Available,v2.4.0,panel,EU-FI
2026-08-24,deepinfra_gpu,b200-sxm-180gb,B200,180GB,SXM,,OnDemand,NonInterruptible,OnDemand,Other,Other,SIF,T2IF,T2,3.6900,False,,Available,v2.4.0,panel,undisclosed
2026-08-24,e2e,b200-sxm-180gb,B200,180GB,SXM,IB-NDR,OnDemand,NonInterruptible,OnDemand,APAC,APAC,IIF,T2IF,T2,6.9900,False,,Available,v2.4.0,panel,India
2026-08-24,e2e,b200-sxm-180gb,B200,180GB,SXM,IB-NDR,1M,NonInterruptible,Reserved,APAC,APAC,IIF,T2IF,T2,6.9211,False,,Available,v2.4.0,panel,India
2026-08-24,e2e,b200-sxm-180gb,B200,180GB,SXM,IB-NDR,1Y,NonInterruptible,Reserved,APAC,APAC,IIF,T2IF,T2,6.2888,False,,Available,v2.4.0,panel,India
2026-08-24,gcp,b200-sxm-180gb,B200,180GB,SXM,IB-NDR,OnDemand,NonInterruptible,OnDemand,APAC,APAC,HIF,T1IF,T1,19.3320,True,local-nvme;managed-ops-plane;support-tier;observability,Available,v2.4.0,panel,asia-southeast1
2026-08-24,gcp,b200-sxm-180gb,B200,180GB,SXM,IB-NDR,OnDemand,NonInterruptible,OnDemand,EU,EU,HIF,T1IF,T1,17.7210,True,local-nvme;managed-ops-plane;support-tier;observability,Available,v2.4.0,panel,europe-west4
2026-08-24,gcp,b200-sxm-180gb,B200,180GB,SXM,IB-NDR,OnDemand,NonInterruptible,OnDemand,US-Central,US,HIF,T1IF,T1,16.1100,True,local-nvme;managed-ops-plane;support-tier;observability,Available,v2.4.0,panel,us-central1
2026-08-24,gcp,b200-sxm-180gb,B200,180GB,SXM,IB-NDR,OnDemand,NonInterruptible,OnDemand,US-East,US,HIF,T1IF,T1,16.1100,True,local-nvme;managed-ops-plane;support-tier;observability,Available,v2.4.0,panel,us-east1
2026-08-24,gcp,b200-sxm-180gb,B200,180GB,SXM,IB-NDR,1Y,NonInterruptible,Reserved,APAC,APAC,HIF,T1IF,T1,13.3391,True,local-nvme;managed-ops-plane;support-tier;observability,Available,v2.4.0,panel,asia-northeast1
2026-08-24,gcp,b200-sxm-180gb,B200,180GB,SXM,IB-NDR,1Y,NonInterruptible,Reserved,APAC,APAC,HIF,T1IF,T1,13.3391,True,local-nvme;managed-ops-plane;support-tier;observability,Available,v2.4.0,panel,asia-southeast1
2026-08-24,gcp,b200-sxm-180gb,B200,180GB,SXM,IB-NDR,1Y,NonInterruptible,Reserved,EU,EU,HIF,T1IF,T1,12.2275,True,local-nvme;managed-ops-plane;support-tier;observability,Available,v2.4.0,panel,europe-west4
2026-08-24,gcp,b200-sxm-180gb,B200,180GB,SXM,IB-NDR,1Y,NonInterruptible,Reserved,US-Central,US,HIF,T1IF,T1,11.1159,True,local-nvme;managed-ops-plane;support-tier;observability,Available,v2.4.0,panel,us-central1
2026-08-24,gcp,b200-sxm-180gb,B200,180GB,SXM,IB-NDR,1Y,NonInterruptible,Reserved,US-East,US,HIF,T1IF,T1,11.1159,True,local-nvme;managed-ops-plane;support-tier;observability,Available,v2.4.0,panel,us-east1
2026-08-24,gcp,b200-sxm-180gb,B200,180GB,SXM,IB-NDR,1Y,NonInterruptible,Reserved,US-South,US,HIF,T1IF,T1,11.1159,True,local-nvme;managed-ops-plane;support-tier;observability,Available,v2.4.0,panel,us-south1
2026-08-24,gcp,b200-sxm-180gb,B200,180GB,SXM,IB-NDR,1Y,NonInterruptible,Reserved,US-West,US,HIF,T1IF,T1,11.1159,True,local-nvme;managed-ops-plane;support-tier;observability,Available,v2.4.0,panel,us-west1
2026-08-24,gcp,b200-sxm-180gb,B200,180GB,SXM,IB-NDR,1Y,NonInterruptible,Reserved,US-West,US,HIF,T1IF,T1,11.1159,True,local-nvme;managed-ops-plane;support-tier;observability,Available,v2.4.0,panel,us-west2
2026-08-24,gcp,b200-sxm-180gb,B200,180GB,SXM,IB-NDR,1Y,NonInterruptible,Reserved,US-West,US,HIF,T1IF,T1,11.1159,True,local-nvme;managed-ops-plane;support-tier;observability,Available,v2.4.0,panel,us-west3
2026-08-24,gcp,b200-sxm-180gb,B200,180GB,SXM,IB-NDR,1Y,NonInterruptible,Reserved,US-West,US,HIF,T1IF,T1,11.1159,True,local-nvme;managed-ops-plane;support-tier;observability,Available,v2.4.0,panel,us-west4
2026-08-24,gcp,b200-sxm-180gb,B200,180GB,SXM,IB-NDR,3Y,NonInterruptible,Reserved,APAC,APAC,HIF,T1IF,T1,8.5061,True,local-nvme;managed-ops-plane;support-tier;observability,Available,v2.4.0,panel,asia-northeast1
2026-08-24,gcp,b200-sxm-180gb,B200,180GB,SXM,IB-NDR,3Y,NonInterruptible,Reserved,APAC,APAC,HIF,T1IF,T1,8.5061,True,local-nvme;managed-ops-plane;support-tier;observability,Available,v2.4.0,panel,asia-southeast1
2026-08-24,gcp,b200-sxm-180gb,B200,180GB,SXM,IB-NDR,3Y,NonInterruptible,Reserved,EU,EU,HIF,T1IF,T1,7.7972,True,local-nvme;managed-ops-plane;support-tier;observability,Available,v2.4.0,panel,europe-west4
2026-08-24,gcp,b200-sxm-180gb,B200,180GB,SXM,IB-NDR,3Y,NonInterruptible,Reserved,US-Central,US,HIF,T1IF,T1,7.0884,True,local-nvme;managed-ops-plane;support-tier;observability,Available,v2.4.0,panel,us-central1
2026-08-24,gcp,b200-sxm-180gb,B200,180GB,SXM,IB-NDR,3Y,NonInterruptible,Reserved,US-East,US,HIF,T1IF,T1,7.0884,True,local-nvme;managed-ops-plane;support-tier;observability,Available,v2.4.0,panel,us-east1
2026-08-24,gcp,b200-sxm-180gb,B200,180GB,SXM,IB-NDR,3Y,NonInterruptible,Reserved,US-South,US,HIF,T1IF,T1,7.0884,True,local-nvme;managed-ops-plane;support-tier;observability,Available,v2.4.0,panel,us-south1
2026-08-24,gcp,b200-sxm-180gb,B200,180GB,SXM,IB-NDR,3Y,NonInterruptible,Reserved,US-West,US,HIF,T1IF,T1,7.0884,True,local-nvme;managed-ops-plane;support-tier;observability,Available,v2.4.0,panel,us-west1
2026-08-24,gcp,b200-sxm-180gb,B200,180GB,SXM,IB-NDR,3Y,NonInterruptible,Reserved,US-West,US,HIF,T1IF,T1,7.0884,True,local-nvme;managed-ops-plane;support-tier;observability,Available,v2.4.0,panel,us-west2
2026-08-24,gcp,b200-sxm-180gb,B200,180GB,SXM,IB-NDR,3Y,NonInterruptible,Reserved,US-West,US,HIF,T1IF,T1,7.0884,True,local-nvme;managed-ops-plane;support-tier;observability,Available,v2.4.0,panel,us-west3
2026-08-24,gcp,b200-sxm-180gb,B200,180GB,SXM,IB-NDR,3Y,NonInterruptible,Reserved,US-West,US,HIF,T1IF,T1,7.0884,True,local-nvme;managed-ops-plane;support-tier;observability,Available,v2.4.0,panel,us-west4
2026-08-24,gcp,b200-sxm-180gb,B200,180GB,SXM,IB-NDR,OnDemand,Interruptible,Spot,APAC,APAC,DIF,T1IF,T1,5.9316,True,local-nvme;managed-ops-plane;support-tier;observability,Available,v2.4.0,panel,asia-northeast1
2026-08-24,gcp,b200-sxm-180gb,B200,180GB,SXM,IB-NDR,OnDemand,Interruptible,Spot,APAC,APAC,DIF,T1IF,T1,4.9021,True,local-nvme;managed-ops-plane;support-tier;observability,Available,v2.4.0,panel,asia-southeast1
2026-08-24,gcp,b200-sxm-180gb,B200,180GB,SXM,IB-NDR,OnDemand,Interruptible,Spot,EU,EU,DIF,T1IF,T1,5.4373,True,local-nvme;managed-ops-plane;support-tier;observability,Available,v2.4.0,panel,europe-north1
2026-08-24,gcp,b200-sxm-180gb,B200,180GB,SXM,IB-NDR,OnDemand,Interruptible,Spot,EU,EU,DIF,T1IF,T1,2.0980,True,local-nvme;managed-ops-plane;support-tier;observability,Available,v2.4.0,panel,europe-west1
2026-08-24,gcp,b200-sxm-180gb,B200,180GB,SXM,IB-NDR,OnDemand,Interruptible,Spot,EU,EU,DIF,T1IF,T1,4.4722,True,local-nvme;managed-ops-plane;support-tier;observability,Available,v2.4.0,panel,europe-west4
2026-08-24,gcp,b200-sxm-180gb,B200,180GB,SXM,IB-NDR,OnDemand,Interruptible,Spot,US-Central,US,DIF,T1IF,T1,4.9542,True,local-nvme;managed-ops-plane;support-tier;observability,Available,v2.4.0,panel,us-central1
2026-08-24,gcp,b200-sxm-180gb,B200,180GB,SXM,IB-NDR,OnDemand,Interruptible,Spot,US-East,US,DIF,T1IF,T1,4.9542,True,local-nvme;managed-ops-plane;support-tier;observability,Available,v2.4.0,panel,us-east1
2026-08-24,gcp,b200-sxm-180gb,B200,180GB,SXM,IB-NDR,OnDemand,Interruptible,Spot,US-East,US,DIF,T1IF,T1,4.0758,True,local-nvme;managed-ops-plane;support-tier;observability,Available,v2.4.0,panel,us-east4
2026-08-24,gcp,b200-sxm-180gb,B200,180GB,SXM,IB-NDR,OnDemand,Interruptible,Spot,US-South,US,DIF,T1IF,T1,4.4936,True,local-nvme;managed-ops-plane;support-tier;observability,Available,v2.4.0,panel,us-south1
2026-08-24,gcp,b200-sxm-180gb,B200,180GB,SXM,IB-NDR,OnDemand,Interruptible,Spot,US-West,US,DIF,T1IF,T1,4.2592,True,local-nvme;managed-ops-plane;support-tier;observability,Available,v2.4.0,panel,us-west2
2026-08-24,gcp,b200-sxm-180gb,B200,180GB,SXM,IB-NDR,OnDemand,Interruptible,Spot,US-West,US,DIF,T1IF,T1,4.9430,True,local-nvme;managed-ops-plane;support-tier;observability,Available,v2.4.0,panel,us-west3
2026-08-24,gcp_cud,b200-sxm-180gb,B200,180GB,SXM,IB-NDR,1Y,NonInterruptible,Reserved,APAC,APAC,HIF,T2IF,T1,13.3391,False,,Available,v2.4.0,candidate,asia-northeast1
2026-08-24,gcp_cud,b200-sxm-180gb,B200,180GB,SXM,IB-NDR,1Y,NonInterruptible,Reserved,APAC,APAC,HIF,T2IF,T1,13.3391,False,,Available,v2.4.0,candidate,asia-southeast1
2026-08-24,gcp_cud,b200-sxm-180gb,B200,180GB,SXM,IB-NDR,1Y,NonInterruptible,Reserved,EU,EU,HIF,T2IF,T1,12.2275,False,,Available,v2.4.0,candidate,europe-west4
2026-08-24,gcp_cud,b200-sxm-180gb,B200,180GB,SXM,IB-NDR,1Y,NonInterruptible,Reserved,US-Central,US,HIF,T2IF,T1,11.1159,False,,Available,v2.4.0,candidate,us-central1
2026-08-24,gcp_cud,b200-sxm-180gb,B200,180GB,SXM,IB-NDR,1Y,NonInterruptible,Reserved,US-East,US,HIF,T2IF,T1,11.1159,False,,Available,v2.4.0,candidate,us-east1
2026-08-24,gcp_cud,b200-sxm-180gb,B200,180GB,SXM,IB-NDR,1Y,NonInterruptible,Reserved,US-South,US,HIF,T2IF,T1,11.1159,False,,Available,v2.4.0,candidate,us-south1
2026-08-24,gcp_cud,b200-sxm-180gb,B200,180GB,SXM,IB-NDR,1Y,NonInterruptible,Reserved,US-West,US,HIF,T2IF,T1,11.1159,False,,Available,v2.4.0,candidate,us-west1
2026-08-24,gcp_cud,b200-sxm-180gb,B200,180GB,SXM,IB-NDR,1Y,NonInterruptible,Reserved,US-West,US,HIF,T2IF,T1,11.1159,False,,Available,v2.4.0,candidate,us-west2
2026-08-24,gcp_cud,b200-sxm-180gb,B200,180GB,SXM,IB-NDR,1Y,NonInterruptible,Reserved,US-West,US,HIF,T2IF,T1,11.1159,False,,Available,v2.4.0,candidate,us-west3
2026-08-24,gcp_cud,b200-sxm-180gb,B200,180GB,SXM,IB-NDR,1Y,NonInterruptible,Reserved,US-West,US,HIF,T2IF,T1,11.1159,False,,Available,v2.4.0,candidate,us-west4
2026-08-24,gcp_cud,b200-sxm-180gb,B200,180GB,SXM,IB-NDR,3Y,NonInterruptible,Reserved,APAC,APAC,HIF,T2IF,T1,8.5061,False,,Available,v2.4.0,candidate,asia-northeast1
2026-08-24,gcp_cud,b200-sxm-180gb,B200,180GB,SXM,IB-NDR,3Y,NonInterruptible,Reserved,APAC,APAC,HIF,T2IF,T1,8.5061,False,,Available,v2.4.0,candidate,asia-southeast1
2026-08-24,gcp_cud,b200-sxm-180gb,B200,180GB,SXM,IB-NDR,3Y,NonInterruptible,Reserved,EU,EU,HIF,T2IF,T1,7.7972,False,,Available,v2.4.0,candidate,europe-west4
2026-08-24,gcp_cud,b200-sxm-180gb,B200,180GB,SXM,IB-NDR,3Y,NonInterruptible,Reserved,US-Central,US,HIF,T2IF,T1,7.0884,False,,Available,v2.4.0,candidate,us-central1
2026-08-24,gcp_cud,b200-sxm-180gb,B200,180GB,SXM,IB-NDR,3Y,NonInterruptible,Reserved,US-East,US,HIF,T2IF,T1,7.0884,False,,Available,v2.4.0,candidate,us-east1
2026-08-24,gcp_cud,b200-sxm-180gb,B200,180GB,SXM,IB-NDR,3Y,NonInterruptible,Reserved,US-South,US,HIF,T2IF,T1,7.0884,False,,Available,v2.4.0,candidate,us-south1
2026-08-24,gcp_cud,b200-sxm-180gb,B200,180GB,SXM,IB-NDR,3Y,NonInterruptible,Reserved,US-West,US,HIF,T2IF,T1,7.0884,False,,Available,v2.4.0,candidate,us-west1
2026-08-24,gcp_cud,b200-sxm-180gb,B200,180GB,SXM,IB-NDR,3Y,NonInterruptible,Reserved,US-West,US,HIF,T2IF,T1,7.0884,False,,Available,v2.4.0,candidate,us-west2
2026-08-24,gcp_cud,b200-sxm-180gb,B200,180GB,SXM,IB-NDR,3Y,NonInterruptible,Reserved,US-West,US,HIF,T2IF,T1,7.0884,False,,Available,v2.4.0,candidate,us-west3
2026-08-24,gcp_cud,b200-sxm-180gb,B200,180GB,SXM,IB-NDR,3Y,NonInterruptible,Reserved,US-West,US,HIF,T2IF,T1,7.0884,False,,Available,v2.4.0,candidate,us-west4
2026-08-24,gcp_dws,b200-sxm-180gb,B200,180GB,SXM,IB-NDR,FlexStart,NonInterruptible,Reserved,US-Central,US,HIF,T2IF,T1,8.0550,False,,Available,v2.4.0,term-panel,us-central1
2026-08-24,gmi_cloud,b200-sxm-180gb,B200,180GB,SXM,IB-NDR,OnDemand,NonInterruptible,OnDemand,US-East,US,IIF,T2IF,T2,4.0000,False,,Available,v2.4.0,candidate,US
2026-08-24,hyperstack,b200-sxm-180gb,B200,180GB,SXM,IB-NDR,OnDemand,NonInterruptible,OnDemand,Other,Other,SIF,T2IF,T2,6.0000,True,local-nvme,Available,v2.4.0,panel,Multi
2026-08-24,hyperstack,b200-sxm-180gb,B200,180GB,SXM,IB-NDR,6M,NonInterruptible,Reserved,Other,Other,SIF,T2IF,T2,5.1000,True,local-nvme,Available,v2.4.0,panel,Multi
2026-08-24,koyeb,b200-sxm-180gb,B200,180GB,SXM,Unknown,OnDemand,NonInterruptible,OnDemand,Other,Other,SIF,T2IF,T2,5.5000,False,,Available,v2.4.0,candidate,Multi
2026-08-24,lambda,b200-sxm-180gb,B200,180GB,SXM,IB-NDR,OnDemand,NonInterruptible,OnDemand,US-East,US,IIF,T2IF,T2,6.6900,True,local-nvme,SoldOut,v2.4.0,panel,US
2026-08-24,lambda,b200-sxm-180gb,B200,180GB,SXM,IB-NDR,ReservedBand,NonInterruptible,Reserved,US-East,US,IIF,T2IF,T2,9.8600,True,local-nvme,Available,v2.4.0,panel,US
2026-08-24,massed_compute,b200-sxm-180gb,B200,180GB,SXM,Unknown,OnDemand,NonInterruptible,OnDemand,US-East,US,DIF,T3IF,T3,5.4325,False,,Available,v2.4.0,panel,US
2026-08-24,nebius,b200-sxm-180gb,B200,180GB,SXM,IB-NDR,OnDemand,NonInterruptible,OnDemand,Other,Other,IIF,T1IF,T2,7.1500,True,observability;managed-ops-plane;free-egress,Available,v2.4.0,panel,
2026-08-24,nebius,b200-sxm-180gb,B200,180GB,SXM,IB-NDR,OnDemand,Interruptible,Spot,Other,Other,DIF,T1IF,T2,3.9500,True,observability;managed-ops-plane;free-egress,Available,v2.4.0,panel,
2026-08-24,oci,b200-sxm-180gb,B200,180GB,SXM,RoCE-v2,OnDemand,NonInterruptible,OnDemand,US-East,US,HIF,T1IF,T1,14.0000,True,local-nvme;egress-capped;managed-ops-plane;support-tier;observability,Available,v2.4.0,panel,us-ashburn-1
2026-08-24,qubrid,b200-sxm-180gb,B200,180GB,SXM,Unknown,1Y,NonInterruptible,Reserved,Other,Other,SIF,T2IF,T2,4.2500,False,,Available,v2.4.0,panel,
2026-08-24,runpod_community,b200-sxm-180gb,B200,180GB,SXM,Unknown,OnDemand,NonInterruptible,OnDemand,Other,Other,DIF,T3IF,T3,5.9800,False,,SoldOut,v2.4.0,panel,Global
2026-08-24,runpod_secure,b200-sxm-180gb,B200,180GB,SXM,IB-NDR,OnDemand,NonInterruptible,OnDemand,Other,Other,DIF,T2IF,T3,6.7900,True,local-nvme,Available,v2.4.0,panel,Global
2026-08-24,runpod_secure,b200-sxm-180gb,B200,180GB,SXM,IB-NDR,1Y,NonInterruptible,Reserved,Other,Other,DIF,T2IF,T3,6.7900,True,local-nvme,Available,v2.4.0,panel,Global
2026-08-24,runpod_secure,b200-sxm-180gb,B200,180GB,SXM,IB-NDR,3M,NonInterruptible,Reserved,Other,Other,DIF,T2IF,T3,6.7900,True,local-nvme,Available,v2.4.0,panel,Global
2026-08-24,runpod_secure,b200-sxm-180gb,B200,180GB,SXM,IB-NDR,6M,NonInterruptible,Reserved,Other,Other,DIF,T2IF,T3,6.7900,True,local-nvme,Available,v2.4.0,panel,Global
2026-08-24,shakti_cloud,b200-sxm-180gb,B200,180GB,SXM,IB-Unspecified,1M,NonInterruptible,Reserved,APAC,APAC,SIF,T2IF,T2,4.9425,False,,Available,v2.4.0,panel,IN
2026-08-24,spheron,b200-sxm-180gb,B200,180GB,SXM,Unknown,OnDemand,NonInterruptible,OnDemand,Other,Other,DIF,T3IF,T3,9.3600,False,,Available,v2.4.0,panel,me-west-1
2026-08-24,spheron,b200-sxm-180gb,B200,180GB,SXM,Unknown,OnDemand,NonInterruptible,OnDemand,US-Central,US,DIF,T3IF,T3,9.3600,False,,Available,v2.4.0,panel,us-central-1
2026-08-24,spheron,b200-sxm-180gb,B200,180GB,SXM,Unknown,OnDemand,Interruptible,Spot,Other,Other,DIF,T3IF,T3,5.3376,False,,Available,v2.4.0,panel,me-west-1
2026-08-24,spheron,b200-sxm-180gb,B200,180GB,SXM,Unknown,OnDemand,Interruptible,Spot,US-Central,US,DIF,T3IF,T3,5.3376,False,,Available,v2.4.0,panel,us-central-1
2026-08-24,together,b200-sxm-180gb,B200,180GB,SXM,IB-NDR,OnDemand,NonInterruptible,OnDemand,US-East,US,SIF,T1IF,T2,8.1900,True,local-nvme;support-tier;observability;managed-ops-plane,Available,v2.4.0,panel,US
2026-08-24,together,b200-sxm-180gb,B200,180GB,SXM,IB-NDR,1M,NonInterruptible,Reserved,US-East,US,SIF,T1IF,T2,7.9900,True,local-nvme;support-tier;observability;managed-ops-plane,Available,v2.4.0,panel,US
2026-08-24,together,b200-sxm-180gb,B200,180GB,SXM,IB-NDR,3M,NonInterruptible,Reserved,US-East,US,SIF,T1IF,T2,7.7900,True,local-nvme;support-tier;observability;managed-ops-plane,Available,v2.4.0,panel,US
2026-08-24,together,b200-sxm-180gb,B200,180GB,SXM,IB-NDR,6M,NonInterruptible,Reserved,US-East,US,SIF,T1IF,T2,6.7900,True,local-nvme;support-tier;observability;managed-ops-plane,Available,v2.4.0,panel,US
2026-08-24,upcloud,b200-sxm-180gb,B200,180GB,SXM,Unknown,OnDemand,NonInterruptible,OnDemand,EU,EU,SIF,T2IF,T2,5.2646,False,,Available,v2.4.0,panel,EU-FI
2026-08-24,upcloud,b200-sxm-180gb,B200,180GB,SXM,Unknown,OnDemand,Interruptible,Spot,EU,EU,DIF,T2IF,T2,3.9484,False,,Available,v2.4.0,panel,EU-FI
2026-08-24,vast_ai,b200-sxm-180gb,B200,180GB,SXM,IB-NDR,OnDemand,NonInterruptible,OnDemand,US-East,US,DIF,T3IF,T3,6.6250,True,local-nvme,Available,v2.4.0,marketplace,", US"
2026-08-24,vast_ai,b200-sxm-180gb,B200,180GB,SXM,IB-NDR,OnDemand,NonInterruptible,OnDemand,APAC,APAC,DIF,T3IF,T3,8.7500,True,local-nvme,Available,v2.4.0,marketplace,"INDIA, IN"
2026-08-24,vast_ai,b200-sxm-180gb,B200,180GB,SXM,IB-NDR,OnDemand,NonInterruptible,OnDemand,Other,Other,DIF,T3IF,T3,5.2500,True,local-nvme,Available,v2.4.0,marketplace,"MEXICO, MX"
2026-08-24,vast_ai,b200-sxm-180gb,B200,180GB,SXM,IB-NDR,OnDemand,NonInterruptible,OnDemand,US-Central,US,DIF,T3IF,T3,7.2500,True,local-nvme,Available,v2.4.0,marketplace,"OHIO, US"
2026-08-24,vast_ai,b200-sxm-180gb,B200,180GB,SXM,IB-NDR,OnDemand,NonInterruptible,OnDemand,US-East,US,DIF,T3IF,T3,4.6250,True,local-nvme,Available,v2.4.0,marketplace,"VIRGINIA, US"
2026-08-24,vultr,b200-sxm-180gb,B200,180GB,SXM,Unknown,OnDemand,NonInterruptible,OnDemand,Other,Other,SIF,T2IF,T2,8.5000,False,,SoldOut,v2.4.0,panel,Multi
2026-08-24,vultr,b200-sxm-180gb,B200,180GB,SXM,Unknown,OnDemand,Interruptible,Spot,Other,Other,DIF,T2IF,T2,3.2000,False,,SoldOut,v2.4.0,panel,Multi
2026-08-25,aws,b200-sxm-180gb,B200,180GB,SXM,EFA,OnDemand,NonInterruptible,OnDemand,APAC,APAC,HIF,T1IF,T1,20.0807,True,local-nvme;managed-ops-plane;support-tier;observability,Available,v2.4.0,panel,ap-south-1
2026-08-25,aws,b200-sxm-180gb,B200,180GB,SXM,EFA,OnDemand,NonInterruptible,OnDemand,US-East,US,HIF,T1IF,T1,14.2416,True,local-nvme;managed-ops-plane;support-tier;observability,Available,v2.4.0,panel,us-east-1
2026-08-25,aws,b200-sxm-180gb,B200,180GB,SXM,EFA,OnDemand,NonInterruptible,OnDemand,US-East,US,HIF,T1IF,T1,14.2416,True,local-nvme;managed-ops-plane;support-tier;observability,Available,v2.4.0,panel,us-east-2
2026-08-25,aws,b200-sxm-180gb,B200,180GB,SXM,EFA,OnDemand,NonInterruptible,OnDemand,US-West,US,HIF,T1IF,T1,14.2416,True,local-nvme;managed-ops-plane;support-tier;observability,Available,v2.4.0,panel,us-west-2
2026-08-25,aws,b200-sxm-180gb,B200,180GB,SXM,EFA,3Y,NonInterruptible,Reserved,US-East,US,HIF,T1IF,T1,6.1524,True,local-nvme;managed-ops-plane;support-tier;observability,Available,v2.4.0,panel,us-east-1
2026-08-25,aws,b200-sxm-180gb,B200,180GB,SXM,EFA,3Y,NonInterruptible,Reserved,US-East,US,HIF,T1IF,T1,6.1524,True,local-nvme;managed-ops-plane;support-tier;observability,Available,v2.4.0,panel,us-east-2
2026-08-25,aws,b200-sxm-180gb,B200,180GB,SXM,EFA,3Y,NonInterruptible,Reserved,US-West,US,HIF,T1IF,T1,6.1524,True,local-nvme;managed-ops-plane;support-tier;observability,Available,v2.4.0,panel,us-west-2
2026-08-25,aws,b200-sxm-180gb,B200,180GB,SXM,EFA,OnDemand,Interruptible,Spot,APAC,APAC,DIF,T2IF,T1,5.9586,False,,Available,v2.4.0,panel,ap-south-1c
2026-08-25,aws,b200-sxm-180gb,B200,180GB,SXM,EFA,OnDemand,Interruptible,Spot,US-East,US,DIF,T2IF,T1,5.2019,False,,Available,v2.4.0,panel,us-east-1d
2026-08-25,aws,b200-sxm-180gb,B200,180GB,SXM,EFA,OnDemand,Interruptible,Spot,US-East,US,DIF,T2IF,T1,5.2303,False,,Available,v2.4.0,panel,us-east-2a
2026-08-25,aws,b200-sxm-180gb,B200,180GB,SXM,EFA,OnDemand,Interruptible,Spot,US-East,US,DIF,T2IF,T1,5.1876,False,,Available,v2.4.0,panel,us-east-2b
2026-08-25,aws,b200-sxm-180gb,B200,180GB,SXM,EFA,OnDemand,Interruptible,Spot,US-East,US,DIF,T2IF,T1,5.2104,False,,Available,v2.4.0,panel,us-east-2c
2026-08-25,aws,b200-sxm-180gb,B200,180GB,SXM,EFA,OnDemand,Interruptible,Spot,US-West,US,DIF,T2IF,T1,5.1905,False,,Available,v2.4.0,panel,us-west-2a
2026-08-25,aws,b200-sxm-180gb,B200,180GB,SXM,EFA,OnDemand,Interruptible,Spot,US-West,US,DIF,T2IF,T1,5.2394,False,,Available,v2.4.0,panel,us-west-2b
2026-08-25,aws,b200-sxm-180gb,B200,180GB,SXM,EFA,OnDemand,Interruptible,Spot,US-West,US,DIF,T2IF,T1,5.2436,False,,Available,v2.4.0,panel,us-west-2d
2026-08-25,aws_capacity_blocks,b200-sxm-180gb,B200,180GB,SXM,EFA,CapacityBlock,NonInterruptible,Reserved,Other,Other,HIF,T2IF,T1,12.3550,False,,Available,v2.4.0,term-panel,non-us
2026-08-25,aws_capacity_blocks,b200-sxm-180gb,B200,180GB,SXM,EFA,CapacityBlock,NonInterruptible,Reserved,US-East,US,HIF,T2IF,T1,12.3550,False,,Available,v2.4.0,term-panel,us-east-1
2026-08-25,civo,b200-sxm-180gb,B200,180GB,SXM,Unknown,1Y,NonInterruptible,Reserved,Other,Other,SIF,T2IF,T2,4.4900,False,,Available,v2.4.0,panel,
2026-08-25,civo,b200-sxm-180gb,B200,180GB,SXM,Unknown,2Y,NonInterruptible,Reserved,Other,Other,SIF,T2IF,T2,3.9900,False,,Available,v2.4.0,panel,
2026-08-25,civo,b200-sxm-180gb,B200,180GB,SXM,Unknown,3Y,NonInterruptible,Reserved,Other,Other,SIF,T2IF,T2,3.7900,False,,Available,v2.4.0,panel,
2026-08-25,cloudrift,b200-sxm-180gb,B200,180GB,SXM,,1M,NonInterruptible,Reserved,US-East,US,SIF,T2IF,T2,3.6000,False,,Available,v2.4.0,term-panel,US
2026-08-25,cloudrift,b200-sxm-180gb,B200,180GB,SXM,,3M,NonInterruptible,Reserved,US-East,US,SIF,T2IF,T2,3.2400,False,,Available,v2.4.0,term-panel,US
2026-08-25,coreweave,b200-sxm-180gb,B200,180GB,SXM,IB-NDR,OnDemand,NonInterruptible,OnDemand,EU,EU,IIF,T1IF,T2,8.6000,True,local-nvme;free-egress;support-tier;observability;managed-ops-plane,Available,v2.4.0,panel,EU
2026-08-25,coreweave,b200-sxm-180gb,B200,180GB,SXM,IB-NDR,OnDemand,NonInterruptible,OnDemand,US-East,US,IIF,T1IF,T2,8.6000,True,local-nvme;free-egress;support-tier;observability;managed-ops-plane,Available,v2.4.0,panel,US
2026-08-25,coreweave,b200-sxm-180gb,B200,180GB,SXM,IB-NDR,OnDemand,Interruptible,Spot,EU,EU,DIF,T1IF,T2,4.3588,True,local-nvme;free-egress;support-tier;observability;managed-ops-plane,Available,v2.4.0,panel,EU
2026-08-25,coreweave,b200-sxm-180gb,B200,180GB,SXM,IB-NDR,OnDemand,Interruptible,Spot,US-East,US,DIF,T1IF,T2,4.2638,True,local-nvme;free-egress;support-tier;observability;managed-ops-plane,Available,v2.4.0,panel,US
2026-08-25,datacrunch,b200-sxm-180gb,B200,180GB,SXM,IB-NDR,OnDemand,NonInterruptible,OnDemand,EU,EU,SIF,T2IF,T2,6.1100,True,local-nvme,Available,v2.4.0,panel,EU-FI
2026-08-25,datacrunch,b200-sxm-180gb,B200,180GB,SXM,IB-NDR,1M,NonInterruptible,Reserved,EU,EU,SIF,T2IF,T2,5.9878,True,local-nvme,Available,v2.4.0,panel,EU-FI
2026-08-25,datacrunch,b200-sxm-180gb,B200,180GB,SXM,IB-NDR,1Y,NonInterruptible,Reserved,EU,EU,SIF,T2IF,T2,5.6212,True,local-nvme,Available,v2.4.0,panel,EU-FI
2026-08-25,datacrunch,b200-sxm-180gb,B200,180GB,SXM,IB-NDR,2Y,NonInterruptible,Reserved,EU,EU,SIF,T2IF,T2,4.5825,True,local-nvme,Available,v2.4.0,panel,EU-FI
2026-08-25,datacrunch,b200-sxm-180gb,B200,180GB,SXM,IB-NDR,3M,NonInterruptible,Reserved,EU,EU,SIF,T2IF,T2,5.9267,True,local-nvme,Available,v2.4.0,panel,EU-FI
2026-08-25,datacrunch,b200-sxm-180gb,B200,180GB,SXM,IB-NDR,6M,NonInterruptible,Reserved,EU,EU,SIF,T2IF,T2,5.8656,True,local-nvme,Available,v2.4.0,panel,EU-FI
2026-08-25,datacrunch,b200-sxm-180gb,B200,180GB,SXM,IB-NDR,OnDemand,Interruptible,Spot,EU,EU,DIF,T2IF,T2,3.0550,True,local-nvme,Available,v2.4.0,panel,EU-FI
2026-08-25,deepinfra_gpu,b200-sxm-180gb,B200,180GB,SXM,,OnDemand,NonInterruptible,OnDemand,Other,Other,SIF,T2IF,T2,3.6900,False,,Available,v2.4.0,panel,undisclosed
2026-08-25,e2e,b200-sxm-180gb,B200,180GB,SXM,IB-NDR,OnDemand,NonInterruptible,OnDemand,APAC,APAC,IIF,T2IF,T2,6.9900,False,,Available,v2.4.0,panel,India
2026-08-25,e2e,b200-sxm-180gb,B200,180GB,SXM,IB-NDR,1M,NonInterruptible,Reserved,APAC,APAC,IIF,T2IF,T2,6.9211,False,,Available,v2.4.0,panel,India
2026-08-25,e2e,b200-sxm-180gb,B200,180GB,SXM,IB-NDR,1Y,NonInterruptible,Reserved,APAC,APAC,IIF,T2IF,T2,6.2888,False,,Available,v2.4.0,panel,India
2026-08-25,gcp,b200-sxm-180gb,B200,180GB,SXM,IB-NDR,OnDemand,NonInterruptible,OnDemand,APAC,APAC,HIF,T1IF,T1,19.3320,True,local-nvme;managed-ops-plane;support-tier;observability,Available,v2.4.0,panel,asia-southeast1
2026-08-25,gcp,b200-sxm-180gb,B200,180GB,SXM,IB-NDR,OnDemand,NonInterruptible,OnDemand,EU,EU,HIF,T1IF,T1,17.7210,True,local-nvme;managed-ops-plane;support-tier;observability,Available,v2.4.0,panel,europe-west4
2026-08-25,gcp,b200-sxm-180gb,B200,180GB,SXM,IB-NDR,OnDemand,NonInterruptible,OnDemand,US-Central,US,HIF,T1IF,T1,16.1100,True,local-nvme;managed-ops-plane;support-tier;observability,Available,v2.4.0,panel,us-central1
2026-08-25,gcp,b200-sxm-180gb,B200,180GB,SXM,IB-NDR,OnDemand,NonInterruptible,OnDemand,US-East,US,HIF,T1IF,T1,16.1100,True,local-nvme;managed-ops-plane;support-tier;observability,Available,v2.4.0,panel,us-east1
2026-08-25,gcp,b200-sxm-180gb,B200,180GB,SXM,IB-NDR,1Y,NonInterruptible,Reserved,APAC,APAC,HIF,T1IF,T1,13.3391,True,local-nvme;managed-ops-plane;support-tier;observability,Available,v2.4.0,panel,asia-northeast1
2026-08-25,gcp,b200-sxm-180gb,B200,180GB,SXM,IB-NDR,1Y,NonInterruptible,Reserved,APAC,APAC,HIF,T1IF,T1,13.3391,True,local-nvme;managed-ops-plane;support-tier;observability,Available,v2.4.0,panel,asia-southeast1
2026-08-25,gcp,b200-sxm-180gb,B200,180GB,SXM,IB-NDR,1Y,NonInterruptible,Reserved,EU,EU,HIF,T1IF,T1,12.2275,True,local-nvme;managed-ops-plane;support-tier;observability,Available,v2.4.0,panel,europe-west4
2026-08-25,gcp,b200-sxm-180gb,B200,180GB,SXM,IB-NDR,1Y,NonInterruptible,Reserved,US-Central,US,HIF,T1IF,T1,11.1159,True,local-nvme;managed-ops-plane;support-tier;observability,Available,v2.4.0,panel,us-central1
2026-08-25,gcp,b200-sxm-180gb,B200,180GB,SXM,IB-NDR,1Y,NonInterruptible,Reserved,US-East,US,HIF,T1IF,T1,11.1159,True,local-nvme;managed-ops-plane;support-tier;observability,Available,v2.4.0,panel,us-east1
2026-08-25,gcp,b200-sxm-180gb,B200,180GB,SXM,IB-NDR,1Y,NonInterruptible,Reserved,US-South,US,HIF,T1IF,T1,11.1159,True,local-nvme;managed-ops-plane;support-tier;observability,Available,v2.4.0,panel,us-south1
2026-08-25,gcp,b200-sxm-180gb,B200,180GB,SXM,IB-NDR,1Y,NonInterruptible,Reserved,US-West,US,HIF,T1IF,T1,11.1159,True,local-nvme;managed-ops-plane;support-tier;observability,Available,v2.4.0,panel,us-west1
2026-08-25,gcp,b200-sxm-180gb,B200,180GB,SXM,IB-NDR,1Y,NonInterruptible,Reserved,US-West,US,HIF,T1IF,T1,11.1159,True,local-nvme;managed-ops-plane;support-tier;observability,Available,v2.4.0,panel,us-west2
2026-08-25,gcp,b200-sxm-180gb,B200,180GB,SXM,IB-NDR,1Y,NonInterruptible,Reserved,US-West,US,HIF,T1IF,T1,11.1159,True,local-nvme;managed-ops-plane;support-tier;observability,Available,v2.4.0,panel,us-west3
2026-08-25,gcp,b200-sxm-180gb,B200,180GB,SXM,IB-NDR,1Y,NonInterruptible,Reserved,US-West,US,HIF,T1IF,T1,11.1159,True,local-nvme;managed-ops-plane;support-tier;observability,Available,v2.4.0,panel,us-west4
2026-08-25,gcp,b200-sxm-180gb,B200,180GB,SXM,IB-NDR,3Y,NonInterruptible,Reserved,APAC,APAC,HIF,T1IF,T1,8.5061,True,local-nvme;managed-ops-plane;support-tier;observability,Available,v2.4.0,panel,asia-northeast1
2026-08-25,gcp,b200-sxm-180gb,B200,180GB,SXM,IB-NDR,3Y,NonInterruptible,Reserved,APAC,APAC,HIF,T1IF,T1,8.5061,True,local-nvme;managed-ops-plane;support-tier;observability,Available,v2.4.0,panel,asia-southeast1
2026-08-25,gcp,b200-sxm-180gb,B200,180GB,SXM,IB-NDR,3Y,NonInterruptible,Reserved,EU,EU,HIF,T1IF,T1,7.7972,True,local-nvme;managed-ops-plane;support-tier;observability,Available,v2.4.0,panel,europe-west4
2026-08-25,gcp,b200-sxm-180gb,B200,180GB,SXM,IB-NDR,3Y,NonInterruptible,Reserved,US-Central,US,HIF,T1IF,T1,7.0884,True,local-nvme;managed-ops-plane;support-tier;observability,Available,v2.4.0,panel,us-central1
2026-08-25,gcp,b200-sxm-180gb,B200,180GB,SXM,IB-NDR,3Y,NonInterruptible,Reserved,US-East,US,HIF,T1IF,T1,7.0884,True,local-nvme;managed-ops-plane;support-tier;observability,Available,v2.4.0,panel,us-east1
2026-08-25,gcp,b200-sxm-180gb,B200,180GB,SXM,IB-NDR,3Y,NonInterruptible,Reserved,US-South,US,HIF,T1IF,T1,7.0884,True,local-nvme;managed-ops-plane;support-tier;observability,Available,v2.4.0,panel,us-south1
2026-08-25,gcp,b200-sxm-180gb,B200,180GB,SXM,IB-NDR,3Y,NonInterruptible,Reserved,US-West,US,HIF,T1IF,T1,7.0884,True,local-nvme;managed-ops-plane;support-tier;observability,Available,v2.4.0,panel,us-west1
2026-08-25,gcp,b200-sxm-180gb,B200,180GB,SXM,IB-NDR,3Y,NonInterruptible,Reserved,US-West,US,HIF,T1IF,T1,7.0884,True,local-nvme;managed-ops-plane;support-tier;observability,Available,v2.4.0,panel,us-west2
2026-08-25,gcp,b200-sxm-180gb,B200,180GB,SXM,IB-NDR,3Y,NonInterruptible,Reserved,US-West,US,HIF,T1IF,T1,7.0884,True,local-nvme;managed-ops-plane;support-tier;observability,Available,v2.4.0,panel,us-west3
2026-08-25,gcp,b200-sxm-180gb,B200,180GB,SXM,IB-NDR,3Y,NonInterruptible,Reserved,US-West,US,HIF,T1IF,T1,7.0884,True,local-nvme;managed-ops-plane;support-tier;observability,Available,v2.4.0,panel,us-west4
2026-08-25,gcp,b200-sxm-180gb,B200,180GB,SXM,IB-NDR,OnDemand,Interruptible,Spot,APAC,APAC,DIF,T1IF,T1,5.9316,True,local-nvme;managed-ops-plane;support-tier;observability,Available,v2.4.0,panel,asia-northeast1
2026-08-25,gcp,b200-sxm-180gb,B200,180GB,SXM,IB-NDR,OnDemand,Interruptible,Spot,APAC,APAC,DIF,T1IF,T1,4.9021,True,local-nvme;managed-ops-plane;support-tier;observability,Available,v2.4.0,panel,asia-southeast1
2026-08-25,gcp,b200-sxm-180gb,B200,180GB,SXM,IB-NDR,OnDemand,Interruptible,Spot,EU,EU,DIF,T1IF,T1,5.4373,True,local-nvme;managed-ops-plane;support-tier;observability,Available,v2.4.0,panel,europe-north1
2026-08-25,gcp,b200-sxm-180gb,B200,180GB,SXM,IB-NDR,OnDemand,Interruptible,Spot,EU,EU,DIF,T1IF,T1,1.9931,True,local-nvme;managed-ops-plane;support-tier;observability,Available,v2.4.0,panel,europe-west1
2026-08-25,gcp,b200-sxm-180gb,B200,180GB,SXM,IB-NDR,OnDemand,Interruptible,Spot,EU,EU,DIF,T1IF,T1,4.4722,True,local-nvme;managed-ops-plane;support-tier;observability,Available,v2.4.0,panel,europe-west4
2026-08-25,gcp,b200-sxm-180gb,B200,180GB,SXM,IB-NDR,OnDemand,Interruptible,Spot,US-Central,US,DIF,T1IF,T1,4.9542,True,local-nvme;managed-ops-plane;support-tier;observability,Available,v2.4.0,panel,us-central1
2026-08-25,gcp,b200-sxm-180gb,B200,180GB,SXM,IB-NDR,OnDemand,Interruptible,Spot,US-East,US,DIF,T1IF,T1,4.9542,True,local-nvme;managed-ops-plane;support-tier;observability,Available,v2.4.0,panel,us-east1
2026-08-25,gcp,b200-sxm-180gb,B200,180GB,SXM,IB-NDR,OnDemand,Interruptible,Spot,US-East,US,DIF,T1IF,T1,4.0758,True,local-nvme;managed-ops-plane;support-tier;observability,Available,v2.4.0,panel,us-east4
2026-08-25,gcp,b200-sxm-180gb,B200,180GB,SXM,IB-NDR,OnDemand,Interruptible,Spot,US-South,US,DIF,T1IF,T1,4.4936,True,local-nvme;managed-ops-plane;support-tier;observability,Available,v2.4.0,panel,us-south1
2026-08-25,gcp,b200-sxm-180gb,B200,180GB,SXM,IB-NDR,OnDemand,Interruptible,Spot,US-West,US,DIF,T1IF,T1,4.2592,True,local-nvme;managed-ops-plane;support-tier;observability,Available,v2.4.0,panel,us-west2
2026-08-25,gcp,b200-sxm-180gb,B200,180GB,SXM,IB-NDR,OnDemand,Interruptible,Spot,US-West,US,DIF,T1IF,T1,4.6958,True,local-nvme;managed-ops-plane;support-tier;observability,Available,v2.4.0,panel,us-west3
2026-08-25,gcp_cud,b200-sxm-180gb,B200,180GB,SXM,IB-NDR,1Y,NonInterruptible,Reserved,APAC,APAC,HIF,T2IF,T1,13.3391,False,,Available,v2.4.0,candidate,asia-northeast1
2026-08-25,gcp_cud,b200-sxm-180gb,B200,180GB,SXM,IB-NDR,1Y,NonInterruptible,Reserved,APAC,APAC,HIF,T2IF,T1,13.3391,False,,Available,v2.4.0,candidate,asia-southeast1
2026-08-25,gcp_cud,b200-sxm-180gb,B200,180GB,SXM,IB-NDR,1Y,NonInterruptible,Reserved,EU,EU,HIF,T2IF,T1,12.2275,False,,Available,v2.4.0,candidate,europe-west4
2026-08-25,gcp_cud,b200-sxm-180gb,B200,180GB,SXM,IB-NDR,1Y,NonInterruptible,Reserved,US-Central,US,HIF,T2IF,T1,11.1159,False,,Available,v2.4.0,candidate,us-central1
2026-08-25,gcp_cud,b200-sxm-180gb,B200,180GB,SXM,IB-NDR,1Y,NonInterruptible,Reserved,US-East,US,HIF,T2IF,T1,11.1159,False,,Available,v2.4.0,candidate,us-east1
2026-08-25,gcp_cud,b200-sxm-180gb,B200,180GB,SXM,IB-NDR,1Y,NonInterruptible,Reserved,US-South,US,HIF,T2IF,T1,11.1159,False,,Available,v2.4.0,candidate,us-south1
2026-08-25,gcp_cud,b200-sxm-180gb,B200,180GB,SXM,IB-NDR,1Y,NonInterruptible,Reserved,US-West,US,HIF,T2IF,T1,11.1159,False,,Available,v2.4.0,candidate,us-west1
2026-08-25,gcp_cud,b200-sxm-180gb,B200,180GB,SXM,IB-NDR,1Y,NonInterruptible,Reserved,US-West,US,HIF,T2IF,T1,11.1159,False,,Available,v2.4.0,candidate,us-west2
2026-08-25,gcp_cud,b200-sxm-180gb,B200,180GB,SXM,IB-NDR,1Y,NonInterruptible,Reserved,US-West,US,HIF,T2IF,T1,11.1159,False,,Available,v2.4.0,candidate,us-west3
2026-08-25,gcp_cud,b200-sxm-180gb,B200,180GB,SXM,IB-NDR,1Y,NonInterruptible,Reserved,US-West,US,HIF,T2IF,T1,11.1159,False,,Available,v2.4.0,candidate,us-west4
2026-08-25,gcp_cud,b200-sxm-180gb,B200,180GB,SXM,IB-NDR,3Y,NonInterruptible,Reserved,APAC,APAC,HIF,T2IF,T1,8.5061,False,,Available,v2.4.0,candidate,asia-northeast1
2026-08-25,gcp_cud,b200-sxm-180gb,B200,180GB,SXM,IB-NDR,3Y,NonInterruptible,Reserved,APAC,APAC,HIF,T2IF,T1,8.5061,False,,Available,v2.4.0,candidate,asia-southeast1
2026-08-25,gcp_cud,b200-sxm-180gb,B200,180GB,SXM,IB-NDR,3Y,NonInterruptible,Reserved,EU,EU,HIF,T2IF,T1,7.7972,False,,Available,v2.4.0,candidate,europe-west4
2026-08-25,gcp_cud,b200-sxm-180gb,B200,180GB,SXM,IB-NDR,3Y,NonInterruptible,Reserved,US-Central,US,HIF,T2IF,T1,7.0884,False,,Available,v2.4.0,candidate,us-central1
2026-08-25,gcp_cud,b200-sxm-180gb,B200,180GB,SXM,IB-NDR,3Y,NonInterruptible,Reserved,US-East,US,HIF,T2IF,T1,7.0884,False,,Available,v2.4.0,candidate,us-east1
2026-08-25,gcp_cud,b200-sxm-180gb,B200,180GB,SXM,IB-NDR,3Y,NonInterruptible,Reserved,US-South,US,HIF,T2IF,T1,7.0884,False,,Available,v2.4.0,candidate,us-south1
2026-08-25,gcp_cud,b200-sxm-180gb,B200,180GB,SXM,IB-NDR,3Y,NonInterruptible,Reserved,US-West,US,HIF,T2IF,T1,7.0884,False,,Available,v2.4.0,candidate,us-west1
2026-08-25,gcp_cud,b200-sxm-180gb,B200,180GB,SXM,IB-NDR,3Y,NonInterruptible,Reserved,US-West,US,HIF,T2IF,T1,7.0884,False,,Available,v2.4.0,candidate,us-west2
2026-08-25,gcp_cud,b200-sxm-180gb,B200,180GB,SXM,IB-NDR,3Y,NonInterruptible,Reserved,US-West,US,HIF,T2IF,T1,7.0884,False,,Available,v2.4.0,candidate,us-west3
2026-08-25,gcp_cud,b200-sxm-180gb,B200,180GB,SXM,IB-NDR,3Y,NonInterruptible,Reserved,US-West,US,HIF,T2IF,T1,7.0884,False,,Available,v2.4.0,candidate,us-west4
2026-08-25,gcp_dws,b200-sxm-180gb,B200,180GB,SXM,IB-NDR,FlexStart,NonInterruptible,Reserved,US-Central,US,HIF,T2IF,T1,8.0550,False,,Available,v2.4.0,term-panel,us-central1
2026-08-25,gmi_cloud,b200-sxm-180gb,B200,180GB,SXM,IB-NDR,OnDemand,NonInterruptible,OnDemand,US-East,US,IIF,T2IF,T2,4.0000,False,,Available,v2.4.0,candidate,US
2026-08-25,hyperstack,b200-sxm-180gb,B200,180GB,SXM,IB-NDR,OnDemand,NonInterruptible,OnDemand,Other,Other,SIF,T2IF,T2,6.0000,True,local-nvme,Available,v2.4.0,panel,Multi
2026-08-25,hyperstack,b200-sxm-180gb,B200,180GB,SXM,IB-NDR,6M,NonInterruptible,Reserved,Other,Other,SIF,T2IF,T2,5.1000,True,local-nvme,Available,v2.4.0,panel,Multi
2026-08-25,koyeb,b200-sxm-180gb,B200,180GB,SXM,Unknown,OnDemand,NonInterruptible,OnDemand,Other,Other,SIF,T2IF,T2,5.5000,False,,Available,v2.4.0,candidate,Multi
2026-08-25,lambda,b200-sxm-180gb,B200,180GB,SXM,IB-NDR,OnDemand,NonInterruptible,OnDemand,US-East,US,IIF,T2IF,T2,6.6900,True,local-nvme,SoldOut,v2.4.0,panel,US
2026-08-25,lambda,b200-sxm-180gb,B200,180GB,SXM,IB-NDR,ReservedBand,NonInterruptible,Reserved,US-East,US,IIF,T2IF,T2,9.8600,True,local-nvme,Available,v2.4.0,panel,US
2026-08-25,massed_compute,b200-sxm-180gb,B200,180GB,SXM,Unknown,OnDemand,NonInterruptible,OnDemand,US-East,US,DIF,T3IF,T3,5.4325,False,,Available,v2.4.0,panel,US
2026-08-25,nebius,b200-sxm-180gb,B200,180GB,SXM,IB-NDR,OnDemand,NonInterruptible,OnDemand,Other,Other,IIF,T1IF,T2,7.1500,True,observability;managed-ops-plane;free-egress,Available,v2.4.0,panel,
2026-08-25,nebius,b200-sxm-180gb,B200,180GB,SXM,IB-NDR,OnDemand,Interruptible,Spot,Other,Other,DIF,T1IF,T2,3.9500,True,observability;managed-ops-plane;free-egress,Available,v2.4.0,panel,
2026-08-25,oci,b200-sxm-180gb,B200,180GB,SXM,RoCE-v2,OnDemand,NonInterruptible,OnDemand,US-East,US,HIF,T1IF,T1,14.0000,True,local-nvme;egress-capped;managed-ops-plane;support-tier;observability,Available,v2.4.0,panel,us-ashburn-1
2026-08-25,qubrid,b200-sxm-180gb,B200,180GB,SXM,Unknown,1Y,NonInterruptible,Reserved,Other,Other,SIF,T2IF,T2,4.2500,False,,Available,v2.4.0,panel,
2026-08-25,runpod_community,b200-sxm-180gb,B200,180GB,SXM,Unknown,OnDemand,NonInterruptible,OnDemand,Other,Other,DIF,T3IF,T3,5.9800,False,,SoldOut,v2.4.0,panel,Global
2026-08-25,runpod_secure,b200-sxm-180gb,B200,180GB,SXM,IB-NDR,OnDemand,NonInterruptible,OnDemand,Other,Other,DIF,T2IF,T3,6.7900,True,local-nvme,Available,v2.4.0,panel,Global
2026-08-25,runpod_secure,b200-sxm-180gb,B200,180GB,SXM,IB-NDR,1Y,NonInterruptible,Reserved,Other,Other,DIF,T2IF,T3,6.7900,True,local-nvme,Available,v2.4.0,panel,Global
2026-08-25,runpod_secure,b200-sxm-180gb,B200,180GB,SXM,IB-NDR,3M,NonInterruptible,Reserved,Other,Other,DIF,T2IF,T3,6.7900,True,local-nvme,Available,v2.4.0,panel,Global
2026-08-25,runpod_secure,b200-sxm-180gb,B200,180GB,SXM,IB-NDR,6M,NonInterruptible,Reserved,Other,Other,DIF,T2IF,T3,6.7900,True,local-nvme,Available,v2.4.0,panel,Global
2026-08-25,shakti_cloud,b200-sxm-180gb,B200,180GB,SXM,IB-Unspecified,1M,NonInterruptible,Reserved,APAC,APAC,SIF,T2IF,T2,4.9397,False,,Available,v2.4.0,panel,IN
2026-08-25,spheron,b200-sxm-180gb,B200,180GB,SXM,Unknown,OnDemand,NonInterruptible,OnDemand,Other,Other,DIF,T3IF,T3,9.3600,False,,Available,v2.4.0,panel,me-west-1
2026-08-25,spheron,b200-sxm-180gb,B200,180GB,SXM,Unknown,OnDemand,NonInterruptible,OnDemand,US-Central,US,DIF,T3IF,T3,9.3600,False,,Available,v2.4.0,panel,us-central-1
2026-08-25,spheron,b200-sxm-180gb,B200,180GB,SXM,Unknown,OnDemand,Interruptible,Spot,Other,Other,DIF,T3IF,T3,5.3376,False,,Available,v2.4.0,panel,me-west-1
2026-08-25,spheron,b200-sxm-180gb,B200,180GB,SXM,Unknown,OnDemand,Interruptible,Spot,US-Central,US,DIF,T3IF,T3,5.3376,False,,Available,v2.4.0,panel,us-central-1
2026-08-25,together,b200-sxm-180gb,B200,180GB,SXM,IB-NDR,OnDemand,NonInterruptible,OnDemand,US-East,US,SIF,T1IF,T2,8.1900,True,local-nvme;support-tier;observability;managed-ops-plane,Available,v2.4.0,panel,US
2026-08-25,together,b200-sxm-180gb,B200,180GB,SXM,IB-NDR,1M,NonInterruptible,Reserved,US-East,US,SIF,T1IF,T2,7.9900,True,local-nvme;support-tier;observability;managed-ops-plane,Available,v2.4.0,panel,US
2026-08-25,together,b200-sxm-180gb,B200,180GB,SXM,IB-NDR,3M,NonInterruptible,Reserved,US-East,US,SIF,T1IF,T2,7.7900,True,local-nvme;support-tier;observability;managed-ops-plane,Available,v2.4.0,panel,US
2026-08-25,together,b200-sxm-180gb,B200,180GB,SXM,IB-NDR,6M,NonInterruptible,Reserved,US-East,US,SIF,T1IF,T2,6.7900,True,local-nvme;support-tier;observability;managed-ops-plane,Available,v2.4.0,panel,US
2026-08-25,upcloud,b200-sxm-180gb,B200,180GB,SXM,Unknown,OnDemand,NonInterruptible,OnDemand,EU,EU,SIF,T2IF,T2,5.2488,False,,Available,v2.4.0,panel,EU-FI
2026-08-25,upcloud,b200-sxm-180gb,B200,180GB,SXM,Unknown,OnDemand,Interruptible,Spot,EU,EU,DIF,T2IF,T2,3.9366,False,,Available,v2.4.0,panel,EU-FI
2026-08-25,vast_ai,b200-sxm-180gb,B200,180GB,SXM,IB-NDR,OnDemand,NonInterruptible,OnDemand,US-East,US,DIF,T3IF,T3,7.2500,True,local-nvme,Available,v2.4.0,marketplace,", US"
2026-08-25,vast_ai,b200-sxm-180gb,B200,180GB,SXM,IB-NDR,OnDemand,NonInterruptible,OnDemand,APAC,APAC,DIF,T3IF,T3,7.2500,True,local-nvme,Available,v2.4.0,marketplace,"INDIA, IN"
2026-08-25,vast_ai,b200-sxm-180gb,B200,180GB,SXM,IB-NDR,OnDemand,NonInterruptible,OnDemand,US-Central,US,DIF,T3IF,T3,5.6875,True,local-nvme,Available,v2.4.0,marketplace,"OHIO, US"
2026-08-25,vast_ai,b200-sxm-180gb,B200,180GB,SXM,IB-NDR,OnDemand,NonInterruptible,OnDemand,US-East,US,DIF,T3IF,T3,4.9313,True,local-nvme,Available,v2.4.0,marketplace,"VIRGINIA, US"
2026-08-25,vultr,b200-sxm-180gb,B200,180GB,SXM,Unknown,OnDemand,NonInterruptible,OnDemand,Other,Other,SIF,T2IF,T2,8.5000,False,,SoldOut,v2.4.0,panel,Multi
2026-08-25,vultr,b200-sxm-180gb,B200,180GB,SXM,Unknown,OnDemand,Interruptible,Spot,Other,Other,DIF,T2IF,T2,3.2000,False,,SoldOut,v2.4.0,panel,Multi
2026-08-26,aws,b200-sxm-180gb,B200,180GB,SXM,EFA,OnDemand,NonInterruptible,OnDemand,APAC,APAC,HIF,T1IF,T1,20.0807,True,local-nvme;managed-ops-plane;support-tier;observability,Available,v2.4.0,panel,ap-south-1
2026-08-26,aws,b200-sxm-180gb,B200,180GB,SXM,EFA,OnDemand,NonInterruptible,OnDemand,US-East,US,HIF,T1IF,T1,14.2416,True,local-nvme;managed-ops-plane;support-tier;observability,Available,v2.4.0,panel,us-east-1
2026-08-26,aws,b200-sxm-180gb,B200,180GB,SXM,EFA,OnDemand,NonInterruptible,OnDemand,US-East,US,HIF,T1IF,T1,14.2416,True,local-nvme;managed-ops-plane;support-tier;observability,Available,v2.4.0,panel,us-east-2
2026-08-26,aws,b200-sxm-180gb,B200,180GB,SXM,EFA,OnDemand,NonInterruptible,OnDemand,US-West,US,HIF,T1IF,T1,14.2416,True,local-nvme;managed-ops-plane;support-tier;observability,Available,v2.4.0,panel,us-west-2
2026-08-26,aws,b200-sxm-180gb,B200,180GB,SXM,EFA,3Y,NonInterruptible,Reserved,US-East,US,HIF,T1IF,T1,6.1524,True,local-nvme;managed-ops-plane;support-tier;observability,Available,v2.4.0,panel,us-east-1
2026-08-26,aws,b200-sxm-180gb,B200,180GB,SXM,EFA,3Y,NonInterruptible,Reserved,US-East,US,HIF,T1IF,T1,6.1524,True,local-nvme;managed-ops-plane;support-tier;observability,Available,v2.4.0,panel,us-east-2
2026-08-26,aws,b200-sxm-180gb,B200,180GB,SXM,EFA,3Y,NonInterruptible,Reserved,US-West,US,HIF,T1IF,T1,6.1524,True,local-nvme;managed-ops-plane;support-tier;observability,Available,v2.4.0,panel,us-west-2
2026-08-26,aws,b200-sxm-180gb,B200,180GB,SXM,EFA,OnDemand,Interruptible,Spot,APAC,APAC,DIF,T2IF,T1,5.9550,False,,Available,v2.4.0,panel,ap-south-1c
2026-08-26,aws,b200-sxm-180gb,B200,180GB,SXM,EFA,OnDemand,Interruptible,Spot,US-East,US,DIF,T2IF,T1,5.2044,False,,Available,v2.4.0,panel,us-east-1d
2026-08-26,aws,b200-sxm-180gb,B200,180GB,SXM,EFA,OnDemand,Interruptible,Spot,US-East,US,DIF,T2IF,T1,5.2331,False,,Available,v2.4.0,panel,us-east-2a
2026-08-26,aws,b200-sxm-180gb,B200,180GB,SXM,EFA,OnDemand,Interruptible,Spot,US-East,US,DIF,T2IF,T1,5.1896,False,,Available,v2.4.0,panel,us-east-2b
2026-08-26,aws,b200-sxm-180gb,B200,180GB,SXM,EFA,OnDemand,Interruptible,Spot,US-East,US,DIF,T2IF,T1,5.2123,False,,Available,v2.4.0,panel,us-east-2c
2026-08-26,aws,b200-sxm-180gb,B200,180GB,SXM,EFA,OnDemand,Interruptible,Spot,US-West,US,DIF,T2IF,T1,5.1905,False,,Available,v2.4.0,panel,us-west-2a
2026-08-26,aws,b200-sxm-180gb,B200,180GB,SXM,EFA,OnDemand,Interruptible,Spot,US-West,US,DIF,T2IF,T1,5.2396,False,,Available,v2.4.0,panel,us-west-2b
2026-08-26,aws,b200-sxm-180gb,B200,180GB,SXM,EFA,OnDemand,Interruptible,Spot,US-West,US,DIF,T2IF,T1,5.2410,False,,Available,v2.4.0,panel,us-west-2d
2026-08-26,aws_capacity_blocks,b200-sxm-180gb,B200,180GB,SXM,EFA,CapacityBlock,NonInterruptible,Reserved,Other,Other,HIF,T2IF,T1,12.3550,False,,Available,v2.4.0,term-panel,non-us
2026-08-26,aws_capacity_blocks,b200-sxm-180gb,B200,180GB,SXM,EFA,CapacityBlock,NonInterruptible,Reserved,US-East,US,HIF,T2IF,T1,12.3550,False,,Available,v2.4.0,term-panel,us-east-1
2026-08-26,civo,b200-sxm-180gb,B200,180GB,SXM,Unknown,1Y,NonInterruptible,Reserved,Other,Other,SIF,T2IF,T2,4.4900,False,,Available,v2.4.0,panel,
2026-08-26,civo,b200-sxm-180gb,B200,180GB,SXM,Unknown,2Y,NonInterruptible,Reserved,Other,Other,SIF,T2IF,T2,3.9900,False,,Available,v2.4.0,panel,
2026-08-26,civo,b200-sxm-180gb,B200,180GB,SXM,Unknown,3Y,NonInterruptible,Reserved,Other,Other,SIF,T2IF,T2,3.7900,False,,Available,v2.4.0,panel,
2026-08-26,cloudrift,b200-sxm-180gb,B200,180GB,SXM,,1M,NonInterruptible,Reserved,US-East,US,SIF,T2IF,T2,3.6000,False,,Available,v2.4.0,term-panel,US
2026-08-26,cloudrift,b200-sxm-180gb,B200,180GB,SXM,,3M,NonInterruptible,Reserved,US-East,US,SIF,T2IF,T2,3.2400,False,,Available,v2.4.0,term-panel,US
2026-08-26,coreweave,b200-sxm-180gb,B200,180GB,SXM,IB-NDR,OnDemand,NonInterruptible,OnDemand,EU,EU,IIF,T1IF,T2,8.6000,True,local-nvme;free-egress;support-tier;observability;managed-ops-plane,Available,v2.4.0,panel,EU
2026-08-26,coreweave,b200-sxm-180gb,B200,180GB,SXM,IB-NDR,OnDemand,NonInterruptible,OnDemand,US-East,US,IIF,T1IF,T2,8.6000,True,local-nvme;free-egress;support-tier;observability;managed-ops-plane,Available,v2.4.0,panel,US
2026-08-26,coreweave,b200-sxm-180gb,B200,180GB,SXM,IB-NDR,OnDemand,Interruptible,Spot,EU,EU,DIF,T1IF,T2,4.3588,True,local-nvme;free-egress;support-tier;observability;managed-ops-plane,Available,v2.4.0,panel,EU
2026-08-26,coreweave,b200-sxm-180gb,B200,180GB,SXM,IB-NDR,OnDemand,Interruptible,Spot,US-East,US,DIF,T1IF,T2,4.2638,True,local-nvme;free-egress;support-tier;observability;managed-ops-plane,Available,v2.4.0,panel,US
2026-08-26,datacrunch,b200-sxm-180gb,B200,180GB,SXM,IB-NDR,OnDemand,NonInterruptible,OnDemand,EU,EU,SIF,T2IF,T2,6.1100,True,local-nvme,Available,v2.4.0,panel,EU-FI
2026-08-26,datacrunch,b200-sxm-180gb,B200,180GB,SXM,IB-NDR,1M,NonInterruptible,Reserved,EU,EU,SIF,T2IF,T2,5.9878,True,local-nvme,Available,v2.4.0,panel,EU-FI
2026-08-26,datacrunch,b200-sxm-180gb,B200,180GB,SXM,IB-NDR,1Y,NonInterruptible,Reserved,EU,EU,SIF,T2IF,T2,5.6212,True,local-nvme,Available,v2.4.0,panel,EU-FI
2026-08-26,datacrunch,b200-sxm-180gb,B200,180GB,SXM,IB-NDR,2Y,NonInterruptible,Reserved,EU,EU,SIF,T2IF,T2,4.5825,True,local-nvme,Available,v2.4.0,panel,EU-FI
2026-08-26,datacrunch,b200-sxm-180gb,B200,180GB,SXM,IB-NDR,3M,NonInterruptible,Reserved,EU,EU,SIF,T2IF,T2,5.9267,True,local-nvme,Available,v2.4.0,panel,EU-FI
2026-08-26,datacrunch,b200-sxm-180gb,B200,180GB,SXM,IB-NDR,6M,NonInterruptible,Reserved,EU,EU,SIF,T2IF,T2,5.8656,True,local-nvme,Available,v2.4.0,panel,EU-FI
2026-08-26,datacrunch,b200-sxm-180gb,B200,180GB,SXM,IB-NDR,OnDemand,Interruptible,Spot,EU,EU,DIF,T2IF,T2,3.0550,True,local-nvme,Available,v2.4.0,panel,EU-FI
2026-08-26,deepinfra_gpu,b200-sxm-180gb,B200,180GB,SXM,,OnDemand,NonInterruptible,OnDemand,Other,Other,SIF,T2IF,T2,3.6900,False,,Available,v2.4.0,panel,undisclosed
2026-08-26,e2e,b200-sxm-180gb,B200,180GB,SXM,IB-NDR,OnDemand,NonInterruptible,OnDemand,APAC,APAC,IIF,T2IF,T2,6.9900,False,,Available,v2.4.0,panel,India
2026-08-26,e2e,b200-sxm-180gb,B200,180GB,SXM,IB-NDR,1M,NonInterruptible,Reserved,APAC,APAC,IIF,T2IF,T2,6.9211,False,,Available,v2.4.0,panel,India
2026-08-26,e2e,b200-sxm-180gb,B200,180GB,SXM,IB-NDR,1Y,NonInterruptible,Reserved,APAC,APAC,IIF,T2IF,T2,6.2888,False,,Available,v2.4.0,panel,India
2026-08-26,gcp,b200-sxm-180gb,B200,180GB,SXM,IB-NDR,OnDemand,NonInterruptible,OnDemand,APAC,APAC,HIF,T1IF,T1,19.3320,True,local-nvme;managed-ops-plane;support-tier;observability,Available,v2.4.0,panel,asia-southeast1
2026-08-26,gcp,b200-sxm-180gb,B200,180GB,SXM,IB-NDR,OnDemand,NonInterruptible,OnDemand,EU,EU,HIF,T1IF,T1,17.7210,True,local-nvme;managed-ops-plane;support-tier;observability,Available,v2.4.0,panel,europe-west4
2026-08-26,gcp,b200-sxm-180gb,B200,180GB,SXM,IB-NDR,OnDemand,NonInterruptible,OnDemand,US-Central,US,HIF,T1IF,T1,16.1100,True,local-nvme;managed-ops-plane;support-tier;observability,Available,v2.4.0,panel,us-central1
2026-08-26,gcp,b200-sxm-180gb,B200,180GB,SXM,IB-NDR,OnDemand,NonInterruptible,OnDemand,US-East,US,HIF,T1IF,T1,16.1100,True,local-nvme;managed-ops-plane;support-tier;observability,Available,v2.4.0,panel,us-east1
2026-08-26,gcp,b200-sxm-180gb,B200,180GB,SXM,IB-NDR,1Y,NonInterruptible,Reserved,APAC,APAC,HIF,T1IF,T1,13.3391,True,local-nvme;managed-ops-plane;support-tier;observability,Available,v2.4.0,panel,asia-northeast1
2026-08-26,gcp,b200-sxm-180gb,B200,180GB,SXM,IB-NDR,1Y,NonInterruptible,Reserved,APAC,APAC,HIF,T1IF,T1,13.3391,True,local-nvme;managed-ops-plane;support-tier;observability,Available,v2.4.0,panel,asia-southeast1
2026-08-26,gcp,b200-sxm-180gb,B200,180GB,SXM,IB-NDR,1Y,NonInterruptible,Reserved,EU,EU,HIF,T1IF,T1,12.2275,True,local-nvme;managed-ops-plane;support-tier;observability,Available,v2.4.0,panel,europe-west4
2026-08-26,gcp,b200-sxm-180gb,B200,180GB,SXM,IB-NDR,1Y,NonInterruptible,Reserved,US-Central,US,HIF,T1IF,T1,11.1159,True,local-nvme;managed-ops-plane;support-tier;observability,Available,v2.4.0,panel,us-central1
2026-08-26,gcp,b200-sxm-180gb,B200,180GB,SXM,IB-NDR,1Y,NonInterruptible,Reserved,US-East,US,HIF,T1IF,T1,11.1159,True,local-nvme;managed-ops-plane;support-tier;observability,Available,v2.4.0,panel,us-east1
2026-08-26,gcp,b200-sxm-180gb,B200,180GB,SXM,IB-NDR,1Y,NonInterruptible,Reserved,US-South,US,HIF,T1IF,T1,11.1159,True,local-nvme;managed-ops-plane;support-tier;observability,Available,v2.4.0,panel,us-south1
2026-08-26,gcp,b200-sxm-180gb,B200,180GB,SXM,IB-NDR,1Y,NonInterruptible,Reserved,US-West,US,HIF,T1IF,T1,11.1159,True,local-nvme;managed-ops-plane;support-tier;observability,Available,v2.4.0,panel,us-west1
2026-08-26,gcp,b200-sxm-180gb,B200,180GB,SXM,IB-NDR,1Y,NonInterruptible,Reserved,US-West,US,HIF,T1IF,T1,11.1159,True,local-nvme;managed-ops-plane;support-tier;observability,Available,v2.4.0,panel,us-west2
2026-08-26,gcp,b200-sxm-180gb,B200,180GB,SXM,IB-NDR,1Y,NonInterruptible,Reserved,US-West,US,HIF,T1IF,T1,11.1159,True,local-nvme;managed-ops-plane;support-tier;observability,Available,v2.4.0,panel,us-west3
2026-08-26,gcp,b200-sxm-180gb,B200,180GB,SXM,IB-NDR,1Y,NonInterruptible,Reserved,US-West,US,HIF,T1IF,T1,11.1159,True,local-nvme;managed-ops-plane;support-tier;observability,Available,v2.4.0,panel,us-west4
2026-08-26,gcp,b200-sxm-180gb,B200,180GB,SXM,IB-NDR,3Y,NonInterruptible,Reserved,APAC,APAC,HIF,T1IF,T1,8.5061,True,local-nvme;managed-ops-plane;support-tier;observability,Available,v2.4.0,panel,asia-northeast1
2026-08-26,gcp,b200-sxm-180gb,B200,180GB,SXM,IB-NDR,3Y,NonInterruptible,Reserved,APAC,APAC,HIF,T1IF,T1,8.5061,True,local-nvme;managed-ops-plane;support-tier;observability,Available,v2.4.0,panel,asia-southeast1
2026-08-26,gcp,b200-sxm-180gb,B200,180GB,SXM,IB-NDR,3Y,NonInterruptible,Reserved,EU,EU,HIF,T1IF,T1,7.7972,True,local-nvme;managed-ops-plane;support-tier;observability,Available,v2.4.0,panel,europe-west4
2026-08-26,gcp,b200-sxm-180gb,B200,180GB,SXM,IB-NDR,3Y,NonInterruptible,Reserved,US-Central,US,HIF,T1IF,T1,7.0884,True,local-nvme;managed-ops-plane;support-tier;observability,Available,v2.4.0,panel,us-central1
2026-08-26,gcp,b200-sxm-180gb,B200,180GB,SXM,IB-NDR,3Y,NonInterruptible,Reserved,US-East,US,HIF,T1IF,T1,7.0884,True,local-nvme;managed-ops-plane;support-tier;observability,Available,v2.4.0,panel,us-east1
2026-08-26,gcp,b200-sxm-180gb,B200,180GB,SXM,IB-NDR,3Y,NonInterruptible,Reserved,US-South,US,HIF,T1IF,T1,7.0884,True,local-nvme;managed-ops-plane;support-tier;observability,Available,v2.4.0,panel,us-south1
2026-08-26,gcp,b200-sxm-180gb,B200,180GB,SXM,IB-NDR,3Y,NonInterruptible,Reserved,US-West,US,HIF,T1IF,T1,7.0884,True,local-nvme;managed-ops-plane;support-tier;observability,Available,v2.4.0,panel,us-west1
2026-08-26,gcp,b200-sxm-180gb,B200,180GB,SXM,IB-NDR,3Y,NonInterruptible,Reserved,US-West,US,HIF,T1IF,T1,7.0884,True,local-nvme;managed-ops-plane;support-tier;observability,Available,v2.4.0,panel,us-west2
2026-08-26,gcp,b200-sxm-180gb,B200,180GB,SXM,IB-NDR,3Y,NonInterruptible,Reserved,US-West,US,HIF,T1IF,T1,7.0884,True,local-nvme;managed-ops-plane;support-tier;observability,Available,v2.4.0,panel,us-west3
2026-08-26,gcp,b200-sxm-180gb,B200,180GB,SXM,IB-NDR,3Y,NonInterruptible,Reserved,US-West,US,HIF,T1IF,T1,7.0884,True,local-nvme;managed-ops-plane;support-tier;observability,Available,v2.4.0,panel,us-west4
2026-08-26,gcp,b200-sxm-180gb,B200,180GB,SXM,IB-NDR,OnDemand,Interruptible,Spot,APAC,APAC,DIF,T1IF,T1,5.9316,True,local-nvme;managed-ops-plane;support-tier;observability,Available,v2.4.0,panel,asia-northeast1
2026-08-26,gcp,b200-sxm-180gb,B200,180GB,SXM,IB-NDR,OnDemand,Interruptible,Spot,APAC,APAC,DIF,T1IF,T1,4.9021,True,local-nvme;managed-ops-plane;support-tier;observability,Available,v2.4.0,panel,asia-southeast1
2026-08-26,gcp,b200-sxm-180gb,B200,180GB,SXM,IB-NDR,OnDemand,Interruptible,Spot,EU,EU,DIF,T1IF,T1,5.4373,True,local-nvme;managed-ops-plane;support-tier;observability,Available,v2.4.0,panel,europe-north1
2026-08-26,gcp,b200-sxm-180gb,B200,180GB,SXM,IB-NDR,OnDemand,Interruptible,Spot,EU,EU,DIF,T1IF,T1,1.9931,True,local-nvme;managed-ops-plane;support-tier;observability,Available,v2.4.0,panel,europe-west1
2026-08-26,gcp,b200-sxm-180gb,B200,180GB,SXM,IB-NDR,OnDemand,Interruptible,Spot,EU,EU,DIF,T1IF,T1,4.4722,True,local-nvme;managed-ops-plane;support-tier;observability,Available,v2.4.0,panel,europe-west4
2026-08-26,gcp,b200-sxm-180gb,B200,180GB,SXM,IB-NDR,OnDemand,Interruptible,Spot,US-Central,US,DIF,T1IF,T1,4.9542,True,local-nvme;managed-ops-plane;support-tier;observability,Available,v2.4.0,panel,us-central1
2026-08-26,gcp,b200-sxm-180gb,B200,180GB,SXM,IB-NDR,OnDemand,Interruptible,Spot,US-East,US,DIF,T1IF,T1,4.9542,True,local-nvme;managed-ops-plane;support-tier;observability,Available,v2.4.0,panel,us-east1
2026-08-26,gcp,b200-sxm-180gb,B200,180GB,SXM,IB-NDR,OnDemand,Interruptible,Spot,US-East,US,DIF,T1IF,T1,4.0758,True,local-nvme;managed-ops-plane;support-tier;observability,Available,v2.4.0,panel,us-east4
2026-08-26,gcp,b200-sxm-180gb,B200,180GB,SXM,IB-NDR,OnDemand,Interruptible,Spot,US-South,US,DIF,T1IF,T1,4.4936,True,local-nvme;managed-ops-plane;support-tier;observability,Available,v2.4.0,panel,us-south1
2026-08-26,gcp,b200-sxm-180gb,B200,180GB,SXM,IB-NDR,OnDemand,Interruptible,Spot,US-West,US,DIF,T1IF,T1,4.2592,True,local-nvme;managed-ops-plane;support-tier;observability,Available,v2.4.0,panel,us-west2
2026-08-26,gcp,b200-sxm-180gb,B200,180GB,SXM,IB-NDR,OnDemand,Interruptible,Spot,US-West,US,DIF,T1IF,T1,4.6958,True,local-nvme;managed-ops-plane;support-tier;observability,Available,v2.4.0,panel,us-west3
2026-08-26,gcp_cud,b200-sxm-180gb,B200,180GB,SXM,IB-NDR,1Y,NonInterruptible,Reserved,APAC,APAC,HIF,T2IF,T1,13.3391,False,,Available,v2.4.0,candidate,asia-northeast1
2026-08-26,gcp_cud,b200-sxm-180gb,B200,180GB,SXM,IB-NDR,1Y,NonInterruptible,Reserved,APAC,APAC,HIF,T2IF,T1,13.3391,False,,Available,v2.4.0,candidate,asia-southeast1
2026-08-26,gcp_cud,b200-sxm-180gb,B200,180GB,SXM,IB-NDR,1Y,NonInterruptible,Reserved,EU,EU,HIF,T2IF,T1,12.2275,False,,Available,v2.4.0,candidate,europe-west4
2026-08-26,gcp_cud,b200-sxm-180gb,B200,180GB,SXM,IB-NDR,1Y,NonInterruptible,Reserved,US-Central,US,HIF,T2IF,T1,11.1159,False,,Available,v2.4.0,candidate,us-central1
2026-08-26,gcp_cud,b200-sxm-180gb,B200,180GB,SXM,IB-NDR,1Y,NonInterruptible,Reserved,US-East,US,HIF,T2IF,T1,11.1159,False,,Available,v2.4.0,candidate,us-east1
2026-08-26,gcp_cud,b200-sxm-180gb,B200,180GB,SXM,IB-NDR,1Y,NonInterruptible,Reserved,US-South,US,HIF,T2IF,T1,11.1159,False,,Available,v2.4.0,candidate,us-south1
2026-08-26,gcp_cud,b200-sxm-180gb,B200,180GB,SXM,IB-NDR,1Y,NonInterruptible,Reserved,US-West,US,HIF,T2IF,T1,11.1159,False,,Available,v2.4.0,candidate,us-west1
2026-08-26,gcp_cud,b200-sxm-180gb,B200,180GB,SXM,IB-NDR,1Y,NonInterruptible,Reserved,US-West,US,HIF,T2IF,T1,11.1159,False,,Available,v2.4.0,candidate,us-west2
2026-08-26,gcp_cud,b200-sxm-180gb,B200,180GB,SXM,IB-NDR,1Y,NonInterruptible,Reserved,US-West,US,HIF,T2IF,T1,11.1159,False,,Available,v2.4.0,candidate,us-west3
2026-08-26,gcp_cud,b200-sxm-180gb,B200,180GB,SXM,IB-NDR,1Y,NonInterruptible,Reserved,US-West,US,HIF,T2IF,T1,11.1159,False,,Available,v2.4.0,candidate,us-west4
2026-08-26,gcp_cud,b200-sxm-180gb,B200,180GB,SXM,IB-NDR,3Y,NonInterruptible,Reserved,APAC,APAC,HIF,T2IF,T1,8.5061,False,,Available,v2.4.0,candidate,asia-northeast1
2026-08-26,gcp_cud,b200-sxm-180gb,B200,180GB,SXM,IB-NDR,3Y,NonInterruptible,Reserved,APAC,APAC,HIF,T2IF,T1,8.5061,False,,Available,v2.4.0,candidate,asia-southeast1
2026-08-26,gcp_cud,b200-sxm-180gb,B200,180GB,SXM,IB-NDR,3Y,NonInterruptible,Reserved,EU,EU,HIF,T2IF,T1,7.7972,False,,Available,v2.4.0,candidate,europe-west4
2026-08-26,gcp_cud,b200-sxm-180gb,B200,180GB,SXM,IB-NDR,3Y,NonInterruptible,Reserved,US-Central,US,HIF,T2IF,T1,7.0884,False,,Available,v2.4.0,candidate,us-central1
2026-08-26,gcp_cud,b200-sxm-180gb,B200,180GB,SXM,IB-NDR,3Y,NonInterruptible,Reserved,US-East,US,HIF,T2IF,T1,7.0884,False,,Available,v2.4.0,candidate,us-east1
2026-08-26,gcp_cud,b200-sxm-180gb,B200,180GB,SXM,IB-NDR,3Y,NonInterruptible,Reserved,US-South,US,HIF,T2IF,T1,7.0884,False,,Available,v2.4.0,candidate,us-south1
2026-08-26,gcp_cud,b200-sxm-180gb,B200,180GB,SXM,IB-NDR,3Y,NonInterruptible,Reserved,US-West,US,HIF,T2IF,T1,7.0884,False,,Available,v2.4.0,candidate,us-west1
2026-08-26,gcp_cud,b200-sxm-180gb,B200,180GB,SXM,IB-NDR,3Y,NonInterruptible,Reserved,US-West,US,HIF,T2IF,T1,7.0884,False,,Available,v2.4.0,candidate,us-west2
2026-08-26,gcp_cud,b200-sxm-180gb,B200,180GB,SXM,IB-NDR,3Y,NonInterruptible,Reserved,US-West,US,HIF,T2IF,T1,7.0884,False,,Available,v2.4.0,candidate,us-west3
2026-08-26,gcp_cud,b200-sxm-180gb,B200,180GB,SXM,IB-NDR,3Y,NonInterruptible,Reserved,US-West,US,HIF,T2IF,T1,7.0884,False,,Available,v2.4.0,candidate,us-west4
2026-08-26,gcp_dws,b200-sxm-180gb,B200,180GB,SXM,IB-NDR,FlexStart,NonInterruptible,Reserved,US-Central,US,HIF,T2IF,T1,8.0550,False,,Available,v2.4.0,term-panel,us-central1
2026-08-26,gmi_cloud,b200-sxm-180gb,B200,180GB,SXM,IB-NDR,OnDemand,NonInterruptible,OnDemand,US-East,US,IIF,T2IF,T2,4.0000,False,,Available,v2.4.0,candidate,US
2026-08-26,hyperstack,b200-sxm-180gb,B200,180GB,SXM,IB-NDR,OnDemand,NonInterruptible,OnDemand,Other,Other,SIF,T2IF,T2,6.0000,True,local-nvme,Available,v2.4.0,panel,Multi
2026-08-26,hyperstack,b200-sxm-180gb,B200,180GB,SXM,IB-NDR,6M,NonInterruptible,Reserved,Other,Other,SIF,T2IF,T2,5.1000,True,local-nvme,Available,v2.4.0,panel,Multi
2026-08-26,koyeb,b200-sxm-180gb,B200,180GB,SXM,Unknown,OnDemand,NonInterruptible,OnDemand,Other,Other,SIF,T2IF,T2,5.5000,False,,Available,v2.4.0,candidate,Multi
2026-08-26,lambda,b200-sxm-180gb,B200,180GB,SXM,IB-NDR,OnDemand,NonInterruptible,OnDemand,US-East,US,IIF,T2IF,T2,6.6900,True,local-nvme,SoldOut,v2.4.0,panel,US
2026-08-26,lambda,b200-sxm-180gb,B200,180GB,SXM,IB-NDR,ReservedBand,NonInterruptible,Reserved,US-East,US,IIF,T2IF,T2,9.8600,True,local-nvme,Available,v2.4.0,panel,US
2026-08-26,massed_compute,b200-sxm-180gb,B200,180GB,SXM,Unknown,OnDemand,NonInterruptible,OnDemand,US-East,US,DIF,T3IF,T3,5.4325,False,,Available,v2.4.0,panel,US
2026-08-26,nebius,b200-sxm-180gb,B200,180GB,SXM,IB-NDR,OnDemand,NonInterruptible,OnDemand,Other,Other,IIF,T1IF,T2,7.1500,True,observability;managed-ops-plane;free-egress,Available,v2.4.0,panel,
2026-08-26,nebius,b200-sxm-180gb,B200,180GB,SXM,IB-NDR,OnDemand,Interruptible,Spot,Other,Other,DIF,T1IF,T2,3.9500,True,observability;managed-ops-plane;free-egress,Available,v2.4.0,panel,
2026-08-26,oci,b200-sxm-180gb,B200,180GB,SXM,RoCE-v2,OnDemand,NonInterruptible,OnDemand,US-East,US,HIF,T1IF,T1,14.0000,True,local-nvme;egress-capped;managed-ops-plane;support-tier;observability,Available,v2.4.0,panel,us-ashburn-1
2026-08-26,qubrid,b200-sxm-180gb,B200,180GB,SXM,Unknown,1Y,NonInterruptible,Reserved,Other,Other,SIF,T2IF,T2,4.2500,False,,Available,v2.4.0,panel,
2026-08-26,runpod_community,b200-sxm-180gb,B200,180GB,SXM,Unknown,OnDemand,NonInterruptible,OnDemand,Other,Other,DIF,T3IF,T3,5.9800,False,,SoldOut,v2.4.0,panel,Global
2026-08-26,runpod_secure,b200-sxm-180gb,B200,180GB,SXM,IB-NDR,OnDemand,NonInterruptible,OnDemand,Other,Other,DIF,T2IF,T3,6.7900,True,local-nvme,Available,v2.4.0,panel,Global
2026-08-26,runpod_secure,b200-sxm-180gb,B200,180GB,SXM,IB-NDR,1Y,NonInterruptible,Reserved,Other,Other,DIF,T2IF,T3,6.7900,True,local-nvme,Available,v2.4.0,panel,Global
2026-08-26,runpod_secure,b200-sxm-180gb,B200,180GB,SXM,IB-NDR,3M,NonInterruptible,Reserved,Other,Other,DIF,T2IF,T3,6.7900,True,local-nvme,Available,v2.4.0,panel,Global
2026-08-26,runpod_secure,b200-sxm-180gb,B200,180GB,SXM,IB-NDR,6M,NonInterruptible,Reserved,Other,Other,DIF,T2IF,T3,6.7900,True,local-nvme,Available,v2.4.0,panel,Global
2026-08-26,shakti_cloud,b200-sxm-180gb,B200,180GB,SXM,IB-Unspecified,1M,NonInterruptible,Reserved,APAC,APAC,SIF,T2IF,T2,4.9572,False,,Available,v2.4.0,panel,IN
2026-08-26,spheron,b200-sxm-180gb,B200,180GB,SXM,Unknown,OnDemand,NonInterruptible,OnDemand,Other,Other,DIF,T3IF,T3,9.3600,False,,Available,v2.4.0,panel,me-west-1
2026-08-26,spheron,b200-sxm-180gb,B200,180GB,SXM,Unknown,OnDemand,NonInterruptible,OnDemand,US-Central,US,DIF,T3IF,T3,9.3600,False,,Available,v2.4.0,panel,us-central-1
2026-08-26,spheron,b200-sxm-180gb,B200,180GB,SXM,Unknown,OnDemand,Interruptible,Spot,Other,Other,DIF,T3IF,T3,5.3376,False,,Available,v2.4.0,panel,me-west-1
2026-08-26,spheron,b200-sxm-180gb,B200,180GB,SXM,Unknown,OnDemand,Interruptible,Spot,US-Central,US,DIF,T3IF,T3,5.3376,False,,Available,v2.4.0,panel,us-central-1
2026-08-26,together,b200-sxm-180gb,B200,180GB,SXM,IB-NDR,OnDemand,NonInterruptible,OnDemand,US-East,US,SIF,T1IF,T2,8.1900,True,local-nvme;support-tier;observability;managed-ops-plane,Available,v2.4.0,panel,US
2026-08-26,together,b200-sxm-180gb,B200,180GB,SXM,IB-NDR,1M,NonInterruptible,Reserved,US-East,US,SIF,T1IF,T2,7.9900,True,local-nvme;support-tier;observability;managed-ops-plane,Available,v2.4.0,panel,US
2026-08-26,together,b200-sxm-180gb,B200,180GB,SXM,IB-NDR,3M,NonInterruptible,Reserved,US-East,US,SIF,T1IF,T2,7.7900,True,local-nvme;support-tier;observability;managed-ops-plane,Available,v2.4.0,panel,US
2026-08-26,together,b200-sxm-180gb,B200,180GB,SXM,IB-NDR,6M,NonInterruptible,Reserved,US-East,US,SIF,T1IF,T2,6.7900,True,local-nvme;support-tier;observability;managed-ops-plane,Available,v2.4.0,panel,US
2026-08-26,vast_ai,b200-sxm-180gb,B200,180GB,SXM,IB-NDR,OnDemand,NonInterruptible,OnDemand,US-East,US,DIF,T3IF,T3,7.1250,True,local-nvme,Available,v2.4.0,marketplace,", US"
2026-08-26,vast_ai,b200-sxm-180gb,B200,180GB,SXM,IB-NDR,OnDemand,NonInterruptible,OnDemand,APAC,APAC,DIF,T3IF,T3,5.7500,True,local-nvme,Available,v2.4.0,marketplace,"INDIA, IN"
2026-08-26,vast_ai,b200-sxm-180gb,B200,180GB,SXM,IB-NDR,OnDemand,NonInterruptible,OnDemand,Other,Other,DIF,T3IF,T3,5.2500,True,local-nvme,Available,v2.4.0,marketplace,"MEXICO, MX"
2026-08-26,vast_ai,b200-sxm-180gb,B200,180GB,SXM,IB-NDR,OnDemand,NonInterruptible,OnDemand,US-Central,US,DIF,T3IF,T3,7.2500,True,local-nvme,Available,v2.4.0,marketplace,"OHIO, US"
2026-08-26,vast_ai,b200-sxm-180gb,B200,180GB,SXM,IB-NDR,OnDemand,NonInterruptible,OnDemand,US-East,US,DIF,T3IF,T3,4.4875,True,local-nvme,Available,v2.4.0,marketplace,"VIRGINIA, US"
2026-08-26,vultr,b200-sxm-180gb,B200,180GB,SXM,Unknown,OnDemand,NonInterruptible,OnDemand,Other,Other,SIF,T2IF,T2,8.5000,False,,SoldOut,v2.4.0,panel,Multi
2026-08-26,vultr,b200-sxm-180gb,B200,180GB,SXM,Unknown,OnDemand,Interruptible,Spot,Other,Other,DIF,T2IF,T2,3.2000,False,,SoldOut,v2.4.0,panel,Multi
2026-08-27,aws,b200-sxm-180gb,B200,180GB,SXM,EFA,OnDemand,NonInterruptible,OnDemand,APAC,APAC,HIF,T1IF,T1,20.0807,True,local-nvme;managed-ops-plane;support-tier;observability,Available,v2.4.0,panel,ap-south-1
2026-08-27,aws,b200-sxm-180gb,B200,180GB,SXM,EFA,OnDemand,NonInterruptible,OnDemand,US-East,US,HIF,T1IF,T1,14.2416,True,local-nvme;managed-ops-plane;support-tier;observability,Available,v2.4.0,panel,us-east-1
2026-08-27,aws,b200-sxm-180gb,B200,180GB,SXM,EFA,OnDemand,NonInterruptible,OnDemand,US-East,US,HIF,T1IF,T1,14.2416,True,local-nvme;managed-ops-plane;support-tier;observability,Available,v2.4.0,panel,us-east-2
2026-08-27,aws,b200-sxm-180gb,B200,180GB,SXM,EFA,OnDemand,NonInterruptible,OnDemand,US-West,US,HIF,T1IF,T1,14.2416,True,local-nvme;managed-ops-plane;support-tier;observability,Available,v2.4.0,panel,us-west-2
2026-08-27,aws,b200-sxm-180gb,B200,180GB,SXM,EFA,OnDemand,Interruptible,Spot,APAC,APAC,DIF,T2IF,T1,5.9554,False,,Available,v2.4.0,panel,ap-south-1c
2026-08-27,aws,b200-sxm-180gb,B200,180GB,SXM,EFA,OnDemand,Interruptible,Spot,US-East,US,DIF,T2IF,T1,5.2080,False,,Available,v2.4.0,panel,us-east-1d
2026-08-27,aws,b200-sxm-180gb,B200,180GB,SXM,EFA,OnDemand,Interruptible,Spot,US-East,US,DIF,T2IF,T1,5.2357,False,,Available,v2.4.0,panel,us-east-2a
2026-08-27,aws,b200-sxm-180gb,B200,180GB,SXM,EFA,OnDemand,Interruptible,Spot,US-East,US,DIF,T2IF,T1,5.1981,False,,Available,v2.4.0,panel,us-east-2b
2026-08-27,aws,b200-sxm-180gb,B200,180GB,SXM,EFA,OnDemand,Interruptible,Spot,US-East,US,DIF,T2IF,T1,5.2037,False,,Available,v2.4.0,panel,us-east-2c
2026-08-27,aws,b200-sxm-180gb,B200,180GB,SXM,EFA,OnDemand,Interruptible,Spot,US-West,US,DIF,T2IF,T1,5.2230,False,,Available,v2.4.0,panel,us-west-2a
2026-08-27,aws,b200-sxm-180gb,B200,180GB,SXM,EFA,OnDemand,Interruptible,Spot,US-West,US,DIF,T2IF,T1,5.2496,False,,Available,v2.4.0,panel,us-west-2b
2026-08-27,aws,b200-sxm-180gb,B200,180GB,SXM,EFA,OnDemand,Interruptible,Spot,US-West,US,DIF,T2IF,T1,5.2473,False,,Available,v2.4.0,panel,us-west-2d
2026-08-27,aws_capacity_blocks,b200-sxm-180gb,B200,180GB,SXM,EFA,CapacityBlock,NonInterruptible,Reserved,Other,Other,HIF,T2IF,T1,12.3550,False,,Available,v2.4.0,term-panel,non-us
2026-08-27,aws_capacity_blocks,b200-sxm-180gb,B200,180GB,SXM,EFA,CapacityBlock,NonInterruptible,Reserved,US-East,US,HIF,T2IF,T1,12.3550,False,,Available,v2.4.0,term-panel,us-east-1
2026-08-27,civo,b200-sxm-180gb,B200,180GB,SXM,Unknown,1Y,NonInterruptible,Reserved,Other,Other,SIF,T2IF,T2,4.4900,False,,Available,v2.4.0,panel,
2026-08-27,civo,b200-sxm-180gb,B200,180GB,SXM,Unknown,2Y,NonInterruptible,Reserved,Other,Other,SIF,T2IF,T2,3.9900,False,,Available,v2.4.0,panel,
2026-08-27,civo,b200-sxm-180gb,B200,180GB,SXM,Unknown,3Y,NonInterruptible,Reserved,Other,Other,SIF,T2IF,T2,3.7900,False,,Available,v2.4.0,panel,
2026-08-27,cloudrift,b200-sxm-180gb,B200,180GB,SXM,,1M,NonInterruptible,Reserved,US-East,US,SIF,T2IF,T2,3.6000,False,,Available,v2.4.0,term-panel,US
2026-08-27,cloudrift,b200-sxm-180gb,B200,180GB,SXM,,3M,NonInterruptible,Reserved,US-East,US,SIF,T2IF,T2,3.2400,False,,Available,v2.4.0,term-panel,US
2026-08-27,coreweave,b200-sxm-180gb,B200,180GB,SXM,IB-NDR,OnDemand,NonInterruptible,OnDemand,EU,EU,IIF,T1IF,T2,8.6000,True,local-nvme;free-egress;support-tier;observability;managed-ops-plane,Available,v2.4.0,panel,EU
2026-08-27,coreweave,b200-sxm-180gb,B200,180GB,SXM,IB-NDR,OnDemand,NonInterruptible,OnDemand,US-East,US,IIF,T1IF,T2,8.6000,True,local-nvme;free-egress;support-tier;observability;managed-ops-plane,Available,v2.4.0,panel,US
2026-08-27,coreweave,b200-sxm-180gb,B200,180GB,SXM,IB-NDR,OnDemand,Interruptible,Spot,EU,EU,DIF,T1IF,T2,4.3588,True,local-nvme;free-egress;support-tier;observability;managed-ops-plane,Available,v2.4.0,panel,EU
2026-08-27,coreweave,b200-sxm-180gb,B200,180GB,SXM,IB-NDR,OnDemand,Interruptible,Spot,US-East,US,DIF,T1IF,T2,4.2638,True,local-nvme;free-egress;support-tier;observability;managed-ops-plane,Available,v2.4.0,panel,US
2026-08-27,datacrunch,b200-sxm-180gb,B200,180GB,SXM,IB-NDR,OnDemand,NonInterruptible,OnDemand,EU,EU,SIF,T2IF,T2,6.1100,True,local-nvme,Available,v2.4.0,panel,EU-FI
2026-08-27,datacrunch,b200-sxm-180gb,B200,180GB,SXM,IB-NDR,1M,NonInterruptible,Reserved,EU,EU,SIF,T2IF,T2,5.9878,True,local-nvme,Available,v2.4.0,panel,EU-FI
2026-08-27,datacrunch,b200-sxm-180gb,B200,180GB,SXM,IB-NDR,1Y,NonInterruptible,Reserved,EU,EU,SIF,T2IF,T2,5.6212,True,local-nvme,Available,v2.4.0,panel,EU-FI
2026-08-27,datacrunch,b200-sxm-180gb,B200,180GB,SXM,IB-NDR,2Y,NonInterruptible,Reserved,EU,EU,SIF,T2IF,T2,4.5825,True,local-nvme,Available,v2.4.0,panel,EU-FI
2026-08-27,datacrunch,b200-sxm-180gb,B200,180GB,SXM,IB-NDR,3M,NonInterruptible,Reserved,EU,EU,SIF,T2IF,T2,5.9267,True,local-nvme,Available,v2.4.0,panel,EU-FI
2026-08-27,datacrunch,b200-sxm-180gb,B200,180GB,SXM,IB-NDR,6M,NonInterruptible,Reserved,EU,EU,SIF,T2IF,T2,5.8656,True,local-nvme,Available,v2.4.0,panel,EU-FI
2026-08-27,datacrunch,b200-sxm-180gb,B200,180GB,SXM,IB-NDR,OnDemand,Interruptible,Spot,EU,EU,DIF,T2IF,T2,3.0550,True,local-nvme,Available,v2.4.0,panel,EU-FI
2026-08-27,deepinfra_gpu,b200-sxm-180gb,B200,180GB,SXM,,OnDemand,NonInterruptible,OnDemand,Other,Other,SIF,T2IF,T2,3.6900,False,,Available,v2.4.0,panel,undisclosed
2026-08-27,e2e,b200-sxm-180gb,B200,180GB,SXM,IB-NDR,OnDemand,NonInterruptible,OnDemand,APAC,APAC,IIF,T2IF,T2,6.9900,False,,Available,v2.4.0,panel,India
2026-08-27,e2e,b200-sxm-180gb,B200,180GB,SXM,IB-NDR,1M,NonInterruptible,Reserved,APAC,APAC,IIF,T2IF,T2,6.9211,False,,Available,v2.4.0,panel,India
2026-08-27,e2e,b200-sxm-180gb,B200,180GB,SXM,IB-NDR,1Y,NonInterruptible,Reserved,APAC,APAC,IIF,T2IF,T2,6.2888,False,,Available,v2.4.0,panel,India
2026-08-27,gcp,b200-sxm-180gb,B200,180GB,SXM,IB-NDR,OnDemand,NonInterruptible,OnDemand,APAC,APAC,HIF,T1IF,T1,19.3320,True,local-nvme;managed-ops-plane;support-tier;observability,Available,v2.4.0,panel,asia-southeast1
2026-08-27,gcp,b200-sxm-180gb,B200,180GB,SXM,IB-NDR,OnDemand,NonInterruptible,OnDemand,EU,EU,HIF,T1IF,T1,17.7210,True,local-nvme;managed-ops-plane;support-tier;observability,Available,v2.4.0,panel,europe-west4
2026-08-27,gcp,b200-sxm-180gb,B200,180GB,SXM,IB-NDR,OnDemand,NonInterruptible,OnDemand,US-Central,US,HIF,T1IF,T1,16.1100,True,local-nvme;managed-ops-plane;support-tier;observability,Available,v2.4.0,panel,us-central1
2026-08-27,gcp,b200-sxm-180gb,B200,180GB,SXM,IB-NDR,OnDemand,NonInterruptible,OnDemand,US-East,US,HIF,T1IF,T1,16.1100,True,local-nvme;managed-ops-plane;support-tier;observability,Available,v2.4.0,panel,us-east1
2026-08-27,gcp,b200-sxm-180gb,B200,180GB,SXM,IB-NDR,1Y,NonInterruptible,Reserved,APAC,APAC,HIF,T1IF,T1,13.3391,True,local-nvme;managed-ops-plane;support-tier;observability,Available,v2.4.0,panel,asia-northeast1
2026-08-27,gcp,b200-sxm-180gb,B200,180GB,SXM,IB-NDR,1Y,NonInterruptible,Reserved,APAC,APAC,HIF,T1IF,T1,13.3391,True,local-nvme;managed-ops-plane;support-tier;observability,Available,v2.4.0,panel,asia-southeast1
2026-08-27,gcp,b200-sxm-180gb,B200,180GB,SXM,IB-NDR,1Y,NonInterruptible,Reserved,EU,EU,HIF,T1IF,T1,12.2275,True,local-nvme;managed-ops-plane;support-tier;observability,Available,v2.4.0,panel,europe-west4
2026-08-27,gcp,b200-sxm-180gb,B200,180GB,SXM,IB-NDR,1Y,NonInterruptible,Reserved,US-Central,US,HIF,T1IF,T1,11.1159,True,local-nvme;managed-ops-plane;support-tier;observability,Available,v2.4.0,panel,us-central1
2026-08-27,gcp,b200-sxm-180gb,B200,180GB,SXM,IB-NDR,1Y,NonInterruptible,Reserved,US-East,US,HIF,T1IF,T1,11.1159,True,local-nvme;managed-ops-plane;support-tier;observability,Available,v2.4.0,panel,us-east1
2026-08-27,gcp,b200-sxm-180gb,B200,180GB,SXM,IB-NDR,1Y,NonInterruptible,Reserved,US-South,US,HIF,T1IF,T1,11.1159,True,local-nvme;managed-ops-plane;support-tier;observability,Available,v2.4.0,panel,us-south1
2026-08-27,gcp,b200-sxm-180gb,B200,180GB,SXM,IB-NDR,1Y,NonInterruptible,Reserved,US-West,US,HIF,T1IF,T1,11.1159,True,local-nvme;managed-ops-plane;support-tier;observability,Available,v2.4.0,panel,us-west1
2026-08-27,gcp,b200-sxm-180gb,B200,180GB,SXM,IB-NDR,1Y,NonInterruptible,Reserved,US-West,US,HIF,T1IF,T1,11.1159,True,local-nvme;managed-ops-plane;support-tier;observability,Available,v2.4.0,panel,us-west2
2026-08-27,gcp,b200-sxm-180gb,B200,180GB,SXM,IB-NDR,1Y,NonInterruptible,Reserved,US-West,US,HIF,T1IF,T1,11.1159,True,local-nvme;managed-ops-plane;support-tier;observability,Available,v2.4.0,panel,us-west3
2026-08-27,gcp,b200-sxm-180gb,B200,180GB,SXM,IB-NDR,1Y,NonInterruptible,Reserved,US-West,US,HIF,T1IF,T1,11.1159,True,local-nvme;managed-ops-plane;support-tier;observability,Available,v2.4.0,panel,us-west4
2026-08-27,gcp,b200-sxm-180gb,B200,180GB,SXM,IB-NDR,3Y,NonInterruptible,Reserved,APAC,APAC,HIF,T1IF,T1,8.5061,True,local-nvme;managed-ops-plane;support-tier;observability,Available,v2.4.0,panel,asia-northeast1
2026-08-27,gcp,b200-sxm-180gb,B200,180GB,SXM,IB-NDR,3Y,NonInterruptible,Reserved,APAC,APAC,HIF,T1IF,T1,8.5061,True,local-nvme;managed-ops-plane;support-tier;observability,Available,v2.4.0,panel,asia-southeast1
2026-08-27,gcp,b200-sxm-180gb,B200,180GB,SXM,IB-NDR,3Y,NonInterruptible,Reserved,EU,EU,HIF,T1IF,T1,7.7972,True,local-nvme;managed-ops-plane;support-tier;observability,Available,v2.4.0,panel,europe-west4
2026-08-27,gcp,b200-sxm-180gb,B200,180GB,SXM,IB-NDR,3Y,NonInterruptible,Reserved,US-Central,US,HIF,T1IF,T1,7.0884,True,local-nvme;managed-ops-plane;support-tier;observability,Available,v2.4.0,panel,us-central1
2026-08-27,gcp,b200-sxm-180gb,B200,180GB,SXM,IB-NDR,3Y,NonInterruptible,Reserved,US-East,US,HIF,T1IF,T1,7.0884,True,local-nvme;managed-ops-plane;support-tier;observability,Available,v2.4.0,panel,us-east1
2026-08-27,gcp,b200-sxm-180gb,B200,180GB,SXM,IB-NDR,3Y,NonInterruptible,Reserved,US-South,US,HIF,T1IF,T1,7.0884,True,local-nvme;managed-ops-plane;support-tier;observability,Available,v2.4.0,panel,us-south1
2026-08-27,gcp,b200-sxm-180gb,B200,180GB,SXM,IB-NDR,3Y,NonInterruptible,Reserved,US-West,US,HIF,T1IF,T1,7.0884,True,local-nvme;managed-ops-plane;support-tier;observability,Available,v2.4.0,panel,us-west1
2026-08-27,gcp,b200-sxm-180gb,B200,180GB,SXM,IB-NDR,3Y,NonInterruptible,Reserved,US-West,US,HIF,T1IF,T1,7.0884,True,local-nvme;managed-ops-plane;support-tier;observability,Available,v2.4.0,panel,us-west2
2026-08-27,gcp,b200-sxm-180gb,B200,180GB,SXM,IB-NDR,3Y,NonInterruptible,Reserved,US-West,US,HIF,T1IF,T1,7.0884,True,local-nvme;managed-ops-plane;support-tier;observability,Available,v2.4.0,panel,us-west3
2026-08-27,gcp,b200-sxm-180gb,B200,180GB,SXM,IB-NDR,3Y,NonInterruptible,Reserved,US-West,US,HIF,T1IF,T1,7.0884,True,local-nvme;managed-ops-plane;support-tier;observability,Available,v2.4.0,panel,us-west4
2026-08-27,gcp,b200-sxm-180gb,B200,180GB,SXM,IB-NDR,OnDemand,Interruptible,Spot,APAC,APAC,DIF,T1IF,T1,5.9316,True,local-nvme;managed-ops-plane;support-tier;observability,Available,v2.4.0,panel,asia-northeast1
2026-08-27,gcp,b200-sxm-180gb,B200,180GB,SXM,IB-NDR,OnDemand,Interruptible,Spot,APAC,APAC,DIF,T1IF,T1,4.9021,True,local-nvme;managed-ops-plane;support-tier;observability,Available,v2.4.0,panel,asia-southeast1
2026-08-27,gcp,b200-sxm-180gb,B200,180GB,SXM,IB-NDR,OnDemand,Interruptible,Spot,EU,EU,DIF,T1IF,T1,5.4373,True,local-nvme;managed-ops-plane;support-tier;observability,Available,v2.4.0,panel,europe-north1
2026-08-27,gcp,b200-sxm-180gb,B200,180GB,SXM,IB-NDR,OnDemand,Interruptible,Spot,EU,EU,DIF,T1IF,T1,1.9931,True,local-nvme;managed-ops-plane;support-tier;observability,Available,v2.4.0,panel,europe-west1
2026-08-27,gcp,b200-sxm-180gb,B200,180GB,SXM,IB-NDR,OnDemand,Interruptible,Spot,EU,EU,DIF,T1IF,T1,4.4722,True,local-nvme;managed-ops-plane;support-tier;observability,Available,v2.4.0,panel,europe-west4
2026-08-27,gcp,b200-sxm-180gb,B200,180GB,SXM,IB-NDR,OnDemand,Interruptible,Spot,US-Central,US,DIF,T1IF,T1,4.9542,True,local-nvme;managed-ops-plane;support-tier;observability,Available,v2.4.0,panel,us-central1
2026-08-27,gcp,b200-sxm-180gb,B200,180GB,SXM,IB-NDR,OnDemand,Interruptible,Spot,US-East,US,DIF,T1IF,T1,4.9542,True,local-nvme;managed-ops-plane;support-tier;observability,Available,v2.4.0,panel,us-east1
2026-08-27,gcp,b200-sxm-180gb,B200,180GB,SXM,IB-NDR,OnDemand,Interruptible,Spot,US-East,US,DIF,T1IF,T1,4.0758,True,local-nvme;managed-ops-plane;support-tier;observability,Available,v2.4.0,panel,us-east4
2026-08-27,gcp,b200-sxm-180gb,B200,180GB,SXM,IB-NDR,OnDemand,Interruptible,Spot,US-South,US,DIF,T1IF,T1,4.4936,True,local-nvme;managed-ops-plane;support-tier;observability,Available,v2.4.0,panel,us-south1
2026-08-27,gcp,b200-sxm-180gb,B200,180GB,SXM,IB-NDR,OnDemand,Interruptible,Spot,US-West,US,DIF,T1IF,T1,4.2592,True,local-nvme;managed-ops-plane;support-tier;observability,Available,v2.4.0,panel,us-west2
2026-08-27,gcp,b200-sxm-180gb,B200,180GB,SXM,IB-NDR,OnDemand,Interruptible,Spot,US-West,US,DIF,T1IF,T1,4.6958,True,local-nvme;managed-ops-plane;support-tier;observability,Available,v2.4.0,panel,us-west3
2026-08-27,gcp_cud,b200-sxm-180gb,B200,180GB,SXM,IB-NDR,1Y,NonInterruptible,Reserved,APAC,APAC,HIF,T2IF,T1,13.3391,False,,Available,v2.4.0,candidate,asia-northeast1
2026-08-27,gcp_cud,b200-sxm-180gb,B200,180GB,SXM,IB-NDR,1Y,NonInterruptible,Reserved,APAC,APAC,HIF,T2IF,T1,13.3391,False,,Available,v2.4.0,candidate,asia-southeast1
2026-08-27,gcp_cud,b200-sxm-180gb,B200,180GB,SXM,IB-NDR,1Y,NonInterruptible,Reserved,EU,EU,HIF,T2IF,T1,12.2275,False,,Available,v2.4.0,candidate,europe-west4
2026-08-27,gcp_cud,b200-sxm-180gb,B200,180GB,SXM,IB-NDR,1Y,NonInterruptible,Reserved,US-Central,US,HIF,T2IF,T1,11.1159,False,,Available,v2.4.0,candidate,us-central1
2026-08-27,gcp_cud,b200-sxm-180gb,B200,180GB,SXM,IB-NDR,1Y,NonInterruptible,Reserved,US-East,US,HIF,T2IF,T1,11.1159,False,,Available,v2.4.0,candidate,us-east1
2026-08-27,gcp_cud,b200-sxm-180gb,B200,180GB,SXM,IB-NDR,1Y,NonInterruptible,Reserved,US-South,US,HIF,T2IF,T1,11.1159,False,,Available,v2.4.0,candidate,us-south1
2026-08-27,gcp_cud,b200-sxm-180gb,B200,180GB,SXM,IB-NDR,1Y,NonInterruptible,Reserved,US-West,US,HIF,T2IF,T1,11.1159,False,,Available,v2.4.0,candidate,us-west1
2026-08-27,gcp_cud,b200-sxm-180gb,B200,180GB,SXM,IB-NDR,1Y,NonInterruptible,Reserved,US-West,US,HIF,T2IF,T1,11.1159,False,,Available,v2.4.0,candidate,us-west2
2026-08-27,gcp_cud,b200-sxm-180gb,B200,180GB,SXM,IB-NDR,1Y,NonInterruptible,Reserved,US-West,US,HIF,T2IF,T1,11.1159,False,,Available,v2.4.0,candidate,us-west3
2026-08-27,gcp_cud,b200-sxm-180gb,B200,180GB,SXM,IB-NDR,1Y,NonInterruptible,Reserved,US-West,US,HIF,T2IF,T1,11.1159,False,,Available,v2.4.0,candidate,us-west4
2026-08-27,gcp_cud,b200-sxm-180gb,B200,180GB,SXM,IB-NDR,3Y,NonInterruptible,Reserved,APAC,APAC,HIF,T2IF,T1,8.5061,False,,Available,v2.4.0,candidate,asia-northeast1
2026-08-27,gcp_cud,b200-sxm-180gb,B200,180GB,SXM,IB-NDR,3Y,NonInterruptible,Reserved,APAC,APAC,HIF,T2IF,T1,8.5061,False,,Available,v2.4.0,candidate,asia-southeast1
2026-08-27,gcp_cud,b200-sxm-180gb,B200,180GB,SXM,IB-NDR,3Y,NonInterruptible,Reserved,EU,EU,HIF,T2IF,T1,7.7972,False,,Available,v2.4.0,candidate,europe-west4
2026-08-27,gcp_cud,b200-sxm-180gb,B200,180GB,SXM,IB-NDR,3Y,NonInterruptible,Reserved,US-Central,US,HIF,T2IF,T1,7.0884,False,,Available,v2.4.0,candidate,us-central1
2026-08-27,gcp_cud,b200-sxm-180gb,B200,180GB,SXM,IB-NDR,3Y,NonInterruptible,Reserved,US-East,US,HIF,T2IF,T1,7.0884,False,,Available,v2.4.0,candidate,us-east1
2026-08-27,gcp_cud,b200-sxm-180gb,B200,180GB,SXM,IB-NDR,3Y,NonInterruptible,Reserved,US-South,US,HIF,T2IF,T1,7.0884,False,,Available,v2.4.0,candidate,us-south1
2026-08-27,gcp_cud,b200-sxm-180gb,B200,180GB,SXM,IB-NDR,3Y,NonInterruptible,Reserved,US-West,US,HIF,T2IF,T1,7.0884,False,,Available,v2.4.0,candidate,us-west1
2026-08-27,gcp_cud,b200-sxm-180gb,B200,180GB,SXM,IB-NDR,3Y,NonInterruptible,Reserved,US-West,US,HIF,T2IF,T1,7.0884,False,,Available,v2.4.0,candidate,us-west2
2026-08-27,gcp_cud,b200-sxm-180gb,B200,180GB,SXM,IB-NDR,3Y,NonInterruptible,Reserved,US-West,US,HIF,T2IF,T1,7.0884,False,,Available,v2.4.0,candidate,us-west3
2026-08-27,gcp_cud,b200-sxm-180gb,B200,180GB,SXM,IB-NDR,3Y,NonInterruptible,Reserved,US-West,US,HIF,T2IF,T1,7.0884,False,,Available,v2.4.0,candidate,us-west4
2026-08-27,gcp_dws,b200-sxm-180gb,B200,180GB,SXM,IB-NDR,FlexStart,NonInterruptible,Reserved,US-Central,US,HIF,T2IF,T1,8.0550,False,,Available,v2.4.0,term-panel,us-central1
2026-08-27,gmi_cloud,b200-sxm-180gb,B200,180GB,SXM,IB-NDR,OnDemand,NonInterruptible,OnDemand,US-East,US,IIF,T2IF,T2,4.0000,False,,Available,v2.4.0,candidate,US
2026-08-27,hyperstack,b200-sxm-180gb,B200,180GB,SXM,IB-NDR,OnDemand,NonInterruptible,OnDemand,Other,Other,SIF,T2IF,T2,6.0000,True,local-nvme,Available,v2.4.0,panel,Multi
2026-08-27,hyperstack,b200-sxm-180gb,B200,180GB,SXM,IB-NDR,6M,NonInterruptible,Reserved,Other,Other,SIF,T2IF,T2,5.1000,True,local-nvme,Available,v2.4.0,panel,Multi
2026-08-27,koyeb,b200-sxm-180gb,B200,180GB,SXM,Unknown,OnDemand,NonInterruptible,OnDemand,Other,Other,SIF,T2IF,T2,5.5000,False,,Available,v2.4.0,candidate,Multi
2026-08-27,lambda,b200-sxm-180gb,B200,180GB,SXM,IB-NDR,OnDemand,NonInterruptible,OnDemand,US-East,US,IIF,T2IF,T2,6.6900,True,local-nvme,SoldOut,v2.4.0,panel,US
2026-08-27,lambda,b200-sxm-180gb,B200,180GB,SXM,IB-NDR,ReservedBand,NonInterruptible,Reserved,US-East,US,IIF,T2IF,T2,9.8600,True,local-nvme,Available,v2.4.0,panel,US
2026-08-27,massed_compute,b200-sxm-180gb,B200,180GB,SXM,Unknown,OnDemand,NonInterruptible,OnDemand,US-East,US,DIF,T3IF,T3,5.4325,False,,Available,v2.4.0,panel,US
2026-08-27,nebius,b200-sxm-180gb,B200,180GB,SXM,IB-NDR,OnDemand,NonInterruptible,OnDemand,Other,Other,IIF,T1IF,T2,7.1500,True,observability;managed-ops-plane;free-egress,Available,v2.4.0,panel,
2026-08-27,nebius,b200-sxm-180gb,B200,180GB,SXM,IB-NDR,OnDemand,Interruptible,Spot,Other,Other,DIF,T1IF,T2,3.9500,True,observability;managed-ops-plane;free-egress,Available,v2.4.0,panel,
2026-08-27,oci,b200-sxm-180gb,B200,180GB,SXM,RoCE-v2,OnDemand,NonInterruptible,OnDemand,US-East,US,HIF,T1IF,T1,14.0000,True,local-nvme;egress-capped;managed-ops-plane;support-tier;observability,Available,v2.4.0,panel,us-ashburn-1
2026-08-27,qubrid,b200-sxm-180gb,B200,180GB,SXM,Unknown,1Y,NonInterruptible,Reserved,Other,Other,SIF,T2IF,T2,4.2500,False,,Available,v2.4.0,panel,
2026-08-27,runpod_community,b200-sxm-180gb,B200,180GB,SXM,Unknown,OnDemand,NonInterruptible,OnDemand,Other,Other,DIF,T3IF,T3,5.9800,False,,SoldOut,v2.4.0,panel,Global
2026-08-27,runpod_secure,b200-sxm-180gb,B200,180GB,SXM,IB-NDR,OnDemand,NonInterruptible,OnDemand,Other,Other,DIF,T2IF,T3,6.7900,True,local-nvme,Available,v2.4.0,panel,Global
2026-08-27,runpod_secure,b200-sxm-180gb,B200,180GB,SXM,IB-NDR,1Y,NonInterruptible,Reserved,Other,Other,DIF,T2IF,T3,6.7900,True,local-nvme,Available,v2.4.0,panel,Global
2026-08-27,runpod_secure,b200-sxm-180gb,B200,180GB,SXM,IB-NDR,3M,NonInterruptible,Reserved,Other,Other,DIF,T2IF,T3,6.7900,True,local-nvme,Available,v2.4.0,panel,Global
2026-08-27,runpod_secure,b200-sxm-180gb,B200,180GB,SXM,IB-NDR,6M,NonInterruptible,Reserved,Other,Other,DIF,T2IF,T3,6.7900,True,local-nvme,Available,v2.4.0,panel,Global
2026-08-27,shakti_cloud,b200-sxm-180gb,B200,180GB,SXM,IB-Unspecified,1M,NonInterruptible,Reserved,APAC,APAC,SIF,T2IF,T2,4.9569,False,,Available,v2.4.0,panel,IN
2026-08-27,spheron,b200-sxm-180gb,B200,180GB,SXM,Unknown,OnDemand,NonInterruptible,OnDemand,Other,Other,DIF,T3IF,T3,9.3600,False,,Available,v2.4.0,panel,me-west-1
2026-08-27,spheron,b200-sxm-180gb,B200,180GB,SXM,Unknown,OnDemand,NonInterruptible,OnDemand,US-Central,US,DIF,T3IF,T3,9.3031,False,,Available,v2.4.0,panel,us-central-1
2026-08-27,spheron,b200-sxm-180gb,B200,180GB,SXM,Unknown,OnDemand,Interruptible,Spot,Other,Other,DIF,T3IF,T3,5.3376,False,,Available,v2.4.0,panel,me-west-1
2026-08-27,spheron,b200-sxm-180gb,B200,180GB,SXM,Unknown,OnDemand,Interruptible,Spot,US-Central,US,DIF,T3IF,T3,5.3376,False,,Available,v2.4.0,panel,us-central-1
2026-08-27,together,b200-sxm-180gb,B200,180GB,SXM,IB-NDR,OnDemand,NonInterruptible,OnDemand,US-East,US,SIF,T1IF,T2,8.1900,True,local-nvme;support-tier;observability;managed-ops-plane,Available,v2.4.0,panel,US
2026-08-27,together,b200-sxm-180gb,B200,180GB,SXM,IB-NDR,1M,NonInterruptible,Reserved,US-East,US,SIF,T1IF,T2,7.9900,True,local-nvme;support-tier;observability;managed-ops-plane,Available,v2.4.0,panel,US
2026-08-27,together,b200-sxm-180gb,B200,180GB,SXM,IB-NDR,3M,NonInterruptible,Reserved,US-East,US,SIF,T1IF,T2,7.7900,True,local-nvme;support-tier;observability;managed-ops-plane,Available,v2.4.0,panel,US
2026-08-27,together,b200-sxm-180gb,B200,180GB,SXM,IB-NDR,6M,NonInterruptible,Reserved,US-East,US,SIF,T1IF,T2,6.7900,True,local-nvme;support-tier;observability;managed-ops-plane,Available,v2.4.0,panel,US
2026-08-27,upcloud,b200-sxm-180gb,B200,180GB,SXM,Unknown,OnDemand,NonInterruptible,OnDemand,EU,EU,SIF,T2IF,T2,5.2510,False,,Available,v2.4.0,panel,EU-FI
2026-08-27,upcloud,b200-sxm-180gb,B200,180GB,SXM,Unknown,OnDemand,Interruptible,Spot,EU,EU,DIF,T2IF,T2,3.9383,False,,Available,v2.4.0,panel,EU-FI
2026-08-27,vast_ai,b200-sxm-180gb,B200,180GB,SXM,IB-NDR,OnDemand,NonInterruptible,OnDemand,US-East,US,DIF,T3IF,T3,7.7500,True,local-nvme,Available,v2.4.0,marketplace,", US"
2026-08-27,vast_ai,b200-sxm-180gb,B200,180GB,SXM,IB-NDR,OnDemand,NonInterruptible,OnDemand,APAC,APAC,DIF,T3IF,T3,4.7375,True,local-nvme,Available,v2.4.0,marketplace,"AUSTRALIA, AU"
2026-08-27,vast_ai,b200-sxm-180gb,B200,180GB,SXM,IB-NDR,OnDemand,NonInterruptible,OnDemand,US-East,US,DIF,T3IF,T3,4.8375,True,local-nvme,Available,v2.4.0,marketplace,"VIRGINIA, US"
2026-08-27,vultr,b200-sxm-180gb,B200,180GB,SXM,Unknown,OnDemand,NonInterruptible,OnDemand,Other,Other,SIF,T2IF,T2,8.5000,False,,SoldOut,v2.4.0,panel,Multi
2026-08-27,vultr,b200-sxm-180gb,B200,180GB,SXM,Unknown,OnDemand,Interruptible,Spot,Other,Other,DIF,T2IF,T2,3.2000,False,,SoldOut,v2.4.0,panel,Multi
2026-08-28,aws,b200-sxm-180gb,B200,180GB,SXM,EFA,OnDemand,NonInterruptible,OnDemand,APAC,APAC,HIF,T1IF,T1,20.0807,True,local-nvme;managed-ops-plane;support-tier;observability,Available,v2.4.0,panel,ap-south-1
2026-08-28,aws,b200-sxm-180gb,B200,180GB,SXM,EFA,OnDemand,NonInterruptible,OnDemand,US-East,US,HIF,T1IF,T1,14.2416,True,local-nvme;managed-ops-plane;support-tier;observability,Available,v2.4.0,panel,us-east-1
2026-08-28,aws,b200-sxm-180gb,B200,180GB,SXM,EFA,OnDemand,NonInterruptible,OnDemand,US-East,US,HIF,T1IF,T1,14.2416,True,local-nvme;managed-ops-plane;support-tier;observability,Available,v2.4.0,panel,us-east-2
2026-08-28,aws,b200-sxm-180gb,B200,180GB,SXM,EFA,OnDemand,NonInterruptible,OnDemand,US-West,US,HIF,T1IF,T1,14.2416,True,local-nvme;managed-ops-plane;support-tier;observability,Available,v2.4.0,panel,us-west-2
2026-08-28,aws,b200-sxm-180gb,B200,180GB,SXM,EFA,OnDemand,Interruptible,Spot,APAC,APAC,DIF,T2IF,T1,5.9539,False,,Available,v2.4.0,panel,ap-south-1c
2026-08-28,aws,b200-sxm-180gb,B200,180GB,SXM,EFA,OnDemand,Interruptible,Spot,US-East,US,DIF,T2IF,T1,5.2079,False,,Available,v2.4.0,panel,us-east-1d
2026-08-28,aws,b200-sxm-180gb,B200,180GB,SXM,EFA,OnDemand,Interruptible,Spot,US-East,US,DIF,T2IF,T1,5.2372,False,,Available,v2.4.0,panel,us-east-2a
2026-08-28,aws,b200-sxm-180gb,B200,180GB,SXM,EFA,OnDemand,Interruptible,Spot,US-East,US,DIF,T2IF,T1,5.2034,False,,Available,v2.4.0,panel,us-east-2b
2026-08-28,aws,b200-sxm-180gb,B200,180GB,SXM,EFA,OnDemand,Interruptible,Spot,US-East,US,DIF,T2IF,T1,5.2057,False,,Available,v2.4.0,panel,us-east-2c
2026-08-28,aws,b200-sxm-180gb,B200,180GB,SXM,EFA,OnDemand,Interruptible,Spot,US-West,US,DIF,T2IF,T1,5.2175,False,,Available,v2.4.0,panel,us-west-2a
2026-08-28,aws,b200-sxm-180gb,B200,180GB,SXM,EFA,OnDemand,Interruptible,Spot,US-West,US,DIF,T2IF,T1,5.2459,False,,Available,v2.4.0,panel,us-west-2b
2026-08-28,aws,b200-sxm-180gb,B200,180GB,SXM,EFA,OnDemand,Interruptible,Spot,US-West,US,DIF,T2IF,T1,5.2459,False,,Available,v2.4.0,panel,us-west-2d
2026-08-28,aws_capacity_blocks,b200-sxm-180gb,B200,180GB,SXM,EFA,CapacityBlock,NonInterruptible,Reserved,Other,Other,HIF,T2IF,T1,12.3550,False,,Available,v2.4.0,term-panel,non-us
2026-08-28,aws_capacity_blocks,b200-sxm-180gb,B200,180GB,SXM,EFA,CapacityBlock,NonInterruptible,Reserved,US-East,US,HIF,T2IF,T1,12.3550,False,,Available,v2.4.0,term-panel,us-east-1
2026-08-28,civo,b200-sxm-180gb,B200,180GB,SXM,Unknown,1Y,NonInterruptible,Reserved,Other,Other,SIF,T2IF,T2,4.4900,False,,Available,v2.4.0,panel,
2026-08-28,civo,b200-sxm-180gb,B200,180GB,SXM,Unknown,2Y,NonInterruptible,Reserved,Other,Other,SIF,T2IF,T2,3.9900,False,,Available,v2.4.0,panel,
2026-08-28,civo,b200-sxm-180gb,B200,180GB,SXM,Unknown,3Y,NonInterruptible,Reserved,Other,Other,SIF,T2IF,T2,3.7900,False,,Available,v2.4.0,panel,
2026-08-28,cloudrift,b200-sxm-180gb,B200,180GB,SXM,,1M,NonInterruptible,Reserved,US-East,US,SIF,T2IF,T2,3.6000,False,,Available,v2.4.0,term-panel,US
2026-08-28,cloudrift,b200-sxm-180gb,B200,180GB,SXM,,3M,NonInterruptible,Reserved,US-East,US,SIF,T2IF,T2,3.2400,False,,Available,v2.4.0,term-panel,US
2026-08-28,coreweave,b200-sxm-180gb,B200,180GB,SXM,IB-NDR,OnDemand,NonInterruptible,OnDemand,EU,EU,IIF,T1IF,T2,8.6000,True,local-nvme;free-egress;support-tier;observability;managed-ops-plane,Available,v2.4.0,panel,EU
2026-08-28,coreweave,b200-sxm-180gb,B200,180GB,SXM,IB-NDR,OnDemand,NonInterruptible,OnDemand,US-East,US,IIF,T1IF,T2,8.6000,True,local-nvme;free-egress;support-tier;observability;managed-ops-plane,Available,v2.4.0,panel,US
2026-08-28,coreweave,b200-sxm-180gb,B200,180GB,SXM,IB-NDR,OnDemand,Interruptible,Spot,EU,EU,DIF,T1IF,T2,4.3588,True,local-nvme;free-egress;support-tier;observability;managed-ops-plane,Available,v2.4.0,panel,EU
2026-08-28,coreweave,b200-sxm-180gb,B200,180GB,SXM,IB-NDR,OnDemand,Interruptible,Spot,US-East,US,DIF,T1IF,T2,4.2638,True,local-nvme;free-egress;support-tier;observability;managed-ops-plane,Available,v2.4.0,panel,US
2026-08-28,datacrunch,b200-sxm-180gb,B200,180GB,SXM,IB-NDR,OnDemand,NonInterruptible,OnDemand,EU,EU,SIF,T2IF,T2,6.1100,True,local-nvme,Available,v2.4.0,panel,EU-FI
2026-08-28,datacrunch,b200-sxm-180gb,B200,180GB,SXM,IB-NDR,1M,NonInterruptible,Reserved,EU,EU,SIF,T2IF,T2,5.9878,True,local-nvme,Available,v2.4.0,panel,EU-FI
2026-08-28,datacrunch,b200-sxm-180gb,B200,180GB,SXM,IB-NDR,1Y,NonInterruptible,Reserved,EU,EU,SIF,T2IF,T2,5.6212,True,local-nvme,Available,v2.4.0,panel,EU-FI
2026-08-28,datacrunch,b200-sxm-180gb,B200,180GB,SXM,IB-NDR,2Y,NonInterruptible,Reserved,EU,EU,SIF,T2IF,T2,4.5825,True,local-nvme,Available,v2.4.0,panel,EU-FI
2026-08-28,datacrunch,b200-sxm-180gb,B200,180GB,SXM,IB-NDR,3M,NonInterruptible,Reserved,EU,EU,SIF,T2IF,T2,5.9267,True,local-nvme,Available,v2.4.0,panel,EU-FI
2026-08-28,datacrunch,b200-sxm-180gb,B200,180GB,SXM,IB-NDR,6M,NonInterruptible,Reserved,EU,EU,SIF,T2IF,T2,5.8656,True,local-nvme,Available,v2.4.0,panel,EU-FI
2026-08-28,datacrunch,b200-sxm-180gb,B200,180GB,SXM,IB-NDR,OnDemand,Interruptible,Spot,EU,EU,DIF,T2IF,T2,3.0550,True,local-nvme,Available,v2.4.0,panel,EU-FI
2026-08-28,deepinfra_gpu,b200-sxm-180gb,B200,180GB,SXM,,OnDemand,NonInterruptible,OnDemand,Other,Other,SIF,T2IF,T2,3.6900,False,,Available,v2.4.0,panel,undisclosed
2026-08-28,e2e,b200-sxm-180gb,B200,180GB,SXM,IB-NDR,OnDemand,NonInterruptible,OnDemand,APAC,APAC,IIF,T2IF,T2,6.9900,False,,Available,v2.4.0,panel,India
2026-08-28,e2e,b200-sxm-180gb,B200,180GB,SXM,IB-NDR,1M,NonInterruptible,Reserved,APAC,APAC,IIF,T2IF,T2,6.9211,False,,Available,v2.4.0,panel,India
2026-08-28,e2e,b200-sxm-180gb,B200,180GB,SXM,IB-NDR,1Y,NonInterruptible,Reserved,APAC,APAC,IIF,T2IF,T2,6.2888,False,,Available,v2.4.0,panel,India
2026-08-28,gcp,b200-sxm-180gb,B200,180GB,SXM,IB-NDR,OnDemand,NonInterruptible,OnDemand,APAC,APAC,HIF,T1IF,T1,19.3320,True,local-nvme;managed-ops-plane;support-tier;observability,Available,v2.4.0,panel,asia-southeast1
2026-08-28,gcp,b200-sxm-180gb,B200,180GB,SXM,IB-NDR,OnDemand,NonInterruptible,OnDemand,EU,EU,HIF,T1IF,T1,17.7210,True,local-nvme;managed-ops-plane;support-tier;observability,Available,v2.4.0,panel,europe-west4
2026-08-28,gcp,b200-sxm-180gb,B200,180GB,SXM,IB-NDR,OnDemand,NonInterruptible,OnDemand,US-Central,US,HIF,T1IF,T1,16.1100,True,local-nvme;managed-ops-plane;support-tier;observability,Available,v2.4.0,panel,us-central1
2026-08-28,gcp,b200-sxm-180gb,B200,180GB,SXM,IB-NDR,OnDemand,NonInterruptible,OnDemand,US-East,US,HIF,T1IF,T1,16.1100,True,local-nvme;managed-ops-plane;support-tier;observability,Available,v2.4.0,panel,us-east1
2026-08-28,gcp,b200-sxm-180gb,B200,180GB,SXM,IB-NDR,1Y,NonInterruptible,Reserved,APAC,APAC,HIF,T1IF,T1,13.3391,True,local-nvme;managed-ops-plane;support-tier;observability,Available,v2.4.0,panel,asia-northeast1
2026-08-28,gcp,b200-sxm-180gb,B200,180GB,SXM,IB-NDR,1Y,NonInterruptible,Reserved,APAC,APAC,HIF,T1IF,T1,13.3391,True,local-nvme;managed-ops-plane;support-tier;observability,Available,v2.4.0,panel,asia-southeast1
2026-08-28,gcp,b200-sxm-180gb,B200,180GB,SXM,IB-NDR,1Y,NonInterruptible,Reserved,EU,EU,HIF,T1IF,T1,12.2275,True,local-nvme;managed-ops-plane;support-tier;observability,Available,v2.4.0,panel,europe-west4
2026-08-28,gcp,b200-sxm-180gb,B200,180GB,SXM,IB-NDR,1Y,NonInterruptible,Reserved,US-Central,US,HIF,T1IF,T1,11.1159,True,local-nvme;managed-ops-plane;support-tier;observability,Available,v2.4.0,panel,us-central1
2026-08-28,gcp,b200-sxm-180gb,B200,180GB,SXM,IB-NDR,1Y,NonInterruptible,Reserved,US-East,US,HIF,T1IF,T1,11.1159,True,local-nvme;managed-ops-plane;support-tier;observability,Available,v2.4.0,panel,us-east1
2026-08-28,gcp,b200-sxm-180gb,B200,180GB,SXM,IB-NDR,1Y,NonInterruptible,Reserved,US-South,US,HIF,T1IF,T1,11.1159,True,local-nvme;managed-ops-plane;support-tier;observability,Available,v2.4.0,panel,us-south1
2026-08-28,gcp,b200-sxm-180gb,B200,180GB,SXM,IB-NDR,1Y,NonInterruptible,Reserved,US-West,US,HIF,T1IF,T1,11.1159,True,local-nvme;managed-ops-plane;support-tier;observability,Available,v2.4.0,panel,us-west1
2026-08-28,gcp,b200-sxm-180gb,B200,180GB,SXM,IB-NDR,1Y,NonInterruptible,Reserved,US-West,US,HIF,T1IF,T1,11.1159,True,local-nvme;managed-ops-plane;support-tier;observability,Available,v2.4.0,panel,us-west2
2026-08-28,gcp,b200-sxm-180gb,B200,180GB,SXM,IB-NDR,1Y,NonInterruptible,Reserved,US-West,US,HIF,T1IF,T1,11.1159,True,local-nvme;managed-ops-plane;support-tier;observability,Available,v2.4.0,panel,us-west3
2026-08-28,gcp,b200-sxm-180gb,B200,180GB,SXM,IB-NDR,1Y,NonInterruptible,Reserved,US-West,US,HIF,T1IF,T1,11.1159,True,local-nvme;managed-ops-plane;support-tier;observability,Available,v2.4.0,panel,us-west4
2026-08-28,gcp,b200-sxm-180gb,B200,180GB,SXM,IB-NDR,3Y,NonInterruptible,Reserved,APAC,APAC,HIF,T1IF,T1,8.5061,True,local-nvme;managed-ops-plane;support-tier;observability,Available,v2.4.0,panel,asia-northeast1
2026-08-28,gcp,b200-sxm-180gb,B200,180GB,SXM,IB-NDR,3Y,NonInterruptible,Reserved,APAC,APAC,HIF,T1IF,T1,8.5061,True,local-nvme;managed-ops-plane;support-tier;observability,Available,v2.4.0,panel,asia-southeast1
2026-08-28,gcp,b200-sxm-180gb,B200,180GB,SXM,IB-NDR,3Y,NonInterruptible,Reserved,EU,EU,HIF,T1IF,T1,7.7972,True,local-nvme;managed-ops-plane;support-tier;observability,Available,v2.4.0,panel,europe-west4
2026-08-28,gcp,b200-sxm-180gb,B200,180GB,SXM,IB-NDR,3Y,NonInterruptible,Reserved,US-Central,US,HIF,T1IF,T1,7.0884,True,local-nvme;managed-ops-plane;support-tier;observability,Available,v2.4.0,panel,us-central1
2026-08-28,gcp,b200-sxm-180gb,B200,180GB,SXM,IB-NDR,3Y,NonInterruptible,Reserved,US-East,US,HIF,T1IF,T1,7.0884,True,local-nvme;managed-ops-plane;support-tier;observability,Available,v2.4.0,panel,us-east1
2026-08-28,gcp,b200-sxm-180gb,B200,180GB,SXM,IB-NDR,3Y,NonInterruptible,Reserved,US-South,US,HIF,T1IF,T1,7.0884,True,local-nvme;managed-ops-plane;support-tier;observability,Available,v2.4.0,panel,us-south1
2026-08-28,gcp,b200-sxm-180gb,B200,180GB,SXM,IB-NDR,3Y,NonInterruptible,Reserved,US-West,US,HIF,T1IF,T1,7.0884,True,local-nvme;managed-ops-plane;support-tier;observability,Available,v2.4.0,panel,us-west1
2026-08-28,gcp,b200-sxm-180gb,B200,180GB,SXM,IB-NDR,3Y,NonInterruptible,Reserved,US-West,US,HIF,T1IF,T1,7.0884,True,local-nvme;managed-ops-plane;support-tier;observability,Available,v2.4.0,panel,us-west2
2026-08-28,gcp,b200-sxm-180gb,B200,180GB,SXM,IB-NDR,3Y,NonInterruptible,Reserved,US-West,US,HIF,T1IF,T1,7.0884,True,local-nvme;managed-ops-plane;support-tier;observability,Available,v2.4.0,panel,us-west3
2026-08-28,gcp,b200-sxm-180gb,B200,180GB,SXM,IB-NDR,3Y,NonInterruptible,Reserved,US-West,US,HIF,T1IF,T1,7.0884,True,local-nvme;managed-ops-plane;support-tier;observability,Available,v2.4.0,panel,us-west4
2026-08-28,gcp,b200-sxm-180gb,B200,180GB,SXM,IB-NDR,OnDemand,Interruptible,Spot,APAC,APAC,DIF,T1IF,T1,5.9316,True,local-nvme;managed-ops-plane;support-tier;observability,Available,v2.4.0,panel,asia-northeast1
2026-08-28,gcp,b200-sxm-180gb,B200,180GB,SXM,IB-NDR,OnDemand,Interruptible,Spot,APAC,APAC,DIF,T1IF,T1,4.9021,True,local-nvme;managed-ops-plane;support-tier;observability,Available,v2.4.0,panel,asia-southeast1
2026-08-28,gcp,b200-sxm-180gb,B200,180GB,SXM,IB-NDR,OnDemand,Interruptible,Spot,EU,EU,DIF,T1IF,T1,5.4373,True,local-nvme;managed-ops-plane;support-tier;observability,Available,v2.4.0,panel,europe-north1
2026-08-28,gcp,b200-sxm-180gb,B200,180GB,SXM,IB-NDR,OnDemand,Interruptible,Spot,EU,EU,DIF,T1IF,T1,1.9931,True,local-nvme;managed-ops-plane;support-tier;observability,Available,v2.4.0,panel,europe-west1
2026-08-28,gcp,b200-sxm-180gb,B200,180GB,SXM,IB-NDR,OnDemand,Interruptible,Spot,EU,EU,DIF,T1IF,T1,4.4722,True,local-nvme;managed-ops-plane;support-tier;observability,Available,v2.4.0,panel,europe-west4
2026-08-28,gcp,b200-sxm-180gb,B200,180GB,SXM,IB-NDR,OnDemand,Interruptible,Spot,US-Central,US,DIF,T1IF,T1,4.9542,True,local-nvme;managed-ops-plane;support-tier;observability,Available,v2.4.0,panel,us-central1
2026-08-28,gcp,b200-sxm-180gb,B200,180GB,SXM,IB-NDR,OnDemand,Interruptible,Spot,US-East,US,DIF,T1IF,T1,4.9542,True,local-nvme;managed-ops-plane;support-tier;observability,Available,v2.4.0,panel,us-east1
2026-08-28,gcp,b200-sxm-180gb,B200,180GB,SXM,IB-NDR,OnDemand,Interruptible,Spot,US-East,US,DIF,T1IF,T1,4.0758,True,local-nvme;managed-ops-plane;support-tier;observability,Available,v2.4.0,panel,us-east4
2026-08-28,gcp,b200-sxm-180gb,B200,180GB,SXM,IB-NDR,OnDemand,Interruptible,Spot,US-South,US,DIF,T1IF,T1,4.4936,True,local-nvme;managed-ops-plane;support-tier;observability,Available,v2.4.0,panel,us-south1
2026-08-28,gcp,b200-sxm-180gb,B200,180GB,SXM,IB-NDR,OnDemand,Interruptible,Spot,US-West,US,DIF,T1IF,T1,4.2592,True,local-nvme;managed-ops-plane;support-tier;observability,Available,v2.4.0,panel,us-west2
2026-08-28,gcp,b200-sxm-180gb,B200,180GB,SXM,IB-NDR,OnDemand,Interruptible,Spot,US-West,US,DIF,T1IF,T1,4.6958,True,local-nvme;managed-ops-plane;support-tier;observability,Available,v2.4.0,panel,us-west3
2026-08-28,gcp_cud,b200-sxm-180gb,B200,180GB,SXM,IB-NDR,1Y,NonInterruptible,Reserved,APAC,APAC,HIF,T2IF,T1,13.3391,False,,Available,v2.4.0,candidate,asia-northeast1
2026-08-28,gcp_cud,b200-sxm-180gb,B200,180GB,SXM,IB-NDR,1Y,NonInterruptible,Reserved,APAC,APAC,HIF,T2IF,T1,13.3391,False,,Available,v2.4.0,candidate,asia-southeast1
2026-08-28,gcp_cud,b200-sxm-180gb,B200,180GB,SXM,IB-NDR,1Y,NonInterruptible,Reserved,EU,EU,HIF,T2IF,T1,12.2275,False,,Available,v2.4.0,candidate,europe-west4
2026-08-28,gcp_cud,b200-sxm-180gb,B200,180GB,SXM,IB-NDR,1Y,NonInterruptible,Reserved,US-Central,US,HIF,T2IF,T1,11.1159,False,,Available,v2.4.0,candidate,us-central1
2026-08-28,gcp_cud,b200-sxm-180gb,B200,180GB,SXM,IB-NDR,1Y,NonInterruptible,Reserved,US-East,US,HIF,T2IF,T1,11.1159,False,,Available,v2.4.0,candidate,us-east1
2026-08-28,gcp_cud,b200-sxm-180gb,B200,180GB,SXM,IB-NDR,1Y,NonInterruptible,Reserved,US-South,US,HIF,T2IF,T1,11.1159,False,,Available,v2.4.0,candidate,us-south1
2026-08-28,gcp_cud,b200-sxm-180gb,B200,180GB,SXM,IB-NDR,1Y,NonInterruptible,Reserved,US-West,US,HIF,T2IF,T1,11.1159,False,,Available,v2.4.0,candidate,us-west1
2026-08-28,gcp_cud,b200-sxm-180gb,B200,180GB,SXM,IB-NDR,1Y,NonInterruptible,Reserved,US-West,US,HIF,T2IF,T1,11.1159,False,,Available,v2.4.0,candidate,us-west2
2026-08-28,gcp_cud,b200-sxm-180gb,B200,180GB,SXM,IB-NDR,1Y,NonInterruptible,Reserved,US-West,US,HIF,T2IF,T1,11.1159,False,,Available,v2.4.0,candidate,us-west3
2026-08-28,gcp_cud,b200-sxm-180gb,B200,180GB,SXM,IB-NDR,1Y,NonInterruptible,Reserved,US-West,US,HIF,T2IF,T1,11.1159,False,,Available,v2.4.0,candidate,us-west4
2026-08-28,gcp_cud,b200-sxm-180gb,B200,180GB,SXM,IB-NDR,3Y,NonInterruptible,Reserved,APAC,APAC,HIF,T2IF,T1,8.5061,False,,Available,v2.4.0,candidate,asia-northeast1
2026-08-28,gcp_cud,b200-sxm-180gb,B200,180GB,SXM,IB-NDR,3Y,NonInterruptible,Reserved,APAC,APAC,HIF,T2IF,T1,8.5061,False,,Available,v2.4.0,candidate,asia-southeast1
2026-08-28,gcp_cud,b200-sxm-180gb,B200,180GB,SXM,IB-NDR,3Y,NonInterruptible,Reserved,EU,EU,HIF,T2IF,T1,7.7972,False,,Available,v2.4.0,candidate,europe-west4
2026-08-28,gcp_cud,b200-sxm-180gb,B200,180GB,SXM,IB-NDR,3Y,NonInterruptible,Reserved,US-Central,US,HIF,T2IF,T1,7.0884,False,,Available,v2.4.0,candidate,us-central1
2026-08-28,gcp_cud,b200-sxm-180gb,B200,180GB,SXM,IB-NDR,3Y,NonInterruptible,Reserved,US-East,US,HIF,T2IF,T1,7.0884,False,,Available,v2.4.0,candidate,us-east1
2026-08-28,gcp_cud,b200-sxm-180gb,B200,180GB,SXM,IB-NDR,3Y,NonInterruptible,Reserved,US-South,US,HIF,T2IF,T1,7.0884,False,,Available,v2.4.0,candidate,us-south1
2026-08-28,gcp_cud,b200-sxm-180gb,B200,180GB,SXM,IB-NDR,3Y,NonInterruptible,Reserved,US-West,US,HIF,T2IF,T1,7.0884,False,,Available,v2.4.0,candidate,us-west1
2026-08-28,gcp_cud,b200-sxm-180gb,B200,180GB,SXM,IB-NDR,3Y,NonInterruptible,Reserved,US-West,US,HIF,T2IF,T1,7.0884,False,,Available,v2.4.0,candidate,us-west2
2026-08-28,gcp_cud,b200-sxm-180gb,B200,180GB,SXM,IB-NDR,3Y,NonInterruptible,Reserved,US-West,US,HIF,T2IF,T1,7.0884,False,,Available,v2.4.0,candidate,us-west3
2026-08-28,gcp_cud,b200-sxm-180gb,B200,180GB,SXM,IB-NDR,3Y,NonInterruptible,Reserved,US-West,US,HIF,T2IF,T1,7.0884,False,,Available,v2.4.0,candidate,us-west4
2026-08-28,gcp_dws,b200-sxm-180gb,B200,180GB,SXM,IB-NDR,FlexStart,NonInterruptible,Reserved,US-Central,US,HIF,T2IF,T1,8.0550,False,,Available,v2.4.0,term-panel,us-central1
2026-08-28,gmi_cloud,b200-sxm-180gb,B200,180GB,SXM,IB-NDR,OnDemand,NonInterruptible,OnDemand,US-East,US,IIF,T2IF,T2,4.0000,False,,Available,v2.4.0,candidate,US
2026-08-28,hyperstack,b200-sxm-180gb,B200,180GB,SXM,IB-NDR,OnDemand,NonInterruptible,OnDemand,Other,Other,SIF,T2IF,T2,6.0000,True,local-nvme,Available,v2.4.0,panel,Multi
2026-08-28,hyperstack,b200-sxm-180gb,B200,180GB,SXM,IB-NDR,6M,NonInterruptible,Reserved,Other,Other,SIF,T2IF,T2,5.1000,True,local-nvme,Available,v2.4.0,panel,Multi
2026-08-28,koyeb,b200-sxm-180gb,B200,180GB,SXM,Unknown,OnDemand,NonInterruptible,OnDemand,Other,Other,SIF,T2IF,T2,5.5000,False,,Available,v2.4.0,candidate,Multi
2026-08-28,lambda,b200-sxm-180gb,B200,180GB,SXM,IB-NDR,OnDemand,NonInterruptible,OnDemand,US-East,US,IIF,T2IF,T2,6.6900,True,local-nvme,SoldOut,v2.4.0,panel,US
2026-08-28,lambda,b200-sxm-180gb,B200,180GB,SXM,IB-NDR,ReservedBand,NonInterruptible,Reserved,US-East,US,IIF,T2IF,T2,9.8600,True,local-nvme,Available,v2.4.0,panel,US
2026-08-28,massed_compute,b200-sxm-180gb,B200,180GB,SXM,Unknown,OnDemand,NonInterruptible,OnDemand,US-East,US,DIF,T3IF,T3,5.4325,False,,Available,v2.4.0,panel,US
2026-08-28,nebius,b200-sxm-180gb,B200,180GB,SXM,IB-NDR,OnDemand,NonInterruptible,OnDemand,Other,Other,IIF,T1IF,T2,7.1500,True,observability;managed-ops-plane;free-egress,Available,v2.4.0,panel,
2026-08-28,nebius,b200-sxm-180gb,B200,180GB,SXM,IB-NDR,OnDemand,Interruptible,Spot,Other,Other,DIF,T1IF,T2,3.9500,True,observability;managed-ops-plane;free-egress,Available,v2.4.0,panel,
2026-08-28,oci,b200-sxm-180gb,B200,180GB,SXM,RoCE-v2,OnDemand,NonInterruptible,OnDemand,US-East,US,HIF,T1IF,T1,14.0000,True,local-nvme;egress-capped;managed-ops-plane;support-tier;observability,Available,v2.4.0,panel,us-ashburn-1
2026-08-28,qubrid,b200-sxm-180gb,B200,180GB,SXM,Unknown,1Y,NonInterruptible,Reserved,Other,Other,SIF,T2IF,T2,4.2500,False,,Available,v2.4.0,panel,
2026-08-28,runpod_community,b200-sxm-180gb,B200,180GB,SXM,Unknown,OnDemand,NonInterruptible,OnDemand,Other,Other,DIF,T3IF,T3,5.9800,False,,SoldOut,v2.4.0,panel,Global
2026-08-28,runpod_secure,b200-sxm-180gb,B200,180GB,SXM,IB-NDR,OnDemand,NonInterruptible,OnDemand,Other,Other,DIF,T2IF,T3,6.7900,True,local-nvme,Available,v2.4.0,panel,Global
2026-08-28,runpod_secure,b200-sxm-180gb,B200,180GB,SXM,IB-NDR,1Y,NonInterruptible,Reserved,Other,Other,DIF,T2IF,T3,6.7900,True,local-nvme,Available,v2.4.0,panel,Global
2026-08-28,runpod_secure,b200-sxm-180gb,B200,180GB,SXM,IB-NDR,3M,NonInterruptible,Reserved,Other,Other,DIF,T2IF,T3,6.7900,True,local-nvme,Available,v2.4.0,panel,Global
2026-08-28,runpod_secure,b200-sxm-180gb,B200,180GB,SXM,IB-NDR,6M,NonInterruptible,Reserved,Other,Other,DIF,T2IF,T3,6.7900,True,local-nvme,Available,v2.4.0,panel,Global
2026-08-28,shakti_cloud,b200-sxm-180gb,B200,180GB,SXM,IB-Unspecified,1M,NonInterruptible,Reserved,APAC,APAC,SIF,T2IF,T2,4.9508,False,,Available,v2.4.0,panel,IN
2026-08-28,spheron,b200-sxm-180gb,B200,180GB,SXM,Unknown,OnDemand,NonInterruptible,OnDemand,Other,Other,DIF,T3IF,T3,7.2009,False,,Available,v2.4.0,panel,canada-1
2026-08-28,spheron,b200-sxm-180gb,B200,180GB,SXM,Unknown,OnDemand,NonInterruptible,OnDemand,Other,Other,DIF,T3IF,T3,9.3600,False,,Available,v2.4.0,panel,me-west-1
2026-08-28,spheron,b200-sxm-180gb,B200,180GB,SXM,Unknown,OnDemand,NonInterruptible,OnDemand,US-Central,US,DIF,T3IF,T3,9.3031,False,,Available,v2.4.0,panel,us-central-1
2026-08-28,spheron,b200-sxm-180gb,B200,180GB,SXM,Unknown,OnDemand,Interruptible,Spot,Other,Other,DIF,T3IF,T3,5.3376,False,,Available,v2.4.0,panel,me-west-1
2026-08-28,spheron,b200-sxm-180gb,B200,180GB,SXM,Unknown,OnDemand,Interruptible,Spot,US-Central,US,DIF,T3IF,T3,5.3376,False,,Available,v2.4.0,panel,us-central-1
2026-08-28,together,b200-sxm-180gb,B200,180GB,SXM,IB-NDR,OnDemand,NonInterruptible,OnDemand,US-East,US,SIF,T1IF,T2,8.1900,True,local-nvme;support-tier;observability;managed-ops-plane,Available,v2.4.0,panel,US
2026-08-28,together,b200-sxm-180gb,B200,180GB,SXM,IB-NDR,1M,NonInterruptible,Reserved,US-East,US,SIF,T1IF,T2,7.9900,True,local-nvme;support-tier;observability;managed-ops-plane,Available,v2.4.0,panel,US
2026-08-28,together,b200-sxm-180gb,B200,180GB,SXM,IB-NDR,3M,NonInterruptible,Reserved,US-East,US,SIF,T1IF,T2,7.7900,True,local-nvme;support-tier;observability;managed-ops-plane,Available,v2.4.0,panel,US
2026-08-28,together,b200-sxm-180gb,B200,180GB,SXM,IB-NDR,6M,NonInterruptible,Reserved,US-East,US,SIF,T1IF,T2,6.7900,True,local-nvme;support-tier;observability;managed-ops-plane,Available,v2.4.0,panel,US
2026-08-28,upcloud,b200-sxm-180gb,B200,180GB,SXM,Unknown,OnDemand,NonInterruptible,OnDemand,EU,EU,SIF,T2IF,T2,5.2402,False,,Available,v2.4.0,panel,EU-FI
2026-08-28,upcloud,b200-sxm-180gb,B200,180GB,SXM,Unknown,OnDemand,Interruptible,Spot,EU,EU,DIF,T2IF,T2,3.9302,False,,Available,v2.4.0,panel,EU-FI
2026-08-28,vast_ai,b200-sxm-180gb,B200,180GB,SXM,IB-NDR,OnDemand,NonInterruptible,OnDemand,US-East,US,DIF,T3IF,T3,6.0000,True,local-nvme,Available,v2.4.0,marketplace,", US"
2026-08-28,vast_ai,b200-sxm-180gb,B200,180GB,SXM,IB-NDR,OnDemand,NonInterruptible,OnDemand,US-Central,US,DIF,T3IF,T3,6.0000,True,local-nvme,Available,v2.4.0,marketplace,"OHIO, US"
2026-08-28,vultr,b200-sxm-180gb,B200,180GB,SXM,Unknown,OnDemand,NonInterruptible,OnDemand,Other,Other,SIF,T2IF,T2,8.5000,False,,SoldOut,v2.4.0,panel,Multi
2026-08-28,vultr,b200-sxm-180gb,B200,180GB,SXM,Unknown,OnDemand,Interruptible,Spot,Other,Other,DIF,T2IF,T2,3.2000,False,,SoldOut,v2.4.0,panel,Multi
2026-08-29,aws,b200-sxm-180gb,B200,180GB,SXM,EFA,OnDemand,NonInterruptible,OnDemand,APAC,APAC,HIF,T1IF,T1,20.0807,True,local-nvme;managed-ops-plane;support-tier;observability,Available,v2.4.0,panel,ap-south-1
2026-08-29,aws,b200-sxm-180gb,B200,180GB,SXM,EFA,OnDemand,NonInterruptible,OnDemand,US-East,US,HIF,T1IF,T1,14.2416,True,local-nvme;managed-ops-plane;support-tier;observability,Available,v2.4.0,panel,us-east-1
2026-08-29,aws,b200-sxm-180gb,B200,180GB,SXM,EFA,OnDemand,NonInterruptible,OnDemand,US-East,US,HIF,T1IF,T1,14.2416,True,local-nvme;managed-ops-plane;support-tier;observability,Available,v2.4.0,panel,us-east-2
2026-08-29,aws,b200-sxm-180gb,B200,180GB,SXM,EFA,OnDemand,NonInterruptible,OnDemand,US-West,US,HIF,T1IF,T1,14.2416,True,local-nvme;managed-ops-plane;support-tier;observability,Available,v2.4.0,panel,us-west-2
2026-08-29,aws,b200-sxm-180gb,B200,180GB,SXM,EFA,3Y,NonInterruptible,Reserved,US-East,US,HIF,T1IF,T1,6.1524,True,local-nvme;managed-ops-plane;support-tier;observability,Available,v2.4.0,panel,us-east-1
2026-08-29,aws,b200-sxm-180gb,B200,180GB,SXM,EFA,3Y,NonInterruptible,Reserved,US-East,US,HIF,T1IF,T1,6.1524,True,local-nvme;managed-ops-plane;support-tier;observability,Available,v2.4.0,panel,us-east-2
2026-08-29,aws,b200-sxm-180gb,B200,180GB,SXM,EFA,3Y,NonInterruptible,Reserved,US-West,US,HIF,T1IF,T1,6.1524,True,local-nvme;managed-ops-plane;support-tier;observability,Available,v2.4.0,panel,us-west-2
2026-08-29,aws,b200-sxm-180gb,B200,180GB,SXM,EFA,OnDemand,Interruptible,Spot,APAC,APAC,DIF,T2IF,T1,5.9607,False,,Available,v2.4.0,panel,ap-south-1c
2026-08-29,aws,b200-sxm-180gb,B200,180GB,SXM,EFA,OnDemand,Interruptible,Spot,US-East,US,DIF,T2IF,T1,5.2080,False,,Available,v2.4.0,panel,us-east-1d
2026-08-29,aws,b200-sxm-180gb,B200,180GB,SXM,EFA,OnDemand,Interruptible,Spot,US-East,US,DIF,T2IF,T1,5.2420,False,,Available,v2.4.0,panel,us-east-2a
2026-08-29,aws,b200-sxm-180gb,B200,180GB,SXM,EFA,OnDemand,Interruptible,Spot,US-East,US,DIF,T2IF,T1,5.2069,False,,Available,v2.4.0,panel,us-east-2b
2026-08-29,aws,b200-sxm-180gb,B200,180GB,SXM,EFA,OnDemand,Interruptible,Spot,US-East,US,DIF,T2IF,T1,5.2068,False,,Available,v2.4.0,panel,us-east-2c
2026-08-29,aws,b200-sxm-180gb,B200,180GB,SXM,EFA,OnDemand,Interruptible,Spot,US-West,US,DIF,T2IF,T1,5.2016,False,,Available,v2.4.0,panel,us-west-2a
2026-08-29,aws,b200-sxm-180gb,B200,180GB,SXM,EFA,OnDemand,Interruptible,Spot,US-West,US,DIF,T2IF,T1,5.2458,False,,Available,v2.4.0,panel,us-west-2b
2026-08-29,aws,b200-sxm-180gb,B200,180GB,SXM,EFA,OnDemand,Interruptible,Spot,US-West,US,DIF,T2IF,T1,5.2462,False,,Available,v2.4.0,panel,us-west-2d
2026-08-29,aws_capacity_blocks,b200-sxm-180gb,B200,180GB,SXM,EFA,CapacityBlock,NonInterruptible,Reserved,Other,Other,HIF,T2IF,T1,12.3550,False,,Available,v2.4.0,term-panel,non-us
2026-08-29,aws_capacity_blocks,b200-sxm-180gb,B200,180GB,SXM,EFA,CapacityBlock,NonInterruptible,Reserved,US-East,US,HIF,T2IF,T1,12.3550,False,,Available,v2.4.0,term-panel,us-east-1
2026-08-29,civo,b200-sxm-180gb,B200,180GB,SXM,Unknown,1Y,NonInterruptible,Reserved,Other,Other,SIF,T2IF,T2,4.4900,False,,Available,v2.4.0,panel,
2026-08-29,civo,b200-sxm-180gb,B200,180GB,SXM,Unknown,2Y,NonInterruptible,Reserved,Other,Other,SIF,T2IF,T2,3.9900,False,,Available,v2.4.0,panel,
2026-08-29,civo,b200-sxm-180gb,B200,180GB,SXM,Unknown,3Y,NonInterruptible,Reserved,Other,Other,SIF,T2IF,T2,3.7900,False,,Available,v2.4.0,panel,
2026-08-29,cloudrift,b200-sxm-180gb,B200,180GB,SXM,,1M,NonInterruptible,Reserved,US-East,US,SIF,T2IF,T2,3.6000,False,,Available,v2.4.0,term-panel,US
2026-08-29,cloudrift,b200-sxm-180gb,B200,180GB,SXM,,3M,NonInterruptible,Reserved,US-East,US,SIF,T2IF,T2,3.2400,False,,Available,v2.4.0,term-panel,US
2026-08-29,coreweave,b200-sxm-180gb,B200,180GB,SXM,IB-NDR,OnDemand,NonInterruptible,OnDemand,EU,EU,IIF,T1IF,T2,8.6000,True,local-nvme;free-egress;support-tier;observability;managed-ops-plane,Available,v2.4.0,panel,EU
2026-08-29,coreweave,b200-sxm-180gb,B200,180GB,SXM,IB-NDR,OnDemand,NonInterruptible,OnDemand,US-East,US,IIF,T1IF,T2,8.6000,True,local-nvme;free-egress;support-tier;observability;managed-ops-plane,Available,v2.4.0,panel,US
2026-08-29,coreweave,b200-sxm-180gb,B200,180GB,SXM,IB-NDR,OnDemand,Interruptible,Spot,EU,EU,DIF,T1IF,T2,4.3588,True,local-nvme;free-egress;support-tier;observability;managed-ops-plane,Available,v2.4.0,panel,EU
2026-08-29,coreweave,b200-sxm-180gb,B200,180GB,SXM,IB-NDR,OnDemand,Interruptible,Spot,US-East,US,DIF,T1IF,T2,4.2638,True,local-nvme;free-egress;support-tier;observability;managed-ops-plane,Available,v2.4.0,panel,US
2026-08-29,datacrunch,b200-sxm-180gb,B200,180GB,SXM,IB-NDR,OnDemand,NonInterruptible,OnDemand,EU,EU,SIF,T2IF,T2,6.1100,True,local-nvme,Available,v2.4.0,panel,EU-FI
2026-08-29,datacrunch,b200-sxm-180gb,B200,180GB,SXM,IB-NDR,1M,NonInterruptible,Reserved,EU,EU,SIF,T2IF,T2,5.9878,True,local-nvme,Available,v2.4.0,panel,EU-FI
2026-08-29,datacrunch,b200-sxm-180gb,B200,180GB,SXM,IB-NDR,1Y,NonInterruptible,Reserved,EU,EU,SIF,T2IF,T2,5.6212,True,local-nvme,Available,v2.4.0,panel,EU-FI
2026-08-29,datacrunch,b200-sxm-180gb,B200,180GB,SXM,IB-NDR,2Y,NonInterruptible,Reserved,EU,EU,SIF,T2IF,T2,4.5825,True,local-nvme,Available,v2.4.0,panel,EU-FI
2026-08-29,datacrunch,b200-sxm-180gb,B200,180GB,SXM,IB-NDR,3M,NonInterruptible,Reserved,EU,EU,SIF,T2IF,T2,5.9267,True,local-nvme,Available,v2.4.0,panel,EU-FI
2026-08-29,datacrunch,b200-sxm-180gb,B200,180GB,SXM,IB-NDR,6M,NonInterruptible,Reserved,EU,EU,SIF,T2IF,T2,5.8656,True,local-nvme,Available,v2.4.0,panel,EU-FI
2026-08-29,datacrunch,b200-sxm-180gb,B200,180GB,SXM,IB-NDR,OnDemand,Interruptible,Spot,EU,EU,DIF,T2IF,T2,3.0550,True,local-nvme,Available,v2.4.0,panel,EU-FI
2026-08-29,deepinfra_gpu,b200-sxm-180gb,B200,180GB,SXM,,OnDemand,NonInterruptible,OnDemand,Other,Other,SIF,T2IF,T2,3.6900,False,,Available,v2.4.0,panel,undisclosed
2026-08-29,e2e,b200-sxm-180gb,B200,180GB,SXM,IB-NDR,OnDemand,NonInterruptible,OnDemand,APAC,APAC,IIF,T2IF,T2,6.9900,False,,Available,v2.4.0,panel,India
2026-08-29,e2e,b200-sxm-180gb,B200,180GB,SXM,IB-NDR,1M,NonInterruptible,Reserved,APAC,APAC,IIF,T2IF,T2,6.9211,False,,Available,v2.4.0,panel,India
2026-08-29,e2e,b200-sxm-180gb,B200,180GB,SXM,IB-NDR,1Y,NonInterruptible,Reserved,APAC,APAC,IIF,T2IF,T2,6.2888,False,,Available,v2.4.0,panel,India
2026-08-29,gcp,b200-sxm-180gb,B200,180GB,SXM,IB-NDR,OnDemand,NonInterruptible,OnDemand,APAC,APAC,HIF,T1IF,T1,19.3320,True,local-nvme;managed-ops-plane;support-tier;observability,Available,v2.4.0,panel,asia-southeast1
2026-08-29,gcp,b200-sxm-180gb,B200,180GB,SXM,IB-NDR,OnDemand,NonInterruptible,OnDemand,EU,EU,HIF,T1IF,T1,17.7210,True,local-nvme;managed-ops-plane;support-tier;observability,Available,v2.4.0,panel,europe-west4
2026-08-29,gcp,b200-sxm-180gb,B200,180GB,SXM,IB-NDR,OnDemand,NonInterruptible,OnDemand,US-Central,US,HIF,T1IF,T1,16.1100,True,local-nvme;managed-ops-plane;support-tier;observability,Available,v2.4.0,panel,us-central1
2026-08-29,gcp,b200-sxm-180gb,B200,180GB,SXM,IB-NDR,OnDemand,NonInterruptible,OnDemand,US-East,US,HIF,T1IF,T1,16.1100,True,local-nvme;managed-ops-plane;support-tier;observability,Available,v2.4.0,panel,us-east1
2026-08-29,gcp,b200-sxm-180gb,B200,180GB,SXM,IB-NDR,1Y,NonInterruptible,Reserved,APAC,APAC,HIF,T1IF,T1,13.3391,True,local-nvme;managed-ops-plane;support-tier;observability,Available,v2.4.0,panel,asia-northeast1
2026-08-29,gcp,b200-sxm-180gb,B200,180GB,SXM,IB-NDR,1Y,NonInterruptible,Reserved,APAC,APAC,HIF,T1IF,T1,13.3391,True,local-nvme;managed-ops-plane;support-tier;observability,Available,v2.4.0,panel,asia-southeast1
2026-08-29,gcp,b200-sxm-180gb,B200,180GB,SXM,IB-NDR,1Y,NonInterruptible,Reserved,EU,EU,HIF,T1IF,T1,12.2275,True,local-nvme;managed-ops-plane;support-tier;observability,Available,v2.4.0,panel,europe-west4
2026-08-29,gcp,b200-sxm-180gb,B200,180GB,SXM,IB-NDR,1Y,NonInterruptible,Reserved,US-Central,US,HIF,T1IF,T1,11.1159,True,local-nvme;managed-ops-plane;support-tier;observability,Available,v2.4.0,panel,us-central1
2026-08-29,gcp,b200-sxm-180gb,B200,180GB,SXM,IB-NDR,1Y,NonInterruptible,Reserved,US-East,US,HIF,T1IF,T1,11.1159,True,local-nvme;managed-ops-plane;support-tier;observability,Available,v2.4.0,panel,us-east1
2026-08-29,gcp,b200-sxm-180gb,B200,180GB,SXM,IB-NDR,1Y,NonInterruptible,Reserved,US-South,US,HIF,T1IF,T1,11.1159,True,local-nvme;managed-ops-plane;support-tier;observability,Available,v2.4.0,panel,us-south1
2026-08-29,gcp,b200-sxm-180gb,B200,180GB,SXM,IB-NDR,1Y,NonInterruptible,Reserved,US-West,US,HIF,T1IF,T1,11.1159,True,local-nvme;managed-ops-plane;support-tier;observability,Available,v2.4.0,panel,us-west1
2026-08-29,gcp,b200-sxm-180gb,B200,180GB,SXM,IB-NDR,1Y,NonInterruptible,Reserved,US-West,US,HIF,T1IF,T1,11.1159,True,local-nvme;managed-ops-plane;support-tier;observability,Available,v2.4.0,panel,us-west2
2026-08-29,gcp,b200-sxm-180gb,B200,180GB,SXM,IB-NDR,1Y,NonInterruptible,Reserved,US-West,US,HIF,T1IF,T1,11.1159,True,local-nvme;managed-ops-plane;support-tier;observability,Available,v2.4.0,panel,us-west3
2026-08-29,gcp,b200-sxm-180gb,B200,180GB,SXM,IB-NDR,1Y,NonInterruptible,Reserved,US-West,US,HIF,T1IF,T1,11.1159,True,local-nvme;managed-ops-plane;support-tier;observability,Available,v2.4.0,panel,us-west4
2026-08-29,gcp,b200-sxm-180gb,B200,180GB,SXM,IB-NDR,3Y,NonInterruptible,Reserved,APAC,APAC,HIF,T1IF,T1,8.5061,True,local-nvme;managed-ops-plane;support-tier;observability,Available,v2.4.0,panel,asia-northeast1
2026-08-29,gcp,b200-sxm-180gb,B200,180GB,SXM,IB-NDR,3Y,NonInterruptible,Reserved,APAC,APAC,HIF,T1IF,T1,8.5061,True,local-nvme;managed-ops-plane;support-tier;observability,Available,v2.4.0,panel,asia-southeast1
2026-08-29,gcp,b200-sxm-180gb,B200,180GB,SXM,IB-NDR,3Y,NonInterruptible,Reserved,EU,EU,HIF,T1IF,T1,7.7972,True,local-nvme;managed-ops-plane;support-tier;observability,Available,v2.4.0,panel,europe-west4
2026-08-29,gcp,b200-sxm-180gb,B200,180GB,SXM,IB-NDR,3Y,NonInterruptible,Reserved,US-Central,US,HIF,T1IF,T1,7.0884,True,local-nvme;managed-ops-plane;support-tier;observability,Available,v2.4.0,panel,us-central1
2026-08-29,gcp,b200-sxm-180gb,B200,180GB,SXM,IB-NDR,3Y,NonInterruptible,Reserved,US-East,US,HIF,T1IF,T1,7.0884,True,local-nvme;managed-ops-plane;support-tier;observability,Available,v2.4.0,panel,us-east1
2026-08-29,gcp,b200-sxm-180gb,B200,180GB,SXM,IB-NDR,3Y,NonInterruptible,Reserved,US-South,US,HIF,T1IF,T1,7.0884,True,local-nvme;managed-ops-plane;support-tier;observability,Available,v2.4.0,panel,us-south1
2026-08-29,gcp,b200-sxm-180gb,B200,180GB,SXM,IB-NDR,3Y,NonInterruptible,Reserved,US-West,US,HIF,T1IF,T1,7.0884,True,local-nvme;managed-ops-plane;support-tier;observability,Available,v2.4.0,panel,us-west1
2026-08-29,gcp,b200-sxm-180gb,B200,180GB,SXM,IB-NDR,3Y,NonInterruptible,Reserved,US-West,US,HIF,T1IF,T1,7.0884,True,local-nvme;managed-ops-plane;support-tier;observability,Available,v2.4.0,panel,us-west2
2026-08-29,gcp,b200-sxm-180gb,B200,180GB,SXM,IB-NDR,3Y,NonInterruptible,Reserved,US-West,US,HIF,T1IF,T1,7.0884,True,local-nvme;managed-ops-plane;support-tier;observability,Available,v2.4.0,panel,us-west3
2026-08-29,gcp,b200-sxm-180gb,B200,180GB,SXM,IB-NDR,3Y,NonInterruptible,Reserved,US-West,US,HIF,T1IF,T1,7.0884,True,local-nvme;managed-ops-plane;support-tier;observability,Available,v2.4.0,panel,us-west4
2026-08-29,gcp,b200-sxm-180gb,B200,180GB,SXM,IB-NDR,OnDemand,Interruptible,Spot,APAC,APAC,DIF,T1IF,T1,5.9316,True,local-nvme;managed-ops-plane;support-tier;observability,Available,v2.4.0,panel,asia-northeast1
2026-08-29,gcp,b200-sxm-180gb,B200,180GB,SXM,IB-NDR,OnDemand,Interruptible,Spot,APAC,APAC,DIF,T1IF,T1,4.9021,True,local-nvme;managed-ops-plane;support-tier;observability,Available,v2.4.0,panel,asia-southeast1
2026-08-29,gcp,b200-sxm-180gb,B200,180GB,SXM,IB-NDR,OnDemand,Interruptible,Spot,EU,EU,DIF,T1IF,T1,5.4373,True,local-nvme;managed-ops-plane;support-tier;observability,Available,v2.4.0,panel,europe-north1
2026-08-29,gcp,b200-sxm-180gb,B200,180GB,SXM,IB-NDR,OnDemand,Interruptible,Spot,EU,EU,DIF,T1IF,T1,1.9931,True,local-nvme;managed-ops-plane;support-tier;observability,Available,v2.4.0,panel,europe-west1
2026-08-29,gcp,b200-sxm-180gb,B200,180GB,SXM,IB-NDR,OnDemand,Interruptible,Spot,EU,EU,DIF,T1IF,T1,4.4722,True,local-nvme;managed-ops-plane;support-tier;observability,Available,v2.4.0,panel,europe-west4
2026-08-29,gcp,b200-sxm-180gb,B200,180GB,SXM,IB-NDR,OnDemand,Interruptible,Spot,US-Central,US,DIF,T1IF,T1,4.9542,True,local-nvme;managed-ops-plane;support-tier;observability,Available,v2.4.0,panel,us-central1
2026-08-29,gcp,b200-sxm-180gb,B200,180GB,SXM,IB-NDR,OnDemand,Interruptible,Spot,US-East,US,DIF,T1IF,T1,4.9542,True,local-nvme;managed-ops-plane;support-tier;observability,Available,v2.4.0,panel,us-east1
2026-08-29,gcp,b200-sxm-180gb,B200,180GB,SXM,IB-NDR,OnDemand,Interruptible,Spot,US-East,US,DIF,T1IF,T1,4.0758,True,local-nvme;managed-ops-plane;support-tier;observability,Available,v2.4.0,panel,us-east4
2026-08-29,gcp,b200-sxm-180gb,B200,180GB,SXM,IB-NDR,OnDemand,Interruptible,Spot,US-South,US,DIF,T1IF,T1,4.4936,True,local-nvme;managed-ops-plane;support-tier;observability,Available,v2.4.0,panel,us-south1
2026-08-29,gcp,b200-sxm-180gb,B200,180GB,SXM,IB-NDR,OnDemand,Interruptible,Spot,US-West,US,DIF,T1IF,T1,4.2592,True,local-nvme;managed-ops-plane;support-tier;observability,Available,v2.4.0,panel,us-west2
2026-08-29,gcp,b200-sxm-180gb,B200,180GB,SXM,IB-NDR,OnDemand,Interruptible,Spot,US-West,US,DIF,T1IF,T1,4.6958,True,local-nvme;managed-ops-plane;support-tier;observability,Available,v2.4.0,panel,us-west3
2026-08-29,gcp_cud,b200-sxm-180gb,B200,180GB,SXM,IB-NDR,1Y,NonInterruptible,Reserved,APAC,APAC,HIF,T2IF,T1,13.3391,False,,Available,v2.4.0,candidate,asia-northeast1
2026-08-29,gcp_cud,b200-sxm-180gb,B200,180GB,SXM,IB-NDR,1Y,NonInterruptible,Reserved,APAC,APAC,HIF,T2IF,T1,13.3391,False,,Available,v2.4.0,candidate,asia-southeast1
2026-08-29,gcp_cud,b200-sxm-180gb,B200,180GB,SXM,IB-NDR,1Y,NonInterruptible,Reserved,EU,EU,HIF,T2IF,T1,12.2275,False,,Available,v2.4.0,candidate,europe-west4
2026-08-29,gcp_cud,b200-sxm-180gb,B200,180GB,SXM,IB-NDR,1Y,NonInterruptible,Reserved,US-Central,US,HIF,T2IF,T1,11.1159,False,,Available,v2.4.0,candidate,us-central1
2026-08-29,gcp_cud,b200-sxm-180gb,B200,180GB,SXM,IB-NDR,1Y,NonInterruptible,Reserved,US-East,US,HIF,T2IF,T1,11.1159,False,,Available,v2.4.0,candidate,us-east1
2026-08-29,gcp_cud,b200-sxm-180gb,B200,180GB,SXM,IB-NDR,1Y,NonInterruptible,Reserved,US-South,US,HIF,T2IF,T1,11.1159,False,,Available,v2.4.0,candidate,us-south1
2026-08-29,gcp_cud,b200-sxm-180gb,B200,180GB,SXM,IB-NDR,1Y,NonInterruptible,Reserved,US-West,US,HIF,T2IF,T1,11.1159,False,,Available,v2.4.0,candidate,us-west1
2026-08-29,gcp_cud,b200-sxm-180gb,B200,180GB,SXM,IB-NDR,1Y,NonInterruptible,Reserved,US-West,US,HIF,T2IF,T1,11.1159,False,,Available,v2.4.0,candidate,us-west2
2026-08-29,gcp_cud,b200-sxm-180gb,B200,180GB,SXM,IB-NDR,1Y,NonInterruptible,Reserved,US-West,US,HIF,T2IF,T1,11.1159,False,,Available,v2.4.0,candidate,us-west3
2026-08-29,gcp_cud,b200-sxm-180gb,B200,180GB,SXM,IB-NDR,1Y,NonInterruptible,Reserved,US-West,US,HIF,T2IF,T1,11.1159,False,,Available,v2.4.0,candidate,us-west4
2026-08-29,gcp_cud,b200-sxm-180gb,B200,180GB,SXM,IB-NDR,3Y,NonInterruptible,Reserved,APAC,APAC,HIF,T2IF,T1,8.5061,False,,Available,v2.4.0,candidate,asia-northeast1
2026-08-29,gcp_cud,b200-sxm-180gb,B200,180GB,SXM,IB-NDR,3Y,NonInterruptible,Reserved,APAC,APAC,HIF,T2IF,T1,8.5061,False,,Available,v2.4.0,candidate,asia-southeast1
2026-08-29,gcp_cud,b200-sxm-180gb,B200,180GB,SXM,IB-NDR,3Y,NonInterruptible,Reserved,EU,EU,HIF,T2IF,T1,7.7972,False,,Available,v2.4.0,candidate,europe-west4
2026-08-29,gcp_cud,b200-sxm-180gb,B200,180GB,SXM,IB-NDR,3Y,NonInterruptible,Reserved,US-Central,US,HIF,T2IF,T1,7.0884,False,,Available,v2.4.0,candidate,us-central1
2026-08-29,gcp_cud,b200-sxm-180gb,B200,180GB,SXM,IB-NDR,3Y,NonInterruptible,Reserved,US-East,US,HIF,T2IF,T1,7.0884,False,,Available,v2.4.0,candidate,us-east1
2026-08-29,gcp_cud,b200-sxm-180gb,B200,180GB,SXM,IB-NDR,3Y,NonInterruptible,Reserved,US-South,US,HIF,T2IF,T1,7.0884,False,,Available,v2.4.0,candidate,us-south1
2026-08-29,gcp_cud,b200-sxm-180gb,B200,180GB,SXM,IB-NDR,3Y,NonInterruptible,Reserved,US-West,US,HIF,T2IF,T1,7.0884,False,,Available,v2.4.0,candidate,us-west1
2026-08-29,gcp_cud,b200-sxm-180gb,B200,180GB,SXM,IB-NDR,3Y,NonInterruptible,Reserved,US-West,US,HIF,T2IF,T1,7.0884,False,,Available,v2.4.0,candidate,us-west2
2026-08-29,gcp_cud,b200-sxm-180gb,B200,180GB,SXM,IB-NDR,3Y,NonInterruptible,Reserved,US-West,US,HIF,T2IF,T1,7.0884,False,,Available,v2.4.0,candidate,us-west3
2026-08-29,gcp_cud,b200-sxm-180gb,B200,180GB,SXM,IB-NDR,3Y,NonInterruptible,Reserved,US-West,US,HIF,T2IF,T1,7.0884,False,,Available,v2.4.0,candidate,us-west4
2026-08-29,gcp_dws,b200-sxm-180gb,B200,180GB,SXM,IB-NDR,FlexStart,NonInterruptible,Reserved,US-Central,US,HIF,T2IF,T1,8.0550,False,,Available,v2.4.0,term-panel,us-central1
2026-08-29,gmi_cloud,b200-sxm-180gb,B200,180GB,SXM,IB-NDR,OnDemand,NonInterruptible,OnDemand,US-East,US,IIF,T2IF,T2,4.0000,False,,Available,v2.4.0,candidate,US
2026-08-29,hyperstack,b200-sxm-180gb,B200,180GB,SXM,IB-NDR,OnDemand,NonInterruptible,OnDemand,Other,Other,SIF,T2IF,T2,6.0000,True,local-nvme,Available,v2.4.0,panel,Multi
2026-08-29,hyperstack,b200-sxm-180gb,B200,180GB,SXM,IB-NDR,6M,NonInterruptible,Reserved,Other,Other,SIF,T2IF,T2,5.1000,True,local-nvme,Available,v2.4.0,panel,Multi
2026-08-29,koyeb,b200-sxm-180gb,B200,180GB,SXM,Unknown,OnDemand,NonInterruptible,OnDemand,Other,Other,SIF,T2IF,T2,5.5000,False,,Available,v2.4.0,candidate,Multi
2026-08-29,lambda,b200-sxm-180gb,B200,180GB,SXM,IB-NDR,OnDemand,NonInterruptible,OnDemand,US-East,US,IIF,T2IF,T2,6.6900,True,local-nvme,SoldOut,v2.4.0,panel,US
2026-08-29,lambda,b200-sxm-180gb,B200,180GB,SXM,IB-NDR,ReservedBand,NonInterruptible,Reserved,US-East,US,IIF,T2IF,T2,9.8600,True,local-nvme,Available,v2.4.0,panel,US
2026-08-29,massed_compute,b200-sxm-180gb,B200,180GB,SXM,Unknown,OnDemand,NonInterruptible,OnDemand,US-East,US,DIF,T3IF,T3,5.4325,False,,Available,v2.4.0,panel,US
2026-08-29,nebius,b200-sxm-180gb,B200,180GB,SXM,IB-NDR,OnDemand,NonInterruptible,OnDemand,Other,Other,IIF,T1IF,T2,7.1500,True,observability;managed-ops-plane;free-egress,Available,v2.4.0,panel,
2026-08-29,nebius,b200-sxm-180gb,B200,180GB,SXM,IB-NDR,OnDemand,Interruptible,Spot,Other,Other,DIF,T1IF,T2,3.9500,True,observability;managed-ops-plane;free-egress,Available,v2.4.0,panel,
2026-08-29,oci,b200-sxm-180gb,B200,180GB,SXM,RoCE-v2,OnDemand,NonInterruptible,OnDemand,US-East,US,HIF,T1IF,T1,14.0000,True,local-nvme;egress-capped;managed-ops-plane;support-tier;observability,Available,v2.4.0,panel,us-ashburn-1
2026-08-29,qubrid,b200-sxm-180gb,B200,180GB,SXM,Unknown,1Y,NonInterruptible,Reserved,Other,Other,SIF,T2IF,T2,4.2500,False,,Available,v2.4.0,panel,
2026-08-29,runpod_community,b200-sxm-180gb,B200,180GB,SXM,Unknown,OnDemand,NonInterruptible,OnDemand,Other,Other,DIF,T3IF,T3,5.9800,False,,SoldOut,v2.4.0,panel,Global
2026-08-29,runpod_secure,b200-sxm-180gb,B200,180GB,SXM,IB-NDR,OnDemand,NonInterruptible,OnDemand,Other,Other,DIF,T2IF,T3,6.7900,True,local-nvme,Available,v2.4.0,panel,Global
2026-08-29,runpod_secure,b200-sxm-180gb,B200,180GB,SXM,IB-NDR,1Y,NonInterruptible,Reserved,Other,Other,DIF,T2IF,T3,6.7900,True,local-nvme,Available,v2.4.0,panel,Global
2026-08-29,runpod_secure,b200-sxm-180gb,B200,180GB,SXM,IB-NDR,3M,NonInterruptible,Reserved,Other,Other,DIF,T2IF,T3,6.7900,True,local-nvme,Available,v2.4.0,panel,Global
2026-08-29,runpod_secure,b200-sxm-180gb,B200,180GB,SXM,IB-NDR,6M,NonInterruptible,Reserved,Other,Other,DIF,T2IF,T3,6.7900,True,local-nvme,Available,v2.4.0,panel,Global
2026-08-29,shakti_cloud,b200-sxm-180gb,B200,180GB,SXM,IB-Unspecified,1M,NonInterruptible,Reserved,APAC,APAC,SIF,T2IF,T2,4.9588,False,,Available,v2.4.0,panel,IN
2026-08-29,spheron,b200-sxm-180gb,B200,180GB,SXM,Unknown,OnDemand,NonInterruptible,OnDemand,Other,Other,DIF,T3IF,T3,7.2009,False,,Available,v2.4.0,panel,canada-1
2026-08-29,spheron,b200-sxm-180gb,B200,180GB,SXM,Unknown,OnDemand,NonInterruptible,OnDemand,Other,Other,DIF,T3IF,T3,9.3600,False,,Available,v2.4.0,panel,me-west-1
2026-08-29,spheron,b200-sxm-180gb,B200,180GB,SXM,Unknown,OnDemand,NonInterruptible,OnDemand,US-Central,US,DIF,T3IF,T3,9.3600,False,,Available,v2.4.0,panel,us-central-1
2026-08-29,spheron,b200-sxm-180gb,B200,180GB,SXM,Unknown,OnDemand,Interruptible,Spot,Other,Other,DIF,T3IF,T3,5.3376,False,,Available,v2.4.0,panel,me-west-1
2026-08-29,spheron,b200-sxm-180gb,B200,180GB,SXM,Unknown,OnDemand,Interruptible,Spot,US-Central,US,DIF,T3IF,T3,5.3376,False,,Available,v2.4.0,panel,us-central-1
2026-08-29,together,b200-sxm-180gb,B200,180GB,SXM,IB-NDR,OnDemand,NonInterruptible,OnDemand,US-East,US,SIF,T1IF,T2,8.1900,True,local-nvme;support-tier;observability;managed-ops-plane,Available,v2.4.0,panel,US
2026-08-29,together,b200-sxm-180gb,B200,180GB,SXM,IB-NDR,1M,NonInterruptible,Reserved,US-East,US,SIF,T1IF,T2,7.9900,True,local-nvme;support-tier;observability;managed-ops-plane,Available,v2.4.0,panel,US
2026-08-29,together,b200-sxm-180gb,B200,180GB,SXM,IB-NDR,3M,NonInterruptible,Reserved,US-East,US,SIF,T1IF,T2,7.7900,True,local-nvme;support-tier;observability;managed-ops-plane,Available,v2.4.0,panel,US
2026-08-29,together,b200-sxm-180gb,B200,180GB,SXM,IB-NDR,6M,NonInterruptible,Reserved,US-East,US,SIF,T1IF,T2,6.7900,True,local-nvme;support-tier;observability;managed-ops-plane,Available,v2.4.0,panel,US
2026-08-29,upcloud,b200-sxm-180gb,B200,180GB,SXM,Unknown,OnDemand,NonInterruptible,OnDemand,EU,EU,SIF,T2IF,T2,5.2394,False,,Available,v2.4.0,panel,EU-FI
2026-08-29,upcloud,b200-sxm-180gb,B200,180GB,SXM,Unknown,OnDemand,Interruptible,Spot,EU,EU,DIF,T2IF,T2,3.9295,False,,Available,v2.4.0,panel,EU-FI
2026-08-29,vast_ai,b200-sxm-180gb,B200,180GB,SXM,IB-NDR,OnDemand,NonInterruptible,OnDemand,US-East,US,DIF,T3IF,T3,6.0000,True,local-nvme,Available,v2.4.0,marketplace,", US"
2026-08-29,vast_ai,b200-sxm-180gb,B200,180GB,SXM,IB-NDR,OnDemand,NonInterruptible,OnDemand,APAC,APAC,DIF,T3IF,T3,4.8375,True,local-nvme,Available,v2.4.0,marketplace,"AUSTRALIA, AU"
2026-08-29,vast_ai,b200-sxm-180gb,B200,180GB,SXM,IB-NDR,OnDemand,NonInterruptible,OnDemand,Other,Other,DIF,T3IF,T3,5.3750,True,local-nvme,Available,v2.4.0,marketplace,"MEXICO, MX"
2026-08-29,vast_ai,b200-sxm-180gb,B200,180GB,SXM,IB-NDR,OnDemand,NonInterruptible,OnDemand,US-Central,US,DIF,T3IF,T3,6.0000,True,local-nvme,Available,v2.4.0,marketplace,"OHIO, US"
2026-08-29,vast_ai,b200-sxm-180gb,B200,180GB,SXM,IB-NDR,OnDemand,NonInterruptible,OnDemand,US-East,US,DIF,T3IF,T3,5.3688,True,local-nvme,Available,v2.4.0,marketplace,"VIRGINIA, US"
2026-08-29,vultr,b200-sxm-180gb,B200,180GB,SXM,Unknown,OnDemand,NonInterruptible,OnDemand,Other,Other,SIF,T2IF,T2,8.5000,False,,SoldOut,v2.4.0,panel,Multi
2026-08-29,vultr,b200-sxm-180gb,B200,180GB,SXM,Unknown,OnDemand,Interruptible,Spot,Other,Other,DIF,T2IF,T2,3.2000,False,,SoldOut,v2.4.0,panel,Multi
2026-08-30,aws,b200-sxm-180gb,B200,180GB,SXM,EFA,OnDemand,NonInterruptible,OnDemand,APAC,APAC,HIF,T1IF,T1,20.0807,True,local-nvme;managed-ops-plane;support-tier;observability,Available,v2.4.0,panel,ap-south-1
2026-08-30,aws,b200-sxm-180gb,B200,180GB,SXM,EFA,OnDemand,NonInterruptible,OnDemand,US-East,US,HIF,T1IF,T1,14.2416,True,local-nvme;managed-ops-plane;support-tier;observability,Available,v2.4.0,panel,us-east-1
2026-08-30,aws,b200-sxm-180gb,B200,180GB,SXM,EFA,OnDemand,NonInterruptible,OnDemand,US-East,US,HIF,T1IF,T1,14.2416,True,local-nvme;managed-ops-plane;support-tier;observability,Available,v2.4.0,panel,us-east-2
2026-08-30,aws,b200-sxm-180gb,B200,180GB,SXM,EFA,OnDemand,NonInterruptible,OnDemand,US-West,US,HIF,T1IF,T1,14.2416,True,local-nvme;managed-ops-plane;support-tier;observability,Available,v2.4.0,panel,us-west-2
2026-08-30,aws,b200-sxm-180gb,B200,180GB,SXM,EFA,3Y,NonInterruptible,Reserved,US-East,US,HIF,T1IF,T1,6.1524,True,local-nvme;managed-ops-plane;support-tier;observability,Available,v2.4.0,panel,us-east-1
2026-08-30,aws,b200-sxm-180gb,B200,180GB,SXM,EFA,3Y,NonInterruptible,Reserved,US-East,US,HIF,T1IF,T1,6.1524,True,local-nvme;managed-ops-plane;support-tier;observability,Available,v2.4.0,panel,us-east-2
2026-08-30,aws,b200-sxm-180gb,B200,180GB,SXM,EFA,3Y,NonInterruptible,Reserved,US-West,US,HIF,T1IF,T1,6.1524,True,local-nvme;managed-ops-plane;support-tier;observability,Available,v2.4.0,panel,us-west-2
2026-08-30,aws,b200-sxm-180gb,B200,180GB,SXM,EFA,OnDemand,Interruptible,Spot,APAC,APAC,DIF,T2IF,T1,5.9648,False,,Available,v2.4.0,panel,ap-south-1c
2026-08-30,aws,b200-sxm-180gb,B200,180GB,SXM,EFA,OnDemand,Interruptible,Spot,US-East,US,DIF,T2IF,T1,5.2101,False,,Available,v2.4.0,panel,us-east-1d
2026-08-30,aws,b200-sxm-180gb,B200,180GB,SXM,EFA,OnDemand,Interruptible,Spot,US-East,US,DIF,T2IF,T1,5.2424,False,,Available,v2.4.0,panel,us-east-2a
2026-08-30,aws,b200-sxm-180gb,B200,180GB,SXM,EFA,OnDemand,Interruptible,Spot,US-East,US,DIF,T2IF,T1,5.2177,False,,Available,v2.4.0,panel,us-east-2b
2026-08-30,aws,b200-sxm-180gb,B200,180GB,SXM,EFA,OnDemand,Interruptible,Spot,US-East,US,DIF,T2IF,T1,5.2097,False,,Available,v2.4.0,panel,us-east-2c
2026-08-30,aws,b200-sxm-180gb,B200,180GB,SXM,EFA,OnDemand,Interruptible,Spot,US-West,US,DIF,T2IF,T1,5.1902,False,,Available,v2.4.0,panel,us-west-2a
2026-08-30,aws,b200-sxm-180gb,B200,180GB,SXM,EFA,OnDemand,Interruptible,Spot,US-West,US,DIF,T2IF,T1,5.2378,False,,Available,v2.4.0,panel,us-west-2b
2026-08-30,aws,b200-sxm-180gb,B200,180GB,SXM,EFA,OnDemand,Interruptible,Spot,US-West,US,DIF,T2IF,T1,5.2413,False,,Available,v2.4.0,panel,us-west-2d
2026-08-30,aws_capacity_blocks,b200-sxm-180gb,B200,180GB,SXM,EFA,CapacityBlock,NonInterruptible,Reserved,Other,Other,HIF,T2IF,T1,12.3550,False,,Available,v2.4.0,term-panel,non-us
2026-08-30,aws_capacity_blocks,b200-sxm-180gb,B200,180GB,SXM,EFA,CapacityBlock,NonInterruptible,Reserved,US-East,US,HIF,T2IF,T1,12.3550,False,,Available,v2.4.0,term-panel,us-east-1
2026-08-30,civo,b200-sxm-180gb,B200,180GB,SXM,Unknown,1Y,NonInterruptible,Reserved,Other,Other,SIF,T2IF,T2,4.4900,False,,Available,v2.4.0,panel,
2026-08-30,civo,b200-sxm-180gb,B200,180GB,SXM,Unknown,2Y,NonInterruptible,Reserved,Other,Other,SIF,T2IF,T2,3.9900,False,,Available,v2.4.0,panel,
2026-08-30,civo,b200-sxm-180gb,B200,180GB,SXM,Unknown,3Y,NonInterruptible,Reserved,Other,Other,SIF,T2IF,T2,3.7900,False,,Available,v2.4.0,panel,
2026-08-30,cloudrift,b200-sxm-180gb,B200,180GB,SXM,,1M,NonInterruptible,Reserved,US-East,US,SIF,T2IF,T2,3.6000,False,,Available,v2.4.0,term-panel,US
2026-08-30,cloudrift,b200-sxm-180gb,B200,180GB,SXM,,3M,NonInterruptible,Reserved,US-East,US,SIF,T2IF,T2,3.2400,False,,Available,v2.4.0,term-panel,US
2026-08-30,coreweave,b200-sxm-180gb,B200,180GB,SXM,IB-NDR,OnDemand,NonInterruptible,OnDemand,EU,EU,IIF,T1IF,T2,8.6000,True,local-nvme;free-egress;support-tier;observability;managed-ops-plane,Available,v2.4.0,panel,EU
2026-08-30,coreweave,b200-sxm-180gb,B200,180GB,SXM,IB-NDR,OnDemand,NonInterruptible,OnDemand,US-East,US,IIF,T1IF,T2,8.6000,True,local-nvme;free-egress;support-tier;observability;managed-ops-plane,Available,v2.4.0,panel,US
2026-08-30,coreweave,b200-sxm-180gb,B200,180GB,SXM,IB-NDR,OnDemand,Interruptible,Spot,EU,EU,DIF,T1IF,T2,4.3588,True,local-nvme;free-egress;support-tier;observability;managed-ops-plane,Available,v2.4.0,panel,EU
2026-08-30,coreweave,b200-sxm-180gb,B200,180GB,SXM,IB-NDR,OnDemand,Interruptible,Spot,US-East,US,DIF,T1IF,T2,4.2638,True,local-nvme;free-egress;support-tier;observability;managed-ops-plane,Available,v2.4.0,panel,US
2026-08-30,datacrunch,b200-sxm-180gb,B200,180GB,SXM,IB-NDR,OnDemand,NonInterruptible,OnDemand,EU,EU,SIF,T2IF,T2,6.1100,True,local-nvme,Available,v2.4.0,panel,EU-FI
2026-08-30,datacrunch,b200-sxm-180gb,B200,180GB,SXM,IB-NDR,1M,NonInterruptible,Reserved,EU,EU,SIF,T2IF,T2,5.9878,True,local-nvme,Available,v2.4.0,panel,EU-FI
2026-08-30,datacrunch,b200-sxm-180gb,B200,180GB,SXM,IB-NDR,1Y,NonInterruptible,Reserved,EU,EU,SIF,T2IF,T2,5.6212,True,local-nvme,Available,v2.4.0,panel,EU-FI
2026-08-30,datacrunch,b200-sxm-180gb,B200,180GB,SXM,IB-NDR,2Y,NonInterruptible,Reserved,EU,EU,SIF,T2IF,T2,4.5825,True,local-nvme,Available,v2.4.0,panel,EU-FI
2026-08-30,datacrunch,b200-sxm-180gb,B200,180GB,SXM,IB-NDR,3M,NonInterruptible,Reserved,EU,EU,SIF,T2IF,T2,5.9267,True,local-nvme,Available,v2.4.0,panel,EU-FI
2026-08-30,datacrunch,b200-sxm-180gb,B200,180GB,SXM,IB-NDR,6M,NonInterruptible,Reserved,EU,EU,SIF,T2IF,T2,5.8656,True,local-nvme,Available,v2.4.0,panel,EU-FI
2026-08-30,datacrunch,b200-sxm-180gb,B200,180GB,SXM,IB-NDR,OnDemand,Interruptible,Spot,EU,EU,DIF,T2IF,T2,3.0550,True,local-nvme,Available,v2.4.0,panel,EU-FI
2026-08-30,deepinfra_gpu,b200-sxm-180gb,B200,180GB,SXM,,OnDemand,NonInterruptible,OnDemand,Other,Other,SIF,T2IF,T2,3.6900,False,,Available,v2.4.0,panel,undisclosed
2026-08-30,e2e,b200-sxm-180gb,B200,180GB,SXM,IB-NDR,OnDemand,NonInterruptible,OnDemand,APAC,APAC,IIF,T2IF,T2,6.9900,False,,Available,v2.4.0,panel,India
2026-08-30,e2e,b200-sxm-180gb,B200,180GB,SXM,IB-NDR,1M,NonInterruptible,Reserved,APAC,APAC,IIF,T2IF,T2,6.9211,False,,Available,v2.4.0,panel,India
2026-08-30,e2e,b200-sxm-180gb,B200,180GB,SXM,IB-NDR,1Y,NonInterruptible,Reserved,APAC,APAC,IIF,T2IF,T2,6.2888,False,,Available,v2.4.0,panel,India
2026-08-30,gcp,b200-sxm-180gb,B200,180GB,SXM,IB-NDR,OnDemand,NonInterruptible,OnDemand,APAC,APAC,HIF,T1IF,T1,19.3320,True,local-nvme;managed-ops-plane;support-tier;observability,Available,v2.4.0,panel,asia-southeast1
2026-08-30,gcp,b200-sxm-180gb,B200,180GB,SXM,IB-NDR,OnDemand,NonInterruptible,OnDemand,EU,EU,HIF,T1IF,T1,17.7210,True,local-nvme;managed-ops-plane;support-tier;observability,Available,v2.4.0,panel,europe-west4
2026-08-30,gcp,b200-sxm-180gb,B200,180GB,SXM,IB-NDR,OnDemand,NonInterruptible,OnDemand,US-Central,US,HIF,T1IF,T1,16.1100,True,local-nvme;managed-ops-plane;support-tier;observability,Available,v2.4.0,panel,us-central1
2026-08-30,gcp,b200-sxm-180gb,B200,180GB,SXM,IB-NDR,OnDemand,NonInterruptible,OnDemand,US-East,US,HIF,T1IF,T1,16.1100,True,local-nvme;managed-ops-plane;support-tier;observability,Available,v2.4.0,panel,us-east1
2026-08-30,gcp,b200-sxm-180gb,B200,180GB,SXM,IB-NDR,1Y,NonInterruptible,Reserved,APAC,APAC,HIF,T1IF,T1,13.3391,True,local-nvme;managed-ops-plane;support-tier;observability,Available,v2.4.0,panel,asia-northeast1
2026-08-30,gcp,b200-sxm-180gb,B200,180GB,SXM,IB-NDR,1Y,NonInterruptible,Reserved,APAC,APAC,HIF,T1IF,T1,13.3391,True,local-nvme;managed-ops-plane;support-tier;observability,Available,v2.4.0,panel,asia-southeast1
2026-08-30,gcp,b200-sxm-180gb,B200,180GB,SXM,IB-NDR,1Y,NonInterruptible,Reserved,EU,EU,HIF,T1IF,T1,12.2275,True,local-nvme;managed-ops-plane;support-tier;observability,Available,v2.4.0,panel,europe-west4
2026-08-30,gcp,b200-sxm-180gb,B200,180GB,SXM,IB-NDR,1Y,NonInterruptible,Reserved,US-Central,US,HIF,T1IF,T1,11.1159,True,local-nvme;managed-ops-plane;support-tier;observability,Available,v2.4.0,panel,us-central1
2026-08-30,gcp,b200-sxm-180gb,B200,180GB,SXM,IB-NDR,1Y,NonInterruptible,Reserved,US-East,US,HIF,T1IF,T1,11.1159,True,local-nvme;managed-ops-plane;support-tier;observability,Available,v2.4.0,panel,us-east1
2026-08-30,gcp,b200-sxm-180gb,B200,180GB,SXM,IB-NDR,1Y,NonInterruptible,Reserved,US-South,US,HIF,T1IF,T1,11.1159,True,local-nvme;managed-ops-plane;support-tier;observability,Available,v2.4.0,panel,us-south1
2026-08-30,gcp,b200-sxm-180gb,B200,180GB,SXM,IB-NDR,1Y,NonInterruptible,Reserved,US-West,US,HIF,T1IF,T1,11.1159,True,local-nvme;managed-ops-plane;support-tier;observability,Available,v2.4.0,panel,us-west1
2026-08-30,gcp,b200-sxm-180gb,B200,180GB,SXM,IB-NDR,1Y,NonInterruptible,Reserved,US-West,US,HIF,T1IF,T1,11.1159,True,local-nvme;managed-ops-plane;support-tier;observability,Available,v2.4.0,panel,us-west2
2026-08-30,gcp,b200-sxm-180gb,B200,180GB,SXM,IB-NDR,1Y,NonInterruptible,Reserved,US-West,US,HIF,T1IF,T1,11.1159,True,local-nvme;managed-ops-plane;support-tier;observability,Available,v2.4.0,panel,us-west3
2026-08-30,gcp,b200-sxm-180gb,B200,180GB,SXM,IB-NDR,1Y,NonInterruptible,Reserved,US-West,US,HIF,T1IF,T1,11.1159,True,local-nvme;managed-ops-plane;support-tier;observability,Available,v2.4.0,panel,us-west4
2026-08-30,gcp,b200-sxm-180gb,B200,180GB,SXM,IB-NDR,3Y,NonInterruptible,Reserved,APAC,APAC,HIF,T1IF,T1,8.5061,True,local-nvme;managed-ops-plane;support-tier;observability,Available,v2.4.0,panel,asia-northeast1
2026-08-30,gcp,b200-sxm-180gb,B200,180GB,SXM,IB-NDR,3Y,NonInterruptible,Reserved,APAC,APAC,HIF,T1IF,T1,8.5061,True,local-nvme;managed-ops-plane;support-tier;observability,Available,v2.4.0,panel,asia-southeast1
2026-08-30,gcp,b200-sxm-180gb,B200,180GB,SXM,IB-NDR,3Y,NonInterruptible,Reserved,EU,EU,HIF,T1IF,T1,7.7972,True,local-nvme;managed-ops-plane;support-tier;observability,Available,v2.4.0,panel,europe-west4
2026-08-30,gcp,b200-sxm-180gb,B200,180GB,SXM,IB-NDR,3Y,NonInterruptible,Reserved,US-Central,US,HIF,T1IF,T1,7.0884,True,local-nvme;managed-ops-plane;support-tier;observability,Available,v2.4.0,panel,us-central1
2026-08-30,gcp,b200-sxm-180gb,B200,180GB,SXM,IB-NDR,3Y,NonInterruptible,Reserved,US-East,US,HIF,T1IF,T1,7.0884,True,local-nvme;managed-ops-plane;support-tier;observability,Available,v2.4.0,panel,us-east1
2026-08-30,gcp,b200-sxm-180gb,B200,180GB,SXM,IB-NDR,3Y,NonInterruptible,Reserved,US-South,US,HIF,T1IF,T1,7.0884,True,local-nvme;managed-ops-plane;support-tier;observability,Available,v2.4.0,panel,us-south1
2026-08-30,gcp,b200-sxm-180gb,B200,180GB,SXM,IB-NDR,3Y,NonInterruptible,Reserved,US-West,US,HIF,T1IF,T1,7.0884,True,local-nvme;managed-ops-plane;support-tier;observability,Available,v2.4.0,panel,us-west1
2026-08-30,gcp,b200-sxm-180gb,B200,180GB,SXM,IB-NDR,3Y,NonInterruptible,Reserved,US-West,US,HIF,T1IF,T1,7.0884,True,local-nvme;managed-ops-plane;support-tier;observability,Available,v2.4.0,panel,us-west2
2026-08-30,gcp,b200-sxm-180gb,B200,180GB,SXM,IB-NDR,3Y,NonInterruptible,Reserved,US-West,US,HIF,T1IF,T1,7.0884,True,local-nvme;managed-ops-plane;support-tier;observability,Available,v2.4.0,panel,us-west3
2026-08-30,gcp,b200-sxm-180gb,B200,180GB,SXM,IB-NDR,3Y,NonInterruptible,Reserved,US-West,US,HIF,T1IF,T1,7.0884,True,local-nvme;managed-ops-plane;support-tier;observability,Available,v2.4.0,panel,us-west4
2026-08-30,gcp,b200-sxm-180gb,B200,180GB,SXM,IB-NDR,OnDemand,Interruptible,Spot,APAC,APAC,DIF,T1IF,T1,5.9316,True,local-nvme;managed-ops-plane;support-tier;observability,Available,v2.4.0,panel,asia-northeast1
2026-08-30,gcp,b200-sxm-180gb,B200,180GB,SXM,IB-NDR,OnDemand,Interruptible,Spot,APAC,APAC,DIF,T1IF,T1,4.9021,True,local-nvme;managed-ops-plane;support-tier;observability,Available,v2.4.0,panel,asia-southeast1
2026-08-30,gcp,b200-sxm-180gb,B200,180GB,SXM,IB-NDR,OnDemand,Interruptible,Spot,EU,EU,DIF,T1IF,T1,5.4373,True,local-nvme;managed-ops-plane;support-tier;observability,Available,v2.4.0,panel,europe-north1
2026-08-30,gcp,b200-sxm-180gb,B200,180GB,SXM,IB-NDR,OnDemand,Interruptible,Spot,EU,EU,DIF,T1IF,T1,1.9931,True,local-nvme;managed-ops-plane;support-tier;observability,Available,v2.4.0,panel,europe-west1
2026-08-30,gcp,b200-sxm-180gb,B200,180GB,SXM,IB-NDR,OnDemand,Interruptible,Spot,EU,EU,DIF,T1IF,T1,4.4722,True,local-nvme;managed-ops-plane;support-tier;observability,Available,v2.4.0,panel,europe-west4
2026-08-30,gcp,b200-sxm-180gb,B200,180GB,SXM,IB-NDR,OnDemand,Interruptible,Spot,US-Central,US,DIF,T1IF,T1,4.9542,True,local-nvme;managed-ops-plane;support-tier;observability,Available,v2.4.0,panel,us-central1
2026-08-30,gcp,b200-sxm-180gb,B200,180GB,SXM,IB-NDR,OnDemand,Interruptible,Spot,US-East,US,DIF,T1IF,T1,4.9542,True,local-nvme;managed-ops-plane;support-tier;observability,Available,v2.4.0,panel,us-east1
2026-08-30,gcp,b200-sxm-180gb,B200,180GB,SXM,IB-NDR,OnDemand,Interruptible,Spot,US-East,US,DIF,T1IF,T1,4.0758,True,local-nvme;managed-ops-plane;support-tier;observability,Available,v2.4.0,panel,us-east4
2026-08-30,gcp,b200-sxm-180gb,B200,180GB,SXM,IB-NDR,OnDemand,Interruptible,Spot,US-South,US,DIF,T1IF,T1,4.4936,True,local-nvme;managed-ops-plane;support-tier;observability,Available,v2.4.0,panel,us-south1
2026-08-30,gcp,b200-sxm-180gb,B200,180GB,SXM,IB-NDR,OnDemand,Interruptible,Spot,US-West,US,DIF,T1IF,T1,4.2592,True,local-nvme;managed-ops-plane;support-tier;observability,Available,v2.4.0,panel,us-west2
2026-08-30,gcp,b200-sxm-180gb,B200,180GB,SXM,IB-NDR,OnDemand,Interruptible,Spot,US-West,US,DIF,T1IF,T1,4.6958,True,local-nvme;managed-ops-plane;support-tier;observability,Available,v2.4.0,panel,us-west3
2026-08-30,gcp_cud,b200-sxm-180gb,B200,180GB,SXM,IB-NDR,1Y,NonInterruptible,Reserved,APAC,APAC,HIF,T2IF,T1,13.3391,False,,Available,v2.4.0,candidate,asia-northeast1
2026-08-30,gcp_cud,b200-sxm-180gb,B200,180GB,SXM,IB-NDR,1Y,NonInterruptible,Reserved,APAC,APAC,HIF,T2IF,T1,13.3391,False,,Available,v2.4.0,candidate,asia-southeast1
2026-08-30,gcp_cud,b200-sxm-180gb,B200,180GB,SXM,IB-NDR,1Y,NonInterruptible,Reserved,EU,EU,HIF,T2IF,T1,12.2275,False,,Available,v2.4.0,candidate,europe-west4
2026-08-30,gcp_cud,b200-sxm-180gb,B200,180GB,SXM,IB-NDR,1Y,NonInterruptible,Reserved,US-Central,US,HIF,T2IF,T1,11.1159,False,,Available,v2.4.0,candidate,us-central1
2026-08-30,gcp_cud,b200-sxm-180gb,B200,180GB,SXM,IB-NDR,1Y,NonInterruptible,Reserved,US-East,US,HIF,T2IF,T1,11.1159,False,,Available,v2.4.0,candidate,us-east1
2026-08-30,gcp_cud,b200-sxm-180gb,B200,180GB,SXM,IB-NDR,1Y,NonInterruptible,Reserved,US-South,US,HIF,T2IF,T1,11.1159,False,,Available,v2.4.0,candidate,us-south1
2026-08-30,gcp_cud,b200-sxm-180gb,B200,180GB,SXM,IB-NDR,1Y,NonInterruptible,Reserved,US-West,US,HIF,T2IF,T1,11.1159,False,,Available,v2.4.0,candidate,us-west1
2026-08-30,gcp_cud,b200-sxm-180gb,B200,180GB,SXM,IB-NDR,1Y,NonInterruptible,Reserved,US-West,US,HIF,T2IF,T1,11.1159,False,,Available,v2.4.0,candidate,us-west2
2026-08-30,gcp_cud,b200-sxm-180gb,B200,180GB,SXM,IB-NDR,1Y,NonInterruptible,Reserved,US-West,US,HIF,T2IF,T1,11.1159,False,,Available,v2.4.0,candidate,us-west3
2026-08-30,gcp_cud,b200-sxm-180gb,B200,180GB,SXM,IB-NDR,1Y,NonInterruptible,Reserved,US-West,US,HIF,T2IF,T1,11.1159,False,,Available,v2.4.0,candidate,us-west4
2026-08-30,gcp_cud,b200-sxm-180gb,B200,180GB,SXM,IB-NDR,3Y,NonInterruptible,Reserved,APAC,APAC,HIF,T2IF,T1,8.5061,False,,Available,v2.4.0,candidate,asia-northeast1
2026-08-30,gcp_cud,b200-sxm-180gb,B200,180GB,SXM,IB-NDR,3Y,NonInterruptible,Reserved,APAC,APAC,HIF,T2IF,T1,8.5061,False,,Available,v2.4.0,candidate,asia-southeast1
2026-08-30,gcp_cud,b200-sxm-180gb,B200,180GB,SXM,IB-NDR,3Y,NonInterruptible,Reserved,EU,EU,HIF,T2IF,T1,7.7972,False,,Available,v2.4.0,candidate,europe-west4
2026-08-30,gcp_cud,b200-sxm-180gb,B200,180GB,SXM,IB-NDR,3Y,NonInterruptible,Reserved,US-Central,US,HIF,T2IF,T1,7.0884,False,,Available,v2.4.0,candidate,us-central1
2026-08-30,gcp_cud,b200-sxm-180gb,B200,180GB,SXM,IB-NDR,3Y,NonInterruptible,Reserved,US-East,US,HIF,T2IF,T1,7.0884,False,,Available,v2.4.0,candidate,us-east1
2026-08-30,gcp_cud,b200-sxm-180gb,B200,180GB,SXM,IB-NDR,3Y,NonInterruptible,Reserved,US-South,US,HIF,T2IF,T1,7.0884,False,,Available,v2.4.0,candidate,us-south1
2026-08-30,gcp_cud,b200-sxm-180gb,B200,180GB,SXM,IB-NDR,3Y,NonInterruptible,Reserved,US-West,US,HIF,T2IF,T1,7.0884,False,,Available,v2.4.0,candidate,us-west1
2026-08-30,gcp_cud,b200-sxm-180gb,B200,180GB,SXM,IB-NDR,3Y,NonInterruptible,Reserved,US-West,US,HIF,T2IF,T1,7.0884,False,,Available,v2.4.0,candidate,us-west2
2026-08-30,gcp_cud,b200-sxm-180gb,B200,180GB,SXM,IB-NDR,3Y,NonInterruptible,Reserved,US-West,US,HIF,T2IF,T1,7.0884,False,,Available,v2.4.0,candidate,us-west3
2026-08-30,gcp_cud,b200-sxm-180gb,B200,180GB,SXM,IB-NDR,3Y,NonInterruptible,Reserved,US-West,US,HIF,T2IF,T1,7.0884,False,,Available,v2.4.0,candidate,us-west4
2026-08-30,gcp_dws,b200-sxm-180gb,B200,180GB,SXM,IB-NDR,FlexStart,NonInterruptible,Reserved,US-Central,US,HIF,T2IF,T1,8.0550,False,,Available,v2.4.0,term-panel,us-central1
2026-08-30,gmi_cloud,b200-sxm-180gb,B200,180GB,SXM,IB-NDR,OnDemand,NonInterruptible,OnDemand,US-East,US,IIF,T2IF,T2,4.0000,False,,Available,v2.4.0,candidate,US
2026-08-30,hyperstack,b200-sxm-180gb,B200,180GB,SXM,IB-NDR,OnDemand,NonInterruptible,OnDemand,Other,Other,SIF,T2IF,T2,6.0000,True,local-nvme,Available,v2.4.0,panel,Multi
2026-08-30,hyperstack,b200-sxm-180gb,B200,180GB,SXM,IB-NDR,6M,NonInterruptible,Reserved,Other,Other,SIF,T2IF,T2,5.1000,True,local-nvme,Available,v2.4.0,panel,Multi
2026-08-30,koyeb,b200-sxm-180gb,B200,180GB,SXM,Unknown,OnDemand,NonInterruptible,OnDemand,Other,Other,SIF,T2IF,T2,5.5000,False,,Available,v2.4.0,candidate,Multi
2026-08-30,lambda,b200-sxm-180gb,B200,180GB,SXM,IB-NDR,OnDemand,NonInterruptible,OnDemand,US-East,US,IIF,T2IF,T2,6.6900,True,local-nvme,SoldOut,v2.4.0,panel,US
2026-08-30,lambda,b200-sxm-180gb,B200,180GB,SXM,IB-NDR,ReservedBand,NonInterruptible,Reserved,US-East,US,IIF,T2IF,T2,9.8600,True,local-nvme,Available,v2.4.0,panel,US
2026-08-30,massed_compute,b200-sxm-180gb,B200,180GB,SXM,Unknown,OnDemand,NonInterruptible,OnDemand,US-East,US,DIF,T3IF,T3,5.4325,False,,Available,v2.4.0,panel,US
2026-08-30,nebius,b200-sxm-180gb,B200,180GB,SXM,IB-NDR,OnDemand,NonInterruptible,OnDemand,Other,Other,IIF,T1IF,T2,7.1500,True,observability;managed-ops-plane;free-egress,Available,v2.4.0,panel,
2026-08-30,nebius,b200-sxm-180gb,B200,180GB,SXM,IB-NDR,OnDemand,Interruptible,Spot,Other,Other,DIF,T1IF,T2,3.9500,True,observability;managed-ops-plane;free-egress,Available,v2.4.0,panel,
2026-08-30,oci,b200-sxm-180gb,B200,180GB,SXM,RoCE-v2,OnDemand,NonInterruptible,OnDemand,US-East,US,HIF,T1IF,T1,14.0000,True,local-nvme;egress-capped;managed-ops-plane;support-tier;observability,Available,v2.4.0,panel,us-ashburn-1
2026-08-30,qubrid,b200-sxm-180gb,B200,180GB,SXM,Unknown,1Y,NonInterruptible,Reserved,Other,Other,SIF,T2IF,T2,4.2500,False,,Available,v2.4.0,panel,
2026-08-30,runpod_community,b200-sxm-180gb,B200,180GB,SXM,Unknown,OnDemand,NonInterruptible,OnDemand,Other,Other,DIF,T3IF,T3,5.9800,False,,SoldOut,v2.4.0,panel,Global
2026-08-30,runpod_secure,b200-sxm-180gb,B200,180GB,SXM,IB-NDR,OnDemand,NonInterruptible,OnDemand,Other,Other,DIF,T2IF,T3,6.7900,True,local-nvme,Available,v2.4.0,panel,Global
2026-08-30,runpod_secure,b200-sxm-180gb,B200,180GB,SXM,IB-NDR,1Y,NonInterruptible,Reserved,Other,Other,DIF,T2IF,T3,6.7900,True,local-nvme,Available,v2.4.0,panel,Global
2026-08-30,runpod_secure,b200-sxm-180gb,B200,180GB,SXM,IB-NDR,3M,NonInterruptible,Reserved,Other,Other,DIF,T2IF,T3,6.7900,True,local-nvme,Available,v2.4.0,panel,Global
2026-08-30,runpod_secure,b200-sxm-180gb,B200,180GB,SXM,IB-NDR,6M,NonInterruptible,Reserved,Other,Other,DIF,T2IF,T3,6.7900,True,local-nvme,Available,v2.4.0,panel,Global
2026-08-30,shakti_cloud,b200-sxm-180gb,B200,180GB,SXM,IB-Unspecified,1M,NonInterruptible,Reserved,APAC,APAC,SIF,T2IF,T2,4.9588,False,,Available,v2.4.0,panel,IN
2026-08-30,spheron,b200-sxm-180gb,B200,180GB,SXM,Unknown,OnDemand,NonInterruptible,OnDemand,Other,Other,DIF,T3IF,T3,7.2009,False,,Available,v2.4.0,panel,canada-1
2026-08-30,spheron,b200-sxm-180gb,B200,180GB,SXM,Unknown,OnDemand,NonInterruptible,OnDemand,Other,Other,DIF,T3IF,T3,9.3600,False,,Available,v2.4.0,panel,me-west-1
2026-08-30,spheron,b200-sxm-180gb,B200,180GB,SXM,Unknown,OnDemand,NonInterruptible,OnDemand,US-Central,US,DIF,T3IF,T3,9.3600,False,,Available,v2.4.0,panel,us-central-1
2026-08-30,spheron,b200-sxm-180gb,B200,180GB,SXM,Unknown,OnDemand,Interruptible,Spot,Other,Other,DIF,T3IF,T3,5.3376,False,,Available,v2.4.0,panel,me-west-1
2026-08-30,spheron,b200-sxm-180gb,B200,180GB,SXM,Unknown,OnDemand,Interruptible,Spot,US-Central,US,DIF,T3IF,T3,5.3376,False,,Available,v2.4.0,panel,us-central-1
2026-08-30,together,b200-sxm-180gb,B200,180GB,SXM,IB-NDR,OnDemand,NonInterruptible,OnDemand,US-East,US,SIF,T1IF,T2,8.1900,True,local-nvme;support-tier;observability;managed-ops-plane,Available,v2.4.0,panel,US
2026-08-30,together,b200-sxm-180gb,B200,180GB,SXM,IB-NDR,1M,NonInterruptible,Reserved,US-East,US,SIF,T1IF,T2,7.9900,True,local-nvme;support-tier;observability;managed-ops-plane,Available,v2.4.0,panel,US
2026-08-30,together,b200-sxm-180gb,B200,180GB,SXM,IB-NDR,3M,NonInterruptible,Reserved,US-East,US,SIF,T1IF,T2,7.7900,True,local-nvme;support-tier;observability;managed-ops-plane,Available,v2.4.0,panel,US
2026-08-30,together,b200-sxm-180gb,B200,180GB,SXM,IB-NDR,6M,NonInterruptible,Reserved,US-East,US,SIF,T1IF,T2,6.7900,True,local-nvme;support-tier;observability;managed-ops-plane,Available,v2.4.0,panel,US
2026-08-30,vast_ai,b200-sxm-180gb,B200,180GB,SXM,IB-NDR,OnDemand,NonInterruptible,OnDemand,US-East,US,DIF,T3IF,T3,5.7500,True,local-nvme,Available,v2.4.0,marketplace,", US"
2026-08-30,vast_ai,b200-sxm-180gb,B200,180GB,SXM,IB-NDR,OnDemand,NonInterruptible,OnDemand,APAC,APAC,DIF,T3IF,T3,4.8375,True,local-nvme,Available,v2.4.0,marketplace,"AUSTRALIA, AU"
2026-08-30,vast_ai,b200-sxm-180gb,B200,180GB,SXM,IB-NDR,OnDemand,NonInterruptible,OnDemand,Other,Other,DIF,T3IF,T3,5.3750,True,local-nvme,Available,v2.4.0,marketplace,"MEXICO, MX"
2026-08-30,vast_ai,b200-sxm-180gb,B200,180GB,SXM,IB-NDR,OnDemand,NonInterruptible,OnDemand,US-Central,US,DIF,T3IF,T3,6.0000,True,local-nvme,Available,v2.4.0,marketplace,"OHIO, US"
2026-08-30,vast_ai,b200-sxm-180gb,B200,180GB,SXM,IB-NDR,OnDemand,NonInterruptible,OnDemand,EU,EU,DIF,T3IF,T3,5.0000,True,local-nvme,Available,v2.4.0,marketplace,"SLOVENIA, SI"
2026-08-30,vast_ai,b200-sxm-180gb,B200,180GB,SXM,IB-NDR,OnDemand,NonInterruptible,OnDemand,US-East,US,DIF,T3IF,T3,8.1563,True,local-nvme,Available,v2.4.0,marketplace,"VIRGINIA, US"
2026-08-30,vultr,b200-sxm-180gb,B200,180GB,SXM,Unknown,OnDemand,NonInterruptible,OnDemand,Other,Other,SIF,T2IF,T2,8.5000,False,,SoldOut,v2.4.0,panel,Multi
2026-08-30,vultr,b200-sxm-180gb,B200,180GB,SXM,Unknown,OnDemand,Interruptible,Spot,Other,Other,DIF,T2IF,T2,3.2000,False,,SoldOut,v2.4.0,panel,Multi
2026-08-31,aws,b200-sxm-180gb,B200,180GB,SXM,EFA,OnDemand,NonInterruptible,OnDemand,APAC,APAC,HIF,T1IF,T1,20.0807,True,local-nvme;managed-ops-plane;support-tier;observability,Available,v2.4.0,panel,ap-south-1
2026-08-31,aws,b200-sxm-180gb,B200,180GB,SXM,EFA,OnDemand,NonInterruptible,OnDemand,US-East,US,HIF,T1IF,T1,14.2416,True,local-nvme;managed-ops-plane;support-tier;observability,Available,v2.4.0,panel,us-east-1
2026-08-31,aws,b200-sxm-180gb,B200,180GB,SXM,EFA,OnDemand,NonInterruptible,OnDemand,US-East,US,HIF,T1IF,T1,14.2416,True,local-nvme;managed-ops-plane;support-tier;observability,Available,v2.4.0,panel,us-east-2
2026-08-31,aws,b200-sxm-180gb,B200,180GB,SXM,EFA,OnDemand,NonInterruptible,OnDemand,US-West,US,HIF,T1IF,T1,14.2416,True,local-nvme;managed-ops-plane;support-tier;observability,Available,v2.4.0,panel,us-west-2
2026-08-31,aws,b200-sxm-180gb,B200,180GB,SXM,EFA,3Y,NonInterruptible,Reserved,US-East,US,HIF,T1IF,T1,6.1524,True,local-nvme;managed-ops-plane;support-tier;observability,Available,v2.4.0,panel,us-east-1
2026-08-31,aws,b200-sxm-180gb,B200,180GB,SXM,EFA,3Y,NonInterruptible,Reserved,US-East,US,HIF,T1IF,T1,6.1524,True,local-nvme;managed-ops-plane;support-tier;observability,Available,v2.4.0,panel,us-east-2
2026-08-31,aws,b200-sxm-180gb,B200,180GB,SXM,EFA,3Y,NonInterruptible,Reserved,US-West,US,HIF,T1IF,T1,6.1524,True,local-nvme;managed-ops-plane;support-tier;observability,Available,v2.4.0,panel,us-west-2
2026-08-31,aws,b200-sxm-180gb,B200,180GB,SXM,EFA,OnDemand,Interruptible,Spot,APAC,APAC,DIF,T2IF,T1,5.9694,False,,Available,v2.4.0,panel,ap-south-1c
2026-08-31,aws,b200-sxm-180gb,B200,180GB,SXM,EFA,OnDemand,Interruptible,Spot,US-East,US,DIF,T2IF,T1,5.2238,False,,Available,v2.4.0,panel,us-east-1d
2026-08-31,aws,b200-sxm-180gb,B200,180GB,SXM,EFA,OnDemand,Interruptible,Spot,US-East,US,DIF,T2IF,T1,5.2490,False,,Available,v2.4.0,panel,us-east-2a
2026-08-31,aws,b200-sxm-180gb,B200,180GB,SXM,EFA,OnDemand,Interruptible,Spot,US-East,US,DIF,T2IF,T1,5.2302,False,,Available,v2.4.0,panel,us-east-2b
2026-08-31,aws,b200-sxm-180gb,B200,180GB,SXM,EFA,OnDemand,Interruptible,Spot,US-East,US,DIF,T2IF,T1,5.2104,False,,Available,v2.4.0,panel,us-east-2c
2026-08-31,aws,b200-sxm-180gb,B200,180GB,SXM,EFA,OnDemand,Interruptible,Spot,US-West,US,DIF,T2IF,T1,5.1902,False,,Available,v2.4.0,panel,us-west-2a
2026-08-31,aws,b200-sxm-180gb,B200,180GB,SXM,EFA,OnDemand,Interruptible,Spot,US-West,US,DIF,T2IF,T1,5.2364,False,,Available,v2.4.0,panel,us-west-2b
2026-08-31,aws,b200-sxm-180gb,B200,180GB,SXM,EFA,OnDemand,Interruptible,Spot,US-West,US,DIF,T2IF,T1,5.2351,False,,Available,v2.4.0,panel,us-west-2d
2026-08-31,aws_capacity_blocks,b200-sxm-180gb,B200,180GB,SXM,EFA,CapacityBlock,NonInterruptible,Reserved,Other,Other,HIF,T2IF,T1,12.3550,False,,Available,v2.4.0,term-panel,non-us
2026-08-31,aws_capacity_blocks,b200-sxm-180gb,B200,180GB,SXM,EFA,CapacityBlock,NonInterruptible,Reserved,US-East,US,HIF,T2IF,T1,12.3550,False,,Available,v2.4.0,term-panel,us-east-1
2026-08-31,civo,b200-sxm-180gb,B200,180GB,SXM,Unknown,1Y,NonInterruptible,Reserved,Other,Other,SIF,T2IF,T2,4.4900,False,,Available,v2.4.0,panel,
2026-08-31,civo,b200-sxm-180gb,B200,180GB,SXM,Unknown,2Y,NonInterruptible,Reserved,Other,Other,SIF,T2IF,T2,3.9900,False,,Available,v2.4.0,panel,
2026-08-31,civo,b200-sxm-180gb,B200,180GB,SXM,Unknown,3Y,NonInterruptible,Reserved,Other,Other,SIF,T2IF,T2,3.7900,False,,Available,v2.4.0,panel,
2026-08-31,cloudrift,b200-sxm-180gb,B200,180GB,SXM,,1M,NonInterruptible,Reserved,US-East,US,SIF,T2IF,T2,3.6000,False,,Available,v2.4.0,term-panel,US
2026-08-31,cloudrift,b200-sxm-180gb,B200,180GB,SXM,,3M,NonInterruptible,Reserved,US-East,US,SIF,T2IF,T2,3.2400,False,,Available,v2.4.0,term-panel,US
2026-08-31,coreweave,b200-sxm-180gb,B200,180GB,SXM,IB-NDR,OnDemand,NonInterruptible,OnDemand,EU,EU,IIF,T1IF,T2,8.6000,True,local-nvme;free-egress;support-tier;observability;managed-ops-plane,Available,v2.4.0,panel,EU
2026-08-31,coreweave,b200-sxm-180gb,B200,180GB,SXM,IB-NDR,OnDemand,NonInterruptible,OnDemand,US-East,US,IIF,T1IF,T2,8.6000,True,local-nvme;free-egress;support-tier;observability;managed-ops-plane,Available,v2.4.0,panel,US
2026-08-31,coreweave,b200-sxm-180gb,B200,180GB,SXM,IB-NDR,OnDemand,Interruptible,Spot,EU,EU,DIF,T1IF,T2,4.3588,True,local-nvme;free-egress;support-tier;observability;managed-ops-plane,Available,v2.4.0,panel,EU
2026-08-31,coreweave,b200-sxm-180gb,B200,180GB,SXM,IB-NDR,OnDemand,Interruptible,Spot,US-East,US,DIF,T1IF,T2,4.2638,True,local-nvme;free-egress;support-tier;observability;managed-ops-plane,Available,v2.4.0,panel,US
2026-08-31,datacrunch,b200-sxm-180gb,B200,180GB,SXM,IB-NDR,OnDemand,NonInterruptible,OnDemand,EU,EU,SIF,T2IF,T2,6.1100,True,local-nvme,Available,v2.4.0,panel,EU-FI
2026-08-31,datacrunch,b200-sxm-180gb,B200,180GB,SXM,IB-NDR,1M,NonInterruptible,Reserved,EU,EU,SIF,T2IF,T2,5.9878,True,local-nvme,Available,v2.4.0,panel,EU-FI
2026-08-31,datacrunch,b200-sxm-180gb,B200,180GB,SXM,IB-NDR,1Y,NonInterruptible,Reserved,EU,EU,SIF,T2IF,T2,5.6212,True,local-nvme,Available,v2.4.0,panel,EU-FI
2026-08-31,datacrunch,b200-sxm-180gb,B200,180GB,SXM,IB-NDR,2Y,NonInterruptible,Reserved,EU,EU,SIF,T2IF,T2,4.5825,True,local-nvme,Available,v2.4.0,panel,EU-FI
2026-08-31,datacrunch,b200-sxm-180gb,B200,180GB,SXM,IB-NDR,3M,NonInterruptible,Reserved,EU,EU,SIF,T2IF,T2,5.9267,True,local-nvme,Available,v2.4.0,panel,EU-FI
2026-08-31,datacrunch,b200-sxm-180gb,B200,180GB,SXM,IB-NDR,6M,NonInterruptible,Reserved,EU,EU,SIF,T2IF,T2,5.8656,True,local-nvme,Available,v2.4.0,panel,EU-FI
2026-08-31,datacrunch,b200-sxm-180gb,B200,180GB,SXM,IB-NDR,OnDemand,Interruptible,Spot,EU,EU,DIF,T2IF,T2,3.0550,True,local-nvme,Available,v2.4.0,panel,EU-FI
2026-08-31,deepinfra_gpu,b200-sxm-180gb,B200,180GB,SXM,,OnDemand,NonInterruptible,OnDemand,Other,Other,SIF,T2IF,T2,3.6900,False,,Available,v2.4.0,panel,undisclosed
2026-08-31,gcp,b200-sxm-180gb,B200,180GB,SXM,IB-NDR,OnDemand,NonInterruptible,OnDemand,APAC,APAC,HIF,T1IF,T1,19.3320,True,local-nvme;managed-ops-plane;support-tier;observability,Available,v2.4.0,panel,asia-southeast1
2026-08-31,gcp,b200-sxm-180gb,B200,180GB,SXM,IB-NDR,OnDemand,NonInterruptible,OnDemand,EU,EU,HIF,T1IF,T1,17.7210,True,local-nvme;managed-ops-plane;support-tier;observability,Available,v2.4.0,panel,europe-west4
2026-08-31,gcp,b200-sxm-180gb,B200,180GB,SXM,IB-NDR,OnDemand,NonInterruptible,OnDemand,US-Central,US,HIF,T1IF,T1,16.1100,True,local-nvme;managed-ops-plane;support-tier;observability,Available,v2.4.0,panel,us-central1
2026-08-31,gcp,b200-sxm-180gb,B200,180GB,SXM,IB-NDR,OnDemand,NonInterruptible,OnDemand,US-East,US,HIF,T1IF,T1,16.1100,True,local-nvme;managed-ops-plane;support-tier;observability,Available,v2.4.0,panel,us-east1
2026-08-31,gcp,b200-sxm-180gb,B200,180GB,SXM,IB-NDR,1Y,NonInterruptible,Reserved,APAC,APAC,HIF,T1IF,T1,13.3391,True,local-nvme;managed-ops-plane;support-tier;observability,Available,v2.4.0,panel,asia-northeast1
2026-08-31,gcp,b200-sxm-180gb,B200,180GB,SXM,IB-NDR,1Y,NonInterruptible,Reserved,APAC,APAC,HIF,T1IF,T1,13.3391,True,local-nvme;managed-ops-plane;support-tier;observability,Available,v2.4.0,panel,asia-southeast1
2026-08-31,gcp,b200-sxm-180gb,B200,180GB,SXM,IB-NDR,1Y,NonInterruptible,Reserved,EU,EU,HIF,T1IF,T1,12.2275,True,local-nvme;managed-ops-plane;support-tier;observability,Available,v2.4.0,panel,europe-west4
2026-08-31,gcp,b200-sxm-180gb,B200,180GB,SXM,IB-NDR,1Y,NonInterruptible,Reserved,US-Central,US,HIF,T1IF,T1,11.1159,True,local-nvme;managed-ops-plane;support-tier;observability,Available,v2.4.0,panel,us-central1
2026-08-31,gcp,b200-sxm-180gb,B200,180GB,SXM,IB-NDR,1Y,NonInterruptible,Reserved,US-East,US,HIF,T1IF,T1,11.1159,True,local-nvme;managed-ops-plane;support-tier;observability,Available,v2.4.0,panel,us-east1
2026-08-31,gcp,b200-sxm-180gb,B200,180GB,SXM,IB-NDR,1Y,NonInterruptible,Reserved,US-South,US,HIF,T1IF,T1,11.1159,True,local-nvme;managed-ops-plane;support-tier;observability,Available,v2.4.0,panel,us-south1
2026-08-31,gcp,b200-sxm-180gb,B200,180GB,SXM,IB-NDR,1Y,NonInterruptible,Reserved,US-West,US,HIF,T1IF,T1,11.1159,True,local-nvme;managed-ops-plane;support-tier;observability,Available,v2.4.0,panel,us-west1
2026-08-31,gcp,b200-sxm-180gb,B200,180GB,SXM,IB-NDR,1Y,NonInterruptible,Reserved,US-West,US,HIF,T1IF,T1,11.1159,True,local-nvme;managed-ops-plane;support-tier;observability,Available,v2.4.0,panel,us-west2
2026-08-31,gcp,b200-sxm-180gb,B200,180GB,SXM,IB-NDR,1Y,NonInterruptible,Reserved,US-West,US,HIF,T1IF,T1,11.1159,True,local-nvme;managed-ops-plane;support-tier;observability,Available,v2.4.0,panel,us-west3
2026-08-31,gcp,b200-sxm-180gb,B200,180GB,SXM,IB-NDR,1Y,NonInterruptible,Reserved,US-West,US,HIF,T1IF,T1,11.1159,True,local-nvme;managed-ops-plane;support-tier;observability,Available,v2.4.0,panel,us-west4
2026-08-31,gcp,b200-sxm-180gb,B200,180GB,SXM,IB-NDR,3Y,NonInterruptible,Reserved,APAC,APAC,HIF,T1IF,T1,8.5061,True,local-nvme;managed-ops-plane;support-tier;observability,Available,v2.4.0,panel,asia-northeast1
2026-08-31,gcp,b200-sxm-180gb,B200,180GB,SXM,IB-NDR,3Y,NonInterruptible,Reserved,APAC,APAC,HIF,T1IF,T1,8.5061,True,local-nvme;managed-ops-plane;support-tier;observability,Available,v2.4.0,panel,asia-southeast1
2026-08-31,gcp,b200-sxm-180gb,B200,180GB,SXM,IB-NDR,3Y,NonInterruptible,Reserved,EU,EU,HIF,T1IF,T1,7.7972,True,local-nvme;managed-ops-plane;support-tier;observability,Available,v2.4.0,panel,europe-west4
2026-08-31,gcp,b200-sxm-180gb,B200,180GB,SXM,IB-NDR,3Y,NonInterruptible,Reserved,US-Central,US,HIF,T1IF,T1,7.0884,True,local-nvme;managed-ops-plane;support-tier;observability,Available,v2.4.0,panel,us-central1
2026-08-31,gcp,b200-sxm-180gb,B200,180GB,SXM,IB-NDR,3Y,NonInterruptible,Reserved,US-East,US,HIF,T1IF,T1,7.0884,True,local-nvme;managed-ops-plane;support-tier;observability,Available,v2.4.0,panel,us-east1
2026-08-31,gcp,b200-sxm-180gb,B200,180GB,SXM,IB-NDR,3Y,NonInterruptible,Reserved,US-South,US,HIF,T1IF,T1,7.0884,True,local-nvme;managed-ops-plane;support-tier;observability,Available,v2.4.0,panel,us-south1
2026-08-31,gcp,b200-sxm-180gb,B200,180GB,SXM,IB-NDR,3Y,NonInterruptible,Reserved,US-West,US,HIF,T1IF,T1,7.0884,True,local-nvme;managed-ops-plane;support-tier;observability,Available,v2.4.0,panel,us-west1
2026-08-31,gcp,b200-sxm-180gb,B200,180GB,SXM,IB-NDR,3Y,NonInterruptible,Reserved,US-West,US,HIF,T1IF,T1,7.0884,True,local-nvme;managed-ops-plane;support-tier;observability,Available,v2.4.0,panel,us-west2
2026-08-31,gcp,b200-sxm-180gb,B200,180GB,SXM,IB-NDR,3Y,NonInterruptible,Reserved,US-West,US,HIF,T1IF,T1,7.0884,True,local-nvme;managed-ops-plane;support-tier;observability,Available,v2.4.0,panel,us-west3
2026-08-31,gcp,b200-sxm-180gb,B200,180GB,SXM,IB-NDR,3Y,NonInterruptible,Reserved,US-West,US,HIF,T1IF,T1,7.0884,True,local-nvme;managed-ops-plane;support-tier;observability,Available,v2.4.0,panel,us-west4
2026-08-31,gcp,b200-sxm-180gb,B200,180GB,SXM,IB-NDR,OnDemand,Interruptible,Spot,APAC,APAC,DIF,T1IF,T1,5.9316,True,local-nvme;managed-ops-plane;support-tier;observability,Available,v2.4.0,panel,asia-northeast1
2026-08-31,gcp,b200-sxm-180gb,B200,180GB,SXM,IB-NDR,OnDemand,Interruptible,Spot,APAC,APAC,DIF,T1IF,T1,4.9021,True,local-nvme;managed-ops-plane;support-tier;observability,Available,v2.4.0,panel,asia-southeast1
2026-08-31,gcp,b200-sxm-180gb,B200,180GB,SXM,IB-NDR,OnDemand,Interruptible,Spot,EU,EU,DIF,T1IF,T1,5.4373,True,local-nvme;managed-ops-plane;support-tier;observability,Available,v2.4.0,panel,europe-north1
2026-08-31,gcp,b200-sxm-180gb,B200,180GB,SXM,IB-NDR,OnDemand,Interruptible,Spot,EU,EU,DIF,T1IF,T1,1.9931,True,local-nvme;managed-ops-plane;support-tier;observability,Available,v2.4.0,panel,europe-west1
2026-08-31,gcp,b200-sxm-180gb,B200,180GB,SXM,IB-NDR,OnDemand,Interruptible,Spot,EU,EU,DIF,T1IF,T1,4.4722,True,local-nvme;managed-ops-plane;support-tier;observability,Available,v2.4.0,panel,europe-west4
2026-08-31,gcp,b200-sxm-180gb,B200,180GB,SXM,IB-NDR,OnDemand,Interruptible,Spot,US-Central,US,DIF,T1IF,T1,4.9542,True,local-nvme;managed-ops-plane;support-tier;observability,Available,v2.4.0,panel,us-central1
2026-08-31,gcp,b200-sxm-180gb,B200,180GB,SXM,IB-NDR,OnDemand,Interruptible,Spot,US-East,US,DIF,T1IF,T1,4.9542,True,local-nvme;managed-ops-plane;support-tier;observability,Available,v2.4.0,panel,us-east1
2026-08-31,gcp,b200-sxm-180gb,B200,180GB,SXM,IB-NDR,OnDemand,Interruptible,Spot,US-East,US,DIF,T1IF,T1,4.0758,True,local-nvme;managed-ops-plane;support-tier;observability,Available,v2.4.0,panel,us-east4
2026-08-31,gcp,b200-sxm-180gb,B200,180GB,SXM,IB-NDR,OnDemand,Interruptible,Spot,US-South,US,DIF,T1IF,T1,4.4936,True,local-nvme;managed-ops-plane;support-tier;observability,Available,v2.4.0,panel,us-south1
2026-08-31,gcp,b200-sxm-180gb,B200,180GB,SXM,IB-NDR,OnDemand,Interruptible,Spot,US-West,US,DIF,T1IF,T1,4.2592,True,local-nvme;managed-ops-plane;support-tier;observability,Available,v2.4.0,panel,us-west2
2026-08-31,gcp,b200-sxm-180gb,B200,180GB,SXM,IB-NDR,OnDemand,Interruptible,Spot,US-West,US,DIF,T1IF,T1,4.6958,True,local-nvme;managed-ops-plane;support-tier;observability,Available,v2.4.0,panel,us-west3
2026-08-31,gcp_cud,b200-sxm-180gb,B200,180GB,SXM,IB-NDR,1Y,NonInterruptible,Reserved,APAC,APAC,HIF,T2IF,T1,13.3391,False,,Available,v2.4.0,candidate,asia-northeast1
2026-08-31,gcp_cud,b200-sxm-180gb,B200,180GB,SXM,IB-NDR,1Y,NonInterruptible,Reserved,APAC,APAC,HIF,T2IF,T1,13.3391,False,,Available,v2.4.0,candidate,asia-southeast1
2026-08-31,gcp_cud,b200-sxm-180gb,B200,180GB,SXM,IB-NDR,1Y,NonInterruptible,Reserved,EU,EU,HIF,T2IF,T1,12.2275,False,,Available,v2.4.0,candidate,europe-west4
2026-08-31,gcp_cud,b200-sxm-180gb,B200,180GB,SXM,IB-NDR,1Y,NonInterruptible,Reserved,US-Central,US,HIF,T2IF,T1,11.1159,False,,Available,v2.4.0,candidate,us-central1
2026-08-31,gcp_cud,b200-sxm-180gb,B200,180GB,SXM,IB-NDR,1Y,NonInterruptible,Reserved,US-East,US,HIF,T2IF,T1,11.1159,False,,Available,v2.4.0,candidate,us-east1
2026-08-31,gcp_cud,b200-sxm-180gb,B200,180GB,SXM,IB-NDR,1Y,NonInterruptible,Reserved,US-South,US,HIF,T2IF,T1,11.1159,False,,Available,v2.4.0,candidate,us-south1
2026-08-31,gcp_cud,b200-sxm-180gb,B200,180GB,SXM,IB-NDR,1Y,NonInterruptible,Reserved,US-West,US,HIF,T2IF,T1,11.1159,False,,Available,v2.4.0,candidate,us-west1
2026-08-31,gcp_cud,b200-sxm-180gb,B200,180GB,SXM,IB-NDR,1Y,NonInterruptible,Reserved,US-West,US,HIF,T2IF,T1,11.1159,False,,Available,v2.4.0,candidate,us-west2
2026-08-31,gcp_cud,b200-sxm-180gb,B200,180GB,SXM,IB-NDR,1Y,NonInterruptible,Reserved,US-West,US,HIF,T2IF,T1,11.1159,False,,Available,v2.4.0,candidate,us-west3
2026-08-31,gcp_cud,b200-sxm-180gb,B200,180GB,SXM,IB-NDR,1Y,NonInterruptible,Reserved,US-West,US,HIF,T2IF,T1,11.1159,False,,Available,v2.4.0,candidate,us-west4
2026-08-31,gcp_cud,b200-sxm-180gb,B200,180GB,SXM,IB-NDR,3Y,NonInterruptible,Reserved,APAC,APAC,HIF,T2IF,T1,8.5061,False,,Available,v2.4.0,candidate,asia-northeast1
2026-08-31,gcp_cud,b200-sxm-180gb,B200,180GB,SXM,IB-NDR,3Y,NonInterruptible,Reserved,APAC,APAC,HIF,T2IF,T1,8.5061,False,,Available,v2.4.0,candidate,asia-southeast1
2026-08-31,gcp_cud,b200-sxm-180gb,B200,180GB,SXM,IB-NDR,3Y,NonInterruptible,Reserved,EU,EU,HIF,T2IF,T1,7.7972,False,,Available,v2.4.0,candidate,europe-west4
2026-08-31,gcp_cud,b200-sxm-180gb,B200,180GB,SXM,IB-NDR,3Y,NonInterruptible,Reserved,US-Central,US,HIF,T2IF,T1,7.0884,False,,Available,v2.4.0,candidate,us-central1
2026-08-31,gcp_cud,b200-sxm-180gb,B200,180GB,SXM,IB-NDR,3Y,NonInterruptible,Reserved,US-East,US,HIF,T2IF,T1,7.0884,False,,Available,v2.4.0,candidate,us-east1
2026-08-31,gcp_cud,b200-sxm-180gb,B200,180GB,SXM,IB-NDR,3Y,NonInterruptible,Reserved,US-South,US,HIF,T2IF,T1,7.0884,False,,Available,v2.4.0,candidate,us-south1
2026-08-31,gcp_cud,b200-sxm-180gb,B200,180GB,SXM,IB-NDR,3Y,NonInterruptible,Reserved,US-West,US,HIF,T2IF,T1,7.0884,False,,Available,v2.4.0,candidate,us-west1
2026-08-31,gcp_cud,b200-sxm-180gb,B200,180GB,SXM,IB-NDR,3Y,NonInterruptible,Reserved,US-West,US,HIF,T2IF,T1,7.0884,False,,Available,v2.4.0,candidate,us-west2
2026-08-31,gcp_cud,b200-sxm-180gb,B200,180GB,SXM,IB-NDR,3Y,NonInterruptible,Reserved,US-West,US,HIF,T2IF,T1,7.0884,False,,Available,v2.4.0,candidate,us-west3
2026-08-31,gcp_cud,b200-sxm-180gb,B200,180GB,SXM,IB-NDR,3Y,NonInterruptible,Reserved,US-West,US,HIF,T2IF,T1,7.0884,False,,Available,v2.4.0,candidate,us-west4
2026-08-31,gcp_dws,b200-sxm-180gb,B200,180GB,SXM,IB-NDR,FlexStart,NonInterruptible,Reserved,US-Central,US,HIF,T2IF,T1,8.0550,False,,Available,v2.4.0,term-panel,us-central1
2026-08-31,gmi_cloud,b200-sxm-180gb,B200,180GB,SXM,IB-NDR,OnDemand,NonInterruptible,OnDemand,US-East,US,IIF,T2IF,T2,4.0000,False,,Available,v2.4.0,candidate,US
2026-08-31,hyperstack,b200-sxm-180gb,B200,180GB,SXM,IB-NDR,OnDemand,NonInterruptible,OnDemand,Other,Other,SIF,T2IF,T2,6.0000,True,local-nvme,Available,v2.4.0,panel,Multi
2026-08-31,hyperstack,b200-sxm-180gb,B200,180GB,SXM,IB-NDR,6M,NonInterruptible,Reserved,Other,Other,SIF,T2IF,T2,5.1000,True,local-nvme,Available,v2.4.0,panel,Multi
2026-08-31,koyeb,b200-sxm-180gb,B200,180GB,SXM,Unknown,OnDemand,NonInterruptible,OnDemand,Other,Other,SIF,T2IF,T2,5.5000,False,,Available,v2.4.0,candidate,Multi
2026-08-31,lambda,b200-sxm-180gb,B200,180GB,SXM,IB-NDR,OnDemand,NonInterruptible,OnDemand,US-East,US,IIF,T2IF,T2,6.6900,True,local-nvme,SoldOut,v2.4.0,panel,US
2026-08-31,lambda,b200-sxm-180gb,B200,180GB,SXM,IB-NDR,ReservedBand,NonInterruptible,Reserved,US-East,US,IIF,T2IF,T2,9.8600,True,local-nvme,Available,v2.4.0,panel,US
2026-08-31,massed_compute,b200-sxm-180gb,B200,180GB,SXM,Unknown,OnDemand,NonInterruptible,OnDemand,US-East,US,DIF,T3IF,T3,5.4325,False,,Available,v2.4.0,panel,US
2026-08-31,nebius,b200-sxm-180gb,B200,180GB,SXM,IB-NDR,OnDemand,NonInterruptible,OnDemand,Other,Other,IIF,T1IF,T2,7.1500,True,observability;managed-ops-plane;free-egress,Available,v2.4.0,panel,
2026-08-31,nebius,b200-sxm-180gb,B200,180GB,SXM,IB-NDR,OnDemand,Interruptible,Spot,Other,Other,DIF,T1IF,T2,3.9500,True,observability;managed-ops-plane;free-egress,Available,v2.4.0,panel,
2026-08-31,oci,b200-sxm-180gb,B200,180GB,SXM,RoCE-v2,OnDemand,NonInterruptible,OnDemand,US-East,US,HIF,T1IF,T1,14.0000,True,local-nvme;egress-capped;managed-ops-plane;support-tier;observability,Available,v2.4.0,panel,us-ashburn-1
2026-08-31,qubrid,b200-sxm-180gb,B200,180GB,SXM,Unknown,1Y,NonInterruptible,Reserved,Other,Other,SIF,T2IF,T2,4.2500,False,,Available,v2.4.0,panel,
2026-08-31,runpod_community,b200-sxm-180gb,B200,180GB,SXM,Unknown,OnDemand,NonInterruptible,OnDemand,Other,Other,DIF,T3IF,T3,5.9800,False,,SoldOut,v2.4.0,panel,Global
2026-08-31,runpod_secure,b200-sxm-180gb,B200,180GB,SXM,IB-NDR,OnDemand,NonInterruptible,OnDemand,Other,Other,DIF,T2IF,T3,6.7900,True,local-nvme,Available,v2.4.0,panel,Global
2026-08-31,runpod_secure,b200-sxm-180gb,B200,180GB,SXM,IB-NDR,1Y,NonInterruptible,Reserved,Other,Other,DIF,T2IF,T3,6.7900,True,local-nvme,Available,v2.4.0,panel,Global
2026-08-31,runpod_secure,b200-sxm-180gb,B200,180GB,SXM,IB-NDR,3M,NonInterruptible,Reserved,Other,Other,DIF,T2IF,T3,6.7900,True,local-nvme,Available,v2.4.0,panel,Global
2026-08-31,runpod_secure,b200-sxm-180gb,B200,180GB,SXM,IB-NDR,6M,NonInterruptible,Reserved,Other,Other,DIF,T2IF,T3,6.7900,True,local-nvme,Available,v2.4.0,panel,Global
2026-08-31,shakti_cloud,b200-sxm-180gb,B200,180GB,SXM,IB-Unspecified,1M,NonInterruptible,Reserved,APAC,APAC,SIF,T2IF,T2,4.9588,False,,Available,v2.4.0,panel,IN
2026-08-31,spheron,b200-sxm-180gb,B200,180GB,SXM,Unknown,OnDemand,NonInterruptible,OnDemand,Other,Other,DIF,T3IF,T3,7.2009,False,,Available,v2.4.0,panel,canada-1
2026-08-31,spheron,b200-sxm-180gb,B200,180GB,SXM,Unknown,OnDemand,NonInterruptible,OnDemand,Other,Other,DIF,T3IF,T3,9.3031,False,,Available,v2.4.0,panel,me-west-1
2026-08-31,spheron,b200-sxm-180gb,B200,180GB,SXM,Unknown,OnDemand,NonInterruptible,OnDemand,US-Central,US,DIF,T3IF,T3,9.3031,False,,Available,v2.4.0,panel,us-central-1
2026-08-31,spheron,b200-sxm-180gb,B200,180GB,SXM,Unknown,OnDemand,Interruptible,Spot,Other,Other,DIF,T3IF,T3,5.3376,False,,Available,v2.4.0,panel,me-west-1
2026-08-31,spheron,b200-sxm-180gb,B200,180GB,SXM,Unknown,OnDemand,Interruptible,Spot,US-Central,US,DIF,T3IF,T3,5.3376,False,,Available,v2.4.0,panel,us-central-1
2026-08-31,together,b200-sxm-180gb,B200,180GB,SXM,IB-NDR,OnDemand,NonInterruptible,OnDemand,US-East,US,SIF,T1IF,T2,8.1900,True,local-nvme;support-tier;observability;managed-ops-plane,Available,v2.4.0,panel,US
2026-08-31,together,b200-sxm-180gb,B200,180GB,SXM,IB-NDR,1M,NonInterruptible,Reserved,US-East,US,SIF,T1IF,T2,7.9900,True,local-nvme;support-tier;observability;managed-ops-plane,Available,v2.4.0,panel,US
2026-08-31,together,b200-sxm-180gb,B200,180GB,SXM,IB-NDR,3M,NonInterruptible,Reserved,US-East,US,SIF,T1IF,T2,7.7900,True,local-nvme;support-tier;observability;managed-ops-plane,Available,v2.4.0,panel,US
2026-08-31,together,b200-sxm-180gb,B200,180GB,SXM,IB-NDR,6M,NonInterruptible,Reserved,US-East,US,SIF,T1IF,T2,6.7900,True,local-nvme;support-tier;observability;managed-ops-plane,Available,v2.4.0,panel,US
2026-08-31,upcloud,b200-sxm-180gb,B200,180GB,SXM,Unknown,OnDemand,NonInterruptible,OnDemand,EU,EU,SIF,T2IF,T2,5.2394,False,,Available,v2.4.0,panel,EU-FI
2026-08-31,upcloud,b200-sxm-180gb,B200,180GB,SXM,Unknown,OnDemand,Interruptible,Spot,EU,EU,DIF,T2IF,T2,3.9295,False,,Available,v2.4.0,panel,EU-FI
2026-08-31,vast_ai,b200-sxm-180gb,B200,180GB,SXM,IB-NDR,OnDemand,NonInterruptible,OnDemand,US-East,US,DIF,T3IF,T3,5.7500,True,local-nvme,Available,v2.4.0,marketplace,", US"
2026-08-31,vast_ai,b200-sxm-180gb,B200,180GB,SXM,IB-NDR,OnDemand,NonInterruptible,OnDemand,APAC,APAC,DIF,T3IF,T3,5.5625,True,local-nvme,Available,v2.4.0,marketplace,"AUSTRALIA, AU"
2026-08-31,vast_ai,b200-sxm-180gb,B200,180GB,SXM,IB-NDR,OnDemand,NonInterruptible,OnDemand,Other,Other,DIF,T3IF,T3,5.3750,True,local-nvme,Available,v2.4.0,marketplace,"MEXICO, MX"
2026-08-31,vast_ai,b200-sxm-180gb,B200,180GB,SXM,IB-NDR,OnDemand,NonInterruptible,OnDemand,US-Central,US,DIF,T3IF,T3,6.0000,True,local-nvme,Available,v2.4.0,marketplace,"OHIO, US"
2026-08-31,vast_ai,b200-sxm-180gb,B200,180GB,SXM,IB-NDR,OnDemand,NonInterruptible,OnDemand,EU,EU,DIF,T3IF,T3,5.0000,True,local-nvme,Available,v2.4.0,marketplace,"SLOVENIA, SI"
2026-08-31,vast_ai,b200-sxm-180gb,B200,180GB,SXM,IB-NDR,OnDemand,NonInterruptible,OnDemand,US-East,US,DIF,T3IF,T3,7.5188,True,local-nvme,Available,v2.4.0,marketplace,"VIRGINIA, US"
2026-08-31,vultr,b200-sxm-180gb,B200,180GB,SXM,Unknown,OnDemand,NonInterruptible,OnDemand,Other,Other,SIF,T2IF,T2,8.5000,False,,SoldOut,v2.4.0,panel,Multi
2026-08-31,vultr,b200-sxm-180gb,B200,180GB,SXM,Unknown,OnDemand,Interruptible,Spot,Other,Other,DIF,T2IF,T2,3.2000,False,,SoldOut,v2.4.0,panel,Multi
2026-09-01,aws,b200-sxm-180gb,B200,180GB,SXM,EFA,OnDemand,NonInterruptible,OnDemand,APAC,APAC,HIF,T1IF,T1,20.0807,True,local-nvme;managed-ops-plane;support-tier;observability,Available,v2.4.0,panel,ap-south-1
2026-09-01,aws,b200-sxm-180gb,B200,180GB,SXM,EFA,OnDemand,NonInterruptible,OnDemand,US-East,US,HIF,T1IF,T1,14.2416,True,local-nvme;managed-ops-plane;support-tier;observability,Available,v2.4.0,panel,us-east-1
2026-09-01,aws,b200-sxm-180gb,B200,180GB,SXM,EFA,OnDemand,NonInterruptible,OnDemand,US-East,US,HIF,T1IF,T1,14.2416,True,local-nvme;managed-ops-plane;support-tier;observability,Available,v2.4.0,panel,us-east-2
2026-09-01,aws,b200-sxm-180gb,B200,180GB,SXM,EFA,OnDemand,NonInterruptible,OnDemand,US-West,US,HIF,T1IF,T1,14.2416,True,local-nvme;managed-ops-plane;support-tier;observability,Available,v2.4.0,panel,us-west-2
2026-09-01,aws,b200-sxm-180gb,B200,180GB,SXM,EFA,3Y,NonInterruptible,Reserved,US-East,US,HIF,T1IF,T1,6.1524,True,local-nvme;managed-ops-plane;support-tier;observability,Available,v2.4.0,panel,us-east-1
2026-09-01,aws,b200-sxm-180gb,B200,180GB,SXM,EFA,3Y,NonInterruptible,Reserved,US-East,US,HIF,T1IF,T1,6.1524,True,local-nvme;managed-ops-plane;support-tier;observability,Available,v2.4.0,panel,us-east-2
2026-09-01,aws,b200-sxm-180gb,B200,180GB,SXM,EFA,3Y,NonInterruptible,Reserved,US-West,US,HIF,T1IF,T1,6.1524,True,local-nvme;managed-ops-plane;support-tier;observability,Available,v2.4.0,panel,us-west-2
2026-09-01,aws,b200-sxm-180gb,B200,180GB,SXM,EFA,OnDemand,Interruptible,Spot,APAC,APAC,DIF,T2IF,T1,5.9788,False,,Available,v2.4.0,panel,ap-south-1c
2026-09-01,aws,b200-sxm-180gb,B200,180GB,SXM,EFA,OnDemand,Interruptible,Spot,US-East,US,DIF,T2IF,T1,5.2422,False,,Available,v2.4.0,panel,us-east-1d
2026-09-01,aws,b200-sxm-180gb,B200,180GB,SXM,EFA,OnDemand,Interruptible,Spot,US-East,US,DIF,T2IF,T1,5.2578,False,,Available,v2.4.0,panel,us-east-2a
2026-09-01,aws,b200-sxm-180gb,B200,180GB,SXM,EFA,OnDemand,Interruptible,Spot,US-East,US,DIF,T2IF,T1,5.2426,False,,Available,v2.4.0,panel,us-east-2b
2026-09-01,aws,b200-sxm-180gb,B200,180GB,SXM,EFA,OnDemand,Interruptible,Spot,US-East,US,DIF,T2IF,T1,5.2104,False,,Available,v2.4.0,panel,us-east-2c
2026-09-01,aws,b200-sxm-180gb,B200,180GB,SXM,EFA,OnDemand,Interruptible,Spot,US-West,US,DIF,T2IF,T1,5.1902,False,,Available,v2.4.0,panel,us-west-2a
2026-09-01,aws,b200-sxm-180gb,B200,180GB,SXM,EFA,OnDemand,Interruptible,Spot,US-West,US,DIF,T2IF,T1,5.2343,False,,Available,v2.4.0,panel,us-west-2b
2026-09-01,aws,b200-sxm-180gb,B200,180GB,SXM,EFA,OnDemand,Interruptible,Spot,US-West,US,DIF,T2IF,T1,5.2224,False,,Available,v2.4.0,panel,us-west-2d
2026-09-01,aws_capacity_blocks,b200-sxm-180gb,B200,180GB,SXM,EFA,CapacityBlock,NonInterruptible,Reserved,Other,Other,HIF,T2IF,T1,12.3550,False,,Available,v2.4.0,term-panel,non-us
2026-09-01,aws_capacity_blocks,b200-sxm-180gb,B200,180GB,SXM,EFA,CapacityBlock,NonInterruptible,Reserved,US-East,US,HIF,T2IF,T1,12.3550,False,,Available,v2.4.0,term-panel,us-east-1
2026-09-01,civo,b200-sxm-180gb,B200,180GB,SXM,Unknown,1Y,NonInterruptible,Reserved,Other,Other,SIF,T2IF,T2,4.4900,False,,Available,v2.4.0,panel,
2026-09-01,civo,b200-sxm-180gb,B200,180GB,SXM,Unknown,2Y,NonInterruptible,Reserved,Other,Other,SIF,T2IF,T2,3.9900,False,,Available,v2.4.0,panel,
2026-09-01,civo,b200-sxm-180gb,B200,180GB,SXM,Unknown,3Y,NonInterruptible,Reserved,Other,Other,SIF,T2IF,T2,3.7900,False,,Available,v2.4.0,panel,
2026-09-01,cloudrift,b200-sxm-180gb,B200,180GB,SXM,,1M,NonInterruptible,Reserved,US-East,US,SIF,T2IF,T2,3.6000,False,,Available,v2.4.0,term-panel,US
2026-09-01,cloudrift,b200-sxm-180gb,B200,180GB,SXM,,3M,NonInterruptible,Reserved,US-East,US,SIF,T2IF,T2,3.2400,False,,Available,v2.4.0,term-panel,US
2026-09-01,coreweave,b200-sxm-180gb,B200,180GB,SXM,IB-NDR,OnDemand,NonInterruptible,OnDemand,EU,EU,IIF,T1IF,T2,8.6000,True,local-nvme;free-egress;support-tier;observability;managed-ops-plane,Available,v2.4.0,panel,EU
2026-09-01,coreweave,b200-sxm-180gb,B200,180GB,SXM,IB-NDR,OnDemand,NonInterruptible,OnDemand,US-East,US,IIF,T1IF,T2,8.6000,True,local-nvme;free-egress;support-tier;observability;managed-ops-plane,Available,v2.4.0,panel,US
2026-09-01,coreweave,b200-sxm-180gb,B200,180GB,SXM,IB-NDR,OnDemand,Interruptible,Spot,EU,EU,DIF,T1IF,T2,4.3588,True,local-nvme;free-egress;support-tier;observability;managed-ops-plane,Available,v2.4.0,panel,EU
2026-09-01,coreweave,b200-sxm-180gb,B200,180GB,SXM,IB-NDR,OnDemand,Interruptible,Spot,US-East,US,DIF,T1IF,T2,4.2638,True,local-nvme;free-egress;support-tier;observability;managed-ops-plane,Available,v2.4.0,panel,US
2026-09-01,datacrunch,b200-sxm-180gb,B200,180GB,SXM,IB-NDR,OnDemand,NonInterruptible,OnDemand,EU,EU,SIF,T2IF,T2,6.1100,True,local-nvme,Available,v2.4.0,panel,EU-FI
2026-09-01,datacrunch,b200-sxm-180gb,B200,180GB,SXM,IB-NDR,1M,NonInterruptible,Reserved,EU,EU,SIF,T2IF,T2,5.9878,True,local-nvme,Available,v2.4.0,panel,EU-FI
2026-09-01,datacrunch,b200-sxm-180gb,B200,180GB,SXM,IB-NDR,1Y,NonInterruptible,Reserved,EU,EU,SIF,T2IF,T2,5.6212,True,local-nvme,Available,v2.4.0,panel,EU-FI
2026-09-01,datacrunch,b200-sxm-180gb,B200,180GB,SXM,IB-NDR,2Y,NonInterruptible,Reserved,EU,EU,SIF,T2IF,T2,4.5825,True,local-nvme,Available,v2.4.0,panel,EU-FI
2026-09-01,datacrunch,b200-sxm-180gb,B200,180GB,SXM,IB-NDR,3M,NonInterruptible,Reserved,EU,EU,SIF,T2IF,T2,5.9267,True,local-nvme,Available,v2.4.0,panel,EU-FI
2026-09-01,datacrunch,b200-sxm-180gb,B200,180GB,SXM,IB-NDR,6M,NonInterruptible,Reserved,EU,EU,SIF,T2IF,T2,5.8656,True,local-nvme,Available,v2.4.0,panel,EU-FI
2026-09-01,datacrunch,b200-sxm-180gb,B200,180GB,SXM,IB-NDR,OnDemand,Interruptible,Spot,EU,EU,DIF,T2IF,T2,3.0550,True,local-nvme,Available,v2.4.0,panel,EU-FI
2026-09-01,deepinfra_gpu,b200-sxm-180gb,B200,180GB,SXM,,OnDemand,NonInterruptible,OnDemand,Other,Other,SIF,T2IF,T2,3.6900,False,,Available,v2.4.0,panel,undisclosed
2026-09-01,e2e,b200-sxm-180gb,B200,180GB,SXM,IB-NDR,OnDemand,NonInterruptible,OnDemand,APAC,APAC,IIF,T2IF,T2,6.9900,False,,Available,v2.4.0,panel,India
2026-09-01,e2e,b200-sxm-180gb,B200,180GB,SXM,IB-NDR,1M,NonInterruptible,Reserved,APAC,APAC,IIF,T2IF,T2,6.9211,False,,Available,v2.4.0,panel,India
2026-09-01,e2e,b200-sxm-180gb,B200,180GB,SXM,IB-NDR,1Y,NonInterruptible,Reserved,APAC,APAC,IIF,T2IF,T2,6.2888,False,,Available,v2.4.0,panel,India
2026-09-01,gcp,b200-sxm-180gb,B200,180GB,SXM,IB-NDR,OnDemand,NonInterruptible,OnDemand,APAC,APAC,HIF,T1IF,T1,19.3320,True,local-nvme;managed-ops-plane;support-tier;observability,Available,v2.4.0,panel,asia-southeast1
2026-09-01,gcp,b200-sxm-180gb,B200,180GB,SXM,IB-NDR,OnDemand,NonInterruptible,OnDemand,EU,EU,HIF,T1IF,T1,17.7210,True,local-nvme;managed-ops-plane;support-tier;observability,Available,v2.4.0,panel,europe-west4
2026-09-01,gcp,b200-sxm-180gb,B200,180GB,SXM,IB-NDR,OnDemand,NonInterruptible,OnDemand,US-Central,US,HIF,T1IF,T1,16.1100,True,local-nvme;managed-ops-plane;support-tier;observability,Available,v2.4.0,panel,us-central1
2026-09-01,gcp,b200-sxm-180gb,B200,180GB,SXM,IB-NDR,OnDemand,NonInterruptible,OnDemand,US-East,US,HIF,T1IF,T1,16.1100,True,local-nvme;managed-ops-plane;support-tier;observability,Available,v2.4.0,panel,us-east1
2026-09-01,gcp,b200-sxm-180gb,B200,180GB,SXM,IB-NDR,1Y,NonInterruptible,Reserved,APAC,APAC,HIF,T1IF,T1,13.3391,True,local-nvme;managed-ops-plane;support-tier;observability,Available,v2.4.0,panel,asia-northeast1
2026-09-01,gcp,b200-sxm-180gb,B200,180GB,SXM,IB-NDR,1Y,NonInterruptible,Reserved,APAC,APAC,HIF,T1IF,T1,13.3391,True,local-nvme;managed-ops-plane;support-tier;observability,Available,v2.4.0,panel,asia-southeast1
2026-09-01,gcp,b200-sxm-180gb,B200,180GB,SXM,IB-NDR,1Y,NonInterruptible,Reserved,EU,EU,HIF,T1IF,T1,12.2275,True,local-nvme;managed-ops-plane;support-tier;observability,Available,v2.4.0,panel,europe-west4
2026-09-01,gcp,b200-sxm-180gb,B200,180GB,SXM,IB-NDR,1Y,NonInterruptible,Reserved,US-Central,US,HIF,T1IF,T1,11.1159,True,local-nvme;managed-ops-plane;support-tier;observability,Available,v2.4.0,panel,us-central1
2026-09-01,gcp,b200-sxm-180gb,B200,180GB,SXM,IB-NDR,1Y,NonInterruptible,Reserved,US-East,US,HIF,T1IF,T1,11.1159,True,local-nvme;managed-ops-plane;support-tier;observability,Available,v2.4.0,panel,us-east1
2026-09-01,gcp,b200-sxm-180gb,B200,180GB,SXM,IB-NDR,1Y,NonInterruptible,Reserved,US-South,US,HIF,T1IF,T1,11.1159,True,local-nvme;managed-ops-plane;support-tier;observability,Available,v2.4.0,panel,us-south1
2026-09-01,gcp,b200-sxm-180gb,B200,180GB,SXM,IB-NDR,1Y,NonInterruptible,Reserved,US-West,US,HIF,T1IF,T1,11.1159,True,local-nvme;managed-ops-plane;support-tier;observability,Available,v2.4.0,panel,us-west1
2026-09-01,gcp,b200-sxm-180gb,B200,180GB,SXM,IB-NDR,1Y,NonInterruptible,Reserved,US-West,US,HIF,T1IF,T1,11.1159,True,local-nvme;managed-ops-plane;support-tier;observability,Available,v2.4.0,panel,us-west2
2026-09-01,gcp,b200-sxm-180gb,B200,180GB,SXM,IB-NDR,1Y,NonInterruptible,Reserved,US-West,US,HIF,T1IF,T1,11.1159,True,local-nvme;managed-ops-plane;support-tier;observability,Available,v2.4.0,panel,us-west3
2026-09-01,gcp,b200-sxm-180gb,B200,180GB,SXM,IB-NDR,1Y,NonInterruptible,Reserved,US-West,US,HIF,T1IF,T1,11.1159,True,local-nvme;managed-ops-plane;support-tier;observability,Available,v2.4.0,panel,us-west4
2026-09-01,gcp,b200-sxm-180gb,B200,180GB,SXM,IB-NDR,3Y,NonInterruptible,Reserved,APAC,APAC,HIF,T1IF,T1,8.5061,True,local-nvme;managed-ops-plane;support-tier;observability,Available,v2.4.0,panel,asia-northeast1
2026-09-01,gcp,b200-sxm-180gb,B200,180GB,SXM,IB-NDR,3Y,NonInterruptible,Reserved,APAC,APAC,HIF,T1IF,T1,8.5061,True,local-nvme;managed-ops-plane;support-tier;observability,Available,v2.4.0,panel,asia-southeast1
2026-09-01,gcp,b200-sxm-180gb,B200,180GB,SXM,IB-NDR,3Y,NonInterruptible,Reserved,EU,EU,HIF,T1IF,T1,7.7972,True,local-nvme;managed-ops-plane;support-tier;observability,Available,v2.4.0,panel,europe-west4
2026-09-01,gcp,b200-sxm-180gb,B200,180GB,SXM,IB-NDR,3Y,NonInterruptible,Reserved,US-Central,US,HIF,T1IF,T1,7.0884,True,local-nvme;managed-ops-plane;support-tier;observability,Available,v2.4.0,panel,us-central1
2026-09-01,gcp,b200-sxm-180gb,B200,180GB,SXM,IB-NDR,3Y,NonInterruptible,Reserved,US-East,US,HIF,T1IF,T1,7.0884,True,local-nvme;managed-ops-plane;support-tier;observability,Available,v2.4.0,panel,us-east1
2026-09-01,gcp,b200-sxm-180gb,B200,180GB,SXM,IB-NDR,3Y,NonInterruptible,Reserved,US-South,US,HIF,T1IF,T1,7.0884,True,local-nvme;managed-ops-plane;support-tier;observability,Available,v2.4.0,panel,us-south1
2026-09-01,gcp,b200-sxm-180gb,B200,180GB,SXM,IB-NDR,3Y,NonInterruptible,Reserved,US-West,US,HIF,T1IF,T1,7.0884,True,local-nvme;managed-ops-plane;support-tier;observability,Available,v2.4.0,panel,us-west1
2026-09-01,gcp,b200-sxm-180gb,B200,180GB,SXM,IB-NDR,3Y,NonInterruptible,Reserved,US-West,US,HIF,T1IF,T1,7.0884,True,local-nvme;managed-ops-plane;support-tier;observability,Available,v2.4.0,panel,us-west2
2026-09-01,gcp,b200-sxm-180gb,B200,180GB,SXM,IB-NDR,3Y,NonInterruptible,Reserved,US-West,US,HIF,T1IF,T1,7.0884,True,local-nvme;managed-ops-plane;support-tier;observability,Available,v2.4.0,panel,us-west3
2026-09-01,gcp,b200-sxm-180gb,B200,180GB,SXM,IB-NDR,3Y,NonInterruptible,Reserved,US-West,US,HIF,T1IF,T1,7.0884,True,local-nvme;managed-ops-plane;support-tier;observability,Available,v2.4.0,panel,us-west4
2026-09-01,gcp,b200-sxm-180gb,B200,180GB,SXM,IB-NDR,OnDemand,Interruptible,Spot,APAC,APAC,DIF,T1IF,T1,5.9316,True,local-nvme;managed-ops-plane;support-tier;observability,Available,v2.4.0,panel,asia-northeast1
2026-09-01,gcp,b200-sxm-180gb,B200,180GB,SXM,IB-NDR,OnDemand,Interruptible,Spot,APAC,APAC,DIF,T1IF,T1,4.9021,True,local-nvme;managed-ops-plane;support-tier;observability,Available,v2.4.0,panel,asia-southeast1
2026-09-01,gcp,b200-sxm-180gb,B200,180GB,SXM,IB-NDR,OnDemand,Interruptible,Spot,EU,EU,DIF,T1IF,T1,5.4373,True,local-nvme;managed-ops-plane;support-tier;observability,Available,v2.4.0,panel,europe-north1
2026-09-01,gcp,b200-sxm-180gb,B200,180GB,SXM,IB-NDR,OnDemand,Interruptible,Spot,EU,EU,DIF,T1IF,T1,2.1924,True,local-nvme;managed-ops-plane;support-tier;observability,Available,v2.4.0,panel,europe-west1
2026-09-01,gcp,b200-sxm-180gb,B200,180GB,SXM,IB-NDR,OnDemand,Interruptible,Spot,EU,EU,DIF,T1IF,T1,4.9194,True,local-nvme;managed-ops-plane;support-tier;observability,Available,v2.4.0,panel,europe-west4
2026-09-01,gcp,b200-sxm-180gb,B200,180GB,SXM,IB-NDR,OnDemand,Interruptible,Spot,US-Central,US,DIF,T1IF,T1,4.9542,True,local-nvme;managed-ops-plane;support-tier;observability,Available,v2.4.0,panel,us-central1
2026-09-01,gcp,b200-sxm-180gb,B200,180GB,SXM,IB-NDR,OnDemand,Interruptible,Spot,US-East,US,DIF,T1IF,T1,4.9542,True,local-nvme;managed-ops-plane;support-tier;observability,Available,v2.4.0,panel,us-east1
2026-09-01,gcp,b200-sxm-180gb,B200,180GB,SXM,IB-NDR,OnDemand,Interruptible,Spot,US-East,US,DIF,T1IF,T1,4.0758,True,local-nvme;managed-ops-plane;support-tier;observability,Available,v2.4.0,panel,us-east4
2026-09-01,gcp,b200-sxm-180gb,B200,180GB,SXM,IB-NDR,OnDemand,Interruptible,Spot,US-South,US,DIF,T1IF,T1,4.4936,True,local-nvme;managed-ops-plane;support-tier;observability,Available,v2.4.0,panel,us-south1
2026-09-01,gcp,b200-sxm-180gb,B200,180GB,SXM,IB-NDR,OnDemand,Interruptible,Spot,US-West,US,DIF,T1IF,T1,4.2592,True,local-nvme;managed-ops-plane;support-tier;observability,Available,v2.4.0,panel,us-west2
2026-09-01,gcp,b200-sxm-180gb,B200,180GB,SXM,IB-NDR,OnDemand,Interruptible,Spot,US-West,US,DIF,T1IF,T1,4.6958,True,local-nvme;managed-ops-plane;support-tier;observability,Available,v2.4.0,panel,us-west3
2026-09-01,gcp_cud,b200-sxm-180gb,B200,180GB,SXM,IB-NDR,1Y,NonInterruptible,Reserved,APAC,APAC,HIF,T2IF,T1,13.3391,False,,Available,v2.4.0,candidate,asia-northeast1
2026-09-01,gcp_cud,b200-sxm-180gb,B200,180GB,SXM,IB-NDR,1Y,NonInterruptible,Reserved,APAC,APAC,HIF,T2IF,T1,13.3391,False,,Available,v2.4.0,candidate,asia-southeast1
2026-09-01,gcp_cud,b200-sxm-180gb,B200,180GB,SXM,IB-NDR,1Y,NonInterruptible,Reserved,EU,EU,HIF,T2IF,T1,12.2275,False,,Available,v2.4.0,candidate,europe-west4
2026-09-01,gcp_cud,b200-sxm-180gb,B200,180GB,SXM,IB-NDR,1Y,NonInterruptible,Reserved,US-Central,US,HIF,T2IF,T1,11.1159,False,,Available,v2.4.0,candidate,us-central1
2026-09-01,gcp_cud,b200-sxm-180gb,B200,180GB,SXM,IB-NDR,1Y,NonInterruptible,Reserved,US-East,US,HIF,T2IF,T1,11.1159,False,,Available,v2.4.0,candidate,us-east1
2026-09-01,gcp_cud,b200-sxm-180gb,B200,180GB,SXM,IB-NDR,1Y,NonInterruptible,Reserved,US-South,US,HIF,T2IF,T1,11.1159,False,,Available,v2.4.0,candidate,us-south1
2026-09-01,gcp_cud,b200-sxm-180gb,B200,180GB,SXM,IB-NDR,1Y,NonInterruptible,Reserved,US-West,US,HIF,T2IF,T1,11.1159,False,,Available,v2.4.0,candidate,us-west1
2026-09-01,gcp_cud,b200-sxm-180gb,B200,180GB,SXM,IB-NDR,1Y,NonInterruptible,Reserved,US-West,US,HIF,T2IF,T1,11.1159,False,,Available,v2.4.0,candidate,us-west2
2026-09-01,gcp_cud,b200-sxm-180gb,B200,180GB,SXM,IB-NDR,1Y,NonInterruptible,Reserved,US-West,US,HIF,T2IF,T1,11.1159,False,,Available,v2.4.0,candidate,us-west3
2026-09-01,gcp_cud,b200-sxm-180gb,B200,180GB,SXM,IB-NDR,1Y,NonInterruptible,Reserved,US-West,US,HIF,T2IF,T1,11.1159,False,,Available,v2.4.0,candidate,us-west4
2026-09-01,gcp_cud,b200-sxm-180gb,B200,180GB,SXM,IB-NDR,3Y,NonInterruptible,Reserved,APAC,APAC,HIF,T2IF,T1,8.5061,False,,Available,v2.4.0,candidate,asia-northeast1
2026-09-01,gcp_cud,b200-sxm-180gb,B200,180GB,SXM,IB-NDR,3Y,NonInterruptible,Reserved,APAC,APAC,HIF,T2IF,T1,8.5061,False,,Available,v2.4.0,candidate,asia-southeast1
2026-09-01,gcp_cud,b200-sxm-180gb,B200,180GB,SXM,IB-NDR,3Y,NonInterruptible,Reserved,EU,EU,HIF,T2IF,T1,7.7972,False,,Available,v2.4.0,candidate,europe-west4
2026-09-01,gcp_cud,b200-sxm-180gb,B200,180GB,SXM,IB-NDR,3Y,NonInterruptible,Reserved,US-Central,US,HIF,T2IF,T1,7.0884,False,,Available,v2.4.0,candidate,us-central1
2026-09-01,gcp_cud,b200-sxm-180gb,B200,180GB,SXM,IB-NDR,3Y,NonInterruptible,Reserved,US-East,US,HIF,T2IF,T1,7.0884,False,,Available,v2.4.0,candidate,us-east1
2026-09-01,gcp_cud,b200-sxm-180gb,B200,180GB,SXM,IB-NDR,3Y,NonInterruptible,Reserved,US-South,US,HIF,T2IF,T1,7.0884,False,,Available,v2.4.0,candidate,us-south1
2026-09-01,gcp_cud,b200-sxm-180gb,B200,180GB,SXM,IB-NDR,3Y,NonInterruptible,Reserved,US-West,US,HIF,T2IF,T1,7.0884,False,,Available,v2.4.0,candidate,us-west1
2026-09-01,gcp_cud,b200-sxm-180gb,B200,180GB,SXM,IB-NDR,3Y,NonInterruptible,Reserved,US-West,US,HIF,T2IF,T1,7.0884,False,,Available,v2.4.0,candidate,us-west2
2026-09-01,gcp_cud,b200-sxm-180gb,B200,180GB,SXM,IB-NDR,3Y,NonInterruptible,Reserved,US-West,US,HIF,T2IF,T1,7.0884,False,,Available,v2.4.0,candidate,us-west3
2026-09-01,gcp_cud,b200-sxm-180gb,B200,180GB,SXM,IB-NDR,3Y,NonInterruptible,Reserved,US-West,US,HIF,T2IF,T1,7.0884,False,,Available,v2.4.0,candidate,us-west4
2026-09-01,gcp_dws,b200-sxm-180gb,B200,180GB,SXM,IB-NDR,FlexStart,NonInterruptible,Reserved,US-Central,US,HIF,T2IF,T1,8.0550,False,,Available,v2.4.0,term-panel,us-central1
2026-09-01,gmi_cloud,b200-sxm-180gb,B200,180GB,SXM,IB-NDR,OnDemand,NonInterruptible,OnDemand,US-East,US,IIF,T2IF,T2,4.0000,False,,Available,v2.4.0,candidate,US
2026-09-01,hyperstack,b200-sxm-180gb,B200,180GB,SXM,IB-NDR,OnDemand,NonInterruptible,OnDemand,Other,Other,SIF,T2IF,T2,6.0000,True,local-nvme,Available,v2.4.0,panel,Multi
2026-09-01,hyperstack,b200-sxm-180gb,B200,180GB,SXM,IB-NDR,6M,NonInterruptible,Reserved,Other,Other,SIF,T2IF,T2,5.1000,True,local-nvme,Available,v2.4.0,panel,Multi
2026-09-01,koyeb,b200-sxm-180gb,B200,180GB,SXM,Unknown,OnDemand,NonInterruptible,OnDemand,Other,Other,SIF,T2IF,T2,5.5000,False,,Available,v2.4.0,candidate,Multi
2026-09-01,lambda,b200-sxm-180gb,B200,180GB,SXM,IB-NDR,OnDemand,NonInterruptible,OnDemand,US-East,US,IIF,T2IF,T2,6.6900,True,local-nvme,SoldOut,v2.4.0,panel,US
2026-09-01,lambda,b200-sxm-180gb,B200,180GB,SXM,IB-NDR,ReservedBand,NonInterruptible,Reserved,US-East,US,IIF,T2IF,T2,9.8600,True,local-nvme,Available,v2.4.0,panel,US
2026-09-01,massed_compute,b200-sxm-180gb,B200,180GB,SXM,Unknown,OnDemand,NonInterruptible,OnDemand,US-East,US,DIF,T3IF,T3,5.4325,False,,Available,v2.4.0,panel,US
2026-09-01,nebius,b200-sxm-180gb,B200,180GB,SXM,IB-NDR,OnDemand,NonInterruptible,OnDemand,Other,Other,IIF,T1IF,T2,7.1500,True,observability;managed-ops-plane;free-egress,Available,v2.4.0,panel,
2026-09-01,nebius,b200-sxm-180gb,B200,180GB,SXM,IB-NDR,OnDemand,Interruptible,Spot,Other,Other,DIF,T1IF,T2,3.9500,True,observability;managed-ops-plane;free-egress,Available,v2.4.0,panel,
2026-09-01,oci,b200-sxm-180gb,B200,180GB,SXM,RoCE-v2,OnDemand,NonInterruptible,OnDemand,US-East,US,HIF,T1IF,T1,14.0000,True,local-nvme;egress-capped;managed-ops-plane;support-tier;observability,Available,v2.4.0,panel,us-ashburn-1
2026-09-01,qubrid,b200-sxm-180gb,B200,180GB,SXM,Unknown,1Y,NonInterruptible,Reserved,Other,Other,SIF,T2IF,T2,4.2500,False,,Available,v2.4.0,panel,
2026-09-01,runpod_community,b200-sxm-180gb,B200,180GB,SXM,Unknown,OnDemand,NonInterruptible,OnDemand,Other,Other,DIF,T3IF,T3,5.9800,False,,SoldOut,v2.4.0,panel,Global
2026-09-01,runpod_secure,b200-sxm-180gb,B200,180GB,SXM,IB-NDR,OnDemand,NonInterruptible,OnDemand,Other,Other,DIF,T2IF,T3,6.7900,True,local-nvme,Available,v2.4.0,panel,Global
2026-09-01,runpod_secure,b200-sxm-180gb,B200,180GB,SXM,IB-NDR,1Y,NonInterruptible,Reserved,Other,Other,DIF,T2IF,T3,6.7900,True,local-nvme,Available,v2.4.0,panel,Global
2026-09-01,runpod_secure,b200-sxm-180gb,B200,180GB,SXM,IB-NDR,3M,NonInterruptible,Reserved,Other,Other,DIF,T2IF,T3,6.7900,True,local-nvme,Available,v2.4.0,panel,Global
2026-09-01,runpod_secure,b200-sxm-180gb,B200,180GB,SXM,IB-NDR,6M,NonInterruptible,Reserved,Other,Other,DIF,T2IF,T3,6.7900,True,local-nvme,Available,v2.4.0,panel,Global
2026-09-01,shakti_cloud,b200-sxm-180gb,B200,180GB,SXM,IB-Unspecified,1M,NonInterruptible,Reserved,APAC,APAC,SIF,T2IF,T2,4.9700,False,,Available,v2.4.0,panel,IN
2026-09-01,spheron,b200-sxm-180gb,B200,180GB,SXM,Unknown,OnDemand,NonInterruptible,OnDemand,Other,Other,DIF,T3IF,T3,7.2009,False,,Available,v2.4.0,panel,canada-1
2026-09-01,spheron,b200-sxm-180gb,B200,180GB,SXM,Unknown,OnDemand,NonInterruptible,OnDemand,US-Central,US,DIF,T3IF,T3,9.3600,False,,Available,v2.4.0,panel,us-central-1
2026-09-01,spheron,b200-sxm-180gb,B200,180GB,SXM,Unknown,OnDemand,Interruptible,Spot,Other,Other,DIF,T3IF,T3,5.3730,False,,Available,v2.4.0,panel,me-west-1
2026-09-01,spheron,b200-sxm-180gb,B200,180GB,SXM,Unknown,OnDemand,Interruptible,Spot,US-Central,US,DIF,T3IF,T3,5.3376,False,,Available,v2.4.0,panel,us-central-1
2026-09-01,together,b200-sxm-180gb,B200,180GB,SXM,IB-NDR,OnDemand,NonInterruptible,OnDemand,US-East,US,SIF,T1IF,T2,8.1900,True,local-nvme;support-tier;observability;managed-ops-plane,Available,v2.4.0,panel,US
2026-09-01,together,b200-sxm-180gb,B200,180GB,SXM,IB-NDR,1M,NonInterruptible,Reserved,US-East,US,SIF,T1IF,T2,7.9900,True,local-nvme;support-tier;observability;managed-ops-plane,Available,v2.4.0,panel,US
2026-09-01,together,b200-sxm-180gb,B200,180GB,SXM,IB-NDR,3M,NonInterruptible,Reserved,US-East,US,SIF,T1IF,T2,7.7900,True,local-nvme;support-tier;observability;managed-ops-plane,Available,v2.4.0,panel,US
2026-09-01,together,b200-sxm-180gb,B200,180GB,SXM,IB-NDR,6M,NonInterruptible,Reserved,US-East,US,SIF,T1IF,T2,6.7900,True,local-nvme;support-tier;observability;managed-ops-plane,Available,v2.4.0,panel,US
2026-09-01,upcloud,b200-sxm-180gb,B200,180GB,SXM,Unknown,OnDemand,NonInterruptible,OnDemand,EU,EU,SIF,T2IF,T2,5.2182,False,,Available,v2.4.0,panel,EU-FI
2026-09-01,upcloud,b200-sxm-180gb,B200,180GB,SXM,Unknown,OnDemand,Interruptible,Spot,EU,EU,DIF,T2IF,T2,3.9136,False,,Available,v2.4.0,panel,EU-FI
2026-09-01,vast_ai,b200-sxm-180gb,B200,180GB,SXM,IB-NDR,OnDemand,NonInterruptible,OnDemand,US-East,US,DIF,T3IF,T3,6.0000,True,local-nvme,Available,v2.4.0,marketplace,", US"
2026-09-01,vast_ai,b200-sxm-180gb,B200,180GB,SXM,IB-NDR,OnDemand,NonInterruptible,OnDemand,APAC,APAC,DIF,T3IF,T3,5.5625,True,local-nvme,Available,v2.4.0,marketplace,"AUSTRALIA, AU"
2026-09-01,vast_ai,b200-sxm-180gb,B200,180GB,SXM,IB-NDR,OnDemand,NonInterruptible,OnDemand,APAC,APAC,DIF,T3IF,T3,6.0000,True,local-nvme,Available,v2.4.0,marketplace,"INDIA, IN"
2026-09-01,vast_ai,b200-sxm-180gb,B200,180GB,SXM,IB-NDR,OnDemand,NonInterruptible,OnDemand,Other,Other,DIF,T3IF,T3,5.3750,True,local-nvme,Available,v2.4.0,marketplace,"MEXICO, MX"
2026-09-01,vast_ai,b200-sxm-180gb,B200,180GB,SXM,IB-NDR,OnDemand,NonInterruptible,OnDemand,EU,EU,DIF,T3IF,T3,5.0000,True,local-nvme,Available,v2.4.0,marketplace,"SLOVENIA, SI"
2026-09-01,vultr,b200-sxm-180gb,B200,180GB,SXM,Unknown,OnDemand,NonInterruptible,OnDemand,Other,Other,SIF,T2IF,T2,8.5000,False,,SoldOut,v2.4.0,panel,Multi
2026-09-01,vultr,b200-sxm-180gb,B200,180GB,SXM,Unknown,OnDemand,Interruptible,Spot,Other,Other,DIF,T2IF,T2,3.2000,False,,SoldOut,v2.4.0,panel,Multi
2026-09-02,aws,b200-sxm-180gb,B200,180GB,SXM,EFA,OnDemand,NonInterruptible,OnDemand,APAC,APAC,HIF,T1IF,T1,20.0807,True,local-nvme;managed-ops-plane;support-tier;observability,Available,v2.4.0,panel,ap-south-1
2026-09-02,aws,b200-sxm-180gb,B200,180GB,SXM,EFA,OnDemand,NonInterruptible,OnDemand,US-East,US,HIF,T1IF,T1,14.2416,True,local-nvme;managed-ops-plane;support-tier;observability,Available,v2.4.0,panel,us-east-1
2026-09-02,aws,b200-sxm-180gb,B200,180GB,SXM,EFA,OnDemand,NonInterruptible,OnDemand,US-East,US,HIF,T1IF,T1,14.2416,True,local-nvme;managed-ops-plane;support-tier;observability,Available,v2.4.0,panel,us-east-2
2026-09-02,aws,b200-sxm-180gb,B200,180GB,SXM,EFA,OnDemand,NonInterruptible,OnDemand,US-West,US,HIF,T1IF,T1,14.2416,True,local-nvme;managed-ops-plane;support-tier;observability,Available,v2.4.0,panel,us-west-2
2026-09-02,aws,b200-sxm-180gb,B200,180GB,SXM,EFA,3Y,NonInterruptible,Reserved,US-East,US,HIF,T1IF,T1,6.1524,True,local-nvme;managed-ops-plane;support-tier;observability,Available,v2.4.0,panel,us-east-1
2026-09-02,aws,b200-sxm-180gb,B200,180GB,SXM,EFA,3Y,NonInterruptible,Reserved,US-East,US,HIF,T1IF,T1,6.1524,True,local-nvme;managed-ops-plane;support-tier;observability,Available,v2.4.0,panel,us-east-2
2026-09-02,aws,b200-sxm-180gb,B200,180GB,SXM,EFA,3Y,NonInterruptible,Reserved,US-West,US,HIF,T1IF,T1,6.1524,True,local-nvme;managed-ops-plane;support-tier;observability,Available,v2.4.0,panel,us-west-2
2026-09-02,aws,b200-sxm-180gb,B200,180GB,SXM,EFA,OnDemand,Interruptible,Spot,APAC,APAC,DIF,T2IF,T1,5.9865,False,,Available,v2.4.0,panel,ap-south-1c
2026-09-02,aws,b200-sxm-180gb,B200,180GB,SXM,EFA,OnDemand,Interruptible,Spot,US-East,US,DIF,T2IF,T1,5.2446,False,,Available,v2.4.0,panel,us-east-1d
2026-09-02,aws,b200-sxm-180gb,B200,180GB,SXM,EFA,OnDemand,Interruptible,Spot,US-East,US,DIF,T2IF,T1,5.2590,False,,Available,v2.4.0,panel,us-east-2a
2026-09-02,aws,b200-sxm-180gb,B200,180GB,SXM,EFA,OnDemand,Interruptible,Spot,US-East,US,DIF,T2IF,T1,5.2439,False,,Available,v2.4.0,panel,us-east-2b
2026-09-02,aws,b200-sxm-180gb,B200,180GB,SXM,EFA,OnDemand,Interruptible,Spot,US-East,US,DIF,T2IF,T1,5.2104,False,,Available,v2.4.0,panel,us-east-2c
2026-09-02,aws,b200-sxm-180gb,B200,180GB,SXM,EFA,OnDemand,Interruptible,Spot,US-West,US,DIF,T2IF,T1,5.2017,False,,Available,v2.4.0,panel,us-west-2a
2026-09-02,aws,b200-sxm-180gb,B200,180GB,SXM,EFA,OnDemand,Interruptible,Spot,US-West,US,DIF,T2IF,T1,5.2343,False,,Available,v2.4.0,panel,us-west-2b
2026-09-02,aws,b200-sxm-180gb,B200,180GB,SXM,EFA,OnDemand,Interruptible,Spot,US-West,US,DIF,T2IF,T1,5.2360,False,,Available,v2.4.0,panel,us-west-2d
2026-09-02,aws_capacity_blocks,b200-sxm-180gb,B200,180GB,SXM,EFA,CapacityBlock,NonInterruptible,Reserved,Other,Other,HIF,T2IF,T1,12.3550,False,,Available,v2.4.0,term-panel,non-us
2026-09-02,aws_capacity_blocks,b200-sxm-180gb,B200,180GB,SXM,EFA,CapacityBlock,NonInterruptible,Reserved,US-East,US,HIF,T2IF,T1,12.3550,False,,Available,v2.4.0,term-panel,us-east-1
2026-09-02,civo,b200-sxm-180gb,B200,180GB,SXM,Unknown,1Y,NonInterruptible,Reserved,Other,Other,SIF,T2IF,T2,4.4900,False,,Available,v2.4.0,panel,
2026-09-02,civo,b200-sxm-180gb,B200,180GB,SXM,Unknown,2Y,NonInterruptible,Reserved,Other,Other,SIF,T2IF,T2,3.9900,False,,Available,v2.4.0,panel,
2026-09-02,civo,b200-sxm-180gb,B200,180GB,SXM,Unknown,3Y,NonInterruptible,Reserved,Other,Other,SIF,T2IF,T2,3.7900,False,,Available,v2.4.0,panel,
2026-09-02,cloudrift,b200-sxm-180gb,B200,180GB,SXM,,1M,NonInterruptible,Reserved,US-East,US,SIF,T2IF,T2,3.6000,False,,Available,v2.4.0,term-panel,US
2026-09-02,cloudrift,b200-sxm-180gb,B200,180GB,SXM,,3M,NonInterruptible,Reserved,US-East,US,SIF,T2IF,T2,3.2400,False,,Available,v2.4.0,term-panel,US
2026-09-02,coreweave,b200-sxm-180gb,B200,180GB,SXM,IB-NDR,OnDemand,NonInterruptible,OnDemand,EU,EU,IIF,T1IF,T2,8.6000,True,local-nvme;free-egress;support-tier;observability;managed-ops-plane,Available,v2.4.0,panel,EU
2026-09-02,coreweave,b200-sxm-180gb,B200,180GB,SXM,IB-NDR,OnDemand,NonInterruptible,OnDemand,US-East,US,IIF,T1IF,T2,8.6000,True,local-nvme;free-egress;support-tier;observability;managed-ops-plane,Available,v2.4.0,panel,US
2026-09-02,coreweave,b200-sxm-180gb,B200,180GB,SXM,IB-NDR,OnDemand,Interruptible,Spot,EU,EU,DIF,T1IF,T2,4.3588,True,local-nvme;free-egress;support-tier;observability;managed-ops-plane,Available,v2.4.0,panel,EU
2026-09-02,coreweave,b200-sxm-180gb,B200,180GB,SXM,IB-NDR,OnDemand,Interruptible,Spot,US-East,US,DIF,T1IF,T2,4.2638,True,local-nvme;free-egress;support-tier;observability;managed-ops-plane,Available,v2.4.0,panel,US
2026-09-02,datacrunch,b200-sxm-180gb,B200,180GB,SXM,IB-NDR,OnDemand,NonInterruptible,OnDemand,EU,EU,SIF,T2IF,T2,6.1100,True,local-nvme,Available,v2.4.0,panel,EU-FI
2026-09-02,datacrunch,b200-sxm-180gb,B200,180GB,SXM,IB-NDR,1M,NonInterruptible,Reserved,EU,EU,SIF,T2IF,T2,5.9878,True,local-nvme,Available,v2.4.0,panel,EU-FI
2026-09-02,datacrunch,b200-sxm-180gb,B200,180GB,SXM,IB-NDR,1Y,NonInterruptible,Reserved,EU,EU,SIF,T2IF,T2,5.6212,True,local-nvme,Available,v2.4.0,panel,EU-FI
2026-09-02,datacrunch,b200-sxm-180gb,B200,180GB,SXM,IB-NDR,2Y,NonInterruptible,Reserved,EU,EU,SIF,T2IF,T2,4.5825,True,local-nvme,Available,v2.4.0,panel,EU-FI
2026-09-02,datacrunch,b200-sxm-180gb,B200,180GB,SXM,IB-NDR,3M,NonInterruptible,Reserved,EU,EU,SIF,T2IF,T2,5.9267,True,local-nvme,Available,v2.4.0,panel,EU-FI
2026-09-02,datacrunch,b200-sxm-180gb,B200,180GB,SXM,IB-NDR,6M,NonInterruptible,Reserved,EU,EU,SIF,T2IF,T2,5.8656,True,local-nvme,Available,v2.4.0,panel,EU-FI
2026-09-02,datacrunch,b200-sxm-180gb,B200,180GB,SXM,IB-NDR,OnDemand,Interruptible,Spot,EU,EU,DIF,T2IF,T2,3.0550,True,local-nvme,Available,v2.4.0,panel,EU-FI
2026-09-02,deepinfra_gpu,b200-sxm-180gb,B200,180GB,SXM,,OnDemand,NonInterruptible,OnDemand,Other,Other,SIF,T2IF,T2,3.6900,False,,Available,v2.4.0,panel,undisclosed
2026-09-02,e2e,b200-sxm-180gb,B200,180GB,SXM,IB-NDR,OnDemand,NonInterruptible,OnDemand,APAC,APAC,IIF,T2IF,T2,6.9900,False,,Available,v2.4.0,panel,India
2026-09-02,e2e,b200-sxm-180gb,B200,180GB,SXM,IB-NDR,1M,NonInterruptible,Reserved,APAC,APAC,IIF,T2IF,T2,6.9211,False,,Available,v2.4.0,panel,India
2026-09-02,e2e,b200-sxm-180gb,B200,180GB,SXM,IB-NDR,1Y,NonInterruptible,Reserved,APAC,APAC,IIF,T2IF,T2,6.2888,False,,Available,v2.4.0,panel,India
2026-09-02,gcp,b200-sxm-180gb,B200,180GB,SXM,IB-NDR,OnDemand,NonInterruptible,OnDemand,APAC,APAC,HIF,T1IF,T1,19.3320,True,local-nvme;managed-ops-plane;support-tier;observability,Available,v2.4.0,panel,asia-southeast1
2026-09-02,gcp,b200-sxm-180gb,B200,180GB,SXM,IB-NDR,OnDemand,NonInterruptible,OnDemand,EU,EU,HIF,T1IF,T1,17.7210,True,local-nvme;managed-ops-plane;support-tier;observability,Available,v2.4.0,panel,europe-west4
2026-09-02,gcp,b200-sxm-180gb,B200,180GB,SXM,IB-NDR,OnDemand,NonInterruptible,OnDemand,US-Central,US,HIF,T1IF,T1,16.1100,True,local-nvme;managed-ops-plane;support-tier;observability,Available,v2.4.0,panel,us-central1
2026-09-02,gcp,b200-sxm-180gb,B200,180GB,SXM,IB-NDR,OnDemand,NonInterruptible,OnDemand,US-East,US,HIF,T1IF,T1,16.1100,True,local-nvme;managed-ops-plane;support-tier;observability,Available,v2.4.0,panel,us-east1
2026-09-02,gcp,b200-sxm-180gb,B200,180GB,SXM,IB-NDR,1Y,NonInterruptible,Reserved,APAC,APAC,HIF,T1IF,T1,13.3391,True,local-nvme;managed-ops-plane;support-tier;observability,Available,v2.4.0,panel,asia-northeast1
2026-09-02,gcp,b200-sxm-180gb,B200,180GB,SXM,IB-NDR,1Y,NonInterruptible,Reserved,APAC,APAC,HIF,T1IF,T1,13.3391,True,local-nvme;managed-ops-plane;support-tier;observability,Available,v2.4.0,panel,asia-southeast1
2026-09-02,gcp,b200-sxm-180gb,B200,180GB,SXM,IB-NDR,1Y,NonInterruptible,Reserved,EU,EU,HIF,T1IF,T1,12.2275,True,local-nvme;managed-ops-plane;support-tier;observability,Available,v2.4.0,panel,europe-west4
2026-09-02,gcp,b200-sxm-180gb,B200,180GB,SXM,IB-NDR,1Y,NonInterruptible,Reserved,US-Central,US,HIF,T1IF,T1,11.1159,True,local-nvme;managed-ops-plane;support-tier;observability,Available,v2.4.0,panel,us-central1
2026-09-02,gcp,b200-sxm-180gb,B200,180GB,SXM,IB-NDR,1Y,NonInterruptible,Reserved,US-East,US,HIF,T1IF,T1,11.1159,True,local-nvme;managed-ops-plane;support-tier;observability,Available,v2.4.0,panel,us-east1
2026-09-02,gcp,b200-sxm-180gb,B200,180GB,SXM,IB-NDR,1Y,NonInterruptible,Reserved,US-South,US,HIF,T1IF,T1,11.1159,True,local-nvme;managed-ops-plane;support-tier;observability,Available,v2.4.0,panel,us-south1
2026-09-02,gcp,b200-sxm-180gb,B200,180GB,SXM,IB-NDR,1Y,NonInterruptible,Reserved,US-West,US,HIF,T1IF,T1,11.1159,True,local-nvme;managed-ops-plane;support-tier;observability,Available,v2.4.0,panel,us-west1
2026-09-02,gcp,b200-sxm-180gb,B200,180GB,SXM,IB-NDR,1Y,NonInterruptible,Reserved,US-West,US,HIF,T1IF,T1,11.1159,True,local-nvme;managed-ops-plane;support-tier;observability,Available,v2.4.0,panel,us-west2
2026-09-02,gcp,b200-sxm-180gb,B200,180GB,SXM,IB-NDR,1Y,NonInterruptible,Reserved,US-West,US,HIF,T1IF,T1,11.1159,True,local-nvme;managed-ops-plane;support-tier;observability,Available,v2.4.0,panel,us-west3
2026-09-02,gcp,b200-sxm-180gb,B200,180GB,SXM,IB-NDR,1Y,NonInterruptible,Reserved,US-West,US,HIF,T1IF,T1,11.1159,True,local-nvme;managed-ops-plane;support-tier;observability,Available,v2.4.0,panel,us-west4
2026-09-02,gcp,b200-sxm-180gb,B200,180GB,SXM,IB-NDR,3Y,NonInterruptible,Reserved,APAC,APAC,HIF,T1IF,T1,8.5061,True,local-nvme;managed-ops-plane;support-tier;observability,Available,v2.4.0,panel,asia-northeast1
2026-09-02,gcp,b200-sxm-180gb,B200,180GB,SXM,IB-NDR,3Y,NonInterruptible,Reserved,APAC,APAC,HIF,T1IF,T1,8.5061,True,local-nvme;managed-ops-plane;support-tier;observability,Available,v2.4.0,panel,asia-southeast1
2026-09-02,gcp,b200-sxm-180gb,B200,180GB,SXM,IB-NDR,3Y,NonInterruptible,Reserved,EU,EU,HIF,T1IF,T1,7.7972,True,local-nvme;managed-ops-plane;support-tier;observability,Available,v2.4.0,panel,europe-west4
2026-09-02,gcp,b200-sxm-180gb,B200,180GB,SXM,IB-NDR,3Y,NonInterruptible,Reserved,US-Central,US,HIF,T1IF,T1,7.0884,True,local-nvme;managed-ops-plane;support-tier;observability,Available,v2.4.0,panel,us-central1
2026-09-02,gcp,b200-sxm-180gb,B200,180GB,SXM,IB-NDR,3Y,NonInterruptible,Reserved,US-East,US,HIF,T1IF,T1,7.0884,True,local-nvme;managed-ops-plane;support-tier;observability,Available,v2.4.0,panel,us-east1
2026-09-02,gcp,b200-sxm-180gb,B200,180GB,SXM,IB-NDR,3Y,NonInterruptible,Reserved,US-South,US,HIF,T1IF,T1,7.0884,True,local-nvme;managed-ops-plane;support-tier;observability,Available,v2.4.0,panel,us-south1
2026-09-02,gcp,b200-sxm-180gb,B200,180GB,SXM,IB-NDR,3Y,NonInterruptible,Reserved,US-West,US,HIF,T1IF,T1,7.0884,True,local-nvme;managed-ops-plane;support-tier;observability,Available,v2.4.0,panel,us-west1
2026-09-02,gcp,b200-sxm-180gb,B200,180GB,SXM,IB-NDR,3Y,NonInterruptible,Reserved,US-West,US,HIF,T1IF,T1,7.0884,True,local-nvme;managed-ops-plane;support-tier;observability,Available,v2.4.0,panel,us-west2
2026-09-02,gcp,b200-sxm-180gb,B200,180GB,SXM,IB-NDR,3Y,NonInterruptible,Reserved,US-West,US,HIF,T1IF,T1,7.0884,True,local-nvme;managed-ops-plane;support-tier;observability,Available,v2.4.0,panel,us-west3
2026-09-02,gcp,b200-sxm-180gb,B200,180GB,SXM,IB-NDR,3Y,NonInterruptible,Reserved,US-West,US,HIF,T1IF,T1,7.0884,True,local-nvme;managed-ops-plane;support-tier;observability,Available,v2.4.0,panel,us-west4
2026-09-02,gcp,b200-sxm-180gb,B200,180GB,SXM,IB-NDR,OnDemand,Interruptible,Spot,APAC,APAC,DIF,T1IF,T1,5.9316,True,local-nvme;managed-ops-plane;support-tier;observability,Available,v2.4.0,panel,asia-northeast1
2026-09-02,gcp,b200-sxm-180gb,B200,180GB,SXM,IB-NDR,OnDemand,Interruptible,Spot,APAC,APAC,DIF,T1IF,T1,4.9021,True,local-nvme;managed-ops-plane;support-tier;observability,Available,v2.4.0,panel,asia-southeast1
2026-09-02,gcp,b200-sxm-180gb,B200,180GB,SXM,IB-NDR,OnDemand,Interruptible,Spot,EU,EU,DIF,T1IF,T1,5.4373,True,local-nvme;managed-ops-plane;support-tier;observability,Available,v2.4.0,panel,europe-north1
2026-09-02,gcp,b200-sxm-180gb,B200,180GB,SXM,IB-NDR,OnDemand,Interruptible,Spot,EU,EU,DIF,T1IF,T1,2.1924,True,local-nvme;managed-ops-plane;support-tier;observability,Available,v2.4.0,panel,europe-west1
2026-09-02,gcp,b200-sxm-180gb,B200,180GB,SXM,IB-NDR,OnDemand,Interruptible,Spot,EU,EU,DIF,T1IF,T1,4.9194,True,local-nvme;managed-ops-plane;support-tier;observability,Available,v2.4.0,panel,europe-west4
2026-09-02,gcp,b200-sxm-180gb,B200,180GB,SXM,IB-NDR,OnDemand,Interruptible,Spot,US-Central,US,DIF,T1IF,T1,4.9542,True,local-nvme;managed-ops-plane;support-tier;observability,Available,v2.4.0,panel,us-central1
2026-09-02,gcp,b200-sxm-180gb,B200,180GB,SXM,IB-NDR,OnDemand,Interruptible,Spot,US-East,US,DIF,T1IF,T1,4.9542,True,local-nvme;managed-ops-plane;support-tier;observability,Available,v2.4.0,panel,us-east1
2026-09-02,gcp,b200-sxm-180gb,B200,180GB,SXM,IB-NDR,OnDemand,Interruptible,Spot,US-East,US,DIF,T1IF,T1,4.0758,True,local-nvme;managed-ops-plane;support-tier;observability,Available,v2.4.0,panel,us-east4
2026-09-02,gcp,b200-sxm-180gb,B200,180GB,SXM,IB-NDR,OnDemand,Interruptible,Spot,US-South,US,DIF,T1IF,T1,4.4936,True,local-nvme;managed-ops-plane;support-tier;observability,Available,v2.4.0,panel,us-south1
2026-09-02,gcp,b200-sxm-180gb,B200,180GB,SXM,IB-NDR,OnDemand,Interruptible,Spot,US-West,US,DIF,T1IF,T1,4.2592,True,local-nvme;managed-ops-plane;support-tier;observability,Available,v2.4.0,panel,us-west2
2026-09-02,gcp,b200-sxm-180gb,B200,180GB,SXM,IB-NDR,OnDemand,Interruptible,Spot,US-West,US,DIF,T1IF,T1,4.6958,True,local-nvme;managed-ops-plane;support-tier;observability,Available,v2.4.0,panel,us-west3
2026-09-02,gcp_cud,b200-sxm-180gb,B200,180GB,SXM,IB-NDR,1Y,NonInterruptible,Reserved,APAC,APAC,HIF,T2IF,T1,13.3391,False,,Available,v2.4.0,candidate,asia-northeast1
2026-09-02,gcp_cud,b200-sxm-180gb,B200,180GB,SXM,IB-NDR,1Y,NonInterruptible,Reserved,APAC,APAC,HIF,T2IF,T1,13.3391,False,,Available,v2.4.0,candidate,asia-southeast1
2026-09-02,gcp_cud,b200-sxm-180gb,B200,180GB,SXM,IB-NDR,1Y,NonInterruptible,Reserved,EU,EU,HIF,T2IF,T1,12.2275,False,,Available,v2.4.0,candidate,europe-west4
2026-09-02,gcp_cud,b200-sxm-180gb,B200,180GB,SXM,IB-NDR,1Y,NonInterruptible,Reserved,US-Central,US,HIF,T2IF,T1,11.1159,False,,Available,v2.4.0,candidate,us-central1
2026-09-02,gcp_cud,b200-sxm-180gb,B200,180GB,SXM,IB-NDR,1Y,NonInterruptible,Reserved,US-East,US,HIF,T2IF,T1,11.1159,False,,Available,v2.4.0,candidate,us-east1
2026-09-02,gcp_cud,b200-sxm-180gb,B200,180GB,SXM,IB-NDR,1Y,NonInterruptible,Reserved,US-South,US,HIF,T2IF,T1,11.1159,False,,Available,v2.4.0,candidate,us-south1
2026-09-02,gcp_cud,b200-sxm-180gb,B200,180GB,SXM,IB-NDR,1Y,NonInterruptible,Reserved,US-West,US,HIF,T2IF,T1,11.1159,False,,Available,v2.4.0,candidate,us-west1
2026-09-02,gcp_cud,b200-sxm-180gb,B200,180GB,SXM,IB-NDR,1Y,NonInterruptible,Reserved,US-West,US,HIF,T2IF,T1,11.1159,False,,Available,v2.4.0,candidate,us-west2
2026-09-02,gcp_cud,b200-sxm-180gb,B200,180GB,SXM,IB-NDR,1Y,NonInterruptible,Reserved,US-West,US,HIF,T2IF,T1,11.1159,False,,Available,v2.4.0,candidate,us-west3
2026-09-02,gcp_cud,b200-sxm-180gb,B200,180GB,SXM,IB-NDR,1Y,NonInterruptible,Reserved,US-West,US,HIF,T2IF,T1,11.1159,False,,Available,v2.4.0,candidate,us-west4
2026-09-02,gcp_cud,b200-sxm-180gb,B200,180GB,SXM,IB-NDR,3Y,NonInterruptible,Reserved,APAC,APAC,HIF,T2IF,T1,8.5061,False,,Available,v2.4.0,candidate,asia-northeast1
2026-09-02,gcp_cud,b200-sxm-180gb,B200,180GB,SXM,IB-NDR,3Y,NonInterruptible,Reserved,APAC,APAC,HIF,T2IF,T1,8.5061,False,,Available,v2.4.0,candidate,asia-southeast1
2026-09-02,gcp_cud,b200-sxm-180gb,B200,180GB,SXM,IB-NDR,3Y,NonInterruptible,Reserved,EU,EU,HIF,T2IF,T1,7.7972,False,,Available,v2.4.0,candidate,europe-west4
2026-09-02,gcp_cud,b200-sxm-180gb,B200,180GB,SXM,IB-NDR,3Y,NonInterruptible,Reserved,US-Central,US,HIF,T2IF,T1,7.0884,False,,Available,v2.4.0,candidate,us-central1
2026-09-02,gcp_cud,b200-sxm-180gb,B200,180GB,SXM,IB-NDR,3Y,NonInterruptible,Reserved,US-East,US,HIF,T2IF,T1,7.0884,False,,Available,v2.4.0,candidate,us-east1
2026-09-02,gcp_cud,b200-sxm-180gb,B200,180GB,SXM,IB-NDR,3Y,NonInterruptible,Reserved,US-South,US,HIF,T2IF,T1,7.0884,False,,Available,v2.4.0,candidate,us-south1
2026-09-02,gcp_cud,b200-sxm-180gb,B200,180GB,SXM,IB-NDR,3Y,NonInterruptible,Reserved,US-West,US,HIF,T2IF,T1,7.0884,False,,Available,v2.4.0,candidate,us-west1
2026-09-02,gcp_cud,b200-sxm-180gb,B200,180GB,SXM,IB-NDR,3Y,NonInterruptible,Reserved,US-West,US,HIF,T2IF,T1,7.0884,False,,Available,v2.4.0,candidate,us-west2
2026-09-02,gcp_cud,b200-sxm-180gb,B200,180GB,SXM,IB-NDR,3Y,NonInterruptible,Reserved,US-West,US,HIF,T2IF,T1,7.0884,False,,Available,v2.4.0,candidate,us-west3
2026-09-02,gcp_cud,b200-sxm-180gb,B200,180GB,SXM,IB-NDR,3Y,NonInterruptible,Reserved,US-West,US,HIF,T2IF,T1,7.0884,False,,Available,v2.4.0,candidate,us-west4
2026-09-02,gcp_dws,b200-sxm-180gb,B200,180GB,SXM,IB-NDR,FlexStart,NonInterruptible,Reserved,US-Central,US,HIF,T2IF,T1,8.0550,False,,Available,v2.4.0,term-panel,us-central1
2026-09-02,gmi_cloud,b200-sxm-180gb,B200,180GB,SXM,IB-NDR,OnDemand,NonInterruptible,OnDemand,US-East,US,IIF,T2IF,T2,4.0000,False,,Available,v2.4.0,candidate,US
2026-09-02,hyperstack,b200-sxm-180gb,B200,180GB,SXM,IB-NDR,OnDemand,NonInterruptible,OnDemand,Other,Other,SIF,T2IF,T2,6.0000,True,local-nvme,Available,v2.4.0,panel,Multi
2026-09-02,hyperstack,b200-sxm-180gb,B200,180GB,SXM,IB-NDR,6M,NonInterruptible,Reserved,Other,Other,SIF,T2IF,T2,5.1000,True,local-nvme,Available,v2.4.0,panel,Multi
2026-09-02,koyeb,b200-sxm-180gb,B200,180GB,SXM,Unknown,OnDemand,NonInterruptible,OnDemand,Other,Other,SIF,T2IF,T2,5.5000,False,,Available,v2.4.0,candidate,Multi
2026-09-02,lambda,b200-sxm-180gb,B200,180GB,SXM,IB-NDR,OnDemand,NonInterruptible,OnDemand,US-East,US,IIF,T2IF,T2,6.6900,True,local-nvme,SoldOut,v2.4.0,panel,US
2026-09-02,lambda,b200-sxm-180gb,B200,180GB,SXM,IB-NDR,ReservedBand,NonInterruptible,Reserved,US-East,US,IIF,T2IF,T2,9.8600,True,local-nvme,Available,v2.4.0,panel,US
2026-09-02,lyceum,b200-sxm-180gb,B200,180GB,SXM,,OnDemand,NonInterruptible,OnDemand,Other,Other,SIF,T2IF,T2,6.5900,False,,Available,v2.4.0,candidate,EU (undisclosed)
2026-09-02,lyceum,b200-sxm-180gb,B200,180GB,SXM,,OnDemand,NonInterruptible,OnDemand,Other,Other,SIF,T2IF,T2,6.2900,False,,Available,v2.4.0,candidate,EU (undisclosed)
2026-09-02,massed_compute,b200-sxm-180gb,B200,180GB,SXM,Unknown,OnDemand,NonInterruptible,OnDemand,US-East,US,DIF,T3IF,T3,5.4325,False,,Available,v2.4.0,panel,US
2026-09-02,nebius,b200-sxm-180gb,B200,180GB,SXM,IB-NDR,OnDemand,NonInterruptible,OnDemand,Other,Other,IIF,T1IF,T2,7.1500,True,observability;managed-ops-plane;free-egress,Available,v2.4.0,panel,
2026-09-02,nebius,b200-sxm-180gb,B200,180GB,SXM,IB-NDR,OnDemand,Interruptible,Spot,Other,Other,DIF,T1IF,T2,3.9500,True,observability;managed-ops-plane;free-egress,Available,v2.4.0,panel,
2026-09-02,oci,b200-sxm-180gb,B200,180GB,SXM,RoCE-v2,OnDemand,NonInterruptible,OnDemand,US-East,US,HIF,T1IF,T1,14.0000,True,local-nvme;egress-capped;managed-ops-plane;support-tier;observability,Available,v2.4.0,panel,us-ashburn-1
2026-09-02,qubrid,b200-sxm-180gb,B200,180GB,SXM,Unknown,1Y,NonInterruptible,Reserved,Other,Other,SIF,T2IF,T2,4.2500,False,,Available,v2.4.0,panel,
2026-09-02,runpod_community,b200-sxm-180gb,B200,180GB,SXM,Unknown,OnDemand,NonInterruptible,OnDemand,Other,Other,DIF,T3IF,T3,5.9800,False,,SoldOut,v2.4.0,panel,Global
2026-09-02,runpod_secure,b200-sxm-180gb,B200,180GB,SXM,IB-NDR,OnDemand,NonInterruptible,OnDemand,Other,Other,DIF,T2IF,T3,6.7900,True,local-nvme,Available,v2.4.0,panel,Global
2026-09-02,runpod_secure,b200-sxm-180gb,B200,180GB,SXM,IB-NDR,1Y,NonInterruptible,Reserved,Other,Other,DIF,T2IF,T3,6.7900,True,local-nvme,Available,v2.4.0,panel,Global
2026-09-02,runpod_secure,b200-sxm-180gb,B200,180GB,SXM,IB-NDR,3M,NonInterruptible,Reserved,Other,Other,DIF,T2IF,T3,6.7900,True,local-nvme,Available,v2.4.0,panel,Global
2026-09-02,runpod_secure,b200-sxm-180gb,B200,180GB,SXM,IB-NDR,6M,NonInterruptible,Reserved,Other,Other,DIF,T2IF,T3,6.7900,True,local-nvme,Available,v2.4.0,panel,Global
2026-09-02,shakti_cloud,b200-sxm-180gb,B200,180GB,SXM,IB-Unspecified,1M,NonInterruptible,Reserved,APAC,APAC,SIF,T2IF,T2,4.9803,False,,Available,v2.4.0,panel,IN
2026-09-02,spheron,b200-sxm-180gb,B200,180GB,SXM,Unknown,OnDemand,NonInterruptible,OnDemand,US-Central,US,DIF,T3IF,T3,9.3600,False,,Available,v2.4.0,panel,us-central-1
2026-09-02,spheron,b200-sxm-180gb,B200,180GB,SXM,Unknown,OnDemand,Interruptible,Spot,Other,Other,DIF,T3IF,T3,5.3730,False,,Available,v2.4.0,panel,me-west-1
2026-09-02,spheron,b200-sxm-180gb,B200,180GB,SXM,Unknown,OnDemand,Interruptible,Spot,US-Central,US,DIF,T3IF,T3,5.3376,False,,Available,v2.4.0,panel,us-central-1
2026-09-02,together,b200-sxm-180gb,B200,180GB,SXM,IB-NDR,OnDemand,NonInterruptible,OnDemand,US-East,US,SIF,T1IF,T2,8.1900,True,local-nvme;support-tier;observability;managed-ops-plane,Available,v2.4.0,panel,US
2026-09-02,together,b200-sxm-180gb,B200,180GB,SXM,IB-NDR,1M,NonInterruptible,Reserved,US-East,US,SIF,T1IF,T2,7.9900,True,local-nvme;support-tier;observability;managed-ops-plane,Available,v2.4.0,panel,US
2026-09-02,together,b200-sxm-180gb,B200,180GB,SXM,IB-NDR,3M,NonInterruptible,Reserved,US-East,US,SIF,T1IF,T2,7.7900,True,local-nvme;support-tier;observability;managed-ops-plane,Available,v2.4.0,panel,US
2026-09-02,together,b200-sxm-180gb,B200,180GB,SXM,IB-NDR,6M,NonInterruptible,Reserved,US-East,US,SIF,T1IF,T2,6.7900,True,local-nvme;support-tier;observability;managed-ops-plane,Available,v2.4.0,panel,US
2026-09-02,upcloud,b200-sxm-180gb,B200,180GB,SXM,Unknown,OnDemand,NonInterruptible,OnDemand,EU,EU,SIF,T2IF,T2,5.2101,False,,Available,v2.4.0,panel,EU-FI
2026-09-02,upcloud,b200-sxm-180gb,B200,180GB,SXM,Unknown,OnDemand,Interruptible,Spot,EU,EU,DIF,T2IF,T2,3.9076,False,,Available,v2.4.0,panel,EU-FI
2026-09-02,vast_ai,b200-sxm-180gb,B200,180GB,SXM,IB-NDR,OnDemand,NonInterruptible,OnDemand,US-East,US,DIF,T3IF,T3,6.0000,True,local-nvme,Available,v2.4.0,marketplace,", US"
2026-09-02,vast_ai,b200-sxm-180gb,B200,180GB,SXM,IB-NDR,OnDemand,NonInterruptible,OnDemand,APAC,APAC,DIF,T3IF,T3,5.5625,True,local-nvme,Available,v2.4.0,marketplace,"AUSTRALIA, AU"
2026-09-02,vast_ai,b200-sxm-180gb,B200,180GB,SXM,IB-NDR,OnDemand,NonInterruptible,OnDemand,APAC,APAC,DIF,T3IF,T3,6.0000,True,local-nvme,Available,v2.4.0,marketplace,"INDIA, IN"
2026-09-02,vast_ai,b200-sxm-180gb,B200,180GB,SXM,IB-NDR,OnDemand,NonInterruptible,OnDemand,Other,Other,DIF,T3IF,T3,5.3750,True,local-nvme,Available,v2.4.0,marketplace,"MEXICO, MX"
2026-09-02,vast_ai,b200-sxm-180gb,B200,180GB,SXM,IB-NDR,OnDemand,NonInterruptible,OnDemand,US-Central,US,DIF,T3IF,T3,6.0000,True,local-nvme,Available,v2.4.0,marketplace,"OHIO, US"
2026-09-02,vast_ai,b200-sxm-180gb,B200,180GB,SXM,IB-NDR,OnDemand,NonInterruptible,OnDemand,US-East,US,DIF,T3IF,T3,4.6875,True,local-nvme,Available,v2.4.0,marketplace,"VIRGINIA, US"
2026-09-02,vultr,b200-sxm-180gb,B200,180GB,SXM,Unknown,OnDemand,NonInterruptible,OnDemand,Other,Other,SIF,T2IF,T2,8.5000,False,,SoldOut,v2.4.0,panel,Multi
2026-09-02,vultr,b200-sxm-180gb,B200,180GB,SXM,Unknown,OnDemand,Interruptible,Spot,Other,Other,DIF,T2IF,T2,3.2000,False,,SoldOut,v2.4.0,panel,Multi
2026-09-03,aws,b200-sxm-180gb,B200,180GB,SXM,EFA,OnDemand,NonInterruptible,OnDemand,APAC,APAC,HIF,T1IF,T1,20.0807,True,local-nvme;managed-ops-plane;support-tier;observability,Available,v2.4.0,panel,ap-south-1
2026-09-03,aws,b200-sxm-180gb,B200,180GB,SXM,EFA,OnDemand,NonInterruptible,OnDemand,US-East,US,HIF,T1IF,T1,14.2416,True,local-nvme;managed-ops-plane;support-tier;observability,Available,v2.4.0,panel,us-east-1
2026-09-03,aws,b200-sxm-180gb,B200,180GB,SXM,EFA,OnDemand,NonInterruptible,OnDemand,US-East,US,HIF,T1IF,T1,14.2416,True,local-nvme;managed-ops-plane;support-tier;observability,Available,v2.4.0,panel,us-east-2
2026-09-03,aws,b200-sxm-180gb,B200,180GB,SXM,EFA,OnDemand,NonInterruptible,OnDemand,US-West,US,HIF,T1IF,T1,14.2416,True,local-nvme;managed-ops-plane;support-tier;observability,Available,v2.4.0,panel,us-west-2
2026-09-03,aws,b200-sxm-180gb,B200,180GB,SXM,EFA,3Y,NonInterruptible,Reserved,US-East,US,HIF,T1IF,T1,6.1524,True,local-nvme;managed-ops-plane;support-tier;observability,Available,v2.4.0,panel,us-east-1
2026-09-03,aws,b200-sxm-180gb,B200,180GB,SXM,EFA,3Y,NonInterruptible,Reserved,US-East,US,HIF,T1IF,T1,6.1524,True,local-nvme;managed-ops-plane;support-tier;observability,Available,v2.4.0,panel,us-east-2
2026-09-03,aws,b200-sxm-180gb,B200,180GB,SXM,EFA,3Y,NonInterruptible,Reserved,US-West,US,HIF,T1IF,T1,6.1524,True,local-nvme;managed-ops-plane;support-tier;observability,Available,v2.4.0,panel,us-west-2
2026-09-03,aws,b200-sxm-180gb,B200,180GB,SXM,EFA,OnDemand,Interruptible,Spot,APAC,APAC,DIF,T2IF,T1,6.0068,False,,Available,v2.4.0,panel,ap-south-1c
2026-09-03,aws,b200-sxm-180gb,B200,180GB,SXM,EFA,OnDemand,Interruptible,Spot,APAC,APAC,DIF,T2IF,T1,6.8878,False,,Available,v2.4.0,panel,ap-south-2b
2026-09-03,aws,b200-sxm-180gb,B200,180GB,SXM,EFA,OnDemand,Interruptible,Spot,US-East,US,DIF,T2IF,T1,5.2426,False,,Available,v2.4.0,panel,us-east-1d
2026-09-03,aws,b200-sxm-180gb,B200,180GB,SXM,EFA,OnDemand,Interruptible,Spot,US-East,US,DIF,T2IF,T1,5.2596,False,,Available,v2.4.0,panel,us-east-2a
2026-09-03,aws,b200-sxm-180gb,B200,180GB,SXM,EFA,OnDemand,Interruptible,Spot,US-East,US,DIF,T2IF,T1,5.2460,False,,Available,v2.4.0,panel,us-east-2b
2026-09-03,aws,b200-sxm-180gb,B200,180GB,SXM,EFA,OnDemand,Interruptible,Spot,US-East,US,DIF,T2IF,T1,5.2104,False,,Available,v2.4.0,panel,us-east-2c
2026-09-03,aws,b200-sxm-180gb,B200,180GB,SXM,EFA,OnDemand,Interruptible,Spot,US-West,US,DIF,T2IF,T1,5.2087,False,,Available,v2.4.0,panel,us-west-2a
2026-09-03,aws,b200-sxm-180gb,B200,180GB,SXM,EFA,OnDemand,Interruptible,Spot,US-West,US,DIF,T2IF,T1,5.2344,False,,Available,v2.4.0,panel,us-west-2b
2026-09-03,aws,b200-sxm-180gb,B200,180GB,SXM,EFA,OnDemand,Interruptible,Spot,US-West,US,DIF,T2IF,T1,5.2367,False,,Available,v2.4.0,panel,us-west-2d
2026-09-03,aws_capacity_blocks,b200-sxm-180gb,B200,180GB,SXM,EFA,CapacityBlock,NonInterruptible,Reserved,Other,Other,HIF,T2IF,T1,12.3550,False,,Available,v2.4.0,term-panel,non-us
2026-09-03,aws_capacity_blocks,b200-sxm-180gb,B200,180GB,SXM,EFA,CapacityBlock,NonInterruptible,Reserved,US-East,US,HIF,T2IF,T1,12.3550,False,,Available,v2.4.0,term-panel,us-east-1
2026-09-03,civo,b200-sxm-180gb,B200,180GB,SXM,Unknown,1Y,NonInterruptible,Reserved,Other,Other,SIF,T2IF,T2,4.4900,False,,Available,v2.4.0,panel,
2026-09-03,civo,b200-sxm-180gb,B200,180GB,SXM,Unknown,2Y,NonInterruptible,Reserved,Other,Other,SIF,T2IF,T2,3.9900,False,,Available,v2.4.0,panel,
2026-09-03,civo,b200-sxm-180gb,B200,180GB,SXM,Unknown,3Y,NonInterruptible,Reserved,Other,Other,SIF,T2IF,T2,3.7900,False,,Available,v2.4.0,panel,
2026-09-03,cloudrift,b200-sxm-180gb,B200,180GB,SXM,,1M,NonInterruptible,Reserved,US-East,US,SIF,T2IF,T2,3.6000,False,,Available,v2.4.0,term-panel,US
2026-09-03,cloudrift,b200-sxm-180gb,B200,180GB,SXM,,3M,NonInterruptible,Reserved,US-East,US,SIF,T2IF,T2,3.2400,False,,Available,v2.4.0,term-panel,US
2026-09-03,coreweave,b200-sxm-180gb,B200,180GB,SXM,IB-NDR,OnDemand,NonInterruptible,OnDemand,EU,EU,IIF,T1IF,T2,8.6000,True,local-nvme;free-egress;support-tier;observability;managed-ops-plane,Available,v2.4.0,panel,EU
2026-09-03,coreweave,b200-sxm-180gb,B200,180GB,SXM,IB-NDR,OnDemand,NonInterruptible,OnDemand,US-East,US,IIF,T1IF,T2,8.6000,True,local-nvme;free-egress;support-tier;observability;managed-ops-plane,Available,v2.4.0,panel,US
2026-09-03,coreweave,b200-sxm-180gb,B200,180GB,SXM,IB-NDR,OnDemand,Interruptible,Spot,EU,EU,DIF,T1IF,T2,4.3588,True,local-nvme;free-egress;support-tier;observability;managed-ops-plane,Available,v2.4.0,panel,EU
2026-09-03,coreweave,b200-sxm-180gb,B200,180GB,SXM,IB-NDR,OnDemand,Interruptible,Spot,US-East,US,DIF,T1IF,T2,4.2638,True,local-nvme;free-egress;support-tier;observability;managed-ops-plane,Available,v2.4.0,panel,US
2026-09-03,datacrunch,b200-sxm-180gb,B200,180GB,SXM,IB-NDR,OnDemand,NonInterruptible,OnDemand,EU,EU,SIF,T2IF,T2,6.1100,True,local-nvme,Available,v2.4.0,panel,EU-FI
2026-09-03,datacrunch,b200-sxm-180gb,B200,180GB,SXM,IB-NDR,1M,NonInterruptible,Reserved,EU,EU,SIF,T2IF,T2,5.9878,True,local-nvme,Available,v2.4.0,panel,EU-FI
2026-09-03,datacrunch,b200-sxm-180gb,B200,180GB,SXM,IB-NDR,1Y,NonInterruptible,Reserved,EU,EU,SIF,T2IF,T2,5.6212,True,local-nvme,Available,v2.4.0,panel,EU-FI
2026-09-03,datacrunch,b200-sxm-180gb,B200,180GB,SXM,IB-NDR,2Y,NonInterruptible,Reserved,EU,EU,SIF,T2IF,T2,4.5825,True,local-nvme,Available,v2.4.0,panel,EU-FI
2026-09-03,datacrunch,b200-sxm-180gb,B200,180GB,SXM,IB-NDR,3M,NonInterruptible,Reserved,EU,EU,SIF,T2IF,T2,5.9267,True,local-nvme,Available,v2.4.0,panel,EU-FI
2026-09-03,datacrunch,b200-sxm-180gb,B200,180GB,SXM,IB-NDR,6M,NonInterruptible,Reserved,EU,EU,SIF,T2IF,T2,5.8656,True,local-nvme,Available,v2.4.0,panel,EU-FI
2026-09-03,datacrunch,b200-sxm-180gb,B200,180GB,SXM,IB-NDR,OnDemand,Interruptible,Spot,EU,EU,DIF,T2IF,T2,3.0550,True,local-nvme,Available,v2.4.0,panel,EU-FI
2026-09-03,deepinfra_gpu,b200-sxm-180gb,B200,180GB,SXM,,OnDemand,NonInterruptible,OnDemand,Other,Other,SIF,T2IF,T2,3.6900,False,,Available,v2.4.0,panel,undisclosed
2026-09-03,e2e,b200-sxm-180gb,B200,180GB,SXM,IB-NDR,OnDemand,NonInterruptible,OnDemand,APAC,APAC,IIF,T2IF,T2,6.9900,False,,Available,v2.4.0,panel,India
2026-09-03,e2e,b200-sxm-180gb,B200,180GB,SXM,IB-NDR,1M,NonInterruptible,Reserved,APAC,APAC,IIF,T2IF,T2,6.9211,False,,Available,v2.4.0,panel,India
2026-09-03,e2e,b200-sxm-180gb,B200,180GB,SXM,IB-NDR,1Y,NonInterruptible,Reserved,APAC,APAC,IIF,T2IF,T2,6.2888,False,,Available,v2.4.0,panel,India
2026-09-03,gcp,b200-sxm-180gb,B200,180GB,SXM,IB-NDR,OnDemand,NonInterruptible,OnDemand,APAC,APAC,HIF,T1IF,T1,19.3320,True,local-nvme;managed-ops-plane;support-tier;observability,Available,v2.4.0,panel,asia-southeast1
2026-09-03,gcp,b200-sxm-180gb,B200,180GB,SXM,IB-NDR,OnDemand,NonInterruptible,OnDemand,EU,EU,HIF,T1IF,T1,17.7210,True,local-nvme;managed-ops-plane;support-tier;observability,Available,v2.4.0,panel,europe-west4
2026-09-03,gcp,b200-sxm-180gb,B200,180GB,SXM,IB-NDR,OnDemand,NonInterruptible,OnDemand,US-Central,US,HIF,T1IF,T1,16.1100,True,local-nvme;managed-ops-plane;support-tier;observability,Available,v2.4.0,panel,us-central1
2026-09-03,gcp,b200-sxm-180gb,B200,180GB,SXM,IB-NDR,OnDemand,NonInterruptible,OnDemand,US-East,US,HIF,T1IF,T1,16.1100,True,local-nvme;managed-ops-plane;support-tier;observability,Available,v2.4.0,panel,us-east1
2026-09-03,gcp,b200-sxm-180gb,B200,180GB,SXM,IB-NDR,1Y,NonInterruptible,Reserved,APAC,APAC,HIF,T1IF,T1,13.3391,True,local-nvme;managed-ops-plane;support-tier;observability,Available,v2.4.0,panel,asia-northeast1
2026-09-03,gcp,b200-sxm-180gb,B200,180GB,SXM,IB-NDR,1Y,NonInterruptible,Reserved,APAC,APAC,HIF,T1IF,T1,13.3391,True,local-nvme;managed-ops-plane;support-tier;observability,Available,v2.4.0,panel,asia-southeast1
2026-09-03,gcp,b200-sxm-180gb,B200,180GB,SXM,IB-NDR,1Y,NonInterruptible,Reserved,EU,EU,HIF,T1IF,T1,12.2275,True,local-nvme;managed-ops-plane;support-tier;observability,Available,v2.4.0,panel,europe-west4
2026-09-03,gcp,b200-sxm-180gb,B200,180GB,SXM,IB-NDR,1Y,NonInterruptible,Reserved,US-Central,US,HIF,T1IF,T1,11.1159,True,local-nvme;managed-ops-plane;support-tier;observability,Available,v2.4.0,panel,us-central1
2026-09-03,gcp,b200-sxm-180gb,B200,180GB,SXM,IB-NDR,1Y,NonInterruptible,Reserved,US-East,US,HIF,T1IF,T1,11.1159,True,local-nvme;managed-ops-plane;support-tier;observability,Available,v2.4.0,panel,us-east1
2026-09-03,gcp,b200-sxm-180gb,B200,180GB,SXM,IB-NDR,1Y,NonInterruptible,Reserved,US-South,US,HIF,T1IF,T1,11.1159,True,local-nvme;managed-ops-plane;support-tier;observability,Available,v2.4.0,panel,us-south1
2026-09-03,gcp,b200-sxm-180gb,B200,180GB,SXM,IB-NDR,1Y,NonInterruptible,Reserved,US-West,US,HIF,T1IF,T1,11.1159,True,local-nvme;managed-ops-plane;support-tier;observability,Available,v2.4.0,panel,us-west1
2026-09-03,gcp,b200-sxm-180gb,B200,180GB,SXM,IB-NDR,1Y,NonInterruptible,Reserved,US-West,US,HIF,T1IF,T1,11.1159,True,local-nvme;managed-ops-plane;support-tier;observability,Available,v2.4.0,panel,us-west2
2026-09-03,gcp,b200-sxm-180gb,B200,180GB,SXM,IB-NDR,1Y,NonInterruptible,Reserved,US-West,US,HIF,T1IF,T1,11.1159,True,local-nvme;managed-ops-plane;support-tier;observability,Available,v2.4.0,panel,us-west3
2026-09-03,gcp,b200-sxm-180gb,B200,180GB,SXM,IB-NDR,1Y,NonInterruptible,Reserved,US-West,US,HIF,T1IF,T1,11.1159,True,local-nvme;managed-ops-plane;support-tier;observability,Available,v2.4.0,panel,us-west4
2026-09-03,gcp,b200-sxm-180gb,B200,180GB,SXM,IB-NDR,3Y,NonInterruptible,Reserved,APAC,APAC,HIF,T1IF,T1,8.5061,True,local-nvme;managed-ops-plane;support-tier;observability,Available,v2.4.0,panel,asia-northeast1
2026-09-03,gcp,b200-sxm-180gb,B200,180GB,SXM,IB-NDR,3Y,NonInterruptible,Reserved,APAC,APAC,HIF,T1IF,T1,8.5061,True,local-nvme;managed-ops-plane;support-tier;observability,Available,v2.4.0,panel,asia-southeast1
2026-09-03,gcp,b200-sxm-180gb,B200,180GB,SXM,IB-NDR,3Y,NonInterruptible,Reserved,EU,EU,HIF,T1IF,T1,7.7972,True,local-nvme;managed-ops-plane;support-tier;observability,Available,v2.4.0,panel,europe-west4
2026-09-03,gcp,b200-sxm-180gb,B200,180GB,SXM,IB-NDR,3Y,NonInterruptible,Reserved,US-Central,US,HIF,T1IF,T1,7.0884,True,local-nvme;managed-ops-plane;support-tier;observability,Available,v2.4.0,panel,us-central1
2026-09-03,gcp,b200-sxm-180gb,B200,180GB,SXM,IB-NDR,3Y,NonInterruptible,Reserved,US-East,US,HIF,T1IF,T1,7.0884,True,local-nvme;managed-ops-plane;support-tier;observability,Available,v2.4.0,panel,us-east1
2026-09-03,gcp,b200-sxm-180gb,B200,180GB,SXM,IB-NDR,3Y,NonInterruptible,Reserved,US-South,US,HIF,T1IF,T1,7.0884,True,local-nvme;managed-ops-plane;support-tier;observability,Available,v2.4.0,panel,us-south1
2026-09-03,gcp,b200-sxm-180gb,B200,180GB,SXM,IB-NDR,3Y,NonInterruptible,Reserved,US-West,US,HIF,T1IF,T1,7.0884,True,local-nvme;managed-ops-plane;support-tier;observability,Available,v2.4.0,panel,us-west1
2026-09-03,gcp,b200-sxm-180gb,B200,180GB,SXM,IB-NDR,3Y,NonInterruptible,Reserved,US-West,US,HIF,T1IF,T1,7.0884,True,local-nvme;managed-ops-plane;support-tier;observability,Available,v2.4.0,panel,us-west2
2026-09-03,gcp,b200-sxm-180gb,B200,180GB,SXM,IB-NDR,3Y,NonInterruptible,Reserved,US-West,US,HIF,T1IF,T1,7.0884,True,local-nvme;managed-ops-plane;support-tier;observability,Available,v2.4.0,panel,us-west3
2026-09-03,gcp,b200-sxm-180gb,B200,180GB,SXM,IB-NDR,3Y,NonInterruptible,Reserved,US-West,US,HIF,T1IF,T1,7.0884,True,local-nvme;managed-ops-plane;support-tier;observability,Available,v2.4.0,panel,us-west4
2026-09-03,gcp,b200-sxm-180gb,B200,180GB,SXM,IB-NDR,OnDemand,Interruptible,Spot,APAC,APAC,DIF,T1IF,T1,5.9316,True,local-nvme;managed-ops-plane;support-tier;observability,Available,v2.4.0,panel,asia-northeast1
2026-09-03,gcp,b200-sxm-180gb,B200,180GB,SXM,IB-NDR,OnDemand,Interruptible,Spot,APAC,APAC,DIF,T1IF,T1,4.9021,True,local-nvme;managed-ops-plane;support-tier;observability,Available,v2.4.0,panel,asia-southeast1
2026-09-03,gcp,b200-sxm-180gb,B200,180GB,SXM,IB-NDR,OnDemand,Interruptible,Spot,EU,EU,DIF,T1IF,T1,5.4373,True,local-nvme;managed-ops-plane;support-tier;observability,Available,v2.4.0,panel,europe-north1
2026-09-03,gcp,b200-sxm-180gb,B200,180GB,SXM,IB-NDR,OnDemand,Interruptible,Spot,EU,EU,DIF,T1IF,T1,2.1924,True,local-nvme;managed-ops-plane;support-tier;observability,Available,v2.4.0,panel,europe-west1
2026-09-03,gcp,b200-sxm-180gb,B200,180GB,SXM,IB-NDR,OnDemand,Interruptible,Spot,EU,EU,DIF,T1IF,T1,4.9194,True,local-nvme;managed-ops-plane;support-tier;observability,Available,v2.4.0,panel,europe-west4
2026-09-03,gcp,b200-sxm-180gb,B200,180GB,SXM,IB-NDR,OnDemand,Interruptible,Spot,US-Central,US,DIF,T1IF,T1,4.9542,True,local-nvme;managed-ops-plane;support-tier;observability,Available,v2.4.0,panel,us-central1
2026-09-03,gcp,b200-sxm-180gb,B200,180GB,SXM,IB-NDR,OnDemand,Interruptible,Spot,US-East,US,DIF,T1IF,T1,4.9542,True,local-nvme;managed-ops-plane;support-tier;observability,Available,v2.4.0,panel,us-east1
2026-09-03,gcp,b200-sxm-180gb,B200,180GB,SXM,IB-NDR,OnDemand,Interruptible,Spot,US-East,US,DIF,T1IF,T1,4.0758,True,local-nvme;managed-ops-plane;support-tier;observability,Available,v2.4.0,panel,us-east4
2026-09-03,gcp,b200-sxm-180gb,B200,180GB,SXM,IB-NDR,OnDemand,Interruptible,Spot,US-South,US,DIF,T1IF,T1,4.4936,True,local-nvme;managed-ops-plane;support-tier;observability,Available,v2.4.0,panel,us-south1
2026-09-03,gcp,b200-sxm-180gb,B200,180GB,SXM,IB-NDR,OnDemand,Interruptible,Spot,US-West,US,DIF,T1IF,T1,4.2592,True,local-nvme;managed-ops-plane;support-tier;observability,Available,v2.4.0,panel,us-west2
2026-09-03,gcp,b200-sxm-180gb,B200,180GB,SXM,IB-NDR,OnDemand,Interruptible,Spot,US-West,US,DIF,T1IF,T1,4.6958,True,local-nvme;managed-ops-plane;support-tier;observability,Available,v2.4.0,panel,us-west3
2026-09-03,gcp_cud,b200-sxm-180gb,B200,180GB,SXM,IB-NDR,1Y,NonInterruptible,Reserved,APAC,APAC,HIF,T2IF,T1,13.3391,False,,Available,v2.4.0,candidate,asia-northeast1
2026-09-03,gcp_cud,b200-sxm-180gb,B200,180GB,SXM,IB-NDR,1Y,NonInterruptible,Reserved,APAC,APAC,HIF,T2IF,T1,13.3391,False,,Available,v2.4.0,candidate,asia-southeast1
2026-09-03,gcp_cud,b200-sxm-180gb,B200,180GB,SXM,IB-NDR,1Y,NonInterruptible,Reserved,EU,EU,HIF,T2IF,T1,12.2275,False,,Available,v2.4.0,candidate,europe-west4
2026-09-03,gcp_cud,b200-sxm-180gb,B200,180GB,SXM,IB-NDR,1Y,NonInterruptible,Reserved,US-Central,US,HIF,T2IF,T1,11.1159,False,,Available,v2.4.0,candidate,us-central1
2026-09-03,gcp_cud,b200-sxm-180gb,B200,180GB,SXM,IB-NDR,1Y,NonInterruptible,Reserved,US-East,US,HIF,T2IF,T1,11.1159,False,,Available,v2.4.0,candidate,us-east1
2026-09-03,gcp_cud,b200-sxm-180gb,B200,180GB,SXM,IB-NDR,1Y,NonInterruptible,Reserved,US-South,US,HIF,T2IF,T1,11.1159,False,,Available,v2.4.0,candidate,us-south1
2026-09-03,gcp_cud,b200-sxm-180gb,B200,180GB,SXM,IB-NDR,1Y,NonInterruptible,Reserved,US-West,US,HIF,T2IF,T1,11.1159,False,,Available,v2.4.0,candidate,us-west1
2026-09-03,gcp_cud,b200-sxm-180gb,B200,180GB,SXM,IB-NDR,1Y,NonInterruptible,Reserved,US-West,US,HIF,T2IF,T1,11.1159,False,,Available,v2.4.0,candidate,us-west2
2026-09-03,gcp_cud,b200-sxm-180gb,B200,180GB,SXM,IB-NDR,1Y,NonInterruptible,Reserved,US-West,US,HIF,T2IF,T1,11.1159,False,,Available,v2.4.0,candidate,us-west3
2026-09-03,gcp_cud,b200-sxm-180gb,B200,180GB,SXM,IB-NDR,1Y,NonInterruptible,Reserved,US-West,US,HIF,T2IF,T1,11.1159,False,,Available,v2.4.0,candidate,us-west4
2026-09-03,gcp_cud,b200-sxm-180gb,B200,180GB,SXM,IB-NDR,3Y,NonInterruptible,Reserved,APAC,APAC,HIF,T2IF,T1,8.5061,False,,Available,v2.4.0,candidate,asia-northeast1
2026-09-03,gcp_cud,b200-sxm-180gb,B200,180GB,SXM,IB-NDR,3Y,NonInterruptible,Reserved,APAC,APAC,HIF,T2IF,T1,8.5061,False,,Available,v2.4.0,candidate,asia-southeast1
2026-09-03,gcp_cud,b200-sxm-180gb,B200,180GB,SXM,IB-NDR,3Y,NonInterruptible,Reserved,EU,EU,HIF,T2IF,T1,7.7972,False,,Available,v2.4.0,candidate,europe-west4
2026-09-03,gcp_cud,b200-sxm-180gb,B200,180GB,SXM,IB-NDR,3Y,NonInterruptible,Reserved,US-Central,US,HIF,T2IF,T1,7.0884,False,,Available,v2.4.0,candidate,us-central1
2026-09-03,gcp_cud,b200-sxm-180gb,B200,180GB,SXM,IB-NDR,3Y,NonInterruptible,Reserved,US-East,US,HIF,T2IF,T1,7.0884,False,,Available,v2.4.0,candidate,us-east1
2026-09-03,gcp_cud,b200-sxm-180gb,B200,180GB,SXM,IB-NDR,3Y,NonInterruptible,Reserved,US-South,US,HIF,T2IF,T1,7.0884,False,,Available,v2.4.0,candidate,us-south1
2026-09-03,gcp_cud,b200-sxm-180gb,B200,180GB,SXM,IB-NDR,3Y,NonInterruptible,Reserved,US-West,US,HIF,T2IF,T1,7.0884,False,,Available,v2.4.0,candidate,us-west1
2026-09-03,gcp_cud,b200-sxm-180gb,B200,180GB,SXM,IB-NDR,3Y,NonInterruptible,Reserved,US-West,US,HIF,T2IF,T1,7.0884,False,,Available,v2.4.0,candidate,us-west2
2026-09-03,gcp_cud,b200-sxm-180gb,B200,180GB,SXM,IB-NDR,3Y,NonInterruptible,Reserved,US-West,US,HIF,T2IF,T1,7.0884,False,,Available,v2.4.0,candidate,us-west3
2026-09-03,gcp_cud,b200-sxm-180gb,B200,180GB,SXM,IB-NDR,3Y,NonInterruptible,Reserved,US-West,US,HIF,T2IF,T1,7.0884,False,,Available,v2.4.0,candidate,us-west4
2026-09-03,gcp_dws,b200-sxm-180gb,B200,180GB,SXM,IB-NDR,FlexStart,NonInterruptible,Reserved,US-Central,US,HIF,T2IF,T1,8.0550,False,,Available,v2.4.0,term-panel,us-central1
2026-09-03,gmi_cloud,b200-sxm-180gb,B200,180GB,SXM,IB-NDR,OnDemand,NonInterruptible,OnDemand,US-East,US,IIF,T2IF,T2,4.0000,False,,Available,v2.4.0,candidate,US
2026-09-03,hyperstack,b200-sxm-180gb,B200,180GB,SXM,IB-NDR,OnDemand,NonInterruptible,OnDemand,Other,Other,SIF,T2IF,T2,6.0000,True,local-nvme,Available,v2.4.0,panel,Multi
2026-09-03,hyperstack,b200-sxm-180gb,B200,180GB,SXM,IB-NDR,6M,NonInterruptible,Reserved,Other,Other,SIF,T2IF,T2,5.1000,True,local-nvme,Available,v2.4.0,panel,Multi
2026-09-03,koyeb,b200-sxm-180gb,B200,180GB,SXM,Unknown,OnDemand,NonInterruptible,OnDemand,Other,Other,SIF,T2IF,T2,5.5000,False,,Available,v2.4.0,candidate,Multi
2026-09-03,lambda,b200-sxm-180gb,B200,180GB,SXM,IB-NDR,OnDemand,NonInterruptible,OnDemand,US-East,US,IIF,T2IF,T2,6.6900,True,local-nvme,SoldOut,v2.4.0,panel,US
2026-09-03,lambda,b200-sxm-180gb,B200,180GB,SXM,IB-NDR,ReservedBand,NonInterruptible,Reserved,US-East,US,IIF,T2IF,T2,9.8600,True,local-nvme,Available,v2.4.0,panel,US
2026-09-03,lyceum,b200-sxm-180gb,B200,180GB,SXM,,OnDemand,NonInterruptible,OnDemand,Other,Other,SIF,T2IF,T2,6.2900,False,,Available,v2.4.0,candidate,EU (undisclosed)
2026-09-03,lyceum,b200-sxm-180gb,B200,180GB,SXM,,OnDemand,NonInterruptible,OnDemand,Other,Other,SIF,T2IF,T2,6.5900,False,,Available,v2.4.0,candidate,EU (undisclosed)
2026-09-03,massed_compute,b200-sxm-180gb,B200,180GB,SXM,Unknown,OnDemand,NonInterruptible,OnDemand,US-East,US,DIF,T3IF,T3,5.4325,False,,Available,v2.4.0,panel,US
2026-09-03,nebius,b200-sxm-180gb,B200,180GB,SXM,IB-NDR,OnDemand,NonInterruptible,OnDemand,Other,Other,IIF,T1IF,T2,7.1500,True,observability;managed-ops-plane;free-egress,Available,v2.4.0,panel,
2026-09-03,nebius,b200-sxm-180gb,B200,180GB,SXM,IB-NDR,OnDemand,Interruptible,Spot,Other,Other,DIF,T1IF,T2,3.9500,True,observability;managed-ops-plane;free-egress,Available,v2.4.0,panel,
2026-09-03,oci,b200-sxm-180gb,B200,180GB,SXM,RoCE-v2,OnDemand,NonInterruptible,OnDemand,US-East,US,HIF,T1IF,T1,14.0000,True,local-nvme;egress-capped;managed-ops-plane;support-tier;observability,Available,v2.4.0,panel,us-ashburn-1
2026-09-03,qubrid,b200-sxm-180gb,B200,180GB,SXM,Unknown,1Y,NonInterruptible,Reserved,Other,Other,SIF,T2IF,T2,4.2500,False,,Available,v2.4.0,panel,
2026-09-03,runpod_community,b200-sxm-180gb,B200,180GB,SXM,Unknown,OnDemand,NonInterruptible,OnDemand,Other,Other,DIF,T3IF,T3,5.9800,False,,SoldOut,v2.4.0,panel,Global
2026-09-03,runpod_secure,b200-sxm-180gb,B200,180GB,SXM,IB-NDR,OnDemand,NonInterruptible,OnDemand,Other,Other,DIF,T2IF,T3,6.7900,True,local-nvme,Available,v2.4.0,panel,Global
2026-09-03,runpod_secure,b200-sxm-180gb,B200,180GB,SXM,IB-NDR,1Y,NonInterruptible,Reserved,Other,Other,DIF,T2IF,T3,6.7900,True,local-nvme,Available,v2.4.0,panel,Global
2026-09-03,runpod_secure,b200-sxm-180gb,B200,180GB,SXM,IB-NDR,3M,NonInterruptible,Reserved,Other,Other,DIF,T2IF,T3,6.7900,True,local-nvme,Available,v2.4.0,panel,Global
2026-09-03,runpod_secure,b200-sxm-180gb,B200,180GB,SXM,IB-NDR,6M,NonInterruptible,Reserved,Other,Other,DIF,T2IF,T3,6.7900,True,local-nvme,Available,v2.4.0,panel,Global
2026-09-03,shakti_cloud,b200-sxm-180gb,B200,180GB,SXM,IB-Unspecified,1M,NonInterruptible,Reserved,APAC,APAC,SIF,T2IF,T2,4.9803,False,,Available,v2.4.0,panel,IN
2026-09-03,spheron,b200-sxm-180gb,B200,180GB,SXM,Unknown,OnDemand,NonInterruptible,OnDemand,Other,Other,DIF,T3IF,T3,9.3600,False,,Available,v2.4.0,panel,me-west-1
2026-09-03,spheron,b200-sxm-180gb,B200,180GB,SXM,Unknown,OnDemand,NonInterruptible,OnDemand,US-Central,US,DIF,T3IF,T3,9.3600,False,,Available,v2.4.0,panel,us-central-1
2026-09-03,spheron,b200-sxm-180gb,B200,180GB,SXM,Unknown,OnDemand,Interruptible,Spot,Other,Other,DIF,T3IF,T3,5.3730,False,,Available,v2.4.0,panel,me-west-1
2026-09-03,spheron,b200-sxm-180gb,B200,180GB,SXM,Unknown,OnDemand,Interruptible,Spot,US-Central,US,DIF,T3IF,T3,5.3730,False,,Available,v2.4.0,panel,us-central-1
2026-09-03,together,b200-sxm-180gb,B200,180GB,SXM,IB-NDR,OnDemand,NonInterruptible,OnDemand,US-East,US,SIF,T1IF,T2,8.1900,True,local-nvme;support-tier;observability;managed-ops-plane,Available,v2.4.0,panel,US
2026-09-03,upcloud,b200-sxm-180gb,B200,180GB,SXM,Unknown,OnDemand,NonInterruptible,OnDemand,EU,EU,SIF,T2IF,T2,5.2101,False,,Available,v2.4.0,panel,EU-FI
2026-09-03,upcloud,b200-sxm-180gb,B200,180GB,SXM,Unknown,OnDemand,Interruptible,Spot,EU,EU,DIF,T2IF,T2,3.9076,False,,Available,v2.4.0,panel,EU-FI
2026-09-03,vast_ai,b200-sxm-180gb,B200,180GB,SXM,IB-NDR,OnDemand,NonInterruptible,OnDemand,US-East,US,DIF,T3IF,T3,6.0000,True,local-nvme,Available,v2.4.0,marketplace,", US"
2026-09-03,vast_ai,b200-sxm-180gb,B200,180GB,SXM,IB-NDR,OnDemand,NonInterruptible,OnDemand,APAC,APAC,DIF,T3IF,T3,5.5625,True,local-nvme,Available,v2.4.0,marketplace,"AUSTRALIA, AU"
2026-09-03,vast_ai,b200-sxm-180gb,B200,180GB,SXM,IB-NDR,OnDemand,NonInterruptible,OnDemand,Other,Other,DIF,T3IF,T3,5.3750,True,local-nvme,Available,v2.4.0,marketplace,"MEXICO, MX"
2026-09-03,vast_ai,b200-sxm-180gb,B200,180GB,SXM,IB-NDR,OnDemand,NonInterruptible,OnDemand,US-East,US,DIF,T3IF,T3,7.3875,True,local-nvme,Available,v2.4.0,marketplace,"VIRGINIA, US"
2026-09-03,vultr,b200-sxm-180gb,B200,180GB,SXM,Unknown,OnDemand,NonInterruptible,OnDemand,Other,Other,SIF,T2IF,T2,8.5000,False,,SoldOut,v2.4.0,panel,Multi
2026-09-03,vultr,b200-sxm-180gb,B200,180GB,SXM,Unknown,OnDemand,Interruptible,Spot,Other,Other,DIF,T2IF,T2,3.2000,False,,SoldOut,v2.4.0,panel,Multi
2026-09-04,aws,b200-sxm-180gb,B200,180GB,SXM,EFA,OnDemand,NonInterruptible,OnDemand,APAC,APAC,HIF,T1IF,T1,20.0807,True,local-nvme;managed-ops-plane;support-tier;observability,Available,v2.4.0,panel,ap-south-1
2026-09-04,aws,b200-sxm-180gb,B200,180GB,SXM,EFA,OnDemand,NonInterruptible,OnDemand,APAC,APAC,HIF,T1IF,T1,20.0813,True,local-nvme;managed-ops-plane;support-tier;observability,Available,v2.4.0,panel,ap-south-2
2026-09-04,aws,b200-sxm-180gb,B200,180GB,SXM,EFA,OnDemand,NonInterruptible,OnDemand,US-East,US,HIF,T1IF,T1,14.2416,True,local-nvme;managed-ops-plane;support-tier;observability,Available,v2.4.0,panel,us-east-1
2026-09-04,aws,b200-sxm-180gb,B200,180GB,SXM,EFA,OnDemand,NonInterruptible,OnDemand,US-East,US,HIF,T1IF,T1,14.2416,True,local-nvme;managed-ops-plane;support-tier;observability,Available,v2.4.0,panel,us-east-2
2026-09-04,aws,b200-sxm-180gb,B200,180GB,SXM,EFA,OnDemand,NonInterruptible,OnDemand,US-West,US,HIF,T1IF,T1,14.2416,True,local-nvme;managed-ops-plane;support-tier;observability,Available,v2.4.0,panel,us-west-2
2026-09-04,aws,b200-sxm-180gb,B200,180GB,SXM,EFA,3Y,NonInterruptible,Reserved,APAC,APAC,HIF,T1IF,T1,8.6751,True,local-nvme;managed-ops-plane;support-tier;observability,Available,v2.4.0,panel,ap-south-2
2026-09-04,aws,b200-sxm-180gb,B200,180GB,SXM,EFA,3Y,NonInterruptible,Reserved,US-East,US,HIF,T1IF,T1,6.1524,True,local-nvme;managed-ops-plane;support-tier;observability,Available,v2.4.0,panel,us-east-1
2026-09-04,aws,b200-sxm-180gb,B200,180GB,SXM,EFA,3Y,NonInterruptible,Reserved,US-East,US,HIF,T1IF,T1,6.1524,True,local-nvme;managed-ops-plane;support-tier;observability,Available,v2.4.0,panel,us-east-2
2026-09-04,aws,b200-sxm-180gb,B200,180GB,SXM,EFA,3Y,NonInterruptible,Reserved,US-West,US,HIF,T1IF,T1,6.1524,True,local-nvme;managed-ops-plane;support-tier;observability,Available,v2.4.0,panel,us-west-2
2026-09-04,aws,b200-sxm-180gb,B200,180GB,SXM,EFA,OnDemand,Interruptible,Spot,APAC,APAC,DIF,T2IF,T1,6.0233,False,,Available,v2.4.0,panel,ap-south-1c
2026-09-04,aws,b200-sxm-180gb,B200,180GB,SXM,EFA,OnDemand,Interruptible,Spot,APAC,APAC,DIF,T2IF,T1,6.8878,False,,Available,v2.4.0,panel,ap-south-2b
2026-09-04,aws,b200-sxm-180gb,B200,180GB,SXM,EFA,OnDemand,Interruptible,Spot,US-East,US,DIF,T2IF,T1,5.2412,False,,Available,v2.4.0,panel,us-east-1d
2026-09-04,aws,b200-sxm-180gb,B200,180GB,SXM,EFA,OnDemand,Interruptible,Spot,US-East,US,DIF,T2IF,T1,5.2604,False,,Available,v2.4.0,panel,us-east-2a
2026-09-04,aws,b200-sxm-180gb,B200,180GB,SXM,EFA,OnDemand,Interruptible,Spot,US-East,US,DIF,T2IF,T1,5.2479,False,,Available,v2.4.0,panel,us-east-2b
2026-09-04,aws,b200-sxm-180gb,B200,180GB,SXM,EFA,OnDemand,Interruptible,Spot,US-East,US,DIF,T2IF,T1,5.2104,False,,Available,v2.4.0,panel,us-east-2c
2026-09-04,aws,b200-sxm-180gb,B200,180GB,SXM,EFA,OnDemand,Interruptible,Spot,US-West,US,DIF,T2IF,T1,5.2169,False,,Available,v2.4.0,panel,us-west-2a
2026-09-04,aws,b200-sxm-180gb,B200,180GB,SXM,EFA,OnDemand,Interruptible,Spot,US-West,US,DIF,T2IF,T1,5.2343,False,,Available,v2.4.0,panel,us-west-2b
2026-09-04,aws,b200-sxm-180gb,B200,180GB,SXM,EFA,OnDemand,Interruptible,Spot,US-West,US,DIF,T2IF,T1,5.2370,False,,Available,v2.4.0,panel,us-west-2d
2026-09-04,aws_capacity_blocks,b200-sxm-180gb,B200,180GB,SXM,EFA,CapacityBlock,NonInterruptible,Reserved,Other,Other,HIF,T2IF,T1,12.3550,False,,Available,v2.4.0,term-panel,non-us
2026-09-04,aws_capacity_blocks,b200-sxm-180gb,B200,180GB,SXM,EFA,CapacityBlock,NonInterruptible,Reserved,US-East,US,HIF,T2IF,T1,12.3550,False,,Available,v2.4.0,term-panel,us-east-1
2026-09-04,civo,b200-sxm-180gb,B200,180GB,SXM,Unknown,1Y,NonInterruptible,Reserved,Other,Other,SIF,T2IF,T2,4.4900,False,,Available,v2.4.0,panel,
2026-09-04,civo,b200-sxm-180gb,B200,180GB,SXM,Unknown,2Y,NonInterruptible,Reserved,Other,Other,SIF,T2IF,T2,3.9900,False,,Available,v2.4.0,panel,
2026-09-04,civo,b200-sxm-180gb,B200,180GB,SXM,Unknown,3Y,NonInterruptible,Reserved,Other,Other,SIF,T2IF,T2,3.7900,False,,Available,v2.4.0,panel,
2026-09-04,cloudrift,b200-sxm-180gb,B200,180GB,SXM,,1M,NonInterruptible,Reserved,US-East,US,SIF,T2IF,T2,3.6000,False,,Available,v2.4.0,term-panel,US
2026-09-04,cloudrift,b200-sxm-180gb,B200,180GB,SXM,,3M,NonInterruptible,Reserved,US-East,US,SIF,T2IF,T2,3.2400,False,,Available,v2.4.0,term-panel,US
2026-09-04,coreweave,b200-sxm-180gb,B200,180GB,SXM,IB-NDR,OnDemand,NonInterruptible,OnDemand,EU,EU,IIF,T1IF,T2,8.6000,True,local-nvme;free-egress;support-tier;observability;managed-ops-plane,Available,v2.4.0,panel,EU
2026-09-04,coreweave,b200-sxm-180gb,B200,180GB,SXM,IB-NDR,OnDemand,NonInterruptible,OnDemand,US-East,US,IIF,T1IF,T2,8.6000,True,local-nvme;free-egress;support-tier;observability;managed-ops-plane,Available,v2.4.0,panel,US
2026-09-04,coreweave,b200-sxm-180gb,B200,180GB,SXM,IB-NDR,OnDemand,Interruptible,Spot,EU,EU,DIF,T1IF,T2,4.3588,True,local-nvme;free-egress;support-tier;observability;managed-ops-plane,Available,v2.4.0,panel,EU
2026-09-04,coreweave,b200-sxm-180gb,B200,180GB,SXM,IB-NDR,OnDemand,Interruptible,Spot,US-East,US,DIF,T1IF,T2,4.2638,True,local-nvme;free-egress;support-tier;observability;managed-ops-plane,Available,v2.4.0,panel,US
2026-09-04,datacrunch,b200-sxm-180gb,B200,180GB,SXM,IB-NDR,OnDemand,NonInterruptible,OnDemand,EU,EU,SIF,T2IF,T2,6.1100,True,local-nvme,Available,v2.4.0,panel,EU-FI
2026-09-04,datacrunch,b200-sxm-180gb,B200,180GB,SXM,IB-NDR,1M,NonInterruptible,Reserved,EU,EU,SIF,T2IF,T2,5.9878,True,local-nvme,Available,v2.4.0,panel,EU-FI
2026-09-04,datacrunch,b200-sxm-180gb,B200,180GB,SXM,IB-NDR,1Y,NonInterruptible,Reserved,EU,EU,SIF,T2IF,T2,5.6212,True,local-nvme,Available,v2.4.0,panel,EU-FI
2026-09-04,datacrunch,b200-sxm-180gb,B200,180GB,SXM,IB-NDR,2Y,NonInterruptible,Reserved,EU,EU,SIF,T2IF,T2,4.5825,True,local-nvme,Available,v2.4.0,panel,EU-FI
2026-09-04,datacrunch,b200-sxm-180gb,B200,180GB,SXM,IB-NDR,3M,NonInterruptible,Reserved,EU,EU,SIF,T2IF,T2,5.9267,True,local-nvme,Available,v2.4.0,panel,EU-FI
2026-09-04,datacrunch,b200-sxm-180gb,B200,180GB,SXM,IB-NDR,6M,NonInterruptible,Reserved,EU,EU,SIF,T2IF,T2,5.8656,True,local-nvme,Available,v2.4.0,panel,EU-FI
2026-09-04,datacrunch,b200-sxm-180gb,B200,180GB,SXM,IB-NDR,OnDemand,Interruptible,Spot,EU,EU,DIF,T2IF,T2,3.0550,True,local-nvme,Available,v2.4.0,panel,EU-FI
2026-09-04,deepinfra_gpu,b200-sxm-180gb,B200,180GB,SXM,,OnDemand,NonInterruptible,OnDemand,Other,Other,SIF,T2IF,T2,3.6900,False,,Available,v2.4.0,panel,undisclosed
2026-09-04,e2e,b200-sxm-180gb,B200,180GB,SXM,IB-NDR,OnDemand,NonInterruptible,OnDemand,APAC,APAC,IIF,T2IF,T2,6.9900,False,,Available,v2.4.0,panel,India
2026-09-04,e2e,b200-sxm-180gb,B200,180GB,SXM,IB-NDR,1M,NonInterruptible,Reserved,APAC,APAC,IIF,T2IF,T2,6.9211,False,,Available,v2.4.0,panel,India
2026-09-04,e2e,b200-sxm-180gb,B200,180GB,SXM,IB-NDR,1Y,NonInterruptible,Reserved,APAC,APAC,IIF,T2IF,T2,6.2888,False,,Available,v2.4.0,panel,India
2026-09-04,gcp,b200-sxm-180gb,B200,180GB,SXM,IB-NDR,OnDemand,NonInterruptible,OnDemand,APAC,APAC,HIF,T1IF,T1,19.3320,True,local-nvme;managed-ops-plane;support-tier;observability,Available,v2.4.0,panel,asia-southeast1
2026-09-04,gcp,b200-sxm-180gb,B200,180GB,SXM,IB-NDR,OnDemand,NonInterruptible,OnDemand,EU,EU,HIF,T1IF,T1,17.7210,True,local-nvme;managed-ops-plane;support-tier;observability,Available,v2.4.0,panel,europe-west4
2026-09-04,gcp,b200-sxm-180gb,B200,180GB,SXM,IB-NDR,OnDemand,NonInterruptible,OnDemand,US-Central,US,HIF,T1IF,T1,16.1100,True,local-nvme;managed-ops-plane;support-tier;observability,Available,v2.4.0,panel,us-central1
2026-09-04,gcp,b200-sxm-180gb,B200,180GB,SXM,IB-NDR,OnDemand,NonInterruptible,OnDemand,US-East,US,HIF,T1IF,T1,16.1100,True,local-nvme;managed-ops-plane;support-tier;observability,Available,v2.4.0,panel,us-east1
2026-09-04,gcp,b200-sxm-180gb,B200,180GB,SXM,IB-NDR,1Y,NonInterruptible,Reserved,APAC,APAC,HIF,T1IF,T1,13.3391,True,local-nvme;managed-ops-plane;support-tier;observability,Available,v2.4.0,panel,asia-northeast1
2026-09-04,gcp,b200-sxm-180gb,B200,180GB,SXM,IB-NDR,1Y,NonInterruptible,Reserved,APAC,APAC,HIF,T1IF,T1,13.3391,True,local-nvme;managed-ops-plane;support-tier;observability,Available,v2.4.0,panel,asia-southeast1
2026-09-04,gcp,b200-sxm-180gb,B200,180GB,SXM,IB-NDR,1Y,NonInterruptible,Reserved,EU,EU,HIF,T1IF,T1,12.2275,True,local-nvme;managed-ops-plane;support-tier;observability,Available,v2.4.0,panel,europe-west4
2026-09-04,gcp,b200-sxm-180gb,B200,180GB,SXM,IB-NDR,1Y,NonInterruptible,Reserved,US-Central,US,HIF,T1IF,T1,11.1159,True,local-nvme;managed-ops-plane;support-tier;observability,Available,v2.4.0,panel,us-central1
2026-09-04,gcp,b200-sxm-180gb,B200,180GB,SXM,IB-NDR,1Y,NonInterruptible,Reserved,US-East,US,HIF,T1IF,T1,11.1159,True,local-nvme;managed-ops-plane;support-tier;observability,Available,v2.4.0,panel,us-east1
2026-09-04,gcp,b200-sxm-180gb,B200,180GB,SXM,IB-NDR,1Y,NonInterruptible,Reserved,US-South,US,HIF,T1IF,T1,11.1159,True,local-nvme;managed-ops-plane;support-tier;observability,Available,v2.4.0,panel,us-south1
2026-09-04,gcp,b200-sxm-180gb,B200,180GB,SXM,IB-NDR,1Y,NonInterruptible,Reserved,US-West,US,HIF,T1IF,T1,11.1159,True,local-nvme;managed-ops-plane;support-tier;observability,Available,v2.4.0,panel,us-west1
2026-09-04,gcp,b200-sxm-180gb,B200,180GB,SXM,IB-NDR,1Y,NonInterruptible,Reserved,US-West,US,HIF,T1IF,T1,11.1159,True,local-nvme;managed-ops-plane;support-tier;observability,Available,v2.4.0,panel,us-west2
2026-09-04,gcp,b200-sxm-180gb,B200,180GB,SXM,IB-NDR,1Y,NonInterruptible,Reserved,US-West,US,HIF,T1IF,T1,11.1159,True,local-nvme;managed-ops-plane;support-tier;observability,Available,v2.4.0,panel,us-west3
2026-09-04,gcp,b200-sxm-180gb,B200,180GB,SXM,IB-NDR,1Y,NonInterruptible,Reserved,US-West,US,HIF,T1IF,T1,11.1159,True,local-nvme;managed-ops-plane;support-tier;observability,Available,v2.4.0,panel,us-west4
2026-09-04,gcp,b200-sxm-180gb,B200,180GB,SXM,IB-NDR,3Y,NonInterruptible,Reserved,APAC,APAC,HIF,T1IF,T1,8.5061,True,local-nvme;managed-ops-plane;support-tier;observability,Available,v2.4.0,panel,asia-northeast1
2026-09-04,gcp,b200-sxm-180gb,B200,180GB,SXM,IB-NDR,3Y,NonInterruptible,Reserved,APAC,APAC,HIF,T1IF,T1,8.5061,True,local-nvme;managed-ops-plane;support-tier;observability,Available,v2.4.0,panel,asia-southeast1
2026-09-04,gcp,b200-sxm-180gb,B200,180GB,SXM,IB-NDR,3Y,NonInterruptible,Reserved,EU,EU,HIF,T1IF,T1,7.7972,True,local-nvme;managed-ops-plane;support-tier;observability,Available,v2.4.0,panel,europe-west4
2026-09-04,gcp,b200-sxm-180gb,B200,180GB,SXM,IB-NDR,3Y,NonInterruptible,Reserved,US-Central,US,HIF,T1IF,T1,7.0884,True,local-nvme;managed-ops-plane;support-tier;observability,Available,v2.4.0,panel,us-central1
2026-09-04,gcp,b200-sxm-180gb,B200,180GB,SXM,IB-NDR,3Y,NonInterruptible,Reserved,US-East,US,HIF,T1IF,T1,7.0884,True,local-nvme;managed-ops-plane;support-tier;observability,Available,v2.4.0,panel,us-east1
2026-09-04,gcp,b200-sxm-180gb,B200,180GB,SXM,IB-NDR,3Y,NonInterruptible,Reserved,US-South,US,HIF,T1IF,T1,7.0884,True,local-nvme;managed-ops-plane;support-tier;observability,Available,v2.4.0,panel,us-south1
2026-09-04,gcp,b200-sxm-180gb,B200,180GB,SXM,IB-NDR,3Y,NonInterruptible,Reserved,US-West,US,HIF,T1IF,T1,7.0884,True,local-nvme;managed-ops-plane;support-tier;observability,Available,v2.4.0,panel,us-west1
2026-09-04,gcp,b200-sxm-180gb,B200,180GB,SXM,IB-NDR,3Y,NonInterruptible,Reserved,US-West,US,HIF,T1IF,T1,7.0884,True,local-nvme;managed-ops-plane;support-tier;observability,Available,v2.4.0,panel,us-west2
2026-09-04,gcp,b200-sxm-180gb,B200,180GB,SXM,IB-NDR,3Y,NonInterruptible,Reserved,US-West,US,HIF,T1IF,T1,7.0884,True,local-nvme;managed-ops-plane;support-tier;observability,Available,v2.4.0,panel,us-west3
2026-09-04,gcp,b200-sxm-180gb,B200,180GB,SXM,IB-NDR,3Y,NonInterruptible,Reserved,US-West,US,HIF,T1IF,T1,7.0884,True,local-nvme;managed-ops-plane;support-tier;observability,Available,v2.4.0,panel,us-west4
2026-09-04,gcp,b200-sxm-180gb,B200,180GB,SXM,IB-NDR,OnDemand,Interruptible,Spot,APAC,APAC,DIF,T1IF,T1,5.9316,True,local-nvme;managed-ops-plane;support-tier;observability,Available,v2.4.0,panel,asia-northeast1
2026-09-04,gcp,b200-sxm-180gb,B200,180GB,SXM,IB-NDR,OnDemand,Interruptible,Spot,APAC,APAC,DIF,T1IF,T1,4.9021,True,local-nvme;managed-ops-plane;support-tier;observability,Available,v2.4.0,panel,asia-southeast1
2026-09-04,gcp,b200-sxm-180gb,B200,180GB,SXM,IB-NDR,OnDemand,Interruptible,Spot,EU,EU,DIF,T1IF,T1,5.4373,True,local-nvme;managed-ops-plane;support-tier;observability,Available,v2.4.0,panel,europe-north1
2026-09-04,gcp,b200-sxm-180gb,B200,180GB,SXM,IB-NDR,OnDemand,Interruptible,Spot,EU,EU,DIF,T1IF,T1,2.1924,True,local-nvme;managed-ops-plane;support-tier;observability,Available,v2.4.0,panel,europe-west1
2026-09-04,gcp,b200-sxm-180gb,B200,180GB,SXM,IB-NDR,OnDemand,Interruptible,Spot,EU,EU,DIF,T1IF,T1,4.9194,True,local-nvme;managed-ops-plane;support-tier;observability,Available,v2.4.0,panel,europe-west4
2026-09-04,gcp,b200-sxm-180gb,B200,180GB,SXM,IB-NDR,OnDemand,Interruptible,Spot,US-Central,US,DIF,T1IF,T1,4.9542,True,local-nvme;managed-ops-plane;support-tier;observability,Available,v2.4.0,panel,us-central1
2026-09-04,gcp,b200-sxm-180gb,B200,180GB,SXM,IB-NDR,OnDemand,Interruptible,Spot,US-East,US,DIF,T1IF,T1,4.9542,True,local-nvme;managed-ops-plane;support-tier;observability,Available,v2.4.0,panel,us-east1
2026-09-04,gcp,b200-sxm-180gb,B200,180GB,SXM,IB-NDR,OnDemand,Interruptible,Spot,US-East,US,DIF,T1IF,T1,4.0758,True,local-nvme;managed-ops-plane;support-tier;observability,Available,v2.4.0,panel,us-east4
2026-09-04,gcp,b200-sxm-180gb,B200,180GB,SXM,IB-NDR,OnDemand,Interruptible,Spot,US-South,US,DIF,T1IF,T1,4.4936,True,local-nvme;managed-ops-plane;support-tier;observability,Available,v2.4.0,panel,us-south1
2026-09-04,gcp,b200-sxm-180gb,B200,180GB,SXM,IB-NDR,OnDemand,Interruptible,Spot,US-West,US,DIF,T1IF,T1,4.2592,True,local-nvme;managed-ops-plane;support-tier;observability,Available,v2.4.0,panel,us-west2
2026-09-04,gcp,b200-sxm-180gb,B200,180GB,SXM,IB-NDR,OnDemand,Interruptible,Spot,US-West,US,DIF,T1IF,T1,4.6958,True,local-nvme;managed-ops-plane;support-tier;observability,Available,v2.4.0,panel,us-west3
2026-09-04,gcp_cud,b200-sxm-180gb,B200,180GB,SXM,IB-NDR,1Y,NonInterruptible,Reserved,APAC,APAC,HIF,T2IF,T1,13.3391,False,,Available,v2.4.0,candidate,asia-northeast1
2026-09-04,gcp_cud,b200-sxm-180gb,B200,180GB,SXM,IB-NDR,1Y,NonInterruptible,Reserved,APAC,APAC,HIF,T2IF,T1,13.3391,False,,Available,v2.4.0,candidate,asia-southeast1
2026-09-04,gcp_cud,b200-sxm-180gb,B200,180GB,SXM,IB-NDR,1Y,NonInterruptible,Reserved,EU,EU,HIF,T2IF,T1,12.2275,False,,Available,v2.4.0,candidate,europe-west4
2026-09-04,gcp_cud,b200-sxm-180gb,B200,180GB,SXM,IB-NDR,1Y,NonInterruptible,Reserved,US-Central,US,HIF,T2IF,T1,11.1159,False,,Available,v2.4.0,candidate,us-central1
2026-09-04,gcp_cud,b200-sxm-180gb,B200,180GB,SXM,IB-NDR,1Y,NonInterruptible,Reserved,US-East,US,HIF,T2IF,T1,11.1159,False,,Available,v2.4.0,candidate,us-east1
2026-09-04,gcp_cud,b200-sxm-180gb,B200,180GB,SXM,IB-NDR,1Y,NonInterruptible,Reserved,US-South,US,HIF,T2IF,T1,11.1159,False,,Available,v2.4.0,candidate,us-south1
2026-09-04,gcp_cud,b200-sxm-180gb,B200,180GB,SXM,IB-NDR,1Y,NonInterruptible,Reserved,US-West,US,HIF,T2IF,T1,11.1159,False,,Available,v2.4.0,candidate,us-west1
2026-09-04,gcp_cud,b200-sxm-180gb,B200,180GB,SXM,IB-NDR,1Y,NonInterruptible,Reserved,US-West,US,HIF,T2IF,T1,11.1159,False,,Available,v2.4.0,candidate,us-west2
2026-09-04,gcp_cud,b200-sxm-180gb,B200,180GB,SXM,IB-NDR,1Y,NonInterruptible,Reserved,US-West,US,HIF,T2IF,T1,11.1159,False,,Available,v2.4.0,candidate,us-west3
2026-09-04,gcp_cud,b200-sxm-180gb,B200,180GB,SXM,IB-NDR,1Y,NonInterruptible,Reserved,US-West,US,HIF,T2IF,T1,11.1159,False,,Available,v2.4.0,candidate,us-west4
2026-09-04,gcp_cud,b200-sxm-180gb,B200,180GB,SXM,IB-NDR,3Y,NonInterruptible,Reserved,APAC,APAC,HIF,T2IF,T1,8.5061,False,,Available,v2.4.0,candidate,asia-northeast1
2026-09-04,gcp_cud,b200-sxm-180gb,B200,180GB,SXM,IB-NDR,3Y,NonInterruptible,Reserved,APAC,APAC,HIF,T2IF,T1,8.5061,False,,Available,v2.4.0,candidate,asia-southeast1
2026-09-04,gcp_cud,b200-sxm-180gb,B200,180GB,SXM,IB-NDR,3Y,NonInterruptible,Reserved,EU,EU,HIF,T2IF,T1,7.7972,False,,Available,v2.4.0,candidate,europe-west4
2026-09-04,gcp_cud,b200-sxm-180gb,B200,180GB,SXM,IB-NDR,3Y,NonInterruptible,Reserved,US-Central,US,HIF,T2IF,T1,7.0884,False,,Available,v2.4.0,candidate,us-central1
2026-09-04,gcp_cud,b200-sxm-180gb,B200,180GB,SXM,IB-NDR,3Y,NonInterruptible,Reserved,US-East,US,HIF,T2IF,T1,7.0884,False,,Available,v2.4.0,candidate,us-east1
2026-09-04,gcp_cud,b200-sxm-180gb,B200,180GB,SXM,IB-NDR,3Y,NonInterruptible,Reserved,US-South,US,HIF,T2IF,T1,7.0884,False,,Available,v2.4.0,candidate,us-south1
2026-09-04,gcp_cud,b200-sxm-180gb,B200,180GB,SXM,IB-NDR,3Y,NonInterruptible,Reserved,US-West,US,HIF,T2IF,T1,7.0884,False,,Available,v2.4.0,candidate,us-west1
2026-09-04,gcp_cud,b200-sxm-180gb,B200,180GB,SXM,IB-NDR,3Y,NonInterruptible,Reserved,US-West,US,HIF,T2IF,T1,7.0884,False,,Available,v2.4.0,candidate,us-west2
2026-09-04,gcp_cud,b200-sxm-180gb,B200,180GB,SXM,IB-NDR,3Y,NonInterruptible,Reserved,US-West,US,HIF,T2IF,T1,7.0884,False,,Available,v2.4.0,candidate,us-west3
2026-09-04,gcp_cud,b200-sxm-180gb,B200,180GB,SXM,IB-NDR,3Y,NonInterruptible,Reserved,US-West,US,HIF,T2IF,T1,7.0884,False,,Available,v2.4.0,candidate,us-west4
2026-09-04,gcp_dws,b200-sxm-180gb,B200,180GB,SXM,IB-NDR,FlexStart,NonInterruptible,Reserved,US-Central,US,HIF,T2IF,T1,8.0550,False,,Available,v2.4.0,term-panel,us-central1
2026-09-04,gmi_cloud,b200-sxm-180gb,B200,180GB,SXM,IB-NDR,OnDemand,NonInterruptible,OnDemand,US-East,US,IIF,T2IF,T2,4.0000,False,,Available,v2.4.0,candidate,US
2026-09-04,hyperstack,b200-sxm-180gb,B200,180GB,SXM,IB-NDR,OnDemand,NonInterruptible,OnDemand,Other,Other,SIF,T2IF,T2,6.0000,True,local-nvme,Available,v2.4.0,panel,Multi
2026-09-04,hyperstack,b200-sxm-180gb,B200,180GB,SXM,IB-NDR,6M,NonInterruptible,Reserved,Other,Other,SIF,T2IF,T2,5.1000,True,local-nvme,Available,v2.4.0,panel,Multi
2026-09-04,koyeb,b200-sxm-180gb,B200,180GB,SXM,Unknown,OnDemand,NonInterruptible,OnDemand,Other,Other,SIF,T2IF,T2,5.5000,False,,Available,v2.4.0,candidate,Multi
2026-09-04,lambda,b200-sxm-180gb,B200,180GB,SXM,IB-NDR,OnDemand,NonInterruptible,OnDemand,US-East,US,IIF,T2IF,T2,6.6900,True,local-nvme,SoldOut,v2.4.0,panel,US
2026-09-04,lambda,b200-sxm-180gb,B200,180GB,SXM,IB-NDR,ReservedBand,NonInterruptible,Reserved,US-East,US,IIF,T2IF,T2,9.8600,True,local-nvme,Available,v2.4.0,panel,US
2026-09-04,lyceum,b200-sxm-180gb,B200,180GB,SXM,,OnDemand,NonInterruptible,OnDemand,Other,Other,SIF,T2IF,T2,6.5900,False,,Available,v2.4.0,candidate,EU (undisclosed)
2026-09-04,lyceum,b200-sxm-180gb,B200,180GB,SXM,,OnDemand,NonInterruptible,OnDemand,Other,Other,SIF,T2IF,T2,6.2900,False,,Available,v2.4.0,candidate,EU (undisclosed)
2026-09-04,massed_compute,b200-sxm-180gb,B200,180GB,SXM,Unknown,OnDemand,NonInterruptible,OnDemand,US-East,US,DIF,T3IF,T3,5.4325,False,,Available,v2.4.0,panel,US
2026-09-04,nebius,b200-sxm-180gb,B200,180GB,SXM,IB-NDR,OnDemand,NonInterruptible,OnDemand,Other,Other,IIF,T1IF,T2,7.1500,True,observability;managed-ops-plane;free-egress,Available,v2.4.0,panel,
2026-09-04,nebius,b200-sxm-180gb,B200,180GB,SXM,IB-NDR,OnDemand,Interruptible,Spot,Other,Other,DIF,T1IF,T2,3.9500,True,observability;managed-ops-plane;free-egress,Available,v2.4.0,panel,
2026-09-04,oci,b200-sxm-180gb,B200,180GB,SXM,RoCE-v2,OnDemand,NonInterruptible,OnDemand,US-East,US,HIF,T1IF,T1,14.0000,True,local-nvme;egress-capped;managed-ops-plane;support-tier;observability,Available,v2.4.0,panel,us-ashburn-1
2026-09-04,qubrid,b200-sxm-180gb,B200,180GB,SXM,Unknown,1Y,NonInterruptible,Reserved,Other,Other,SIF,T2IF,T2,4.2500,False,,Available,v2.4.0,panel,
2026-09-04,runpod_community,b200-sxm-180gb,B200,180GB,SXM,Unknown,OnDemand,NonInterruptible,OnDemand,Other,Other,DIF,T3IF,T3,5.9800,False,,SoldOut,v2.4.0,panel,Global
2026-09-04,runpod_secure,b200-sxm-180gb,B200,180GB,SXM,IB-NDR,OnDemand,NonInterruptible,OnDemand,Other,Other,DIF,T2IF,T3,6.7900,True,local-nvme,Available,v2.4.0,panel,Global
2026-09-04,runpod_secure,b200-sxm-180gb,B200,180GB,SXM,IB-NDR,1Y,NonInterruptible,Reserved,Other,Other,DIF,T2IF,T3,6.7900,True,local-nvme,Available,v2.4.0,panel,Global
2026-09-04,runpod_secure,b200-sxm-180gb,B200,180GB,SXM,IB-NDR,3M,NonInterruptible,Reserved,Other,Other,DIF,T2IF,T3,6.7900,True,local-nvme,Available,v2.4.0,panel,Global
2026-09-04,runpod_secure,b200-sxm-180gb,B200,180GB,SXM,IB-NDR,6M,NonInterruptible,Reserved,Other,Other,DIF,T2IF,T3,6.7900,True,local-nvme,Available,v2.4.0,panel,Global
2026-09-04,sesterce,b200-sxm-180gb,B200,180GB,SXM,Unknown,OnDemand,NonInterruptible,OnDemand,US-East,US,IIF,T2IF,T2,7.3590,False,,Available,v2.4.0,panel,dulles-usa-1
2026-09-04,sesterce,b200-sxm-180gb,B200,180GB,SXM,Unknown,OnDemand,NonInterruptible,OnDemand,APAC,APAC,IIF,T2IF,T2,7.3590,False,,SoldOut,v2.4.0,panel,sydney-australia-2
2026-09-04,shakti_cloud,b200-sxm-180gb,B200,180GB,SXM,IB-Unspecified,1M,NonInterruptible,Reserved,APAC,APAC,SIF,T2IF,T2,5.0058,False,,Available,v2.4.0,panel,IN
2026-09-04,spheron,b200-sxm-180gb,B200,180GB,SXM,Unknown,OnDemand,NonInterruptible,OnDemand,US-Central,US,DIF,T3IF,T3,9.3600,False,,Available,v2.4.0,panel,us-central-1
2026-09-04,spheron,b200-sxm-180gb,B200,180GB,SXM,Unknown,OnDemand,Interruptible,Spot,Other,Other,DIF,T3IF,T3,5.3376,False,,Available,v2.4.0,panel,me-west-1
2026-09-04,spheron,b200-sxm-180gb,B200,180GB,SXM,Unknown,OnDemand,Interruptible,Spot,US-Central,US,DIF,T3IF,T3,5.3376,False,,Available,v2.4.0,panel,us-central-1
2026-09-04,together,b200-sxm-180gb,B200,180GB,SXM,IB-NDR,OnDemand,NonInterruptible,OnDemand,US-East,US,SIF,T1IF,T2,8.1900,True,local-nvme;support-tier;observability;managed-ops-plane,Available,v2.4.0,panel,US
2026-09-04,together,b200-sxm-180gb,B200,180GB,SXM,IB-NDR,1M,NonInterruptible,Reserved,US-East,US,SIF,T1IF,T2,7.9900,True,local-nvme;support-tier;observability;managed-ops-plane,Available,v2.4.0,panel,US
2026-09-04,together,b200-sxm-180gb,B200,180GB,SXM,IB-NDR,3M,NonInterruptible,Reserved,US-East,US,SIF,T1IF,T2,7.7900,True,local-nvme;support-tier;observability;managed-ops-plane,Available,v2.4.0,panel,US
2026-09-04,together,b200-sxm-180gb,B200,180GB,SXM,IB-NDR,6M,NonInterruptible,Reserved,US-East,US,SIF,T1IF,T2,6.7900,True,local-nvme;support-tier;observability;managed-ops-plane,Available,v2.4.0,panel,US
2026-09-04,upcloud,b200-sxm-180gb,B200,180GB,SXM,Unknown,OnDemand,NonInterruptible,OnDemand,EU,EU,SIF,T2IF,T2,5.2268,False,,Available,v2.4.0,panel,EU-FI
2026-09-04,upcloud,b200-sxm-180gb,B200,180GB,SXM,Unknown,OnDemand,Interruptible,Spot,EU,EU,DIF,T2IF,T2,3.9201,False,,Available,v2.4.0,panel,EU-FI
2026-09-04,vast_ai,b200-sxm-180gb,B200,180GB,SXM,IB-NDR,OnDemand,NonInterruptible,OnDemand,US-East,US,DIF,T3IF,T3,6.0000,True,local-nvme,Available,v2.4.0,marketplace,", US"
2026-09-04,vast_ai,b200-sxm-180gb,B200,180GB,SXM,IB-NDR,OnDemand,NonInterruptible,OnDemand,APAC,APAC,DIF,T3IF,T3,5.5625,True,local-nvme,Available,v2.4.0,marketplace,"AUSTRALIA, AU"
2026-09-04,vast_ai,b200-sxm-180gb,B200,180GB,SXM,IB-NDR,OnDemand,NonInterruptible,OnDemand,Other,Other,DIF,T3IF,T3,5.3750,True,local-nvme,Available,v2.4.0,marketplace,"MEXICO, MX"
2026-09-04,vast_ai,b200-sxm-180gb,B200,180GB,SXM,IB-NDR,OnDemand,NonInterruptible,OnDemand,EU,EU,DIF,T3IF,T3,5.0000,True,local-nvme,Available,v2.4.0,marketplace,"SLOVENIA, SI"
2026-09-04,vast_ai,b200-sxm-180gb,B200,180GB,SXM,IB-NDR,OnDemand,NonInterruptible,OnDemand,US-East,US,DIF,T3IF,T3,5.2500,True,local-nvme,Available,v2.4.0,marketplace,"VIRGINIA, US"
2026-09-04,vultr,b200-sxm-180gb,B200,180GB,SXM,Unknown,OnDemand,NonInterruptible,OnDemand,Other,Other,SIF,T2IF,T2,8.5000,False,,SoldOut,v2.4.0,panel,Multi
2026-09-04,vultr,b200-sxm-180gb,B200,180GB,SXM,Unknown,OnDemand,Interruptible,Spot,Other,Other,DIF,T2IF,T2,3.2000,False,,SoldOut,v2.4.0,panel,Multi
2026-09-05,aws,b200-sxm-180gb,B200,180GB,SXM,EFA,OnDemand,NonInterruptible,OnDemand,APAC,APAC,HIF,T1IF,T1,20.0807,True,local-nvme;managed-ops-plane;support-tier;observability,Available,v2.4.0,panel,ap-south-1
2026-09-05,aws,b200-sxm-180gb,B200,180GB,SXM,EFA,OnDemand,NonInterruptible,OnDemand,APAC,APAC,HIF,T1IF,T1,20.0813,True,local-nvme;managed-ops-plane;support-tier;observability,Available,v2.4.0,panel,ap-south-2
2026-09-05,aws,b200-sxm-180gb,B200,180GB,SXM,EFA,OnDemand,NonInterruptible,OnDemand,US-East,US,HIF,T1IF,T1,14.2416,True,local-nvme;managed-ops-plane;support-tier;observability,Available,v2.4.0,panel,us-east-1
2026-09-05,aws,b200-sxm-180gb,B200,180GB,SXM,EFA,OnDemand,NonInterruptible,OnDemand,US-East,US,HIF,T1IF,T1,14.2416,True,local-nvme;managed-ops-plane;support-tier;observability,Available,v2.4.0,panel,us-east-2
2026-09-05,aws,b200-sxm-180gb,B200,180GB,SXM,EFA,OnDemand,NonInterruptible,OnDemand,US-West,US,HIF,T1IF,T1,14.2416,True,local-nvme;managed-ops-plane;support-tier;observability,Available,v2.4.0,panel,us-west-2
2026-09-05,aws,b200-sxm-180gb,B200,180GB,SXM,EFA,3Y,NonInterruptible,Reserved,APAC,APAC,HIF,T1IF,T1,8.6751,True,local-nvme;managed-ops-plane;support-tier;observability,Available,v2.4.0,panel,ap-south-2
2026-09-05,aws,b200-sxm-180gb,B200,180GB,SXM,EFA,3Y,NonInterruptible,Reserved,US-East,US,HIF,T1IF,T1,6.1524,True,local-nvme;managed-ops-plane;support-tier;observability,Available,v2.4.0,panel,us-east-1
2026-09-05,aws,b200-sxm-180gb,B200,180GB,SXM,EFA,3Y,NonInterruptible,Reserved,US-East,US,HIF,T1IF,T1,6.1524,True,local-nvme;managed-ops-plane;support-tier;observability,Available,v2.4.0,panel,us-east-2
2026-09-05,aws,b200-sxm-180gb,B200,180GB,SXM,EFA,3Y,NonInterruptible,Reserved,US-West,US,HIF,T1IF,T1,6.1524,True,local-nvme;managed-ops-plane;support-tier;observability,Available,v2.4.0,panel,us-west-2
2026-09-05,aws,b200-sxm-180gb,B200,180GB,SXM,EFA,OnDemand,Interruptible,Spot,APAC,APAC,DIF,T2IF,T1,6.0433,False,,Available,v2.4.0,panel,ap-south-1c
2026-09-05,aws,b200-sxm-180gb,B200,180GB,SXM,EFA,OnDemand,Interruptible,Spot,APAC,APAC,DIF,T2IF,T1,7.0480,False,,Available,v2.4.0,panel,ap-south-2b
2026-09-05,aws,b200-sxm-180gb,B200,180GB,SXM,EFA,OnDemand,Interruptible,Spot,US-East,US,DIF,T2IF,T1,5.2411,False,,Available,v2.4.0,panel,us-east-1d
2026-09-05,aws,b200-sxm-180gb,B200,180GB,SXM,EFA,OnDemand,Interruptible,Spot,US-East,US,DIF,T2IF,T1,5.2619,False,,Available,v2.4.0,panel,us-east-2a
2026-09-05,aws,b200-sxm-180gb,B200,180GB,SXM,EFA,OnDemand,Interruptible,Spot,US-East,US,DIF,T2IF,T1,5.2505,False,,Available,v2.4.0,panel,us-east-2b
2026-09-05,aws,b200-sxm-180gb,B200,180GB,SXM,EFA,OnDemand,Interruptible,Spot,US-East,US,DIF,T2IF,T1,5.2104,False,,Available,v2.4.0,panel,us-east-2c
2026-09-05,aws,b200-sxm-180gb,B200,180GB,SXM,EFA,OnDemand,Interruptible,Spot,US-West,US,DIF,T2IF,T1,5.2192,False,,Available,v2.4.0,panel,us-west-2a
2026-09-05,aws,b200-sxm-180gb,B200,180GB,SXM,EFA,OnDemand,Interruptible,Spot,US-West,US,DIF,T2IF,T1,5.2343,False,,Available,v2.4.0,panel,us-west-2b
2026-09-05,aws,b200-sxm-180gb,B200,180GB,SXM,EFA,OnDemand,Interruptible,Spot,US-West,US,DIF,T2IF,T1,5.2369,False,,Available,v2.4.0,panel,us-west-2d
2026-09-05,aws_capacity_blocks,b200-sxm-180gb,B200,180GB,SXM,EFA,CapacityBlock,NonInterruptible,Reserved,Other,Other,HIF,T2IF,T1,12.3550,False,,Available,v2.4.0,term-panel,non-us
2026-09-05,aws_capacity_blocks,b200-sxm-180gb,B200,180GB,SXM,EFA,CapacityBlock,NonInterruptible,Reserved,US-East,US,HIF,T2IF,T1,12.3550,False,,Available,v2.4.0,term-panel,us-east-1
2026-09-05,civo,b200-sxm-180gb,B200,180GB,SXM,Unknown,1Y,NonInterruptible,Reserved,Other,Other,SIF,T2IF,T2,4.4900,False,,Available,v2.4.0,panel,
2026-09-05,civo,b200-sxm-180gb,B200,180GB,SXM,Unknown,2Y,NonInterruptible,Reserved,Other,Other,SIF,T2IF,T2,3.9900,False,,Available,v2.4.0,panel,
2026-09-05,civo,b200-sxm-180gb,B200,180GB,SXM,Unknown,3Y,NonInterruptible,Reserved,Other,Other,SIF,T2IF,T2,3.7900,False,,Available,v2.4.0,panel,
2026-09-05,cloudrift,b200-sxm-180gb,B200,180GB,SXM,,1M,NonInterruptible,Reserved,US-East,US,SIF,T2IF,T2,3.6000,False,,Available,v2.4.0,term-panel,US
2026-09-05,cloudrift,b200-sxm-180gb,B200,180GB,SXM,,3M,NonInterruptible,Reserved,US-East,US,SIF,T2IF,T2,3.2400,False,,Available,v2.4.0,term-panel,US
2026-09-05,coreweave,b200-sxm-180gb,B200,180GB,SXM,IB-NDR,OnDemand,NonInterruptible,OnDemand,EU,EU,IIF,T1IF,T2,8.6000,True,local-nvme;free-egress;support-tier;observability;managed-ops-plane,Available,v2.4.0,panel,EU
2026-09-05,coreweave,b200-sxm-180gb,B200,180GB,SXM,IB-NDR,OnDemand,NonInterruptible,OnDemand,US-East,US,IIF,T1IF,T2,8.6000,True,local-nvme;free-egress;support-tier;observability;managed-ops-plane,Available,v2.4.0,panel,US
2026-09-05,coreweave,b200-sxm-180gb,B200,180GB,SXM,IB-NDR,OnDemand,Interruptible,Spot,EU,EU,DIF,T1IF,T2,4.3588,True,local-nvme;free-egress;support-tier;observability;managed-ops-plane,Available,v2.4.0,panel,EU
2026-09-05,coreweave,b200-sxm-180gb,B200,180GB,SXM,IB-NDR,OnDemand,Interruptible,Spot,US-East,US,DIF,T1IF,T2,4.2638,True,local-nvme;free-egress;support-tier;observability;managed-ops-plane,Available,v2.4.0,panel,US
2026-09-05,datacrunch,b200-sxm-180gb,B200,180GB,SXM,IB-NDR,OnDemand,NonInterruptible,OnDemand,EU,EU,SIF,T2IF,T2,6.1100,True,local-nvme,Available,v2.4.0,panel,EU-FI
2026-09-05,datacrunch,b200-sxm-180gb,B200,180GB,SXM,IB-NDR,1M,NonInterruptible,Reserved,EU,EU,SIF,T2IF,T2,5.9878,True,local-nvme,Available,v2.4.0,panel,EU-FI
2026-09-05,datacrunch,b200-sxm-180gb,B200,180GB,SXM,IB-NDR,1Y,NonInterruptible,Reserved,EU,EU,SIF,T2IF,T2,5.6212,True,local-nvme,Available,v2.4.0,panel,EU-FI
2026-09-05,datacrunch,b200-sxm-180gb,B200,180GB,SXM,IB-NDR,2Y,NonInterruptible,Reserved,EU,EU,SIF,T2IF,T2,4.5825,True,local-nvme,Available,v2.4.0,panel,EU-FI
2026-09-05,datacrunch,b200-sxm-180gb,B200,180GB,SXM,IB-NDR,3M,NonInterruptible,Reserved,EU,EU,SIF,T2IF,T2,5.9267,True,local-nvme,Available,v2.4.0,panel,EU-FI
2026-09-05,datacrunch,b200-sxm-180gb,B200,180GB,SXM,IB-NDR,6M,NonInterruptible,Reserved,EU,EU,SIF,T2IF,T2,5.8656,True,local-nvme,Available,v2.4.0,panel,EU-FI
2026-09-05,datacrunch,b200-sxm-180gb,B200,180GB,SXM,IB-NDR,OnDemand,Interruptible,Spot,EU,EU,DIF,T2IF,T2,3.0550,True,local-nvme,Available,v2.4.0,panel,EU-FI
2026-09-05,deepinfra_gpu,b200-sxm-180gb,B200,180GB,SXM,,OnDemand,NonInterruptible,OnDemand,Other,Other,SIF,T2IF,T2,3.6900,False,,Available,v2.4.0,panel,undisclosed
2026-09-05,e2e,b200-sxm-180gb,B200,180GB,SXM,IB-NDR,OnDemand,NonInterruptible,OnDemand,APAC,APAC,IIF,T2IF,T2,6.9900,False,,Available,v2.4.0,panel,India
2026-09-05,e2e,b200-sxm-180gb,B200,180GB,SXM,IB-NDR,1M,NonInterruptible,Reserved,APAC,APAC,IIF,T2IF,T2,6.9211,False,,Available,v2.4.0,panel,India
2026-09-05,e2e,b200-sxm-180gb,B200,180GB,SXM,IB-NDR,1Y,NonInterruptible,Reserved,APAC,APAC,IIF,T2IF,T2,6.2888,False,,Available,v2.4.0,panel,India
2026-09-05,gcp,b200-sxm-180gb,B200,180GB,SXM,IB-NDR,OnDemand,NonInterruptible,OnDemand,APAC,APAC,HIF,T1IF,T1,19.3320,True,local-nvme;managed-ops-plane;support-tier;observability,Available,v2.4.0,panel,asia-southeast1
2026-09-05,gcp,b200-sxm-180gb,B200,180GB,SXM,IB-NDR,OnDemand,NonInterruptible,OnDemand,EU,EU,HIF,T1IF,T1,17.7210,True,local-nvme;managed-ops-plane;support-tier;observability,Available,v2.4.0,panel,europe-west4
2026-09-05,gcp,b200-sxm-180gb,B200,180GB,SXM,IB-NDR,OnDemand,NonInterruptible,OnDemand,US-Central,US,HIF,T1IF,T1,16.1100,True,local-nvme;managed-ops-plane;support-tier;observability,Available,v2.4.0,panel,us-central1
2026-09-05,gcp,b200-sxm-180gb,B200,180GB,SXM,IB-NDR,OnDemand,NonInterruptible,OnDemand,US-East,US,HIF,T1IF,T1,16.1100,True,local-nvme;managed-ops-plane;support-tier;observability,Available,v2.4.0,panel,us-east1
2026-09-05,gcp,b200-sxm-180gb,B200,180GB,SXM,IB-NDR,1Y,NonInterruptible,Reserved,APAC,APAC,HIF,T1IF,T1,13.3391,True,local-nvme;managed-ops-plane;support-tier;observability,Available,v2.4.0,panel,asia-northeast1
2026-09-05,gcp,b200-sxm-180gb,B200,180GB,SXM,IB-NDR,1Y,NonInterruptible,Reserved,APAC,APAC,HIF,T1IF,T1,13.3391,True,local-nvme;managed-ops-plane;support-tier;observability,Available,v2.4.0,panel,asia-southeast1
2026-09-05,gcp,b200-sxm-180gb,B200,180GB,SXM,IB-NDR,1Y,NonInterruptible,Reserved,EU,EU,HIF,T1IF,T1,12.2275,True,local-nvme;managed-ops-plane;support-tier;observability,Available,v2.4.0,panel,europe-west4
2026-09-05,gcp,b200-sxm-180gb,B200,180GB,SXM,IB-NDR,1Y,NonInterruptible,Reserved,US-Central,US,HIF,T1IF,T1,11.1159,True,local-nvme;managed-ops-plane;support-tier;observability,Available,v2.4.0,panel,us-central1
2026-09-05,gcp,b200-sxm-180gb,B200,180GB,SXM,IB-NDR,1Y,NonInterruptible,Reserved,US-East,US,HIF,T1IF,T1,11.1159,True,local-nvme;managed-ops-plane;support-tier;observability,Available,v2.4.0,panel,us-east1
2026-09-05,gcp,b200-sxm-180gb,B200,180GB,SXM,IB-NDR,1Y,NonInterruptible,Reserved,US-South,US,HIF,T1IF,T1,11.1159,True,local-nvme;managed-ops-plane;support-tier;observability,Available,v2.4.0,panel,us-south1
2026-09-05,gcp,b200-sxm-180gb,B200,180GB,SXM,IB-NDR,1Y,NonInterruptible,Reserved,US-West,US,HIF,T1IF,T1,11.1159,True,local-nvme;managed-ops-plane;support-tier;observability,Available,v2.4.0,panel,us-west1
2026-09-05,gcp,b200-sxm-180gb,B200,180GB,SXM,IB-NDR,1Y,NonInterruptible,Reserved,US-West,US,HIF,T1IF,T1,11.1159,True,local-nvme;managed-ops-plane;support-tier;observability,Available,v2.4.0,panel,us-west2
2026-09-05,gcp,b200-sxm-180gb,B200,180GB,SXM,IB-NDR,1Y,NonInterruptible,Reserved,US-West,US,HIF,T1IF,T1,11.1159,True,local-nvme;managed-ops-plane;support-tier;observability,Available,v2.4.0,panel,us-west3
2026-09-05,gcp,b200-sxm-180gb,B200,180GB,SXM,IB-NDR,1Y,NonInterruptible,Reserved,US-West,US,HIF,T1IF,T1,11.1159,True,local-nvme;managed-ops-plane;support-tier;observability,Available,v2.4.0,panel,us-west4
2026-09-05,gcp,b200-sxm-180gb,B200,180GB,SXM,IB-NDR,3Y,NonInterruptible,Reserved,APAC,APAC,HIF,T1IF,T1,8.5061,True,local-nvme;managed-ops-plane;support-tier;observability,Available,v2.4.0,panel,asia-northeast1
2026-09-05,gcp,b200-sxm-180gb,B200,180GB,SXM,IB-NDR,3Y,NonInterruptible,Reserved,APAC,APAC,HIF,T1IF,T1,8.5061,True,local-nvme;managed-ops-plane;support-tier;observability,Available,v2.4.0,panel,asia-southeast1
2026-09-05,gcp,b200-sxm-180gb,B200,180GB,SXM,IB-NDR,3Y,NonInterruptible,Reserved,EU,EU,HIF,T1IF,T1,7.7972,True,local-nvme;managed-ops-plane;support-tier;observability,Available,v2.4.0,panel,europe-west4
2026-09-05,gcp,b200-sxm-180gb,B200,180GB,SXM,IB-NDR,3Y,NonInterruptible,Reserved,US-Central,US,HIF,T1IF,T1,7.0884,True,local-nvme;managed-ops-plane;support-tier;observability,Available,v2.4.0,panel,us-central1
2026-09-05,gcp,b200-sxm-180gb,B200,180GB,SXM,IB-NDR,3Y,NonInterruptible,Reserved,US-East,US,HIF,T1IF,T1,7.0884,True,local-nvme;managed-ops-plane;support-tier;observability,Available,v2.4.0,panel,us-east1
2026-09-05,gcp,b200-sxm-180gb,B200,180GB,SXM,IB-NDR,3Y,NonInterruptible,Reserved,US-South,US,HIF,T1IF,T1,7.0884,True,local-nvme;managed-ops-plane;support-tier;observability,Available,v2.4.0,panel,us-south1
2026-09-05,gcp,b200-sxm-180gb,B200,180GB,SXM,IB-NDR,3Y,NonInterruptible,Reserved,US-West,US,HIF,T1IF,T1,7.0884,True,local-nvme;managed-ops-plane;support-tier;observability,Available,v2.4.0,panel,us-west1
2026-09-05,gcp,b200-sxm-180gb,B200,180GB,SXM,IB-NDR,3Y,NonInterruptible,Reserved,US-West,US,HIF,T1IF,T1,7.0884,True,local-nvme;managed-ops-plane;support-tier;observability,Available,v2.4.0,panel,us-west2
2026-09-05,gcp,b200-sxm-180gb,B200,180GB,SXM,IB-NDR,3Y,NonInterruptible,Reserved,US-West,US,HIF,T1IF,T1,7.0884,True,local-nvme;managed-ops-plane;support-tier;observability,Available,v2.4.0,panel,us-west3
2026-09-05,gcp,b200-sxm-180gb,B200,180GB,SXM,IB-NDR,3Y,NonInterruptible,Reserved,US-West,US,HIF,T1IF,T1,7.0884,True,local-nvme;managed-ops-plane;support-tier;observability,Available,v2.4.0,panel,us-west4
2026-09-05,gcp,b200-sxm-180gb,B200,180GB,SXM,IB-NDR,OnDemand,Interruptible,Spot,APAC,APAC,DIF,T1IF,T1,5.9316,True,local-nvme;managed-ops-plane;support-tier;observability,Available,v2.4.0,panel,asia-northeast1
2026-09-05,gcp,b200-sxm-180gb,B200,180GB,SXM,IB-NDR,OnDemand,Interruptible,Spot,APAC,APAC,DIF,T1IF,T1,4.9021,True,local-nvme;managed-ops-plane;support-tier;observability,Available,v2.4.0,panel,asia-southeast1
2026-09-05,gcp,b200-sxm-180gb,B200,180GB,SXM,IB-NDR,OnDemand,Interruptible,Spot,EU,EU,DIF,T1IF,T1,5.4373,True,local-nvme;managed-ops-plane;support-tier;observability,Available,v2.4.0,panel,europe-north1
2026-09-05,gcp,b200-sxm-180gb,B200,180GB,SXM,IB-NDR,OnDemand,Interruptible,Spot,EU,EU,DIF,T1IF,T1,2.1924,True,local-nvme;managed-ops-plane;support-tier;observability,Available,v2.4.0,panel,europe-west1
2026-09-05,gcp,b200-sxm-180gb,B200,180GB,SXM,IB-NDR,OnDemand,Interruptible,Spot,EU,EU,DIF,T1IF,T1,4.9194,True,local-nvme;managed-ops-plane;support-tier;observability,Available,v2.4.0,panel,europe-west4
2026-09-05,gcp,b200-sxm-180gb,B200,180GB,SXM,IB-NDR,OnDemand,Interruptible,Spot,US-Central,US,DIF,T1IF,T1,4.9542,True,local-nvme;managed-ops-plane;support-tier;observability,Available,v2.4.0,panel,us-central1
2026-09-05,gcp,b200-sxm-180gb,B200,180GB,SXM,IB-NDR,OnDemand,Interruptible,Spot,US-East,US,DIF,T1IF,T1,4.9542,True,local-nvme;managed-ops-plane;support-tier;observability,Available,v2.4.0,panel,us-east1
2026-09-05,gcp,b200-sxm-180gb,B200,180GB,SXM,IB-NDR,OnDemand,Interruptible,Spot,US-East,US,DIF,T1IF,T1,4.0758,True,local-nvme;managed-ops-plane;support-tier;observability,Available,v2.4.0,panel,us-east4
2026-09-05,gcp,b200-sxm-180gb,B200,180GB,SXM,IB-NDR,OnDemand,Interruptible,Spot,US-South,US,DIF,T1IF,T1,4.4936,True,local-nvme;managed-ops-plane;support-tier;observability,Available,v2.4.0,panel,us-south1
2026-09-05,gcp,b200-sxm-180gb,B200,180GB,SXM,IB-NDR,OnDemand,Interruptible,Spot,US-West,US,DIF,T1IF,T1,4.2592,True,local-nvme;managed-ops-plane;support-tier;observability,Available,v2.4.0,panel,us-west2
2026-09-05,gcp,b200-sxm-180gb,B200,180GB,SXM,IB-NDR,OnDemand,Interruptible,Spot,US-West,US,DIF,T1IF,T1,4.6958,True,local-nvme;managed-ops-plane;support-tier;observability,Available,v2.4.0,panel,us-west3
2026-09-05,gcp_cud,b200-sxm-180gb,B200,180GB,SXM,IB-NDR,1Y,NonInterruptible,Reserved,APAC,APAC,HIF,T2IF,T1,13.3391,False,,Available,v2.4.0,candidate,asia-northeast1
2026-09-05,gcp_cud,b200-sxm-180gb,B200,180GB,SXM,IB-NDR,1Y,NonInterruptible,Reserved,APAC,APAC,HIF,T2IF,T1,13.3391,False,,Available,v2.4.0,candidate,asia-southeast1
2026-09-05,gcp_cud,b200-sxm-180gb,B200,180GB,SXM,IB-NDR,1Y,NonInterruptible,Reserved,EU,EU,HIF,T2IF,T1,12.2275,False,,Available,v2.4.0,candidate,europe-west4
2026-09-05,gcp_cud,b200-sxm-180gb,B200,180GB,SXM,IB-NDR,1Y,NonInterruptible,Reserved,US-Central,US,HIF,T2IF,T1,11.1159,False,,Available,v2.4.0,candidate,us-central1
2026-09-05,gcp_cud,b200-sxm-180gb,B200,180GB,SXM,IB-NDR,1Y,NonInterruptible,Reserved,US-East,US,HIF,T2IF,T1,11.1159,False,,Available,v2.4.0,candidate,us-east1
2026-09-05,gcp_cud,b200-sxm-180gb,B200,180GB,SXM,IB-NDR,1Y,NonInterruptible,Reserved,US-South,US,HIF,T2IF,T1,11.1159,False,,Available,v2.4.0,candidate,us-south1
2026-09-05,gcp_cud,b200-sxm-180gb,B200,180GB,SXM,IB-NDR,1Y,NonInterruptible,Reserved,US-West,US,HIF,T2IF,T1,11.1159,False,,Available,v2.4.0,candidate,us-west1
2026-09-05,gcp_cud,b200-sxm-180gb,B200,180GB,SXM,IB-NDR,1Y,NonInterruptible,Reserved,US-West,US,HIF,T2IF,T1,11.1159,False,,Available,v2.4.0,candidate,us-west2
2026-09-05,gcp_cud,b200-sxm-180gb,B200,180GB,SXM,IB-NDR,1Y,NonInterruptible,Reserved,US-West,US,HIF,T2IF,T1,11.1159,False,,Available,v2.4.0,candidate,us-west3
2026-09-05,gcp_cud,b200-sxm-180gb,B200,180GB,SXM,IB-NDR,1Y,NonInterruptible,Reserved,US-West,US,HIF,T2IF,T1,11.1159,False,,Available,v2.4.0,candidate,us-west4
2026-09-05,gcp_cud,b200-sxm-180gb,B200,180GB,SXM,IB-NDR,3Y,NonInterruptible,Reserved,APAC,APAC,HIF,T2IF,T1,8.5061,False,,Available,v2.4.0,candidate,asia-northeast1
2026-09-05,gcp_cud,b200-sxm-180gb,B200,180GB,SXM,IB-NDR,3Y,NonInterruptible,Reserved,APAC,APAC,HIF,T2IF,T1,8.5061,False,,Available,v2.4.0,candidate,asia-southeast1
2026-09-05,gcp_cud,b200-sxm-180gb,B200,180GB,SXM,IB-NDR,3Y,NonInterruptible,Reserved,EU,EU,HIF,T2IF,T1,7.7972,False,,Available,v2.4.0,candidate,europe-west4
2026-09-05,gcp_cud,b200-sxm-180gb,B200,180GB,SXM,IB-NDR,3Y,NonInterruptible,Reserved,US-Central,US,HIF,T2IF,T1,7.0884,False,,Available,v2.4.0,candidate,us-central1
2026-09-05,gcp_cud,b200-sxm-180gb,B200,180GB,SXM,IB-NDR,3Y,NonInterruptible,Reserved,US-East,US,HIF,T2IF,T1,7.0884,False,,Available,v2.4.0,candidate,us-east1
2026-09-05,gcp_cud,b200-sxm-180gb,B200,180GB,SXM,IB-NDR,3Y,NonInterruptible,Reserved,US-South,US,HIF,T2IF,T1,7.0884,False,,Available,v2.4.0,candidate,us-south1
2026-09-05,gcp_cud,b200-sxm-180gb,B200,180GB,SXM,IB-NDR,3Y,NonInterruptible,Reserved,US-West,US,HIF,T2IF,T1,7.0884,False,,Available,v2.4.0,candidate,us-west1
2026-09-05,gcp_cud,b200-sxm-180gb,B200,180GB,SXM,IB-NDR,3Y,NonInterruptible,Reserved,US-West,US,HIF,T2IF,T1,7.0884,False,,Available,v2.4.0,candidate,us-west2
2026-09-05,gcp_cud,b200-sxm-180gb,B200,180GB,SXM,IB-NDR,3Y,NonInterruptible,Reserved,US-West,US,HIF,T2IF,T1,7.0884,False,,Available,v2.4.0,candidate,us-west3
2026-09-05,gcp_cud,b200-sxm-180gb,B200,180GB,SXM,IB-NDR,3Y,NonInterruptible,Reserved,US-West,US,HIF,T2IF,T1,7.0884,False,,Available,v2.4.0,candidate,us-west4
2026-09-05,gcp_dws,b200-sxm-180gb,B200,180GB,SXM,IB-NDR,FlexStart,NonInterruptible,Reserved,US-Central,US,HIF,T2IF,T1,8.0550,False,,Available,v2.4.0,term-panel,us-central1
2026-09-05,gmi_cloud,b200-sxm-180gb,B200,180GB,SXM,IB-NDR,OnDemand,NonInterruptible,OnDemand,US-East,US,IIF,T2IF,T2,4.0000,False,,Available,v2.4.0,candidate,US
2026-09-05,hyperstack,b200-sxm-180gb,B200,180GB,SXM,IB-NDR,OnDemand,NonInterruptible,OnDemand,Other,Other,SIF,T2IF,T2,6.0000,True,local-nvme,Available,v2.4.0,panel,Multi
2026-09-05,hyperstack,b200-sxm-180gb,B200,180GB,SXM,IB-NDR,6M,NonInterruptible,Reserved,Other,Other,SIF,T2IF,T2,5.1000,True,local-nvme,Available,v2.4.0,panel,Multi
2026-09-05,koyeb,b200-sxm-180gb,B200,180GB,SXM,Unknown,OnDemand,NonInterruptible,OnDemand,Other,Other,SIF,T2IF,T2,5.5000,False,,Available,v2.4.0,candidate,Multi
2026-09-05,lambda,b200-sxm-180gb,B200,180GB,SXM,IB-NDR,OnDemand,NonInterruptible,OnDemand,US-East,US,IIF,T2IF,T2,6.6900,True,local-nvme,SoldOut,v2.4.0,panel,US
2026-09-05,lambda,b200-sxm-180gb,B200,180GB,SXM,IB-NDR,ReservedBand,NonInterruptible,Reserved,US-East,US,IIF,T2IF,T2,9.8600,True,local-nvme,Available,v2.4.0,panel,US
2026-09-05,lyceum,b200-sxm-180gb,B200,180GB,SXM,,OnDemand,NonInterruptible,OnDemand,Other,Other,SIF,T2IF,T2,6.5900,False,,Available,v2.4.0,candidate,EU (undisclosed)
2026-09-05,lyceum,b200-sxm-180gb,B200,180GB,SXM,,OnDemand,NonInterruptible,OnDemand,Other,Other,SIF,T2IF,T2,6.2900,False,,Available,v2.4.0,candidate,EU (undisclosed)
2026-09-05,massed_compute,b200-sxm-180gb,B200,180GB,SXM,Unknown,OnDemand,NonInterruptible,OnDemand,US-East,US,DIF,T3IF,T3,5.4325,False,,Available,v2.4.0,panel,US
2026-09-05,nebius,b200-sxm-180gb,B200,180GB,SXM,IB-NDR,OnDemand,NonInterruptible,OnDemand,Other,Other,IIF,T1IF,T2,7.1500,True,observability;managed-ops-plane;free-egress,Available,v2.4.0,panel,
2026-09-05,nebius,b200-sxm-180gb,B200,180GB,SXM,IB-NDR,OnDemand,Interruptible,Spot,Other,Other,DIF,T1IF,T2,3.9500,True,observability;managed-ops-plane;free-egress,Available,v2.4.0,panel,
2026-09-05,oci,b200-sxm-180gb,B200,180GB,SXM,RoCE-v2,OnDemand,NonInterruptible,OnDemand,US-East,US,HIF,T1IF,T1,14.0000,True,local-nvme;egress-capped;managed-ops-plane;support-tier;observability,Available,v2.4.0,panel,us-ashburn-1
2026-09-05,qubrid,b200-sxm-180gb,B200,180GB,SXM,Unknown,1Y,NonInterruptible,Reserved,Other,Other,SIF,T2IF,T2,4.2500,False,,Available,v2.4.0,panel,
2026-09-05,runpod_community,b200-sxm-180gb,B200,180GB,SXM,Unknown,OnDemand,NonInterruptible,OnDemand,Other,Other,DIF,T3IF,T3,5.9800,False,,SoldOut,v2.4.0,panel,Global
2026-09-05,runpod_secure,b200-sxm-180gb,B200,180GB,SXM,IB-NDR,OnDemand,NonInterruptible,OnDemand,Other,Other,DIF,T2IF,T3,6.7900,True,local-nvme,SoldOut,v2.4.0,panel,Global
2026-09-05,runpod_secure,b200-sxm-180gb,B200,180GB,SXM,IB-NDR,1Y,NonInterruptible,Reserved,Other,Other,DIF,T2IF,T3,6.7900,True,local-nvme,SoldOut,v2.4.0,panel,Global
2026-09-05,runpod_secure,b200-sxm-180gb,B200,180GB,SXM,IB-NDR,3M,NonInterruptible,Reserved,Other,Other,DIF,T2IF,T3,6.7900,True,local-nvme,SoldOut,v2.4.0,panel,Global
2026-09-05,runpod_secure,b200-sxm-180gb,B200,180GB,SXM,IB-NDR,6M,NonInterruptible,Reserved,Other,Other,DIF,T2IF,T3,6.7900,True,local-nvme,SoldOut,v2.4.0,panel,Global
2026-09-05,shakti_cloud,b200-sxm-180gb,B200,180GB,SXM,IB-Unspecified,1M,NonInterruptible,Reserved,APAC,APAC,SIF,T2IF,T2,5.0058,False,,Available,v2.4.0,panel,IN
2026-09-05,spheron,b200-sxm-180gb,B200,180GB,SXM,Unknown,OnDemand,NonInterruptible,OnDemand,Other,Other,DIF,T3IF,T3,9.3600,False,,Available,v2.4.0,panel,me-west-1
2026-09-05,spheron,b200-sxm-180gb,B200,180GB,SXM,Unknown,OnDemand,NonInterruptible,OnDemand,US-Central,US,DIF,T3IF,T3,9.3600,False,,Available,v2.4.0,panel,us-central-1
2026-09-05,spheron,b200-sxm-180gb,B200,180GB,SXM,Unknown,OnDemand,Interruptible,Spot,Other,Other,DIF,T3IF,T3,5.3730,False,,Available,v2.4.0,panel,me-west-1
2026-09-05,spheron,b200-sxm-180gb,B200,180GB,SXM,Unknown,OnDemand,Interruptible,Spot,US-Central,US,DIF,T3IF,T3,5.3730,False,,Available,v2.4.0,panel,us-central-1
2026-09-05,together,b200-sxm-180gb,B200,180GB,SXM,IB-NDR,OnDemand,NonInterruptible,OnDemand,US-East,US,SIF,T1IF,T2,8.1900,True,local-nvme;support-tier;observability;managed-ops-plane,Available,v2.4.0,panel,US
2026-09-05,together,b200-sxm-180gb,B200,180GB,SXM,IB-NDR,1M,NonInterruptible,Reserved,US-East,US,SIF,T1IF,T2,7.9900,True,local-nvme;support-tier;observability;managed-ops-plane,Available,v2.4.0,panel,US
2026-09-05,together,b200-sxm-180gb,B200,180GB,SXM,IB-NDR,3M,NonInterruptible,Reserved,US-East,US,SIF,T1IF,T2,7.7900,True,local-nvme;support-tier;observability;managed-ops-plane,Available,v2.4.0,panel,US
2026-09-05,together,b200-sxm-180gb,B200,180GB,SXM,IB-NDR,6M,NonInterruptible,Reserved,US-East,US,SIF,T1IF,T2,6.7900,True,local-nvme;support-tier;observability;managed-ops-plane,Available,v2.4.0,panel,US
2026-09-05,upcloud,b200-sxm-180gb,B200,180GB,SXM,Unknown,OnDemand,NonInterruptible,OnDemand,EU,EU,SIF,T2IF,T2,5.2299,False,,Available,v2.4.0,panel,EU-FI
2026-09-05,upcloud,b200-sxm-180gb,B200,180GB,SXM,Unknown,OnDemand,Interruptible,Spot,EU,EU,DIF,T2IF,T2,3.9224,False,,Available,v2.4.0,panel,EU-FI
2026-09-05,vast_ai,b200-sxm-180gb,B200,180GB,SXM,IB-NDR,OnDemand,NonInterruptible,OnDemand,US-East,US,DIF,T3IF,T3,5.8750,True,local-nvme,Available,v2.4.0,marketplace,", US"
2026-09-05,vast_ai,b200-sxm-180gb,B200,180GB,SXM,IB-NDR,OnDemand,NonInterruptible,OnDemand,APAC,APAC,DIF,T3IF,T3,5.5625,True,local-nvme,Available,v2.4.0,marketplace,"AUSTRALIA, AU"
2026-09-05,vast_ai,b200-sxm-180gb,B200,180GB,SXM,IB-NDR,OnDemand,NonInterruptible,OnDemand,APAC,APAC,DIF,T3IF,T3,6.0000,True,local-nvme,Available,v2.4.0,marketplace,"INDIA, IN"
2026-09-05,vast_ai,b200-sxm-180gb,B200,180GB,SXM,IB-NDR,OnDemand,NonInterruptible,OnDemand,Other,Other,DIF,T3IF,T3,5.3750,True,local-nvme,Available,v2.4.0,marketplace,"MEXICO, MX"
2026-09-05,vast_ai,b200-sxm-180gb,B200,180GB,SXM,IB-NDR,OnDemand,NonInterruptible,OnDemand,US-East,US,DIF,T3IF,T3,8.1063,True,local-nvme,Available,v2.4.0,marketplace,"VIRGINIA, US"
2026-09-05,vultr,b200-sxm-180gb,B200,180GB,SXM,Unknown,OnDemand,NonInterruptible,OnDemand,Other,Other,SIF,T2IF,T2,8.5000,False,,SoldOut,v2.4.0,panel,Multi
2026-09-05,vultr,b200-sxm-180gb,B200,180GB,SXM,Unknown,OnDemand,Interruptible,Spot,Other,Other,DIF,T2IF,T2,3.2000,False,,SoldOut,v2.4.0,panel,Multi
2026-09-06,aws,b200-sxm-180gb,B200,180GB,SXM,EFA,OnDemand,NonInterruptible,OnDemand,APAC,APAC,HIF,T1IF,T1,20.0807,True,local-nvme;managed-ops-plane;support-tier;observability,Available,v2.4.0,panel,ap-south-1
2026-09-06,aws,b200-sxm-180gb,B200,180GB,SXM,EFA,OnDemand,NonInterruptible,OnDemand,APAC,APAC,HIF,T1IF,T1,20.0813,True,local-nvme;managed-ops-plane;support-tier;observability,Available,v2.4.0,panel,ap-south-2
2026-09-06,aws,b200-sxm-180gb,B200,180GB,SXM,EFA,OnDemand,NonInterruptible,OnDemand,US-East,US,HIF,T1IF,T1,14.2416,True,local-nvme;managed-ops-plane;support-tier;observability,Available,v2.4.0,panel,us-east-1
2026-09-06,aws,b200-sxm-180gb,B200,180GB,SXM,EFA,OnDemand,NonInterruptible,OnDemand,US-East,US,HIF,T1IF,T1,14.2416,True,local-nvme;managed-ops-plane;support-tier;observability,Available,v2.4.0,panel,us-east-2
2026-09-06,aws,b200-sxm-180gb,B200,180GB,SXM,EFA,OnDemand,NonInterruptible,OnDemand,US-West,US,HIF,T1IF,T1,14.2416,True,local-nvme;managed-ops-plane;support-tier;observability,Available,v2.4.0,panel,us-west-2
2026-09-06,aws,b200-sxm-180gb,B200,180GB,SXM,EFA,3Y,NonInterruptible,Reserved,APAC,APAC,HIF,T1IF,T1,8.6751,True,local-nvme;managed-ops-plane;support-tier;observability,Available,v2.4.0,panel,ap-south-2
2026-09-06,aws,b200-sxm-180gb,B200,180GB,SXM,EFA,3Y,NonInterruptible,Reserved,US-East,US,HIF,T1IF,T1,6.1524,True,local-nvme;managed-ops-plane;support-tier;observability,Available,v2.4.0,panel,us-east-1
2026-09-06,aws,b200-sxm-180gb,B200,180GB,SXM,EFA,3Y,NonInterruptible,Reserved,US-East,US,HIF,T1IF,T1,6.1524,True,local-nvme;managed-ops-plane;support-tier;observability,Available,v2.4.0,panel,us-east-2
2026-09-06,aws,b200-sxm-180gb,B200,180GB,SXM,EFA,3Y,NonInterruptible,Reserved,US-West,US,HIF,T1IF,T1,6.1524,True,local-nvme;managed-ops-plane;support-tier;observability,Available,v2.4.0,panel,us-west-2
2026-09-06,aws,b200-sxm-180gb,B200,180GB,SXM,EFA,OnDemand,Interruptible,Spot,APAC,APAC,DIF,T2IF,T1,6.0686,False,,Available,v2.4.0,panel,ap-south-1c
2026-09-06,aws,b200-sxm-180gb,B200,180GB,SXM,EFA,OnDemand,Interruptible,Spot,APAC,APAC,DIF,T2IF,T1,7.0719,False,,Available,v2.4.0,panel,ap-south-2b
2026-09-06,aws,b200-sxm-180gb,B200,180GB,SXM,EFA,OnDemand,Interruptible,Spot,US-East,US,DIF,T2IF,T1,5.2443,False,,Available,v2.4.0,panel,us-east-1d
2026-09-06,aws,b200-sxm-180gb,B200,180GB,SXM,EFA,OnDemand,Interruptible,Spot,US-East,US,DIF,T2IF,T1,5.2656,False,,Available,v2.4.0,panel,us-east-2a
2026-09-06,aws,b200-sxm-180gb,B200,180GB,SXM,EFA,OnDemand,Interruptible,Spot,US-East,US,DIF,T2IF,T1,5.2545,False,,Available,v2.4.0,panel,us-east-2b
2026-09-06,aws,b200-sxm-180gb,B200,180GB,SXM,EFA,OnDemand,Interruptible,Spot,US-East,US,DIF,T2IF,T1,5.2104,False,,Available,v2.4.0,panel,us-east-2c
2026-09-06,aws,b200-sxm-180gb,B200,180GB,SXM,EFA,OnDemand,Interruptible,Spot,US-West,US,DIF,T2IF,T1,5.2192,False,,Available,v2.4.0,panel,us-west-2a
2026-09-06,aws,b200-sxm-180gb,B200,180GB,SXM,EFA,OnDemand,Interruptible,Spot,US-West,US,DIF,T2IF,T1,5.2343,False,,Available,v2.4.0,panel,us-west-2b
2026-09-06,aws,b200-sxm-180gb,B200,180GB,SXM,EFA,OnDemand,Interruptible,Spot,US-West,US,DIF,T2IF,T1,5.2416,False,,Available,v2.4.0,panel,us-west-2d
2026-09-06,aws_capacity_blocks,b200-sxm-180gb,B200,180GB,SXM,EFA,CapacityBlock,NonInterruptible,Reserved,Other,Other,HIF,T2IF,T1,12.3550,False,,Available,v2.4.0,term-panel,non-us
2026-09-06,aws_capacity_blocks,b200-sxm-180gb,B200,180GB,SXM,EFA,CapacityBlock,NonInterruptible,Reserved,US-East,US,HIF,T2IF,T1,12.3550,False,,Available,v2.4.0,term-panel,us-east-1
2026-09-06,civo,b200-sxm-180gb,B200,180GB,SXM,Unknown,1Y,NonInterruptible,Reserved,Other,Other,SIF,T2IF,T2,4.4900,False,,Available,v2.4.0,panel,
2026-09-06,civo,b200-sxm-180gb,B200,180GB,SXM,Unknown,2Y,NonInterruptible,Reserved,Other,Other,SIF,T2IF,T2,3.9900,False,,Available,v2.4.0,panel,
2026-09-06,civo,b200-sxm-180gb,B200,180GB,SXM,Unknown,3Y,NonInterruptible,Reserved,Other,Other,SIF,T2IF,T2,3.7900,False,,Available,v2.4.0,panel,
2026-09-06,cloudrift,b200-sxm-180gb,B200,180GB,SXM,,1M,NonInterruptible,Reserved,US-East,US,SIF,T2IF,T2,3.6000,False,,Available,v2.4.0,term-panel,US
2026-09-06,cloudrift,b200-sxm-180gb,B200,180GB,SXM,,3M,NonInterruptible,Reserved,US-East,US,SIF,T2IF,T2,3.2400,False,,Available,v2.4.0,term-panel,US
2026-09-06,coreweave,b200-sxm-180gb,B200,180GB,SXM,IB-NDR,OnDemand,NonInterruptible,OnDemand,EU,EU,IIF,T1IF,T2,8.6000,True,local-nvme;free-egress;support-tier;observability;managed-ops-plane,Available,v2.4.0,panel,EU
2026-09-06,coreweave,b200-sxm-180gb,B200,180GB,SXM,IB-NDR,OnDemand,NonInterruptible,OnDemand,US-East,US,IIF,T1IF,T2,8.6000,True,local-nvme;free-egress;support-tier;observability;managed-ops-plane,Available,v2.4.0,panel,US
2026-09-06,coreweave,b200-sxm-180gb,B200,180GB,SXM,IB-NDR,OnDemand,Interruptible,Spot,EU,EU,DIF,T1IF,T2,4.3588,True,local-nvme;free-egress;support-tier;observability;managed-ops-plane,Available,v2.4.0,panel,EU
2026-09-06,coreweave,b200-sxm-180gb,B200,180GB,SXM,IB-NDR,OnDemand,Interruptible,Spot,US-East,US,DIF,T1IF,T2,4.2638,True,local-nvme;free-egress;support-tier;observability;managed-ops-plane,Available,v2.4.0,panel,US
2026-09-06,datacrunch,b200-sxm-180gb,B200,180GB,SXM,IB-NDR,OnDemand,NonInterruptible,OnDemand,EU,EU,SIF,T2IF,T2,6.1100,True,local-nvme,Available,v2.4.0,panel,EU-FI
2026-09-06,datacrunch,b200-sxm-180gb,B200,180GB,SXM,IB-NDR,1M,NonInterruptible,Reserved,EU,EU,SIF,T2IF,T2,5.9878,True,local-nvme,Available,v2.4.0,panel,EU-FI
2026-09-06,datacrunch,b200-sxm-180gb,B200,180GB,SXM,IB-NDR,1Y,NonInterruptible,Reserved,EU,EU,SIF,T2IF,T2,5.6212,True,local-nvme,Available,v2.4.0,panel,EU-FI
2026-09-06,datacrunch,b200-sxm-180gb,B200,180GB,SXM,IB-NDR,2Y,NonInterruptible,Reserved,EU,EU,SIF,T2IF,T2,4.5825,True,local-nvme,Available,v2.4.0,panel,EU-FI
2026-09-06,datacrunch,b200-sxm-180gb,B200,180GB,SXM,IB-NDR,3M,NonInterruptible,Reserved,EU,EU,SIF,T2IF,T2,5.9267,True,local-nvme,Available,v2.4.0,panel,EU-FI
2026-09-06,datacrunch,b200-sxm-180gb,B200,180GB,SXM,IB-NDR,6M,NonInterruptible,Reserved,EU,EU,SIF,T2IF,T2,5.8656,True,local-nvme,Available,v2.4.0,panel,EU-FI
2026-09-06,datacrunch,b200-sxm-180gb,B200,180GB,SXM,IB-NDR,OnDemand,Interruptible,Spot,EU,EU,DIF,T2IF,T2,3.0550,True,local-nvme,Available,v2.4.0,panel,EU-FI
2026-09-06,deepinfra_gpu,b200-sxm-180gb,B200,180GB,SXM,,OnDemand,NonInterruptible,OnDemand,Other,Other,SIF,T2IF,T2,3.6900,False,,Available,v2.4.0,panel,undisclosed
2026-09-06,e2e,b200-sxm-180gb,B200,180GB,SXM,IB-NDR,OnDemand,NonInterruptible,OnDemand,APAC,APAC,IIF,T2IF,T2,6.9900,False,,Available,v2.4.0,panel,India
2026-09-06,e2e,b200-sxm-180gb,B200,180GB,SXM,IB-NDR,1M,NonInterruptible,Reserved,APAC,APAC,IIF,T2IF,T2,6.9211,False,,Available,v2.4.0,panel,India
2026-09-06,e2e,b200-sxm-180gb,B200,180GB,SXM,IB-NDR,1Y,NonInterruptible,Reserved,APAC,APAC,IIF,T2IF,T2,6.2888,False,,Available,v2.4.0,panel,India
2026-09-06,gcp,b200-sxm-180gb,B200,180GB,SXM,IB-NDR,OnDemand,NonInterruptible,OnDemand,APAC,APAC,HIF,T1IF,T1,19.3320,True,local-nvme;managed-ops-plane;support-tier;observability,Available,v2.4.0,panel,asia-southeast1
2026-09-06,gcp,b200-sxm-180gb,B200,180GB,SXM,IB-NDR,OnDemand,NonInterruptible,OnDemand,EU,EU,HIF,T1IF,T1,17.7210,True,local-nvme;managed-ops-plane;support-tier;observability,Available,v2.4.0,panel,europe-west4
2026-09-06,gcp,b200-sxm-180gb,B200,180GB,SXM,IB-NDR,OnDemand,NonInterruptible,OnDemand,US-Central,US,HIF,T1IF,T1,16.1100,True,local-nvme;managed-ops-plane;support-tier;observability,Available,v2.4.0,panel,us-central1
2026-09-06,gcp,b200-sxm-180gb,B200,180GB,SXM,IB-NDR,OnDemand,NonInterruptible,OnDemand,US-East,US,HIF,T1IF,T1,16.1100,True,local-nvme;managed-ops-plane;support-tier;observability,Available,v2.4.0,panel,us-east1
2026-09-06,gcp,b200-sxm-180gb,B200,180GB,SXM,IB-NDR,1Y,NonInterruptible,Reserved,APAC,APAC,HIF,T1IF,T1,13.3391,True,local-nvme;managed-ops-plane;support-tier;observability,Available,v2.4.0,panel,asia-northeast1
2026-09-06,gcp,b200-sxm-180gb,B200,180GB,SXM,IB-NDR,1Y,NonInterruptible,Reserved,APAC,APAC,HIF,T1IF,T1,13.3391,True,local-nvme;managed-ops-plane;support-tier;observability,Available,v2.4.0,panel,asia-southeast1
2026-09-06,gcp,b200-sxm-180gb,B200,180GB,SXM,IB-NDR,1Y,NonInterruptible,Reserved,EU,EU,HIF,T1IF,T1,12.2275,True,local-nvme;managed-ops-plane;support-tier;observability,Available,v2.4.0,panel,europe-west4
2026-09-06,gcp,b200-sxm-180gb,B200,180GB,SXM,IB-NDR,1Y,NonInterruptible,Reserved,US-Central,US,HIF,T1IF,T1,11.1159,True,local-nvme;managed-ops-plane;support-tier;observability,Available,v2.4.0,panel,us-central1
2026-09-06,gcp,b200-sxm-180gb,B200,180GB,SXM,IB-NDR,1Y,NonInterruptible,Reserved,US-East,US,HIF,T1IF,T1,11.1159,True,local-nvme;managed-ops-plane;support-tier;observability,Available,v2.4.0,panel,us-east1
2026-09-06,gcp,b200-sxm-180gb,B200,180GB,SXM,IB-NDR,1Y,NonInterruptible,Reserved,US-South,US,HIF,T1IF,T1,11.1159,True,local-nvme;managed-ops-plane;support-tier;observability,Available,v2.4.0,panel,us-south1
2026-09-06,gcp,b200-sxm-180gb,B200,180GB,SXM,IB-NDR,1Y,NonInterruptible,Reserved,US-West,US,HIF,T1IF,T1,11.1159,True,local-nvme;managed-ops-plane;support-tier;observability,Available,v2.4.0,panel,us-west1
2026-09-06,gcp,b200-sxm-180gb,B200,180GB,SXM,IB-NDR,1Y,NonInterruptible,Reserved,US-West,US,HIF,T1IF,T1,11.1159,True,local-nvme;managed-ops-plane;support-tier;observability,Available,v2.4.0,panel,us-west2
2026-09-06,gcp,b200-sxm-180gb,B200,180GB,SXM,IB-NDR,1Y,NonInterruptible,Reserved,US-West,US,HIF,T1IF,T1,11.1159,True,local-nvme;managed-ops-plane;support-tier;observability,Available,v2.4.0,panel,us-west3
2026-09-06,gcp,b200-sxm-180gb,B200,180GB,SXM,IB-NDR,1Y,NonInterruptible,Reserved,US-West,US,HIF,T1IF,T1,11.1159,True,local-nvme;managed-ops-plane;support-tier;observability,Available,v2.4.0,panel,us-west4
2026-09-06,gcp,b200-sxm-180gb,B200,180GB,SXM,IB-NDR,3Y,NonInterruptible,Reserved,APAC,APAC,HIF,T1IF,T1,8.5061,True,local-nvme;managed-ops-plane;support-tier;observability,Available,v2.4.0,panel,asia-northeast1
2026-09-06,gcp,b200-sxm-180gb,B200,180GB,SXM,IB-NDR,3Y,NonInterruptible,Reserved,APAC,APAC,HIF,T1IF,T1,8.5061,True,local-nvme;managed-ops-plane;support-tier;observability,Available,v2.4.0,panel,asia-southeast1
2026-09-06,gcp,b200-sxm-180gb,B200,180GB,SXM,IB-NDR,3Y,NonInterruptible,Reserved,EU,EU,HIF,T1IF,T1,7.7972,True,local-nvme;managed-ops-plane;support-tier;observability,Available,v2.4.0,panel,europe-west4
2026-09-06,gcp,b200-sxm-180gb,B200,180GB,SXM,IB-NDR,3Y,NonInterruptible,Reserved,US-Central,US,HIF,T1IF,T1,7.0884,True,local-nvme;managed-ops-plane;support-tier;observability,Available,v2.4.0,panel,us-central1
2026-09-06,gcp,b200-sxm-180gb,B200,180GB,SXM,IB-NDR,3Y,NonInterruptible,Reserved,US-East,US,HIF,T1IF,T1,7.0884,True,local-nvme;managed-ops-plane;support-tier;observability,Available,v2.4.0,panel,us-east1
2026-09-06,gcp,b200-sxm-180gb,B200,180GB,SXM,IB-NDR,3Y,NonInterruptible,Reserved,US-South,US,HIF,T1IF,T1,7.0884,True,local-nvme;managed-ops-plane;support-tier;observability,Available,v2.4.0,panel,us-south1
2026-09-06,gcp,b200-sxm-180gb,B200,180GB,SXM,IB-NDR,3Y,NonInterruptible,Reserved,US-West,US,HIF,T1IF,T1,7.0884,True,local-nvme;managed-ops-plane;support-tier;observability,Available,v2.4.0,panel,us-west1
2026-09-06,gcp,b200-sxm-180gb,B200,180GB,SXM,IB-NDR,3Y,NonInterruptible,Reserved,US-West,US,HIF,T1IF,T1,7.0884,True,local-nvme;managed-ops-plane;support-tier;observability,Available,v2.4.0,panel,us-west2
2026-09-06,gcp,b200-sxm-180gb,B200,180GB,SXM,IB-NDR,3Y,NonInterruptible,Reserved,US-West,US,HIF,T1IF,T1,7.0884,True,local-nvme;managed-ops-plane;support-tier;observability,Available,v2.4.0,panel,us-west3
2026-09-06,gcp,b200-sxm-180gb,B200,180GB,SXM,IB-NDR,3Y,NonInterruptible,Reserved,US-West,US,HIF,T1IF,T1,7.0884,True,local-nvme;managed-ops-plane;support-tier;observability,Available,v2.4.0,panel,us-west4
2026-09-06,gcp,b200-sxm-180gb,B200,180GB,SXM,IB-NDR,OnDemand,Interruptible,Spot,APAC,APAC,DIF,T1IF,T1,5.9316,True,local-nvme;managed-ops-plane;support-tier;observability,Available,v2.4.0,panel,asia-northeast1
2026-09-06,gcp,b200-sxm-180gb,B200,180GB,SXM,IB-NDR,OnDemand,Interruptible,Spot,APAC,APAC,DIF,T1IF,T1,4.9021,True,local-nvme;managed-ops-plane;support-tier;observability,Available,v2.4.0,panel,asia-southeast1
2026-09-06,gcp,b200-sxm-180gb,B200,180GB,SXM,IB-NDR,OnDemand,Interruptible,Spot,EU,EU,DIF,T1IF,T1,5.4373,True,local-nvme;managed-ops-plane;support-tier;observability,Available,v2.4.0,panel,europe-north1
2026-09-06,gcp,b200-sxm-180gb,B200,180GB,SXM,IB-NDR,OnDemand,Interruptible,Spot,EU,EU,DIF,T1IF,T1,2.1924,True,local-nvme;managed-ops-plane;support-tier;observability,Available,v2.4.0,panel,europe-west1
2026-09-06,gcp,b200-sxm-180gb,B200,180GB,SXM,IB-NDR,OnDemand,Interruptible,Spot,EU,EU,DIF,T1IF,T1,4.9194,True,local-nvme;managed-ops-plane;support-tier;observability,Available,v2.4.0,panel,europe-west4
2026-09-06,gcp,b200-sxm-180gb,B200,180GB,SXM,IB-NDR,OnDemand,Interruptible,Spot,US-Central,US,DIF,T1IF,T1,4.9542,True,local-nvme;managed-ops-plane;support-tier;observability,Available,v2.4.0,panel,us-central1
2026-09-06,gcp,b200-sxm-180gb,B200,180GB,SXM,IB-NDR,OnDemand,Interruptible,Spot,US-East,US,DIF,T1IF,T1,4.9542,True,local-nvme;managed-ops-plane;support-tier;observability,Available,v2.4.0,panel,us-east1
2026-09-06,gcp,b200-sxm-180gb,B200,180GB,SXM,IB-NDR,OnDemand,Interruptible,Spot,US-East,US,DIF,T1IF,T1,4.0758,True,local-nvme;managed-ops-plane;support-tier;observability,Available,v2.4.0,panel,us-east4
2026-09-06,gcp,b200-sxm-180gb,B200,180GB,SXM,IB-NDR,OnDemand,Interruptible,Spot,US-South,US,DIF,T1IF,T1,4.4936,True,local-nvme;managed-ops-plane;support-tier;observability,Available,v2.4.0,panel,us-south1
2026-09-06,gcp,b200-sxm-180gb,B200,180GB,SXM,IB-NDR,OnDemand,Interruptible,Spot,US-West,US,DIF,T1IF,T1,4.2592,True,local-nvme;managed-ops-plane;support-tier;observability,Available,v2.4.0,panel,us-west2
2026-09-06,gcp,b200-sxm-180gb,B200,180GB,SXM,IB-NDR,OnDemand,Interruptible,Spot,US-West,US,DIF,T1IF,T1,4.6958,True,local-nvme;managed-ops-plane;support-tier;observability,Available,v2.4.0,panel,us-west3
2026-09-06,gcp_cud,b200-sxm-180gb,B200,180GB,SXM,IB-NDR,1Y,NonInterruptible,Reserved,APAC,APAC,HIF,T2IF,T1,13.3391,False,,Available,v2.4.0,candidate,asia-northeast1
2026-09-06,gcp_cud,b200-sxm-180gb,B200,180GB,SXM,IB-NDR,1Y,NonInterruptible,Reserved,APAC,APAC,HIF,T2IF,T1,13.3391,False,,Available,v2.4.0,candidate,asia-southeast1
2026-09-06,gcp_cud,b200-sxm-180gb,B200,180GB,SXM,IB-NDR,1Y,NonInterruptible,Reserved,EU,EU,HIF,T2IF,T1,12.2275,False,,Available,v2.4.0,candidate,europe-west4
2026-09-06,gcp_cud,b200-sxm-180gb,B200,180GB,SXM,IB-NDR,1Y,NonInterruptible,Reserved,US-Central,US,HIF,T2IF,T1,11.1159,False,,Available,v2.4.0,candidate,us-central1
2026-09-06,gcp_cud,b200-sxm-180gb,B200,180GB,SXM,IB-NDR,1Y,NonInterruptible,Reserved,US-East,US,HIF,T2IF,T1,11.1159,False,,Available,v2.4.0,candidate,us-east1
2026-09-06,gcp_cud,b200-sxm-180gb,B200,180GB,SXM,IB-NDR,1Y,NonInterruptible,Reserved,US-South,US,HIF,T2IF,T1,11.1159,False,,Available,v2.4.0,candidate,us-south1
2026-09-06,gcp_cud,b200-sxm-180gb,B200,180GB,SXM,IB-NDR,1Y,NonInterruptible,Reserved,US-West,US,HIF,T2IF,T1,11.1159,False,,Available,v2.4.0,candidate,us-west1
2026-09-06,gcp_cud,b200-sxm-180gb,B200,180GB,SXM,IB-NDR,1Y,NonInterruptible,Reserved,US-West,US,HIF,T2IF,T1,11.1159,False,,Available,v2.4.0,candidate,us-west2
2026-09-06,gcp_cud,b200-sxm-180gb,B200,180GB,SXM,IB-NDR,1Y,NonInterruptible,Reserved,US-West,US,HIF,T2IF,T1,11.1159,False,,Available,v2.4.0,candidate,us-west3
2026-09-06,gcp_cud,b200-sxm-180gb,B200,180GB,SXM,IB-NDR,1Y,NonInterruptible,Reserved,US-West,US,HIF,T2IF,T1,11.1159,False,,Available,v2.4.0,candidate,us-west4
2026-09-06,gcp_cud,b200-sxm-180gb,B200,180GB,SXM,IB-NDR,3Y,NonInterruptible,Reserved,APAC,APAC,HIF,T2IF,T1,8.5061,False,,Available,v2.4.0,candidate,asia-northeast1
2026-09-06,gcp_cud,b200-sxm-180gb,B200,180GB,SXM,IB-NDR,3Y,NonInterruptible,Reserved,APAC,APAC,HIF,T2IF,T1,8.5061,False,,Available,v2.4.0,candidate,asia-southeast1
2026-09-06,gcp_cud,b200-sxm-180gb,B200,180GB,SXM,IB-NDR,3Y,NonInterruptible,Reserved,EU,EU,HIF,T2IF,T1,7.7972,False,,Available,v2.4.0,candidate,europe-west4
2026-09-06,gcp_cud,b200-sxm-180gb,B200,180GB,SXM,IB-NDR,3Y,NonInterruptible,Reserved,US-Central,US,HIF,T2IF,T1,7.0884,False,,Available,v2.4.0,candidate,us-central1
2026-09-06,gcp_cud,b200-sxm-180gb,B200,180GB,SXM,IB-NDR,3Y,NonInterruptible,Reserved,US-East,US,HIF,T2IF,T1,7.0884,False,,Available,v2.4.0,candidate,us-east1
2026-09-06,gcp_cud,b200-sxm-180gb,B200,180GB,SXM,IB-NDR,3Y,NonInterruptible,Reserved,US-South,US,HIF,T2IF,T1,7.0884,False,,Available,v2.4.0,candidate,us-south1
2026-09-06,gcp_cud,b200-sxm-180gb,B200,180GB,SXM,IB-NDR,3Y,NonInterruptible,Reserved,US-West,US,HIF,T2IF,T1,7.0884,False,,Available,v2.4.0,candidate,us-west1
2026-09-06,gcp_cud,b200-sxm-180gb,B200,180GB,SXM,IB-NDR,3Y,NonInterruptible,Reserved,US-West,US,HIF,T2IF,T1,7.0884,False,,Available,v2.4.0,candidate,us-west2
2026-09-06,gcp_cud,b200-sxm-180gb,B200,180GB,SXM,IB-NDR,3Y,NonInterruptible,Reserved,US-West,US,HIF,T2IF,T1,7.0884,False,,Available,v2.4.0,candidate,us-west3
2026-09-06,gcp_cud,b200-sxm-180gb,B200,180GB,SXM,IB-NDR,3Y,NonInterruptible,Reserved,US-West,US,HIF,T2IF,T1,7.0884,False,,Available,v2.4.0,candidate,us-west4
2026-09-06,gcp_dws,b200-sxm-180gb,B200,180GB,SXM,IB-NDR,FlexStart,NonInterruptible,Reserved,US-Central,US,HIF,T2IF,T1,8.0550,False,,Available,v2.4.0,term-panel,us-central1
2026-09-06,gmi_cloud,b200-sxm-180gb,B200,180GB,SXM,IB-NDR,OnDemand,NonInterruptible,OnDemand,US-East,US,IIF,T2IF,T2,4.0000,False,,Available,v2.4.0,candidate,US
2026-09-06,hyperstack,b200-sxm-180gb,B200,180GB,SXM,IB-NDR,OnDemand,NonInterruptible,OnDemand,Other,Other,SIF,T2IF,T2,6.0000,True,local-nvme,Available,v2.4.0,panel,Multi
2026-09-06,hyperstack,b200-sxm-180gb,B200,180GB,SXM,IB-NDR,6M,NonInterruptible,Reserved,Other,Other,SIF,T2IF,T2,5.1000,True,local-nvme,Available,v2.4.0,panel,Multi
2026-09-06,koyeb,b200-sxm-180gb,B200,180GB,SXM,Unknown,OnDemand,NonInterruptible,OnDemand,Other,Other,SIF,T2IF,T2,5.5000,False,,Available,v2.4.0,candidate,Multi
2026-09-06,lambda,b200-sxm-180gb,B200,180GB,SXM,IB-NDR,OnDemand,NonInterruptible,OnDemand,US-East,US,IIF,T2IF,T2,6.6900,True,local-nvme,SoldOut,v2.4.0,panel,US
2026-09-06,lambda,b200-sxm-180gb,B200,180GB,SXM,IB-NDR,ReservedBand,NonInterruptible,Reserved,US-East,US,IIF,T2IF,T2,9.8600,True,local-nvme,Available,v2.4.0,panel,US
2026-09-06,lyceum,b200-sxm-180gb,B200,180GB,SXM,,OnDemand,NonInterruptible,OnDemand,Other,Other,SIF,T2IF,T2,6.2900,False,,Available,v2.4.0,candidate,EU (undisclosed)
2026-09-06,lyceum,b200-sxm-180gb,B200,180GB,SXM,,OnDemand,NonInterruptible,OnDemand,Other,Other,SIF,T2IF,T2,6.5900,False,,Available,v2.4.0,candidate,EU (undisclosed)
2026-09-06,massed_compute,b200-sxm-180gb,B200,180GB,SXM,Unknown,OnDemand,NonInterruptible,OnDemand,US-East,US,DIF,T3IF,T3,5.4325,False,,Available,v2.4.0,panel,US
2026-09-06,nebius,b200-sxm-180gb,B200,180GB,SXM,IB-NDR,OnDemand,NonInterruptible,OnDemand,Other,Other,IIF,T1IF,T2,7.1500,True,observability;managed-ops-plane;free-egress,Available,v2.4.0,panel,
2026-09-06,nebius,b200-sxm-180gb,B200,180GB,SXM,IB-NDR,OnDemand,Interruptible,Spot,Other,Other,DIF,T1IF,T2,3.9500,True,observability;managed-ops-plane;free-egress,Available,v2.4.0,panel,
2026-09-06,oci,b200-sxm-180gb,B200,180GB,SXM,RoCE-v2,OnDemand,NonInterruptible,OnDemand,US-East,US,HIF,T1IF,T1,14.0000,True,local-nvme;egress-capped;managed-ops-plane;support-tier;observability,Available,v2.4.0,panel,us-ashburn-1
2026-09-06,qubrid,b200-sxm-180gb,B200,180GB,SXM,Unknown,1Y,NonInterruptible,Reserved,Other,Other,SIF,T2IF,T2,4.2500,False,,Available,v2.4.0,panel,
2026-09-06,runpod_community,b200-sxm-180gb,B200,180GB,SXM,Unknown,OnDemand,NonInterruptible,OnDemand,Other,Other,DIF,T3IF,T3,5.9800,False,,SoldOut,v2.4.0,panel,Global
2026-09-06,runpod_secure,b200-sxm-180gb,B200,180GB,SXM,IB-NDR,OnDemand,NonInterruptible,OnDemand,Other,Other,DIF,T2IF,T3,6.7900,True,local-nvme,Available,v2.4.0,panel,Global
2026-09-06,runpod_secure,b200-sxm-180gb,B200,180GB,SXM,IB-NDR,1Y,NonInterruptible,Reserved,Other,Other,DIF,T2IF,T3,6.7900,True,local-nvme,Available,v2.4.0,panel,Global
2026-09-06,runpod_secure,b200-sxm-180gb,B200,180GB,SXM,IB-NDR,3M,NonInterruptible,Reserved,Other,Other,DIF,T2IF,T3,6.7900,True,local-nvme,Available,v2.4.0,panel,Global
2026-09-06,runpod_secure,b200-sxm-180gb,B200,180GB,SXM,IB-NDR,6M,NonInterruptible,Reserved,Other,Other,DIF,T2IF,T3,6.7900,True,local-nvme,Available,v2.4.0,panel,Global
2026-09-06,shakti_cloud,b200-sxm-180gb,B200,180GB,SXM,IB-Unspecified,1M,NonInterruptible,Reserved,APAC,APAC,SIF,T2IF,T2,5.0058,False,,Available,v2.4.0,panel,IN
2026-09-06,spheron,b200-sxm-180gb,B200,180GB,SXM,Unknown,OnDemand,NonInterruptible,OnDemand,US-Central,US,DIF,T3IF,T3,9.3600,False,,Available,v2.4.0,panel,us-central-1
2026-09-06,spheron,b200-sxm-180gb,B200,180GB,SXM,Unknown,OnDemand,Interruptible,Spot,Other,Other,DIF,T3IF,T3,5.3730,False,,Available,v2.4.0,panel,me-west-1
2026-09-06,spheron,b200-sxm-180gb,B200,180GB,SXM,Unknown,OnDemand,Interruptible,Spot,US-Central,US,DIF,T3IF,T3,5.3376,False,,Available,v2.4.0,panel,us-central-1
2026-09-06,together,b200-sxm-180gb,B200,180GB,SXM,IB-NDR,OnDemand,NonInterruptible,OnDemand,US-East,US,SIF,T1IF,T2,8.1900,True,local-nvme;support-tier;observability;managed-ops-plane,Available,v2.4.0,panel,US
2026-09-06,together,b200-sxm-180gb,B200,180GB,SXM,IB-NDR,1M,NonInterruptible,Reserved,US-East,US,SIF,T1IF,T2,7.9900,True,local-nvme;support-tier;observability;managed-ops-plane,Available,v2.4.0,panel,US
2026-09-06,together,b200-sxm-180gb,B200,180GB,SXM,IB-NDR,3M,NonInterruptible,Reserved,US-East,US,SIF,T1IF,T2,7.7900,True,local-nvme;support-tier;observability;managed-ops-plane,Available,v2.4.0,panel,US
2026-09-06,together,b200-sxm-180gb,B200,180GB,SXM,IB-NDR,6M,NonInterruptible,Reserved,US-East,US,SIF,T1IF,T2,6.7900,True,local-nvme;support-tier;observability;managed-ops-plane,Available,v2.4.0,panel,US
2026-09-06,vast_ai,b200-sxm-180gb,B200,180GB,SXM,IB-NDR,OnDemand,NonInterruptible,OnDemand,US-East,US,DIF,T3IF,T3,6.6250,True,local-nvme,Available,v2.4.0,marketplace,", US"
2026-09-06,vast_ai,b200-sxm-180gb,B200,180GB,SXM,IB-NDR,OnDemand,NonInterruptible,OnDemand,APAC,APAC,DIF,T3IF,T3,6.6250,True,local-nvme,Available,v2.4.0,marketplace,"INDIA, IN"
2026-09-06,vast_ai,b200-sxm-180gb,B200,180GB,SXM,IB-NDR,OnDemand,NonInterruptible,OnDemand,Other,Other,DIF,T3IF,T3,5.3750,True,local-nvme,Available,v2.4.0,marketplace,"MEXICO, MX"
2026-09-06,vast_ai,b200-sxm-180gb,B200,180GB,SXM,IB-NDR,OnDemand,NonInterruptible,OnDemand,US-East,US,DIF,T3IF,T3,5.6250,True,local-nvme,Available,v2.4.0,marketplace,"VIRGINIA, US"
2026-09-06,vultr,b200-sxm-180gb,B200,180GB,SXM,Unknown,OnDemand,NonInterruptible,OnDemand,Other,Other,SIF,T2IF,T2,8.5000,False,,SoldOut,v2.4.0,panel,Multi
2026-09-06,vultr,b200-sxm-180gb,B200,180GB,SXM,Unknown,OnDemand,Interruptible,Spot,Other,Other,DIF,T2IF,T2,3.2000,False,,SoldOut,v2.4.0,panel,Multi
2026-09-07,aws,b200-sxm-180gb,B200,180GB,SXM,EFA,OnDemand,NonInterruptible,OnDemand,APAC,APAC,HIF,T1IF,T1,20.0807,True,local-nvme;managed-ops-plane;support-tier;observability,Available,v2.4.0,panel,ap-south-1
2026-09-07,aws,b200-sxm-180gb,B200,180GB,SXM,EFA,OnDemand,NonInterruptible,OnDemand,APAC,APAC,HIF,T1IF,T1,20.0813,True,local-nvme;managed-ops-plane;support-tier;observability,Available,v2.4.0,panel,ap-south-2
2026-09-07,aws,b200-sxm-180gb,B200,180GB,SXM,EFA,OnDemand,NonInterruptible,OnDemand,US-East,US,HIF,T1IF,T1,14.2416,True,local-nvme;managed-ops-plane;support-tier;observability,Available,v2.4.0,panel,us-east-1
2026-09-07,aws,b200-sxm-180gb,B200,180GB,SXM,EFA,OnDemand,NonInterruptible,OnDemand,US-East,US,HIF,T1IF,T1,14.2416,True,local-nvme;managed-ops-plane;support-tier;observability,Available,v2.4.0,panel,us-east-2
2026-09-07,aws,b200-sxm-180gb,B200,180GB,SXM,EFA,OnDemand,NonInterruptible,OnDemand,US-West,US,HIF,T1IF,T1,14.2416,True,local-nvme;managed-ops-plane;support-tier;observability,Available,v2.4.0,panel,us-west-2
2026-09-07,aws,b200-sxm-180gb,B200,180GB,SXM,EFA,3Y,NonInterruptible,Reserved,APAC,APAC,HIF,T1IF,T1,8.6751,True,local-nvme;managed-ops-plane;support-tier;observability,Available,v2.4.0,panel,ap-south-2
2026-09-07,aws,b200-sxm-180gb,B200,180GB,SXM,EFA,3Y,NonInterruptible,Reserved,US-East,US,HIF,T1IF,T1,6.1524,True,local-nvme;managed-ops-plane;support-tier;observability,Available,v2.4.0,panel,us-east-1
2026-09-07,aws,b200-sxm-180gb,B200,180GB,SXM,EFA,3Y,NonInterruptible,Reserved,US-East,US,HIF,T1IF,T1,6.1524,True,local-nvme;managed-ops-plane;support-tier;observability,Available,v2.4.0,panel,us-east-2
2026-09-07,aws,b200-sxm-180gb,B200,180GB,SXM,EFA,3Y,NonInterruptible,Reserved,US-West,US,HIF,T1IF,T1,6.1524,True,local-nvme;managed-ops-plane;support-tier;observability,Available,v2.4.0,panel,us-west-2
2026-09-07,aws,b200-sxm-180gb,B200,180GB,SXM,EFA,OnDemand,Interruptible,Spot,APAC,APAC,DIF,T2IF,T1,6.0807,False,,Available,v2.4.0,panel,ap-south-1c
2026-09-07,aws,b200-sxm-180gb,B200,180GB,SXM,EFA,OnDemand,Interruptible,Spot,APAC,APAC,DIF,T2IF,T1,6.8227,False,,Available,v2.4.0,panel,ap-south-2b
2026-09-07,aws,b200-sxm-180gb,B200,180GB,SXM,EFA,OnDemand,Interruptible,Spot,US-East,US,DIF,T2IF,T1,5.2525,False,,Available,v2.4.0,panel,us-east-1d
2026-09-07,aws,b200-sxm-180gb,B200,180GB,SXM,EFA,OnDemand,Interruptible,Spot,US-East,US,DIF,T2IF,T1,5.2715,False,,Available,v2.4.0,panel,us-east-2a
2026-09-07,aws,b200-sxm-180gb,B200,180GB,SXM,EFA,OnDemand,Interruptible,Spot,US-East,US,DIF,T2IF,T1,5.2605,False,,Available,v2.4.0,panel,us-east-2b
2026-09-07,aws,b200-sxm-180gb,B200,180GB,SXM,EFA,OnDemand,Interruptible,Spot,US-East,US,DIF,T2IF,T1,5.2106,False,,Available,v2.4.0,panel,us-east-2c
2026-09-07,aws,b200-sxm-180gb,B200,180GB,SXM,EFA,OnDemand,Interruptible,Spot,US-West,US,DIF,T2IF,T1,5.2110,False,,Available,v2.4.0,panel,us-west-2a
2026-09-07,aws,b200-sxm-180gb,B200,180GB,SXM,EFA,OnDemand,Interruptible,Spot,US-West,US,DIF,T2IF,T1,5.2352,False,,Available,v2.4.0,panel,us-west-2b
2026-09-07,aws,b200-sxm-180gb,B200,180GB,SXM,EFA,OnDemand,Interruptible,Spot,US-West,US,DIF,T2IF,T1,5.2461,False,,Available,v2.4.0,panel,us-west-2d
2026-09-07,aws_capacity_blocks,b200-sxm-180gb,B200,180GB,SXM,EFA,CapacityBlock,NonInterruptible,Reserved,Other,Other,HIF,T2IF,T1,12.3550,False,,Available,v2.4.0,term-panel,non-us
2026-09-07,aws_capacity_blocks,b200-sxm-180gb,B200,180GB,SXM,EFA,CapacityBlock,NonInterruptible,Reserved,US-East,US,HIF,T2IF,T1,12.3550,False,,Available,v2.4.0,term-panel,us-east-1
2026-09-07,civo,b200-sxm-180gb,B200,180GB,SXM,Unknown,1Y,NonInterruptible,Reserved,Other,Other,SIF,T2IF,T2,4.4900,False,,Available,v2.4.0,panel,
2026-09-07,civo,b200-sxm-180gb,B200,180GB,SXM,Unknown,2Y,NonInterruptible,Reserved,Other,Other,SIF,T2IF,T2,3.9900,False,,Available,v2.4.0,panel,
2026-09-07,civo,b200-sxm-180gb,B200,180GB,SXM,Unknown,3Y,NonInterruptible,Reserved,Other,Other,SIF,T2IF,T2,3.7900,False,,Available,v2.4.0,panel,
2026-09-07,cloudrift,b200-sxm-180gb,B200,180GB,SXM,,1M,NonInterruptible,Reserved,US-East,US,SIF,T2IF,T2,3.6000,False,,Available,v2.4.0,term-panel,US
2026-09-07,cloudrift,b200-sxm-180gb,B200,180GB,SXM,,3M,NonInterruptible,Reserved,US-East,US,SIF,T2IF,T2,3.2400,False,,Available,v2.4.0,term-panel,US
2026-09-07,coreweave,b200-sxm-180gb,B200,180GB,SXM,IB-NDR,OnDemand,NonInterruptible,OnDemand,EU,EU,IIF,T1IF,T2,8.6000,True,local-nvme;free-egress;support-tier;observability;managed-ops-plane,Available,v2.4.0,panel,EU
2026-09-07,coreweave,b200-sxm-180gb,B200,180GB,SXM,IB-NDR,OnDemand,NonInterruptible,OnDemand,US-East,US,IIF,T1IF,T2,8.6000,True,local-nvme;free-egress;support-tier;observability;managed-ops-plane,Available,v2.4.0,panel,US
2026-09-07,coreweave,b200-sxm-180gb,B200,180GB,SXM,IB-NDR,OnDemand,Interruptible,Spot,EU,EU,DIF,T1IF,T2,4.3588,True,local-nvme;free-egress;support-tier;observability;managed-ops-plane,Available,v2.4.0,panel,EU
2026-09-07,coreweave,b200-sxm-180gb,B200,180GB,SXM,IB-NDR,OnDemand,Interruptible,Spot,US-East,US,DIF,T1IF,T2,4.2638,True,local-nvme;free-egress;support-tier;observability;managed-ops-plane,Available,v2.4.0,panel,US
2026-09-07,datacrunch,b200-sxm-180gb,B200,180GB,SXM,IB-NDR,OnDemand,NonInterruptible,OnDemand,EU,EU,SIF,T2IF,T2,6.1100,True,local-nvme,Available,v2.4.0,panel,EU-FI
2026-09-07,datacrunch,b200-sxm-180gb,B200,180GB,SXM,IB-NDR,1M,NonInterruptible,Reserved,EU,EU,SIF,T2IF,T2,5.9878,True,local-nvme,Available,v2.4.0,panel,EU-FI
2026-09-07,datacrunch,b200-sxm-180gb,B200,180GB,SXM,IB-NDR,1Y,NonInterruptible,Reserved,EU,EU,SIF,T2IF,T2,5.6212,True,local-nvme,Available,v2.4.0,panel,EU-FI
2026-09-07,datacrunch,b200-sxm-180gb,B200,180GB,SXM,IB-NDR,2Y,NonInterruptible,Reserved,EU,EU,SIF,T2IF,T2,4.5825,True,local-nvme,Available,v2.4.0,panel,EU-FI
2026-09-07,datacrunch,b200-sxm-180gb,B200,180GB,SXM,IB-NDR,3M,NonInterruptible,Reserved,EU,EU,SIF,T2IF,T2,5.9267,True,local-nvme,Available,v2.4.0,panel,EU-FI
2026-09-07,datacrunch,b200-sxm-180gb,B200,180GB,SXM,IB-NDR,6M,NonInterruptible,Reserved,EU,EU,SIF,T2IF,T2,5.8656,True,local-nvme,Available,v2.4.0,panel,EU-FI
2026-09-07,datacrunch,b200-sxm-180gb,B200,180GB,SXM,IB-NDR,OnDemand,Interruptible,Spot,EU,EU,DIF,T2IF,T2,3.0550,True,local-nvme,Available,v2.4.0,panel,EU-FI
2026-09-07,deepinfra_gpu,b200-sxm-180gb,B200,180GB,SXM,,OnDemand,NonInterruptible,OnDemand,Other,Other,SIF,T2IF,T2,3.6900,False,,Available,v2.4.0,panel,undisclosed
2026-09-07,e2e,b200-sxm-180gb,B200,180GB,SXM,IB-NDR,OnDemand,NonInterruptible,OnDemand,APAC,APAC,IIF,T2IF,T2,6.9900,False,,Available,v2.4.0,panel,India
2026-09-07,e2e,b200-sxm-180gb,B200,180GB,SXM,IB-NDR,1M,NonInterruptible,Reserved,APAC,APAC,IIF,T2IF,T2,6.9211,False,,Available,v2.4.0,panel,India
2026-09-07,e2e,b200-sxm-180gb,B200,180GB,SXM,IB-NDR,1Y,NonInterruptible,Reserved,APAC,APAC,IIF,T2IF,T2,6.2888,False,,Available,v2.4.0,panel,India
2026-09-07,gcp,b200-sxm-180gb,B200,180GB,SXM,IB-NDR,OnDemand,NonInterruptible,OnDemand,APAC,APAC,HIF,T1IF,T1,19.3320,True,local-nvme;managed-ops-plane;support-tier;observability,Available,v2.4.0,panel,asia-southeast1
2026-09-07,gcp,b200-sxm-180gb,B200,180GB,SXM,IB-NDR,OnDemand,NonInterruptible,OnDemand,EU,EU,HIF,T1IF,T1,17.7210,True,local-nvme;managed-ops-plane;support-tier;observability,Available,v2.4.0,panel,europe-west4
2026-09-07,gcp,b200-sxm-180gb,B200,180GB,SXM,IB-NDR,OnDemand,NonInterruptible,OnDemand,US-Central,US,HIF,T1IF,T1,16.1100,True,local-nvme;managed-ops-plane;support-tier;observability,Available,v2.4.0,panel,us-central1
2026-09-07,gcp,b200-sxm-180gb,B200,180GB,SXM,IB-NDR,OnDemand,NonInterruptible,OnDemand,US-East,US,HIF,T1IF,T1,16.1100,True,local-nvme;managed-ops-plane;support-tier;observability,Available,v2.4.0,panel,us-east1
2026-09-07,gcp,b200-sxm-180gb,B200,180GB,SXM,IB-NDR,1Y,NonInterruptible,Reserved,APAC,APAC,HIF,T1IF,T1,13.3391,True,local-nvme;managed-ops-plane;support-tier;observability,Available,v2.4.0,panel,asia-northeast1
2026-09-07,gcp,b200-sxm-180gb,B200,180GB,SXM,IB-NDR,1Y,NonInterruptible,Reserved,APAC,APAC,HIF,T1IF,T1,13.3391,True,local-nvme;managed-ops-plane;support-tier;observability,Available,v2.4.0,panel,asia-southeast1
2026-09-07,gcp,b200-sxm-180gb,B200,180GB,SXM,IB-NDR,1Y,NonInterruptible,Reserved,EU,EU,HIF,T1IF,T1,12.2275,True,local-nvme;managed-ops-plane;support-tier;observability,Available,v2.4.0,panel,europe-west4
2026-09-07,gcp,b200-sxm-180gb,B200,180GB,SXM,IB-NDR,1Y,NonInterruptible,Reserved,US-Central,US,HIF,T1IF,T1,11.1159,True,local-nvme;managed-ops-plane;support-tier;observability,Available,v2.4.0,panel,us-central1
2026-09-07,gcp,b200-sxm-180gb,B200,180GB,SXM,IB-NDR,1Y,NonInterruptible,Reserved,US-East,US,HIF,T1IF,T1,11.1159,True,local-nvme;managed-ops-plane;support-tier;observability,Available,v2.4.0,panel,us-east1
2026-09-07,gcp,b200-sxm-180gb,B200,180GB,SXM,IB-NDR,1Y,NonInterruptible,Reserved,US-South,US,HIF,T1IF,T1,11.1159,True,local-nvme;managed-ops-plane;support-tier;observability,Available,v2.4.0,panel,us-south1
2026-09-07,gcp,b200-sxm-180gb,B200,180GB,SXM,IB-NDR,1Y,NonInterruptible,Reserved,US-West,US,HIF,T1IF,T1,11.1159,True,local-nvme;managed-ops-plane;support-tier;observability,Available,v2.4.0,panel,us-west1
2026-09-07,gcp,b200-sxm-180gb,B200,180GB,SXM,IB-NDR,1Y,NonInterruptible,Reserved,US-West,US,HIF,T1IF,T1,11.1159,True,local-nvme;managed-ops-plane;support-tier;observability,Available,v2.4.0,panel,us-west2
2026-09-07,gcp,b200-sxm-180gb,B200,180GB,SXM,IB-NDR,1Y,NonInterruptible,Reserved,US-West,US,HIF,T1IF,T1,11.1159,True,local-nvme;managed-ops-plane;support-tier;observability,Available,v2.4.0,panel,us-west3
2026-09-07,gcp,b200-sxm-180gb,B200,180GB,SXM,IB-NDR,1Y,NonInterruptible,Reserved,US-West,US,HIF,T1IF,T1,11.1159,True,local-nvme;managed-ops-plane;support-tier;observability,Available,v2.4.0,panel,us-west4
2026-09-07,gcp,b200-sxm-180gb,B200,180GB,SXM,IB-NDR,3Y,NonInterruptible,Reserved,APAC,APAC,HIF,T1IF,T1,8.5061,True,local-nvme;managed-ops-plane;support-tier;observability,Available,v2.4.0,panel,asia-northeast1
2026-09-07,gcp,b200-sxm-180gb,B200,180GB,SXM,IB-NDR,3Y,NonInterruptible,Reserved,APAC,APAC,HIF,T1IF,T1,8.5061,True,local-nvme;managed-ops-plane;support-tier;observability,Available,v2.4.0,panel,asia-southeast1
2026-09-07,gcp,b200-sxm-180gb,B200,180GB,SXM,IB-NDR,3Y,NonInterruptible,Reserved,EU,EU,HIF,T1IF,T1,7.7972,True,local-nvme;managed-ops-plane;support-tier;observability,Available,v2.4.0,panel,europe-west4
2026-09-07,gcp,b200-sxm-180gb,B200,180GB,SXM,IB-NDR,3Y,NonInterruptible,Reserved,US-Central,US,HIF,T1IF,T1,7.0884,True,local-nvme;managed-ops-plane;support-tier;observability,Available,v2.4.0,panel,us-central1
2026-09-07,gcp,b200-sxm-180gb,B200,180GB,SXM,IB-NDR,3Y,NonInterruptible,Reserved,US-East,US,HIF,T1IF,T1,7.0884,True,local-nvme;managed-ops-plane;support-tier;observability,Available,v2.4.0,panel,us-east1
2026-09-07,gcp,b200-sxm-180gb,B200,180GB,SXM,IB-NDR,3Y,NonInterruptible,Reserved,US-South,US,HIF,T1IF,T1,7.0884,True,local-nvme;managed-ops-plane;support-tier;observability,Available,v2.4.0,panel,us-south1
2026-09-07,gcp,b200-sxm-180gb,B200,180GB,SXM,IB-NDR,3Y,NonInterruptible,Reserved,US-West,US,HIF,T1IF,T1,7.0884,True,local-nvme;managed-ops-plane;support-tier;observability,Available,v2.4.0,panel,us-west1
2026-09-07,gcp,b200-sxm-180gb,B200,180GB,SXM,IB-NDR,3Y,NonInterruptible,Reserved,US-West,US,HIF,T1IF,T1,7.0884,True,local-nvme;managed-ops-plane;support-tier;observability,Available,v2.4.0,panel,us-west2
2026-09-07,gcp,b200-sxm-180gb,B200,180GB,SXM,IB-NDR,3Y,NonInterruptible,Reserved,US-West,US,HIF,T1IF,T1,7.0884,True,local-nvme;managed-ops-plane;support-tier;observability,Available,v2.4.0,panel,us-west3
2026-09-07,gcp,b200-sxm-180gb,B200,180GB,SXM,IB-NDR,3Y,NonInterruptible,Reserved,US-West,US,HIF,T1IF,T1,7.0884,True,local-nvme;managed-ops-plane;support-tier;observability,Available,v2.4.0,panel,us-west4
2026-09-07,gcp,b200-sxm-180gb,B200,180GB,SXM,IB-NDR,OnDemand,Interruptible,Spot,APAC,APAC,DIF,T1IF,T1,5.9316,True,local-nvme;managed-ops-plane;support-tier;observability,Available,v2.4.0,panel,asia-northeast1
2026-09-07,gcp,b200-sxm-180gb,B200,180GB,SXM,IB-NDR,OnDemand,Interruptible,Spot,APAC,APAC,DIF,T1IF,T1,4.9021,True,local-nvme;managed-ops-plane;support-tier;observability,Available,v2.4.0,panel,asia-southeast1
2026-09-07,gcp,b200-sxm-180gb,B200,180GB,SXM,IB-NDR,OnDemand,Interruptible,Spot,EU,EU,DIF,T1IF,T1,5.4373,True,local-nvme;managed-ops-plane;support-tier;observability,Available,v2.4.0,panel,europe-north1
2026-09-07,gcp,b200-sxm-180gb,B200,180GB,SXM,IB-NDR,OnDemand,Interruptible,Spot,EU,EU,DIF,T1IF,T1,2.1924,True,local-nvme;managed-ops-plane;support-tier;observability,Available,v2.4.0,panel,europe-west1
2026-09-07,gcp,b200-sxm-180gb,B200,180GB,SXM,IB-NDR,OnDemand,Interruptible,Spot,EU,EU,DIF,T1IF,T1,4.9194,True,local-nvme;managed-ops-plane;support-tier;observability,Available,v2.4.0,panel,europe-west4
2026-09-07,gcp,b200-sxm-180gb,B200,180GB,SXM,IB-NDR,OnDemand,Interruptible,Spot,US-Central,US,DIF,T1IF,T1,4.9542,True,local-nvme;managed-ops-plane;support-tier;observability,Available,v2.4.0,panel,us-central1
2026-09-07,gcp,b200-sxm-180gb,B200,180GB,SXM,IB-NDR,OnDemand,Interruptible,Spot,US-East,US,DIF,T1IF,T1,4.9542,True,local-nvme;managed-ops-plane;support-tier;observability,Available,v2.4.0,panel,us-east1
2026-09-07,gcp,b200-sxm-180gb,B200,180GB,SXM,IB-NDR,OnDemand,Interruptible,Spot,US-East,US,DIF,T1IF,T1,4.0758,True,local-nvme;managed-ops-plane;support-tier;observability,Available,v2.4.0,panel,us-east4
2026-09-07,gcp,b200-sxm-180gb,B200,180GB,SXM,IB-NDR,OnDemand,Interruptible,Spot,US-South,US,DIF,T1IF,T1,4.4936,True,local-nvme;managed-ops-plane;support-tier;observability,Available,v2.4.0,panel,us-south1
2026-09-07,gcp,b200-sxm-180gb,B200,180GB,SXM,IB-NDR,OnDemand,Interruptible,Spot,US-West,US,DIF,T1IF,T1,4.2592,True,local-nvme;managed-ops-plane;support-tier;observability,Available,v2.4.0,panel,us-west2
2026-09-07,gcp,b200-sxm-180gb,B200,180GB,SXM,IB-NDR,OnDemand,Interruptible,Spot,US-West,US,DIF,T1IF,T1,4.6958,True,local-nvme;managed-ops-plane;support-tier;observability,Available,v2.4.0,panel,us-west3
2026-09-07,gcp_cud,b200-sxm-180gb,B200,180GB,SXM,IB-NDR,1Y,NonInterruptible,Reserved,APAC,APAC,HIF,T2IF,T1,13.3391,False,,Available,v2.4.0,candidate,asia-northeast1
2026-09-07,gcp_cud,b200-sxm-180gb,B200,180GB,SXM,IB-NDR,1Y,NonInterruptible,Reserved,APAC,APAC,HIF,T2IF,T1,13.3391,False,,Available,v2.4.0,candidate,asia-southeast1
2026-09-07,gcp_cud,b200-sxm-180gb,B200,180GB,SXM,IB-NDR,1Y,NonInterruptible,Reserved,EU,EU,HIF,T2IF,T1,12.2275,False,,Available,v2.4.0,candidate,europe-west4
2026-09-07,gcp_cud,b200-sxm-180gb,B200,180GB,SXM,IB-NDR,1Y,NonInterruptible,Reserved,US-Central,US,HIF,T2IF,T1,11.1159,False,,Available,v2.4.0,candidate,us-central1
2026-09-07,gcp_cud,b200-sxm-180gb,B200,180GB,SXM,IB-NDR,1Y,NonInterruptible,Reserved,US-East,US,HIF,T2IF,T1,11.1159,False,,Available,v2.4.0,candidate,us-east1
2026-09-07,gcp_cud,b200-sxm-180gb,B200,180GB,SXM,IB-NDR,1Y,NonInterruptible,Reserved,US-South,US,HIF,T2IF,T1,11.1159,False,,Available,v2.4.0,candidate,us-south1
2026-09-07,gcp_cud,b200-sxm-180gb,B200,180GB,SXM,IB-NDR,1Y,NonInterruptible,Reserved,US-West,US,HIF,T2IF,T1,11.1159,False,,Available,v2.4.0,candidate,us-west1
2026-09-07,gcp_cud,b200-sxm-180gb,B200,180GB,SXM,IB-NDR,1Y,NonInterruptible,Reserved,US-West,US,HIF,T2IF,T1,11.1159,False,,Available,v2.4.0,candidate,us-west2
2026-09-07,gcp_cud,b200-sxm-180gb,B200,180GB,SXM,IB-NDR,1Y,NonInterruptible,Reserved,US-West,US,HIF,T2IF,T1,11.1159,False,,Available,v2.4.0,candidate,us-west3
2026-09-07,gcp_cud,b200-sxm-180gb,B200,180GB,SXM,IB-NDR,1Y,NonInterruptible,Reserved,US-West,US,HIF,T2IF,T1,11.1159,False,,Available,v2.4.0,candidate,us-west4
2026-09-07,gcp_cud,b200-sxm-180gb,B200,180GB,SXM,IB-NDR,3Y,NonInterruptible,Reserved,APAC,APAC,HIF,T2IF,T1,8.5061,False,,Available,v2.4.0,candidate,asia-northeast1
2026-09-07,gcp_cud,b200-sxm-180gb,B200,180GB,SXM,IB-NDR,3Y,NonInterruptible,Reserved,APAC,APAC,HIF,T2IF,T1,8.5061,False,,Available,v2.4.0,candidate,asia-southeast1
2026-09-07,gcp_cud,b200-sxm-180gb,B200,180GB,SXM,IB-NDR,3Y,NonInterruptible,Reserved,EU,EU,HIF,T2IF,T1,7.7972,False,,Available,v2.4.0,candidate,europe-west4
2026-09-07,gcp_cud,b200-sxm-180gb,B200,180GB,SXM,IB-NDR,3Y,NonInterruptible,Reserved,US-Central,US,HIF,T2IF,T1,7.0884,False,,Available,v2.4.0,candidate,us-central1
2026-09-07,gcp_cud,b200-sxm-180gb,B200,180GB,SXM,IB-NDR,3Y,NonInterruptible,Reserved,US-East,US,HIF,T2IF,T1,7.0884,False,,Available,v2.4.0,candidate,us-east1
2026-09-07,gcp_cud,b200-sxm-180gb,B200,180GB,SXM,IB-NDR,3Y,NonInterruptible,Reserved,US-South,US,HIF,T2IF,T1,7.0884,False,,Available,v2.4.0,candidate,us-south1
2026-09-07,gcp_cud,b200-sxm-180gb,B200,180GB,SXM,IB-NDR,3Y,NonInterruptible,Reserved,US-West,US,HIF,T2IF,T1,7.0884,False,,Available,v2.4.0,candidate,us-west1
2026-09-07,gcp_cud,b200-sxm-180gb,B200,180GB,SXM,IB-NDR,3Y,NonInterruptible,Reserved,US-West,US,HIF,T2IF,T1,7.0884,False,,Available,v2.4.0,candidate,us-west2
2026-09-07,gcp_cud,b200-sxm-180gb,B200,180GB,SXM,IB-NDR,3Y,NonInterruptible,Reserved,US-West,US,HIF,T2IF,T1,7.0884,False,,Available,v2.4.0,candidate,us-west3
2026-09-07,gcp_cud,b200-sxm-180gb,B200,180GB,SXM,IB-NDR,3Y,NonInterruptible,Reserved,US-West,US,HIF,T2IF,T1,7.0884,False,,Available,v2.4.0,candidate,us-west4
2026-09-07,gcp_dws,b200-sxm-180gb,B200,180GB,SXM,IB-NDR,FlexStart,NonInterruptible,Reserved,US-Central,US,HIF,T2IF,T1,8.0550,False,,Available,v2.4.0,term-panel,us-central1
2026-09-07,gmi_cloud,b200-sxm-180gb,B200,180GB,SXM,IB-NDR,OnDemand,NonInterruptible,OnDemand,US-East,US,IIF,T2IF,T2,4.0000,False,,Available,v2.4.0,candidate,US
2026-09-07,hyperstack,b200-sxm-180gb,B200,180GB,SXM,IB-NDR,OnDemand,NonInterruptible,OnDemand,Other,Other,SIF,T2IF,T2,6.0000,True,local-nvme,Available,v2.4.0,panel,Multi
2026-09-07,hyperstack,b200-sxm-180gb,B200,180GB,SXM,IB-NDR,6M,NonInterruptible,Reserved,Other,Other,SIF,T2IF,T2,5.1000,True,local-nvme,Available,v2.4.0,panel,Multi
2026-09-07,koyeb,b200-sxm-180gb,B200,180GB,SXM,Unknown,OnDemand,NonInterruptible,OnDemand,Other,Other,SIF,T2IF,T2,5.5000,False,,Available,v2.4.0,candidate,Multi
2026-09-07,lambda,b200-sxm-180gb,B200,180GB,SXM,IB-NDR,OnDemand,NonInterruptible,OnDemand,US-East,US,IIF,T2IF,T2,6.6900,True,local-nvme,SoldOut,v2.4.0,panel,US
2026-09-07,lambda,b200-sxm-180gb,B200,180GB,SXM,IB-NDR,ReservedBand,NonInterruptible,Reserved,US-East,US,IIF,T2IF,T2,9.8600,True,local-nvme,Available,v2.4.0,panel,US
2026-09-07,lyceum,b200-sxm-180gb,B200,180GB,SXM,,OnDemand,NonInterruptible,OnDemand,Other,Other,SIF,T2IF,T2,6.2900,False,,Available,v2.4.0,candidate,EU (undisclosed)
2026-09-07,lyceum,b200-sxm-180gb,B200,180GB,SXM,,OnDemand,NonInterruptible,OnDemand,Other,Other,SIF,T2IF,T2,6.5900,False,,Available,v2.4.0,candidate,EU (undisclosed)
2026-09-07,massed_compute,b200-sxm-180gb,B200,180GB,SXM,Unknown,OnDemand,NonInterruptible,OnDemand,US-East,US,DIF,T3IF,T3,5.4325,False,,Available,v2.4.0,panel,US
2026-09-07,nebius,b200-sxm-180gb,B200,180GB,SXM,IB-NDR,OnDemand,NonInterruptible,OnDemand,Other,Other,IIF,T1IF,T2,7.1500,True,observability;managed-ops-plane;free-egress,Available,v2.4.0,panel,
2026-09-07,nebius,b200-sxm-180gb,B200,180GB,SXM,IB-NDR,OnDemand,Interruptible,Spot,Other,Other,DIF,T1IF,T2,3.9500,True,observability;managed-ops-plane;free-egress,Available,v2.4.0,panel,
2026-09-07,oci,b200-sxm-180gb,B200,180GB,SXM,RoCE-v2,OnDemand,NonInterruptible,OnDemand,US-East,US,HIF,T1IF,T1,14.0000,True,local-nvme;egress-capped;managed-ops-plane;support-tier;observability,Available,v2.4.0,panel,us-ashburn-1
2026-09-07,qubrid,b200-sxm-180gb,B200,180GB,SXM,Unknown,1Y,NonInterruptible,Reserved,Other,Other,SIF,T2IF,T2,4.2500,False,,Available,v2.4.0,panel,
2026-09-07,runpod_community,b200-sxm-180gb,B200,180GB,SXM,Unknown,OnDemand,NonInterruptible,OnDemand,Other,Other,DIF,T3IF,T3,5.9800,False,,SoldOut,v2.4.0,panel,Global
2026-09-07,runpod_secure,b200-sxm-180gb,B200,180GB,SXM,IB-NDR,OnDemand,NonInterruptible,OnDemand,Other,Other,DIF,T2IF,T3,6.7900,True,local-nvme,Available,v2.4.0,panel,Global
2026-09-07,runpod_secure,b200-sxm-180gb,B200,180GB,SXM,IB-NDR,1Y,NonInterruptible,Reserved,Other,Other,DIF,T2IF,T3,6.7900,True,local-nvme,Available,v2.4.0,panel,Global
2026-09-07,runpod_secure,b200-sxm-180gb,B200,180GB,SXM,IB-NDR,3M,NonInterruptible,Reserved,Other,Other,DIF,T2IF,T3,6.7900,True,local-nvme,Available,v2.4.0,panel,Global
2026-09-07,runpod_secure,b200-sxm-180gb,B200,180GB,SXM,IB-NDR,6M,NonInterruptible,Reserved,Other,Other,DIF,T2IF,T3,6.7900,True,local-nvme,Available,v2.4.0,panel,Global
2026-09-07,shakti_cloud,b200-sxm-180gb,B200,180GB,SXM,IB-Unspecified,1M,NonInterruptible,Reserved,APAC,APAC,SIF,T2IF,T2,5.0058,False,,Available,v2.4.0,panel,IN
2026-09-07,spheron,b200-sxm-180gb,B200,180GB,SXM,Unknown,OnDemand,NonInterruptible,OnDemand,Other,Other,DIF,T3IF,T3,9.3031,False,,Available,v2.4.0,panel,me-west-1
2026-09-07,spheron,b200-sxm-180gb,B200,180GB,SXM,Unknown,OnDemand,NonInterruptible,OnDemand,US-Central,US,DIF,T3IF,T3,9.3600,False,,Available,v2.4.0,panel,us-central-1
2026-09-07,spheron,b200-sxm-180gb,B200,180GB,SXM,Unknown,OnDemand,Interruptible,Spot,Other,Other,DIF,T3IF,T3,5.3730,False,,Available,v2.4.0,panel,me-west-1
2026-09-07,spheron,b200-sxm-180gb,B200,180GB,SXM,Unknown,OnDemand,Interruptible,Spot,US-Central,US,DIF,T3IF,T3,5.3730,False,,Available,v2.4.0,panel,us-central-1
2026-09-07,together,b200-sxm-180gb,B200,180GB,SXM,IB-NDR,OnDemand,NonInterruptible,OnDemand,US-East,US,SIF,T1IF,T2,8.1900,True,local-nvme;support-tier;observability;managed-ops-plane,Available,v2.4.0,panel,US
2026-09-07,together,b200-sxm-180gb,B200,180GB,SXM,IB-NDR,1M,NonInterruptible,Reserved,US-East,US,SIF,T1IF,T2,7.9900,True,local-nvme;support-tier;observability;managed-ops-plane,Available,v2.4.0,panel,US
2026-09-07,together,b200-sxm-180gb,B200,180GB,SXM,IB-NDR,3M,NonInterruptible,Reserved,US-East,US,SIF,T1IF,T2,7.7900,True,local-nvme;support-tier;observability;managed-ops-plane,Available,v2.4.0,panel,US
2026-09-07,together,b200-sxm-180gb,B200,180GB,SXM,IB-NDR,6M,NonInterruptible,Reserved,US-East,US,SIF,T1IF,T2,6.7900,True,local-nvme;support-tier;observability;managed-ops-plane,Available,v2.4.0,panel,US
2026-09-07,upcloud,b200-sxm-180gb,B200,180GB,SXM,Unknown,OnDemand,NonInterruptible,OnDemand,EU,EU,SIF,T2IF,T2,5.2299,False,,Available,v2.4.0,panel,EU-FI
2026-09-07,upcloud,b200-sxm-180gb,B200,180GB,SXM,Unknown,OnDemand,Interruptible,Spot,EU,EU,DIF,T2IF,T2,3.9224,False,,Available,v2.4.0,panel,EU-FI
2026-09-07,vast_ai,b200-sxm-180gb,B200,180GB,SXM,IB-NDR,OnDemand,NonInterruptible,OnDemand,US-East,US,DIF,T3IF,T3,5.8750,True,local-nvme,Available,v2.4.0,marketplace,", US"
2026-09-07,vast_ai,b200-sxm-180gb,B200,180GB,SXM,IB-NDR,OnDemand,NonInterruptible,OnDemand,APAC,APAC,DIF,T3IF,T3,5.5625,True,local-nvme,Available,v2.4.0,marketplace,"AUSTRALIA, AU"
2026-09-07,vast_ai,b200-sxm-180gb,B200,180GB,SXM,IB-NDR,OnDemand,NonInterruptible,OnDemand,APAC,APAC,DIF,T3IF,T3,6.6250,True,local-nvme,Available,v2.4.0,marketplace,"INDIA, IN"
2026-09-07,vast_ai,b200-sxm-180gb,B200,180GB,SXM,IB-NDR,OnDemand,NonInterruptible,OnDemand,Other,Other,DIF,T3IF,T3,5.3750,True,local-nvme,Available,v2.4.0,marketplace,"MEXICO, MX"
2026-09-07,vast_ai,b200-sxm-180gb,B200,180GB,SXM,IB-NDR,OnDemand,NonInterruptible,OnDemand,US-East,US,DIF,T3IF,T3,3.7500,True,local-nvme,Available,v2.4.0,marketplace,"VIRGINIA, US"
2026-09-07,vultr,b200-sxm-180gb,B200,180GB,SXM,Unknown,OnDemand,NonInterruptible,OnDemand,Other,Other,SIF,T2IF,T2,8.5000,False,,SoldOut,v2.4.0,panel,Multi
2026-09-07,vultr,b200-sxm-180gb,B200,180GB,SXM,Unknown,OnDemand,Interruptible,Spot,Other,Other,DIF,T2IF,T2,3.2000,False,,SoldOut,v2.4.0,panel,Multi
2026-09-08,aws,b200-sxm-180gb,B200,180GB,SXM,EFA,OnDemand,NonInterruptible,OnDemand,APAC,APAC,HIF,T1IF,T1,20.0807,True,local-nvme;managed-ops-plane;support-tier;observability,Available,v2.4.0,panel,ap-south-1
2026-09-08,aws,b200-sxm-180gb,B200,180GB,SXM,EFA,OnDemand,NonInterruptible,OnDemand,APAC,APAC,HIF,T1IF,T1,20.0813,True,local-nvme;managed-ops-plane;support-tier;observability,Available,v2.4.0,panel,ap-south-2
2026-09-08,aws,b200-sxm-180gb,B200,180GB,SXM,EFA,OnDemand,NonInterruptible,OnDemand,US-East,US,HIF,T1IF,T1,14.2416,True,local-nvme;managed-ops-plane;support-tier;observability,Available,v2.4.0,panel,us-east-1
2026-09-08,aws,b200-sxm-180gb,B200,180GB,SXM,EFA,OnDemand,NonInterruptible,OnDemand,US-East,US,HIF,T1IF,T1,14.2416,True,local-nvme;managed-ops-plane;support-tier;observability,Available,v2.4.0,panel,us-east-2
2026-09-08,aws,b200-sxm-180gb,B200,180GB,SXM,EFA,OnDemand,NonInterruptible,OnDemand,US-West,US,HIF,T1IF,T1,14.2416,True,local-nvme;managed-ops-plane;support-tier;observability,Available,v2.4.0,panel,us-west-2
2026-09-08,aws,b200-sxm-180gb,B200,180GB,SXM,EFA,3Y,NonInterruptible,Reserved,APAC,APAC,HIF,T1IF,T1,8.6751,True,local-nvme;managed-ops-plane;support-tier;observability,Available,v2.4.0,panel,ap-south-2
2026-09-08,aws,b200-sxm-180gb,B200,180GB,SXM,EFA,3Y,NonInterruptible,Reserved,US-East,US,HIF,T1IF,T1,6.1524,True,local-nvme;managed-ops-plane;support-tier;observability,Available,v2.4.0,panel,us-east-1
2026-09-08,aws,b200-sxm-180gb,B200,180GB,SXM,EFA,3Y,NonInterruptible,Reserved,US-East,US,HIF,T1IF,T1,6.1524,True,local-nvme;managed-ops-plane;support-tier;observability,Available,v2.4.0,panel,us-east-2
2026-09-08,aws,b200-sxm-180gb,B200,180GB,SXM,EFA,3Y,NonInterruptible,Reserved,US-West,US,HIF,T1IF,T1,6.1524,True,local-nvme;managed-ops-plane;support-tier;observability,Available,v2.4.0,panel,us-west-2
2026-09-08,aws,b200-sxm-180gb,B200,180GB,SXM,EFA,OnDemand,Interruptible,Spot,APAC,APAC,DIF,T2IF,T1,6.0886,False,,Available,v2.4.0,panel,ap-south-1c
2026-09-08,aws,b200-sxm-180gb,B200,180GB,SXM,EFA,OnDemand,Interruptible,Spot,APAC,APAC,DIF,T2IF,T1,6.3336,False,,Available,v2.4.0,panel,ap-south-2b
2026-09-08,aws,b200-sxm-180gb,B200,180GB,SXM,EFA,OnDemand,Interruptible,Spot,US-East,US,DIF,T2IF,T1,5.2596,False,,Available,v2.4.0,panel,us-east-1d
2026-09-08,aws,b200-sxm-180gb,B200,180GB,SXM,EFA,OnDemand,Interruptible,Spot,US-East,US,DIF,T2IF,T1,5.2752,False,,Available,v2.4.0,panel,us-east-2a
2026-09-08,aws,b200-sxm-180gb,B200,180GB,SXM,EFA,OnDemand,Interruptible,Spot,US-East,US,DIF,T2IF,T1,5.2692,False,,Available,v2.4.0,panel,us-east-2b
2026-09-08,aws,b200-sxm-180gb,B200,180GB,SXM,EFA,OnDemand,Interruptible,Spot,US-East,US,DIF,T2IF,T1,5.2103,False,,Available,v2.4.0,panel,us-east-2c
2026-09-08,aws,b200-sxm-180gb,B200,180GB,SXM,EFA,OnDemand,Interruptible,Spot,US-West,US,DIF,T2IF,T1,5.1987,False,,Available,v2.4.0,panel,us-west-2a
2026-09-08,aws,b200-sxm-180gb,B200,180GB,SXM,EFA,OnDemand,Interruptible,Spot,US-West,US,DIF,T2IF,T1,5.2360,False,,Available,v2.4.0,panel,us-west-2b
2026-09-08,aws,b200-sxm-180gb,B200,180GB,SXM,EFA,OnDemand,Interruptible,Spot,US-West,US,DIF,T2IF,T1,5.2571,False,,Available,v2.4.0,panel,us-west-2d
2026-09-08,aws_capacity_blocks,b200-sxm-180gb,B200,180GB,SXM,EFA,CapacityBlock,NonInterruptible,Reserved,Other,Other,HIF,T2IF,T1,12.3550,False,,Available,v2.4.0,term-panel,non-us
2026-09-08,aws_capacity_blocks,b200-sxm-180gb,B200,180GB,SXM,EFA,CapacityBlock,NonInterruptible,Reserved,US-East,US,HIF,T2IF,T1,12.3550,False,,Available,v2.4.0,term-panel,us-east-1
2026-09-08,civo,b200-sxm-180gb,B200,180GB,SXM,Unknown,1Y,NonInterruptible,Reserved,Other,Other,SIF,T2IF,T2,4.4900,False,,Available,v2.4.0,panel,
2026-09-08,civo,b200-sxm-180gb,B200,180GB,SXM,Unknown,2Y,NonInterruptible,Reserved,Other,Other,SIF,T2IF,T2,3.9900,False,,Available,v2.4.0,panel,
2026-09-08,civo,b200-sxm-180gb,B200,180GB,SXM,Unknown,3Y,NonInterruptible,Reserved,Other,Other,SIF,T2IF,T2,3.7900,False,,Available,v2.4.0,panel,
2026-09-08,cloudrift,b200-sxm-180gb,B200,180GB,SXM,,1M,NonInterruptible,Reserved,US-East,US,SIF,T2IF,T2,3.6000,False,,Available,v2.4.0,term-panel,US
2026-09-08,cloudrift,b200-sxm-180gb,B200,180GB,SXM,,3M,NonInterruptible,Reserved,US-East,US,SIF,T2IF,T2,3.2400,False,,Available,v2.4.0,term-panel,US
2026-09-08,coreweave,b200-sxm-180gb,B200,180GB,SXM,IB-NDR,OnDemand,NonInterruptible,OnDemand,EU,EU,IIF,T1IF,T2,8.6000,True,local-nvme;free-egress;support-tier;observability;managed-ops-plane,Available,v2.4.0,panel,EU
2026-09-08,coreweave,b200-sxm-180gb,B200,180GB,SXM,IB-NDR,OnDemand,NonInterruptible,OnDemand,US-East,US,IIF,T1IF,T2,8.6000,True,local-nvme;free-egress;support-tier;observability;managed-ops-plane,Available,v2.4.0,panel,US
2026-09-08,coreweave,b200-sxm-180gb,B200,180GB,SXM,IB-NDR,OnDemand,Interruptible,Spot,EU,EU,DIF,T1IF,T2,4.3588,True,local-nvme;free-egress;support-tier;observability;managed-ops-plane,Available,v2.4.0,panel,EU
2026-09-08,coreweave,b200-sxm-180gb,B200,180GB,SXM,IB-NDR,OnDemand,Interruptible,Spot,US-East,US,DIF,T1IF,T2,4.2638,True,local-nvme;free-egress;support-tier;observability;managed-ops-plane,Available,v2.4.0,panel,US
2026-09-08,datacrunch,b200-sxm-180gb,B200,180GB,SXM,IB-NDR,OnDemand,NonInterruptible,OnDemand,EU,EU,SIF,T2IF,T2,6.1100,True,local-nvme,Available,v2.4.0,panel,EU-FI
2026-09-08,datacrunch,b200-sxm-180gb,B200,180GB,SXM,IB-NDR,1M,NonInterruptible,Reserved,EU,EU,SIF,T2IF,T2,5.9878,True,local-nvme,Available,v2.4.0,panel,EU-FI
2026-09-08,datacrunch,b200-sxm-180gb,B200,180GB,SXM,IB-NDR,1Y,NonInterruptible,Reserved,EU,EU,SIF,T2IF,T2,5.6212,True,local-nvme,Available,v2.4.0,panel,EU-FI
2026-09-08,datacrunch,b200-sxm-180gb,B200,180GB,SXM,IB-NDR,2Y,NonInterruptible,Reserved,EU,EU,SIF,T2IF,T2,4.5825,True,local-nvme,Available,v2.4.0,panel,EU-FI
2026-09-08,datacrunch,b200-sxm-180gb,B200,180GB,SXM,IB-NDR,3M,NonInterruptible,Reserved,EU,EU,SIF,T2IF,T2,5.9267,True,local-nvme,Available,v2.4.0,panel,EU-FI
2026-09-08,datacrunch,b200-sxm-180gb,B200,180GB,SXM,IB-NDR,6M,NonInterruptible,Reserved,EU,EU,SIF,T2IF,T2,5.8656,True,local-nvme,Available,v2.4.0,panel,EU-FI
2026-09-08,datacrunch,b200-sxm-180gb,B200,180GB,SXM,IB-NDR,OnDemand,Interruptible,Spot,EU,EU,DIF,T2IF,T2,3.0550,True,local-nvme,Available,v2.4.0,panel,EU-FI
2026-09-08,deepinfra_gpu,b200-sxm-180gb,B200,180GB,SXM,,OnDemand,NonInterruptible,OnDemand,Other,Other,SIF,T2IF,T2,3.6900,False,,Available,v2.4.0,panel,undisclosed
2026-09-08,e2e,b200-sxm-180gb,B200,180GB,SXM,IB-NDR,OnDemand,NonInterruptible,OnDemand,APAC,APAC,IIF,T2IF,T2,6.9900,False,,Available,v2.4.0,panel,India
2026-09-08,e2e,b200-sxm-180gb,B200,180GB,SXM,IB-NDR,1M,NonInterruptible,Reserved,APAC,APAC,IIF,T2IF,T2,6.9211,False,,Available,v2.4.0,panel,India
2026-09-08,e2e,b200-sxm-180gb,B200,180GB,SXM,IB-NDR,1Y,NonInterruptible,Reserved,APAC,APAC,IIF,T2IF,T2,6.2888,False,,Available,v2.4.0,panel,India
2026-09-08,gcp,b200-sxm-180gb,B200,180GB,SXM,IB-NDR,OnDemand,NonInterruptible,OnDemand,APAC,APAC,HIF,T1IF,T1,19.3320,True,local-nvme;managed-ops-plane;support-tier;observability,Available,v2.4.0,panel,asia-southeast1
2026-09-08,gcp,b200-sxm-180gb,B200,180GB,SXM,IB-NDR,OnDemand,NonInterruptible,OnDemand,EU,EU,HIF,T1IF,T1,17.7210,True,local-nvme;managed-ops-plane;support-tier;observability,Available,v2.4.0,panel,europe-west4
2026-09-08,gcp,b200-sxm-180gb,B200,180GB,SXM,IB-NDR,OnDemand,NonInterruptible,OnDemand,US-Central,US,HIF,T1IF,T1,16.1100,True,local-nvme;managed-ops-plane;support-tier;observability,Available,v2.4.0,panel,us-central1
2026-09-08,gcp,b200-sxm-180gb,B200,180GB,SXM,IB-NDR,OnDemand,NonInterruptible,OnDemand,US-East,US,HIF,T1IF,T1,16.1100,True,local-nvme;managed-ops-plane;support-tier;observability,Available,v2.4.0,panel,us-east1
2026-09-08,gcp,b200-sxm-180gb,B200,180GB,SXM,IB-NDR,1Y,NonInterruptible,Reserved,APAC,APAC,HIF,T1IF,T1,13.3391,True,local-nvme;managed-ops-plane;support-tier;observability,Available,v2.4.0,panel,asia-northeast1
2026-09-08,gcp,b200-sxm-180gb,B200,180GB,SXM,IB-NDR,1Y,NonInterruptible,Reserved,APAC,APAC,HIF,T1IF,T1,13.3391,True,local-nvme;managed-ops-plane;support-tier;observability,Available,v2.4.0,panel,asia-southeast1
2026-09-08,gcp,b200-sxm-180gb,B200,180GB,SXM,IB-NDR,1Y,NonInterruptible,Reserved,EU,EU,HIF,T1IF,T1,12.2275,True,local-nvme;managed-ops-plane;support-tier;observability,Available,v2.4.0,panel,europe-west4
2026-09-08,gcp,b200-sxm-180gb,B200,180GB,SXM,IB-NDR,1Y,NonInterruptible,Reserved,US-Central,US,HIF,T1IF,T1,11.1159,True,local-nvme;managed-ops-plane;support-tier;observability,Available,v2.4.0,panel,us-central1
2026-09-08,gcp,b200-sxm-180gb,B200,180GB,SXM,IB-NDR,1Y,NonInterruptible,Reserved,US-East,US,HIF,T1IF,T1,11.1159,True,local-nvme;managed-ops-plane;support-tier;observability,Available,v2.4.0,panel,us-east1
2026-09-08,gcp,b200-sxm-180gb,B200,180GB,SXM,IB-NDR,1Y,NonInterruptible,Reserved,US-South,US,HIF,T1IF,T1,11.1159,True,local-nvme;managed-ops-plane;support-tier;observability,Available,v2.4.0,panel,us-south1
2026-09-08,gcp,b200-sxm-180gb,B200,180GB,SXM,IB-NDR,1Y,NonInterruptible,Reserved,US-West,US,HIF,T1IF,T1,11.1159,True,local-nvme;managed-ops-plane;support-tier;observability,Available,v2.4.0,panel,us-west1
2026-09-08,gcp,b200-sxm-180gb,B200,180GB,SXM,IB-NDR,1Y,NonInterruptible,Reserved,US-West,US,HIF,T1IF,T1,11.1159,True,local-nvme;managed-ops-plane;support-tier;observability,Available,v2.4.0,panel,us-west2
2026-09-08,gcp,b200-sxm-180gb,B200,180GB,SXM,IB-NDR,1Y,NonInterruptible,Reserved,US-West,US,HIF,T1IF,T1,11.1159,True,local-nvme;managed-ops-plane;support-tier;observability,Available,v2.4.0,panel,us-west3
2026-09-08,gcp,b200-sxm-180gb,B200,180GB,SXM,IB-NDR,1Y,NonInterruptible,Reserved,US-West,US,HIF,T1IF,T1,11.1159,True,local-nvme;managed-ops-plane;support-tier;observability,Available,v2.4.0,panel,us-west4
2026-09-08,gcp,b200-sxm-180gb,B200,180GB,SXM,IB-NDR,3Y,NonInterruptible,Reserved,APAC,APAC,HIF,T1IF,T1,8.5061,True,local-nvme;managed-ops-plane;support-tier;observability,Available,v2.4.0,panel,asia-northeast1
2026-09-08,gcp,b200-sxm-180gb,B200,180GB,SXM,IB-NDR,3Y,NonInterruptible,Reserved,APAC,APAC,HIF,T1IF,T1,8.5061,True,local-nvme;managed-ops-plane;support-tier;observability,Available,v2.4.0,panel,asia-southeast1
2026-09-08,gcp,b200-sxm-180gb,B200,180GB,SXM,IB-NDR,3Y,NonInterruptible,Reserved,EU,EU,HIF,T1IF,T1,7.7972,True,local-nvme;managed-ops-plane;support-tier;observability,Available,v2.4.0,panel,europe-west4
2026-09-08,gcp,b200-sxm-180gb,B200,180GB,SXM,IB-NDR,3Y,NonInterruptible,Reserved,US-Central,US,HIF,T1IF,T1,7.0884,True,local-nvme;managed-ops-plane;support-tier;observability,Available,v2.4.0,panel,us-central1
2026-09-08,gcp,b200-sxm-180gb,B200,180GB,SXM,IB-NDR,3Y,NonInterruptible,Reserved,US-East,US,HIF,T1IF,T1,7.0884,True,local-nvme;managed-ops-plane;support-tier;observability,Available,v2.4.0,panel,us-east1
2026-09-08,gcp,b200-sxm-180gb,B200,180GB,SXM,IB-NDR,3Y,NonInterruptible,Reserved,US-South,US,HIF,T1IF,T1,7.0884,True,local-nvme;managed-ops-plane;support-tier;observability,Available,v2.4.0,panel,us-south1
2026-09-08,gcp,b200-sxm-180gb,B200,180GB,SXM,IB-NDR,3Y,NonInterruptible,Reserved,US-West,US,HIF,T1IF,T1,7.0884,True,local-nvme;managed-ops-plane;support-tier;observability,Available,v2.4.0,panel,us-west1
2026-09-08,gcp,b200-sxm-180gb,B200,180GB,SXM,IB-NDR,3Y,NonInterruptible,Reserved,US-West,US,HIF,T1IF,T1,7.0884,True,local-nvme;managed-ops-plane;support-tier;observability,Available,v2.4.0,panel,us-west2
2026-09-08,gcp,b200-sxm-180gb,B200,180GB,SXM,IB-NDR,3Y,NonInterruptible,Reserved,US-West,US,HIF,T1IF,T1,7.0884,True,local-nvme;managed-ops-plane;support-tier;observability,Available,v2.4.0,panel,us-west3
2026-09-08,gcp,b200-sxm-180gb,B200,180GB,SXM,IB-NDR,3Y,NonInterruptible,Reserved,US-West,US,HIF,T1IF,T1,7.0884,True,local-nvme;managed-ops-plane;support-tier;observability,Available,v2.4.0,panel,us-west4
2026-09-08,gcp,b200-sxm-180gb,B200,180GB,SXM,IB-NDR,OnDemand,Interruptible,Spot,APAC,APAC,DIF,T1IF,T1,6.2282,True,local-nvme;managed-ops-plane;support-tier;observability,Available,v2.4.0,panel,asia-northeast1
2026-09-08,gcp,b200-sxm-180gb,B200,180GB,SXM,IB-NDR,OnDemand,Interruptible,Spot,APAC,APAC,DIF,T1IF,T1,4.9021,True,local-nvme;managed-ops-plane;support-tier;observability,Available,v2.4.0,panel,asia-southeast1
2026-09-08,gcp,b200-sxm-180gb,B200,180GB,SXM,IB-NDR,OnDemand,Interruptible,Spot,EU,EU,DIF,T1IF,T1,5.4373,True,local-nvme;managed-ops-plane;support-tier;observability,Available,v2.4.0,panel,europe-north1
2026-09-08,gcp,b200-sxm-180gb,B200,180GB,SXM,IB-NDR,OnDemand,Interruptible,Spot,EU,EU,DIF,T1IF,T1,2.4116,True,local-nvme;managed-ops-plane;support-tier;observability,Available,v2.4.0,panel,europe-west1
2026-09-08,gcp,b200-sxm-180gb,B200,180GB,SXM,IB-NDR,OnDemand,Interruptible,Spot,EU,EU,DIF,T1IF,T1,5.1654,True,local-nvme;managed-ops-plane;support-tier;observability,Available,v2.4.0,panel,europe-west4
2026-09-08,gcp,b200-sxm-180gb,B200,180GB,SXM,IB-NDR,OnDemand,Interruptible,Spot,US-Central,US,DIF,T1IF,T1,4.9542,True,local-nvme;managed-ops-plane;support-tier;observability,Available,v2.4.0,panel,us-central1
2026-09-08,gcp,b200-sxm-180gb,B200,180GB,SXM,IB-NDR,OnDemand,Interruptible,Spot,US-East,US,DIF,T1IF,T1,4.9542,True,local-nvme;managed-ops-plane;support-tier;observability,Available,v2.4.0,panel,us-east1
2026-09-08,gcp,b200-sxm-180gb,B200,180GB,SXM,IB-NDR,OnDemand,Interruptible,Spot,US-East,US,DIF,T1IF,T1,4.0758,True,local-nvme;managed-ops-plane;support-tier;observability,Available,v2.4.0,panel,us-east4
2026-09-08,gcp,b200-sxm-180gb,B200,180GB,SXM,IB-NDR,OnDemand,Interruptible,Spot,US-South,US,DIF,T1IF,T1,4.4936,True,local-nvme;managed-ops-plane;support-tier;observability,Available,v2.4.0,panel,us-south1
2026-09-08,gcp,b200-sxm-180gb,B200,180GB,SXM,IB-NDR,OnDemand,Interruptible,Spot,US-West,US,DIF,T1IF,T1,4.2592,True,local-nvme;managed-ops-plane;support-tier;observability,Available,v2.4.0,panel,us-west2
2026-09-08,gcp,b200-sxm-180gb,B200,180GB,SXM,IB-NDR,OnDemand,Interruptible,Spot,US-West,US,DIF,T1IF,T1,5.1654,True,local-nvme;managed-ops-plane;support-tier;observability,Available,v2.4.0,panel,us-west3
2026-09-08,gcp_cud,b200-sxm-180gb,B200,180GB,SXM,IB-NDR,1Y,NonInterruptible,Reserved,APAC,APAC,HIF,T2IF,T1,13.3391,False,,Available,v2.4.0,candidate,asia-northeast1
2026-09-08,gcp_cud,b200-sxm-180gb,B200,180GB,SXM,IB-NDR,1Y,NonInterruptible,Reserved,APAC,APAC,HIF,T2IF,T1,13.3391,False,,Available,v2.4.0,candidate,asia-southeast1
2026-09-08,gcp_cud,b200-sxm-180gb,B200,180GB,SXM,IB-NDR,1Y,NonInterruptible,Reserved,EU,EU,HIF,T2IF,T1,12.2275,False,,Available,v2.4.0,candidate,europe-west4
2026-09-08,gcp_cud,b200-sxm-180gb,B200,180GB,SXM,IB-NDR,1Y,NonInterruptible,Reserved,US-Central,US,HIF,T2IF,T1,11.1159,False,,Available,v2.4.0,candidate,us-central1
2026-09-08,gcp_cud,b200-sxm-180gb,B200,180GB,SXM,IB-NDR,1Y,NonInterruptible,Reserved,US-East,US,HIF,T2IF,T1,11.1159,False,,Available,v2.4.0,candidate,us-east1
2026-09-08,gcp_cud,b200-sxm-180gb,B200,180GB,SXM,IB-NDR,1Y,NonInterruptible,Reserved,US-South,US,HIF,T2IF,T1,11.1159,False,,Available,v2.4.0,candidate,us-south1
2026-09-08,gcp_cud,b200-sxm-180gb,B200,180GB,SXM,IB-NDR,1Y,NonInterruptible,Reserved,US-West,US,HIF,T2IF,T1,11.1159,False,,Available,v2.4.0,candidate,us-west1
2026-09-08,gcp_cud,b200-sxm-180gb,B200,180GB,SXM,IB-NDR,1Y,NonInterruptible,Reserved,US-West,US,HIF,T2IF,T1,11.1159,False,,Available,v2.4.0,candidate,us-west2
2026-09-08,gcp_cud,b200-sxm-180gb,B200,180GB,SXM,IB-NDR,1Y,NonInterruptible,Reserved,US-West,US,HIF,T2IF,T1,11.1159,False,,Available,v2.4.0,candidate,us-west3
2026-09-08,gcp_cud,b200-sxm-180gb,B200,180GB,SXM,IB-NDR,1Y,NonInterruptible,Reserved,US-West,US,HIF,T2IF,T1,11.1159,False,,Available,v2.4.0,candidate,us-west4
2026-09-08,gcp_cud,b200-sxm-180gb,B200,180GB,SXM,IB-NDR,3Y,NonInterruptible,Reserved,APAC,APAC,HIF,T2IF,T1,8.5061,False,,Available,v2.4.0,candidate,asia-northeast1
2026-09-08,gcp_cud,b200-sxm-180gb,B200,180GB,SXM,IB-NDR,3Y,NonInterruptible,Reserved,APAC,APAC,HIF,T2IF,T1,8.5061,False,,Available,v2.4.0,candidate,asia-southeast1
2026-09-08,gcp_cud,b200-sxm-180gb,B200,180GB,SXM,IB-NDR,3Y,NonInterruptible,Reserved,EU,EU,HIF,T2IF,T1,7.7972,False,,Available,v2.4.0,candidate,europe-west4
2026-09-08,gcp_cud,b200-sxm-180gb,B200,180GB,SXM,IB-NDR,3Y,NonInterruptible,Reserved,US-Central,US,HIF,T2IF,T1,7.0884,False,,Available,v2.4.0,candidate,us-central1
2026-09-08,gcp_cud,b200-sxm-180gb,B200,180GB,SXM,IB-NDR,3Y,NonInterruptible,Reserved,US-East,US,HIF,T2IF,T1,7.0884,False,,Available,v2.4.0,candidate,us-east1
2026-09-08,gcp_cud,b200-sxm-180gb,B200,180GB,SXM,IB-NDR,3Y,NonInterruptible,Reserved,US-South,US,HIF,T2IF,T1,7.0884,False,,Available,v2.4.0,candidate,us-south1
2026-09-08,gcp_cud,b200-sxm-180gb,B200,180GB,SXM,IB-NDR,3Y,NonInterruptible,Reserved,US-West,US,HIF,T2IF,T1,7.0884,False,,Available,v2.4.0,candidate,us-west1
2026-09-08,gcp_cud,b200-sxm-180gb,B200,180GB,SXM,IB-NDR,3Y,NonInterruptible,Reserved,US-West,US,HIF,T2IF,T1,7.0884,False,,Available,v2.4.0,candidate,us-west2
2026-09-08,gcp_cud,b200-sxm-180gb,B200,180GB,SXM,IB-NDR,3Y,NonInterruptible,Reserved,US-West,US,HIF,T2IF,T1,7.0884,False,,Available,v2.4.0,candidate,us-west3
2026-09-08,gcp_cud,b200-sxm-180gb,B200,180GB,SXM,IB-NDR,3Y,NonInterruptible,Reserved,US-West,US,HIF,T2IF,T1,7.0884,False,,Available,v2.4.0,candidate,us-west4
2026-09-08,gcp_dws,b200-sxm-180gb,B200,180GB,SXM,IB-NDR,FlexStart,NonInterruptible,Reserved,US-Central,US,HIF,T2IF,T1,8.0550,False,,Available,v2.4.0,term-panel,us-central1
2026-09-08,gmi_cloud,b200-sxm-180gb,B200,180GB,SXM,IB-NDR,OnDemand,NonInterruptible,OnDemand,US-East,US,IIF,T2IF,T2,4.0000,False,,Available,v2.4.0,candidate,US
2026-09-08,hyperstack,b200-sxm-180gb,B200,180GB,SXM,IB-NDR,OnDemand,NonInterruptible,OnDemand,Other,Other,SIF,T2IF,T2,6.0000,True,local-nvme,Available,v2.4.0,panel,Multi
2026-09-08,hyperstack,b200-sxm-180gb,B200,180GB,SXM,IB-NDR,6M,NonInterruptible,Reserved,Other,Other,SIF,T2IF,T2,5.1000,True,local-nvme,Available,v2.4.0,panel,Multi
2026-09-08,koyeb,b200-sxm-180gb,B200,180GB,SXM,Unknown,OnDemand,NonInterruptible,OnDemand,Other,Other,SIF,T2IF,T2,5.5000,False,,Available,v2.4.0,candidate,Multi
2026-09-08,lambda,b200-sxm-180gb,B200,180GB,SXM,IB-NDR,OnDemand,NonInterruptible,OnDemand,US-East,US,IIF,T2IF,T2,6.6900,True,local-nvme,SoldOut,v2.4.0,panel,US
2026-09-08,lambda,b200-sxm-180gb,B200,180GB,SXM,IB-NDR,ReservedBand,NonInterruptible,Reserved,US-East,US,IIF,T2IF,T2,9.8600,True,local-nvme,Available,v2.4.0,panel,US
2026-09-08,lyceum,b200-sxm-180gb,B200,180GB,SXM,,OnDemand,NonInterruptible,OnDemand,Other,Other,SIF,T2IF,T2,6.4900,False,,Available,v2.4.0,candidate,EU (undisclosed)
2026-09-08,lyceum,b200-sxm-180gb,B200,180GB,SXM,,OnDemand,NonInterruptible,OnDemand,Other,Other,SIF,T2IF,T2,6.2900,False,,Available,v2.4.0,candidate,EU (undisclosed)
2026-09-08,massed_compute,b200-sxm-180gb,B200,180GB,SXM,Unknown,OnDemand,NonInterruptible,OnDemand,US-East,US,DIF,T3IF,T3,5.4325,False,,Available,v2.4.0,panel,US
2026-09-08,nebius,b200-sxm-180gb,B200,180GB,SXM,IB-NDR,OnDemand,NonInterruptible,OnDemand,Other,Other,IIF,T1IF,T2,7.1500,True,observability;managed-ops-plane;free-egress,Available,v2.4.0,panel,
2026-09-08,nebius,b200-sxm-180gb,B200,180GB,SXM,IB-NDR,OnDemand,Interruptible,Spot,Other,Other,DIF,T1IF,T2,3.9500,True,observability;managed-ops-plane;free-egress,Available,v2.4.0,panel,
2026-09-08,oci,b200-sxm-180gb,B200,180GB,SXM,RoCE-v2,OnDemand,NonInterruptible,OnDemand,US-East,US,HIF,T1IF,T1,14.0000,True,local-nvme;egress-capped;managed-ops-plane;support-tier;observability,Available,v2.4.0,panel,us-ashburn-1
2026-09-08,qubrid,b200-sxm-180gb,B200,180GB,SXM,Unknown,1Y,NonInterruptible,Reserved,Other,Other,SIF,T2IF,T2,4.2500,False,,Available,v2.4.0,panel,
2026-09-08,runpod_community,b200-sxm-180gb,B200,180GB,SXM,Unknown,OnDemand,NonInterruptible,OnDemand,Other,Other,DIF,T3IF,T3,5.9800,False,,SoldOut,v2.4.0,panel,Global
2026-09-08,runpod_secure,b200-sxm-180gb,B200,180GB,SXM,IB-NDR,OnDemand,NonInterruptible,OnDemand,Other,Other,DIF,T2IF,T3,6.7900,True,local-nvme,Available,v2.4.0,panel,Global
2026-09-08,runpod_secure,b200-sxm-180gb,B200,180GB,SXM,IB-NDR,1Y,NonInterruptible,Reserved,Other,Other,DIF,T2IF,T3,6.7900,True,local-nvme,Available,v2.4.0,panel,Global
2026-09-08,runpod_secure,b200-sxm-180gb,B200,180GB,SXM,IB-NDR,3M,NonInterruptible,Reserved,Other,Other,DIF,T2IF,T3,6.7900,True,local-nvme,Available,v2.4.0,panel,Global
2026-09-08,runpod_secure,b200-sxm-180gb,B200,180GB,SXM,IB-NDR,6M,NonInterruptible,Reserved,Other,Other,DIF,T2IF,T3,6.7900,True,local-nvme,Available,v2.4.0,panel,Global
2026-09-08,shakti_cloud,b200-sxm-180gb,B200,180GB,SXM,IB-Unspecified,1M,NonInterruptible,Reserved,APAC,APAC,SIF,T2IF,T2,5.0056,False,,Available,v2.4.0,panel,IN
2026-09-08,spheron,b200-sxm-180gb,B200,180GB,SXM,Unknown,OnDemand,Interruptible,Spot,Other,Other,DIF,T3IF,T3,5.3730,False,,Available,v2.4.0,panel,me-west-1
2026-09-08,spheron,b200-sxm-180gb,B200,180GB,SXM,Unknown,OnDemand,Interruptible,Spot,US-Central,US,DIF,T3IF,T3,5.3730,False,,Available,v2.4.0,panel,us-central-1
2026-09-08,together,b200-sxm-180gb,B200,180GB,SXM,IB-NDR,OnDemand,NonInterruptible,OnDemand,US-East,US,SIF,T1IF,T2,8.1900,True,local-nvme;support-tier;observability;managed-ops-plane,Available,v2.4.0,panel,US
2026-09-08,together,b200-sxm-180gb,B200,180GB,SXM,IB-NDR,1M,NonInterruptible,Reserved,US-East,US,SIF,T1IF,T2,7.9900,True,local-nvme;support-tier;observability;managed-ops-plane,Available,v2.4.0,panel,US
2026-09-08,together,b200-sxm-180gb,B200,180GB,SXM,IB-NDR,3M,NonInterruptible,Reserved,US-East,US,SIF,T1IF,T2,7.7900,True,local-nvme;support-tier;observability;managed-ops-plane,Available,v2.4.0,panel,US
2026-09-08,together,b200-sxm-180gb,B200,180GB,SXM,IB-NDR,6M,NonInterruptible,Reserved,US-East,US,SIF,T1IF,T2,6.7900,True,local-nvme;support-tier;observability;managed-ops-plane,Available,v2.4.0,panel,US
2026-09-08,upcloud,b200-sxm-180gb,B200,180GB,SXM,Unknown,OnDemand,NonInterruptible,OnDemand,EU,EU,SIF,T2IF,T2,5.2299,False,,Available,v2.4.0,panel,EU-FI
2026-09-08,upcloud,b200-sxm-180gb,B200,180GB,SXM,Unknown,OnDemand,Interruptible,Spot,EU,EU,DIF,T2IF,T2,3.9224,False,,Available,v2.4.0,panel,EU-FI
2026-09-08,vast_ai,b200-sxm-180gb,B200,180GB,SXM,IB-NDR,OnDemand,NonInterruptible,OnDemand,US-East,US,DIF,T3IF,T3,6.6250,True,local-nvme,Available,v2.4.0,marketplace,", US"
2026-09-08,vast_ai,b200-sxm-180gb,B200,180GB,SXM,IB-NDR,OnDemand,NonInterruptible,OnDemand,APAC,APAC,DIF,T3IF,T3,5.5625,True,local-nvme,Available,v2.4.0,marketplace,"AUSTRALIA, AU"
2026-09-08,vultr,b200-sxm-180gb,B200,180GB,SXM,Unknown,OnDemand,NonInterruptible,OnDemand,Other,Other,SIF,T2IF,T2,8.5000,False,,SoldOut,v2.4.0,panel,Multi
2026-09-08,vultr,b200-sxm-180gb,B200,180GB,SXM,Unknown,OnDemand,Interruptible,Spot,Other,Other,DIF,T2IF,T2,3.2000,False,,SoldOut,v2.4.0,panel,Multi
2026-09-09,aws,b200-sxm-180gb,B200,180GB,SXM,EFA,OnDemand,NonInterruptible,OnDemand,APAC,APAC,HIF,T1IF,T1,20.0807,True,local-nvme;managed-ops-plane;support-tier;observability,Available,v2.4.0,panel,ap-south-1
2026-09-09,aws,b200-sxm-180gb,B200,180GB,SXM,EFA,OnDemand,NonInterruptible,OnDemand,APAC,APAC,HIF,T1IF,T1,20.0813,True,local-nvme;managed-ops-plane;support-tier;observability,Available,v2.4.0,panel,ap-south-2
2026-09-09,aws,b200-sxm-180gb,B200,180GB,SXM,EFA,OnDemand,NonInterruptible,OnDemand,US-East,US,HIF,T1IF,T1,14.2416,True,local-nvme;managed-ops-plane;support-tier;observability,Available,v2.4.0,panel,us-east-1
2026-09-09,aws,b200-sxm-180gb,B200,180GB,SXM,EFA,OnDemand,NonInterruptible,OnDemand,US-East,US,HIF,T1IF,T1,14.2416,True,local-nvme;managed-ops-plane;support-tier;observability,Available,v2.4.0,panel,us-east-2
2026-09-09,aws,b200-sxm-180gb,B200,180GB,SXM,EFA,OnDemand,NonInterruptible,OnDemand,US-West,US,HIF,T1IF,T1,14.2416,True,local-nvme;managed-ops-plane;support-tier;observability,Available,v2.4.0,panel,us-west-2
2026-09-09,aws,b200-sxm-180gb,B200,180GB,SXM,EFA,3Y,NonInterruptible,Reserved,APAC,APAC,HIF,T1IF,T1,8.6751,True,local-nvme;managed-ops-plane;support-tier;observability,Available,v2.4.0,panel,ap-south-2
2026-09-09,aws,b200-sxm-180gb,B200,180GB,SXM,EFA,3Y,NonInterruptible,Reserved,US-East,US,HIF,T1IF,T1,6.1524,True,local-nvme;managed-ops-plane;support-tier;observability,Available,v2.4.0,panel,us-east-1
2026-09-09,aws,b200-sxm-180gb,B200,180GB,SXM,EFA,3Y,NonInterruptible,Reserved,US-East,US,HIF,T1IF,T1,6.1524,True,local-nvme;managed-ops-plane;support-tier;observability,Available,v2.4.0,panel,us-east-2
2026-09-09,aws,b200-sxm-180gb,B200,180GB,SXM,EFA,3Y,NonInterruptible,Reserved,US-West,US,HIF,T1IF,T1,6.1524,True,local-nvme;managed-ops-plane;support-tier;observability,Available,v2.4.0,panel,us-west-2
2026-09-09,aws,b200-sxm-180gb,B200,180GB,SXM,EFA,OnDemand,Interruptible,Spot,APAC,APAC,DIF,T2IF,T1,6.0955,False,,Available,v2.4.0,panel,ap-south-1c
2026-09-09,aws,b200-sxm-180gb,B200,180GB,SXM,EFA,OnDemand,Interruptible,Spot,APAC,APAC,DIF,T2IF,T1,5.8738,False,,Available,v2.4.0,panel,ap-south-2b
2026-09-09,aws,b200-sxm-180gb,B200,180GB,SXM,EFA,OnDemand,Interruptible,Spot,US-East,US,DIF,T2IF,T1,5.2601,False,,Available,v2.4.0,panel,us-east-1d
2026-09-09,aws,b200-sxm-180gb,B200,180GB,SXM,EFA,OnDemand,Interruptible,Spot,US-East,US,DIF,T2IF,T1,5.2753,False,,Available,v2.4.0,panel,us-east-2a
2026-09-09,aws,b200-sxm-180gb,B200,180GB,SXM,EFA,OnDemand,Interruptible,Spot,US-East,US,DIF,T2IF,T1,5.2746,False,,Available,v2.4.0,panel,us-east-2b
2026-09-09,aws,b200-sxm-180gb,B200,180GB,SXM,EFA,OnDemand,Interruptible,Spot,US-East,US,DIF,T2IF,T1,5.1948,False,,Available,v2.4.0,panel,us-east-2c
2026-09-09,aws,b200-sxm-180gb,B200,180GB,SXM,EFA,OnDemand,Interruptible,Spot,US-West,US,DIF,T2IF,T1,5.1872,False,,Available,v2.4.0,panel,us-west-2a
2026-09-09,aws,b200-sxm-180gb,B200,180GB,SXM,EFA,OnDemand,Interruptible,Spot,US-West,US,DIF,T2IF,T1,5.2369,False,,Available,v2.4.0,panel,us-west-2b
2026-09-09,aws,b200-sxm-180gb,B200,180GB,SXM,EFA,OnDemand,Interruptible,Spot,US-West,US,DIF,T2IF,T1,5.2554,False,,Available,v2.4.0,panel,us-west-2d
2026-09-09,aws_capacity_blocks,b200-sxm-180gb,B200,180GB,SXM,EFA,CapacityBlock,NonInterruptible,Reserved,Other,Other,HIF,T2IF,T1,12.3550,False,,Available,v2.4.0,term-panel,non-us
2026-09-09,aws_capacity_blocks,b200-sxm-180gb,B200,180GB,SXM,EFA,CapacityBlock,NonInterruptible,Reserved,US-East,US,HIF,T2IF,T1,12.3550,False,,Available,v2.4.0,term-panel,us-east-1
2026-09-09,civo,b200-sxm-180gb,B200,180GB,SXM,Unknown,1Y,NonInterruptible,Reserved,Other,Other,SIF,T2IF,T2,4.4900,False,,Available,v2.4.0,panel,
2026-09-09,civo,b200-sxm-180gb,B200,180GB,SXM,Unknown,2Y,NonInterruptible,Reserved,Other,Other,SIF,T2IF,T2,3.9900,False,,Available,v2.4.0,panel,
2026-09-09,civo,b200-sxm-180gb,B200,180GB,SXM,Unknown,3Y,NonInterruptible,Reserved,Other,Other,SIF,T2IF,T2,3.7900,False,,Available,v2.4.0,panel,
2026-09-09,coreweave,b200-sxm-180gb,B200,180GB,SXM,IB-NDR,OnDemand,NonInterruptible,OnDemand,EU,EU,IIF,T1IF,T2,8.6000,True,local-nvme;free-egress;support-tier;observability;managed-ops-plane,Available,v2.4.0,panel,EU
2026-09-09,coreweave,b200-sxm-180gb,B200,180GB,SXM,IB-NDR,OnDemand,NonInterruptible,OnDemand,US-East,US,IIF,T1IF,T2,8.6000,True,local-nvme;free-egress;support-tier;observability;managed-ops-plane,Available,v2.4.0,panel,US
2026-09-09,coreweave,b200-sxm-180gb,B200,180GB,SXM,IB-NDR,OnDemand,Interruptible,Spot,EU,EU,DIF,T1IF,T2,4.3588,True,local-nvme;free-egress;support-tier;observability;managed-ops-plane,Available,v2.4.0,panel,EU
2026-09-09,coreweave,b200-sxm-180gb,B200,180GB,SXM,IB-NDR,OnDemand,Interruptible,Spot,US-East,US,DIF,T1IF,T2,4.2638,True,local-nvme;free-egress;support-tier;observability;managed-ops-plane,Available,v2.4.0,panel,US
2026-09-09,datacrunch,b200-sxm-180gb,B200,180GB,SXM,IB-NDR,OnDemand,NonInterruptible,OnDemand,EU,EU,SIF,T2IF,T2,6.1100,True,local-nvme,Available,v2.4.0,panel,EU-FI
2026-09-09,datacrunch,b200-sxm-180gb,B200,180GB,SXM,IB-NDR,1M,NonInterruptible,Reserved,EU,EU,SIF,T2IF,T2,5.9878,True,local-nvme,Available,v2.4.0,panel,EU-FI
2026-09-09,datacrunch,b200-sxm-180gb,B200,180GB,SXM,IB-NDR,1Y,NonInterruptible,Reserved,EU,EU,SIF,T2IF,T2,5.6212,True,local-nvme,Available,v2.4.0,panel,EU-FI
2026-09-09,datacrunch,b200-sxm-180gb,B200,180GB,SXM,IB-NDR,2Y,NonInterruptible,Reserved,EU,EU,SIF,T2IF,T2,4.5825,True,local-nvme,Available,v2.4.0,panel,EU-FI
2026-09-09,datacrunch,b200-sxm-180gb,B200,180GB,SXM,IB-NDR,3M,NonInterruptible,Reserved,EU,EU,SIF,T2IF,T2,5.9267,True,local-nvme,Available,v2.4.0,panel,EU-FI
2026-09-09,datacrunch,b200-sxm-180gb,B200,180GB,SXM,IB-NDR,6M,NonInterruptible,Reserved,EU,EU,SIF,T2IF,T2,5.8656,True,local-nvme,Available,v2.4.0,panel,EU-FI
2026-09-09,datacrunch,b200-sxm-180gb,B200,180GB,SXM,IB-NDR,OnDemand,Interruptible,Spot,EU,EU,DIF,T2IF,T2,3.0550,True,local-nvme,Available,v2.4.0,panel,EU-FI
2026-09-09,deepinfra_gpu,b200-sxm-180gb,B200,180GB,SXM,,OnDemand,NonInterruptible,OnDemand,Other,Other,SIF,T2IF,T2,3.6900,False,,Available,v2.4.0,panel,undisclosed
2026-09-09,e2e,b200-sxm-180gb,B200,180GB,SXM,IB-NDR,OnDemand,NonInterruptible,OnDemand,APAC,APAC,IIF,T2IF,T2,6.9900,False,,Available,v2.4.0,panel,India
2026-09-09,e2e,b200-sxm-180gb,B200,180GB,SXM,IB-NDR,1M,NonInterruptible,Reserved,APAC,APAC,IIF,T2IF,T2,6.9211,False,,Available,v2.4.0,panel,India
2026-09-09,e2e,b200-sxm-180gb,B200,180GB,SXM,IB-NDR,1Y,NonInterruptible,Reserved,APAC,APAC,IIF,T2IF,T2,6.2888,False,,Available,v2.4.0,panel,India
2026-09-09,gcp,b200-sxm-180gb,B200,180GB,SXM,IB-NDR,OnDemand,NonInterruptible,OnDemand,APAC,APAC,HIF,T1IF,T1,19.3320,True,local-nvme;managed-ops-plane;support-tier;observability,Available,v2.4.0,panel,asia-southeast1
2026-09-09,gcp,b200-sxm-180gb,B200,180GB,SXM,IB-NDR,OnDemand,NonInterruptible,OnDemand,EU,EU,HIF,T1IF,T1,17.7210,True,local-nvme;managed-ops-plane;support-tier;observability,Available,v2.4.0,panel,europe-west4
2026-09-09,gcp,b200-sxm-180gb,B200,180GB,SXM,IB-NDR,OnDemand,NonInterruptible,OnDemand,US-Central,US,HIF,T1IF,T1,16.1100,True,local-nvme;managed-ops-plane;support-tier;observability,Available,v2.4.0,panel,us-central1
2026-09-09,gcp,b200-sxm-180gb,B200,180GB,SXM,IB-NDR,OnDemand,NonInterruptible,OnDemand,US-East,US,HIF,T1IF,T1,16.1100,True,local-nvme;managed-ops-plane;support-tier;observability,Available,v2.4.0,panel,us-east1
2026-09-09,gcp,b200-sxm-180gb,B200,180GB,SXM,IB-NDR,1Y,NonInterruptible,Reserved,APAC,APAC,HIF,T1IF,T1,13.3391,True,local-nvme;managed-ops-plane;support-tier;observability,Available,v2.4.0,panel,asia-northeast1
2026-09-09,gcp,b200-sxm-180gb,B200,180GB,SXM,IB-NDR,1Y,NonInterruptible,Reserved,APAC,APAC,HIF,T1IF,T1,13.3391,True,local-nvme;managed-ops-plane;support-tier;observability,Available,v2.4.0,panel,asia-southeast1
2026-09-09,gcp,b200-sxm-180gb,B200,180GB,SXM,IB-NDR,1Y,NonInterruptible,Reserved,EU,EU,HIF,T1IF,T1,12.2275,True,local-nvme;managed-ops-plane;support-tier;observability,Available,v2.4.0,panel,europe-west4
2026-09-09,gcp,b200-sxm-180gb,B200,180GB,SXM,IB-NDR,1Y,NonInterruptible,Reserved,US-Central,US,HIF,T1IF,T1,11.1159,True,local-nvme;managed-ops-plane;support-tier;observability,Available,v2.4.0,panel,us-central1
2026-09-09,gcp,b200-sxm-180gb,B200,180GB,SXM,IB-NDR,1Y,NonInterruptible,Reserved,US-East,US,HIF,T1IF,T1,11.1159,True,local-nvme;managed-ops-plane;support-tier;observability,Available,v2.4.0,panel,us-east1
2026-09-09,gcp,b200-sxm-180gb,B200,180GB,SXM,IB-NDR,1Y,NonInterruptible,Reserved,US-South,US,HIF,T1IF,T1,11.1159,True,local-nvme;managed-ops-plane;support-tier;observability,Available,v2.4.0,panel,us-south1
2026-09-09,gcp,b200-sxm-180gb,B200,180GB,SXM,IB-NDR,1Y,NonInterruptible,Reserved,US-West,US,HIF,T1IF,T1,11.1159,True,local-nvme;managed-ops-plane;support-tier;observability,Available,v2.4.0,panel,us-west1
2026-09-09,gcp,b200-sxm-180gb,B200,180GB,SXM,IB-NDR,1Y,NonInterruptible,Reserved,US-West,US,HIF,T1IF,T1,11.1159,True,local-nvme;managed-ops-plane;support-tier;observability,Available,v2.4.0,panel,us-west2
2026-09-09,gcp,b200-sxm-180gb,B200,180GB,SXM,IB-NDR,1Y,NonInterruptible,Reserved,US-West,US,HIF,T1IF,T1,11.1159,True,local-nvme;managed-ops-plane;support-tier;observability,Available,v2.4.0,panel,us-west3
2026-09-09,gcp,b200-sxm-180gb,B200,180GB,SXM,IB-NDR,1Y,NonInterruptible,Reserved,US-West,US,HIF,T1IF,T1,11.1159,True,local-nvme;managed-ops-plane;support-tier;observability,Available,v2.4.0,panel,us-west4
2026-09-09,gcp,b200-sxm-180gb,B200,180GB,SXM,IB-NDR,3Y,NonInterruptible,Reserved,APAC,APAC,HIF,T1IF,T1,8.5061,True,local-nvme;managed-ops-plane;support-tier;observability,Available,v2.4.0,panel,asia-northeast1
2026-09-09,gcp,b200-sxm-180gb,B200,180GB,SXM,IB-NDR,3Y,NonInterruptible,Reserved,APAC,APAC,HIF,T1IF,T1,8.5061,True,local-nvme;managed-ops-plane;support-tier;observability,Available,v2.4.0,panel,asia-southeast1
2026-09-09,gcp,b200-sxm-180gb,B200,180GB,SXM,IB-NDR,3Y,NonInterruptible,Reserved,EU,EU,HIF,T1IF,T1,7.7972,True,local-nvme;managed-ops-plane;support-tier;observability,Available,v2.4.0,panel,europe-west4
2026-09-09,gcp,b200-sxm-180gb,B200,180GB,SXM,IB-NDR,3Y,NonInterruptible,Reserved,US-Central,US,HIF,T1IF,T1,7.0884,True,local-nvme;managed-ops-plane;support-tier;observability,Available,v2.4.0,panel,us-central1
2026-09-09,gcp,b200-sxm-180gb,B200,180GB,SXM,IB-NDR,3Y,NonInterruptible,Reserved,US-East,US,HIF,T1IF,T1,7.0884,True,local-nvme;managed-ops-plane;support-tier;observability,Available,v2.4.0,panel,us-east1
2026-09-09,gcp,b200-sxm-180gb,B200,180GB,SXM,IB-NDR,3Y,NonInterruptible,Reserved,US-South,US,HIF,T1IF,T1,7.0884,True,local-nvme;managed-ops-plane;support-tier;observability,Available,v2.4.0,panel,us-south1
2026-09-09,gcp,b200-sxm-180gb,B200,180GB,SXM,IB-NDR,3Y,NonInterruptible,Reserved,US-West,US,HIF,T1IF,T1,7.0884,True,local-nvme;managed-ops-plane;support-tier;observability,Available,v2.4.0,panel,us-west1
2026-09-09,gcp,b200-sxm-180gb,B200,180GB,SXM,IB-NDR,3Y,NonInterruptible,Reserved,US-West,US,HIF,T1IF,T1,7.0884,True,local-nvme;managed-ops-plane;support-tier;observability,Available,v2.4.0,panel,us-west2
2026-09-09,gcp,b200-sxm-180gb,B200,180GB,SXM,IB-NDR,3Y,NonInterruptible,Reserved,US-West,US,HIF,T1IF,T1,7.0884,True,local-nvme;managed-ops-plane;support-tier;observability,Available,v2.4.0,panel,us-west3
2026-09-09,gcp,b200-sxm-180gb,B200,180GB,SXM,IB-NDR,3Y,NonInterruptible,Reserved,US-West,US,HIF,T1IF,T1,7.0884,True,local-nvme;managed-ops-plane;support-tier;observability,Available,v2.4.0,panel,us-west4
2026-09-09,gcp,b200-sxm-180gb,B200,180GB,SXM,IB-NDR,OnDemand,Interruptible,Spot,APAC,APAC,DIF,T1IF,T1,6.2282,True,local-nvme;managed-ops-plane;support-tier;observability,Available,v2.4.0,panel,asia-northeast1
2026-09-09,gcp,b200-sxm-180gb,B200,180GB,SXM,IB-NDR,OnDemand,Interruptible,Spot,APAC,APAC,DIF,T1IF,T1,4.9021,True,local-nvme;managed-ops-plane;support-tier;observability,Available,v2.4.0,panel,asia-southeast1
2026-09-09,gcp,b200-sxm-180gb,B200,180GB,SXM,IB-NDR,OnDemand,Interruptible,Spot,EU,EU,DIF,T1IF,T1,5.4373,True,local-nvme;managed-ops-plane;support-tier;observability,Available,v2.4.0,panel,europe-north1
2026-09-09,gcp,b200-sxm-180gb,B200,180GB,SXM,IB-NDR,OnDemand,Interruptible,Spot,EU,EU,DIF,T1IF,T1,2.4116,True,local-nvme;managed-ops-plane;support-tier;observability,Available,v2.4.0,panel,europe-west1
2026-09-09,gcp,b200-sxm-180gb,B200,180GB,SXM,IB-NDR,OnDemand,Interruptible,Spot,EU,EU,DIF,T1IF,T1,5.1654,True,local-nvme;managed-ops-plane;support-tier;observability,Available,v2.4.0,panel,europe-west4
2026-09-09,gcp,b200-sxm-180gb,B200,180GB,SXM,IB-NDR,OnDemand,Interruptible,Spot,US-Central,US,DIF,T1IF,T1,4.9542,True,local-nvme;managed-ops-plane;support-tier;observability,Available,v2.4.0,panel,us-central1
2026-09-09,gcp,b200-sxm-180gb,B200,180GB,SXM,IB-NDR,OnDemand,Interruptible,Spot,US-East,US,DIF,T1IF,T1,4.9542,True,local-nvme;managed-ops-plane;support-tier;observability,Available,v2.4.0,panel,us-east1
2026-09-09,gcp,b200-sxm-180gb,B200,180GB,SXM,IB-NDR,OnDemand,Interruptible,Spot,US-East,US,DIF,T1IF,T1,4.0758,True,local-nvme;managed-ops-plane;support-tier;observability,Available,v2.4.0,panel,us-east4
2026-09-09,gcp,b200-sxm-180gb,B200,180GB,SXM,IB-NDR,OnDemand,Interruptible,Spot,US-South,US,DIF,T1IF,T1,4.4936,True,local-nvme;managed-ops-plane;support-tier;observability,Available,v2.4.0,panel,us-south1
2026-09-09,gcp,b200-sxm-180gb,B200,180GB,SXM,IB-NDR,OnDemand,Interruptible,Spot,US-West,US,DIF,T1IF,T1,4.2592,True,local-nvme;managed-ops-plane;support-tier;observability,Available,v2.4.0,panel,us-west2
2026-09-09,gcp,b200-sxm-180gb,B200,180GB,SXM,IB-NDR,OnDemand,Interruptible,Spot,US-West,US,DIF,T1IF,T1,5.1654,True,local-nvme;managed-ops-plane;support-tier;observability,Available,v2.4.0,panel,us-west3
2026-09-09,gcp_cud,b200-sxm-180gb,B200,180GB,SXM,IB-NDR,1Y,NonInterruptible,Reserved,APAC,APAC,HIF,T2IF,T1,13.3391,False,,Available,v2.4.0,candidate,asia-northeast1
2026-09-09,gcp_cud,b200-sxm-180gb,B200,180GB,SXM,IB-NDR,1Y,NonInterruptible,Reserved,APAC,APAC,HIF,T2IF,T1,13.3391,False,,Available,v2.4.0,candidate,asia-southeast1
2026-09-09,gcp_cud,b200-sxm-180gb,B200,180GB,SXM,IB-NDR,1Y,NonInterruptible,Reserved,EU,EU,HIF,T2IF,T1,12.2275,False,,Available,v2.4.0,candidate,europe-west4
2026-09-09,gcp_cud,b200-sxm-180gb,B200,180GB,SXM,IB-NDR,1Y,NonInterruptible,Reserved,US-Central,US,HIF,T2IF,T1,11.1159,False,,Available,v2.4.0,candidate,us-central1
2026-09-09,gcp_cud,b200-sxm-180gb,B200,180GB,SXM,IB-NDR,1Y,NonInterruptible,Reserved,US-East,US,HIF,T2IF,T1,11.1159,False,,Available,v2.4.0,candidate,us-east1
2026-09-09,gcp_cud,b200-sxm-180gb,B200,180GB,SXM,IB-NDR,1Y,NonInterruptible,Reserved,US-South,US,HIF,T2IF,T1,11.1159,False,,Available,v2.4.0,candidate,us-south1
2026-09-09,gcp_cud,b200-sxm-180gb,B200,180GB,SXM,IB-NDR,1Y,NonInterruptible,Reserved,US-West,US,HIF,T2IF,T1,11.1159,False,,Available,v2.4.0,candidate,us-west1
2026-09-09,gcp_cud,b200-sxm-180gb,B200,180GB,SXM,IB-NDR,1Y,NonInterruptible,Reserved,US-West,US,HIF,T2IF,T1,11.1159,False,,Available,v2.4.0,candidate,us-west2
2026-09-09,gcp_cud,b200-sxm-180gb,B200,180GB,SXM,IB-NDR,1Y,NonInterruptible,Reserved,US-West,US,HIF,T2IF,T1,11.1159,False,,Available,v2.4.0,candidate,us-west3
2026-09-09,gcp_cud,b200-sxm-180gb,B200,180GB,SXM,IB-NDR,1Y,NonInterruptible,Reserved,US-West,US,HIF,T2IF,T1,11.1159,False,,Available,v2.4.0,candidate,us-west4
2026-09-09,gcp_cud,b200-sxm-180gb,B200,180GB,SXM,IB-NDR,3Y,NonInterruptible,Reserved,APAC,APAC,HIF,T2IF,T1,8.5061,False,,Available,v2.4.0,candidate,asia-northeast1
2026-09-09,gcp_cud,b200-sxm-180gb,B200,180GB,SXM,IB-NDR,3Y,NonInterruptible,Reserved,APAC,APAC,HIF,T2IF,T1,8.5061,False,,Available,v2.4.0,candidate,asia-southeast1
2026-09-09,gcp_cud,b200-sxm-180gb,B200,180GB,SXM,IB-NDR,3Y,NonInterruptible,Reserved,EU,EU,HIF,T2IF,T1,7.7972,False,,Available,v2.4.0,candidate,europe-west4
2026-09-09,gcp_cud,b200-sxm-180gb,B200,180GB,SXM,IB-NDR,3Y,NonInterruptible,Reserved,US-Central,US,HIF,T2IF,T1,7.0884,False,,Available,v2.4.0,candidate,us-central1
2026-09-09,gcp_cud,b200-sxm-180gb,B200,180GB,SXM,IB-NDR,3Y,NonInterruptible,Reserved,US-East,US,HIF,T2IF,T1,7.0884,False,,Available,v2.4.0,candidate,us-east1
2026-09-09,gcp_cud,b200-sxm-180gb,B200,180GB,SXM,IB-NDR,3Y,NonInterruptible,Reserved,US-South,US,HIF,T2IF,T1,7.0884,False,,Available,v2.4.0,candidate,us-south1
2026-09-09,gcp_cud,b200-sxm-180gb,B200,180GB,SXM,IB-NDR,3Y,NonInterruptible,Reserved,US-West,US,HIF,T2IF,T1,7.0884,False,,Available,v2.4.0,candidate,us-west1
2026-09-09,gcp_cud,b200-sxm-180gb,B200,180GB,SXM,IB-NDR,3Y,NonInterruptible,Reserved,US-West,US,HIF,T2IF,T1,7.0884,False,,Available,v2.4.0,candidate,us-west2
2026-09-09,gcp_cud,b200-sxm-180gb,B200,180GB,SXM,IB-NDR,3Y,NonInterruptible,Reserved,US-West,US,HIF,T2IF,T1,7.0884,False,,Available,v2.4.0,candidate,us-west3
2026-09-09,gcp_cud,b200-sxm-180gb,B200,180GB,SXM,IB-NDR,3Y,NonInterruptible,Reserved,US-West,US,HIF,T2IF,T1,7.0884,False,,Available,v2.4.0,candidate,us-west4
2026-09-09,gcp_dws,b200-sxm-180gb,B200,180GB,SXM,IB-NDR,FlexStart,NonInterruptible,Reserved,US-Central,US,HIF,T2IF,T1,8.0550,False,,Available,v2.4.0,term-panel,us-central1
2026-09-09,gmi_cloud,b200-sxm-180gb,B200,180GB,SXM,IB-NDR,OnDemand,NonInterruptible,OnDemand,US-East,US,IIF,T2IF,T2,4.0000,False,,Available,v2.4.0,candidate,US
2026-09-09,hyperstack,b200-sxm-180gb,B200,180GB,SXM,IB-NDR,OnDemand,NonInterruptible,OnDemand,Other,Other,SIF,T2IF,T2,6.0000,True,local-nvme,Available,v2.4.0,panel,Multi
2026-09-09,hyperstack,b200-sxm-180gb,B200,180GB,SXM,IB-NDR,6M,NonInterruptible,Reserved,Other,Other,SIF,T2IF,T2,5.1000,True,local-nvme,Available,v2.4.0,panel,Multi
2026-09-09,koyeb,b200-sxm-180gb,B200,180GB,SXM,Unknown,OnDemand,NonInterruptible,OnDemand,Other,Other,SIF,T2IF,T2,5.5000,False,,Available,v2.4.0,candidate,Multi
2026-09-09,lambda,b200-sxm-180gb,B200,180GB,SXM,IB-NDR,OnDemand,NonInterruptible,OnDemand,US-East,US,IIF,T2IF,T2,6.6900,True,local-nvme,SoldOut,v2.4.0,panel,US
2026-09-09,lambda,b200-sxm-180gb,B200,180GB,SXM,IB-NDR,ReservedBand,NonInterruptible,Reserved,US-East,US,IIF,T2IF,T2,9.8600,True,local-nvme,Available,v2.4.0,panel,US
2026-09-09,lyceum,b200-sxm-180gb,B200,180GB,SXM,,OnDemand,NonInterruptible,OnDemand,Other,Other,SIF,T2IF,T2,6.2900,False,,Available,v2.4.0,candidate,EU (undisclosed)
2026-09-09,lyceum,b200-sxm-180gb,B200,180GB,SXM,,OnDemand,NonInterruptible,OnDemand,Other,Other,SIF,T2IF,T2,6.4900,False,,Available,v2.4.0,candidate,EU (undisclosed)
2026-09-09,massed_compute,b200-sxm-180gb,B200,180GB,SXM,Unknown,OnDemand,NonInterruptible,OnDemand,US-East,US,DIF,T3IF,T3,5.4325,False,,Available,v2.4.0,panel,US
2026-09-09,nebius,b200-sxm-180gb,B200,180GB,SXM,IB-NDR,OnDemand,NonInterruptible,OnDemand,Other,Other,IIF,T1IF,T2,7.1500,True,observability;managed-ops-plane;free-egress,Available,v2.4.0,panel,
2026-09-09,nebius,b200-sxm-180gb,B200,180GB,SXM,IB-NDR,OnDemand,Interruptible,Spot,Other,Other,DIF,T1IF,T2,3.9500,True,observability;managed-ops-plane;free-egress,Available,v2.4.0,panel,
2026-09-09,oci,b200-sxm-180gb,B200,180GB,SXM,RoCE-v2,OnDemand,NonInterruptible,OnDemand,US-East,US,HIF,T1IF,T1,14.0000,True,local-nvme;egress-capped;managed-ops-plane;support-tier;observability,Available,v2.4.0,panel,us-ashburn-1
2026-09-09,qubrid,b200-sxm-180gb,B200,180GB,SXM,Unknown,1Y,NonInterruptible,Reserved,Other,Other,SIF,T2IF,T2,4.2500,False,,Available,v2.4.0,panel,
2026-09-09,runpod_community,b200-sxm-180gb,B200,180GB,SXM,Unknown,OnDemand,NonInterruptible,OnDemand,Other,Other,DIF,T3IF,T3,5.9800,False,,SoldOut,v2.4.0,panel,Global
2026-09-09,runpod_secure,b200-sxm-180gb,B200,180GB,SXM,IB-NDR,OnDemand,NonInterruptible,OnDemand,EU,EU,DIF,T2IF,T3,6.7900,True,local-nvme,Available,v2.4.0,panel,EU-RO-1
2026-09-09,runpod_secure,b200-sxm-180gb,B200,180GB,SXM,IB-NDR,OnDemand,NonInterruptible,OnDemand,Other,Other,DIF,T2IF,T3,6.7900,True,local-nvme,SoldOut,v2.4.0,panel,Global
2026-09-09,runpod_secure,b200-sxm-180gb,B200,180GB,SXM,IB-NDR,OnDemand,NonInterruptible,OnDemand,US-Central,US,DIF,T2IF,T3,6.7900,True,local-nvme,Available,v2.4.0,panel,US-NE-1
2026-09-09,runpod_secure,b200-sxm-180gb,B200,180GB,SXM,IB-NDR,1Y,NonInterruptible,Reserved,Other,Other,DIF,T2IF,T3,6.7900,True,local-nvme,SoldOut,v2.4.0,panel,Global
2026-09-09,runpod_secure,b200-sxm-180gb,B200,180GB,SXM,IB-NDR,3M,NonInterruptible,Reserved,Other,Other,DIF,T2IF,T3,6.7900,True,local-nvme,SoldOut,v2.4.0,panel,Global
2026-09-09,runpod_secure,b200-sxm-180gb,B200,180GB,SXM,IB-NDR,6M,NonInterruptible,Reserved,Other,Other,DIF,T2IF,T3,6.7900,True,local-nvme,SoldOut,v2.4.0,panel,Global
2026-09-09,shakti_cloud,b200-sxm-180gb,B200,180GB,SXM,IB-Unspecified,1M,NonInterruptible,Reserved,APAC,APAC,SIF,T2IF,T2,4.9881,False,,Available,v2.4.0,panel,IN
2026-09-09,spheron,b200-sxm-180gb,B200,180GB,SXM,Unknown,OnDemand,NonInterruptible,OnDemand,Other,Other,DIF,T3IF,T3,7.2009,False,,Available,v2.4.0,panel,canada-1
2026-09-09,spheron,b200-sxm-180gb,B200,180GB,SXM,Unknown,OnDemand,NonInterruptible,OnDemand,Other,Other,DIF,T3IF,T3,9.3600,False,,Available,v2.4.0,panel,me-west-1
2026-09-09,spheron,b200-sxm-180gb,B200,180GB,SXM,Unknown,OnDemand,NonInterruptible,OnDemand,US-Central,US,DIF,T3IF,T3,9.3600,False,,Available,v2.4.0,panel,us-central-1
2026-09-09,spheron,b200-sxm-180gb,B200,180GB,SXM,Unknown,OnDemand,Interruptible,Spot,Other,Other,DIF,T3IF,T3,5.3376,False,,Available,v2.4.0,panel,me-west-1
2026-09-09,spheron,b200-sxm-180gb,B200,180GB,SXM,Unknown,OnDemand,Interruptible,Spot,US-Central,US,DIF,T3IF,T3,5.3730,False,,Available,v2.4.0,panel,us-central-1
2026-09-09,together,b200-sxm-180gb,B200,180GB,SXM,IB-NDR,OnDemand,NonInterruptible,OnDemand,US-East,US,SIF,T1IF,T2,8.1900,True,local-nvme;support-tier;observability;managed-ops-plane,Available,v2.4.0,panel,US
2026-09-09,together,b200-sxm-180gb,B200,180GB,SXM,IB-NDR,1M,NonInterruptible,Reserved,US-East,US,SIF,T1IF,T2,7.9900,True,local-nvme;support-tier;observability;managed-ops-plane,Available,v2.4.0,panel,US
2026-09-09,together,b200-sxm-180gb,B200,180GB,SXM,IB-NDR,3M,NonInterruptible,Reserved,US-East,US,SIF,T1IF,T2,7.7900,True,local-nvme;support-tier;observability;managed-ops-plane,Available,v2.4.0,panel,US
2026-09-09,together,b200-sxm-180gb,B200,180GB,SXM,IB-NDR,6M,NonInterruptible,Reserved,US-East,US,SIF,T1IF,T2,6.7900,True,local-nvme;support-tier;observability;managed-ops-plane,Available,v2.4.0,panel,US
2026-09-09,upcloud,b200-sxm-180gb,B200,180GB,SXM,Unknown,OnDemand,NonInterruptible,OnDemand,EU,EU,SIF,T2IF,T2,5.2263,False,,Available,v2.4.0,panel,EU-FI
2026-09-09,upcloud,b200-sxm-180gb,B200,180GB,SXM,Unknown,OnDemand,Interruptible,Spot,EU,EU,DIF,T2IF,T2,3.9197,False,,Available,v2.4.0,panel,EU-FI
2026-09-09,vast_ai,b200-sxm-180gb,B200,180GB,SXM,IB-NDR,OnDemand,NonInterruptible,OnDemand,US-East,US,DIF,T3IF,T3,6.7500,True,local-nvme,Available,v2.4.0,marketplace,", US"
2026-09-09,vast_ai,b200-sxm-180gb,B200,180GB,SXM,IB-NDR,OnDemand,NonInterruptible,OnDemand,APAC,APAC,DIF,T3IF,T3,5.5625,True,local-nvme,Available,v2.4.0,marketplace,"AUSTRALIA, AU"
2026-09-09,vast_ai,b200-sxm-180gb,B200,180GB,SXM,IB-NDR,OnDemand,NonInterruptible,OnDemand,US-East,US,DIF,T3IF,T3,4.3750,True,local-nvme,Available,v2.4.0,marketplace,"VIRGINIA, US"
2026-09-09,vultr,b200-sxm-180gb,B200,180GB,SXM,Unknown,OnDemand,NonInterruptible,OnDemand,Other,Other,SIF,T2IF,T2,8.5000,False,,SoldOut,v2.4.0,panel,Multi
2026-09-09,vultr,b200-sxm-180gb,B200,180GB,SXM,Unknown,OnDemand,Interruptible,Spot,Other,Other,DIF,T2IF,T2,3.2000,False,,SoldOut,v2.4.0,panel,Multi
2026-09-10,aws,b200-sxm-180gb,B200,180GB,SXM,EFA,OnDemand,NonInterruptible,OnDemand,APAC,APAC,HIF,T1IF,T1,20.0807,True,local-nvme;managed-ops-plane;support-tier;observability,Available,v2.4.0,panel,ap-south-1
2026-09-10,aws,b200-sxm-180gb,B200,180GB,SXM,EFA,OnDemand,NonInterruptible,OnDemand,APAC,APAC,HIF,T1IF,T1,20.0813,True,local-nvme;managed-ops-plane;support-tier;observability,Available,v2.4.0,panel,ap-south-2
2026-09-10,aws,b200-sxm-180gb,B200,180GB,SXM,EFA,OnDemand,NonInterruptible,OnDemand,EU,EU,HIF,T1IF,T1,17.9053,True,local-nvme;managed-ops-plane;support-tier;observability,Available,v2.4.0,panel,eu-north-1
2026-09-10,aws,b200-sxm-180gb,B200,180GB,SXM,EFA,OnDemand,NonInterruptible,OnDemand,US-East,US,HIF,T1IF,T1,14.2416,True,local-nvme;managed-ops-plane;support-tier;observability,Available,v2.4.0,panel,us-east-1
2026-09-10,aws,b200-sxm-180gb,B200,180GB,SXM,EFA,OnDemand,NonInterruptible,OnDemand,US-East,US,HIF,T1IF,T1,14.2416,True,local-nvme;managed-ops-plane;support-tier;observability,Available,v2.4.0,panel,us-east-2
2026-09-10,aws,b200-sxm-180gb,B200,180GB,SXM,EFA,OnDemand,NonInterruptible,OnDemand,US-West,US,HIF,T1IF,T1,14.2416,True,local-nvme;managed-ops-plane;support-tier;observability,Available,v2.4.0,panel,us-west-2
2026-09-10,aws,b200-sxm-180gb,B200,180GB,SXM,EFA,3Y,NonInterruptible,Reserved,APAC,APAC,HIF,T1IF,T1,8.6751,True,local-nvme;managed-ops-plane;support-tier;observability,Available,v2.4.0,panel,ap-south-2
2026-09-10,aws,b200-sxm-180gb,B200,180GB,SXM,EFA,3Y,NonInterruptible,Reserved,US-East,US,HIF,T1IF,T1,6.1524,True,local-nvme;managed-ops-plane;support-tier;observability,Available,v2.4.0,panel,us-east-1
2026-09-10,aws,b200-sxm-180gb,B200,180GB,SXM,EFA,3Y,NonInterruptible,Reserved,US-East,US,HIF,T1IF,T1,6.1524,True,local-nvme;managed-ops-plane;support-tier;observability,Available,v2.4.0,panel,us-east-2
2026-09-10,aws,b200-sxm-180gb,B200,180GB,SXM,EFA,3Y,NonInterruptible,Reserved,US-West,US,HIF,T1IF,T1,6.1524,True,local-nvme;managed-ops-plane;support-tier;observability,Available,v2.4.0,panel,us-west-2
2026-09-10,aws,b200-sxm-180gb,B200,180GB,SXM,EFA,OnDemand,Interruptible,Spot,APAC,APAC,DIF,T2IF,T1,6.0893,False,,Available,v2.4.0,panel,ap-south-1c
2026-09-10,aws,b200-sxm-180gb,B200,180GB,SXM,EFA,OnDemand,Interruptible,Spot,APAC,APAC,DIF,T2IF,T1,5.6017,False,,Available,v2.4.0,panel,ap-south-2b
2026-09-10,aws,b200-sxm-180gb,B200,180GB,SXM,EFA,OnDemand,Interruptible,Spot,US-East,US,DIF,T2IF,T1,5.2592,False,,Available,v2.4.0,panel,us-east-1d
2026-09-10,aws,b200-sxm-180gb,B200,180GB,SXM,EFA,OnDemand,Interruptible,Spot,US-East,US,DIF,T2IF,T1,5.2759,False,,Available,v2.4.0,panel,us-east-2a
2026-09-10,aws,b200-sxm-180gb,B200,180GB,SXM,EFA,OnDemand,Interruptible,Spot,US-East,US,DIF,T2IF,T1,5.2769,False,,Available,v2.4.0,panel,us-east-2b
2026-09-10,aws,b200-sxm-180gb,B200,180GB,SXM,EFA,OnDemand,Interruptible,Spot,US-East,US,DIF,T2IF,T1,5.1892,False,,Available,v2.4.0,panel,us-east-2c
2026-09-10,aws,b200-sxm-180gb,B200,180GB,SXM,EFA,OnDemand,Interruptible,Spot,US-West,US,DIF,T2IF,T1,5.1945,False,,Available,v2.4.0,panel,us-west-2a
2026-09-10,aws,b200-sxm-180gb,B200,180GB,SXM,EFA,OnDemand,Interruptible,Spot,US-West,US,DIF,T2IF,T1,5.2490,False,,Available,v2.4.0,panel,us-west-2b
2026-09-10,aws,b200-sxm-180gb,B200,180GB,SXM,EFA,OnDemand,Interruptible,Spot,US-West,US,DIF,T2IF,T1,5.2618,False,,Available,v2.4.0,panel,us-west-2d
2026-09-10,aws_capacity_blocks,b200-sxm-180gb,B200,180GB,SXM,EFA,CapacityBlock,NonInterruptible,Reserved,Other,Other,HIF,T2IF,T1,12.3550,False,,Available,v2.4.0,term-panel,non-us
2026-09-10,aws_capacity_blocks,b200-sxm-180gb,B200,180GB,SXM,EFA,CapacityBlock,NonInterruptible,Reserved,US-East,US,HIF,T2IF,T1,12.3550,False,,Available,v2.4.0,term-panel,us-east-1
2026-09-10,civo,b200-sxm-180gb,B200,180GB,SXM,Unknown,1Y,NonInterruptible,Reserved,Other,Other,SIF,T2IF,T2,4.4900,False,,Available,v2.4.0,panel,
2026-09-10,civo,b200-sxm-180gb,B200,180GB,SXM,Unknown,2Y,NonInterruptible,Reserved,Other,Other,SIF,T2IF,T2,3.9900,False,,Available,v2.4.0,panel,
2026-09-10,civo,b200-sxm-180gb,B200,180GB,SXM,Unknown,3Y,NonInterruptible,Reserved,Other,Other,SIF,T2IF,T2,3.7900,False,,Available,v2.4.0,panel,
2026-09-10,coreweave,b200-sxm-180gb,B200,180GB,SXM,IB-NDR,OnDemand,NonInterruptible,OnDemand,EU,EU,IIF,T1IF,T2,8.6000,True,local-nvme;free-egress;support-tier;observability;managed-ops-plane,Available,v2.4.0,panel,EU
2026-09-10,coreweave,b200-sxm-180gb,B200,180GB,SXM,IB-NDR,OnDemand,NonInterruptible,OnDemand,US-East,US,IIF,T1IF,T2,8.6000,True,local-nvme;free-egress;support-tier;observability;managed-ops-plane,Available,v2.4.0,panel,US
2026-09-10,coreweave,b200-sxm-180gb,B200,180GB,SXM,IB-NDR,OnDemand,Interruptible,Spot,EU,EU,DIF,T1IF,T2,4.3588,True,local-nvme;free-egress;support-tier;observability;managed-ops-plane,Available,v2.4.0,panel,EU
2026-09-10,coreweave,b200-sxm-180gb,B200,180GB,SXM,IB-NDR,OnDemand,Interruptible,Spot,US-East,US,DIF,T1IF,T2,4.2638,True,local-nvme;free-egress;support-tier;observability;managed-ops-plane,Available,v2.4.0,panel,US
2026-09-10,datacrunch,b200-sxm-180gb,B200,180GB,SXM,IB-NDR,OnDemand,NonInterruptible,OnDemand,EU,EU,SIF,T2IF,T2,6.1100,True,local-nvme,Available,v2.4.0,panel,EU-FI
2026-09-10,datacrunch,b200-sxm-180gb,B200,180GB,SXM,IB-NDR,1M,NonInterruptible,Reserved,EU,EU,SIF,T2IF,T2,5.9878,True,local-nvme,Available,v2.4.0,panel,EU-FI
2026-09-10,datacrunch,b200-sxm-180gb,B200,180GB,SXM,IB-NDR,1Y,NonInterruptible,Reserved,EU,EU,SIF,T2IF,T2,5.6212,True,local-nvme,Available,v2.4.0,panel,EU-FI
2026-09-10,datacrunch,b200-sxm-180gb,B200,180GB,SXM,IB-NDR,2Y,NonInterruptible,Reserved,EU,EU,SIF,T2IF,T2,4.5825,True,local-nvme,Available,v2.4.0,panel,EU-FI
2026-09-10,datacrunch,b200-sxm-180gb,B200,180GB,SXM,IB-NDR,3M,NonInterruptible,Reserved,EU,EU,SIF,T2IF,T2,5.9267,True,local-nvme,Available,v2.4.0,panel,EU-FI
2026-09-10,datacrunch,b200-sxm-180gb,B200,180GB,SXM,IB-NDR,6M,NonInterruptible,Reserved,EU,EU,SIF,T2IF,T2,5.8656,True,local-nvme,Available,v2.4.0,panel,EU-FI
2026-09-10,datacrunch,b200-sxm-180gb,B200,180GB,SXM,IB-NDR,OnDemand,Interruptible,Spot,EU,EU,DIF,T2IF,T2,3.0550,True,local-nvme,Available,v2.4.0,panel,EU-FI
2026-09-10,deepinfra_gpu,b200-sxm-180gb,B200,180GB,SXM,,OnDemand,NonInterruptible,OnDemand,Other,Other,SIF,T2IF,T2,3.6900,False,,Available,v2.4.0,panel,undisclosed
2026-09-10,e2e,b200-sxm-180gb,B200,180GB,SXM,IB-NDR,OnDemand,NonInterruptible,OnDemand,APAC,APAC,IIF,T2IF,T2,6.9900,False,,Available,v2.4.0,panel,India
2026-09-10,e2e,b200-sxm-180gb,B200,180GB,SXM,IB-NDR,1M,NonInterruptible,Reserved,APAC,APAC,IIF,T2IF,T2,6.9211,False,,Available,v2.4.0,panel,India
2026-09-10,e2e,b200-sxm-180gb,B200,180GB,SXM,IB-NDR,1Y,NonInterruptible,Reserved,APAC,APAC,IIF,T2IF,T2,6.2888,False,,Available,v2.4.0,panel,India
2026-09-10,gcp,b200-sxm-180gb,B200,180GB,SXM,IB-NDR,OnDemand,NonInterruptible,OnDemand,APAC,APAC,HIF,T1IF,T1,19.3320,True,local-nvme;managed-ops-plane;support-tier;observability,Available,v2.4.0,panel,asia-southeast1
2026-09-10,gcp,b200-sxm-180gb,B200,180GB,SXM,IB-NDR,OnDemand,NonInterruptible,OnDemand,EU,EU,HIF,T1IF,T1,17.7210,True,local-nvme;managed-ops-plane;support-tier;observability,Available,v2.4.0,panel,europe-west4
2026-09-10,gcp,b200-sxm-180gb,B200,180GB,SXM,IB-NDR,OnDemand,NonInterruptible,OnDemand,US-Central,US,HIF,T1IF,T1,16.1100,True,local-nvme;managed-ops-plane;support-tier;observability,Available,v2.4.0,panel,us-central1
2026-09-10,gcp,b200-sxm-180gb,B200,180GB,SXM,IB-NDR,OnDemand,NonInterruptible,OnDemand,US-East,US,HIF,T1IF,T1,16.1100,True,local-nvme;managed-ops-plane;support-tier;observability,Available,v2.4.0,panel,us-east1
2026-09-10,gcp,b200-sxm-180gb,B200,180GB,SXM,IB-NDR,1Y,NonInterruptible,Reserved,APAC,APAC,HIF,T1IF,T1,13.3391,True,local-nvme;managed-ops-plane;support-tier;observability,Available,v2.4.0,panel,asia-northeast1
2026-09-10,gcp,b200-sxm-180gb,B200,180GB,SXM,IB-NDR,1Y,NonInterruptible,Reserved,APAC,APAC,HIF,T1IF,T1,13.3391,True,local-nvme;managed-ops-plane;support-tier;observability,Available,v2.4.0,panel,asia-southeast1
2026-09-10,gcp,b200-sxm-180gb,B200,180GB,SXM,IB-NDR,1Y,NonInterruptible,Reserved,EU,EU,HIF,T1IF,T1,12.2275,True,local-nvme;managed-ops-plane;support-tier;observability,Available,v2.4.0,panel,europe-west4
2026-09-10,gcp,b200-sxm-180gb,B200,180GB,SXM,IB-NDR,1Y,NonInterruptible,Reserved,US-Central,US,HIF,T1IF,T1,11.1159,True,local-nvme;managed-ops-plane;support-tier;observability,Available,v2.4.0,panel,us-central1
2026-09-10,gcp,b200-sxm-180gb,B200,180GB,SXM,IB-NDR,1Y,NonInterruptible,Reserved,US-East,US,HIF,T1IF,T1,11.1159,True,local-nvme;managed-ops-plane;support-tier;observability,Available,v2.4.0,panel,us-east1
2026-09-10,gcp,b200-sxm-180gb,B200,180GB,SXM,IB-NDR,1Y,NonInterruptible,Reserved,US-South,US,HIF,T1IF,T1,11.1159,True,local-nvme;managed-ops-plane;support-tier;observability,Available,v2.4.0,panel,us-south1
2026-09-10,gcp,b200-sxm-180gb,B200,180GB,SXM,IB-NDR,1Y,NonInterruptible,Reserved,US-West,US,HIF,T1IF,T1,11.1159,True,local-nvme;managed-ops-plane;support-tier;observability,Available,v2.4.0,panel,us-west1
2026-09-10,gcp,b200-sxm-180gb,B200,180GB,SXM,IB-NDR,1Y,NonInterruptible,Reserved,US-West,US,HIF,T1IF,T1,11.1159,True,local-nvme;managed-ops-plane;support-tier;observability,Available,v2.4.0,panel,us-west2
2026-09-10,gcp,b200-sxm-180gb,B200,180GB,SXM,IB-NDR,1Y,NonInterruptible,Reserved,US-West,US,HIF,T1IF,T1,11.1159,True,local-nvme;managed-ops-plane;support-tier;observability,Available,v2.4.0,panel,us-west3
2026-09-10,gcp,b200-sxm-180gb,B200,180GB,SXM,IB-NDR,1Y,NonInterruptible,Reserved,US-West,US,HIF,T1IF,T1,11.1159,True,local-nvme;managed-ops-plane;support-tier;observability,Available,v2.4.0,panel,us-west4
2026-09-10,gcp,b200-sxm-180gb,B200,180GB,SXM,IB-NDR,3Y,NonInterruptible,Reserved,APAC,APAC,HIF,T1IF,T1,8.5061,True,local-nvme;managed-ops-plane;support-tier;observability,Available,v2.4.0,panel,asia-northeast1
2026-09-10,gcp,b200-sxm-180gb,B200,180GB,SXM,IB-NDR,3Y,NonInterruptible,Reserved,APAC,APAC,HIF,T1IF,T1,8.5061,True,local-nvme;managed-ops-plane;support-tier;observability,Available,v2.4.0,panel,asia-southeast1
2026-09-10,gcp,b200-sxm-180gb,B200,180GB,SXM,IB-NDR,3Y,NonInterruptible,Reserved,EU,EU,HIF,T1IF,T1,7.7972,True,local-nvme;managed-ops-plane;support-tier;observability,Available,v2.4.0,panel,europe-west4
2026-09-10,gcp,b200-sxm-180gb,B200,180GB,SXM,IB-NDR,3Y,NonInterruptible,Reserved,US-Central,US,HIF,T1IF,T1,7.0884,True,local-nvme;managed-ops-plane;support-tier;observability,Available,v2.4.0,panel,us-central1
2026-09-10,gcp,b200-sxm-180gb,B200,180GB,SXM,IB-NDR,3Y,NonInterruptible,Reserved,US-East,US,HIF,T1IF,T1,7.0884,True,local-nvme;managed-ops-plane;support-tier;observability,Available,v2.4.0,panel,us-east1
2026-09-10,gcp,b200-sxm-180gb,B200,180GB,SXM,IB-NDR,3Y,NonInterruptible,Reserved,US-South,US,HIF,T1IF,T1,7.0884,True,local-nvme;managed-ops-plane;support-tier;observability,Available,v2.4.0,panel,us-south1
2026-09-10,gcp,b200-sxm-180gb,B200,180GB,SXM,IB-NDR,3Y,NonInterruptible,Reserved,US-West,US,HIF,T1IF,T1,7.0884,True,local-nvme;managed-ops-plane;support-tier;observability,Available,v2.4.0,panel,us-west1
2026-09-10,gcp,b200-sxm-180gb,B200,180GB,SXM,IB-NDR,3Y,NonInterruptible,Reserved,US-West,US,HIF,T1IF,T1,7.0884,True,local-nvme;managed-ops-plane;support-tier;observability,Available,v2.4.0,panel,us-west2
2026-09-10,gcp,b200-sxm-180gb,B200,180GB,SXM,IB-NDR,3Y,NonInterruptible,Reserved,US-West,US,HIF,T1IF,T1,7.0884,True,local-nvme;managed-ops-plane;support-tier;observability,Available,v2.4.0,panel,us-west3
2026-09-10,gcp,b200-sxm-180gb,B200,180GB,SXM,IB-NDR,3Y,NonInterruptible,Reserved,US-West,US,HIF,T1IF,T1,7.0884,True,local-nvme;managed-ops-plane;support-tier;observability,Available,v2.4.0,panel,us-west4
2026-09-10,gcp,b200-sxm-180gb,B200,180GB,SXM,IB-NDR,OnDemand,Interruptible,Spot,APAC,APAC,DIF,T1IF,T1,6.2282,True,local-nvme;managed-ops-plane;support-tier;observability,Available,v2.4.0,panel,asia-northeast1
2026-09-10,gcp,b200-sxm-180gb,B200,180GB,SXM,IB-NDR,OnDemand,Interruptible,Spot,APAC,APAC,DIF,T1IF,T1,4.9021,True,local-nvme;managed-ops-plane;support-tier;observability,Available,v2.4.0,panel,asia-southeast1
2026-09-10,gcp,b200-sxm-180gb,B200,180GB,SXM,IB-NDR,OnDemand,Interruptible,Spot,EU,EU,DIF,T1IF,T1,5.4373,True,local-nvme;managed-ops-plane;support-tier;observability,Available,v2.4.0,panel,europe-north1
2026-09-10,gcp,b200-sxm-180gb,B200,180GB,SXM,IB-NDR,OnDemand,Interruptible,Spot,EU,EU,DIF,T1IF,T1,2.4116,True,local-nvme;managed-ops-plane;support-tier;observability,Available,v2.4.0,panel,europe-west1
2026-09-10,gcp,b200-sxm-180gb,B200,180GB,SXM,IB-NDR,OnDemand,Interruptible,Spot,EU,EU,DIF,T1IF,T1,5.1654,True,local-nvme;managed-ops-plane;support-tier;observability,Available,v2.4.0,panel,europe-west4
2026-09-10,gcp,b200-sxm-180gb,B200,180GB,SXM,IB-NDR,OnDemand,Interruptible,Spot,US-Central,US,DIF,T1IF,T1,4.9542,True,local-nvme;managed-ops-plane;support-tier;observability,Available,v2.4.0,panel,us-central1
2026-09-10,gcp,b200-sxm-180gb,B200,180GB,SXM,IB-NDR,OnDemand,Interruptible,Spot,US-East,US,DIF,T1IF,T1,4.9542,True,local-nvme;managed-ops-plane;support-tier;observability,Available,v2.4.0,panel,us-east1
2026-09-10,gcp,b200-sxm-180gb,B200,180GB,SXM,IB-NDR,OnDemand,Interruptible,Spot,US-East,US,DIF,T1IF,T1,4.0758,True,local-nvme;managed-ops-plane;support-tier;observability,Available,v2.4.0,panel,us-east4
2026-09-10,gcp,b200-sxm-180gb,B200,180GB,SXM,IB-NDR,OnDemand,Interruptible,Spot,US-South,US,DIF,T1IF,T1,4.4936,True,local-nvme;managed-ops-plane;support-tier;observability,Available,v2.4.0,panel,us-south1
2026-09-10,gcp,b200-sxm-180gb,B200,180GB,SXM,IB-NDR,OnDemand,Interruptible,Spot,US-West,US,DIF,T1IF,T1,4.2592,True,local-nvme;managed-ops-plane;support-tier;observability,Available,v2.4.0,panel,us-west2
2026-09-10,gcp,b200-sxm-180gb,B200,180GB,SXM,IB-NDR,OnDemand,Interruptible,Spot,US-West,US,DIF,T1IF,T1,5.1654,True,local-nvme;managed-ops-plane;support-tier;observability,Available,v2.4.0,panel,us-west3
2026-09-10,gcp_cud,b200-sxm-180gb,B200,180GB,SXM,IB-NDR,1Y,NonInterruptible,Reserved,APAC,APAC,HIF,T2IF,T1,13.3391,False,,Available,v2.4.0,candidate,asia-northeast1
2026-09-10,gcp_cud,b200-sxm-180gb,B200,180GB,SXM,IB-NDR,1Y,NonInterruptible,Reserved,APAC,APAC,HIF,T2IF,T1,13.3391,False,,Available,v2.4.0,candidate,asia-southeast1
2026-09-10,gcp_cud,b200-sxm-180gb,B200,180GB,SXM,IB-NDR,1Y,NonInterruptible,Reserved,EU,EU,HIF,T2IF,T1,12.2275,False,,Available,v2.4.0,candidate,europe-west4
2026-09-10,gcp_cud,b200-sxm-180gb,B200,180GB,SXM,IB-NDR,1Y,NonInterruptible,Reserved,US-Central,US,HIF,T2IF,T1,11.1159,False,,Available,v2.4.0,candidate,us-central1
2026-09-10,gcp_cud,b200-sxm-180gb,B200,180GB,SXM,IB-NDR,1Y,NonInterruptible,Reserved,US-East,US,HIF,T2IF,T1,11.1159,False,,Available,v2.4.0,candidate,us-east1
2026-09-10,gcp_cud,b200-sxm-180gb,B200,180GB,SXM,IB-NDR,1Y,NonInterruptible,Reserved,US-South,US,HIF,T2IF,T1,11.1159,False,,Available,v2.4.0,candidate,us-south1
2026-09-10,gcp_cud,b200-sxm-180gb,B200,180GB,SXM,IB-NDR,1Y,NonInterruptible,Reserved,US-West,US,HIF,T2IF,T1,11.1159,False,,Available,v2.4.0,candidate,us-west1
2026-09-10,gcp_cud,b200-sxm-180gb,B200,180GB,SXM,IB-NDR,1Y,NonInterruptible,Reserved,US-West,US,HIF,T2IF,T1,11.1159,False,,Available,v2.4.0,candidate,us-west2
2026-09-10,gcp_cud,b200-sxm-180gb,B200,180GB,SXM,IB-NDR,1Y,NonInterruptible,Reserved,US-West,US,HIF,T2IF,T1,11.1159,False,,Available,v2.4.0,candidate,us-west3
2026-09-10,gcp_cud,b200-sxm-180gb,B200,180GB,SXM,IB-NDR,1Y,NonInterruptible,Reserved,US-West,US,HIF,T2IF,T1,11.1159,False,,Available,v2.4.0,candidate,us-west4
2026-09-10,gcp_cud,b200-sxm-180gb,B200,180GB,SXM,IB-NDR,3Y,NonInterruptible,Reserved,APAC,APAC,HIF,T2IF,T1,8.5061,False,,Available,v2.4.0,candidate,asia-northeast1
2026-09-10,gcp_cud,b200-sxm-180gb,B200,180GB,SXM,IB-NDR,3Y,NonInterruptible,Reserved,APAC,APAC,HIF,T2IF,T1,8.5061,False,,Available,v2.4.0,candidate,asia-southeast1
2026-09-10,gcp_cud,b200-sxm-180gb,B200,180GB,SXM,IB-NDR,3Y,NonInterruptible,Reserved,EU,EU,HIF,T2IF,T1,7.7972,False,,Available,v2.4.0,candidate,europe-west4
2026-09-10,gcp_cud,b200-sxm-180gb,B200,180GB,SXM,IB-NDR,3Y,NonInterruptible,Reserved,US-Central,US,HIF,T2IF,T1,7.0884,False,,Available,v2.4.0,candidate,us-central1
2026-09-10,gcp_cud,b200-sxm-180gb,B200,180GB,SXM,IB-NDR,3Y,NonInterruptible,Reserved,US-East,US,HIF,T2IF,T1,7.0884,False,,Available,v2.4.0,candidate,us-east1
2026-09-10,gcp_cud,b200-sxm-180gb,B200,180GB,SXM,IB-NDR,3Y,NonInterruptible,Reserved,US-South,US,HIF,T2IF,T1,7.0884,False,,Available,v2.4.0,candidate,us-south1
2026-09-10,gcp_cud,b200-sxm-180gb,B200,180GB,SXM,IB-NDR,3Y,NonInterruptible,Reserved,US-West,US,HIF,T2IF,T1,7.0884,False,,Available,v2.4.0,candidate,us-west1
2026-09-10,gcp_cud,b200-sxm-180gb,B200,180GB,SXM,IB-NDR,3Y,NonInterruptible,Reserved,US-West,US,HIF,T2IF,T1,7.0884,False,,Available,v2.4.0,candidate,us-west2
2026-09-10,gcp_cud,b200-sxm-180gb,B200,180GB,SXM,IB-NDR,3Y,NonInterruptible,Reserved,US-West,US,HIF,T2IF,T1,7.0884,False,,Available,v2.4.0,candidate,us-west3
2026-09-10,gcp_cud,b200-sxm-180gb,B200,180GB,SXM,IB-NDR,3Y,NonInterruptible,Reserved,US-West,US,HIF,T2IF,T1,7.0884,False,,Available,v2.4.0,candidate,us-west4
2026-09-10,gcp_dws,b200-sxm-180gb,B200,180GB,SXM,IB-NDR,FlexStart,NonInterruptible,Reserved,US-Central,US,HIF,T2IF,T1,8.0550,False,,Available,v2.4.0,term-panel,us-central1
2026-09-10,gmi_cloud,b200-sxm-180gb,B200,180GB,SXM,IB-NDR,OnDemand,NonInterruptible,OnDemand,US-East,US,IIF,T2IF,T2,4.0000,False,,Available,v2.4.0,candidate,US
2026-09-10,hyperstack,b200-sxm-180gb,B200,180GB,SXM,IB-NDR,OnDemand,NonInterruptible,OnDemand,Other,Other,SIF,T2IF,T2,6.0000,True,local-nvme,Available,v2.4.0,panel,Multi
2026-09-10,hyperstack,b200-sxm-180gb,B200,180GB,SXM,IB-NDR,6M,NonInterruptible,Reserved,Other,Other,SIF,T2IF,T2,5.1000,True,local-nvme,Available,v2.4.0,panel,Multi
2026-09-10,koyeb,b200-sxm-180gb,B200,180GB,SXM,Unknown,OnDemand,NonInterruptible,OnDemand,Other,Other,SIF,T2IF,T2,5.5000,False,,Available,v2.4.0,candidate,Multi
2026-09-10,lambda,b200-sxm-180gb,B200,180GB,SXM,IB-NDR,OnDemand,NonInterruptible,OnDemand,US-East,US,IIF,T2IF,T2,6.6900,True,local-nvme,SoldOut,v2.4.0,panel,US
2026-09-10,lambda,b200-sxm-180gb,B200,180GB,SXM,IB-NDR,ReservedBand,NonInterruptible,Reserved,US-East,US,IIF,T2IF,T2,9.8600,True,local-nvme,Available,v2.4.0,panel,US
2026-09-10,lyceum,b200-sxm-180gb,B200,180GB,SXM,,OnDemand,NonInterruptible,OnDemand,Other,Other,SIF,T2IF,T2,6.4900,False,,Available,v2.4.0,candidate,EU (undisclosed)
2026-09-10,lyceum,b200-sxm-180gb,B200,180GB,SXM,,OnDemand,NonInterruptible,OnDemand,Other,Other,SIF,T2IF,T2,6.2900,False,,Available,v2.4.0,candidate,EU (undisclosed)
2026-09-10,massed_compute,b200-sxm-180gb,B200,180GB,SXM,Unknown,OnDemand,NonInterruptible,OnDemand,US-East,US,DIF,T3IF,T3,5.4325,False,,Available,v2.4.0,panel,US
2026-09-10,nebius,b200-sxm-180gb,B200,180GB,SXM,IB-NDR,OnDemand,NonInterruptible,OnDemand,Other,Other,IIF,T1IF,T2,7.1500,True,observability;managed-ops-plane;free-egress,Available,v2.4.0,panel,
2026-09-10,nebius,b200-sxm-180gb,B200,180GB,SXM,IB-NDR,OnDemand,Interruptible,Spot,Other,Other,DIF,T1IF,T2,3.9500,True,observability;managed-ops-plane;free-egress,Available,v2.4.0,panel,
2026-09-10,oci,b200-sxm-180gb,B200,180GB,SXM,RoCE-v2,OnDemand,NonInterruptible,OnDemand,US-East,US,HIF,T1IF,T1,14.0000,True,local-nvme;egress-capped;managed-ops-plane;support-tier;observability,Available,v2.4.0,panel,us-ashburn-1
2026-09-10,qubrid,b200-sxm-180gb,B200,180GB,SXM,Unknown,1Y,NonInterruptible,Reserved,Other,Other,SIF,T2IF,T2,4.2500,False,,Available,v2.4.0,panel,
2026-09-10,runpod_community,b200-sxm-180gb,B200,180GB,SXM,Unknown,OnDemand,NonInterruptible,OnDemand,Other,Other,DIF,T3IF,T3,5.9800,False,,SoldOut,v2.4.0,panel,Global
2026-09-10,runpod_secure,b200-sxm-180gb,B200,180GB,SXM,IB-NDR,OnDemand,NonInterruptible,OnDemand,EU,EU,DIF,T2IF,T3,6.7900,True,local-nvme,Available,v2.4.0,panel,EU-RO-1
2026-09-10,runpod_secure,b200-sxm-180gb,B200,180GB,SXM,IB-NDR,OnDemand,NonInterruptible,OnDemand,Other,Other,DIF,T2IF,T3,6.7900,True,local-nvme,Available,v2.4.0,panel,Global
2026-09-10,runpod_secure,b200-sxm-180gb,B200,180GB,SXM,IB-NDR,OnDemand,NonInterruptible,OnDemand,US-West,US,DIF,T2IF,T3,6.7900,True,local-nvme,Available,v2.4.0,panel,US-CA-2
2026-09-10,runpod_secure,b200-sxm-180gb,B200,180GB,SXM,IB-NDR,OnDemand,NonInterruptible,OnDemand,US-East,US,DIF,T2IF,T3,6.7900,True,local-nvme,Available,v2.4.0,panel,US-NC-2
2026-09-10,runpod_secure,b200-sxm-180gb,B200,180GB,SXM,IB-NDR,OnDemand,NonInterruptible,OnDemand,US-Central,US,DIF,T2IF,T3,6.7900,True,local-nvme,Available,v2.4.0,panel,US-NE-1
2026-09-10,runpod_secure,b200-sxm-180gb,B200,180GB,SXM,IB-NDR,1Y,NonInterruptible,Reserved,Other,Other,DIF,T2IF,T3,6.7900,True,local-nvme,Available,v2.4.0,panel,Global
2026-09-10,runpod_secure,b200-sxm-180gb,B200,180GB,SXM,IB-NDR,3M,NonInterruptible,Reserved,Other,Other,DIF,T2IF,T3,6.7900,True,local-nvme,Available,v2.4.0,panel,Global
2026-09-10,runpod_secure,b200-sxm-180gb,B200,180GB,SXM,IB-NDR,6M,NonInterruptible,Reserved,Other,Other,DIF,T2IF,T3,6.7900,True,local-nvme,Available,v2.4.0,panel,Global
2026-09-10,shakti_cloud,b200-sxm-180gb,B200,180GB,SXM,IB-Unspecified,1M,NonInterruptible,Reserved,APAC,APAC,SIF,T2IF,T2,4.9732,False,,Available,v2.4.0,panel,IN
2026-09-10,spheron,b200-sxm-180gb,B200,180GB,SXM,Unknown,OnDemand,NonInterruptible,OnDemand,Other,Other,DIF,T3IF,T3,7.2009,False,,Available,v2.4.0,panel,canada-1
2026-09-10,spheron,b200-sxm-180gb,B200,180GB,SXM,Unknown,OnDemand,NonInterruptible,OnDemand,Other,Other,DIF,T3IF,T3,9.3600,False,,Available,v2.4.0,panel,me-west-1
2026-09-10,spheron,b200-sxm-180gb,B200,180GB,SXM,Unknown,OnDemand,Interruptible,Spot,Other,Other,DIF,T3IF,T3,5.3730,False,,Available,v2.4.0,panel,me-west-1
2026-09-10,spheron,b200-sxm-180gb,B200,180GB,SXM,Unknown,OnDemand,Interruptible,Spot,US-Central,US,DIF,T3IF,T3,5.3730,False,,Available,v2.4.0,panel,us-central-1
2026-09-10,together,b200-sxm-180gb,B200,180GB,SXM,IB-NDR,OnDemand,NonInterruptible,OnDemand,US-East,US,SIF,T1IF,T2,8.1900,True,local-nvme;support-tier;observability;managed-ops-plane,Available,v2.4.0,panel,US
2026-09-10,together,b200-sxm-180gb,B200,180GB,SXM,IB-NDR,1M,NonInterruptible,Reserved,US-East,US,SIF,T1IF,T2,7.9900,True,local-nvme;support-tier;observability;managed-ops-plane,Available,v2.4.0,panel,US
2026-09-10,together,b200-sxm-180gb,B200,180GB,SXM,IB-NDR,3M,NonInterruptible,Reserved,US-East,US,SIF,T1IF,T2,7.7900,True,local-nvme;support-tier;observability;managed-ops-plane,Available,v2.4.0,panel,US
2026-09-10,together,b200-sxm-180gb,B200,180GB,SXM,IB-NDR,6M,NonInterruptible,Reserved,US-East,US,SIF,T1IF,T2,6.7900,True,local-nvme;support-tier;observability;managed-ops-plane,Available,v2.4.0,panel,US
2026-09-10,upcloud,b200-sxm-180gb,B200,180GB,SXM,Unknown,OnDemand,NonInterruptible,OnDemand,EU,EU,SIF,T2IF,T2,5.2434,False,,Available,v2.4.0,panel,EU-FI
2026-09-10,upcloud,b200-sxm-180gb,B200,180GB,SXM,Unknown,OnDemand,Interruptible,Spot,EU,EU,DIF,T2IF,T2,3.9326,False,,Available,v2.4.0,panel,EU-FI
2026-09-10,vast_ai,b200-sxm-180gb,B200,180GB,SXM,IB-NDR,OnDemand,NonInterruptible,OnDemand,APAC,APAC,DIF,T3IF,T3,5.5625,True,local-nvme,Available,v2.4.0,marketplace,"AUSTRALIA, AU"
2026-09-10,vast_ai,b200-sxm-180gb,B200,180GB,SXM,IB-NDR,OnDemand,NonInterruptible,OnDemand,US-West,US,DIF,T3IF,T3,6.7500,True,local-nvme,Available,v2.4.0,marketplace,"CALIFORNIA, US"
2026-09-10,vast_ai,b200-sxm-180gb,B200,180GB,SXM,IB-NDR,OnDemand,NonInterruptible,OnDemand,US-East,US,DIF,T3IF,T3,5.6250,True,local-nvme,Available,v2.4.0,marketplace,"VIRGINIA, US"
2026-09-10,vultr,b200-sxm-180gb,B200,180GB,SXM,Unknown,OnDemand,NonInterruptible,OnDemand,Other,Other,SIF,T2IF,T2,8.5000,False,,SoldOut,v2.4.0,panel,Multi
2026-09-10,vultr,b200-sxm-180gb,B200,180GB,SXM,Unknown,OnDemand,Interruptible,Spot,Other,Other,DIF,T2IF,T2,3.2000,False,,SoldOut,v2.4.0,panel,Multi
2026-09-11,aws,b200-sxm-180gb,B200,180GB,SXM,EFA,OnDemand,NonInterruptible,OnDemand,APAC,APAC,HIF,T1IF,T1,20.0807,True,local-nvme;managed-ops-plane;support-tier;observability,Available,v2.4.0,panel,ap-south-1
2026-09-11,aws,b200-sxm-180gb,B200,180GB,SXM,EFA,OnDemand,NonInterruptible,OnDemand,APAC,APAC,HIF,T1IF,T1,20.0813,True,local-nvme;managed-ops-plane;support-tier;observability,Available,v2.4.0,panel,ap-south-2
2026-09-11,aws,b200-sxm-180gb,B200,180GB,SXM,EFA,OnDemand,NonInterruptible,OnDemand,EU,EU,HIF,T1IF,T1,17.9053,True,local-nvme;managed-ops-plane;support-tier;observability,Available,v2.4.0,panel,eu-north-1
2026-09-11,aws,b200-sxm-180gb,B200,180GB,SXM,EFA,OnDemand,NonInterruptible,OnDemand,US-East,US,HIF,T1IF,T1,14.2416,True,local-nvme;managed-ops-plane;support-tier;observability,Available,v2.4.0,panel,us-east-1
2026-09-11,aws,b200-sxm-180gb,B200,180GB,SXM,EFA,OnDemand,NonInterruptible,OnDemand,US-East,US,HIF,T1IF,T1,14.2416,True,local-nvme;managed-ops-plane;support-tier;observability,Available,v2.4.0,panel,us-east-2
2026-09-11,aws,b200-sxm-180gb,B200,180GB,SXM,EFA,OnDemand,NonInterruptible,OnDemand,US-West,US,HIF,T1IF,T1,14.2416,True,local-nvme;managed-ops-plane;support-tier;observability,Available,v2.4.0,panel,us-west-2
2026-09-11,aws,b200-sxm-180gb,B200,180GB,SXM,EFA,3Y,NonInterruptible,Reserved,APAC,APAC,HIF,T1IF,T1,8.6751,True,local-nvme;managed-ops-plane;support-tier;observability,Available,v2.4.0,panel,ap-south-2
2026-09-11,aws,b200-sxm-180gb,B200,180GB,SXM,EFA,3Y,NonInterruptible,Reserved,US-East,US,HIF,T1IF,T1,6.1524,True,local-nvme;managed-ops-plane;support-tier;observability,Available,v2.4.0,panel,us-east-1
2026-09-11,aws,b200-sxm-180gb,B200,180GB,SXM,EFA,3Y,NonInterruptible,Reserved,US-East,US,HIF,T1IF,T1,6.1524,True,local-nvme;managed-ops-plane;support-tier;observability,Available,v2.4.0,panel,us-east-2
2026-09-11,aws,b200-sxm-180gb,B200,180GB,SXM,EFA,3Y,NonInterruptible,Reserved,US-West,US,HIF,T1IF,T1,6.1524,True,local-nvme;managed-ops-plane;support-tier;observability,Available,v2.4.0,panel,us-west-2
2026-09-11,aws,b200-sxm-180gb,B200,180GB,SXM,EFA,OnDemand,Interruptible,Spot,APAC,APAC,DIF,T2IF,T1,6.0689,False,,Available,v2.4.0,panel,ap-south-1c
2026-09-11,aws,b200-sxm-180gb,B200,180GB,SXM,EFA,OnDemand,Interruptible,Spot,APAC,APAC,DIF,T2IF,T1,5.3419,False,,Available,v2.4.0,panel,ap-south-2b
2026-09-11,aws,b200-sxm-180gb,B200,180GB,SXM,EFA,OnDemand,Interruptible,Spot,US-East,US,DIF,T2IF,T1,5.2577,False,,Available,v2.4.0,panel,us-east-1d
2026-09-11,aws,b200-sxm-180gb,B200,180GB,SXM,EFA,OnDemand,Interruptible,Spot,US-East,US,DIF,T2IF,T1,5.2774,False,,Available,v2.4.0,panel,us-east-2a
2026-09-11,aws,b200-sxm-180gb,B200,180GB,SXM,EFA,OnDemand,Interruptible,Spot,US-East,US,DIF,T2IF,T1,5.2802,False,,Available,v2.4.0,panel,us-east-2b
2026-09-11,aws,b200-sxm-180gb,B200,180GB,SXM,EFA,OnDemand,Interruptible,Spot,US-East,US,DIF,T2IF,T1,5.1890,False,,Available,v2.4.0,panel,us-east-2c
2026-09-11,aws,b200-sxm-180gb,B200,180GB,SXM,EFA,OnDemand,Interruptible,Spot,US-West,US,DIF,T2IF,T1,5.1623,False,,Available,v2.4.0,panel,us-west-2a
2026-09-11,aws,b200-sxm-180gb,B200,180GB,SXM,EFA,OnDemand,Interruptible,Spot,US-West,US,DIF,T2IF,T1,5.2624,False,,Available,v2.4.0,panel,us-west-2b
2026-09-11,aws,b200-sxm-180gb,B200,180GB,SXM,EFA,OnDemand,Interruptible,Spot,US-West,US,DIF,T2IF,T1,5.2634,False,,Available,v2.4.0,panel,us-west-2d
2026-09-11,aws_capacity_blocks,b200-sxm-180gb,B200,180GB,SXM,EFA,CapacityBlock,NonInterruptible,Reserved,Other,Other,HIF,T2IF,T1,12.3550,False,,Available,v2.4.0,term-panel,non-us
2026-09-11,aws_capacity_blocks,b200-sxm-180gb,B200,180GB,SXM,EFA,CapacityBlock,NonInterruptible,Reserved,US-East,US,HIF,T2IF,T1,12.3550,False,,Available,v2.4.0,term-panel,us-east-1
2026-09-11,civo,b200-sxm-180gb,B200,180GB,SXM,Unknown,1Y,NonInterruptible,Reserved,Other,Other,SIF,T2IF,T2,4.4900,False,,Available,v2.4.0,panel,
2026-09-11,civo,b200-sxm-180gb,B200,180GB,SXM,Unknown,2Y,NonInterruptible,Reserved,Other,Other,SIF,T2IF,T2,3.9900,False,,Available,v2.4.0,panel,
2026-09-11,civo,b200-sxm-180gb,B200,180GB,SXM,Unknown,3Y,NonInterruptible,Reserved,Other,Other,SIF,T2IF,T2,3.7900,False,,Available,v2.4.0,panel,
2026-09-11,coreweave,b200-sxm-180gb,B200,180GB,SXM,IB-NDR,OnDemand,NonInterruptible,OnDemand,EU,EU,IIF,T1IF,T2,8.6000,True,local-nvme;free-egress;support-tier;observability;managed-ops-plane,Available,v2.4.0,panel,EU
2026-09-11,coreweave,b200-sxm-180gb,B200,180GB,SXM,IB-NDR,OnDemand,NonInterruptible,OnDemand,US-East,US,IIF,T1IF,T2,8.6000,True,local-nvme;free-egress;support-tier;observability;managed-ops-plane,Available,v2.4.0,panel,US
2026-09-11,coreweave,b200-sxm-180gb,B200,180GB,SXM,IB-NDR,OnDemand,Interruptible,Spot,EU,EU,DIF,T1IF,T2,4.3588,True,local-nvme;free-egress;support-tier;observability;managed-ops-plane,Available,v2.4.0,panel,EU
2026-09-11,coreweave,b200-sxm-180gb,B200,180GB,SXM,IB-NDR,OnDemand,Interruptible,Spot,US-East,US,DIF,T1IF,T2,4.2638,True,local-nvme;free-egress;support-tier;observability;managed-ops-plane,Available,v2.4.0,panel,US
2026-09-11,datacrunch,b200-sxm-180gb,B200,180GB,SXM,IB-NDR,OnDemand,NonInterruptible,OnDemand,EU,EU,SIF,T2IF,T2,6.1100,True,local-nvme,Available,v2.4.0,panel,EU-FI
2026-09-11,datacrunch,b200-sxm-180gb,B200,180GB,SXM,IB-NDR,1M,NonInterruptible,Reserved,EU,EU,SIF,T2IF,T2,5.9878,True,local-nvme,Available,v2.4.0,panel,EU-FI
2026-09-11,datacrunch,b200-sxm-180gb,B200,180GB,SXM,IB-NDR,1Y,NonInterruptible,Reserved,EU,EU,SIF,T2IF,T2,5.6212,True,local-nvme,Available,v2.4.0,panel,EU-FI
2026-09-11,datacrunch,b200-sxm-180gb,B200,180GB,SXM,IB-NDR,2Y,NonInterruptible,Reserved,EU,EU,SIF,T2IF,T2,4.5825,True,local-nvme,Available,v2.4.0,panel,EU-FI
2026-09-11,datacrunch,b200-sxm-180gb,B200,180GB,SXM,IB-NDR,3M,NonInterruptible,Reserved,EU,EU,SIF,T2IF,T2,5.9267,True,local-nvme,Available,v2.4.0,panel,EU-FI
2026-09-11,datacrunch,b200-sxm-180gb,B200,180GB,SXM,IB-NDR,6M,NonInterruptible,Reserved,EU,EU,SIF,T2IF,T2,5.8656,True,local-nvme,Available,v2.4.0,panel,EU-FI
2026-09-11,datacrunch,b200-sxm-180gb,B200,180GB,SXM,IB-NDR,OnDemand,Interruptible,Spot,EU,EU,DIF,T2IF,T2,3.0550,True,local-nvme,Available,v2.4.0,panel,EU-FI
2026-09-11,deepinfra_gpu,b200-sxm-180gb,B200,180GB,SXM,,OnDemand,NonInterruptible,OnDemand,Other,Other,SIF,T2IF,T2,3.6900,False,,Available,v2.4.0,panel,undisclosed
2026-09-11,e2e,b200-sxm-180gb,B200,180GB,SXM,IB-NDR,OnDemand,NonInterruptible,OnDemand,APAC,APAC,IIF,T2IF,T2,6.9900,False,,Available,v2.4.0,panel,India
2026-09-11,e2e,b200-sxm-180gb,B200,180GB,SXM,IB-NDR,1M,NonInterruptible,Reserved,APAC,APAC,IIF,T2IF,T2,6.9211,False,,Available,v2.4.0,panel,India
2026-09-11,e2e,b200-sxm-180gb,B200,180GB,SXM,IB-NDR,1Y,NonInterruptible,Reserved,APAC,APAC,IIF,T2IF,T2,6.2888,False,,Available,v2.4.0,panel,India
2026-09-11,gcp,b200-sxm-180gb,B200,180GB,SXM,IB-NDR,OnDemand,NonInterruptible,OnDemand,APAC,APAC,HIF,T1IF,T1,19.3320,True,local-nvme;managed-ops-plane;support-tier;observability,Available,v2.4.0,panel,asia-southeast1
2026-09-11,gcp,b200-sxm-180gb,B200,180GB,SXM,IB-NDR,OnDemand,NonInterruptible,OnDemand,EU,EU,HIF,T1IF,T1,17.7210,True,local-nvme;managed-ops-plane;support-tier;observability,Available,v2.4.0,panel,europe-west4
2026-09-11,gcp,b200-sxm-180gb,B200,180GB,SXM,IB-NDR,OnDemand,NonInterruptible,OnDemand,US-Central,US,HIF,T1IF,T1,16.1100,True,local-nvme;managed-ops-plane;support-tier;observability,Available,v2.4.0,panel,us-central1
2026-09-11,gcp,b200-sxm-180gb,B200,180GB,SXM,IB-NDR,OnDemand,NonInterruptible,OnDemand,US-East,US,HIF,T1IF,T1,16.1100,True,local-nvme;managed-ops-plane;support-tier;observability,Available,v2.4.0,panel,us-east1
2026-09-11,gcp,b200-sxm-180gb,B200,180GB,SXM,IB-NDR,1Y,NonInterruptible,Reserved,APAC,APAC,HIF,T1IF,T1,13.3391,True,local-nvme;managed-ops-plane;support-tier;observability,Available,v2.4.0,panel,asia-northeast1
2026-09-11,gcp,b200-sxm-180gb,B200,180GB,SXM,IB-NDR,1Y,NonInterruptible,Reserved,APAC,APAC,HIF,T1IF,T1,13.3391,True,local-nvme;managed-ops-plane;support-tier;observability,Available,v2.4.0,panel,asia-southeast1
2026-09-11,gcp,b200-sxm-180gb,B200,180GB,SXM,IB-NDR,1Y,NonInterruptible,Reserved,EU,EU,HIF,T1IF,T1,12.2275,True,local-nvme;managed-ops-plane;support-tier;observability,Available,v2.4.0,panel,europe-west4
2026-09-11,gcp,b200-sxm-180gb,B200,180GB,SXM,IB-NDR,1Y,NonInterruptible,Reserved,US-Central,US,HIF,T1IF,T1,11.1159,True,local-nvme;managed-ops-plane;support-tier;observability,Available,v2.4.0,panel,us-central1
2026-09-11,gcp,b200-sxm-180gb,B200,180GB,SXM,IB-NDR,1Y,NonInterruptible,Reserved,US-East,US,HIF,T1IF,T1,11.1159,True,local-nvme;managed-ops-plane;support-tier;observability,Available,v2.4.0,panel,us-east1
2026-09-11,gcp,b200-sxm-180gb,B200,180GB,SXM,IB-NDR,1Y,NonInterruptible,Reserved,US-South,US,HIF,T1IF,T1,11.1159,True,local-nvme;managed-ops-plane;support-tier;observability,Available,v2.4.0,panel,us-south1
2026-09-11,gcp,b200-sxm-180gb,B200,180GB,SXM,IB-NDR,1Y,NonInterruptible,Reserved,US-West,US,HIF,T1IF,T1,11.1159,True,local-nvme;managed-ops-plane;support-tier;observability,Available,v2.4.0,panel,us-west1
2026-09-11,gcp,b200-sxm-180gb,B200,180GB,SXM,IB-NDR,1Y,NonInterruptible,Reserved,US-West,US,HIF,T1IF,T1,11.1159,True,local-nvme;managed-ops-plane;support-tier;observability,Available,v2.4.0,panel,us-west2
2026-09-11,gcp,b200-sxm-180gb,B200,180GB,SXM,IB-NDR,1Y,NonInterruptible,Reserved,US-West,US,HIF,T1IF,T1,11.1159,True,local-nvme;managed-ops-plane;support-tier;observability,Available,v2.4.0,panel,us-west3
2026-09-11,gcp,b200-sxm-180gb,B200,180GB,SXM,IB-NDR,1Y,NonInterruptible,Reserved,US-West,US,HIF,T1IF,T1,11.1159,True,local-nvme;managed-ops-plane;support-tier;observability,Available,v2.4.0,panel,us-west4
2026-09-11,gcp,b200-sxm-180gb,B200,180GB,SXM,IB-NDR,3Y,NonInterruptible,Reserved,APAC,APAC,HIF,T1IF,T1,8.5061,True,local-nvme;managed-ops-plane;support-tier;observability,Available,v2.4.0,panel,asia-northeast1
2026-09-11,gcp,b200-sxm-180gb,B200,180GB,SXM,IB-NDR,3Y,NonInterruptible,Reserved,APAC,APAC,HIF,T1IF,T1,8.5061,True,local-nvme;managed-ops-plane;support-tier;observability,Available,v2.4.0,panel,asia-southeast1
2026-09-11,gcp,b200-sxm-180gb,B200,180GB,SXM,IB-NDR,3Y,NonInterruptible,Reserved,EU,EU,HIF,T1IF,T1,7.7972,True,local-nvme;managed-ops-plane;support-tier;observability,Available,v2.4.0,panel,europe-west4
2026-09-11,gcp,b200-sxm-180gb,B200,180GB,SXM,IB-NDR,3Y,NonInterruptible,Reserved,US-Central,US,HIF,T1IF,T1,7.0884,True,local-nvme;managed-ops-plane;support-tier;observability,Available,v2.4.0,panel,us-central1
2026-09-11,gcp,b200-sxm-180gb,B200,180GB,SXM,IB-NDR,3Y,NonInterruptible,Reserved,US-East,US,HIF,T1IF,T1,7.0884,True,local-nvme;managed-ops-plane;support-tier;observability,Available,v2.4.0,panel,us-east1
2026-09-11,gcp,b200-sxm-180gb,B200,180GB,SXM,IB-NDR,3Y,NonInterruptible,Reserved,US-South,US,HIF,T1IF,T1,7.0884,True,local-nvme;managed-ops-plane;support-tier;observability,Available,v2.4.0,panel,us-south1
2026-09-11,gcp,b200-sxm-180gb,B200,180GB,SXM,IB-NDR,3Y,NonInterruptible,Reserved,US-West,US,HIF,T1IF,T1,7.0884,True,local-nvme;managed-ops-plane;support-tier;observability,Available,v2.4.0,panel,us-west1
2026-09-11,gcp,b200-sxm-180gb,B200,180GB,SXM,IB-NDR,3Y,NonInterruptible,Reserved,US-West,US,HIF,T1IF,T1,7.0884,True,local-nvme;managed-ops-plane;support-tier;observability,Available,v2.4.0,panel,us-west2
2026-09-11,gcp,b200-sxm-180gb,B200,180GB,SXM,IB-NDR,3Y,NonInterruptible,Reserved,US-West,US,HIF,T1IF,T1,7.0884,True,local-nvme;managed-ops-plane;support-tier;observability,Available,v2.4.0,panel,us-west3
2026-09-11,gcp,b200-sxm-180gb,B200,180GB,SXM,IB-NDR,3Y,NonInterruptible,Reserved,US-West,US,HIF,T1IF,T1,7.0884,True,local-nvme;managed-ops-plane;support-tier;observability,Available,v2.4.0,panel,us-west4
2026-09-11,gcp,b200-sxm-180gb,B200,180GB,SXM,IB-NDR,OnDemand,Interruptible,Spot,APAC,APAC,DIF,T1IF,T1,6.2282,True,local-nvme;managed-ops-plane;support-tier;observability,Available,v2.4.0,panel,asia-northeast1
2026-09-11,gcp,b200-sxm-180gb,B200,180GB,SXM,IB-NDR,OnDemand,Interruptible,Spot,APAC,APAC,DIF,T1IF,T1,4.9021,True,local-nvme;managed-ops-plane;support-tier;observability,Available,v2.4.0,panel,asia-southeast1
2026-09-11,gcp,b200-sxm-180gb,B200,180GB,SXM,IB-NDR,OnDemand,Interruptible,Spot,EU,EU,DIF,T1IF,T1,5.4373,True,local-nvme;managed-ops-plane;support-tier;observability,Available,v2.4.0,panel,europe-north1
2026-09-11,gcp,b200-sxm-180gb,B200,180GB,SXM,IB-NDR,OnDemand,Interruptible,Spot,EU,EU,DIF,T1IF,T1,2.4116,True,local-nvme;managed-ops-plane;support-tier;observability,Available,v2.4.0,panel,europe-west1
2026-09-11,gcp,b200-sxm-180gb,B200,180GB,SXM,IB-NDR,OnDemand,Interruptible,Spot,EU,EU,DIF,T1IF,T1,5.1654,True,local-nvme;managed-ops-plane;support-tier;observability,Available,v2.4.0,panel,europe-west4
2026-09-11,gcp,b200-sxm-180gb,B200,180GB,SXM,IB-NDR,OnDemand,Interruptible,Spot,US-Central,US,DIF,T1IF,T1,4.9542,True,local-nvme;managed-ops-plane;support-tier;observability,Available,v2.4.0,panel,us-central1
2026-09-11,gcp,b200-sxm-180gb,B200,180GB,SXM,IB-NDR,OnDemand,Interruptible,Spot,US-East,US,DIF,T1IF,T1,4.9542,True,local-nvme;managed-ops-plane;support-tier;observability,Available,v2.4.0,panel,us-east1
2026-09-11,gcp,b200-sxm-180gb,B200,180GB,SXM,IB-NDR,OnDemand,Interruptible,Spot,US-East,US,DIF,T1IF,T1,4.0758,True,local-nvme;managed-ops-plane;support-tier;observability,Available,v2.4.0,panel,us-east4
2026-09-11,gcp,b200-sxm-180gb,B200,180GB,SXM,IB-NDR,OnDemand,Interruptible,Spot,US-South,US,DIF,T1IF,T1,4.4936,True,local-nvme;managed-ops-plane;support-tier;observability,Available,v2.4.0,panel,us-south1
2026-09-11,gcp,b200-sxm-180gb,B200,180GB,SXM,IB-NDR,OnDemand,Interruptible,Spot,US-West,US,DIF,T1IF,T1,4.2592,True,local-nvme;managed-ops-plane;support-tier;observability,Available,v2.4.0,panel,us-west2
2026-09-11,gcp,b200-sxm-180gb,B200,180GB,SXM,IB-NDR,OnDemand,Interruptible,Spot,US-West,US,DIF,T1IF,T1,5.1654,True,local-nvme;managed-ops-plane;support-tier;observability,Available,v2.4.0,panel,us-west3
2026-09-11,gcp_cud,b200-sxm-180gb,B200,180GB,SXM,IB-NDR,1Y,NonInterruptible,Reserved,APAC,APAC,HIF,T2IF,T1,13.3391,False,,Available,v2.4.0,candidate,asia-northeast1
2026-09-11,gcp_cud,b200-sxm-180gb,B200,180GB,SXM,IB-NDR,1Y,NonInterruptible,Reserved,APAC,APAC,HIF,T2IF,T1,13.3391,False,,Available,v2.4.0,candidate,asia-southeast1
2026-09-11,gcp_cud,b200-sxm-180gb,B200,180GB,SXM,IB-NDR,1Y,NonInterruptible,Reserved,EU,EU,HIF,T2IF,T1,12.2275,False,,Available,v2.4.0,candidate,europe-west4
2026-09-11,gcp_cud,b200-sxm-180gb,B200,180GB,SXM,IB-NDR,1Y,NonInterruptible,Reserved,US-Central,US,HIF,T2IF,T1,11.1159,False,,Available,v2.4.0,candidate,us-central1
2026-09-11,gcp_cud,b200-sxm-180gb,B200,180GB,SXM,IB-NDR,1Y,NonInterruptible,Reserved,US-East,US,HIF,T2IF,T1,11.1159,False,,Available,v2.4.0,candidate,us-east1
2026-09-11,gcp_cud,b200-sxm-180gb,B200,180GB,SXM,IB-NDR,1Y,NonInterruptible,Reserved,US-South,US,HIF,T2IF,T1,11.1159,False,,Available,v2.4.0,candidate,us-south1
2026-09-11,gcp_cud,b200-sxm-180gb,B200,180GB,SXM,IB-NDR,1Y,NonInterruptible,Reserved,US-West,US,HIF,T2IF,T1,11.1159,False,,Available,v2.4.0,candidate,us-west1
2026-09-11,gcp_cud,b200-sxm-180gb,B200,180GB,SXM,IB-NDR,1Y,NonInterruptible,Reserved,US-West,US,HIF,T2IF,T1,11.1159,False,,Available,v2.4.0,candidate,us-west2
2026-09-11,gcp_cud,b200-sxm-180gb,B200,180GB,SXM,IB-NDR,1Y,NonInterruptible,Reserved,US-West,US,HIF,T2IF,T1,11.1159,False,,Available,v2.4.0,candidate,us-west3
2026-09-11,gcp_cud,b200-sxm-180gb,B200,180GB,SXM,IB-NDR,1Y,NonInterruptible,Reserved,US-West,US,HIF,T2IF,T1,11.1159,False,,Available,v2.4.0,candidate,us-west4
2026-09-11,gcp_cud,b200-sxm-180gb,B200,180GB,SXM,IB-NDR,3Y,NonInterruptible,Reserved,APAC,APAC,HIF,T2IF,T1,8.5061,False,,Available,v2.4.0,candidate,asia-northeast1
2026-09-11,gcp_cud,b200-sxm-180gb,B200,180GB,SXM,IB-NDR,3Y,NonInterruptible,Reserved,APAC,APAC,HIF,T2IF,T1,8.5061,False,,Available,v2.4.0,candidate,asia-southeast1
2026-09-11,gcp_cud,b200-sxm-180gb,B200,180GB,SXM,IB-NDR,3Y,NonInterruptible,Reserved,EU,EU,HIF,T2IF,T1,7.7972,False,,Available,v2.4.0,candidate,europe-west4
2026-09-11,gcp_cud,b200-sxm-180gb,B200,180GB,SXM,IB-NDR,3Y,NonInterruptible,Reserved,US-Central,US,HIF,T2IF,T1,7.0884,False,,Available,v2.4.0,candidate,us-central1
2026-09-11,gcp_cud,b200-sxm-180gb,B200,180GB,SXM,IB-NDR,3Y,NonInterruptible,Reserved,US-East,US,HIF,T2IF,T1,7.0884,False,,Available,v2.4.0,candidate,us-east1
2026-09-11,gcp_cud,b200-sxm-180gb,B200,180GB,SXM,IB-NDR,3Y,NonInterruptible,Reserved,US-South,US,HIF,T2IF,T1,7.0884,False,,Available,v2.4.0,candidate,us-south1
2026-09-11,gcp_cud,b200-sxm-180gb,B200,180GB,SXM,IB-NDR,3Y,NonInterruptible,Reserved,US-West,US,HIF,T2IF,T1,7.0884,False,,Available,v2.4.0,candidate,us-west1
2026-09-11,gcp_cud,b200-sxm-180gb,B200,180GB,SXM,IB-NDR,3Y,NonInterruptible,Reserved,US-West,US,HIF,T2IF,T1,7.0884,False,,Available,v2.4.0,candidate,us-west2
2026-09-11,gcp_cud,b200-sxm-180gb,B200,180GB,SXM,IB-NDR,3Y,NonInterruptible,Reserved,US-West,US,HIF,T2IF,T1,7.0884,False,,Available,v2.4.0,candidate,us-west3
2026-09-11,gcp_cud,b200-sxm-180gb,B200,180GB,SXM,IB-NDR,3Y,NonInterruptible,Reserved,US-West,US,HIF,T2IF,T1,7.0884,False,,Available,v2.4.0,candidate,us-west4
2026-09-11,gcp_dws,b200-sxm-180gb,B200,180GB,SXM,IB-NDR,FlexStart,NonInterruptible,Reserved,US-Central,US,HIF,T2IF,T1,8.0550,False,,Available,v2.4.0,term-panel,us-central1
2026-09-11,gmi_cloud,b200-sxm-180gb,B200,180GB,SXM,IB-NDR,OnDemand,NonInterruptible,OnDemand,US-East,US,IIF,T2IF,T2,4.0000,False,,Available,v2.4.0,candidate,US
2026-09-11,hyperstack,b200-sxm-180gb,B200,180GB,SXM,IB-NDR,OnDemand,NonInterruptible,OnDemand,Other,Other,SIF,T2IF,T2,6.0000,True,local-nvme,Available,v2.4.0,panel,Multi
2026-09-11,hyperstack,b200-sxm-180gb,B200,180GB,SXM,IB-NDR,6M,NonInterruptible,Reserved,Other,Other,SIF,T2IF,T2,5.1000,True,local-nvme,Available,v2.4.0,panel,Multi
2026-09-11,koyeb,b200-sxm-180gb,B200,180GB,SXM,Unknown,OnDemand,NonInterruptible,OnDemand,Other,Other,SIF,T2IF,T2,5.5000,False,,Available,v2.4.0,candidate,Multi
2026-09-11,lambda,b200-sxm-180gb,B200,180GB,SXM,IB-NDR,OnDemand,NonInterruptible,OnDemand,US-East,US,IIF,T2IF,T2,6.6900,True,local-nvme,SoldOut,v2.4.0,panel,US
2026-09-11,lambda,b200-sxm-180gb,B200,180GB,SXM,IB-NDR,ReservedBand,NonInterruptible,Reserved,US-East,US,IIF,T2IF,T2,9.8600,True,local-nvme,Available,v2.4.0,panel,US
2026-09-11,lyceum,b200-sxm-180gb,B200,180GB,SXM,,OnDemand,NonInterruptible,OnDemand,Other,Other,SIF,T2IF,T2,6.4900,False,,Available,v2.4.0,candidate,EU (undisclosed)
2026-09-11,lyceum,b200-sxm-180gb,B200,180GB,SXM,,OnDemand,NonInterruptible,OnDemand,Other,Other,SIF,T2IF,T2,6.2900,False,,Available,v2.4.0,candidate,EU (undisclosed)
2026-09-11,massed_compute,b200-sxm-180gb,B200,180GB,SXM,Unknown,OnDemand,NonInterruptible,OnDemand,US-East,US,DIF,T3IF,T3,5.4325,False,,Available,v2.4.0,panel,US
2026-09-11,nebius,b200-sxm-180gb,B200,180GB,SXM,IB-NDR,OnDemand,NonInterruptible,OnDemand,Other,Other,IIF,T1IF,T2,7.1500,True,observability;managed-ops-plane;free-egress,Available,v2.4.0,panel,
2026-09-11,nebius,b200-sxm-180gb,B200,180GB,SXM,IB-NDR,OnDemand,Interruptible,Spot,Other,Other,DIF,T1IF,T2,3.9500,True,observability;managed-ops-plane;free-egress,Available,v2.4.0,panel,
2026-09-11,oci,b200-sxm-180gb,B200,180GB,SXM,RoCE-v2,OnDemand,NonInterruptible,OnDemand,US-East,US,HIF,T1IF,T1,14.0000,True,local-nvme;egress-capped;managed-ops-plane;support-tier;observability,Available,v2.4.0,panel,us-ashburn-1
2026-09-11,qubrid,b200-sxm-180gb,B200,180GB,SXM,Unknown,1Y,NonInterruptible,Reserved,Other,Other,SIF,T2IF,T2,4.2500,False,,Available,v2.4.0,panel,
2026-09-11,runpod_community,b200-sxm-180gb,B200,180GB,SXM,Unknown,OnDemand,NonInterruptible,OnDemand,Other,Other,DIF,T3IF,T3,5.9800,False,,SoldOut,v2.4.0,panel,Global
2026-09-11,runpod_secure,b200-sxm-180gb,B200,180GB,SXM,IB-NDR,OnDemand,NonInterruptible,OnDemand,EU,EU,DIF,T2IF,T3,6.7900,True,local-nvme,Available,v2.4.0,panel,EU-RO-1
2026-09-11,runpod_secure,b200-sxm-180gb,B200,180GB,SXM,IB-NDR,OnDemand,NonInterruptible,OnDemand,Other,Other,DIF,T2IF,T3,6.7900,True,local-nvme,SoldOut,v2.4.0,panel,Global
2026-09-11,runpod_secure,b200-sxm-180gb,B200,180GB,SXM,IB-NDR,OnDemand,NonInterruptible,OnDemand,US-West,US,DIF,T2IF,T3,6.7900,True,local-nvme,Available,v2.4.0,panel,US-CA-2
2026-09-11,runpod_secure,b200-sxm-180gb,B200,180GB,SXM,IB-NDR,OnDemand,NonInterruptible,OnDemand,US-East,US,DIF,T2IF,T3,6.7900,True,local-nvme,Available,v2.4.0,panel,US-NC-2
2026-09-11,runpod_secure,b200-sxm-180gb,B200,180GB,SXM,IB-NDR,OnDemand,NonInterruptible,OnDemand,US-Central,US,DIF,T2IF,T3,6.7900,True,local-nvme,Available,v2.4.0,panel,US-NE-1
2026-09-11,runpod_secure,b200-sxm-180gb,B200,180GB,SXM,IB-NDR,1Y,NonInterruptible,Reserved,Other,Other,DIF,T2IF,T3,6.7900,True,local-nvme,SoldOut,v2.4.0,panel,Global
2026-09-11,runpod_secure,b200-sxm-180gb,B200,180GB,SXM,IB-NDR,3M,NonInterruptible,Reserved,Other,Other,DIF,T2IF,T3,6.7900,True,local-nvme,SoldOut,v2.4.0,panel,Global
2026-09-11,runpod_secure,b200-sxm-180gb,B200,180GB,SXM,IB-NDR,6M,NonInterruptible,Reserved,Other,Other,DIF,T2IF,T3,6.7900,True,local-nvme,SoldOut,v2.4.0,panel,Global
2026-09-11,sesterce,b200-sxm-180gb,B200,180GB,SXM,Unknown,OnDemand,NonInterruptible,OnDemand,US-East,US,IIF,T2IF,T2,7.6890,False,,SoldOut,v2.4.0,panel,dulles-usa-1
2026-09-11,sesterce,b200-sxm-180gb,B200,180GB,SXM,Unknown,OnDemand,NonInterruptible,OnDemand,APAC,APAC,IIF,T2IF,T2,7.6890,False,,Available,v2.4.0,panel,sydney-australia-2
2026-09-11,shakti_cloud,b200-sxm-180gb,B200,180GB,SXM,IB-Unspecified,1M,NonInterruptible,Reserved,APAC,APAC,SIF,T2IF,T2,4.9559,False,,Available,v2.4.0,panel,IN
2026-09-11,spheron,b200-sxm-180gb,B200,180GB,SXM,Unknown,OnDemand,NonInterruptible,OnDemand,Other,Other,DIF,T3IF,T3,7.2009,False,,Available,v2.4.0,panel,canada-1
2026-09-11,spheron,b200-sxm-180gb,B200,180GB,SXM,Unknown,OnDemand,NonInterruptible,OnDemand,Other,Other,DIF,T3IF,T3,9.3031,False,,Available,v2.4.0,panel,me-west-1
2026-09-11,spheron,b200-sxm-180gb,B200,180GB,SXM,Unknown,OnDemand,NonInterruptible,OnDemand,US-Central,US,DIF,T3IF,T3,9.3031,False,,Available,v2.4.0,panel,us-central-1
2026-09-11,spheron,b200-sxm-180gb,B200,180GB,SXM,Unknown,OnDemand,Interruptible,Spot,Other,Other,DIF,T3IF,T3,5.3730,False,,Available,v2.4.0,panel,me-west-1
2026-09-11,spheron,b200-sxm-180gb,B200,180GB,SXM,Unknown,OnDemand,Interruptible,Spot,US-Central,US,DIF,T3IF,T3,5.3730,False,,Available,v2.4.0,panel,us-central-1
2026-09-11,together,b200-sxm-180gb,B200,180GB,SXM,IB-NDR,OnDemand,NonInterruptible,OnDemand,US-East,US,SIF,T1IF,T2,8.1900,True,local-nvme;support-tier;observability;managed-ops-plane,Available,v2.4.0,panel,US
2026-09-11,together,b200-sxm-180gb,B200,180GB,SXM,IB-NDR,1M,NonInterruptible,Reserved,US-East,US,SIF,T1IF,T2,7.9900,True,local-nvme;support-tier;observability;managed-ops-plane,Available,v2.4.0,panel,US
2026-09-11,together,b200-sxm-180gb,B200,180GB,SXM,IB-NDR,3M,NonInterruptible,Reserved,US-East,US,SIF,T1IF,T2,7.7900,True,local-nvme;support-tier;observability;managed-ops-plane,Available,v2.4.0,panel,US
2026-09-11,together,b200-sxm-180gb,B200,180GB,SXM,IB-NDR,6M,NonInterruptible,Reserved,US-East,US,SIF,T1IF,T2,6.7900,True,local-nvme;support-tier;observability;managed-ops-plane,Available,v2.4.0,panel,US
2026-09-11,vast_ai,b200-sxm-180gb,B200,180GB,SXM,IB-NDR,OnDemand,NonInterruptible,OnDemand,US-East,US,DIF,T3IF,T3,6.7500,True,local-nvme,Available,v2.4.0,marketplace,", US"
2026-09-11,vast_ai,b200-sxm-180gb,B200,180GB,SXM,IB-NDR,OnDemand,NonInterruptible,OnDemand,APAC,APAC,DIF,T3IF,T3,5.5625,True,local-nvme,Available,v2.4.0,marketplace,"AUSTRALIA, AU"
2026-09-11,vast_ai,b200-sxm-180gb,B200,180GB,SXM,IB-NDR,OnDemand,NonInterruptible,OnDemand,US-West,US,DIF,T3IF,T3,6.8750,True,local-nvme,Available,v2.4.0,marketplace,"CALIFORNIA, US"
2026-09-11,vast_ai,b200-sxm-180gb,B200,180GB,SXM,IB-NDR,OnDemand,NonInterruptible,OnDemand,APAC,APAC,DIF,T3IF,T3,6.6250,True,local-nvme,Available,v2.4.0,marketplace,"INDIA, IN"
2026-09-11,vast_ai,b200-sxm-180gb,B200,180GB,SXM,IB-NDR,OnDemand,NonInterruptible,OnDemand,US-East,US,DIF,T3IF,T3,5.6250,True,local-nvme,Available,v2.4.0,marketplace,"VIRGINIA, US"
2026-09-11,vultr,b200-sxm-180gb,B200,180GB,SXM,Unknown,OnDemand,NonInterruptible,OnDemand,Other,Other,SIF,T2IF,T2,8.5000,False,,SoldOut,v2.4.0,panel,Multi
2026-09-11,vultr,b200-sxm-180gb,B200,180GB,SXM,Unknown,OnDemand,Interruptible,Spot,Other,Other,DIF,T2IF,T2,3.2000,False,,SoldOut,v2.4.0,panel,Multi
2026-09-12,aws,b200-sxm-180gb,B200,180GB,SXM,EFA,OnDemand,NonInterruptible,OnDemand,APAC,APAC,HIF,T1IF,T1,20.0807,True,local-nvme;managed-ops-plane;support-tier;observability,Available,v2.4.0,panel,ap-south-1
2026-09-12,aws,b200-sxm-180gb,B200,180GB,SXM,EFA,OnDemand,NonInterruptible,OnDemand,APAC,APAC,HIF,T1IF,T1,20.0813,True,local-nvme;managed-ops-plane;support-tier;observability,Available,v2.4.0,panel,ap-south-2
2026-09-12,aws,b200-sxm-180gb,B200,180GB,SXM,EFA,OnDemand,NonInterruptible,OnDemand,EU,EU,HIF,T1IF,T1,17.9053,True,local-nvme;managed-ops-plane;support-tier;observability,Available,v2.4.0,panel,eu-north-1
2026-09-12,aws,b200-sxm-180gb,B200,180GB,SXM,EFA,OnDemand,NonInterruptible,OnDemand,US-East,US,HIF,T1IF,T1,14.2416,True,local-nvme;managed-ops-plane;support-tier;observability,Available,v2.4.0,panel,us-east-1
2026-09-12,aws,b200-sxm-180gb,B200,180GB,SXM,EFA,OnDemand,NonInterruptible,OnDemand,US-East,US,HIF,T1IF,T1,14.2416,True,local-nvme;managed-ops-plane;support-tier;observability,Available,v2.4.0,panel,us-east-2
2026-09-12,aws,b200-sxm-180gb,B200,180GB,SXM,EFA,OnDemand,NonInterruptible,OnDemand,US-West,US,HIF,T1IF,T1,14.2416,True,local-nvme;managed-ops-plane;support-tier;observability,Available,v2.4.0,panel,us-west-2
2026-09-12,aws,b200-sxm-180gb,B200,180GB,SXM,EFA,3Y,NonInterruptible,Reserved,APAC,APAC,HIF,T1IF,T1,8.6751,True,local-nvme;managed-ops-plane;support-tier;observability,Available,v2.4.0,panel,ap-south-2
2026-09-12,aws,b200-sxm-180gb,B200,180GB,SXM,EFA,3Y,NonInterruptible,Reserved,US-East,US,HIF,T1IF,T1,6.1524,True,local-nvme;managed-ops-plane;support-tier;observability,Available,v2.4.0,panel,us-east-1
2026-09-12,aws,b200-sxm-180gb,B200,180GB,SXM,EFA,3Y,NonInterruptible,Reserved,US-East,US,HIF,T1IF,T1,6.1524,True,local-nvme;managed-ops-plane;support-tier;observability,Available,v2.4.0,panel,us-east-2
2026-09-12,aws,b200-sxm-180gb,B200,180GB,SXM,EFA,3Y,NonInterruptible,Reserved,US-West,US,HIF,T1IF,T1,6.1524,True,local-nvme;managed-ops-plane;support-tier;observability,Available,v2.4.0,panel,us-west-2
2026-09-12,aws,b200-sxm-180gb,B200,180GB,SXM,EFA,OnDemand,Interruptible,Spot,APAC,APAC,DIF,T2IF,T1,6.0536,False,,Available,v2.4.0,panel,ap-south-1c
2026-09-12,aws,b200-sxm-180gb,B200,180GB,SXM,EFA,OnDemand,Interruptible,Spot,APAC,APAC,DIF,T2IF,T1,5.0318,False,,Available,v2.4.0,panel,ap-south-2b
2026-09-12,aws,b200-sxm-180gb,B200,180GB,SXM,EFA,OnDemand,Interruptible,Spot,US-East,US,DIF,T2IF,T1,5.2547,False,,Available,v2.4.0,panel,us-east-1d
2026-09-12,aws,b200-sxm-180gb,B200,180GB,SXM,EFA,OnDemand,Interruptible,Spot,US-East,US,DIF,T2IF,T1,5.2782,False,,Available,v2.4.0,panel,us-east-2a
2026-09-12,aws,b200-sxm-180gb,B200,180GB,SXM,EFA,OnDemand,Interruptible,Spot,US-East,US,DIF,T2IF,T1,5.2832,False,,Available,v2.4.0,panel,us-east-2b
2026-09-12,aws,b200-sxm-180gb,B200,180GB,SXM,EFA,OnDemand,Interruptible,Spot,US-East,US,DIF,T2IF,T1,5.3093,False,,Available,v2.4.0,panel,us-east-2c
2026-09-12,aws,b200-sxm-180gb,B200,180GB,SXM,EFA,OnDemand,Interruptible,Spot,US-West,US,DIF,T2IF,T1,5.1263,False,,Available,v2.4.0,panel,us-west-2a
2026-09-12,aws,b200-sxm-180gb,B200,180GB,SXM,EFA,OnDemand,Interruptible,Spot,US-West,US,DIF,T2IF,T1,5.3093,False,,Available,v2.4.0,panel,us-west-2b
2026-09-12,aws,b200-sxm-180gb,B200,180GB,SXM,EFA,OnDemand,Interruptible,Spot,US-West,US,DIF,T2IF,T1,5.2659,False,,Available,v2.4.0,panel,us-west-2d
2026-09-12,aws_capacity_blocks,b200-sxm-180gb,B200,180GB,SXM,EFA,CapacityBlock,NonInterruptible,Reserved,Other,Other,HIF,T2IF,T1,12.3550,False,,Available,v2.4.0,term-panel,non-us
2026-09-12,aws_capacity_blocks,b200-sxm-180gb,B200,180GB,SXM,EFA,CapacityBlock,NonInterruptible,Reserved,US-East,US,HIF,T2IF,T1,12.3550,False,,Available,v2.4.0,term-panel,us-east-1
2026-09-12,civo,b200-sxm-180gb,B200,180GB,SXM,Unknown,1Y,NonInterruptible,Reserved,Other,Other,SIF,T2IF,T2,4.4900,False,,Available,v2.4.0,panel,
2026-09-12,civo,b200-sxm-180gb,B200,180GB,SXM,Unknown,2Y,NonInterruptible,Reserved,Other,Other,SIF,T2IF,T2,3.9900,False,,Available,v2.4.0,panel,
2026-09-12,civo,b200-sxm-180gb,B200,180GB,SXM,Unknown,3Y,NonInterruptible,Reserved,Other,Other,SIF,T2IF,T2,3.7900,False,,Available,v2.4.0,panel,
2026-09-12,coreweave,b200-sxm-180gb,B200,180GB,SXM,IB-NDR,OnDemand,NonInterruptible,OnDemand,EU,EU,IIF,T1IF,T2,8.6000,True,local-nvme;free-egress;support-tier;observability;managed-ops-plane,Available,v2.4.0,panel,EU
2026-09-12,coreweave,b200-sxm-180gb,B200,180GB,SXM,IB-NDR,OnDemand,NonInterruptible,OnDemand,US-East,US,IIF,T1IF,T2,8.6000,True,local-nvme;free-egress;support-tier;observability;managed-ops-plane,Available,v2.4.0,panel,US
2026-09-12,coreweave,b200-sxm-180gb,B200,180GB,SXM,IB-NDR,OnDemand,Interruptible,Spot,EU,EU,DIF,T1IF,T2,4.3588,True,local-nvme;free-egress;support-tier;observability;managed-ops-plane,Available,v2.4.0,panel,EU
2026-09-12,coreweave,b200-sxm-180gb,B200,180GB,SXM,IB-NDR,OnDemand,Interruptible,Spot,US-East,US,DIF,T1IF,T2,4.2638,True,local-nvme;free-egress;support-tier;observability;managed-ops-plane,Available,v2.4.0,panel,US
2026-09-12,datacrunch,b200-sxm-180gb,B200,180GB,SXM,IB-NDR,OnDemand,NonInterruptible,OnDemand,EU,EU,SIF,T2IF,T2,6.1100,True,local-nvme,Available,v2.4.0,panel,EU-FI
2026-09-12,datacrunch,b200-sxm-180gb,B200,180GB,SXM,IB-NDR,1M,NonInterruptible,Reserved,EU,EU,SIF,T2IF,T2,5.9878,True,local-nvme,Available,v2.4.0,panel,EU-FI
2026-09-12,datacrunch,b200-sxm-180gb,B200,180GB,SXM,IB-NDR,1Y,NonInterruptible,Reserved,EU,EU,SIF,T2IF,T2,5.6212,True,local-nvme,Available,v2.4.0,panel,EU-FI
2026-09-12,datacrunch,b200-sxm-180gb,B200,180GB,SXM,IB-NDR,2Y,NonInterruptible,Reserved,EU,EU,SIF,T2IF,T2,4.5825,True,local-nvme,Available,v2.4.0,panel,EU-FI
2026-09-12,datacrunch,b200-sxm-180gb,B200,180GB,SXM,IB-NDR,3M,NonInterruptible,Reserved,EU,EU,SIF,T2IF,T2,5.9267,True,local-nvme,Available,v2.4.0,panel,EU-FI
2026-09-12,datacrunch,b200-sxm-180gb,B200,180GB,SXM,IB-NDR,6M,NonInterruptible,Reserved,EU,EU,SIF,T2IF,T2,5.8656,True,local-nvme,Available,v2.4.0,panel,EU-FI
2026-09-12,datacrunch,b200-sxm-180gb,B200,180GB,SXM,IB-NDR,OnDemand,Interruptible,Spot,EU,EU,DIF,T2IF,T2,3.0550,True,local-nvme,Available,v2.4.0,panel,EU-FI
2026-09-12,deepinfra_gpu,b200-sxm-180gb,B200,180GB,SXM,,OnDemand,NonInterruptible,OnDemand,Other,Other,SIF,T2IF,T2,3.6900,False,,Available,v2.4.0,panel,undisclosed
2026-09-12,e2e,b200-sxm-180gb,B200,180GB,SXM,IB-NDR,OnDemand,NonInterruptible,OnDemand,APAC,APAC,IIF,T2IF,T2,6.9900,False,,Available,v2.4.0,panel,India
2026-09-12,e2e,b200-sxm-180gb,B200,180GB,SXM,IB-NDR,1M,NonInterruptible,Reserved,APAC,APAC,IIF,T2IF,T2,6.9211,False,,Available,v2.4.0,panel,India
2026-09-12,e2e,b200-sxm-180gb,B200,180GB,SXM,IB-NDR,1Y,NonInterruptible,Reserved,APAC,APAC,IIF,T2IF,T2,6.2888,False,,Available,v2.4.0,panel,India
2026-09-12,gcp,b200-sxm-180gb,B200,180GB,SXM,IB-NDR,OnDemand,NonInterruptible,OnDemand,APAC,APAC,HIF,T1IF,T1,19.3320,True,local-nvme;managed-ops-plane;support-tier;observability,Available,v2.4.0,panel,asia-southeast1
2026-09-12,gcp,b200-sxm-180gb,B200,180GB,SXM,IB-NDR,OnDemand,NonInterruptible,OnDemand,EU,EU,HIF,T1IF,T1,17.7210,True,local-nvme;managed-ops-plane;support-tier;observability,Available,v2.4.0,panel,europe-west4
2026-09-12,gcp,b200-sxm-180gb,B200,180GB,SXM,IB-NDR,OnDemand,NonInterruptible,OnDemand,US-Central,US,HIF,T1IF,T1,16.1100,True,local-nvme;managed-ops-plane;support-tier;observability,Available,v2.4.0,panel,us-central1
2026-09-12,gcp,b200-sxm-180gb,B200,180GB,SXM,IB-NDR,OnDemand,NonInterruptible,OnDemand,US-East,US,HIF,T1IF,T1,16.1100,True,local-nvme;managed-ops-plane;support-tier;observability,Available,v2.4.0,panel,us-east1
2026-09-12,gcp,b200-sxm-180gb,B200,180GB,SXM,IB-NDR,1Y,NonInterruptible,Reserved,APAC,APAC,HIF,T1IF,T1,13.3391,True,local-nvme;managed-ops-plane;support-tier;observability,Available,v2.4.0,panel,asia-northeast1
2026-09-12,gcp,b200-sxm-180gb,B200,180GB,SXM,IB-NDR,1Y,NonInterruptible,Reserved,APAC,APAC,HIF,T1IF,T1,13.3391,True,local-nvme;managed-ops-plane;support-tier;observability,Available,v2.4.0,panel,asia-southeast1
2026-09-12,gcp,b200-sxm-180gb,B200,180GB,SXM,IB-NDR,1Y,NonInterruptible,Reserved,EU,EU,HIF,T1IF,T1,12.2275,True,local-nvme;managed-ops-plane;support-tier;observability,Available,v2.4.0,panel,europe-west4
2026-09-12,gcp,b200-sxm-180gb,B200,180GB,SXM,IB-NDR,1Y,NonInterruptible,Reserved,US-Central,US,HIF,T1IF,T1,11.1159,True,local-nvme;managed-ops-plane;support-tier;observability,Available,v2.4.0,panel,us-central1
2026-09-12,gcp,b200-sxm-180gb,B200,180GB,SXM,IB-NDR,1Y,NonInterruptible,Reserved,US-East,US,HIF,T1IF,T1,11.1159,True,local-nvme;managed-ops-plane;support-tier;observability,Available,v2.4.0,panel,us-east1
2026-09-12,gcp,b200-sxm-180gb,B200,180GB,SXM,IB-NDR,1Y,NonInterruptible,Reserved,US-South,US,HIF,T1IF,T1,11.1159,True,local-nvme;managed-ops-plane;support-tier;observability,Available,v2.4.0,panel,us-south1
2026-09-12,gcp,b200-sxm-180gb,B200,180GB,SXM,IB-NDR,1Y,NonInterruptible,Reserved,US-West,US,HIF,T1IF,T1,11.1159,True,local-nvme;managed-ops-plane;support-tier;observability,Available,v2.4.0,panel,us-west1
2026-09-12,gcp,b200-sxm-180gb,B200,180GB,SXM,IB-NDR,1Y,NonInterruptible,Reserved,US-West,US,HIF,T1IF,T1,11.1159,True,local-nvme;managed-ops-plane;support-tier;observability,Available,v2.4.0,panel,us-west2
2026-09-12,gcp,b200-sxm-180gb,B200,180GB,SXM,IB-NDR,1Y,NonInterruptible,Reserved,US-West,US,HIF,T1IF,T1,11.1159,True,local-nvme;managed-ops-plane;support-tier;observability,Available,v2.4.0,panel,us-west3
2026-09-12,gcp,b200-sxm-180gb,B200,180GB,SXM,IB-NDR,1Y,NonInterruptible,Reserved,US-West,US,HIF,T1IF,T1,11.1159,True,local-nvme;managed-ops-plane;support-tier;observability,Available,v2.4.0,panel,us-west4
2026-09-12,gcp,b200-sxm-180gb,B200,180GB,SXM,IB-NDR,3Y,NonInterruptible,Reserved,APAC,APAC,HIF,T1IF,T1,8.5061,True,local-nvme;managed-ops-plane;support-tier;observability,Available,v2.4.0,panel,asia-northeast1
2026-09-12,gcp,b200-sxm-180gb,B200,180GB,SXM,IB-NDR,3Y,NonInterruptible,Reserved,APAC,APAC,HIF,T1IF,T1,8.5061,True,local-nvme;managed-ops-plane;support-tier;observability,Available,v2.4.0,panel,asia-southeast1
2026-09-12,gcp,b200-sxm-180gb,B200,180GB,SXM,IB-NDR,3Y,NonInterruptible,Reserved,EU,EU,HIF,T1IF,T1,7.7972,True,local-nvme;managed-ops-plane;support-tier;observability,Available,v2.4.0,panel,europe-west4
2026-09-12,gcp,b200-sxm-180gb,B200,180GB,SXM,IB-NDR,3Y,NonInterruptible,Reserved,US-Central,US,HIF,T1IF,T1,7.0884,True,local-nvme;managed-ops-plane;support-tier;observability,Available,v2.4.0,panel,us-central1
2026-09-12,gcp,b200-sxm-180gb,B200,180GB,SXM,IB-NDR,3Y,NonInterruptible,Reserved,US-East,US,HIF,T1IF,T1,7.0884,True,local-nvme;managed-ops-plane;support-tier;observability,Available,v2.4.0,panel,us-east1
2026-09-12,gcp,b200-sxm-180gb,B200,180GB,SXM,IB-NDR,3Y,NonInterruptible,Reserved,US-South,US,HIF,T1IF,T1,7.0884,True,local-nvme;managed-ops-plane;support-tier;observability,Available,v2.4.0,panel,us-south1
2026-09-12,gcp,b200-sxm-180gb,B200,180GB,SXM,IB-NDR,3Y,NonInterruptible,Reserved,US-West,US,HIF,T1IF,T1,7.0884,True,local-nvme;managed-ops-plane;support-tier;observability,Available,v2.4.0,panel,us-west1
2026-09-12,gcp,b200-sxm-180gb,B200,180GB,SXM,IB-NDR,3Y,NonInterruptible,Reserved,US-West,US,HIF,T1IF,T1,7.0884,True,local-nvme;managed-ops-plane;support-tier;observability,Available,v2.4.0,panel,us-west2
2026-09-12,gcp,b200-sxm-180gb,B200,180GB,SXM,IB-NDR,3Y,NonInterruptible,Reserved,US-West,US,HIF,T1IF,T1,7.0884,True,local-nvme;managed-ops-plane;support-tier;observability,Available,v2.4.0,panel,us-west3
2026-09-12,gcp,b200-sxm-180gb,B200,180GB,SXM,IB-NDR,3Y,NonInterruptible,Reserved,US-West,US,HIF,T1IF,T1,7.0884,True,local-nvme;managed-ops-plane;support-tier;observability,Available,v2.4.0,panel,us-west4
2026-09-12,gcp,b200-sxm-180gb,B200,180GB,SXM,IB-NDR,OnDemand,Interruptible,Spot,APAC,APAC,DIF,T1IF,T1,6.2282,True,local-nvme;managed-ops-plane;support-tier;observability,Available,v2.4.0,panel,asia-northeast1
2026-09-12,gcp,b200-sxm-180gb,B200,180GB,SXM,IB-NDR,OnDemand,Interruptible,Spot,APAC,APAC,DIF,T1IF,T1,4.9021,True,local-nvme;managed-ops-plane;support-tier;observability,Available,v2.4.0,panel,asia-southeast1
2026-09-12,gcp,b200-sxm-180gb,B200,180GB,SXM,IB-NDR,OnDemand,Interruptible,Spot,EU,EU,DIF,T1IF,T1,5.4373,True,local-nvme;managed-ops-plane;support-tier;observability,Available,v2.4.0,panel,europe-north1
2026-09-12,gcp,b200-sxm-180gb,B200,180GB,SXM,IB-NDR,OnDemand,Interruptible,Spot,EU,EU,DIF,T1IF,T1,2.4116,True,local-nvme;managed-ops-plane;support-tier;observability,Available,v2.4.0,panel,europe-west1
2026-09-12,gcp,b200-sxm-180gb,B200,180GB,SXM,IB-NDR,OnDemand,Interruptible,Spot,EU,EU,DIF,T1IF,T1,5.1654,True,local-nvme;managed-ops-plane;support-tier;observability,Available,v2.4.0,panel,europe-west4
2026-09-12,gcp,b200-sxm-180gb,B200,180GB,SXM,IB-NDR,OnDemand,Interruptible,Spot,US-Central,US,DIF,T1IF,T1,4.9542,True,local-nvme;managed-ops-plane;support-tier;observability,Available,v2.4.0,panel,us-central1
2026-09-12,gcp,b200-sxm-180gb,B200,180GB,SXM,IB-NDR,OnDemand,Interruptible,Spot,US-East,US,DIF,T1IF,T1,4.9542,True,local-nvme;managed-ops-plane;support-tier;observability,Available,v2.4.0,panel,us-east1
2026-09-12,gcp,b200-sxm-180gb,B200,180GB,SXM,IB-NDR,OnDemand,Interruptible,Spot,US-East,US,DIF,T1IF,T1,4.0758,True,local-nvme;managed-ops-plane;support-tier;observability,Available,v2.4.0,panel,us-east4
2026-09-12,gcp,b200-sxm-180gb,B200,180GB,SXM,IB-NDR,OnDemand,Interruptible,Spot,US-South,US,DIF,T1IF,T1,4.4936,True,local-nvme;managed-ops-plane;support-tier;observability,Available,v2.4.0,panel,us-south1
2026-09-12,gcp,b200-sxm-180gb,B200,180GB,SXM,IB-NDR,OnDemand,Interruptible,Spot,US-West,US,DIF,T1IF,T1,4.2592,True,local-nvme;managed-ops-plane;support-tier;observability,Available,v2.4.0,panel,us-west2
2026-09-12,gcp,b200-sxm-180gb,B200,180GB,SXM,IB-NDR,OnDemand,Interruptible,Spot,US-West,US,DIF,T1IF,T1,5.1654,True,local-nvme;managed-ops-plane;support-tier;observability,Available,v2.4.0,panel,us-west3
2026-09-12,gcp_cud,b200-sxm-180gb,B200,180GB,SXM,IB-NDR,1Y,NonInterruptible,Reserved,APAC,APAC,HIF,T2IF,T1,13.3391,False,,Available,v2.4.0,candidate,asia-northeast1
2026-09-12,gcp_cud,b200-sxm-180gb,B200,180GB,SXM,IB-NDR,1Y,NonInterruptible,Reserved,APAC,APAC,HIF,T2IF,T1,13.3391,False,,Available,v2.4.0,candidate,asia-southeast1
2026-09-12,gcp_cud,b200-sxm-180gb,B200,180GB,SXM,IB-NDR,1Y,NonInterruptible,Reserved,EU,EU,HIF,T2IF,T1,12.2275,False,,Available,v2.4.0,candidate,europe-west4
2026-09-12,gcp_cud,b200-sxm-180gb,B200,180GB,SXM,IB-NDR,1Y,NonInterruptible,Reserved,US-Central,US,HIF,T2IF,T1,11.1159,False,,Available,v2.4.0,candidate,us-central1
2026-09-12,gcp_cud,b200-sxm-180gb,B200,180GB,SXM,IB-NDR,1Y,NonInterruptible,Reserved,US-East,US,HIF,T2IF,T1,11.1159,False,,Available,v2.4.0,candidate,us-east1
2026-09-12,gcp_cud,b200-sxm-180gb,B200,180GB,SXM,IB-NDR,1Y,NonInterruptible,Reserved,US-South,US,HIF,T2IF,T1,11.1159,False,,Available,v2.4.0,candidate,us-south1
2026-09-12,gcp_cud,b200-sxm-180gb,B200,180GB,SXM,IB-NDR,1Y,NonInterruptible,Reserved,US-West,US,HIF,T2IF,T1,11.1159,False,,Available,v2.4.0,candidate,us-west1
2026-09-12,gcp_cud,b200-sxm-180gb,B200,180GB,SXM,IB-NDR,1Y,NonInterruptible,Reserved,US-West,US,HIF,T2IF,T1,11.1159,False,,Available,v2.4.0,candidate,us-west2
2026-09-12,gcp_cud,b200-sxm-180gb,B200,180GB,SXM,IB-NDR,1Y,NonInterruptible,Reserved,US-West,US,HIF,T2IF,T1,11.1159,False,,Available,v2.4.0,candidate,us-west3
2026-09-12,gcp_cud,b200-sxm-180gb,B200,180GB,SXM,IB-NDR,1Y,NonInterruptible,Reserved,US-West,US,HIF,T2IF,T1,11.1159,False,,Available,v2.4.0,candidate,us-west4
2026-09-12,gcp_cud,b200-sxm-180gb,B200,180GB,SXM,IB-NDR,3Y,NonInterruptible,Reserved,APAC,APAC,HIF,T2IF,T1,8.5061,False,,Available,v2.4.0,candidate,asia-northeast1
2026-09-12,gcp_cud,b200-sxm-180gb,B200,180GB,SXM,IB-NDR,3Y,NonInterruptible,Reserved,APAC,APAC,HIF,T2IF,T1,8.5061,False,,Available,v2.4.0,candidate,asia-southeast1
2026-09-12,gcp_cud,b200-sxm-180gb,B200,180GB,SXM,IB-NDR,3Y,NonInterruptible,Reserved,EU,EU,HIF,T2IF,T1,7.7972,False,,Available,v2.4.0,candidate,europe-west4
2026-09-12,gcp_cud,b200-sxm-180gb,B200,180GB,SXM,IB-NDR,3Y,NonInterruptible,Reserved,US-Central,US,HIF,T2IF,T1,7.0884,False,,Available,v2.4.0,candidate,us-central1
2026-09-12,gcp_cud,b200-sxm-180gb,B200,180GB,SXM,IB-NDR,3Y,NonInterruptible,Reserved,US-East,US,HIF,T2IF,T1,7.0884,False,,Available,v2.4.0,candidate,us-east1
2026-09-12,gcp_cud,b200-sxm-180gb,B200,180GB,SXM,IB-NDR,3Y,NonInterruptible,Reserved,US-South,US,HIF,T2IF,T1,7.0884,False,,Available,v2.4.0,candidate,us-south1
2026-09-12,gcp_cud,b200-sxm-180gb,B200,180GB,SXM,IB-NDR,3Y,NonInterruptible,Reserved,US-West,US,HIF,T2IF,T1,7.0884,False,,Available,v2.4.0,candidate,us-west1
2026-09-12,gcp_cud,b200-sxm-180gb,B200,180GB,SXM,IB-NDR,3Y,NonInterruptible,Reserved,US-West,US,HIF,T2IF,T1,7.0884,False,,Available,v2.4.0,candidate,us-west2
2026-09-12,gcp_cud,b200-sxm-180gb,B200,180GB,SXM,IB-NDR,3Y,NonInterruptible,Reserved,US-West,US,HIF,T2IF,T1,7.0884,False,,Available,v2.4.0,candidate,us-west3
2026-09-12,gcp_cud,b200-sxm-180gb,B200,180GB,SXM,IB-NDR,3Y,NonInterruptible,Reserved,US-West,US,HIF,T2IF,T1,7.0884,False,,Available,v2.4.0,candidate,us-west4
2026-09-12,gcp_dws,b200-sxm-180gb,B200,180GB,SXM,IB-NDR,FlexStart,NonInterruptible,Reserved,US-Central,US,HIF,T2IF,T1,8.0550,False,,Available,v2.4.0,term-panel,us-central1
2026-09-12,gmi_cloud,b200-sxm-180gb,B200,180GB,SXM,IB-NDR,OnDemand,NonInterruptible,OnDemand,US-East,US,IIF,T2IF,T2,4.0000,False,,Available,v2.4.0,candidate,US
2026-09-12,hyperstack,b200-sxm-180gb,B200,180GB,SXM,IB-NDR,OnDemand,NonInterruptible,OnDemand,Other,Other,SIF,T2IF,T2,6.0000,True,local-nvme,Available,v2.4.0,panel,Multi
2026-09-12,hyperstack,b200-sxm-180gb,B200,180GB,SXM,IB-NDR,6M,NonInterruptible,Reserved,Other,Other,SIF,T2IF,T2,5.1000,True,local-nvme,Available,v2.4.0,panel,Multi
2026-09-12,koyeb,b200-sxm-180gb,B200,180GB,SXM,Unknown,OnDemand,NonInterruptible,OnDemand,Other,Other,SIF,T2IF,T2,5.5000,False,,Available,v2.4.0,candidate,Multi
2026-09-12,lambda,b200-sxm-180gb,B200,180GB,SXM,IB-NDR,OnDemand,NonInterruptible,OnDemand,US-East,US,IIF,T2IF,T2,6.6900,True,local-nvme,SoldOut,v2.4.0,panel,US
2026-09-12,lambda,b200-sxm-180gb,B200,180GB,SXM,IB-NDR,ReservedBand,NonInterruptible,Reserved,US-East,US,IIF,T2IF,T2,9.8600,True,local-nvme,Available,v2.4.0,panel,US
2026-09-12,lyceum,b200-sxm-180gb,B200,180GB,SXM,,OnDemand,NonInterruptible,OnDemand,Other,Other,SIF,T2IF,T2,6.2900,False,,Available,v2.4.0,candidate,EU (undisclosed)
2026-09-12,lyceum,b200-sxm-180gb,B200,180GB,SXM,,OnDemand,NonInterruptible,OnDemand,Other,Other,SIF,T2IF,T2,6.4900,False,,Available,v2.4.0,candidate,EU (undisclosed)
2026-09-12,massed_compute,b200-sxm-180gb,B200,180GB,SXM,Unknown,OnDemand,NonInterruptible,OnDemand,US-East,US,DIF,T3IF,T3,5.4325,False,,Available,v2.4.0,panel,US
2026-09-12,nebius,b200-sxm-180gb,B200,180GB,SXM,IB-NDR,OnDemand,NonInterruptible,OnDemand,Other,Other,IIF,T1IF,T2,7.1500,True,observability;managed-ops-plane;free-egress,Available,v2.4.0,panel,
2026-09-12,nebius,b200-sxm-180gb,B200,180GB,SXM,IB-NDR,OnDemand,Interruptible,Spot,Other,Other,DIF,T1IF,T2,3.9500,True,observability;managed-ops-plane;free-egress,Available,v2.4.0,panel,
2026-09-12,oci,b200-sxm-180gb,B200,180GB,SXM,RoCE-v2,OnDemand,NonInterruptible,OnDemand,US-East,US,HIF,T1IF,T1,14.0000,True,local-nvme;egress-capped;managed-ops-plane;support-tier;observability,Available,v2.4.0,panel,us-ashburn-1
2026-09-12,qubrid,b200-sxm-180gb,B200,180GB,SXM,Unknown,1Y,NonInterruptible,Reserved,Other,Other,SIF,T2IF,T2,4.2500,False,,Available,v2.4.0,panel,
2026-09-12,runpod_community,b200-sxm-180gb,B200,180GB,SXM,Unknown,OnDemand,NonInterruptible,OnDemand,Other,Other,DIF,T3IF,T3,5.9800,False,,SoldOut,v2.4.0,panel,Global
2026-09-12,runpod_secure,b200-sxm-180gb,B200,180GB,SXM,IB-NDR,OnDemand,NonInterruptible,OnDemand,EU,EU,DIF,T2IF,T3,6.7900,True,local-nvme,Available,v2.4.0,panel,EU-RO-1
2026-09-12,runpod_secure,b200-sxm-180gb,B200,180GB,SXM,IB-NDR,OnDemand,NonInterruptible,OnDemand,Other,Other,DIF,T2IF,T3,6.7900,True,local-nvme,Available,v2.4.0,panel,Global
2026-09-12,runpod_secure,b200-sxm-180gb,B200,180GB,SXM,IB-NDR,OnDemand,NonInterruptible,OnDemand,US-West,US,DIF,T2IF,T3,6.7900,True,local-nvme,Available,v2.4.0,panel,US-CA-2
2026-09-12,runpod_secure,b200-sxm-180gb,B200,180GB,SXM,IB-NDR,OnDemand,NonInterruptible,OnDemand,US-East,US,DIF,T2IF,T3,6.7900,True,local-nvme,Available,v2.4.0,panel,US-NC-2
2026-09-12,runpod_secure,b200-sxm-180gb,B200,180GB,SXM,IB-NDR,OnDemand,NonInterruptible,OnDemand,US-Central,US,DIF,T2IF,T3,6.7900,True,local-nvme,Available,v2.4.0,panel,US-NE-1
2026-09-12,runpod_secure,b200-sxm-180gb,B200,180GB,SXM,IB-NDR,1Y,NonInterruptible,Reserved,Other,Other,DIF,T2IF,T3,6.7900,True,local-nvme,Available,v2.4.0,panel,Global
2026-09-12,runpod_secure,b200-sxm-180gb,B200,180GB,SXM,IB-NDR,3M,NonInterruptible,Reserved,Other,Other,DIF,T2IF,T3,6.7900,True,local-nvme,Available,v2.4.0,panel,Global
2026-09-12,runpod_secure,b200-sxm-180gb,B200,180GB,SXM,IB-NDR,6M,NonInterruptible,Reserved,Other,Other,DIF,T2IF,T3,6.7900,True,local-nvme,Available,v2.4.0,panel,Global
2026-09-12,shakti_cloud,b200-sxm-180gb,B200,180GB,SXM,IB-Unspecified,1M,NonInterruptible,Reserved,APAC,APAC,SIF,T2IF,T2,4.9500,False,,Available,v2.4.0,panel,IN
2026-09-12,spheron,b200-sxm-180gb,B200,180GB,SXM,Unknown,OnDemand,NonInterruptible,OnDemand,Other,Other,DIF,T3IF,T3,7.2009,False,,Available,v2.4.0,panel,canada-1
2026-09-12,spheron,b200-sxm-180gb,B200,180GB,SXM,Unknown,OnDemand,NonInterruptible,OnDemand,US-Central,US,DIF,T3IF,T3,9.3600,False,,Available,v2.4.0,panel,us-central-1
2026-09-12,spheron,b200-sxm-180gb,B200,180GB,SXM,Unknown,OnDemand,Interruptible,Spot,Other,Other,DIF,T3IF,T3,5.3730,False,,Available,v2.4.0,panel,me-west-1
2026-09-12,spheron,b200-sxm-180gb,B200,180GB,SXM,Unknown,OnDemand,Interruptible,Spot,US-Central,US,DIF,T3IF,T3,5.3730,False,,Available,v2.4.0,panel,us-central-1
2026-09-12,together,b200-sxm-180gb,B200,180GB,SXM,IB-NDR,OnDemand,NonInterruptible,OnDemand,US-East,US,SIF,T1IF,T2,8.1900,True,local-nvme;support-tier;observability;managed-ops-plane,Available,v2.4.0,panel,US
2026-09-12,together,b200-sxm-180gb,B200,180GB,SXM,IB-NDR,1M,NonInterruptible,Reserved,US-East,US,SIF,T1IF,T2,7.9900,True,local-nvme;support-tier;observability;managed-ops-plane,Available,v2.4.0,panel,US
2026-09-12,together,b200-sxm-180gb,B200,180GB,SXM,IB-NDR,3M,NonInterruptible,Reserved,US-East,US,SIF,T1IF,T2,7.7900,True,local-nvme;support-tier;observability;managed-ops-plane,Available,v2.4.0,panel,US
2026-09-12,together,b200-sxm-180gb,B200,180GB,SXM,IB-NDR,6M,NonInterruptible,Reserved,US-East,US,SIF,T1IF,T2,6.7900,True,local-nvme;support-tier;observability;managed-ops-plane,Available,v2.4.0,panel,US
2026-09-12,vast_ai,b200-sxm-180gb,B200,180GB,SXM,IB-NDR,OnDemand,NonInterruptible,OnDemand,US-East,US,DIF,T3IF,T3,6.7500,True,local-nvme,Available,v2.4.0,marketplace,", US"
2026-09-12,vast_ai,b200-sxm-180gb,B200,180GB,SXM,IB-NDR,OnDemand,NonInterruptible,OnDemand,US-West,US,DIF,T3IF,T3,6.8750,True,local-nvme,Available,v2.4.0,marketplace,"CALIFORNIA, US"
2026-09-12,vast_ai,b200-sxm-180gb,B200,180GB,SXM,IB-NDR,OnDemand,NonInterruptible,OnDemand,US-East,US,DIF,T3IF,T3,7.6313,True,local-nvme,Available,v2.4.0,marketplace,"VIRGINIA, US"
2026-09-12,vultr,b200-sxm-180gb,B200,180GB,SXM,Unknown,OnDemand,NonInterruptible,OnDemand,Other,Other,SIF,T2IF,T2,8.5000,False,,SoldOut,v2.4.0,panel,Multi
2026-09-12,vultr,b200-sxm-180gb,B200,180GB,SXM,Unknown,OnDemand,Interruptible,Spot,Other,Other,DIF,T2IF,T2,3.2000,False,,SoldOut,v2.4.0,panel,Multi
2026-09-13,aws,b200-sxm-180gb,B200,180GB,SXM,EFA,OnDemand,NonInterruptible,OnDemand,APAC,APAC,HIF,T1IF,T1,20.0807,True,local-nvme;managed-ops-plane;support-tier;observability,Available,v2.4.0,panel,ap-south-1
2026-09-13,aws,b200-sxm-180gb,B200,180GB,SXM,EFA,OnDemand,NonInterruptible,OnDemand,APAC,APAC,HIF,T1IF,T1,20.0813,True,local-nvme;managed-ops-plane;support-tier;observability,Available,v2.4.0,panel,ap-south-2
2026-09-13,aws,b200-sxm-180gb,B200,180GB,SXM,EFA,OnDemand,NonInterruptible,OnDemand,EU,EU,HIF,T1IF,T1,17.9053,True,local-nvme;managed-ops-plane;support-tier;observability,Available,v2.4.0,panel,eu-north-1
2026-09-13,aws,b200-sxm-180gb,B200,180GB,SXM,EFA,OnDemand,NonInterruptible,OnDemand,US-East,US,HIF,T1IF,T1,14.2416,True,local-nvme;managed-ops-plane;support-tier;observability,Available,v2.4.0,panel,us-east-1
2026-09-13,aws,b200-sxm-180gb,B200,180GB,SXM,EFA,OnDemand,NonInterruptible,OnDemand,US-East,US,HIF,T1IF,T1,14.2416,True,local-nvme;managed-ops-plane;support-tier;observability,Available,v2.4.0,panel,us-east-2
2026-09-13,aws,b200-sxm-180gb,B200,180GB,SXM,EFA,OnDemand,NonInterruptible,OnDemand,US-West,US,HIF,T1IF,T1,14.2416,True,local-nvme;managed-ops-plane;support-tier;observability,Available,v2.4.0,panel,us-west-2
2026-09-13,aws,b200-sxm-180gb,B200,180GB,SXM,EFA,3Y,NonInterruptible,Reserved,APAC,APAC,HIF,T1IF,T1,8.6751,True,local-nvme;managed-ops-plane;support-tier;observability,Available,v2.4.0,panel,ap-south-2
2026-09-13,aws,b200-sxm-180gb,B200,180GB,SXM,EFA,3Y,NonInterruptible,Reserved,US-East,US,HIF,T1IF,T1,6.1524,True,local-nvme;managed-ops-plane;support-tier;observability,Available,v2.4.0,panel,us-east-1
2026-09-13,aws,b200-sxm-180gb,B200,180GB,SXM,EFA,3Y,NonInterruptible,Reserved,US-East,US,HIF,T1IF,T1,6.1524,True,local-nvme;managed-ops-plane;support-tier;observability,Available,v2.4.0,panel,us-east-2
2026-09-13,aws,b200-sxm-180gb,B200,180GB,SXM,EFA,3Y,NonInterruptible,Reserved,US-West,US,HIF,T1IF,T1,6.1524,True,local-nvme;managed-ops-plane;support-tier;observability,Available,v2.4.0,panel,us-west-2
2026-09-13,aws,b200-sxm-180gb,B200,180GB,SXM,EFA,OnDemand,Interruptible,Spot,APAC,APAC,DIF,T2IF,T1,6.0445,False,,Available,v2.4.0,panel,ap-south-1c
2026-09-13,aws,b200-sxm-180gb,B200,180GB,SXM,EFA,OnDemand,Interruptible,Spot,APAC,APAC,DIF,T2IF,T1,4.7148,False,,Available,v2.4.0,panel,ap-south-2b
2026-09-13,aws,b200-sxm-180gb,B200,180GB,SXM,EFA,OnDemand,Interruptible,Spot,US-East,US,DIF,T2IF,T1,5.2549,False,,Available,v2.4.0,panel,us-east-1d
2026-09-13,aws,b200-sxm-180gb,B200,180GB,SXM,EFA,OnDemand,Interruptible,Spot,US-East,US,DIF,T2IF,T1,5.2806,False,,Available,v2.4.0,panel,us-east-2a
2026-09-13,aws,b200-sxm-180gb,B200,180GB,SXM,EFA,OnDemand,Interruptible,Spot,US-East,US,DIF,T2IF,T1,5.2857,False,,Available,v2.4.0,panel,us-east-2b
2026-09-13,aws,b200-sxm-180gb,B200,180GB,SXM,EFA,OnDemand,Interruptible,Spot,US-East,US,DIF,T2IF,T1,5.3093,False,,Available,v2.4.0,panel,us-east-2c
2026-09-13,aws,b200-sxm-180gb,B200,180GB,SXM,EFA,OnDemand,Interruptible,Spot,US-West,US,DIF,T2IF,T1,5.1132,False,,Available,v2.4.0,panel,us-west-2a
2026-09-13,aws,b200-sxm-180gb,B200,180GB,SXM,EFA,OnDemand,Interruptible,Spot,US-West,US,DIF,T2IF,T1,5.3093,False,,Available,v2.4.0,panel,us-west-2b
2026-09-13,aws,b200-sxm-180gb,B200,180GB,SXM,EFA,OnDemand,Interruptible,Spot,US-West,US,DIF,T2IF,T1,5.2683,False,,Available,v2.4.0,panel,us-west-2d
2026-09-13,aws_capacity_blocks,b200-sxm-180gb,B200,180GB,SXM,EFA,CapacityBlock,NonInterruptible,Reserved,Other,Other,HIF,T2IF,T1,12.3550,False,,Available,v2.4.0,term-panel,non-us
2026-09-13,aws_capacity_blocks,b200-sxm-180gb,B200,180GB,SXM,EFA,CapacityBlock,NonInterruptible,Reserved,US-East,US,HIF,T2IF,T1,12.3550,False,,Available,v2.4.0,term-panel,us-east-1
2026-09-13,civo,b200-sxm-180gb,B200,180GB,SXM,Unknown,1Y,NonInterruptible,Reserved,Other,Other,SIF,T2IF,T2,4.4900,False,,Available,v2.4.0,panel,
2026-09-13,civo,b200-sxm-180gb,B200,180GB,SXM,Unknown,2Y,NonInterruptible,Reserved,Other,Other,SIF,T2IF,T2,3.9900,False,,Available,v2.4.0,panel,
2026-09-13,civo,b200-sxm-180gb,B200,180GB,SXM,Unknown,3Y,NonInterruptible,Reserved,Other,Other,SIF,T2IF,T2,3.7900,False,,Available,v2.4.0,panel,
2026-09-13,coreweave,b200-sxm-180gb,B200,180GB,SXM,IB-NDR,OnDemand,NonInterruptible,OnDemand,EU,EU,IIF,T1IF,T2,8.6000,True,local-nvme;free-egress;support-tier;observability;managed-ops-plane,Available,v2.4.0,panel,EU
2026-09-13,coreweave,b200-sxm-180gb,B200,180GB,SXM,IB-NDR,OnDemand,NonInterruptible,OnDemand,US-East,US,IIF,T1IF,T2,8.6000,True,local-nvme;free-egress;support-tier;observability;managed-ops-plane,Available,v2.4.0,panel,US
2026-09-13,coreweave,b200-sxm-180gb,B200,180GB,SXM,IB-NDR,OnDemand,Interruptible,Spot,EU,EU,DIF,T1IF,T2,4.3588,True,local-nvme;free-egress;support-tier;observability;managed-ops-plane,Available,v2.4.0,panel,EU
2026-09-13,coreweave,b200-sxm-180gb,B200,180GB,SXM,IB-NDR,OnDemand,Interruptible,Spot,US-East,US,DIF,T1IF,T2,4.2638,True,local-nvme;free-egress;support-tier;observability;managed-ops-plane,Available,v2.4.0,panel,US
2026-09-13,datacrunch,b200-sxm-180gb,B200,180GB,SXM,IB-NDR,OnDemand,NonInterruptible,OnDemand,EU,EU,SIF,T2IF,T2,6.2325,True,local-nvme,Available,v2.4.0,panel,EU-FI
2026-09-13,datacrunch,b200-sxm-180gb,B200,180GB,SXM,IB-NDR,1M,NonInterruptible,Reserved,EU,EU,SIF,T2IF,T2,6.1079,True,local-nvme,Available,v2.4.0,panel,EU-FI
2026-09-13,datacrunch,b200-sxm-180gb,B200,180GB,SXM,IB-NDR,1Y,NonInterruptible,Reserved,EU,EU,SIF,T2IF,T2,5.7339,True,local-nvme,Available,v2.4.0,panel,EU-FI
2026-09-13,datacrunch,b200-sxm-180gb,B200,180GB,SXM,IB-NDR,2Y,NonInterruptible,Reserved,EU,EU,SIF,T2IF,T2,4.6744,True,local-nvme,Available,v2.4.0,panel,EU-FI
2026-09-13,datacrunch,b200-sxm-180gb,B200,180GB,SXM,IB-NDR,3M,NonInterruptible,Reserved,EU,EU,SIF,T2IF,T2,6.0455,True,local-nvme,Available,v2.4.0,panel,EU-FI
2026-09-13,datacrunch,b200-sxm-180gb,B200,180GB,SXM,IB-NDR,6M,NonInterruptible,Reserved,EU,EU,SIF,T2IF,T2,5.9832,True,local-nvme,Available,v2.4.0,panel,EU-FI
2026-09-13,datacrunch,b200-sxm-180gb,B200,180GB,SXM,IB-NDR,OnDemand,Interruptible,Spot,EU,EU,DIF,T2IF,T2,3.1163,True,local-nvme,Available,v2.4.0,panel,EU-FI
2026-09-13,deepinfra_gpu,b200-sxm-180gb,B200,180GB,SXM,,OnDemand,NonInterruptible,OnDemand,Other,Other,SIF,T2IF,T2,3.6900,False,,Available,v2.4.0,panel,undisclosed
2026-09-13,e2e,b200-sxm-180gb,B200,180GB,SXM,IB-NDR,OnDemand,NonInterruptible,OnDemand,APAC,APAC,IIF,T2IF,T2,6.9900,False,,Available,v2.4.0,panel,India
2026-09-13,e2e,b200-sxm-180gb,B200,180GB,SXM,IB-NDR,1M,NonInterruptible,Reserved,APAC,APAC,IIF,T2IF,T2,6.9211,False,,Available,v2.4.0,panel,India
2026-09-13,e2e,b200-sxm-180gb,B200,180GB,SXM,IB-NDR,1Y,NonInterruptible,Reserved,APAC,APAC,IIF,T2IF,T2,6.2888,False,,Available,v2.4.0,panel,India
2026-09-13,gcp,b200-sxm-180gb,B200,180GB,SXM,IB-NDR,OnDemand,NonInterruptible,OnDemand,APAC,APAC,HIF,T1IF,T1,19.3320,True,local-nvme;managed-ops-plane;support-tier;observability,Available,v2.4.0,panel,asia-southeast1
2026-09-13,gcp,b200-sxm-180gb,B200,180GB,SXM,IB-NDR,OnDemand,NonInterruptible,OnDemand,EU,EU,HIF,T1IF,T1,17.7210,True,local-nvme;managed-ops-plane;support-tier;observability,Available,v2.4.0,panel,europe-west4
2026-09-13,gcp,b200-sxm-180gb,B200,180GB,SXM,IB-NDR,OnDemand,NonInterruptible,OnDemand,US-Central,US,HIF,T1IF,T1,16.1100,True,local-nvme;managed-ops-plane;support-tier;observability,Available,v2.4.0,panel,us-central1
2026-09-13,gcp,b200-sxm-180gb,B200,180GB,SXM,IB-NDR,OnDemand,NonInterruptible,OnDemand,US-East,US,HIF,T1IF,T1,16.1100,True,local-nvme;managed-ops-plane;support-tier;observability,Available,v2.4.0,panel,us-east1
2026-09-13,gcp,b200-sxm-180gb,B200,180GB,SXM,IB-NDR,1Y,NonInterruptible,Reserved,APAC,APAC,HIF,T1IF,T1,13.3391,True,local-nvme;managed-ops-plane;support-tier;observability,Available,v2.4.0,panel,asia-northeast1
2026-09-13,gcp,b200-sxm-180gb,B200,180GB,SXM,IB-NDR,1Y,NonInterruptible,Reserved,APAC,APAC,HIF,T1IF,T1,13.3391,True,local-nvme;managed-ops-plane;support-tier;observability,Available,v2.4.0,panel,asia-southeast1
2026-09-13,gcp,b200-sxm-180gb,B200,180GB,SXM,IB-NDR,1Y,NonInterruptible,Reserved,EU,EU,HIF,T1IF,T1,12.2275,True,local-nvme;managed-ops-plane;support-tier;observability,Available,v2.4.0,panel,europe-west4
2026-09-13,gcp,b200-sxm-180gb,B200,180GB,SXM,IB-NDR,1Y,NonInterruptible,Reserved,US-Central,US,HIF,T1IF,T1,11.1159,True,local-nvme;managed-ops-plane;support-tier;observability,Available,v2.4.0,panel,us-central1
2026-09-13,gcp,b200-sxm-180gb,B200,180GB,SXM,IB-NDR,1Y,NonInterruptible,Reserved,US-East,US,HIF,T1IF,T1,11.1159,True,local-nvme;managed-ops-plane;support-tier;observability,Available,v2.4.0,panel,us-east1
2026-09-13,gcp,b200-sxm-180gb,B200,180GB,SXM,IB-NDR,1Y,NonInterruptible,Reserved,US-South,US,HIF,T1IF,T1,11.1159,True,local-nvme;managed-ops-plane;support-tier;observability,Available,v2.4.0,panel,us-south1
2026-09-13,gcp,b200-sxm-180gb,B200,180GB,SXM,IB-NDR,1Y,NonInterruptible,Reserved,US-West,US,HIF,T1IF,T1,11.1159,True,local-nvme;managed-ops-plane;support-tier;observability,Available,v2.4.0,panel,us-west1
2026-09-13,gcp,b200-sxm-180gb,B200,180GB,SXM,IB-NDR,1Y,NonInterruptible,Reserved,US-West,US,HIF,T1IF,T1,11.1159,True,local-nvme;managed-ops-plane;support-tier;observability,Available,v2.4.0,panel,us-west2
2026-09-13,gcp,b200-sxm-180gb,B200,180GB,SXM,IB-NDR,1Y,NonInterruptible,Reserved,US-West,US,HIF,T1IF,T1,11.1159,True,local-nvme;managed-ops-plane;support-tier;observability,Available,v2.4.0,panel,us-west3
2026-09-13,gcp,b200-sxm-180gb,B200,180GB,SXM,IB-NDR,1Y,NonInterruptible,Reserved,US-West,US,HIF,T1IF,T1,11.1159,True,local-nvme;managed-ops-plane;support-tier;observability,Available,v2.4.0,panel,us-west4
2026-09-13,gcp,b200-sxm-180gb,B200,180GB,SXM,IB-NDR,3Y,NonInterruptible,Reserved,APAC,APAC,HIF,T1IF,T1,8.5061,True,local-nvme;managed-ops-plane;support-tier;observability,Available,v2.4.0,panel,asia-northeast1
2026-09-13,gcp,b200-sxm-180gb,B200,180GB,SXM,IB-NDR,3Y,NonInterruptible,Reserved,APAC,APAC,HIF,T1IF,T1,8.5061,True,local-nvme;managed-ops-plane;support-tier;observability,Available,v2.4.0,panel,asia-southeast1
2026-09-13,gcp,b200-sxm-180gb,B200,180GB,SXM,IB-NDR,3Y,NonInterruptible,Reserved,EU,EU,HIF,T1IF,T1,7.7972,True,local-nvme;managed-ops-plane;support-tier;observability,Available,v2.4.0,panel,europe-west4
2026-09-13,gcp,b200-sxm-180gb,B200,180GB,SXM,IB-NDR,3Y,NonInterruptible,Reserved,US-Central,US,HIF,T1IF,T1,7.0884,True,local-nvme;managed-ops-plane;support-tier;observability,Available,v2.4.0,panel,us-central1
2026-09-13,gcp,b200-sxm-180gb,B200,180GB,SXM,IB-NDR,3Y,NonInterruptible,Reserved,US-East,US,HIF,T1IF,T1,7.0884,True,local-nvme;managed-ops-plane;support-tier;observability,Available,v2.4.0,panel,us-east1
2026-09-13,gcp,b200-sxm-180gb,B200,180GB,SXM,IB-NDR,3Y,NonInterruptible,Reserved,US-South,US,HIF,T1IF,T1,7.0884,True,local-nvme;managed-ops-plane;support-tier;observability,Available,v2.4.0,panel,us-south1
2026-09-13,gcp,b200-sxm-180gb,B200,180GB,SXM,IB-NDR,3Y,NonInterruptible,Reserved,US-West,US,HIF,T1IF,T1,7.0884,True,local-nvme;managed-ops-plane;support-tier;observability,Available,v2.4.0,panel,us-west1
2026-09-13,gcp,b200-sxm-180gb,B200,180GB,SXM,IB-NDR,3Y,NonInterruptible,Reserved,US-West,US,HIF,T1IF,T1,7.0884,True,local-nvme;managed-ops-plane;support-tier;observability,Available,v2.4.0,panel,us-west2
2026-09-13,gcp,b200-sxm-180gb,B200,180GB,SXM,IB-NDR,3Y,NonInterruptible,Reserved,US-West,US,HIF,T1IF,T1,7.0884,True,local-nvme;managed-ops-plane;support-tier;observability,Available,v2.4.0,panel,us-west3
2026-09-13,gcp,b200-sxm-180gb,B200,180GB,SXM,IB-NDR,3Y,NonInterruptible,Reserved,US-West,US,HIF,T1IF,T1,7.0884,True,local-nvme;managed-ops-plane;support-tier;observability,Available,v2.4.0,panel,us-west4
2026-09-13,gcp,b200-sxm-180gb,B200,180GB,SXM,IB-NDR,OnDemand,Interruptible,Spot,APAC,APAC,DIF,T1IF,T1,6.2282,True,local-nvme;managed-ops-plane;support-tier;observability,Available,v2.4.0,panel,asia-northeast1
2026-09-13,gcp,b200-sxm-180gb,B200,180GB,SXM,IB-NDR,OnDemand,Interruptible,Spot,APAC,APAC,DIF,T1IF,T1,4.9021,True,local-nvme;managed-ops-plane;support-tier;observability,Available,v2.4.0,panel,asia-southeast1
2026-09-13,gcp,b200-sxm-180gb,B200,180GB,SXM,IB-NDR,OnDemand,Interruptible,Spot,EU,EU,DIF,T1IF,T1,5.4373,True,local-nvme;managed-ops-plane;support-tier;observability,Available,v2.4.0,panel,europe-north1
2026-09-13,gcp,b200-sxm-180gb,B200,180GB,SXM,IB-NDR,OnDemand,Interruptible,Spot,EU,EU,DIF,T1IF,T1,2.4116,True,local-nvme;managed-ops-plane;support-tier;observability,Available,v2.4.0,panel,europe-west1
2026-09-13,gcp,b200-sxm-180gb,B200,180GB,SXM,IB-NDR,OnDemand,Interruptible,Spot,EU,EU,DIF,T1IF,T1,5.1654,True,local-nvme;managed-ops-plane;support-tier;observability,Available,v2.4.0,panel,europe-west4
2026-09-13,gcp,b200-sxm-180gb,B200,180GB,SXM,IB-NDR,OnDemand,Interruptible,Spot,US-Central,US,DIF,T1IF,T1,4.9542,True,local-nvme;managed-ops-plane;support-tier;observability,Available,v2.4.0,panel,us-central1
2026-09-13,gcp,b200-sxm-180gb,B200,180GB,SXM,IB-NDR,OnDemand,Interruptible,Spot,US-East,US,DIF,T1IF,T1,4.9542,True,local-nvme;managed-ops-plane;support-tier;observability,Available,v2.4.0,panel,us-east1
2026-09-13,gcp,b200-sxm-180gb,B200,180GB,SXM,IB-NDR,OnDemand,Interruptible,Spot,US-East,US,DIF,T1IF,T1,4.0758,True,local-nvme;managed-ops-plane;support-tier;observability,Available,v2.4.0,panel,us-east4
2026-09-13,gcp,b200-sxm-180gb,B200,180GB,SXM,IB-NDR,OnDemand,Interruptible,Spot,US-South,US,DIF,T1IF,T1,4.4936,True,local-nvme;managed-ops-plane;support-tier;observability,Available,v2.4.0,panel,us-south1
2026-09-13,gcp,b200-sxm-180gb,B200,180GB,SXM,IB-NDR,OnDemand,Interruptible,Spot,US-West,US,DIF,T1IF,T1,4.2592,True,local-nvme;managed-ops-plane;support-tier;observability,Available,v2.4.0,panel,us-west2
2026-09-13,gcp,b200-sxm-180gb,B200,180GB,SXM,IB-NDR,OnDemand,Interruptible,Spot,US-West,US,DIF,T1IF,T1,5.1654,True,local-nvme;managed-ops-plane;support-tier;observability,Available,v2.4.0,panel,us-west3
2026-09-13,gcp_cud,b200-sxm-180gb,B200,180GB,SXM,IB-NDR,1Y,NonInterruptible,Reserved,APAC,APAC,HIF,T2IF,T1,13.3391,False,,Available,v2.4.0,candidate,asia-northeast1
2026-09-13,gcp_cud,b200-sxm-180gb,B200,180GB,SXM,IB-NDR,1Y,NonInterruptible,Reserved,APAC,APAC,HIF,T2IF,T1,13.3391,False,,Available,v2.4.0,candidate,asia-southeast1
2026-09-13,gcp_cud,b200-sxm-180gb,B200,180GB,SXM,IB-NDR,1Y,NonInterruptible,Reserved,EU,EU,HIF,T2IF,T1,12.2275,False,,Available,v2.4.0,candidate,europe-west4
2026-09-13,gcp_cud,b200-sxm-180gb,B200,180GB,SXM,IB-NDR,1Y,NonInterruptible,Reserved,US-Central,US,HIF,T2IF,T1,11.1159,False,,Available,v2.4.0,candidate,us-central1
2026-09-13,gcp_cud,b200-sxm-180gb,B200,180GB,SXM,IB-NDR,1Y,NonInterruptible,Reserved,US-East,US,HIF,T2IF,T1,11.1159,False,,Available,v2.4.0,candidate,us-east1
2026-09-13,gcp_cud,b200-sxm-180gb,B200,180GB,SXM,IB-NDR,1Y,NonInterruptible,Reserved,US-South,US,HIF,T2IF,T1,11.1159,False,,Available,v2.4.0,candidate,us-south1
2026-09-13,gcp_cud,b200-sxm-180gb,B200,180GB,SXM,IB-NDR,1Y,NonInterruptible,Reserved,US-West,US,HIF,T2IF,T1,11.1159,False,,Available,v2.4.0,candidate,us-west1
2026-09-13,gcp_cud,b200-sxm-180gb,B200,180GB,SXM,IB-NDR,1Y,NonInterruptible,Reserved,US-West,US,HIF,T2IF,T1,11.1159,False,,Available,v2.4.0,candidate,us-west2
2026-09-13,gcp_cud,b200-sxm-180gb,B200,180GB,SXM,IB-NDR,1Y,NonInterruptible,Reserved,US-West,US,HIF,T2IF,T1,11.1159,False,,Available,v2.4.0,candidate,us-west3
2026-09-13,gcp_cud,b200-sxm-180gb,B200,180GB,SXM,IB-NDR,1Y,NonInterruptible,Reserved,US-West,US,HIF,T2IF,T1,11.1159,False,,Available,v2.4.0,candidate,us-west4
2026-09-13,gcp_cud,b200-sxm-180gb,B200,180GB,SXM,IB-NDR,3Y,NonInterruptible,Reserved,APAC,APAC,HIF,T2IF,T1,8.5061,False,,Available,v2.4.0,candidate,asia-northeast1
2026-09-13,gcp_cud,b200-sxm-180gb,B200,180GB,SXM,IB-NDR,3Y,NonInterruptible,Reserved,APAC,APAC,HIF,T2IF,T1,8.5061,False,,Available,v2.4.0,candidate,asia-southeast1
2026-09-13,gcp_cud,b200-sxm-180gb,B200,180GB,SXM,IB-NDR,3Y,NonInterruptible,Reserved,EU,EU,HIF,T2IF,T1,7.7972,False,,Available,v2.4.0,candidate,europe-west4
2026-09-13,gcp_cud,b200-sxm-180gb,B200,180GB,SXM,IB-NDR,3Y,NonInterruptible,Reserved,US-Central,US,HIF,T2IF,T1,7.0884,False,,Available,v2.4.0,candidate,us-central1
2026-09-13,gcp_cud,b200-sxm-180gb,B200,180GB,SXM,IB-NDR,3Y,NonInterruptible,Reserved,US-East,US,HIF,T2IF,T1,7.0884,False,,Available,v2.4.0,candidate,us-east1
2026-09-13,gcp_cud,b200-sxm-180gb,B200,180GB,SXM,IB-NDR,3Y,NonInterruptible,Reserved,US-South,US,HIF,T2IF,T1,7.0884,False,,Available,v2.4.0,candidate,us-south1
2026-09-13,gcp_cud,b200-sxm-180gb,B200,180GB,SXM,IB-NDR,3Y,NonInterruptible,Reserved,US-West,US,HIF,T2IF,T1,7.0884,False,,Available,v2.4.0,candidate,us-west1
2026-09-13,gcp_cud,b200-sxm-180gb,B200,180GB,SXM,IB-NDR,3Y,NonInterruptible,Reserved,US-West,US,HIF,T2IF,T1,7.0884,False,,Available,v2.4.0,candidate,us-west2
2026-09-13,gcp_cud,b200-sxm-180gb,B200,180GB,SXM,IB-NDR,3Y,NonInterruptible,Reserved,US-West,US,HIF,T2IF,T1,7.0884,False,,Available,v2.4.0,candidate,us-west3
2026-09-13,gcp_cud,b200-sxm-180gb,B200,180GB,SXM,IB-NDR,3Y,NonInterruptible,Reserved,US-West,US,HIF,T2IF,T1,7.0884,False,,Available,v2.4.0,candidate,us-west4
2026-09-13,gcp_dws,b200-sxm-180gb,B200,180GB,SXM,IB-NDR,FlexStart,NonInterruptible,Reserved,US-Central,US,HIF,T2IF,T1,8.0550,False,,Available,v2.4.0,term-panel,us-central1
2026-09-13,gmi_cloud,b200-sxm-180gb,B200,180GB,SXM,IB-NDR,OnDemand,NonInterruptible,OnDemand,US-East,US,IIF,T2IF,T2,4.0000,False,,Available,v2.4.0,candidate,US
2026-09-13,hyperstack,b200-sxm-180gb,B200,180GB,SXM,IB-NDR,OnDemand,NonInterruptible,OnDemand,Other,Other,SIF,T2IF,T2,6.0000,True,local-nvme,Available,v2.4.0,panel,Multi
2026-09-13,hyperstack,b200-sxm-180gb,B200,180GB,SXM,IB-NDR,6M,NonInterruptible,Reserved,Other,Other,SIF,T2IF,T2,5.1000,True,local-nvme,Available,v2.4.0,panel,Multi
2026-09-13,koyeb,b200-sxm-180gb,B200,180GB,SXM,Unknown,OnDemand,NonInterruptible,OnDemand,Other,Other,SIF,T2IF,T2,5.5000,False,,Available,v2.4.0,candidate,Multi
2026-09-13,lambda,b200-sxm-180gb,B200,180GB,SXM,IB-NDR,OnDemand,NonInterruptible,OnDemand,US-East,US,IIF,T2IF,T2,6.6900,True,local-nvme,SoldOut,v2.4.0,panel,US
2026-09-13,lambda,b200-sxm-180gb,B200,180GB,SXM,IB-NDR,ReservedBand,NonInterruptible,Reserved,US-East,US,IIF,T2IF,T2,9.8600,True,local-nvme,Available,v2.4.0,panel,US
2026-09-13,lyceum,b200-sxm-180gb,B200,180GB,SXM,,OnDemand,NonInterruptible,OnDemand,Other,Other,SIF,T2IF,T2,6.2900,False,,Available,v2.4.0,candidate,EU (undisclosed)
2026-09-13,lyceum,b200-sxm-180gb,B200,180GB,SXM,,OnDemand,NonInterruptible,OnDemand,Other,Other,SIF,T2IF,T2,6.4900,False,,Available,v2.4.0,candidate,EU (undisclosed)
2026-09-13,massed_compute,b200-sxm-180gb,B200,180GB,SXM,Unknown,OnDemand,NonInterruptible,OnDemand,US-East,US,DIF,T3IF,T3,5.4325,False,,Available,v2.4.0,panel,US
2026-09-13,nebius,b200-sxm-180gb,B200,180GB,SXM,IB-NDR,OnDemand,NonInterruptible,OnDemand,Other,Other,IIF,T1IF,T2,7.1500,True,observability;managed-ops-plane;free-egress,Available,v2.4.0,panel,
2026-09-13,nebius,b200-sxm-180gb,B200,180GB,SXM,IB-NDR,OnDemand,Interruptible,Spot,Other,Other,DIF,T1IF,T2,3.9500,True,observability;managed-ops-plane;free-egress,Available,v2.4.0,panel,
2026-09-13,oci,b200-sxm-180gb,B200,180GB,SXM,RoCE-v2,OnDemand,NonInterruptible,OnDemand,US-East,US,HIF,T1IF,T1,14.0000,True,local-nvme;egress-capped;managed-ops-plane;support-tier;observability,Available,v2.4.0,panel,us-ashburn-1
2026-09-13,qubrid,b200-sxm-180gb,B200,180GB,SXM,Unknown,1Y,NonInterruptible,Reserved,Other,Other,SIF,T2IF,T2,4.2500,False,,Available,v2.4.0,panel,
2026-09-13,runpod_community,b200-sxm-180gb,B200,180GB,SXM,Unknown,OnDemand,NonInterruptible,OnDemand,Other,Other,DIF,T3IF,T3,5.9800,False,,SoldOut,v2.4.0,panel,Global
2026-09-13,runpod_secure,b200-sxm-180gb,B200,180GB,SXM,IB-NDR,OnDemand,NonInterruptible,OnDemand,EU,EU,DIF,T2IF,T3,6.7900,True,local-nvme,Available,v2.4.0,panel,EU-RO-1
2026-09-13,runpod_secure,b200-sxm-180gb,B200,180GB,SXM,IB-NDR,OnDemand,NonInterruptible,OnDemand,Other,Other,DIF,T2IF,T3,6.7900,True,local-nvme,Available,v2.4.0,panel,Global
2026-09-13,runpod_secure,b200-sxm-180gb,B200,180GB,SXM,IB-NDR,OnDemand,NonInterruptible,OnDemand,US-West,US,DIF,T2IF,T3,6.7900,True,local-nvme,Available,v2.4.0,panel,US-CA-2
2026-09-13,runpod_secure,b200-sxm-180gb,B200,180GB,SXM,IB-NDR,OnDemand,NonInterruptible,OnDemand,US-East,US,DIF,T2IF,T3,6.7900,True,local-nvme,Available,v2.4.0,panel,US-NC-2
2026-09-13,runpod_secure,b200-sxm-180gb,B200,180GB,SXM,IB-NDR,OnDemand,NonInterruptible,OnDemand,US-Central,US,DIF,T2IF,T3,6.7900,True,local-nvme,Available,v2.4.0,panel,US-NE-1
2026-09-13,runpod_secure,b200-sxm-180gb,B200,180GB,SXM,IB-NDR,1Y,NonInterruptible,Reserved,Other,Other,DIF,T2IF,T3,6.7900,True,local-nvme,Available,v2.4.0,panel,Global
2026-09-13,runpod_secure,b200-sxm-180gb,B200,180GB,SXM,IB-NDR,3M,NonInterruptible,Reserved,Other,Other,DIF,T2IF,T3,6.7900,True,local-nvme,Available,v2.4.0,panel,Global
2026-09-13,runpod_secure,b200-sxm-180gb,B200,180GB,SXM,IB-NDR,6M,NonInterruptible,Reserved,Other,Other,DIF,T2IF,T3,6.7900,True,local-nvme,Available,v2.4.0,panel,Global
2026-09-13,shakti_cloud,b200-sxm-180gb,B200,180GB,SXM,IB-Unspecified,1M,NonInterruptible,Reserved,APAC,APAC,SIF,T2IF,T2,4.9500,False,,Available,v2.4.0,panel,IN
2026-09-13,spheron,b200-sxm-180gb,B200,180GB,SXM,Unknown,OnDemand,NonInterruptible,OnDemand,Other,Other,DIF,T3IF,T3,7.2009,False,,Available,v2.4.0,panel,canada-1
2026-09-13,spheron,b200-sxm-180gb,B200,180GB,SXM,Unknown,OnDemand,Interruptible,Spot,Other,Other,DIF,T3IF,T3,5.3730,False,,Available,v2.4.0,panel,me-west-1
2026-09-13,spheron,b200-sxm-180gb,B200,180GB,SXM,Unknown,OnDemand,Interruptible,Spot,US-Central,US,DIF,T3IF,T3,5.3730,False,,Available,v2.4.0,panel,us-central-1
2026-09-13,together,b200-sxm-180gb,B200,180GB,SXM,IB-NDR,OnDemand,NonInterruptible,OnDemand,US-East,US,SIF,T1IF,T2,8.1900,True,local-nvme;support-tier;observability;managed-ops-plane,Available,v2.4.0,panel,US
2026-09-13,together,b200-sxm-180gb,B200,180GB,SXM,IB-NDR,1M,NonInterruptible,Reserved,US-East,US,SIF,T1IF,T2,7.9900,True,local-nvme;support-tier;observability;managed-ops-plane,Available,v2.4.0,panel,US
2026-09-13,together,b200-sxm-180gb,B200,180GB,SXM,IB-NDR,3M,NonInterruptible,Reserved,US-East,US,SIF,T1IF,T2,7.7900,True,local-nvme;support-tier;observability;managed-ops-plane,Available,v2.4.0,panel,US
2026-09-13,together,b200-sxm-180gb,B200,180GB,SXM,IB-NDR,6M,NonInterruptible,Reserved,US-East,US,SIF,T1IF,T2,6.7900,True,local-nvme;support-tier;observability;managed-ops-plane,Available,v2.4.0,panel,US
2026-09-13,vast_ai,b200-sxm-180gb,B200,180GB,SXM,IB-NDR,OnDemand,NonInterruptible,OnDemand,US-East,US,DIF,T3IF,T3,7.7500,True,local-nvme,Available,v2.4.0,marketplace,", US"
2026-09-13,vast_ai,b200-sxm-180gb,B200,180GB,SXM,IB-NDR,OnDemand,NonInterruptible,OnDemand,US-West,US,DIF,T3IF,T3,7.2500,True,local-nvme,Available,v2.4.0,marketplace,"CALIFORNIA, US"
2026-09-13,vast_ai,b200-sxm-180gb,B200,180GB,SXM,IB-NDR,OnDemand,NonInterruptible,OnDemand,US-East,US,DIF,T3IF,T3,5.6250,True,local-nvme,Available,v2.4.0,marketplace,"VIRGINIA, US"
2026-09-13,vultr,b200-sxm-180gb,B200,180GB,SXM,Unknown,OnDemand,NonInterruptible,OnDemand,Other,Other,SIF,T2IF,T2,8.5000,False,,SoldOut,v2.4.0,panel,Multi
2026-09-13,vultr,b200-sxm-180gb,B200,180GB,SXM,Unknown,OnDemand,Interruptible,Spot,Other,Other,DIF,T2IF,T2,3.2000,False,,SoldOut,v2.4.0,panel,Multi
2026-09-14,aws,b200-sxm-180gb,B200,180GB,SXM,EFA,OnDemand,NonInterruptible,OnDemand,APAC,APAC,HIF,T1IF,T1,20.0807,True,local-nvme;managed-ops-plane;support-tier;observability,Available,v2.4.0,panel,ap-south-1
2026-09-14,aws,b200-sxm-180gb,B200,180GB,SXM,EFA,OnDemand,NonInterruptible,OnDemand,APAC,APAC,HIF,T1IF,T1,20.0813,True,local-nvme;managed-ops-plane;support-tier;observability,Available,v2.4.0,panel,ap-south-2
2026-09-14,aws,b200-sxm-180gb,B200,180GB,SXM,EFA,OnDemand,NonInterruptible,OnDemand,EU,EU,HIF,T1IF,T1,17.9053,True,local-nvme;managed-ops-plane;support-tier;observability,Available,v2.4.0,panel,eu-north-1
2026-09-14,aws,b200-sxm-180gb,B200,180GB,SXM,EFA,OnDemand,NonInterruptible,OnDemand,US-East,US,HIF,T1IF,T1,14.2416,True,local-nvme;managed-ops-plane;support-tier;observability,Available,v2.4.0,panel,us-east-1
2026-09-14,aws,b200-sxm-180gb,B200,180GB,SXM,EFA,OnDemand,NonInterruptible,OnDemand,US-East,US,HIF,T1IF,T1,14.2416,True,local-nvme;managed-ops-plane;support-tier;observability,Available,v2.4.0,panel,us-east-2
2026-09-14,aws,b200-sxm-180gb,B200,180GB,SXM,EFA,OnDemand,NonInterruptible,OnDemand,US-West,US,HIF,T1IF,T1,14.2416,True,local-nvme;managed-ops-plane;support-tier;observability,Available,v2.4.0,panel,us-west-2
2026-09-14,aws,b200-sxm-180gb,B200,180GB,SXM,EFA,3Y,NonInterruptible,Reserved,APAC,APAC,HIF,T1IF,T1,8.6751,True,local-nvme;managed-ops-plane;support-tier;observability,Available,v2.4.0,panel,ap-south-2
2026-09-14,aws,b200-sxm-180gb,B200,180GB,SXM,EFA,3Y,NonInterruptible,Reserved,US-East,US,HIF,T1IF,T1,6.1524,True,local-nvme;managed-ops-plane;support-tier;observability,Available,v2.4.0,panel,us-east-1
2026-09-14,aws,b200-sxm-180gb,B200,180GB,SXM,EFA,3Y,NonInterruptible,Reserved,US-East,US,HIF,T1IF,T1,6.1524,True,local-nvme;managed-ops-plane;support-tier;observability,Available,v2.4.0,panel,us-east-2
2026-09-14,aws,b200-sxm-180gb,B200,180GB,SXM,EFA,3Y,NonInterruptible,Reserved,US-West,US,HIF,T1IF,T1,6.1524,True,local-nvme;managed-ops-plane;support-tier;observability,Available,v2.4.0,panel,us-west-2
2026-09-14,aws,b200-sxm-180gb,B200,180GB,SXM,EFA,OnDemand,Interruptible,Spot,APAC,APAC,DIF,T2IF,T1,6.0391,False,,Available,v2.4.0,panel,ap-south-1c
2026-09-14,aws,b200-sxm-180gb,B200,180GB,SXM,EFA,OnDemand,Interruptible,Spot,APAC,APAC,DIF,T2IF,T1,4.5891,False,,Available,v2.4.0,panel,ap-south-2b
2026-09-14,aws,b200-sxm-180gb,B200,180GB,SXM,EFA,OnDemand,Interruptible,Spot,EU,EU,DIF,T2IF,T1,1.7905,False,,Available,v2.4.0,panel,eu-north-1b
2026-09-14,aws,b200-sxm-180gb,B200,180GB,SXM,EFA,OnDemand,Interruptible,Spot,US-East,US,DIF,T2IF,T1,5.2622,False,,Available,v2.4.0,panel,us-east-1d
2026-09-14,aws,b200-sxm-180gb,B200,180GB,SXM,EFA,OnDemand,Interruptible,Spot,US-East,US,DIF,T2IF,T1,5.2821,False,,Available,v2.4.0,panel,us-east-2a
2026-09-14,aws,b200-sxm-180gb,B200,180GB,SXM,EFA,OnDemand,Interruptible,Spot,US-East,US,DIF,T2IF,T1,5.2891,False,,Available,v2.4.0,panel,us-east-2b
2026-09-14,aws,b200-sxm-180gb,B200,180GB,SXM,EFA,OnDemand,Interruptible,Spot,US-East,US,DIF,T2IF,T1,5.3093,False,,Available,v2.4.0,panel,us-east-2c
2026-09-14,aws,b200-sxm-180gb,B200,180GB,SXM,EFA,OnDemand,Interruptible,Spot,US-West,US,DIF,T2IF,T1,5.1075,False,,Available,v2.4.0,panel,us-west-2a
2026-09-14,aws,b200-sxm-180gb,B200,180GB,SXM,EFA,OnDemand,Interruptible,Spot,US-West,US,DIF,T2IF,T1,5.3093,False,,Available,v2.4.0,panel,us-west-2b
2026-09-14,aws,b200-sxm-180gb,B200,180GB,SXM,EFA,OnDemand,Interruptible,Spot,US-West,US,DIF,T2IF,T1,5.2712,False,,Available,v2.4.0,panel,us-west-2d
2026-09-14,aws_capacity_blocks,b200-sxm-180gb,B200,180GB,SXM,EFA,CapacityBlock,NonInterruptible,Reserved,Other,Other,HIF,T2IF,T1,12.3550,False,,Available,v2.4.0,term-panel,non-us
2026-09-14,aws_capacity_blocks,b200-sxm-180gb,B200,180GB,SXM,EFA,CapacityBlock,NonInterruptible,Reserved,US-East,US,HIF,T2IF,T1,12.3550,False,,Available,v2.4.0,term-panel,us-east-1
2026-09-14,civo,b200-sxm-180gb,B200,180GB,SXM,Unknown,1Y,NonInterruptible,Reserved,Other,Other,SIF,T2IF,T2,4.4900,False,,Available,v2.4.0,panel,
2026-09-14,civo,b200-sxm-180gb,B200,180GB,SXM,Unknown,2Y,NonInterruptible,Reserved,Other,Other,SIF,T2IF,T2,3.9900,False,,Available,v2.4.0,panel,
2026-09-14,civo,b200-sxm-180gb,B200,180GB,SXM,Unknown,3Y,NonInterruptible,Reserved,Other,Other,SIF,T2IF,T2,3.7900,False,,Available,v2.4.0,panel,
2026-09-14,coreweave,b200-sxm-180gb,B200,180GB,SXM,IB-NDR,OnDemand,NonInterruptible,OnDemand,EU,EU,IIF,T1IF,T2,8.6000,True,local-nvme;free-egress;support-tier;observability;managed-ops-plane,Available,v2.4.0,panel,EU
2026-09-14,coreweave,b200-sxm-180gb,B200,180GB,SXM,IB-NDR,OnDemand,NonInterruptible,OnDemand,US-East,US,IIF,T1IF,T2,8.6000,True,local-nvme;free-egress;support-tier;observability;managed-ops-plane,Available,v2.4.0,panel,US
2026-09-14,coreweave,b200-sxm-180gb,B200,180GB,SXM,IB-NDR,OnDemand,Interruptible,Spot,EU,EU,DIF,T1IF,T2,4.3588,True,local-nvme;free-egress;support-tier;observability;managed-ops-plane,Available,v2.4.0,panel,EU
2026-09-14,coreweave,b200-sxm-180gb,B200,180GB,SXM,IB-NDR,OnDemand,Interruptible,Spot,US-East,US,DIF,T1IF,T2,4.2638,True,local-nvme;free-egress;support-tier;observability;managed-ops-plane,Available,v2.4.0,panel,US
2026-09-14,datacrunch,b200-sxm-180gb,B200,180GB,SXM,IB-NDR,OnDemand,NonInterruptible,OnDemand,EU,EU,SIF,T2IF,T2,6.2938,True,local-nvme,Available,v2.4.0,panel,EU-FI
2026-09-14,datacrunch,b200-sxm-180gb,B200,180GB,SXM,IB-NDR,1M,NonInterruptible,Reserved,EU,EU,SIF,T2IF,T2,6.1679,True,local-nvme,Available,v2.4.0,panel,EU-FI
2026-09-14,datacrunch,b200-sxm-180gb,B200,180GB,SXM,IB-NDR,1Y,NonInterruptible,Reserved,EU,EU,SIF,T2IF,T2,5.7903,True,local-nvme,Available,v2.4.0,panel,EU-FI
2026-09-14,datacrunch,b200-sxm-180gb,B200,180GB,SXM,IB-NDR,2Y,NonInterruptible,Reserved,EU,EU,SIF,T2IF,T2,4.7203,True,local-nvme,Available,v2.4.0,panel,EU-FI
2026-09-14,datacrunch,b200-sxm-180gb,B200,180GB,SXM,IB-NDR,3M,NonInterruptible,Reserved,EU,EU,SIF,T2IF,T2,6.1049,True,local-nvme,Available,v2.4.0,panel,EU-FI
2026-09-14,datacrunch,b200-sxm-180gb,B200,180GB,SXM,IB-NDR,6M,NonInterruptible,Reserved,EU,EU,SIF,T2IF,T2,6.0420,True,local-nvme,Available,v2.4.0,panel,EU-FI
2026-09-14,datacrunch,b200-sxm-180gb,B200,180GB,SXM,IB-NDR,OnDemand,Interruptible,Spot,EU,EU,DIF,T2IF,T2,3.1475,True,local-nvme,Available,v2.4.0,panel,EU-FI
2026-09-14,deepinfra_gpu,b200-sxm-180gb,B200,180GB,SXM,,OnDemand,NonInterruptible,OnDemand,Other,Other,SIF,T2IF,T2,3.6900,False,,Available,v2.4.0,panel,undisclosed
2026-09-14,e2e,b200-sxm-180gb,B200,180GB,SXM,IB-NDR,OnDemand,NonInterruptible,OnDemand,APAC,APAC,IIF,T2IF,T2,6.9900,False,,Available,v2.4.0,panel,India
2026-09-14,e2e,b200-sxm-180gb,B200,180GB,SXM,IB-NDR,1M,NonInterruptible,Reserved,APAC,APAC,IIF,T2IF,T2,6.9211,False,,Available,v2.4.0,panel,India
2026-09-14,e2e,b200-sxm-180gb,B200,180GB,SXM,IB-NDR,1Y,NonInterruptible,Reserved,APAC,APAC,IIF,T2IF,T2,6.2888,False,,Available,v2.4.0,panel,India
2026-09-14,gcp,b200-sxm-180gb,B200,180GB,SXM,IB-NDR,OnDemand,NonInterruptible,OnDemand,APAC,APAC,HIF,T1IF,T1,19.3320,True,local-nvme;managed-ops-plane;support-tier;observability,Available,v2.4.0,panel,asia-southeast1
2026-09-14,gcp,b200-sxm-180gb,B200,180GB,SXM,IB-NDR,OnDemand,NonInterruptible,OnDemand,EU,EU,HIF,T1IF,T1,17.7210,True,local-nvme;managed-ops-plane;support-tier;observability,Available,v2.4.0,panel,europe-west4
2026-09-14,gcp,b200-sxm-180gb,B200,180GB,SXM,IB-NDR,OnDemand,NonInterruptible,OnDemand,US-Central,US,HIF,T1IF,T1,16.1100,True,local-nvme;managed-ops-plane;support-tier;observability,Available,v2.4.0,panel,us-central1
2026-09-14,gcp,b200-sxm-180gb,B200,180GB,SXM,IB-NDR,OnDemand,NonInterruptible,OnDemand,US-East,US,HIF,T1IF,T1,16.1100,True,local-nvme;managed-ops-plane;support-tier;observability,Available,v2.4.0,panel,us-east1
2026-09-14,gcp,b200-sxm-180gb,B200,180GB,SXM,IB-NDR,1Y,NonInterruptible,Reserved,APAC,APAC,HIF,T1IF,T1,13.3391,True,local-nvme;managed-ops-plane;support-tier;observability,Available,v2.4.0,panel,asia-northeast1
2026-09-14,gcp,b200-sxm-180gb,B200,180GB,SXM,IB-NDR,1Y,NonInterruptible,Reserved,APAC,APAC,HIF,T1IF,T1,13.3391,True,local-nvme;managed-ops-plane;support-tier;observability,Available,v2.4.0,panel,asia-southeast1
2026-09-14,gcp,b200-sxm-180gb,B200,180GB,SXM,IB-NDR,1Y,NonInterruptible,Reserved,EU,EU,HIF,T1IF,T1,12.2275,True,local-nvme;managed-ops-plane;support-tier;observability,Available,v2.4.0,panel,europe-west4
2026-09-14,gcp,b200-sxm-180gb,B200,180GB,SXM,IB-NDR,1Y,NonInterruptible,Reserved,US-Central,US,HIF,T1IF,T1,11.1159,True,local-nvme;managed-ops-plane;support-tier;observability,Available,v2.4.0,panel,us-central1
2026-09-14,gcp,b200-sxm-180gb,B200,180GB,SXM,IB-NDR,1Y,NonInterruptible,Reserved,US-East,US,HIF,T1IF,T1,11.1159,True,local-nvme;managed-ops-plane;support-tier;observability,Available,v2.4.0,panel,us-east1
2026-09-14,gcp,b200-sxm-180gb,B200,180GB,SXM,IB-NDR,1Y,NonInterruptible,Reserved,US-South,US,HIF,T1IF,T1,11.1159,True,local-nvme;managed-ops-plane;support-tier;observability,Available,v2.4.0,panel,us-south1
2026-09-14,gcp,b200-sxm-180gb,B200,180GB,SXM,IB-NDR,1Y,NonInterruptible,Reserved,US-West,US,HIF,T1IF,T1,11.1159,True,local-nvme;managed-ops-plane;support-tier;observability,Available,v2.4.0,panel,us-west1
2026-09-14,gcp,b200-sxm-180gb,B200,180GB,SXM,IB-NDR,1Y,NonInterruptible,Reserved,US-West,US,HIF,T1IF,T1,11.1159,True,local-nvme;managed-ops-plane;support-tier;observability,Available,v2.4.0,panel,us-west2
2026-09-14,gcp,b200-sxm-180gb,B200,180GB,SXM,IB-NDR,1Y,NonInterruptible,Reserved,US-West,US,HIF,T1IF,T1,11.1159,True,local-nvme;managed-ops-plane;support-tier;observability,Available,v2.4.0,panel,us-west3
2026-09-14,gcp,b200-sxm-180gb,B200,180GB,SXM,IB-NDR,1Y,NonInterruptible,Reserved,US-West,US,HIF,T1IF,T1,11.1159,True,local-nvme;managed-ops-plane;support-tier;observability,Available,v2.4.0,panel,us-west4
2026-09-14,gcp,b200-sxm-180gb,B200,180GB,SXM,IB-NDR,3Y,NonInterruptible,Reserved,APAC,APAC,HIF,T1IF,T1,8.5061,True,local-nvme;managed-ops-plane;support-tier;observability,Available,v2.4.0,panel,asia-northeast1
2026-09-14,gcp,b200-sxm-180gb,B200,180GB,SXM,IB-NDR,3Y,NonInterruptible,Reserved,APAC,APAC,HIF,T1IF,T1,8.5061,True,local-nvme;managed-ops-plane;support-tier;observability,Available,v2.4.0,panel,asia-southeast1
2026-09-14,gcp,b200-sxm-180gb,B200,180GB,SXM,IB-NDR,3Y,NonInterruptible,Reserved,EU,EU,HIF,T1IF,T1,7.7972,True,local-nvme;managed-ops-plane;support-tier;observability,Available,v2.4.0,panel,europe-west4
2026-09-14,gcp,b200-sxm-180gb,B200,180GB,SXM,IB-NDR,3Y,NonInterruptible,Reserved,US-Central,US,HIF,T1IF,T1,7.0884,True,local-nvme;managed-ops-plane;support-tier;observability,Available,v2.4.0,panel,us-central1
2026-09-14,gcp,b200-sxm-180gb,B200,180GB,SXM,IB-NDR,3Y,NonInterruptible,Reserved,US-East,US,HIF,T1IF,T1,7.0884,True,local-nvme;managed-ops-plane;support-tier;observability,Available,v2.4.0,panel,us-east1
2026-09-14,gcp,b200-sxm-180gb,B200,180GB,SXM,IB-NDR,3Y,NonInterruptible,Reserved,US-South,US,HIF,T1IF,T1,7.0884,True,local-nvme;managed-ops-plane;support-tier;observability,Available,v2.4.0,panel,us-south1
2026-09-14,gcp,b200-sxm-180gb,B200,180GB,SXM,IB-NDR,3Y,NonInterruptible,Reserved,US-West,US,HIF,T1IF,T1,7.0884,True,local-nvme;managed-ops-plane;support-tier;observability,Available,v2.4.0,panel,us-west1
2026-09-14,gcp,b200-sxm-180gb,B200,180GB,SXM,IB-NDR,3Y,NonInterruptible,Reserved,US-West,US,HIF,T1IF,T1,7.0884,True,local-nvme;managed-ops-plane;support-tier;observability,Available,v2.4.0,panel,us-west2
2026-09-14,gcp,b200-sxm-180gb,B200,180GB,SXM,IB-NDR,3Y,NonInterruptible,Reserved,US-West,US,HIF,T1IF,T1,7.0884,True,local-nvme;managed-ops-plane;support-tier;observability,Available,v2.4.0,panel,us-west3
2026-09-14,gcp,b200-sxm-180gb,B200,180GB,SXM,IB-NDR,3Y,NonInterruptible,Reserved,US-West,US,HIF,T1IF,T1,7.0884,True,local-nvme;managed-ops-plane;support-tier;observability,Available,v2.4.0,panel,us-west4
2026-09-14,gcp,b200-sxm-180gb,B200,180GB,SXM,IB-NDR,OnDemand,Interruptible,Spot,APAC,APAC,DIF,T1IF,T1,6.2282,True,local-nvme;managed-ops-plane;support-tier;observability,Available,v2.4.0,panel,asia-northeast1
2026-09-14,gcp,b200-sxm-180gb,B200,180GB,SXM,IB-NDR,OnDemand,Interruptible,Spot,APAC,APAC,DIF,T1IF,T1,4.9021,True,local-nvme;managed-ops-plane;support-tier;observability,Available,v2.4.0,panel,asia-southeast1
2026-09-14,gcp,b200-sxm-180gb,B200,180GB,SXM,IB-NDR,OnDemand,Interruptible,Spot,EU,EU,DIF,T1IF,T1,5.4373,True,local-nvme;managed-ops-plane;support-tier;observability,Available,v2.4.0,panel,europe-north1
2026-09-14,gcp,b200-sxm-180gb,B200,180GB,SXM,IB-NDR,OnDemand,Interruptible,Spot,EU,EU,DIF,T1IF,T1,2.4116,True,local-nvme;managed-ops-plane;support-tier;observability,Available,v2.4.0,panel,europe-west1
2026-09-14,gcp,b200-sxm-180gb,B200,180GB,SXM,IB-NDR,OnDemand,Interruptible,Spot,EU,EU,DIF,T1IF,T1,5.1654,True,local-nvme;managed-ops-plane;support-tier;observability,Available,v2.4.0,panel,europe-west4
2026-09-14,gcp,b200-sxm-180gb,B200,180GB,SXM,IB-NDR,OnDemand,Interruptible,Spot,US-Central,US,DIF,T1IF,T1,4.9542,True,local-nvme;managed-ops-plane;support-tier;observability,Available,v2.4.0,panel,us-central1
2026-09-14,gcp,b200-sxm-180gb,B200,180GB,SXM,IB-NDR,OnDemand,Interruptible,Spot,US-East,US,DIF,T1IF,T1,4.9542,True,local-nvme;managed-ops-plane;support-tier;observability,Available,v2.4.0,panel,us-east1
2026-09-14,gcp,b200-sxm-180gb,B200,180GB,SXM,IB-NDR,OnDemand,Interruptible,Spot,US-East,US,DIF,T1IF,T1,4.0758,True,local-nvme;managed-ops-plane;support-tier;observability,Available,v2.4.0,panel,us-east4
2026-09-14,gcp,b200-sxm-180gb,B200,180GB,SXM,IB-NDR,OnDemand,Interruptible,Spot,US-South,US,DIF,T1IF,T1,4.4936,True,local-nvme;managed-ops-plane;support-tier;observability,Available,v2.4.0,panel,us-south1
2026-09-14,gcp,b200-sxm-180gb,B200,180GB,SXM,IB-NDR,OnDemand,Interruptible,Spot,US-West,US,DIF,T1IF,T1,4.2592,True,local-nvme;managed-ops-plane;support-tier;observability,Available,v2.4.0,panel,us-west2
2026-09-14,gcp,b200-sxm-180gb,B200,180GB,SXM,IB-NDR,OnDemand,Interruptible,Spot,US-West,US,DIF,T1IF,T1,5.1654,True,local-nvme;managed-ops-plane;support-tier;observability,Available,v2.4.0,panel,us-west3
2026-09-14,gcp_cud,b200-sxm-180gb,B200,180GB,SXM,IB-NDR,1Y,NonInterruptible,Reserved,APAC,APAC,HIF,T2IF,T1,13.3391,False,,Available,v2.4.0,candidate,asia-northeast1
2026-09-14,gcp_cud,b200-sxm-180gb,B200,180GB,SXM,IB-NDR,1Y,NonInterruptible,Reserved,APAC,APAC,HIF,T2IF,T1,13.3391,False,,Available,v2.4.0,candidate,asia-southeast1
2026-09-14,gcp_cud,b200-sxm-180gb,B200,180GB,SXM,IB-NDR,1Y,NonInterruptible,Reserved,EU,EU,HIF,T2IF,T1,12.2275,False,,Available,v2.4.0,candidate,europe-west4
2026-09-14,gcp_cud,b200-sxm-180gb,B200,180GB,SXM,IB-NDR,1Y,NonInterruptible,Reserved,US-Central,US,HIF,T2IF,T1,11.1159,False,,Available,v2.4.0,candidate,us-central1
2026-09-14,gcp_cud,b200-sxm-180gb,B200,180GB,SXM,IB-NDR,1Y,NonInterruptible,Reserved,US-East,US,HIF,T2IF,T1,11.1159,False,,Available,v2.4.0,candidate,us-east1
2026-09-14,gcp_cud,b200-sxm-180gb,B200,180GB,SXM,IB-NDR,1Y,NonInterruptible,Reserved,US-South,US,HIF,T2IF,T1,11.1159,False,,Available,v2.4.0,candidate,us-south1
2026-09-14,gcp_cud,b200-sxm-180gb,B200,180GB,SXM,IB-NDR,1Y,NonInterruptible,Reserved,US-West,US,HIF,T2IF,T1,11.1159,False,,Available,v2.4.0,candidate,us-west1
2026-09-14,gcp_cud,b200-sxm-180gb,B200,180GB,SXM,IB-NDR,1Y,NonInterruptible,Reserved,US-West,US,HIF,T2IF,T1,11.1159,False,,Available,v2.4.0,candidate,us-west2
2026-09-14,gcp_cud,b200-sxm-180gb,B200,180GB,SXM,IB-NDR,1Y,NonInterruptible,Reserved,US-West,US,HIF,T2IF,T1,11.1159,False,,Available,v2.4.0,candidate,us-west3
2026-09-14,gcp_cud,b200-sxm-180gb,B200,180GB,SXM,IB-NDR,1Y,NonInterruptible,Reserved,US-West,US,HIF,T2IF,T1,11.1159,False,,Available,v2.4.0,candidate,us-west4
2026-09-14,gcp_cud,b200-sxm-180gb,B200,180GB,SXM,IB-NDR,3Y,NonInterruptible,Reserved,APAC,APAC,HIF,T2IF,T1,8.5061,False,,Available,v2.4.0,candidate,asia-northeast1
2026-09-14,gcp_cud,b200-sxm-180gb,B200,180GB,SXM,IB-NDR,3Y,NonInterruptible,Reserved,APAC,APAC,HIF,T2IF,T1,8.5061,False,,Available,v2.4.0,candidate,asia-southeast1
2026-09-14,gcp_cud,b200-sxm-180gb,B200,180GB,SXM,IB-NDR,3Y,NonInterruptible,Reserved,EU,EU,HIF,T2IF,T1,7.7972,False,,Available,v2.4.0,candidate,europe-west4
2026-09-14,gcp_cud,b200-sxm-180gb,B200,180GB,SXM,IB-NDR,3Y,NonInterruptible,Reserved,US-Central,US,HIF,T2IF,T1,7.0884,False,,Available,v2.4.0,candidate,us-central1
2026-09-14,gcp_cud,b200-sxm-180gb,B200,180GB,SXM,IB-NDR,3Y,NonInterruptible,Reserved,US-East,US,HIF,T2IF,T1,7.0884,False,,Available,v2.4.0,candidate,us-east1
2026-09-14,gcp_cud,b200-sxm-180gb,B200,180GB,SXM,IB-NDR,3Y,NonInterruptible,Reserved,US-South,US,HIF,T2IF,T1,7.0884,False,,Available,v2.4.0,candidate,us-south1
2026-09-14,gcp_cud,b200-sxm-180gb,B200,180GB,SXM,IB-NDR,3Y,NonInterruptible,Reserved,US-West,US,HIF,T2IF,T1,7.0884,False,,Available,v2.4.0,candidate,us-west1
2026-09-14,gcp_cud,b200-sxm-180gb,B200,180GB,SXM,IB-NDR,3Y,NonInterruptible,Reserved,US-West,US,HIF,T2IF,T1,7.0884,False,,Available,v2.4.0,candidate,us-west2
2026-09-14,gcp_cud,b200-sxm-180gb,B200,180GB,SXM,IB-NDR,3Y,NonInterruptible,Reserved,US-West,US,HIF,T2IF,T1,7.0884,False,,Available,v2.4.0,candidate,us-west3
2026-09-14,gcp_cud,b200-sxm-180gb,B200,180GB,SXM,IB-NDR,3Y,NonInterruptible,Reserved,US-West,US,HIF,T2IF,T1,7.0884,False,,Available,v2.4.0,candidate,us-west4
2026-09-14,gcp_dws,b200-sxm-180gb,B200,180GB,SXM,IB-NDR,FlexStart,NonInterruptible,Reserved,US-Central,US,HIF,T2IF,T1,8.0550,False,,Available,v2.4.0,term-panel,us-central1
2026-09-14,gmi_cloud,b200-sxm-180gb,B200,180GB,SXM,IB-NDR,OnDemand,NonInterruptible,OnDemand,US-East,US,IIF,T2IF,T2,4.0000,False,,Available,v2.4.0,candidate,US
2026-09-14,hyperstack,b200-sxm-180gb,B200,180GB,SXM,IB-NDR,OnDemand,NonInterruptible,OnDemand,Other,Other,SIF,T2IF,T2,6.0000,True,local-nvme,Available,v2.4.0,panel,Multi
2026-09-14,hyperstack,b200-sxm-180gb,B200,180GB,SXM,IB-NDR,6M,NonInterruptible,Reserved,Other,Other,SIF,T2IF,T2,5.1000,True,local-nvme,Available,v2.4.0,panel,Multi
2026-09-14,koyeb,b200-sxm-180gb,B200,180GB,SXM,Unknown,OnDemand,NonInterruptible,OnDemand,Other,Other,SIF,T2IF,T2,5.5000,False,,Available,v2.4.0,candidate,Multi
2026-09-14,lambda,b200-sxm-180gb,B200,180GB,SXM,IB-NDR,OnDemand,NonInterruptible,OnDemand,US-East,US,IIF,T2IF,T2,6.6900,True,local-nvme,SoldOut,v2.4.0,panel,US
2026-09-14,lambda,b200-sxm-180gb,B200,180GB,SXM,IB-NDR,ReservedBand,NonInterruptible,Reserved,US-East,US,IIF,T2IF,T2,9.8600,True,local-nvme,Available,v2.4.0,panel,US
2026-09-14,lyceum,b200-sxm-180gb,B200,180GB,SXM,,OnDemand,NonInterruptible,OnDemand,Other,Other,SIF,T2IF,T2,6.4900,False,,Available,v2.4.0,candidate,EU (undisclosed)
2026-09-14,lyceum,b200-sxm-180gb,B200,180GB,SXM,,OnDemand,NonInterruptible,OnDemand,Other,Other,SIF,T2IF,T2,6.2900,False,,Available,v2.4.0,candidate,EU (undisclosed)
2026-09-14,massed_compute,b200-sxm-180gb,B200,180GB,SXM,Unknown,OnDemand,NonInterruptible,OnDemand,US-East,US,DIF,T3IF,T3,5.4325,False,,Available,v2.4.0,panel,US
2026-09-14,nebius,b200-sxm-180gb,B200,180GB,SXM,IB-NDR,OnDemand,NonInterruptible,OnDemand,Other,Other,IIF,T1IF,T2,7.1500,True,observability;managed-ops-plane;free-egress,Available,v2.4.0,panel,
2026-09-14,nebius,b200-sxm-180gb,B200,180GB,SXM,IB-NDR,OnDemand,Interruptible,Spot,Other,Other,DIF,T1IF,T2,3.9500,True,observability;managed-ops-plane;free-egress,Available,v2.4.0,panel,
2026-09-14,oci,b200-sxm-180gb,B200,180GB,SXM,RoCE-v2,OnDemand,NonInterruptible,OnDemand,US-East,US,HIF,T1IF,T1,14.0000,True,local-nvme;egress-capped;managed-ops-plane;support-tier;observability,Available,v2.4.0,panel,us-ashburn-1
2026-09-14,qubrid,b200-sxm-180gb,B200,180GB,SXM,Unknown,1Y,NonInterruptible,Reserved,Other,Other,SIF,T2IF,T2,4.2500,False,,Available,v2.4.0,panel,
2026-09-14,runpod_community,b200-sxm-180gb,B200,180GB,SXM,Unknown,OnDemand,NonInterruptible,OnDemand,Other,Other,DIF,T3IF,T3,5.9800,False,,SoldOut,v2.4.0,panel,Global
2026-09-14,runpod_secure,b200-sxm-180gb,B200,180GB,SXM,IB-NDR,OnDemand,NonInterruptible,OnDemand,EU,EU,DIF,T2IF,T3,6.7900,True,local-nvme,Available,v2.4.0,panel,EU-RO-1
2026-09-14,runpod_secure,b200-sxm-180gb,B200,180GB,SXM,IB-NDR,OnDemand,NonInterruptible,OnDemand,Other,Other,DIF,T2IF,T3,6.7900,True,local-nvme,Available,v2.4.0,panel,Global
2026-09-14,runpod_secure,b200-sxm-180gb,B200,180GB,SXM,IB-NDR,OnDemand,NonInterruptible,OnDemand,US-West,US,DIF,T2IF,T3,6.7900,True,local-nvme,Available,v2.4.0,panel,US-CA-2
2026-09-14,runpod_secure,b200-sxm-180gb,B200,180GB,SXM,IB-NDR,OnDemand,NonInterruptible,OnDemand,US-East,US,DIF,T2IF,T3,6.7900,True,local-nvme,Available,v2.4.0,panel,US-NC-2
2026-09-14,runpod_secure,b200-sxm-180gb,B200,180GB,SXM,IB-NDR,OnDemand,NonInterruptible,OnDemand,US-Central,US,DIF,T2IF,T3,6.7900,True,local-nvme,Available,v2.4.0,panel,US-NE-1
2026-09-14,runpod_secure,b200-sxm-180gb,B200,180GB,SXM,IB-NDR,1Y,NonInterruptible,Reserved,Other,Other,DIF,T2IF,T3,6.7900,True,local-nvme,Available,v2.4.0,panel,Global
2026-09-14,runpod_secure,b200-sxm-180gb,B200,180GB,SXM,IB-NDR,3M,NonInterruptible,Reserved,Other,Other,DIF,T2IF,T3,6.7900,True,local-nvme,Available,v2.4.0,panel,Global
2026-09-14,runpod_secure,b200-sxm-180gb,B200,180GB,SXM,IB-NDR,6M,NonInterruptible,Reserved,Other,Other,DIF,T2IF,T3,6.7900,True,local-nvme,Available,v2.4.0,panel,Global
2026-09-14,shakti_cloud,b200-sxm-180gb,B200,180GB,SXM,IB-Unspecified,1M,NonInterruptible,Reserved,APAC,APAC,SIF,T2IF,T2,4.9500,False,,Available,v2.4.0,panel,IN
2026-09-14,spheron,b200-sxm-180gb,B200,180GB,SXM,Unknown,OnDemand,NonInterruptible,OnDemand,Other,Other,DIF,T3IF,T3,7.2009,False,,Available,v2.4.0,panel,canada-1
2026-09-14,spheron,b200-sxm-180gb,B200,180GB,SXM,Unknown,OnDemand,NonInterruptible,OnDemand,Other,Other,DIF,T3IF,T3,9.3600,False,,Available,v2.4.0,panel,me-west-1
2026-09-14,spheron,b200-sxm-180gb,B200,180GB,SXM,Unknown,OnDemand,NonInterruptible,OnDemand,US-Central,US,DIF,T3IF,T3,9.3600,False,,Available,v2.4.0,panel,us-central-1
2026-09-14,spheron,b200-sxm-180gb,B200,180GB,SXM,Unknown,OnDemand,Interruptible,Spot,Other,Other,DIF,T3IF,T3,5.3730,False,,Available,v2.4.0,panel,me-west-1
2026-09-14,spheron,b200-sxm-180gb,B200,180GB,SXM,Unknown,OnDemand,Interruptible,Spot,US-Central,US,DIF,T3IF,T3,5.3730,False,,Available,v2.4.0,panel,us-central-1
2026-09-14,together,b200-sxm-180gb,B200,180GB,SXM,IB-NDR,OnDemand,NonInterruptible,OnDemand,US-East,US,SIF,T1IF,T2,8.1900,True,local-nvme;support-tier;observability;managed-ops-plane,Available,v2.4.0,panel,US
2026-09-14,together,b200-sxm-180gb,B200,180GB,SXM,IB-NDR,1M,NonInterruptible,Reserved,US-East,US,SIF,T1IF,T2,7.9900,True,local-nvme;support-tier;observability;managed-ops-plane,Available,v2.4.0,panel,US
2026-09-14,together,b200-sxm-180gb,B200,180GB,SXM,IB-NDR,3M,NonInterruptible,Reserved,US-East,US,SIF,T1IF,T2,7.7900,True,local-nvme;support-tier;observability;managed-ops-plane,Available,v2.4.0,panel,US
2026-09-14,together,b200-sxm-180gb,B200,180GB,SXM,IB-NDR,6M,NonInterruptible,Reserved,US-East,US,SIF,T1IF,T2,6.7900,True,local-nvme;support-tier;observability;managed-ops-plane,Available,v2.4.0,panel,US
2026-09-14,upcloud,b200-sxm-180gb,B200,180GB,SXM,Unknown,OnDemand,NonInterruptible,OnDemand,EU,EU,SIF,T2IF,T2,5.2164,False,,Available,v2.4.0,panel,EU-FI
2026-09-14,upcloud,b200-sxm-180gb,B200,180GB,SXM,Unknown,OnDemand,Interruptible,Spot,EU,EU,DIF,T2IF,T2,3.9123,False,,Available,v2.4.0,panel,EU-FI
2026-09-14,vast_ai,b200-sxm-180gb,B200,180GB,SXM,IB-NDR,OnDemand,NonInterruptible,OnDemand,US-East,US,DIF,T3IF,T3,7.7500,True,local-nvme,Available,v2.4.0,marketplace,", US"
2026-09-14,vast_ai,b200-sxm-180gb,B200,180GB,SXM,IB-NDR,OnDemand,NonInterruptible,OnDemand,APAC,APAC,DIF,T3IF,T3,5.6250,True,local-nvme,Available,v2.4.0,marketplace,"AUSTRALIA, AU"
2026-09-14,vast_ai,b200-sxm-180gb,B200,180GB,SXM,IB-NDR,OnDemand,NonInterruptible,OnDemand,US-East,US,DIF,T3IF,T3,5.6250,True,local-nvme,Available,v2.4.0,marketplace,"VIRGINIA, US"
2026-09-14,vultr,b200-sxm-180gb,B200,180GB,SXM,Unknown,OnDemand,NonInterruptible,OnDemand,Other,Other,SIF,T2IF,T2,8.5000,False,,SoldOut,v2.4.0,panel,Multi
2026-09-14,vultr,b200-sxm-180gb,B200,180GB,SXM,Unknown,OnDemand,Interruptible,Spot,Other,Other,DIF,T2IF,T2,3.2000,False,,SoldOut,v2.4.0,panel,Multi
2026-09-15,aws,b200-sxm-180gb,B200,180GB,SXM,EFA,OnDemand,NonInterruptible,OnDemand,APAC,APAC,HIF,T1IF,T1,20.0807,True,local-nvme;managed-ops-plane;support-tier;observability,Available,v2.4.0,panel,ap-south-1
2026-09-15,aws,b200-sxm-180gb,B200,180GB,SXM,EFA,OnDemand,NonInterruptible,OnDemand,APAC,APAC,HIF,T1IF,T1,20.0813,True,local-nvme;managed-ops-plane;support-tier;observability,Available,v2.4.0,panel,ap-south-2
2026-09-15,aws,b200-sxm-180gb,B200,180GB,SXM,EFA,OnDemand,NonInterruptible,OnDemand,EU,EU,HIF,T1IF,T1,17.9053,True,local-nvme;managed-ops-plane;support-tier;observability,Available,v2.4.0,panel,eu-north-1
2026-09-15,aws,b200-sxm-180gb,B200,180GB,SXM,EFA,OnDemand,NonInterruptible,OnDemand,US-East,US,HIF,T1IF,T1,14.2416,True,local-nvme;managed-ops-plane;support-tier;observability,Available,v2.4.0,panel,us-east-1
2026-09-15,aws,b200-sxm-180gb,B200,180GB,SXM,EFA,OnDemand,NonInterruptible,OnDemand,US-East,US,HIF,T1IF,T1,14.2416,True,local-nvme;managed-ops-plane;support-tier;observability,Available,v2.4.0,panel,us-east-2
2026-09-15,aws,b200-sxm-180gb,B200,180GB,SXM,EFA,OnDemand,NonInterruptible,OnDemand,US-West,US,HIF,T1IF,T1,14.2416,True,local-nvme;managed-ops-plane;support-tier;observability,Available,v2.4.0,panel,us-west-2
2026-09-15,aws,b200-sxm-180gb,B200,180GB,SXM,EFA,3Y,NonInterruptible,Reserved,APAC,APAC,HIF,T1IF,T1,8.6751,True,local-nvme;managed-ops-plane;support-tier;observability,Available,v2.4.0,panel,ap-south-2
2026-09-15,aws,b200-sxm-180gb,B200,180GB,SXM,EFA,3Y,NonInterruptible,Reserved,US-East,US,HIF,T1IF,T1,6.1524,True,local-nvme;managed-ops-plane;support-tier;observability,Available,v2.4.0,panel,us-east-1
2026-09-15,aws,b200-sxm-180gb,B200,180GB,SXM,EFA,3Y,NonInterruptible,Reserved,US-East,US,HIF,T1IF,T1,6.1524,True,local-nvme;managed-ops-plane;support-tier;observability,Available,v2.4.0,panel,us-east-2
2026-09-15,aws,b200-sxm-180gb,B200,180GB,SXM,EFA,3Y,NonInterruptible,Reserved,US-West,US,HIF,T1IF,T1,6.1524,True,local-nvme;managed-ops-plane;support-tier;observability,Available,v2.4.0,panel,us-west-2
2026-09-15,aws,b200-sxm-180gb,B200,180GB,SXM,EFA,OnDemand,Interruptible,Spot,APAC,APAC,DIF,T2IF,T1,6.0318,False,,Available,v2.4.0,panel,ap-south-1c
2026-09-15,aws,b200-sxm-180gb,B200,180GB,SXM,EFA,OnDemand,Interruptible,Spot,APAC,APAC,DIF,T2IF,T1,4.2298,False,,Available,v2.4.0,panel,ap-south-2b
2026-09-15,aws,b200-sxm-180gb,B200,180GB,SXM,EFA,OnDemand,Interruptible,Spot,EU,EU,DIF,T2IF,T1,1.7905,False,,Available,v2.4.0,panel,eu-north-1b
2026-09-15,aws,b200-sxm-180gb,B200,180GB,SXM,EFA,OnDemand,Interruptible,Spot,US-East,US,DIF,T2IF,T1,5.2619,False,,Available,v2.4.0,panel,us-east-1d
2026-09-15,aws,b200-sxm-180gb,B200,180GB,SXM,EFA,OnDemand,Interruptible,Spot,US-East,US,DIF,T2IF,T1,5.2830,False,,Available,v2.4.0,panel,us-east-2a
2026-09-15,aws,b200-sxm-180gb,B200,180GB,SXM,EFA,OnDemand,Interruptible,Spot,US-East,US,DIF,T2IF,T1,5.2902,False,,Available,v2.4.0,panel,us-east-2b
2026-09-15,aws,b200-sxm-180gb,B200,180GB,SXM,EFA,OnDemand,Interruptible,Spot,US-East,US,DIF,T2IF,T1,5.3093,False,,Available,v2.4.0,panel,us-east-2c
2026-09-15,aws,b200-sxm-180gb,B200,180GB,SXM,EFA,OnDemand,Interruptible,Spot,US-West,US,DIF,T2IF,T1,5.1047,False,,Available,v2.4.0,panel,us-west-2a
2026-09-15,aws,b200-sxm-180gb,B200,180GB,SXM,EFA,OnDemand,Interruptible,Spot,US-West,US,DIF,T2IF,T1,5.3093,False,,Available,v2.4.0,panel,us-west-2b
2026-09-15,aws,b200-sxm-180gb,B200,180GB,SXM,EFA,OnDemand,Interruptible,Spot,US-West,US,DIF,T2IF,T1,5.2732,False,,Available,v2.4.0,panel,us-west-2d
2026-09-15,aws_capacity_blocks,b200-sxm-180gb,B200,180GB,SXM,EFA,CapacityBlock,NonInterruptible,Reserved,Other,Other,HIF,T2IF,T1,12.3550,False,,Available,v2.4.0,term-panel,non-us
2026-09-15,aws_capacity_blocks,b200-sxm-180gb,B200,180GB,SXM,EFA,CapacityBlock,NonInterruptible,Reserved,US-East,US,HIF,T2IF,T1,12.3550,False,,Available,v2.4.0,term-panel,us-east-1
2026-09-15,civo,b200-sxm-180gb,B200,180GB,SXM,Unknown,1Y,NonInterruptible,Reserved,Other,Other,SIF,T2IF,T2,4.4900,False,,Available,v2.4.0,panel,
2026-09-15,civo,b200-sxm-180gb,B200,180GB,SXM,Unknown,2Y,NonInterruptible,Reserved,Other,Other,SIF,T2IF,T2,3.9900,False,,Available,v2.4.0,panel,
2026-09-15,civo,b200-sxm-180gb,B200,180GB,SXM,Unknown,3Y,NonInterruptible,Reserved,Other,Other,SIF,T2IF,T2,3.7900,False,,Available,v2.4.0,panel,
2026-09-15,coreweave,b200-sxm-180gb,B200,180GB,SXM,IB-NDR,OnDemand,NonInterruptible,OnDemand,EU,EU,IIF,T1IF,T2,8.6000,True,local-nvme;free-egress;support-tier;observability;managed-ops-plane,Available,v2.4.0,panel,EU
2026-09-15,coreweave,b200-sxm-180gb,B200,180GB,SXM,IB-NDR,OnDemand,NonInterruptible,OnDemand,US-East,US,IIF,T1IF,T2,8.6000,True,local-nvme;free-egress;support-tier;observability;managed-ops-plane,Available,v2.4.0,panel,US
2026-09-15,coreweave,b200-sxm-180gb,B200,180GB,SXM,IB-NDR,OnDemand,Interruptible,Spot,EU,EU,DIF,T1IF,T2,4.3588,True,local-nvme;free-egress;support-tier;observability;managed-ops-plane,Available,v2.4.0,panel,EU
2026-09-15,coreweave,b200-sxm-180gb,B200,180GB,SXM,IB-NDR,OnDemand,Interruptible,Spot,US-East,US,DIF,T1IF,T2,4.2638,True,local-nvme;free-egress;support-tier;observability;managed-ops-plane,Available,v2.4.0,panel,US
2026-09-15,datacrunch,b200-sxm-180gb,B200,180GB,SXM,IB-NDR,OnDemand,NonInterruptible,OnDemand,EU,EU,SIF,T2IF,T2,6.2938,True,local-nvme,Available,v2.4.0,panel,EU-FI
2026-09-15,datacrunch,b200-sxm-180gb,B200,180GB,SXM,IB-NDR,1M,NonInterruptible,Reserved,EU,EU,SIF,T2IF,T2,6.1679,True,local-nvme,Available,v2.4.0,panel,EU-FI
2026-09-15,datacrunch,b200-sxm-180gb,B200,180GB,SXM,IB-NDR,1Y,NonInterruptible,Reserved,EU,EU,SIF,T2IF,T2,5.7903,True,local-nvme,Available,v2.4.0,panel,EU-FI
2026-09-15,datacrunch,b200-sxm-180gb,B200,180GB,SXM,IB-NDR,2Y,NonInterruptible,Reserved,EU,EU,SIF,T2IF,T2,4.7203,True,local-nvme,Available,v2.4.0,panel,EU-FI
2026-09-15,datacrunch,b200-sxm-180gb,B200,180GB,SXM,IB-NDR,3M,NonInterruptible,Reserved,EU,EU,SIF,T2IF,T2,6.1049,True,local-nvme,Available,v2.4.0,panel,EU-FI
2026-09-15,datacrunch,b200-sxm-180gb,B200,180GB,SXM,IB-NDR,6M,NonInterruptible,Reserved,EU,EU,SIF,T2IF,T2,6.0420,True,local-nvme,Available,v2.4.0,panel,EU-FI
2026-09-15,datacrunch,b200-sxm-180gb,B200,180GB,SXM,IB-NDR,OnDemand,Interruptible,Spot,EU,EU,DIF,T2IF,T2,3.1475,True,local-nvme,Available,v2.4.0,panel,EU-FI
2026-09-15,deepinfra_gpu,b200-sxm-180gb,B200,180GB,SXM,,OnDemand,NonInterruptible,OnDemand,Other,Other,SIF,T2IF,T2,3.6900,False,,Available,v2.4.0,panel,undisclosed
2026-09-15,e2e,b200-sxm-180gb,B200,180GB,SXM,IB-NDR,OnDemand,NonInterruptible,OnDemand,APAC,APAC,IIF,T2IF,T2,6.9900,False,,Available,v2.4.0,panel,India
2026-09-15,e2e,b200-sxm-180gb,B200,180GB,SXM,IB-NDR,1M,NonInterruptible,Reserved,APAC,APAC,IIF,T2IF,T2,6.9211,False,,Available,v2.4.0,panel,India
2026-09-15,e2e,b200-sxm-180gb,B200,180GB,SXM,IB-NDR,1Y,NonInterruptible,Reserved,APAC,APAC,IIF,T2IF,T2,6.2888,False,,Available,v2.4.0,panel,India
2026-09-15,gcp,b200-sxm-180gb,B200,180GB,SXM,IB-NDR,OnDemand,NonInterruptible,OnDemand,APAC,APAC,HIF,T1IF,T1,19.3320,True,local-nvme;managed-ops-plane;support-tier;observability,Available,v2.4.0,panel,asia-southeast1
2026-09-15,gcp,b200-sxm-180gb,B200,180GB,SXM,IB-NDR,OnDemand,NonInterruptible,OnDemand,EU,EU,HIF,T1IF,T1,17.7210,True,local-nvme;managed-ops-plane;support-tier;observability,Available,v2.4.0,panel,europe-west4
2026-09-15,gcp,b200-sxm-180gb,B200,180GB,SXM,IB-NDR,OnDemand,NonInterruptible,OnDemand,US-Central,US,HIF,T1IF,T1,16.1100,True,local-nvme;managed-ops-plane;support-tier;observability,Available,v2.4.0,panel,us-central1
2026-09-15,gcp,b200-sxm-180gb,B200,180GB,SXM,IB-NDR,OnDemand,NonInterruptible,OnDemand,US-East,US,HIF,T1IF,T1,16.1100,True,local-nvme;managed-ops-plane;support-tier;observability,Available,v2.4.0,panel,us-east1
2026-09-15,gcp,b200-sxm-180gb,B200,180GB,SXM,IB-NDR,1Y,NonInterruptible,Reserved,APAC,APAC,HIF,T1IF,T1,13.3391,True,local-nvme;managed-ops-plane;support-tier;observability,Available,v2.4.0,panel,asia-northeast1
2026-09-15,gcp,b200-sxm-180gb,B200,180GB,SXM,IB-NDR,1Y,NonInterruptible,Reserved,APAC,APAC,HIF,T1IF,T1,13.3391,True,local-nvme;managed-ops-plane;support-tier;observability,Available,v2.4.0,panel,asia-southeast1
2026-09-15,gcp,b200-sxm-180gb,B200,180GB,SXM,IB-NDR,1Y,NonInterruptible,Reserved,EU,EU,HIF,T1IF,T1,12.2275,True,local-nvme;managed-ops-plane;support-tier;observability,Available,v2.4.0,panel,europe-west4
2026-09-15,gcp,b200-sxm-180gb,B200,180GB,SXM,IB-NDR,1Y,NonInterruptible,Reserved,US-Central,US,HIF,T1IF,T1,11.1159,True,local-nvme;managed-ops-plane;support-tier;observability,Available,v2.4.0,panel,us-central1
2026-09-15,gcp,b200-sxm-180gb,B200,180GB,SXM,IB-NDR,1Y,NonInterruptible,Reserved,US-East,US,HIF,T1IF,T1,11.1159,True,local-nvme;managed-ops-plane;support-tier;observability,Available,v2.4.0,panel,us-east1
2026-09-15,gcp,b200-sxm-180gb,B200,180GB,SXM,IB-NDR,1Y,NonInterruptible,Reserved,US-South,US,HIF,T1IF,T1,11.1159,True,local-nvme;managed-ops-plane;support-tier;observability,Available,v2.4.0,panel,us-south1
2026-09-15,gcp,b200-sxm-180gb,B200,180GB,SXM,IB-NDR,1Y,NonInterruptible,Reserved,US-West,US,HIF,T1IF,T1,11.1159,True,local-nvme;managed-ops-plane;support-tier;observability,Available,v2.4.0,panel,us-west1
2026-09-15,gcp,b200-sxm-180gb,B200,180GB,SXM,IB-NDR,1Y,NonInterruptible,Reserved,US-West,US,HIF,T1IF,T1,11.1159,True,local-nvme;managed-ops-plane;support-tier;observability,Available,v2.4.0,panel,us-west2
2026-09-15,gcp,b200-sxm-180gb,B200,180GB,SXM,IB-NDR,1Y,NonInterruptible,Reserved,US-West,US,HIF,T1IF,T1,11.1159,True,local-nvme;managed-ops-plane;support-tier;observability,Available,v2.4.0,panel,us-west3
2026-09-15,gcp,b200-sxm-180gb,B200,180GB,SXM,IB-NDR,1Y,NonInterruptible,Reserved,US-West,US,HIF,T1IF,T1,11.1159,True,local-nvme;managed-ops-plane;support-tier;observability,Available,v2.4.0,panel,us-west4
2026-09-15,gcp,b200-sxm-180gb,B200,180GB,SXM,IB-NDR,3Y,NonInterruptible,Reserved,APAC,APAC,HIF,T1IF,T1,8.5061,True,local-nvme;managed-ops-plane;support-tier;observability,Available,v2.4.0,panel,asia-northeast1
2026-09-15,gcp,b200-sxm-180gb,B200,180GB,SXM,IB-NDR,3Y,NonInterruptible,Reserved,APAC,APAC,HIF,T1IF,T1,8.5061,True,local-nvme;managed-ops-plane;support-tier;observability,Available,v2.4.0,panel,asia-southeast1
2026-09-15,gcp,b200-sxm-180gb,B200,180GB,SXM,IB-NDR,3Y,NonInterruptible,Reserved,EU,EU,HIF,T1IF,T1,7.7972,True,local-nvme;managed-ops-plane;support-tier;observability,Available,v2.4.0,panel,europe-west4
2026-09-15,gcp,b200-sxm-180gb,B200,180GB,SXM,IB-NDR,3Y,NonInterruptible,Reserved,US-Central,US,HIF,T1IF,T1,7.0884,True,local-nvme;managed-ops-plane;support-tier;observability,Available,v2.4.0,panel,us-central1
2026-09-15,gcp,b200-sxm-180gb,B200,180GB,SXM,IB-NDR,3Y,NonInterruptible,Reserved,US-East,US,HIF,T1IF,T1,7.0884,True,local-nvme;managed-ops-plane;support-tier;observability,Available,v2.4.0,panel,us-east1
2026-09-15,gcp,b200-sxm-180gb,B200,180GB,SXM,IB-NDR,3Y,NonInterruptible,Reserved,US-South,US,HIF,T1IF,T1,7.0884,True,local-nvme;managed-ops-plane;support-tier;observability,Available,v2.4.0,panel,us-south1
2026-09-15,gcp,b200-sxm-180gb,B200,180GB,SXM,IB-NDR,3Y,NonInterruptible,Reserved,US-West,US,HIF,T1IF,T1,7.0884,True,local-nvme;managed-ops-plane;support-tier;observability,Available,v2.4.0,panel,us-west1
2026-09-15,gcp,b200-sxm-180gb,B200,180GB,SXM,IB-NDR,3Y,NonInterruptible,Reserved,US-West,US,HIF,T1IF,T1,7.0884,True,local-nvme;managed-ops-plane;support-tier;observability,Available,v2.4.0,panel,us-west2
2026-09-15,gcp,b200-sxm-180gb,B200,180GB,SXM,IB-NDR,3Y,NonInterruptible,Reserved,US-West,US,HIF,T1IF,T1,7.0884,True,local-nvme;managed-ops-plane;support-tier;observability,Available,v2.4.0,panel,us-west3
2026-09-15,gcp,b200-sxm-180gb,B200,180GB,SXM,IB-NDR,3Y,NonInterruptible,Reserved,US-West,US,HIF,T1IF,T1,7.0884,True,local-nvme;managed-ops-plane;support-tier;observability,Available,v2.4.0,panel,us-west4
2026-09-15,gcp,b200-sxm-180gb,B200,180GB,SXM,IB-NDR,OnDemand,Interruptible,Spot,APAC,APAC,DIF,T1IF,T1,6.2282,True,local-nvme;managed-ops-plane;support-tier;observability,Available,v2.4.0,panel,asia-northeast1
2026-09-15,gcp,b200-sxm-180gb,B200,180GB,SXM,IB-NDR,OnDemand,Interruptible,Spot,APAC,APAC,DIF,T1IF,T1,4.9021,True,local-nvme;managed-ops-plane;support-tier;observability,Available,v2.4.0,panel,asia-southeast1
2026-09-15,gcp,b200-sxm-180gb,B200,180GB,SXM,IB-NDR,OnDemand,Interruptible,Spot,EU,EU,DIF,T1IF,T1,5.4373,True,local-nvme;managed-ops-plane;support-tier;observability,Available,v2.4.0,panel,europe-north1
2026-09-15,gcp,b200-sxm-180gb,B200,180GB,SXM,IB-NDR,OnDemand,Interruptible,Spot,EU,EU,DIF,T1IF,T1,2.5322,True,local-nvme;managed-ops-plane;support-tier;observability,Available,v2.4.0,panel,europe-west1
2026-09-15,gcp,b200-sxm-180gb,B200,180GB,SXM,IB-NDR,OnDemand,Interruptible,Spot,EU,EU,DIF,T1IF,T1,5.1654,True,local-nvme;managed-ops-plane;support-tier;observability,Available,v2.4.0,panel,europe-west4
2026-09-15,gcp,b200-sxm-180gb,B200,180GB,SXM,IB-NDR,OnDemand,Interruptible,Spot,US-Central,US,DIF,T1IF,T1,4.9542,True,local-nvme;managed-ops-plane;support-tier;observability,Available,v2.4.0,panel,us-central1
2026-09-15,gcp,b200-sxm-180gb,B200,180GB,SXM,IB-NDR,OnDemand,Interruptible,Spot,US-East,US,DIF,T1IF,T1,4.9542,True,local-nvme;managed-ops-plane;support-tier;observability,Available,v2.4.0,panel,us-east1
2026-09-15,gcp,b200-sxm-180gb,B200,180GB,SXM,IB-NDR,OnDemand,Interruptible,Spot,US-East,US,DIF,T1IF,T1,4.0758,True,local-nvme;managed-ops-plane;support-tier;observability,Available,v2.4.0,panel,us-east4
2026-09-15,gcp,b200-sxm-180gb,B200,180GB,SXM,IB-NDR,OnDemand,Interruptible,Spot,US-South,US,DIF,T1IF,T1,4.4936,True,local-nvme;managed-ops-plane;support-tier;observability,Available,v2.4.0,panel,us-south1
2026-09-15,gcp,b200-sxm-180gb,B200,180GB,SXM,IB-NDR,OnDemand,Interruptible,Spot,US-West,US,DIF,T1IF,T1,4.0462,True,local-nvme;managed-ops-plane;support-tier;observability,Available,v2.4.0,panel,us-west2
2026-09-15,gcp,b200-sxm-180gb,B200,180GB,SXM,IB-NDR,OnDemand,Interruptible,Spot,US-West,US,DIF,T1IF,T1,5.1654,True,local-nvme;managed-ops-plane;support-tier;observability,Available,v2.4.0,panel,us-west3
2026-09-15,gcp_cud,b200-sxm-180gb,B200,180GB,SXM,IB-NDR,1Y,NonInterruptible,Reserved,APAC,APAC,HIF,T2IF,T1,13.3391,False,,Available,v2.4.0,candidate,asia-northeast1
2026-09-15,gcp_cud,b200-sxm-180gb,B200,180GB,SXM,IB-NDR,1Y,NonInterruptible,Reserved,APAC,APAC,HIF,T2IF,T1,13.3391,False,,Available,v2.4.0,candidate,asia-southeast1
2026-09-15,gcp_cud,b200-sxm-180gb,B200,180GB,SXM,IB-NDR,1Y,NonInterruptible,Reserved,EU,EU,HIF,T2IF,T1,12.2275,False,,Available,v2.4.0,candidate,europe-west4
2026-09-15,gcp_cud,b200-sxm-180gb,B200,180GB,SXM,IB-NDR,1Y,NonInterruptible,Reserved,US-Central,US,HIF,T2IF,T1,11.1159,False,,Available,v2.4.0,candidate,us-central1
2026-09-15,gcp_cud,b200-sxm-180gb,B200,180GB,SXM,IB-NDR,1Y,NonInterruptible,Reserved,US-East,US,HIF,T2IF,T1,11.1159,False,,Available,v2.4.0,candidate,us-east1
2026-09-15,gcp_cud,b200-sxm-180gb,B200,180GB,SXM,IB-NDR,1Y,NonInterruptible,Reserved,US-South,US,HIF,T2IF,T1,11.1159,False,,Available,v2.4.0,candidate,us-south1
2026-09-15,gcp_cud,b200-sxm-180gb,B200,180GB,SXM,IB-NDR,1Y,NonInterruptible,Reserved,US-West,US,HIF,T2IF,T1,11.1159,False,,Available,v2.4.0,candidate,us-west1
2026-09-15,gcp_cud,b200-sxm-180gb,B200,180GB,SXM,IB-NDR,1Y,NonInterruptible,Reserved,US-West,US,HIF,T2IF,T1,11.1159,False,,Available,v2.4.0,candidate,us-west2
2026-09-15,gcp_cud,b200-sxm-180gb,B200,180GB,SXM,IB-NDR,1Y,NonInterruptible,Reserved,US-West,US,HIF,T2IF,T1,11.1159,False,,Available,v2.4.0,candidate,us-west3
2026-09-15,gcp_cud,b200-sxm-180gb,B200,180GB,SXM,IB-NDR,1Y,NonInterruptible,Reserved,US-West,US,HIF,T2IF,T1,11.1159,False,,Available,v2.4.0,candidate,us-west4
2026-09-15,gcp_cud,b200-sxm-180gb,B200,180GB,SXM,IB-NDR,3Y,NonInterruptible,Reserved,APAC,APAC,HIF,T2IF,T1,8.5061,False,,Available,v2.4.0,candidate,asia-northeast1
2026-09-15,gcp_cud,b200-sxm-180gb,B200,180GB,SXM,IB-NDR,3Y,NonInterruptible,Reserved,APAC,APAC,HIF,T2IF,T1,8.5061,False,,Available,v2.4.0,candidate,asia-southeast1
2026-09-15,gcp_cud,b200-sxm-180gb,B200,180GB,SXM,IB-NDR,3Y,NonInterruptible,Reserved,EU,EU,HIF,T2IF,T1,7.7972,False,,Available,v2.4.0,candidate,europe-west4
2026-09-15,gcp_cud,b200-sxm-180gb,B200,180GB,SXM,IB-NDR,3Y,NonInterruptible,Reserved,US-Central,US,HIF,T2IF,T1,7.0884,False,,Available,v2.4.0,candidate,us-central1
2026-09-15,gcp_cud,b200-sxm-180gb,B200,180GB,SXM,IB-NDR,3Y,NonInterruptible,Reserved,US-East,US,HIF,T2IF,T1,7.0884,False,,Available,v2.4.0,candidate,us-east1
2026-09-15,gcp_cud,b200-sxm-180gb,B200,180GB,SXM,IB-NDR,3Y,NonInterruptible,Reserved,US-South,US,HIF,T2IF,T1,7.0884,False,,Available,v2.4.0,candidate,us-south1
2026-09-15,gcp_cud,b200-sxm-180gb,B200,180GB,SXM,IB-NDR,3Y,NonInterruptible,Reserved,US-West,US,HIF,T2IF,T1,7.0884,False,,Available,v2.4.0,candidate,us-west1
2026-09-15,gcp_cud,b200-sxm-180gb,B200,180GB,SXM,IB-NDR,3Y,NonInterruptible,Reserved,US-West,US,HIF,T2IF,T1,7.0884,False,,Available,v2.4.0,candidate,us-west2
2026-09-15,gcp_cud,b200-sxm-180gb,B200,180GB,SXM,IB-NDR,3Y,NonInterruptible,Reserved,US-West,US,HIF,T2IF,T1,7.0884,False,,Available,v2.4.0,candidate,us-west3
2026-09-15,gcp_cud,b200-sxm-180gb,B200,180GB,SXM,IB-NDR,3Y,NonInterruptible,Reserved,US-West,US,HIF,T2IF,T1,7.0884,False,,Available,v2.4.0,candidate,us-west4
2026-09-15,gcp_dws,b200-sxm-180gb,B200,180GB,SXM,IB-NDR,FlexStart,NonInterruptible,Reserved,US-Central,US,HIF,T2IF,T1,8.0550,False,,Available,v2.4.0,term-panel,us-central1
2026-09-15,gmi_cloud,b200-sxm-180gb,B200,180GB,SXM,IB-NDR,OnDemand,NonInterruptible,OnDemand,US-East,US,IIF,T2IF,T2,4.0000,False,,Available,v2.4.0,candidate,US
2026-09-15,hyperstack,b200-sxm-180gb,B200,180GB,SXM,IB-NDR,OnDemand,NonInterruptible,OnDemand,Other,Other,SIF,T2IF,T2,6.0000,True,local-nvme,Available,v2.4.0,panel,Multi
2026-09-15,hyperstack,b200-sxm-180gb,B200,180GB,SXM,IB-NDR,6M,NonInterruptible,Reserved,Other,Other,SIF,T2IF,T2,5.1000,True,local-nvme,Available,v2.4.0,panel,Multi
2026-09-15,koyeb,b200-sxm-180gb,B200,180GB,SXM,Unknown,OnDemand,NonInterruptible,OnDemand,Other,Other,SIF,T2IF,T2,5.5000,False,,Available,v2.4.0,candidate,Multi
2026-09-15,lambda,b200-sxm-180gb,B200,180GB,SXM,IB-NDR,OnDemand,NonInterruptible,OnDemand,US-East,US,IIF,T2IF,T2,6.6900,True,local-nvme,SoldOut,v2.4.0,panel,US
2026-09-15,lambda,b200-sxm-180gb,B200,180GB,SXM,IB-NDR,ReservedBand,NonInterruptible,Reserved,US-East,US,IIF,T2IF,T2,9.8600,True,local-nvme,Available,v2.4.0,panel,US
2026-09-15,lyceum,b200-sxm-180gb,B200,180GB,SXM,,OnDemand,NonInterruptible,OnDemand,Other,Other,SIF,T2IF,T2,6.2900,False,,Available,v2.4.0,candidate,EU (undisclosed)
2026-09-15,lyceum,b200-sxm-180gb,B200,180GB,SXM,,OnDemand,NonInterruptible,OnDemand,Other,Other,SIF,T2IF,T2,6.4900,False,,Available,v2.4.0,candidate,EU (undisclosed)
2026-09-15,massed_compute,b200-sxm-180gb,B200,180GB,SXM,Unknown,OnDemand,NonInterruptible,OnDemand,US-East,US,DIF,T3IF,T3,5.4325,False,,Available,v2.4.0,panel,US
2026-09-15,nebius,b200-sxm-180gb,B200,180GB,SXM,IB-NDR,OnDemand,NonInterruptible,OnDemand,Other,Other,IIF,T1IF,T2,7.1500,True,observability;managed-ops-plane;free-egress,Available,v2.4.0,panel,
2026-09-15,nebius,b200-sxm-180gb,B200,180GB,SXM,IB-NDR,OnDemand,Interruptible,Spot,Other,Other,DIF,T1IF,T2,3.9500,True,observability;managed-ops-plane;free-egress,Available,v2.4.0,panel,
2026-09-15,oci,b200-sxm-180gb,B200,180GB,SXM,RoCE-v2,OnDemand,NonInterruptible,OnDemand,US-East,US,HIF,T1IF,T1,14.0000,True,local-nvme;egress-capped;managed-ops-plane;support-tier;observability,Available,v2.4.0,panel,us-ashburn-1
2026-09-15,qubrid,b200-sxm-180gb,B200,180GB,SXM,Unknown,1Y,NonInterruptible,Reserved,Other,Other,SIF,T2IF,T2,4.2500,False,,Available,v2.4.0,panel,
2026-09-15,runpod_community,b200-sxm-180gb,B200,180GB,SXM,Unknown,OnDemand,NonInterruptible,OnDemand,Other,Other,DIF,T3IF,T3,5.9800,False,,SoldOut,v2.4.0,panel,Global
2026-09-15,runpod_secure,b200-sxm-180gb,B200,180GB,SXM,IB-NDR,OnDemand,NonInterruptible,OnDemand,EU,EU,DIF,T2IF,T3,6.7900,True,local-nvme,Available,v2.4.0,panel,EU-RO-1
2026-09-15,runpod_secure,b200-sxm-180gb,B200,180GB,SXM,IB-NDR,OnDemand,NonInterruptible,OnDemand,Other,Other,DIF,T2IF,T3,6.7900,True,local-nvme,Available,v2.4.0,panel,Global
2026-09-15,runpod_secure,b200-sxm-180gb,B200,180GB,SXM,IB-NDR,OnDemand,NonInterruptible,OnDemand,US-West,US,DIF,T2IF,T3,6.7900,True,local-nvme,Available,v2.4.0,panel,US-CA-2
2026-09-15,runpod_secure,b200-sxm-180gb,B200,180GB,SXM,IB-NDR,OnDemand,NonInterruptible,OnDemand,US-East,US,DIF,T2IF,T3,6.7900,True,local-nvme,Available,v2.4.0,panel,US-NC-2
2026-09-15,runpod_secure,b200-sxm-180gb,B200,180GB,SXM,IB-NDR,OnDemand,NonInterruptible,OnDemand,US-Central,US,DIF,T2IF,T3,6.7900,True,local-nvme,Available,v2.4.0,panel,US-NE-1
2026-09-15,runpod_secure,b200-sxm-180gb,B200,180GB,SXM,IB-NDR,1Y,NonInterruptible,Reserved,Other,Other,DIF,T2IF,T3,6.7900,True,local-nvme,Available,v2.4.0,panel,Global
2026-09-15,runpod_secure,b200-sxm-180gb,B200,180GB,SXM,IB-NDR,3M,NonInterruptible,Reserved,Other,Other,DIF,T2IF,T3,6.7900,True,local-nvme,Available,v2.4.0,panel,Global
2026-09-15,runpod_secure,b200-sxm-180gb,B200,180GB,SXM,IB-NDR,6M,NonInterruptible,Reserved,Other,Other,DIF,T2IF,T3,6.7900,True,local-nvme,Available,v2.4.0,panel,Global
2026-09-15,shakti_cloud,b200-sxm-180gb,B200,180GB,SXM,IB-Unspecified,1M,NonInterruptible,Reserved,APAC,APAC,SIF,T2IF,T2,4.9500,False,,Available,v2.4.0,panel,IN
2026-09-15,spheron,b200-sxm-180gb,B200,180GB,SXM,Unknown,OnDemand,NonInterruptible,OnDemand,Other,Other,DIF,T3IF,T3,9.3600,False,,Available,v2.4.0,panel,me-west-1
2026-09-15,spheron,b200-sxm-180gb,B200,180GB,SXM,Unknown,OnDemand,Interruptible,Spot,Other,Other,DIF,T3IF,T3,5.3730,False,,Available,v2.4.0,panel,me-west-1
2026-09-15,spheron,b200-sxm-180gb,B200,180GB,SXM,Unknown,OnDemand,Interruptible,Spot,US-Central,US,DIF,T3IF,T3,5.3730,False,,Available,v2.4.0,panel,us-central-1
2026-09-15,together,b200-sxm-180gb,B200,180GB,SXM,IB-NDR,OnDemand,NonInterruptible,OnDemand,US-East,US,SIF,T1IF,T2,8.1900,True,local-nvme;support-tier;observability;managed-ops-plane,Available,v2.4.0,panel,US
2026-09-15,together,b200-sxm-180gb,B200,180GB,SXM,IB-NDR,1M,NonInterruptible,Reserved,US-East,US,SIF,T1IF,T2,7.9900,True,local-nvme;support-tier;observability;managed-ops-plane,Available,v2.4.0,panel,US
2026-09-15,together,b200-sxm-180gb,B200,180GB,SXM,IB-NDR,3M,NonInterruptible,Reserved,US-East,US,SIF,T1IF,T2,7.7900,True,local-nvme;support-tier;observability;managed-ops-plane,Available,v2.4.0,panel,US
2026-09-15,together,b200-sxm-180gb,B200,180GB,SXM,IB-NDR,6M,NonInterruptible,Reserved,US-East,US,SIF,T1IF,T2,6.7900,True,local-nvme;support-tier;observability;managed-ops-plane,Available,v2.4.0,panel,US
2026-09-15,upcloud,b200-sxm-180gb,B200,180GB,SXM,Unknown,OnDemand,NonInterruptible,OnDemand,EU,EU,SIF,T2IF,T2,5.1980,False,,Available,v2.4.0,panel,EU-FI
2026-09-15,upcloud,b200-sxm-180gb,B200,180GB,SXM,Unknown,OnDemand,Interruptible,Spot,EU,EU,DIF,T2IF,T2,3.8985,False,,Available,v2.4.0,panel,EU-FI
2026-09-15,vast_ai,b200-sxm-180gb,B200,180GB,SXM,IB-NDR,OnDemand,NonInterruptible,OnDemand,US-East,US,DIF,T3IF,T3,7.7500,True,local-nvme,Available,v2.4.0,marketplace,", US"
2026-09-15,vast_ai,b200-sxm-180gb,B200,180GB,SXM,IB-NDR,OnDemand,NonInterruptible,OnDemand,APAC,APAC,DIF,T3IF,T3,5.6250,True,local-nvme,Available,v2.4.0,marketplace,"AUSTRALIA, AU"
2026-09-15,vast_ai,b200-sxm-180gb,B200,180GB,SXM,IB-NDR,OnDemand,NonInterruptible,OnDemand,US-West,US,DIF,T3IF,T3,7.3750,True,local-nvme,Available,v2.4.0,marketplace,"CALIFORNIA, US"
2026-09-15,vast_ai,b200-sxm-180gb,B200,180GB,SXM,IB-NDR,OnDemand,NonInterruptible,OnDemand,US-East,US,DIF,T3IF,T3,5.6250,True,local-nvme,Available,v2.4.0,marketplace,"VIRGINIA, US"
2026-09-15,vultr,b200-sxm-180gb,B200,180GB,SXM,Unknown,OnDemand,NonInterruptible,OnDemand,Other,Other,SIF,T2IF,T2,8.5000,False,,SoldOut,v2.4.0,panel,Multi
2026-09-15,vultr,b200-sxm-180gb,B200,180GB,SXM,Unknown,OnDemand,Interruptible,Spot,Other,Other,DIF,T2IF,T2,3.2000,False,,SoldOut,v2.4.0,panel,Multi
2026-09-16,aws,b200-sxm-180gb,B200,180GB,SXM,EFA,OnDemand,NonInterruptible,OnDemand,APAC,APAC,HIF,T1IF,T1,20.0807,True,local-nvme;managed-ops-plane;support-tier;observability,Available,v2.4.0,panel,ap-south-1
2026-09-16,aws,b200-sxm-180gb,B200,180GB,SXM,EFA,OnDemand,NonInterruptible,OnDemand,APAC,APAC,HIF,T1IF,T1,20.0813,True,local-nvme;managed-ops-plane;support-tier;observability,Available,v2.4.0,panel,ap-south-2
2026-09-16,aws,b200-sxm-180gb,B200,180GB,SXM,EFA,OnDemand,NonInterruptible,OnDemand,EU,EU,HIF,T1IF,T1,17.9053,True,local-nvme;managed-ops-plane;support-tier;observability,Available,v2.4.0,panel,eu-north-1
2026-09-16,aws,b200-sxm-180gb,B200,180GB,SXM,EFA,OnDemand,NonInterruptible,OnDemand,US-East,US,HIF,T1IF,T1,14.2416,True,local-nvme;managed-ops-plane;support-tier;observability,Available,v2.4.0,panel,us-east-1
2026-09-16,aws,b200-sxm-180gb,B200,180GB,SXM,EFA,OnDemand,NonInterruptible,OnDemand,US-East,US,HIF,T1IF,T1,14.2416,True,local-nvme;managed-ops-plane;support-tier;observability,Available,v2.4.0,panel,us-east-2
2026-09-16,aws,b200-sxm-180gb,B200,180GB,SXM,EFA,OnDemand,NonInterruptible,OnDemand,US-West,US,HIF,T1IF,T1,14.2416,True,local-nvme;managed-ops-plane;support-tier;observability,Available,v2.4.0,panel,us-west-2
2026-09-16,aws,b200-sxm-180gb,B200,180GB,SXM,EFA,3Y,NonInterruptible,Reserved,APAC,APAC,HIF,T1IF,T1,8.6751,True,local-nvme;managed-ops-plane;support-tier;observability,Available,v2.4.0,panel,ap-south-2
2026-09-16,aws,b200-sxm-180gb,B200,180GB,SXM,EFA,3Y,NonInterruptible,Reserved,US-East,US,HIF,T1IF,T1,6.1524,True,local-nvme;managed-ops-plane;support-tier;observability,Available,v2.4.0,panel,us-east-1
2026-09-16,aws,b200-sxm-180gb,B200,180GB,SXM,EFA,3Y,NonInterruptible,Reserved,US-East,US,HIF,T1IF,T1,6.1524,True,local-nvme;managed-ops-plane;support-tier;observability,Available,v2.4.0,panel,us-east-2
2026-09-16,aws,b200-sxm-180gb,B200,180GB,SXM,EFA,3Y,NonInterruptible,Reserved,US-West,US,HIF,T1IF,T1,6.1524,True,local-nvme;managed-ops-plane;support-tier;observability,Available,v2.4.0,panel,us-west-2
2026-09-16,aws,b200-sxm-180gb,B200,180GB,SXM,EFA,OnDemand,Interruptible,Spot,APAC,APAC,DIF,T2IF,T1,6.0270,False,,Available,v2.4.0,panel,ap-south-1c
2026-09-16,aws,b200-sxm-180gb,B200,180GB,SXM,EFA,OnDemand,Interruptible,Spot,APAC,APAC,DIF,T2IF,T1,3.9273,False,,Available,v2.4.0,panel,ap-south-2b
2026-09-16,aws,b200-sxm-180gb,B200,180GB,SXM,EFA,OnDemand,Interruptible,Spot,EU,EU,DIF,T2IF,T1,1.8547,False,,Available,v2.4.0,panel,eu-north-1b
2026-09-16,aws,b200-sxm-180gb,B200,180GB,SXM,EFA,OnDemand,Interruptible,Spot,US-East,US,DIF,T2IF,T1,5.2617,False,,Available,v2.4.0,panel,us-east-1d
2026-09-16,aws,b200-sxm-180gb,B200,180GB,SXM,EFA,OnDemand,Interruptible,Spot,US-East,US,DIF,T2IF,T1,5.2840,False,,Available,v2.4.0,panel,us-east-2a
2026-09-16,aws,b200-sxm-180gb,B200,180GB,SXM,EFA,OnDemand,Interruptible,Spot,US-East,US,DIF,T2IF,T1,5.2903,False,,Available,v2.4.0,panel,us-east-2b
2026-09-16,aws,b200-sxm-180gb,B200,180GB,SXM,EFA,OnDemand,Interruptible,Spot,US-East,US,DIF,T2IF,T1,5.3093,False,,Available,v2.4.0,panel,us-east-2c
2026-09-16,aws,b200-sxm-180gb,B200,180GB,SXM,EFA,OnDemand,Interruptible,Spot,US-West,US,DIF,T2IF,T1,5.0904,False,,Available,v2.4.0,panel,us-west-2a
2026-09-16,aws,b200-sxm-180gb,B200,180GB,SXM,EFA,OnDemand,Interruptible,Spot,US-West,US,DIF,T2IF,T1,5.3093,False,,Available,v2.4.0,panel,us-west-2b
2026-09-16,aws,b200-sxm-180gb,B200,180GB,SXM,EFA,OnDemand,Interruptible,Spot,US-West,US,DIF,T2IF,T1,5.2762,False,,Available,v2.4.0,panel,us-west-2d
2026-09-16,aws_capacity_blocks,b200-sxm-180gb,B200,180GB,SXM,EFA,CapacityBlock,NonInterruptible,Reserved,Other,Other,HIF,T2IF,T1,12.3550,False,,Available,v2.4.0,term-panel,non-us
2026-09-16,aws_capacity_blocks,b200-sxm-180gb,B200,180GB,SXM,EFA,CapacityBlock,NonInterruptible,Reserved,US-East,US,HIF,T2IF,T1,12.3550,False,,Available,v2.4.0,term-panel,us-east-1
2026-09-16,civo,b200-sxm-180gb,B200,180GB,SXM,Unknown,1Y,NonInterruptible,Reserved,Other,Other,SIF,T2IF,T2,4.4900,False,,Available,v2.4.0,panel,
2026-09-16,civo,b200-sxm-180gb,B200,180GB,SXM,Unknown,2Y,NonInterruptible,Reserved,Other,Other,SIF,T2IF,T2,3.9900,False,,Available,v2.4.0,panel,
2026-09-16,civo,b200-sxm-180gb,B200,180GB,SXM,Unknown,3Y,NonInterruptible,Reserved,Other,Other,SIF,T2IF,T2,3.7900,False,,Available,v2.4.0,panel,
2026-09-16,coreweave,b200-sxm-180gb,B200,180GB,SXM,IB-NDR,OnDemand,NonInterruptible,OnDemand,EU,EU,IIF,T1IF,T2,8.6000,True,local-nvme;free-egress;support-tier;observability;managed-ops-plane,Available,v2.4.0,panel,EU
2026-09-16,coreweave,b200-sxm-180gb,B200,180GB,SXM,IB-NDR,OnDemand,NonInterruptible,OnDemand,US-East,US,IIF,T1IF,T2,8.6000,True,local-nvme;free-egress;support-tier;observability;managed-ops-plane,Available,v2.4.0,panel,US
2026-09-16,coreweave,b200-sxm-180gb,B200,180GB,SXM,IB-NDR,OnDemand,Interruptible,Spot,EU,EU,DIF,T1IF,T2,4.3588,True,local-nvme;free-egress;support-tier;observability;managed-ops-plane,Available,v2.4.0,panel,EU
2026-09-16,coreweave,b200-sxm-180gb,B200,180GB,SXM,IB-NDR,OnDemand,Interruptible,Spot,US-East,US,DIF,T1IF,T2,4.2638,True,local-nvme;free-egress;support-tier;observability;managed-ops-plane,Available,v2.4.0,panel,US
2026-09-16,datacrunch,b200-sxm-180gb,B200,180GB,SXM,IB-NDR,OnDemand,NonInterruptible,OnDemand,EU,EU,SIF,T2IF,T2,6.3575,True,local-nvme,Available,v2.4.0,panel,EU-FI
2026-09-16,datacrunch,b200-sxm-180gb,B200,180GB,SXM,IB-NDR,1M,NonInterruptible,Reserved,EU,EU,SIF,T2IF,T2,6.2304,True,local-nvme,Available,v2.4.0,panel,EU-FI
2026-09-16,datacrunch,b200-sxm-180gb,B200,180GB,SXM,IB-NDR,1Y,NonInterruptible,Reserved,EU,EU,SIF,T2IF,T2,5.8489,True,local-nvme,Available,v2.4.0,panel,EU-FI
2026-09-16,datacrunch,b200-sxm-180gb,B200,180GB,SXM,IB-NDR,2Y,NonInterruptible,Reserved,EU,EU,SIF,T2IF,T2,4.7681,True,local-nvme,Available,v2.4.0,panel,EU-FI
2026-09-16,datacrunch,b200-sxm-180gb,B200,180GB,SXM,IB-NDR,3M,NonInterruptible,Reserved,EU,EU,SIF,T2IF,T2,6.1668,True,local-nvme,Available,v2.4.0,panel,EU-FI
2026-09-16,datacrunch,b200-sxm-180gb,B200,180GB,SXM,IB-NDR,6M,NonInterruptible,Reserved,EU,EU,SIF,T2IF,T2,6.1032,True,local-nvme,Available,v2.4.0,panel,EU-FI
2026-09-16,datacrunch,b200-sxm-180gb,B200,180GB,SXM,IB-NDR,OnDemand,Interruptible,Spot,EU,EU,DIF,T2IF,T2,3.1788,True,local-nvme,Available,v2.4.0,panel,EU-FI
2026-09-16,deepinfra_gpu,b200-sxm-180gb,B200,180GB,SXM,,OnDemand,NonInterruptible,OnDemand,Other,Other,SIF,T2IF,T2,3.6900,False,,Available,v2.4.0,panel,undisclosed
2026-09-16,e2e,b200-sxm-180gb,B200,180GB,SXM,IB-NDR,OnDemand,NonInterruptible,OnDemand,APAC,APAC,IIF,T2IF,T2,6.9900,False,,Available,v2.4.0,panel,India
2026-09-16,gcp,b200-sxm-180gb,B200,180GB,SXM,IB-NDR,OnDemand,NonInterruptible,OnDemand,APAC,APAC,HIF,T1IF,T1,19.3320,True,local-nvme;managed-ops-plane;support-tier;observability,Available,v2.4.0,panel,asia-southeast1
2026-09-16,gcp,b200-sxm-180gb,B200,180GB,SXM,IB-NDR,OnDemand,NonInterruptible,OnDemand,EU,EU,HIF,T1IF,T1,17.7210,True,local-nvme;managed-ops-plane;support-tier;observability,Available,v2.4.0,panel,europe-west4
2026-09-16,gcp,b200-sxm-180gb,B200,180GB,SXM,IB-NDR,OnDemand,NonInterruptible,OnDemand,US-Central,US,HIF,T1IF,T1,16.1100,True,local-nvme;managed-ops-plane;support-tier;observability,Available,v2.4.0,panel,us-central1
2026-09-16,gcp,b200-sxm-180gb,B200,180GB,SXM,IB-NDR,OnDemand,NonInterruptible,OnDemand,US-East,US,HIF,T1IF,T1,16.1100,True,local-nvme;managed-ops-plane;support-tier;observability,Available,v2.4.0,panel,us-east1
2026-09-16,gcp,b200-sxm-180gb,B200,180GB,SXM,IB-NDR,1Y,NonInterruptible,Reserved,APAC,APAC,HIF,T1IF,T1,13.3391,True,local-nvme;managed-ops-plane;support-tier;observability,Available,v2.4.0,panel,asia-northeast1
2026-09-16,gcp,b200-sxm-180gb,B200,180GB,SXM,IB-NDR,1Y,NonInterruptible,Reserved,APAC,APAC,HIF,T1IF,T1,13.3391,True,local-nvme;managed-ops-plane;support-tier;observability,Available,v2.4.0,panel,asia-southeast1
2026-09-16,gcp,b200-sxm-180gb,B200,180GB,SXM,IB-NDR,1Y,NonInterruptible,Reserved,EU,EU,HIF,T1IF,T1,12.2275,True,local-nvme;managed-ops-plane;support-tier;observability,Available,v2.4.0,panel,europe-west4
2026-09-16,gcp,b200-sxm-180gb,B200,180GB,SXM,IB-NDR,1Y,NonInterruptible,Reserved,US-Central,US,HIF,T1IF,T1,11.1159,True,local-nvme;managed-ops-plane;support-tier;observability,Available,v2.4.0,panel,us-central1
2026-09-16,gcp,b200-sxm-180gb,B200,180GB,SXM,IB-NDR,1Y,NonInterruptible,Reserved,US-East,US,HIF,T1IF,T1,11.1159,True,local-nvme;managed-ops-plane;support-tier;observability,Available,v2.4.0,panel,us-east1
2026-09-16,gcp,b200-sxm-180gb,B200,180GB,SXM,IB-NDR,1Y,NonInterruptible,Reserved,US-South,US,HIF,T1IF,T1,11.1159,True,local-nvme;managed-ops-plane;support-tier;observability,Available,v2.4.0,panel,us-south1
2026-09-16,gcp,b200-sxm-180gb,B200,180GB,SXM,IB-NDR,1Y,NonInterruptible,Reserved,US-West,US,HIF,T1IF,T1,11.1159,True,local-nvme;managed-ops-plane;support-tier;observability,Available,v2.4.0,panel,us-west1
2026-09-16,gcp,b200-sxm-180gb,B200,180GB,SXM,IB-NDR,1Y,NonInterruptible,Reserved,US-West,US,HIF,T1IF,T1,11.1159,True,local-nvme;managed-ops-plane;support-tier;observability,Available,v2.4.0,panel,us-west2
2026-09-16,gcp,b200-sxm-180gb,B200,180GB,SXM,IB-NDR,1Y,NonInterruptible,Reserved,US-West,US,HIF,T1IF,T1,11.1159,True,local-nvme;managed-ops-plane;support-tier;observability,Available,v2.4.0,panel,us-west3
2026-09-16,gcp,b200-sxm-180gb,B200,180GB,SXM,IB-NDR,1Y,NonInterruptible,Reserved,US-West,US,HIF,T1IF,T1,11.1159,True,local-nvme;managed-ops-plane;support-tier;observability,Available,v2.4.0,panel,us-west4
2026-09-16,gcp,b200-sxm-180gb,B200,180GB,SXM,IB-NDR,3Y,NonInterruptible,Reserved,APAC,APAC,HIF,T1IF,T1,8.5061,True,local-nvme;managed-ops-plane;support-tier;observability,Available,v2.4.0,panel,asia-northeast1
2026-09-16,gcp,b200-sxm-180gb,B200,180GB,SXM,IB-NDR,3Y,NonInterruptible,Reserved,APAC,APAC,HIF,T1IF,T1,8.5061,True,local-nvme;managed-ops-plane;support-tier;observability,Available,v2.4.0,panel,asia-southeast1
2026-09-16,gcp,b200-sxm-180gb,B200,180GB,SXM,IB-NDR,3Y,NonInterruptible,Reserved,EU,EU,HIF,T1IF,T1,7.7972,True,local-nvme;managed-ops-plane;support-tier;observability,Available,v2.4.0,panel,europe-west4
2026-09-16,gcp,b200-sxm-180gb,B200,180GB,SXM,IB-NDR,3Y,NonInterruptible,Reserved,US-Central,US,HIF,T1IF,T1,7.0884,True,local-nvme;managed-ops-plane;support-tier;observability,Available,v2.4.0,panel,us-central1
2026-09-16,gcp,b200-sxm-180gb,B200,180GB,SXM,IB-NDR,3Y,NonInterruptible,Reserved,US-East,US,HIF,T1IF,T1,7.0884,True,local-nvme;managed-ops-plane;support-tier;observability,Available,v2.4.0,panel,us-east1
2026-09-16,gcp,b200-sxm-180gb,B200,180GB,SXM,IB-NDR,3Y,NonInterruptible,Reserved,US-South,US,HIF,T1IF,T1,7.0884,True,local-nvme;managed-ops-plane;support-tier;observability,Available,v2.4.0,panel,us-south1
2026-09-16,gcp,b200-sxm-180gb,B200,180GB,SXM,IB-NDR,3Y,NonInterruptible,Reserved,US-West,US,HIF,T1IF,T1,7.0884,True,local-nvme;managed-ops-plane;support-tier;observability,Available,v2.4.0,panel,us-west1
2026-09-16,gcp,b200-sxm-180gb,B200,180GB,SXM,IB-NDR,3Y,NonInterruptible,Reserved,US-West,US,HIF,T1IF,T1,7.0884,True,local-nvme;managed-ops-plane;support-tier;observability,Available,v2.4.0,panel,us-west2
2026-09-16,gcp,b200-sxm-180gb,B200,180GB,SXM,IB-NDR,3Y,NonInterruptible,Reserved,US-West,US,HIF,T1IF,T1,7.0884,True,local-nvme;managed-ops-plane;support-tier;observability,Available,v2.4.0,panel,us-west3
2026-09-16,gcp,b200-sxm-180gb,B200,180GB,SXM,IB-NDR,3Y,NonInterruptible,Reserved,US-West,US,HIF,T1IF,T1,7.0884,True,local-nvme;managed-ops-plane;support-tier;observability,Available,v2.4.0,panel,us-west4
2026-09-16,gcp,b200-sxm-180gb,B200,180GB,SXM,IB-NDR,OnDemand,Interruptible,Spot,APAC,APAC,DIF,T1IF,T1,6.2282,True,local-nvme;managed-ops-plane;support-tier;observability,Available,v2.4.0,panel,asia-northeast1
2026-09-16,gcp,b200-sxm-180gb,B200,180GB,SXM,IB-NDR,OnDemand,Interruptible,Spot,APAC,APAC,DIF,T1IF,T1,4.9021,True,local-nvme;managed-ops-plane;support-tier;observability,Available,v2.4.0,panel,asia-southeast1
2026-09-16,gcp,b200-sxm-180gb,B200,180GB,SXM,IB-NDR,OnDemand,Interruptible,Spot,EU,EU,DIF,T1IF,T1,5.4373,True,local-nvme;managed-ops-plane;support-tier;observability,Available,v2.4.0,panel,europe-north1
2026-09-16,gcp,b200-sxm-180gb,B200,180GB,SXM,IB-NDR,OnDemand,Interruptible,Spot,EU,EU,DIF,T1IF,T1,2.5322,True,local-nvme;managed-ops-plane;support-tier;observability,Available,v2.4.0,panel,europe-west1
2026-09-16,gcp,b200-sxm-180gb,B200,180GB,SXM,IB-NDR,OnDemand,Interruptible,Spot,EU,EU,DIF,T1IF,T1,5.1654,True,local-nvme;managed-ops-plane;support-tier;observability,Available,v2.4.0,panel,europe-west4
2026-09-16,gcp,b200-sxm-180gb,B200,180GB,SXM,IB-NDR,OnDemand,Interruptible,Spot,US-Central,US,DIF,T1IF,T1,4.9542,True,local-nvme;managed-ops-plane;support-tier;observability,Available,v2.4.0,panel,us-central1
2026-09-16,gcp,b200-sxm-180gb,B200,180GB,SXM,IB-NDR,OnDemand,Interruptible,Spot,US-East,US,DIF,T1IF,T1,4.9542,True,local-nvme;managed-ops-plane;support-tier;observability,Available,v2.4.0,panel,us-east1
2026-09-16,gcp,b200-sxm-180gb,B200,180GB,SXM,IB-NDR,OnDemand,Interruptible,Spot,US-East,US,DIF,T1IF,T1,4.0758,True,local-nvme;managed-ops-plane;support-tier;observability,Available,v2.4.0,panel,us-east4
2026-09-16,gcp,b200-sxm-180gb,B200,180GB,SXM,IB-NDR,OnDemand,Interruptible,Spot,US-South,US,DIF,T1IF,T1,4.4936,True,local-nvme;managed-ops-plane;support-tier;observability,Available,v2.4.0,panel,us-south1
2026-09-16,gcp,b200-sxm-180gb,B200,180GB,SXM,IB-NDR,OnDemand,Interruptible,Spot,US-West,US,DIF,T1IF,T1,4.0462,True,local-nvme;managed-ops-plane;support-tier;observability,Available,v2.4.0,panel,us-west2
2026-09-16,gcp,b200-sxm-180gb,B200,180GB,SXM,IB-NDR,OnDemand,Interruptible,Spot,US-West,US,DIF,T1IF,T1,5.1654,True,local-nvme;managed-ops-plane;support-tier;observability,Available,v2.4.0,panel,us-west3
2026-09-16,gcp_cud,b200-sxm-180gb,B200,180GB,SXM,IB-NDR,1Y,NonInterruptible,Reserved,APAC,APAC,HIF,T2IF,T1,13.3391,False,,Available,v2.4.0,candidate,asia-northeast1
2026-09-16,gcp_cud,b200-sxm-180gb,B200,180GB,SXM,IB-NDR,1Y,NonInterruptible,Reserved,APAC,APAC,HIF,T2IF,T1,13.3391,False,,Available,v2.4.0,candidate,asia-southeast1
2026-09-16,gcp_cud,b200-sxm-180gb,B200,180GB,SXM,IB-NDR,1Y,NonInterruptible,Reserved,EU,EU,HIF,T2IF,T1,12.2275,False,,Available,v2.4.0,candidate,europe-west4
2026-09-16,gcp_cud,b200-sxm-180gb,B200,180GB,SXM,IB-NDR,1Y,NonInterruptible,Reserved,US-Central,US,HIF,T2IF,T1,11.1159,False,,Available,v2.4.0,candidate,us-central1
2026-09-16,gcp_cud,b200-sxm-180gb,B200,180GB,SXM,IB-NDR,1Y,NonInterruptible,Reserved,US-East,US,HIF,T2IF,T1,11.1159,False,,Available,v2.4.0,candidate,us-east1
2026-09-16,gcp_cud,b200-sxm-180gb,B200,180GB,SXM,IB-NDR,1Y,NonInterruptible,Reserved,US-South,US,HIF,T2IF,T1,11.1159,False,,Available,v2.4.0,candidate,us-south1
2026-09-16,gcp_cud,b200-sxm-180gb,B200,180GB,SXM,IB-NDR,1Y,NonInterruptible,Reserved,US-West,US,HIF,T2IF,T1,11.1159,False,,Available,v2.4.0,candidate,us-west1
2026-09-16,gcp_cud,b200-sxm-180gb,B200,180GB,SXM,IB-NDR,1Y,NonInterruptible,Reserved,US-West,US,HIF,T2IF,T1,11.1159,False,,Available,v2.4.0,candidate,us-west2
2026-09-16,gcp_cud,b200-sxm-180gb,B200,180GB,SXM,IB-NDR,1Y,NonInterruptible,Reserved,US-West,US,HIF,T2IF,T1,11.1159,False,,Available,v2.4.0,candidate,us-west3
2026-09-16,gcp_cud,b200-sxm-180gb,B200,180GB,SXM,IB-NDR,1Y,NonInterruptible,Reserved,US-West,US,HIF,T2IF,T1,11.1159,False,,Available,v2.4.0,candidate,us-west4
2026-09-16,gcp_cud,b200-sxm-180gb,B200,180GB,SXM,IB-NDR,3Y,NonInterruptible,Reserved,APAC,APAC,HIF,T2IF,T1,8.5061,False,,Available,v2.4.0,candidate,asia-northeast1
2026-09-16,gcp_cud,b200-sxm-180gb,B200,180GB,SXM,IB-NDR,3Y,NonInterruptible,Reserved,APAC,APAC,HIF,T2IF,T1,8.5061,False,,Available,v2.4.0,candidate,asia-southeast1
2026-09-16,gcp_cud,b200-sxm-180gb,B200,180GB,SXM,IB-NDR,3Y,NonInterruptible,Reserved,EU,EU,HIF,T2IF,T1,7.7972,False,,Available,v2.4.0,candidate,europe-west4
2026-09-16,gcp_cud,b200-sxm-180gb,B200,180GB,SXM,IB-NDR,3Y,NonInterruptible,Reserved,US-Central,US,HIF,T2IF,T1,7.0884,False,,Available,v2.4.0,candidate,us-central1
2026-09-16,gcp_cud,b200-sxm-180gb,B200,180GB,SXM,IB-NDR,3Y,NonInterruptible,Reserved,US-East,US,HIF,T2IF,T1,7.0884,False,,Available,v2.4.0,candidate,us-east1
2026-09-16,gcp_cud,b200-sxm-180gb,B200,180GB,SXM,IB-NDR,3Y,NonInterruptible,Reserved,US-South,US,HIF,T2IF,T1,7.0884,False,,Available,v2.4.0,candidate,us-south1
2026-09-16,gcp_cud,b200-sxm-180gb,B200,180GB,SXM,IB-NDR,3Y,NonInterruptible,Reserved,US-West,US,HIF,T2IF,T1,7.0884,False,,Available,v2.4.0,candidate,us-west1
2026-09-16,gcp_cud,b200-sxm-180gb,B200,180GB,SXM,IB-NDR,3Y,NonInterruptible,Reserved,US-West,US,HIF,T2IF,T1,7.0884,False,,Available,v2.4.0,candidate,us-west2
2026-09-16,gcp_cud,b200-sxm-180gb,B200,180GB,SXM,IB-NDR,3Y,NonInterruptible,Reserved,US-West,US,HIF,T2IF,T1,7.0884,False,,Available,v2.4.0,candidate,us-west3
2026-09-16,gcp_cud,b200-sxm-180gb,B200,180GB,SXM,IB-NDR,3Y,NonInterruptible,Reserved,US-West,US,HIF,T2IF,T1,7.0884,False,,Available,v2.4.0,candidate,us-west4
2026-09-16,gcp_dws,b200-sxm-180gb,B200,180GB,SXM,IB-NDR,FlexStart,NonInterruptible,Reserved,US-Central,US,HIF,T2IF,T1,8.0550,False,,Available,v2.4.0,term-panel,us-central1
2026-09-16,gmi_cloud,b200-sxm-180gb,B200,180GB,SXM,IB-NDR,OnDemand,NonInterruptible,OnDemand,US-East,US,IIF,T2IF,T2,4.0000,False,,Available,v2.4.0,candidate,US
2026-09-16,hyperstack,b200-sxm-180gb,B200,180GB,SXM,IB-NDR,OnDemand,NonInterruptible,OnDemand,Other,Other,SIF,T2IF,T2,6.0000,True,local-nvme,Available,v2.4.0,panel,Multi
2026-09-16,hyperstack,b200-sxm-180gb,B200,180GB,SXM,IB-NDR,6M,NonInterruptible,Reserved,Other,Other,SIF,T2IF,T2,5.1000,True,local-nvme,Available,v2.4.0,panel,Multi
2026-09-16,koyeb,b200-sxm-180gb,B200,180GB,SXM,Unknown,OnDemand,NonInterruptible,OnDemand,Other,Other,SIF,T2IF,T2,5.5000,False,,Available,v2.4.0,candidate,Multi
2026-09-16,lambda,b200-sxm-180gb,B200,180GB,SXM,IB-NDR,OnDemand,NonInterruptible,OnDemand,US-East,US,IIF,T2IF,T2,6.6900,True,local-nvme,SoldOut,v2.4.0,panel,US
2026-09-16,lambda,b200-sxm-180gb,B200,180GB,SXM,IB-NDR,ReservedBand,NonInterruptible,Reserved,US-East,US,IIF,T2IF,T2,9.8600,True,local-nvme,Available,v2.4.0,panel,US
2026-09-16,lyceum,b200-sxm-180gb,B200,180GB,SXM,,OnDemand,NonInterruptible,OnDemand,Other,Other,SIF,T2IF,T2,6.4900,False,,Available,v2.4.0,candidate,EU (undisclosed)
2026-09-16,lyceum,b200-sxm-180gb,B200,180GB,SXM,,OnDemand,NonInterruptible,OnDemand,Other,Other,SIF,T2IF,T2,6.2900,False,,Available,v2.4.0,candidate,EU (undisclosed)
2026-09-16,massed_compute,b200-sxm-180gb,B200,180GB,SXM,Unknown,OnDemand,NonInterruptible,OnDemand,US-East,US,DIF,T3IF,T3,5.4325,False,,Available,v2.4.0,panel,US
2026-09-16,nebius,b200-sxm-180gb,B200,180GB,SXM,IB-NDR,OnDemand,NonInterruptible,OnDemand,Other,Other,IIF,T1IF,T2,7.1500,True,observability;managed-ops-plane;free-egress,Available,v2.4.0,panel,
2026-09-16,nebius,b200-sxm-180gb,B200,180GB,SXM,IB-NDR,OnDemand,Interruptible,Spot,Other,Other,DIF,T1IF,T2,3.9500,True,observability;managed-ops-plane;free-egress,Available,v2.4.0,panel,
2026-09-16,oci,b200-sxm-180gb,B200,180GB,SXM,RoCE-v2,OnDemand,NonInterruptible,OnDemand,US-East,US,HIF,T1IF,T1,14.0000,True,local-nvme;egress-capped;managed-ops-plane;support-tier;observability,Available,v2.4.0,panel,us-ashburn-1
2026-09-16,qubrid,b200-sxm-180gb,B200,180GB,SXM,Unknown,1Y,NonInterruptible,Reserved,Other,Other,SIF,T2IF,T2,4.2500,False,,Available,v2.4.0,panel,
2026-09-16,runpod_community,b200-sxm-180gb,B200,180GB,SXM,Unknown,OnDemand,NonInterruptible,OnDemand,Other,Other,DIF,T3IF,T3,5.9800,False,,SoldOut,v2.4.0,panel,Global
2026-09-16,runpod_secure,b200-sxm-180gb,B200,180GB,SXM,IB-NDR,OnDemand,NonInterruptible,OnDemand,EU,EU,DIF,T2IF,T3,6.7900,True,local-nvme,Available,v2.4.0,panel,EU-RO-1
2026-09-16,runpod_secure,b200-sxm-180gb,B200,180GB,SXM,IB-NDR,OnDemand,NonInterruptible,OnDemand,Other,Other,DIF,T2IF,T3,6.7900,True,local-nvme,Available,v2.4.0,panel,Global
2026-09-16,runpod_secure,b200-sxm-180gb,B200,180GB,SXM,IB-NDR,OnDemand,NonInterruptible,OnDemand,US-West,US,DIF,T2IF,T3,6.7900,True,local-nvme,Available,v2.4.0,panel,US-CA-2
2026-09-16,runpod_secure,b200-sxm-180gb,B200,180GB,SXM,IB-NDR,OnDemand,NonInterruptible,OnDemand,US-East,US,DIF,T2IF,T3,6.7900,True,local-nvme,Available,v2.4.0,panel,US-NC-2
2026-09-16,runpod_secure,b200-sxm-180gb,B200,180GB,SXM,IB-NDR,OnDemand,NonInterruptible,OnDemand,US-Central,US,DIF,T2IF,T3,6.7900,True,local-nvme,Available,v2.4.0,panel,US-NE-1
2026-09-16,runpod_secure,b200-sxm-180gb,B200,180GB,SXM,IB-NDR,1Y,NonInterruptible,Reserved,Other,Other,DIF,T2IF,T3,6.7900,True,local-nvme,Available,v2.4.0,panel,Global
2026-09-16,runpod_secure,b200-sxm-180gb,B200,180GB,SXM,IB-NDR,3M,NonInterruptible,Reserved,Other,Other,DIF,T2IF,T3,6.7900,True,local-nvme,Available,v2.4.0,panel,Global
2026-09-16,runpod_secure,b200-sxm-180gb,B200,180GB,SXM,IB-NDR,6M,NonInterruptible,Reserved,Other,Other,DIF,T2IF,T3,6.7900,True,local-nvme,Available,v2.4.0,panel,Global
2026-09-16,shakti_cloud,b200-sxm-180gb,B200,180GB,SXM,IB-Unspecified,1M,NonInterruptible,Reserved,APAC,APAC,SIF,T2IF,T2,4.9291,False,,Available,v2.4.0,panel,IN
2026-09-16,spheron,b200-sxm-180gb,B200,180GB,SXM,Unknown,OnDemand,NonInterruptible,OnDemand,Other,Other,DIF,T3IF,T3,7.2009,False,,Available,v2.4.0,panel,canada-1
2026-09-16,spheron,b200-sxm-180gb,B200,180GB,SXM,Unknown,OnDemand,NonInterruptible,OnDemand,Other,Other,DIF,T3IF,T3,9.3600,False,,Available,v2.4.0,panel,me-west-1
2026-09-16,spheron,b200-sxm-180gb,B200,180GB,SXM,Unknown,OnDemand,NonInterruptible,OnDemand,US-Central,US,DIF,T3IF,T3,9.3600,False,,Available,v2.4.0,panel,us-central-1
2026-09-16,spheron,b200-sxm-180gb,B200,180GB,SXM,Unknown,OnDemand,Interruptible,Spot,Other,Other,DIF,T3IF,T3,5.3730,False,,Available,v2.4.0,panel,me-west-1
2026-09-16,spheron,b200-sxm-180gb,B200,180GB,SXM,Unknown,OnDemand,Interruptible,Spot,US-Central,US,DIF,T3IF,T3,5.3376,False,,Available,v2.4.0,panel,us-central-1
2026-09-16,together,b200-sxm-180gb,B200,180GB,SXM,IB-NDR,OnDemand,NonInterruptible,OnDemand,US-East,US,SIF,T1IF,T2,8.1900,True,local-nvme;support-tier;observability;managed-ops-plane,Available,v2.4.0,panel,US
2026-09-16,together,b200-sxm-180gb,B200,180GB,SXM,IB-NDR,1M,NonInterruptible,Reserved,US-East,US,SIF,T1IF,T2,7.9900,True,local-nvme;support-tier;observability;managed-ops-plane,Available,v2.4.0,panel,US
2026-09-16,together,b200-sxm-180gb,B200,180GB,SXM,IB-NDR,3M,NonInterruptible,Reserved,US-East,US,SIF,T1IF,T2,7.7900,True,local-nvme;support-tier;observability;managed-ops-plane,Available,v2.4.0,panel,US
2026-09-16,together,b200-sxm-180gb,B200,180GB,SXM,IB-NDR,6M,NonInterruptible,Reserved,US-East,US,SIF,T1IF,T2,6.7900,True,local-nvme;support-tier;observability;managed-ops-plane,Available,v2.4.0,panel,US
2026-09-16,upcloud,b200-sxm-180gb,B200,180GB,SXM,Unknown,OnDemand,NonInterruptible,OnDemand,EU,EU,SIF,T2IF,T2,5.1926,False,,Available,v2.4.0,panel,EU-FI
2026-09-16,upcloud,b200-sxm-180gb,B200,180GB,SXM,Unknown,OnDemand,Interruptible,Spot,EU,EU,DIF,T2IF,T2,3.8944,False,,Available,v2.4.0,panel,EU-FI
2026-09-16,vast_ai,b200-sxm-180gb,B200,180GB,SXM,IB-NDR,OnDemand,NonInterruptible,OnDemand,US-East,US,DIF,T3IF,T3,7.3750,True,local-nvme,Available,v2.4.0,marketplace,", US"
2026-09-16,vast_ai,b200-sxm-180gb,B200,180GB,SXM,IB-NDR,OnDemand,NonInterruptible,OnDemand,US-East,US,DIF,T3IF,T3,7.9500,True,local-nvme,Available,v2.4.0,marketplace,"VIRGINIA, US"
2026-09-16,vultr,b200-sxm-180gb,B200,180GB,SXM,Unknown,OnDemand,NonInterruptible,OnDemand,Other,Other,SIF,T2IF,T2,8.5000,False,,SoldOut,v2.4.0,panel,Multi
2026-09-16,vultr,b200-sxm-180gb,B200,180GB,SXM,Unknown,OnDemand,Interruptible,Spot,Other,Other,DIF,T2IF,T2,3.2000,False,,SoldOut,v2.4.0,panel,Multi
2026-09-17,aws,b200-sxm-180gb,B200,180GB,SXM,EFA,OnDemand,NonInterruptible,OnDemand,APAC,APAC,HIF,T1IF,T1,20.0807,True,local-nvme;managed-ops-plane;support-tier;observability,Available,v2.4.0,panel,ap-south-1
2026-09-17,aws,b200-sxm-180gb,B200,180GB,SXM,EFA,OnDemand,NonInterruptible,OnDemand,APAC,APAC,HIF,T1IF,T1,20.0813,True,local-nvme;managed-ops-plane;support-tier;observability,Available,v2.4.0,panel,ap-south-2
2026-09-17,aws,b200-sxm-180gb,B200,180GB,SXM,EFA,OnDemand,NonInterruptible,OnDemand,EU,EU,HIF,T1IF,T1,17.9053,True,local-nvme;managed-ops-plane;support-tier;observability,Available,v2.4.0,panel,eu-north-1
2026-09-17,aws,b200-sxm-180gb,B200,180GB,SXM,EFA,OnDemand,NonInterruptible,OnDemand,US-East,US,HIF,T1IF,T1,14.2416,True,local-nvme;managed-ops-plane;support-tier;observability,Available,v2.4.0,panel,us-east-1
2026-09-17,aws,b200-sxm-180gb,B200,180GB,SXM,EFA,OnDemand,NonInterruptible,OnDemand,US-East,US,HIF,T1IF,T1,14.2416,True,local-nvme;managed-ops-plane;support-tier;observability,Available,v2.4.0,panel,us-east-2
2026-09-17,aws,b200-sxm-180gb,B200,180GB,SXM,EFA,OnDemand,NonInterruptible,OnDemand,US-West,US,HIF,T1IF,T1,14.2416,True,local-nvme;managed-ops-plane;support-tier;observability,Available,v2.4.0,panel,us-west-2
2026-09-17,aws,b200-sxm-180gb,B200,180GB,SXM,EFA,3Y,NonInterruptible,Reserved,APAC,APAC,HIF,T1IF,T1,8.6751,True,local-nvme;managed-ops-plane;support-tier;observability,Available,v2.4.0,panel,ap-south-2
2026-09-17,aws,b200-sxm-180gb,B200,180GB,SXM,EFA,3Y,NonInterruptible,Reserved,US-East,US,HIF,T1IF,T1,6.1524,True,local-nvme;managed-ops-plane;support-tier;observability,Available,v2.4.0,panel,us-east-1
2026-09-17,aws,b200-sxm-180gb,B200,180GB,SXM,EFA,3Y,NonInterruptible,Reserved,US-East,US,HIF,T1IF,T1,6.1524,True,local-nvme;managed-ops-plane;support-tier;observability,Available,v2.4.0,panel,us-east-2
2026-09-17,aws,b200-sxm-180gb,B200,180GB,SXM,EFA,3Y,NonInterruptible,Reserved,US-West,US,HIF,T1IF,T1,6.1524,True,local-nvme;managed-ops-plane;support-tier;observability,Available,v2.4.0,panel,us-west-2
2026-09-17,aws,b200-sxm-180gb,B200,180GB,SXM,EFA,OnDemand,Interruptible,Spot,APAC,APAC,DIF,T2IF,T1,6.0290,False,,Available,v2.4.0,panel,ap-south-1c
2026-09-17,aws,b200-sxm-180gb,B200,180GB,SXM,EFA,OnDemand,Interruptible,Spot,APAC,APAC,DIF,T2IF,T1,3.7301,False,,Available,v2.4.0,panel,ap-south-2b
2026-09-17,aws,b200-sxm-180gb,B200,180GB,SXM,EFA,OnDemand,Interruptible,Spot,EU,EU,DIF,T2IF,T1,1.9128,False,,Available,v2.4.0,panel,eu-north-1b
2026-09-17,aws,b200-sxm-180gb,B200,180GB,SXM,EFA,OnDemand,Interruptible,Spot,US-East,US,DIF,T2IF,T1,5.2607,False,,Available,v2.4.0,panel,us-east-1d
2026-09-17,aws,b200-sxm-180gb,B200,180GB,SXM,EFA,OnDemand,Interruptible,Spot,US-East,US,DIF,T2IF,T1,5.2842,False,,Available,v2.4.0,panel,us-east-2a
2026-09-17,aws,b200-sxm-180gb,B200,180GB,SXM,EFA,OnDemand,Interruptible,Spot,US-East,US,DIF,T2IF,T1,5.2904,False,,Available,v2.4.0,panel,us-east-2b
2026-09-17,aws,b200-sxm-180gb,B200,180GB,SXM,EFA,OnDemand,Interruptible,Spot,US-East,US,DIF,T2IF,T1,5.3093,False,,Available,v2.4.0,panel,us-east-2c
2026-09-17,aws,b200-sxm-180gb,B200,180GB,SXM,EFA,OnDemand,Interruptible,Spot,US-West,US,DIF,T2IF,T1,5.0834,False,,Available,v2.4.0,panel,us-west-2a
2026-09-17,aws,b200-sxm-180gb,B200,180GB,SXM,EFA,OnDemand,Interruptible,Spot,US-West,US,DIF,T2IF,T1,5.3093,False,,Available,v2.4.0,panel,us-west-2b
2026-09-17,aws,b200-sxm-180gb,B200,180GB,SXM,EFA,OnDemand,Interruptible,Spot,US-West,US,DIF,T2IF,T1,5.2783,False,,Available,v2.4.0,panel,us-west-2d
2026-09-17,aws_capacity_blocks,b200-sxm-180gb,B200,180GB,SXM,EFA,CapacityBlock,NonInterruptible,Reserved,Other,Other,HIF,T2IF,T1,12.3550,False,,Available,v2.4.0,term-panel,non-us
2026-09-17,aws_capacity_blocks,b200-sxm-180gb,B200,180GB,SXM,EFA,CapacityBlock,NonInterruptible,Reserved,US-East,US,HIF,T2IF,T1,12.3550,False,,Available,v2.4.0,term-panel,us-east-1
2026-09-17,civo,b200-sxm-180gb,B200,180GB,SXM,Unknown,1Y,NonInterruptible,Reserved,Other,Other,SIF,T2IF,T2,4.4900,False,,Available,v2.4.0,panel,
2026-09-17,civo,b200-sxm-180gb,B200,180GB,SXM,Unknown,2Y,NonInterruptible,Reserved,Other,Other,SIF,T2IF,T2,3.9900,False,,Available,v2.4.0,panel,
2026-09-17,civo,b200-sxm-180gb,B200,180GB,SXM,Unknown,3Y,NonInterruptible,Reserved,Other,Other,SIF,T2IF,T2,3.7900,False,,Available,v2.4.0,panel,
2026-09-17,coreweave,b200-sxm-180gb,B200,180GB,SXM,IB-NDR,OnDemand,NonInterruptible,OnDemand,EU,EU,IIF,T1IF,T2,8.6000,True,local-nvme;free-egress;support-tier;observability;managed-ops-plane,Available,v2.4.0,panel,EU
2026-09-17,coreweave,b200-sxm-180gb,B200,180GB,SXM,IB-NDR,OnDemand,NonInterruptible,OnDemand,US-East,US,IIF,T1IF,T2,8.6000,True,local-nvme;free-egress;support-tier;observability;managed-ops-plane,Available,v2.4.0,panel,US
2026-09-17,coreweave,b200-sxm-180gb,B200,180GB,SXM,IB-NDR,OnDemand,Interruptible,Spot,EU,EU,DIF,T1IF,T2,4.3588,True,local-nvme;free-egress;support-tier;observability;managed-ops-plane,Available,v2.4.0,panel,EU
2026-09-17,coreweave,b200-sxm-180gb,B200,180GB,SXM,IB-NDR,OnDemand,Interruptible,Spot,US-East,US,DIF,T1IF,T2,4.2638,True,local-nvme;free-egress;support-tier;observability;managed-ops-plane,Available,v2.4.0,panel,US
2026-09-17,datacrunch,b200-sxm-180gb,B200,180GB,SXM,IB-NDR,OnDemand,NonInterruptible,OnDemand,EU,EU,SIF,T2IF,T2,6.4213,True,local-nvme,Available,v2.4.0,panel,EU-FI
2026-09-17,datacrunch,b200-sxm-180gb,B200,180GB,SXM,IB-NDR,1M,NonInterruptible,Reserved,EU,EU,SIF,T2IF,T2,6.2928,True,local-nvme,Available,v2.4.0,panel,EU-FI
2026-09-17,datacrunch,b200-sxm-180gb,B200,180GB,SXM,IB-NDR,1Y,NonInterruptible,Reserved,EU,EU,SIF,T2IF,T2,5.9076,True,local-nvme,Available,v2.4.0,panel,EU-FI
2026-09-17,datacrunch,b200-sxm-180gb,B200,180GB,SXM,IB-NDR,2Y,NonInterruptible,Reserved,EU,EU,SIF,T2IF,T2,4.8159,True,local-nvme,Available,v2.4.0,panel,EU-FI
2026-09-17,datacrunch,b200-sxm-180gb,B200,180GB,SXM,IB-NDR,3M,NonInterruptible,Reserved,EU,EU,SIF,T2IF,T2,6.2286,True,local-nvme,Available,v2.4.0,panel,EU-FI
2026-09-17,datacrunch,b200-sxm-180gb,B200,180GB,SXM,IB-NDR,6M,NonInterruptible,Reserved,EU,EU,SIF,T2IF,T2,6.1644,True,local-nvme,Available,v2.4.0,panel,EU-FI
2026-09-17,datacrunch,b200-sxm-180gb,B200,180GB,SXM,IB-NDR,OnDemand,Interruptible,Spot,EU,EU,DIF,T2IF,T2,3.2100,True,local-nvme,Available,v2.4.0,panel,EU-FI
2026-09-17,deepinfra_gpu,b200-sxm-180gb,B200,180GB,SXM,,OnDemand,NonInterruptible,OnDemand,Other,Other,SIF,T2IF,T2,3.6900,False,,Available,v2.4.0,panel,undisclosed
2026-09-17,e2e,b200-sxm-180gb,B200,180GB,SXM,IB-NDR,OnDemand,NonInterruptible,OnDemand,APAC,APAC,IIF,T2IF,T2,6.9900,False,,Available,v2.4.0,panel,India
2026-09-17,gcp,b200-sxm-180gb,B200,180GB,SXM,IB-NDR,OnDemand,NonInterruptible,OnDemand,APAC,APAC,HIF,T1IF,T1,19.3320,True,local-nvme;managed-ops-plane;support-tier;observability,Available,v2.4.0,panel,asia-southeast1
2026-09-17,gcp,b200-sxm-180gb,B200,180GB,SXM,IB-NDR,OnDemand,NonInterruptible,OnDemand,EU,EU,HIF,T1IF,T1,17.7210,True,local-nvme;managed-ops-plane;support-tier;observability,Available,v2.4.0,panel,europe-west4
2026-09-17,gcp,b200-sxm-180gb,B200,180GB,SXM,IB-NDR,OnDemand,NonInterruptible,OnDemand,US-Central,US,HIF,T1IF,T1,16.1100,True,local-nvme;managed-ops-plane;support-tier;observability,Available,v2.4.0,panel,us-central1
2026-09-17,gcp,b200-sxm-180gb,B200,180GB,SXM,IB-NDR,OnDemand,NonInterruptible,OnDemand,US-East,US,HIF,T1IF,T1,16.1100,True,local-nvme;managed-ops-plane;support-tier;observability,Available,v2.4.0,panel,us-east1
2026-09-17,gcp,b200-sxm-180gb,B200,180GB,SXM,IB-NDR,1Y,NonInterruptible,Reserved,APAC,APAC,HIF,T1IF,T1,13.3391,True,local-nvme;managed-ops-plane;support-tier;observability,Available,v2.4.0,panel,asia-northeast1
2026-09-17,gcp,b200-sxm-180gb,B200,180GB,SXM,IB-NDR,1Y,NonInterruptible,Reserved,APAC,APAC,HIF,T1IF,T1,13.3391,True,local-nvme;managed-ops-plane;support-tier;observability,Available,v2.4.0,panel,asia-southeast1
2026-09-17,gcp,b200-sxm-180gb,B200,180GB,SXM,IB-NDR,1Y,NonInterruptible,Reserved,EU,EU,HIF,T1IF,T1,12.2275,True,local-nvme;managed-ops-plane;support-tier;observability,Available,v2.4.0,panel,europe-west4
2026-09-17,gcp,b200-sxm-180gb,B200,180GB,SXM,IB-NDR,1Y,NonInterruptible,Reserved,US-Central,US,HIF,T1IF,T1,11.1159,True,local-nvme;managed-ops-plane;support-tier;observability,Available,v2.4.0,panel,us-central1
2026-09-17,gcp,b200-sxm-180gb,B200,180GB,SXM,IB-NDR,1Y,NonInterruptible,Reserved,US-East,US,HIF,T1IF,T1,11.1159,True,local-nvme;managed-ops-plane;support-tier;observability,Available,v2.4.0,panel,us-east1
2026-09-17,gcp,b200-sxm-180gb,B200,180GB,SXM,IB-NDR,1Y,NonInterruptible,Reserved,US-South,US,HIF,T1IF,T1,11.1159,True,local-nvme;managed-ops-plane;support-tier;observability,Available,v2.4.0,panel,us-south1
2026-09-17,gcp,b200-sxm-180gb,B200,180GB,SXM,IB-NDR,1Y,NonInterruptible,Reserved,US-West,US,HIF,T1IF,T1,11.1159,True,local-nvme;managed-ops-plane;support-tier;observability,Available,v2.4.0,panel,us-west1
2026-09-17,gcp,b200-sxm-180gb,B200,180GB,SXM,IB-NDR,1Y,NonInterruptible,Reserved,US-West,US,HIF,T1IF,T1,11.1159,True,local-nvme;managed-ops-plane;support-tier;observability,Available,v2.4.0,panel,us-west2
2026-09-17,gcp,b200-sxm-180gb,B200,180GB,SXM,IB-NDR,1Y,NonInterruptible,Reserved,US-West,US,HIF,T1IF,T1,11.1159,True,local-nvme;managed-ops-plane;support-tier;observability,Available,v2.4.0,panel,us-west3
2026-09-17,gcp,b200-sxm-180gb,B200,180GB,SXM,IB-NDR,1Y,NonInterruptible,Reserved,US-West,US,HIF,T1IF,T1,11.1159,True,local-nvme;managed-ops-plane;support-tier;observability,Available,v2.4.0,panel,us-west4
2026-09-17,gcp,b200-sxm-180gb,B200,180GB,SXM,IB-NDR,3Y,NonInterruptible,Reserved,APAC,APAC,HIF,T1IF,T1,8.5061,True,local-nvme;managed-ops-plane;support-tier;observability,Available,v2.4.0,panel,asia-northeast1
2026-09-17,gcp,b200-sxm-180gb,B200,180GB,SXM,IB-NDR,3Y,NonInterruptible,Reserved,APAC,APAC,HIF,T1IF,T1,8.5061,True,local-nvme;managed-ops-plane;support-tier;observability,Available,v2.4.0,panel,asia-southeast1
2026-09-17,gcp,b200-sxm-180gb,B200,180GB,SXM,IB-NDR,3Y,NonInterruptible,Reserved,EU,EU,HIF,T1IF,T1,7.7972,True,local-nvme;managed-ops-plane;support-tier;observability,Available,v2.4.0,panel,europe-west4
2026-09-17,gcp,b200-sxm-180gb,B200,180GB,SXM,IB-NDR,3Y,NonInterruptible,Reserved,US-Central,US,HIF,T1IF,T1,7.0884,True,local-nvme;managed-ops-plane;support-tier;observability,Available,v2.4.0,panel,us-central1
2026-09-17,gcp,b200-sxm-180gb,B200,180GB,SXM,IB-NDR,3Y,NonInterruptible,Reserved,US-East,US,HIF,T1IF,T1,7.0884,True,local-nvme;managed-ops-plane;support-tier;observability,Available,v2.4.0,panel,us-east1
2026-09-17,gcp,b200-sxm-180gb,B200,180GB,SXM,IB-NDR,3Y,NonInterruptible,Reserved,US-South,US,HIF,T1IF,T1,7.0884,True,local-nvme;managed-ops-plane;support-tier;observability,Available,v2.4.0,panel,us-south1
2026-09-17,gcp,b200-sxm-180gb,B200,180GB,SXM,IB-NDR,3Y,NonInterruptible,Reserved,US-West,US,HIF,T1IF,T1,7.0884,True,local-nvme;managed-ops-plane;support-tier;observability,Available,v2.4.0,panel,us-west1
2026-09-17,gcp,b200-sxm-180gb,B200,180GB,SXM,IB-NDR,3Y,NonInterruptible,Reserved,US-West,US,HIF,T1IF,T1,7.0884,True,local-nvme;managed-ops-plane;support-tier;observability,Available,v2.4.0,panel,us-west2
2026-09-17,gcp,b200-sxm-180gb,B200,180GB,SXM,IB-NDR,3Y,NonInterruptible,Reserved,US-West,US,HIF,T1IF,T1,7.0884,True,local-nvme;managed-ops-plane;support-tier;observability,Available,v2.4.0,panel,us-west3
2026-09-17,gcp,b200-sxm-180gb,B200,180GB,SXM,IB-NDR,3Y,NonInterruptible,Reserved,US-West,US,HIF,T1IF,T1,7.0884,True,local-nvme;managed-ops-plane;support-tier;observability,Available,v2.4.0,panel,us-west4
2026-09-17,gcp,b200-sxm-180gb,B200,180GB,SXM,IB-NDR,OnDemand,Interruptible,Spot,APAC,APAC,DIF,T1IF,T1,6.2282,True,local-nvme;managed-ops-plane;support-tier;observability,Available,v2.4.0,panel,asia-northeast1
2026-09-17,gcp,b200-sxm-180gb,B200,180GB,SXM,IB-NDR,OnDemand,Interruptible,Spot,APAC,APAC,DIF,T1IF,T1,4.9021,True,local-nvme;managed-ops-plane;support-tier;observability,Available,v2.4.0,panel,asia-southeast1
2026-09-17,gcp,b200-sxm-180gb,B200,180GB,SXM,IB-NDR,OnDemand,Interruptible,Spot,EU,EU,DIF,T1IF,T1,5.4373,True,local-nvme;managed-ops-plane;support-tier;observability,Available,v2.4.0,panel,europe-north1
2026-09-17,gcp,b200-sxm-180gb,B200,180GB,SXM,IB-NDR,OnDemand,Interruptible,Spot,EU,EU,DIF,T1IF,T1,2.5322,True,local-nvme;managed-ops-plane;support-tier;observability,Available,v2.4.0,panel,europe-west1
2026-09-17,gcp,b200-sxm-180gb,B200,180GB,SXM,IB-NDR,OnDemand,Interruptible,Spot,EU,EU,DIF,T1IF,T1,5.1654,True,local-nvme;managed-ops-plane;support-tier;observability,Available,v2.4.0,panel,europe-west4
2026-09-17,gcp,b200-sxm-180gb,B200,180GB,SXM,IB-NDR,OnDemand,Interruptible,Spot,US-Central,US,DIF,T1IF,T1,4.9542,True,local-nvme;managed-ops-plane;support-tier;observability,Available,v2.4.0,panel,us-central1
2026-09-17,gcp,b200-sxm-180gb,B200,180GB,SXM,IB-NDR,OnDemand,Interruptible,Spot,US-East,US,DIF,T1IF,T1,4.9542,True,local-nvme;managed-ops-plane;support-tier;observability,Available,v2.4.0,panel,us-east1
2026-09-17,gcp,b200-sxm-180gb,B200,180GB,SXM,IB-NDR,OnDemand,Interruptible,Spot,US-East,US,DIF,T1IF,T1,4.0758,True,local-nvme;managed-ops-plane;support-tier;observability,Available,v2.4.0,panel,us-east4
2026-09-17,gcp,b200-sxm-180gb,B200,180GB,SXM,IB-NDR,OnDemand,Interruptible,Spot,US-South,US,DIF,T1IF,T1,4.4936,True,local-nvme;managed-ops-plane;support-tier;observability,Available,v2.4.0,panel,us-south1
2026-09-17,gcp,b200-sxm-180gb,B200,180GB,SXM,IB-NDR,OnDemand,Interruptible,Spot,US-West,US,DIF,T1IF,T1,4.0462,True,local-nvme;managed-ops-plane;support-tier;observability,Available,v2.4.0,panel,us-west2
2026-09-17,gcp,b200-sxm-180gb,B200,180GB,SXM,IB-NDR,OnDemand,Interruptible,Spot,US-West,US,DIF,T1IF,T1,5.1654,True,local-nvme;managed-ops-plane;support-tier;observability,Available,v2.4.0,panel,us-west3
2026-09-17,gcp_cud,b200-sxm-180gb,B200,180GB,SXM,IB-NDR,1Y,NonInterruptible,Reserved,APAC,APAC,HIF,T2IF,T1,13.3391,False,,Available,v2.4.0,candidate,asia-northeast1
2026-09-17,gcp_cud,b200-sxm-180gb,B200,180GB,SXM,IB-NDR,1Y,NonInterruptible,Reserved,APAC,APAC,HIF,T2IF,T1,13.3391,False,,Available,v2.4.0,candidate,asia-southeast1
2026-09-17,gcp_cud,b200-sxm-180gb,B200,180GB,SXM,IB-NDR,1Y,NonInterruptible,Reserved,EU,EU,HIF,T2IF,T1,12.2275,False,,Available,v2.4.0,candidate,europe-west4
2026-09-17,gcp_cud,b200-sxm-180gb,B200,180GB,SXM,IB-NDR,1Y,NonInterruptible,Reserved,US-Central,US,HIF,T2IF,T1,11.1159,False,,Available,v2.4.0,candidate,us-central1
2026-09-17,gcp_cud,b200-sxm-180gb,B200,180GB,SXM,IB-NDR,1Y,NonInterruptible,Reserved,US-East,US,HIF,T2IF,T1,11.1159,False,,Available,v2.4.0,candidate,us-east1
2026-09-17,gcp_cud,b200-sxm-180gb,B200,180GB,SXM,IB-NDR,1Y,NonInterruptible,Reserved,US-South,US,HIF,T2IF,T1,11.1159,False,,Available,v2.4.0,candidate,us-south1
2026-09-17,gcp_cud,b200-sxm-180gb,B200,180GB,SXM,IB-NDR,1Y,NonInterruptible,Reserved,US-West,US,HIF,T2IF,T1,11.1159,False,,Available,v2.4.0,candidate,us-west1
2026-09-17,gcp_cud,b200-sxm-180gb,B200,180GB,SXM,IB-NDR,1Y,NonInterruptible,Reserved,US-West,US,HIF,T2IF,T1,11.1159,False,,Available,v2.4.0,candidate,us-west2
2026-09-17,gcp_cud,b200-sxm-180gb,B200,180GB,SXM,IB-NDR,1Y,NonInterruptible,Reserved,US-West,US,HIF,T2IF,T1,11.1159,False,,Available,v2.4.0,candidate,us-west3
2026-09-17,gcp_cud,b200-sxm-180gb,B200,180GB,SXM,IB-NDR,1Y,NonInterruptible,Reserved,US-West,US,HIF,T2IF,T1,11.1159,False,,Available,v2.4.0,candidate,us-west4
2026-09-17,gcp_cud,b200-sxm-180gb,B200,180GB,SXM,IB-NDR,3Y,NonInterruptible,Reserved,APAC,APAC,HIF,T2IF,T1,8.5061,False,,Available,v2.4.0,candidate,asia-northeast1
2026-09-17,gcp_cud,b200-sxm-180gb,B200,180GB,SXM,IB-NDR,3Y,NonInterruptible,Reserved,APAC,APAC,HIF,T2IF,T1,8.5061,False,,Available,v2.4.0,candidate,asia-southeast1
2026-09-17,gcp_cud,b200-sxm-180gb,B200,180GB,SXM,IB-NDR,3Y,NonInterruptible,Reserved,EU,EU,HIF,T2IF,T1,7.7972,False,,Available,v2.4.0,candidate,europe-west4
2026-09-17,gcp_cud,b200-sxm-180gb,B200,180GB,SXM,IB-NDR,3Y,NonInterruptible,Reserved,US-Central,US,HIF,T2IF,T1,7.0884,False,,Available,v2.4.0,candidate,us-central1
2026-09-17,gcp_cud,b200-sxm-180gb,B200,180GB,SXM,IB-NDR,3Y,NonInterruptible,Reserved,US-East,US,HIF,T2IF,T1,7.0884,False,,Available,v2.4.0,candidate,us-east1
2026-09-17,gcp_cud,b200-sxm-180gb,B200,180GB,SXM,IB-NDR,3Y,NonInterruptible,Reserved,US-South,US,HIF,T2IF,T1,7.0884,False,,Available,v2.4.0,candidate,us-south1
2026-09-17,gcp_cud,b200-sxm-180gb,B200,180GB,SXM,IB-NDR,3Y,NonInterruptible,Reserved,US-West,US,HIF,T2IF,T1,7.0884,False,,Available,v2.4.0,candidate,us-west1
2026-09-17,gcp_cud,b200-sxm-180gb,B200,180GB,SXM,IB-NDR,3Y,NonInterruptible,Reserved,US-West,US,HIF,T2IF,T1,7.0884,False,,Available,v2.4.0,candidate,us-west2
2026-09-17,gcp_cud,b200-sxm-180gb,B200,180GB,SXM,IB-NDR,3Y,NonInterruptible,Reserved,US-West,US,HIF,T2IF,T1,7.0884,False,,Available,v2.4.0,candidate,us-west3
2026-09-17,gcp_cud,b200-sxm-180gb,B200,180GB,SXM,IB-NDR,3Y,NonInterruptible,Reserved,US-West,US,HIF,T2IF,T1,7.0884,False,,Available,v2.4.0,candidate,us-west4
2026-09-17,gcp_dws,b200-sxm-180gb,B200,180GB,SXM,IB-NDR,FlexStart,NonInterruptible,Reserved,US-Central,US,HIF,T2IF,T1,8.0550,False,,Available,v2.4.0,term-panel,us-central1
2026-09-17,gmi_cloud,b200-sxm-180gb,B200,180GB,SXM,IB-NDR,OnDemand,NonInterruptible,OnDemand,US-East,US,IIF,T2IF,T2,4.0000,False,,Available,v2.4.0,candidate,US
2026-09-17,hyperstack,b200-sxm-180gb,B200,180GB,SXM,IB-NDR,OnDemand,NonInterruptible,OnDemand,Other,Other,SIF,T2IF,T2,6.0000,True,local-nvme,Available,v2.4.0,panel,Multi
2026-09-17,hyperstack,b200-sxm-180gb,B200,180GB,SXM,IB-NDR,6M,NonInterruptible,Reserved,Other,Other,SIF,T2IF,T2,5.1000,True,local-nvme,Available,v2.4.0,panel,Multi
2026-09-17,koyeb,b200-sxm-180gb,B200,180GB,SXM,Unknown,OnDemand,NonInterruptible,OnDemand,Other,Other,SIF,T2IF,T2,5.5000,False,,Available,v2.4.0,candidate,Multi
2026-09-17,lambda,b200-sxm-180gb,B200,180GB,SXM,IB-NDR,OnDemand,NonInterruptible,OnDemand,US-East,US,IIF,T2IF,T2,6.6900,True,local-nvme,SoldOut,v2.4.0,panel,US
2026-09-17,lambda,b200-sxm-180gb,B200,180GB,SXM,IB-NDR,ReservedBand,NonInterruptible,Reserved,US-East,US,IIF,T2IF,T2,9.8600,True,local-nvme,Available,v2.4.0,panel,US
2026-09-17,lyceum,b200-sxm-180gb,B200,180GB,SXM,,OnDemand,NonInterruptible,OnDemand,Other,Other,SIF,T2IF,T2,6.2900,False,,Available,v2.4.0,candidate,EU (undisclosed)
2026-09-17,lyceum,b200-sxm-180gb,B200,180GB,SXM,,OnDemand,NonInterruptible,OnDemand,Other,Other,SIF,T2IF,T2,6.4900,False,,Available,v2.4.0,candidate,EU (undisclosed)
2026-09-17,massed_compute,b200-sxm-180gb,B200,180GB,SXM,Unknown,OnDemand,NonInterruptible,OnDemand,US-East,US,DIF,T3IF,T3,5.4325,False,,Available,v2.4.0,panel,US
2026-09-17,nebius,b200-sxm-180gb,B200,180GB,SXM,IB-NDR,OnDemand,NonInterruptible,OnDemand,Other,Other,IIF,T1IF,T2,7.1500,True,observability;managed-ops-plane;free-egress,Available,v2.4.0,panel,
2026-09-17,nebius,b200-sxm-180gb,B200,180GB,SXM,IB-NDR,OnDemand,Interruptible,Spot,Other,Other,DIF,T1IF,T2,3.9500,True,observability;managed-ops-plane;free-egress,Available,v2.4.0,panel,
2026-09-17,oci,b200-sxm-180gb,B200,180GB,SXM,RoCE-v2,OnDemand,NonInterruptible,OnDemand,US-East,US,HIF,T1IF,T1,14.0000,True,local-nvme;egress-capped;managed-ops-plane;support-tier;observability,Available,v2.4.0,panel,us-ashburn-1
2026-09-17,qubrid,b200-sxm-180gb,B200,180GB,SXM,Unknown,1Y,NonInterruptible,Reserved,Other,Other,SIF,T2IF,T2,4.2500,False,,Available,v2.4.0,panel,
2026-09-17,runpod_community,b200-sxm-180gb,B200,180GB,SXM,Unknown,OnDemand,NonInterruptible,OnDemand,Other,Other,DIF,T3IF,T3,5.9800,False,,SoldOut,v2.4.0,panel,Global
2026-09-17,runpod_secure,b200-sxm-180gb,B200,180GB,SXM,IB-NDR,OnDemand,NonInterruptible,OnDemand,EU,EU,DIF,T2IF,T3,6.7900,True,local-nvme,Available,v2.4.0,panel,EU-RO-1
2026-09-17,runpod_secure,b200-sxm-180gb,B200,180GB,SXM,IB-NDR,OnDemand,NonInterruptible,OnDemand,Other,Other,DIF,T2IF,T3,6.7900,True,local-nvme,Available,v2.4.0,panel,Global
2026-09-17,runpod_secure,b200-sxm-180gb,B200,180GB,SXM,IB-NDR,OnDemand,NonInterruptible,OnDemand,US-West,US,DIF,T2IF,T3,6.7900,True,local-nvme,Available,v2.4.0,panel,US-CA-2
2026-09-17,runpod_secure,b200-sxm-180gb,B200,180GB,SXM,IB-NDR,OnDemand,NonInterruptible,OnDemand,US-East,US,DIF,T2IF,T3,6.7900,True,local-nvme,Available,v2.4.0,panel,US-NC-2
2026-09-17,runpod_secure,b200-sxm-180gb,B200,180GB,SXM,IB-NDR,OnDemand,NonInterruptible,OnDemand,US-Central,US,DIF,T2IF,T3,6.7900,True,local-nvme,Available,v2.4.0,panel,US-NE-1
2026-09-17,runpod_secure,b200-sxm-180gb,B200,180GB,SXM,IB-NDR,1Y,NonInterruptible,Reserved,Other,Other,DIF,T2IF,T3,6.7900,True,local-nvme,Available,v2.4.0,panel,Global
2026-09-17,runpod_secure,b200-sxm-180gb,B200,180GB,SXM,IB-NDR,3M,NonInterruptible,Reserved,Other,Other,DIF,T2IF,T3,6.7900,True,local-nvme,Available,v2.4.0,panel,Global
2026-09-17,runpod_secure,b200-sxm-180gb,B200,180GB,SXM,IB-NDR,6M,NonInterruptible,Reserved,Other,Other,DIF,T2IF,T3,6.7900,True,local-nvme,Available,v2.4.0,panel,Global
2026-09-17,shakti_cloud,b200-sxm-180gb,B200,180GB,SXM,IB-Unspecified,1M,NonInterruptible,Reserved,APAC,APAC,SIF,T2IF,T2,4.9289,False,,Available,v2.4.0,panel,IN
2026-09-17,spheron,b200-sxm-180gb,B200,180GB,SXM,Unknown,OnDemand,NonInterruptible,OnDemand,Other,Other,DIF,T3IF,T3,9.3600,False,,Available,v2.4.0,panel,me-west-1
2026-09-17,spheron,b200-sxm-180gb,B200,180GB,SXM,Unknown,OnDemand,NonInterruptible,OnDemand,US-Central,US,DIF,T3IF,T3,9.3600,False,,Available,v2.4.0,panel,us-central-1
2026-09-17,spheron,b200-sxm-180gb,B200,180GB,SXM,Unknown,OnDemand,Interruptible,Spot,Other,Other,DIF,T3IF,T3,5.3376,False,,Available,v2.4.0,panel,me-west-1
2026-09-17,spheron,b200-sxm-180gb,B200,180GB,SXM,Unknown,OnDemand,Interruptible,Spot,US-Central,US,DIF,T3IF,T3,5.3730,False,,Available,v2.4.0,panel,us-central-1
2026-09-17,together,b200-sxm-180gb,B200,180GB,SXM,IB-NDR,OnDemand,NonInterruptible,OnDemand,US-East,US,SIF,T1IF,T2,8.1900,True,local-nvme;support-tier;observability;managed-ops-plane,Available,v2.4.0,panel,US
2026-09-17,together,b200-sxm-180gb,B200,180GB,SXM,IB-NDR,1M,NonInterruptible,Reserved,US-East,US,SIF,T1IF,T2,7.9900,True,local-nvme;support-tier;observability;managed-ops-plane,Available,v2.4.0,panel,US
2026-09-17,together,b200-sxm-180gb,B200,180GB,SXM,IB-NDR,3M,NonInterruptible,Reserved,US-East,US,SIF,T1IF,T2,7.7900,True,local-nvme;support-tier;observability;managed-ops-plane,Available,v2.4.0,panel,US
2026-09-17,together,b200-sxm-180gb,B200,180GB,SXM,IB-NDR,6M,NonInterruptible,Reserved,US-East,US,SIF,T1IF,T2,6.7900,True,local-nvme;support-tier;observability;managed-ops-plane,Available,v2.4.0,panel,US
2026-09-17,upcloud,b200-sxm-180gb,B200,180GB,SXM,Unknown,OnDemand,NonInterruptible,OnDemand,EU,EU,SIF,T2IF,T2,5.1916,False,,Available,v2.4.0,panel,EU-FI
2026-09-17,upcloud,b200-sxm-180gb,B200,180GB,SXM,Unknown,OnDemand,Interruptible,Spot,EU,EU,DIF,T2IF,T2,3.8937,False,,Available,v2.4.0,panel,EU-FI
2026-09-17,vast_ai,b200-sxm-180gb,B200,180GB,SXM,IB-NDR,OnDemand,NonInterruptible,OnDemand,APAC,APAC,DIF,T3IF,T3,3.7500,True,local-nvme,Available,v2.4.0,marketplace,"AUSTRALIA, AU"
2026-09-17,vast_ai,b200-sxm-180gb,B200,180GB,SXM,IB-NDR,OnDemand,NonInterruptible,OnDemand,US-East,US,DIF,T3IF,T3,8.0188,True,local-nvme,Available,v2.4.0,marketplace,"VIRGINIA, US"
2026-09-17,vultr,b200-sxm-180gb,B200,180GB,SXM,Unknown,OnDemand,NonInterruptible,OnDemand,Other,Other,SIF,T2IF,T2,8.5000,False,,SoldOut,v2.4.0,panel,Multi
2026-09-17,vultr,b200-sxm-180gb,B200,180GB,SXM,Unknown,OnDemand,Interruptible,Spot,Other,Other,DIF,T2IF,T2,3.2000,False,,SoldOut,v2.4.0,panel,Multi
2026-09-18,aws,b200-sxm-180gb,B200,180GB,SXM,EFA,OnDemand,NonInterruptible,OnDemand,APAC,APAC,HIF,T1IF,T1,20.0807,True,local-nvme;managed-ops-plane;support-tier;observability,Available,v2.4.0,panel,ap-south-1
2026-09-18,aws,b200-sxm-180gb,B200,180GB,SXM,EFA,OnDemand,NonInterruptible,OnDemand,APAC,APAC,HIF,T1IF,T1,20.0813,True,local-nvme;managed-ops-plane;support-tier;observability,Available,v2.4.0,panel,ap-south-2
2026-09-18,aws,b200-sxm-180gb,B200,180GB,SXM,EFA,OnDemand,NonInterruptible,OnDemand,EU,EU,HIF,T1IF,T1,17.9053,True,local-nvme;managed-ops-plane;support-tier;observability,Available,v2.4.0,panel,eu-north-1
2026-09-18,aws,b200-sxm-180gb,B200,180GB,SXM,EFA,OnDemand,NonInterruptible,OnDemand,US-East,US,HIF,T1IF,T1,14.2416,True,local-nvme;managed-ops-plane;support-tier;observability,Available,v2.4.0,panel,us-east-1
2026-09-18,aws,b200-sxm-180gb,B200,180GB,SXM,EFA,OnDemand,NonInterruptible,OnDemand,US-East,US,HIF,T1IF,T1,14.2416,True,local-nvme;managed-ops-plane;support-tier;observability,Available,v2.4.0,panel,us-east-2
2026-09-18,aws,b200-sxm-180gb,B200,180GB,SXM,EFA,OnDemand,NonInterruptible,OnDemand,US-West,US,HIF,T1IF,T1,14.2416,True,local-nvme;managed-ops-plane;support-tier;observability,Available,v2.4.0,panel,us-west-2
2026-09-18,aws,b200-sxm-180gb,B200,180GB,SXM,EFA,3Y,NonInterruptible,Reserved,APAC,APAC,HIF,T1IF,T1,8.6751,True,local-nvme;managed-ops-plane;support-tier;observability,Available,v2.4.0,panel,ap-south-2
2026-09-18,aws,b200-sxm-180gb,B200,180GB,SXM,EFA,3Y,NonInterruptible,Reserved,US-East,US,HIF,T1IF,T1,6.1524,True,local-nvme;managed-ops-plane;support-tier;observability,Available,v2.4.0,panel,us-east-1
2026-09-18,aws,b200-sxm-180gb,B200,180GB,SXM,EFA,3Y,NonInterruptible,Reserved,US-East,US,HIF,T1IF,T1,6.1524,True,local-nvme;managed-ops-plane;support-tier;observability,Available,v2.4.0,panel,us-east-2
2026-09-18,aws,b200-sxm-180gb,B200,180GB,SXM,EFA,3Y,NonInterruptible,Reserved,US-West,US,HIF,T1IF,T1,6.1524,True,local-nvme;managed-ops-plane;support-tier;observability,Available,v2.4.0,panel,us-west-2
2026-09-18,aws,b200-sxm-180gb,B200,180GB,SXM,EFA,OnDemand,Interruptible,Spot,APAC,APAC,DIF,T2IF,T1,6.0437,False,,Available,v2.4.0,panel,ap-south-1c
2026-09-18,aws,b200-sxm-180gb,B200,180GB,SXM,EFA,OnDemand,Interruptible,Spot,APAC,APAC,DIF,T2IF,T1,3.5531,False,,Available,v2.4.0,panel,ap-south-2b
2026-09-18,aws,b200-sxm-180gb,B200,180GB,SXM,EFA,OnDemand,Interruptible,Spot,EU,EU,DIF,T2IF,T1,1.9571,False,,Available,v2.4.0,panel,eu-north-1b
2026-09-18,aws,b200-sxm-180gb,B200,180GB,SXM,EFA,OnDemand,Interruptible,Spot,US-East,US,DIF,T2IF,T1,5.2612,False,,Available,v2.4.0,panel,us-east-1d
2026-09-18,aws,b200-sxm-180gb,B200,180GB,SXM,EFA,OnDemand,Interruptible,Spot,US-East,US,DIF,T2IF,T1,5.2842,False,,Available,v2.4.0,panel,us-east-2a
2026-09-18,aws,b200-sxm-180gb,B200,180GB,SXM,EFA,OnDemand,Interruptible,Spot,US-East,US,DIF,T2IF,T1,5.2906,False,,Available,v2.4.0,panel,us-east-2b
2026-09-18,aws,b200-sxm-180gb,B200,180GB,SXM,EFA,OnDemand,Interruptible,Spot,US-East,US,DIF,T2IF,T1,5.3093,False,,Available,v2.4.0,panel,us-east-2c
2026-09-18,aws,b200-sxm-180gb,B200,180GB,SXM,EFA,OnDemand,Interruptible,Spot,US-West,US,DIF,T2IF,T1,5.0670,False,,Available,v2.4.0,panel,us-west-2a
2026-09-18,aws,b200-sxm-180gb,B200,180GB,SXM,EFA,OnDemand,Interruptible,Spot,US-West,US,DIF,T2IF,T1,5.3093,False,,Available,v2.4.0,panel,us-west-2b
2026-09-18,aws,b200-sxm-180gb,B200,180GB,SXM,EFA,OnDemand,Interruptible,Spot,US-West,US,DIF,T2IF,T1,5.2798,False,,Available,v2.4.0,panel,us-west-2d
2026-09-18,aws_capacity_blocks,b200-sxm-180gb,B200,180GB,SXM,EFA,CapacityBlock,NonInterruptible,Reserved,Other,Other,HIF,T2IF,T1,12.3550,False,,Available,v2.4.0,term-panel,non-us
2026-09-18,aws_capacity_blocks,b200-sxm-180gb,B200,180GB,SXM,EFA,CapacityBlock,NonInterruptible,Reserved,US-East,US,HIF,T2IF,T1,12.3550,False,,Available,v2.4.0,term-panel,us-east-1
2026-09-18,civo,b200-sxm-180gb,B200,180GB,SXM,Unknown,1Y,NonInterruptible,Reserved,Other,Other,SIF,T2IF,T2,4.4900,False,,Available,v2.4.0,panel,
2026-09-18,civo,b200-sxm-180gb,B200,180GB,SXM,Unknown,2Y,NonInterruptible,Reserved,Other,Other,SIF,T2IF,T2,3.9900,False,,Available,v2.4.0,panel,
2026-09-18,civo,b200-sxm-180gb,B200,180GB,SXM,Unknown,3Y,NonInterruptible,Reserved,Other,Other,SIF,T2IF,T2,3.7900,False,,Available,v2.4.0,panel,
2026-09-18,coreweave,b200-sxm-180gb,B200,180GB,SXM,IB-NDR,OnDemand,NonInterruptible,OnDemand,EU,EU,IIF,T1IF,T2,8.6000,True,local-nvme;free-egress;support-tier;observability;managed-ops-plane,Available,v2.4.0,panel,EU
2026-09-18,coreweave,b200-sxm-180gb,B200,180GB,SXM,IB-NDR,OnDemand,NonInterruptible,OnDemand,US-East,US,IIF,T1IF,T2,8.6000,True,local-nvme;free-egress;support-tier;observability;managed-ops-plane,Available,v2.4.0,panel,US
2026-09-18,coreweave,b200-sxm-180gb,B200,180GB,SXM,IB-NDR,OnDemand,Interruptible,Spot,EU,EU,DIF,T1IF,T2,4.3588,True,local-nvme;free-egress;support-tier;observability;managed-ops-plane,Available,v2.4.0,panel,EU
2026-09-18,coreweave,b200-sxm-180gb,B200,180GB,SXM,IB-NDR,OnDemand,Interruptible,Spot,US-East,US,DIF,T1IF,T2,4.2638,True,local-nvme;free-egress;support-tier;observability;managed-ops-plane,Available,v2.4.0,panel,US
2026-09-18,datacrunch,b200-sxm-180gb,B200,180GB,SXM,IB-NDR,OnDemand,NonInterruptible,OnDemand,EU,EU,SIF,T2IF,T2,6.4850,True,local-nvme,Available,v2.4.0,panel,EU-FI
2026-09-18,datacrunch,b200-sxm-180gb,B200,180GB,SXM,IB-NDR,1M,NonInterruptible,Reserved,EU,EU,SIF,T2IF,T2,6.3553,True,local-nvme,Available,v2.4.0,panel,EU-FI
2026-09-18,datacrunch,b200-sxm-180gb,B200,180GB,SXM,IB-NDR,1Y,NonInterruptible,Reserved,EU,EU,SIF,T2IF,T2,5.9662,True,local-nvme,Available,v2.4.0,panel,EU-FI
2026-09-18,datacrunch,b200-sxm-180gb,B200,180GB,SXM,IB-NDR,2Y,NonInterruptible,Reserved,EU,EU,SIF,T2IF,T2,4.8638,True,local-nvme,Available,v2.4.0,panel,EU-FI
2026-09-18,datacrunch,b200-sxm-180gb,B200,180GB,SXM,IB-NDR,3M,NonInterruptible,Reserved,EU,EU,SIF,T2IF,T2,6.2905,True,local-nvme,Available,v2.4.0,panel,EU-FI
2026-09-18,datacrunch,b200-sxm-180gb,B200,180GB,SXM,IB-NDR,6M,NonInterruptible,Reserved,EU,EU,SIF,T2IF,T2,6.2256,True,local-nvme,Available,v2.4.0,panel,EU-FI
2026-09-18,datacrunch,b200-sxm-180gb,B200,180GB,SXM,IB-NDR,OnDemand,Interruptible,Spot,EU,EU,DIF,T2IF,T2,3.2425,True,local-nvme,Available,v2.4.0,panel,EU-FI
2026-09-18,deepinfra_gpu,b200-sxm-180gb,B200,180GB,SXM,,OnDemand,NonInterruptible,OnDemand,Other,Other,SIF,T2IF,T2,3.6900,False,,Available,v2.4.0,panel,undisclosed
2026-09-18,e2e,b200-sxm-180gb,B200,180GB,SXM,IB-NDR,OnDemand,NonInterruptible,OnDemand,APAC,APAC,IIF,T2IF,T2,6.9900,False,,Available,v2.4.0,panel,India
2026-09-18,gcp,b200-sxm-180gb,B200,180GB,SXM,IB-NDR,OnDemand,NonInterruptible,OnDemand,APAC,APAC,HIF,T1IF,T1,19.3320,True,local-nvme;managed-ops-plane;support-tier;observability,Available,v2.4.0,panel,asia-southeast1
2026-09-18,gcp,b200-sxm-180gb,B200,180GB,SXM,IB-NDR,OnDemand,NonInterruptible,OnDemand,EU,EU,HIF,T1IF,T1,17.7210,True,local-nvme;managed-ops-plane;support-tier;observability,Available,v2.4.0,panel,europe-west4
2026-09-18,gcp,b200-sxm-180gb,B200,180GB,SXM,IB-NDR,OnDemand,NonInterruptible,OnDemand,US-Central,US,HIF,T1IF,T1,16.1100,True,local-nvme;managed-ops-plane;support-tier;observability,Available,v2.4.0,panel,us-central1
2026-09-18,gcp,b200-sxm-180gb,B200,180GB,SXM,IB-NDR,OnDemand,NonInterruptible,OnDemand,US-East,US,HIF,T1IF,T1,16.1100,True,local-nvme;managed-ops-plane;support-tier;observability,Available,v2.4.0,panel,us-east1
2026-09-18,gcp,b200-sxm-180gb,B200,180GB,SXM,IB-NDR,1Y,NonInterruptible,Reserved,APAC,APAC,HIF,T1IF,T1,13.3391,True,local-nvme;managed-ops-plane;support-tier;observability,Available,v2.4.0,panel,asia-northeast1
2026-09-18,gcp,b200-sxm-180gb,B200,180GB,SXM,IB-NDR,1Y,NonInterruptible,Reserved,APAC,APAC,HIF,T1IF,T1,13.3391,True,local-nvme;managed-ops-plane;support-tier;observability,Available,v2.4.0,panel,asia-southeast1
2026-09-18,gcp,b200-sxm-180gb,B200,180GB,SXM,IB-NDR,1Y,NonInterruptible,Reserved,EU,EU,HIF,T1IF,T1,12.2275,True,local-nvme;managed-ops-plane;support-tier;observability,Available,v2.4.0,panel,europe-west4
2026-09-18,gcp,b200-sxm-180gb,B200,180GB,SXM,IB-NDR,1Y,NonInterruptible,Reserved,US-Central,US,HIF,T1IF,T1,11.1159,True,local-nvme;managed-ops-plane;support-tier;observability,Available,v2.4.0,panel,us-central1
2026-09-18,gcp,b200-sxm-180gb,B200,180GB,SXM,IB-NDR,1Y,NonInterruptible,Reserved,US-East,US,HIF,T1IF,T1,11.1159,True,local-nvme;managed-ops-plane;support-tier;observability,Available,v2.4.0,panel,us-east1
2026-09-18,gcp,b200-sxm-180gb,B200,180GB,SXM,IB-NDR,1Y,NonInterruptible,Reserved,US-South,US,HIF,T1IF,T1,11.1159,True,local-nvme;managed-ops-plane;support-tier;observability,Available,v2.4.0,panel,us-south1
2026-09-18,gcp,b200-sxm-180gb,B200,180GB,SXM,IB-NDR,1Y,NonInterruptible,Reserved,US-West,US,HIF,T1IF,T1,11.1159,True,local-nvme;managed-ops-plane;support-tier;observability,Available,v2.4.0,panel,us-west1
2026-09-18,gcp,b200-sxm-180gb,B200,180GB,SXM,IB-NDR,1Y,NonInterruptible,Reserved,US-West,US,HIF,T1IF,T1,11.1159,True,local-nvme;managed-ops-plane;support-tier;observability,Available,v2.4.0,panel,us-west2
2026-09-18,gcp,b200-sxm-180gb,B200,180GB,SXM,IB-NDR,1Y,NonInterruptible,Reserved,US-West,US,HIF,T1IF,T1,11.1159,True,local-nvme;managed-ops-plane;support-tier;observability,Available,v2.4.0,panel,us-west3
2026-09-18,gcp,b200-sxm-180gb,B200,180GB,SXM,IB-NDR,1Y,NonInterruptible,Reserved,US-West,US,HIF,T1IF,T1,11.1159,True,local-nvme;managed-ops-plane;support-tier;observability,Available,v2.4.0,panel,us-west4
2026-09-18,gcp,b200-sxm-180gb,B200,180GB,SXM,IB-NDR,3Y,NonInterruptible,Reserved,APAC,APAC,HIF,T1IF,T1,8.5061,True,local-nvme;managed-ops-plane;support-tier;observability,Available,v2.4.0,panel,asia-northeast1
2026-09-18,gcp,b200-sxm-180gb,B200,180GB,SXM,IB-NDR,3Y,NonInterruptible,Reserved,APAC,APAC,HIF,T1IF,T1,8.5061,True,local-nvme;managed-ops-plane;support-tier;observability,Available,v2.4.0,panel,asia-southeast1
2026-09-18,gcp,b200-sxm-180gb,B200,180GB,SXM,IB-NDR,3Y,NonInterruptible,Reserved,EU,EU,HIF,T1IF,T1,7.7972,True,local-nvme;managed-ops-plane;support-tier;observability,Available,v2.4.0,panel,europe-west4
2026-09-18,gcp,b200-sxm-180gb,B200,180GB,SXM,IB-NDR,3Y,NonInterruptible,Reserved,US-Central,US,HIF,T1IF,T1,7.0884,True,local-nvme;managed-ops-plane;support-tier;observability,Available,v2.4.0,panel,us-central1
2026-09-18,gcp,b200-sxm-180gb,B200,180GB,SXM,IB-NDR,3Y,NonInterruptible,Reserved,US-East,US,HIF,T1IF,T1,7.0884,True,local-nvme;managed-ops-plane;support-tier;observability,Available,v2.4.0,panel,us-east1
2026-09-18,gcp,b200-sxm-180gb,B200,180GB,SXM,IB-NDR,3Y,NonInterruptible,Reserved,US-South,US,HIF,T1IF,T1,7.0884,True,local-nvme;managed-ops-plane;support-tier;observability,Available,v2.4.0,panel,us-south1
2026-09-18,gcp,b200-sxm-180gb,B200,180GB,SXM,IB-NDR,3Y,NonInterruptible,Reserved,US-West,US,HIF,T1IF,T1,7.0884,True,local-nvme;managed-ops-plane;support-tier;observability,Available,v2.4.0,panel,us-west1
2026-09-18,gcp,b200-sxm-180gb,B200,180GB,SXM,IB-NDR,3Y,NonInterruptible,Reserved,US-West,US,HIF,T1IF,T1,7.0884,True,local-nvme;managed-ops-plane;support-tier;observability,Available,v2.4.0,panel,us-west2
2026-09-18,gcp,b200-sxm-180gb,B200,180GB,SXM,IB-NDR,3Y,NonInterruptible,Reserved,US-West,US,HIF,T1IF,T1,7.0884,True,local-nvme;managed-ops-plane;support-tier;observability,Available,v2.4.0,panel,us-west3
2026-09-18,gcp,b200-sxm-180gb,B200,180GB,SXM,IB-NDR,3Y,NonInterruptible,Reserved,US-West,US,HIF,T1IF,T1,7.0884,True,local-nvme;managed-ops-plane;support-tier;observability,Available,v2.4.0,panel,us-west4
2026-09-18,gcp,b200-sxm-180gb,B200,180GB,SXM,IB-NDR,OnDemand,Interruptible,Spot,APAC,APAC,DIF,T1IF,T1,6.2282,True,local-nvme;managed-ops-plane;support-tier;observability,Available,v2.4.0,panel,asia-northeast1
2026-09-18,gcp,b200-sxm-180gb,B200,180GB,SXM,IB-NDR,OnDemand,Interruptible,Spot,APAC,APAC,DIF,T1IF,T1,4.9021,True,local-nvme;managed-ops-plane;support-tier;observability,Available,v2.4.0,panel,asia-southeast1
2026-09-18,gcp,b200-sxm-180gb,B200,180GB,SXM,IB-NDR,OnDemand,Interruptible,Spot,EU,EU,DIF,T1IF,T1,5.4373,True,local-nvme;managed-ops-plane;support-tier;observability,Available,v2.4.0,panel,europe-north1
2026-09-18,gcp,b200-sxm-180gb,B200,180GB,SXM,IB-NDR,OnDemand,Interruptible,Spot,EU,EU,DIF,T1IF,T1,2.5322,True,local-nvme;managed-ops-plane;support-tier;observability,Available,v2.4.0,panel,europe-west1
2026-09-18,gcp,b200-sxm-180gb,B200,180GB,SXM,IB-NDR,OnDemand,Interruptible,Spot,EU,EU,DIF,T1IF,T1,5.1654,True,local-nvme;managed-ops-plane;support-tier;observability,Available,v2.4.0,panel,europe-west4
2026-09-18,gcp,b200-sxm-180gb,B200,180GB,SXM,IB-NDR,OnDemand,Interruptible,Spot,US-Central,US,DIF,T1IF,T1,4.9542,True,local-nvme;managed-ops-plane;support-tier;observability,Available,v2.4.0,panel,us-central1
2026-09-18,gcp,b200-sxm-180gb,B200,180GB,SXM,IB-NDR,OnDemand,Interruptible,Spot,US-East,US,DIF,T1IF,T1,4.9542,True,local-nvme;managed-ops-plane;support-tier;observability,Available,v2.4.0,panel,us-east1
2026-09-18,gcp,b200-sxm-180gb,B200,180GB,SXM,IB-NDR,OnDemand,Interruptible,Spot,US-East,US,DIF,T1IF,T1,4.0758,True,local-nvme;managed-ops-plane;support-tier;observability,Available,v2.4.0,panel,us-east4
2026-09-18,gcp,b200-sxm-180gb,B200,180GB,SXM,IB-NDR,OnDemand,Interruptible,Spot,US-South,US,DIF,T1IF,T1,4.4936,True,local-nvme;managed-ops-plane;support-tier;observability,Available,v2.4.0,panel,us-south1
2026-09-18,gcp,b200-sxm-180gb,B200,180GB,SXM,IB-NDR,OnDemand,Interruptible,Spot,US-West,US,DIF,T1IF,T1,4.0462,True,local-nvme;managed-ops-plane;support-tier;observability,Available,v2.4.0,panel,us-west2
2026-09-18,gcp,b200-sxm-180gb,B200,180GB,SXM,IB-NDR,OnDemand,Interruptible,Spot,US-West,US,DIF,T1IF,T1,5.1654,True,local-nvme;managed-ops-plane;support-tier;observability,Available,v2.4.0,panel,us-west3
2026-09-18,gcp_cud,b200-sxm-180gb,B200,180GB,SXM,IB-NDR,1Y,NonInterruptible,Reserved,APAC,APAC,HIF,T2IF,T1,13.3391,False,,Available,v2.4.0,candidate,asia-northeast1
2026-09-18,gcp_cud,b200-sxm-180gb,B200,180GB,SXM,IB-NDR,1Y,NonInterruptible,Reserved,APAC,APAC,HIF,T2IF,T1,13.3391,False,,Available,v2.4.0,candidate,asia-southeast1
2026-09-18,gcp_cud,b200-sxm-180gb,B200,180GB,SXM,IB-NDR,1Y,NonInterruptible,Reserved,EU,EU,HIF,T2IF,T1,12.2275,False,,Available,v2.4.0,candidate,europe-west4
2026-09-18,gcp_cud,b200-sxm-180gb,B200,180GB,SXM,IB-NDR,1Y,NonInterruptible,Reserved,US-Central,US,HIF,T2IF,T1,11.1159,False,,Available,v2.4.0,candidate,us-central1
2026-09-18,gcp_cud,b200-sxm-180gb,B200,180GB,SXM,IB-NDR,1Y,NonInterruptible,Reserved,US-East,US,HIF,T2IF,T1,11.1159,False,,Available,v2.4.0,candidate,us-east1
2026-09-18,gcp_cud,b200-sxm-180gb,B200,180GB,SXM,IB-NDR,1Y,NonInterruptible,Reserved,US-South,US,HIF,T2IF,T1,11.1159,False,,Available,v2.4.0,candidate,us-south1
2026-09-18,gcp_cud,b200-sxm-180gb,B200,180GB,SXM,IB-NDR,1Y,NonInterruptible,Reserved,US-West,US,HIF,T2IF,T1,11.1159,False,,Available,v2.4.0,candidate,us-west1
2026-09-18,gcp_cud,b200-sxm-180gb,B200,180GB,SXM,IB-NDR,1Y,NonInterruptible,Reserved,US-West,US,HIF,T2IF,T1,11.1159,False,,Available,v2.4.0,candidate,us-west2
2026-09-18,gcp_cud,b200-sxm-180gb,B200,180GB,SXM,IB-NDR,1Y,NonInterruptible,Reserved,US-West,US,HIF,T2IF,T1,11.1159,False,,Available,v2.4.0,candidate,us-west3
2026-09-18,gcp_cud,b200-sxm-180gb,B200,180GB,SXM,IB-NDR,1Y,NonInterruptible,Reserved,US-West,US,HIF,T2IF,T1,11.1159,False,,Available,v2.4.0,candidate,us-west4
2026-09-18,gcp_cud,b200-sxm-180gb,B200,180GB,SXM,IB-NDR,3Y,NonInterruptible,Reserved,APAC,APAC,HIF,T2IF,T1,8.5061,False,,Available,v2.4.0,candidate,asia-northeast1
2026-09-18,gcp_cud,b200-sxm-180gb,B200,180GB,SXM,IB-NDR,3Y,NonInterruptible,Reserved,APAC,APAC,HIF,T2IF,T1,8.5061,False,,Available,v2.4.0,candidate,asia-southeast1
2026-09-18,gcp_cud,b200-sxm-180gb,B200,180GB,SXM,IB-NDR,3Y,NonInterruptible,Reserved,EU,EU,HIF,T2IF,T1,7.7972,False,,Available,v2.4.0,candidate,europe-west4
2026-09-18,gcp_cud,b200-sxm-180gb,B200,180GB,SXM,IB-NDR,3Y,NonInterruptible,Reserved,US-Central,US,HIF,T2IF,T1,7.0884,False,,Available,v2.4.0,candidate,us-central1
2026-09-18,gcp_cud,b200-sxm-180gb,B200,180GB,SXM,IB-NDR,3Y,NonInterruptible,Reserved,US-East,US,HIF,T2IF,T1,7.0884,False,,Available,v2.4.0,candidate,us-east1
2026-09-18,gcp_cud,b200-sxm-180gb,B200,180GB,SXM,IB-NDR,3Y,NonInterruptible,Reserved,US-South,US,HIF,T2IF,T1,7.0884,False,,Available,v2.4.0,candidate,us-south1
2026-09-18,gcp_cud,b200-sxm-180gb,B200,180GB,SXM,IB-NDR,3Y,NonInterruptible,Reserved,US-West,US,HIF,T2IF,T1,7.0884,False,,Available,v2.4.0,candidate,us-west1
2026-09-18,gcp_cud,b200-sxm-180gb,B200,180GB,SXM,IB-NDR,3Y,NonInterruptible,Reserved,US-West,US,HIF,T2IF,T1,7.0884,False,,Available,v2.4.0,candidate,us-west2
2026-09-18,gcp_cud,b200-sxm-180gb,B200,180GB,SXM,IB-NDR,3Y,NonInterruptible,Reserved,US-West,US,HIF,T2IF,T1,7.0884,False,,Available,v2.4.0,candidate,us-west3
2026-09-18,gcp_cud,b200-sxm-180gb,B200,180GB,SXM,IB-NDR,3Y,NonInterruptible,Reserved,US-West,US,HIF,T2IF,T1,7.0884,False,,Available,v2.4.0,candidate,us-west4
2026-09-18,gcp_dws,b200-sxm-180gb,B200,180GB,SXM,IB-NDR,FlexStart,NonInterruptible,Reserved,US-Central,US,HIF,T2IF,T1,8.0550,False,,Available,v2.4.0,term-panel,us-central1
2026-09-18,gmi_cloud,b200-sxm-180gb,B200,180GB,SXM,IB-NDR,OnDemand,NonInterruptible,OnDemand,US-East,US,IIF,T2IF,T2,4.0000,False,,Available,v2.4.0,candidate,US
2026-09-18,hyperstack,b200-sxm-180gb,B200,180GB,SXM,IB-NDR,OnDemand,NonInterruptible,OnDemand,Other,Other,SIF,T2IF,T2,6.0000,True,local-nvme,Available,v2.4.0,panel,Multi
2026-09-18,hyperstack,b200-sxm-180gb,B200,180GB,SXM,IB-NDR,6M,NonInterruptible,Reserved,Other,Other,SIF,T2IF,T2,5.1000,True,local-nvme,Available,v2.4.0,panel,Multi
2026-09-18,koyeb,b200-sxm-180gb,B200,180GB,SXM,Unknown,OnDemand,NonInterruptible,OnDemand,Other,Other,SIF,T2IF,T2,5.5000,False,,Available,v2.4.0,candidate,Multi
2026-09-18,lambda,b200-sxm-180gb,B200,180GB,SXM,IB-NDR,OnDemand,NonInterruptible,OnDemand,US-East,US,IIF,T2IF,T2,6.6900,True,local-nvme,SoldOut,v2.4.0,panel,US
2026-09-18,lambda,b200-sxm-180gb,B200,180GB,SXM,IB-NDR,ReservedBand,NonInterruptible,Reserved,US-East,US,IIF,T2IF,T2,9.8600,True,local-nvme,Available,v2.4.0,panel,US
2026-09-18,lyceum,b200-sxm-180gb,B200,180GB,SXM,,OnDemand,NonInterruptible,OnDemand,Other,Other,SIF,T2IF,T2,6.2900,False,,Available,v2.4.0,candidate,EU (undisclosed)
2026-09-18,lyceum,b200-sxm-180gb,B200,180GB,SXM,,OnDemand,NonInterruptible,OnDemand,Other,Other,SIF,T2IF,T2,6.4900,False,,Available,v2.4.0,candidate,EU (undisclosed)
2026-09-18,massed_compute,b200-sxm-180gb,B200,180GB,SXM,Unknown,OnDemand,NonInterruptible,OnDemand,US-East,US,DIF,T3IF,T3,5.4325,False,,Available,v2.4.0,panel,US
2026-09-18,nebius,b200-sxm-180gb,B200,180GB,SXM,IB-NDR,OnDemand,NonInterruptible,OnDemand,Other,Other,IIF,T1IF,T2,7.1500,True,observability;managed-ops-plane;free-egress,Available,v2.4.0,panel,
2026-09-18,nebius,b200-sxm-180gb,B200,180GB,SXM,IB-NDR,OnDemand,Interruptible,Spot,Other,Other,DIF,T1IF,T2,3.9500,True,observability;managed-ops-plane;free-egress,Available,v2.4.0,panel,
2026-09-18,oci,b200-sxm-180gb,B200,180GB,SXM,RoCE-v2,OnDemand,NonInterruptible,OnDemand,US-East,US,HIF,T1IF,T1,14.0000,True,local-nvme;egress-capped;managed-ops-plane;support-tier;observability,Available,v2.4.0,panel,us-ashburn-1
2026-09-18,qubrid,b200-sxm-180gb,B200,180GB,SXM,Unknown,1Y,NonInterruptible,Reserved,Other,Other,SIF,T2IF,T2,4.2500,False,,Available,v2.4.0,panel,
2026-09-18,runpod_community,b200-sxm-180gb,B200,180GB,SXM,Unknown,OnDemand,NonInterruptible,OnDemand,Other,Other,DIF,T3IF,T3,5.9800,False,,SoldOut,v2.4.0,panel,Global
2026-09-18,runpod_secure,b200-sxm-180gb,B200,180GB,SXM,IB-NDR,OnDemand,NonInterruptible,OnDemand,EU,EU,DIF,T2IF,T3,6.7900,True,local-nvme,Available,v2.4.0,panel,EU-RO-1
2026-09-18,runpod_secure,b200-sxm-180gb,B200,180GB,SXM,IB-NDR,OnDemand,NonInterruptible,OnDemand,Other,Other,DIF,T2IF,T3,6.7900,True,local-nvme,Available,v2.4.0,panel,Global
2026-09-18,runpod_secure,b200-sxm-180gb,B200,180GB,SXM,IB-NDR,OnDemand,NonInterruptible,OnDemand,US-West,US,DIF,T2IF,T3,6.7900,True,local-nvme,Available,v2.4.0,panel,US-CA-2
2026-09-18,runpod_secure,b200-sxm-180gb,B200,180GB,SXM,IB-NDR,OnDemand,NonInterruptible,OnDemand,US-East,US,DIF,T2IF,T3,6.7900,True,local-nvme,Available,v2.4.0,panel,US-NC-2
2026-09-18,runpod_secure,b200-sxm-180gb,B200,180GB,SXM,IB-NDR,OnDemand,NonInterruptible,OnDemand,US-Central,US,DIF,T2IF,T3,6.7900,True,local-nvme,Available,v2.4.0,panel,US-NE-1
2026-09-18,runpod_secure,b200-sxm-180gb,B200,180GB,SXM,IB-NDR,1Y,NonInterruptible,Reserved,Other,Other,DIF,T2IF,T3,6.7900,True,local-nvme,Available,v2.4.0,panel,Global
2026-09-18,runpod_secure,b200-sxm-180gb,B200,180GB,SXM,IB-NDR,3M,NonInterruptible,Reserved,Other,Other,DIF,T2IF,T3,6.7900,True,local-nvme,Available,v2.4.0,panel,Global
2026-09-18,runpod_secure,b200-sxm-180gb,B200,180GB,SXM,IB-NDR,6M,NonInterruptible,Reserved,Other,Other,DIF,T2IF,T3,6.7900,True,local-nvme,Available,v2.4.0,panel,Global
2026-09-18,shakti_cloud,b200-sxm-180gb,B200,180GB,SXM,IB-Unspecified,1M,NonInterruptible,Reserved,APAC,APAC,SIF,T2IF,T2,4.9302,False,,Available,v2.4.0,panel,IN
2026-09-18,spheron,b200-sxm-180gb,B200,180GB,SXM,Unknown,OnDemand,NonInterruptible,OnDemand,US-Central,US,DIF,T3IF,T3,9.3600,False,,Available,v2.4.0,panel,us-central-1
2026-09-18,spheron,b200-sxm-180gb,B200,180GB,SXM,Unknown,OnDemand,Interruptible,Spot,Other,Other,DIF,T3IF,T3,5.3730,False,,Available,v2.4.0,panel,me-west-1
2026-09-18,spheron,b200-sxm-180gb,B200,180GB,SXM,Unknown,OnDemand,Interruptible,Spot,US-Central,US,DIF,T3IF,T3,5.3730,False,,Available,v2.4.0,panel,us-central-1
2026-09-18,together,b200-sxm-180gb,B200,180GB,SXM,IB-NDR,OnDemand,NonInterruptible,OnDemand,US-East,US,SIF,T1IF,T2,8.1900,True,local-nvme;support-tier;observability;managed-ops-plane,Available,v2.4.0,panel,US
2026-09-18,together,b200-sxm-180gb,B200,180GB,SXM,IB-NDR,1M,NonInterruptible,Reserved,US-East,US,SIF,T1IF,T2,7.9900,True,local-nvme;support-tier;observability;managed-ops-plane,Available,v2.4.0,panel,US
2026-09-18,together,b200-sxm-180gb,B200,180GB,SXM,IB-NDR,3M,NonInterruptible,Reserved,US-East,US,SIF,T1IF,T2,7.7900,True,local-nvme;support-tier;observability;managed-ops-plane,Available,v2.4.0,panel,US
2026-09-18,together,b200-sxm-180gb,B200,180GB,SXM,IB-NDR,6M,NonInterruptible,Reserved,US-East,US,SIF,T1IF,T2,6.7900,True,local-nvme;support-tier;observability;managed-ops-plane,Available,v2.4.0,panel,US
2026-09-18,vultr,b200-sxm-180gb,B200,180GB,SXM,Unknown,OnDemand,NonInterruptible,OnDemand,Other,Other,SIF,T2IF,T2,8.5000,False,,SoldOut,v2.4.0,panel,Multi
2026-09-18,vultr,b200-sxm-180gb,B200,180GB,SXM,Unknown,OnDemand,Interruptible,Spot,Other,Other,DIF,T2IF,T2,3.2000,False,,SoldOut,v2.4.0,panel,Multi
