as_of_date,source_name,silicon_id,gpu_model,gpu_variant,form_factor,interconnect_substrate,commitment_term,interruptibility,deployment_class,region,region_country,factory_type,tier_v3,operator_tier,price_usd_per_hour,bundled,bundled_inclusions,availability_state,methodology_version,source_status
2026-05-13,aws,a100-sxm-80gb,A100,80GB,SXM,EFA,OnDemand,NonInterruptible,OnDemand,US-East,US,HIF,T2IF,T1,3.4309,True,local-nvme;managed-ops-plane;support-tier;observability,Available,v2.2.1,panel
2026-05-13,aws,a100-sxm-80gb,A100,80GB,SXM,EFA,1Y,NonInterruptible,Reserved,US-East,US,HIF,T2IF,T1,2.1752,True,local-nvme;managed-ops-plane;support-tier;observability,Available,v2.2.1,panel
2026-05-13,aws,a100-sxm-80gb,A100,80GB,SXM,EFA,3Y,NonInterruptible,Reserved,US-East,US,HIF,T2IF,T1,1.4647,True,local-nvme;managed-ops-plane;support-tier;observability,Available,v2.2.1,panel
2026-05-13,aws,a100-sxm-80gb,A100,80GB,SXM,EFA,OnDemand,Interruptible,Spot,US-West,US,DIF,T2IF,T1,1.8074,False,,Available,v2.2.1,panel
2026-05-13,aws,a100-sxm-80gb,A100,80GB,SXM,EFA,OnDemand,Interruptible,Spot,US-East,US,DIF,T2IF,T1,1.7078,False,,Available,v2.2.1,panel
2026-05-13,azure,a100-sxm-80gb,A100,80GB,SXM,IB-HDR,OnDemand,NonInterruptible,OnDemand,US-East,US,HIF,T2IF,T1,4.0963,True,local-nvme;managed-ops-plane;support-tier;observability,Available,v2.2.1,panel
2026-05-13,azure,a100-sxm-80gb,A100,80GB,SXM,IB-HDR,1Y,NonInterruptible,Reserved,US-East,US,HIF,T2IF,T1,2.6216,True,local-nvme;managed-ops-plane;support-tier;observability,Available,v2.2.1,panel
2026-05-13,azure,a100-sxm-80gb,A100,80GB,SXM,IB-HDR,3Y,NonInterruptible,Reserved,US-East,US,HIF,T2IF,T1,1.8024,True,local-nvme;managed-ops-plane;support-tier;observability,Available,v2.2.1,panel
2026-05-13,coreweave,a100-sxm-80gb,A100,80GB,SXM,IB-HDR,OnDemand,NonInterruptible,OnDemand,US-East,US,IIF,T2IF,T2,2.7000,True,local-nvme;free-egress;support-tier;observability;managed-ops-plane,Available,v2.2.1,panel
2026-05-13,coreweave,a100-sxm-80gb,A100,80GB,SXM,IB-HDR,OnDemand,Interruptible,Spot,US-East,US,DIF,T2IF,T2,1.2063,True,local-nvme;free-egress;support-tier;observability;managed-ops-plane,Available,v2.2.1,panel
2026-05-13,crusoe,a100-sxm-80gb,A100,80GB,SXM,IB-HDR,OnDemand,NonInterruptible,OnDemand,US-East,US,IIF,T2IF,T2,1.9500,True,local-nvme;free-egress,Available,v2.2.1,panel
2026-05-13,datacrunch,a100-sxm-80gb,A100,80GB,SXM,IB-HDR,OnDemand,NonInterruptible,OnDemand,EU,EU,SIF,T2IF,T2,1.2900,True,local-nvme,Available,v2.2.1,panel
2026-05-13,datacrunch,a100-sxm-80gb,A100,80GB,SXM,IB-HDR,OnDemand,Interruptible,Spot,EU,EU,DIF,T2IF,T2,0.4515,True,local-nvme,Available,v2.2.1,panel
2026-05-13,denvr,a100-sxm-80gb,A100,80GB,SXM,IB-HDR,OnDemand,NonInterruptible,OnDemand,Other,Other,SIF,T2IF,T2,1.3000,True,local-nvme,Available,v2.2.1,panel
2026-05-13,hyperstack,a100-sxm-80gb,A100,80GB,SXM,Ethernet,OnDemand,NonInterruptible,OnDemand,Other,Other,SIF,,T2,1.6000,True,local-nvme,Available,v2.2.1,panel
2026-05-13,lambda,a100-sxm-80gb,A100,80GB,SXM,Unknown,OnDemand,NonInterruptible,OnDemand,US-East,US,IIF,T3IF,T2,2.7900,True,local-nvme,Available,v2.2.1,panel
2026-05-13,massed_compute,a100-sxm-80gb,A100,80GB,SXM,Unknown,OnDemand,NonInterruptible,OnDemand,US-East,US,DIF,T3IF,T3,1.2800,False,,Available,v2.2.1,panel
2026-05-13,oci,a100-sxm-80gb,A100,80GB,SXM,RoCE-v2,OnDemand,NonInterruptible,OnDemand,US-East,US,HIF,T2IF,T1,4.0000,True,local-nvme;egress-capped;managed-ops-plane;support-tier;observability,Available,v2.2.1,panel
2026-05-13,runpod_cluster,a100-sxm-80gb,A100,80GB,SXM,IB-HDR,OnDemand,NonInterruptible,OnDemand,Other,Other,DIF,T2IF,T3,1.7880,True,local-nvme,Available,v2.2.1,panel
2026-05-13,runpod_community,a100-sxm-80gb,A100,80GB,SXM,Unknown,OnDemand,NonInterruptible,OnDemand,Other,Other,DIF,T3IF,T3,1.3900,False,,Available,v2.2.1,panel
2026-05-13,runpod_secure,a100-sxm-80gb,A100,80GB,SXM,IB-HDR,OnDemand,NonInterruptible,OnDemand,Other,Other,DIF,T2IF,T3,1.4900,True,local-nvme,Available,v2.2.1,panel
2026-05-13,runpod_secure,a100-sxm-80gb,A100,80GB,SXM,IB-HDR,OnDemand,Interruptible,Spot,Other,Other,DIF,T2IF,T3,1.3900,True,local-nvme,Available,v2.2.1,panel
2026-05-13,tensordock,a100-sxm-80gb,A100,80GB,SXM,Unknown,OnDemand,NonInterruptible,OnDemand,Other,Other,DIF,T3IF,T3,0.8500,False,,Available,v2.2.1,panel
2026-05-13,vast_ai,a100-sxm-80gb,A100,80GB,SXM,Unknown,OnDemand,NonInterruptible,OnDemand,Other,Other,DIF,T3IF,T3,0.8933,True,local-nvme,Available,v2.2.1,marketplace
2026-05-13,vast_ai,a100-sxm-80gb,A100,80GB,SXM,Unknown,OnDemand,NonInterruptible,OnDemand,EU,EU,DIF,T3IF,T3,0.5067,True,local-nvme,Available,v2.2.1,marketplace
2026-05-13,vast_ai,a100-sxm-80gb,A100,80GB,SXM,Unknown,OnDemand,NonInterruptible,OnDemand,US-Central,US,DIF,T3IF,T3,1.0000,True,local-nvme,Available,v2.2.1,marketplace
2026-05-13,vultr,a100-sxm-80gb,A100,80GB,SXM,Unknown,OnDemand,NonInterruptible,OnDemand,Other,Other,SIF,T2IF,T2,2.8000,False,,Available,v2.2.1,panel
2026-05-13,vultr,a100-sxm-80gb,A100,80GB,SXM,Unknown,OnDemand,Interruptible,Spot,Other,Other,DIF,T2IF,T2,1.4900,False,,Available,v2.2.1,panel
2026-05-14,aws,a100-sxm-80gb,A100,80GB,SXM,EFA,OnDemand,NonInterruptible,OnDemand,US-East,US,HIF,T2IF,T1,3.4309,True,local-nvme;managed-ops-plane;support-tier;observability,Available,v2.2.1,panel
2026-05-14,aws,a100-sxm-80gb,A100,80GB,SXM,EFA,1Y,NonInterruptible,Reserved,US-East,US,HIF,T2IF,T1,2.1752,True,local-nvme;managed-ops-plane;support-tier;observability,Available,v2.2.1,panel
2026-05-14,aws,a100-sxm-80gb,A100,80GB,SXM,EFA,3Y,NonInterruptible,Reserved,US-East,US,HIF,T2IF,T1,1.4647,True,local-nvme;managed-ops-plane;support-tier;observability,Available,v2.2.1,panel
2026-05-14,aws,a100-sxm-80gb,A100,80GB,SXM,EFA,OnDemand,Interruptible,Spot,US-West,US,DIF,T2IF,T1,1.7409,False,,Available,v2.2.1,panel
2026-05-14,aws,a100-sxm-80gb,A100,80GB,SXM,EFA,OnDemand,Interruptible,Spot,US-East,US,DIF,T2IF,T1,1.7889,False,,Available,v2.2.1,panel
2026-05-14,azure,a100-sxm-80gb,A100,80GB,SXM,IB-HDR,OnDemand,NonInterruptible,OnDemand,US-East,US,HIF,T2IF,T1,4.0963,True,local-nvme;managed-ops-plane;support-tier;observability,Available,v2.2.1,panel
2026-05-14,azure,a100-sxm-80gb,A100,80GB,SXM,IB-HDR,1Y,NonInterruptible,Reserved,US-East,US,HIF,T2IF,T1,2.6216,True,local-nvme;managed-ops-plane;support-tier;observability,Available,v2.2.1,panel
2026-05-14,azure,a100-sxm-80gb,A100,80GB,SXM,IB-HDR,3Y,NonInterruptible,Reserved,US-East,US,HIF,T2IF,T1,1.8024,True,local-nvme;managed-ops-plane;support-tier;observability,Available,v2.2.1,panel
2026-05-14,coreweave,a100-sxm-80gb,A100,80GB,SXM,IB-HDR,OnDemand,NonInterruptible,OnDemand,US-East,US,IIF,T2IF,T2,2.7000,True,local-nvme;free-egress;support-tier;observability;managed-ops-plane,Available,v2.2.1,panel
2026-05-14,coreweave,a100-sxm-80gb,A100,80GB,SXM,IB-HDR,OnDemand,Interruptible,Spot,US-East,US,DIF,T2IF,T2,1.2063,True,local-nvme;free-egress;support-tier;observability;managed-ops-plane,Available,v2.2.1,panel
2026-05-14,crusoe,a100-sxm-80gb,A100,80GB,SXM,IB-HDR,OnDemand,NonInterruptible,OnDemand,US-East,US,IIF,T2IF,T2,1.9500,True,local-nvme;free-egress,Available,v2.2.1,panel
2026-05-14,datacrunch,a100-sxm-80gb,A100,80GB,SXM,IB-HDR,OnDemand,NonInterruptible,OnDemand,EU,EU,SIF,T2IF,T2,1.2900,True,local-nvme,Available,v2.2.1,panel
2026-05-14,datacrunch,a100-sxm-80gb,A100,80GB,SXM,IB-HDR,OnDemand,Interruptible,Spot,EU,EU,DIF,T2IF,T2,0.4515,True,local-nvme,Available,v2.2.1,panel
2026-05-14,denvr,a100-sxm-80gb,A100,80GB,SXM,IB-HDR,OnDemand,NonInterruptible,OnDemand,Other,Other,SIF,T2IF,T2,1.3000,True,local-nvme,Available,v2.2.1,panel
2026-05-14,hyperstack,a100-sxm-80gb,A100,80GB,SXM,Ethernet,OnDemand,NonInterruptible,OnDemand,Other,Other,SIF,,T2,1.6000,True,local-nvme,Available,v2.2.1,panel
2026-05-14,lambda,a100-sxm-80gb,A100,80GB,SXM,Unknown,OnDemand,NonInterruptible,OnDemand,US-East,US,IIF,T3IF,T2,2.7900,True,local-nvme,Available,v2.2.1,panel
2026-05-14,massed_compute,a100-sxm-80gb,A100,80GB,SXM,Unknown,OnDemand,NonInterruptible,OnDemand,US-East,US,DIF,T3IF,T3,1.2800,False,,Available,v2.2.1,panel
2026-05-14,oci,a100-sxm-80gb,A100,80GB,SXM,RoCE-v2,OnDemand,NonInterruptible,OnDemand,US-East,US,HIF,T2IF,T1,4.0000,True,local-nvme;egress-capped;managed-ops-plane;support-tier;observability,Available,v2.2.1,panel
2026-05-14,runpod_cluster,a100-sxm-80gb,A100,80GB,SXM,IB-HDR,OnDemand,NonInterruptible,OnDemand,Other,Other,DIF,T2IF,T3,1.7880,True,local-nvme,Available,v2.2.1,panel
2026-05-14,runpod_community,a100-sxm-80gb,A100,80GB,SXM,Unknown,OnDemand,NonInterruptible,OnDemand,Other,Other,DIF,T3IF,T3,1.3900,False,,Available,v2.2.1,panel
2026-05-14,runpod_secure,a100-sxm-80gb,A100,80GB,SXM,IB-HDR,OnDemand,NonInterruptible,OnDemand,Other,Other,DIF,T2IF,T3,1.4900,True,local-nvme,Available,v2.2.1,panel
2026-05-14,runpod_secure,a100-sxm-80gb,A100,80GB,SXM,IB-HDR,OnDemand,Interruptible,Spot,Other,Other,DIF,T2IF,T3,1.3900,True,local-nvme,Available,v2.2.1,panel
2026-05-14,tensordock,a100-sxm-80gb,A100,80GB,SXM,Unknown,OnDemand,NonInterruptible,OnDemand,Other,Other,DIF,T3IF,T3,0.8629,False,,Available,v2.2.1,panel
2026-05-14,vast_ai,a100-sxm-80gb,A100,80GB,SXM,Unknown,OnDemand,NonInterruptible,OnDemand,US-Central,US,DIF,T3IF,T3,1.0000,True,local-nvme,Available,v2.2.1,marketplace
2026-05-14,vast_ai,a100-sxm-80gb,A100,80GB,SXM,Unknown,OnDemand,NonInterruptible,OnDemand,EU,EU,DIF,T3IF,T3,0.5067,True,local-nvme,Available,v2.2.1,marketplace
2026-05-14,vast_ai,a100-sxm-80gb,A100,80GB,SXM,Unknown,OnDemand,NonInterruptible,OnDemand,Other,Other,DIF,T3IF,T3,0.8933,True,local-nvme,Available,v2.2.1,marketplace
2026-05-14,vast_ai,a100-sxm-80gb,A100,80GB,SXM,Unknown,OnDemand,NonInterruptible,OnDemand,APAC,APAC,DIF,T3IF,T3,0.7560,True,local-nvme,Available,v2.2.1,marketplace
2026-05-14,vultr,a100-sxm-80gb,A100,80GB,SXM,Unknown,OnDemand,NonInterruptible,OnDemand,Other,Other,SIF,T2IF,T2,2.8000,False,,Available,v2.2.1,panel
2026-05-14,vultr,a100-sxm-80gb,A100,80GB,SXM,Unknown,OnDemand,Interruptible,Spot,Other,Other,DIF,T2IF,T2,1.4900,False,,Available,v2.2.1,panel
2026-05-15,aws,a100-sxm-80gb,A100,80GB,SXM,EFA,OnDemand,NonInterruptible,OnDemand,US-East,US,HIF,T2IF,T1,3.4309,True,local-nvme;managed-ops-plane;support-tier;observability,Available,v2.2.1,panel
2026-05-15,aws,a100-sxm-80gb,A100,80GB,SXM,EFA,1Y,NonInterruptible,Reserved,US-East,US,HIF,T2IF,T1,2.1752,True,local-nvme;managed-ops-plane;support-tier;observability,Available,v2.2.1,panel
2026-05-15,aws,a100-sxm-80gb,A100,80GB,SXM,EFA,3Y,NonInterruptible,Reserved,US-East,US,HIF,T2IF,T1,1.4647,True,local-nvme;managed-ops-plane;support-tier;observability,Available,v2.2.1,panel
2026-05-15,aws,a100-sxm-80gb,A100,80GB,SXM,EFA,OnDemand,Interruptible,Spot,US-East,US,DIF,T2IF,T1,1.8086,False,,Available,v2.2.1,panel
2026-05-15,aws,a100-sxm-80gb,A100,80GB,SXM,EFA,OnDemand,Interruptible,Spot,US-West,US,DIF,T2IF,T1,1.7025,False,,Available,v2.2.1,panel
2026-05-15,azure,a100-sxm-80gb,A100,80GB,SXM,IB-HDR,OnDemand,NonInterruptible,OnDemand,US-East,US,HIF,T2IF,T1,4.0963,True,local-nvme;managed-ops-plane;support-tier;observability,Available,v2.2.1,panel
2026-05-15,azure,a100-sxm-80gb,A100,80GB,SXM,IB-HDR,1Y,NonInterruptible,Reserved,US-East,US,HIF,T2IF,T1,2.6216,True,local-nvme;managed-ops-plane;support-tier;observability,Available,v2.2.1,panel
2026-05-15,azure,a100-sxm-80gb,A100,80GB,SXM,IB-HDR,3Y,NonInterruptible,Reserved,US-East,US,HIF,T2IF,T1,1.8024,True,local-nvme;managed-ops-plane;support-tier;observability,Available,v2.2.1,panel
2026-05-15,coreweave,a100-sxm-80gb,A100,80GB,SXM,IB-HDR,OnDemand,NonInterruptible,OnDemand,US-East,US,IIF,T2IF,T2,2.7000,True,local-nvme;free-egress;support-tier;observability;managed-ops-plane,Available,v2.2.1,panel
2026-05-15,coreweave,a100-sxm-80gb,A100,80GB,SXM,IB-HDR,OnDemand,Interruptible,Spot,US-East,US,DIF,T2IF,T2,1.2063,True,local-nvme;free-egress;support-tier;observability;managed-ops-plane,Available,v2.2.1,panel
2026-05-15,crusoe,a100-sxm-80gb,A100,80GB,SXM,IB-HDR,OnDemand,NonInterruptible,OnDemand,US-East,US,IIF,T2IF,T2,1.9500,True,local-nvme;free-egress,Available,v2.2.1,panel
2026-05-15,datacrunch,a100-sxm-80gb,A100,80GB,SXM,IB-HDR,OnDemand,NonInterruptible,OnDemand,EU,EU,SIF,T2IF,T2,1.2900,True,local-nvme,Available,v2.2.1,panel
2026-05-15,datacrunch,a100-sxm-80gb,A100,80GB,SXM,IB-HDR,OnDemand,Interruptible,Spot,EU,EU,DIF,T2IF,T2,0.4515,True,local-nvme,Available,v2.2.1,panel
2026-05-15,denvr,a100-sxm-80gb,A100,80GB,SXM,IB-HDR,OnDemand,NonInterruptible,OnDemand,Other,Other,SIF,T2IF,T2,1.3000,True,local-nvme,Available,v2.2.1,panel
2026-05-15,hyperstack,a100-sxm-80gb,A100,80GB,SXM,Ethernet,OnDemand,NonInterruptible,OnDemand,Other,Other,SIF,,T2,1.6000,True,local-nvme,Available,v2.2.1,panel
2026-05-15,lambda,a100-sxm-80gb,A100,80GB,SXM,Unknown,OnDemand,NonInterruptible,OnDemand,US-East,US,IIF,T3IF,T2,2.7900,True,local-nvme,Available,v2.2.1,panel
2026-05-15,massed_compute,a100-sxm-80gb,A100,80GB,SXM,Unknown,OnDemand,NonInterruptible,OnDemand,US-East,US,DIF,T3IF,T3,1.2800,False,,Available,v2.2.1,panel
2026-05-15,oci,a100-sxm-80gb,A100,80GB,SXM,RoCE-v2,OnDemand,NonInterruptible,OnDemand,US-East,US,HIF,T2IF,T1,4.0000,True,local-nvme;egress-capped;managed-ops-plane;support-tier;observability,Available,v2.2.1,panel
2026-05-15,runpod_cluster,a100-sxm-80gb,A100,80GB,SXM,IB-HDR,OnDemand,NonInterruptible,OnDemand,Other,Other,DIF,T2IF,T3,1.7880,True,local-nvme,Available,v2.2.1,panel
2026-05-15,runpod_community,a100-sxm-80gb,A100,80GB,SXM,Unknown,OnDemand,NonInterruptible,OnDemand,Other,Other,DIF,T3IF,T3,1.3900,False,,Available,v2.2.1,panel
2026-05-15,runpod_secure,a100-sxm-80gb,A100,80GB,SXM,IB-HDR,OnDemand,NonInterruptible,OnDemand,Other,Other,DIF,T2IF,T3,1.4900,True,local-nvme,Available,v2.2.1,panel
2026-05-15,runpod_secure,a100-sxm-80gb,A100,80GB,SXM,IB-HDR,OnDemand,Interruptible,Spot,Other,Other,DIF,T2IF,T3,1.3900,True,local-nvme,Available,v2.2.1,panel
2026-05-15,tensordock,a100-sxm-80gb,A100,80GB,SXM,Unknown,OnDemand,NonInterruptible,OnDemand,Other,Other,DIF,T3IF,T3,0.8500,False,,Available,v2.2.1,panel
2026-05-15,vast_ai,a100-sxm-80gb,A100,80GB,SXM,Unknown,OnDemand,NonInterruptible,OnDemand,EU,EU,DIF,T3IF,T3,0.5067,True,local-nvme,Available,v2.2.1,marketplace
2026-05-15,vast_ai,a100-sxm-80gb,A100,80GB,SXM,Unknown,OnDemand,NonInterruptible,OnDemand,US-Central,US,DIF,T3IF,T3,1.0000,True,local-nvme,Available,v2.2.1,marketplace
2026-05-15,vast_ai,a100-sxm-80gb,A100,80GB,SXM,Unknown,OnDemand,NonInterruptible,OnDemand,Other,Other,DIF,T3IF,T3,0.8933,True,local-nvme,Available,v2.2.1,marketplace
2026-05-15,vultr,a100-sxm-80gb,A100,80GB,SXM,Unknown,OnDemand,NonInterruptible,OnDemand,Other,Other,SIF,T2IF,T2,2.8000,False,,Available,v2.2.1,panel
2026-05-15,vultr,a100-sxm-80gb,A100,80GB,SXM,Unknown,OnDemand,Interruptible,Spot,Other,Other,DIF,T2IF,T2,1.4900,False,,Available,v2.2.1,panel
2026-05-16,aws,a100-sxm-80gb,A100,80GB,SXM,EFA,OnDemand,NonInterruptible,OnDemand,US-East,US,HIF,T2IF,T1,3.4309,True,local-nvme;managed-ops-plane;support-tier;observability,Available,v2.2.1,panel
2026-05-16,aws,a100-sxm-80gb,A100,80GB,SXM,EFA,1Y,NonInterruptible,Reserved,US-East,US,HIF,T2IF,T1,2.1752,True,local-nvme;managed-ops-plane;support-tier;observability,Available,v2.2.1,panel
2026-05-16,aws,a100-sxm-80gb,A100,80GB,SXM,EFA,3Y,NonInterruptible,Reserved,US-East,US,HIF,T2IF,T1,1.4647,True,local-nvme;managed-ops-plane;support-tier;observability,Available,v2.2.1,panel
2026-05-16,aws,a100-sxm-80gb,A100,80GB,SXM,EFA,OnDemand,Interruptible,Spot,US-East,US,DIF,T2IF,T1,1.7401,False,,Available,v2.2.1,panel
2026-05-16,aws,a100-sxm-80gb,A100,80GB,SXM,EFA,OnDemand,Interruptible,Spot,US-West,US,DIF,T2IF,T1,1.6083,False,,Available,v2.2.1,panel
2026-05-16,azure,a100-sxm-80gb,A100,80GB,SXM,IB-HDR,OnDemand,NonInterruptible,OnDemand,US-East,US,HIF,T2IF,T1,4.0963,True,local-nvme;managed-ops-plane;support-tier;observability,Available,v2.2.1,panel
2026-05-16,azure,a100-sxm-80gb,A100,80GB,SXM,IB-HDR,1Y,NonInterruptible,Reserved,US-East,US,HIF,T2IF,T1,2.6216,True,local-nvme;managed-ops-plane;support-tier;observability,Available,v2.2.1,panel
2026-05-16,azure,a100-sxm-80gb,A100,80GB,SXM,IB-HDR,3Y,NonInterruptible,Reserved,US-East,US,HIF,T2IF,T1,1.8024,True,local-nvme;managed-ops-plane;support-tier;observability,Available,v2.2.1,panel
2026-05-16,coreweave,a100-sxm-80gb,A100,80GB,SXM,IB-HDR,OnDemand,NonInterruptible,OnDemand,US-East,US,IIF,T2IF,T2,2.7000,True,local-nvme;free-egress;support-tier;observability;managed-ops-plane,Available,v2.2.1,panel
2026-05-16,coreweave,a100-sxm-80gb,A100,80GB,SXM,IB-HDR,OnDemand,Interruptible,Spot,US-East,US,DIF,T2IF,T2,1.2063,True,local-nvme;free-egress;support-tier;observability;managed-ops-plane,Available,v2.2.1,panel
2026-05-16,crusoe,a100-sxm-80gb,A100,80GB,SXM,IB-HDR,OnDemand,NonInterruptible,OnDemand,US-East,US,IIF,T2IF,T2,1.9500,True,local-nvme;free-egress,Available,v2.2.1,panel
2026-05-16,datacrunch,a100-sxm-80gb,A100,80GB,SXM,IB-HDR,OnDemand,NonInterruptible,OnDemand,EU,EU,SIF,T2IF,T2,1.2900,True,local-nvme,Available,v2.2.1,panel
2026-05-16,datacrunch,a100-sxm-80gb,A100,80GB,SXM,IB-HDR,OnDemand,Interruptible,Spot,EU,EU,DIF,T2IF,T2,0.4515,True,local-nvme,Available,v2.2.1,panel
2026-05-16,denvr,a100-sxm-80gb,A100,80GB,SXM,IB-HDR,OnDemand,NonInterruptible,OnDemand,Other,Other,SIF,T2IF,T2,1.3000,True,local-nvme,Available,v2.2.1,panel
2026-05-16,hyperstack,a100-sxm-80gb,A100,80GB,SXM,Ethernet,OnDemand,NonInterruptible,OnDemand,Other,Other,SIF,,T2,1.6000,True,local-nvme,Available,v2.2.1,panel
2026-05-16,lambda,a100-sxm-80gb,A100,80GB,SXM,Unknown,OnDemand,NonInterruptible,OnDemand,US-East,US,IIF,T3IF,T2,2.7900,True,local-nvme,Available,v2.2.1,panel
2026-05-16,massed_compute,a100-sxm-80gb,A100,80GB,SXM,Unknown,OnDemand,NonInterruptible,OnDemand,US-East,US,DIF,T3IF,T3,1.2800,False,,Available,v2.2.1,panel
2026-05-16,oci,a100-sxm-80gb,A100,80GB,SXM,RoCE-v2,OnDemand,NonInterruptible,OnDemand,US-East,US,HIF,T2IF,T1,4.0000,True,local-nvme;egress-capped;managed-ops-plane;support-tier;observability,Available,v2.2.1,panel
2026-05-16,runpod_cluster,a100-sxm-80gb,A100,80GB,SXM,IB-HDR,OnDemand,NonInterruptible,OnDemand,Other,Other,DIF,T2IF,T3,1.7880,True,local-nvme,Available,v2.2.1,panel
2026-05-16,runpod_community,a100-sxm-80gb,A100,80GB,SXM,Unknown,OnDemand,NonInterruptible,OnDemand,Other,Other,DIF,T3IF,T3,1.3900,False,,Available,v2.2.1,panel
2026-05-16,runpod_secure,a100-sxm-80gb,A100,80GB,SXM,IB-HDR,OnDemand,NonInterruptible,OnDemand,Other,Other,DIF,T2IF,T3,1.4900,True,local-nvme,Available,v2.2.1,panel
2026-05-16,runpod_secure,a100-sxm-80gb,A100,80GB,SXM,IB-HDR,OnDemand,Interruptible,Spot,Other,Other,DIF,T2IF,T3,1.3900,True,local-nvme,Available,v2.2.1,panel
2026-05-16,tensordock,a100-sxm-80gb,A100,80GB,SXM,Unknown,OnDemand,NonInterruptible,OnDemand,Other,Other,DIF,T3IF,T3,0.8500,False,,Available,v2.2.1,panel
2026-05-16,vast_ai,a100-sxm-80gb,A100,80GB,SXM,Unknown,OnDemand,NonInterruptible,OnDemand,Other,Other,DIF,T3IF,T3,0.8933,True,local-nvme,Available,v2.2.1,marketplace
2026-05-16,vast_ai,a100-sxm-80gb,A100,80GB,SXM,Unknown,OnDemand,NonInterruptible,OnDemand,EU,EU,DIF,T3IF,T3,0.5067,True,local-nvme,Available,v2.2.1,marketplace
2026-05-16,vultr,a100-sxm-80gb,A100,80GB,SXM,Unknown,OnDemand,NonInterruptible,OnDemand,Other,Other,SIF,T2IF,T2,2.8000,False,,Available,v2.2.1,panel
2026-05-16,vultr,a100-sxm-80gb,A100,80GB,SXM,Unknown,OnDemand,Interruptible,Spot,Other,Other,DIF,T2IF,T2,1.4900,False,,Available,v2.2.1,panel
2026-05-17,aws,a100-sxm-80gb,A100,80GB,SXM,EFA,OnDemand,NonInterruptible,OnDemand,US-East,US,HIF,T2IF,T1,3.4309,True,local-nvme;managed-ops-plane;support-tier;observability,Available,v2.2.1,panel
2026-05-17,aws,a100-sxm-80gb,A100,80GB,SXM,EFA,1Y,NonInterruptible,Reserved,US-East,US,HIF,T2IF,T1,2.1752,True,local-nvme;managed-ops-plane;support-tier;observability,Available,v2.2.1,panel
2026-05-17,aws,a100-sxm-80gb,A100,80GB,SXM,EFA,3Y,NonInterruptible,Reserved,US-East,US,HIF,T2IF,T1,1.4647,True,local-nvme;managed-ops-plane;support-tier;observability,Available,v2.2.1,panel
2026-05-17,aws,a100-sxm-80gb,A100,80GB,SXM,EFA,OnDemand,Interruptible,Spot,US-East,US,DIF,T2IF,T1,1.7131,False,,Available,v2.2.1,panel
2026-05-17,aws,a100-sxm-80gb,A100,80GB,SXM,EFA,OnDemand,Interruptible,Spot,US-West,US,DIF,T2IF,T1,1.5279,False,,Available,v2.2.1,panel
2026-05-17,azure,a100-sxm-80gb,A100,80GB,SXM,IB-HDR,OnDemand,NonInterruptible,OnDemand,US-East,US,HIF,T2IF,T1,4.0963,True,local-nvme;managed-ops-plane;support-tier;observability,Available,v2.2.1,panel
2026-05-17,azure,a100-sxm-80gb,A100,80GB,SXM,IB-HDR,1Y,NonInterruptible,Reserved,US-East,US,HIF,T2IF,T1,2.6216,True,local-nvme;managed-ops-plane;support-tier;observability,Available,v2.2.1,panel
2026-05-17,azure,a100-sxm-80gb,A100,80GB,SXM,IB-HDR,3Y,NonInterruptible,Reserved,US-East,US,HIF,T2IF,T1,1.8024,True,local-nvme;managed-ops-plane;support-tier;observability,Available,v2.2.1,panel
2026-05-17,coreweave,a100-sxm-80gb,A100,80GB,SXM,IB-HDR,OnDemand,NonInterruptible,OnDemand,US-East,US,IIF,T2IF,T2,2.7000,True,local-nvme;free-egress;support-tier;observability;managed-ops-plane,Available,v2.2.1,panel
2026-05-17,coreweave,a100-sxm-80gb,A100,80GB,SXM,IB-HDR,OnDemand,Interruptible,Spot,US-East,US,DIF,T2IF,T2,1.2063,True,local-nvme;free-egress;support-tier;observability;managed-ops-plane,Available,v2.2.1,panel
2026-05-17,crusoe,a100-sxm-80gb,A100,80GB,SXM,IB-HDR,OnDemand,NonInterruptible,OnDemand,US-East,US,IIF,T2IF,T2,1.9500,True,local-nvme;free-egress,Available,v2.2.1,panel
2026-05-17,datacrunch,a100-sxm-80gb,A100,80GB,SXM,IB-HDR,OnDemand,NonInterruptible,OnDemand,EU,EU,SIF,T2IF,T2,1.2900,True,local-nvme,Available,v2.2.1,panel
2026-05-17,datacrunch,a100-sxm-80gb,A100,80GB,SXM,IB-HDR,OnDemand,Interruptible,Spot,EU,EU,DIF,T2IF,T2,0.4515,True,local-nvme,Available,v2.2.1,panel
2026-05-17,denvr,a100-sxm-80gb,A100,80GB,SXM,IB-HDR,OnDemand,NonInterruptible,OnDemand,Other,Other,SIF,T2IF,T2,1.3000,True,local-nvme,Available,v2.2.1,panel
2026-05-17,hyperstack,a100-sxm-80gb,A100,80GB,SXM,Ethernet,OnDemand,NonInterruptible,OnDemand,Other,Other,SIF,,T2,1.6000,True,local-nvme,Available,v2.2.1,panel
2026-05-17,lambda,a100-sxm-80gb,A100,80GB,SXM,Unknown,OnDemand,NonInterruptible,OnDemand,US-East,US,IIF,T3IF,T2,2.7900,True,local-nvme,Available,v2.2.1,panel
2026-05-17,massed_compute,a100-sxm-80gb,A100,80GB,SXM,Unknown,OnDemand,NonInterruptible,OnDemand,US-East,US,DIF,T3IF,T3,1.2800,False,,Available,v2.2.1,panel
2026-05-17,oci,a100-sxm-80gb,A100,80GB,SXM,RoCE-v2,OnDemand,NonInterruptible,OnDemand,US-East,US,HIF,T2IF,T1,4.0000,True,local-nvme;egress-capped;managed-ops-plane;support-tier;observability,Available,v2.2.1,panel
2026-05-17,runpod_cluster,a100-sxm-80gb,A100,80GB,SXM,IB-HDR,OnDemand,NonInterruptible,OnDemand,Other,Other,DIF,T2IF,T3,1.7880,True,local-nvme,Available,v2.2.1,panel
2026-05-17,runpod_community,a100-sxm-80gb,A100,80GB,SXM,Unknown,OnDemand,NonInterruptible,OnDemand,Other,Other,DIF,T3IF,T3,1.3900,False,,Available,v2.2.1,panel
2026-05-17,runpod_secure,a100-sxm-80gb,A100,80GB,SXM,IB-HDR,OnDemand,NonInterruptible,OnDemand,Other,Other,DIF,T2IF,T3,1.4900,True,local-nvme,Available,v2.2.1,panel
2026-05-17,runpod_secure,a100-sxm-80gb,A100,80GB,SXM,IB-HDR,OnDemand,Interruptible,Spot,Other,Other,DIF,T2IF,T3,1.3900,True,local-nvme,Available,v2.2.1,panel
2026-05-17,tensordock,a100-sxm-80gb,A100,80GB,SXM,Unknown,OnDemand,NonInterruptible,OnDemand,Other,Other,DIF,T3IF,T3,0.8500,False,,Available,v2.2.1,panel
2026-05-17,vast_ai,a100-sxm-80gb,A100,80GB,SXM,Unknown,OnDemand,NonInterruptible,OnDemand,US-Central,US,DIF,T3IF,T3,1.0667,True,local-nvme,Available,v2.2.1,marketplace
2026-05-17,vast_ai,a100-sxm-80gb,A100,80GB,SXM,Unknown,OnDemand,NonInterruptible,OnDemand,Other,Other,DIF,T3IF,T3,2.6667,True,local-nvme,Available,v2.2.1,marketplace
2026-05-17,vast_ai,a100-sxm-80gb,A100,80GB,SXM,Unknown,OnDemand,NonInterruptible,OnDemand,APAC,APAC,DIF,T3IF,T3,0.6400,True,local-nvme,Available,v2.2.1,marketplace
2026-05-17,vast_ai,a100-sxm-80gb,A100,80GB,SXM,Unknown,OnDemand,NonInterruptible,OnDemand,EU,EU,DIF,T3IF,T3,0.5067,True,local-nvme,Available,v2.2.1,marketplace
2026-05-17,vultr,a100-sxm-80gb,A100,80GB,SXM,Unknown,OnDemand,NonInterruptible,OnDemand,Other,Other,SIF,T2IF,T2,2.8000,False,,Available,v2.2.1,panel
2026-05-17,vultr,a100-sxm-80gb,A100,80GB,SXM,Unknown,OnDemand,Interruptible,Spot,Other,Other,DIF,T2IF,T2,1.4900,False,,Available,v2.2.1,panel
2026-05-18,aws,a100-sxm-80gb,A100,80GB,SXM,EFA,OnDemand,NonInterruptible,OnDemand,US-East,US,HIF,T2IF,T1,3.4309,True,local-nvme;managed-ops-plane;support-tier;observability,Available,v2.2.1,panel
2026-05-18,aws,a100-sxm-80gb,A100,80GB,SXM,EFA,1Y,NonInterruptible,Reserved,US-East,US,HIF,T2IF,T1,2.1752,True,local-nvme;managed-ops-plane;support-tier;observability,Available,v2.2.1,panel
2026-05-18,aws,a100-sxm-80gb,A100,80GB,SXM,EFA,3Y,NonInterruptible,Reserved,US-East,US,HIF,T2IF,T1,1.4647,True,local-nvme;managed-ops-plane;support-tier;observability,Available,v2.2.1,panel
2026-05-18,aws,a100-sxm-80gb,A100,80GB,SXM,EFA,OnDemand,Interruptible,Spot,US-West,US,DIF,T2IF,T1,1.5106,False,,Available,v2.2.1,panel
2026-05-18,aws,a100-sxm-80gb,A100,80GB,SXM,EFA,OnDemand,Interruptible,Spot,US-East,US,DIF,T2IF,T1,1.7195,False,,Available,v2.2.1,panel
2026-05-18,azure,a100-sxm-80gb,A100,80GB,SXM,IB-HDR,OnDemand,NonInterruptible,OnDemand,US-East,US,HIF,T2IF,T1,4.0963,True,local-nvme;managed-ops-plane;support-tier;observability,Available,v2.2.1,panel
2026-05-18,azure,a100-sxm-80gb,A100,80GB,SXM,IB-HDR,1Y,NonInterruptible,Reserved,US-East,US,HIF,T2IF,T1,2.6216,True,local-nvme;managed-ops-plane;support-tier;observability,Available,v2.2.1,panel
2026-05-18,azure,a100-sxm-80gb,A100,80GB,SXM,IB-HDR,3Y,NonInterruptible,Reserved,US-East,US,HIF,T2IF,T1,1.8024,True,local-nvme;managed-ops-plane;support-tier;observability,Available,v2.2.1,panel
2026-05-18,coreweave,a100-sxm-80gb,A100,80GB,SXM,IB-HDR,OnDemand,NonInterruptible,OnDemand,US-East,US,IIF,T2IF,T2,2.7000,True,local-nvme;free-egress;support-tier;observability;managed-ops-plane,Available,v2.2.1,panel
2026-05-18,coreweave,a100-sxm-80gb,A100,80GB,SXM,IB-HDR,OnDemand,Interruptible,Spot,US-East,US,DIF,T2IF,T2,1.2063,True,local-nvme;free-egress;support-tier;observability;managed-ops-plane,Available,v2.2.1,panel
2026-05-18,crusoe,a100-sxm-80gb,A100,80GB,SXM,IB-HDR,OnDemand,NonInterruptible,OnDemand,US-East,US,IIF,T2IF,T2,1.9500,True,local-nvme;free-egress,Available,v2.2.1,panel
2026-05-18,datacrunch,a100-sxm-80gb,A100,80GB,SXM,IB-HDR,OnDemand,NonInterruptible,OnDemand,EU,EU,SIF,T2IF,T2,1.2900,True,local-nvme,Available,v2.2.1,panel
2026-05-18,datacrunch,a100-sxm-80gb,A100,80GB,SXM,IB-HDR,OnDemand,Interruptible,Spot,EU,EU,DIF,T2IF,T2,0.4515,True,local-nvme,Available,v2.2.1,panel
2026-05-18,denvr,a100-sxm-80gb,A100,80GB,SXM,IB-HDR,OnDemand,NonInterruptible,OnDemand,Other,Other,SIF,T2IF,T2,1.3000,True,local-nvme,Available,v2.2.1,panel
2026-05-18,hyperstack,a100-sxm-80gb,A100,80GB,SXM,Ethernet,OnDemand,NonInterruptible,OnDemand,Other,Other,SIF,,T2,1.6000,True,local-nvme,Available,v2.2.1,panel
2026-05-18,lambda,a100-sxm-80gb,A100,80GB,SXM,Unknown,OnDemand,NonInterruptible,OnDemand,US-East,US,IIF,T3IF,T2,2.7900,True,local-nvme,Available,v2.2.1,panel
2026-05-18,massed_compute,a100-sxm-80gb,A100,80GB,SXM,Unknown,OnDemand,NonInterruptible,OnDemand,US-East,US,DIF,T3IF,T3,1.2800,False,,Available,v2.2.1,panel
2026-05-18,oci,a100-sxm-80gb,A100,80GB,SXM,RoCE-v2,OnDemand,NonInterruptible,OnDemand,US-East,US,HIF,T2IF,T1,4.0000,True,local-nvme;egress-capped;managed-ops-plane;support-tier;observability,Available,v2.2.1,panel
2026-05-18,runpod_cluster,a100-sxm-80gb,A100,80GB,SXM,IB-HDR,OnDemand,NonInterruptible,OnDemand,Other,Other,DIF,T2IF,T3,1.7880,True,local-nvme,Available,v2.2.1,panel
2026-05-18,runpod_community,a100-sxm-80gb,A100,80GB,SXM,Unknown,OnDemand,NonInterruptible,OnDemand,Other,Other,DIF,T3IF,T3,1.3900,False,,Available,v2.2.1,panel
2026-05-18,runpod_secure,a100-sxm-80gb,A100,80GB,SXM,IB-HDR,OnDemand,NonInterruptible,OnDemand,Other,Other,DIF,T2IF,T3,1.4900,True,local-nvme,Available,v2.2.1,panel
2026-05-18,runpod_secure,a100-sxm-80gb,A100,80GB,SXM,IB-HDR,OnDemand,Interruptible,Spot,Other,Other,DIF,T2IF,T3,1.3900,True,local-nvme,Available,v2.2.1,panel
2026-05-18,tensordock,a100-sxm-80gb,A100,80GB,SXM,Unknown,OnDemand,NonInterruptible,OnDemand,Other,Other,DIF,T3IF,T3,0.8500,False,,Available,v2.2.1,panel
2026-05-18,vast_ai,a100-sxm-80gb,A100,80GB,SXM,Unknown,OnDemand,NonInterruptible,OnDemand,APAC,APAC,DIF,T3IF,T3,0.7733,True,local-nvme,Available,v2.2.1,marketplace
2026-05-18,vast_ai,a100-sxm-80gb,A100,80GB,SXM,Unknown,OnDemand,NonInterruptible,OnDemand,US-Central,US,DIF,T3IF,T3,1.0000,True,local-nvme,Available,v2.2.1,marketplace
2026-05-18,vast_ai,a100-sxm-80gb,A100,80GB,SXM,Unknown,OnDemand,NonInterruptible,OnDemand,EU,EU,DIF,T3IF,T3,1.3333,True,local-nvme,Available,v2.2.1,marketplace
2026-05-18,vast_ai,a100-sxm-80gb,A100,80GB,SXM,Unknown,OnDemand,NonInterruptible,OnDemand,Other,Other,DIF,T3IF,T3,0.2667,True,local-nvme,Available,v2.2.1,marketplace
2026-05-18,vast_ai,a100-sxm-80gb,A100,80GB,SXM,Unknown,OnDemand,NonInterruptible,OnDemand,US-South,US,DIF,T3IF,T3,0.8667,True,local-nvme,Available,v2.2.1,marketplace
2026-05-18,vultr,a100-sxm-80gb,A100,80GB,SXM,Unknown,OnDemand,NonInterruptible,OnDemand,Other,Other,SIF,T2IF,T2,2.8000,False,,Available,v2.2.1,panel
2026-05-18,vultr,a100-sxm-80gb,A100,80GB,SXM,Unknown,OnDemand,Interruptible,Spot,Other,Other,DIF,T2IF,T2,1.4900,False,,Available,v2.2.1,panel
2026-05-19,aws,a100-sxm-80gb,A100,80GB,SXM,EFA,OnDemand,NonInterruptible,OnDemand,US-East,US,HIF,T2IF,T1,3.4309,True,local-nvme;managed-ops-plane;support-tier;observability,Available,v2.2.1,panel
2026-05-19,aws,a100-sxm-80gb,A100,80GB,SXM,EFA,1Y,NonInterruptible,Reserved,US-East,US,HIF,T2IF,T1,2.1752,True,local-nvme;managed-ops-plane;support-tier;observability,Available,v2.2.1,panel
2026-05-19,aws,a100-sxm-80gb,A100,80GB,SXM,EFA,3Y,NonInterruptible,Reserved,US-East,US,HIF,T2IF,T1,1.4647,True,local-nvme;managed-ops-plane;support-tier;observability,Available,v2.2.1,panel
2026-05-19,aws,a100-sxm-80gb,A100,80GB,SXM,EFA,OnDemand,Interruptible,Spot,US-West,US,DIF,T2IF,T1,1.5383,False,,Available,v2.2.1,panel
2026-05-19,aws,a100-sxm-80gb,A100,80GB,SXM,EFA,OnDemand,Interruptible,Spot,US-East,US,DIF,T2IF,T1,1.7825,False,,Available,v2.2.1,panel
2026-05-19,azure,a100-sxm-80gb,A100,80GB,SXM,IB-HDR,OnDemand,NonInterruptible,OnDemand,US-East,US,HIF,T2IF,T1,4.0963,True,local-nvme;managed-ops-plane;support-tier;observability,Available,v2.2.1,panel
2026-05-19,azure,a100-sxm-80gb,A100,80GB,SXM,IB-HDR,1Y,NonInterruptible,Reserved,US-East,US,HIF,T2IF,T1,2.6216,True,local-nvme;managed-ops-plane;support-tier;observability,Available,v2.2.1,panel
2026-05-19,azure,a100-sxm-80gb,A100,80GB,SXM,IB-HDR,3Y,NonInterruptible,Reserved,US-East,US,HIF,T2IF,T1,1.8024,True,local-nvme;managed-ops-plane;support-tier;observability,Available,v2.2.1,panel
2026-05-19,coreweave,a100-sxm-80gb,A100,80GB,SXM,IB-HDR,OnDemand,NonInterruptible,OnDemand,US-East,US,IIF,T2IF,T2,2.7000,True,local-nvme;free-egress;support-tier;observability;managed-ops-plane,Available,v2.2.1,panel
2026-05-19,coreweave,a100-sxm-80gb,A100,80GB,SXM,IB-HDR,OnDemand,Interruptible,Spot,US-East,US,DIF,T2IF,T2,1.2063,True,local-nvme;free-egress;support-tier;observability;managed-ops-plane,Available,v2.2.1,panel
2026-05-19,crusoe,a100-sxm-80gb,A100,80GB,SXM,IB-HDR,OnDemand,NonInterruptible,OnDemand,US-East,US,IIF,T2IF,T2,1.9500,True,local-nvme;free-egress,Available,v2.2.1,panel
2026-05-19,datacrunch,a100-sxm-80gb,A100,80GB,SXM,IB-HDR,OnDemand,NonInterruptible,OnDemand,EU,EU,SIF,T2IF,T2,1.2900,True,local-nvme,Available,v2.2.1,panel
2026-05-19,datacrunch,a100-sxm-80gb,A100,80GB,SXM,IB-HDR,OnDemand,Interruptible,Spot,EU,EU,DIF,T2IF,T2,0.4515,True,local-nvme,Available,v2.2.1,panel
2026-05-19,denvr,a100-sxm-80gb,A100,80GB,SXM,IB-HDR,OnDemand,NonInterruptible,OnDemand,Other,Other,SIF,T2IF,T2,1.3000,True,local-nvme,Available,v2.2.1,panel
2026-05-19,hyperstack,a100-sxm-80gb,A100,80GB,SXM,Ethernet,OnDemand,NonInterruptible,OnDemand,Other,Other,SIF,,T2,1.6000,True,local-nvme,Available,v2.2.1,panel
2026-05-19,lambda,a100-sxm-80gb,A100,80GB,SXM,Unknown,OnDemand,NonInterruptible,OnDemand,US-East,US,IIF,T3IF,T2,2.7900,True,local-nvme,Available,v2.2.1,panel
2026-05-19,massed_compute,a100-sxm-80gb,A100,80GB,SXM,Unknown,OnDemand,NonInterruptible,OnDemand,US-East,US,DIF,T3IF,T3,1.2800,False,,Available,v2.2.1,panel
2026-05-19,oci,a100-sxm-80gb,A100,80GB,SXM,RoCE-v2,OnDemand,NonInterruptible,OnDemand,US-East,US,HIF,T2IF,T1,4.0000,True,local-nvme;egress-capped;managed-ops-plane;support-tier;observability,Available,v2.2.1,panel
2026-05-19,runpod_cluster,a100-sxm-80gb,A100,80GB,SXM,IB-HDR,OnDemand,NonInterruptible,OnDemand,Other,Other,DIF,T2IF,T3,1.7880,True,local-nvme,Available,v2.2.1,panel
2026-05-19,runpod_community,a100-sxm-80gb,A100,80GB,SXM,Unknown,OnDemand,NonInterruptible,OnDemand,Other,Other,DIF,T3IF,T3,1.3900,False,,Available,v2.2.1,panel
2026-05-19,runpod_secure,a100-sxm-80gb,A100,80GB,SXM,IB-HDR,OnDemand,NonInterruptible,OnDemand,Other,Other,DIF,T2IF,T3,1.4900,True,local-nvme,Available,v2.2.1,panel
2026-05-19,runpod_secure,a100-sxm-80gb,A100,80GB,SXM,IB-HDR,OnDemand,Interruptible,Spot,Other,Other,DIF,T2IF,T3,1.3900,True,local-nvme,Available,v2.2.1,panel
2026-05-19,tensordock,a100-sxm-80gb,A100,80GB,SXM,Unknown,OnDemand,NonInterruptible,OnDemand,Other,Other,DIF,T3IF,T3,0.8500,False,,Available,v2.2.1,panel
2026-05-19,vast_ai,a100-sxm-80gb,A100,80GB,SXM,Unknown,OnDemand,NonInterruptible,OnDemand,EU,EU,DIF,T3IF,T3,1.3333,True,local-nvme,Available,v2.2.1,marketplace
2026-05-19,vast_ai,a100-sxm-80gb,A100,80GB,SXM,Unknown,OnDemand,NonInterruptible,OnDemand,Other,Other,DIF,T3IF,T3,0.8000,True,local-nvme,Available,v2.2.1,marketplace
2026-05-19,vultr,a100-sxm-80gb,A100,80GB,SXM,Unknown,OnDemand,NonInterruptible,OnDemand,Other,Other,SIF,T2IF,T2,2.8000,False,,Available,v2.2.1,panel
2026-05-19,vultr,a100-sxm-80gb,A100,80GB,SXM,Unknown,OnDemand,Interruptible,Spot,Other,Other,DIF,T2IF,T2,1.4900,False,,Available,v2.2.1,panel
2026-05-20,aws,a100-sxm-80gb,A100,80GB,SXM,EFA,OnDemand,NonInterruptible,OnDemand,US-East,US,HIF,T2IF,T1,3.4309,True,local-nvme;managed-ops-plane;support-tier;observability,Available,v2.2.1,panel
2026-05-20,aws,a100-sxm-80gb,A100,80GB,SXM,EFA,1Y,NonInterruptible,Reserved,US-East,US,HIF,T2IF,T1,2.1752,True,local-nvme;managed-ops-plane;support-tier;observability,Available,v2.2.1,panel
2026-05-20,aws,a100-sxm-80gb,A100,80GB,SXM,EFA,3Y,NonInterruptible,Reserved,US-East,US,HIF,T2IF,T1,1.4647,True,local-nvme;managed-ops-plane;support-tier;observability,Available,v2.2.1,panel
2026-05-20,aws,a100-sxm-80gb,A100,80GB,SXM,EFA,OnDemand,Interruptible,Spot,US-West,US,DIF,T2IF,T1,1.5384,False,,Available,v2.2.1,panel
2026-05-20,aws,a100-sxm-80gb,A100,80GB,SXM,EFA,OnDemand,Interruptible,Spot,US-East,US,DIF,T2IF,T1,1.7600,False,,Available,v2.2.1,panel
2026-05-20,azure,a100-sxm-80gb,A100,80GB,SXM,IB-HDR,OnDemand,NonInterruptible,OnDemand,US-East,US,HIF,T2IF,T1,4.0963,True,local-nvme;managed-ops-plane;support-tier;observability,Available,v2.2.1,panel
2026-05-20,azure,a100-sxm-80gb,A100,80GB,SXM,IB-HDR,1Y,NonInterruptible,Reserved,US-East,US,HIF,T2IF,T1,2.6216,True,local-nvme;managed-ops-plane;support-tier;observability,Available,v2.2.1,panel
2026-05-20,azure,a100-sxm-80gb,A100,80GB,SXM,IB-HDR,3Y,NonInterruptible,Reserved,US-East,US,HIF,T2IF,T1,1.8024,True,local-nvme;managed-ops-plane;support-tier;observability,Available,v2.2.1,panel
2026-05-20,coreweave,a100-sxm-80gb,A100,80GB,SXM,IB-HDR,OnDemand,NonInterruptible,OnDemand,US-East,US,IIF,T2IF,T2,2.7000,True,local-nvme;free-egress;support-tier;observability;managed-ops-plane,Available,v2.2.1,panel
2026-05-20,coreweave,a100-sxm-80gb,A100,80GB,SXM,IB-HDR,OnDemand,Interruptible,Spot,US-East,US,DIF,T2IF,T2,1.2063,True,local-nvme;free-egress;support-tier;observability;managed-ops-plane,Available,v2.2.1,panel
2026-05-20,crusoe,a100-sxm-80gb,A100,80GB,SXM,IB-HDR,OnDemand,NonInterruptible,OnDemand,US-East,US,IIF,T2IF,T2,1.9500,True,local-nvme;free-egress,Available,v2.2.1,panel
2026-05-20,datacrunch,a100-sxm-80gb,A100,80GB,SXM,IB-HDR,OnDemand,NonInterruptible,OnDemand,EU,EU,SIF,T2IF,T2,1.2900,True,local-nvme,Available,v2.2.1,panel
2026-05-20,datacrunch,a100-sxm-80gb,A100,80GB,SXM,IB-HDR,OnDemand,Interruptible,Spot,EU,EU,DIF,T2IF,T2,0.4515,True,local-nvme,Available,v2.2.1,panel
2026-05-20,denvr,a100-sxm-80gb,A100,80GB,SXM,IB-HDR,OnDemand,NonInterruptible,OnDemand,Other,Other,SIF,T2IF,T2,1.3000,True,local-nvme,Available,v2.2.1,panel
2026-05-20,hyperstack,a100-sxm-80gb,A100,80GB,SXM,Ethernet,OnDemand,NonInterruptible,OnDemand,Other,Other,SIF,,T2,1.6000,True,local-nvme,Available,v2.2.1,panel
2026-05-20,lambda,a100-sxm-80gb,A100,80GB,SXM,Unknown,OnDemand,NonInterruptible,OnDemand,US-East,US,IIF,T3IF,T2,2.7900,True,local-nvme,Available,v2.2.1,panel
2026-05-20,massed_compute,a100-sxm-80gb,A100,80GB,SXM,Unknown,OnDemand,NonInterruptible,OnDemand,US-East,US,DIF,T3IF,T3,1.2800,False,,Available,v2.2.1,panel
2026-05-20,oci,a100-sxm-80gb,A100,80GB,SXM,RoCE-v2,OnDemand,NonInterruptible,OnDemand,US-East,US,HIF,T2IF,T1,4.0000,True,local-nvme;egress-capped;managed-ops-plane;support-tier;observability,Available,v2.2.1,panel
2026-05-20,runpod_cluster,a100-sxm-80gb,A100,80GB,SXM,IB-HDR,OnDemand,NonInterruptible,OnDemand,Other,Other,DIF,T2IF,T3,1.7880,True,local-nvme,Available,v2.2.1,panel
2026-05-20,runpod_community,a100-sxm-80gb,A100,80GB,SXM,Unknown,OnDemand,NonInterruptible,OnDemand,Other,Other,DIF,T3IF,T3,1.3900,False,,Available,v2.2.1,panel
2026-05-20,runpod_secure,a100-sxm-80gb,A100,80GB,SXM,IB-HDR,OnDemand,NonInterruptible,OnDemand,Other,Other,DIF,T2IF,T3,1.4900,True,local-nvme,Available,v2.2.1,panel
2026-05-20,runpod_secure,a100-sxm-80gb,A100,80GB,SXM,IB-HDR,OnDemand,Interruptible,Spot,Other,Other,DIF,T2IF,T3,1.3900,True,local-nvme,Available,v2.2.1,panel
2026-05-20,tensordock,a100-sxm-80gb,A100,80GB,SXM,Unknown,OnDemand,NonInterruptible,OnDemand,Other,Other,DIF,T3IF,T3,0.8500,False,,Available,v2.2.1,panel
2026-05-20,vast_ai,a100-sxm-80gb,A100,80GB,SXM,Unknown,OnDemand,NonInterruptible,OnDemand,EU,EU,DIF,T3IF,T3,1.3333,True,local-nvme,Available,v2.2.1,marketplace
2026-05-20,vast_ai,a100-sxm-80gb,A100,80GB,SXM,Unknown,OnDemand,NonInterruptible,OnDemand,Other,Other,DIF,T3IF,T3,2.6667,True,local-nvme,Available,v2.2.1,marketplace
2026-05-20,vast_ai,a100-sxm-80gb,A100,80GB,SXM,Unknown,OnDemand,NonInterruptible,OnDemand,US-Central,US,DIF,T3IF,T3,1.0667,True,local-nvme,Available,v2.2.1,marketplace
2026-05-20,vultr,a100-sxm-80gb,A100,80GB,SXM,Unknown,OnDemand,NonInterruptible,OnDemand,Other,Other,SIF,T2IF,T2,2.8000,False,,Available,v2.2.1,panel
2026-05-20,vultr,a100-sxm-80gb,A100,80GB,SXM,Unknown,OnDemand,Interruptible,Spot,Other,Other,DIF,T2IF,T2,1.4900,False,,Available,v2.2.1,panel
2026-05-21,aws,a100-sxm-80gb,A100,80GB,SXM,EFA,OnDemand,NonInterruptible,OnDemand,US-East,US,HIF,T2IF,T1,3.4309,True,local-nvme;managed-ops-plane;support-tier;observability,Available,v2.2.1,panel
2026-05-21,aws,a100-sxm-80gb,A100,80GB,SXM,EFA,1Y,NonInterruptible,Reserved,US-East,US,HIF,T2IF,T1,2.1752,True,local-nvme;managed-ops-plane;support-tier;observability,Available,v2.2.1,panel
2026-05-21,aws,a100-sxm-80gb,A100,80GB,SXM,EFA,3Y,NonInterruptible,Reserved,US-East,US,HIF,T2IF,T1,1.4647,True,local-nvme;managed-ops-plane;support-tier;observability,Available,v2.2.1,panel
2026-05-21,aws,a100-sxm-80gb,A100,80GB,SXM,EFA,OnDemand,Interruptible,Spot,US-East,US,DIF,T2IF,T1,1.7850,False,,Available,v2.2.1,panel
2026-05-21,aws,a100-sxm-80gb,A100,80GB,SXM,EFA,OnDemand,Interruptible,Spot,US-West,US,DIF,T2IF,T1,1.5832,False,,Available,v2.2.1,panel
2026-05-21,azure,a100-sxm-80gb,A100,80GB,SXM,IB-HDR,OnDemand,NonInterruptible,OnDemand,US-East,US,HIF,T2IF,T1,4.0963,True,local-nvme;managed-ops-plane;support-tier;observability,Available,v2.2.1,panel
2026-05-21,azure,a100-sxm-80gb,A100,80GB,SXM,IB-HDR,1Y,NonInterruptible,Reserved,US-East,US,HIF,T2IF,T1,2.6216,True,local-nvme;managed-ops-plane;support-tier;observability,Available,v2.2.1,panel
2026-05-21,azure,a100-sxm-80gb,A100,80GB,SXM,IB-HDR,3Y,NonInterruptible,Reserved,US-East,US,HIF,T2IF,T1,1.8024,True,local-nvme;managed-ops-plane;support-tier;observability,Available,v2.2.1,panel
2026-05-21,coreweave,a100-sxm-80gb,A100,80GB,SXM,IB-HDR,OnDemand,NonInterruptible,OnDemand,US-East,US,IIF,T2IF,T2,2.7000,True,local-nvme;free-egress;support-tier;observability;managed-ops-plane,Available,v2.2.1,panel
2026-05-21,coreweave,a100-sxm-80gb,A100,80GB,SXM,IB-HDR,OnDemand,Interruptible,Spot,US-East,US,DIF,T2IF,T2,1.2063,True,local-nvme;free-egress;support-tier;observability;managed-ops-plane,Available,v2.2.1,panel
2026-05-21,crusoe,a100-sxm-80gb,A100,80GB,SXM,IB-HDR,OnDemand,NonInterruptible,OnDemand,US-East,US,IIF,T2IF,T2,1.9500,True,local-nvme;free-egress,Available,v2.2.1,panel
2026-05-21,datacrunch,a100-sxm-80gb,A100,80GB,SXM,IB-HDR,OnDemand,NonInterruptible,OnDemand,EU,EU,SIF,T2IF,T2,1.2900,True,local-nvme,Available,v2.2.1,panel
2026-05-21,datacrunch,a100-sxm-80gb,A100,80GB,SXM,IB-HDR,OnDemand,Interruptible,Spot,EU,EU,DIF,T2IF,T2,0.4515,True,local-nvme,Available,v2.2.1,panel
2026-05-21,denvr,a100-sxm-80gb,A100,80GB,SXM,IB-HDR,OnDemand,NonInterruptible,OnDemand,Other,Other,SIF,T2IF,T2,1.3000,True,local-nvme,Available,v2.2.1,panel
2026-05-21,hyperstack,a100-sxm-80gb,A100,80GB,SXM,Ethernet,OnDemand,NonInterruptible,OnDemand,Other,Other,SIF,,T2,1.6000,True,local-nvme,Available,v2.2.1,panel
2026-05-21,lambda,a100-sxm-80gb,A100,80GB,SXM,Unknown,OnDemand,NonInterruptible,OnDemand,US-East,US,IIF,T3IF,T2,2.7900,True,local-nvme,Available,v2.2.1,panel
2026-05-21,massed_compute,a100-sxm-80gb,A100,80GB,SXM,Unknown,OnDemand,NonInterruptible,OnDemand,US-East,US,DIF,T3IF,T3,1.2800,False,,Available,v2.2.1,panel
2026-05-21,oci,a100-sxm-80gb,A100,80GB,SXM,RoCE-v2,OnDemand,NonInterruptible,OnDemand,US-East,US,HIF,T2IF,T1,4.0000,True,local-nvme;egress-capped;managed-ops-plane;support-tier;observability,Available,v2.2.1,panel
2026-05-21,runpod_cluster,a100-sxm-80gb,A100,80GB,SXM,IB-HDR,OnDemand,NonInterruptible,OnDemand,Other,Other,DIF,T2IF,T3,1.7880,True,local-nvme,Available,v2.2.1,panel
2026-05-21,runpod_community,a100-sxm-80gb,A100,80GB,SXM,Unknown,OnDemand,NonInterruptible,OnDemand,Other,Other,DIF,T3IF,T3,1.3900,False,,Available,v2.2.1,panel
2026-05-21,runpod_secure,a100-sxm-80gb,A100,80GB,SXM,IB-HDR,OnDemand,NonInterruptible,OnDemand,Other,Other,DIF,T2IF,T3,1.4900,True,local-nvme,Available,v2.2.1,panel
2026-05-21,runpod_secure,a100-sxm-80gb,A100,80GB,SXM,IB-HDR,OnDemand,Interruptible,Spot,Other,Other,DIF,T2IF,T3,1.3900,True,local-nvme,Available,v2.2.1,panel
2026-05-21,tensordock,a100-sxm-80gb,A100,80GB,SXM,Unknown,OnDemand,NonInterruptible,OnDemand,Other,Other,DIF,T3IF,T3,0.8500,False,,Available,v2.2.1,panel
2026-05-21,vast_ai,a100-sxm-80gb,A100,80GB,SXM,Unknown,OnDemand,NonInterruptible,OnDemand,EU,EU,DIF,T3IF,T3,1.3333,True,local-nvme,Available,v2.2.1,marketplace
2026-05-21,vast_ai,a100-sxm-80gb,A100,80GB,SXM,Unknown,OnDemand,NonInterruptible,OnDemand,Other,Other,DIF,T3IF,T3,2.6667,True,local-nvme,Available,v2.2.1,marketplace
2026-05-21,vultr,a100-sxm-80gb,A100,80GB,SXM,Unknown,OnDemand,NonInterruptible,OnDemand,Other,Other,SIF,T2IF,T2,2.8000,False,,Available,v2.2.1,panel
2026-05-21,vultr,a100-sxm-80gb,A100,80GB,SXM,Unknown,OnDemand,Interruptible,Spot,Other,Other,DIF,T2IF,T2,1.4900,False,,Available,v2.2.1,panel
2026-05-22,aws,a100-sxm-80gb,A100,80GB,SXM,EFA,OnDemand,NonInterruptible,OnDemand,US-East,US,HIF,T2IF,T1,3.4309,True,local-nvme;managed-ops-plane;support-tier;observability,Available,v2.2.1,panel
2026-05-22,aws,a100-sxm-80gb,A100,80GB,SXM,EFA,1Y,NonInterruptible,Reserved,US-East,US,HIF,T2IF,T1,2.1752,True,local-nvme;managed-ops-plane;support-tier;observability,Available,v2.2.1,panel
2026-05-22,aws,a100-sxm-80gb,A100,80GB,SXM,EFA,3Y,NonInterruptible,Reserved,US-East,US,HIF,T2IF,T1,1.4647,True,local-nvme;managed-ops-plane;support-tier;observability,Available,v2.2.1,panel
2026-05-22,aws,a100-sxm-80gb,A100,80GB,SXM,EFA,OnDemand,Interruptible,Spot,US-West,US,DIF,T2IF,T1,1.6570,False,,Available,v2.2.1,panel
2026-05-22,aws,a100-sxm-80gb,A100,80GB,SXM,EFA,OnDemand,Interruptible,Spot,US-East,US,DIF,T2IF,T1,1.8311,False,,Available,v2.2.1,panel
2026-05-22,azure,a100-sxm-80gb,A100,80GB,SXM,IB-HDR,OnDemand,NonInterruptible,OnDemand,US-East,US,HIF,T2IF,T1,4.0963,True,local-nvme;managed-ops-plane;support-tier;observability,Available,v2.2.1,panel
2026-05-22,azure,a100-sxm-80gb,A100,80GB,SXM,IB-HDR,1Y,NonInterruptible,Reserved,US-East,US,HIF,T2IF,T1,2.6216,True,local-nvme;managed-ops-plane;support-tier;observability,Available,v2.2.1,panel
2026-05-22,azure,a100-sxm-80gb,A100,80GB,SXM,IB-HDR,3Y,NonInterruptible,Reserved,US-East,US,HIF,T2IF,T1,1.8024,True,local-nvme;managed-ops-plane;support-tier;observability,Available,v2.2.1,panel
2026-05-22,coreweave,a100-sxm-80gb,A100,80GB,SXM,IB-HDR,OnDemand,NonInterruptible,OnDemand,US-East,US,IIF,T2IF,T2,2.7000,True,local-nvme;free-egress;support-tier;observability;managed-ops-plane,Available,v2.2.1,panel
2026-05-22,coreweave,a100-sxm-80gb,A100,80GB,SXM,IB-HDR,OnDemand,Interruptible,Spot,US-East,US,DIF,T2IF,T2,1.2063,True,local-nvme;free-egress;support-tier;observability;managed-ops-plane,Available,v2.2.1,panel
2026-05-22,crusoe,a100-sxm-80gb,A100,80GB,SXM,IB-HDR,OnDemand,NonInterruptible,OnDemand,US-East,US,IIF,T2IF,T2,1.9500,True,local-nvme;free-egress,Available,v2.2.1,panel
2026-05-22,datacrunch,a100-sxm-80gb,A100,80GB,SXM,IB-HDR,OnDemand,NonInterruptible,OnDemand,EU,EU,SIF,T2IF,T2,1.2900,True,local-nvme,Available,v2.2.1,panel
2026-05-22,datacrunch,a100-sxm-80gb,A100,80GB,SXM,IB-HDR,OnDemand,Interruptible,Spot,EU,EU,DIF,T2IF,T2,0.4515,True,local-nvme,Available,v2.2.1,panel
2026-05-22,denvr,a100-sxm-80gb,A100,80GB,SXM,IB-HDR,OnDemand,NonInterruptible,OnDemand,Other,Other,SIF,T2IF,T2,1.3000,True,local-nvme,Available,v2.2.1,panel
2026-05-22,hyperstack,a100-sxm-80gb,A100,80GB,SXM,Ethernet,OnDemand,NonInterruptible,OnDemand,Other,Other,SIF,,T2,1.6000,True,local-nvme,Available,v2.2.1,panel
2026-05-22,lambda,a100-sxm-80gb,A100,80GB,SXM,Unknown,OnDemand,NonInterruptible,OnDemand,US-East,US,IIF,T3IF,T2,2.7900,True,local-nvme,Available,v2.2.1,panel
2026-05-22,massed_compute,a100-sxm-80gb,A100,80GB,SXM,Unknown,OnDemand,NonInterruptible,OnDemand,US-East,US,DIF,T3IF,T3,1.2800,False,,Available,v2.2.1,panel
2026-05-22,oci,a100-sxm-80gb,A100,80GB,SXM,RoCE-v2,OnDemand,NonInterruptible,OnDemand,US-East,US,HIF,T2IF,T1,4.0000,True,local-nvme;egress-capped;managed-ops-plane;support-tier;observability,Available,v2.2.1,panel
2026-05-22,runpod_cluster,a100-sxm-80gb,A100,80GB,SXM,IB-HDR,OnDemand,NonInterruptible,OnDemand,Other,Other,DIF,T2IF,T3,1.7880,True,local-nvme,Available,v2.2.1,panel
2026-05-22,runpod_community,a100-sxm-80gb,A100,80GB,SXM,Unknown,OnDemand,NonInterruptible,OnDemand,Other,Other,DIF,T3IF,T3,1.3900,False,,Available,v2.2.1,panel
2026-05-22,runpod_secure,a100-sxm-80gb,A100,80GB,SXM,IB-HDR,OnDemand,NonInterruptible,OnDemand,Other,Other,DIF,T2IF,T3,1.4900,True,local-nvme,Available,v2.2.1,panel
2026-05-22,runpod_secure,a100-sxm-80gb,A100,80GB,SXM,IB-HDR,OnDemand,Interruptible,Spot,Other,Other,DIF,T2IF,T3,1.3900,True,local-nvme,Available,v2.2.1,panel
2026-05-22,tensordock,a100-sxm-80gb,A100,80GB,SXM,Unknown,OnDemand,NonInterruptible,OnDemand,Other,Other,DIF,T3IF,T3,0.8500,False,,Available,v2.2.1,panel
2026-05-22,vast_ai,a100-sxm-80gb,A100,80GB,SXM,Unknown,OnDemand,NonInterruptible,OnDemand,Other,Other,DIF,T3IF,T3,0.2667,True,local-nvme,Available,v2.2.1,marketplace
2026-05-22,vast_ai,a100-sxm-80gb,A100,80GB,SXM,Unknown,OnDemand,NonInterruptible,OnDemand,EU,EU,DIF,T3IF,T3,1.3333,True,local-nvme,Available,v2.2.1,marketplace
2026-05-22,vultr,a100-sxm-80gb,A100,80GB,SXM,Unknown,OnDemand,NonInterruptible,OnDemand,Other,Other,SIF,T2IF,T2,2.8000,False,,Available,v2.2.1,panel
2026-05-22,vultr,a100-sxm-80gb,A100,80GB,SXM,Unknown,OnDemand,Interruptible,Spot,Other,Other,DIF,T2IF,T2,1.4900,False,,Available,v2.2.1,panel
2026-05-23,aws,a100-sxm-80gb,A100,80GB,SXM,EFA,OnDemand,NonInterruptible,OnDemand,US-East,US,HIF,T2IF,T1,3.4309,True,local-nvme;managed-ops-plane;support-tier;observability,Available,v2.2.1,panel
2026-05-23,aws,a100-sxm-80gb,A100,80GB,SXM,EFA,1Y,NonInterruptible,Reserved,US-East,US,HIF,T2IF,T1,2.1752,True,local-nvme;managed-ops-plane;support-tier;observability,Available,v2.2.1,panel
2026-05-23,aws,a100-sxm-80gb,A100,80GB,SXM,EFA,3Y,NonInterruptible,Reserved,US-East,US,HIF,T2IF,T1,1.4647,True,local-nvme;managed-ops-plane;support-tier;observability,Available,v2.2.1,panel
2026-05-23,aws,a100-sxm-80gb,A100,80GB,SXM,EFA,OnDemand,Interruptible,Spot,US-West,US,DIF,T2IF,T1,1.7788,False,,Available,v2.2.1,panel
2026-05-23,aws,a100-sxm-80gb,A100,80GB,SXM,EFA,OnDemand,Interruptible,Spot,US-East,US,DIF,T2IF,T1,1.9156,False,,Available,v2.2.1,panel
2026-05-23,azure,a100-sxm-80gb,A100,80GB,SXM,IB-HDR,OnDemand,NonInterruptible,OnDemand,US-East,US,HIF,T2IF,T1,4.0963,True,local-nvme;managed-ops-plane;support-tier;observability,Available,v2.2.1,panel
2026-05-23,azure,a100-sxm-80gb,A100,80GB,SXM,IB-HDR,1Y,NonInterruptible,Reserved,US-East,US,HIF,T2IF,T1,2.6216,True,local-nvme;managed-ops-plane;support-tier;observability,Available,v2.2.1,panel
2026-05-23,azure,a100-sxm-80gb,A100,80GB,SXM,IB-HDR,3Y,NonInterruptible,Reserved,US-East,US,HIF,T2IF,T1,1.8024,True,local-nvme;managed-ops-plane;support-tier;observability,Available,v2.2.1,panel
2026-05-23,coreweave,a100-sxm-80gb,A100,80GB,SXM,IB-HDR,OnDemand,NonInterruptible,OnDemand,US-East,US,IIF,T2IF,T2,2.7000,True,local-nvme;free-egress;support-tier;observability;managed-ops-plane,Available,v2.2.1,panel
2026-05-23,coreweave,a100-sxm-80gb,A100,80GB,SXM,IB-HDR,OnDemand,Interruptible,Spot,US-East,US,DIF,T2IF,T2,1.2063,True,local-nvme;free-egress;support-tier;observability;managed-ops-plane,Available,v2.2.1,panel
2026-05-23,crusoe,a100-sxm-80gb,A100,80GB,SXM,IB-HDR,OnDemand,NonInterruptible,OnDemand,US-East,US,IIF,T2IF,T2,1.9500,True,local-nvme;free-egress,Available,v2.2.1,panel
2026-05-23,datacrunch,a100-sxm-80gb,A100,80GB,SXM,IB-HDR,OnDemand,NonInterruptible,OnDemand,EU,EU,SIF,T2IF,T2,1.2900,True,local-nvme,Available,v2.2.1,panel
2026-05-23,datacrunch,a100-sxm-80gb,A100,80GB,SXM,IB-HDR,OnDemand,Interruptible,Spot,EU,EU,DIF,T2IF,T2,0.4515,True,local-nvme,Available,v2.2.1,panel
2026-05-23,denvr,a100-sxm-80gb,A100,80GB,SXM,IB-HDR,OnDemand,NonInterruptible,OnDemand,Other,Other,SIF,T2IF,T2,1.3000,True,local-nvme,Available,v2.2.1,panel
2026-05-23,hyperstack,a100-sxm-80gb,A100,80GB,SXM,Ethernet,OnDemand,NonInterruptible,OnDemand,Other,Other,SIF,,T2,1.6000,True,local-nvme,Available,v2.2.1,panel
2026-05-23,lambda,a100-sxm-80gb,A100,80GB,SXM,Unknown,OnDemand,NonInterruptible,OnDemand,US-East,US,IIF,T3IF,T2,2.7900,True,local-nvme,Available,v2.2.1,panel
2026-05-23,massed_compute,a100-sxm-80gb,A100,80GB,SXM,Unknown,OnDemand,NonInterruptible,OnDemand,US-East,US,DIF,T3IF,T3,1.2800,False,,Available,v2.2.1,panel
2026-05-23,oci,a100-sxm-80gb,A100,80GB,SXM,RoCE-v2,OnDemand,NonInterruptible,OnDemand,US-East,US,HIF,T2IF,T1,4.0000,True,local-nvme;egress-capped;managed-ops-plane;support-tier;observability,Available,v2.2.1,panel
2026-05-23,runpod_cluster,a100-sxm-80gb,A100,80GB,SXM,IB-HDR,OnDemand,NonInterruptible,OnDemand,Other,Other,DIF,T2IF,T3,1.7880,True,local-nvme,Available,v2.2.1,panel
2026-05-23,runpod_community,a100-sxm-80gb,A100,80GB,SXM,Unknown,OnDemand,NonInterruptible,OnDemand,Other,Other,DIF,T3IF,T3,1.3900,False,,Available,v2.2.1,panel
2026-05-23,runpod_secure,a100-sxm-80gb,A100,80GB,SXM,IB-HDR,OnDemand,NonInterruptible,OnDemand,Other,Other,DIF,T2IF,T3,1.4900,True,local-nvme,Available,v2.2.1,panel
2026-05-23,runpod_secure,a100-sxm-80gb,A100,80GB,SXM,IB-HDR,OnDemand,Interruptible,Spot,Other,Other,DIF,T2IF,T3,1.3900,True,local-nvme,Available,v2.2.1,panel
2026-05-23,tensordock,a100-sxm-80gb,A100,80GB,SXM,Unknown,OnDemand,NonInterruptible,OnDemand,Other,Other,DIF,T3IF,T3,0.8500,False,,Available,v2.2.1,panel
2026-05-23,vast_ai,a100-sxm-80gb,A100,80GB,SXM,Unknown,OnDemand,NonInterruptible,OnDemand,Other,Other,DIF,T3IF,T3,0.2667,True,local-nvme,Available,v2.2.1,marketplace
2026-05-23,vast_ai,a100-sxm-80gb,A100,80GB,SXM,Unknown,OnDemand,NonInterruptible,OnDemand,EU,EU,DIF,T3IF,T3,0.6667,True,local-nvme,Available,v2.2.1,marketplace
2026-05-23,vast_ai,a100-sxm-80gb,A100,80GB,SXM,Unknown,OnDemand,NonInterruptible,OnDemand,US-Central,US,DIF,T3IF,T3,1.0667,True,local-nvme,Available,v2.2.1,marketplace
2026-05-23,vultr,a100-sxm-80gb,A100,80GB,SXM,Unknown,OnDemand,NonInterruptible,OnDemand,Other,Other,SIF,T2IF,T2,2.8000,False,,Available,v2.2.1,panel
2026-05-23,vultr,a100-sxm-80gb,A100,80GB,SXM,Unknown,OnDemand,Interruptible,Spot,Other,Other,DIF,T2IF,T2,1.4900,False,,Available,v2.2.1,panel
2026-05-24,aws,a100-sxm-80gb,A100,80GB,SXM,EFA,OnDemand,NonInterruptible,OnDemand,US-East,US,HIF,T2IF,T1,3.4309,True,local-nvme;managed-ops-plane;support-tier;observability,Available,v2.2.1,panel
2026-05-24,aws,a100-sxm-80gb,A100,80GB,SXM,EFA,1Y,NonInterruptible,Reserved,US-East,US,HIF,T2IF,T1,2.1752,True,local-nvme;managed-ops-plane;support-tier;observability,Available,v2.2.1,panel
2026-05-24,aws,a100-sxm-80gb,A100,80GB,SXM,EFA,3Y,NonInterruptible,Reserved,US-East,US,HIF,T2IF,T1,1.4647,True,local-nvme;managed-ops-plane;support-tier;observability,Available,v2.2.1,panel
2026-05-24,aws,a100-sxm-80gb,A100,80GB,SXM,EFA,OnDemand,Interruptible,Spot,US-East,US,DIF,T2IF,T1,1.9620,False,,Available,v2.2.1,panel
2026-05-24,aws,a100-sxm-80gb,A100,80GB,SXM,EFA,OnDemand,Interruptible,Spot,US-West,US,DIF,T2IF,T1,1.8666,False,,Available,v2.2.1,panel
2026-05-24,azure,a100-sxm-80gb,A100,80GB,SXM,IB-HDR,OnDemand,NonInterruptible,OnDemand,US-East,US,HIF,T2IF,T1,4.0963,True,local-nvme;managed-ops-plane;support-tier;observability,Available,v2.2.1,panel
2026-05-24,azure,a100-sxm-80gb,A100,80GB,SXM,IB-HDR,1Y,NonInterruptible,Reserved,US-East,US,HIF,T2IF,T1,2.6216,True,local-nvme;managed-ops-plane;support-tier;observability,Available,v2.2.1,panel
2026-05-24,azure,a100-sxm-80gb,A100,80GB,SXM,IB-HDR,3Y,NonInterruptible,Reserved,US-East,US,HIF,T2IF,T1,1.8024,True,local-nvme;managed-ops-plane;support-tier;observability,Available,v2.2.1,panel
2026-05-24,coreweave,a100-sxm-80gb,A100,80GB,SXM,IB-HDR,OnDemand,NonInterruptible,OnDemand,US-East,US,IIF,T2IF,T2,2.7000,True,local-nvme;free-egress;support-tier;observability;managed-ops-plane,Available,v2.2.1,panel
2026-05-24,coreweave,a100-sxm-80gb,A100,80GB,SXM,IB-HDR,OnDemand,Interruptible,Spot,US-East,US,DIF,T2IF,T2,1.2063,True,local-nvme;free-egress;support-tier;observability;managed-ops-plane,Available,v2.2.1,panel
2026-05-24,crusoe,a100-sxm-80gb,A100,80GB,SXM,IB-HDR,OnDemand,NonInterruptible,OnDemand,US-East,US,IIF,T2IF,T2,1.9500,True,local-nvme;free-egress,Available,v2.2.1,panel
2026-05-24,datacrunch,a100-sxm-80gb,A100,80GB,SXM,IB-HDR,OnDemand,NonInterruptible,OnDemand,EU,EU,SIF,T2IF,T2,1.2900,True,local-nvme,Available,v2.2.1,panel
2026-05-24,datacrunch,a100-sxm-80gb,A100,80GB,SXM,IB-HDR,OnDemand,Interruptible,Spot,EU,EU,DIF,T2IF,T2,0.4515,True,local-nvme,Available,v2.2.1,panel
2026-05-24,denvr,a100-sxm-80gb,A100,80GB,SXM,IB-HDR,OnDemand,NonInterruptible,OnDemand,Other,Other,SIF,T2IF,T2,1.3000,True,local-nvme,Available,v2.2.1,panel
2026-05-24,hyperstack,a100-sxm-80gb,A100,80GB,SXM,Ethernet,OnDemand,NonInterruptible,OnDemand,Other,Other,SIF,,T2,1.6000,True,local-nvme,Available,v2.2.1,panel
2026-05-24,lambda,a100-sxm-80gb,A100,80GB,SXM,Unknown,OnDemand,NonInterruptible,OnDemand,US-East,US,IIF,T3IF,T2,2.7900,True,local-nvme,Available,v2.2.1,panel
2026-05-24,massed_compute,a100-sxm-80gb,A100,80GB,SXM,Unknown,OnDemand,NonInterruptible,OnDemand,US-East,US,DIF,T3IF,T3,1.2800,False,,Available,v2.2.1,panel
2026-05-24,oci,a100-sxm-80gb,A100,80GB,SXM,RoCE-v2,OnDemand,NonInterruptible,OnDemand,US-East,US,HIF,T2IF,T1,4.0000,True,local-nvme;egress-capped;managed-ops-plane;support-tier;observability,Available,v2.2.1,panel
2026-05-24,runpod_cluster,a100-sxm-80gb,A100,80GB,SXM,IB-HDR,OnDemand,NonInterruptible,OnDemand,Other,Other,DIF,T2IF,T3,1.7880,True,local-nvme,Available,v2.2.1,panel
2026-05-24,runpod_community,a100-sxm-80gb,A100,80GB,SXM,Unknown,OnDemand,NonInterruptible,OnDemand,Other,Other,DIF,T3IF,T3,1.3900,False,,Available,v2.2.1,panel
2026-05-24,runpod_secure,a100-sxm-80gb,A100,80GB,SXM,IB-HDR,OnDemand,NonInterruptible,OnDemand,Other,Other,DIF,T2IF,T3,1.4900,True,local-nvme,Available,v2.2.1,panel
2026-05-24,runpod_secure,a100-sxm-80gb,A100,80GB,SXM,IB-HDR,OnDemand,Interruptible,Spot,Other,Other,DIF,T2IF,T3,1.3900,True,local-nvme,Available,v2.2.1,panel
2026-05-24,tensordock,a100-sxm-80gb,A100,80GB,SXM,Unknown,OnDemand,NonInterruptible,OnDemand,Other,Other,DIF,T3IF,T3,0.8500,False,,Available,v2.2.1,panel
2026-05-24,vast_ai,a100-sxm-80gb,A100,80GB,SXM,Unknown,OnDemand,NonInterruptible,OnDemand,EU,EU,DIF,T3IF,T3,0.6667,True,local-nvme,Available,v2.2.1,marketplace
2026-05-24,vast_ai,a100-sxm-80gb,A100,80GB,SXM,Unknown,OnDemand,NonInterruptible,OnDemand,US-Central,US,DIF,T3IF,T3,1.0667,True,local-nvme,Available,v2.2.1,marketplace
2026-05-24,vast_ai,a100-sxm-80gb,A100,80GB,SXM,Unknown,OnDemand,NonInterruptible,OnDemand,Other,Other,DIF,T3IF,T3,0.2667,True,local-nvme,Available,v2.2.1,marketplace
2026-05-24,vultr,a100-sxm-80gb,A100,80GB,SXM,Unknown,OnDemand,NonInterruptible,OnDemand,Other,Other,SIF,T2IF,T2,2.8000,False,,Available,v2.2.1,panel
2026-05-24,vultr,a100-sxm-80gb,A100,80GB,SXM,Unknown,OnDemand,Interruptible,Spot,Other,Other,DIF,T2IF,T2,1.4900,False,,Available,v2.2.1,panel
2026-05-25,aws,a100-sxm-80gb,A100,80GB,SXM,EFA,OnDemand,NonInterruptible,OnDemand,US-East,US,HIF,T2IF,T1,3.4309,True,local-nvme;managed-ops-plane;support-tier;observability,Available,v2.2.1,panel
2026-05-25,aws,a100-sxm-80gb,A100,80GB,SXM,EFA,1Y,NonInterruptible,Reserved,US-East,US,HIF,T2IF,T1,2.1752,True,local-nvme;managed-ops-plane;support-tier;observability,Available,v2.2.1,panel
2026-05-25,aws,a100-sxm-80gb,A100,80GB,SXM,EFA,3Y,NonInterruptible,Reserved,US-East,US,HIF,T2IF,T1,1.4647,True,local-nvme;managed-ops-plane;support-tier;observability,Available,v2.2.1,panel
2026-05-25,aws,a100-sxm-80gb,A100,80GB,SXM,EFA,OnDemand,Interruptible,Spot,US-East,US,DIF,T2IF,T1,2.1026,False,,Available,v2.2.1,panel
2026-05-25,aws,a100-sxm-80gb,A100,80GB,SXM,EFA,OnDemand,Interruptible,Spot,US-West,US,DIF,T2IF,T1,1.9467,False,,Available,v2.2.1,panel
2026-05-25,azure,a100-sxm-80gb,A100,80GB,SXM,IB-HDR,OnDemand,NonInterruptible,OnDemand,US-East,US,HIF,T2IF,T1,4.0963,True,local-nvme;managed-ops-plane;support-tier;observability,Available,v2.2.1,panel
2026-05-25,azure,a100-sxm-80gb,A100,80GB,SXM,IB-HDR,1Y,NonInterruptible,Reserved,US-East,US,HIF,T2IF,T1,2.6216,True,local-nvme;managed-ops-plane;support-tier;observability,Available,v2.2.1,panel
2026-05-25,azure,a100-sxm-80gb,A100,80GB,SXM,IB-HDR,3Y,NonInterruptible,Reserved,US-East,US,HIF,T2IF,T1,1.8024,True,local-nvme;managed-ops-plane;support-tier;observability,Available,v2.2.1,panel
2026-05-25,coreweave,a100-sxm-80gb,A100,80GB,SXM,IB-HDR,OnDemand,NonInterruptible,OnDemand,US-East,US,IIF,T2IF,T2,2.7000,True,local-nvme;free-egress;support-tier;observability;managed-ops-plane,Available,v2.2.1,panel
2026-05-25,coreweave,a100-sxm-80gb,A100,80GB,SXM,IB-HDR,OnDemand,Interruptible,Spot,US-East,US,DIF,T2IF,T2,1.2063,True,local-nvme;free-egress;support-tier;observability;managed-ops-plane,Available,v2.2.1,panel
2026-05-25,crusoe,a100-sxm-80gb,A100,80GB,SXM,IB-HDR,OnDemand,NonInterruptible,OnDemand,US-East,US,IIF,T2IF,T2,1.9500,True,local-nvme;free-egress,Available,v2.2.1,panel
2026-05-25,datacrunch,a100-sxm-80gb,A100,80GB,SXM,IB-HDR,OnDemand,NonInterruptible,OnDemand,EU,EU,SIF,T2IF,T2,1.7900,True,local-nvme,Available,v2.2.1,panel
2026-05-25,datacrunch,a100-sxm-80gb,A100,80GB,SXM,IB-HDR,OnDemand,Interruptible,Spot,EU,EU,DIF,T2IF,T2,0.6265,True,local-nvme,Available,v2.2.1,panel
2026-05-25,denvr,a100-sxm-80gb,A100,80GB,SXM,IB-HDR,OnDemand,NonInterruptible,OnDemand,Other,Other,SIF,T2IF,T2,1.3000,True,local-nvme,Available,v2.2.1,panel
2026-05-25,hyperstack,a100-sxm-80gb,A100,80GB,SXM,Ethernet,OnDemand,NonInterruptible,OnDemand,Other,Other,SIF,,T2,1.6000,True,local-nvme,Available,v2.2.1,panel
2026-05-25,lambda,a100-sxm-80gb,A100,80GB,SXM,Unknown,OnDemand,NonInterruptible,OnDemand,US-East,US,IIF,T3IF,T2,2.7900,True,local-nvme,Available,v2.2.1,panel
2026-05-25,massed_compute,a100-sxm-80gb,A100,80GB,SXM,Unknown,OnDemand,NonInterruptible,OnDemand,US-East,US,DIF,T3IF,T3,1.2800,False,,Available,v2.2.1,panel
2026-05-25,oci,a100-sxm-80gb,A100,80GB,SXM,RoCE-v2,OnDemand,NonInterruptible,OnDemand,US-East,US,HIF,T2IF,T1,4.0000,True,local-nvme;egress-capped;managed-ops-plane;support-tier;observability,Available,v2.2.1,panel
2026-05-25,runpod_cluster,a100-sxm-80gb,A100,80GB,SXM,IB-HDR,OnDemand,NonInterruptible,OnDemand,Other,Other,DIF,T2IF,T3,1.7880,True,local-nvme,Available,v2.2.1,panel
2026-05-25,runpod_community,a100-sxm-80gb,A100,80GB,SXM,Unknown,OnDemand,NonInterruptible,OnDemand,Other,Other,DIF,T3IF,T3,1.3900,False,,Available,v2.2.1,panel
2026-05-25,runpod_secure,a100-sxm-80gb,A100,80GB,SXM,IB-HDR,OnDemand,NonInterruptible,OnDemand,Other,Other,DIF,T2IF,T3,1.4900,True,local-nvme,Available,v2.2.1,panel
2026-05-25,runpod_secure,a100-sxm-80gb,A100,80GB,SXM,IB-HDR,OnDemand,Interruptible,Spot,Other,Other,DIF,T2IF,T3,1.3900,True,local-nvme,Available,v2.2.1,panel
2026-05-25,tensordock,a100-sxm-80gb,A100,80GB,SXM,Unknown,OnDemand,NonInterruptible,OnDemand,Other,Other,DIF,T3IF,T3,0.8500,False,,Available,v2.2.1,panel
2026-05-25,vast_ai,a100-sxm-80gb,A100,80GB,SXM,Unknown,OnDemand,NonInterruptible,OnDemand,EU,EU,DIF,T3IF,T3,0.2667,True,local-nvme,Available,v2.2.1,marketplace
2026-05-25,vast_ai,a100-sxm-80gb,A100,80GB,SXM,Unknown,OnDemand,NonInterruptible,OnDemand,APAC,APAC,DIF,T3IF,T3,0.6667,True,local-nvme,Available,v2.2.1,marketplace
2026-05-25,vast_ai,a100-sxm-80gb,A100,80GB,SXM,Unknown,OnDemand,NonInterruptible,OnDemand,US-Central,US,DIF,T3IF,T3,0.5333,True,local-nvme,Available,v2.2.1,marketplace
2026-05-25,vast_ai,a100-sxm-80gb,A100,80GB,SXM,Unknown,OnDemand,NonInterruptible,OnDemand,Other,Other,DIF,T3IF,T3,1.2667,True,local-nvme,Available,v2.2.1,marketplace
2026-05-25,vultr,a100-sxm-80gb,A100,80GB,SXM,Unknown,OnDemand,NonInterruptible,OnDemand,Other,Other,SIF,T2IF,T2,2.8000,False,,Available,v2.2.1,panel
2026-05-25,vultr,a100-sxm-80gb,A100,80GB,SXM,Unknown,OnDemand,Interruptible,Spot,Other,Other,DIF,T2IF,T2,1.4900,False,,Available,v2.2.1,panel
2026-05-26,aws,a100-sxm-80gb,A100,80GB,SXM,EFA,OnDemand,NonInterruptible,OnDemand,US-East,US,HIF,T2IF,T1,3.4309,True,local-nvme;managed-ops-plane;support-tier;observability,Available,v2.2.1,panel
2026-05-26,aws,a100-sxm-80gb,A100,80GB,SXM,EFA,1Y,NonInterruptible,Reserved,US-East,US,HIF,T2IF,T1,2.1752,True,local-nvme;managed-ops-plane;support-tier;observability,Available,v2.2.1,panel
2026-05-26,aws,a100-sxm-80gb,A100,80GB,SXM,EFA,3Y,NonInterruptible,Reserved,US-East,US,HIF,T2IF,T1,1.4647,True,local-nvme;managed-ops-plane;support-tier;observability,Available,v2.2.1,panel
2026-05-26,aws,a100-sxm-80gb,A100,80GB,SXM,EFA,OnDemand,Interruptible,Spot,US-East,US,DIF,T2IF,T1,2.1706,False,,Available,v2.2.1,panel
2026-05-26,aws,a100-sxm-80gb,A100,80GB,SXM,EFA,OnDemand,Interruptible,Spot,US-West,US,DIF,T2IF,T1,1.9624,False,,Available,v2.2.1,panel
2026-05-26,azure,a100-sxm-80gb,A100,80GB,SXM,IB-HDR,OnDemand,NonInterruptible,OnDemand,US-East,US,HIF,T2IF,T1,4.0963,True,local-nvme;managed-ops-plane;support-tier;observability,Available,v2.2.1,panel
2026-05-26,azure,a100-sxm-80gb,A100,80GB,SXM,IB-HDR,1Y,NonInterruptible,Reserved,US-East,US,HIF,T2IF,T1,2.6216,True,local-nvme;managed-ops-plane;support-tier;observability,Available,v2.2.1,panel
2026-05-26,azure,a100-sxm-80gb,A100,80GB,SXM,IB-HDR,3Y,NonInterruptible,Reserved,US-East,US,HIF,T2IF,T1,1.8024,True,local-nvme;managed-ops-plane;support-tier;observability,Available,v2.2.1,panel
2026-05-26,coreweave,a100-sxm-80gb,A100,80GB,SXM,IB-HDR,OnDemand,NonInterruptible,OnDemand,US-East,US,IIF,T2IF,T2,2.7000,True,local-nvme;free-egress;support-tier;observability;managed-ops-plane,Available,v2.2.1,panel
2026-05-26,coreweave,a100-sxm-80gb,A100,80GB,SXM,IB-HDR,OnDemand,Interruptible,Spot,US-East,US,DIF,T2IF,T2,1.2063,True,local-nvme;free-egress;support-tier;observability;managed-ops-plane,Available,v2.2.1,panel
2026-05-26,crusoe,a100-sxm-80gb,A100,80GB,SXM,IB-HDR,OnDemand,NonInterruptible,OnDemand,US-East,US,IIF,T2IF,T2,1.9500,True,local-nvme;free-egress,Available,v2.2.1,panel
2026-05-26,datacrunch,a100-sxm-80gb,A100,80GB,SXM,IB-HDR,OnDemand,NonInterruptible,OnDemand,EU,EU,SIF,T2IF,T2,1.7900,True,local-nvme,Available,v2.2.1,panel
2026-05-26,datacrunch,a100-sxm-80gb,A100,80GB,SXM,IB-HDR,OnDemand,Interruptible,Spot,EU,EU,DIF,T2IF,T2,0.6265,True,local-nvme,Available,v2.2.1,panel
2026-05-26,denvr,a100-sxm-80gb,A100,80GB,SXM,IB-HDR,OnDemand,NonInterruptible,OnDemand,Other,Other,SIF,T2IF,T2,1.3000,True,local-nvme,Available,v2.2.1,panel
2026-05-26,hyperstack,a100-sxm-80gb,A100,80GB,SXM,Ethernet,OnDemand,NonInterruptible,OnDemand,Other,Other,SIF,,T2,1.6000,True,local-nvme,Available,v2.2.1,panel
2026-05-26,lambda,a100-sxm-80gb,A100,80GB,SXM,Unknown,OnDemand,NonInterruptible,OnDemand,US-East,US,IIF,T3IF,T2,2.7900,True,local-nvme,Available,v2.2.1,panel
2026-05-26,massed_compute,a100-sxm-80gb,A100,80GB,SXM,Unknown,OnDemand,NonInterruptible,OnDemand,US-East,US,DIF,T3IF,T3,1.2800,False,,Available,v2.2.1,panel
2026-05-26,oci,a100-sxm-80gb,A100,80GB,SXM,RoCE-v2,OnDemand,NonInterruptible,OnDemand,US-East,US,HIF,T2IF,T1,4.0000,True,local-nvme;egress-capped;managed-ops-plane;support-tier;observability,Available,v2.2.1,panel
2026-05-26,runpod_cluster,a100-sxm-80gb,A100,80GB,SXM,IB-HDR,OnDemand,NonInterruptible,OnDemand,Other,Other,DIF,T2IF,T3,1.7880,True,local-nvme,Available,v2.2.1,panel
2026-05-26,runpod_community,a100-sxm-80gb,A100,80GB,SXM,Unknown,OnDemand,NonInterruptible,OnDemand,Other,Other,DIF,T3IF,T3,1.3900,False,,Available,v2.2.1,panel
2026-05-26,runpod_secure,a100-sxm-80gb,A100,80GB,SXM,IB-HDR,OnDemand,NonInterruptible,OnDemand,Other,Other,DIF,T2IF,T3,1.4900,True,local-nvme,Available,v2.2.1,panel
2026-05-26,runpod_secure,a100-sxm-80gb,A100,80GB,SXM,IB-HDR,OnDemand,Interruptible,Spot,Other,Other,DIF,T2IF,T3,1.3900,True,local-nvme,Available,v2.2.1,panel
2026-05-26,tensordock,a100-sxm-80gb,A100,80GB,SXM,Unknown,OnDemand,NonInterruptible,OnDemand,Other,Other,DIF,T3IF,T3,0.8500,False,,Available,v2.2.1,panel
2026-05-26,vast_ai,a100-sxm-80gb,A100,80GB,SXM,Unknown,OnDemand,NonInterruptible,OnDemand,APAC,APAC,DIF,T3IF,T3,0.6667,True,local-nvme,Available,v2.2.1,marketplace
2026-05-26,vast_ai,a100-sxm-80gb,A100,80GB,SXM,Unknown,OnDemand,NonInterruptible,OnDemand,US-Central,US,DIF,T3IF,T3,0.5333,True,local-nvme,Available,v2.2.1,marketplace
2026-05-26,vast_ai,a100-sxm-80gb,A100,80GB,SXM,Unknown,OnDemand,NonInterruptible,OnDemand,Other,Other,DIF,T3IF,T3,0.9600,True,local-nvme,Available,v2.2.1,marketplace
2026-05-26,vultr,a100-sxm-80gb,A100,80GB,SXM,Unknown,OnDemand,NonInterruptible,OnDemand,Other,Other,SIF,T2IF,T2,2.8000,False,,Available,v2.2.1,panel
2026-05-26,vultr,a100-sxm-80gb,A100,80GB,SXM,Unknown,OnDemand,Interruptible,Spot,Other,Other,DIF,T2IF,T2,1.4900,False,,Available,v2.2.1,panel
2026-05-27,aws,a100-sxm-80gb,A100,80GB,SXM,EFA,OnDemand,NonInterruptible,OnDemand,US-East,US,HIF,T2IF,T1,3.4309,True,local-nvme;managed-ops-plane;support-tier;observability,Available,v2.2.1,panel
2026-05-27,aws,a100-sxm-80gb,A100,80GB,SXM,EFA,1Y,NonInterruptible,Reserved,US-East,US,HIF,T2IF,T1,2.1752,True,local-nvme;managed-ops-plane;support-tier;observability,Available,v2.2.1,panel
2026-05-27,aws,a100-sxm-80gb,A100,80GB,SXM,EFA,3Y,NonInterruptible,Reserved,US-East,US,HIF,T2IF,T1,1.4647,True,local-nvme;managed-ops-plane;support-tier;observability,Available,v2.2.1,panel
2026-05-27,aws,a100-sxm-80gb,A100,80GB,SXM,EFA,OnDemand,Interruptible,Spot,US-West,US,DIF,T2IF,T1,2.1425,False,,Available,v2.2.1,panel
2026-05-27,aws,a100-sxm-80gb,A100,80GB,SXM,EFA,OnDemand,Interruptible,Spot,US-East,US,DIF,T2IF,T1,2.2965,False,,Available,v2.2.1,panel
2026-05-27,azure,a100-sxm-80gb,A100,80GB,SXM,IB-HDR,OnDemand,NonInterruptible,OnDemand,US-East,US,HIF,T2IF,T1,4.0963,True,local-nvme;managed-ops-plane;support-tier;observability,Available,v2.2.1,panel
2026-05-27,azure,a100-sxm-80gb,A100,80GB,SXM,IB-HDR,1Y,NonInterruptible,Reserved,US-East,US,HIF,T2IF,T1,2.6216,True,local-nvme;managed-ops-plane;support-tier;observability,Available,v2.2.1,panel
2026-05-27,azure,a100-sxm-80gb,A100,80GB,SXM,IB-HDR,3Y,NonInterruptible,Reserved,US-East,US,HIF,T2IF,T1,1.8024,True,local-nvme;managed-ops-plane;support-tier;observability,Available,v2.2.1,panel
2026-05-27,coreweave,a100-sxm-80gb,A100,80GB,SXM,IB-HDR,OnDemand,NonInterruptible,OnDemand,US-East,US,IIF,T2IF,T2,2.7000,True,local-nvme;free-egress;support-tier;observability;managed-ops-plane,Available,v2.2.1,panel
2026-05-27,coreweave,a100-sxm-80gb,A100,80GB,SXM,IB-HDR,OnDemand,Interruptible,Spot,US-East,US,DIF,T2IF,T2,1.2063,True,local-nvme;free-egress;support-tier;observability;managed-ops-plane,Available,v2.2.1,panel
2026-05-27,crusoe,a100-sxm-80gb,A100,80GB,SXM,IB-HDR,OnDemand,NonInterruptible,OnDemand,US-East,US,IIF,T2IF,T2,1.9500,True,local-nvme;free-egress,Available,v2.2.1,panel
2026-05-27,datacrunch,a100-sxm-80gb,A100,80GB,SXM,IB-HDR,OnDemand,NonInterruptible,OnDemand,EU,EU,SIF,T2IF,T2,1.7900,True,local-nvme,Available,v2.2.1,panel
2026-05-27,datacrunch,a100-sxm-80gb,A100,80GB,SXM,IB-HDR,OnDemand,Interruptible,Spot,EU,EU,DIF,T2IF,T2,0.6265,True,local-nvme,Available,v2.2.1,panel
2026-05-27,denvr,a100-sxm-80gb,A100,80GB,SXM,IB-HDR,OnDemand,NonInterruptible,OnDemand,Other,Other,SIF,T2IF,T2,1.3000,True,local-nvme,Available,v2.2.1,panel
2026-05-27,hyperstack,a100-sxm-80gb,A100,80GB,SXM,Ethernet,OnDemand,NonInterruptible,OnDemand,Other,Other,SIF,,T2,1.6000,True,local-nvme,Available,v2.2.1,panel
2026-05-27,lambda,a100-sxm-80gb,A100,80GB,SXM,Unknown,OnDemand,NonInterruptible,OnDemand,US-East,US,IIF,T3IF,T2,2.7900,True,local-nvme,Available,v2.2.1,panel
2026-05-27,massed_compute,a100-sxm-80gb,A100,80GB,SXM,Unknown,OnDemand,NonInterruptible,OnDemand,US-East,US,DIF,T3IF,T3,1.2800,False,,Available,v2.2.1,panel
2026-05-27,oci,a100-sxm-80gb,A100,80GB,SXM,RoCE-v2,OnDemand,NonInterruptible,OnDemand,US-East,US,HIF,T2IF,T1,4.0000,True,local-nvme;egress-capped;managed-ops-plane;support-tier;observability,Available,v2.2.1,panel
2026-05-27,runpod_cluster,a100-sxm-80gb,A100,80GB,SXM,IB-HDR,OnDemand,NonInterruptible,OnDemand,Other,Other,DIF,T2IF,T3,1.7880,True,local-nvme,Available,v2.2.1,panel
2026-05-27,runpod_community,a100-sxm-80gb,A100,80GB,SXM,Unknown,OnDemand,NonInterruptible,OnDemand,Other,Other,DIF,T3IF,T3,1.3900,False,,Available,v2.2.1,panel
2026-05-27,runpod_secure,a100-sxm-80gb,A100,80GB,SXM,IB-HDR,OnDemand,NonInterruptible,OnDemand,Other,Other,DIF,T2IF,T3,1.4900,True,local-nvme,Available,v2.2.1,panel
2026-05-27,runpod_secure,a100-sxm-80gb,A100,80GB,SXM,IB-HDR,OnDemand,Interruptible,Spot,Other,Other,DIF,T2IF,T3,1.3900,True,local-nvme,Available,v2.2.1,panel
2026-05-27,tensordock,a100-sxm-80gb,A100,80GB,SXM,Unknown,OnDemand,NonInterruptible,OnDemand,Other,Other,DIF,T3IF,T3,0.8500,False,,Available,v2.2.1,panel
2026-05-27,vast_ai,a100-sxm-80gb,A100,80GB,SXM,Unknown,OnDemand,NonInterruptible,OnDemand,Other,Other,DIF,T3IF,T3,2.0423,True,local-nvme,Available,v2.2.1,marketplace
2026-05-27,vast_ai,a100-sxm-80gb,A100,80GB,SXM,Unknown,OnDemand,NonInterruptible,OnDemand,APAC,APAC,DIF,T3IF,T3,1.1947,True,local-nvme,Available,v2.2.1,marketplace
2026-05-27,vultr,a100-sxm-80gb,A100,80GB,SXM,Unknown,OnDemand,NonInterruptible,OnDemand,Other,Other,SIF,T2IF,T2,2.8000,False,,Available,v2.2.1,panel
2026-05-27,vultr,a100-sxm-80gb,A100,80GB,SXM,Unknown,OnDemand,Interruptible,Spot,Other,Other,DIF,T2IF,T2,1.4900,False,,Available,v2.2.1,panel
2026-05-28,aws,a100-sxm-80gb,A100,80GB,SXM,EFA,OnDemand,NonInterruptible,OnDemand,US-East,US,HIF,T2IF,T1,3.4309,True,local-nvme;managed-ops-plane;support-tier;observability,Available,v2.2.1,panel
2026-05-28,aws,a100-sxm-80gb,A100,80GB,SXM,EFA,1Y,NonInterruptible,Reserved,US-East,US,HIF,T2IF,T1,2.1752,True,local-nvme;managed-ops-plane;support-tier;observability,Available,v2.2.1,panel
2026-05-28,aws,a100-sxm-80gb,A100,80GB,SXM,EFA,3Y,NonInterruptible,Reserved,US-East,US,HIF,T2IF,T1,1.4647,True,local-nvme;managed-ops-plane;support-tier;observability,Available,v2.2.1,panel
2026-05-28,aws,a100-sxm-80gb,A100,80GB,SXM,EFA,OnDemand,Interruptible,Spot,US-East,US,DIF,T2IF,T1,2.2716,False,,Available,v2.2.1,panel
2026-05-28,aws,a100-sxm-80gb,A100,80GB,SXM,EFA,OnDemand,Interruptible,Spot,US-West,US,DIF,T2IF,T1,2.3154,False,,Available,v2.2.1,panel
2026-05-28,azure,a100-sxm-80gb,A100,80GB,SXM,IB-HDR,OnDemand,NonInterruptible,OnDemand,US-East,US,HIF,T2IF,T1,4.0963,True,local-nvme;managed-ops-plane;support-tier;observability,Available,v2.2.1,panel
2026-05-28,azure,a100-sxm-80gb,A100,80GB,SXM,IB-HDR,1Y,NonInterruptible,Reserved,US-East,US,HIF,T2IF,T1,2.6216,True,local-nvme;managed-ops-plane;support-tier;observability,Available,v2.2.1,panel
2026-05-28,azure,a100-sxm-80gb,A100,80GB,SXM,IB-HDR,3Y,NonInterruptible,Reserved,US-East,US,HIF,T2IF,T1,1.8024,True,local-nvme;managed-ops-plane;support-tier;observability,Available,v2.2.1,panel
2026-05-28,coreweave,a100-sxm-80gb,A100,80GB,SXM,IB-HDR,OnDemand,NonInterruptible,OnDemand,US-East,US,IIF,T2IF,T2,2.7000,True,local-nvme;free-egress;support-tier;observability;managed-ops-plane,Available,v2.2.1,panel
2026-05-28,coreweave,a100-sxm-80gb,A100,80GB,SXM,IB-HDR,OnDemand,Interruptible,Spot,US-East,US,DIF,T2IF,T2,1.2063,True,local-nvme;free-egress;support-tier;observability;managed-ops-plane,Available,v2.2.1,panel
2026-05-28,crusoe,a100-sxm-80gb,A100,80GB,SXM,IB-HDR,OnDemand,NonInterruptible,OnDemand,US-East,US,IIF,T2IF,T2,1.9500,True,local-nvme;free-egress,Available,v2.2.1,panel
2026-05-28,datacrunch,a100-sxm-80gb,A100,80GB,SXM,IB-HDR,OnDemand,NonInterruptible,OnDemand,EU,EU,SIF,T2IF,T2,1.7900,True,local-nvme,Available,v2.2.1,panel
2026-05-28,datacrunch,a100-sxm-80gb,A100,80GB,SXM,IB-HDR,OnDemand,Interruptible,Spot,EU,EU,DIF,T2IF,T2,0.6265,True,local-nvme,Available,v2.2.1,panel
2026-05-28,denvr,a100-sxm-80gb,A100,80GB,SXM,IB-HDR,OnDemand,NonInterruptible,OnDemand,Other,Other,SIF,T2IF,T2,1.3000,True,local-nvme,Available,v2.2.1,panel
2026-05-28,hyperstack,a100-sxm-80gb,A100,80GB,SXM,Ethernet,OnDemand,NonInterruptible,OnDemand,Other,Other,SIF,,T2,1.6000,True,local-nvme,Available,v2.2.1,panel
2026-05-28,lambda,a100-sxm-80gb,A100,80GB,SXM,Unknown,OnDemand,NonInterruptible,OnDemand,US-East,US,IIF,T3IF,T2,2.7900,True,local-nvme,Available,v2.2.1,panel
2026-05-28,massed_compute,a100-sxm-80gb,A100,80GB,SXM,Unknown,OnDemand,NonInterruptible,OnDemand,US-East,US,DIF,T3IF,T3,1.2800,False,,Available,v2.2.1,panel
2026-05-28,oci,a100-sxm-80gb,A100,80GB,SXM,RoCE-v2,OnDemand,NonInterruptible,OnDemand,US-East,US,HIF,T2IF,T1,4.0000,True,local-nvme;egress-capped;managed-ops-plane;support-tier;observability,Available,v2.2.1,panel
2026-05-28,runpod_cluster,a100-sxm-80gb,A100,80GB,SXM,IB-HDR,OnDemand,NonInterruptible,OnDemand,Other,Other,DIF,T2IF,T3,1.7880,True,local-nvme,Available,v2.2.1,panel
2026-05-28,runpod_community,a100-sxm-80gb,A100,80GB,SXM,Unknown,OnDemand,NonInterruptible,OnDemand,Other,Other,DIF,T3IF,T3,1.3900,False,,Available,v2.2.1,panel
2026-05-28,runpod_secure,a100-sxm-80gb,A100,80GB,SXM,IB-HDR,OnDemand,NonInterruptible,OnDemand,Other,Other,DIF,T2IF,T3,1.4900,True,local-nvme,Available,v2.2.1,panel
2026-05-28,runpod_secure,a100-sxm-80gb,A100,80GB,SXM,IB-HDR,OnDemand,Interruptible,Spot,Other,Other,DIF,T2IF,T3,1.3900,True,local-nvme,Available,v2.2.1,panel
2026-05-28,tensordock,a100-sxm-80gb,A100,80GB,SXM,Unknown,OnDemand,NonInterruptible,OnDemand,Other,Other,DIF,T3IF,T3,0.8500,False,,Available,v2.2.1,panel
2026-05-28,vast_ai,a100-sxm-80gb,A100,80GB,SXM,Unknown,OnDemand,NonInterruptible,OnDemand,APAC,APAC,DIF,T3IF,T3,1.1947,True,local-nvme,Available,v2.2.1,marketplace
2026-05-28,vast_ai,a100-sxm-80gb,A100,80GB,SXM,Unknown,OnDemand,NonInterruptible,OnDemand,US-Central,US,DIF,T3IF,T3,0.5333,True,local-nvme,Available,v2.2.1,marketplace
2026-05-28,vast_ai,a100-sxm-80gb,A100,80GB,SXM,Unknown,OnDemand,NonInterruptible,OnDemand,Other,Other,DIF,T3IF,T3,1.5333,True,local-nvme,Available,v2.2.1,marketplace
2026-05-28,vultr,a100-sxm-80gb,A100,80GB,SXM,Unknown,OnDemand,NonInterruptible,OnDemand,Other,Other,SIF,T2IF,T2,2.8000,False,,Available,v2.2.1,panel
2026-05-28,vultr,a100-sxm-80gb,A100,80GB,SXM,Unknown,OnDemand,Interruptible,Spot,Other,Other,DIF,T2IF,T2,1.4900,False,,Available,v2.2.1,panel
2026-05-29,aws,a100-sxm-80gb,A100,80GB,SXM,EFA,OnDemand,NonInterruptible,OnDemand,US-East,US,HIF,T2IF,T1,3.4309,True,local-nvme;managed-ops-plane;support-tier;observability,Available,v2.2.1,panel
2026-05-29,aws,a100-sxm-80gb,A100,80GB,SXM,EFA,1Y,NonInterruptible,Reserved,US-East,US,HIF,T2IF,T1,2.1752,True,local-nvme;managed-ops-plane;support-tier;observability,Available,v2.2.1,panel
2026-05-29,aws,a100-sxm-80gb,A100,80GB,SXM,EFA,3Y,NonInterruptible,Reserved,US-East,US,HIF,T2IF,T1,1.4647,True,local-nvme;managed-ops-plane;support-tier;observability,Available,v2.2.1,panel
2026-05-29,aws,a100-sxm-80gb,A100,80GB,SXM,EFA,OnDemand,Interruptible,Spot,US-East,US,DIF,T2IF,T1,2.1895,False,,Available,v2.2.1,panel
2026-05-29,aws,a100-sxm-80gb,A100,80GB,SXM,EFA,OnDemand,Interruptible,Spot,US-West,US,DIF,T2IF,T1,2.4686,False,,Available,v2.2.1,panel
2026-05-29,azure,a100-sxm-80gb,A100,80GB,SXM,IB-HDR,OnDemand,NonInterruptible,OnDemand,US-East,US,HIF,T2IF,T1,4.0963,True,local-nvme;managed-ops-plane;support-tier;observability,Available,v2.2.1,panel
2026-05-29,azure,a100-sxm-80gb,A100,80GB,SXM,IB-HDR,1Y,NonInterruptible,Reserved,US-East,US,HIF,T2IF,T1,2.6216,True,local-nvme;managed-ops-plane;support-tier;observability,Available,v2.2.1,panel
2026-05-29,azure,a100-sxm-80gb,A100,80GB,SXM,IB-HDR,3Y,NonInterruptible,Reserved,US-East,US,HIF,T2IF,T1,1.8024,True,local-nvme;managed-ops-plane;support-tier;observability,Available,v2.2.1,panel
2026-05-29,coreweave,a100-sxm-80gb,A100,80GB,SXM,IB-HDR,OnDemand,NonInterruptible,OnDemand,US-East,US,IIF,T2IF,T2,2.7000,True,local-nvme;free-egress;support-tier;observability;managed-ops-plane,Available,v2.2.1,panel
2026-05-29,coreweave,a100-sxm-80gb,A100,80GB,SXM,IB-HDR,OnDemand,Interruptible,Spot,US-East,US,DIF,T2IF,T2,1.2063,True,local-nvme;free-egress;support-tier;observability;managed-ops-plane,Available,v2.2.1,panel
2026-05-29,crusoe,a100-sxm-80gb,A100,80GB,SXM,IB-HDR,OnDemand,NonInterruptible,OnDemand,US-East,US,IIF,T2IF,T2,1.9500,True,local-nvme;free-egress,Available,v2.2.1,panel
2026-05-29,datacrunch,a100-sxm-80gb,A100,80GB,SXM,IB-HDR,OnDemand,NonInterruptible,OnDemand,EU,EU,SIF,T2IF,T2,1.7900,True,local-nvme,Available,v2.2.1,panel
2026-05-29,datacrunch,a100-sxm-80gb,A100,80GB,SXM,IB-HDR,OnDemand,Interruptible,Spot,EU,EU,DIF,T2IF,T2,0.6265,True,local-nvme,Available,v2.2.1,panel
2026-05-29,denvr,a100-sxm-80gb,A100,80GB,SXM,IB-HDR,OnDemand,NonInterruptible,OnDemand,Other,Other,SIF,T2IF,T2,1.3000,True,local-nvme,Available,v2.2.1,panel
2026-05-29,hyperstack,a100-sxm-80gb,A100,80GB,SXM,Ethernet,OnDemand,NonInterruptible,OnDemand,Other,Other,SIF,,T2,1.6000,True,local-nvme,Available,v2.2.1,panel
2026-05-29,lambda,a100-sxm-80gb,A100,80GB,SXM,Unknown,OnDemand,NonInterruptible,OnDemand,US-East,US,IIF,T3IF,T2,2.7900,True,local-nvme,Available,v2.2.1,panel
2026-05-29,massed_compute,a100-sxm-80gb,A100,80GB,SXM,Unknown,OnDemand,NonInterruptible,OnDemand,US-East,US,DIF,T3IF,T3,1.2800,False,,Available,v2.2.1,panel
2026-05-29,oci,a100-sxm-80gb,A100,80GB,SXM,RoCE-v2,OnDemand,NonInterruptible,OnDemand,US-East,US,HIF,T2IF,T1,4.0000,True,local-nvme;egress-capped;managed-ops-plane;support-tier;observability,Available,v2.2.1,panel
2026-05-29,runpod_cluster,a100-sxm-80gb,A100,80GB,SXM,IB-HDR,OnDemand,NonInterruptible,OnDemand,Other,Other,DIF,T2IF,T3,1.7880,True,local-nvme,Available,v2.2.1,panel
2026-05-29,runpod_community,a100-sxm-80gb,A100,80GB,SXM,Unknown,OnDemand,NonInterruptible,OnDemand,Other,Other,DIF,T3IF,T3,1.3900,False,,Available,v2.2.1,panel
2026-05-29,runpod_secure,a100-sxm-80gb,A100,80GB,SXM,IB-HDR,OnDemand,NonInterruptible,OnDemand,Other,Other,DIF,T2IF,T3,1.4900,True,local-nvme,Available,v2.2.1,panel
2026-05-29,runpod_secure,a100-sxm-80gb,A100,80GB,SXM,IB-HDR,OnDemand,Interruptible,Spot,Other,Other,DIF,T2IF,T3,1.3900,True,local-nvme,Available,v2.2.1,panel
2026-05-29,tensordock,a100-sxm-80gb,A100,80GB,SXM,Unknown,OnDemand,NonInterruptible,OnDemand,Other,Other,DIF,T3IF,T3,0.8500,False,,Available,v2.2.1,panel
2026-05-29,vast_ai,a100-sxm-80gb,A100,80GB,SXM,Unknown,OnDemand,NonInterruptible,OnDemand,EU,EU,DIF,T3IF,T3,1.0667,True,local-nvme,Available,v2.2.1,marketplace
2026-05-29,vast_ai,a100-sxm-80gb,A100,80GB,SXM,Unknown,OnDemand,NonInterruptible,OnDemand,APAC,APAC,DIF,T3IF,T3,1.1947,True,local-nvme,Available,v2.2.1,marketplace
2026-05-29,vast_ai,a100-sxm-80gb,A100,80GB,SXM,Unknown,OnDemand,NonInterruptible,OnDemand,Other,Other,DIF,T3IF,T3,1.9466,True,local-nvme,Available,v2.2.1,marketplace
2026-05-29,vast_ai,a100-sxm-80gb,A100,80GB,SXM,Unknown,OnDemand,NonInterruptible,OnDemand,US-Central,US,DIF,T3IF,T3,0.9333,True,local-nvme,Available,v2.2.1,marketplace
2026-05-30,aws,a100-sxm-80gb,A100,80GB,SXM,EFA,OnDemand,NonInterruptible,OnDemand,US-East,US,HIF,T2IF,T1,3.4309,True,local-nvme;managed-ops-plane;support-tier;observability,Available,v2.2.1,panel
2026-05-30,aws,a100-sxm-80gb,A100,80GB,SXM,EFA,1Y,NonInterruptible,Reserved,US-East,US,HIF,T2IF,T1,2.1752,True,local-nvme;managed-ops-plane;support-tier;observability,Available,v2.2.1,panel
2026-05-30,aws,a100-sxm-80gb,A100,80GB,SXM,EFA,3Y,NonInterruptible,Reserved,US-East,US,HIF,T2IF,T1,1.4647,True,local-nvme;managed-ops-plane;support-tier;observability,Available,v2.2.1,panel
2026-05-30,aws,a100-sxm-80gb,A100,80GB,SXM,EFA,OnDemand,Interruptible,Spot,US-West,US,DIF,T2IF,T1,2.6360,False,,Available,v2.2.1,panel
2026-05-30,aws,a100-sxm-80gb,A100,80GB,SXM,EFA,OnDemand,Interruptible,Spot,US-East,US,DIF,T2IF,T1,2.0602,False,,Available,v2.2.1,panel
2026-05-30,azure,a100-sxm-80gb,A100,80GB,SXM,IB-HDR,OnDemand,NonInterruptible,OnDemand,US-East,US,HIF,T2IF,T1,4.0963,True,local-nvme;managed-ops-plane;support-tier;observability,Available,v2.2.1,panel
2026-05-30,azure,a100-sxm-80gb,A100,80GB,SXM,IB-HDR,1Y,NonInterruptible,Reserved,US-East,US,HIF,T2IF,T1,2.6216,True,local-nvme;managed-ops-plane;support-tier;observability,Available,v2.2.1,panel
2026-05-30,azure,a100-sxm-80gb,A100,80GB,SXM,IB-HDR,3Y,NonInterruptible,Reserved,US-East,US,HIF,T2IF,T1,1.8024,True,local-nvme;managed-ops-plane;support-tier;observability,Available,v2.2.1,panel
2026-05-30,coreweave,a100-sxm-80gb,A100,80GB,SXM,IB-HDR,OnDemand,NonInterruptible,OnDemand,US-East,US,IIF,T2IF,T2,2.7000,True,local-nvme;free-egress;support-tier;observability;managed-ops-plane,Available,v2.2.1,panel
2026-05-30,coreweave,a100-sxm-80gb,A100,80GB,SXM,IB-HDR,OnDemand,Interruptible,Spot,US-East,US,DIF,T2IF,T2,1.2063,True,local-nvme;free-egress;support-tier;observability;managed-ops-plane,Available,v2.2.1,panel
2026-05-30,crusoe,a100-sxm-80gb,A100,80GB,SXM,IB-HDR,OnDemand,NonInterruptible,OnDemand,US-East,US,IIF,T2IF,T2,1.9500,True,local-nvme;free-egress,Available,v2.2.1,panel
2026-05-30,datacrunch,a100-sxm-80gb,A100,80GB,SXM,IB-HDR,OnDemand,NonInterruptible,OnDemand,EU,EU,SIF,T2IF,T2,1.7900,True,local-nvme,Available,v2.2.1,panel
2026-05-30,datacrunch,a100-sxm-80gb,A100,80GB,SXM,IB-HDR,OnDemand,Interruptible,Spot,EU,EU,DIF,T2IF,T2,0.6265,True,local-nvme,Available,v2.2.1,panel
2026-05-30,denvr,a100-sxm-80gb,A100,80GB,SXM,IB-HDR,OnDemand,NonInterruptible,OnDemand,Other,Other,SIF,T2IF,T2,1.3000,True,local-nvme,Available,v2.2.1,panel
2026-05-30,hyperstack,a100-sxm-80gb,A100,80GB,SXM,Ethernet,OnDemand,NonInterruptible,OnDemand,Other,Other,SIF,,T2,1.6000,True,local-nvme,Available,v2.2.1,panel
2026-05-30,lambda,a100-sxm-80gb,A100,80GB,SXM,Unknown,OnDemand,NonInterruptible,OnDemand,US-East,US,IIF,T3IF,T2,2.7900,True,local-nvme,Available,v2.2.1,panel
2026-05-30,massed_compute,a100-sxm-80gb,A100,80GB,SXM,Unknown,OnDemand,NonInterruptible,OnDemand,US-East,US,DIF,T3IF,T3,1.2800,False,,Available,v2.2.1,panel
2026-05-30,oci,a100-sxm-80gb,A100,80GB,SXM,RoCE-v2,OnDemand,NonInterruptible,OnDemand,US-East,US,HIF,T2IF,T1,4.0000,True,local-nvme;egress-capped;managed-ops-plane;support-tier;observability,Available,v2.2.1,panel
2026-05-30,runpod_cluster,a100-sxm-80gb,A100,80GB,SXM,IB-HDR,OnDemand,NonInterruptible,OnDemand,Other,Other,DIF,T2IF,T3,1.7880,True,local-nvme,Available,v2.2.1,panel
2026-05-30,runpod_community,a100-sxm-80gb,A100,80GB,SXM,Unknown,OnDemand,NonInterruptible,OnDemand,Other,Other,DIF,T3IF,T3,1.3900,False,,Available,v2.2.1,panel
2026-05-30,runpod_secure,a100-sxm-80gb,A100,80GB,SXM,IB-HDR,OnDemand,NonInterruptible,OnDemand,Other,Other,DIF,T2IF,T3,1.4900,True,local-nvme,Available,v2.2.1,panel
2026-05-30,runpod_secure,a100-sxm-80gb,A100,80GB,SXM,IB-HDR,OnDemand,Interruptible,Spot,Other,Other,DIF,T2IF,T3,1.3900,True,local-nvme,Available,v2.2.1,panel
2026-05-30,tensordock,a100-sxm-80gb,A100,80GB,SXM,Unknown,OnDemand,NonInterruptible,OnDemand,Other,Other,DIF,T3IF,T3,0.8500,False,,Available,v2.2.1,panel
2026-05-30,vast_ai,a100-sxm-80gb,A100,80GB,SXM,Unknown,OnDemand,NonInterruptible,OnDemand,EU,EU,DIF,T3IF,T3,1.0667,True,local-nvme,Available,v2.2.1,marketplace
2026-05-30,vast_ai,a100-sxm-80gb,A100,80GB,SXM,Unknown,OnDemand,NonInterruptible,OnDemand,APAC,APAC,DIF,T3IF,T3,1.0667,True,local-nvme,Available,v2.2.1,marketplace
2026-05-30,vast_ai,a100-sxm-80gb,A100,80GB,SXM,Unknown,OnDemand,NonInterruptible,OnDemand,Other,Other,DIF,T3IF,T3,2.1036,True,local-nvme,Available,v2.2.1,marketplace
2026-05-30,vast_ai,a100-sxm-80gb,A100,80GB,SXM,Unknown,OnDemand,NonInterruptible,OnDemand,US-Central,US,DIF,T3IF,T3,1.0667,True,local-nvme,Available,v2.2.1,marketplace
2026-05-30,vultr,a100-sxm-80gb,A100,80GB,SXM,Unknown,OnDemand,NonInterruptible,OnDemand,Other,Other,SIF,T2IF,T2,2.8000,False,,Available,v2.2.1,panel
2026-05-30,vultr,a100-sxm-80gb,A100,80GB,SXM,Unknown,OnDemand,Interruptible,Spot,Other,Other,DIF,T2IF,T2,1.4900,False,,Available,v2.2.1,panel
2026-05-31,aws,a100-sxm-80gb,A100,80GB,SXM,EFA,OnDemand,NonInterruptible,OnDemand,US-East,US,HIF,T2IF,T1,3.4309,True,local-nvme;managed-ops-plane;support-tier;observability,Available,v2.2.1,panel
2026-05-31,aws,a100-sxm-80gb,A100,80GB,SXM,EFA,1Y,NonInterruptible,Reserved,US-East,US,HIF,T2IF,T1,2.1752,True,local-nvme;managed-ops-plane;support-tier;observability,Available,v2.2.1,panel
2026-05-31,aws,a100-sxm-80gb,A100,80GB,SXM,EFA,3Y,NonInterruptible,Reserved,US-East,US,HIF,T2IF,T1,1.4647,True,local-nvme;managed-ops-plane;support-tier;observability,Available,v2.2.1,panel
2026-05-31,aws,a100-sxm-80gb,A100,80GB,SXM,EFA,OnDemand,Interruptible,Spot,US-West,US,DIF,T2IF,T1,2.7185,False,,Available,v2.2.1,panel
2026-05-31,aws,a100-sxm-80gb,A100,80GB,SXM,EFA,OnDemand,Interruptible,Spot,US-East,US,DIF,T2IF,T1,1.9733,False,,Available,v2.2.1,panel
2026-05-31,azure,a100-sxm-80gb,A100,80GB,SXM,IB-HDR,OnDemand,NonInterruptible,OnDemand,US-East,US,HIF,T2IF,T1,4.0963,True,local-nvme;managed-ops-plane;support-tier;observability,Available,v2.2.1,panel
2026-05-31,azure,a100-sxm-80gb,A100,80GB,SXM,IB-HDR,1Y,NonInterruptible,Reserved,US-East,US,HIF,T2IF,T1,2.6216,True,local-nvme;managed-ops-plane;support-tier;observability,Available,v2.2.1,panel
2026-05-31,azure,a100-sxm-80gb,A100,80GB,SXM,IB-HDR,3Y,NonInterruptible,Reserved,US-East,US,HIF,T2IF,T1,1.8024,True,local-nvme;managed-ops-plane;support-tier;observability,Available,v2.2.1,panel
2026-05-31,coreweave,a100-sxm-80gb,A100,80GB,SXM,IB-HDR,OnDemand,NonInterruptible,OnDemand,US-East,US,IIF,T2IF,T2,2.7000,True,local-nvme;free-egress;support-tier;observability;managed-ops-plane,Available,v2.2.1,panel
2026-05-31,coreweave,a100-sxm-80gb,A100,80GB,SXM,IB-HDR,OnDemand,Interruptible,Spot,US-East,US,DIF,T2IF,T2,1.2063,True,local-nvme;free-egress;support-tier;observability;managed-ops-plane,Available,v2.2.1,panel
2026-05-31,crusoe,a100-sxm-80gb,A100,80GB,SXM,IB-HDR,OnDemand,NonInterruptible,OnDemand,US-East,US,IIF,T2IF,T2,1.9500,True,local-nvme;free-egress,Available,v2.2.1,panel
2026-05-31,datacrunch,a100-sxm-80gb,A100,80GB,SXM,IB-HDR,OnDemand,NonInterruptible,OnDemand,EU,EU,SIF,T2IF,T2,1.7900,True,local-nvme,Available,v2.2.1,panel
2026-05-31,datacrunch,a100-sxm-80gb,A100,80GB,SXM,IB-HDR,OnDemand,Interruptible,Spot,EU,EU,DIF,T2IF,T2,0.6265,True,local-nvme,Available,v2.2.1,panel
2026-05-31,denvr,a100-sxm-80gb,A100,80GB,SXM,IB-HDR,OnDemand,NonInterruptible,OnDemand,Other,Other,SIF,T2IF,T2,1.3000,True,local-nvme,Available,v2.2.1,panel
2026-05-31,hyperstack,a100-sxm-80gb,A100,80GB,SXM,Ethernet,OnDemand,NonInterruptible,OnDemand,Other,Other,SIF,,T2,1.6000,True,local-nvme,Available,v2.2.1,panel
2026-05-31,lambda,a100-sxm-80gb,A100,80GB,SXM,Unknown,OnDemand,NonInterruptible,OnDemand,US-East,US,IIF,T3IF,T2,2.7900,True,local-nvme,Available,v2.2.1,panel
2026-05-31,massed_compute,a100-sxm-80gb,A100,80GB,SXM,Unknown,OnDemand,NonInterruptible,OnDemand,US-East,US,DIF,T3IF,T3,1.2800,False,,Available,v2.2.1,panel
2026-05-31,oci,a100-sxm-80gb,A100,80GB,SXM,RoCE-v2,OnDemand,NonInterruptible,OnDemand,US-East,US,HIF,T2IF,T1,4.0000,True,local-nvme;egress-capped;managed-ops-plane;support-tier;observability,Available,v2.2.1,panel
2026-05-31,runpod_cluster,a100-sxm-80gb,A100,80GB,SXM,IB-HDR,OnDemand,NonInterruptible,OnDemand,Other,Other,DIF,T2IF,T3,1.7880,True,local-nvme,Available,v2.2.1,panel
2026-05-31,runpod_community,a100-sxm-80gb,A100,80GB,SXM,Unknown,OnDemand,NonInterruptible,OnDemand,Other,Other,DIF,T3IF,T3,1.3900,False,,Available,v2.2.1,panel
2026-05-31,runpod_secure,a100-sxm-80gb,A100,80GB,SXM,IB-HDR,OnDemand,NonInterruptible,OnDemand,Other,Other,DIF,T2IF,T3,1.4900,True,local-nvme,Available,v2.2.1,panel
2026-05-31,runpod_secure,a100-sxm-80gb,A100,80GB,SXM,IB-HDR,OnDemand,Interruptible,Spot,Other,Other,DIF,T2IF,T3,1.3900,True,local-nvme,Available,v2.2.1,panel
2026-05-31,tensordock,a100-sxm-80gb,A100,80GB,SXM,Unknown,OnDemand,NonInterruptible,OnDemand,Other,Other,DIF,T3IF,T3,0.8500,False,,Available,v2.2.1,panel
2026-05-31,vast_ai,a100-sxm-80gb,A100,80GB,SXM,Unknown,OnDemand,NonInterruptible,OnDemand,US-Central,US,DIF,T3IF,T3,0.9333,True,local-nvme,Available,v2.2.1,marketplace
2026-05-31,vast_ai,a100-sxm-80gb,A100,80GB,SXM,Unknown,OnDemand,NonInterruptible,OnDemand,US-South,US,DIF,T3IF,T3,0.8000,True,local-nvme,Available,v2.2.1,marketplace
2026-05-31,vast_ai,a100-sxm-80gb,A100,80GB,SXM,Unknown,OnDemand,NonInterruptible,OnDemand,Other,Other,DIF,T3IF,T3,2.1499,True,local-nvme,Available,v2.2.1,marketplace
2026-05-31,vast_ai,a100-sxm-80gb,A100,80GB,SXM,Unknown,OnDemand,NonInterruptible,OnDemand,APAC,APAC,DIF,T3IF,T3,1.0667,True,local-nvme,Available,v2.2.1,marketplace
2026-05-31,vast_ai,a100-sxm-80gb,A100,80GB,SXM,Unknown,OnDemand,NonInterruptible,OnDemand,EU,EU,DIF,T3IF,T3,0.6667,True,local-nvme,Available,v2.2.1,marketplace
2026-05-31,vultr,a100-sxm-80gb,A100,80GB,SXM,Unknown,OnDemand,NonInterruptible,OnDemand,Other,Other,SIF,T2IF,T2,2.8000,False,,Available,v2.2.1,panel
2026-05-31,vultr,a100-sxm-80gb,A100,80GB,SXM,Unknown,OnDemand,Interruptible,Spot,Other,Other,DIF,T2IF,T2,1.4900,False,,Available,v2.2.1,panel
2026-06-01,aws,a100-sxm-80gb,A100,80GB,SXM,EFA,OnDemand,NonInterruptible,OnDemand,US-East,US,HIF,T2IF,T1,3.4309,True,local-nvme;managed-ops-plane;support-tier;observability,Available,v2.2.1,panel
2026-06-01,aws,a100-sxm-80gb,A100,80GB,SXM,EFA,1Y,NonInterruptible,Reserved,US-East,US,HIF,T2IF,T1,2.1752,True,local-nvme;managed-ops-plane;support-tier;observability,Available,v2.2.1,panel
2026-06-01,aws,a100-sxm-80gb,A100,80GB,SXM,EFA,3Y,NonInterruptible,Reserved,US-East,US,HIF,T2IF,T1,1.4647,True,local-nvme;managed-ops-plane;support-tier;observability,Available,v2.2.1,panel
2026-06-01,aws,a100-sxm-80gb,A100,80GB,SXM,EFA,OnDemand,Interruptible,Spot,US-East,US,DIF,T2IF,T1,1.8856,False,,Available,v2.2.1,panel
2026-06-01,aws,a100-sxm-80gb,A100,80GB,SXM,EFA,OnDemand,Interruptible,Spot,US-West,US,DIF,T2IF,T1,2.7930,False,,Available,v2.2.1,panel
2026-06-01,azure,a100-sxm-80gb,A100,80GB,SXM,IB-HDR,OnDemand,NonInterruptible,OnDemand,US-East,US,HIF,T2IF,T1,4.0963,True,local-nvme;managed-ops-plane;support-tier;observability,Available,v2.2.1,panel
2026-06-01,azure,a100-sxm-80gb,A100,80GB,SXM,IB-HDR,1Y,NonInterruptible,Reserved,US-East,US,HIF,T2IF,T1,2.6216,True,local-nvme;managed-ops-plane;support-tier;observability,Available,v2.2.1,panel
2026-06-01,azure,a100-sxm-80gb,A100,80GB,SXM,IB-HDR,3Y,NonInterruptible,Reserved,US-East,US,HIF,T2IF,T1,1.8024,True,local-nvme;managed-ops-plane;support-tier;observability,Available,v2.2.1,panel
2026-06-01,coreweave,a100-sxm-80gb,A100,80GB,SXM,IB-HDR,OnDemand,NonInterruptible,OnDemand,US-East,US,IIF,T2IF,T2,2.7000,True,local-nvme;free-egress;support-tier;observability;managed-ops-plane,Available,v2.2.1,panel
2026-06-01,coreweave,a100-sxm-80gb,A100,80GB,SXM,IB-HDR,OnDemand,Interruptible,Spot,US-East,US,DIF,T2IF,T2,1.2063,True,local-nvme;free-egress;support-tier;observability;managed-ops-plane,Available,v2.2.1,panel
2026-06-01,crusoe,a100-sxm-80gb,A100,80GB,SXM,IB-HDR,OnDemand,NonInterruptible,OnDemand,US-East,US,IIF,T2IF,T2,1.9500,True,local-nvme;free-egress,Available,v2.2.1,panel
2026-06-01,datacrunch,a100-sxm-80gb,A100,80GB,SXM,IB-HDR,OnDemand,NonInterruptible,OnDemand,EU,EU,SIF,T2IF,T2,1.7900,True,local-nvme,Available,v2.2.1,panel
2026-06-01,datacrunch,a100-sxm-80gb,A100,80GB,SXM,IB-HDR,OnDemand,Interruptible,Spot,EU,EU,DIF,T2IF,T2,0.6265,True,local-nvme,Available,v2.2.1,panel
2026-06-01,denvr,a100-sxm-80gb,A100,80GB,SXM,IB-HDR,OnDemand,NonInterruptible,OnDemand,Other,Other,SIF,T2IF,T2,1.3000,True,local-nvme,Available,v2.2.1,panel
2026-06-01,hyperstack,a100-sxm-80gb,A100,80GB,SXM,Ethernet,OnDemand,NonInterruptible,OnDemand,Other,Other,SIF,,T2,1.6000,True,local-nvme,Available,v2.2.1,panel
2026-06-01,lambda,a100-sxm-80gb,A100,80GB,SXM,Unknown,OnDemand,NonInterruptible,OnDemand,US-East,US,IIF,T3IF,T2,2.7900,True,local-nvme,Available,v2.2.1,panel
2026-06-01,massed_compute,a100-sxm-80gb,A100,80GB,SXM,Unknown,OnDemand,NonInterruptible,OnDemand,US-East,US,DIF,T3IF,T3,1.2800,False,,Available,v2.2.1,panel
2026-06-01,oci,a100-sxm-80gb,A100,80GB,SXM,RoCE-v2,OnDemand,NonInterruptible,OnDemand,US-East,US,HIF,T2IF,T1,4.0000,True,local-nvme;egress-capped;managed-ops-plane;support-tier;observability,Available,v2.2.1,panel
2026-06-01,runpod_cluster,a100-sxm-80gb,A100,80GB,SXM,IB-HDR,OnDemand,NonInterruptible,OnDemand,Other,Other,DIF,T2IF,T3,1.7880,True,local-nvme,Available,v2.2.1,panel
2026-06-01,runpod_community,a100-sxm-80gb,A100,80GB,SXM,Unknown,OnDemand,NonInterruptible,OnDemand,Other,Other,DIF,T3IF,T3,1.3900,False,,Available,v2.2.1,panel
2026-06-01,runpod_secure,a100-sxm-80gb,A100,80GB,SXM,IB-HDR,OnDemand,NonInterruptible,OnDemand,Other,Other,DIF,T2IF,T3,1.4900,True,local-nvme,Available,v2.2.1,panel
2026-06-01,runpod_secure,a100-sxm-80gb,A100,80GB,SXM,IB-HDR,OnDemand,Interruptible,Spot,Other,Other,DIF,T2IF,T3,1.3900,True,local-nvme,Available,v2.2.1,panel
2026-06-01,vast_ai,a100-sxm-80gb,A100,80GB,SXM,Unknown,OnDemand,NonInterruptible,OnDemand,APAC,APAC,DIF,T3IF,T3,1.0667,True,local-nvme,Available,v2.2.1,marketplace
2026-06-01,vast_ai,a100-sxm-80gb,A100,80GB,SXM,Unknown,OnDemand,NonInterruptible,OnDemand,EU,EU,DIF,T3IF,T3,0.6667,True,local-nvme,Available,v2.2.1,marketplace
2026-06-01,vast_ai,a100-sxm-80gb,A100,80GB,SXM,Unknown,OnDemand,NonInterruptible,OnDemand,Other,Other,DIF,T3IF,T3,2.6667,True,local-nvme,Available,v2.2.1,marketplace
2026-06-01,vast_ai,a100-sxm-80gb,A100,80GB,SXM,Unknown,OnDemand,NonInterruptible,OnDemand,US-Central,US,DIF,T3IF,T3,0.9333,True,local-nvme,Available,v2.2.1,marketplace
2026-06-01,vultr,a100-sxm-80gb,A100,80GB,SXM,Unknown,OnDemand,NonInterruptible,OnDemand,Other,Other,SIF,T2IF,T2,2.8000,False,,Available,v2.2.1,panel
2026-06-01,vultr,a100-sxm-80gb,A100,80GB,SXM,Unknown,OnDemand,Interruptible,Spot,Other,Other,DIF,T2IF,T2,1.4900,False,,Available,v2.2.1,panel
2026-06-02,aws,a100-sxm-80gb,A100,80GB,SXM,EFA,OnDemand,NonInterruptible,OnDemand,US-East,US,HIF,T2IF,T1,3.4309,True,local-nvme;managed-ops-plane;support-tier;observability,Available,v2.2.1,panel
2026-06-02,aws,a100-sxm-80gb,A100,80GB,SXM,EFA,1Y,NonInterruptible,Reserved,US-East,US,HIF,T2IF,T1,2.1752,True,local-nvme;managed-ops-plane;support-tier;observability,Available,v2.2.1,panel
2026-06-02,aws,a100-sxm-80gb,A100,80GB,SXM,EFA,3Y,NonInterruptible,Reserved,US-East,US,HIF,T2IF,T1,1.4647,True,local-nvme;managed-ops-plane;support-tier;observability,Available,v2.2.1,panel
2026-06-02,aws,a100-sxm-80gb,A100,80GB,SXM,EFA,OnDemand,Interruptible,Spot,US-East,US,DIF,T2IF,T1,1.8349,False,,Available,v2.2.1,panel
2026-06-02,aws,a100-sxm-80gb,A100,80GB,SXM,EFA,OnDemand,Interruptible,Spot,US-West,US,DIF,T2IF,T1,2.8001,False,,Available,v2.2.1,panel
2026-06-02,azure,a100-sxm-80gb,A100,80GB,SXM,IB-HDR,OnDemand,NonInterruptible,OnDemand,US-East,US,HIF,T2IF,T1,4.0963,True,local-nvme;managed-ops-plane;support-tier;observability,Available,v2.2.1,panel
2026-06-02,azure,a100-sxm-80gb,A100,80GB,SXM,IB-HDR,1Y,NonInterruptible,Reserved,US-East,US,HIF,T2IF,T1,2.6216,True,local-nvme;managed-ops-plane;support-tier;observability,Available,v2.2.1,panel
2026-06-02,azure,a100-sxm-80gb,A100,80GB,SXM,IB-HDR,3Y,NonInterruptible,Reserved,US-East,US,HIF,T2IF,T1,1.8024,True,local-nvme;managed-ops-plane;support-tier;observability,Available,v2.2.1,panel
2026-06-02,coreweave,a100-sxm-80gb,A100,80GB,SXM,IB-HDR,OnDemand,NonInterruptible,OnDemand,US-East,US,IIF,T2IF,T2,2.7000,True,local-nvme;free-egress;support-tier;observability;managed-ops-plane,Available,v2.2.1,panel
2026-06-02,coreweave,a100-sxm-80gb,A100,80GB,SXM,IB-HDR,OnDemand,Interruptible,Spot,US-East,US,DIF,T2IF,T2,1.2063,True,local-nvme;free-egress;support-tier;observability;managed-ops-plane,Available,v2.2.1,panel
2026-06-02,crusoe,a100-sxm-80gb,A100,80GB,SXM,IB-HDR,OnDemand,NonInterruptible,OnDemand,US-East,US,IIF,T2IF,T2,1.9500,True,local-nvme;free-egress,Available,v2.2.1,panel
2026-06-02,datacrunch,a100-sxm-80gb,A100,80GB,SXM,IB-HDR,OnDemand,NonInterruptible,OnDemand,EU,EU,SIF,T2IF,T2,1.7900,True,local-nvme,Available,v2.2.1,panel
2026-06-02,datacrunch,a100-sxm-80gb,A100,80GB,SXM,IB-HDR,OnDemand,Interruptible,Spot,EU,EU,DIF,T2IF,T2,0.6265,True,local-nvme,Available,v2.2.1,panel
2026-06-02,denvr,a100-sxm-80gb,A100,80GB,SXM,IB-HDR,OnDemand,NonInterruptible,OnDemand,Other,Other,SIF,T2IF,T2,1.3000,True,local-nvme,Available,v2.2.1,panel
2026-06-02,hyperstack,a100-sxm-80gb,A100,80GB,SXM,Ethernet,OnDemand,NonInterruptible,OnDemand,Other,Other,SIF,,T2,1.6000,True,local-nvme,Available,v2.2.1,panel
2026-06-02,lambda,a100-sxm-80gb,A100,80GB,SXM,Unknown,OnDemand,NonInterruptible,OnDemand,US-East,US,IIF,T3IF,T2,2.7900,True,local-nvme,Available,v2.2.1,panel
2026-06-02,massed_compute,a100-sxm-80gb,A100,80GB,SXM,Unknown,OnDemand,NonInterruptible,OnDemand,US-East,US,DIF,T3IF,T3,1.3800,False,,Available,v2.2.1,panel
2026-06-02,oci,a100-sxm-80gb,A100,80GB,SXM,RoCE-v2,OnDemand,NonInterruptible,OnDemand,US-East,US,HIF,T2IF,T1,4.0000,True,local-nvme;egress-capped;managed-ops-plane;support-tier;observability,Available,v2.2.1,panel
2026-06-02,runpod_cluster,a100-sxm-80gb,A100,80GB,SXM,IB-HDR,OnDemand,NonInterruptible,OnDemand,Other,Other,DIF,T2IF,T3,1.7880,True,local-nvme,Available,v2.2.1,panel
2026-06-02,runpod_community,a100-sxm-80gb,A100,80GB,SXM,Unknown,OnDemand,NonInterruptible,OnDemand,Other,Other,DIF,T3IF,T3,1.3900,False,,Available,v2.2.1,panel
2026-06-02,runpod_secure,a100-sxm-80gb,A100,80GB,SXM,IB-HDR,OnDemand,NonInterruptible,OnDemand,Other,Other,DIF,T2IF,T3,1.4900,True,local-nvme,Available,v2.2.1,panel
2026-06-02,runpod_secure,a100-sxm-80gb,A100,80GB,SXM,IB-HDR,OnDemand,Interruptible,Spot,Other,Other,DIF,T2IF,T3,1.3900,True,local-nvme,Available,v2.2.1,panel
2026-06-02,vast_ai,a100-sxm-80gb,A100,80GB,SXM,Unknown,OnDemand,NonInterruptible,OnDemand,Other,Other,DIF,T3IF,T3,1.1333,True,local-nvme,Available,v2.2.1,marketplace
2026-06-02,vast_ai,a100-sxm-80gb,A100,80GB,SXM,Unknown,OnDemand,NonInterruptible,OnDemand,US-Central,US,DIF,T3IF,T3,0.9333,True,local-nvme,Available,v2.2.1,marketplace
2026-06-02,vast_ai,a100-sxm-80gb,A100,80GB,SXM,Unknown,OnDemand,NonInterruptible,OnDemand,APAC,APAC,DIF,T3IF,T3,1.0667,True,local-nvme,Available,v2.2.1,marketplace
2026-06-02,vast_ai,a100-sxm-80gb,A100,80GB,SXM,Unknown,OnDemand,NonInterruptible,OnDemand,EU,EU,DIF,T3IF,T3,0.6667,True,local-nvme,Available,v2.2.1,marketplace
2026-06-02,vultr,a100-sxm-80gb,A100,80GB,SXM,Unknown,OnDemand,NonInterruptible,OnDemand,Other,Other,SIF,T2IF,T2,2.8000,False,,Available,v2.2.1,panel
2026-06-02,vultr,a100-sxm-80gb,A100,80GB,SXM,Unknown,OnDemand,Interruptible,Spot,Other,Other,DIF,T2IF,T2,1.4900,False,,Available,v2.2.1,panel
2026-06-03,aws,a100-sxm-80gb,A100,80GB,SXM,EFA,OnDemand,NonInterruptible,OnDemand,US-East,US,HIF,T2IF,T1,3.4309,True,local-nvme;managed-ops-plane;support-tier;observability,Available,v2.2.1,panel
2026-06-03,aws,a100-sxm-80gb,A100,80GB,SXM,EFA,1Y,NonInterruptible,Reserved,US-East,US,HIF,T2IF,T1,2.1752,True,local-nvme;managed-ops-plane;support-tier;observability,Available,v2.2.1,panel
2026-06-03,aws,a100-sxm-80gb,A100,80GB,SXM,EFA,3Y,NonInterruptible,Reserved,US-East,US,HIF,T2IF,T1,1.4647,True,local-nvme;managed-ops-plane;support-tier;observability,Available,v2.2.1,panel
2026-06-03,aws,a100-sxm-80gb,A100,80GB,SXM,EFA,OnDemand,Interruptible,Spot,US-West,US,DIF,T2IF,T1,2.7840,False,,Available,v2.2.1,panel
2026-06-03,aws,a100-sxm-80gb,A100,80GB,SXM,EFA,OnDemand,Interruptible,Spot,US-East,US,DIF,T2IF,T1,1.7860,False,,Available,v2.2.1,panel
2026-06-03,azure,a100-sxm-80gb,A100,80GB,SXM,IB-HDR,OnDemand,NonInterruptible,OnDemand,US-East,US,HIF,T2IF,T1,4.0963,True,local-nvme;managed-ops-plane;support-tier;observability,Available,v2.2.1,panel
2026-06-03,azure,a100-sxm-80gb,A100,80GB,SXM,IB-HDR,1Y,NonInterruptible,Reserved,US-East,US,HIF,T2IF,T1,2.6216,True,local-nvme;managed-ops-plane;support-tier;observability,Available,v2.2.1,panel
2026-06-03,azure,a100-sxm-80gb,A100,80GB,SXM,IB-HDR,3Y,NonInterruptible,Reserved,US-East,US,HIF,T2IF,T1,1.8024,True,local-nvme;managed-ops-plane;support-tier;observability,Available,v2.2.1,panel
2026-06-03,coreweave,a100-sxm-80gb,A100,80GB,SXM,IB-HDR,OnDemand,NonInterruptible,OnDemand,US-East,US,IIF,T2IF,T2,2.7000,True,local-nvme;free-egress;support-tier;observability;managed-ops-plane,Available,v2.2.1,panel
2026-06-03,coreweave,a100-sxm-80gb,A100,80GB,SXM,IB-HDR,OnDemand,Interruptible,Spot,US-East,US,DIF,T2IF,T2,1.2063,True,local-nvme;free-egress;support-tier;observability;managed-ops-plane,Available,v2.2.1,panel
2026-06-03,crusoe,a100-sxm-80gb,A100,80GB,SXM,IB-HDR,OnDemand,NonInterruptible,OnDemand,US-East,US,IIF,T2IF,T2,1.9500,True,local-nvme;free-egress,Available,v2.2.1,panel
2026-06-03,datacrunch,a100-sxm-80gb,A100,80GB,SXM,IB-HDR,OnDemand,NonInterruptible,OnDemand,EU,EU,SIF,T2IF,T2,1.7900,True,local-nvme,Available,v2.2.1,panel
2026-06-03,datacrunch,a100-sxm-80gb,A100,80GB,SXM,IB-HDR,OnDemand,Interruptible,Spot,EU,EU,DIF,T2IF,T2,0.6265,True,local-nvme,Available,v2.2.1,panel
2026-06-03,denvr,a100-sxm-80gb,A100,80GB,SXM,IB-HDR,OnDemand,NonInterruptible,OnDemand,Other,Other,SIF,T2IF,T2,1.3000,True,local-nvme,Available,v2.2.1,panel
2026-06-03,hyperstack,a100-sxm-80gb,A100,80GB,SXM,Ethernet,OnDemand,NonInterruptible,OnDemand,Other,Other,SIF,,T2,1.6000,True,local-nvme,Available,v2.2.1,panel
2026-06-03,lambda,a100-sxm-80gb,A100,80GB,SXM,Unknown,OnDemand,NonInterruptible,OnDemand,US-East,US,IIF,T3IF,T2,2.7900,True,local-nvme,Available,v2.2.1,panel
2026-06-03,oci,a100-sxm-80gb,A100,80GB,SXM,RoCE-v2,OnDemand,NonInterruptible,OnDemand,US-East,US,HIF,T2IF,T1,4.0000,True,local-nvme;egress-capped;managed-ops-plane;support-tier;observability,Available,v2.2.1,panel
2026-06-03,runpod_cluster,a100-sxm-80gb,A100,80GB,SXM,IB-HDR,OnDemand,NonInterruptible,OnDemand,Other,Other,DIF,T2IF,T3,1.7880,True,local-nvme,Available,v2.2.1,panel
2026-06-03,runpod_community,a100-sxm-80gb,A100,80GB,SXM,Unknown,OnDemand,NonInterruptible,OnDemand,Other,Other,DIF,T3IF,T3,1.3900,False,,Available,v2.2.1,panel
2026-06-03,runpod_secure,a100-sxm-80gb,A100,80GB,SXM,IB-HDR,OnDemand,NonInterruptible,OnDemand,Other,Other,DIF,T2IF,T3,1.4900,True,local-nvme,Available,v2.2.1,panel
2026-06-03,runpod_secure,a100-sxm-80gb,A100,80GB,SXM,IB-HDR,OnDemand,Interruptible,Spot,Other,Other,DIF,T2IF,T3,1.3900,True,local-nvme,Available,v2.2.1,panel
2026-06-03,tensordock,a100-sxm-80gb,A100,80GB,SXM,Unknown,OnDemand,NonInterruptible,OnDemand,Other,Other,DIF,T3IF,T3,0.8500,False,,Available,v2.2.1,panel
2026-06-03,vast_ai,a100-sxm-80gb,A100,80GB,SXM,Unknown,OnDemand,NonInterruptible,OnDemand,US-Central,US,DIF,T3IF,T3,1.1333,True,local-nvme,Available,v2.2.1,marketplace
2026-06-03,vast_ai,a100-sxm-80gb,A100,80GB,SXM,Unknown,OnDemand,NonInterruptible,OnDemand,Other,Other,DIF,T3IF,T3,0.8000,True,local-nvme,Available,v2.2.1,marketplace
2026-06-03,vast_ai,a100-sxm-80gb,A100,80GB,SXM,Unknown,OnDemand,NonInterruptible,OnDemand,EU,EU,DIF,T3IF,T3,0.6667,True,local-nvme,Available,v2.2.1,marketplace
2026-06-03,vast_ai,a100-sxm-80gb,A100,80GB,SXM,Unknown,OnDemand,NonInterruptible,OnDemand,APAC,APAC,DIF,T3IF,T3,1.0667,True,local-nvme,Available,v2.2.1,marketplace
2026-06-03,vultr,a100-sxm-80gb,A100,80GB,SXM,Unknown,OnDemand,NonInterruptible,OnDemand,Other,Other,SIF,T2IF,T2,2.8000,False,,Available,v2.2.1,panel
2026-06-03,vultr,a100-sxm-80gb,A100,80GB,SXM,Unknown,OnDemand,Interruptible,Spot,Other,Other,DIF,T2IF,T2,1.4900,False,,Available,v2.2.1,panel
2026-06-04,aws,a100-sxm-80gb,A100,80GB,SXM,EFA,OnDemand,NonInterruptible,OnDemand,US-East,US,HIF,T2IF,T1,3.4309,True,local-nvme;managed-ops-plane;support-tier;observability,Available,v2.2.1,panel
2026-06-04,aws,a100-sxm-80gb,A100,80GB,SXM,EFA,1Y,NonInterruptible,Reserved,US-East,US,HIF,T2IF,T1,2.1752,True,local-nvme;managed-ops-plane;support-tier;observability,Available,v2.2.1,panel
2026-06-04,aws,a100-sxm-80gb,A100,80GB,SXM,EFA,3Y,NonInterruptible,Reserved,US-East,US,HIF,T2IF,T1,1.4647,True,local-nvme;managed-ops-plane;support-tier;observability,Available,v2.2.1,panel
2026-06-04,aws,a100-sxm-80gb,A100,80GB,SXM,EFA,OnDemand,Interruptible,Spot,US-East,US,DIF,T2IF,T1,1.7527,False,,Available,v2.2.1,panel
2026-06-04,aws,a100-sxm-80gb,A100,80GB,SXM,EFA,OnDemand,Interruptible,Spot,US-West,US,DIF,T2IF,T1,2.7360,False,,Available,v2.2.1,panel
2026-06-04,azure,a100-sxm-80gb,A100,80GB,SXM,IB-HDR,OnDemand,NonInterruptible,OnDemand,US-East,US,HIF,T2IF,T1,4.0963,True,local-nvme;managed-ops-plane;support-tier;observability,Available,v2.2.1,panel
2026-06-04,azure,a100-sxm-80gb,A100,80GB,SXM,IB-HDR,1Y,NonInterruptible,Reserved,US-East,US,HIF,T2IF,T1,2.6216,True,local-nvme;managed-ops-plane;support-tier;observability,Available,v2.2.1,panel
2026-06-04,azure,a100-sxm-80gb,A100,80GB,SXM,IB-HDR,3Y,NonInterruptible,Reserved,US-East,US,HIF,T2IF,T1,1.8024,True,local-nvme;managed-ops-plane;support-tier;observability,Available,v2.2.1,panel
2026-06-04,coreweave,a100-sxm-80gb,A100,80GB,SXM,IB-HDR,OnDemand,NonInterruptible,OnDemand,US-East,US,IIF,T2IF,T2,2.7000,True,local-nvme;free-egress;support-tier;observability;managed-ops-plane,Available,v2.2.1,panel
2026-06-04,coreweave,a100-sxm-80gb,A100,80GB,SXM,IB-HDR,OnDemand,Interruptible,Spot,US-East,US,DIF,T2IF,T2,1.2063,True,local-nvme;free-egress;support-tier;observability;managed-ops-plane,Available,v2.2.1,panel
2026-06-04,crusoe,a100-sxm-80gb,A100,80GB,SXM,IB-HDR,OnDemand,NonInterruptible,OnDemand,US-East,US,IIF,T2IF,T2,1.9500,True,local-nvme;free-egress,Available,v2.2.1,panel
2026-06-04,datacrunch,a100-sxm-80gb,A100,80GB,SXM,IB-HDR,OnDemand,NonInterruptible,OnDemand,EU,EU,SIF,T2IF,T2,1.7900,True,local-nvme,Available,v2.2.1,panel
2026-06-04,datacrunch,a100-sxm-80gb,A100,80GB,SXM,IB-HDR,OnDemand,Interruptible,Spot,EU,EU,DIF,T2IF,T2,0.6265,True,local-nvme,Available,v2.2.1,panel
2026-06-04,denvr,a100-sxm-80gb,A100,80GB,SXM,IB-HDR,OnDemand,NonInterruptible,OnDemand,Other,Other,SIF,T2IF,T2,1.3000,True,local-nvme,Available,v2.2.1,panel
2026-06-04,hyperstack,a100-sxm-80gb,A100,80GB,SXM,Ethernet,OnDemand,NonInterruptible,OnDemand,Other,Other,SIF,,T2,1.6000,True,local-nvme,Available,v2.2.1,panel
2026-06-04,lambda,a100-sxm-80gb,A100,80GB,SXM,Unknown,OnDemand,NonInterruptible,OnDemand,US-East,US,IIF,T3IF,T2,2.7900,True,local-nvme,Available,v2.2.1,panel
2026-06-04,oci,a100-sxm-80gb,A100,80GB,SXM,RoCE-v2,OnDemand,NonInterruptible,OnDemand,US-East,US,HIF,T2IF,T1,4.0000,True,local-nvme;egress-capped;managed-ops-plane;support-tier;observability,Available,v2.2.1,panel
2026-06-04,runpod_cluster,a100-sxm-80gb,A100,80GB,SXM,IB-HDR,OnDemand,NonInterruptible,OnDemand,Other,Other,DIF,T2IF,T3,1.7880,True,local-nvme,Available,v2.2.1,panel
2026-06-04,runpod_community,a100-sxm-80gb,A100,80GB,SXM,Unknown,OnDemand,NonInterruptible,OnDemand,Other,Other,DIF,T3IF,T3,1.3900,False,,Available,v2.2.1,panel
2026-06-04,runpod_secure,a100-sxm-80gb,A100,80GB,SXM,IB-HDR,OnDemand,NonInterruptible,OnDemand,Other,Other,DIF,T2IF,T3,1.4900,True,local-nvme,Available,v2.2.1,panel
2026-06-04,runpod_secure,a100-sxm-80gb,A100,80GB,SXM,IB-HDR,OnDemand,Interruptible,Spot,Other,Other,DIF,T2IF,T3,1.3900,True,local-nvme,Available,v2.2.1,panel
2026-06-04,tensordock,a100-sxm-80gb,A100,80GB,SXM,Unknown,OnDemand,NonInterruptible,OnDemand,Other,Other,DIF,T3IF,T3,0.8500,False,,Available,v2.2.1,panel
2026-06-04,vast_ai,a100-sxm-80gb,A100,80GB,SXM,Unknown,OnDemand,NonInterruptible,OnDemand,Other,Other,DIF,T3IF,T3,1.3333,True,local-nvme,Available,v2.2.1,marketplace
2026-06-04,vast_ai,a100-sxm-80gb,A100,80GB,SXM,Unknown,OnDemand,NonInterruptible,OnDemand,APAC,APAC,DIF,T3IF,T3,1.1947,True,local-nvme,Available,v2.2.1,marketplace
2026-06-04,vast_ai,a100-sxm-80gb,A100,80GB,SXM,Unknown,OnDemand,NonInterruptible,OnDemand,EU,EU,DIF,T3IF,T3,0.6667,True,local-nvme,Available,v2.2.1,marketplace
2026-06-04,vast_ai,a100-sxm-80gb,A100,80GB,SXM,Unknown,OnDemand,NonInterruptible,OnDemand,US-Central,US,DIF,T3IF,T3,1.1333,True,local-nvme,Available,v2.2.1,marketplace
2026-06-04,vultr,a100-sxm-80gb,A100,80GB,SXM,Unknown,OnDemand,NonInterruptible,OnDemand,Other,Other,SIF,T2IF,T2,2.8000,False,,Available,v2.2.1,panel
2026-06-04,vultr,a100-sxm-80gb,A100,80GB,SXM,Unknown,OnDemand,Interruptible,Spot,Other,Other,DIF,T2IF,T2,1.4900,False,,Available,v2.2.1,panel
2026-06-05,aws,a100-sxm-80gb,A100,80GB,SXM,EFA,OnDemand,NonInterruptible,OnDemand,US-East,US,HIF,T2IF,T1,3.4309,True,local-nvme;managed-ops-plane;support-tier;observability,Available,v2.2.1,panel
2026-06-05,aws,a100-sxm-80gb,A100,80GB,SXM,EFA,1Y,NonInterruptible,Reserved,US-East,US,HIF,T2IF,T1,2.1752,True,local-nvme;managed-ops-plane;support-tier;observability,Available,v2.2.1,panel
2026-06-05,aws,a100-sxm-80gb,A100,80GB,SXM,EFA,3Y,NonInterruptible,Reserved,US-East,US,HIF,T2IF,T1,1.4647,True,local-nvme;managed-ops-plane;support-tier;observability,Available,v2.2.1,panel
2026-06-05,aws,a100-sxm-80gb,A100,80GB,SXM,EFA,OnDemand,Interruptible,Spot,US-East,US,DIF,T2IF,T1,1.6364,False,,Available,v2.2.1,panel
2026-06-05,aws,a100-sxm-80gb,A100,80GB,SXM,EFA,OnDemand,Interruptible,Spot,US-West,US,DIF,T2IF,T1,2.5775,False,,Available,v2.2.1,panel
2026-06-05,azure,a100-sxm-80gb,A100,80GB,SXM,IB-HDR,OnDemand,NonInterruptible,OnDemand,US-East,US,HIF,T2IF,T1,4.0963,True,local-nvme;managed-ops-plane;support-tier;observability,Available,v2.2.1,panel
2026-06-05,azure,a100-sxm-80gb,A100,80GB,SXM,IB-HDR,1Y,NonInterruptible,Reserved,US-East,US,HIF,T2IF,T1,2.6216,True,local-nvme;managed-ops-plane;support-tier;observability,Available,v2.2.1,panel
2026-06-05,azure,a100-sxm-80gb,A100,80GB,SXM,IB-HDR,3Y,NonInterruptible,Reserved,US-East,US,HIF,T2IF,T1,1.8024,True,local-nvme;managed-ops-plane;support-tier;observability,Available,v2.2.1,panel
2026-06-05,coreweave,a100-sxm-80gb,A100,80GB,SXM,IB-HDR,OnDemand,NonInterruptible,OnDemand,US-East,US,IIF,T2IF,T2,2.7000,True,local-nvme;free-egress;support-tier;observability;managed-ops-plane,Available,v2.2.1,panel
2026-06-05,coreweave,a100-sxm-80gb,A100,80GB,SXM,IB-HDR,OnDemand,Interruptible,Spot,US-East,US,DIF,T2IF,T2,1.2063,True,local-nvme;free-egress;support-tier;observability;managed-ops-plane,Available,v2.2.1,panel
2026-06-05,crusoe,a100-sxm-80gb,A100,80GB,SXM,IB-HDR,OnDemand,NonInterruptible,OnDemand,US-East,US,IIF,T2IF,T2,1.9500,True,local-nvme;free-egress,Available,v2.2.1,panel
2026-06-05,datacrunch,a100-sxm-80gb,A100,80GB,SXM,IB-HDR,OnDemand,NonInterruptible,OnDemand,EU,EU,SIF,T2IF,T2,1.7900,True,local-nvme,Available,v2.2.1,panel
2026-06-05,datacrunch,a100-sxm-80gb,A100,80GB,SXM,IB-HDR,OnDemand,Interruptible,Spot,EU,EU,DIF,T2IF,T2,0.6265,True,local-nvme,Available,v2.2.1,panel
2026-06-05,denvr,a100-sxm-80gb,A100,80GB,SXM,IB-HDR,OnDemand,NonInterruptible,OnDemand,Other,Other,SIF,T2IF,T2,1.3000,True,local-nvme,Available,v2.2.1,panel
2026-06-05,hyperstack,a100-sxm-80gb,A100,80GB,SXM,Ethernet,OnDemand,NonInterruptible,OnDemand,Other,Other,SIF,,T2,1.6000,True,local-nvme,Available,v2.2.1,panel
2026-06-05,lambda,a100-sxm-80gb,A100,80GB,SXM,Unknown,OnDemand,NonInterruptible,OnDemand,US-East,US,IIF,T3IF,T2,2.7900,True,local-nvme,Available,v2.2.1,panel
2026-06-05,oci,a100-sxm-80gb,A100,80GB,SXM,RoCE-v2,OnDemand,NonInterruptible,OnDemand,US-East,US,HIF,T2IF,T1,4.0000,True,local-nvme;egress-capped;managed-ops-plane;support-tier;observability,Available,v2.2.1,panel
2026-06-05,runpod_cluster,a100-sxm-80gb,A100,80GB,SXM,IB-HDR,OnDemand,NonInterruptible,OnDemand,Other,Other,DIF,T2IF,T3,1.7880,True,local-nvme,Available,v2.2.1,panel
2026-06-05,runpod_community,a100-sxm-80gb,A100,80GB,SXM,Unknown,OnDemand,NonInterruptible,OnDemand,Other,Other,DIF,T3IF,T3,1.3900,False,,Available,v2.2.1,panel
2026-06-05,runpod_secure,a100-sxm-80gb,A100,80GB,SXM,IB-HDR,OnDemand,NonInterruptible,OnDemand,Other,Other,DIF,T2IF,T3,1.4900,True,local-nvme,Available,v2.2.1,panel
2026-06-05,runpod_secure,a100-sxm-80gb,A100,80GB,SXM,IB-HDR,OnDemand,Interruptible,Spot,Other,Other,DIF,T2IF,T3,1.3900,True,local-nvme,Available,v2.2.1,panel
2026-06-05,vast_ai,a100-sxm-80gb,A100,80GB,SXM,Unknown,OnDemand,NonInterruptible,OnDemand,Other,Other,DIF,T3IF,T3,1.0400,True,local-nvme,Available,v2.2.1,marketplace
2026-06-05,vast_ai,a100-sxm-80gb,A100,80GB,SXM,Unknown,OnDemand,NonInterruptible,OnDemand,US-Central,US,DIF,T3IF,T3,1.0000,True,local-nvme,Available,v2.2.1,marketplace
2026-06-05,vast_ai,a100-sxm-80gb,A100,80GB,SXM,Unknown,OnDemand,NonInterruptible,OnDemand,EU,EU,DIF,T3IF,T3,0.6667,True,local-nvme,Available,v2.2.1,marketplace
2026-06-05,vast_ai,a100-sxm-80gb,A100,80GB,SXM,Unknown,OnDemand,NonInterruptible,OnDemand,APAC,APAC,DIF,T3IF,T3,1.1333,True,local-nvme,Available,v2.2.1,marketplace
2026-06-05,vultr,a100-sxm-80gb,A100,80GB,SXM,Unknown,OnDemand,NonInterruptible,OnDemand,Other,Other,SIF,T2IF,T2,2.8000,False,,Available,v2.2.1,panel
2026-06-05,vultr,a100-sxm-80gb,A100,80GB,SXM,Unknown,OnDemand,Interruptible,Spot,Other,Other,DIF,T2IF,T2,1.4900,False,,Available,v2.2.1,panel
2026-06-06,aws,a100-sxm-80gb,A100,80GB,SXM,EFA,OnDemand,NonInterruptible,OnDemand,US-East,US,HIF,T2IF,T1,3.4309,True,local-nvme;managed-ops-plane;support-tier;observability,Available,v2.2.1,panel
2026-06-06,aws,a100-sxm-80gb,A100,80GB,SXM,EFA,1Y,NonInterruptible,Reserved,US-East,US,HIF,T2IF,T1,2.1752,True,local-nvme;managed-ops-plane;support-tier;observability,Available,v2.2.1,panel
2026-06-06,aws,a100-sxm-80gb,A100,80GB,SXM,EFA,3Y,NonInterruptible,Reserved,US-East,US,HIF,T2IF,T1,1.4647,True,local-nvme;managed-ops-plane;support-tier;observability,Available,v2.2.1,panel
2026-06-06,aws,a100-sxm-80gb,A100,80GB,SXM,EFA,OnDemand,Interruptible,Spot,US-East,US,DIF,T2IF,T1,1.5645,False,,Available,v2.2.1,panel
2026-06-06,aws,a100-sxm-80gb,A100,80GB,SXM,EFA,OnDemand,Interruptible,Spot,US-West,US,DIF,T2IF,T1,2.4747,False,,Available,v2.2.1,panel
2026-06-06,azure,a100-sxm-80gb,A100,80GB,SXM,IB-HDR,OnDemand,NonInterruptible,OnDemand,US-East,US,HIF,T2IF,T1,4.0963,True,local-nvme;managed-ops-plane;support-tier;observability,Available,v2.2.1,panel
2026-06-06,azure,a100-sxm-80gb,A100,80GB,SXM,IB-HDR,1Y,NonInterruptible,Reserved,US-East,US,HIF,T2IF,T1,2.6216,True,local-nvme;managed-ops-plane;support-tier;observability,Available,v2.2.1,panel
2026-06-06,azure,a100-sxm-80gb,A100,80GB,SXM,IB-HDR,3Y,NonInterruptible,Reserved,US-East,US,HIF,T2IF,T1,1.8024,True,local-nvme;managed-ops-plane;support-tier;observability,Available,v2.2.1,panel
2026-06-06,coreweave,a100-sxm-80gb,A100,80GB,SXM,IB-HDR,OnDemand,NonInterruptible,OnDemand,US-East,US,IIF,T2IF,T2,2.7000,True,local-nvme;free-egress;support-tier;observability;managed-ops-plane,Available,v2.2.1,panel
2026-06-06,coreweave,a100-sxm-80gb,A100,80GB,SXM,IB-HDR,OnDemand,Interruptible,Spot,US-East,US,DIF,T2IF,T2,1.2063,True,local-nvme;free-egress;support-tier;observability;managed-ops-plane,Available,v2.2.1,panel
2026-06-06,crusoe,a100-sxm-80gb,A100,80GB,SXM,IB-HDR,OnDemand,NonInterruptible,OnDemand,US-East,US,IIF,T2IF,T2,2.3000,True,local-nvme;free-egress,Available,v2.2.1,panel
2026-06-06,datacrunch,a100-sxm-80gb,A100,80GB,SXM,IB-HDR,OnDemand,NonInterruptible,OnDemand,EU,EU,SIF,T2IF,T2,1.7900,True,local-nvme,Available,v2.2.1,panel
2026-06-06,datacrunch,a100-sxm-80gb,A100,80GB,SXM,IB-HDR,OnDemand,Interruptible,Spot,EU,EU,DIF,T2IF,T2,0.6265,True,local-nvme,Available,v2.2.1,panel
2026-06-06,denvr,a100-sxm-80gb,A100,80GB,SXM,IB-HDR,OnDemand,NonInterruptible,OnDemand,Other,Other,SIF,T2IF,T2,1.3000,True,local-nvme,Available,v2.2.1,panel
2026-06-06,hyperstack,a100-sxm-80gb,A100,80GB,SXM,Ethernet,OnDemand,NonInterruptible,OnDemand,Other,Other,SIF,,T2,1.6000,True,local-nvme,Available,v2.2.1,panel
2026-06-06,lambda,a100-sxm-80gb,A100,80GB,SXM,Unknown,OnDemand,NonInterruptible,OnDemand,US-East,US,IIF,T3IF,T2,2.7900,True,local-nvme,Available,v2.2.1,panel
2026-06-06,oci,a100-sxm-80gb,A100,80GB,SXM,RoCE-v2,OnDemand,NonInterruptible,OnDemand,US-East,US,HIF,T2IF,T1,4.0000,True,local-nvme;egress-capped;managed-ops-plane;support-tier;observability,Available,v2.2.1,panel
2026-06-06,runpod_cluster,a100-sxm-80gb,A100,80GB,SXM,IB-HDR,OnDemand,NonInterruptible,OnDemand,Other,Other,DIF,T2IF,T3,1.7880,True,local-nvme,Available,v2.2.1,panel
2026-06-06,runpod_community,a100-sxm-80gb,A100,80GB,SXM,Unknown,OnDemand,NonInterruptible,OnDemand,Other,Other,DIF,T3IF,T3,1.3900,False,,Available,v2.2.1,panel
2026-06-06,runpod_secure,a100-sxm-80gb,A100,80GB,SXM,IB-HDR,OnDemand,NonInterruptible,OnDemand,Other,Other,DIF,T2IF,T3,1.4900,True,local-nvme,Available,v2.2.1,panel
2026-06-06,runpod_secure,a100-sxm-80gb,A100,80GB,SXM,IB-HDR,OnDemand,Interruptible,Spot,Other,Other,DIF,T2IF,T3,1.3900,True,local-nvme,Available,v2.2.1,panel
2026-06-06,tensordock,a100-sxm-80gb,A100,80GB,SXM,Unknown,OnDemand,NonInterruptible,OnDemand,Other,Other,DIF,T3IF,T3,1.2000,False,,Available,v2.2.1,panel
2026-06-06,vast_ai,a100-sxm-80gb,A100,80GB,SXM,Unknown,OnDemand,NonInterruptible,OnDemand,APAC,APAC,DIF,T3IF,T3,2.0000,True,local-nvme,Available,v2.2.1,marketplace
2026-06-06,vast_ai,a100-sxm-80gb,A100,80GB,SXM,Unknown,OnDemand,NonInterruptible,OnDemand,US-Central,US,DIF,T3IF,T3,1.0000,True,local-nvme,Available,v2.2.1,marketplace
2026-06-06,vast_ai,a100-sxm-80gb,A100,80GB,SXM,Unknown,OnDemand,NonInterruptible,OnDemand,Other,Other,DIF,T3IF,T3,1.3067,True,local-nvme,Available,v2.2.1,marketplace
2026-06-06,vast_ai,a100-sxm-80gb,A100,80GB,SXM,Unknown,OnDemand,NonInterruptible,OnDemand,EU,EU,DIF,T3IF,T3,1.0533,True,local-nvme,Available,v2.2.1,marketplace
2026-06-06,vultr,a100-sxm-80gb,A100,80GB,SXM,Unknown,OnDemand,NonInterruptible,OnDemand,Other,Other,SIF,T2IF,T2,2.8000,False,,Available,v2.2.1,panel
2026-06-06,vultr,a100-sxm-80gb,A100,80GB,SXM,Unknown,OnDemand,Interruptible,Spot,Other,Other,DIF,T2IF,T2,1.4900,False,,Available,v2.2.1,panel
2026-06-07,aws,a100-sxm-80gb,A100,80GB,SXM,EFA,OnDemand,NonInterruptible,OnDemand,US-East,US,HIF,T2IF,T1,3.4309,True,local-nvme;managed-ops-plane;support-tier;observability,Available,v2.2.1,panel
2026-06-07,aws,a100-sxm-80gb,A100,80GB,SXM,EFA,1Y,NonInterruptible,Reserved,US-East,US,HIF,T2IF,T1,2.1752,True,local-nvme;managed-ops-plane;support-tier;observability,Available,v2.2.1,panel
2026-06-07,aws,a100-sxm-80gb,A100,80GB,SXM,EFA,3Y,NonInterruptible,Reserved,US-East,US,HIF,T2IF,T1,1.4647,True,local-nvme;managed-ops-plane;support-tier;observability,Available,v2.2.1,panel
2026-06-07,aws,a100-sxm-80gb,A100,80GB,SXM,EFA,OnDemand,Interruptible,Spot,US-West,US,DIF,T2IF,T1,2.3476,False,,Available,v2.2.1,panel
2026-06-07,aws,a100-sxm-80gb,A100,80GB,SXM,EFA,OnDemand,Interruptible,Spot,US-East,US,DIF,T2IF,T1,1.5615,False,,Available,v2.2.1,panel
2026-06-07,azure,a100-sxm-80gb,A100,80GB,SXM,IB-HDR,OnDemand,NonInterruptible,OnDemand,US-East,US,HIF,T2IF,T1,4.0963,True,local-nvme;managed-ops-plane;support-tier;observability,Available,v2.2.1,panel
2026-06-07,azure,a100-sxm-80gb,A100,80GB,SXM,IB-HDR,1Y,NonInterruptible,Reserved,US-East,US,HIF,T2IF,T1,2.6216,True,local-nvme;managed-ops-plane;support-tier;observability,Available,v2.2.1,panel
2026-06-07,azure,a100-sxm-80gb,A100,80GB,SXM,IB-HDR,3Y,NonInterruptible,Reserved,US-East,US,HIF,T2IF,T1,1.8024,True,local-nvme;managed-ops-plane;support-tier;observability,Available,v2.2.1,panel
2026-06-07,coreweave,a100-sxm-80gb,A100,80GB,SXM,IB-HDR,OnDemand,NonInterruptible,OnDemand,US-East,US,IIF,T2IF,T2,2.7000,True,local-nvme;free-egress;support-tier;observability;managed-ops-plane,Available,v2.2.1,panel
2026-06-07,coreweave,a100-sxm-80gb,A100,80GB,SXM,IB-HDR,OnDemand,Interruptible,Spot,US-East,US,DIF,T2IF,T2,1.2063,True,local-nvme;free-egress;support-tier;observability;managed-ops-plane,Available,v2.2.1,panel
2026-06-07,crusoe,a100-sxm-80gb,A100,80GB,SXM,IB-HDR,OnDemand,NonInterruptible,OnDemand,US-East,US,IIF,T2IF,T2,2.3000,True,local-nvme;free-egress,Available,v2.2.1,panel
2026-06-07,datacrunch,a100-sxm-80gb,A100,80GB,SXM,IB-HDR,OnDemand,NonInterruptible,OnDemand,EU,EU,SIF,T2IF,T2,1.7900,True,local-nvme,Available,v2.2.1,panel
2026-06-07,datacrunch,a100-sxm-80gb,A100,80GB,SXM,IB-HDR,OnDemand,Interruptible,Spot,EU,EU,DIF,T2IF,T2,0.6265,True,local-nvme,Available,v2.2.1,panel
2026-06-07,denvr,a100-sxm-80gb,A100,80GB,SXM,IB-HDR,OnDemand,NonInterruptible,OnDemand,Other,Other,SIF,T2IF,T2,1.3000,True,local-nvme,Available,v2.2.1,panel
2026-06-07,hyperstack,a100-sxm-80gb,A100,80GB,SXM,Ethernet,OnDemand,NonInterruptible,OnDemand,Other,Other,SIF,,T2,1.6000,True,local-nvme,Available,v2.2.1,panel
2026-06-07,lambda,a100-sxm-80gb,A100,80GB,SXM,Unknown,OnDemand,NonInterruptible,OnDemand,US-East,US,IIF,T3IF,T2,2.7900,True,local-nvme,Available,v2.2.1,panel
2026-06-07,oci,a100-sxm-80gb,A100,80GB,SXM,RoCE-v2,OnDemand,NonInterruptible,OnDemand,US-East,US,HIF,T2IF,T1,4.0000,True,local-nvme;egress-capped;managed-ops-plane;support-tier;observability,Available,v2.2.1,panel
2026-06-07,runpod_cluster,a100-sxm-80gb,A100,80GB,SXM,IB-HDR,OnDemand,NonInterruptible,OnDemand,Other,Other,DIF,T2IF,T3,1.7880,True,local-nvme,Available,v2.2.1,panel
2026-06-07,runpod_community,a100-sxm-80gb,A100,80GB,SXM,Unknown,OnDemand,NonInterruptible,OnDemand,Other,Other,DIF,T3IF,T3,1.3900,False,,Available,v2.2.1,panel
2026-06-07,runpod_secure,a100-sxm-80gb,A100,80GB,SXM,IB-HDR,OnDemand,NonInterruptible,OnDemand,Other,Other,DIF,T2IF,T3,1.4900,True,local-nvme,Available,v2.2.1,panel
2026-06-07,runpod_secure,a100-sxm-80gb,A100,80GB,SXM,IB-HDR,OnDemand,Interruptible,Spot,Other,Other,DIF,T2IF,T3,1.3900,True,local-nvme,Available,v2.2.1,panel
2026-06-07,tensordock,a100-sxm-80gb,A100,80GB,SXM,Unknown,OnDemand,NonInterruptible,OnDemand,Other,Other,DIF,T3IF,T3,1.2000,False,,Available,v2.2.1,panel
2026-06-07,vast_ai,a100-sxm-80gb,A100,80GB,SXM,Unknown,OnDemand,NonInterruptible,OnDemand,US-Central,US,DIF,T3IF,T3,1.0000,True,local-nvme,Available,v2.2.1,marketplace
2026-06-07,vast_ai,a100-sxm-80gb,A100,80GB,SXM,Unknown,OnDemand,NonInterruptible,OnDemand,APAC,APAC,DIF,T3IF,T3,1.0467,True,local-nvme,Available,v2.2.1,marketplace
2026-06-07,vast_ai,a100-sxm-80gb,A100,80GB,SXM,Unknown,OnDemand,NonInterruptible,OnDemand,Other,Other,DIF,T3IF,T3,1.3333,True,local-nvme,Available,v2.2.1,marketplace
2026-06-07,vast_ai,a100-sxm-80gb,A100,80GB,SXM,Unknown,OnDemand,NonInterruptible,OnDemand,EU,EU,DIF,T3IF,T3,0.9200,True,local-nvme,Available,v2.2.1,marketplace
2026-06-07,vultr,a100-sxm-80gb,A100,80GB,SXM,Unknown,OnDemand,NonInterruptible,OnDemand,Other,Other,SIF,T2IF,T2,2.8000,False,,Available,v2.2.1,panel
2026-06-07,vultr,a100-sxm-80gb,A100,80GB,SXM,Unknown,OnDemand,Interruptible,Spot,Other,Other,DIF,T2IF,T2,1.4900,False,,Available,v2.2.1,panel
2026-06-08,aws,a100-sxm-80gb,A100,80GB,SXM,EFA,OnDemand,NonInterruptible,OnDemand,US-East,US,HIF,T2IF,T1,3.4309,True,local-nvme;managed-ops-plane;support-tier;observability,Available,v2.2.1,panel
2026-06-08,aws,a100-sxm-80gb,A100,80GB,SXM,EFA,1Y,NonInterruptible,Reserved,US-East,US,HIF,T2IF,T1,2.1752,True,local-nvme;managed-ops-plane;support-tier;observability,Available,v2.2.1,panel
2026-06-08,aws,a100-sxm-80gb,A100,80GB,SXM,EFA,3Y,NonInterruptible,Reserved,US-East,US,HIF,T2IF,T1,1.4647,True,local-nvme;managed-ops-plane;support-tier;observability,Available,v2.2.1,panel
2026-06-08,aws,a100-sxm-80gb,A100,80GB,SXM,EFA,OnDemand,Interruptible,Spot,US-East,US,DIF,T2IF,T1,1.5011,False,,Available,v2.2.1,panel
2026-06-08,aws,a100-sxm-80gb,A100,80GB,SXM,EFA,OnDemand,Interruptible,Spot,US-West,US,DIF,T2IF,T1,2.2775,False,,Available,v2.2.1,panel
2026-06-08,azure,a100-sxm-80gb,A100,80GB,SXM,IB-HDR,OnDemand,NonInterruptible,OnDemand,US-East,US,HIF,T2IF,T1,4.0963,True,local-nvme;managed-ops-plane;support-tier;observability,Available,v2.2.1,panel
2026-06-08,azure,a100-sxm-80gb,A100,80GB,SXM,IB-HDR,1Y,NonInterruptible,Reserved,US-East,US,HIF,T2IF,T1,2.6216,True,local-nvme;managed-ops-plane;support-tier;observability,Available,v2.2.1,panel
2026-06-08,azure,a100-sxm-80gb,A100,80GB,SXM,IB-HDR,3Y,NonInterruptible,Reserved,US-East,US,HIF,T2IF,T1,1.8024,True,local-nvme;managed-ops-plane;support-tier;observability,Available,v2.2.1,panel
2026-06-08,coreweave,a100-sxm-80gb,A100,80GB,SXM,IB-HDR,OnDemand,NonInterruptible,OnDemand,US-East,US,IIF,T2IF,T2,2.7000,True,local-nvme;free-egress;support-tier;observability;managed-ops-plane,Available,v2.2.1,panel
2026-06-08,coreweave,a100-sxm-80gb,A100,80GB,SXM,IB-HDR,OnDemand,Interruptible,Spot,US-East,US,DIF,T2IF,T2,1.2063,True,local-nvme;free-egress;support-tier;observability;managed-ops-plane,Available,v2.2.1,panel
2026-06-08,crusoe,a100-sxm-80gb,A100,80GB,SXM,IB-HDR,OnDemand,NonInterruptible,OnDemand,US-East,US,IIF,T2IF,T2,2.3000,True,local-nvme;free-egress,Available,v2.2.1,panel
2026-06-08,datacrunch,a100-sxm-80gb,A100,80GB,SXM,IB-HDR,OnDemand,NonInterruptible,OnDemand,EU,EU,SIF,T2IF,T2,1.7900,True,local-nvme,Available,v2.2.1,panel
2026-06-08,datacrunch,a100-sxm-80gb,A100,80GB,SXM,IB-HDR,OnDemand,Interruptible,Spot,EU,EU,DIF,T2IF,T2,0.6265,True,local-nvme,Available,v2.2.1,panel
2026-06-08,denvr,a100-sxm-80gb,A100,80GB,SXM,IB-HDR,OnDemand,NonInterruptible,OnDemand,Other,Other,SIF,T2IF,T2,1.3000,True,local-nvme,Available,v2.2.1,panel
2026-06-08,hyperstack,a100-sxm-80gb,A100,80GB,SXM,Ethernet,OnDemand,NonInterruptible,OnDemand,Other,Other,SIF,,T2,1.6000,True,local-nvme,Available,v2.2.1,panel
2026-06-08,lambda,a100-sxm-80gb,A100,80GB,SXM,Unknown,OnDemand,NonInterruptible,OnDemand,US-East,US,IIF,T3IF,T2,2.7900,True,local-nvme,Available,v2.2.1,panel
2026-06-08,oci,a100-sxm-80gb,A100,80GB,SXM,RoCE-v2,OnDemand,NonInterruptible,OnDemand,US-East,US,HIF,T2IF,T1,4.0000,True,local-nvme;egress-capped;managed-ops-plane;support-tier;observability,Available,v2.2.1,panel
2026-06-08,runpod_cluster,a100-sxm-80gb,A100,80GB,SXM,IB-HDR,OnDemand,NonInterruptible,OnDemand,Other,Other,DIF,T2IF,T3,1.7880,True,local-nvme,Available,v2.2.1,panel
2026-06-08,runpod_community,a100-sxm-80gb,A100,80GB,SXM,Unknown,OnDemand,NonInterruptible,OnDemand,Other,Other,DIF,T3IF,T3,1.3900,False,,Available,v2.2.1,panel
2026-06-08,runpod_secure,a100-sxm-80gb,A100,80GB,SXM,IB-HDR,OnDemand,NonInterruptible,OnDemand,Other,Other,DIF,T2IF,T3,1.4900,True,local-nvme,Available,v2.2.1,panel
2026-06-08,runpod_secure,a100-sxm-80gb,A100,80GB,SXM,IB-HDR,OnDemand,Interruptible,Spot,Other,Other,DIF,T2IF,T3,1.3900,True,local-nvme,Available,v2.2.1,panel
2026-06-08,tensordock,a100-sxm-80gb,A100,80GB,SXM,Unknown,OnDemand,NonInterruptible,OnDemand,Other,Other,DIF,T3IF,T3,1.2000,False,,Available,v2.2.1,panel
2026-06-08,vast_ai,a100-sxm-80gb,A100,80GB,SXM,Unknown,OnDemand,NonInterruptible,OnDemand,US-West,US,DIF,T3IF,T3,0.5200,True,local-nvme,Available,v2.2.1,marketplace
2026-06-08,vast_ai,a100-sxm-80gb,A100,80GB,SXM,Unknown,OnDemand,NonInterruptible,OnDemand,Other,Other,DIF,T3IF,T3,0.8400,True,local-nvme,Available,v2.2.1,marketplace
2026-06-08,vast_ai,a100-sxm-80gb,A100,80GB,SXM,Unknown,OnDemand,NonInterruptible,OnDemand,US-Central,US,DIF,T3IF,T3,1.0000,True,local-nvme,Available,v2.2.1,marketplace
2026-06-08,vast_ai,a100-sxm-80gb,A100,80GB,SXM,Unknown,OnDemand,NonInterruptible,OnDemand,APAC,APAC,DIF,T3IF,T3,0.9933,True,local-nvme,Available,v2.2.1,marketplace
2026-06-08,vast_ai,a100-sxm-80gb,A100,80GB,SXM,Unknown,OnDemand,NonInterruptible,OnDemand,US-South,US,DIF,T3IF,T3,0.8400,True,local-nvme,Available,v2.2.1,marketplace
2026-06-08,vast_ai,a100-sxm-80gb,A100,80GB,SXM,Unknown,OnDemand,NonInterruptible,OnDemand,EU,EU,DIF,T3IF,T3,1.2000,True,local-nvme,Available,v2.2.1,marketplace
2026-06-08,vast_ai,a100-sxm-80gb,A100,80GB,SXM,Unknown,OnDemand,NonInterruptible,OnDemand,US-East,US,DIF,T3IF,T3,1.0667,True,local-nvme,Available,v2.2.1,marketplace
2026-06-08,vultr,a100-sxm-80gb,A100,80GB,SXM,Unknown,OnDemand,NonInterruptible,OnDemand,Other,Other,SIF,T2IF,T2,2.8000,False,,Available,v2.2.1,panel
2026-06-08,vultr,a100-sxm-80gb,A100,80GB,SXM,Unknown,OnDemand,Interruptible,Spot,Other,Other,DIF,T2IF,T2,1.4900,False,,Available,v2.2.1,panel
2026-06-09,aws,a100-sxm-80gb,A100,80GB,SXM,EFA,OnDemand,NonInterruptible,OnDemand,US-East,US,HIF,T2IF,T1,3.4309,True,local-nvme;managed-ops-plane;support-tier;observability,Available,v2.2.1,panel
2026-06-09,aws,a100-sxm-80gb,A100,80GB,SXM,EFA,1Y,NonInterruptible,Reserved,US-East,US,HIF,T2IF,T1,2.1752,True,local-nvme;managed-ops-plane;support-tier;observability,Available,v2.2.1,panel
2026-06-09,aws,a100-sxm-80gb,A100,80GB,SXM,EFA,3Y,NonInterruptible,Reserved,US-East,US,HIF,T2IF,T1,1.4647,True,local-nvme;managed-ops-plane;support-tier;observability,Available,v2.2.1,panel
2026-06-09,aws,a100-sxm-80gb,A100,80GB,SXM,EFA,OnDemand,Interruptible,Spot,US-East,US,DIF,T2IF,T1,1.4735,False,,Available,v2.2.1,panel
2026-06-09,aws,a100-sxm-80gb,A100,80GB,SXM,EFA,OnDemand,Interruptible,Spot,US-West,US,DIF,T2IF,T1,2.1991,False,,Available,v2.2.1,panel
2026-06-09,azure,a100-sxm-80gb,A100,80GB,SXM,IB-HDR,OnDemand,NonInterruptible,OnDemand,US-East,US,HIF,T2IF,T1,4.0963,True,local-nvme;managed-ops-plane;support-tier;observability,Available,v2.2.1,panel
2026-06-09,azure,a100-sxm-80gb,A100,80GB,SXM,IB-HDR,1Y,NonInterruptible,Reserved,US-East,US,HIF,T2IF,T1,2.6216,True,local-nvme;managed-ops-plane;support-tier;observability,Available,v2.2.1,panel
2026-06-09,azure,a100-sxm-80gb,A100,80GB,SXM,IB-HDR,3Y,NonInterruptible,Reserved,US-East,US,HIF,T2IF,T1,1.8024,True,local-nvme;managed-ops-plane;support-tier;observability,Available,v2.2.1,panel
2026-06-09,coreweave,a100-sxm-80gb,A100,80GB,SXM,IB-HDR,OnDemand,NonInterruptible,OnDemand,US-East,US,IIF,T2IF,T2,2.7000,True,local-nvme;free-egress;support-tier;observability;managed-ops-plane,Available,v2.2.1,panel
2026-06-09,coreweave,a100-sxm-80gb,A100,80GB,SXM,IB-HDR,OnDemand,Interruptible,Spot,US-East,US,DIF,T2IF,T2,1.2063,True,local-nvme;free-egress;support-tier;observability;managed-ops-plane,Available,v2.2.1,panel
2026-06-09,crusoe,a100-sxm-80gb,A100,80GB,SXM,IB-HDR,OnDemand,NonInterruptible,OnDemand,US-East,US,IIF,T2IF,T2,2.3000,True,local-nvme;free-egress,Available,v2.2.1,panel
2026-06-09,datacrunch,a100-sxm-80gb,A100,80GB,SXM,IB-HDR,OnDemand,NonInterruptible,OnDemand,EU,EU,SIF,T2IF,T2,1.7900,True,local-nvme,Available,v2.2.1,panel
2026-06-09,datacrunch,a100-sxm-80gb,A100,80GB,SXM,IB-HDR,OnDemand,Interruptible,Spot,EU,EU,DIF,T2IF,T2,0.6265,True,local-nvme,Available,v2.2.1,panel
2026-06-09,denvr,a100-sxm-80gb,A100,80GB,SXM,IB-HDR,OnDemand,NonInterruptible,OnDemand,Other,Other,SIF,T2IF,T2,1.3000,True,local-nvme,Available,v2.2.1,panel
2026-06-09,hyperstack,a100-sxm-80gb,A100,80GB,SXM,Ethernet,OnDemand,NonInterruptible,OnDemand,Other,Other,SIF,,T2,1.6000,True,local-nvme,Available,v2.2.1,panel
2026-06-09,lambda,a100-sxm-80gb,A100,80GB,SXM,Unknown,OnDemand,NonInterruptible,OnDemand,US-East,US,IIF,T3IF,T2,2.7900,True,local-nvme,Available,v2.2.1,panel
2026-06-09,oci,a100-sxm-80gb,A100,80GB,SXM,RoCE-v2,OnDemand,NonInterruptible,OnDemand,US-East,US,HIF,T2IF,T1,4.0000,True,local-nvme;egress-capped;managed-ops-plane;support-tier;observability,Available,v2.2.1,panel
2026-06-09,runpod_cluster,a100-sxm-80gb,A100,80GB,SXM,IB-HDR,OnDemand,NonInterruptible,OnDemand,Other,Other,DIF,T2IF,T3,1.7880,True,local-nvme,Available,v2.2.1,panel
2026-06-09,runpod_community,a100-sxm-80gb,A100,80GB,SXM,Unknown,OnDemand,NonInterruptible,OnDemand,Other,Other,DIF,T3IF,T3,1.3900,False,,Available,v2.2.1,panel
2026-06-09,runpod_secure,a100-sxm-80gb,A100,80GB,SXM,IB-HDR,OnDemand,NonInterruptible,OnDemand,Other,Other,DIF,T2IF,T3,1.4900,True,local-nvme,Available,v2.2.1,panel
2026-06-09,runpod_secure,a100-sxm-80gb,A100,80GB,SXM,IB-HDR,OnDemand,Interruptible,Spot,Other,Other,DIF,T2IF,T3,1.3900,True,local-nvme,Available,v2.2.1,panel
2026-06-09,tensordock,a100-sxm-80gb,A100,80GB,SXM,Unknown,OnDemand,NonInterruptible,OnDemand,Other,Other,DIF,T3IF,T3,1.2000,False,,Available,v2.2.1,panel
2026-06-09,vast_ai,a100-sxm-80gb,A100,80GB,SXM,Unknown,OnDemand,NonInterruptible,OnDemand,US-Central,US,DIF,T3IF,T3,1.0000,True,local-nvme,Available,v2.2.1,marketplace
2026-06-09,vast_ai,a100-sxm-80gb,A100,80GB,SXM,Unknown,OnDemand,NonInterruptible,OnDemand,US-South,US,DIF,T3IF,T3,0.8133,True,local-nvme,Available,v2.2.1,marketplace
2026-06-09,vast_ai,a100-sxm-80gb,A100,80GB,SXM,Unknown,OnDemand,NonInterruptible,OnDemand,US-West,US,DIF,T3IF,T3,0.5200,True,local-nvme,Available,v2.2.1,marketplace
2026-06-09,vast_ai,a100-sxm-80gb,A100,80GB,SXM,Unknown,OnDemand,NonInterruptible,OnDemand,EU,EU,DIF,T3IF,T3,0.9200,True,local-nvme,Available,v2.2.1,marketplace
2026-06-09,vast_ai,a100-sxm-80gb,A100,80GB,SXM,Unknown,OnDemand,NonInterruptible,OnDemand,APAC,APAC,DIF,T3IF,T3,1.0253,True,local-nvme,Available,v2.2.1,marketplace
2026-06-09,vast_ai,a100-sxm-80gb,A100,80GB,SXM,Unknown,OnDemand,NonInterruptible,OnDemand,Other,Other,DIF,T3IF,T3,1.4667,True,local-nvme,Available,v2.2.1,marketplace
2026-06-09,vultr,a100-sxm-80gb,A100,80GB,SXM,Unknown,OnDemand,NonInterruptible,OnDemand,Other,Other,SIF,T2IF,T2,2.8000,False,,Available,v2.2.1,panel
2026-06-09,vultr,a100-sxm-80gb,A100,80GB,SXM,Unknown,OnDemand,Interruptible,Spot,Other,Other,DIF,T2IF,T2,1.4900,False,,Available,v2.2.1,panel
2026-06-10,aws,a100-sxm-80gb,A100,80GB,SXM,EFA,OnDemand,NonInterruptible,OnDemand,US-East,US,HIF,T2IF,T1,3.4309,True,local-nvme;managed-ops-plane;support-tier;observability,Available,v2.2.1,panel
2026-06-10,aws,a100-sxm-80gb,A100,80GB,SXM,EFA,1Y,NonInterruptible,Reserved,US-East,US,HIF,T2IF,T1,2.1752,True,local-nvme;managed-ops-plane;support-tier;observability,Available,v2.2.1,panel
2026-06-10,aws,a100-sxm-80gb,A100,80GB,SXM,EFA,3Y,NonInterruptible,Reserved,US-East,US,HIF,T2IF,T1,1.4647,True,local-nvme;managed-ops-plane;support-tier;observability,Available,v2.2.1,panel
2026-06-10,aws,a100-sxm-80gb,A100,80GB,SXM,EFA,OnDemand,Interruptible,Spot,US-East,US,DIF,T2IF,T1,1.4320,False,,Available,v2.2.1,panel
2026-06-10,aws,a100-sxm-80gb,A100,80GB,SXM,EFA,OnDemand,Interruptible,Spot,US-West,US,DIF,T2IF,T1,2.1363,False,,Available,v2.2.1,panel
2026-06-10,azure,a100-sxm-80gb,A100,80GB,SXM,IB-HDR,OnDemand,NonInterruptible,OnDemand,US-East,US,HIF,T2IF,T1,4.0963,True,local-nvme;managed-ops-plane;support-tier;observability,Available,v2.2.1,panel
2026-06-10,azure,a100-sxm-80gb,A100,80GB,SXM,IB-HDR,1Y,NonInterruptible,Reserved,US-East,US,HIF,T2IF,T1,2.6216,True,local-nvme;managed-ops-plane;support-tier;observability,Available,v2.2.1,panel
2026-06-10,azure,a100-sxm-80gb,A100,80GB,SXM,IB-HDR,3Y,NonInterruptible,Reserved,US-East,US,HIF,T2IF,T1,1.8024,True,local-nvme;managed-ops-plane;support-tier;observability,Available,v2.2.1,panel
2026-06-10,coreweave,a100-sxm-80gb,A100,80GB,SXM,IB-HDR,OnDemand,NonInterruptible,OnDemand,US-East,US,IIF,T2IF,T2,2.7000,True,local-nvme;free-egress;support-tier;observability;managed-ops-plane,Available,v2.2.1,panel
2026-06-10,coreweave,a100-sxm-80gb,A100,80GB,SXM,IB-HDR,OnDemand,Interruptible,Spot,US-East,US,DIF,T2IF,T2,1.2063,True,local-nvme;free-egress;support-tier;observability;managed-ops-plane,Available,v2.2.1,panel
2026-06-10,crusoe,a100-sxm-80gb,A100,80GB,SXM,IB-HDR,OnDemand,NonInterruptible,OnDemand,US-East,US,IIF,T2IF,T2,2.3000,True,local-nvme;free-egress,Available,v2.2.1,panel
2026-06-10,datacrunch,a100-sxm-80gb,A100,80GB,SXM,IB-HDR,OnDemand,NonInterruptible,OnDemand,EU,EU,SIF,T2IF,T2,1.7900,True,local-nvme,Available,v2.2.1,panel
2026-06-10,datacrunch,a100-sxm-80gb,A100,80GB,SXM,IB-HDR,OnDemand,Interruptible,Spot,EU,EU,DIF,T2IF,T2,0.6265,True,local-nvme,Available,v2.2.1,panel
2026-06-10,denvr,a100-sxm-80gb,A100,80GB,SXM,IB-HDR,OnDemand,NonInterruptible,OnDemand,Other,Other,SIF,T2IF,T2,1.3000,True,local-nvme,Available,v2.2.1,panel
2026-06-10,hyperstack,a100-sxm-80gb,A100,80GB,SXM,Ethernet,OnDemand,NonInterruptible,OnDemand,Other,Other,SIF,,T2,1.6000,True,local-nvme,Available,v2.2.1,panel
2026-06-10,lambda,a100-sxm-80gb,A100,80GB,SXM,Unknown,OnDemand,NonInterruptible,OnDemand,US-East,US,IIF,T3IF,T2,2.7900,True,local-nvme,Available,v2.2.1,panel
2026-06-10,oci,a100-sxm-80gb,A100,80GB,SXM,RoCE-v2,OnDemand,NonInterruptible,OnDemand,US-East,US,HIF,T2IF,T1,4.0000,True,local-nvme;egress-capped;managed-ops-plane;support-tier;observability,Available,v2.2.1,panel
2026-06-10,runpod_cluster,a100-sxm-80gb,A100,80GB,SXM,IB-HDR,OnDemand,NonInterruptible,OnDemand,Other,Other,DIF,T2IF,T3,1.7880,True,local-nvme,Available,v2.2.1,panel
2026-06-10,runpod_community,a100-sxm-80gb,A100,80GB,SXM,Unknown,OnDemand,NonInterruptible,OnDemand,Other,Other,DIF,T3IF,T3,1.3900,False,,Available,v2.2.1,panel
2026-06-10,runpod_secure,a100-sxm-80gb,A100,80GB,SXM,IB-HDR,OnDemand,NonInterruptible,OnDemand,Other,Other,DIF,T2IF,T3,1.4900,True,local-nvme,Available,v2.2.1,panel
2026-06-10,runpod_secure,a100-sxm-80gb,A100,80GB,SXM,IB-HDR,OnDemand,Interruptible,Spot,Other,Other,DIF,T2IF,T3,1.3900,True,local-nvme,Available,v2.2.1,panel
2026-06-10,tensordock,a100-sxm-80gb,A100,80GB,SXM,Unknown,OnDemand,NonInterruptible,OnDemand,Other,Other,DIF,T3IF,T3,0.8500,False,,Available,v2.2.1,panel
2026-06-10,vast_ai,a100-sxm-80gb,A100,80GB,SXM,Unknown,OnDemand,NonInterruptible,OnDemand,APAC,APAC,DIF,T3IF,T3,1.4720,True,local-nvme,Available,v2.2.1,marketplace
2026-06-10,vast_ai,a100-sxm-80gb,A100,80GB,SXM,Unknown,OnDemand,NonInterruptible,OnDemand,EU,EU,DIF,T3IF,T3,1.0667,True,local-nvme,Available,v2.2.1,marketplace
2026-06-10,vast_ai,a100-sxm-80gb,A100,80GB,SXM,Unknown,OnDemand,NonInterruptible,OnDemand,US-Central,US,DIF,T3IF,T3,0.8667,True,local-nvme,Available,v2.2.1,marketplace
2026-06-10,vast_ai,a100-sxm-80gb,A100,80GB,SXM,Unknown,OnDemand,NonInterruptible,OnDemand,Other,Other,DIF,T3IF,T3,0.9067,True,local-nvme,Available,v2.2.1,marketplace
2026-06-10,vultr,a100-sxm-80gb,A100,80GB,SXM,Unknown,OnDemand,NonInterruptible,OnDemand,Other,Other,SIF,T2IF,T2,2.8000,False,,Available,v2.2.1,panel
2026-06-10,vultr,a100-sxm-80gb,A100,80GB,SXM,Unknown,OnDemand,Interruptible,Spot,Other,Other,DIF,T2IF,T2,1.4900,False,,Available,v2.2.1,panel
2026-06-11,aws,a100-sxm-80gb,A100,80GB,SXM,EFA,OnDemand,NonInterruptible,OnDemand,US-East,US,HIF,T2IF,T1,3.4309,True,local-nvme;managed-ops-plane;support-tier;observability,Available,v2.2.1,panel
2026-06-11,aws,a100-sxm-80gb,A100,80GB,SXM,EFA,1Y,NonInterruptible,Reserved,US-East,US,HIF,T2IF,T1,2.1752,True,local-nvme;managed-ops-plane;support-tier;observability,Available,v2.2.1,panel
2026-06-11,aws,a100-sxm-80gb,A100,80GB,SXM,EFA,3Y,NonInterruptible,Reserved,US-East,US,HIF,T2IF,T1,1.4647,True,local-nvme;managed-ops-plane;support-tier;observability,Available,v2.2.1,panel
2026-06-11,aws,a100-sxm-80gb,A100,80GB,SXM,EFA,OnDemand,Interruptible,Spot,US-East,US,DIF,T2IF,T1,1.4091,False,,Available,v2.2.1,panel
2026-06-11,aws,a100-sxm-80gb,A100,80GB,SXM,EFA,OnDemand,Interruptible,Spot,US-West,US,DIF,T2IF,T1,1.9895,False,,Available,v2.2.1,panel
2026-06-11,azure,a100-sxm-80gb,A100,80GB,SXM,IB-HDR,OnDemand,NonInterruptible,OnDemand,US-East,US,HIF,T2IF,T1,4.0963,True,local-nvme;managed-ops-plane;support-tier;observability,Available,v2.2.1,panel
2026-06-11,azure,a100-sxm-80gb,A100,80GB,SXM,IB-HDR,1Y,NonInterruptible,Reserved,US-East,US,HIF,T2IF,T1,2.6216,True,local-nvme;managed-ops-plane;support-tier;observability,Available,v2.2.1,panel
2026-06-11,azure,a100-sxm-80gb,A100,80GB,SXM,IB-HDR,3Y,NonInterruptible,Reserved,US-East,US,HIF,T2IF,T1,1.8024,True,local-nvme;managed-ops-plane;support-tier;observability,Available,v2.2.1,panel
2026-06-11,coreweave,a100-sxm-80gb,A100,80GB,SXM,IB-HDR,OnDemand,NonInterruptible,OnDemand,US-East,US,IIF,T2IF,T2,2.7000,True,local-nvme;free-egress;support-tier;observability;managed-ops-plane,Available,v2.2.1,panel
2026-06-11,coreweave,a100-sxm-80gb,A100,80GB,SXM,IB-HDR,OnDemand,Interruptible,Spot,US-East,US,DIF,T2IF,T2,1.2063,True,local-nvme;free-egress;support-tier;observability;managed-ops-plane,Available,v2.2.1,panel
2026-06-11,crusoe,a100-sxm-80gb,A100,80GB,SXM,IB-HDR,OnDemand,NonInterruptible,OnDemand,US-East,US,IIF,T2IF,T2,2.3000,True,local-nvme;free-egress,Available,v2.2.1,panel
2026-06-11,datacrunch,a100-sxm-80gb,A100,80GB,SXM,IB-HDR,OnDemand,NonInterruptible,OnDemand,EU,EU,SIF,T2IF,T2,1.7900,True,local-nvme,Available,v2.2.1,panel
2026-06-11,datacrunch,a100-sxm-80gb,A100,80GB,SXM,IB-HDR,OnDemand,Interruptible,Spot,EU,EU,DIF,T2IF,T2,0.6265,True,local-nvme,Available,v2.2.1,panel
2026-06-11,denvr,a100-sxm-80gb,A100,80GB,SXM,IB-HDR,OnDemand,NonInterruptible,OnDemand,Other,Other,SIF,T2IF,T2,1.3000,True,local-nvme,Available,v2.2.1,panel
2026-06-11,hyperstack,a100-sxm-80gb,A100,80GB,SXM,Ethernet,OnDemand,NonInterruptible,OnDemand,Other,Other,SIF,,T2,1.6000,True,local-nvme,Available,v2.2.1,panel
2026-06-11,lambda,a100-sxm-80gb,A100,80GB,SXM,Unknown,OnDemand,NonInterruptible,OnDemand,US-East,US,IIF,T3IF,T2,2.7900,True,local-nvme,Available,v2.2.1,panel
2026-06-11,oci,a100-sxm-80gb,A100,80GB,SXM,RoCE-v2,OnDemand,NonInterruptible,OnDemand,US-East,US,HIF,T2IF,T1,4.0000,True,local-nvme;egress-capped;managed-ops-plane;support-tier;observability,Available,v2.2.1,panel
2026-06-11,runpod_cluster,a100-sxm-80gb,A100,80GB,SXM,IB-HDR,OnDemand,NonInterruptible,OnDemand,Other,Other,DIF,T2IF,T3,1.7880,True,local-nvme,Available,v2.2.1,panel
2026-06-11,runpod_community,a100-sxm-80gb,A100,80GB,SXM,Unknown,OnDemand,NonInterruptible,OnDemand,Other,Other,DIF,T3IF,T3,1.3900,False,,Available,v2.2.1,panel
2026-06-11,runpod_secure,a100-sxm-80gb,A100,80GB,SXM,IB-HDR,OnDemand,NonInterruptible,OnDemand,Other,Other,DIF,T2IF,T3,1.4900,True,local-nvme,Available,v2.2.1,panel
2026-06-11,runpod_secure,a100-sxm-80gb,A100,80GB,SXM,IB-HDR,OnDemand,Interruptible,Spot,Other,Other,DIF,T2IF,T3,1.3900,True,local-nvme,Available,v2.2.1,panel
2026-06-11,tensordock,a100-sxm-80gb,A100,80GB,SXM,Unknown,OnDemand,NonInterruptible,OnDemand,Other,Other,DIF,T3IF,T3,1.2000,False,,Available,v2.2.1,panel
2026-06-11,vast_ai,a100-sxm-80gb,A100,80GB,SXM,Unknown,OnDemand,NonInterruptible,OnDemand,US-Central,US,DIF,T3IF,T3,0.8667,True,local-nvme,Available,v2.2.1,marketplace
2026-06-11,vast_ai,a100-sxm-80gb,A100,80GB,SXM,Unknown,OnDemand,NonInterruptible,OnDemand,EU,EU,DIF,T3IF,T3,0.9200,True,local-nvme,Available,v2.2.1,marketplace
2026-06-11,vast_ai,a100-sxm-80gb,A100,80GB,SXM,Unknown,OnDemand,NonInterruptible,OnDemand,Other,Other,DIF,T3IF,T3,1.2667,True,local-nvme,Available,v2.2.1,marketplace
2026-06-11,vast_ai,a100-sxm-80gb,A100,80GB,SXM,Unknown,OnDemand,NonInterruptible,OnDemand,APAC,APAC,DIF,T3IF,T3,1.1333,True,local-nvme,Available,v2.2.1,marketplace
2026-06-11,vultr,a100-sxm-80gb,A100,80GB,SXM,Unknown,OnDemand,NonInterruptible,OnDemand,Other,Other,SIF,T2IF,T2,2.8000,False,,Available,v2.2.1,panel
2026-06-11,vultr,a100-sxm-80gb,A100,80GB,SXM,Unknown,OnDemand,Interruptible,Spot,Other,Other,DIF,T2IF,T2,1.4900,False,,Available,v2.2.1,panel
2026-06-12,aws,a100-sxm-80gb,A100,80GB,SXM,EFA,OnDemand,NonInterruptible,OnDemand,US-East,US,HIF,T2IF,T1,3.4309,True,local-nvme;managed-ops-plane;support-tier;observability,Available,v2.2.1,panel
2026-06-12,aws,a100-sxm-80gb,A100,80GB,SXM,EFA,1Y,NonInterruptible,Reserved,US-East,US,HIF,T2IF,T1,2.1752,True,local-nvme;managed-ops-plane;support-tier;observability,Available,v2.2.1,panel
2026-06-12,aws,a100-sxm-80gb,A100,80GB,SXM,EFA,3Y,NonInterruptible,Reserved,US-East,US,HIF,T2IF,T1,1.4647,True,local-nvme;managed-ops-plane;support-tier;observability,Available,v2.2.1,panel
2026-06-12,aws,a100-sxm-80gb,A100,80GB,SXM,EFA,OnDemand,Interruptible,Spot,US-East,US,DIF,T2IF,T1,1.3864,False,,Available,v2.2.1,panel
2026-06-12,aws,a100-sxm-80gb,A100,80GB,SXM,EFA,OnDemand,Interruptible,Spot,US-West,US,DIF,T2IF,T1,2.0349,False,,Available,v2.2.1,panel
2026-06-12,azure,a100-sxm-80gb,A100,80GB,SXM,IB-HDR,OnDemand,NonInterruptible,OnDemand,US-East,US,HIF,T2IF,T1,4.0963,True,local-nvme;managed-ops-plane;support-tier;observability,Available,v2.2.1,panel
2026-06-12,azure,a100-sxm-80gb,A100,80GB,SXM,IB-HDR,1Y,NonInterruptible,Reserved,US-East,US,HIF,T2IF,T1,2.6216,True,local-nvme;managed-ops-plane;support-tier;observability,Available,v2.2.1,panel
2026-06-12,azure,a100-sxm-80gb,A100,80GB,SXM,IB-HDR,3Y,NonInterruptible,Reserved,US-East,US,HIF,T2IF,T1,1.8024,True,local-nvme;managed-ops-plane;support-tier;observability,Available,v2.2.1,panel
2026-06-12,coreweave,a100-sxm-80gb,A100,80GB,SXM,IB-HDR,OnDemand,NonInterruptible,OnDemand,US-East,US,IIF,T2IF,T2,2.7000,True,local-nvme;free-egress;support-tier;observability;managed-ops-plane,Available,v2.2.1,panel
2026-06-12,coreweave,a100-sxm-80gb,A100,80GB,SXM,IB-HDR,OnDemand,Interruptible,Spot,US-East,US,DIF,T2IF,T2,1.2063,True,local-nvme;free-egress;support-tier;observability;managed-ops-plane,Available,v2.2.1,panel
2026-06-12,crusoe,a100-sxm-80gb,A100,80GB,SXM,IB-HDR,OnDemand,NonInterruptible,OnDemand,US-East,US,IIF,T2IF,T2,2.3000,True,local-nvme;free-egress,Available,v2.2.1,panel
2026-06-12,datacrunch,a100-sxm-80gb,A100,80GB,SXM,IB-HDR,OnDemand,NonInterruptible,OnDemand,EU,EU,SIF,T2IF,T2,1.7900,True,local-nvme,Available,v2.2.1,panel
2026-06-12,datacrunch,a100-sxm-80gb,A100,80GB,SXM,IB-HDR,OnDemand,Interruptible,Spot,EU,EU,DIF,T2IF,T2,0.6265,True,local-nvme,Available,v2.2.1,panel
2026-06-12,denvr,a100-sxm-80gb,A100,80GB,SXM,IB-HDR,OnDemand,NonInterruptible,OnDemand,Other,Other,SIF,T2IF,T2,1.3000,True,local-nvme,Available,v2.2.1,panel
2026-06-12,hyperstack,a100-sxm-80gb,A100,80GB,SXM,Ethernet,OnDemand,NonInterruptible,OnDemand,Other,Other,SIF,,T2,1.6000,True,local-nvme,Available,v2.2.1,panel
2026-06-12,lambda,a100-sxm-80gb,A100,80GB,SXM,Unknown,OnDemand,NonInterruptible,OnDemand,US-East,US,IIF,T3IF,T2,2.7900,True,local-nvme,Available,v2.2.1,panel
2026-06-12,oci,a100-sxm-80gb,A100,80GB,SXM,RoCE-v2,OnDemand,NonInterruptible,OnDemand,US-East,US,HIF,T2IF,T1,4.0000,True,local-nvme;egress-capped;managed-ops-plane;support-tier;observability,Available,v2.2.1,panel
2026-06-12,runpod_cluster,a100-sxm-80gb,A100,80GB,SXM,IB-HDR,OnDemand,NonInterruptible,OnDemand,Other,Other,DIF,T2IF,T3,1.7880,True,local-nvme,Available,v2.2.1,panel
2026-06-12,runpod_community,a100-sxm-80gb,A100,80GB,SXM,Unknown,OnDemand,NonInterruptible,OnDemand,Other,Other,DIF,T3IF,T3,1.3900,False,,Available,v2.2.1,panel
2026-06-12,runpod_secure,a100-sxm-80gb,A100,80GB,SXM,IB-HDR,OnDemand,NonInterruptible,OnDemand,Other,Other,DIF,T2IF,T3,1.4900,True,local-nvme,Available,v2.2.1,panel
2026-06-12,runpod_secure,a100-sxm-80gb,A100,80GB,SXM,IB-HDR,OnDemand,Interruptible,Spot,Other,Other,DIF,T2IF,T3,1.3900,True,local-nvme,Available,v2.2.1,panel
2026-06-12,tensordock,a100-sxm-80gb,A100,80GB,SXM,Unknown,OnDemand,NonInterruptible,OnDemand,Other,Other,DIF,T3IF,T3,1.2000,False,,Available,v2.2.1,panel
2026-06-12,vast_ai,a100-sxm-80gb,A100,80GB,SXM,Unknown,OnDemand,NonInterruptible,OnDemand,US-Central,US,DIF,T3IF,T3,0.8667,True,local-nvme,Available,v2.2.1,marketplace
2026-06-12,vast_ai,a100-sxm-80gb,A100,80GB,SXM,Unknown,OnDemand,NonInterruptible,OnDemand,APAC,APAC,DIF,T3IF,T3,1.1627,True,local-nvme,Available,v2.2.1,marketplace
2026-06-12,vast_ai,a100-sxm-80gb,A100,80GB,SXM,Unknown,OnDemand,NonInterruptible,OnDemand,EU,EU,DIF,T3IF,T3,0.9200,True,local-nvme,Available,v2.2.1,marketplace
2026-06-12,vast_ai,a100-sxm-80gb,A100,80GB,SXM,Unknown,OnDemand,NonInterruptible,OnDemand,US-West,US,DIF,T3IF,T3,0.4800,True,local-nvme,Available,v2.2.1,marketplace
2026-06-12,vast_ai,a100-sxm-80gb,A100,80GB,SXM,Unknown,OnDemand,NonInterruptible,OnDemand,Other,Other,DIF,T3IF,T3,1.2667,True,local-nvme,Available,v2.2.1,marketplace
2026-06-12,vultr,a100-sxm-80gb,A100,80GB,SXM,Unknown,OnDemand,NonInterruptible,OnDemand,Other,Other,SIF,T2IF,T2,2.8000,False,,Available,v2.2.1,panel
2026-06-12,vultr,a100-sxm-80gb,A100,80GB,SXM,Unknown,OnDemand,Interruptible,Spot,Other,Other,DIF,T2IF,T2,1.4900,False,,Available,v2.2.1,panel
2026-06-13,aws,a100-sxm-80gb,A100,80GB,SXM,EFA,OnDemand,NonInterruptible,OnDemand,US-East,US,HIF,T2IF,T1,3.4309,True,local-nvme;managed-ops-plane;support-tier;observability,Available,v2.2.1,panel
2026-06-13,aws,a100-sxm-80gb,A100,80GB,SXM,EFA,1Y,NonInterruptible,Reserved,US-East,US,HIF,T2IF,T1,2.1752,True,local-nvme;managed-ops-plane;support-tier;observability,Available,v2.2.1,panel
2026-06-13,aws,a100-sxm-80gb,A100,80GB,SXM,EFA,3Y,NonInterruptible,Reserved,US-East,US,HIF,T2IF,T1,1.4647,True,local-nvme;managed-ops-plane;support-tier;observability,Available,v2.2.1,panel
2026-06-13,aws,a100-sxm-80gb,A100,80GB,SXM,EFA,OnDemand,Interruptible,Spot,US-East,US,DIF,T2IF,T1,1.3830,False,,Available,v2.2.1,panel
2026-06-13,aws,a100-sxm-80gb,A100,80GB,SXM,EFA,OnDemand,Interruptible,Spot,US-West,US,DIF,T2IF,T1,2.0931,False,,Available,v2.2.1,panel
2026-06-13,azure,a100-sxm-80gb,A100,80GB,SXM,IB-HDR,OnDemand,NonInterruptible,OnDemand,US-East,US,HIF,T2IF,T1,4.0963,True,local-nvme;managed-ops-plane;support-tier;observability,Available,v2.2.1,panel
2026-06-13,azure,a100-sxm-80gb,A100,80GB,SXM,IB-HDR,1Y,NonInterruptible,Reserved,US-East,US,HIF,T2IF,T1,2.6216,True,local-nvme;managed-ops-plane;support-tier;observability,Available,v2.2.1,panel
2026-06-13,azure,a100-sxm-80gb,A100,80GB,SXM,IB-HDR,3Y,NonInterruptible,Reserved,US-East,US,HIF,T2IF,T1,1.8024,True,local-nvme;managed-ops-plane;support-tier;observability,Available,v2.2.1,panel
2026-06-13,coreweave,a100-sxm-80gb,A100,80GB,SXM,IB-HDR,OnDemand,NonInterruptible,OnDemand,US-East,US,IIF,T2IF,T2,2.7000,True,local-nvme;free-egress;support-tier;observability;managed-ops-plane,Available,v2.2.1,panel
2026-06-13,coreweave,a100-sxm-80gb,A100,80GB,SXM,IB-HDR,OnDemand,Interruptible,Spot,US-East,US,DIF,T2IF,T2,1.2063,True,local-nvme;free-egress;support-tier;observability;managed-ops-plane,Available,v2.2.1,panel
2026-06-13,crusoe,a100-sxm-80gb,A100,80GB,SXM,IB-HDR,OnDemand,NonInterruptible,OnDemand,US-East,US,IIF,T2IF,T2,2.3000,True,local-nvme;free-egress,Available,v2.2.1,panel
2026-06-13,datacrunch,a100-sxm-80gb,A100,80GB,SXM,IB-HDR,OnDemand,NonInterruptible,OnDemand,EU,EU,SIF,T2IF,T2,1.7900,True,local-nvme,Available,v2.2.1,panel
2026-06-13,datacrunch,a100-sxm-80gb,A100,80GB,SXM,IB-HDR,OnDemand,Interruptible,Spot,EU,EU,DIF,T2IF,T2,0.6265,True,local-nvme,Available,v2.2.1,panel
2026-06-13,denvr,a100-sxm-80gb,A100,80GB,SXM,IB-HDR,OnDemand,NonInterruptible,OnDemand,Other,Other,SIF,T2IF,T2,1.3000,True,local-nvme,Available,v2.2.1,panel
2026-06-13,hyperstack,a100-sxm-80gb,A100,80GB,SXM,Ethernet,OnDemand,NonInterruptible,OnDemand,Other,Other,SIF,,T2,1.6000,True,local-nvme,Available,v2.2.1,panel
2026-06-13,lambda,a100-sxm-80gb,A100,80GB,SXM,Unknown,OnDemand,NonInterruptible,OnDemand,US-East,US,IIF,T3IF,T2,2.7900,True,local-nvme,Available,v2.2.1,panel
2026-06-13,oci,a100-sxm-80gb,A100,80GB,SXM,RoCE-v2,OnDemand,NonInterruptible,OnDemand,US-East,US,HIF,T2IF,T1,4.0000,True,local-nvme;egress-capped;managed-ops-plane;support-tier;observability,Available,v2.2.1,panel
2026-06-13,runpod_cluster,a100-sxm-80gb,A100,80GB,SXM,IB-HDR,OnDemand,NonInterruptible,OnDemand,Other,Other,DIF,T2IF,T3,1.7880,True,local-nvme,Available,v2.2.1,panel
2026-06-13,runpod_community,a100-sxm-80gb,A100,80GB,SXM,Unknown,OnDemand,NonInterruptible,OnDemand,Other,Other,DIF,T3IF,T3,1.3900,False,,Available,v2.2.1,panel
2026-06-13,runpod_secure,a100-sxm-80gb,A100,80GB,SXM,IB-HDR,OnDemand,NonInterruptible,OnDemand,Other,Other,DIF,T2IF,T3,1.4900,True,local-nvme,Available,v2.2.1,panel
2026-06-13,runpod_secure,a100-sxm-80gb,A100,80GB,SXM,IB-HDR,OnDemand,Interruptible,Spot,Other,Other,DIF,T2IF,T3,1.3900,True,local-nvme,Available,v2.2.1,panel
2026-06-13,vast_ai,a100-sxm-80gb,A100,80GB,SXM,Unknown,OnDemand,NonInterruptible,OnDemand,US-West,US,DIF,T3IF,T3,0.4800,True,local-nvme,Available,v2.2.1,marketplace
2026-06-13,vast_ai,a100-sxm-80gb,A100,80GB,SXM,Unknown,OnDemand,NonInterruptible,OnDemand,Other,Other,DIF,T3IF,T3,1.2000,True,local-nvme,Available,v2.2.1,marketplace
2026-06-13,vast_ai,a100-sxm-80gb,A100,80GB,SXM,Unknown,OnDemand,NonInterruptible,OnDemand,EU,EU,DIF,T3IF,T3,0.9200,True,local-nvme,Available,v2.2.1,marketplace
2026-06-13,vast_ai,a100-sxm-80gb,A100,80GB,SXM,Unknown,OnDemand,NonInterruptible,OnDemand,US-Central,US,DIF,T3IF,T3,0.8667,True,local-nvme,Available,v2.2.1,marketplace
2026-06-13,vast_ai,a100-sxm-80gb,A100,80GB,SXM,Unknown,OnDemand,NonInterruptible,OnDemand,APAC,APAC,DIF,T3IF,T3,1.1627,True,local-nvme,Available,v2.2.1,marketplace
2026-06-13,vultr,a100-sxm-80gb,A100,80GB,SXM,Unknown,OnDemand,NonInterruptible,OnDemand,Other,Other,SIF,T2IF,T2,2.8000,False,,Available,v2.2.1,panel
2026-06-13,vultr,a100-sxm-80gb,A100,80GB,SXM,Unknown,OnDemand,Interruptible,Spot,Other,Other,DIF,T2IF,T2,1.4900,False,,Available,v2.2.1,panel
2026-06-14,aws,a100-sxm-80gb,A100,80GB,SXM,EFA,OnDemand,NonInterruptible,OnDemand,US-East,US,HIF,T2IF,T1,3.4309,True,local-nvme;managed-ops-plane;support-tier;observability,Available,v2.2.1,panel
2026-06-14,aws,a100-sxm-80gb,A100,80GB,SXM,EFA,1Y,NonInterruptible,Reserved,US-East,US,HIF,T2IF,T1,2.1752,True,local-nvme;managed-ops-plane;support-tier;observability,Available,v2.2.1,panel
2026-06-14,aws,a100-sxm-80gb,A100,80GB,SXM,EFA,3Y,NonInterruptible,Reserved,US-East,US,HIF,T2IF,T1,1.4647,True,local-nvme;managed-ops-plane;support-tier;observability,Available,v2.2.1,panel
2026-06-14,aws,a100-sxm-80gb,A100,80GB,SXM,EFA,OnDemand,Interruptible,Spot,US-East,US,DIF,T2IF,T1,1.3695,False,,Available,v2.2.1,panel
2026-06-14,aws,a100-sxm-80gb,A100,80GB,SXM,EFA,OnDemand,Interruptible,Spot,US-West,US,DIF,T2IF,T1,2.0692,False,,Available,v2.2.1,panel
2026-06-14,azure,a100-sxm-80gb,A100,80GB,SXM,IB-HDR,OnDemand,NonInterruptible,OnDemand,US-East,US,HIF,T2IF,T1,4.0963,True,local-nvme;managed-ops-plane;support-tier;observability,Available,v2.2.1,panel
2026-06-14,azure,a100-sxm-80gb,A100,80GB,SXM,IB-HDR,1Y,NonInterruptible,Reserved,US-East,US,HIF,T2IF,T1,2.6216,True,local-nvme;managed-ops-plane;support-tier;observability,Available,v2.2.1,panel
2026-06-14,azure,a100-sxm-80gb,A100,80GB,SXM,IB-HDR,3Y,NonInterruptible,Reserved,US-East,US,HIF,T2IF,T1,1.8024,True,local-nvme;managed-ops-plane;support-tier;observability,Available,v2.2.1,panel
2026-06-14,coreweave,a100-sxm-80gb,A100,80GB,SXM,IB-HDR,OnDemand,NonInterruptible,OnDemand,US-East,US,IIF,T2IF,T2,2.7000,True,local-nvme;free-egress;support-tier;observability;managed-ops-plane,Available,v2.2.1,panel
2026-06-14,coreweave,a100-sxm-80gb,A100,80GB,SXM,IB-HDR,OnDemand,Interruptible,Spot,US-East,US,DIF,T2IF,T2,1.2063,True,local-nvme;free-egress;support-tier;observability;managed-ops-plane,Available,v2.2.1,panel
2026-06-14,crusoe,a100-sxm-80gb,A100,80GB,SXM,IB-HDR,OnDemand,NonInterruptible,OnDemand,US-East,US,IIF,T2IF,T2,2.3000,True,local-nvme;free-egress,Available,v2.2.1,panel
2026-06-14,datacrunch,a100-sxm-80gb,A100,80GB,SXM,IB-HDR,OnDemand,NonInterruptible,OnDemand,EU,EU,SIF,T2IF,T2,1.7900,True,local-nvme,Available,v2.2.1,panel
2026-06-14,datacrunch,a100-sxm-80gb,A100,80GB,SXM,IB-HDR,OnDemand,Interruptible,Spot,EU,EU,DIF,T2IF,T2,0.6265,True,local-nvme,Available,v2.2.1,panel
2026-06-14,denvr,a100-sxm-80gb,A100,80GB,SXM,IB-HDR,OnDemand,NonInterruptible,OnDemand,Other,Other,SIF,T2IF,T2,1.3000,True,local-nvme,Available,v2.2.1,panel
2026-06-14,hyperstack,a100-sxm-80gb,A100,80GB,SXM,Ethernet,OnDemand,NonInterruptible,OnDemand,Other,Other,SIF,,T2,1.6000,True,local-nvme,Available,v2.2.1,panel
2026-06-14,lambda,a100-sxm-80gb,A100,80GB,SXM,Unknown,OnDemand,NonInterruptible,OnDemand,US-East,US,IIF,T3IF,T2,2.7900,True,local-nvme,Available,v2.2.1,panel
2026-06-14,oci,a100-sxm-80gb,A100,80GB,SXM,RoCE-v2,OnDemand,NonInterruptible,OnDemand,US-East,US,HIF,T2IF,T1,4.0000,True,local-nvme;egress-capped;managed-ops-plane;support-tier;observability,Available,v2.2.1,panel
2026-06-14,runpod_cluster,a100-sxm-80gb,A100,80GB,SXM,IB-HDR,OnDemand,NonInterruptible,OnDemand,Other,Other,DIF,T2IF,T3,1.7880,True,local-nvme,Available,v2.2.1,panel
2026-06-14,runpod_community,a100-sxm-80gb,A100,80GB,SXM,Unknown,OnDemand,NonInterruptible,OnDemand,Other,Other,DIF,T3IF,T3,1.3900,False,,Available,v2.2.1,panel
2026-06-14,runpod_secure,a100-sxm-80gb,A100,80GB,SXM,IB-HDR,OnDemand,NonInterruptible,OnDemand,Other,Other,DIF,T2IF,T3,1.4900,True,local-nvme,Available,v2.2.1,panel
2026-06-14,runpod_secure,a100-sxm-80gb,A100,80GB,SXM,IB-HDR,OnDemand,Interruptible,Spot,Other,Other,DIF,T2IF,T3,1.3900,True,local-nvme,Available,v2.2.1,panel
2026-06-14,vast_ai,a100-sxm-80gb,A100,80GB,SXM,Unknown,OnDemand,NonInterruptible,OnDemand,APAC,APAC,DIF,T3IF,T3,1.1453,True,local-nvme,Available,v2.2.1,marketplace
2026-06-14,vast_ai,a100-sxm-80gb,A100,80GB,SXM,Unknown,OnDemand,NonInterruptible,OnDemand,EU,EU,DIF,T3IF,T3,0.8667,True,local-nvme,Available,v2.2.1,marketplace
2026-06-14,vast_ai,a100-sxm-80gb,A100,80GB,SXM,Unknown,OnDemand,NonInterruptible,OnDemand,US-Central,US,DIF,T3IF,T3,0.8667,True,local-nvme,Available,v2.2.1,marketplace
2026-06-14,vast_ai,a100-sxm-80gb,A100,80GB,SXM,Unknown,OnDemand,NonInterruptible,OnDemand,Other,Other,DIF,T3IF,T3,1.2667,True,local-nvme,Available,v2.2.1,marketplace
2026-06-14,vultr,a100-sxm-80gb,A100,80GB,SXM,Unknown,OnDemand,NonInterruptible,OnDemand,Other,Other,SIF,T2IF,T2,2.8000,False,,Available,v2.2.1,panel
2026-06-14,vultr,a100-sxm-80gb,A100,80GB,SXM,Unknown,OnDemand,Interruptible,Spot,Other,Other,DIF,T2IF,T2,1.4900,False,,Available,v2.2.1,panel
2026-06-15,aws,a100-sxm-80gb,A100,80GB,SXM,EFA,OnDemand,NonInterruptible,OnDemand,US-East,US,HIF,T2IF,T1,3.4309,True,local-nvme;managed-ops-plane;support-tier;observability,Available,v2.2.1,panel
2026-06-15,aws,a100-sxm-80gb,A100,80GB,SXM,EFA,1Y,NonInterruptible,Reserved,US-East,US,HIF,T2IF,T1,2.1752,True,local-nvme;managed-ops-plane;support-tier;observability,Available,v2.2.1,panel
2026-06-15,aws,a100-sxm-80gb,A100,80GB,SXM,EFA,3Y,NonInterruptible,Reserved,US-East,US,HIF,T2IF,T1,1.4647,True,local-nvme;managed-ops-plane;support-tier;observability,Available,v2.2.1,panel
2026-06-15,aws,a100-sxm-80gb,A100,80GB,SXM,EFA,OnDemand,Interruptible,Spot,US-West,US,DIF,T2IF,T1,1.9923,False,,Available,v2.2.1,panel
2026-06-15,aws,a100-sxm-80gb,A100,80GB,SXM,EFA,OnDemand,Interruptible,Spot,US-East,US,DIF,T2IF,T1,1.3286,False,,Available,v2.2.1,panel
2026-06-15,azure,a100-sxm-80gb,A100,80GB,SXM,IB-HDR,OnDemand,NonInterruptible,OnDemand,US-East,US,HIF,T2IF,T1,4.0963,True,local-nvme;managed-ops-plane;support-tier;observability,Available,v2.2.1,panel
2026-06-15,azure,a100-sxm-80gb,A100,80GB,SXM,IB-HDR,1Y,NonInterruptible,Reserved,US-East,US,HIF,T2IF,T1,2.6216,True,local-nvme;managed-ops-plane;support-tier;observability,Available,v2.2.1,panel
2026-06-15,azure,a100-sxm-80gb,A100,80GB,SXM,IB-HDR,3Y,NonInterruptible,Reserved,US-East,US,HIF,T2IF,T1,1.8024,True,local-nvme;managed-ops-plane;support-tier;observability,Available,v2.2.1,panel
2026-06-15,coreweave,a100-sxm-80gb,A100,80GB,SXM,IB-HDR,OnDemand,NonInterruptible,OnDemand,US-East,US,IIF,T2IF,T2,2.7000,True,local-nvme;free-egress;support-tier;observability;managed-ops-plane,Available,v2.2.1,panel
2026-06-15,coreweave,a100-sxm-80gb,A100,80GB,SXM,IB-HDR,OnDemand,Interruptible,Spot,US-East,US,DIF,T2IF,T2,1.2063,True,local-nvme;free-egress;support-tier;observability;managed-ops-plane,Available,v2.2.1,panel
2026-06-15,crusoe,a100-sxm-80gb,A100,80GB,SXM,IB-HDR,OnDemand,NonInterruptible,OnDemand,US-East,US,IIF,T2IF,T2,2.3000,True,local-nvme;free-egress,Available,v2.2.1,panel
2026-06-15,datacrunch,a100-sxm-80gb,A100,80GB,SXM,IB-HDR,OnDemand,NonInterruptible,OnDemand,EU,EU,SIF,T2IF,T2,1.7900,True,local-nvme,Available,v2.2.1,panel
2026-06-15,datacrunch,a100-sxm-80gb,A100,80GB,SXM,IB-HDR,OnDemand,Interruptible,Spot,EU,EU,DIF,T2IF,T2,0.6265,True,local-nvme,Available,v2.2.1,panel
2026-06-15,denvr,a100-sxm-80gb,A100,80GB,SXM,IB-HDR,OnDemand,NonInterruptible,OnDemand,Other,Other,SIF,T2IF,T2,1.3000,True,local-nvme,Available,v2.2.1,panel
2026-06-15,hyperstack,a100-sxm-80gb,A100,80GB,SXM,Ethernet,OnDemand,NonInterruptible,OnDemand,Other,Other,SIF,,T2,1.6000,True,local-nvme,Available,v2.2.1,panel
2026-06-15,lambda,a100-sxm-80gb,A100,80GB,SXM,Unknown,OnDemand,NonInterruptible,OnDemand,US-East,US,IIF,T3IF,T2,2.7900,True,local-nvme,Available,v2.2.1,panel
2026-06-15,oci,a100-sxm-80gb,A100,80GB,SXM,RoCE-v2,OnDemand,NonInterruptible,OnDemand,US-East,US,HIF,T2IF,T1,4.0000,True,local-nvme;egress-capped;managed-ops-plane;support-tier;observability,Available,v2.2.1,panel
2026-06-15,runpod_cluster,a100-sxm-80gb,A100,80GB,SXM,IB-HDR,OnDemand,NonInterruptible,OnDemand,Other,Other,DIF,T2IF,T3,1.7880,True,local-nvme,Available,v2.2.1,panel
2026-06-15,runpod_community,a100-sxm-80gb,A100,80GB,SXM,Unknown,OnDemand,NonInterruptible,OnDemand,Other,Other,DIF,T3IF,T3,1.3900,False,,Available,v2.2.1,panel
2026-06-15,runpod_secure,a100-sxm-80gb,A100,80GB,SXM,IB-HDR,OnDemand,NonInterruptible,OnDemand,Other,Other,DIF,T2IF,T3,1.4900,True,local-nvme,Available,v2.2.1,panel
2026-06-15,runpod_secure,a100-sxm-80gb,A100,80GB,SXM,IB-HDR,OnDemand,Interruptible,Spot,Other,Other,DIF,T2IF,T3,1.3900,True,local-nvme,Available,v2.2.1,panel
2026-06-15,vast_ai,a100-sxm-80gb,A100,80GB,SXM,Unknown,OnDemand,NonInterruptible,OnDemand,Other,Other,DIF,T3IF,T3,1.2667,True,local-nvme,Available,v2.2.1,marketplace
2026-06-15,vast_ai,a100-sxm-80gb,A100,80GB,SXM,Unknown,OnDemand,NonInterruptible,OnDemand,EU,EU,DIF,T3IF,T3,0.8667,True,local-nvme,Available,v2.2.1,marketplace
2026-06-15,vast_ai,a100-sxm-80gb,A100,80GB,SXM,Unknown,OnDemand,NonInterruptible,OnDemand,US-Central,US,DIF,T3IF,T3,0.8667,True,local-nvme,Available,v2.2.1,marketplace
2026-06-15,vast_ai,a100-sxm-80gb,A100,80GB,SXM,Unknown,OnDemand,NonInterruptible,OnDemand,APAC,APAC,DIF,T3IF,T3,0.8962,True,local-nvme,Available,v2.2.1,marketplace
2026-06-15,vultr,a100-sxm-80gb,A100,80GB,SXM,Unknown,OnDemand,NonInterruptible,OnDemand,Other,Other,SIF,T2IF,T2,2.8000,False,,Available,v2.2.1,panel
2026-06-15,vultr,a100-sxm-80gb,A100,80GB,SXM,Unknown,OnDemand,Interruptible,Spot,Other,Other,DIF,T2IF,T2,1.4900,False,,Available,v2.2.1,panel
2026-06-16,aws,a100-sxm-80gb,A100,80GB,SXM,EFA,OnDemand,NonInterruptible,OnDemand,US-East,US,HIF,T2IF,T1,3.4309,True,local-nvme;managed-ops-plane;support-tier;observability,Available,v2.2.1,panel
2026-06-16,aws,a100-sxm-80gb,A100,80GB,SXM,EFA,1Y,NonInterruptible,Reserved,US-East,US,HIF,T2IF,T1,2.1752,True,local-nvme;managed-ops-plane;support-tier;observability,Available,v2.2.1,panel
2026-06-16,aws,a100-sxm-80gb,A100,80GB,SXM,EFA,3Y,NonInterruptible,Reserved,US-East,US,HIF,T2IF,T1,1.4647,True,local-nvme;managed-ops-plane;support-tier;observability,Available,v2.2.1,panel
2026-06-16,aws,a100-sxm-80gb,A100,80GB,SXM,EFA,OnDemand,Interruptible,Spot,US-West,US,DIF,T2IF,T1,2.0203,False,,Available,v2.2.1,panel
2026-06-16,aws,a100-sxm-80gb,A100,80GB,SXM,EFA,OnDemand,Interruptible,Spot,US-East,US,DIF,T2IF,T1,1.3121,False,,Available,v2.2.1,panel
2026-06-16,azure,a100-sxm-80gb,A100,80GB,SXM,IB-HDR,OnDemand,NonInterruptible,OnDemand,US-East,US,HIF,T2IF,T1,4.0963,True,local-nvme;managed-ops-plane;support-tier;observability,Available,v2.2.1,panel
2026-06-16,azure,a100-sxm-80gb,A100,80GB,SXM,IB-HDR,1Y,NonInterruptible,Reserved,US-East,US,HIF,T2IF,T1,2.6216,True,local-nvme;managed-ops-plane;support-tier;observability,Available,v2.2.1,panel
2026-06-16,azure,a100-sxm-80gb,A100,80GB,SXM,IB-HDR,3Y,NonInterruptible,Reserved,US-East,US,HIF,T2IF,T1,1.8024,True,local-nvme;managed-ops-plane;support-tier;observability,Available,v2.2.1,panel
2026-06-16,coreweave,a100-sxm-80gb,A100,80GB,SXM,IB-HDR,OnDemand,NonInterruptible,OnDemand,US-East,US,IIF,T2IF,T2,2.7000,True,local-nvme;free-egress;support-tier;observability;managed-ops-plane,Available,v2.2.1,panel
2026-06-16,coreweave,a100-sxm-80gb,A100,80GB,SXM,IB-HDR,OnDemand,Interruptible,Spot,US-East,US,DIF,T2IF,T2,1.2063,True,local-nvme;free-egress;support-tier;observability;managed-ops-plane,Available,v2.2.1,panel
2026-06-16,crusoe,a100-sxm-80gb,A100,80GB,SXM,IB-HDR,OnDemand,NonInterruptible,OnDemand,US-East,US,IIF,T2IF,T2,2.3000,True,local-nvme;free-egress,Available,v2.2.1,panel
2026-06-16,datacrunch,a100-sxm-80gb,A100,80GB,SXM,IB-HDR,OnDemand,NonInterruptible,OnDemand,EU,EU,SIF,T2IF,T2,1.7900,True,local-nvme,Available,v2.2.1,panel
2026-06-16,datacrunch,a100-sxm-80gb,A100,80GB,SXM,IB-HDR,OnDemand,Interruptible,Spot,EU,EU,DIF,T2IF,T2,0.6265,True,local-nvme,Available,v2.2.1,panel
2026-06-16,denvr,a100-sxm-80gb,A100,80GB,SXM,IB-HDR,OnDemand,NonInterruptible,OnDemand,Other,Other,SIF,T2IF,T2,1.3000,True,local-nvme,Available,v2.2.1,panel
2026-06-16,hyperstack,a100-sxm-80gb,A100,80GB,SXM,Ethernet,OnDemand,NonInterruptible,OnDemand,Other,Other,SIF,,T2,1.6000,True,local-nvme,Available,v2.2.1,panel
2026-06-16,lambda,a100-sxm-80gb,A100,80GB,SXM,Unknown,OnDemand,NonInterruptible,OnDemand,US-East,US,IIF,T3IF,T2,2.7900,True,local-nvme,Available,v2.2.1,panel
2026-06-16,oci,a100-sxm-80gb,A100,80GB,SXM,RoCE-v2,OnDemand,NonInterruptible,OnDemand,US-East,US,HIF,T2IF,T1,4.0000,True,local-nvme;egress-capped;managed-ops-plane;support-tier;observability,Available,v2.2.1,panel
2026-06-16,runpod_cluster,a100-sxm-80gb,A100,80GB,SXM,IB-HDR,OnDemand,NonInterruptible,OnDemand,Other,Other,DIF,T2IF,T3,1.7880,True,local-nvme,Available,v2.2.1,panel
2026-06-16,runpod_community,a100-sxm-80gb,A100,80GB,SXM,Unknown,OnDemand,NonInterruptible,OnDemand,Other,Other,DIF,T3IF,T3,1.3900,False,,Available,v2.2.1,panel
2026-06-16,runpod_secure,a100-sxm-80gb,A100,80GB,SXM,IB-HDR,OnDemand,NonInterruptible,OnDemand,Other,Other,DIF,T2IF,T3,1.4900,True,local-nvme,Available,v2.2.1,panel
2026-06-16,runpod_secure,a100-sxm-80gb,A100,80GB,SXM,IB-HDR,OnDemand,Interruptible,Spot,Other,Other,DIF,T2IF,T3,1.3900,True,local-nvme,Available,v2.2.1,panel
2026-06-16,vultr,a100-sxm-80gb,A100,80GB,SXM,Unknown,OnDemand,NonInterruptible,OnDemand,Other,Other,SIF,T2IF,T2,2.8000,False,,Available,v2.2.1,panel
2026-06-16,vultr,a100-sxm-80gb,A100,80GB,SXM,Unknown,OnDemand,Interruptible,Spot,Other,Other,DIF,T2IF,T2,1.4900,False,,Available,v2.2.1,panel
2026-06-17,aws,a100-sxm-80gb,A100,80GB,SXM,EFA,OnDemand,NonInterruptible,OnDemand,US-East,US,HIF,T2IF,T1,3.4309,True,local-nvme;managed-ops-plane;support-tier;observability,Available,v2.2.1,panel
2026-06-17,aws,a100-sxm-80gb,A100,80GB,SXM,EFA,1Y,NonInterruptible,Reserved,US-East,US,HIF,T2IF,T1,2.1752,True,local-nvme;managed-ops-plane;support-tier;observability,Available,v2.2.1,panel
2026-06-17,aws,a100-sxm-80gb,A100,80GB,SXM,EFA,3Y,NonInterruptible,Reserved,US-East,US,HIF,T2IF,T1,1.4647,True,local-nvme;managed-ops-plane;support-tier;observability,Available,v2.2.1,panel
2026-06-17,aws,a100-sxm-80gb,A100,80GB,SXM,EFA,OnDemand,Interruptible,Spot,US-East,US,DIF,T2IF,T1,1.3155,False,,Available,v2.2.1,panel
2026-06-17,aws,a100-sxm-80gb,A100,80GB,SXM,EFA,OnDemand,Interruptible,Spot,US-West,US,DIF,T2IF,T1,1.9734,False,,Available,v2.2.1,panel
2026-06-17,azure,a100-sxm-80gb,A100,80GB,SXM,IB-HDR,OnDemand,NonInterruptible,OnDemand,US-East,US,HIF,T2IF,T1,4.0963,True,local-nvme;managed-ops-plane;support-tier;observability,Available,v2.2.1,panel
2026-06-17,azure,a100-sxm-80gb,A100,80GB,SXM,IB-HDR,1Y,NonInterruptible,Reserved,US-East,US,HIF,T2IF,T1,2.6216,True,local-nvme;managed-ops-plane;support-tier;observability,Available,v2.2.1,panel
2026-06-17,azure,a100-sxm-80gb,A100,80GB,SXM,IB-HDR,3Y,NonInterruptible,Reserved,US-East,US,HIF,T2IF,T1,1.8024,True,local-nvme;managed-ops-plane;support-tier;observability,Available,v2.2.1,panel
2026-06-17,coreweave,a100-sxm-80gb,A100,80GB,SXM,IB-HDR,OnDemand,NonInterruptible,OnDemand,US-East,US,IIF,T2IF,T2,2.7000,True,local-nvme;free-egress;support-tier;observability;managed-ops-plane,Available,v2.2.1,panel
2026-06-17,coreweave,a100-sxm-80gb,A100,80GB,SXM,IB-HDR,OnDemand,Interruptible,Spot,US-East,US,DIF,T2IF,T2,1.2063,True,local-nvme;free-egress;support-tier;observability;managed-ops-plane,Available,v2.2.1,panel
2026-06-17,crusoe,a100-sxm-80gb,A100,80GB,SXM,IB-HDR,OnDemand,NonInterruptible,OnDemand,US-East,US,IIF,T2IF,T2,2.3000,True,local-nvme;free-egress,Available,v2.2.1,panel
2026-06-17,datacrunch,a100-sxm-80gb,A100,80GB,SXM,IB-HDR,OnDemand,NonInterruptible,OnDemand,EU,EU,SIF,T2IF,T2,1.7900,True,local-nvme,Available,v2.2.1,panel
2026-06-17,datacrunch,a100-sxm-80gb,A100,80GB,SXM,IB-HDR,OnDemand,Interruptible,Spot,EU,EU,DIF,T2IF,T2,0.6265,True,local-nvme,Available,v2.2.1,panel
2026-06-17,denvr,a100-sxm-80gb,A100,80GB,SXM,IB-HDR,OnDemand,NonInterruptible,OnDemand,Other,Other,SIF,T2IF,T2,1.3000,True,local-nvme,Available,v2.2.1,panel
2026-06-17,e2e,a100-sxm-80gb,A100,80GB,SXM,IB-NDR,OnDemand,NonInterruptible,OnDemand,APAC,APAC,IIF,T2IF,T2,2.1000,True,managed-ops-plane,Available,v2.2.1,panel
2026-06-17,hyperstack,a100-sxm-80gb,A100,80GB,SXM,Ethernet,OnDemand,NonInterruptible,OnDemand,Other,Other,SIF,,T2,1.6000,True,local-nvme,Available,v2.2.1,panel
2026-06-17,jarvislabs,a100-sxm-80gb,A100,80GB,SXM,Unknown,OnDemand,NonInterruptible,OnDemand,APAC,APAC,IIF,T3IF,T2,1.4900,False,,Available,v2.2.1,panel
2026-06-17,lambda,a100-sxm-80gb,A100,80GB,SXM,Unknown,OnDemand,NonInterruptible,OnDemand,US-East,US,IIF,T3IF,T2,2.7900,True,local-nvme,Available,v2.2.1,panel
2026-06-17,oci,a100-sxm-80gb,A100,80GB,SXM,RoCE-v2,OnDemand,NonInterruptible,OnDemand,US-East,US,HIF,T2IF,T1,4.0000,True,local-nvme;egress-capped;managed-ops-plane;support-tier;observability,Available,v2.2.1,panel
2026-06-17,runpod_cluster,a100-sxm-80gb,A100,80GB,SXM,IB-HDR,OnDemand,NonInterruptible,OnDemand,Other,Other,DIF,T2IF,T3,1.7880,True,local-nvme,Available,v2.2.1,panel
2026-06-17,runpod_community,a100-sxm-80gb,A100,80GB,SXM,Unknown,OnDemand,NonInterruptible,OnDemand,Other,Other,DIF,T3IF,T3,1.3900,False,,Available,v2.2.1,panel
2026-06-17,runpod_secure,a100-sxm-80gb,A100,80GB,SXM,IB-HDR,OnDemand,NonInterruptible,OnDemand,Other,Other,DIF,T2IF,T3,1.4900,True,local-nvme,Available,v2.2.1,panel
2026-06-17,runpod_secure,a100-sxm-80gb,A100,80GB,SXM,IB-HDR,OnDemand,Interruptible,Spot,Other,Other,DIF,T2IF,T3,1.3900,True,local-nvme,Available,v2.2.1,panel
2026-06-17,vultr,a100-sxm-80gb,A100,80GB,SXM,Unknown,OnDemand,NonInterruptible,OnDemand,Other,Other,SIF,T2IF,T2,2.8000,False,,Available,v2.2.1,panel
2026-06-17,vultr,a100-sxm-80gb,A100,80GB,SXM,Unknown,OnDemand,Interruptible,Spot,Other,Other,DIF,T2IF,T2,1.4900,False,,Available,v2.2.1,panel
2026-06-18,aws,a100-sxm-80gb,A100,80GB,SXM,EFA,OnDemand,NonInterruptible,OnDemand,US-East,US,HIF,T2IF,T1,3.4309,True,local-nvme;managed-ops-plane;support-tier;observability,Available,v2.2.1,panel
2026-06-18,aws,a100-sxm-80gb,A100,80GB,SXM,EFA,1Y,NonInterruptible,Reserved,US-East,US,HIF,T2IF,T1,2.1752,True,local-nvme;managed-ops-plane;support-tier;observability,Available,v2.2.1,panel
2026-06-18,aws,a100-sxm-80gb,A100,80GB,SXM,EFA,3Y,NonInterruptible,Reserved,US-East,US,HIF,T2IF,T1,1.4647,True,local-nvme;managed-ops-plane;support-tier;observability,Available,v2.2.1,panel
2026-06-18,aws,a100-sxm-80gb,A100,80GB,SXM,EFA,OnDemand,Interruptible,Spot,US-West,US,DIF,T2IF,T1,1.9366,False,,Available,v2.2.1,panel
2026-06-18,aws,a100-sxm-80gb,A100,80GB,SXM,EFA,OnDemand,Interruptible,Spot,US-East,US,DIF,T2IF,T1,1.3095,False,,Available,v2.2.1,panel
2026-06-18,azure,a100-sxm-80gb,A100,80GB,SXM,IB-HDR,OnDemand,NonInterruptible,OnDemand,US-East,US,HIF,T2IF,T1,4.0963,True,local-nvme;managed-ops-plane;support-tier;observability,Available,v2.2.1,panel
2026-06-18,azure,a100-sxm-80gb,A100,80GB,SXM,IB-HDR,1Y,NonInterruptible,Reserved,US-East,US,HIF,T2IF,T1,2.6216,True,local-nvme;managed-ops-plane;support-tier;observability,Available,v2.2.1,panel
2026-06-18,azure,a100-sxm-80gb,A100,80GB,SXM,IB-HDR,3Y,NonInterruptible,Reserved,US-East,US,HIF,T2IF,T1,1.8024,True,local-nvme;managed-ops-plane;support-tier;observability,Available,v2.2.1,panel
2026-06-18,coreweave,a100-sxm-80gb,A100,80GB,SXM,IB-HDR,OnDemand,NonInterruptible,OnDemand,US-East,US,IIF,T2IF,T2,2.7000,True,local-nvme;free-egress;support-tier;observability;managed-ops-plane,Available,v2.2.1,panel
2026-06-18,coreweave,a100-sxm-80gb,A100,80GB,SXM,IB-HDR,OnDemand,Interruptible,Spot,US-East,US,DIF,T2IF,T2,1.2063,True,local-nvme;free-egress;support-tier;observability;managed-ops-plane,Available,v2.2.1,panel
2026-06-18,crusoe,a100-sxm-80gb,A100,80GB,SXM,IB-HDR,OnDemand,NonInterruptible,OnDemand,US-East,US,IIF,T2IF,T2,2.3000,True,local-nvme;free-egress,Available,v2.2.1,panel
2026-06-18,datacrunch,a100-sxm-80gb,A100,80GB,SXM,IB-HDR,OnDemand,NonInterruptible,OnDemand,EU,EU,SIF,T2IF,T2,1.7900,True,local-nvme,Available,v2.2.1,panel
2026-06-18,datacrunch,a100-sxm-80gb,A100,80GB,SXM,IB-HDR,OnDemand,Interruptible,Spot,EU,EU,DIF,T2IF,T2,0.6265,True,local-nvme,Available,v2.2.1,panel
2026-06-18,denvr,a100-sxm-80gb,A100,80GB,SXM,IB-HDR,OnDemand,NonInterruptible,OnDemand,Other,Other,SIF,T2IF,T2,1.3000,True,local-nvme,Available,v2.2.1,panel
2026-06-18,e2e,a100-sxm-80gb,A100,80GB,SXM,IB-NDR,OnDemand,NonInterruptible,OnDemand,APAC,APAC,IIF,T2IF,T2,2.1000,True,managed-ops-plane,Available,v2.2.1,panel
2026-06-18,hyperstack,a100-sxm-80gb,A100,80GB,SXM,Ethernet,OnDemand,NonInterruptible,OnDemand,Other,Other,SIF,,T2,1.6000,True,local-nvme,Available,v2.2.1,panel
2026-06-18,jarvislabs,a100-sxm-80gb,A100,80GB,SXM,Unknown,OnDemand,NonInterruptible,OnDemand,APAC,APAC,IIF,T3IF,T2,1.4900,False,,Available,v2.2.1,panel
2026-06-18,lambda,a100-sxm-80gb,A100,80GB,SXM,Unknown,OnDemand,NonInterruptible,OnDemand,US-East,US,IIF,T3IF,T2,2.7900,True,local-nvme,Available,v2.2.1,panel
2026-06-18,massed_compute,a100-sxm-80gb,A100,80GB,SXM,Unknown,OnDemand,NonInterruptible,OnDemand,US-East,US,DIF,T3IF,T3,1.3800,False,,Available,v2.2.1,panel
2026-06-18,oci,a100-sxm-80gb,A100,80GB,SXM,RoCE-v2,OnDemand,NonInterruptible,OnDemand,US-East,US,HIF,T2IF,T1,4.0000,True,local-nvme;egress-capped;managed-ops-plane;support-tier;observability,Available,v2.2.1,panel
2026-06-18,runpod_cluster,a100-sxm-80gb,A100,80GB,SXM,IB-HDR,OnDemand,NonInterruptible,OnDemand,Other,Other,DIF,T2IF,T3,1.7880,True,local-nvme,Available,v2.2.1,panel
2026-06-18,runpod_community,a100-sxm-80gb,A100,80GB,SXM,Unknown,OnDemand,NonInterruptible,OnDemand,Other,Other,DIF,T3IF,T3,1.3900,False,,Available,v2.2.1,panel
2026-06-18,runpod_secure,a100-sxm-80gb,A100,80GB,SXM,IB-HDR,OnDemand,NonInterruptible,OnDemand,Other,Other,DIF,T2IF,T3,1.4900,True,local-nvme,Available,v2.2.1,panel
2026-06-18,runpod_secure,a100-sxm-80gb,A100,80GB,SXM,IB-HDR,OnDemand,Interruptible,Spot,Other,Other,DIF,T2IF,T3,1.3900,True,local-nvme,Available,v2.2.1,panel
2026-06-18,vast_ai,a100-sxm-80gb,A100,80GB,SXM,Unknown,OnDemand,NonInterruptible,OnDemand,US-Central,US,DIF,T3IF,T3,0.8667,True,local-nvme,Available,v2.2.1,marketplace
2026-06-18,vast_ai,a100-sxm-80gb,A100,80GB,SXM,Unknown,OnDemand,NonInterruptible,OnDemand,APAC,APAC,DIF,T3IF,T3,0.8962,True,local-nvme,Available,v2.2.1,marketplace
2026-06-18,vast_ai,a100-sxm-80gb,A100,80GB,SXM,Unknown,OnDemand,NonInterruptible,OnDemand,Other,Other,DIF,T3IF,T3,1.1390,True,local-nvme,Available,v2.2.1,marketplace
2026-06-18,vast_ai,a100-sxm-80gb,A100,80GB,SXM,Unknown,OnDemand,NonInterruptible,OnDemand,EU,EU,DIF,T3IF,T3,0.7867,True,local-nvme,Available,v2.2.1,marketplace
2026-06-18,vultr,a100-sxm-80gb,A100,80GB,SXM,Unknown,OnDemand,NonInterruptible,OnDemand,Other,Other,SIF,T2IF,T2,2.8000,False,,Available,v2.2.1,panel
2026-06-18,vultr,a100-sxm-80gb,A100,80GB,SXM,Unknown,OnDemand,Interruptible,Spot,Other,Other,DIF,T2IF,T2,1.4900,False,,Available,v2.2.1,panel
2026-06-19,aws,a100-sxm-80gb,A100,80GB,SXM,EFA,OnDemand,NonInterruptible,OnDemand,US-East,US,HIF,T2IF,T1,3.4309,True,local-nvme;managed-ops-plane;support-tier;observability,Available,v2.2.1,panel
2026-06-19,aws,a100-sxm-80gb,A100,80GB,SXM,EFA,1Y,NonInterruptible,Reserved,US-East,US,HIF,T2IF,T1,2.1752,True,local-nvme;managed-ops-plane;support-tier;observability,Available,v2.2.1,panel
2026-06-19,aws,a100-sxm-80gb,A100,80GB,SXM,EFA,3Y,NonInterruptible,Reserved,US-East,US,HIF,T2IF,T1,1.4647,True,local-nvme;managed-ops-plane;support-tier;observability,Available,v2.2.1,panel
2026-06-19,aws,a100-sxm-80gb,A100,80GB,SXM,EFA,OnDemand,Interruptible,Spot,US-East,US,DIF,T2IF,T1,1.3479,False,,Available,v2.2.1,panel
2026-06-19,aws,a100-sxm-80gb,A100,80GB,SXM,EFA,OnDemand,Interruptible,Spot,US-West,US,DIF,T2IF,T1,1.9011,False,,Available,v2.2.1,panel
2026-06-19,coreweave,a100-sxm-80gb,A100,80GB,SXM,IB-HDR,OnDemand,NonInterruptible,OnDemand,US-East,US,IIF,T2IF,T2,2.7000,True,local-nvme;free-egress;support-tier;observability;managed-ops-plane,Available,v2.2.1,panel
2026-06-19,coreweave,a100-sxm-80gb,A100,80GB,SXM,IB-HDR,OnDemand,Interruptible,Spot,US-East,US,DIF,T2IF,T2,1.2063,True,local-nvme;free-egress;support-tier;observability;managed-ops-plane,Available,v2.2.1,panel
2026-06-19,crusoe,a100-sxm-80gb,A100,80GB,SXM,IB-HDR,OnDemand,NonInterruptible,OnDemand,US-East,US,IIF,T2IF,T2,2.3000,True,local-nvme;free-egress,Available,v2.2.1,panel
2026-06-19,datacrunch,a100-sxm-80gb,A100,80GB,SXM,IB-HDR,OnDemand,NonInterruptible,OnDemand,EU,EU,SIF,T2IF,T2,1.7900,True,local-nvme,Available,v2.2.1,panel
2026-06-19,datacrunch,a100-sxm-80gb,A100,80GB,SXM,IB-HDR,OnDemand,Interruptible,Spot,EU,EU,DIF,T2IF,T2,0.6265,True,local-nvme,Available,v2.2.1,panel
2026-06-19,denvr,a100-sxm-80gb,A100,80GB,SXM,IB-HDR,OnDemand,NonInterruptible,OnDemand,Other,Other,SIF,T2IF,T2,1.3000,True,local-nvme,Available,v2.2.1,panel
2026-06-19,e2e,a100-sxm-80gb,A100,80GB,SXM,IB-NDR,OnDemand,NonInterruptible,OnDemand,APAC,APAC,IIF,T2IF,T2,2.1000,True,managed-ops-plane,Available,v2.2.1,panel
2026-06-19,hyperstack,a100-sxm-80gb,A100,80GB,SXM,Ethernet,OnDemand,NonInterruptible,OnDemand,Other,Other,SIF,,T2,1.6000,True,local-nvme,Available,v2.2.1,panel
2026-06-19,jarvislabs,a100-sxm-80gb,A100,80GB,SXM,Unknown,OnDemand,NonInterruptible,OnDemand,APAC,APAC,IIF,T3IF,T2,1.4900,False,,Available,v2.2.1,panel
2026-06-19,lambda,a100-sxm-80gb,A100,80GB,SXM,Unknown,OnDemand,NonInterruptible,OnDemand,US-East,US,IIF,T3IF,T2,2.7900,True,local-nvme,Available,v2.2.1,panel
2026-06-19,massed_compute,a100-sxm-80gb,A100,80GB,SXM,Unknown,OnDemand,NonInterruptible,OnDemand,US-East,US,DIF,T3IF,T3,1.3800,False,,Available,v2.2.1,panel
2026-06-19,oci,a100-sxm-80gb,A100,80GB,SXM,RoCE-v2,OnDemand,NonInterruptible,OnDemand,US-East,US,HIF,T2IF,T1,4.0000,True,local-nvme;egress-capped;managed-ops-plane;support-tier;observability,Available,v2.2.1,panel
2026-06-19,runpod_cluster,a100-sxm-80gb,A100,80GB,SXM,IB-HDR,OnDemand,NonInterruptible,OnDemand,Other,Other,DIF,T2IF,T3,1.7880,True,local-nvme,Available,v2.2.1,panel
2026-06-19,runpod_community,a100-sxm-80gb,A100,80GB,SXM,Unknown,OnDemand,NonInterruptible,OnDemand,Other,Other,DIF,T3IF,T3,1.3900,False,,Available,v2.2.1,panel
2026-06-19,runpod_secure,a100-sxm-80gb,A100,80GB,SXM,IB-HDR,OnDemand,NonInterruptible,OnDemand,Other,Other,DIF,T2IF,T3,1.4900,True,local-nvme,Available,v2.2.1,panel
2026-06-19,runpod_secure,a100-sxm-80gb,A100,80GB,SXM,IB-HDR,OnDemand,Interruptible,Spot,Other,Other,DIF,T2IF,T3,1.3900,True,local-nvme,Available,v2.2.1,panel
2026-06-19,vast_ai,a100-sxm-80gb,A100,80GB,SXM,Unknown,OnDemand,NonInterruptible,OnDemand,US-Central,US,DIF,T3IF,T3,0.8667,True,local-nvme,Available,v2.2.1,marketplace
2026-06-19,vast_ai,a100-sxm-80gb,A100,80GB,SXM,Unknown,OnDemand,NonInterruptible,OnDemand,US-West,US,DIF,T3IF,T3,0.6667,True,local-nvme,Available,v2.2.1,marketplace
2026-06-19,vast_ai,a100-sxm-80gb,A100,80GB,SXM,Unknown,OnDemand,NonInterruptible,OnDemand,EU,EU,DIF,T3IF,T3,0.6000,True,local-nvme,Available,v2.2.1,marketplace
2026-06-19,vast_ai,a100-sxm-80gb,A100,80GB,SXM,Unknown,OnDemand,NonInterruptible,OnDemand,APAC,APAC,DIF,T3IF,T3,1.1280,True,local-nvme,Available,v2.2.1,marketplace
2026-06-19,vast_ai,a100-sxm-80gb,A100,80GB,SXM,Unknown,OnDemand,NonInterruptible,OnDemand,Other,Other,DIF,T3IF,T3,1.3333,True,local-nvme,Available,v2.2.1,marketplace
2026-06-19,vultr,a100-sxm-80gb,A100,80GB,SXM,Unknown,OnDemand,NonInterruptible,OnDemand,Other,Other,SIF,T2IF,T2,2.8000,False,,Available,v2.2.1,panel
2026-06-19,vultr,a100-sxm-80gb,A100,80GB,SXM,Unknown,OnDemand,Interruptible,Spot,Other,Other,DIF,T2IF,T2,1.4900,False,,Available,v2.2.1,panel
2026-06-20,aws,a100-sxm-80gb,A100,80GB,SXM,EFA,OnDemand,NonInterruptible,OnDemand,US-East,US,HIF,T2IF,T1,3.4309,True,local-nvme;managed-ops-plane;support-tier;observability,Available,v2.2.1,panel
2026-06-20,aws,a100-sxm-80gb,A100,80GB,SXM,EFA,1Y,NonInterruptible,Reserved,US-East,US,HIF,T2IF,T1,2.1752,True,local-nvme;managed-ops-plane;support-tier;observability,Available,v2.2.1,panel
2026-06-20,aws,a100-sxm-80gb,A100,80GB,SXM,EFA,3Y,NonInterruptible,Reserved,US-East,US,HIF,T2IF,T1,1.4647,True,local-nvme;managed-ops-plane;support-tier;observability,Available,v2.2.1,panel
2026-06-20,aws,a100-sxm-80gb,A100,80GB,SXM,EFA,OnDemand,Interruptible,Spot,US-East,US,DIF,T2IF,T1,1.3553,False,,Available,v2.2.1,panel
2026-06-20,aws,a100-sxm-80gb,A100,80GB,SXM,EFA,OnDemand,Interruptible,Spot,US-West,US,DIF,T2IF,T1,1.8461,False,,Available,v2.2.1,panel
2026-06-20,azure,a100-sxm-80gb,A100,80GB,SXM,IB-HDR,OnDemand,NonInterruptible,OnDemand,US-East,US,HIF,T2IF,T1,4.0963,True,local-nvme;managed-ops-plane;support-tier;observability,Available,v2.2.1,panel
2026-06-20,azure,a100-sxm-80gb,A100,80GB,SXM,IB-HDR,1Y,NonInterruptible,Reserved,US-East,US,HIF,T2IF,T1,2.6216,True,local-nvme;managed-ops-plane;support-tier;observability,Available,v2.2.1,panel
2026-06-20,azure,a100-sxm-80gb,A100,80GB,SXM,IB-HDR,3Y,NonInterruptible,Reserved,US-East,US,HIF,T2IF,T1,1.8024,True,local-nvme;managed-ops-plane;support-tier;observability,Available,v2.2.1,panel
2026-06-20,coreweave,a100-sxm-80gb,A100,80GB,SXM,IB-HDR,OnDemand,NonInterruptible,OnDemand,US-East,US,IIF,T2IF,T2,2.7000,True,local-nvme;free-egress;support-tier;observability;managed-ops-plane,Available,v2.2.1,panel
2026-06-20,coreweave,a100-sxm-80gb,A100,80GB,SXM,IB-HDR,OnDemand,Interruptible,Spot,US-East,US,DIF,T2IF,T2,1.2063,True,local-nvme;free-egress;support-tier;observability;managed-ops-plane,Available,v2.2.1,panel
2026-06-20,crusoe,a100-sxm-80gb,A100,80GB,SXM,IB-HDR,OnDemand,NonInterruptible,OnDemand,US-East,US,IIF,T2IF,T2,2.3000,True,local-nvme;free-egress,Available,v2.2.1,panel
2026-06-20,datacrunch,a100-sxm-80gb,A100,80GB,SXM,IB-HDR,OnDemand,NonInterruptible,OnDemand,EU,EU,SIF,T2IF,T2,1.7900,True,local-nvme,Available,v2.2.1,panel
2026-06-20,datacrunch,a100-sxm-80gb,A100,80GB,SXM,IB-HDR,OnDemand,Interruptible,Spot,EU,EU,DIF,T2IF,T2,0.6265,True,local-nvme,Available,v2.2.1,panel
2026-06-20,denvr,a100-sxm-80gb,A100,80GB,SXM,IB-HDR,OnDemand,NonInterruptible,OnDemand,Other,Other,SIF,T2IF,T2,1.3000,True,local-nvme,Available,v2.2.1,panel
2026-06-20,e2e,a100-sxm-80gb,A100,80GB,SXM,IB-NDR,OnDemand,NonInterruptible,OnDemand,APAC,APAC,IIF,T2IF,T2,2.1000,True,managed-ops-plane,Available,v2.2.1,panel
2026-06-20,hyperstack,a100-sxm-80gb,A100,80GB,SXM,Ethernet,OnDemand,NonInterruptible,OnDemand,Other,Other,SIF,,T2,1.6000,True,local-nvme,Available,v2.2.1,panel
2026-06-20,jarvislabs,a100-sxm-80gb,A100,80GB,SXM,Unknown,OnDemand,NonInterruptible,OnDemand,APAC,APAC,IIF,T3IF,T2,1.4900,False,,Available,v2.2.1,panel
2026-06-20,lambda,a100-sxm-80gb,A100,80GB,SXM,Unknown,OnDemand,NonInterruptible,OnDemand,US-East,US,IIF,T3IF,T2,2.7900,True,local-nvme,Available,v2.2.1,panel
2026-06-20,massed_compute,a100-sxm-80gb,A100,80GB,SXM,Unknown,OnDemand,NonInterruptible,OnDemand,US-East,US,DIF,T3IF,T3,1.3800,False,,Available,v2.2.1,panel
2026-06-20,oci,a100-sxm-80gb,A100,80GB,SXM,RoCE-v2,OnDemand,NonInterruptible,OnDemand,US-East,US,HIF,T2IF,T1,4.0000,True,local-nvme;egress-capped;managed-ops-plane;support-tier;observability,Available,v2.2.1,panel
2026-06-20,runpod_cluster,a100-sxm-80gb,A100,80GB,SXM,IB-HDR,OnDemand,NonInterruptible,OnDemand,Other,Other,DIF,T2IF,T3,1.7880,True,local-nvme,Available,v2.2.1,panel
2026-06-20,runpod_community,a100-sxm-80gb,A100,80GB,SXM,Unknown,OnDemand,NonInterruptible,OnDemand,Other,Other,DIF,T3IF,T3,1.3900,False,,Available,v2.2.1,panel
2026-06-20,runpod_secure,a100-sxm-80gb,A100,80GB,SXM,IB-HDR,OnDemand,NonInterruptible,OnDemand,Other,Other,DIF,T2IF,T3,1.4900,True,local-nvme,Available,v2.2.1,panel
2026-06-20,runpod_secure,a100-sxm-80gb,A100,80GB,SXM,IB-HDR,OnDemand,Interruptible,Spot,Other,Other,DIF,T2IF,T3,1.3900,True,local-nvme,Available,v2.2.1,panel
2026-06-20,vast_ai,a100-sxm-80gb,A100,80GB,SXM,Unknown,OnDemand,NonInterruptible,OnDemand,EU,EU,DIF,T3IF,T3,1.0667,True,local-nvme,Available,v2.2.1,marketplace
2026-06-20,vast_ai,a100-sxm-80gb,A100,80GB,SXM,Unknown,OnDemand,NonInterruptible,OnDemand,US-Central,US,DIF,T3IF,T3,0.6667,True,local-nvme,Available,v2.2.1,marketplace
2026-06-20,vast_ai,a100-sxm-80gb,A100,80GB,SXM,Unknown,OnDemand,NonInterruptible,OnDemand,Other,Other,DIF,T3IF,T3,1.3333,True,local-nvme,Available,v2.2.1,marketplace
2026-06-20,vast_ai,a100-sxm-80gb,A100,80GB,SXM,Unknown,OnDemand,NonInterruptible,OnDemand,US-East,US,DIF,T3IF,T3,0.9333,True,local-nvme,Available,v2.2.1,marketplace
2026-06-20,vast_ai,a100-sxm-80gb,A100,80GB,SXM,Unknown,OnDemand,NonInterruptible,OnDemand,APAC,APAC,DIF,T3IF,T3,0.6667,True,local-nvme,Available,v2.2.1,marketplace
2026-06-20,vultr,a100-sxm-80gb,A100,80GB,SXM,Unknown,OnDemand,NonInterruptible,OnDemand,Other,Other,SIF,T2IF,T2,2.8000,False,,Available,v2.2.1,panel
2026-06-20,vultr,a100-sxm-80gb,A100,80GB,SXM,Unknown,OnDemand,Interruptible,Spot,Other,Other,DIF,T2IF,T2,1.4900,False,,Available,v2.2.1,panel
2026-06-21,aws,a100-sxm-80gb,A100,80GB,SXM,EFA,OnDemand,NonInterruptible,OnDemand,US-East,US,HIF,T2IF,T1,3.4309,True,local-nvme;managed-ops-plane;support-tier;observability,Available,v2.2.1,panel
2026-06-21,aws,a100-sxm-80gb,A100,80GB,SXM,EFA,1Y,NonInterruptible,Reserved,US-East,US,HIF,T2IF,T1,2.1752,True,local-nvme;managed-ops-plane;support-tier;observability,Available,v2.2.1,panel
2026-06-21,aws,a100-sxm-80gb,A100,80GB,SXM,EFA,3Y,NonInterruptible,Reserved,US-East,US,HIF,T2IF,T1,1.4647,True,local-nvme;managed-ops-plane;support-tier;observability,Available,v2.2.1,panel
2026-06-21,aws,a100-sxm-80gb,A100,80GB,SXM,EFA,OnDemand,Interruptible,Spot,US-West,US,DIF,T2IF,T1,1.7569,False,,Available,v2.2.1,panel
2026-06-21,aws,a100-sxm-80gb,A100,80GB,SXM,EFA,OnDemand,Interruptible,Spot,US-East,US,DIF,T2IF,T1,1.3091,False,,Available,v2.2.1,panel
2026-06-21,azure,a100-sxm-80gb,A100,80GB,SXM,IB-HDR,OnDemand,NonInterruptible,OnDemand,US-East,US,HIF,T2IF,T1,4.0963,True,local-nvme;managed-ops-plane;support-tier;observability,Available,v2.2.1,panel
2026-06-21,azure,a100-sxm-80gb,A100,80GB,SXM,IB-HDR,1Y,NonInterruptible,Reserved,US-East,US,HIF,T2IF,T1,2.6216,True,local-nvme;managed-ops-plane;support-tier;observability,Available,v2.2.1,panel
2026-06-21,azure,a100-sxm-80gb,A100,80GB,SXM,IB-HDR,3Y,NonInterruptible,Reserved,US-East,US,HIF,T2IF,T1,1.8024,True,local-nvme;managed-ops-plane;support-tier;observability,Available,v2.2.1,panel
2026-06-21,coreweave,a100-sxm-80gb,A100,80GB,SXM,IB-HDR,OnDemand,NonInterruptible,OnDemand,US-East,US,IIF,T2IF,T2,2.7000,True,local-nvme;free-egress;support-tier;observability;managed-ops-plane,Available,v2.2.1,panel
2026-06-21,coreweave,a100-sxm-80gb,A100,80GB,SXM,IB-HDR,OnDemand,Interruptible,Spot,US-East,US,DIF,T2IF,T2,1.2063,True,local-nvme;free-egress;support-tier;observability;managed-ops-plane,Available,v2.2.1,panel
2026-06-21,crusoe,a100-sxm-80gb,A100,80GB,SXM,IB-HDR,OnDemand,NonInterruptible,OnDemand,US-East,US,IIF,T2IF,T2,2.3000,True,local-nvme;free-egress,Available,v2.2.1,panel
2026-06-21,datacrunch,a100-sxm-80gb,A100,80GB,SXM,IB-HDR,OnDemand,NonInterruptible,OnDemand,EU,EU,SIF,T2IF,T2,1.7900,True,local-nvme,Available,v2.2.1,panel
2026-06-21,datacrunch,a100-sxm-80gb,A100,80GB,SXM,IB-HDR,OnDemand,Interruptible,Spot,EU,EU,DIF,T2IF,T2,0.6265,True,local-nvme,Available,v2.2.1,panel
2026-06-21,denvr,a100-sxm-80gb,A100,80GB,SXM,IB-HDR,OnDemand,NonInterruptible,OnDemand,Other,Other,SIF,T2IF,T2,1.3000,True,local-nvme,Available,v2.2.1,panel
2026-06-21,e2e,a100-sxm-80gb,A100,80GB,SXM,IB-NDR,OnDemand,NonInterruptible,OnDemand,APAC,APAC,IIF,T2IF,T2,2.1000,True,managed-ops-plane,Available,v2.2.1,panel
2026-06-21,hyperstack,a100-sxm-80gb,A100,80GB,SXM,Ethernet,OnDemand,NonInterruptible,OnDemand,Other,Other,SIF,,T2,1.6000,True,local-nvme,Available,v2.2.1,panel
2026-06-21,jarvislabs,a100-sxm-80gb,A100,80GB,SXM,Unknown,OnDemand,NonInterruptible,OnDemand,APAC,APAC,IIF,T3IF,T2,1.4900,False,,Available,v2.2.1,panel
2026-06-21,lambda,a100-sxm-80gb,A100,80GB,SXM,Unknown,OnDemand,NonInterruptible,OnDemand,US-East,US,IIF,T3IF,T2,2.7900,True,local-nvme,Available,v2.2.1,panel
2026-06-21,massed_compute,a100-sxm-80gb,A100,80GB,SXM,Unknown,OnDemand,NonInterruptible,OnDemand,US-East,US,DIF,T3IF,T3,1.3800,False,,Available,v2.2.1,panel
2026-06-21,oci,a100-sxm-80gb,A100,80GB,SXM,RoCE-v2,OnDemand,NonInterruptible,OnDemand,US-East,US,HIF,T2IF,T1,4.0000,True,local-nvme;egress-capped;managed-ops-plane;support-tier;observability,Available,v2.2.1,panel
2026-06-21,runpod_cluster,a100-sxm-80gb,A100,80GB,SXM,IB-HDR,OnDemand,NonInterruptible,OnDemand,Other,Other,DIF,T2IF,T3,1.7880,True,local-nvme,Available,v2.2.1,panel
2026-06-21,runpod_community,a100-sxm-80gb,A100,80GB,SXM,Unknown,OnDemand,NonInterruptible,OnDemand,Other,Other,DIF,T3IF,T3,1.3900,False,,Available,v2.2.1,panel
2026-06-21,runpod_secure,a100-sxm-80gb,A100,80GB,SXM,IB-HDR,OnDemand,NonInterruptible,OnDemand,Other,Other,DIF,T2IF,T3,1.4900,True,local-nvme,Available,v2.2.1,panel
2026-06-21,runpod_secure,a100-sxm-80gb,A100,80GB,SXM,IB-HDR,OnDemand,Interruptible,Spot,Other,Other,DIF,T2IF,T3,1.3900,True,local-nvme,Available,v2.2.1,panel
2026-06-21,vast_ai,a100-sxm-80gb,A100,80GB,SXM,Unknown,OnDemand,NonInterruptible,OnDemand,US-Central,US,DIF,T3IF,T3,0.8667,True,local-nvme,Available,v2.2.1,marketplace
2026-06-21,vast_ai,a100-sxm-80gb,A100,80GB,SXM,Unknown,OnDemand,NonInterruptible,OnDemand,US-East,US,DIF,T3IF,T3,0.9333,True,local-nvme,Available,v2.2.1,marketplace
2026-06-21,vast_ai,a100-sxm-80gb,A100,80GB,SXM,Unknown,OnDemand,NonInterruptible,OnDemand,Other,Other,DIF,T3IF,T3,1.3000,True,local-nvme,Available,v2.2.1,marketplace
2026-06-21,vast_ai,a100-sxm-80gb,A100,80GB,SXM,Unknown,OnDemand,NonInterruptible,OnDemand,APAC,APAC,DIF,T3IF,T3,1.0800,True,local-nvme,Available,v2.2.1,marketplace
2026-06-21,vast_ai,a100-sxm-80gb,A100,80GB,SXM,Unknown,OnDemand,NonInterruptible,OnDemand,EU,EU,DIF,T3IF,T3,1.0667,True,local-nvme,Available,v2.2.1,marketplace
2026-06-21,vultr,a100-sxm-80gb,A100,80GB,SXM,Unknown,OnDemand,NonInterruptible,OnDemand,Other,Other,SIF,T2IF,T2,2.8000,False,,Available,v2.2.1,panel
2026-06-21,vultr,a100-sxm-80gb,A100,80GB,SXM,Unknown,OnDemand,Interruptible,Spot,Other,Other,DIF,T2IF,T2,1.4900,False,,Available,v2.2.1,panel
2026-06-22,aws,a100-sxm-80gb,A100,80GB,SXM,EFA,OnDemand,NonInterruptible,OnDemand,US-East,US,HIF,T2IF,T1,3.4309,True,local-nvme;managed-ops-plane;support-tier;observability,Available,v2.2.1,panel
2026-06-22,aws,a100-sxm-80gb,A100,80GB,SXM,EFA,1Y,NonInterruptible,Reserved,US-East,US,HIF,T2IF,T1,2.1752,True,local-nvme;managed-ops-plane;support-tier;observability,Available,v2.2.1,panel
2026-06-22,aws,a100-sxm-80gb,A100,80GB,SXM,EFA,3Y,NonInterruptible,Reserved,US-East,US,HIF,T2IF,T1,1.4647,True,local-nvme;managed-ops-plane;support-tier;observability,Available,v2.2.1,panel
2026-06-22,aws,a100-sxm-80gb,A100,80GB,SXM,EFA,OnDemand,Interruptible,Spot,US-West,US,DIF,T2IF,T1,1.7447,False,,Available,v2.2.1,panel
2026-06-22,aws,a100-sxm-80gb,A100,80GB,SXM,EFA,OnDemand,Interruptible,Spot,US-East,US,DIF,T2IF,T1,1.3181,False,,Available,v2.2.1,panel
2026-06-22,azure,a100-sxm-80gb,A100,80GB,SXM,IB-HDR,OnDemand,NonInterruptible,OnDemand,US-East,US,HIF,T2IF,T1,4.0963,True,local-nvme;managed-ops-plane;support-tier;observability,Available,v2.2.1,panel
2026-06-22,azure,a100-sxm-80gb,A100,80GB,SXM,IB-HDR,1Y,NonInterruptible,Reserved,US-East,US,HIF,T2IF,T1,2.6216,True,local-nvme;managed-ops-plane;support-tier;observability,Available,v2.2.1,panel
2026-06-22,azure,a100-sxm-80gb,A100,80GB,SXM,IB-HDR,3Y,NonInterruptible,Reserved,US-East,US,HIF,T2IF,T1,1.8024,True,local-nvme;managed-ops-plane;support-tier;observability,Available,v2.2.1,panel
2026-06-22,coreweave,a100-sxm-80gb,A100,80GB,SXM,IB-HDR,OnDemand,NonInterruptible,OnDemand,US-East,US,IIF,T2IF,T2,2.7000,True,local-nvme;free-egress;support-tier;observability;managed-ops-plane,Available,v2.2.1,panel
2026-06-22,coreweave,a100-sxm-80gb,A100,80GB,SXM,IB-HDR,OnDemand,Interruptible,Spot,US-East,US,DIF,T2IF,T2,1.2063,True,local-nvme;free-egress;support-tier;observability;managed-ops-plane,Available,v2.2.1,panel
2026-06-22,crusoe,a100-sxm-80gb,A100,80GB,SXM,IB-HDR,OnDemand,NonInterruptible,OnDemand,US-East,US,IIF,T2IF,T2,2.3000,True,local-nvme;free-egress,Available,v2.2.1,panel
2026-06-22,datacrunch,a100-sxm-80gb,A100,80GB,SXM,IB-HDR,OnDemand,NonInterruptible,OnDemand,EU,EU,SIF,T2IF,T2,1.7900,True,local-nvme,Available,v2.2.1,panel
2026-06-22,datacrunch,a100-sxm-80gb,A100,80GB,SXM,IB-HDR,OnDemand,Interruptible,Spot,EU,EU,DIF,T2IF,T2,0.6265,True,local-nvme,Available,v2.2.1,panel
2026-06-22,denvr,a100-sxm-80gb,A100,80GB,SXM,IB-HDR,OnDemand,NonInterruptible,OnDemand,Other,Other,SIF,T2IF,T2,1.3000,True,local-nvme,Available,v2.2.1,panel
2026-06-22,e2e,a100-sxm-80gb,A100,80GB,SXM,IB-NDR,OnDemand,NonInterruptible,OnDemand,APAC,APAC,IIF,T2IF,T2,2.1000,True,managed-ops-plane,Available,v2.2.1,panel
2026-06-22,hyperstack,a100-sxm-80gb,A100,80GB,SXM,Ethernet,OnDemand,NonInterruptible,OnDemand,Other,Other,SIF,,T2,1.6000,True,local-nvme,Available,v2.2.1,panel
2026-06-22,jarvislabs,a100-sxm-80gb,A100,80GB,SXM,Unknown,OnDemand,NonInterruptible,OnDemand,APAC,APAC,IIF,T3IF,T2,1.4900,False,,Available,v2.2.1,panel
2026-06-22,lambda,a100-sxm-80gb,A100,80GB,SXM,Unknown,OnDemand,NonInterruptible,OnDemand,US-East,US,IIF,T3IF,T2,2.7900,True,local-nvme,Available,v2.2.1,panel
2026-06-22,massed_compute,a100-sxm-80gb,A100,80GB,SXM,Unknown,OnDemand,NonInterruptible,OnDemand,US-East,US,DIF,T3IF,T3,1.3800,False,,Available,v2.2.1,panel
2026-06-22,oci,a100-sxm-80gb,A100,80GB,SXM,RoCE-v2,OnDemand,NonInterruptible,OnDemand,US-East,US,HIF,T2IF,T1,4.0000,True,local-nvme;egress-capped;managed-ops-plane;support-tier;observability,Available,v2.2.1,panel
2026-06-22,runpod_cluster,a100-sxm-80gb,A100,80GB,SXM,IB-HDR,OnDemand,NonInterruptible,OnDemand,Other,Other,DIF,T2IF,T3,1.7880,True,local-nvme,Available,v2.2.1,panel
2026-06-22,runpod_community,a100-sxm-80gb,A100,80GB,SXM,Unknown,OnDemand,NonInterruptible,OnDemand,Other,Other,DIF,T3IF,T3,1.3900,False,,Available,v2.2.1,panel
2026-06-22,runpod_secure,a100-sxm-80gb,A100,80GB,SXM,IB-HDR,OnDemand,NonInterruptible,OnDemand,Other,Other,DIF,T2IF,T3,1.4900,True,local-nvme,Available,v2.2.1,panel
2026-06-22,runpod_secure,a100-sxm-80gb,A100,80GB,SXM,IB-HDR,OnDemand,Interruptible,Spot,Other,Other,DIF,T2IF,T3,1.3900,True,local-nvme,Available,v2.2.1,panel
2026-06-22,vast_ai,a100-sxm-80gb,A100,80GB,SXM,Unknown,OnDemand,NonInterruptible,OnDemand,US-West,US,DIF,T3IF,T3,0.7333,True,local-nvme,Available,v2.2.1,marketplace
2026-06-22,vast_ai,a100-sxm-80gb,A100,80GB,SXM,Unknown,OnDemand,NonInterruptible,OnDemand,US-East,US,DIF,T3IF,T3,0.9333,True,local-nvme,Available,v2.2.1,marketplace
2026-06-22,vast_ai,a100-sxm-80gb,A100,80GB,SXM,Unknown,OnDemand,NonInterruptible,OnDemand,US-Central,US,DIF,T3IF,T3,1.0667,True,local-nvme,Available,v2.2.1,marketplace
2026-06-22,vast_ai,a100-sxm-80gb,A100,80GB,SXM,Unknown,OnDemand,NonInterruptible,OnDemand,APAC,APAC,DIF,T3IF,T3,0.8667,True,local-nvme,Available,v2.2.1,marketplace
2026-06-22,vast_ai,a100-sxm-80gb,A100,80GB,SXM,Unknown,OnDemand,NonInterruptible,OnDemand,Other,Other,DIF,T3IF,T3,0.4667,True,local-nvme,Available,v2.2.1,marketplace
2026-06-22,vultr,a100-sxm-80gb,A100,80GB,SXM,Unknown,OnDemand,NonInterruptible,OnDemand,Other,Other,SIF,T2IF,T2,2.8000,False,,Available,v2.2.1,panel
2026-06-22,vultr,a100-sxm-80gb,A100,80GB,SXM,Unknown,OnDemand,Interruptible,Spot,Other,Other,DIF,T2IF,T2,1.4900,False,,Available,v2.2.1,panel
2026-06-23,aws,a100-sxm-80gb,A100,80GB,SXM,EFA,OnDemand,NonInterruptible,OnDemand,US-East,US,HIF,T2IF,T1,3.4309,True,local-nvme;managed-ops-plane;support-tier;observability,Available,v2.2.1,panel
2026-06-23,aws,a100-sxm-80gb,A100,80GB,SXM,EFA,1Y,NonInterruptible,Reserved,US-East,US,HIF,T2IF,T1,2.1752,True,local-nvme;managed-ops-plane;support-tier;observability,Available,v2.2.1,panel
2026-06-23,aws,a100-sxm-80gb,A100,80GB,SXM,EFA,3Y,NonInterruptible,Reserved,US-East,US,HIF,T2IF,T1,1.4647,True,local-nvme;managed-ops-plane;support-tier;observability,Available,v2.2.1,panel
2026-06-23,aws,a100-sxm-80gb,A100,80GB,SXM,EFA,OnDemand,Interruptible,Spot,US-West,US,DIF,T2IF,T1,1.7466,False,,Available,v2.2.1,panel
2026-06-23,aws,a100-sxm-80gb,A100,80GB,SXM,EFA,OnDemand,Interruptible,Spot,US-East,US,DIF,T2IF,T1,1.3244,False,,Available,v2.2.1,panel
2026-06-23,azure,a100-sxm-80gb,A100,80GB,SXM,IB-HDR,OnDemand,NonInterruptible,OnDemand,US-East,US,HIF,T2IF,T1,4.0963,True,local-nvme;managed-ops-plane;support-tier;observability,Available,v2.2.1,panel
2026-06-23,azure,a100-sxm-80gb,A100,80GB,SXM,IB-HDR,1Y,NonInterruptible,Reserved,US-East,US,HIF,T2IF,T1,2.6216,True,local-nvme;managed-ops-plane;support-tier;observability,Available,v2.2.1,panel
2026-06-23,azure,a100-sxm-80gb,A100,80GB,SXM,IB-HDR,3Y,NonInterruptible,Reserved,US-East,US,HIF,T2IF,T1,1.8024,True,local-nvme;managed-ops-plane;support-tier;observability,Available,v2.2.1,panel
2026-06-23,coreweave,a100-sxm-80gb,A100,80GB,SXM,IB-HDR,OnDemand,NonInterruptible,OnDemand,US-East,US,IIF,T2IF,T2,2.7000,True,local-nvme;free-egress;support-tier;observability;managed-ops-plane,Available,v2.2.1,panel
2026-06-23,coreweave,a100-sxm-80gb,A100,80GB,SXM,IB-HDR,OnDemand,Interruptible,Spot,US-East,US,DIF,T2IF,T2,1.2063,True,local-nvme;free-egress;support-tier;observability;managed-ops-plane,Available,v2.2.1,panel
2026-06-23,crusoe,a100-sxm-80gb,A100,80GB,SXM,IB-HDR,OnDemand,NonInterruptible,OnDemand,US-East,US,IIF,T2IF,T2,2.3000,True,local-nvme;free-egress,Available,v2.2.1,panel
2026-06-23,datacrunch,a100-sxm-80gb,A100,80GB,SXM,IB-HDR,OnDemand,NonInterruptible,OnDemand,EU,EU,SIF,T2IF,T2,1.7900,True,local-nvme,Available,v2.2.1,panel
2026-06-23,datacrunch,a100-sxm-80gb,A100,80GB,SXM,IB-HDR,OnDemand,Interruptible,Spot,EU,EU,DIF,T2IF,T2,0.6265,True,local-nvme,Available,v2.2.1,panel
2026-06-23,denvr,a100-sxm-80gb,A100,80GB,SXM,IB-HDR,OnDemand,NonInterruptible,OnDemand,Other,Other,SIF,T2IF,T2,1.3000,True,local-nvme,Available,v2.2.1,panel
2026-06-23,e2e,a100-sxm-80gb,A100,80GB,SXM,IB-NDR,OnDemand,NonInterruptible,OnDemand,APAC,APAC,IIF,T2IF,T2,2.1000,True,managed-ops-plane,Available,v2.2.1,panel
2026-06-23,hyperstack,a100-sxm-80gb,A100,80GB,SXM,Ethernet,OnDemand,NonInterruptible,OnDemand,Other,Other,SIF,,T2,1.6000,True,local-nvme,Available,v2.2.1,panel
2026-06-23,jarvislabs,a100-sxm-80gb,A100,80GB,SXM,Unknown,OnDemand,NonInterruptible,OnDemand,APAC,APAC,IIF,T3IF,T2,1.4900,False,,Available,v2.2.1,panel
2026-06-23,lambda,a100-sxm-80gb,A100,80GB,SXM,Unknown,OnDemand,NonInterruptible,OnDemand,US-East,US,IIF,T3IF,T2,2.7900,True,local-nvme,Available,v2.2.1,panel
2026-06-23,massed_compute,a100-sxm-80gb,A100,80GB,SXM,Unknown,OnDemand,NonInterruptible,OnDemand,US-East,US,DIF,T3IF,T3,1.3800,False,,Available,v2.2.1,panel
2026-06-23,oci,a100-sxm-80gb,A100,80GB,SXM,RoCE-v2,OnDemand,NonInterruptible,OnDemand,US-East,US,HIF,T2IF,T1,4.0000,True,local-nvme;egress-capped;managed-ops-plane;support-tier;observability,Available,v2.2.1,panel
2026-06-23,runpod_cluster,a100-sxm-80gb,A100,80GB,SXM,IB-HDR,OnDemand,NonInterruptible,OnDemand,Other,Other,DIF,T2IF,T3,1.7880,True,local-nvme,Available,v2.2.1,panel
2026-06-23,runpod_community,a100-sxm-80gb,A100,80GB,SXM,Unknown,OnDemand,NonInterruptible,OnDemand,Other,Other,DIF,T3IF,T3,1.3900,False,,Available,v2.2.1,panel
2026-06-23,runpod_secure,a100-sxm-80gb,A100,80GB,SXM,IB-HDR,OnDemand,NonInterruptible,OnDemand,Other,Other,DIF,T2IF,T3,1.4900,True,local-nvme,Available,v2.2.1,panel
2026-06-23,runpod_secure,a100-sxm-80gb,A100,80GB,SXM,IB-HDR,OnDemand,Interruptible,Spot,Other,Other,DIF,T2IF,T3,1.3900,True,local-nvme,Available,v2.2.1,panel
2026-06-23,vultr,a100-sxm-80gb,A100,80GB,SXM,Unknown,OnDemand,NonInterruptible,OnDemand,Other,Other,SIF,T2IF,T2,2.8000,False,,Available,v2.2.1,panel
2026-06-23,vultr,a100-sxm-80gb,A100,80GB,SXM,Unknown,OnDemand,Interruptible,Spot,Other,Other,DIF,T2IF,T2,1.4900,False,,Available,v2.2.1,panel
2026-06-24,aws,a100-sxm-80gb,A100,80GB,SXM,EFA,OnDemand,NonInterruptible,OnDemand,US-East,US,HIF,T2IF,T1,3.4309,True,local-nvme;managed-ops-plane;support-tier;observability,Available,v2.2.1,panel
2026-06-24,aws,a100-sxm-80gb,A100,80GB,SXM,EFA,1Y,NonInterruptible,Reserved,US-East,US,HIF,T2IF,T1,2.1752,True,local-nvme;managed-ops-plane;support-tier;observability,Available,v2.2.1,panel
2026-06-24,aws,a100-sxm-80gb,A100,80GB,SXM,EFA,3Y,NonInterruptible,Reserved,US-East,US,HIF,T2IF,T1,1.4647,True,local-nvme;managed-ops-plane;support-tier;observability,Available,v2.2.1,panel
2026-06-24,aws,a100-sxm-80gb,A100,80GB,SXM,EFA,OnDemand,Interruptible,Spot,US-East,US,DIF,T2IF,T1,1.3306,False,,Available,v2.2.1,panel
2026-06-24,aws,a100-sxm-80gb,A100,80GB,SXM,EFA,OnDemand,Interruptible,Spot,US-West,US,DIF,T2IF,T1,1.7790,False,,Available,v2.2.1,panel
2026-06-24,azure,a100-sxm-80gb,A100,80GB,SXM,IB-HDR,OnDemand,NonInterruptible,OnDemand,US-East,US,HIF,T2IF,T1,4.0963,True,local-nvme;managed-ops-plane;support-tier;observability,Available,v2.2.1,panel
2026-06-24,azure,a100-sxm-80gb,A100,80GB,SXM,IB-HDR,1Y,NonInterruptible,Reserved,US-East,US,HIF,T2IF,T1,2.6216,True,local-nvme;managed-ops-plane;support-tier;observability,Available,v2.2.1,panel
2026-06-24,azure,a100-sxm-80gb,A100,80GB,SXM,IB-HDR,3Y,NonInterruptible,Reserved,US-East,US,HIF,T2IF,T1,1.8024,True,local-nvme;managed-ops-plane;support-tier;observability,Available,v2.2.1,panel
2026-06-24,coreweave,a100-sxm-80gb,A100,80GB,SXM,IB-HDR,OnDemand,NonInterruptible,OnDemand,US-East,US,IIF,T2IF,T2,2.7000,True,local-nvme;free-egress;support-tier;observability;managed-ops-plane,Available,v2.2.1,panel
2026-06-24,coreweave,a100-sxm-80gb,A100,80GB,SXM,IB-HDR,OnDemand,Interruptible,Spot,US-East,US,DIF,T2IF,T2,1.2063,True,local-nvme;free-egress;support-tier;observability;managed-ops-plane,Available,v2.2.1,panel
2026-06-24,crusoe,a100-sxm-80gb,A100,80GB,SXM,IB-HDR,OnDemand,NonInterruptible,OnDemand,US-East,US,IIF,T2IF,T2,2.3000,True,local-nvme;free-egress,Available,v2.2.1,panel
2026-06-24,datacrunch,a100-sxm-80gb,A100,80GB,SXM,IB-HDR,OnDemand,NonInterruptible,OnDemand,EU,EU,SIF,T2IF,T2,1.7900,True,local-nvme,Available,v2.2.1,panel
2026-06-24,datacrunch,a100-sxm-80gb,A100,80GB,SXM,IB-HDR,OnDemand,Interruptible,Spot,EU,EU,DIF,T2IF,T2,0.6265,True,local-nvme,Available,v2.2.1,panel
2026-06-24,denvr,a100-sxm-80gb,A100,80GB,SXM,IB-HDR,OnDemand,NonInterruptible,OnDemand,Other,Other,SIF,T2IF,T2,1.3000,True,local-nvme,Available,v2.2.1,panel
2026-06-24,e2e,a100-sxm-80gb,A100,80GB,SXM,IB-NDR,OnDemand,NonInterruptible,OnDemand,APAC,APAC,IIF,T2IF,T2,2.1000,True,managed-ops-plane,Available,v2.2.1,panel
2026-06-24,hyperstack,a100-sxm-80gb,A100,80GB,SXM,Ethernet,OnDemand,NonInterruptible,OnDemand,Other,Other,SIF,,T2,1.6000,True,local-nvme,Available,v2.2.1,panel
2026-06-24,jarvislabs,a100-sxm-80gb,A100,80GB,SXM,Unknown,OnDemand,NonInterruptible,OnDemand,APAC,APAC,IIF,T3IF,T2,1.4900,False,,Available,v2.2.1,panel
2026-06-24,lambda,a100-sxm-80gb,A100,80GB,SXM,Unknown,OnDemand,NonInterruptible,OnDemand,US-East,US,IIF,T3IF,T2,2.7900,True,local-nvme,Available,v2.2.1,panel
2026-06-24,massed_compute,a100-sxm-80gb,A100,80GB,SXM,Unknown,OnDemand,NonInterruptible,OnDemand,US-East,US,DIF,T3IF,T3,1.3800,False,,Available,v2.2.1,panel
2026-06-24,oci,a100-sxm-80gb,A100,80GB,SXM,RoCE-v2,OnDemand,NonInterruptible,OnDemand,US-East,US,HIF,T2IF,T1,4.0000,True,local-nvme;egress-capped;managed-ops-plane;support-tier;observability,Available,v2.2.1,panel
2026-06-24,runpod_cluster,a100-sxm-80gb,A100,80GB,SXM,IB-HDR,OnDemand,NonInterruptible,OnDemand,Other,Other,DIF,T2IF,T3,1.7880,True,local-nvme,Available,v2.2.1,panel
2026-06-24,runpod_community,a100-sxm-80gb,A100,80GB,SXM,Unknown,OnDemand,NonInterruptible,OnDemand,Other,Other,DIF,T3IF,T3,1.3900,False,,Available,v2.2.1,panel
2026-06-24,runpod_secure,a100-sxm-80gb,A100,80GB,SXM,IB-HDR,OnDemand,NonInterruptible,OnDemand,Other,Other,DIF,T2IF,T3,1.4900,True,local-nvme,Available,v2.2.1,panel
2026-06-24,runpod_secure,a100-sxm-80gb,A100,80GB,SXM,IB-HDR,OnDemand,Interruptible,Spot,Other,Other,DIF,T2IF,T3,1.3900,True,local-nvme,Available,v2.2.1,panel
2026-06-24,vultr,a100-sxm-80gb,A100,80GB,SXM,Unknown,OnDemand,NonInterruptible,OnDemand,Other,Other,SIF,T2IF,T2,2.8000,False,,Available,v2.2.1,panel
2026-06-24,vultr,a100-sxm-80gb,A100,80GB,SXM,Unknown,OnDemand,Interruptible,Spot,Other,Other,DIF,T2IF,T2,1.4900,False,,Available,v2.2.1,panel
2026-06-25,aws,a100-sxm-80gb,A100,80GB,SXM,EFA,OnDemand,NonInterruptible,OnDemand,US-East,US,HIF,T2IF,T1,3.4309,True,local-nvme;managed-ops-plane;support-tier;observability,Available,v2.2.1,panel
2026-06-25,aws,a100-sxm-80gb,A100,80GB,SXM,EFA,1Y,NonInterruptible,Reserved,US-East,US,HIF,T2IF,T1,2.1752,True,local-nvme;managed-ops-plane;support-tier;observability,Available,v2.2.1,panel
2026-06-25,aws,a100-sxm-80gb,A100,80GB,SXM,EFA,3Y,NonInterruptible,Reserved,US-East,US,HIF,T2IF,T1,1.4647,True,local-nvme;managed-ops-plane;support-tier;observability,Available,v2.2.1,panel
2026-06-25,aws,a100-sxm-80gb,A100,80GB,SXM,EFA,OnDemand,Interruptible,Spot,US-East,US,DIF,T2IF,T1,1.3588,False,,Available,v2.2.1,panel
2026-06-25,aws,a100-sxm-80gb,A100,80GB,SXM,EFA,OnDemand,Interruptible,Spot,US-West,US,DIF,T2IF,T1,1.8013,False,,Available,v2.2.1,panel
2026-06-25,azure,a100-sxm-80gb,A100,80GB,SXM,IB-HDR,OnDemand,NonInterruptible,OnDemand,US-East,US,HIF,T2IF,T1,4.0963,True,local-nvme;managed-ops-plane;support-tier;observability,Available,v2.2.1,panel
2026-06-25,azure,a100-sxm-80gb,A100,80GB,SXM,IB-HDR,1Y,NonInterruptible,Reserved,US-East,US,HIF,T2IF,T1,2.6216,True,local-nvme;managed-ops-plane;support-tier;observability,Available,v2.2.1,panel
2026-06-25,azure,a100-sxm-80gb,A100,80GB,SXM,IB-HDR,3Y,NonInterruptible,Reserved,US-East,US,HIF,T2IF,T1,1.8024,True,local-nvme;managed-ops-plane;support-tier;observability,Available,v2.2.1,panel
2026-06-25,coreweave,a100-sxm-80gb,A100,80GB,SXM,IB-HDR,OnDemand,NonInterruptible,OnDemand,US-East,US,IIF,T2IF,T2,2.7000,True,local-nvme;free-egress;support-tier;observability;managed-ops-plane,Available,v2.2.1,panel
2026-06-25,coreweave,a100-sxm-80gb,A100,80GB,SXM,IB-HDR,OnDemand,Interruptible,Spot,US-East,US,DIF,T2IF,T2,1.2063,True,local-nvme;free-egress;support-tier;observability;managed-ops-plane,Available,v2.2.1,panel
2026-06-25,crusoe,a100-sxm-80gb,A100,80GB,SXM,IB-HDR,OnDemand,NonInterruptible,OnDemand,US-East,US,IIF,T2IF,T2,2.3000,True,local-nvme;free-egress,Available,v2.2.1,panel
2026-06-25,datacrunch,a100-sxm-80gb,A100,80GB,SXM,IB-HDR,OnDemand,NonInterruptible,OnDemand,EU,EU,SIF,T2IF,T2,1.7900,True,local-nvme,Available,v2.2.1,panel
2026-06-25,datacrunch,a100-sxm-80gb,A100,80GB,SXM,IB-HDR,OnDemand,Interruptible,Spot,EU,EU,DIF,T2IF,T2,0.6265,True,local-nvme,Available,v2.2.1,panel
2026-06-25,denvr,a100-sxm-80gb,A100,80GB,SXM,IB-HDR,OnDemand,NonInterruptible,OnDemand,Other,Other,SIF,T2IF,T2,1.3000,True,local-nvme,Available,v2.2.1,panel
2026-06-25,e2e,a100-sxm-80gb,A100,80GB,SXM,IB-NDR,OnDemand,NonInterruptible,OnDemand,APAC,APAC,IIF,T2IF,T2,2.1000,True,managed-ops-plane,Available,v2.2.1,panel
2026-06-25,hyperstack,a100-sxm-80gb,A100,80GB,SXM,Ethernet,OnDemand,NonInterruptible,OnDemand,Other,Other,SIF,,T2,1.6000,True,local-nvme,Available,v2.2.1,panel
2026-06-25,jarvislabs,a100-sxm-80gb,A100,80GB,SXM,Unknown,OnDemand,NonInterruptible,OnDemand,APAC,APAC,IIF,T3IF,T2,1.4900,False,,Available,v2.2.1,panel
2026-06-25,lambda,a100-sxm-80gb,A100,80GB,SXM,Unknown,OnDemand,NonInterruptible,OnDemand,US-East,US,IIF,T3IF,T2,2.7900,True,local-nvme,Available,v2.2.1,panel
2026-06-25,massed_compute,a100-sxm-80gb,A100,80GB,SXM,Unknown,OnDemand,NonInterruptible,OnDemand,US-East,US,DIF,T3IF,T3,1.3800,False,,Available,v2.2.1,panel
2026-06-25,oci,a100-sxm-80gb,A100,80GB,SXM,RoCE-v2,OnDemand,NonInterruptible,OnDemand,US-East,US,HIF,T2IF,T1,4.0000,True,local-nvme;egress-capped;managed-ops-plane;support-tier;observability,Available,v2.2.1,panel
2026-06-25,runpod_cluster,a100-sxm-80gb,A100,80GB,SXM,IB-HDR,OnDemand,NonInterruptible,OnDemand,Other,Other,DIF,T2IF,T3,1.7880,True,local-nvme,Available,v2.2.1,panel
2026-06-25,runpod_community,a100-sxm-80gb,A100,80GB,SXM,Unknown,OnDemand,NonInterruptible,OnDemand,Other,Other,DIF,T3IF,T3,1.3900,False,,Available,v2.2.1,panel
2026-06-25,runpod_secure,a100-sxm-80gb,A100,80GB,SXM,IB-HDR,OnDemand,NonInterruptible,OnDemand,Other,Other,DIF,T2IF,T3,1.4900,True,local-nvme,Available,v2.2.1,panel
2026-06-25,runpod_secure,a100-sxm-80gb,A100,80GB,SXM,IB-HDR,OnDemand,Interruptible,Spot,Other,Other,DIF,T2IF,T3,1.3900,True,local-nvme,Available,v2.2.1,panel
2026-06-25,vultr,a100-sxm-80gb,A100,80GB,SXM,Unknown,OnDemand,NonInterruptible,OnDemand,Other,Other,SIF,T2IF,T2,2.8000,False,,Available,v2.2.1,panel
2026-06-25,vultr,a100-sxm-80gb,A100,80GB,SXM,Unknown,OnDemand,Interruptible,Spot,Other,Other,DIF,T2IF,T2,1.4900,False,,Available,v2.2.1,panel
2026-06-26,aws,a100-sxm-80gb,A100,80GB,SXM,EFA,OnDemand,NonInterruptible,OnDemand,US-East,US,HIF,T2IF,T1,3.4309,True,local-nvme;managed-ops-plane;support-tier;observability,Available,v2.2.1,panel
2026-06-26,aws,a100-sxm-80gb,A100,80GB,SXM,EFA,1Y,NonInterruptible,Reserved,US-East,US,HIF,T2IF,T1,2.1752,True,local-nvme;managed-ops-plane;support-tier;observability,Available,v2.2.1,panel
2026-06-26,aws,a100-sxm-80gb,A100,80GB,SXM,EFA,3Y,NonInterruptible,Reserved,US-East,US,HIF,T2IF,T1,1.4647,True,local-nvme;managed-ops-plane;support-tier;observability,Available,v2.2.1,panel
2026-06-26,aws,a100-sxm-80gb,A100,80GB,SXM,EFA,OnDemand,Interruptible,Spot,US-West,US,DIF,T2IF,T1,1.8089,False,,Available,v2.2.1,panel
2026-06-26,aws,a100-sxm-80gb,A100,80GB,SXM,EFA,OnDemand,Interruptible,Spot,US-East,US,DIF,T2IF,T1,1.3941,False,,Available,v2.2.1,panel
2026-06-26,azure,a100-sxm-80gb,A100,80GB,SXM,IB-HDR,OnDemand,NonInterruptible,OnDemand,US-East,US,HIF,T2IF,T1,4.0963,True,local-nvme;managed-ops-plane;support-tier;observability,Available,v2.2.1,panel
2026-06-26,azure,a100-sxm-80gb,A100,80GB,SXM,IB-HDR,1Y,NonInterruptible,Reserved,US-East,US,HIF,T2IF,T1,2.6216,True,local-nvme;managed-ops-plane;support-tier;observability,Available,v2.2.1,panel
2026-06-26,azure,a100-sxm-80gb,A100,80GB,SXM,IB-HDR,3Y,NonInterruptible,Reserved,US-East,US,HIF,T2IF,T1,1.8024,True,local-nvme;managed-ops-plane;support-tier;observability,Available,v2.2.1,panel
2026-06-26,coreweave,a100-sxm-80gb,A100,80GB,SXM,IB-HDR,OnDemand,NonInterruptible,OnDemand,US-East,US,IIF,T2IF,T2,2.7000,True,local-nvme;free-egress;support-tier;observability;managed-ops-plane,Available,v2.2.1,panel
2026-06-26,coreweave,a100-sxm-80gb,A100,80GB,SXM,IB-HDR,OnDemand,Interruptible,Spot,US-East,US,DIF,T2IF,T2,1.2063,True,local-nvme;free-egress;support-tier;observability;managed-ops-plane,Available,v2.2.1,panel
2026-06-26,crusoe,a100-sxm-80gb,A100,80GB,SXM,IB-HDR,OnDemand,NonInterruptible,OnDemand,US-East,US,IIF,T2IF,T2,2.3000,True,local-nvme;free-egress,Available,v2.2.1,panel
2026-06-26,datacrunch,a100-sxm-80gb,A100,80GB,SXM,IB-HDR,OnDemand,NonInterruptible,OnDemand,EU,EU,SIF,T2IF,T2,1.7900,True,local-nvme,Available,v2.2.1,panel
2026-06-26,datacrunch,a100-sxm-80gb,A100,80GB,SXM,IB-HDR,OnDemand,Interruptible,Spot,EU,EU,DIF,T2IF,T2,0.6265,True,local-nvme,Available,v2.2.1,panel
2026-06-26,denvr,a100-sxm-80gb,A100,80GB,SXM,IB-HDR,OnDemand,NonInterruptible,OnDemand,Other,Other,SIF,T2IF,T2,1.3000,True,local-nvme,Available,v2.2.1,panel
2026-06-26,e2e,a100-sxm-80gb,A100,80GB,SXM,IB-NDR,OnDemand,NonInterruptible,OnDemand,APAC,APAC,IIF,T2IF,T2,2.1000,True,managed-ops-plane,Available,v2.2.1,panel
2026-06-26,hyperstack,a100-sxm-80gb,A100,80GB,SXM,Ethernet,OnDemand,NonInterruptible,OnDemand,Other,Other,SIF,,T2,1.6000,True,local-nvme,Available,v2.2.1,panel
2026-06-26,jarvislabs,a100-sxm-80gb,A100,80GB,SXM,Unknown,OnDemand,NonInterruptible,OnDemand,APAC,APAC,IIF,T3IF,T2,1.4900,False,,Available,v2.2.1,panel
2026-06-26,lambda,a100-sxm-80gb,A100,80GB,SXM,Unknown,OnDemand,NonInterruptible,OnDemand,US-East,US,IIF,T3IF,T2,2.7900,True,local-nvme,Available,v2.2.1,panel
2026-06-26,massed_compute,a100-sxm-80gb,A100,80GB,SXM,Unknown,OnDemand,NonInterruptible,OnDemand,US-East,US,DIF,T3IF,T3,1.3800,False,,Available,v2.2.1,panel
2026-06-26,oci,a100-sxm-80gb,A100,80GB,SXM,RoCE-v2,OnDemand,NonInterruptible,OnDemand,US-East,US,HIF,T2IF,T1,4.0000,True,local-nvme;egress-capped;managed-ops-plane;support-tier;observability,Available,v2.2.1,panel
2026-06-26,runpod_cluster,a100-sxm-80gb,A100,80GB,SXM,IB-HDR,OnDemand,NonInterruptible,OnDemand,Other,Other,DIF,T2IF,T3,1.7880,True,local-nvme,Available,v2.2.1,panel
2026-06-26,runpod_community,a100-sxm-80gb,A100,80GB,SXM,Unknown,OnDemand,NonInterruptible,OnDemand,Other,Other,DIF,T3IF,T3,1.3900,False,,Available,v2.2.1,panel
2026-06-26,runpod_secure,a100-sxm-80gb,A100,80GB,SXM,IB-HDR,OnDemand,NonInterruptible,OnDemand,Other,Other,DIF,T2IF,T3,1.4900,True,local-nvme,Available,v2.2.1,panel
2026-06-26,runpod_secure,a100-sxm-80gb,A100,80GB,SXM,IB-HDR,OnDemand,Interruptible,Spot,Other,Other,DIF,T2IF,T3,1.3900,True,local-nvme,Available,v2.2.1,panel
2026-06-26,tensordock,a100-sxm-80gb,A100,80GB,SXM,Unknown,OnDemand,NonInterruptible,OnDemand,Other,Other,DIF,T3IF,T3,1.2000,False,,Available,v2.2.1,panel
2026-06-26,vast_ai,a100-sxm-80gb,A100,80GB,SXM,Unknown,OnDemand,NonInterruptible,OnDemand,US-West,US,DIF,T3IF,T3,0.6667,True,local-nvme,Available,v2.2.1,marketplace
2026-06-26,vast_ai,a100-sxm-80gb,A100,80GB,SXM,Unknown,OnDemand,NonInterruptible,OnDemand,EU,EU,DIF,T3IF,T3,0.7333,True,local-nvme,Available,v2.2.1,marketplace
2026-06-26,vast_ai,a100-sxm-80gb,A100,80GB,SXM,Unknown,OnDemand,NonInterruptible,OnDemand,Other,Other,DIF,T3IF,T3,1.3333,True,local-nvme,Available,v2.2.1,marketplace
2026-06-26,vast_ai,a100-sxm-80gb,A100,80GB,SXM,Unknown,OnDemand,NonInterruptible,OnDemand,US-Central,US,DIF,T3IF,T3,1.0667,True,local-nvme,Available,v2.2.1,marketplace
2026-06-26,vast_ai,a100-sxm-80gb,A100,80GB,SXM,Unknown,OnDemand,NonInterruptible,OnDemand,APAC,APAC,DIF,T3IF,T3,1.0573,True,local-nvme,Available,v2.2.1,marketplace
2026-06-26,vultr,a100-sxm-80gb,A100,80GB,SXM,Unknown,OnDemand,NonInterruptible,OnDemand,Other,Other,SIF,T2IF,T2,2.8000,False,,Available,v2.2.1,panel
2026-06-26,vultr,a100-sxm-80gb,A100,80GB,SXM,Unknown,OnDemand,Interruptible,Spot,Other,Other,DIF,T2IF,T2,1.4900,False,,Available,v2.2.1,panel
2026-06-27,aws,a100-sxm-80gb,A100,80GB,SXM,EFA,OnDemand,NonInterruptible,OnDemand,US-East,US,HIF,T2IF,T1,3.4309,True,local-nvme;managed-ops-plane;support-tier;observability,Available,v2.2.1,panel
2026-06-27,aws,a100-sxm-80gb,A100,80GB,SXM,EFA,1Y,NonInterruptible,Reserved,US-East,US,HIF,T2IF,T1,2.1752,True,local-nvme;managed-ops-plane;support-tier;observability,Available,v2.2.1,panel
2026-06-27,aws,a100-sxm-80gb,A100,80GB,SXM,EFA,3Y,NonInterruptible,Reserved,US-East,US,HIF,T2IF,T1,1.4647,True,local-nvme;managed-ops-plane;support-tier;observability,Available,v2.2.1,panel
2026-06-27,aws,a100-sxm-80gb,A100,80GB,SXM,EFA,OnDemand,Interruptible,Spot,US-West,US,DIF,T2IF,T1,1.8247,False,,Available,v2.2.1,panel
2026-06-27,aws,a100-sxm-80gb,A100,80GB,SXM,EFA,OnDemand,Interruptible,Spot,US-East,US,DIF,T2IF,T1,1.4426,False,,Available,v2.2.1,panel
2026-06-27,azure,a100-sxm-80gb,A100,80GB,SXM,IB-HDR,OnDemand,NonInterruptible,OnDemand,US-East,US,HIF,T2IF,T1,4.0963,True,local-nvme;managed-ops-plane;support-tier;observability,Available,v2.2.1,panel
2026-06-27,azure,a100-sxm-80gb,A100,80GB,SXM,IB-HDR,1Y,NonInterruptible,Reserved,US-East,US,HIF,T2IF,T1,2.6216,True,local-nvme;managed-ops-plane;support-tier;observability,Available,v2.2.1,panel
2026-06-27,azure,a100-sxm-80gb,A100,80GB,SXM,IB-HDR,3Y,NonInterruptible,Reserved,US-East,US,HIF,T2IF,T1,1.8024,True,local-nvme;managed-ops-plane;support-tier;observability,Available,v2.2.1,panel
2026-06-27,coreweave,a100-sxm-80gb,A100,80GB,SXM,IB-HDR,OnDemand,NonInterruptible,OnDemand,US-East,US,IIF,T2IF,T2,2.7000,True,local-nvme;free-egress;support-tier;observability;managed-ops-plane,Available,v2.2.1,panel
2026-06-27,coreweave,a100-sxm-80gb,A100,80GB,SXM,IB-HDR,OnDemand,Interruptible,Spot,US-East,US,DIF,T2IF,T2,1.2063,True,local-nvme;free-egress;support-tier;observability;managed-ops-plane,Available,v2.2.1,panel
2026-06-27,crusoe,a100-sxm-80gb,A100,80GB,SXM,IB-HDR,OnDemand,NonInterruptible,OnDemand,US-East,US,IIF,T2IF,T2,2.3000,True,local-nvme;free-egress,Available,v2.2.1,panel
2026-06-27,datacrunch,a100-sxm-80gb,A100,80GB,SXM,IB-HDR,OnDemand,NonInterruptible,OnDemand,EU,EU,SIF,T2IF,T2,1.7900,True,local-nvme,Available,v2.2.1,panel
2026-06-27,datacrunch,a100-sxm-80gb,A100,80GB,SXM,IB-HDR,OnDemand,Interruptible,Spot,EU,EU,DIF,T2IF,T2,0.6265,True,local-nvme,Available,v2.2.1,panel
2026-06-27,denvr,a100-sxm-80gb,A100,80GB,SXM,IB-HDR,OnDemand,NonInterruptible,OnDemand,Other,Other,SIF,T2IF,T2,1.3000,True,local-nvme,Available,v2.2.1,panel
2026-06-27,e2e,a100-sxm-80gb,A100,80GB,SXM,IB-NDR,OnDemand,NonInterruptible,OnDemand,APAC,APAC,IIF,T2IF,T2,2.1000,True,managed-ops-plane,Available,v2.2.1,panel
2026-06-27,hyperstack,a100-sxm-80gb,A100,80GB,SXM,Ethernet,OnDemand,NonInterruptible,OnDemand,Other,Other,SIF,,T2,1.6000,True,local-nvme,Available,v2.2.1,panel
2026-06-27,jarvislabs,a100-sxm-80gb,A100,80GB,SXM,Unknown,OnDemand,NonInterruptible,OnDemand,APAC,APAC,IIF,T3IF,T2,1.4900,False,,Available,v2.2.1,panel
2026-06-27,lambda,a100-sxm-80gb,A100,80GB,SXM,Unknown,OnDemand,NonInterruptible,OnDemand,US-East,US,IIF,T3IF,T2,2.7900,True,local-nvme,Available,v2.2.1,panel
2026-06-27,massed_compute,a100-sxm-80gb,A100,80GB,SXM,Unknown,OnDemand,NonInterruptible,OnDemand,US-East,US,DIF,T3IF,T3,1.3800,False,,Available,v2.2.1,panel
2026-06-27,oci,a100-sxm-80gb,A100,80GB,SXM,RoCE-v2,OnDemand,NonInterruptible,OnDemand,US-East,US,HIF,T2IF,T1,4.0000,True,local-nvme;egress-capped;managed-ops-plane;support-tier;observability,Available,v2.2.1,panel
2026-06-27,runpod_cluster,a100-sxm-80gb,A100,80GB,SXM,IB-HDR,OnDemand,NonInterruptible,OnDemand,Other,Other,DIF,T2IF,T3,1.7880,True,local-nvme,Available,v2.2.1,panel
2026-06-27,runpod_community,a100-sxm-80gb,A100,80GB,SXM,Unknown,OnDemand,NonInterruptible,OnDemand,Other,Other,DIF,T3IF,T3,1.3900,False,,Available,v2.2.1,panel
2026-06-27,runpod_secure,a100-sxm-80gb,A100,80GB,SXM,IB-HDR,OnDemand,NonInterruptible,OnDemand,Other,Other,DIF,T2IF,T3,1.4900,True,local-nvme,Available,v2.2.1,panel
2026-06-27,runpod_secure,a100-sxm-80gb,A100,80GB,SXM,IB-HDR,OnDemand,Interruptible,Spot,Other,Other,DIF,T2IF,T3,1.3900,True,local-nvme,Available,v2.2.1,panel
2026-06-27,tensordock,a100-sxm-80gb,A100,80GB,SXM,Unknown,OnDemand,NonInterruptible,OnDemand,Other,Other,DIF,T3IF,T3,1.2000,False,,Available,v2.2.1,panel
2026-06-27,vast_ai,a100-sxm-80gb,A100,80GB,SXM,Unknown,OnDemand,NonInterruptible,OnDemand,APAC,APAC,DIF,T3IF,T3,0.8667,True,local-nvme,Available,v2.2.1,marketplace
2026-06-27,vast_ai,a100-sxm-80gb,A100,80GB,SXM,Unknown,OnDemand,NonInterruptible,OnDemand,Other,Other,DIF,T3IF,T3,1.3333,True,local-nvme,Available,v2.2.1,marketplace
2026-06-27,vast_ai,a100-sxm-80gb,A100,80GB,SXM,Unknown,OnDemand,NonInterruptible,OnDemand,US-West,US,DIF,T3IF,T3,0.6667,True,local-nvme,Available,v2.2.1,marketplace
2026-06-27,vast_ai,a100-sxm-80gb,A100,80GB,SXM,Unknown,OnDemand,NonInterruptible,OnDemand,US-Central,US,DIF,T3IF,T3,1.0667,True,local-nvme,Available,v2.2.1,marketplace
2026-06-27,vast_ai,a100-sxm-80gb,A100,80GB,SXM,Unknown,OnDemand,NonInterruptible,OnDemand,EU,EU,DIF,T3IF,T3,1.0667,True,local-nvme,Available,v2.2.1,marketplace
2026-06-27,vultr,a100-sxm-80gb,A100,80GB,SXM,Unknown,OnDemand,NonInterruptible,OnDemand,Other,Other,SIF,T2IF,T2,2.8000,False,,Available,v2.2.1,panel
2026-06-27,vultr,a100-sxm-80gb,A100,80GB,SXM,Unknown,OnDemand,Interruptible,Spot,Other,Other,DIF,T2IF,T2,1.4900,False,,Available,v2.2.1,panel
2026-06-28,aws,a100-sxm-80gb,A100,80GB,SXM,EFA,OnDemand,NonInterruptible,OnDemand,US-East,US,HIF,T2IF,T1,3.4309,True,local-nvme;managed-ops-plane;support-tier;observability,Available,v2.2.1,panel
2026-06-28,aws,a100-sxm-80gb,A100,80GB,SXM,EFA,1Y,NonInterruptible,Reserved,US-East,US,HIF,T2IF,T1,2.1752,True,local-nvme;managed-ops-plane;support-tier;observability,Available,v2.2.1,panel
2026-06-28,aws,a100-sxm-80gb,A100,80GB,SXM,EFA,3Y,NonInterruptible,Reserved,US-East,US,HIF,T2IF,T1,1.4647,True,local-nvme;managed-ops-plane;support-tier;observability,Available,v2.2.1,panel
2026-06-28,aws,a100-sxm-80gb,A100,80GB,SXM,EFA,OnDemand,Interruptible,Spot,US-East,US,DIF,T2IF,T1,1.5226,False,,Available,v2.2.1,panel
2026-06-28,aws,a100-sxm-80gb,A100,80GB,SXM,EFA,OnDemand,Interruptible,Spot,US-West,US,DIF,T2IF,T1,1.8618,False,,Available,v2.2.1,panel
2026-06-28,azure,a100-sxm-80gb,A100,80GB,SXM,IB-HDR,OnDemand,NonInterruptible,OnDemand,US-East,US,HIF,T2IF,T1,4.0963,True,local-nvme;managed-ops-plane;support-tier;observability,Available,v2.2.1,panel
2026-06-28,azure,a100-sxm-80gb,A100,80GB,SXM,IB-HDR,1Y,NonInterruptible,Reserved,US-East,US,HIF,T2IF,T1,2.6216,True,local-nvme;managed-ops-plane;support-tier;observability,Available,v2.2.1,panel
2026-06-28,azure,a100-sxm-80gb,A100,80GB,SXM,IB-HDR,3Y,NonInterruptible,Reserved,US-East,US,HIF,T2IF,T1,1.8024,True,local-nvme;managed-ops-plane;support-tier;observability,Available,v2.2.1,panel
2026-06-28,coreweave,a100-sxm-80gb,A100,80GB,SXM,IB-HDR,OnDemand,NonInterruptible,OnDemand,US-East,US,IIF,T2IF,T2,2.7000,True,local-nvme;free-egress;support-tier;observability;managed-ops-plane,Available,v2.2.1,panel
2026-06-28,coreweave,a100-sxm-80gb,A100,80GB,SXM,IB-HDR,OnDemand,Interruptible,Spot,US-East,US,DIF,T2IF,T2,1.2063,True,local-nvme;free-egress;support-tier;observability;managed-ops-plane,Available,v2.2.1,panel
2026-06-28,crusoe,a100-sxm-80gb,A100,80GB,SXM,IB-HDR,OnDemand,NonInterruptible,OnDemand,US-East,US,IIF,T2IF,T2,2.3000,True,local-nvme;free-egress,Available,v2.2.1,panel
2026-06-28,datacrunch,a100-sxm-80gb,A100,80GB,SXM,IB-HDR,OnDemand,NonInterruptible,OnDemand,EU,EU,SIF,T2IF,T2,1.7900,True,local-nvme,Available,v2.2.1,panel
2026-06-28,datacrunch,a100-sxm-80gb,A100,80GB,SXM,IB-HDR,OnDemand,Interruptible,Spot,EU,EU,DIF,T2IF,T2,0.6265,True,local-nvme,Available,v2.2.1,panel
2026-06-28,denvr,a100-sxm-80gb,A100,80GB,SXM,IB-HDR,OnDemand,NonInterruptible,OnDemand,Other,Other,SIF,T2IF,T2,1.3000,True,local-nvme,Available,v2.2.1,panel
2026-06-28,e2e,a100-sxm-80gb,A100,80GB,SXM,IB-NDR,OnDemand,NonInterruptible,OnDemand,APAC,APAC,IIF,T2IF,T2,2.1000,True,managed-ops-plane,Available,v2.2.1,panel
2026-06-28,hyperstack,a100-sxm-80gb,A100,80GB,SXM,Ethernet,OnDemand,NonInterruptible,OnDemand,Other,Other,SIF,,T2,1.6000,True,local-nvme,Available,v2.2.1,panel
2026-06-28,jarvislabs,a100-sxm-80gb,A100,80GB,SXM,Unknown,OnDemand,NonInterruptible,OnDemand,APAC,APAC,IIF,T3IF,T2,1.4900,False,,Available,v2.2.1,panel
2026-06-28,lambda,a100-sxm-80gb,A100,80GB,SXM,Unknown,OnDemand,NonInterruptible,OnDemand,US-East,US,IIF,T3IF,T2,2.7900,True,local-nvme,Available,v2.2.1,panel
2026-06-28,massed_compute,a100-sxm-80gb,A100,80GB,SXM,Unknown,OnDemand,NonInterruptible,OnDemand,US-East,US,DIF,T3IF,T3,1.3800,False,,Available,v2.2.1,panel
2026-06-28,oci,a100-sxm-80gb,A100,80GB,SXM,RoCE-v2,OnDemand,NonInterruptible,OnDemand,US-East,US,HIF,T2IF,T1,4.0000,True,local-nvme;egress-capped;managed-ops-plane;support-tier;observability,Available,v2.2.1,panel
2026-06-28,runpod_cluster,a100-sxm-80gb,A100,80GB,SXM,IB-HDR,OnDemand,NonInterruptible,OnDemand,Other,Other,DIF,T2IF,T3,1.7880,True,local-nvme,Available,v2.2.1,panel
2026-06-28,runpod_community,a100-sxm-80gb,A100,80GB,SXM,Unknown,OnDemand,NonInterruptible,OnDemand,Other,Other,DIF,T3IF,T3,1.3900,False,,Available,v2.2.1,panel
2026-06-28,runpod_secure,a100-sxm-80gb,A100,80GB,SXM,IB-HDR,OnDemand,NonInterruptible,OnDemand,Other,Other,DIF,T2IF,T3,1.4900,True,local-nvme,Available,v2.2.1,panel
2026-06-28,runpod_secure,a100-sxm-80gb,A100,80GB,SXM,IB-HDR,OnDemand,Interruptible,Spot,Other,Other,DIF,T2IF,T3,1.3900,True,local-nvme,Available,v2.2.1,panel
2026-06-28,tensordock,a100-sxm-80gb,A100,80GB,SXM,Unknown,OnDemand,NonInterruptible,OnDemand,Other,Other,DIF,T3IF,T3,1.2000,False,,Available,v2.2.1,panel
2026-06-28,vast_ai,a100-sxm-80gb,A100,80GB,SXM,Unknown,OnDemand,NonInterruptible,OnDemand,US-Central,US,DIF,T3IF,T3,0.4000,True,local-nvme,Available,v2.2.1,marketplace
2026-06-28,vast_ai,a100-sxm-80gb,A100,80GB,SXM,Unknown,OnDemand,NonInterruptible,OnDemand,APAC,APAC,DIF,T3IF,T3,1.0573,True,local-nvme,Available,v2.2.1,marketplace
2026-06-28,vast_ai,a100-sxm-80gb,A100,80GB,SXM,Unknown,OnDemand,NonInterruptible,OnDemand,US-West,US,DIF,T3IF,T3,0.6667,True,local-nvme,Available,v2.2.1,marketplace
2026-06-28,vast_ai,a100-sxm-80gb,A100,80GB,SXM,Unknown,OnDemand,NonInterruptible,OnDemand,EU,EU,DIF,T3IF,T3,1.0667,True,local-nvme,Available,v2.2.1,marketplace
2026-06-28,vast_ai,a100-sxm-80gb,A100,80GB,SXM,Unknown,OnDemand,NonInterruptible,OnDemand,Other,Other,DIF,T3IF,T3,1.3333,True,local-nvme,Available,v2.2.1,marketplace
2026-06-28,vultr,a100-sxm-80gb,A100,80GB,SXM,Unknown,OnDemand,NonInterruptible,OnDemand,Other,Other,SIF,T2IF,T2,2.8000,False,,Available,v2.2.1,panel
2026-06-28,vultr,a100-sxm-80gb,A100,80GB,SXM,Unknown,OnDemand,Interruptible,Spot,Other,Other,DIF,T2IF,T2,1.4900,False,,Available,v2.2.1,panel
2026-06-29,aws,a100-sxm-80gb,A100,80GB,SXM,EFA,OnDemand,NonInterruptible,OnDemand,US-East,US,HIF,T2IF,T1,3.4309,True,local-nvme;managed-ops-plane;support-tier;observability,Available,v2.2.1,panel
2026-06-29,aws,a100-sxm-80gb,A100,80GB,SXM,EFA,1Y,NonInterruptible,Reserved,US-East,US,HIF,T2IF,T1,2.1752,True,local-nvme;managed-ops-plane;support-tier;observability,Available,v2.2.1,panel
2026-06-29,aws,a100-sxm-80gb,A100,80GB,SXM,EFA,3Y,NonInterruptible,Reserved,US-East,US,HIF,T2IF,T1,1.4647,True,local-nvme;managed-ops-plane;support-tier;observability,Available,v2.2.1,panel
2026-06-29,aws,a100-sxm-80gb,A100,80GB,SXM,EFA,OnDemand,Interruptible,Spot,US-West,US,DIF,T2IF,T1,1.8696,False,,Available,v2.2.1,panel
2026-06-29,aws,a100-sxm-80gb,A100,80GB,SXM,EFA,OnDemand,Interruptible,Spot,US-East,US,DIF,T2IF,T1,1.5454,False,,Available,v2.2.1,panel
2026-06-29,azure,a100-sxm-80gb,A100,80GB,SXM,IB-HDR,OnDemand,NonInterruptible,OnDemand,US-East,US,HIF,T2IF,T1,4.0963,True,local-nvme;managed-ops-plane;support-tier;observability,Available,v2.2.1,panel
2026-06-29,azure,a100-sxm-80gb,A100,80GB,SXM,IB-HDR,1Y,NonInterruptible,Reserved,US-East,US,HIF,T2IF,T1,2.6216,True,local-nvme;managed-ops-plane;support-tier;observability,Available,v2.2.1,panel
2026-06-29,azure,a100-sxm-80gb,A100,80GB,SXM,IB-HDR,3Y,NonInterruptible,Reserved,US-East,US,HIF,T2IF,T1,1.8024,True,local-nvme;managed-ops-plane;support-tier;observability,Available,v2.2.1,panel
2026-06-29,coreweave,a100-sxm-80gb,A100,80GB,SXM,IB-HDR,OnDemand,NonInterruptible,OnDemand,US-East,US,IIF,T2IF,T2,2.7000,True,local-nvme;free-egress;support-tier;observability;managed-ops-plane,Available,v2.2.1,panel
2026-06-29,coreweave,a100-sxm-80gb,A100,80GB,SXM,IB-HDR,OnDemand,Interruptible,Spot,US-East,US,DIF,T2IF,T2,1.2063,True,local-nvme;free-egress;support-tier;observability;managed-ops-plane,Available,v2.2.1,panel
2026-06-29,crusoe,a100-sxm-80gb,A100,80GB,SXM,IB-HDR,OnDemand,NonInterruptible,OnDemand,US-East,US,IIF,T2IF,T2,2.3000,True,local-nvme;free-egress,Available,v2.2.1,panel
2026-06-29,datacrunch,a100-sxm-80gb,A100,80GB,SXM,IB-HDR,OnDemand,NonInterruptible,OnDemand,EU,EU,SIF,T2IF,T2,1.7900,True,local-nvme,Available,v2.2.1,panel
2026-06-29,datacrunch,a100-sxm-80gb,A100,80GB,SXM,IB-HDR,OnDemand,Interruptible,Spot,EU,EU,DIF,T2IF,T2,0.6265,True,local-nvme,Available,v2.2.1,panel
2026-06-29,denvr,a100-sxm-80gb,A100,80GB,SXM,IB-HDR,OnDemand,NonInterruptible,OnDemand,Other,Other,SIF,T2IF,T2,1.3000,True,local-nvme,Available,v2.2.1,panel
2026-06-29,e2e,a100-sxm-80gb,A100,80GB,SXM,IB-NDR,OnDemand,NonInterruptible,OnDemand,APAC,APAC,IIF,T2IF,T2,2.1000,True,managed-ops-plane,Available,v2.2.1,panel
2026-06-29,hyperstack,a100-sxm-80gb,A100,80GB,SXM,Ethernet,OnDemand,NonInterruptible,OnDemand,Other,Other,SIF,,T2,1.6000,True,local-nvme,Available,v2.2.1,panel
2026-06-29,jarvislabs,a100-sxm-80gb,A100,80GB,SXM,Unknown,OnDemand,NonInterruptible,OnDemand,APAC,APAC,IIF,T3IF,T2,1.4900,False,,Available,v2.2.1,panel
2026-06-29,lambda,a100-sxm-80gb,A100,80GB,SXM,Unknown,OnDemand,NonInterruptible,OnDemand,US-East,US,IIF,T3IF,T2,2.7900,True,local-nvme,Available,v2.2.1,panel
2026-06-29,massed_compute,a100-sxm-80gb,A100,80GB,SXM,Unknown,OnDemand,NonInterruptible,OnDemand,US-East,US,DIF,T3IF,T3,1.3800,False,,Available,v2.2.1,panel
2026-06-29,oci,a100-sxm-80gb,A100,80GB,SXM,RoCE-v2,OnDemand,NonInterruptible,OnDemand,US-East,US,HIF,T2IF,T1,4.0000,True,local-nvme;egress-capped;managed-ops-plane;support-tier;observability,Available,v2.2.1,panel
2026-06-29,runpod_cluster,a100-sxm-80gb,A100,80GB,SXM,IB-HDR,OnDemand,NonInterruptible,OnDemand,Other,Other,DIF,T2IF,T3,1.7880,True,local-nvme,Available,v2.2.1,panel
2026-06-29,runpod_community,a100-sxm-80gb,A100,80GB,SXM,Unknown,OnDemand,NonInterruptible,OnDemand,Other,Other,DIF,T3IF,T3,1.3900,False,,Available,v2.2.1,panel
2026-06-29,runpod_secure,a100-sxm-80gb,A100,80GB,SXM,IB-HDR,OnDemand,NonInterruptible,OnDemand,Other,Other,DIF,T2IF,T3,1.4900,True,local-nvme,Available,v2.2.1,panel
2026-06-29,runpod_secure,a100-sxm-80gb,A100,80GB,SXM,IB-HDR,OnDemand,Interruptible,Spot,Other,Other,DIF,T2IF,T3,1.3900,True,local-nvme,Available,v2.2.1,panel
2026-06-29,tensordock,a100-sxm-80gb,A100,80GB,SXM,Unknown,OnDemand,NonInterruptible,OnDemand,Other,Other,DIF,T3IF,T3,1.2000,False,,Available,v2.2.1,panel
2026-06-29,vast_ai,a100-sxm-80gb,A100,80GB,SXM,Unknown,OnDemand,NonInterruptible,OnDemand,US-West,US,DIF,T3IF,T3,0.6667,True,local-nvme,Available,v2.2.1,marketplace
2026-06-29,vast_ai,a100-sxm-80gb,A100,80GB,SXM,Unknown,OnDemand,NonInterruptible,OnDemand,US-Central,US,DIF,T3IF,T3,1.0667,True,local-nvme,Available,v2.2.1,marketplace
2026-06-29,vast_ai,a100-sxm-80gb,A100,80GB,SXM,Unknown,OnDemand,NonInterruptible,OnDemand,EU,EU,DIF,T3IF,T3,1.0667,True,local-nvme,Available,v2.2.1,marketplace
2026-06-29,vast_ai,a100-sxm-80gb,A100,80GB,SXM,Unknown,OnDemand,NonInterruptible,OnDemand,APAC,APAC,DIF,T3IF,T3,0.4000,True,local-nvme,Available,v2.2.1,marketplace
2026-06-29,vast_ai,a100-sxm-80gb,A100,80GB,SXM,Unknown,OnDemand,NonInterruptible,OnDemand,Other,Other,DIF,T3IF,T3,1.3333,True,local-nvme,Available,v2.2.1,marketplace
2026-06-29,vultr,a100-sxm-80gb,A100,80GB,SXM,Unknown,OnDemand,NonInterruptible,OnDemand,Other,Other,SIF,T2IF,T2,2.8000,False,,Available,v2.2.1,panel
2026-06-29,vultr,a100-sxm-80gb,A100,80GB,SXM,Unknown,OnDemand,Interruptible,Spot,Other,Other,DIF,T2IF,T2,1.4900,False,,Available,v2.2.1,panel
2026-06-30,aws,a100-sxm-80gb,A100,80GB,SXM,EFA,OnDemand,NonInterruptible,OnDemand,US-East,US,HIF,T2IF,T1,3.4309,True,local-nvme;managed-ops-plane;support-tier;observability,Available,v2.2.1,panel
2026-06-30,aws,a100-sxm-80gb,A100,80GB,SXM,EFA,1Y,NonInterruptible,Reserved,US-East,US,HIF,T2IF,T1,2.1752,True,local-nvme;managed-ops-plane;support-tier;observability,Available,v2.2.1,panel
2026-06-30,aws,a100-sxm-80gb,A100,80GB,SXM,EFA,3Y,NonInterruptible,Reserved,US-East,US,HIF,T2IF,T1,1.4647,True,local-nvme;managed-ops-plane;support-tier;observability,Available,v2.2.1,panel
2026-06-30,aws,a100-sxm-80gb,A100,80GB,SXM,EFA,OnDemand,Interruptible,Spot,US-West,US,DIF,T2IF,T1,1.8825,False,,Available,v2.2.1,panel
2026-06-30,aws,a100-sxm-80gb,A100,80GB,SXM,EFA,OnDemand,Interruptible,Spot,US-East,US,DIF,T2IF,T1,1.5519,False,,Available,v2.2.1,panel
2026-06-30,azure,a100-sxm-80gb,A100,80GB,SXM,IB-HDR,OnDemand,NonInterruptible,OnDemand,US-East,US,HIF,T2IF,T1,4.0963,True,local-nvme;managed-ops-plane;support-tier;observability,Available,v2.2.1,panel
2026-06-30,azure,a100-sxm-80gb,A100,80GB,SXM,IB-HDR,1Y,NonInterruptible,Reserved,US-East,US,HIF,T2IF,T1,2.6216,True,local-nvme;managed-ops-plane;support-tier;observability,Available,v2.2.1,panel
2026-06-30,azure,a100-sxm-80gb,A100,80GB,SXM,IB-HDR,3Y,NonInterruptible,Reserved,US-East,US,HIF,T2IF,T1,1.8024,True,local-nvme;managed-ops-plane;support-tier;observability,Available,v2.2.1,panel
2026-06-30,coreweave,a100-sxm-80gb,A100,80GB,SXM,IB-HDR,OnDemand,NonInterruptible,OnDemand,US-East,US,IIF,T2IF,T2,2.7000,True,local-nvme;free-egress;support-tier;observability;managed-ops-plane,Available,v2.2.1,panel
2026-06-30,coreweave,a100-sxm-80gb,A100,80GB,SXM,IB-HDR,OnDemand,Interruptible,Spot,US-East,US,DIF,T2IF,T2,1.2063,True,local-nvme;free-egress;support-tier;observability;managed-ops-plane,Available,v2.2.1,panel
2026-06-30,crusoe,a100-sxm-80gb,A100,80GB,SXM,IB-HDR,OnDemand,NonInterruptible,OnDemand,US-East,US,IIF,T2IF,T2,2.3000,True,local-nvme;free-egress,Available,v2.2.1,panel
2026-06-30,datacrunch,a100-sxm-80gb,A100,80GB,SXM,IB-HDR,OnDemand,NonInterruptible,OnDemand,EU,EU,SIF,T2IF,T2,1.7900,True,local-nvme,Available,v2.2.1,panel
2026-06-30,datacrunch,a100-sxm-80gb,A100,80GB,SXM,IB-HDR,OnDemand,Interruptible,Spot,EU,EU,DIF,T2IF,T2,0.6265,True,local-nvme,Available,v2.2.1,panel
2026-06-30,denvr,a100-sxm-80gb,A100,80GB,SXM,IB-HDR,OnDemand,NonInterruptible,OnDemand,Other,Other,SIF,T2IF,T2,1.3000,True,local-nvme,Available,v2.2.1,panel
2026-06-30,e2e,a100-sxm-80gb,A100,80GB,SXM,IB-NDR,OnDemand,NonInterruptible,OnDemand,APAC,APAC,IIF,T2IF,T2,2.1000,True,managed-ops-plane,Available,v2.2.1,panel
2026-06-30,hyperstack,a100-sxm-80gb,A100,80GB,SXM,Ethernet,OnDemand,NonInterruptible,OnDemand,Other,Other,SIF,,T2,1.6000,True,local-nvme,Available,v2.2.1,panel
2026-06-30,jarvislabs,a100-sxm-80gb,A100,80GB,SXM,Unknown,OnDemand,NonInterruptible,OnDemand,APAC,APAC,IIF,T3IF,T2,1.4900,False,,Available,v2.2.1,panel
2026-06-30,lambda,a100-sxm-80gb,A100,80GB,SXM,Unknown,OnDemand,NonInterruptible,OnDemand,US-East,US,IIF,T3IF,T2,2.7900,True,local-nvme,Available,v2.2.1,panel
2026-06-30,massed_compute,a100-sxm-80gb,A100,80GB,SXM,Unknown,OnDemand,NonInterruptible,OnDemand,US-East,US,DIF,T3IF,T3,1.3800,False,,Available,v2.2.1,panel
2026-06-30,oci,a100-sxm-80gb,A100,80GB,SXM,RoCE-v2,OnDemand,NonInterruptible,OnDemand,US-East,US,HIF,T2IF,T1,4.0000,True,local-nvme;egress-capped;managed-ops-plane;support-tier;observability,Available,v2.2.1,panel
2026-06-30,runpod_cluster,a100-sxm-80gb,A100,80GB,SXM,IB-HDR,OnDemand,NonInterruptible,OnDemand,Other,Other,DIF,T2IF,T3,1.7880,True,local-nvme,Available,v2.2.1,panel
2026-06-30,runpod_community,a100-sxm-80gb,A100,80GB,SXM,Unknown,OnDemand,NonInterruptible,OnDemand,Other,Other,DIF,T3IF,T3,1.3900,False,,Available,v2.2.1,panel
2026-06-30,runpod_secure,a100-sxm-80gb,A100,80GB,SXM,IB-HDR,OnDemand,NonInterruptible,OnDemand,Other,Other,DIF,T2IF,T3,1.4900,True,local-nvme,Available,v2.2.1,panel
2026-06-30,runpod_secure,a100-sxm-80gb,A100,80GB,SXM,IB-HDR,OnDemand,Interruptible,Spot,Other,Other,DIF,T2IF,T3,1.3900,True,local-nvme,Available,v2.2.1,panel
2026-06-30,tensordock,a100-sxm-80gb,A100,80GB,SXM,Unknown,OnDemand,NonInterruptible,OnDemand,Other,Other,DIF,T3IF,T3,1.2000,False,,Available,v2.2.1,panel
2026-06-30,vast_ai,a100-sxm-80gb,A100,80GB,SXM,Unknown,OnDemand,NonInterruptible,OnDemand,Other,Other,DIF,T3IF,T3,1.3067,True,local-nvme,Available,v2.2.1,marketplace
2026-06-30,vast_ai,a100-sxm-80gb,A100,80GB,SXM,Unknown,OnDemand,NonInterruptible,OnDemand,US-Central,US,DIF,T3IF,T3,0.4000,True,local-nvme,Available,v2.2.1,marketplace
2026-06-30,vast_ai,a100-sxm-80gb,A100,80GB,SXM,Unknown,OnDemand,NonInterruptible,OnDemand,APAC,APAC,DIF,T3IF,T3,0.4000,True,local-nvme,Available,v2.2.1,marketplace
2026-06-30,vast_ai,a100-sxm-80gb,A100,80GB,SXM,Unknown,OnDemand,NonInterruptible,OnDemand,EU,EU,DIF,T3IF,T3,0.9333,True,local-nvme,Available,v2.2.1,marketplace
2026-06-30,vultr,a100-sxm-80gb,A100,80GB,SXM,Unknown,OnDemand,NonInterruptible,OnDemand,Other,Other,SIF,T2IF,T2,2.8000,False,,Available,v2.2.1,panel
2026-06-30,vultr,a100-sxm-80gb,A100,80GB,SXM,Unknown,OnDemand,Interruptible,Spot,Other,Other,DIF,T2IF,T2,1.4900,False,,Available,v2.2.1,panel
2026-07-01,atlas_cloud,a100-sxm-80gb,A100,80GB,SXM,Unknown,OnDemand,NonInterruptible,OnDemand,US-East,US,IIF,T2IF,T2,1.3500,False,,Available,v2.2.1,panel
2026-07-01,aws,a100-sxm-80gb,A100,80GB,SXM,EFA,OnDemand,NonInterruptible,OnDemand,US-East,US,HIF,T2IF,T1,3.4309,True,local-nvme;managed-ops-plane;support-tier;observability,Available,v2.2.1,panel
2026-07-01,aws,a100-sxm-80gb,A100,80GB,SXM,EFA,1Y,NonInterruptible,Reserved,US-East,US,HIF,T2IF,T1,2.1752,True,local-nvme;managed-ops-plane;support-tier;observability,Available,v2.2.1,panel
2026-07-01,aws,a100-sxm-80gb,A100,80GB,SXM,EFA,3Y,NonInterruptible,Reserved,US-East,US,HIF,T2IF,T1,1.4647,True,local-nvme;managed-ops-plane;support-tier;observability,Available,v2.2.1,panel
2026-07-01,aws,a100-sxm-80gb,A100,80GB,SXM,EFA,OnDemand,Interruptible,Spot,US-West,US,DIF,T2IF,T1,1.8908,False,,Available,v2.2.1,panel
2026-07-01,aws,a100-sxm-80gb,A100,80GB,SXM,EFA,OnDemand,Interruptible,Spot,US-East,US,DIF,T2IF,T1,1.5723,False,,Available,v2.2.1,panel
2026-07-01,azure,a100-sxm-80gb,A100,80GB,SXM,IB-HDR,OnDemand,NonInterruptible,OnDemand,US-East,US,HIF,T2IF,T1,4.0963,True,local-nvme;managed-ops-plane;support-tier;observability,Available,v2.2.1,panel
2026-07-01,azure,a100-sxm-80gb,A100,80GB,SXM,IB-HDR,1Y,NonInterruptible,Reserved,US-East,US,HIF,T2IF,T1,2.6216,True,local-nvme;managed-ops-plane;support-tier;observability,Available,v2.2.1,panel
2026-07-01,azure,a100-sxm-80gb,A100,80GB,SXM,IB-HDR,3Y,NonInterruptible,Reserved,US-East,US,HIF,T2IF,T1,1.8024,True,local-nvme;managed-ops-plane;support-tier;observability,Available,v2.2.1,panel
2026-07-01,coreweave,a100-sxm-80gb,A100,80GB,SXM,IB-HDR,OnDemand,NonInterruptible,OnDemand,US-East,US,IIF,T2IF,T2,2.7000,True,local-nvme;free-egress;support-tier;observability;managed-ops-plane,Available,v2.2.1,panel
2026-07-01,coreweave,a100-sxm-80gb,A100,80GB,SXM,IB-HDR,OnDemand,Interruptible,Spot,US-East,US,DIF,T2IF,T2,1.2063,True,local-nvme;free-egress;support-tier;observability;managed-ops-plane,Available,v2.2.1,panel
2026-07-01,crusoe,a100-sxm-80gb,A100,80GB,SXM,IB-HDR,OnDemand,NonInterruptible,OnDemand,US-East,US,IIF,T2IF,T2,2.3000,True,local-nvme;free-egress,Available,v2.2.1,panel
2026-07-01,datacrunch,a100-sxm-80gb,A100,80GB,SXM,IB-HDR,OnDemand,NonInterruptible,OnDemand,EU,EU,SIF,T2IF,T2,1.7900,True,local-nvme,Available,v2.2.1,panel
2026-07-01,datacrunch,a100-sxm-80gb,A100,80GB,SXM,IB-HDR,OnDemand,Interruptible,Spot,EU,EU,DIF,T2IF,T2,0.6265,True,local-nvme,Available,v2.2.1,panel
2026-07-01,denvr,a100-sxm-80gb,A100,80GB,SXM,IB-HDR,OnDemand,NonInterruptible,OnDemand,Other,Other,SIF,T2IF,T2,1.3000,True,local-nvme,Available,v2.2.1,panel
2026-07-01,e2e,a100-sxm-80gb,A100,80GB,SXM,IB-NDR,OnDemand,NonInterruptible,OnDemand,APAC,APAC,IIF,T2IF,T2,2.1000,True,managed-ops-plane,Available,v2.2.1,panel
2026-07-01,gcore,a100-sxm-80gb,A100,80GB,SXM,Unknown,OnDemand,NonInterruptible,OnDemand,EU,EU,IIF,T2IF,T2,1.4456,False,,Available,v2.2.1,panel
2026-07-01,hyperstack,a100-sxm-80gb,A100,80GB,SXM,Ethernet,OnDemand,NonInterruptible,OnDemand,Other,Other,SIF,,T2,1.6000,True,local-nvme,Available,v2.2.1,panel
2026-07-01,jarvislabs,a100-sxm-80gb,A100,80GB,SXM,Unknown,OnDemand,NonInterruptible,OnDemand,APAC,APAC,IIF,T3IF,T2,1.4900,False,,Available,v2.2.1,panel
2026-07-01,lambda,a100-sxm-80gb,A100,80GB,SXM,Unknown,OnDemand,NonInterruptible,OnDemand,US-East,US,IIF,T3IF,T2,2.7900,True,local-nvme,Available,v2.2.1,panel
2026-07-01,massed_compute,a100-sxm-80gb,A100,80GB,SXM,Unknown,OnDemand,NonInterruptible,OnDemand,US-East,US,DIF,T3IF,T3,1.3800,False,,Available,v2.2.1,panel
2026-07-01,oci,a100-sxm-80gb,A100,80GB,SXM,RoCE-v2,OnDemand,NonInterruptible,OnDemand,US-East,US,HIF,T2IF,T1,4.0000,True,local-nvme;egress-capped;managed-ops-plane;support-tier;observability,Available,v2.2.1,panel
2026-07-01,qubrid,a100-sxm-80gb,A100,80GB,SXM,Unknown,OnDemand,NonInterruptible,OnDemand,Other,Other,SIF,T2IF,T2,1.3800,False,,Available,v2.2.1,panel
2026-07-01,qubrid,a100-sxm-80gb,A100,80GB,SXM,Unknown,1Y,NonInterruptible,Reserved,Other,Other,SIF,T2IF,T2,1.3500,False,,Available,v2.2.1,panel
2026-07-01,runpod_cluster,a100-sxm-80gb,A100,80GB,SXM,IB-HDR,OnDemand,NonInterruptible,OnDemand,Other,Other,DIF,T2IF,T3,1.7880,True,local-nvme,Available,v2.2.1,panel
2026-07-01,runpod_community,a100-sxm-80gb,A100,80GB,SXM,Unknown,OnDemand,NonInterruptible,OnDemand,Other,Other,DIF,T3IF,T3,1.3900,False,,Available,v2.2.1,panel
2026-07-01,runpod_secure,a100-sxm-80gb,A100,80GB,SXM,IB-HDR,OnDemand,NonInterruptible,OnDemand,Other,Other,DIF,T2IF,T3,1.4900,True,local-nvme,Available,v2.2.1,panel
2026-07-01,runpod_secure,a100-sxm-80gb,A100,80GB,SXM,IB-HDR,1Y,NonInterruptible,Reserved,Other,Other,DIF,T2IF,T3,1.2200,True,local-nvme,Available,v2.2.1,panel
2026-07-01,runpod_secure,a100-sxm-80gb,A100,80GB,SXM,IB-HDR,3M,NonInterruptible,Reserved,Other,Other,DIF,T2IF,T3,1.3000,True,local-nvme,Available,v2.2.1,panel
2026-07-01,runpod_secure,a100-sxm-80gb,A100,80GB,SXM,IB-HDR,6M,NonInterruptible,Reserved,Other,Other,DIF,T2IF,T3,1.2700,True,local-nvme,Available,v2.2.1,panel
2026-07-01,runpod_secure,a100-sxm-80gb,A100,80GB,SXM,IB-HDR,OnDemand,Interruptible,Spot,Other,Other,DIF,T2IF,T3,1.3900,True,local-nvme,Available,v2.2.1,panel
2026-07-01,sesterce,a100-sxm-80gb,A100,80GB,SXM,Unknown,OnDemand,NonInterruptible,OnDemand,Other,Other,IIF,T2IF,T2,1.4850,False,,Available,v2.2.1,panel
2026-07-01,tensordock,a100-sxm-80gb,A100,80GB,SXM,Unknown,OnDemand,NonInterruptible,OnDemand,Other,Other,DIF,T3IF,T3,1.2000,False,,Available,v2.2.1,panel
2026-07-01,vast_ai,a100-sxm-80gb,A100,80GB,SXM,Unknown,OnDemand,NonInterruptible,OnDemand,APAC,APAC,DIF,T3IF,T3,0.4000,True,local-nvme,Available,v2.2.1,marketplace
2026-07-01,vast_ai,a100-sxm-80gb,A100,80GB,SXM,Unknown,OnDemand,NonInterruptible,OnDemand,US-West,US,DIF,T3IF,T3,0.6667,True,local-nvme,Available,v2.2.1,marketplace
2026-07-01,vast_ai,a100-sxm-80gb,A100,80GB,SXM,Unknown,OnDemand,NonInterruptible,OnDemand,Other,Other,DIF,T3IF,T3,1.3000,True,local-nvme,Available,v2.2.1,marketplace
2026-07-01,vast_ai,a100-sxm-80gb,A100,80GB,SXM,Unknown,OnDemand,NonInterruptible,OnDemand,US-Central,US,DIF,T3IF,T3,0.4000,True,local-nvme,Available,v2.2.1,marketplace
2026-07-01,vultr,a100-sxm-80gb,A100,80GB,SXM,Unknown,OnDemand,NonInterruptible,OnDemand,Other,Other,SIF,T2IF,T2,2.8000,False,,Available,v2.2.1,panel
2026-07-01,vultr,a100-sxm-80gb,A100,80GB,SXM,Unknown,OnDemand,Interruptible,Spot,Other,Other,DIF,T2IF,T2,1.4900,False,,Available,v2.2.1,panel
2026-07-02,atlas_cloud,a100-sxm-80gb,A100,80GB,SXM,Unknown,OnDemand,NonInterruptible,OnDemand,US-East,US,IIF,T2IF,T2,1.3500,False,,Available,v2.2.1,panel
2026-07-02,aws,a100-sxm-80gb,A100,80GB,SXM,EFA,OnDemand,NonInterruptible,OnDemand,US-East,US,HIF,T2IF,T1,3.4309,True,local-nvme;managed-ops-plane;support-tier;observability,Available,v2.2.1,panel
2026-07-02,aws,a100-sxm-80gb,A100,80GB,SXM,EFA,1Y,NonInterruptible,Reserved,US-East,US,HIF,T2IF,T1,2.1752,True,local-nvme;managed-ops-plane;support-tier;observability,Available,v2.2.1,panel
2026-07-02,aws,a100-sxm-80gb,A100,80GB,SXM,EFA,3Y,NonInterruptible,Reserved,US-East,US,HIF,T2IF,T1,1.4647,True,local-nvme;managed-ops-plane;support-tier;observability,Available,v2.2.1,panel
2026-07-02,aws,a100-sxm-80gb,A100,80GB,SXM,EFA,OnDemand,Interruptible,Spot,US-East,US,DIF,T2IF,T1,1.9021,False,,Available,v2.2.1,panel
2026-07-02,aws,a100-sxm-80gb,A100,80GB,SXM,EFA,OnDemand,Interruptible,Spot,US-West,US,DIF,T2IF,T1,1.9363,False,,Available,v2.2.1,panel
2026-07-02,azure,a100-sxm-80gb,A100,80GB,SXM,IB-HDR,OnDemand,NonInterruptible,OnDemand,US-East,US,HIF,T2IF,T1,4.0963,True,local-nvme;managed-ops-plane;support-tier;observability,Available,v2.2.1,panel
2026-07-02,azure,a100-sxm-80gb,A100,80GB,SXM,IB-HDR,1Y,NonInterruptible,Reserved,US-East,US,HIF,T2IF,T1,2.6216,True,local-nvme;managed-ops-plane;support-tier;observability,Available,v2.2.1,panel
2026-07-02,azure,a100-sxm-80gb,A100,80GB,SXM,IB-HDR,3Y,NonInterruptible,Reserved,US-East,US,HIF,T2IF,T1,1.8024,True,local-nvme;managed-ops-plane;support-tier;observability,Available,v2.2.1,panel
2026-07-02,coreweave,a100-sxm-80gb,A100,80GB,SXM,IB-HDR,OnDemand,NonInterruptible,OnDemand,US-East,US,IIF,T2IF,T2,2.7000,True,local-nvme;free-egress;support-tier;observability;managed-ops-plane,Available,v2.2.1,panel
2026-07-02,coreweave,a100-sxm-80gb,A100,80GB,SXM,IB-HDR,OnDemand,Interruptible,Spot,US-East,US,DIF,T2IF,T2,1.2063,True,local-nvme;free-egress;support-tier;observability;managed-ops-plane,Available,v2.2.1,panel
2026-07-02,crusoe,a100-sxm-80gb,A100,80GB,SXM,IB-HDR,OnDemand,NonInterruptible,OnDemand,US-East,US,IIF,T2IF,T2,2.3000,True,local-nvme;free-egress,Available,v2.2.1,panel
2026-07-02,cyfuture,a100-sxm-80gb,A100,80GB,SXM,Unknown,1Y,NonInterruptible,Reserved,APAC,APAC,IIF,T2IF,T2,2.0800,False,,Available,v2.2.1,panel
2026-07-02,cyfuture,a100-sxm-80gb,A100,80GB,SXM,Unknown,6M,NonInterruptible,Reserved,APAC,APAC,IIF,T2IF,T2,2.1600,False,,Available,v2.2.1,panel
2026-07-02,datacrunch,a100-sxm-80gb,A100,80GB,SXM,IB-HDR,OnDemand,NonInterruptible,OnDemand,EU,EU,SIF,T2IF,T2,1.7900,True,local-nvme,Available,v2.2.1,panel
2026-07-02,datacrunch,a100-sxm-80gb,A100,80GB,SXM,IB-HDR,1M,NonInterruptible,Reserved,EU,EU,SIF,T2IF,T2,1.7542,True,local-nvme,Available,v2.2.1,panel
2026-07-02,datacrunch,a100-sxm-80gb,A100,80GB,SXM,IB-HDR,1Y,NonInterruptible,Reserved,EU,EU,SIF,T2IF,T2,1.6468,True,local-nvme,Available,v2.2.1,panel
2026-07-02,datacrunch,a100-sxm-80gb,A100,80GB,SXM,IB-HDR,2Y,NonInterruptible,Reserved,EU,EU,SIF,T2IF,T2,1.3425,True,local-nvme,Available,v2.2.1,panel
2026-07-02,datacrunch,a100-sxm-80gb,A100,80GB,SXM,IB-HDR,3M,NonInterruptible,Reserved,EU,EU,SIF,T2IF,T2,1.7363,True,local-nvme,Available,v2.2.1,panel
2026-07-02,datacrunch,a100-sxm-80gb,A100,80GB,SXM,IB-HDR,6M,NonInterruptible,Reserved,EU,EU,SIF,T2IF,T2,1.7184,True,local-nvme,Available,v2.2.1,panel
2026-07-02,datacrunch,a100-sxm-80gb,A100,80GB,SXM,IB-HDR,OnDemand,Interruptible,Spot,EU,EU,DIF,T2IF,T2,0.6265,True,local-nvme,Available,v2.2.1,panel
2026-07-02,denvr,a100-sxm-80gb,A100,80GB,SXM,IB-HDR,OnDemand,NonInterruptible,OnDemand,Other,Other,SIF,T2IF,T2,1.3000,True,local-nvme,Available,v2.2.1,panel
2026-07-02,e2e,a100-sxm-80gb,A100,80GB,SXM,IB-NDR,OnDemand,NonInterruptible,OnDemand,APAC,APAC,IIF,T2IF,T2,2.1000,True,managed-ops-plane,Available,v2.2.1,panel
2026-07-02,e2e,a100-sxm-80gb,A100,80GB,SXM,IB-NDR,1M,NonInterruptible,Reserved,APAC,APAC,IIF,T2IF,T2,1.5319,True,managed-ops-plane,Available,v2.2.1,panel
2026-07-02,e2e,a100-sxm-80gb,A100,80GB,SXM,IB-NDR,1Y,NonInterruptible,Reserved,APAC,APAC,IIF,T2IF,T2,1.2050,True,managed-ops-plane,Available,v2.2.1,panel
2026-07-02,e2e,a100-sxm-80gb,A100,80GB,SXM,IB-NDR,3M,NonInterruptible,Reserved,APAC,APAC,IIF,T2IF,T2,1.4852,True,managed-ops-plane,Available,v2.2.1,panel
2026-07-02,e2e,a100-sxm-80gb,A100,80GB,SXM,IB-NDR,6M,NonInterruptible,Reserved,APAC,APAC,IIF,T2IF,T2,1.3092,True,managed-ops-plane,Available,v2.2.1,panel
2026-07-02,gcore,a100-sxm-80gb,A100,80GB,SXM,Unknown,OnDemand,NonInterruptible,OnDemand,EU,EU,IIF,T2IF,T2,1.4477,False,,Available,v2.2.1,panel
2026-07-02,hyperstack,a100-sxm-80gb,A100,80GB,SXM,Ethernet,OnDemand,NonInterruptible,OnDemand,Other,Other,SIF,,T2,1.6000,True,local-nvme,Available,v2.2.1,panel
2026-07-02,hyperstack,a100-sxm-80gb,A100,80GB,SXM,Ethernet,6M,NonInterruptible,Reserved,Other,Other,SIF,,T2,1.3600,True,local-nvme,Available,v2.2.1,panel
2026-07-02,ionet,a100-sxm-80gb,A100,80GB,SXM,Unknown,OnDemand,NonInterruptible,OnDemand,EU,EU,DIF,T3IF,T3,1.9334,False,,Available,v2.2.1,panel
2026-07-02,ionet,a100-sxm-80gb,A100,80GB,SXM,Unknown,OnDemand,NonInterruptible,OnDemand,US-East,US,DIF,T3IF,T3,1.3125,False,,Available,v2.2.1,panel
2026-07-02,jarvislabs,a100-sxm-80gb,A100,80GB,SXM,Unknown,OnDemand,NonInterruptible,OnDemand,APAC,APAC,IIF,T3IF,T2,1.4900,False,,Available,v2.2.1,panel
2026-07-02,lambda,a100-sxm-80gb,A100,80GB,SXM,Unknown,OnDemand,NonInterruptible,OnDemand,US-East,US,IIF,T3IF,T2,2.7900,True,local-nvme,Available,v2.2.1,panel
2026-07-02,massed_compute,a100-sxm-80gb,A100,80GB,SXM,Unknown,OnDemand,NonInterruptible,OnDemand,US-East,US,DIF,T3IF,T3,1.3800,False,,Available,v2.2.1,panel
2026-07-02,oci,a100-sxm-80gb,A100,80GB,SXM,RoCE-v2,OnDemand,NonInterruptible,OnDemand,US-East,US,HIF,T2IF,T1,4.0000,True,local-nvme;egress-capped;managed-ops-plane;support-tier;observability,Available,v2.2.1,panel
2026-07-02,qubrid,a100-sxm-80gb,A100,80GB,SXM,Unknown,OnDemand,NonInterruptible,OnDemand,Other,Other,SIF,T2IF,T2,1.3800,False,,Available,v2.2.1,panel
2026-07-02,qubrid,a100-sxm-80gb,A100,80GB,SXM,Unknown,1Y,NonInterruptible,Reserved,Other,Other,SIF,T2IF,T2,1.3500,False,,Available,v2.2.1,panel
2026-07-02,runpod_cluster,a100-sxm-80gb,A100,80GB,SXM,IB-HDR,OnDemand,NonInterruptible,OnDemand,Other,Other,DIF,T2IF,T3,1.7880,True,local-nvme,Available,v2.2.1,panel
2026-07-02,runpod_community,a100-sxm-80gb,A100,80GB,SXM,Unknown,OnDemand,NonInterruptible,OnDemand,Other,Other,DIF,T3IF,T3,1.3900,False,,Available,v2.2.1,panel
2026-07-02,runpod_secure,a100-sxm-80gb,A100,80GB,SXM,IB-HDR,OnDemand,NonInterruptible,OnDemand,Other,Other,DIF,T2IF,T3,1.4900,True,local-nvme,Available,v2.2.1,panel
2026-07-02,runpod_secure,a100-sxm-80gb,A100,80GB,SXM,IB-HDR,1Y,NonInterruptible,Reserved,Other,Other,DIF,T2IF,T3,1.2200,True,local-nvme,Available,v2.2.1,panel
2026-07-02,runpod_secure,a100-sxm-80gb,A100,80GB,SXM,IB-HDR,3M,NonInterruptible,Reserved,Other,Other,DIF,T2IF,T3,1.3000,True,local-nvme,Available,v2.2.1,panel
2026-07-02,runpod_secure,a100-sxm-80gb,A100,80GB,SXM,IB-HDR,6M,NonInterruptible,Reserved,Other,Other,DIF,T2IF,T3,1.2700,True,local-nvme,Available,v2.2.1,panel
2026-07-02,runpod_secure,a100-sxm-80gb,A100,80GB,SXM,IB-HDR,OnDemand,Interruptible,Spot,Other,Other,DIF,T2IF,T3,1.3900,True,local-nvme,Available,v2.2.1,panel
2026-07-02,sesterce,a100-sxm-80gb,A100,80GB,SXM,Unknown,OnDemand,NonInterruptible,OnDemand,Other,Other,IIF,T2IF,T2,1.4850,False,,Available,v2.2.1,panel
2026-07-02,spheron,a100-sxm-80gb,A100,80GB,SXM,Unknown,OnDemand,NonInterruptible,OnDemand,US-East,US,DIF,T3IF,T3,1.6905,False,,Available,v2.2.1,panel
2026-07-02,spheron,a100-sxm-80gb,A100,80GB,SXM,Unknown,OnDemand,NonInterruptible,OnDemand,US-Central,US,DIF,T3IF,T3,1.8216,False,,Available,v2.2.1,panel
2026-07-02,spheron,a100-sxm-80gb,A100,80GB,SXM,Unknown,OnDemand,NonInterruptible,OnDemand,EU,EU,DIF,T3IF,T3,2.4519,False,,Available,v2.2.1,panel
2026-07-02,spheron,a100-sxm-80gb,A100,80GB,SXM,Unknown,OnDemand,NonInterruptible,OnDemand,US-South,US,DIF,T3IF,T3,2.0130,False,,Available,v2.2.1,panel
2026-07-02,spheron,a100-sxm-80gb,A100,80GB,SXM,Unknown,OnDemand,NonInterruptible,OnDemand,Other,Other,DIF,T3IF,T3,1.8480,False,,Available,v2.2.1,panel
2026-07-02,spheron,a100-sxm-80gb,A100,80GB,SXM,Unknown,OnDemand,NonInterruptible,OnDemand,US-West,US,DIF,T3IF,T3,2.6268,False,,Available,v2.2.1,panel
2026-07-02,spheron,a100-sxm-80gb,A100,80GB,SXM,Unknown,OnDemand,Interruptible,Spot,EU,EU,DIF,T3IF,T3,0.7917,False,,Available,v2.2.1,panel
2026-07-02,tensordock,a100-sxm-80gb,A100,80GB,SXM,Unknown,OnDemand,NonInterruptible,OnDemand,Other,Other,DIF,T3IF,T3,1.2000,False,,Available,v2.2.1,panel
2026-07-02,vast_ai,a100-sxm-80gb,A100,80GB,SXM,Unknown,OnDemand,NonInterruptible,OnDemand,APAC,APAC,DIF,T3IF,T3,1.0573,True,local-nvme,Available,v2.2.1,marketplace
2026-07-02,vast_ai,a100-sxm-80gb,A100,80GB,SXM,Unknown,OnDemand,NonInterruptible,OnDemand,Other,Other,DIF,T3IF,T3,1.3000,True,local-nvme,Available,v2.2.1,marketplace
2026-07-02,vast_ai,a100-sxm-80gb,A100,80GB,SXM,Unknown,OnDemand,NonInterruptible,OnDemand,EU,EU,DIF,T3IF,T3,0.8000,True,local-nvme,Available,v2.2.1,marketplace
2026-07-02,vast_ai,a100-sxm-80gb,A100,80GB,SXM,Unknown,OnDemand,NonInterruptible,OnDemand,US-Central,US,DIF,T3IF,T3,0.4000,True,local-nvme,Available,v2.2.1,marketplace
2026-07-02,vultr,a100-sxm-80gb,A100,80GB,SXM,Unknown,OnDemand,NonInterruptible,OnDemand,Other,Other,SIF,T2IF,T2,2.8000,False,,Available,v2.2.1,panel
2026-07-02,vultr,a100-sxm-80gb,A100,80GB,SXM,Unknown,OnDemand,Interruptible,Spot,Other,Other,DIF,T2IF,T2,1.4900,False,,Available,v2.2.1,panel
2026-07-03,atlas_cloud,a100-sxm-80gb,A100,80GB,SXM,Unknown,OnDemand,NonInterruptible,OnDemand,US-East,US,IIF,T2IF,T2,1.3500,False,,Available,v2.2.1,panel
2026-07-03,aws,a100-sxm-80gb,A100,80GB,SXM,EFA,OnDemand,NonInterruptible,OnDemand,US-East,US,HIF,T2IF,T1,3.4309,True,local-nvme;managed-ops-plane;support-tier;observability,Available,v2.2.1,panel
2026-07-03,aws,a100-sxm-80gb,A100,80GB,SXM,EFA,1Y,NonInterruptible,Reserved,US-East,US,HIF,T2IF,T1,2.1752,True,local-nvme;managed-ops-plane;support-tier;observability,Available,v2.2.1,panel
2026-07-03,aws,a100-sxm-80gb,A100,80GB,SXM,EFA,3Y,NonInterruptible,Reserved,US-East,US,HIF,T2IF,T1,1.4647,True,local-nvme;managed-ops-plane;support-tier;observability,Available,v2.2.1,panel
2026-07-03,aws,a100-sxm-80gb,A100,80GB,SXM,EFA,OnDemand,Interruptible,Spot,US-West,US,DIF,T2IF,T1,1.9397,False,,Available,v2.2.1,panel
2026-07-03,aws,a100-sxm-80gb,A100,80GB,SXM,EFA,OnDemand,Interruptible,Spot,US-East,US,DIF,T2IF,T1,1.9079,False,,Available,v2.2.1,panel
2026-07-03,azure,a100-sxm-80gb,A100,80GB,SXM,IB-HDR,OnDemand,NonInterruptible,OnDemand,US-East,US,HIF,T2IF,T1,4.0963,True,local-nvme;managed-ops-plane;support-tier;observability,Available,v2.2.1,panel
2026-07-03,azure,a100-sxm-80gb,A100,80GB,SXM,IB-HDR,1Y,NonInterruptible,Reserved,US-East,US,HIF,T2IF,T1,2.6216,True,local-nvme;managed-ops-plane;support-tier;observability,Available,v2.2.1,panel
2026-07-03,azure,a100-sxm-80gb,A100,80GB,SXM,IB-HDR,3Y,NonInterruptible,Reserved,US-East,US,HIF,T2IF,T1,1.8024,True,local-nvme;managed-ops-plane;support-tier;observability,Available,v2.2.1,panel
2026-07-03,coreweave,a100-sxm-80gb,A100,80GB,SXM,IB-HDR,OnDemand,NonInterruptible,OnDemand,US-East,US,IIF,T2IF,T2,2.7000,True,local-nvme;free-egress;support-tier;observability;managed-ops-plane,Available,v2.2.1,panel
2026-07-03,coreweave,a100-sxm-80gb,A100,80GB,SXM,IB-HDR,OnDemand,Interruptible,Spot,US-East,US,DIF,T2IF,T2,1.2063,True,local-nvme;free-egress;support-tier;observability;managed-ops-plane,Available,v2.2.1,panel
2026-07-03,crusoe,a100-sxm-80gb,A100,80GB,SXM,IB-HDR,OnDemand,NonInterruptible,OnDemand,US-East,US,IIF,T2IF,T2,2.3000,True,local-nvme;free-egress,Available,v2.2.1,panel
2026-07-03,cyfuture,a100-sxm-80gb,A100,80GB,SXM,Unknown,1Y,NonInterruptible,Reserved,APAC,APAC,IIF,T2IF,T2,2.0800,False,,Available,v2.2.1,panel
2026-07-03,cyfuture,a100-sxm-80gb,A100,80GB,SXM,Unknown,6M,NonInterruptible,Reserved,APAC,APAC,IIF,T2IF,T2,2.1600,False,,Available,v2.2.1,panel
2026-07-03,datacrunch,a100-sxm-80gb,A100,80GB,SXM,IB-HDR,OnDemand,NonInterruptible,OnDemand,EU,EU,SIF,T2IF,T2,1.7900,True,local-nvme,Available,v2.2.1,panel
2026-07-03,datacrunch,a100-sxm-80gb,A100,80GB,SXM,IB-HDR,1M,NonInterruptible,Reserved,EU,EU,SIF,T2IF,T2,1.7542,True,local-nvme,Available,v2.2.1,panel
2026-07-03,datacrunch,a100-sxm-80gb,A100,80GB,SXM,IB-HDR,1Y,NonInterruptible,Reserved,EU,EU,SIF,T2IF,T2,1.6468,True,local-nvme,Available,v2.2.1,panel
2026-07-03,datacrunch,a100-sxm-80gb,A100,80GB,SXM,IB-HDR,2Y,NonInterruptible,Reserved,EU,EU,SIF,T2IF,T2,1.3425,True,local-nvme,Available,v2.2.1,panel
2026-07-03,datacrunch,a100-sxm-80gb,A100,80GB,SXM,IB-HDR,3M,NonInterruptible,Reserved,EU,EU,SIF,T2IF,T2,1.7363,True,local-nvme,Available,v2.2.1,panel
2026-07-03,datacrunch,a100-sxm-80gb,A100,80GB,SXM,IB-HDR,6M,NonInterruptible,Reserved,EU,EU,SIF,T2IF,T2,1.7184,True,local-nvme,Available,v2.2.1,panel
2026-07-03,datacrunch,a100-sxm-80gb,A100,80GB,SXM,IB-HDR,OnDemand,Interruptible,Spot,EU,EU,DIF,T2IF,T2,0.6265,True,local-nvme,Available,v2.2.1,panel
2026-07-03,denvr,a100-sxm-80gb,A100,80GB,SXM,IB-HDR,OnDemand,NonInterruptible,OnDemand,Other,Other,SIF,T2IF,T2,1.3000,True,local-nvme,Available,v2.2.1,panel
2026-07-03,e2e,a100-sxm-80gb,A100,80GB,SXM,IB-NDR,OnDemand,NonInterruptible,OnDemand,APAC,APAC,IIF,T2IF,T2,2.1000,True,managed-ops-plane,Available,v2.2.1,panel
2026-07-03,e2e,a100-sxm-80gb,A100,80GB,SXM,IB-NDR,1M,NonInterruptible,Reserved,APAC,APAC,IIF,T2IF,T2,1.5319,True,managed-ops-plane,Available,v2.2.1,panel
2026-07-03,e2e,a100-sxm-80gb,A100,80GB,SXM,IB-NDR,1Y,NonInterruptible,Reserved,APAC,APAC,IIF,T2IF,T2,1.2050,True,managed-ops-plane,Available,v2.2.1,panel
2026-07-03,e2e,a100-sxm-80gb,A100,80GB,SXM,IB-NDR,3M,NonInterruptible,Reserved,APAC,APAC,IIF,T2IF,T2,1.4852,True,managed-ops-plane,Available,v2.2.1,panel
2026-07-03,e2e,a100-sxm-80gb,A100,80GB,SXM,IB-NDR,6M,NonInterruptible,Reserved,APAC,APAC,IIF,T2IF,T2,1.3092,True,managed-ops-plane,Available,v2.2.1,panel
2026-07-03,hyperstack,a100-sxm-80gb,A100,80GB,SXM,Ethernet,OnDemand,NonInterruptible,OnDemand,Other,Other,SIF,,T2,1.6000,True,local-nvme,Available,v2.2.1,panel
2026-07-03,hyperstack,a100-sxm-80gb,A100,80GB,SXM,Ethernet,6M,NonInterruptible,Reserved,Other,Other,SIF,,T2,1.3600,True,local-nvme,Available,v2.2.1,panel
2026-07-03,ionet,a100-sxm-80gb,A100,80GB,SXM,Unknown,OnDemand,NonInterruptible,OnDemand,US-East,US,DIF,T3IF,T3,1.3125,False,,Available,v2.2.1,panel
2026-07-03,ionet,a100-sxm-80gb,A100,80GB,SXM,Unknown,OnDemand,NonInterruptible,OnDemand,EU,EU,DIF,T3IF,T3,1.9874,False,,Available,v2.2.1,panel
2026-07-03,jarvislabs,a100-sxm-80gb,A100,80GB,SXM,Unknown,OnDemand,NonInterruptible,OnDemand,APAC,APAC,IIF,T3IF,T2,1.4900,False,,Available,v2.2.1,panel
2026-07-03,lambda,a100-sxm-80gb,A100,80GB,SXM,Unknown,OnDemand,NonInterruptible,OnDemand,US-East,US,IIF,T3IF,T2,2.7900,True,local-nvme,Available,v2.2.1,panel
2026-07-03,massed_compute,a100-sxm-80gb,A100,80GB,SXM,Unknown,OnDemand,NonInterruptible,OnDemand,US-East,US,DIF,T3IF,T3,1.3800,False,,Available,v2.2.1,panel
2026-07-03,oci,a100-sxm-80gb,A100,80GB,SXM,RoCE-v2,OnDemand,NonInterruptible,OnDemand,US-East,US,HIF,T2IF,T1,4.0000,True,local-nvme;egress-capped;managed-ops-plane;support-tier;observability,Available,v2.2.1,panel
2026-07-03,qubrid,a100-sxm-80gb,A100,80GB,SXM,Unknown,OnDemand,NonInterruptible,OnDemand,Other,Other,SIF,T2IF,T2,1.3800,False,,Available,v2.2.1,panel
2026-07-03,qubrid,a100-sxm-80gb,A100,80GB,SXM,Unknown,1Y,NonInterruptible,Reserved,Other,Other,SIF,T2IF,T2,1.3500,False,,Available,v2.2.1,panel
2026-07-03,runpod_cluster,a100-sxm-80gb,A100,80GB,SXM,IB-HDR,OnDemand,NonInterruptible,OnDemand,Other,Other,DIF,T2IF,T3,1.7880,True,local-nvme,Available,v2.2.1,panel
2026-07-03,runpod_community,a100-sxm-80gb,A100,80GB,SXM,Unknown,OnDemand,NonInterruptible,OnDemand,Other,Other,DIF,T3IF,T3,1.3900,False,,Available,v2.2.1,panel
2026-07-03,runpod_secure,a100-sxm-80gb,A100,80GB,SXM,IB-HDR,OnDemand,NonInterruptible,OnDemand,Other,Other,DIF,T2IF,T3,1.4900,True,local-nvme,Available,v2.2.1,panel
2026-07-03,runpod_secure,a100-sxm-80gb,A100,80GB,SXM,IB-HDR,1Y,NonInterruptible,Reserved,Other,Other,DIF,T2IF,T3,1.2200,True,local-nvme,Available,v2.2.1,panel
2026-07-03,runpod_secure,a100-sxm-80gb,A100,80GB,SXM,IB-HDR,3M,NonInterruptible,Reserved,Other,Other,DIF,T2IF,T3,1.3000,True,local-nvme,Available,v2.2.1,panel
2026-07-03,runpod_secure,a100-sxm-80gb,A100,80GB,SXM,IB-HDR,6M,NonInterruptible,Reserved,Other,Other,DIF,T2IF,T3,1.2700,True,local-nvme,Available,v2.2.1,panel
2026-07-03,runpod_secure,a100-sxm-80gb,A100,80GB,SXM,IB-HDR,OnDemand,Interruptible,Spot,Other,Other,DIF,T2IF,T3,1.3900,True,local-nvme,Available,v2.2.1,panel
2026-07-03,sesterce,a100-sxm-80gb,A100,80GB,SXM,Unknown,OnDemand,NonInterruptible,OnDemand,Other,Other,IIF,T2IF,T2,1.4850,False,,Available,v2.2.1,panel
2026-07-03,spheron,a100-sxm-80gb,A100,80GB,SXM,Unknown,OnDemand,NonInterruptible,OnDemand,US-South,US,DIF,T3IF,T3,1.8480,False,,Available,v2.2.1,panel
2026-07-03,spheron,a100-sxm-80gb,A100,80GB,SXM,Unknown,OnDemand,NonInterruptible,OnDemand,US-West,US,DIF,T3IF,T3,2.6268,False,,Available,v2.2.1,panel
2026-07-03,spheron,a100-sxm-80gb,A100,80GB,SXM,Unknown,OnDemand,NonInterruptible,OnDemand,EU,EU,DIF,T3IF,T3,2.4519,False,,Available,v2.2.1,panel
2026-07-03,spheron,a100-sxm-80gb,A100,80GB,SXM,Unknown,OnDemand,NonInterruptible,OnDemand,Other,Other,DIF,T3IF,T3,1.8480,False,,Available,v2.2.1,panel
2026-07-03,spheron,a100-sxm-80gb,A100,80GB,SXM,Unknown,OnDemand,NonInterruptible,OnDemand,US-East,US,DIF,T3IF,T3,3.6828,False,,Available,v2.2.1,panel
2026-07-03,spheron,a100-sxm-80gb,A100,80GB,SXM,Unknown,OnDemand,NonInterruptible,OnDemand,US-Central,US,DIF,T3IF,T3,3.6828,False,,Available,v2.2.1,panel
2026-07-03,tensordock,a100-sxm-80gb,A100,80GB,SXM,Unknown,OnDemand,NonInterruptible,OnDemand,Other,Other,DIF,T3IF,T3,1.2000,False,,Available,v2.2.1,panel
2026-07-03,vast_ai,a100-sxm-80gb,A100,80GB,SXM,Unknown,OnDemand,NonInterruptible,OnDemand,Other,Other,DIF,T3IF,T3,1.3333,True,local-nvme,Available,v2.2.1,marketplace
2026-07-03,vast_ai,a100-sxm-80gb,A100,80GB,SXM,Unknown,OnDemand,NonInterruptible,OnDemand,US-Central,US,DIF,T3IF,T3,1.0667,True,local-nvme,Available,v2.2.1,marketplace
2026-07-03,vast_ai,a100-sxm-80gb,A100,80GB,SXM,Unknown,OnDemand,NonInterruptible,OnDemand,APAC,APAC,DIF,T3IF,T3,0.9172,True,local-nvme,Available,v2.2.1,marketplace
2026-07-03,vast_ai,a100-sxm-80gb,A100,80GB,SXM,Unknown,OnDemand,NonInterruptible,OnDemand,EU,EU,DIF,T3IF,T3,1.0667,True,local-nvme,Available,v2.2.1,marketplace
2026-07-03,vultr,a100-sxm-80gb,A100,80GB,SXM,Unknown,OnDemand,NonInterruptible,OnDemand,Other,Other,SIF,T2IF,T2,2.8000,False,,Available,v2.2.1,panel
2026-07-03,vultr,a100-sxm-80gb,A100,80GB,SXM,Unknown,OnDemand,Interruptible,Spot,Other,Other,DIF,T2IF,T2,1.4900,False,,Available,v2.2.1,panel
2026-07-04,atlas_cloud,a100-sxm-80gb,A100,80GB,SXM,Unknown,OnDemand,NonInterruptible,OnDemand,US-East,US,IIF,T2IF,T2,1.3500,False,,Available,v2.2.1,panel
2026-07-04,aws,a100-sxm-80gb,A100,80GB,SXM,EFA,OnDemand,NonInterruptible,OnDemand,US-East,US,HIF,T2IF,T1,3.4309,True,local-nvme;managed-ops-plane;support-tier;observability,Available,v2.2.1,panel
2026-07-04,aws,a100-sxm-80gb,A100,80GB,SXM,EFA,1Y,NonInterruptible,Reserved,US-East,US,HIF,T2IF,T1,2.1752,True,local-nvme;managed-ops-plane;support-tier;observability,Available,v2.2.1,panel
2026-07-04,aws,a100-sxm-80gb,A100,80GB,SXM,EFA,3Y,NonInterruptible,Reserved,US-East,US,HIF,T2IF,T1,1.4647,True,local-nvme;managed-ops-plane;support-tier;observability,Available,v2.2.1,panel
2026-07-04,aws,a100-sxm-80gb,A100,80GB,SXM,EFA,OnDemand,Interruptible,Spot,US-East,US,DIF,T2IF,T1,1.9370,False,,Available,v2.2.1,panel
2026-07-04,aws,a100-sxm-80gb,A100,80GB,SXM,EFA,OnDemand,Interruptible,Spot,US-West,US,DIF,T2IF,T1,1.9937,False,,Available,v2.2.1,panel
2026-07-04,azure,a100-sxm-80gb,A100,80GB,SXM,IB-HDR,OnDemand,NonInterruptible,OnDemand,US-East,US,HIF,T2IF,T1,4.0963,True,local-nvme;managed-ops-plane;support-tier;observability,Available,v2.2.1,panel
2026-07-04,azure,a100-sxm-80gb,A100,80GB,SXM,IB-HDR,1Y,NonInterruptible,Reserved,US-East,US,HIF,T2IF,T1,2.6216,True,local-nvme;managed-ops-plane;support-tier;observability,Available,v2.2.1,panel
2026-07-04,azure,a100-sxm-80gb,A100,80GB,SXM,IB-HDR,3Y,NonInterruptible,Reserved,US-East,US,HIF,T2IF,T1,1.8024,True,local-nvme;managed-ops-plane;support-tier;observability,Available,v2.2.1,panel
2026-07-04,coreweave,a100-sxm-80gb,A100,80GB,SXM,IB-HDR,OnDemand,NonInterruptible,OnDemand,US-East,US,IIF,T2IF,T2,2.7000,True,local-nvme;free-egress;support-tier;observability;managed-ops-plane,Available,v2.2.1,panel
2026-07-04,coreweave,a100-sxm-80gb,A100,80GB,SXM,IB-HDR,OnDemand,Interruptible,Spot,US-East,US,DIF,T2IF,T2,1.2063,True,local-nvme;free-egress;support-tier;observability;managed-ops-plane,Available,v2.2.1,panel
2026-07-04,crusoe,a100-sxm-80gb,A100,80GB,SXM,IB-HDR,OnDemand,NonInterruptible,OnDemand,US-East,US,IIF,T2IF,T2,2.3000,True,local-nvme;free-egress,Available,v2.2.1,panel
2026-07-04,cyfuture,a100-sxm-80gb,A100,80GB,SXM,Unknown,1Y,NonInterruptible,Reserved,APAC,APAC,IIF,T2IF,T2,2.0800,False,,Available,v2.2.1,panel
2026-07-04,cyfuture,a100-sxm-80gb,A100,80GB,SXM,Unknown,6M,NonInterruptible,Reserved,APAC,APAC,IIF,T2IF,T2,2.1600,False,,Available,v2.2.1,panel
2026-07-04,datacrunch,a100-sxm-80gb,A100,80GB,SXM,IB-HDR,OnDemand,NonInterruptible,OnDemand,EU,EU,SIF,T2IF,T2,1.7900,True,local-nvme,Available,v2.2.1,panel
2026-07-04,datacrunch,a100-sxm-80gb,A100,80GB,SXM,IB-HDR,1M,NonInterruptible,Reserved,EU,EU,SIF,T2IF,T2,1.7542,True,local-nvme,Available,v2.2.1,panel
2026-07-04,datacrunch,a100-sxm-80gb,A100,80GB,SXM,IB-HDR,1Y,NonInterruptible,Reserved,EU,EU,SIF,T2IF,T2,1.6468,True,local-nvme,Available,v2.2.1,panel
2026-07-04,datacrunch,a100-sxm-80gb,A100,80GB,SXM,IB-HDR,2Y,NonInterruptible,Reserved,EU,EU,SIF,T2IF,T2,1.3425,True,local-nvme,Available,v2.2.1,panel
2026-07-04,datacrunch,a100-sxm-80gb,A100,80GB,SXM,IB-HDR,3M,NonInterruptible,Reserved,EU,EU,SIF,T2IF,T2,1.7363,True,local-nvme,Available,v2.2.1,panel
2026-07-04,datacrunch,a100-sxm-80gb,A100,80GB,SXM,IB-HDR,6M,NonInterruptible,Reserved,EU,EU,SIF,T2IF,T2,1.7184,True,local-nvme,Available,v2.2.1,panel
2026-07-04,datacrunch,a100-sxm-80gb,A100,80GB,SXM,IB-HDR,OnDemand,Interruptible,Spot,EU,EU,DIF,T2IF,T2,0.6265,True,local-nvme,Available,v2.2.1,panel
2026-07-04,denvr,a100-sxm-80gb,A100,80GB,SXM,IB-HDR,OnDemand,NonInterruptible,OnDemand,Other,Other,SIF,T2IF,T2,1.3000,True,local-nvme,Available,v2.2.1,panel
2026-07-04,e2e,a100-sxm-80gb,A100,80GB,SXM,IB-NDR,OnDemand,NonInterruptible,OnDemand,APAC,APAC,IIF,T2IF,T2,2.1000,True,managed-ops-plane,Available,v2.2.1,panel
2026-07-04,e2e,a100-sxm-80gb,A100,80GB,SXM,IB-NDR,1M,NonInterruptible,Reserved,APAC,APAC,IIF,T2IF,T2,1.5319,True,managed-ops-plane,Available,v2.2.1,panel
2026-07-04,e2e,a100-sxm-80gb,A100,80GB,SXM,IB-NDR,1Y,NonInterruptible,Reserved,APAC,APAC,IIF,T2IF,T2,1.2050,True,managed-ops-plane,Available,v2.2.1,panel
2026-07-04,e2e,a100-sxm-80gb,A100,80GB,SXM,IB-NDR,3M,NonInterruptible,Reserved,APAC,APAC,IIF,T2IF,T2,1.4852,True,managed-ops-plane,Available,v2.2.1,panel
2026-07-04,e2e,a100-sxm-80gb,A100,80GB,SXM,IB-NDR,6M,NonInterruptible,Reserved,APAC,APAC,IIF,T2IF,T2,1.3092,True,managed-ops-plane,Available,v2.2.1,panel
2026-07-04,gcore,a100-sxm-80gb,A100,80GB,SXM,Unknown,OnDemand,NonInterruptible,OnDemand,EU,EU,IIF,T2IF,T2,1.4539,False,,Available,v2.2.1,panel
2026-07-04,hyperstack,a100-sxm-80gb,A100,80GB,SXM,Ethernet,OnDemand,NonInterruptible,OnDemand,Other,Other,SIF,,T2,1.6000,True,local-nvme,Available,v2.2.1,panel
2026-07-04,hyperstack,a100-sxm-80gb,A100,80GB,SXM,Ethernet,6M,NonInterruptible,Reserved,Other,Other,SIF,,T2,1.3600,True,local-nvme,Available,v2.2.1,panel
2026-07-04,jarvislabs,a100-sxm-80gb,A100,80GB,SXM,Unknown,OnDemand,NonInterruptible,OnDemand,APAC,APAC,IIF,T3IF,T2,1.4900,False,,Available,v2.2.1,panel
2026-07-04,lambda,a100-sxm-80gb,A100,80GB,SXM,Unknown,OnDemand,NonInterruptible,OnDemand,US-East,US,IIF,T3IF,T2,2.7900,True,local-nvme,Available,v2.2.1,panel
2026-07-04,massed_compute,a100-sxm-80gb,A100,80GB,SXM,Unknown,OnDemand,NonInterruptible,OnDemand,US-East,US,DIF,T3IF,T3,1.3800,False,,Available,v2.2.1,panel
2026-07-04,oci,a100-sxm-80gb,A100,80GB,SXM,RoCE-v2,OnDemand,NonInterruptible,OnDemand,US-East,US,HIF,T2IF,T1,4.0000,True,local-nvme;egress-capped;managed-ops-plane;support-tier;observability,Available,v2.2.1,panel
2026-07-04,qubrid,a100-sxm-80gb,A100,80GB,SXM,Unknown,OnDemand,NonInterruptible,OnDemand,Other,Other,SIF,T2IF,T2,1.3800,False,,Available,v2.2.1,panel
2026-07-04,qubrid,a100-sxm-80gb,A100,80GB,SXM,Unknown,1Y,NonInterruptible,Reserved,Other,Other,SIF,T2IF,T2,1.3500,False,,Available,v2.2.1,panel
2026-07-04,runpod_cluster,a100-sxm-80gb,A100,80GB,SXM,IB-HDR,OnDemand,NonInterruptible,OnDemand,Other,Other,DIF,T2IF,T3,1.7880,True,local-nvme,Available,v2.2.1,panel
2026-07-04,runpod_community,a100-sxm-80gb,A100,80GB,SXM,Unknown,OnDemand,NonInterruptible,OnDemand,Other,Other,DIF,T3IF,T3,1.3900,False,,Available,v2.2.1,panel
2026-07-04,runpod_secure,a100-sxm-80gb,A100,80GB,SXM,IB-HDR,OnDemand,NonInterruptible,OnDemand,Other,Other,DIF,T2IF,T3,1.4900,True,local-nvme,Available,v2.2.1,panel
2026-07-04,runpod_secure,a100-sxm-80gb,A100,80GB,SXM,IB-HDR,1Y,NonInterruptible,Reserved,Other,Other,DIF,T2IF,T3,1.2200,True,local-nvme,Available,v2.2.1,panel
2026-07-04,runpod_secure,a100-sxm-80gb,A100,80GB,SXM,IB-HDR,3M,NonInterruptible,Reserved,Other,Other,DIF,T2IF,T3,1.3000,True,local-nvme,Available,v2.2.1,panel
2026-07-04,runpod_secure,a100-sxm-80gb,A100,80GB,SXM,IB-HDR,6M,NonInterruptible,Reserved,Other,Other,DIF,T2IF,T3,1.2700,True,local-nvme,Available,v2.2.1,panel
2026-07-04,runpod_secure,a100-sxm-80gb,A100,80GB,SXM,IB-HDR,OnDemand,Interruptible,Spot,Other,Other,DIF,T2IF,T3,1.3900,True,local-nvme,Available,v2.2.1,panel
2026-07-04,sesterce,a100-sxm-80gb,A100,80GB,SXM,Unknown,OnDemand,NonInterruptible,OnDemand,Other,Other,IIF,T2IF,T2,1.4850,False,,Available,v2.2.1,panel
2026-07-04,spheron,a100-sxm-80gb,A100,80GB,SXM,Unknown,OnDemand,NonInterruptible,OnDemand,US-East,US,DIF,T3IF,T3,1.6905,False,,Available,v2.2.1,panel
2026-07-04,tensordock,a100-sxm-80gb,A100,80GB,SXM,Unknown,OnDemand,NonInterruptible,OnDemand,Other,Other,DIF,T3IF,T3,1.2000,False,,Available,v2.2.1,panel
2026-07-04,vast_ai,a100-sxm-80gb,A100,80GB,SXM,Unknown,OnDemand,NonInterruptible,OnDemand,US-Central,US,DIF,T3IF,T3,1.0667,True,local-nvme,Available,v2.2.1,marketplace
2026-07-04,vast_ai,a100-sxm-80gb,A100,80GB,SXM,Unknown,OnDemand,NonInterruptible,OnDemand,APAC,APAC,DIF,T3IF,T3,0.6000,True,local-nvme,Available,v2.2.1,marketplace
2026-07-04,vast_ai,a100-sxm-80gb,A100,80GB,SXM,Unknown,OnDemand,NonInterruptible,OnDemand,EU,EU,DIF,T3IF,T3,1.0667,True,local-nvme,Available,v2.2.1,marketplace
2026-07-04,vast_ai,a100-sxm-80gb,A100,80GB,SXM,Unknown,OnDemand,NonInterruptible,OnDemand,Other,Other,DIF,T3IF,T3,1.3333,True,local-nvme,Available,v2.2.1,marketplace
2026-07-04,vultr,a100-sxm-80gb,A100,80GB,SXM,Unknown,OnDemand,NonInterruptible,OnDemand,Other,Other,SIF,T2IF,T2,2.8000,False,,Available,v2.2.1,panel
2026-07-04,vultr,a100-sxm-80gb,A100,80GB,SXM,Unknown,OnDemand,Interruptible,Spot,Other,Other,DIF,T2IF,T2,1.4900,False,,Available,v2.2.1,panel
2026-07-05,atlas_cloud,a100-sxm-80gb,A100,80GB,SXM,Unknown,OnDemand,NonInterruptible,OnDemand,US-East,US,IIF,T2IF,T2,1.3500,False,,Available,v2.2.1,panel
2026-07-05,aws,a100-sxm-80gb,A100,80GB,SXM,EFA,OnDemand,NonInterruptible,OnDemand,US-East,US,HIF,T2IF,T1,3.4309,True,local-nvme;managed-ops-plane;support-tier;observability,Available,v2.2.1,panel
2026-07-05,aws,a100-sxm-80gb,A100,80GB,SXM,EFA,1Y,NonInterruptible,Reserved,US-East,US,HIF,T2IF,T1,2.1752,True,local-nvme;managed-ops-plane;support-tier;observability,Available,v2.2.1,panel
2026-07-05,aws,a100-sxm-80gb,A100,80GB,SXM,EFA,3Y,NonInterruptible,Reserved,US-East,US,HIF,T2IF,T1,1.4647,True,local-nvme;managed-ops-plane;support-tier;observability,Available,v2.2.1,panel
2026-07-05,aws,a100-sxm-80gb,A100,80GB,SXM,EFA,OnDemand,Interruptible,Spot,US-West,US,DIF,T2IF,T1,2.1012,False,,Available,v2.2.1,panel
2026-07-05,aws,a100-sxm-80gb,A100,80GB,SXM,EFA,OnDemand,Interruptible,Spot,US-East,US,DIF,T2IF,T1,1.9786,False,,Available,v2.2.1,panel
2026-07-05,azure,a100-sxm-80gb,A100,80GB,SXM,IB-HDR,OnDemand,NonInterruptible,OnDemand,US-East,US,HIF,T2IF,T1,4.0963,True,local-nvme;managed-ops-plane;support-tier;observability,Available,v2.2.1,panel
2026-07-05,azure,a100-sxm-80gb,A100,80GB,SXM,IB-HDR,1Y,NonInterruptible,Reserved,US-East,US,HIF,T2IF,T1,2.6216,True,local-nvme;managed-ops-plane;support-tier;observability,Available,v2.2.1,panel
2026-07-05,azure,a100-sxm-80gb,A100,80GB,SXM,IB-HDR,3Y,NonInterruptible,Reserved,US-East,US,HIF,T2IF,T1,1.8024,True,local-nvme;managed-ops-plane;support-tier;observability,Available,v2.2.1,panel
2026-07-05,coreweave,a100-sxm-80gb,A100,80GB,SXM,IB-HDR,OnDemand,NonInterruptible,OnDemand,US-East,US,IIF,T2IF,T2,2.7000,True,local-nvme;free-egress;support-tier;observability;managed-ops-plane,Available,v2.2.1,panel
2026-07-05,coreweave,a100-sxm-80gb,A100,80GB,SXM,IB-HDR,OnDemand,Interruptible,Spot,US-East,US,DIF,T2IF,T2,1.2063,True,local-nvme;free-egress;support-tier;observability;managed-ops-plane,Available,v2.2.1,panel
2026-07-05,crusoe,a100-sxm-80gb,A100,80GB,SXM,IB-HDR,OnDemand,NonInterruptible,OnDemand,US-East,US,IIF,T2IF,T2,2.3000,True,local-nvme;free-egress,Available,v2.2.1,panel
2026-07-05,cyfuture,a100-sxm-80gb,A100,80GB,SXM,Unknown,1Y,NonInterruptible,Reserved,APAC,APAC,IIF,T2IF,T2,2.0800,False,,Available,v2.2.1,panel
2026-07-05,cyfuture,a100-sxm-80gb,A100,80GB,SXM,Unknown,6M,NonInterruptible,Reserved,APAC,APAC,IIF,T2IF,T2,2.1600,False,,Available,v2.2.1,panel
2026-07-05,datacrunch,a100-sxm-80gb,A100,80GB,SXM,IB-HDR,OnDemand,NonInterruptible,OnDemand,EU,EU,SIF,T2IF,T2,1.7900,True,local-nvme,Available,v2.2.1,panel
2026-07-05,datacrunch,a100-sxm-80gb,A100,80GB,SXM,IB-HDR,1M,NonInterruptible,Reserved,EU,EU,SIF,T2IF,T2,1.7542,True,local-nvme,Available,v2.2.1,panel
2026-07-05,datacrunch,a100-sxm-80gb,A100,80GB,SXM,IB-HDR,1Y,NonInterruptible,Reserved,EU,EU,SIF,T2IF,T2,1.6468,True,local-nvme,Available,v2.2.1,panel
2026-07-05,datacrunch,a100-sxm-80gb,A100,80GB,SXM,IB-HDR,2Y,NonInterruptible,Reserved,EU,EU,SIF,T2IF,T2,1.3425,True,local-nvme,Available,v2.2.1,panel
2026-07-05,datacrunch,a100-sxm-80gb,A100,80GB,SXM,IB-HDR,3M,NonInterruptible,Reserved,EU,EU,SIF,T2IF,T2,1.7363,True,local-nvme,Available,v2.2.1,panel
2026-07-05,datacrunch,a100-sxm-80gb,A100,80GB,SXM,IB-HDR,6M,NonInterruptible,Reserved,EU,EU,SIF,T2IF,T2,1.7184,True,local-nvme,Available,v2.2.1,panel
2026-07-05,datacrunch,a100-sxm-80gb,A100,80GB,SXM,IB-HDR,OnDemand,Interruptible,Spot,EU,EU,DIF,T2IF,T2,0.6265,True,local-nvme,Available,v2.2.1,panel
2026-07-05,denvr,a100-sxm-80gb,A100,80GB,SXM,IB-HDR,OnDemand,NonInterruptible,OnDemand,Other,Other,SIF,T2IF,T2,1.3000,True,local-nvme,Available,v2.2.1,panel
2026-07-05,e2e,a100-sxm-80gb,A100,80GB,SXM,IB-NDR,OnDemand,NonInterruptible,OnDemand,APAC,APAC,IIF,T2IF,T2,2.1000,True,managed-ops-plane,Available,v2.2.1,panel
2026-07-05,e2e,a100-sxm-80gb,A100,80GB,SXM,IB-NDR,1M,NonInterruptible,Reserved,APAC,APAC,IIF,T2IF,T2,1.5319,True,managed-ops-plane,Available,v2.2.1,panel
2026-07-05,e2e,a100-sxm-80gb,A100,80GB,SXM,IB-NDR,1Y,NonInterruptible,Reserved,APAC,APAC,IIF,T2IF,T2,1.2050,True,managed-ops-plane,Available,v2.2.1,panel
2026-07-05,e2e,a100-sxm-80gb,A100,80GB,SXM,IB-NDR,3M,NonInterruptible,Reserved,APAC,APAC,IIF,T2IF,T2,1.4852,True,managed-ops-plane,Available,v2.2.1,panel
2026-07-05,e2e,a100-sxm-80gb,A100,80GB,SXM,IB-NDR,6M,NonInterruptible,Reserved,APAC,APAC,IIF,T2IF,T2,1.3092,True,managed-ops-plane,Available,v2.2.1,panel
2026-07-05,gcore,a100-sxm-80gb,A100,80GB,SXM,Unknown,OnDemand,NonInterruptible,OnDemand,EU,EU,IIF,T2IF,T2,1.4539,False,,Available,v2.2.1,panel
2026-07-05,hyperstack,a100-sxm-80gb,A100,80GB,SXM,Ethernet,OnDemand,NonInterruptible,OnDemand,Other,Other,SIF,,T2,1.6000,True,local-nvme,Available,v2.2.1,panel
2026-07-05,hyperstack,a100-sxm-80gb,A100,80GB,SXM,Ethernet,6M,NonInterruptible,Reserved,Other,Other,SIF,,T2,1.3600,True,local-nvme,Available,v2.2.1,panel
2026-07-05,jarvislabs,a100-sxm-80gb,A100,80GB,SXM,Unknown,OnDemand,NonInterruptible,OnDemand,APAC,APAC,IIF,T3IF,T2,1.4900,False,,Available,v2.2.1,panel
2026-07-05,lambda,a100-sxm-80gb,A100,80GB,SXM,Unknown,OnDemand,NonInterruptible,OnDemand,US-East,US,IIF,T3IF,T2,2.7900,True,local-nvme,Available,v2.2.1,panel
2026-07-05,massed_compute,a100-sxm-80gb,A100,80GB,SXM,Unknown,OnDemand,NonInterruptible,OnDemand,US-East,US,DIF,T3IF,T3,1.3800,False,,Available,v2.2.1,panel
2026-07-05,oci,a100-sxm-80gb,A100,80GB,SXM,RoCE-v2,OnDemand,NonInterruptible,OnDemand,US-East,US,HIF,T2IF,T1,4.0000,True,local-nvme;egress-capped;managed-ops-plane;support-tier;observability,Available,v2.2.1,panel
2026-07-05,qubrid,a100-sxm-80gb,A100,80GB,SXM,Unknown,OnDemand,NonInterruptible,OnDemand,Other,Other,SIF,T2IF,T2,1.3800,False,,Available,v2.2.1,panel
2026-07-05,qubrid,a100-sxm-80gb,A100,80GB,SXM,Unknown,1Y,NonInterruptible,Reserved,Other,Other,SIF,T2IF,T2,1.3500,False,,Available,v2.2.1,panel
2026-07-05,runpod_cluster,a100-sxm-80gb,A100,80GB,SXM,IB-HDR,OnDemand,NonInterruptible,OnDemand,Other,Other,DIF,T2IF,T3,1.7880,True,local-nvme,Available,v2.2.1,panel
2026-07-05,runpod_community,a100-sxm-80gb,A100,80GB,SXM,Unknown,OnDemand,NonInterruptible,OnDemand,Other,Other,DIF,T3IF,T3,1.3900,False,,Available,v2.2.1,panel
2026-07-05,runpod_secure,a100-sxm-80gb,A100,80GB,SXM,IB-HDR,OnDemand,NonInterruptible,OnDemand,Other,Other,DIF,T2IF,T3,1.4900,True,local-nvme,Available,v2.2.1,panel
2026-07-05,runpod_secure,a100-sxm-80gb,A100,80GB,SXM,IB-HDR,1Y,NonInterruptible,Reserved,Other,Other,DIF,T2IF,T3,1.2200,True,local-nvme,Available,v2.2.1,panel
2026-07-05,runpod_secure,a100-sxm-80gb,A100,80GB,SXM,IB-HDR,3M,NonInterruptible,Reserved,Other,Other,DIF,T2IF,T3,1.3000,True,local-nvme,Available,v2.2.1,panel
2026-07-05,runpod_secure,a100-sxm-80gb,A100,80GB,SXM,IB-HDR,6M,NonInterruptible,Reserved,Other,Other,DIF,T2IF,T3,1.2700,True,local-nvme,Available,v2.2.1,panel
2026-07-05,runpod_secure,a100-sxm-80gb,A100,80GB,SXM,IB-HDR,OnDemand,Interruptible,Spot,Other,Other,DIF,T2IF,T3,1.3900,True,local-nvme,Available,v2.2.1,panel
2026-07-05,sesterce,a100-sxm-80gb,A100,80GB,SXM,Unknown,OnDemand,NonInterruptible,OnDemand,Other,Other,IIF,T2IF,T2,1.4850,False,,Available,v2.2.1,panel
2026-07-05,spheron,a100-sxm-80gb,A100,80GB,SXM,Unknown,OnDemand,NonInterruptible,OnDemand,US-East,US,DIF,T3IF,T3,1.6905,False,,Available,v2.2.1,panel
2026-07-05,tensordock,a100-sxm-80gb,A100,80GB,SXM,Unknown,OnDemand,NonInterruptible,OnDemand,Other,Other,DIF,T3IF,T3,1.2000,False,,Available,v2.2.1,panel
2026-07-05,vast_ai,a100-sxm-80gb,A100,80GB,SXM,Unknown,OnDemand,NonInterruptible,OnDemand,APAC,APAC,DIF,T3IF,T3,1.0573,True,local-nvme,Available,v2.2.1,marketplace
2026-07-05,vast_ai,a100-sxm-80gb,A100,80GB,SXM,Unknown,OnDemand,NonInterruptible,OnDemand,Other,Other,DIF,T3IF,T3,1.3000,True,local-nvme,Available,v2.2.1,marketplace
2026-07-05,vast_ai,a100-sxm-80gb,A100,80GB,SXM,Unknown,OnDemand,NonInterruptible,OnDemand,US-West,US,DIF,T3IF,T3,0.6667,True,local-nvme,Available,v2.2.1,marketplace
2026-07-05,vast_ai,a100-sxm-80gb,A100,80GB,SXM,Unknown,OnDemand,NonInterruptible,OnDemand,EU,EU,DIF,T3IF,T3,1.1333,True,local-nvme,Available,v2.2.1,marketplace
2026-07-05,vast_ai,a100-sxm-80gb,A100,80GB,SXM,Unknown,OnDemand,NonInterruptible,OnDemand,US-Central,US,DIF,T3IF,T3,1.0667,True,local-nvme,Available,v2.2.1,marketplace
2026-07-05,vultr,a100-sxm-80gb,A100,80GB,SXM,Unknown,OnDemand,NonInterruptible,OnDemand,Other,Other,SIF,T2IF,T2,2.8000,False,,Available,v2.2.1,panel
2026-07-05,vultr,a100-sxm-80gb,A100,80GB,SXM,Unknown,OnDemand,Interruptible,Spot,Other,Other,DIF,T2IF,T2,1.4900,False,,Available,v2.2.1,panel
2026-07-06,atlas_cloud,a100-sxm-80gb,A100,80GB,SXM,Unknown,OnDemand,NonInterruptible,OnDemand,US-East,US,IIF,T2IF,T2,1.3500,False,,Available,v2.2.1,panel
2026-07-06,aws,a100-sxm-80gb,A100,80GB,SXM,EFA,OnDemand,NonInterruptible,OnDemand,US-East,US,HIF,T2IF,T1,3.4309,True,local-nvme;managed-ops-plane;support-tier;observability,Available,v2.2.1,panel
2026-07-06,aws,a100-sxm-80gb,A100,80GB,SXM,EFA,1Y,NonInterruptible,Reserved,US-East,US,HIF,T2IF,T1,2.1752,True,local-nvme;managed-ops-plane;support-tier;observability,Available,v2.2.1,panel
2026-07-06,aws,a100-sxm-80gb,A100,80GB,SXM,EFA,3Y,NonInterruptible,Reserved,US-East,US,HIF,T2IF,T1,1.4647,True,local-nvme;managed-ops-plane;support-tier;observability,Available,v2.2.1,panel
2026-07-06,aws,a100-sxm-80gb,A100,80GB,SXM,EFA,OnDemand,Interruptible,Spot,US-West,US,DIF,T2IF,T1,2.0779,False,,Available,v2.2.1,panel
2026-07-06,aws,a100-sxm-80gb,A100,80GB,SXM,EFA,OnDemand,Interruptible,Spot,US-East,US,DIF,T2IF,T1,1.9874,False,,Available,v2.2.1,panel
2026-07-06,azure,a100-sxm-80gb,A100,80GB,SXM,IB-HDR,OnDemand,NonInterruptible,OnDemand,US-East,US,HIF,T2IF,T1,4.0963,True,local-nvme;managed-ops-plane;support-tier;observability,Available,v2.2.1,panel
2026-07-06,azure,a100-sxm-80gb,A100,80GB,SXM,IB-HDR,1Y,NonInterruptible,Reserved,US-East,US,HIF,T2IF,T1,2.6216,True,local-nvme;managed-ops-plane;support-tier;observability,Available,v2.2.1,panel
2026-07-06,azure,a100-sxm-80gb,A100,80GB,SXM,IB-HDR,3Y,NonInterruptible,Reserved,US-East,US,HIF,T2IF,T1,1.8024,True,local-nvme;managed-ops-plane;support-tier;observability,Available,v2.2.1,panel
2026-07-06,coreweave,a100-sxm-80gb,A100,80GB,SXM,IB-HDR,OnDemand,NonInterruptible,OnDemand,US-East,US,IIF,T2IF,T2,2.7000,True,local-nvme;free-egress;support-tier;observability;managed-ops-plane,Available,v2.2.1,panel
2026-07-06,coreweave,a100-sxm-80gb,A100,80GB,SXM,IB-HDR,OnDemand,Interruptible,Spot,US-East,US,DIF,T2IF,T2,1.2063,True,local-nvme;free-egress;support-tier;observability;managed-ops-plane,Available,v2.2.1,panel
2026-07-06,crusoe,a100-sxm-80gb,A100,80GB,SXM,IB-HDR,OnDemand,NonInterruptible,OnDemand,US-East,US,IIF,T2IF,T2,2.3000,True,local-nvme;free-egress,Available,v2.2.1,panel
2026-07-06,cyfuture,a100-sxm-80gb,A100,80GB,SXM,Unknown,1Y,NonInterruptible,Reserved,APAC,APAC,IIF,T2IF,T2,2.0800,False,,Available,v2.2.1,panel
2026-07-06,cyfuture,a100-sxm-80gb,A100,80GB,SXM,Unknown,6M,NonInterruptible,Reserved,APAC,APAC,IIF,T2IF,T2,2.1600,False,,Available,v2.2.1,panel
2026-07-06,datacrunch,a100-sxm-80gb,A100,80GB,SXM,IB-HDR,OnDemand,NonInterruptible,OnDemand,EU,EU,SIF,T2IF,T2,1.7900,True,local-nvme,Available,v2.2.1,panel
2026-07-06,datacrunch,a100-sxm-80gb,A100,80GB,SXM,IB-HDR,1M,NonInterruptible,Reserved,EU,EU,SIF,T2IF,T2,1.7542,True,local-nvme,Available,v2.2.1,panel
2026-07-06,datacrunch,a100-sxm-80gb,A100,80GB,SXM,IB-HDR,1Y,NonInterruptible,Reserved,EU,EU,SIF,T2IF,T2,1.6468,True,local-nvme,Available,v2.2.1,panel
2026-07-06,datacrunch,a100-sxm-80gb,A100,80GB,SXM,IB-HDR,2Y,NonInterruptible,Reserved,EU,EU,SIF,T2IF,T2,1.3425,True,local-nvme,Available,v2.2.1,panel
2026-07-06,datacrunch,a100-sxm-80gb,A100,80GB,SXM,IB-HDR,3M,NonInterruptible,Reserved,EU,EU,SIF,T2IF,T2,1.7363,True,local-nvme,Available,v2.2.1,panel
2026-07-06,datacrunch,a100-sxm-80gb,A100,80GB,SXM,IB-HDR,6M,NonInterruptible,Reserved,EU,EU,SIF,T2IF,T2,1.7184,True,local-nvme,Available,v2.2.1,panel
2026-07-06,datacrunch,a100-sxm-80gb,A100,80GB,SXM,IB-HDR,OnDemand,Interruptible,Spot,EU,EU,DIF,T2IF,T2,0.6265,True,local-nvme,Available,v2.2.1,panel
2026-07-06,denvr,a100-sxm-80gb,A100,80GB,SXM,IB-HDR,OnDemand,NonInterruptible,OnDemand,Other,Other,SIF,T2IF,T2,1.3000,True,local-nvme,Available,v2.2.1,panel
2026-07-06,e2e,a100-sxm-80gb,A100,80GB,SXM,IB-NDR,OnDemand,NonInterruptible,OnDemand,APAC,APAC,IIF,T2IF,T2,2.1000,True,managed-ops-plane,Available,v2.2.1,panel
2026-07-06,e2e,a100-sxm-80gb,A100,80GB,SXM,IB-NDR,1M,NonInterruptible,Reserved,APAC,APAC,IIF,T2IF,T2,1.5319,True,managed-ops-plane,Available,v2.2.1,panel
2026-07-06,e2e,a100-sxm-80gb,A100,80GB,SXM,IB-NDR,1Y,NonInterruptible,Reserved,APAC,APAC,IIF,T2IF,T2,1.2050,True,managed-ops-plane,Available,v2.2.1,panel
2026-07-06,e2e,a100-sxm-80gb,A100,80GB,SXM,IB-NDR,3M,NonInterruptible,Reserved,APAC,APAC,IIF,T2IF,T2,1.4852,True,managed-ops-plane,Available,v2.2.1,panel
2026-07-06,e2e,a100-sxm-80gb,A100,80GB,SXM,IB-NDR,6M,NonInterruptible,Reserved,APAC,APAC,IIF,T2IF,T2,1.3092,True,managed-ops-plane,Available,v2.2.1,panel
2026-07-06,gcore,a100-sxm-80gb,A100,80GB,SXM,Unknown,OnDemand,NonInterruptible,OnDemand,EU,EU,IIF,T2IF,T2,1.4539,False,,Available,v2.2.1,panel
2026-07-06,hyperstack,a100-sxm-80gb,A100,80GB,SXM,Ethernet,OnDemand,NonInterruptible,OnDemand,Other,Other,SIF,,T2,1.6000,True,local-nvme,Available,v2.2.1,panel
2026-07-06,hyperstack,a100-sxm-80gb,A100,80GB,SXM,Ethernet,6M,NonInterruptible,Reserved,Other,Other,SIF,,T2,1.3600,True,local-nvme,Available,v2.2.1,panel
2026-07-06,jarvislabs,a100-sxm-80gb,A100,80GB,SXM,Unknown,OnDemand,NonInterruptible,OnDemand,APAC,APAC,IIF,T3IF,T2,1.4900,False,,Available,v2.2.1,panel
2026-07-06,lambda,a100-sxm-80gb,A100,80GB,SXM,Unknown,OnDemand,NonInterruptible,OnDemand,US-East,US,IIF,T3IF,T2,2.7900,True,local-nvme,Available,v2.2.1,panel
2026-07-06,massed_compute,a100-sxm-80gb,A100,80GB,SXM,Unknown,OnDemand,NonInterruptible,OnDemand,US-East,US,DIF,T3IF,T3,1.3800,False,,Available,v2.2.1,panel
2026-07-06,oci,a100-sxm-80gb,A100,80GB,SXM,RoCE-v2,OnDemand,NonInterruptible,OnDemand,US-East,US,HIF,T2IF,T1,4.0000,True,local-nvme;egress-capped;managed-ops-plane;support-tier;observability,Available,v2.2.1,panel
2026-07-06,qubrid,a100-sxm-80gb,A100,80GB,SXM,Unknown,OnDemand,NonInterruptible,OnDemand,Other,Other,SIF,T2IF,T2,1.3800,False,,Available,v2.2.1,panel
2026-07-06,qubrid,a100-sxm-80gb,A100,80GB,SXM,Unknown,1Y,NonInterruptible,Reserved,Other,Other,SIF,T2IF,T2,1.3500,False,,Available,v2.2.1,panel
2026-07-06,runpod_cluster,a100-sxm-80gb,A100,80GB,SXM,IB-HDR,OnDemand,NonInterruptible,OnDemand,Other,Other,DIF,T2IF,T3,1.7880,True,local-nvme,Available,v2.2.1,panel
2026-07-06,runpod_community,a100-sxm-80gb,A100,80GB,SXM,Unknown,OnDemand,NonInterruptible,OnDemand,Other,Other,DIF,T3IF,T3,1.3900,False,,Available,v2.2.1,panel
2026-07-06,runpod_secure,a100-sxm-80gb,A100,80GB,SXM,IB-HDR,OnDemand,NonInterruptible,OnDemand,Other,Other,DIF,T2IF,T3,1.4900,True,local-nvme,Available,v2.2.1,panel
2026-07-06,runpod_secure,a100-sxm-80gb,A100,80GB,SXM,IB-HDR,1Y,NonInterruptible,Reserved,Other,Other,DIF,T2IF,T3,1.2200,True,local-nvme,Available,v2.2.1,panel
2026-07-06,runpod_secure,a100-sxm-80gb,A100,80GB,SXM,IB-HDR,3M,NonInterruptible,Reserved,Other,Other,DIF,T2IF,T3,1.3000,True,local-nvme,Available,v2.2.1,panel
2026-07-06,runpod_secure,a100-sxm-80gb,A100,80GB,SXM,IB-HDR,6M,NonInterruptible,Reserved,Other,Other,DIF,T2IF,T3,1.2700,True,local-nvme,Available,v2.2.1,panel
2026-07-06,runpod_secure,a100-sxm-80gb,A100,80GB,SXM,IB-HDR,OnDemand,Interruptible,Spot,Other,Other,DIF,T2IF,T3,1.3900,True,local-nvme,Available,v2.2.1,panel
2026-07-06,sesterce,a100-sxm-80gb,A100,80GB,SXM,Unknown,OnDemand,NonInterruptible,OnDemand,Other,Other,IIF,T2IF,T2,1.5180,False,,Available,v2.2.1,panel
2026-07-06,spheron,a100-sxm-80gb,A100,80GB,SXM,Unknown,OnDemand,NonInterruptible,OnDemand,US-East,US,DIF,T3IF,T3,1.6905,False,,Available,v2.2.1,panel
2026-07-06,tensordock,a100-sxm-80gb,A100,80GB,SXM,Unknown,OnDemand,NonInterruptible,OnDemand,Other,Other,DIF,T3IF,T3,1.2000,False,,Available,v2.2.1,panel
2026-07-06,vast_ai,a100-sxm-80gb,A100,80GB,SXM,Unknown,OnDemand,NonInterruptible,OnDemand,APAC,APAC,DIF,T3IF,T3,1.0400,True,local-nvme,Available,v2.2.1,marketplace
2026-07-06,vast_ai,a100-sxm-80gb,A100,80GB,SXM,Unknown,OnDemand,NonInterruptible,OnDemand,EU,EU,DIF,T3IF,T3,1.0667,True,local-nvme,Available,v2.2.1,marketplace
2026-07-06,vast_ai,a100-sxm-80gb,A100,80GB,SXM,Unknown,OnDemand,NonInterruptible,OnDemand,Other,Other,DIF,T3IF,T3,0.9333,True,local-nvme,Available,v2.2.1,marketplace
2026-07-06,vast_ai,a100-sxm-80gb,A100,80GB,SXM,Unknown,OnDemand,NonInterruptible,OnDemand,US-Central,US,DIF,T3IF,T3,1.0667,True,local-nvme,Available,v2.2.1,marketplace
2026-07-06,vast_ai,a100-sxm-80gb,A100,80GB,SXM,Unknown,OnDemand,NonInterruptible,OnDemand,US-West,US,DIF,T3IF,T3,0.6667,True,local-nvme,Available,v2.2.1,marketplace
2026-07-06,vultr,a100-sxm-80gb,A100,80GB,SXM,Unknown,OnDemand,NonInterruptible,OnDemand,Other,Other,SIF,T2IF,T2,2.8000,False,,Available,v2.2.1,panel
2026-07-06,vultr,a100-sxm-80gb,A100,80GB,SXM,Unknown,OnDemand,Interruptible,Spot,Other,Other,DIF,T2IF,T2,1.4900,False,,Available,v2.2.1,panel
2026-07-07,atlas_cloud,a100-sxm-80gb,A100,80GB,SXM,Unknown,OnDemand,NonInterruptible,OnDemand,US-East,US,IIF,T2IF,T2,1.3500,False,,Available,v2.2.1,panel
2026-07-07,aws,a100-sxm-80gb,A100,80GB,SXM,EFA,OnDemand,NonInterruptible,OnDemand,US-East,US,HIF,T2IF,T1,3.4309,True,local-nvme;managed-ops-plane;support-tier;observability,Available,v2.2.1,panel
2026-07-07,aws,a100-sxm-80gb,A100,80GB,SXM,EFA,1Y,NonInterruptible,Reserved,US-East,US,HIF,T2IF,T1,2.1752,True,local-nvme;managed-ops-plane;support-tier;observability,Available,v2.2.1,panel
2026-07-07,aws,a100-sxm-80gb,A100,80GB,SXM,EFA,3Y,NonInterruptible,Reserved,US-East,US,HIF,T2IF,T1,1.4647,True,local-nvme;managed-ops-plane;support-tier;observability,Available,v2.2.1,panel
2026-07-07,aws,a100-sxm-80gb,A100,80GB,SXM,EFA,OnDemand,Interruptible,Spot,US-East,US,DIF,T2IF,T1,1.9805,False,,Available,v2.2.1,panel
2026-07-07,aws,a100-sxm-80gb,A100,80GB,SXM,EFA,OnDemand,Interruptible,Spot,US-West,US,DIF,T2IF,T1,2.1044,False,,Available,v2.2.1,panel
2026-07-07,azure,a100-sxm-80gb,A100,80GB,SXM,IB-HDR,OnDemand,NonInterruptible,OnDemand,US-East,US,HIF,T2IF,T1,4.0963,True,local-nvme;managed-ops-plane;support-tier;observability,Available,v2.2.1,panel
2026-07-07,azure,a100-sxm-80gb,A100,80GB,SXM,IB-HDR,1Y,NonInterruptible,Reserved,US-East,US,HIF,T2IF,T1,2.6216,True,local-nvme;managed-ops-plane;support-tier;observability,Available,v2.2.1,panel
2026-07-07,azure,a100-sxm-80gb,A100,80GB,SXM,IB-HDR,3Y,NonInterruptible,Reserved,US-East,US,HIF,T2IF,T1,1.8024,True,local-nvme;managed-ops-plane;support-tier;observability,Available,v2.2.1,panel
2026-07-07,coreweave,a100-sxm-80gb,A100,80GB,SXM,IB-HDR,OnDemand,NonInterruptible,OnDemand,US-East,US,IIF,T2IF,T2,2.7000,True,local-nvme;free-egress;support-tier;observability;managed-ops-plane,Available,v2.2.1,panel
2026-07-07,coreweave,a100-sxm-80gb,A100,80GB,SXM,IB-HDR,OnDemand,Interruptible,Spot,US-East,US,DIF,T2IF,T2,1.2063,True,local-nvme;free-egress;support-tier;observability;managed-ops-plane,Available,v2.2.1,panel
2026-07-07,crusoe,a100-sxm-80gb,A100,80GB,SXM,IB-HDR,OnDemand,NonInterruptible,OnDemand,US-East,US,IIF,T2IF,T2,2.3000,True,local-nvme;free-egress,Available,v2.2.1,panel
2026-07-07,cyfuture,a100-sxm-80gb,A100,80GB,SXM,Unknown,1Y,NonInterruptible,Reserved,APAC,APAC,IIF,T2IF,T2,2.0800,False,,Available,v2.2.1,panel
2026-07-07,cyfuture,a100-sxm-80gb,A100,80GB,SXM,Unknown,6M,NonInterruptible,Reserved,APAC,APAC,IIF,T2IF,T2,2.1600,False,,Available,v2.2.1,panel
2026-07-07,datacrunch,a100-sxm-80gb,A100,80GB,SXM,IB-HDR,OnDemand,NonInterruptible,OnDemand,EU,EU,SIF,T2IF,T2,1.7900,True,local-nvme,Available,v2.2.1,panel
2026-07-07,datacrunch,a100-sxm-80gb,A100,80GB,SXM,IB-HDR,1M,NonInterruptible,Reserved,EU,EU,SIF,T2IF,T2,1.7542,True,local-nvme,Available,v2.2.1,panel
2026-07-07,datacrunch,a100-sxm-80gb,A100,80GB,SXM,IB-HDR,1Y,NonInterruptible,Reserved,EU,EU,SIF,T2IF,T2,1.6468,True,local-nvme,Available,v2.2.1,panel
2026-07-07,datacrunch,a100-sxm-80gb,A100,80GB,SXM,IB-HDR,2Y,NonInterruptible,Reserved,EU,EU,SIF,T2IF,T2,1.3425,True,local-nvme,Available,v2.2.1,panel
2026-07-07,datacrunch,a100-sxm-80gb,A100,80GB,SXM,IB-HDR,3M,NonInterruptible,Reserved,EU,EU,SIF,T2IF,T2,1.7363,True,local-nvme,Available,v2.2.1,panel
2026-07-07,datacrunch,a100-sxm-80gb,A100,80GB,SXM,IB-HDR,6M,NonInterruptible,Reserved,EU,EU,SIF,T2IF,T2,1.7184,True,local-nvme,Available,v2.2.1,panel
2026-07-07,datacrunch,a100-sxm-80gb,A100,80GB,SXM,IB-HDR,OnDemand,Interruptible,Spot,EU,EU,DIF,T2IF,T2,0.6265,True,local-nvme,Available,v2.2.1,panel
2026-07-07,denvr,a100-sxm-80gb,A100,80GB,SXM,IB-HDR,OnDemand,NonInterruptible,OnDemand,Other,Other,SIF,T2IF,T2,1.3000,True,local-nvme,Available,v2.2.1,panel
2026-07-07,e2e,a100-sxm-80gb,A100,80GB,SXM,IB-NDR,OnDemand,NonInterruptible,OnDemand,APAC,APAC,IIF,T2IF,T2,2.1000,True,managed-ops-plane,Available,v2.2.1,panel
2026-07-07,e2e,a100-sxm-80gb,A100,80GB,SXM,IB-NDR,1M,NonInterruptible,Reserved,APAC,APAC,IIF,T2IF,T2,1.5319,True,managed-ops-plane,Available,v2.2.1,panel
2026-07-07,e2e,a100-sxm-80gb,A100,80GB,SXM,IB-NDR,1Y,NonInterruptible,Reserved,APAC,APAC,IIF,T2IF,T2,1.2050,True,managed-ops-plane,Available,v2.2.1,panel
2026-07-07,e2e,a100-sxm-80gb,A100,80GB,SXM,IB-NDR,3M,NonInterruptible,Reserved,APAC,APAC,IIF,T2IF,T2,1.4852,True,managed-ops-plane,Available,v2.2.1,panel
2026-07-07,e2e,a100-sxm-80gb,A100,80GB,SXM,IB-NDR,6M,NonInterruptible,Reserved,APAC,APAC,IIF,T2IF,T2,1.3092,True,managed-ops-plane,Available,v2.2.1,panel
2026-07-07,gcore,a100-sxm-80gb,A100,80GB,SXM,Unknown,OnDemand,NonInterruptible,OnDemand,EU,EU,IIF,T2IF,T2,1.4497,False,,Available,v2.2.1,panel
2026-07-07,hyperstack,a100-sxm-80gb,A100,80GB,SXM,Ethernet,OnDemand,NonInterruptible,OnDemand,Other,Other,SIF,,T2,1.6000,True,local-nvme,Available,v2.2.1,panel
2026-07-07,hyperstack,a100-sxm-80gb,A100,80GB,SXM,Ethernet,6M,NonInterruptible,Reserved,Other,Other,SIF,,T2,1.3600,True,local-nvme,Available,v2.2.1,panel
2026-07-07,jarvislabs,a100-sxm-80gb,A100,80GB,SXM,Unknown,OnDemand,NonInterruptible,OnDemand,APAC,APAC,IIF,T3IF,T2,1.4900,False,,Available,v2.2.1,panel
2026-07-07,lambda,a100-sxm-80gb,A100,80GB,SXM,Unknown,OnDemand,NonInterruptible,OnDemand,US-East,US,IIF,T3IF,T2,2.7900,True,local-nvme,Available,v2.2.1,panel
2026-07-07,massed_compute,a100-sxm-80gb,A100,80GB,SXM,Unknown,OnDemand,NonInterruptible,OnDemand,US-East,US,DIF,T3IF,T3,1.3800,False,,Available,v2.2.1,panel
2026-07-07,oci,a100-sxm-80gb,A100,80GB,SXM,RoCE-v2,OnDemand,NonInterruptible,OnDemand,US-East,US,HIF,T2IF,T1,4.0000,True,local-nvme;egress-capped;managed-ops-plane;support-tier;observability,Available,v2.2.1,panel
2026-07-07,qubrid,a100-sxm-80gb,A100,80GB,SXM,Unknown,OnDemand,NonInterruptible,OnDemand,Other,Other,SIF,T2IF,T2,1.3800,False,,Available,v2.2.1,panel
2026-07-07,qubrid,a100-sxm-80gb,A100,80GB,SXM,Unknown,1Y,NonInterruptible,Reserved,Other,Other,SIF,T2IF,T2,1.3500,False,,Available,v2.2.1,panel
2026-07-07,runpod_cluster,a100-sxm-80gb,A100,80GB,SXM,IB-HDR,OnDemand,NonInterruptible,OnDemand,Other,Other,DIF,T2IF,T3,1.7880,True,local-nvme,Available,v2.2.1,panel
2026-07-07,runpod_community,a100-sxm-80gb,A100,80GB,SXM,Unknown,OnDemand,NonInterruptible,OnDemand,Other,Other,DIF,T3IF,T3,1.3900,False,,Available,v2.2.1,panel
2026-07-07,runpod_secure,a100-sxm-80gb,A100,80GB,SXM,IB-HDR,OnDemand,NonInterruptible,OnDemand,Other,Other,DIF,T2IF,T3,1.4900,True,local-nvme,Available,v2.2.1,panel
2026-07-07,runpod_secure,a100-sxm-80gb,A100,80GB,SXM,IB-HDR,1Y,NonInterruptible,Reserved,Other,Other,DIF,T2IF,T3,1.2200,True,local-nvme,Available,v2.2.1,panel
2026-07-07,runpod_secure,a100-sxm-80gb,A100,80GB,SXM,IB-HDR,3M,NonInterruptible,Reserved,Other,Other,DIF,T2IF,T3,1.3000,True,local-nvme,Available,v2.2.1,panel
2026-07-07,runpod_secure,a100-sxm-80gb,A100,80GB,SXM,IB-HDR,6M,NonInterruptible,Reserved,Other,Other,DIF,T2IF,T3,1.2700,True,local-nvme,Available,v2.2.1,panel
2026-07-07,runpod_secure,a100-sxm-80gb,A100,80GB,SXM,IB-HDR,OnDemand,Interruptible,Spot,Other,Other,DIF,T2IF,T3,1.3900,True,local-nvme,Available,v2.2.1,panel
2026-07-07,sesterce,a100-sxm-80gb,A100,80GB,SXM,Unknown,OnDemand,NonInterruptible,OnDemand,Other,Other,IIF,T2IF,T2,1.4850,False,,Available,v2.2.1,panel
2026-07-07,spheron,a100-sxm-80gb,A100,80GB,SXM,Unknown,OnDemand,NonInterruptible,OnDemand,US-East,US,DIF,T3IF,T3,1.6905,False,,Available,v2.2.1,panel
2026-07-07,tensordock,a100-sxm-80gb,A100,80GB,SXM,Unknown,OnDemand,NonInterruptible,OnDemand,Other,Other,DIF,T3IF,T3,1.2000,False,,Available,v2.2.1,panel
2026-07-07,vast_ai,a100-sxm-80gb,A100,80GB,SXM,Unknown,OnDemand,NonInterruptible,OnDemand,APAC,APAC,DIF,T3IF,T3,0.9880,True,local-nvme,Available,v2.2.1,marketplace
2026-07-07,vast_ai,a100-sxm-80gb,A100,80GB,SXM,Unknown,OnDemand,NonInterruptible,OnDemand,Other,Other,DIF,T3IF,T3,1.3000,True,local-nvme,Available,v2.2.1,marketplace
2026-07-07,vast_ai,a100-sxm-80gb,A100,80GB,SXM,Unknown,OnDemand,NonInterruptible,OnDemand,US-West,US,DIF,T3IF,T3,0.8533,True,local-nvme,Available,v2.2.1,marketplace
2026-07-07,vast_ai,a100-sxm-80gb,A100,80GB,SXM,Unknown,OnDemand,NonInterruptible,OnDemand,EU,EU,DIF,T3IF,T3,1.0667,True,local-nvme,Available,v2.2.1,marketplace
2026-07-07,vast_ai,a100-sxm-80gb,A100,80GB,SXM,Unknown,OnDemand,NonInterruptible,OnDemand,US-Central,US,DIF,T3IF,T3,1.0667,True,local-nvme,Available,v2.2.1,marketplace
2026-07-07,vultr,a100-sxm-80gb,A100,80GB,SXM,Unknown,OnDemand,NonInterruptible,OnDemand,Other,Other,SIF,T2IF,T2,2.8000,False,,Available,v2.2.1,panel
2026-07-07,vultr,a100-sxm-80gb,A100,80GB,SXM,Unknown,OnDemand,Interruptible,Spot,Other,Other,DIF,T2IF,T2,1.4900,False,,Available,v2.2.1,panel
2026-07-08,atlas_cloud,a100-sxm-80gb,A100,80GB,SXM,Unknown,OnDemand,NonInterruptible,OnDemand,US-East,US,IIF,T2IF,T2,1.3500,False,,Available,v2.2.1,panel
2026-07-08,aws,a100-sxm-80gb,A100,80GB,SXM,EFA,OnDemand,NonInterruptible,OnDemand,US-East,US,HIF,T2IF,T1,3.4309,True,local-nvme;managed-ops-plane;support-tier;observability,Available,v2.2.1,panel
2026-07-08,aws,a100-sxm-80gb,A100,80GB,SXM,EFA,1Y,NonInterruptible,Reserved,US-East,US,HIF,T2IF,T1,2.1752,True,local-nvme;managed-ops-plane;support-tier;observability,Available,v2.2.1,panel
2026-07-08,aws,a100-sxm-80gb,A100,80GB,SXM,EFA,3Y,NonInterruptible,Reserved,US-East,US,HIF,T2IF,T1,1.4647,True,local-nvme;managed-ops-plane;support-tier;observability,Available,v2.2.1,panel
2026-07-08,aws,a100-sxm-80gb,A100,80GB,SXM,EFA,OnDemand,Interruptible,Spot,US-West,US,DIF,T2IF,T1,2.1247,False,,Available,v2.2.1,panel
2026-07-08,aws,a100-sxm-80gb,A100,80GB,SXM,EFA,OnDemand,Interruptible,Spot,US-East,US,DIF,T2IF,T1,1.9776,False,,Available,v2.2.1,panel
2026-07-08,azure,a100-sxm-80gb,A100,80GB,SXM,IB-HDR,OnDemand,NonInterruptible,OnDemand,US-East,US,HIF,T2IF,T1,4.0963,True,local-nvme;managed-ops-plane;support-tier;observability,Available,v2.2.1,panel
2026-07-08,azure,a100-sxm-80gb,A100,80GB,SXM,IB-HDR,1Y,NonInterruptible,Reserved,US-East,US,HIF,T2IF,T1,2.6216,True,local-nvme;managed-ops-plane;support-tier;observability,Available,v2.2.1,panel
2026-07-08,azure,a100-sxm-80gb,A100,80GB,SXM,IB-HDR,3Y,NonInterruptible,Reserved,US-East,US,HIF,T2IF,T1,1.8024,True,local-nvme;managed-ops-plane;support-tier;observability,Available,v2.2.1,panel
2026-07-08,coreweave,a100-sxm-80gb,A100,80GB,SXM,IB-HDR,OnDemand,NonInterruptible,OnDemand,US-East,US,IIF,T2IF,T2,2.7000,True,local-nvme;free-egress;support-tier;observability;managed-ops-plane,Available,v2.2.1,panel
2026-07-08,coreweave,a100-sxm-80gb,A100,80GB,SXM,IB-HDR,OnDemand,Interruptible,Spot,US-East,US,DIF,T2IF,T2,1.2063,True,local-nvme;free-egress;support-tier;observability;managed-ops-plane,Available,v2.2.1,panel
2026-07-08,crusoe,a100-sxm-80gb,A100,80GB,SXM,IB-HDR,OnDemand,NonInterruptible,OnDemand,US-East,US,IIF,T2IF,T2,2.3000,True,local-nvme;free-egress,Available,v2.2.1,panel
2026-07-08,cyfuture,a100-sxm-80gb,A100,80GB,SXM,Unknown,1Y,NonInterruptible,Reserved,APAC,APAC,IIF,T2IF,T2,2.0800,False,,Available,v2.2.1,panel
2026-07-08,cyfuture,a100-sxm-80gb,A100,80GB,SXM,Unknown,6M,NonInterruptible,Reserved,APAC,APAC,IIF,T2IF,T2,2.1600,False,,Available,v2.2.1,panel
2026-07-08,datacrunch,a100-sxm-80gb,A100,80GB,SXM,IB-HDR,OnDemand,NonInterruptible,OnDemand,EU,EU,SIF,T2IF,T2,1.7900,True,local-nvme,Available,v2.2.1,panel
2026-07-08,datacrunch,a100-sxm-80gb,A100,80GB,SXM,IB-HDR,1M,NonInterruptible,Reserved,EU,EU,SIF,T2IF,T2,1.7542,True,local-nvme,Available,v2.2.1,panel
2026-07-08,datacrunch,a100-sxm-80gb,A100,80GB,SXM,IB-HDR,1Y,NonInterruptible,Reserved,EU,EU,SIF,T2IF,T2,1.6468,True,local-nvme,Available,v2.2.1,panel
2026-07-08,datacrunch,a100-sxm-80gb,A100,80GB,SXM,IB-HDR,2Y,NonInterruptible,Reserved,EU,EU,SIF,T2IF,T2,1.3425,True,local-nvme,Available,v2.2.1,panel
2026-07-08,datacrunch,a100-sxm-80gb,A100,80GB,SXM,IB-HDR,3M,NonInterruptible,Reserved,EU,EU,SIF,T2IF,T2,1.7363,True,local-nvme,Available,v2.2.1,panel
2026-07-08,datacrunch,a100-sxm-80gb,A100,80GB,SXM,IB-HDR,6M,NonInterruptible,Reserved,EU,EU,SIF,T2IF,T2,1.7184,True,local-nvme,Available,v2.2.1,panel
2026-07-08,datacrunch,a100-sxm-80gb,A100,80GB,SXM,IB-HDR,OnDemand,Interruptible,Spot,EU,EU,DIF,T2IF,T2,0.6265,True,local-nvme,Available,v2.2.1,panel
2026-07-08,denvr,a100-sxm-80gb,A100,80GB,SXM,IB-HDR,OnDemand,NonInterruptible,OnDemand,Other,Other,SIF,T2IF,T2,1.3000,True,local-nvme,Available,v2.2.1,panel
2026-07-08,e2e,a100-sxm-80gb,A100,80GB,SXM,IB-NDR,OnDemand,NonInterruptible,OnDemand,APAC,APAC,IIF,T2IF,T2,2.1000,True,managed-ops-plane,Available,v2.2.1,panel
2026-07-08,e2e,a100-sxm-80gb,A100,80GB,SXM,IB-NDR,1M,NonInterruptible,Reserved,APAC,APAC,IIF,T2IF,T2,1.5319,True,managed-ops-plane,Available,v2.2.1,panel
2026-07-08,e2e,a100-sxm-80gb,A100,80GB,SXM,IB-NDR,1Y,NonInterruptible,Reserved,APAC,APAC,IIF,T2IF,T2,1.2050,True,managed-ops-plane,Available,v2.2.1,panel
2026-07-08,e2e,a100-sxm-80gb,A100,80GB,SXM,IB-NDR,3M,NonInterruptible,Reserved,APAC,APAC,IIF,T2IF,T2,1.4852,True,managed-ops-plane,Available,v2.2.1,panel
2026-07-08,e2e,a100-sxm-80gb,A100,80GB,SXM,IB-NDR,6M,NonInterruptible,Reserved,APAC,APAC,IIF,T2IF,T2,1.3092,True,managed-ops-plane,Available,v2.2.1,panel
2026-07-08,gcore,a100-sxm-80gb,A100,80GB,SXM,Unknown,OnDemand,NonInterruptible,OnDemand,EU,EU,IIF,T2IF,T2,1.4520,False,,Available,v2.2.1,panel
2026-07-08,hyperstack,a100-sxm-80gb,A100,80GB,SXM,Ethernet,OnDemand,NonInterruptible,OnDemand,Other,Other,SIF,,T2,1.6000,True,local-nvme,Available,v2.2.1,panel
2026-07-08,hyperstack,a100-sxm-80gb,A100,80GB,SXM,Ethernet,6M,NonInterruptible,Reserved,Other,Other,SIF,,T2,1.3600,True,local-nvme,Available,v2.2.1,panel
2026-07-08,jarvislabs,a100-sxm-80gb,A100,80GB,SXM,Unknown,OnDemand,NonInterruptible,OnDemand,APAC,APAC,IIF,T3IF,T2,1.4900,False,,Available,v2.2.1,panel
2026-07-08,lambda,a100-sxm-80gb,A100,80GB,SXM,Unknown,OnDemand,NonInterruptible,OnDemand,US-East,US,IIF,T3IF,T2,2.7900,True,local-nvme,Available,v2.2.1,panel
2026-07-08,massed_compute,a100-sxm-80gb,A100,80GB,SXM,Unknown,OnDemand,NonInterruptible,OnDemand,US-East,US,DIF,T3IF,T3,1.3800,False,,Available,v2.2.1,panel
2026-07-08,oci,a100-sxm-80gb,A100,80GB,SXM,RoCE-v2,OnDemand,NonInterruptible,OnDemand,US-East,US,HIF,T2IF,T1,4.0000,True,local-nvme;egress-capped;managed-ops-plane;support-tier;observability,Available,v2.2.1,panel
2026-07-08,qubrid,a100-sxm-80gb,A100,80GB,SXM,Unknown,OnDemand,NonInterruptible,OnDemand,Other,Other,SIF,T2IF,T2,1.3800,False,,Available,v2.2.1,panel
2026-07-08,qubrid,a100-sxm-80gb,A100,80GB,SXM,Unknown,1Y,NonInterruptible,Reserved,Other,Other,SIF,T2IF,T2,1.3500,False,,Available,v2.2.1,panel
2026-07-08,runpod_cluster,a100-sxm-80gb,A100,80GB,SXM,IB-HDR,OnDemand,NonInterruptible,OnDemand,Other,Other,DIF,T2IF,T3,1.7880,True,local-nvme,Available,v2.2.1,panel
2026-07-08,runpod_community,a100-sxm-80gb,A100,80GB,SXM,Unknown,OnDemand,NonInterruptible,OnDemand,Other,Other,DIF,T3IF,T3,1.3900,False,,Available,v2.2.1,panel
2026-07-08,runpod_secure,a100-sxm-80gb,A100,80GB,SXM,IB-HDR,OnDemand,NonInterruptible,OnDemand,Other,Other,DIF,T2IF,T3,1.4900,True,local-nvme,Available,v2.2.1,panel
2026-07-08,runpod_secure,a100-sxm-80gb,A100,80GB,SXM,IB-HDR,1Y,NonInterruptible,Reserved,Other,Other,DIF,T2IF,T3,1.2200,True,local-nvme,Available,v2.2.1,panel
2026-07-08,runpod_secure,a100-sxm-80gb,A100,80GB,SXM,IB-HDR,3M,NonInterruptible,Reserved,Other,Other,DIF,T2IF,T3,1.3000,True,local-nvme,Available,v2.2.1,panel
2026-07-08,runpod_secure,a100-sxm-80gb,A100,80GB,SXM,IB-HDR,6M,NonInterruptible,Reserved,Other,Other,DIF,T2IF,T3,1.2700,True,local-nvme,Available,v2.2.1,panel
2026-07-08,runpod_secure,a100-sxm-80gb,A100,80GB,SXM,IB-HDR,OnDemand,Interruptible,Spot,Other,Other,DIF,T2IF,T3,1.3900,True,local-nvme,Available,v2.2.1,panel
2026-07-08,sesterce,a100-sxm-80gb,A100,80GB,SXM,Unknown,OnDemand,NonInterruptible,OnDemand,Other,Other,IIF,T2IF,T2,1.4850,False,,Available,v2.2.1,panel
2026-07-08,spheron,a100-sxm-80gb,A100,80GB,SXM,Unknown,OnDemand,NonInterruptible,OnDemand,US-East,US,DIF,T3IF,T3,1.6905,False,,Available,v2.2.1,panel
2026-07-08,tensordock,a100-sxm-80gb,A100,80GB,SXM,Unknown,OnDemand,NonInterruptible,OnDemand,Other,Other,DIF,T3IF,T3,1.2000,False,,Available,v2.2.1,panel
2026-07-08,vast_ai,a100-sxm-80gb,A100,80GB,SXM,Unknown,OnDemand,NonInterruptible,OnDemand,EU,EU,DIF,T3IF,T3,0.7684,True,local-nvme,Available,v2.2.1,marketplace
2026-07-08,vast_ai,a100-sxm-80gb,A100,80GB,SXM,Unknown,OnDemand,NonInterruptible,OnDemand,US-West,US,DIF,T3IF,T3,0.6933,True,local-nvme,Available,v2.2.1,marketplace
2026-07-08,vast_ai,a100-sxm-80gb,A100,80GB,SXM,Unknown,OnDemand,NonInterruptible,OnDemand,Other,Other,DIF,T3IF,T3,1.3000,True,local-nvme,Available,v2.2.1,marketplace
2026-07-08,vast_ai,a100-sxm-80gb,A100,80GB,SXM,Unknown,OnDemand,NonInterruptible,OnDemand,US-Central,US,DIF,T3IF,T3,0.6000,True,local-nvme,Available,v2.2.1,marketplace
2026-07-08,vast_ai,a100-sxm-80gb,A100,80GB,SXM,Unknown,OnDemand,NonInterruptible,OnDemand,APAC,APAC,DIF,T3IF,T3,1.0573,True,local-nvme,Available,v2.2.1,marketplace
2026-07-08,vultr,a100-sxm-80gb,A100,80GB,SXM,Unknown,OnDemand,NonInterruptible,OnDemand,Other,Other,SIF,T2IF,T2,2.8000,False,,Available,v2.2.1,panel
2026-07-08,vultr,a100-sxm-80gb,A100,80GB,SXM,Unknown,OnDemand,Interruptible,Spot,Other,Other,DIF,T2IF,T2,1.4900,False,,Available,v2.2.1,panel
2026-07-09,atlas_cloud,a100-sxm-80gb,A100,80GB,SXM,Unknown,OnDemand,NonInterruptible,OnDemand,US-East,US,IIF,T2IF,T2,1.3500,False,,Available,v2.2.1,panel
2026-07-09,aws,a100-sxm-80gb,A100,80GB,SXM,EFA,OnDemand,NonInterruptible,OnDemand,US-East,US,HIF,T2IF,T1,3.4309,True,local-nvme;managed-ops-plane;support-tier;observability,Available,v2.2.1,panel
2026-07-09,aws,a100-sxm-80gb,A100,80GB,SXM,EFA,1Y,NonInterruptible,Reserved,US-East,US,HIF,T2IF,T1,2.1752,True,local-nvme;managed-ops-plane;support-tier;observability,Available,v2.2.1,panel
2026-07-09,aws,a100-sxm-80gb,A100,80GB,SXM,EFA,3Y,NonInterruptible,Reserved,US-East,US,HIF,T2IF,T1,1.4647,True,local-nvme;managed-ops-plane;support-tier;observability,Available,v2.2.1,panel
2026-07-09,aws,a100-sxm-80gb,A100,80GB,SXM,EFA,OnDemand,Interruptible,Spot,US-West,US,DIF,T2IF,T1,2.1018,False,,Available,v2.2.1,panel
2026-07-09,aws,a100-sxm-80gb,A100,80GB,SXM,EFA,OnDemand,Interruptible,Spot,US-East,US,DIF,T2IF,T1,2.0127,False,,Available,v2.2.1,panel
2026-07-09,azure,a100-sxm-80gb,A100,80GB,SXM,IB-HDR,OnDemand,NonInterruptible,OnDemand,US-East,US,HIF,T2IF,T1,4.0963,True,local-nvme;managed-ops-plane;support-tier;observability,Available,v2.2.1,panel
2026-07-09,azure,a100-sxm-80gb,A100,80GB,SXM,IB-HDR,1Y,NonInterruptible,Reserved,US-East,US,HIF,T2IF,T1,2.6216,True,local-nvme;managed-ops-plane;support-tier;observability,Available,v2.2.1,panel
2026-07-09,azure,a100-sxm-80gb,A100,80GB,SXM,IB-HDR,3Y,NonInterruptible,Reserved,US-East,US,HIF,T2IF,T1,1.8024,True,local-nvme;managed-ops-plane;support-tier;observability,Available,v2.2.1,panel
2026-07-09,coreweave,a100-sxm-80gb,A100,80GB,SXM,IB-HDR,OnDemand,NonInterruptible,OnDemand,US-East,US,IIF,T2IF,T2,2.7000,True,local-nvme;free-egress;support-tier;observability;managed-ops-plane,Available,v2.2.1,panel
2026-07-09,coreweave,a100-sxm-80gb,A100,80GB,SXM,IB-HDR,OnDemand,Interruptible,Spot,US-East,US,DIF,T2IF,T2,1.2063,True,local-nvme;free-egress;support-tier;observability;managed-ops-plane,Available,v2.2.1,panel
2026-07-09,crusoe,a100-sxm-80gb,A100,80GB,SXM,IB-HDR,OnDemand,NonInterruptible,OnDemand,US-East,US,IIF,T2IF,T2,2.3000,True,local-nvme;free-egress,Available,v2.2.1,panel
2026-07-09,cyfuture,a100-sxm-80gb,A100,80GB,SXM,Unknown,1Y,NonInterruptible,Reserved,APAC,APAC,IIF,T2IF,T2,2.0800,False,,Available,v2.2.1,panel
2026-07-09,cyfuture,a100-sxm-80gb,A100,80GB,SXM,Unknown,6M,NonInterruptible,Reserved,APAC,APAC,IIF,T2IF,T2,2.1600,False,,Available,v2.2.1,panel
2026-07-09,datacrunch,a100-sxm-80gb,A100,80GB,SXM,IB-HDR,OnDemand,NonInterruptible,OnDemand,EU,EU,SIF,T2IF,T2,1.7900,True,local-nvme,Available,v2.2.1,panel
2026-07-09,datacrunch,a100-sxm-80gb,A100,80GB,SXM,IB-HDR,1M,NonInterruptible,Reserved,EU,EU,SIF,T2IF,T2,1.7542,True,local-nvme,Available,v2.2.1,panel
2026-07-09,datacrunch,a100-sxm-80gb,A100,80GB,SXM,IB-HDR,1Y,NonInterruptible,Reserved,EU,EU,SIF,T2IF,T2,1.6468,True,local-nvme,Available,v2.2.1,panel
2026-07-09,datacrunch,a100-sxm-80gb,A100,80GB,SXM,IB-HDR,2Y,NonInterruptible,Reserved,EU,EU,SIF,T2IF,T2,1.3425,True,local-nvme,Available,v2.2.1,panel
2026-07-09,datacrunch,a100-sxm-80gb,A100,80GB,SXM,IB-HDR,3M,NonInterruptible,Reserved,EU,EU,SIF,T2IF,T2,1.7363,True,local-nvme,Available,v2.2.1,panel
2026-07-09,datacrunch,a100-sxm-80gb,A100,80GB,SXM,IB-HDR,6M,NonInterruptible,Reserved,EU,EU,SIF,T2IF,T2,1.7184,True,local-nvme,Available,v2.2.1,panel
2026-07-09,datacrunch,a100-sxm-80gb,A100,80GB,SXM,IB-HDR,OnDemand,Interruptible,Spot,EU,EU,DIF,T2IF,T2,0.6265,True,local-nvme,Available,v2.2.1,panel
2026-07-09,denvr,a100-sxm-80gb,A100,80GB,SXM,IB-HDR,OnDemand,NonInterruptible,OnDemand,Other,Other,SIF,T2IF,T2,1.3000,True,local-nvme,Available,v2.2.1,panel
2026-07-09,e2e,a100-sxm-80gb,A100,80GB,SXM,IB-NDR,OnDemand,NonInterruptible,OnDemand,APAC,APAC,IIF,T2IF,T2,2.1000,True,managed-ops-plane,Available,v2.2.1,panel
2026-07-09,e2e,a100-sxm-80gb,A100,80GB,SXM,IB-NDR,1M,NonInterruptible,Reserved,APAC,APAC,IIF,T2IF,T2,1.5319,True,managed-ops-plane,Available,v2.2.1,panel
2026-07-09,e2e,a100-sxm-80gb,A100,80GB,SXM,IB-NDR,1Y,NonInterruptible,Reserved,APAC,APAC,IIF,T2IF,T2,1.2050,True,managed-ops-plane,Available,v2.2.1,panel
2026-07-09,e2e,a100-sxm-80gb,A100,80GB,SXM,IB-NDR,3M,NonInterruptible,Reserved,APAC,APAC,IIF,T2IF,T2,1.4852,True,managed-ops-plane,Available,v2.2.1,panel
2026-07-09,e2e,a100-sxm-80gb,A100,80GB,SXM,IB-NDR,6M,NonInterruptible,Reserved,APAC,APAC,IIF,T2IF,T2,1.3092,True,managed-ops-plane,Available,v2.2.1,panel
2026-07-09,gcore,a100-sxm-80gb,A100,80GB,SXM,Unknown,OnDemand,NonInterruptible,OnDemand,EU,EU,IIF,T2IF,T2,1.4483,False,,Available,v2.2.1,panel
2026-07-09,hyperstack,a100-sxm-80gb,A100,80GB,SXM,Ethernet,OnDemand,NonInterruptible,OnDemand,Other,Other,SIF,,T2,1.6000,True,local-nvme,Available,v2.2.1,panel
2026-07-09,hyperstack,a100-sxm-80gb,A100,80GB,SXM,Ethernet,6M,NonInterruptible,Reserved,Other,Other,SIF,,T2,1.3600,True,local-nvme,Available,v2.2.1,panel
2026-07-09,jarvislabs,a100-sxm-80gb,A100,80GB,SXM,Unknown,OnDemand,NonInterruptible,OnDemand,APAC,APAC,IIF,T3IF,T2,1.4900,False,,Available,v2.2.1,panel
2026-07-09,massed_compute,a100-sxm-80gb,A100,80GB,SXM,Unknown,OnDemand,NonInterruptible,OnDemand,US-East,US,DIF,T3IF,T3,1.3800,False,,Available,v2.2.1,panel
2026-07-09,oci,a100-sxm-80gb,A100,80GB,SXM,RoCE-v2,OnDemand,NonInterruptible,OnDemand,US-East,US,HIF,T2IF,T1,4.0000,True,local-nvme;egress-capped;managed-ops-plane;support-tier;observability,Available,v2.2.1,panel
2026-07-09,runpod_cluster,a100-sxm-80gb,A100,80GB,SXM,IB-HDR,OnDemand,NonInterruptible,OnDemand,Other,Other,DIF,T2IF,T3,1.7880,True,local-nvme,Available,v2.2.1,panel
2026-07-09,runpod_community,a100-sxm-80gb,A100,80GB,SXM,Unknown,OnDemand,NonInterruptible,OnDemand,Other,Other,DIF,T3IF,T3,1.3900,False,,Available,v2.2.1,panel
2026-07-09,runpod_secure,a100-sxm-80gb,A100,80GB,SXM,IB-HDR,OnDemand,NonInterruptible,OnDemand,Other,Other,DIF,T2IF,T3,1.4900,True,local-nvme,Available,v2.2.1,panel
2026-07-09,runpod_secure,a100-sxm-80gb,A100,80GB,SXM,IB-HDR,1Y,NonInterruptible,Reserved,Other,Other,DIF,T2IF,T3,1.2200,True,local-nvme,Available,v2.2.1,panel
2026-07-09,runpod_secure,a100-sxm-80gb,A100,80GB,SXM,IB-HDR,3M,NonInterruptible,Reserved,Other,Other,DIF,T2IF,T3,1.3000,True,local-nvme,Available,v2.2.1,panel
2026-07-09,runpod_secure,a100-sxm-80gb,A100,80GB,SXM,IB-HDR,6M,NonInterruptible,Reserved,Other,Other,DIF,T2IF,T3,1.2700,True,local-nvme,Available,v2.2.1,panel
2026-07-09,runpod_secure,a100-sxm-80gb,A100,80GB,SXM,IB-HDR,OnDemand,Interruptible,Spot,Other,Other,DIF,T2IF,T3,1.3900,True,local-nvme,Available,v2.2.1,panel
2026-07-09,sesterce,a100-sxm-80gb,A100,80GB,SXM,Unknown,OnDemand,NonInterruptible,OnDemand,Other,Other,IIF,T2IF,T2,1.5180,False,,Available,v2.2.1,panel
2026-07-09,spheron,a100-sxm-80gb,A100,80GB,SXM,Unknown,OnDemand,NonInterruptible,OnDemand,US-East,US,DIF,T3IF,T3,1.6905,False,,Available,v2.2.1,panel
2026-07-09,tensordock,a100-sxm-80gb,A100,80GB,SXM,Unknown,OnDemand,NonInterruptible,OnDemand,Other,Other,DIF,T3IF,T3,1.2000,False,,Available,v2.2.1,panel
2026-07-09,vast_ai,a100-sxm-80gb,A100,80GB,SXM,Unknown,OnDemand,NonInterruptible,OnDemand,Other,Other,DIF,T3IF,T3,1.2667,True,local-nvme,Available,v2.2.1,marketplace
2026-07-09,vast_ai,a100-sxm-80gb,A100,80GB,SXM,Unknown,OnDemand,NonInterruptible,OnDemand,US-West,US,DIF,T3IF,T3,0.6933,True,local-nvme,Available,v2.2.1,marketplace
2026-07-09,vast_ai,a100-sxm-80gb,A100,80GB,SXM,Unknown,OnDemand,NonInterruptible,OnDemand,APAC,APAC,DIF,T3IF,T3,0.9627,True,local-nvme,Available,v2.2.1,marketplace
2026-07-09,vast_ai,a100-sxm-80gb,A100,80GB,SXM,Unknown,OnDemand,NonInterruptible,OnDemand,US-Central,US,DIF,T3IF,T3,1.0667,True,local-nvme,Available,v2.2.1,marketplace
2026-07-09,vultr,a100-sxm-80gb,A100,80GB,SXM,Unknown,OnDemand,NonInterruptible,OnDemand,Other,Other,SIF,T2IF,T2,2.8000,False,,Available,v2.2.1,panel
2026-07-09,vultr,a100-sxm-80gb,A100,80GB,SXM,Unknown,OnDemand,Interruptible,Spot,Other,Other,DIF,T2IF,T2,1.4900,False,,Available,v2.2.1,panel
2026-07-10,atlas_cloud,a100-sxm-80gb,A100,80GB,SXM,Unknown,OnDemand,NonInterruptible,OnDemand,US-East,US,IIF,T2IF,T2,1.3500,False,,Available,v2.2.1,panel
2026-07-10,aws,a100-sxm-80gb,A100,80GB,SXM,EFA,OnDemand,NonInterruptible,OnDemand,US-East,US,HIF,T2IF,T1,3.4309,True,local-nvme;managed-ops-plane;support-tier;observability,Available,v2.2.1,panel
2026-07-10,aws,a100-sxm-80gb,A100,80GB,SXM,EFA,1Y,NonInterruptible,Reserved,US-East,US,HIF,T2IF,T1,2.1752,True,local-nvme;managed-ops-plane;support-tier;observability,Available,v2.2.1,panel
2026-07-10,aws,a100-sxm-80gb,A100,80GB,SXM,EFA,3Y,NonInterruptible,Reserved,US-East,US,HIF,T2IF,T1,1.4647,True,local-nvme;managed-ops-plane;support-tier;observability,Available,v2.2.1,panel
2026-07-10,aws,a100-sxm-80gb,A100,80GB,SXM,EFA,OnDemand,Interruptible,Spot,US-East,US,DIF,T2IF,T1,2.0508,False,,Available,v2.2.1,panel
2026-07-10,aws,a100-sxm-80gb,A100,80GB,SXM,EFA,OnDemand,Interruptible,Spot,US-West,US,DIF,T2IF,T1,2.1727,False,,Available,v2.2.1,panel
2026-07-10,azure,a100-sxm-80gb,A100,80GB,SXM,IB-HDR,OnDemand,NonInterruptible,OnDemand,US-East,US,HIF,T2IF,T1,4.0963,True,local-nvme;managed-ops-plane;support-tier;observability,Available,v2.2.1,panel
2026-07-10,azure,a100-sxm-80gb,A100,80GB,SXM,IB-HDR,1Y,NonInterruptible,Reserved,US-East,US,HIF,T2IF,T1,2.6216,True,local-nvme;managed-ops-plane;support-tier;observability,Available,v2.2.1,panel
2026-07-10,azure,a100-sxm-80gb,A100,80GB,SXM,IB-HDR,3Y,NonInterruptible,Reserved,US-East,US,HIF,T2IF,T1,1.8024,True,local-nvme;managed-ops-plane;support-tier;observability,Available,v2.2.1,panel
2026-07-10,coreweave,a100-sxm-80gb,A100,80GB,SXM,IB-HDR,OnDemand,NonInterruptible,OnDemand,US-East,US,IIF,T2IF,T2,2.7000,True,local-nvme;free-egress;support-tier;observability;managed-ops-plane,Available,v2.2.1,panel
2026-07-10,coreweave,a100-sxm-80gb,A100,80GB,SXM,IB-HDR,OnDemand,Interruptible,Spot,US-East,US,DIF,T2IF,T2,1.2063,True,local-nvme;free-egress;support-tier;observability;managed-ops-plane,Available,v2.2.1,panel
2026-07-10,crusoe,a100-sxm-80gb,A100,80GB,SXM,IB-HDR,OnDemand,NonInterruptible,OnDemand,US-East,US,IIF,T2IF,T2,2.3000,True,local-nvme;free-egress,Available,v2.2.1,panel
2026-07-10,cyfuture,a100-sxm-80gb,A100,80GB,SXM,Unknown,1Y,NonInterruptible,Reserved,APAC,APAC,IIF,T2IF,T2,2.0800,False,,Available,v2.2.1,panel
2026-07-10,cyfuture,a100-sxm-80gb,A100,80GB,SXM,Unknown,6M,NonInterruptible,Reserved,APAC,APAC,IIF,T2IF,T2,2.1600,False,,Available,v2.2.1,panel
2026-07-10,datacrunch,a100-sxm-80gb,A100,80GB,SXM,IB-HDR,OnDemand,NonInterruptible,OnDemand,EU,EU,SIF,T2IF,T2,1.7900,True,local-nvme,Available,v2.2.1,panel
2026-07-10,datacrunch,a100-sxm-80gb,A100,80GB,SXM,IB-HDR,1M,NonInterruptible,Reserved,EU,EU,SIF,T2IF,T2,1.7542,True,local-nvme,Available,v2.2.1,panel
2026-07-10,datacrunch,a100-sxm-80gb,A100,80GB,SXM,IB-HDR,1Y,NonInterruptible,Reserved,EU,EU,SIF,T2IF,T2,1.6468,True,local-nvme,Available,v2.2.1,panel
2026-07-10,datacrunch,a100-sxm-80gb,A100,80GB,SXM,IB-HDR,2Y,NonInterruptible,Reserved,EU,EU,SIF,T2IF,T2,1.3425,True,local-nvme,Available,v2.2.1,panel
2026-07-10,datacrunch,a100-sxm-80gb,A100,80GB,SXM,IB-HDR,3M,NonInterruptible,Reserved,EU,EU,SIF,T2IF,T2,1.7363,True,local-nvme,Available,v2.2.1,panel
2026-07-10,datacrunch,a100-sxm-80gb,A100,80GB,SXM,IB-HDR,6M,NonInterruptible,Reserved,EU,EU,SIF,T2IF,T2,1.7184,True,local-nvme,Available,v2.2.1,panel
2026-07-10,datacrunch,a100-sxm-80gb,A100,80GB,SXM,IB-HDR,OnDemand,Interruptible,Spot,EU,EU,DIF,T2IF,T2,0.6265,True,local-nvme,Available,v2.2.1,panel
2026-07-10,denvr,a100-sxm-80gb,A100,80GB,SXM,IB-HDR,OnDemand,NonInterruptible,OnDemand,Other,Other,SIF,T2IF,T2,1.3000,True,local-nvme,Available,v2.2.1,panel
2026-07-10,e2e,a100-sxm-80gb,A100,80GB,SXM,IB-NDR,OnDemand,NonInterruptible,OnDemand,APAC,APAC,IIF,T2IF,T2,2.1000,True,managed-ops-plane,Available,v2.2.1,panel
2026-07-10,e2e,a100-sxm-80gb,A100,80GB,SXM,IB-NDR,1M,NonInterruptible,Reserved,APAC,APAC,IIF,T2IF,T2,1.5319,True,managed-ops-plane,Available,v2.2.1,panel
2026-07-10,e2e,a100-sxm-80gb,A100,80GB,SXM,IB-NDR,1Y,NonInterruptible,Reserved,APAC,APAC,IIF,T2IF,T2,1.2050,True,managed-ops-plane,Available,v2.2.1,panel
2026-07-10,e2e,a100-sxm-80gb,A100,80GB,SXM,IB-NDR,3M,NonInterruptible,Reserved,APAC,APAC,IIF,T2IF,T2,1.4852,True,managed-ops-plane,Available,v2.2.1,panel
2026-07-10,e2e,a100-sxm-80gb,A100,80GB,SXM,IB-NDR,6M,NonInterruptible,Reserved,APAC,APAC,IIF,T2IF,T2,1.3092,True,managed-ops-plane,Available,v2.2.1,panel
2026-07-10,gcore,a100-sxm-80gb,A100,80GB,SXM,Unknown,OnDemand,NonInterruptible,OnDemand,EU,EU,IIF,T2IF,T2,1.4522,False,,Available,v2.2.1,panel
2026-07-10,hyperstack,a100-sxm-80gb,A100,80GB,SXM,Ethernet,OnDemand,NonInterruptible,OnDemand,Other,Other,SIF,,T2,1.6000,True,local-nvme,Available,v2.2.1,panel
2026-07-10,hyperstack,a100-sxm-80gb,A100,80GB,SXM,Ethernet,6M,NonInterruptible,Reserved,Other,Other,SIF,,T2,1.3600,True,local-nvme,Available,v2.2.1,panel
2026-07-10,jarvislabs,a100-sxm-80gb,A100,80GB,SXM,Unknown,OnDemand,NonInterruptible,OnDemand,APAC,APAC,IIF,T3IF,T2,1.4900,False,,Available,v2.2.1,panel
2026-07-10,lambda,a100-sxm-80gb,A100,80GB,SXM,Unknown,OnDemand,NonInterruptible,OnDemand,US-East,US,IIF,T3IF,T2,2.7900,True,local-nvme,Available,v2.2.1,panel
2026-07-10,massed_compute,a100-sxm-80gb,A100,80GB,SXM,Unknown,OnDemand,NonInterruptible,OnDemand,US-East,US,DIF,T3IF,T3,1.3800,False,,Available,v2.2.1,panel
2026-07-10,oci,a100-sxm-80gb,A100,80GB,SXM,RoCE-v2,OnDemand,NonInterruptible,OnDemand,US-East,US,HIF,T2IF,T1,4.0000,True,local-nvme;egress-capped;managed-ops-plane;support-tier;observability,Available,v2.2.1,panel
2026-07-10,runpod_cluster,a100-sxm-80gb,A100,80GB,SXM,IB-HDR,OnDemand,NonInterruptible,OnDemand,Other,Other,DIF,T2IF,T3,1.7880,True,local-nvme,Available,v2.2.1,panel
2026-07-10,runpod_community,a100-sxm-80gb,A100,80GB,SXM,Unknown,OnDemand,NonInterruptible,OnDemand,Other,Other,DIF,T3IF,T3,1.3900,False,,Available,v2.2.1,panel
2026-07-10,runpod_secure,a100-sxm-80gb,A100,80GB,SXM,IB-HDR,OnDemand,NonInterruptible,OnDemand,Other,Other,DIF,T2IF,T3,1.4900,True,local-nvme,Available,v2.2.1,panel
2026-07-10,runpod_secure,a100-sxm-80gb,A100,80GB,SXM,IB-HDR,1Y,NonInterruptible,Reserved,Other,Other,DIF,T2IF,T3,1.2200,True,local-nvme,Available,v2.2.1,panel
2026-07-10,runpod_secure,a100-sxm-80gb,A100,80GB,SXM,IB-HDR,3M,NonInterruptible,Reserved,Other,Other,DIF,T2IF,T3,1.3000,True,local-nvme,Available,v2.2.1,panel
2026-07-10,runpod_secure,a100-sxm-80gb,A100,80GB,SXM,IB-HDR,6M,NonInterruptible,Reserved,Other,Other,DIF,T2IF,T3,1.2700,True,local-nvme,Available,v2.2.1,panel
2026-07-10,runpod_secure,a100-sxm-80gb,A100,80GB,SXM,IB-HDR,OnDemand,Interruptible,Spot,Other,Other,DIF,T2IF,T3,1.3900,True,local-nvme,Available,v2.2.1,panel
2026-07-10,sesterce,a100-sxm-80gb,A100,80GB,SXM,Unknown,OnDemand,NonInterruptible,OnDemand,Other,Other,IIF,T2IF,T2,1.4850,False,,Available,v2.2.1,panel
2026-07-10,spheron,a100-sxm-80gb,A100,80GB,SXM,Unknown,OnDemand,NonInterruptible,OnDemand,US-East,US,DIF,T3IF,T3,1.6905,False,,Available,v2.2.1,panel
2026-07-10,tensordock,a100-sxm-80gb,A100,80GB,SXM,Unknown,OnDemand,NonInterruptible,OnDemand,Other,Other,DIF,T3IF,T3,1.2000,False,,Available,v2.2.1,panel
2026-07-10,vast_ai,a100-sxm-80gb,A100,80GB,SXM,Unknown,OnDemand,NonInterruptible,OnDemand,US-Central,US,DIF,T3IF,T3,1.0667,True,local-nvme,Available,v2.2.1,marketplace
2026-07-10,vast_ai,a100-sxm-80gb,A100,80GB,SXM,Unknown,OnDemand,NonInterruptible,OnDemand,Other,Other,DIF,T3IF,T3,1.2867,True,local-nvme,Available,v2.2.1,marketplace
2026-07-10,vast_ai,a100-sxm-80gb,A100,80GB,SXM,Unknown,OnDemand,NonInterruptible,OnDemand,APAC,APAC,DIF,T3IF,T3,1.0573,True,local-nvme,Available,v2.2.1,marketplace
2026-07-10,vast_ai,a100-sxm-80gb,A100,80GB,SXM,Unknown,OnDemand,NonInterruptible,OnDemand,EU,EU,DIF,T3IF,T3,1.0667,True,local-nvme,Available,v2.2.1,marketplace
2026-07-10,vast_ai,a100-sxm-80gb,A100,80GB,SXM,Unknown,OnDemand,NonInterruptible,OnDemand,US-West,US,DIF,T3IF,T3,0.6933,True,local-nvme,Available,v2.2.1,marketplace
2026-07-10,vultr,a100-sxm-80gb,A100,80GB,SXM,Unknown,OnDemand,NonInterruptible,OnDemand,Other,Other,SIF,T2IF,T2,2.8000,False,,Available,v2.2.1,panel
2026-07-10,vultr,a100-sxm-80gb,A100,80GB,SXM,Unknown,OnDemand,Interruptible,Spot,Other,Other,DIF,T2IF,T2,1.4900,False,,Available,v2.2.1,panel
2026-07-11,atlas_cloud,a100-sxm-80gb,A100,80GB,SXM,Unknown,OnDemand,NonInterruptible,OnDemand,US-East,US,IIF,T2IF,T2,1.3500,False,,Available,v2.2.1,panel
2026-07-11,aws,a100-sxm-80gb,A100,80GB,SXM,EFA,OnDemand,NonInterruptible,OnDemand,US-East,US,HIF,T2IF,T1,3.4309,True,local-nvme;managed-ops-plane;support-tier;observability,Available,v2.2.1,panel
2026-07-11,aws,a100-sxm-80gb,A100,80GB,SXM,EFA,1Y,NonInterruptible,Reserved,US-East,US,HIF,T2IF,T1,2.1752,True,local-nvme;managed-ops-plane;support-tier;observability,Available,v2.2.1,panel
2026-07-11,aws,a100-sxm-80gb,A100,80GB,SXM,EFA,3Y,NonInterruptible,Reserved,US-East,US,HIF,T2IF,T1,1.4647,True,local-nvme;managed-ops-plane;support-tier;observability,Available,v2.2.1,panel
2026-07-11,aws,a100-sxm-80gb,A100,80GB,SXM,EFA,OnDemand,Interruptible,Spot,US-East,US,DIF,T2IF,T1,2.1251,False,,Available,v2.2.1,panel
2026-07-11,aws,a100-sxm-80gb,A100,80GB,SXM,EFA,OnDemand,Interruptible,Spot,US-West,US,DIF,T2IF,T1,2.2044,False,,Available,v2.2.1,panel
2026-07-11,azure,a100-sxm-80gb,A100,80GB,SXM,IB-HDR,OnDemand,NonInterruptible,OnDemand,US-East,US,HIF,T2IF,T1,4.0963,True,local-nvme;managed-ops-plane;support-tier;observability,Available,v2.2.1,panel
2026-07-11,azure,a100-sxm-80gb,A100,80GB,SXM,IB-HDR,1Y,NonInterruptible,Reserved,US-East,US,HIF,T2IF,T1,2.6216,True,local-nvme;managed-ops-plane;support-tier;observability,Available,v2.2.1,panel
2026-07-11,azure,a100-sxm-80gb,A100,80GB,SXM,IB-HDR,3Y,NonInterruptible,Reserved,US-East,US,HIF,T2IF,T1,1.8024,True,local-nvme;managed-ops-plane;support-tier;observability,Available,v2.2.1,panel
2026-07-11,coreweave,a100-sxm-80gb,A100,80GB,SXM,IB-HDR,OnDemand,NonInterruptible,OnDemand,US-East,US,IIF,T2IF,T2,2.7000,True,local-nvme;free-egress;support-tier;observability;managed-ops-plane,Available,v2.2.1,panel
2026-07-11,coreweave,a100-sxm-80gb,A100,80GB,SXM,IB-HDR,OnDemand,Interruptible,Spot,US-East,US,DIF,T2IF,T2,1.2063,True,local-nvme;free-egress;support-tier;observability;managed-ops-plane,Available,v2.2.1,panel
2026-07-11,crusoe,a100-sxm-80gb,A100,80GB,SXM,IB-HDR,OnDemand,NonInterruptible,OnDemand,US-East,US,IIF,T2IF,T2,2.3000,True,local-nvme;free-egress,Available,v2.2.1,panel
2026-07-11,cyfuture,a100-sxm-80gb,A100,80GB,SXM,Unknown,1Y,NonInterruptible,Reserved,APAC,APAC,IIF,T2IF,T2,2.0800,False,,Available,v2.2.1,panel
2026-07-11,cyfuture,a100-sxm-80gb,A100,80GB,SXM,Unknown,6M,NonInterruptible,Reserved,APAC,APAC,IIF,T2IF,T2,2.1600,False,,Available,v2.2.1,panel
2026-07-11,datacrunch,a100-sxm-80gb,A100,80GB,SXM,IB-HDR,OnDemand,NonInterruptible,OnDemand,EU,EU,SIF,T2IF,T2,1.7900,True,local-nvme,Available,v2.2.1,panel
2026-07-11,datacrunch,a100-sxm-80gb,A100,80GB,SXM,IB-HDR,1M,NonInterruptible,Reserved,EU,EU,SIF,T2IF,T2,1.7542,True,local-nvme,Available,v2.2.1,panel
2026-07-11,datacrunch,a100-sxm-80gb,A100,80GB,SXM,IB-HDR,1Y,NonInterruptible,Reserved,EU,EU,SIF,T2IF,T2,1.6468,True,local-nvme,Available,v2.2.1,panel
2026-07-11,datacrunch,a100-sxm-80gb,A100,80GB,SXM,IB-HDR,2Y,NonInterruptible,Reserved,EU,EU,SIF,T2IF,T2,1.3425,True,local-nvme,Available,v2.2.1,panel
2026-07-11,datacrunch,a100-sxm-80gb,A100,80GB,SXM,IB-HDR,3M,NonInterruptible,Reserved,EU,EU,SIF,T2IF,T2,1.7363,True,local-nvme,Available,v2.2.1,panel
2026-07-11,datacrunch,a100-sxm-80gb,A100,80GB,SXM,IB-HDR,6M,NonInterruptible,Reserved,EU,EU,SIF,T2IF,T2,1.7184,True,local-nvme,Available,v2.2.1,panel
2026-07-11,datacrunch,a100-sxm-80gb,A100,80GB,SXM,IB-HDR,OnDemand,Interruptible,Spot,EU,EU,DIF,T2IF,T2,0.6265,True,local-nvme,Available,v2.2.1,panel
2026-07-11,denvr,a100-sxm-80gb,A100,80GB,SXM,IB-HDR,OnDemand,NonInterruptible,OnDemand,Other,Other,SIF,T2IF,T2,1.3000,True,local-nvme,Available,v2.2.1,panel
2026-07-11,e2e,a100-sxm-80gb,A100,80GB,SXM,IB-NDR,OnDemand,NonInterruptible,OnDemand,APAC,APAC,IIF,T2IF,T2,2.1000,True,managed-ops-plane,Available,v2.2.1,panel
2026-07-11,e2e,a100-sxm-80gb,A100,80GB,SXM,IB-NDR,1M,NonInterruptible,Reserved,APAC,APAC,IIF,T2IF,T2,1.5319,True,managed-ops-plane,Available,v2.2.1,panel
2026-07-11,e2e,a100-sxm-80gb,A100,80GB,SXM,IB-NDR,1Y,NonInterruptible,Reserved,APAC,APAC,IIF,T2IF,T2,1.2050,True,managed-ops-plane,Available,v2.2.1,panel
2026-07-11,e2e,a100-sxm-80gb,A100,80GB,SXM,IB-NDR,3M,NonInterruptible,Reserved,APAC,APAC,IIF,T2IF,T2,1.4852,True,managed-ops-plane,Available,v2.2.1,panel
2026-07-11,e2e,a100-sxm-80gb,A100,80GB,SXM,IB-NDR,6M,NonInterruptible,Reserved,APAC,APAC,IIF,T2IF,T2,1.3092,True,managed-ops-plane,Available,v2.2.1,panel
2026-07-11,gcore,a100-sxm-80gb,A100,80GB,SXM,Unknown,OnDemand,NonInterruptible,OnDemand,EU,EU,IIF,T2IF,T2,1.4516,False,,Available,v2.2.1,panel
2026-07-11,hyperstack,a100-sxm-80gb,A100,80GB,SXM,Ethernet,OnDemand,NonInterruptible,OnDemand,Other,Other,SIF,,T2,1.6000,True,local-nvme,Available,v2.2.1,panel
2026-07-11,hyperstack,a100-sxm-80gb,A100,80GB,SXM,Ethernet,6M,NonInterruptible,Reserved,Other,Other,SIF,,T2,1.3600,True,local-nvme,Available,v2.2.1,panel
2026-07-11,jarvislabs,a100-sxm-80gb,A100,80GB,SXM,Unknown,OnDemand,NonInterruptible,OnDemand,APAC,APAC,IIF,T3IF,T2,1.4900,False,,Available,v2.2.1,panel
2026-07-11,lambda,a100-sxm-80gb,A100,80GB,SXM,Unknown,OnDemand,NonInterruptible,OnDemand,US-East,US,IIF,T3IF,T2,2.7900,True,local-nvme,Available,v2.2.1,panel
2026-07-11,massed_compute,a100-sxm-80gb,A100,80GB,SXM,Unknown,OnDemand,NonInterruptible,OnDemand,US-East,US,DIF,T3IF,T3,1.3800,False,,Available,v2.2.1,panel
2026-07-11,oci,a100-sxm-80gb,A100,80GB,SXM,RoCE-v2,OnDemand,NonInterruptible,OnDemand,US-East,US,HIF,T2IF,T1,4.0000,True,local-nvme;egress-capped;managed-ops-plane;support-tier;observability,Available,v2.2.1,panel
2026-07-11,runpod_cluster,a100-sxm-80gb,A100,80GB,SXM,IB-HDR,OnDemand,NonInterruptible,OnDemand,Other,Other,DIF,T2IF,T3,1.7880,True,local-nvme,Available,v2.2.1,panel
2026-07-11,runpod_community,a100-sxm-80gb,A100,80GB,SXM,Unknown,OnDemand,NonInterruptible,OnDemand,Other,Other,DIF,T3IF,T3,1.3900,False,,Available,v2.2.1,panel
2026-07-11,runpod_secure,a100-sxm-80gb,A100,80GB,SXM,IB-HDR,OnDemand,NonInterruptible,OnDemand,Other,Other,DIF,T2IF,T3,1.4900,True,local-nvme,Available,v2.2.1,panel
2026-07-11,runpod_secure,a100-sxm-80gb,A100,80GB,SXM,IB-HDR,1Y,NonInterruptible,Reserved,Other,Other,DIF,T2IF,T3,1.2200,True,local-nvme,Available,v2.2.1,panel
2026-07-11,runpod_secure,a100-sxm-80gb,A100,80GB,SXM,IB-HDR,3M,NonInterruptible,Reserved,Other,Other,DIF,T2IF,T3,1.3000,True,local-nvme,Available,v2.2.1,panel
2026-07-11,runpod_secure,a100-sxm-80gb,A100,80GB,SXM,IB-HDR,6M,NonInterruptible,Reserved,Other,Other,DIF,T2IF,T3,1.2700,True,local-nvme,Available,v2.2.1,panel
2026-07-11,runpod_secure,a100-sxm-80gb,A100,80GB,SXM,IB-HDR,OnDemand,Interruptible,Spot,Other,Other,DIF,T2IF,T3,1.3900,True,local-nvme,Available,v2.2.1,panel
2026-07-11,sesterce,a100-sxm-80gb,A100,80GB,SXM,Unknown,OnDemand,NonInterruptible,OnDemand,Other,Other,IIF,T2IF,T2,1.4850,False,,Available,v2.2.1,panel
2026-07-11,spheron,a100-sxm-80gb,A100,80GB,SXM,Unknown,OnDemand,NonInterruptible,OnDemand,US-East,US,DIF,T3IF,T3,1.6905,False,,Available,v2.2.1,panel
2026-07-11,tensordock,a100-sxm-80gb,A100,80GB,SXM,Unknown,OnDemand,NonInterruptible,OnDemand,Other,Other,DIF,T3IF,T3,1.2000,False,,Available,v2.2.1,panel
2026-07-11,vast_ai,a100-sxm-80gb,A100,80GB,SXM,Unknown,OnDemand,NonInterruptible,OnDemand,Other,Other,DIF,T3IF,T3,1.3333,True,local-nvme,Available,v2.2.1,marketplace
2026-07-11,vast_ai,a100-sxm-80gb,A100,80GB,SXM,Unknown,OnDemand,NonInterruptible,OnDemand,EU,EU,DIF,T3IF,T3,1.0667,True,local-nvme,Available,v2.2.1,marketplace
2026-07-11,vast_ai,a100-sxm-80gb,A100,80GB,SXM,Unknown,OnDemand,NonInterruptible,OnDemand,US-Central,US,DIF,T3IF,T3,1.0667,True,local-nvme,Available,v2.2.1,marketplace
2026-07-11,vast_ai,a100-sxm-80gb,A100,80GB,SXM,Unknown,OnDemand,NonInterruptible,OnDemand,US-West,US,DIF,T3IF,T3,0.6933,True,local-nvme,Available,v2.2.1,marketplace
2026-07-11,vultr,a100-sxm-80gb,A100,80GB,SXM,Unknown,OnDemand,NonInterruptible,OnDemand,Other,Other,SIF,T2IF,T2,2.8000,False,,Available,v2.2.1,panel
2026-07-11,vultr,a100-sxm-80gb,A100,80GB,SXM,Unknown,OnDemand,Interruptible,Spot,Other,Other,DIF,T2IF,T2,1.4900,False,,Available,v2.2.1,panel
2026-07-12,atlas_cloud,a100-sxm-80gb,A100,80GB,SXM,Unknown,OnDemand,NonInterruptible,OnDemand,US-East,US,IIF,T2IF,T2,1.3500,False,,Available,v2.2.1,panel
2026-07-12,aws,a100-sxm-80gb,A100,80GB,SXM,EFA,OnDemand,NonInterruptible,OnDemand,US-East,US,HIF,T2IF,T1,3.4309,True,local-nvme;managed-ops-plane;support-tier;observability,Available,v2.2.1,panel
2026-07-12,aws,a100-sxm-80gb,A100,80GB,SXM,EFA,1Y,NonInterruptible,Reserved,US-East,US,HIF,T2IF,T1,2.1752,True,local-nvme;managed-ops-plane;support-tier;observability,Available,v2.2.1,panel
2026-07-12,aws,a100-sxm-80gb,A100,80GB,SXM,EFA,3Y,NonInterruptible,Reserved,US-East,US,HIF,T2IF,T1,1.4647,True,local-nvme;managed-ops-plane;support-tier;observability,Available,v2.2.1,panel
2026-07-12,aws,a100-sxm-80gb,A100,80GB,SXM,EFA,OnDemand,Interruptible,Spot,US-East,US,DIF,T2IF,T1,2.1315,False,,Available,v2.2.1,panel
2026-07-12,aws,a100-sxm-80gb,A100,80GB,SXM,EFA,OnDemand,Interruptible,Spot,US-West,US,DIF,T2IF,T1,2.2460,False,,Available,v2.2.1,panel
2026-07-12,azure,a100-sxm-80gb,A100,80GB,SXM,IB-HDR,OnDemand,NonInterruptible,OnDemand,US-East,US,HIF,T2IF,T1,4.0963,True,local-nvme;managed-ops-plane;support-tier;observability,Available,v2.2.1,panel
2026-07-12,azure,a100-sxm-80gb,A100,80GB,SXM,IB-HDR,1Y,NonInterruptible,Reserved,US-East,US,HIF,T2IF,T1,2.6216,True,local-nvme;managed-ops-plane;support-tier;observability,Available,v2.2.1,panel
2026-07-12,azure,a100-sxm-80gb,A100,80GB,SXM,IB-HDR,3Y,NonInterruptible,Reserved,US-East,US,HIF,T2IF,T1,1.8024,True,local-nvme;managed-ops-plane;support-tier;observability,Available,v2.2.1,panel
2026-07-12,coreweave,a100-sxm-80gb,A100,80GB,SXM,IB-HDR,OnDemand,NonInterruptible,OnDemand,US-East,US,IIF,T2IF,T2,2.7000,True,local-nvme;free-egress;support-tier;observability;managed-ops-plane,Available,v2.2.1,panel
2026-07-12,coreweave,a100-sxm-80gb,A100,80GB,SXM,IB-HDR,OnDemand,Interruptible,Spot,US-East,US,DIF,T2IF,T2,1.2063,True,local-nvme;free-egress;support-tier;observability;managed-ops-plane,Available,v2.2.1,panel
2026-07-12,crusoe,a100-sxm-80gb,A100,80GB,SXM,IB-HDR,OnDemand,NonInterruptible,OnDemand,US-East,US,IIF,T2IF,T2,2.3000,True,local-nvme;free-egress,Available,v2.2.1,panel
2026-07-12,cyfuture,a100-sxm-80gb,A100,80GB,SXM,Unknown,1Y,NonInterruptible,Reserved,APAC,APAC,IIF,T2IF,T2,2.0800,False,,Available,v2.2.1,panel
2026-07-12,cyfuture,a100-sxm-80gb,A100,80GB,SXM,Unknown,6M,NonInterruptible,Reserved,APAC,APAC,IIF,T2IF,T2,2.1600,False,,Available,v2.2.1,panel
2026-07-12,datacrunch,a100-sxm-80gb,A100,80GB,SXM,IB-HDR,OnDemand,NonInterruptible,OnDemand,EU,EU,SIF,T2IF,T2,1.7900,True,local-nvme,Available,v2.2.1,panel
2026-07-12,datacrunch,a100-sxm-80gb,A100,80GB,SXM,IB-HDR,1M,NonInterruptible,Reserved,EU,EU,SIF,T2IF,T2,1.7542,True,local-nvme,Available,v2.2.1,panel
2026-07-12,datacrunch,a100-sxm-80gb,A100,80GB,SXM,IB-HDR,1Y,NonInterruptible,Reserved,EU,EU,SIF,T2IF,T2,1.6468,True,local-nvme,Available,v2.2.1,panel
2026-07-12,datacrunch,a100-sxm-80gb,A100,80GB,SXM,IB-HDR,2Y,NonInterruptible,Reserved,EU,EU,SIF,T2IF,T2,1.3425,True,local-nvme,Available,v2.2.1,panel
2026-07-12,datacrunch,a100-sxm-80gb,A100,80GB,SXM,IB-HDR,3M,NonInterruptible,Reserved,EU,EU,SIF,T2IF,T2,1.7363,True,local-nvme,Available,v2.2.1,panel
2026-07-12,datacrunch,a100-sxm-80gb,A100,80GB,SXM,IB-HDR,6M,NonInterruptible,Reserved,EU,EU,SIF,T2IF,T2,1.7184,True,local-nvme,Available,v2.2.1,panel
2026-07-12,datacrunch,a100-sxm-80gb,A100,80GB,SXM,IB-HDR,OnDemand,Interruptible,Spot,EU,EU,DIF,T2IF,T2,0.6265,True,local-nvme,Available,v2.2.1,panel
2026-07-12,denvr,a100-sxm-80gb,A100,80GB,SXM,IB-HDR,OnDemand,NonInterruptible,OnDemand,Other,Other,SIF,T2IF,T2,1.3000,True,local-nvme,Available,v2.2.1,panel
2026-07-12,e2e,a100-sxm-80gb,A100,80GB,SXM,IB-NDR,OnDemand,NonInterruptible,OnDemand,APAC,APAC,IIF,T2IF,T2,2.1000,True,managed-ops-plane,Available,v2.2.1,panel
2026-07-12,e2e,a100-sxm-80gb,A100,80GB,SXM,IB-NDR,1M,NonInterruptible,Reserved,APAC,APAC,IIF,T2IF,T2,1.5319,True,managed-ops-plane,Available,v2.2.1,panel
2026-07-12,e2e,a100-sxm-80gb,A100,80GB,SXM,IB-NDR,1Y,NonInterruptible,Reserved,APAC,APAC,IIF,T2IF,T2,1.2050,True,managed-ops-plane,Available,v2.2.1,panel
2026-07-12,e2e,a100-sxm-80gb,A100,80GB,SXM,IB-NDR,3M,NonInterruptible,Reserved,APAC,APAC,IIF,T2IF,T2,1.4852,True,managed-ops-plane,Available,v2.2.1,panel
2026-07-12,e2e,a100-sxm-80gb,A100,80GB,SXM,IB-NDR,6M,NonInterruptible,Reserved,APAC,APAC,IIF,T2IF,T2,1.3092,True,managed-ops-plane,Available,v2.2.1,panel
2026-07-12,gcore,a100-sxm-80gb,A100,80GB,SXM,Unknown,OnDemand,NonInterruptible,OnDemand,EU,EU,IIF,T2IF,T2,1.4516,False,,Available,v2.2.1,panel
2026-07-12,hyperstack,a100-sxm-80gb,A100,80GB,SXM,Ethernet,OnDemand,NonInterruptible,OnDemand,Other,Other,SIF,,T2,1.6000,True,local-nvme,Available,v2.2.1,panel
2026-07-12,hyperstack,a100-sxm-80gb,A100,80GB,SXM,Ethernet,6M,NonInterruptible,Reserved,Other,Other,SIF,,T2,1.3600,True,local-nvme,Available,v2.2.1,panel
2026-07-12,jarvislabs,a100-sxm-80gb,A100,80GB,SXM,Unknown,OnDemand,NonInterruptible,OnDemand,APAC,APAC,IIF,T3IF,T2,1.4900,False,,Available,v2.2.1,panel
2026-07-12,lambda,a100-sxm-80gb,A100,80GB,SXM,Unknown,OnDemand,NonInterruptible,OnDemand,US-East,US,IIF,T3IF,T2,2.7900,True,local-nvme,Available,v2.2.1,panel
2026-07-12,massed_compute,a100-sxm-80gb,A100,80GB,SXM,Unknown,OnDemand,NonInterruptible,OnDemand,US-East,US,DIF,T3IF,T3,1.3800,False,,Available,v2.2.1,panel
2026-07-12,oci,a100-sxm-80gb,A100,80GB,SXM,RoCE-v2,OnDemand,NonInterruptible,OnDemand,US-East,US,HIF,T2IF,T1,4.0000,True,local-nvme;egress-capped;managed-ops-plane;support-tier;observability,Available,v2.2.1,panel
2026-07-12,runpod_cluster,a100-sxm-80gb,A100,80GB,SXM,IB-HDR,OnDemand,NonInterruptible,OnDemand,Other,Other,DIF,T2IF,T3,1.7880,True,local-nvme,Available,v2.2.1,panel
2026-07-12,runpod_community,a100-sxm-80gb,A100,80GB,SXM,Unknown,OnDemand,NonInterruptible,OnDemand,Other,Other,DIF,T3IF,T3,1.3900,False,,Available,v2.2.1,panel
2026-07-12,runpod_secure,a100-sxm-80gb,A100,80GB,SXM,IB-HDR,OnDemand,NonInterruptible,OnDemand,Other,Other,DIF,T2IF,T3,1.4900,True,local-nvme,Available,v2.2.1,panel
2026-07-12,runpod_secure,a100-sxm-80gb,A100,80GB,SXM,IB-HDR,1Y,NonInterruptible,Reserved,Other,Other,DIF,T2IF,T3,1.2200,True,local-nvme,Available,v2.2.1,panel
2026-07-12,runpod_secure,a100-sxm-80gb,A100,80GB,SXM,IB-HDR,3M,NonInterruptible,Reserved,Other,Other,DIF,T2IF,T3,1.3000,True,local-nvme,Available,v2.2.1,panel
2026-07-12,runpod_secure,a100-sxm-80gb,A100,80GB,SXM,IB-HDR,6M,NonInterruptible,Reserved,Other,Other,DIF,T2IF,T3,1.2700,True,local-nvme,Available,v2.2.1,panel
2026-07-12,runpod_secure,a100-sxm-80gb,A100,80GB,SXM,IB-HDR,OnDemand,Interruptible,Spot,Other,Other,DIF,T2IF,T3,1.3900,True,local-nvme,Available,v2.2.1,panel
2026-07-12,sesterce,a100-sxm-80gb,A100,80GB,SXM,Unknown,OnDemand,NonInterruptible,OnDemand,Other,Other,IIF,T2IF,T2,1.4850,False,,Available,v2.2.1,panel
2026-07-12,spheron,a100-sxm-80gb,A100,80GB,SXM,Unknown,OnDemand,NonInterruptible,OnDemand,US-East,US,DIF,T3IF,T3,1.6905,False,,Available,v2.2.1,panel
2026-07-12,tensordock,a100-sxm-80gb,A100,80GB,SXM,Unknown,OnDemand,NonInterruptible,OnDemand,Other,Other,DIF,T3IF,T3,1.2000,False,,Available,v2.2.1,panel
2026-07-12,vast_ai,a100-sxm-80gb,A100,80GB,SXM,Unknown,OnDemand,NonInterruptible,OnDemand,APAC,APAC,DIF,T3IF,T3,0.4000,True,local-nvme,Available,v2.2.1,marketplace
2026-07-12,vast_ai,a100-sxm-80gb,A100,80GB,SXM,Unknown,OnDemand,NonInterruptible,OnDemand,Other,Other,DIF,T3IF,T3,0.8267,True,local-nvme,Available,v2.2.1,marketplace
2026-07-12,vast_ai,a100-sxm-80gb,A100,80GB,SXM,Unknown,OnDemand,NonInterruptible,OnDemand,US-Central,US,DIF,T3IF,T3,0.4000,True,local-nvme,Available,v2.2.1,marketplace
2026-07-12,vast_ai,a100-sxm-80gb,A100,80GB,SXM,Unknown,OnDemand,NonInterruptible,OnDemand,US-West,US,DIF,T3IF,T3,0.6933,True,local-nvme,Available,v2.2.1,marketplace
2026-07-12,vultr,a100-sxm-80gb,A100,80GB,SXM,Unknown,OnDemand,NonInterruptible,OnDemand,Other,Other,SIF,T2IF,T2,2.8000,False,,Available,v2.2.1,panel
2026-07-12,vultr,a100-sxm-80gb,A100,80GB,SXM,Unknown,OnDemand,Interruptible,Spot,Other,Other,DIF,T2IF,T2,1.4900,False,,Available,v2.2.1,panel
2026-07-13,atlas_cloud,a100-sxm-80gb,A100,80GB,SXM,Unknown,OnDemand,NonInterruptible,OnDemand,US-East,US,IIF,T2IF,T2,1.3500,False,,Available,v2.2.1,panel
2026-07-13,aws,a100-sxm-80gb,A100,80GB,SXM,EFA,OnDemand,NonInterruptible,OnDemand,US-East,US,HIF,T2IF,T1,3.4309,True,local-nvme;managed-ops-plane;support-tier;observability,Available,v2.2.1,panel
2026-07-13,aws,a100-sxm-80gb,A100,80GB,SXM,EFA,1Y,NonInterruptible,Reserved,US-East,US,HIF,T2IF,T1,2.1752,True,local-nvme;managed-ops-plane;support-tier;observability,Available,v2.2.1,panel
2026-07-13,aws,a100-sxm-80gb,A100,80GB,SXM,EFA,3Y,NonInterruptible,Reserved,US-East,US,HIF,T2IF,T1,1.4647,True,local-nvme;managed-ops-plane;support-tier;observability,Available,v2.2.1,panel
2026-07-13,aws,a100-sxm-80gb,A100,80GB,SXM,EFA,OnDemand,Interruptible,Spot,US-East,US,DIF,T2IF,T1,2.2159,False,,Available,v2.2.1,panel
2026-07-13,aws,a100-sxm-80gb,A100,80GB,SXM,EFA,OnDemand,Interruptible,Spot,US-West,US,DIF,T2IF,T1,2.3183,False,,Available,v2.2.1,panel
2026-07-13,azure,a100-sxm-80gb,A100,80GB,SXM,IB-HDR,OnDemand,NonInterruptible,OnDemand,US-East,US,HIF,T2IF,T1,4.0963,True,local-nvme;managed-ops-plane;support-tier;observability,Available,v2.2.1,panel
2026-07-13,azure,a100-sxm-80gb,A100,80GB,SXM,IB-HDR,1Y,NonInterruptible,Reserved,US-East,US,HIF,T2IF,T1,2.6216,True,local-nvme;managed-ops-plane;support-tier;observability,Available,v2.2.1,panel
2026-07-13,azure,a100-sxm-80gb,A100,80GB,SXM,IB-HDR,3Y,NonInterruptible,Reserved,US-East,US,HIF,T2IF,T1,1.8024,True,local-nvme;managed-ops-plane;support-tier;observability,Available,v2.2.1,panel
2026-07-13,coreweave,a100-sxm-80gb,A100,80GB,SXM,IB-HDR,OnDemand,NonInterruptible,OnDemand,US-East,US,IIF,T2IF,T2,2.7000,True,local-nvme;free-egress;support-tier;observability;managed-ops-plane,Available,v2.2.1,panel
2026-07-13,coreweave,a100-sxm-80gb,A100,80GB,SXM,IB-HDR,OnDemand,Interruptible,Spot,US-East,US,DIF,T2IF,T2,1.2063,True,local-nvme;free-egress;support-tier;observability;managed-ops-plane,Available,v2.2.1,panel
2026-07-13,crusoe,a100-sxm-80gb,A100,80GB,SXM,IB-HDR,OnDemand,NonInterruptible,OnDemand,US-East,US,IIF,T2IF,T2,2.3000,True,local-nvme;free-egress,Available,v2.2.1,panel
2026-07-13,cyfuture,a100-sxm-80gb,A100,80GB,SXM,Unknown,1Y,NonInterruptible,Reserved,APAC,APAC,IIF,T2IF,T2,2.0800,False,,Available,v2.2.1,panel
2026-07-13,cyfuture,a100-sxm-80gb,A100,80GB,SXM,Unknown,6M,NonInterruptible,Reserved,APAC,APAC,IIF,T2IF,T2,2.1600,False,,Available,v2.2.1,panel
2026-07-13,datacrunch,a100-sxm-80gb,A100,80GB,SXM,IB-HDR,OnDemand,NonInterruptible,OnDemand,EU,EU,SIF,T2IF,T2,1.7900,True,local-nvme,Available,v2.2.1,panel
2026-07-13,datacrunch,a100-sxm-80gb,A100,80GB,SXM,IB-HDR,1M,NonInterruptible,Reserved,EU,EU,SIF,T2IF,T2,1.7542,True,local-nvme,Available,v2.2.1,panel
2026-07-13,datacrunch,a100-sxm-80gb,A100,80GB,SXM,IB-HDR,1Y,NonInterruptible,Reserved,EU,EU,SIF,T2IF,T2,1.6468,True,local-nvme,Available,v2.2.1,panel
2026-07-13,datacrunch,a100-sxm-80gb,A100,80GB,SXM,IB-HDR,2Y,NonInterruptible,Reserved,EU,EU,SIF,T2IF,T2,1.3425,True,local-nvme,Available,v2.2.1,panel
2026-07-13,datacrunch,a100-sxm-80gb,A100,80GB,SXM,IB-HDR,3M,NonInterruptible,Reserved,EU,EU,SIF,T2IF,T2,1.7363,True,local-nvme,Available,v2.2.1,panel
2026-07-13,datacrunch,a100-sxm-80gb,A100,80GB,SXM,IB-HDR,6M,NonInterruptible,Reserved,EU,EU,SIF,T2IF,T2,1.7184,True,local-nvme,Available,v2.2.1,panel
2026-07-13,datacrunch,a100-sxm-80gb,A100,80GB,SXM,IB-HDR,OnDemand,Interruptible,Spot,EU,EU,DIF,T2IF,T2,0.6265,True,local-nvme,Available,v2.2.1,panel
2026-07-13,denvr,a100-sxm-80gb,A100,80GB,SXM,IB-HDR,OnDemand,NonInterruptible,OnDemand,Other,Other,SIF,T2IF,T2,1.3000,True,local-nvme,Available,v2.2.1,panel
2026-07-13,e2e,a100-sxm-80gb,A100,80GB,SXM,IB-NDR,OnDemand,NonInterruptible,OnDemand,APAC,APAC,IIF,T2IF,T2,2.1000,True,managed-ops-plane,Available,v2.2.1,panel
2026-07-13,e2e,a100-sxm-80gb,A100,80GB,SXM,IB-NDR,1M,NonInterruptible,Reserved,APAC,APAC,IIF,T2IF,T2,1.5319,True,managed-ops-plane,Available,v2.2.1,panel
2026-07-13,e2e,a100-sxm-80gb,A100,80GB,SXM,IB-NDR,1Y,NonInterruptible,Reserved,APAC,APAC,IIF,T2IF,T2,1.2050,True,managed-ops-plane,Available,v2.2.1,panel
2026-07-13,e2e,a100-sxm-80gb,A100,80GB,SXM,IB-NDR,3M,NonInterruptible,Reserved,APAC,APAC,IIF,T2IF,T2,1.4852,True,managed-ops-plane,Available,v2.2.1,panel
2026-07-13,e2e,a100-sxm-80gb,A100,80GB,SXM,IB-NDR,6M,NonInterruptible,Reserved,APAC,APAC,IIF,T2IF,T2,1.3092,True,managed-ops-plane,Available,v2.2.1,panel
2026-07-13,hyperstack,a100-sxm-80gb,A100,80GB,SXM,Ethernet,OnDemand,NonInterruptible,OnDemand,Other,Other,SIF,,T2,1.6000,True,local-nvme,Available,v2.2.1,panel
2026-07-13,hyperstack,a100-sxm-80gb,A100,80GB,SXM,Ethernet,6M,NonInterruptible,Reserved,Other,Other,SIF,,T2,1.3600,True,local-nvme,Available,v2.2.1,panel
2026-07-13,jarvislabs,a100-sxm-80gb,A100,80GB,SXM,Unknown,OnDemand,NonInterruptible,OnDemand,APAC,APAC,IIF,T3IF,T2,1.4900,False,,Available,v2.2.1,panel
2026-07-13,lambda,a100-sxm-80gb,A100,80GB,SXM,Unknown,OnDemand,NonInterruptible,OnDemand,US-East,US,IIF,T3IF,T2,2.7900,True,local-nvme,Available,v2.2.1,panel
2026-07-13,massed_compute,a100-sxm-80gb,A100,80GB,SXM,Unknown,OnDemand,NonInterruptible,OnDemand,US-East,US,DIF,T3IF,T3,1.3800,False,,Available,v2.2.1,panel
2026-07-13,oci,a100-sxm-80gb,A100,80GB,SXM,RoCE-v2,OnDemand,NonInterruptible,OnDemand,US-East,US,HIF,T2IF,T1,4.0000,True,local-nvme;egress-capped;managed-ops-plane;support-tier;observability,Available,v2.2.1,panel
2026-07-13,runpod_cluster,a100-sxm-80gb,A100,80GB,SXM,IB-HDR,OnDemand,NonInterruptible,OnDemand,Other,Other,DIF,T2IF,T3,1.7880,True,local-nvme,Available,v2.2.1,panel
2026-07-13,runpod_community,a100-sxm-80gb,A100,80GB,SXM,Unknown,OnDemand,NonInterruptible,OnDemand,Other,Other,DIF,T3IF,T3,1.3900,False,,Available,v2.2.1,panel
2026-07-13,runpod_secure,a100-sxm-80gb,A100,80GB,SXM,IB-HDR,OnDemand,NonInterruptible,OnDemand,Other,Other,DIF,T2IF,T3,1.4900,True,local-nvme,Available,v2.2.1,panel
2026-07-13,runpod_secure,a100-sxm-80gb,A100,80GB,SXM,IB-HDR,1Y,NonInterruptible,Reserved,Other,Other,DIF,T2IF,T3,1.2200,True,local-nvme,Available,v2.2.1,panel
2026-07-13,runpod_secure,a100-sxm-80gb,A100,80GB,SXM,IB-HDR,3M,NonInterruptible,Reserved,Other,Other,DIF,T2IF,T3,1.3000,True,local-nvme,Available,v2.2.1,panel
2026-07-13,runpod_secure,a100-sxm-80gb,A100,80GB,SXM,IB-HDR,6M,NonInterruptible,Reserved,Other,Other,DIF,T2IF,T3,1.2700,True,local-nvme,Available,v2.2.1,panel
2026-07-13,runpod_secure,a100-sxm-80gb,A100,80GB,SXM,IB-HDR,OnDemand,Interruptible,Spot,Other,Other,DIF,T2IF,T3,1.3900,True,local-nvme,Available,v2.2.1,panel
2026-07-13,sesterce,a100-sxm-80gb,A100,80GB,SXM,Unknown,OnDemand,NonInterruptible,OnDemand,Other,Other,IIF,T2IF,T2,1.4850,False,,Available,v2.2.1,panel
2026-07-13,spheron,a100-sxm-80gb,A100,80GB,SXM,Unknown,OnDemand,NonInterruptible,OnDemand,US-East,US,DIF,T3IF,T3,1.6905,False,,Available,v2.2.1,panel
2026-07-13,tensordock,a100-sxm-80gb,A100,80GB,SXM,Unknown,OnDemand,NonInterruptible,OnDemand,Other,Other,DIF,T3IF,T3,1.2000,False,,Available,v2.2.1,panel
2026-07-13,vast_ai,a100-sxm-80gb,A100,80GB,SXM,Unknown,OnDemand,NonInterruptible,OnDemand,US-Central,US,DIF,T3IF,T3,0.5333,True,local-nvme,Available,v2.2.1,marketplace
2026-07-13,vast_ai,a100-sxm-80gb,A100,80GB,SXM,Unknown,OnDemand,NonInterruptible,OnDemand,US-West,US,DIF,T3IF,T3,0.6933,True,local-nvme,Available,v2.2.1,marketplace
2026-07-13,vast_ai,a100-sxm-80gb,A100,80GB,SXM,Unknown,OnDemand,NonInterruptible,OnDemand,Other,Other,DIF,T3IF,T3,0.8267,True,local-nvme,Available,v2.2.1,marketplace
2026-07-13,vast_ai,a100-sxm-80gb,A100,80GB,SXM,Unknown,OnDemand,NonInterruptible,OnDemand,APAC,APAC,DIF,T3IF,T3,0.4000,True,local-nvme,Available,v2.2.1,marketplace
2026-07-13,vultr,a100-sxm-80gb,A100,80GB,SXM,Unknown,OnDemand,NonInterruptible,OnDemand,Other,Other,SIF,T2IF,T2,2.8000,False,,Available,v2.2.1,panel
2026-07-13,vultr,a100-sxm-80gb,A100,80GB,SXM,Unknown,OnDemand,Interruptible,Spot,Other,Other,DIF,T2IF,T2,1.4900,False,,Available,v2.2.1,panel
2026-07-14,atlas_cloud,a100-sxm-80gb,A100,80GB,SXM,Unknown,OnDemand,NonInterruptible,OnDemand,US-East,US,IIF,T2IF,T2,1.3500,False,,Available,v2.2.1,panel
2026-07-14,aws,a100-sxm-80gb,A100,80GB,SXM,EFA,OnDemand,NonInterruptible,OnDemand,US-East,US,HIF,T2IF,T1,3.4309,True,local-nvme;managed-ops-plane;support-tier;observability,Available,v2.2.1,panel
2026-07-14,aws,a100-sxm-80gb,A100,80GB,SXM,EFA,1Y,NonInterruptible,Reserved,US-East,US,HIF,T2IF,T1,2.1752,True,local-nvme;managed-ops-plane;support-tier;observability,Available,v2.2.1,panel
2026-07-14,aws,a100-sxm-80gb,A100,80GB,SXM,EFA,3Y,NonInterruptible,Reserved,US-East,US,HIF,T2IF,T1,1.4647,True,local-nvme;managed-ops-plane;support-tier;observability,Available,v2.2.1,panel
2026-07-14,aws,a100-sxm-80gb,A100,80GB,SXM,EFA,OnDemand,Interruptible,Spot,US-East,US,DIF,T2IF,T1,2.2682,False,,Available,v2.2.1,panel
2026-07-14,aws,a100-sxm-80gb,A100,80GB,SXM,EFA,OnDemand,Interruptible,Spot,US-West,US,DIF,T2IF,T1,2.2842,False,,Available,v2.2.1,panel
2026-07-14,azure,a100-sxm-80gb,A100,80GB,SXM,IB-HDR,OnDemand,NonInterruptible,OnDemand,US-East,US,HIF,T2IF,T1,4.0963,True,local-nvme;managed-ops-plane;support-tier;observability,Available,v2.2.1,panel
2026-07-14,azure,a100-sxm-80gb,A100,80GB,SXM,IB-HDR,1Y,NonInterruptible,Reserved,US-East,US,HIF,T2IF,T1,2.6216,True,local-nvme;managed-ops-plane;support-tier;observability,Available,v2.2.1,panel
2026-07-14,azure,a100-sxm-80gb,A100,80GB,SXM,IB-HDR,3Y,NonInterruptible,Reserved,US-East,US,HIF,T2IF,T1,1.8024,True,local-nvme;managed-ops-plane;support-tier;observability,Available,v2.2.1,panel
2026-07-14,coreweave,a100-sxm-80gb,A100,80GB,SXM,IB-HDR,OnDemand,NonInterruptible,OnDemand,US-East,US,IIF,T2IF,T2,2.7000,True,local-nvme;free-egress;support-tier;observability;managed-ops-plane,Available,v2.2.1,panel
2026-07-14,coreweave,a100-sxm-80gb,A100,80GB,SXM,IB-HDR,OnDemand,Interruptible,Spot,US-East,US,DIF,T2IF,T2,1.2063,True,local-nvme;free-egress;support-tier;observability;managed-ops-plane,Available,v2.2.1,panel
2026-07-14,crusoe,a100-sxm-80gb,A100,80GB,SXM,IB-HDR,OnDemand,NonInterruptible,OnDemand,US-East,US,IIF,T2IF,T2,2.3000,True,local-nvme;free-egress,Available,v2.2.1,panel
2026-07-14,cyfuture,a100-sxm-80gb,A100,80GB,SXM,Unknown,1Y,NonInterruptible,Reserved,APAC,APAC,IIF,T2IF,T2,2.0800,False,,Available,v2.2.1,panel
2026-07-14,cyfuture,a100-sxm-80gb,A100,80GB,SXM,Unknown,6M,NonInterruptible,Reserved,APAC,APAC,IIF,T2IF,T2,2.1600,False,,Available,v2.2.1,panel
2026-07-14,datacrunch,a100-sxm-80gb,A100,80GB,SXM,IB-HDR,OnDemand,NonInterruptible,OnDemand,EU,EU,SIF,T2IF,T2,1.7900,True,local-nvme,Available,v2.2.1,panel
2026-07-14,datacrunch,a100-sxm-80gb,A100,80GB,SXM,IB-HDR,1M,NonInterruptible,Reserved,EU,EU,SIF,T2IF,T2,1.7542,True,local-nvme,Available,v2.2.1,panel
2026-07-14,datacrunch,a100-sxm-80gb,A100,80GB,SXM,IB-HDR,1Y,NonInterruptible,Reserved,EU,EU,SIF,T2IF,T2,1.6468,True,local-nvme,Available,v2.2.1,panel
2026-07-14,datacrunch,a100-sxm-80gb,A100,80GB,SXM,IB-HDR,2Y,NonInterruptible,Reserved,EU,EU,SIF,T2IF,T2,1.3425,True,local-nvme,Available,v2.2.1,panel
2026-07-14,datacrunch,a100-sxm-80gb,A100,80GB,SXM,IB-HDR,3M,NonInterruptible,Reserved,EU,EU,SIF,T2IF,T2,1.7363,True,local-nvme,Available,v2.2.1,panel
2026-07-14,datacrunch,a100-sxm-80gb,A100,80GB,SXM,IB-HDR,6M,NonInterruptible,Reserved,EU,EU,SIF,T2IF,T2,1.7184,True,local-nvme,Available,v2.2.1,panel
2026-07-14,datacrunch,a100-sxm-80gb,A100,80GB,SXM,IB-HDR,OnDemand,Interruptible,Spot,EU,EU,DIF,T2IF,T2,0.6265,True,local-nvme,Available,v2.2.1,panel
2026-07-14,denvr,a100-sxm-80gb,A100,80GB,SXM,IB-HDR,OnDemand,NonInterruptible,OnDemand,Other,Other,SIF,T2IF,T2,1.3000,True,local-nvme,Available,v2.2.1,panel
2026-07-14,e2e,a100-sxm-80gb,A100,80GB,SXM,IB-NDR,OnDemand,NonInterruptible,OnDemand,APAC,APAC,IIF,T2IF,T2,2.1000,True,managed-ops-plane,Available,v2.2.1,panel
2026-07-14,e2e,a100-sxm-80gb,A100,80GB,SXM,IB-NDR,1M,NonInterruptible,Reserved,APAC,APAC,IIF,T2IF,T2,1.5319,True,managed-ops-plane,Available,v2.2.1,panel
2026-07-14,e2e,a100-sxm-80gb,A100,80GB,SXM,IB-NDR,1Y,NonInterruptible,Reserved,APAC,APAC,IIF,T2IF,T2,1.2050,True,managed-ops-plane,Available,v2.2.1,panel
2026-07-14,e2e,a100-sxm-80gb,A100,80GB,SXM,IB-NDR,3M,NonInterruptible,Reserved,APAC,APAC,IIF,T2IF,T2,1.4852,True,managed-ops-plane,Available,v2.2.1,panel
2026-07-14,e2e,a100-sxm-80gb,A100,80GB,SXM,IB-NDR,6M,NonInterruptible,Reserved,APAC,APAC,IIF,T2IF,T2,1.3092,True,managed-ops-plane,Available,v2.2.1,panel
2026-07-14,gcore,a100-sxm-80gb,A100,80GB,SXM,Unknown,OnDemand,NonInterruptible,OnDemand,EU,EU,IIF,T2IF,T2,1.4508,False,,Available,v2.2.1,panel
2026-07-14,hyperstack,a100-sxm-80gb,A100,80GB,SXM,Ethernet,OnDemand,NonInterruptible,OnDemand,Other,Other,SIF,,T2,1.6000,True,local-nvme,Available,v2.2.1,panel
2026-07-14,hyperstack,a100-sxm-80gb,A100,80GB,SXM,Ethernet,6M,NonInterruptible,Reserved,Other,Other,SIF,,T2,1.3600,True,local-nvme,Available,v2.2.1,panel
2026-07-14,jarvislabs,a100-sxm-80gb,A100,80GB,SXM,Unknown,OnDemand,NonInterruptible,OnDemand,APAC,APAC,IIF,T3IF,T2,1.4900,False,,Available,v2.2.1,panel
2026-07-14,lambda,a100-sxm-80gb,A100,80GB,SXM,Unknown,OnDemand,NonInterruptible,OnDemand,US-East,US,IIF,T3IF,T2,2.7900,True,local-nvme,Available,v2.2.1,panel
2026-07-14,massed_compute,a100-sxm-80gb,A100,80GB,SXM,Unknown,OnDemand,NonInterruptible,OnDemand,US-East,US,DIF,T3IF,T3,1.3800,False,,Available,v2.2.1,panel
2026-07-14,oci,a100-sxm-80gb,A100,80GB,SXM,RoCE-v2,OnDemand,NonInterruptible,OnDemand,US-East,US,HIF,T2IF,T1,4.0000,True,local-nvme;egress-capped;managed-ops-plane;support-tier;observability,Available,v2.2.1,panel
2026-07-14,runpod_cluster,a100-sxm-80gb,A100,80GB,SXM,IB-HDR,OnDemand,NonInterruptible,OnDemand,Other,Other,DIF,T2IF,T3,1.7880,True,local-nvme,Available,v2.2.1,panel
2026-07-14,runpod_community,a100-sxm-80gb,A100,80GB,SXM,Unknown,OnDemand,NonInterruptible,OnDemand,Other,Other,DIF,T3IF,T3,1.3900,False,,Available,v2.2.1,panel
2026-07-14,runpod_secure,a100-sxm-80gb,A100,80GB,SXM,IB-HDR,OnDemand,NonInterruptible,OnDemand,Other,Other,DIF,T2IF,T3,1.4900,True,local-nvme,Available,v2.2.1,panel
2026-07-14,runpod_secure,a100-sxm-80gb,A100,80GB,SXM,IB-HDR,1Y,NonInterruptible,Reserved,Other,Other,DIF,T2IF,T3,1.2200,True,local-nvme,Available,v2.2.1,panel
2026-07-14,runpod_secure,a100-sxm-80gb,A100,80GB,SXM,IB-HDR,3M,NonInterruptible,Reserved,Other,Other,DIF,T2IF,T3,1.3000,True,local-nvme,Available,v2.2.1,panel
2026-07-14,runpod_secure,a100-sxm-80gb,A100,80GB,SXM,IB-HDR,6M,NonInterruptible,Reserved,Other,Other,DIF,T2IF,T3,1.2700,True,local-nvme,Available,v2.2.1,panel
2026-07-14,runpod_secure,a100-sxm-80gb,A100,80GB,SXM,IB-HDR,OnDemand,Interruptible,Spot,Other,Other,DIF,T2IF,T3,1.3900,True,local-nvme,Available,v2.2.1,panel
2026-07-14,sesterce,a100-sxm-80gb,A100,80GB,SXM,Unknown,OnDemand,NonInterruptible,OnDemand,Other,Other,IIF,T2IF,T2,1.5180,False,,Available,v2.2.1,panel
2026-07-14,tensordock,a100-sxm-80gb,A100,80GB,SXM,Unknown,OnDemand,NonInterruptible,OnDemand,Other,Other,DIF,T3IF,T3,1.2000,False,,Available,v2.2.1,panel
2026-07-14,vast_ai,a100-sxm-80gb,A100,80GB,SXM,Unknown,OnDemand,NonInterruptible,OnDemand,Other,Other,DIF,T3IF,T3,1.2667,True,local-nvme,Available,v2.2.1,marketplace
2026-07-14,vast_ai,a100-sxm-80gb,A100,80GB,SXM,Unknown,OnDemand,NonInterruptible,OnDemand,APAC,APAC,DIF,T3IF,T3,1.1107,True,local-nvme,Available,v2.2.1,marketplace
2026-07-14,vast_ai,a100-sxm-80gb,A100,80GB,SXM,Unknown,OnDemand,NonInterruptible,OnDemand,US-Central,US,DIF,T3IF,T3,0.5333,True,local-nvme,Available,v2.2.1,marketplace
2026-07-14,vast_ai,a100-sxm-80gb,A100,80GB,SXM,Unknown,OnDemand,NonInterruptible,OnDemand,EU,EU,DIF,T3IF,T3,1.0667,True,local-nvme,Available,v2.2.1,marketplace
2026-07-14,vultr,a100-sxm-80gb,A100,80GB,SXM,Unknown,OnDemand,NonInterruptible,OnDemand,Other,Other,SIF,T2IF,T2,2.8000,False,,Available,v2.2.1,panel
2026-07-14,vultr,a100-sxm-80gb,A100,80GB,SXM,Unknown,OnDemand,Interruptible,Spot,Other,Other,DIF,T2IF,T2,1.4900,False,,Available,v2.2.1,panel
2026-07-15,atlas_cloud,a100-sxm-80gb,A100,80GB,SXM,Unknown,OnDemand,NonInterruptible,OnDemand,US-East,US,IIF,T2IF,T2,1.3500,False,,Available,v2.2.1,panel
2026-07-15,aws,a100-sxm-80gb,A100,80GB,SXM,EFA,OnDemand,NonInterruptible,OnDemand,US-East,US,HIF,T2IF,T1,3.4309,True,local-nvme;managed-ops-plane;support-tier;observability,Available,v2.2.1,panel
2026-07-15,aws,a100-sxm-80gb,A100,80GB,SXM,EFA,1Y,NonInterruptible,Reserved,US-East,US,HIF,T2IF,T1,2.1752,True,local-nvme;managed-ops-plane;support-tier;observability,Available,v2.2.1,panel
2026-07-15,aws,a100-sxm-80gb,A100,80GB,SXM,EFA,3Y,NonInterruptible,Reserved,US-East,US,HIF,T2IF,T1,1.4647,True,local-nvme;managed-ops-plane;support-tier;observability,Available,v2.2.1,panel
2026-07-15,aws,a100-sxm-80gb,A100,80GB,SXM,EFA,OnDemand,Interruptible,Spot,US-West,US,DIF,T2IF,T1,2.3891,False,,Available,v2.2.1,panel
2026-07-15,aws,a100-sxm-80gb,A100,80GB,SXM,EFA,OnDemand,Interruptible,Spot,US-East,US,DIF,T2IF,T1,2.3407,False,,Available,v2.2.1,panel
2026-07-15,azure,a100-sxm-80gb,A100,80GB,SXM,IB-HDR,OnDemand,NonInterruptible,OnDemand,US-East,US,HIF,T2IF,T1,4.0963,True,local-nvme;managed-ops-plane;support-tier;observability,Available,v2.2.1,panel
2026-07-15,azure,a100-sxm-80gb,A100,80GB,SXM,IB-HDR,1Y,NonInterruptible,Reserved,US-East,US,HIF,T2IF,T1,2.6216,True,local-nvme;managed-ops-plane;support-tier;observability,Available,v2.2.1,panel
2026-07-15,azure,a100-sxm-80gb,A100,80GB,SXM,IB-HDR,3Y,NonInterruptible,Reserved,US-East,US,HIF,T2IF,T1,1.8024,True,local-nvme;managed-ops-plane;support-tier;observability,Available,v2.2.1,panel
2026-07-15,azure_reservations,a100-sxm-80gb,A100,80GB,SXM,IB-HDR,OnDemand,NonInterruptible,OnDemand,US-West,US,HIF,T2IF,T1,4.0963,False,,Available,v2.2.1,candidate
2026-07-15,azure_reservations,a100-sxm-80gb,A100,80GB,SXM,IB-HDR,OnDemand,NonInterruptible,OnDemand,US-East,US,HIF,T2IF,T1,4.0963,False,,Available,v2.2.1,candidate
2026-07-15,azure_reservations,a100-sxm-80gb,A100,80GB,SXM,IB-HDR,OnDemand,NonInterruptible,OnDemand,US-South,US,HIF,T2IF,T1,4.9155,False,,Available,v2.2.1,candidate
2026-07-15,azure_reservations,a100-sxm-80gb,A100,80GB,SXM,IB-HDR,1Y,NonInterruptible,Reserved,Other,Other,HIF,T2IF,T1,3.7512,False,,Available,v2.2.1,candidate
2026-07-15,azure_reservations,a100-sxm-80gb,A100,80GB,SXM,IB-HDR,1Y,NonInterruptible,Reserved,US-Central,US,HIF,T2IF,T1,2.9624,False,,Available,v2.2.1,candidate
2026-07-15,azure_reservations,a100-sxm-80gb,A100,80GB,SXM,IB-HDR,1Y,NonInterruptible,Reserved,US-South,US,HIF,T2IF,T1,3.1459,False,,Available,v2.2.1,candidate
2026-07-15,azure_reservations,a100-sxm-80gb,A100,80GB,SXM,IB-HDR,1Y,NonInterruptible,Reserved,APAC,APAC,HIF,T2IF,T1,3.8013,False,,Available,v2.2.1,candidate
2026-07-15,azure_reservations,a100-sxm-80gb,A100,80GB,SXM,IB-HDR,1Y,NonInterruptible,Reserved,US-East,US,HIF,T2IF,T1,2.6216,False,,Available,v2.2.1,candidate
2026-07-15,azure_reservations,a100-sxm-80gb,A100,80GB,SXM,IB-HDR,1Y,NonInterruptible,Reserved,US-West,US,HIF,T2IF,T1,3.4081,False,,Available,v2.2.1,candidate
2026-07-15,azure_reservations,a100-sxm-80gb,A100,80GB,SXM,IB-HDR,1Y,NonInterruptible,Reserved,EU,EU,HIF,T2IF,T1,3.2770,False,,Available,v2.2.1,candidate
2026-07-15,azure_reservations,a100-sxm-80gb,A100,80GB,SXM,IB-HDR,3Y,NonInterruptible,Reserved,US-South,US,HIF,T2IF,T1,2.1628,False,,Available,v2.2.1,candidate
2026-07-15,azure_reservations,a100-sxm-80gb,A100,80GB,SXM,IB-HDR,3Y,NonInterruptible,Reserved,APAC,APAC,HIF,T2IF,T1,2.6134,False,,Available,v2.2.1,candidate
2026-07-15,azure_reservations,a100-sxm-80gb,A100,80GB,SXM,IB-HDR,3Y,NonInterruptible,Reserved,US-East,US,HIF,T2IF,T1,1.8023,False,,Available,v2.2.1,candidate
2026-07-15,azure_reservations,a100-sxm-80gb,A100,80GB,SXM,IB-HDR,3Y,NonInterruptible,Reserved,US-West,US,HIF,T2IF,T1,2.3431,False,,Available,v2.2.1,candidate
2026-07-15,azure_reservations,a100-sxm-80gb,A100,80GB,SXM,IB-HDR,3Y,NonInterruptible,Reserved,US-Central,US,HIF,T2IF,T1,2.0367,False,,Available,v2.2.1,candidate
2026-07-15,azure_reservations,a100-sxm-80gb,A100,80GB,SXM,IB-HDR,3Y,NonInterruptible,Reserved,EU,EU,HIF,T2IF,T1,2.2529,False,,Available,v2.2.1,candidate
2026-07-15,azure_reservations,a100-sxm-80gb,A100,80GB,SXM,IB-HDR,3Y,NonInterruptible,Reserved,Other,Other,HIF,T2IF,T1,2.5789,False,,Available,v2.2.1,candidate
2026-07-15,coreweave,a100-sxm-80gb,A100,80GB,SXM,IB-HDR,OnDemand,NonInterruptible,OnDemand,US-East,US,IIF,T2IF,T2,2.7000,True,local-nvme;free-egress;support-tier;observability;managed-ops-plane,Available,v2.2.1,panel
2026-07-15,coreweave,a100-sxm-80gb,A100,80GB,SXM,IB-HDR,OnDemand,Interruptible,Spot,US-East,US,DIF,T2IF,T2,1.2063,True,local-nvme;free-egress;support-tier;observability;managed-ops-plane,Available,v2.2.1,panel
2026-07-15,crusoe,a100-sxm-80gb,A100,80GB,SXM,IB-HDR,OnDemand,NonInterruptible,OnDemand,US-East,US,IIF,T2IF,T2,2.3000,True,local-nvme;free-egress,Available,v2.2.1,panel
2026-07-15,cyfuture,a100-sxm-80gb,A100,80GB,SXM,Unknown,1Y,NonInterruptible,Reserved,APAC,APAC,IIF,T2IF,T2,2.0800,False,,Available,v2.2.1,panel
2026-07-15,cyfuture,a100-sxm-80gb,A100,80GB,SXM,Unknown,6M,NonInterruptible,Reserved,APAC,APAC,IIF,T2IF,T2,2.1600,False,,Available,v2.2.1,panel
2026-07-15,datacrunch,a100-sxm-80gb,A100,80GB,SXM,IB-HDR,OnDemand,NonInterruptible,OnDemand,EU,EU,SIF,T2IF,T2,1.7900,True,local-nvme,Available,v2.2.1,panel
2026-07-15,datacrunch,a100-sxm-80gb,A100,80GB,SXM,IB-HDR,1M,NonInterruptible,Reserved,EU,EU,SIF,T2IF,T2,1.7542,True,local-nvme,Available,v2.2.1,panel
2026-07-15,datacrunch,a100-sxm-80gb,A100,80GB,SXM,IB-HDR,1Y,NonInterruptible,Reserved,EU,EU,SIF,T2IF,T2,1.6468,True,local-nvme,Available,v2.2.1,panel
2026-07-15,datacrunch,a100-sxm-80gb,A100,80GB,SXM,IB-HDR,2Y,NonInterruptible,Reserved,EU,EU,SIF,T2IF,T2,1.3425,True,local-nvme,Available,v2.2.1,panel
2026-07-15,datacrunch,a100-sxm-80gb,A100,80GB,SXM,IB-HDR,3M,NonInterruptible,Reserved,EU,EU,SIF,T2IF,T2,1.7363,True,local-nvme,Available,v2.2.1,panel
2026-07-15,datacrunch,a100-sxm-80gb,A100,80GB,SXM,IB-HDR,6M,NonInterruptible,Reserved,EU,EU,SIF,T2IF,T2,1.7184,True,local-nvme,Available,v2.2.1,panel
2026-07-15,datacrunch,a100-sxm-80gb,A100,80GB,SXM,IB-HDR,OnDemand,Interruptible,Spot,EU,EU,DIF,T2IF,T2,0.6265,True,local-nvme,Available,v2.2.1,panel
2026-07-15,deepinfra_gpu,a100-sxm-80gb,A100,80GB,SXM,,OnDemand,NonInterruptible,OnDemand,Other,Other,SIF,T2IF,T2,0.8900,False,,Available,v2.2.1,panel
2026-07-15,denvr,a100-sxm-80gb,A100,80GB,SXM,IB-HDR,OnDemand,NonInterruptible,OnDemand,Other,Other,SIF,T2IF,T2,1.3000,True,local-nvme,Available,v2.2.1,panel
2026-07-15,e2e,a100-sxm-80gb,A100,80GB,SXM,IB-NDR,OnDemand,NonInterruptible,OnDemand,APAC,APAC,IIF,T2IF,T2,2.1000,True,managed-ops-plane,Available,v2.2.1,panel
2026-07-15,e2e,a100-sxm-80gb,A100,80GB,SXM,IB-NDR,1M,NonInterruptible,Reserved,APAC,APAC,IIF,T2IF,T2,1.5319,True,managed-ops-plane,Available,v2.2.1,panel
2026-07-15,e2e,a100-sxm-80gb,A100,80GB,SXM,IB-NDR,1Y,NonInterruptible,Reserved,APAC,APAC,IIF,T2IF,T2,1.2050,True,managed-ops-plane,Available,v2.2.1,panel
2026-07-15,e2e,a100-sxm-80gb,A100,80GB,SXM,IB-NDR,3M,NonInterruptible,Reserved,APAC,APAC,IIF,T2IF,T2,1.4852,True,managed-ops-plane,Available,v2.2.1,panel
2026-07-15,e2e,a100-sxm-80gb,A100,80GB,SXM,IB-NDR,6M,NonInterruptible,Reserved,APAC,APAC,IIF,T2IF,T2,1.3092,True,managed-ops-plane,Available,v2.2.1,panel
2026-07-15,gcore,a100-sxm-80gb,A100,80GB,SXM,Unknown,OnDemand,NonInterruptible,OnDemand,EU,EU,IIF,T2IF,T2,1.4486,False,,Available,v2.2.1,panel
2026-07-15,gcp_cud,a100-sxm-80gb,A100,80GB,SXM,Ethernet,1Y,NonInterruptible,Reserved,US-South,US,HIF,T2IF,T1,4.1077,False,,Available,v2.2.1,candidate
2026-07-15,gcp_cud,a100-sxm-80gb,A100,80GB,SXM,Ethernet,1Y,NonInterruptible,Reserved,US-Central,US,HIF,T2IF,T1,3.4811,False,,Available,v2.2.1,candidate
2026-07-15,gcp_cud,a100-sxm-80gb,A100,80GB,SXM,Ethernet,1Y,NonInterruptible,Reserved,US-East,US,HIF,T2IF,T1,3.4811,False,,Available,v2.2.1,candidate
2026-07-15,gcp_cud,a100-sxm-80gb,A100,80GB,SXM,Ethernet,1Y,NonInterruptible,Reserved,US-West,US,HIF,T2IF,T1,3.4811,False,,Available,v2.2.1,candidate
2026-07-15,gcp_cud,a100-sxm-80gb,A100,80GB,SXM,Ethernet,3Y,NonInterruptible,Reserved,US-South,US,HIF,T2IF,T1,3.6540,False,,Available,v2.2.1,candidate
2026-07-15,gcp_cud,a100-sxm-80gb,A100,80GB,SXM,Ethernet,3Y,NonInterruptible,Reserved,US-East,US,HIF,T2IF,T1,3.4877,False,,Available,v2.2.1,candidate
2026-07-15,gcp_cud,a100-sxm-80gb,A100,80GB,SXM,Ethernet,3Y,NonInterruptible,Reserved,US-West,US,HIF,T2IF,T1,3.4877,False,,Available,v2.2.1,candidate
2026-07-15,gcp_cud,a100-sxm-80gb,A100,80GB,SXM,Ethernet,3Y,NonInterruptible,Reserved,US-Central,US,HIF,T2IF,T1,3.0966,False,,Available,v2.2.1,candidate
2026-07-15,hyperstack,a100-sxm-80gb,A100,80GB,SXM,Ethernet,OnDemand,NonInterruptible,OnDemand,Other,Other,SIF,,T2,1.6000,True,local-nvme,Available,v2.2.1,panel
2026-07-15,hyperstack,a100-sxm-80gb,A100,80GB,SXM,Ethernet,6M,NonInterruptible,Reserved,Other,Other,SIF,,T2,1.3600,True,local-nvme,Available,v2.2.1,panel
2026-07-15,jarvislabs,a100-sxm-80gb,A100,80GB,SXM,Unknown,OnDemand,NonInterruptible,OnDemand,APAC,APAC,IIF,T3IF,T2,1.4900,False,,Available,v2.2.1,panel
2026-07-15,lambda,a100-sxm-80gb,A100,80GB,SXM,Unknown,OnDemand,NonInterruptible,OnDemand,US-East,US,IIF,T3IF,T2,2.7900,True,local-nvme,Available,v2.2.1,panel
2026-07-15,massed_compute,a100-sxm-80gb,A100,80GB,SXM,Unknown,OnDemand,NonInterruptible,OnDemand,US-East,US,DIF,T3IF,T3,1.3800,False,,Available,v2.2.1,panel
2026-07-15,oci,a100-sxm-80gb,A100,80GB,SXM,RoCE-v2,OnDemand,NonInterruptible,OnDemand,US-East,US,HIF,T2IF,T1,4.0000,True,local-nvme;egress-capped;managed-ops-plane;support-tier;observability,Available,v2.2.1,panel
2026-07-15,paperspace,a100-sxm-80gb,A100,80GB,SXM,,3Y,NonInterruptible,Reserved,Other,Other,SIF,T2IF,T2,1.1500,False,,Available,v2.2.1,panel
2026-07-15,runpod_cluster,a100-sxm-80gb,A100,80GB,SXM,IB-HDR,OnDemand,NonInterruptible,OnDemand,Other,Other,DIF,T2IF,T3,1.7880,True,local-nvme,Available,v2.2.1,panel
2026-07-15,runpod_community,a100-sxm-80gb,A100,80GB,SXM,Unknown,OnDemand,NonInterruptible,OnDemand,Other,Other,DIF,T3IF,T3,1.3900,False,,Available,v2.2.1,panel
2026-07-15,runpod_secure,a100-sxm-80gb,A100,80GB,SXM,IB-HDR,OnDemand,NonInterruptible,OnDemand,Other,Other,DIF,T2IF,T3,1.4900,True,local-nvme,Available,v2.2.1,panel
2026-07-15,runpod_secure,a100-sxm-80gb,A100,80GB,SXM,IB-HDR,1Y,NonInterruptible,Reserved,Other,Other,DIF,T2IF,T3,1.4900,True,local-nvme,Available,v2.2.1,panel
2026-07-15,runpod_secure,a100-sxm-80gb,A100,80GB,SXM,IB-HDR,3M,NonInterruptible,Reserved,Other,Other,DIF,T2IF,T3,1.4900,True,local-nvme,Available,v2.2.1,panel
2026-07-15,runpod_secure,a100-sxm-80gb,A100,80GB,SXM,IB-HDR,6M,NonInterruptible,Reserved,Other,Other,DIF,T2IF,T3,1.4900,True,local-nvme,Available,v2.2.1,panel
2026-07-15,runpod_secure,a100-sxm-80gb,A100,80GB,SXM,IB-HDR,OnDemand,Interruptible,Spot,Other,Other,DIF,T2IF,T3,1.3900,True,local-nvme,Available,v2.2.1,panel
2026-07-15,sesterce,a100-sxm-80gb,A100,80GB,SXM,Unknown,OnDemand,NonInterruptible,OnDemand,Other,Other,IIF,T2IF,T2,1.4850,False,,Available,v2.2.1,panel
2026-07-15,tensordock,a100-sxm-80gb,A100,80GB,SXM,Unknown,OnDemand,NonInterruptible,OnDemand,Other,Other,DIF,T3IF,T3,1.2000,False,,Available,v2.2.1,panel
2026-07-15,vast_ai,a100-sxm-80gb,A100,80GB,SXM,Unknown,OnDemand,NonInterruptible,OnDemand,US-Central,US,DIF,T3IF,T3,0.5333,True,local-nvme,Available,v2.2.1,marketplace
2026-07-15,vast_ai,a100-sxm-80gb,A100,80GB,SXM,Unknown,OnDemand,NonInterruptible,OnDemand,EU,EU,DIF,T3IF,T3,1.0667,True,local-nvme,Available,v2.2.1,marketplace
2026-07-15,vast_ai,a100-sxm-80gb,A100,80GB,SXM,Unknown,OnDemand,NonInterruptible,OnDemand,Other,Other,DIF,T3IF,T3,0.9333,True,local-nvme,Available,v2.2.1,marketplace
2026-07-15,vultr,a100-sxm-80gb,A100,80GB,SXM,Unknown,OnDemand,NonInterruptible,OnDemand,Other,Other,SIF,T2IF,T2,2.8000,False,,Available,v2.2.1,panel
2026-07-15,vultr,a100-sxm-80gb,A100,80GB,SXM,Unknown,OnDemand,Interruptible,Spot,Other,Other,DIF,T2IF,T2,1.4900,False,,Available,v2.2.1,panel
2026-07-16,atlas_cloud,a100-sxm-80gb,A100,80GB,SXM,Unknown,OnDemand,NonInterruptible,OnDemand,US-East,US,IIF,T2IF,T2,1.3500,False,,Available,v2.2.1,panel
2026-07-16,aws,a100-sxm-80gb,A100,80GB,SXM,EFA,OnDemand,NonInterruptible,OnDemand,US-East,US,HIF,T2IF,T1,3.4309,True,local-nvme;managed-ops-plane;support-tier;observability,Available,v2.2.1,panel
2026-07-16,aws,a100-sxm-80gb,A100,80GB,SXM,EFA,1Y,NonInterruptible,Reserved,US-East,US,HIF,T2IF,T1,2.1752,True,local-nvme;managed-ops-plane;support-tier;observability,Available,v2.2.1,panel
2026-07-16,aws,a100-sxm-80gb,A100,80GB,SXM,EFA,3Y,NonInterruptible,Reserved,US-East,US,HIF,T2IF,T1,1.4647,True,local-nvme;managed-ops-plane;support-tier;observability,Available,v2.2.1,panel
2026-07-16,aws,a100-sxm-80gb,A100,80GB,SXM,EFA,OnDemand,Interruptible,Spot,US-East,US,DIF,T2IF,T1,2.5122,False,,Available,v2.2.1,panel
2026-07-16,aws,a100-sxm-80gb,A100,80GB,SXM,EFA,OnDemand,Interruptible,Spot,US-West,US,DIF,T2IF,T1,2.4448,False,,Available,v2.2.1,panel
2026-07-16,azure,a100-sxm-80gb,A100,80GB,SXM,IB-HDR,OnDemand,NonInterruptible,OnDemand,US-East,US,HIF,T2IF,T1,4.0963,True,local-nvme;managed-ops-plane;support-tier;observability,Available,v2.2.1,panel
2026-07-16,azure,a100-sxm-80gb,A100,80GB,SXM,IB-HDR,1Y,NonInterruptible,Reserved,US-East,US,HIF,T2IF,T1,2.6216,True,local-nvme;managed-ops-plane;support-tier;observability,Available,v2.2.1,panel
2026-07-16,azure,a100-sxm-80gb,A100,80GB,SXM,IB-HDR,3Y,NonInterruptible,Reserved,US-East,US,HIF,T2IF,T1,1.8024,True,local-nvme;managed-ops-plane;support-tier;observability,Available,v2.2.1,panel
2026-07-16,azure_reservations,a100-sxm-80gb,A100,80GB,SXM,IB-HDR,OnDemand,NonInterruptible,OnDemand,US-South,US,HIF,T2IF,T1,4.9155,False,,Available,v2.2.1,candidate
2026-07-16,azure_reservations,a100-sxm-80gb,A100,80GB,SXM,IB-HDR,OnDemand,NonInterruptible,OnDemand,US-West,US,HIF,T2IF,T1,4.0963,False,,Available,v2.2.1,candidate
2026-07-16,azure_reservations,a100-sxm-80gb,A100,80GB,SXM,IB-HDR,OnDemand,NonInterruptible,OnDemand,US-East,US,HIF,T2IF,T1,4.0963,False,,Available,v2.2.1,candidate
2026-07-16,azure_reservations,a100-sxm-80gb,A100,80GB,SXM,IB-HDR,1Y,NonInterruptible,Reserved,US-Central,US,HIF,T2IF,T1,2.9624,False,,Available,v2.2.1,candidate
2026-07-16,azure_reservations,a100-sxm-80gb,A100,80GB,SXM,IB-HDR,1Y,NonInterruptible,Reserved,Other,Other,HIF,T2IF,T1,3.7512,False,,Available,v2.2.1,candidate
2026-07-16,azure_reservations,a100-sxm-80gb,A100,80GB,SXM,IB-HDR,1Y,NonInterruptible,Reserved,US-East,US,HIF,T2IF,T1,2.6216,False,,Available,v2.2.1,candidate
2026-07-16,azure_reservations,a100-sxm-80gb,A100,80GB,SXM,IB-HDR,1Y,NonInterruptible,Reserved,US-South,US,HIF,T2IF,T1,3.1459,False,,Available,v2.2.1,candidate
2026-07-16,azure_reservations,a100-sxm-80gb,A100,80GB,SXM,IB-HDR,1Y,NonInterruptible,Reserved,APAC,APAC,HIF,T2IF,T1,3.8013,False,,Available,v2.2.1,candidate
2026-07-16,azure_reservations,a100-sxm-80gb,A100,80GB,SXM,IB-HDR,1Y,NonInterruptible,Reserved,US-West,US,HIF,T2IF,T1,3.4081,False,,Available,v2.2.1,candidate
2026-07-16,azure_reservations,a100-sxm-80gb,A100,80GB,SXM,IB-HDR,1Y,NonInterruptible,Reserved,EU,EU,HIF,T2IF,T1,3.2770,False,,Available,v2.2.1,candidate
2026-07-16,azure_reservations,a100-sxm-80gb,A100,80GB,SXM,IB-HDR,3Y,NonInterruptible,Reserved,US-Central,US,HIF,T2IF,T1,2.0367,False,,Available,v2.2.1,candidate
2026-07-16,azure_reservations,a100-sxm-80gb,A100,80GB,SXM,IB-HDR,3Y,NonInterruptible,Reserved,EU,EU,HIF,T2IF,T1,2.2529,False,,Available,v2.2.1,candidate
2026-07-16,azure_reservations,a100-sxm-80gb,A100,80GB,SXM,IB-HDR,3Y,NonInterruptible,Reserved,US-West,US,HIF,T2IF,T1,2.3431,False,,Available,v2.2.1,candidate
2026-07-16,azure_reservations,a100-sxm-80gb,A100,80GB,SXM,IB-HDR,3Y,NonInterruptible,Reserved,US-South,US,HIF,T2IF,T1,2.1628,False,,Available,v2.2.1,candidate
2026-07-16,azure_reservations,a100-sxm-80gb,A100,80GB,SXM,IB-HDR,3Y,NonInterruptible,Reserved,APAC,APAC,HIF,T2IF,T1,2.6134,False,,Available,v2.2.1,candidate
2026-07-16,azure_reservations,a100-sxm-80gb,A100,80GB,SXM,IB-HDR,3Y,NonInterruptible,Reserved,Other,Other,HIF,T2IF,T1,2.5789,False,,Available,v2.2.1,candidate
2026-07-16,azure_reservations,a100-sxm-80gb,A100,80GB,SXM,IB-HDR,3Y,NonInterruptible,Reserved,US-East,US,HIF,T2IF,T1,1.8023,False,,Available,v2.2.1,candidate
2026-07-16,coreweave,a100-sxm-80gb,A100,80GB,SXM,IB-HDR,OnDemand,NonInterruptible,OnDemand,US-East,US,IIF,T2IF,T2,2.7000,True,local-nvme;free-egress;support-tier;observability;managed-ops-plane,Available,v2.2.1,panel
2026-07-16,coreweave,a100-sxm-80gb,A100,80GB,SXM,IB-HDR,OnDemand,Interruptible,Spot,US-East,US,DIF,T2IF,T2,1.2063,True,local-nvme;free-egress;support-tier;observability;managed-ops-plane,Available,v2.2.1,panel
2026-07-16,crusoe,a100-sxm-80gb,A100,80GB,SXM,IB-HDR,OnDemand,NonInterruptible,OnDemand,US-East,US,IIF,T2IF,T2,2.3000,True,local-nvme;free-egress,Available,v2.2.1,panel
2026-07-16,cyfuture,a100-sxm-80gb,A100,80GB,SXM,Unknown,1Y,NonInterruptible,Reserved,APAC,APAC,IIF,T2IF,T2,2.0800,False,,Available,v2.2.1,panel
2026-07-16,cyfuture,a100-sxm-80gb,A100,80GB,SXM,Unknown,6M,NonInterruptible,Reserved,APAC,APAC,IIF,T2IF,T2,2.1600,False,,Available,v2.2.1,panel
2026-07-16,datacrunch,a100-sxm-80gb,A100,80GB,SXM,IB-HDR,OnDemand,NonInterruptible,OnDemand,EU,EU,SIF,T2IF,T2,1.7900,True,local-nvme,Available,v2.2.1,panel
2026-07-16,datacrunch,a100-sxm-80gb,A100,80GB,SXM,IB-HDR,1M,NonInterruptible,Reserved,EU,EU,SIF,T2IF,T2,1.7542,True,local-nvme,Available,v2.2.1,panel
2026-07-16,datacrunch,a100-sxm-80gb,A100,80GB,SXM,IB-HDR,1Y,NonInterruptible,Reserved,EU,EU,SIF,T2IF,T2,1.6468,True,local-nvme,Available,v2.2.1,panel
2026-07-16,datacrunch,a100-sxm-80gb,A100,80GB,SXM,IB-HDR,2Y,NonInterruptible,Reserved,EU,EU,SIF,T2IF,T2,1.3425,True,local-nvme,Available,v2.2.1,panel
2026-07-16,datacrunch,a100-sxm-80gb,A100,80GB,SXM,IB-HDR,3M,NonInterruptible,Reserved,EU,EU,SIF,T2IF,T2,1.7363,True,local-nvme,Available,v2.2.1,panel
2026-07-16,datacrunch,a100-sxm-80gb,A100,80GB,SXM,IB-HDR,6M,NonInterruptible,Reserved,EU,EU,SIF,T2IF,T2,1.7184,True,local-nvme,Available,v2.2.1,panel
2026-07-16,datacrunch,a100-sxm-80gb,A100,80GB,SXM,IB-HDR,OnDemand,Interruptible,Spot,EU,EU,DIF,T2IF,T2,0.6265,True,local-nvme,Available,v2.2.1,panel
2026-07-16,deepinfra_gpu,a100-sxm-80gb,A100,80GB,SXM,,OnDemand,NonInterruptible,OnDemand,Other,Other,SIF,T2IF,T2,0.8900,False,,Available,v2.2.1,panel
2026-07-16,denvr,a100-sxm-80gb,A100,80GB,SXM,IB-HDR,OnDemand,NonInterruptible,OnDemand,Other,Other,SIF,T2IF,T2,1.3000,True,local-nvme,Available,v2.2.1,panel
2026-07-16,e2e,a100-sxm-80gb,A100,80GB,SXM,IB-NDR,OnDemand,NonInterruptible,OnDemand,APAC,APAC,IIF,T2IF,T2,2.1000,True,managed-ops-plane,Available,v2.2.1,panel
2026-07-16,e2e,a100-sxm-80gb,A100,80GB,SXM,IB-NDR,1M,NonInterruptible,Reserved,APAC,APAC,IIF,T2IF,T2,1.5319,True,managed-ops-plane,Available,v2.2.1,panel
2026-07-16,e2e,a100-sxm-80gb,A100,80GB,SXM,IB-NDR,1Y,NonInterruptible,Reserved,APAC,APAC,IIF,T2IF,T2,1.2050,True,managed-ops-plane,Available,v2.2.1,panel
2026-07-16,e2e,a100-sxm-80gb,A100,80GB,SXM,IB-NDR,3M,NonInterruptible,Reserved,APAC,APAC,IIF,T2IF,T2,1.4852,True,managed-ops-plane,Available,v2.2.1,panel
2026-07-16,e2e,a100-sxm-80gb,A100,80GB,SXM,IB-NDR,6M,NonInterruptible,Reserved,APAC,APAC,IIF,T2IF,T2,1.3092,True,managed-ops-plane,Available,v2.2.1,panel
2026-07-16,gcore,a100-sxm-80gb,A100,80GB,SXM,Unknown,OnDemand,NonInterruptible,OnDemand,EU,EU,IIF,T2IF,T2,1.4486,False,,Available,v2.2.1,panel
2026-07-16,gcp_cud,a100-sxm-80gb,A100,80GB,SXM,Ethernet,1Y,NonInterruptible,Reserved,US-South,US,HIF,T2IF,T1,4.1077,False,,Available,v2.2.1,candidate
2026-07-16,gcp_cud,a100-sxm-80gb,A100,80GB,SXM,Ethernet,1Y,NonInterruptible,Reserved,US-Central,US,HIF,T2IF,T1,3.4811,False,,Available,v2.2.1,candidate
2026-07-16,gcp_cud,a100-sxm-80gb,A100,80GB,SXM,Ethernet,1Y,NonInterruptible,Reserved,US-West,US,HIF,T2IF,T1,3.4811,False,,Available,v2.2.1,candidate
2026-07-16,gcp_cud,a100-sxm-80gb,A100,80GB,SXM,Ethernet,1Y,NonInterruptible,Reserved,US-East,US,HIF,T2IF,T1,3.4811,False,,Available,v2.2.1,candidate
2026-07-16,gcp_cud,a100-sxm-80gb,A100,80GB,SXM,Ethernet,3Y,NonInterruptible,Reserved,US-West,US,HIF,T2IF,T1,3.4877,False,,Available,v2.2.1,candidate
2026-07-16,gcp_cud,a100-sxm-80gb,A100,80GB,SXM,Ethernet,3Y,NonInterruptible,Reserved,US-South,US,HIF,T2IF,T1,3.6540,False,,Available,v2.2.1,candidate
2026-07-16,gcp_cud,a100-sxm-80gb,A100,80GB,SXM,Ethernet,3Y,NonInterruptible,Reserved,US-Central,US,HIF,T2IF,T1,3.0966,False,,Available,v2.2.1,candidate
2026-07-16,gcp_cud,a100-sxm-80gb,A100,80GB,SXM,Ethernet,3Y,NonInterruptible,Reserved,US-East,US,HIF,T2IF,T1,3.4877,False,,Available,v2.2.1,candidate
2026-07-16,hyperstack,a100-sxm-80gb,A100,80GB,SXM,Ethernet,OnDemand,NonInterruptible,OnDemand,Other,Other,SIF,,T2,1.6000,True,local-nvme,Available,v2.2.1,panel
2026-07-16,hyperstack,a100-sxm-80gb,A100,80GB,SXM,Ethernet,6M,NonInterruptible,Reserved,Other,Other,SIF,,T2,1.3600,True,local-nvme,Available,v2.2.1,panel
2026-07-16,jarvislabs,a100-sxm-80gb,A100,80GB,SXM,Unknown,OnDemand,NonInterruptible,OnDemand,APAC,APAC,IIF,T3IF,T2,1.4900,False,,Available,v2.2.1,panel
2026-07-16,lambda,a100-sxm-80gb,A100,80GB,SXM,Unknown,OnDemand,NonInterruptible,OnDemand,US-East,US,IIF,T3IF,T2,2.7900,True,local-nvme,Available,v2.2.1,panel
2026-07-16,massed_compute,a100-sxm-80gb,A100,80GB,SXM,Unknown,OnDemand,NonInterruptible,OnDemand,US-East,US,DIF,T3IF,T3,1.3800,False,,Available,v2.2.1,panel
2026-07-16,oci,a100-sxm-80gb,A100,80GB,SXM,RoCE-v2,OnDemand,NonInterruptible,OnDemand,US-East,US,HIF,T2IF,T1,4.0000,True,local-nvme;egress-capped;managed-ops-plane;support-tier;observability,Available,v2.2.1,panel
2026-07-16,paperspace,a100-sxm-80gb,A100,80GB,SXM,,3Y,NonInterruptible,Reserved,Other,Other,SIF,T2IF,T2,1.1500,False,,Available,v2.2.1,panel
2026-07-16,runpod_cluster,a100-sxm-80gb,A100,80GB,SXM,IB-HDR,OnDemand,NonInterruptible,OnDemand,Other,Other,DIF,T2IF,T3,1.7880,True,local-nvme,Available,v2.2.1,panel
2026-07-16,runpod_community,a100-sxm-80gb,A100,80GB,SXM,Unknown,OnDemand,NonInterruptible,OnDemand,Other,Other,DIF,T3IF,T3,1.3900,False,,Available,v2.2.1,panel
2026-07-16,runpod_secure,a100-sxm-80gb,A100,80GB,SXM,IB-HDR,OnDemand,NonInterruptible,OnDemand,Other,Other,DIF,T2IF,T3,1.4900,True,local-nvme,Available,v2.2.1,panel
2026-07-16,runpod_secure,a100-sxm-80gb,A100,80GB,SXM,IB-HDR,1Y,NonInterruptible,Reserved,Other,Other,DIF,T2IF,T3,1.4900,True,local-nvme,Available,v2.2.1,panel
2026-07-16,runpod_secure,a100-sxm-80gb,A100,80GB,SXM,IB-HDR,3M,NonInterruptible,Reserved,Other,Other,DIF,T2IF,T3,1.4900,True,local-nvme,Available,v2.2.1,panel
2026-07-16,runpod_secure,a100-sxm-80gb,A100,80GB,SXM,IB-HDR,6M,NonInterruptible,Reserved,Other,Other,DIF,T2IF,T3,1.4900,True,local-nvme,Available,v2.2.1,panel
2026-07-16,runpod_secure,a100-sxm-80gb,A100,80GB,SXM,IB-HDR,OnDemand,Interruptible,Spot,Other,Other,DIF,T2IF,T3,1.3900,True,local-nvme,Available,v2.2.1,panel
2026-07-16,sesterce,a100-sxm-80gb,A100,80GB,SXM,Unknown,OnDemand,NonInterruptible,OnDemand,Other,Other,IIF,T2IF,T2,1.5180,False,,Available,v2.2.1,panel
2026-07-16,spheron,a100-sxm-80gb,A100,80GB,SXM,Unknown,OnDemand,NonInterruptible,OnDemand,US-East,US,DIF,T3IF,T3,1.6905,False,,Available,v2.2.1,panel
2026-07-16,tensordock,a100-sxm-80gb,A100,80GB,SXM,Unknown,OnDemand,NonInterruptible,OnDemand,Other,Other,DIF,T3IF,T3,1.2000,False,,Available,v2.2.1,panel
2026-07-16,vast_ai,a100-sxm-80gb,A100,80GB,SXM,Unknown,OnDemand,NonInterruptible,OnDemand,US-Central,US,DIF,T3IF,T3,1.0667,True,local-nvme,Available,v2.2.1,marketplace
2026-07-16,vast_ai,a100-sxm-80gb,A100,80GB,SXM,Unknown,OnDemand,NonInterruptible,OnDemand,EU,EU,DIF,T3IF,T3,0.8270,True,local-nvme,Available,v2.2.1,marketplace
2026-07-16,vast_ai,a100-sxm-80gb,A100,80GB,SXM,Unknown,OnDemand,NonInterruptible,OnDemand,APAC,APAC,DIF,T3IF,T3,1.1467,True,local-nvme,Available,v2.2.1,marketplace
2026-07-16,vast_ai,a100-sxm-80gb,A100,80GB,SXM,Unknown,OnDemand,NonInterruptible,OnDemand,Other,Other,DIF,T3IF,T3,0.8267,True,local-nvme,Available,v2.2.1,marketplace
2026-07-16,vultr,a100-sxm-80gb,A100,80GB,SXM,Unknown,OnDemand,NonInterruptible,OnDemand,Other,Other,SIF,T2IF,T2,2.8000,False,,Available,v2.2.1,panel
2026-07-16,vultr,a100-sxm-80gb,A100,80GB,SXM,Unknown,OnDemand,Interruptible,Spot,Other,Other,DIF,T2IF,T2,1.4900,False,,Available,v2.2.1,panel
2026-07-17,atlas_cloud,a100-sxm-80gb,A100,80GB,SXM,Unknown,OnDemand,NonInterruptible,OnDemand,US-East,US,IIF,T2IF,T2,1.3500,False,,Available,v2.2.1,panel
2026-07-17,aws,a100-sxm-80gb,A100,80GB,SXM,EFA,OnDemand,NonInterruptible,OnDemand,US-East,US,HIF,T2IF,T1,3.4309,True,local-nvme;managed-ops-plane;support-tier;observability,Available,v2.2.1,panel
2026-07-17,aws,a100-sxm-80gb,A100,80GB,SXM,EFA,1Y,NonInterruptible,Reserved,US-East,US,HIF,T2IF,T1,2.1752,True,local-nvme;managed-ops-plane;support-tier;observability,Available,v2.2.1,panel
2026-07-17,aws,a100-sxm-80gb,A100,80GB,SXM,EFA,3Y,NonInterruptible,Reserved,US-East,US,HIF,T2IF,T1,1.4647,True,local-nvme;managed-ops-plane;support-tier;observability,Available,v2.2.1,panel
2026-07-17,aws,a100-sxm-80gb,A100,80GB,SXM,EFA,OnDemand,Interruptible,Spot,US-East,US,DIF,T2IF,T1,2.5486,False,,Available,v2.2.1,panel
2026-07-17,aws,a100-sxm-80gb,A100,80GB,SXM,EFA,OnDemand,Interruptible,Spot,US-West,US,DIF,T2IF,T1,2.4786,False,,Available,v2.2.1,panel
2026-07-17,azure,a100-sxm-80gb,A100,80GB,SXM,IB-HDR,OnDemand,NonInterruptible,OnDemand,US-East,US,HIF,T2IF,T1,4.0963,True,local-nvme;managed-ops-plane;support-tier;observability,Available,v2.2.1,panel
2026-07-17,azure,a100-sxm-80gb,A100,80GB,SXM,IB-HDR,1Y,NonInterruptible,Reserved,US-East,US,HIF,T2IF,T1,2.6216,True,local-nvme;managed-ops-plane;support-tier;observability,Available,v2.2.1,panel
2026-07-17,azure,a100-sxm-80gb,A100,80GB,SXM,IB-HDR,3Y,NonInterruptible,Reserved,US-East,US,HIF,T2IF,T1,1.8024,True,local-nvme;managed-ops-plane;support-tier;observability,Available,v2.2.1,panel
2026-07-17,azure_reservations,a100-sxm-80gb,A100,80GB,SXM,IB-HDR,OnDemand,NonInterruptible,OnDemand,US-West,US,HIF,T2IF,T1,4.0963,False,,Available,v2.2.1,candidate
2026-07-17,azure_reservations,a100-sxm-80gb,A100,80GB,SXM,IB-HDR,OnDemand,NonInterruptible,OnDemand,US-East,US,HIF,T2IF,T1,4.0963,False,,Available,v2.2.1,candidate
2026-07-17,azure_reservations,a100-sxm-80gb,A100,80GB,SXM,IB-HDR,OnDemand,NonInterruptible,OnDemand,US-South,US,HIF,T2IF,T1,4.9155,False,,Available,v2.2.1,candidate
2026-07-17,azure_reservations,a100-sxm-80gb,A100,80GB,SXM,IB-HDR,1Y,NonInterruptible,Reserved,US-West,US,HIF,T2IF,T1,3.4081,False,,Available,v2.2.1,candidate
2026-07-17,azure_reservations,a100-sxm-80gb,A100,80GB,SXM,IB-HDR,1Y,NonInterruptible,Reserved,US-East,US,HIF,T2IF,T1,2.6216,False,,Available,v2.2.1,candidate
2026-07-17,azure_reservations,a100-sxm-80gb,A100,80GB,SXM,IB-HDR,1Y,NonInterruptible,Reserved,US-Central,US,HIF,T2IF,T1,2.9624,False,,Available,v2.2.1,candidate
2026-07-17,azure_reservations,a100-sxm-80gb,A100,80GB,SXM,IB-HDR,1Y,NonInterruptible,Reserved,Other,Other,HIF,T2IF,T1,3.7512,False,,Available,v2.2.1,candidate
2026-07-17,azure_reservations,a100-sxm-80gb,A100,80GB,SXM,IB-HDR,1Y,NonInterruptible,Reserved,APAC,APAC,HIF,T2IF,T1,3.8013,False,,Available,v2.2.1,candidate
2026-07-17,azure_reservations,a100-sxm-80gb,A100,80GB,SXM,IB-HDR,1Y,NonInterruptible,Reserved,US-South,US,HIF,T2IF,T1,3.1459,False,,Available,v2.2.1,candidate
2026-07-17,azure_reservations,a100-sxm-80gb,A100,80GB,SXM,IB-HDR,1Y,NonInterruptible,Reserved,EU,EU,HIF,T2IF,T1,3.2770,False,,Available,v2.2.1,candidate
2026-07-17,azure_reservations,a100-sxm-80gb,A100,80GB,SXM,IB-HDR,3Y,NonInterruptible,Reserved,EU,EU,HIF,T2IF,T1,2.2529,False,,Available,v2.2.1,candidate
2026-07-17,azure_reservations,a100-sxm-80gb,A100,80GB,SXM,IB-HDR,3Y,NonInterruptible,Reserved,US-Central,US,HIF,T2IF,T1,2.0367,False,,Available,v2.2.1,candidate
2026-07-17,azure_reservations,a100-sxm-80gb,A100,80GB,SXM,IB-HDR,3Y,NonInterruptible,Reserved,US-West,US,HIF,T2IF,T1,2.3431,False,,Available,v2.2.1,candidate
2026-07-17,azure_reservations,a100-sxm-80gb,A100,80GB,SXM,IB-HDR,3Y,NonInterruptible,Reserved,US-South,US,HIF,T2IF,T1,2.1628,False,,Available,v2.2.1,candidate
2026-07-17,azure_reservations,a100-sxm-80gb,A100,80GB,SXM,IB-HDR,3Y,NonInterruptible,Reserved,Other,Other,HIF,T2IF,T1,2.5789,False,,Available,v2.2.1,candidate
2026-07-17,azure_reservations,a100-sxm-80gb,A100,80GB,SXM,IB-HDR,3Y,NonInterruptible,Reserved,APAC,APAC,HIF,T2IF,T1,2.6134,False,,Available,v2.2.1,candidate
2026-07-17,azure_reservations,a100-sxm-80gb,A100,80GB,SXM,IB-HDR,3Y,NonInterruptible,Reserved,US-East,US,HIF,T2IF,T1,1.8023,False,,Available,v2.2.1,candidate
2026-07-17,coreweave,a100-sxm-80gb,A100,80GB,SXM,IB-HDR,OnDemand,NonInterruptible,OnDemand,US-East,US,IIF,T2IF,T2,2.7000,True,local-nvme;free-egress;support-tier;observability;managed-ops-plane,Available,v2.2.1,panel
2026-07-17,coreweave,a100-sxm-80gb,A100,80GB,SXM,IB-HDR,OnDemand,Interruptible,Spot,US-East,US,DIF,T2IF,T2,1.2063,True,local-nvme;free-egress;support-tier;observability;managed-ops-plane,Available,v2.2.1,panel
2026-07-17,crusoe,a100-sxm-80gb,A100,80GB,SXM,IB-HDR,OnDemand,NonInterruptible,OnDemand,US-East,US,IIF,T2IF,T2,2.3000,True,local-nvme;free-egress,Available,v2.2.1,panel
2026-07-17,cyfuture,a100-sxm-80gb,A100,80GB,SXM,Unknown,1Y,NonInterruptible,Reserved,APAC,APAC,IIF,T2IF,T2,2.0800,False,,Available,v2.2.1,panel
2026-07-17,cyfuture,a100-sxm-80gb,A100,80GB,SXM,Unknown,6M,NonInterruptible,Reserved,APAC,APAC,IIF,T2IF,T2,2.1600,False,,Available,v2.2.1,panel
2026-07-17,datacrunch,a100-sxm-80gb,A100,80GB,SXM,IB-HDR,OnDemand,NonInterruptible,OnDemand,EU,EU,SIF,T2IF,T2,1.7900,True,local-nvme,Available,v2.2.1,panel
2026-07-17,datacrunch,a100-sxm-80gb,A100,80GB,SXM,IB-HDR,1M,NonInterruptible,Reserved,EU,EU,SIF,T2IF,T2,1.7542,True,local-nvme,Available,v2.2.1,panel
2026-07-17,datacrunch,a100-sxm-80gb,A100,80GB,SXM,IB-HDR,1Y,NonInterruptible,Reserved,EU,EU,SIF,T2IF,T2,1.6468,True,local-nvme,Available,v2.2.1,panel
2026-07-17,datacrunch,a100-sxm-80gb,A100,80GB,SXM,IB-HDR,2Y,NonInterruptible,Reserved,EU,EU,SIF,T2IF,T2,1.3425,True,local-nvme,Available,v2.2.1,panel
2026-07-17,datacrunch,a100-sxm-80gb,A100,80GB,SXM,IB-HDR,3M,NonInterruptible,Reserved,EU,EU,SIF,T2IF,T2,1.7363,True,local-nvme,Available,v2.2.1,panel
2026-07-17,datacrunch,a100-sxm-80gb,A100,80GB,SXM,IB-HDR,6M,NonInterruptible,Reserved,EU,EU,SIF,T2IF,T2,1.7184,True,local-nvme,Available,v2.2.1,panel
2026-07-17,datacrunch,a100-sxm-80gb,A100,80GB,SXM,IB-HDR,OnDemand,Interruptible,Spot,EU,EU,DIF,T2IF,T2,0.6265,True,local-nvme,Available,v2.2.1,panel
2026-07-17,deepinfra_gpu,a100-sxm-80gb,A100,80GB,SXM,,OnDemand,NonInterruptible,OnDemand,Other,Other,SIF,T2IF,T2,0.8900,False,,Available,v2.2.1,panel
2026-07-17,denvr,a100-sxm-80gb,A100,80GB,SXM,IB-HDR,OnDemand,NonInterruptible,OnDemand,Other,Other,SIF,T2IF,T2,1.3000,True,local-nvme,Available,v2.2.1,panel
2026-07-17,e2e,a100-sxm-80gb,A100,80GB,SXM,IB-NDR,OnDemand,NonInterruptible,OnDemand,APAC,APAC,IIF,T2IF,T2,2.1000,True,managed-ops-plane,Available,v2.2.1,panel
2026-07-17,e2e,a100-sxm-80gb,A100,80GB,SXM,IB-NDR,1M,NonInterruptible,Reserved,APAC,APAC,IIF,T2IF,T2,1.5319,True,managed-ops-plane,Available,v2.2.1,panel
2026-07-17,e2e,a100-sxm-80gb,A100,80GB,SXM,IB-NDR,1Y,NonInterruptible,Reserved,APAC,APAC,IIF,T2IF,T2,1.2050,True,managed-ops-plane,Available,v2.2.1,panel
2026-07-17,e2e,a100-sxm-80gb,A100,80GB,SXM,IB-NDR,3M,NonInterruptible,Reserved,APAC,APAC,IIF,T2IF,T2,1.4852,True,managed-ops-plane,Available,v2.2.1,panel
2026-07-17,e2e,a100-sxm-80gb,A100,80GB,SXM,IB-NDR,6M,NonInterruptible,Reserved,APAC,APAC,IIF,T2IF,T2,1.3092,True,managed-ops-plane,Available,v2.2.1,panel
2026-07-17,gcore,a100-sxm-80gb,A100,80GB,SXM,Unknown,OnDemand,NonInterruptible,OnDemand,EU,EU,IIF,T2IF,T2,1.4563,False,,Available,v2.2.1,panel
2026-07-17,gcp_cud,a100-sxm-80gb,A100,80GB,SXM,Ethernet,1Y,NonInterruptible,Reserved,US-West,US,HIF,T2IF,T1,3.4811,False,,Available,v2.2.1,candidate
2026-07-17,gcp_cud,a100-sxm-80gb,A100,80GB,SXM,Ethernet,1Y,NonInterruptible,Reserved,US-South,US,HIF,T2IF,T1,4.1077,False,,Available,v2.2.1,candidate
2026-07-17,gcp_cud,a100-sxm-80gb,A100,80GB,SXM,Ethernet,1Y,NonInterruptible,Reserved,US-East,US,HIF,T2IF,T1,3.4811,False,,Available,v2.2.1,candidate
2026-07-17,gcp_cud,a100-sxm-80gb,A100,80GB,SXM,Ethernet,1Y,NonInterruptible,Reserved,US-Central,US,HIF,T2IF,T1,3.4811,False,,Available,v2.2.1,candidate
2026-07-17,gcp_cud,a100-sxm-80gb,A100,80GB,SXM,Ethernet,3Y,NonInterruptible,Reserved,US-East,US,HIF,T2IF,T1,3.4877,False,,Available,v2.2.1,candidate
2026-07-17,gcp_cud,a100-sxm-80gb,A100,80GB,SXM,Ethernet,3Y,NonInterruptible,Reserved,US-South,US,HIF,T2IF,T1,3.6540,False,,Available,v2.2.1,candidate
2026-07-17,gcp_cud,a100-sxm-80gb,A100,80GB,SXM,Ethernet,3Y,NonInterruptible,Reserved,US-Central,US,HIF,T2IF,T1,3.0966,False,,Available,v2.2.1,candidate
2026-07-17,gcp_cud,a100-sxm-80gb,A100,80GB,SXM,Ethernet,3Y,NonInterruptible,Reserved,US-West,US,HIF,T2IF,T1,3.4877,False,,Available,v2.2.1,candidate
2026-07-17,hyperstack,a100-sxm-80gb,A100,80GB,SXM,Ethernet,OnDemand,NonInterruptible,OnDemand,Other,Other,SIF,,T2,1.6000,True,local-nvme,Available,v2.2.1,panel
2026-07-17,hyperstack,a100-sxm-80gb,A100,80GB,SXM,Ethernet,6M,NonInterruptible,Reserved,Other,Other,SIF,,T2,1.3600,True,local-nvme,Available,v2.2.1,panel
2026-07-17,jarvislabs,a100-sxm-80gb,A100,80GB,SXM,Unknown,OnDemand,NonInterruptible,OnDemand,APAC,APAC,IIF,T3IF,T2,1.4900,False,,Available,v2.2.1,panel
2026-07-17,lambda,a100-sxm-80gb,A100,80GB,SXM,Unknown,OnDemand,NonInterruptible,OnDemand,US-East,US,IIF,T3IF,T2,2.7900,True,local-nvme,Available,v2.2.1,panel
2026-07-17,massed_compute,a100-sxm-80gb,A100,80GB,SXM,Unknown,OnDemand,NonInterruptible,OnDemand,US-East,US,DIF,T3IF,T3,1.3800,False,,Available,v2.2.1,panel
2026-07-17,oci,a100-sxm-80gb,A100,80GB,SXM,RoCE-v2,OnDemand,NonInterruptible,OnDemand,US-East,US,HIF,T2IF,T1,4.0000,True,local-nvme;egress-capped;managed-ops-plane;support-tier;observability,Available,v2.2.1,panel
2026-07-17,paperspace,a100-sxm-80gb,A100,80GB,SXM,,3Y,NonInterruptible,Reserved,Other,Other,SIF,T2IF,T2,1.1500,False,,Available,v2.2.1,panel
2026-07-17,runpod_cluster,a100-sxm-80gb,A100,80GB,SXM,IB-HDR,OnDemand,NonInterruptible,OnDemand,Other,Other,DIF,T2IF,T3,1.7880,True,local-nvme,Available,v2.2.1,panel
2026-07-17,runpod_community,a100-sxm-80gb,A100,80GB,SXM,Unknown,OnDemand,NonInterruptible,OnDemand,Other,Other,DIF,T3IF,T3,1.3900,False,,Available,v2.2.1,panel
2026-07-17,runpod_secure,a100-sxm-80gb,A100,80GB,SXM,IB-HDR,OnDemand,NonInterruptible,OnDemand,Other,Other,DIF,T2IF,T3,1.4900,True,local-nvme,Available,v2.2.1,panel
2026-07-17,runpod_secure,a100-sxm-80gb,A100,80GB,SXM,IB-HDR,1Y,NonInterruptible,Reserved,Other,Other,DIF,T2IF,T3,1.4900,True,local-nvme,Available,v2.2.1,panel
2026-07-17,runpod_secure,a100-sxm-80gb,A100,80GB,SXM,IB-HDR,3M,NonInterruptible,Reserved,Other,Other,DIF,T2IF,T3,1.4900,True,local-nvme,Available,v2.2.1,panel
2026-07-17,runpod_secure,a100-sxm-80gb,A100,80GB,SXM,IB-HDR,6M,NonInterruptible,Reserved,Other,Other,DIF,T2IF,T3,1.4900,True,local-nvme,Available,v2.2.1,panel
2026-07-17,runpod_secure,a100-sxm-80gb,A100,80GB,SXM,IB-HDR,OnDemand,Interruptible,Spot,Other,Other,DIF,T2IF,T3,1.3900,True,local-nvme,Available,v2.2.1,panel
2026-07-17,sesterce,a100-sxm-80gb,A100,80GB,SXM,Unknown,OnDemand,NonInterruptible,OnDemand,Other,Other,IIF,T2IF,T2,1.5180,False,,Available,v2.2.1,panel
2026-07-17,tensordock,a100-sxm-80gb,A100,80GB,SXM,Unknown,OnDemand,NonInterruptible,OnDemand,Other,Other,DIF,T3IF,T3,1.2000,False,,Available,v2.2.1,panel
2026-07-17,vast_ai,a100-sxm-80gb,A100,80GB,SXM,Unknown,OnDemand,NonInterruptible,OnDemand,US-Central,US,DIF,T3IF,T3,0.5333,True,local-nvme,Available,v2.2.1,marketplace
2026-07-17,vast_ai,a100-sxm-80gb,A100,80GB,SXM,Unknown,OnDemand,NonInterruptible,OnDemand,APAC,APAC,DIF,T3IF,T3,1.1853,True,local-nvme,Available,v2.2.1,marketplace
2026-07-17,vast_ai,a100-sxm-80gb,A100,80GB,SXM,Unknown,OnDemand,NonInterruptible,OnDemand,US-West,US,DIF,T3IF,T3,0.7467,True,local-nvme,Available,v2.2.1,marketplace
2026-07-17,vast_ai,a100-sxm-80gb,A100,80GB,SXM,Unknown,OnDemand,NonInterruptible,OnDemand,EU,EU,DIF,T3IF,T3,1.0667,True,local-nvme,Available,v2.2.1,marketplace
2026-07-17,vast_ai,a100-sxm-80gb,A100,80GB,SXM,Unknown,OnDemand,NonInterruptible,OnDemand,Other,Other,DIF,T3IF,T3,1.2867,True,local-nvme,Available,v2.2.1,marketplace
2026-07-17,vultr,a100-sxm-80gb,A100,80GB,SXM,Unknown,OnDemand,NonInterruptible,OnDemand,Other,Other,SIF,T2IF,T2,2.8000,False,,Available,v2.2.1,panel
2026-07-17,vultr,a100-sxm-80gb,A100,80GB,SXM,Unknown,OnDemand,Interruptible,Spot,Other,Other,DIF,T2IF,T2,1.4900,False,,Available,v2.2.1,panel
2026-07-18,atlas_cloud,a100-sxm-80gb,A100,80GB,SXM,Unknown,OnDemand,NonInterruptible,OnDemand,US-East,US,IIF,T2IF,T2,1.3500,False,,Available,v2.2.1,panel
2026-07-18,aws,a100-sxm-80gb,A100,80GB,SXM,EFA,OnDemand,NonInterruptible,OnDemand,US-East,US,HIF,T2IF,T1,3.4309,True,local-nvme;managed-ops-plane;support-tier;observability,Available,v2.2.1,panel
2026-07-18,aws,a100-sxm-80gb,A100,80GB,SXM,EFA,1Y,NonInterruptible,Reserved,US-East,US,HIF,T2IF,T1,2.1752,True,local-nvme;managed-ops-plane;support-tier;observability,Available,v2.2.1,panel
2026-07-18,aws,a100-sxm-80gb,A100,80GB,SXM,EFA,3Y,NonInterruptible,Reserved,US-East,US,HIF,T2IF,T1,1.4647,True,local-nvme;managed-ops-plane;support-tier;observability,Available,v2.2.1,panel
2026-07-18,aws,a100-sxm-80gb,A100,80GB,SXM,EFA,OnDemand,Interruptible,Spot,US-East,US,DIF,T2IF,T1,2.6114,False,,Available,v2.2.1,panel
2026-07-18,aws,a100-sxm-80gb,A100,80GB,SXM,EFA,OnDemand,Interruptible,Spot,US-West,US,DIF,T2IF,T1,2.5313,False,,Available,v2.2.1,panel
2026-07-18,azure,a100-sxm-80gb,A100,80GB,SXM,IB-HDR,OnDemand,NonInterruptible,OnDemand,US-East,US,HIF,T2IF,T1,4.0963,True,local-nvme;managed-ops-plane;support-tier;observability,Available,v2.2.1,panel
2026-07-18,azure,a100-sxm-80gb,A100,80GB,SXM,IB-HDR,1Y,NonInterruptible,Reserved,US-East,US,HIF,T2IF,T1,2.6216,True,local-nvme;managed-ops-plane;support-tier;observability,Available,v2.2.1,panel
2026-07-18,azure,a100-sxm-80gb,A100,80GB,SXM,IB-HDR,3Y,NonInterruptible,Reserved,US-East,US,HIF,T2IF,T1,1.8024,True,local-nvme;managed-ops-plane;support-tier;observability,Available,v2.2.1,panel
2026-07-18,azure_reservations,a100-sxm-80gb,A100,80GB,SXM,IB-HDR,OnDemand,NonInterruptible,OnDemand,US-South,US,HIF,T2IF,T1,4.9155,False,,Available,v2.2.1,candidate
2026-07-18,azure_reservations,a100-sxm-80gb,A100,80GB,SXM,IB-HDR,OnDemand,NonInterruptible,OnDemand,US-West,US,HIF,T2IF,T1,4.0963,False,,Available,v2.2.1,candidate
2026-07-18,azure_reservations,a100-sxm-80gb,A100,80GB,SXM,IB-HDR,OnDemand,NonInterruptible,OnDemand,US-East,US,HIF,T2IF,T1,4.0963,False,,Available,v2.2.1,candidate
2026-07-18,azure_reservations,a100-sxm-80gb,A100,80GB,SXM,IB-HDR,1Y,NonInterruptible,Reserved,US-East,US,HIF,T2IF,T1,2.6216,False,,Available,v2.2.1,candidate
2026-07-18,azure_reservations,a100-sxm-80gb,A100,80GB,SXM,IB-HDR,1Y,NonInterruptible,Reserved,EU,EU,HIF,T2IF,T1,3.2770,False,,Available,v2.2.1,candidate
2026-07-18,azure_reservations,a100-sxm-80gb,A100,80GB,SXM,IB-HDR,1Y,NonInterruptible,Reserved,US-Central,US,HIF,T2IF,T1,2.9624,False,,Available,v2.2.1,candidate
2026-07-18,azure_reservations,a100-sxm-80gb,A100,80GB,SXM,IB-HDR,1Y,NonInterruptible,Reserved,Other,Other,HIF,T2IF,T1,3.7512,False,,Available,v2.2.1,candidate
2026-07-18,azure_reservations,a100-sxm-80gb,A100,80GB,SXM,IB-HDR,1Y,NonInterruptible,Reserved,APAC,APAC,HIF,T2IF,T1,3.8013,False,,Available,v2.2.1,candidate
2026-07-18,azure_reservations,a100-sxm-80gb,A100,80GB,SXM,IB-HDR,1Y,NonInterruptible,Reserved,US-West,US,HIF,T2IF,T1,3.4081,False,,Available,v2.2.1,candidate
2026-07-18,azure_reservations,a100-sxm-80gb,A100,80GB,SXM,IB-HDR,1Y,NonInterruptible,Reserved,US-South,US,HIF,T2IF,T1,3.1459,False,,Available,v2.2.1,candidate
2026-07-18,azure_reservations,a100-sxm-80gb,A100,80GB,SXM,IB-HDR,3Y,NonInterruptible,Reserved,US-South,US,HIF,T2IF,T1,2.1628,False,,Available,v2.2.1,candidate
2026-07-18,azure_reservations,a100-sxm-80gb,A100,80GB,SXM,IB-HDR,3Y,NonInterruptible,Reserved,APAC,APAC,HIF,T2IF,T1,2.6134,False,,Available,v2.2.1,candidate
2026-07-18,azure_reservations,a100-sxm-80gb,A100,80GB,SXM,IB-HDR,3Y,NonInterruptible,Reserved,US-West,US,HIF,T2IF,T1,2.3431,False,,Available,v2.2.1,candidate
2026-07-18,azure_reservations,a100-sxm-80gb,A100,80GB,SXM,IB-HDR,3Y,NonInterruptible,Reserved,US-East,US,HIF,T2IF,T1,1.8023,False,,Available,v2.2.1,candidate
2026-07-18,azure_reservations,a100-sxm-80gb,A100,80GB,SXM,IB-HDR,3Y,NonInterruptible,Reserved,EU,EU,HIF,T2IF,T1,2.2529,False,,Available,v2.2.1,candidate
2026-07-18,azure_reservations,a100-sxm-80gb,A100,80GB,SXM,IB-HDR,3Y,NonInterruptible,Reserved,US-Central,US,HIF,T2IF,T1,2.0367,False,,Available,v2.2.1,candidate
2026-07-18,azure_reservations,a100-sxm-80gb,A100,80GB,SXM,IB-HDR,3Y,NonInterruptible,Reserved,Other,Other,HIF,T2IF,T1,2.5789,False,,Available,v2.2.1,candidate
2026-07-18,coreweave,a100-sxm-80gb,A100,80GB,SXM,IB-HDR,OnDemand,NonInterruptible,OnDemand,US-East,US,IIF,T2IF,T2,2.7000,True,local-nvme;free-egress;support-tier;observability;managed-ops-plane,Available,v2.2.1,panel
2026-07-18,coreweave,a100-sxm-80gb,A100,80GB,SXM,IB-HDR,OnDemand,Interruptible,Spot,US-East,US,DIF,T2IF,T2,1.2063,True,local-nvme;free-egress;support-tier;observability;managed-ops-plane,Available,v2.2.1,panel
2026-07-18,crusoe,a100-sxm-80gb,A100,80GB,SXM,IB-HDR,OnDemand,NonInterruptible,OnDemand,US-East,US,IIF,T2IF,T2,2.3000,True,local-nvme;free-egress,Available,v2.2.1,panel
2026-07-18,cyfuture,a100-sxm-80gb,A100,80GB,SXM,Unknown,1Y,NonInterruptible,Reserved,APAC,APAC,IIF,T2IF,T2,2.0800,False,,Available,v2.2.1,panel
2026-07-18,cyfuture,a100-sxm-80gb,A100,80GB,SXM,Unknown,6M,NonInterruptible,Reserved,APAC,APAC,IIF,T2IF,T2,2.1600,False,,Available,v2.2.1,panel
2026-07-18,datacrunch,a100-sxm-80gb,A100,80GB,SXM,IB-HDR,OnDemand,NonInterruptible,OnDemand,EU,EU,SIF,T2IF,T2,1.7900,True,local-nvme,Available,v2.2.1,panel
2026-07-18,datacrunch,a100-sxm-80gb,A100,80GB,SXM,IB-HDR,1M,NonInterruptible,Reserved,EU,EU,SIF,T2IF,T2,1.7542,True,local-nvme,Available,v2.2.1,panel
2026-07-18,datacrunch,a100-sxm-80gb,A100,80GB,SXM,IB-HDR,1Y,NonInterruptible,Reserved,EU,EU,SIF,T2IF,T2,1.6468,True,local-nvme,Available,v2.2.1,panel
2026-07-18,datacrunch,a100-sxm-80gb,A100,80GB,SXM,IB-HDR,2Y,NonInterruptible,Reserved,EU,EU,SIF,T2IF,T2,1.3425,True,local-nvme,Available,v2.2.1,panel
2026-07-18,datacrunch,a100-sxm-80gb,A100,80GB,SXM,IB-HDR,3M,NonInterruptible,Reserved,EU,EU,SIF,T2IF,T2,1.7363,True,local-nvme,Available,v2.2.1,panel
2026-07-18,datacrunch,a100-sxm-80gb,A100,80GB,SXM,IB-HDR,6M,NonInterruptible,Reserved,EU,EU,SIF,T2IF,T2,1.7184,True,local-nvme,Available,v2.2.1,panel
2026-07-18,datacrunch,a100-sxm-80gb,A100,80GB,SXM,IB-HDR,OnDemand,Interruptible,Spot,EU,EU,DIF,T2IF,T2,0.6265,True,local-nvme,Available,v2.2.1,panel
2026-07-18,deepinfra_gpu,a100-sxm-80gb,A100,80GB,SXM,,OnDemand,NonInterruptible,OnDemand,Other,Other,SIF,T2IF,T2,0.8900,False,,Available,v2.2.1,panel
2026-07-18,denvr,a100-sxm-80gb,A100,80GB,SXM,IB-HDR,OnDemand,NonInterruptible,OnDemand,Other,Other,SIF,T2IF,T2,1.3000,True,local-nvme,Available,v2.2.1,panel
2026-07-18,e2e,a100-sxm-80gb,A100,80GB,SXM,IB-NDR,OnDemand,NonInterruptible,OnDemand,APAC,APAC,IIF,T2IF,T2,2.1000,True,managed-ops-plane,Available,v2.2.1,panel
2026-07-18,e2e,a100-sxm-80gb,A100,80GB,SXM,IB-NDR,1M,NonInterruptible,Reserved,APAC,APAC,IIF,T2IF,T2,1.5319,True,managed-ops-plane,Available,v2.2.1,panel
2026-07-18,e2e,a100-sxm-80gb,A100,80GB,SXM,IB-NDR,1Y,NonInterruptible,Reserved,APAC,APAC,IIF,T2IF,T2,1.2050,True,managed-ops-plane,Available,v2.2.1,panel
2026-07-18,e2e,a100-sxm-80gb,A100,80GB,SXM,IB-NDR,3M,NonInterruptible,Reserved,APAC,APAC,IIF,T2IF,T2,1.4852,True,managed-ops-plane,Available,v2.2.1,panel
2026-07-18,e2e,a100-sxm-80gb,A100,80GB,SXM,IB-NDR,6M,NonInterruptible,Reserved,APAC,APAC,IIF,T2IF,T2,1.3092,True,managed-ops-plane,Available,v2.2.1,panel
2026-07-18,gcore,a100-sxm-80gb,A100,80GB,SXM,Unknown,OnDemand,NonInterruptible,OnDemand,EU,EU,IIF,T2IF,T2,1.4522,False,,Available,v2.2.1,panel
2026-07-18,gcp_cud,a100-sxm-80gb,A100,80GB,SXM,Ethernet,1Y,NonInterruptible,Reserved,US-South,US,HIF,T2IF,T1,4.1077,False,,Available,v2.2.1,candidate
2026-07-18,gcp_cud,a100-sxm-80gb,A100,80GB,SXM,Ethernet,1Y,NonInterruptible,Reserved,US-Central,US,HIF,T2IF,T1,3.4811,False,,Available,v2.2.1,candidate
2026-07-18,gcp_cud,a100-sxm-80gb,A100,80GB,SXM,Ethernet,1Y,NonInterruptible,Reserved,US-East,US,HIF,T2IF,T1,3.4811,False,,Available,v2.2.1,candidate
2026-07-18,gcp_cud,a100-sxm-80gb,A100,80GB,SXM,Ethernet,1Y,NonInterruptible,Reserved,US-West,US,HIF,T2IF,T1,3.4811,False,,Available,v2.2.1,candidate
2026-07-18,gcp_cud,a100-sxm-80gb,A100,80GB,SXM,Ethernet,3Y,NonInterruptible,Reserved,US-East,US,HIF,T2IF,T1,3.4877,False,,Available,v2.2.1,candidate
2026-07-18,gcp_cud,a100-sxm-80gb,A100,80GB,SXM,Ethernet,3Y,NonInterruptible,Reserved,US-Central,US,HIF,T2IF,T1,3.0966,False,,Available,v2.2.1,candidate
2026-07-18,gcp_cud,a100-sxm-80gb,A100,80GB,SXM,Ethernet,3Y,NonInterruptible,Reserved,US-South,US,HIF,T2IF,T1,3.6540,False,,Available,v2.2.1,candidate
2026-07-18,gcp_cud,a100-sxm-80gb,A100,80GB,SXM,Ethernet,3Y,NonInterruptible,Reserved,US-West,US,HIF,T2IF,T1,3.4877,False,,Available,v2.2.1,candidate
2026-07-18,hyperstack,a100-sxm-80gb,A100,80GB,SXM,Ethernet,OnDemand,NonInterruptible,OnDemand,Other,Other,SIF,,T2,1.6000,True,local-nvme,Available,v2.2.1,panel
2026-07-18,hyperstack,a100-sxm-80gb,A100,80GB,SXM,Ethernet,6M,NonInterruptible,Reserved,Other,Other,SIF,,T2,1.3600,True,local-nvme,Available,v2.2.1,panel
2026-07-18,jarvislabs,a100-sxm-80gb,A100,80GB,SXM,Unknown,OnDemand,NonInterruptible,OnDemand,APAC,APAC,IIF,T3IF,T2,1.4900,False,,Available,v2.2.1,panel
2026-07-18,lambda,a100-sxm-80gb,A100,80GB,SXM,Unknown,OnDemand,NonInterruptible,OnDemand,US-East,US,IIF,T3IF,T2,2.7900,True,local-nvme,Available,v2.2.1,panel
2026-07-18,massed_compute,a100-sxm-80gb,A100,80GB,SXM,Unknown,OnDemand,NonInterruptible,OnDemand,US-East,US,DIF,T3IF,T3,1.3800,False,,Available,v2.2.1,panel
2026-07-18,oci,a100-sxm-80gb,A100,80GB,SXM,RoCE-v2,OnDemand,NonInterruptible,OnDemand,US-East,US,HIF,T2IF,T1,4.0000,True,local-nvme;egress-capped;managed-ops-plane;support-tier;observability,Available,v2.2.1,panel
2026-07-18,paperspace,a100-sxm-80gb,A100,80GB,SXM,,3Y,NonInterruptible,Reserved,Other,Other,SIF,T2IF,T2,1.1500,False,,Available,v2.2.1,panel
2026-07-18,runpod_cluster,a100-sxm-80gb,A100,80GB,SXM,IB-HDR,OnDemand,NonInterruptible,OnDemand,Other,Other,DIF,T2IF,T3,1.7880,True,local-nvme,Available,v2.2.1,panel
2026-07-18,runpod_community,a100-sxm-80gb,A100,80GB,SXM,Unknown,OnDemand,NonInterruptible,OnDemand,Other,Other,DIF,T3IF,T3,1.3900,False,,Available,v2.2.1,panel
2026-07-18,runpod_secure,a100-sxm-80gb,A100,80GB,SXM,IB-HDR,OnDemand,NonInterruptible,OnDemand,Other,Other,DIF,T2IF,T3,1.4900,True,local-nvme,Available,v2.2.1,panel
2026-07-18,runpod_secure,a100-sxm-80gb,A100,80GB,SXM,IB-HDR,1Y,NonInterruptible,Reserved,Other,Other,DIF,T2IF,T3,1.4900,True,local-nvme,Available,v2.2.1,panel
2026-07-18,runpod_secure,a100-sxm-80gb,A100,80GB,SXM,IB-HDR,3M,NonInterruptible,Reserved,Other,Other,DIF,T2IF,T3,1.4900,True,local-nvme,Available,v2.2.1,panel
2026-07-18,runpod_secure,a100-sxm-80gb,A100,80GB,SXM,IB-HDR,6M,NonInterruptible,Reserved,Other,Other,DIF,T2IF,T3,1.4900,True,local-nvme,Available,v2.2.1,panel
2026-07-18,runpod_secure,a100-sxm-80gb,A100,80GB,SXM,IB-HDR,OnDemand,Interruptible,Spot,Other,Other,DIF,T2IF,T3,1.3900,True,local-nvme,Available,v2.2.1,panel
2026-07-18,sesterce,a100-sxm-80gb,A100,80GB,SXM,Unknown,OnDemand,NonInterruptible,OnDemand,Other,Other,IIF,T2IF,T2,1.5180,False,,Available,v2.2.1,panel
2026-07-18,tensordock,a100-sxm-80gb,A100,80GB,SXM,Unknown,OnDemand,NonInterruptible,OnDemand,Other,Other,DIF,T3IF,T3,1.2000,False,,Available,v2.2.1,panel
2026-07-18,vast_ai,a100-sxm-80gb,A100,80GB,SXM,Unknown,OnDemand,NonInterruptible,OnDemand,Other,Other,DIF,T3IF,T3,0.8267,True,local-nvme,Available,v2.2.1,marketplace
2026-07-18,vast_ai,a100-sxm-80gb,A100,80GB,SXM,Unknown,OnDemand,NonInterruptible,OnDemand,US-Central,US,DIF,T3IF,T3,1.0667,True,local-nvme,Available,v2.2.1,marketplace
2026-07-18,vast_ai,a100-sxm-80gb,A100,80GB,SXM,Unknown,OnDemand,NonInterruptible,OnDemand,APAC,APAC,DIF,T3IF,T3,1.2253,True,local-nvme,Available,v2.2.1,marketplace
2026-07-18,vast_ai,a100-sxm-80gb,A100,80GB,SXM,Unknown,OnDemand,NonInterruptible,OnDemand,EU,EU,DIF,T3IF,T3,1.0667,True,local-nvme,Available,v2.2.1,marketplace
2026-07-18,vultr,a100-sxm-80gb,A100,80GB,SXM,Unknown,OnDemand,NonInterruptible,OnDemand,Other,Other,SIF,T2IF,T2,2.8000,False,,Available,v2.2.1,panel
2026-07-18,vultr,a100-sxm-80gb,A100,80GB,SXM,Unknown,OnDemand,Interruptible,Spot,Other,Other,DIF,T2IF,T2,1.4900,False,,Available,v2.2.1,panel
2026-07-19,atlas_cloud,a100-sxm-80gb,A100,80GB,SXM,Unknown,OnDemand,NonInterruptible,OnDemand,US-East,US,IIF,T2IF,T2,1.3500,False,,Available,v2.2.1,panel
2026-07-19,aws,a100-sxm-80gb,A100,80GB,SXM,EFA,OnDemand,NonInterruptible,OnDemand,US-East,US,HIF,T2IF,T1,3.4309,True,local-nvme;managed-ops-plane;support-tier;observability,Available,v2.2.1,panel
2026-07-19,aws,a100-sxm-80gb,A100,80GB,SXM,EFA,1Y,NonInterruptible,Reserved,US-East,US,HIF,T2IF,T1,2.1752,True,local-nvme;managed-ops-plane;support-tier;observability,Available,v2.2.1,panel
2026-07-19,aws,a100-sxm-80gb,A100,80GB,SXM,EFA,3Y,NonInterruptible,Reserved,US-East,US,HIF,T2IF,T1,1.4647,True,local-nvme;managed-ops-plane;support-tier;observability,Available,v2.2.1,panel
2026-07-19,aws,a100-sxm-80gb,A100,80GB,SXM,EFA,OnDemand,Interruptible,Spot,US-East,US,DIF,T2IF,T1,2.6421,False,,Available,v2.2.1,panel
2026-07-19,aws,a100-sxm-80gb,A100,80GB,SXM,EFA,OnDemand,Interruptible,Spot,US-West,US,DIF,T2IF,T1,2.6308,False,,Available,v2.2.1,panel
2026-07-19,azure,a100-sxm-80gb,A100,80GB,SXM,IB-HDR,OnDemand,NonInterruptible,OnDemand,US-East,US,HIF,T2IF,T1,4.0963,True,local-nvme;managed-ops-plane;support-tier;observability,Available,v2.2.1,panel
2026-07-19,azure,a100-sxm-80gb,A100,80GB,SXM,IB-HDR,1Y,NonInterruptible,Reserved,US-East,US,HIF,T2IF,T1,2.6216,True,local-nvme;managed-ops-plane;support-tier;observability,Available,v2.2.1,panel
2026-07-19,azure,a100-sxm-80gb,A100,80GB,SXM,IB-HDR,3Y,NonInterruptible,Reserved,US-East,US,HIF,T2IF,T1,1.8024,True,local-nvme;managed-ops-plane;support-tier;observability,Available,v2.2.1,panel
2026-07-19,azure_reservations,a100-sxm-80gb,A100,80GB,SXM,IB-HDR,OnDemand,NonInterruptible,OnDemand,US-South,US,HIF,T2IF,T1,4.9155,False,,Available,v2.2.1,candidate
2026-07-19,azure_reservations,a100-sxm-80gb,A100,80GB,SXM,IB-HDR,OnDemand,NonInterruptible,OnDemand,US-West,US,HIF,T2IF,T1,4.0963,False,,Available,v2.2.1,candidate
2026-07-19,azure_reservations,a100-sxm-80gb,A100,80GB,SXM,IB-HDR,OnDemand,NonInterruptible,OnDemand,US-East,US,HIF,T2IF,T1,4.0963,False,,Available,v2.2.1,candidate
2026-07-19,azure_reservations,a100-sxm-80gb,A100,80GB,SXM,IB-HDR,1Y,NonInterruptible,Reserved,US-South,US,HIF,T2IF,T1,3.1459,False,,Available,v2.2.1,candidate
2026-07-19,azure_reservations,a100-sxm-80gb,A100,80GB,SXM,IB-HDR,1Y,NonInterruptible,Reserved,Other,Other,HIF,T2IF,T1,3.7512,False,,Available,v2.2.1,candidate
2026-07-19,azure_reservations,a100-sxm-80gb,A100,80GB,SXM,IB-HDR,1Y,NonInterruptible,Reserved,US-West,US,HIF,T2IF,T1,3.4081,False,,Available,v2.2.1,candidate
2026-07-19,azure_reservations,a100-sxm-80gb,A100,80GB,SXM,IB-HDR,1Y,NonInterruptible,Reserved,EU,EU,HIF,T2IF,T1,3.2770,False,,Available,v2.2.1,candidate
2026-07-19,azure_reservations,a100-sxm-80gb,A100,80GB,SXM,IB-HDR,1Y,NonInterruptible,Reserved,US-Central,US,HIF,T2IF,T1,2.9624,False,,Available,v2.2.1,candidate
2026-07-19,azure_reservations,a100-sxm-80gb,A100,80GB,SXM,IB-HDR,1Y,NonInterruptible,Reserved,US-East,US,HIF,T2IF,T1,2.6216,False,,Available,v2.2.1,candidate
2026-07-19,azure_reservations,a100-sxm-80gb,A100,80GB,SXM,IB-HDR,1Y,NonInterruptible,Reserved,APAC,APAC,HIF,T2IF,T1,3.8013,False,,Available,v2.2.1,candidate
2026-07-19,azure_reservations,a100-sxm-80gb,A100,80GB,SXM,IB-HDR,3Y,NonInterruptible,Reserved,US-Central,US,HIF,T2IF,T1,2.0367,False,,Available,v2.2.1,candidate
2026-07-19,azure_reservations,a100-sxm-80gb,A100,80GB,SXM,IB-HDR,3Y,NonInterruptible,Reserved,US-South,US,HIF,T2IF,T1,2.1628,False,,Available,v2.2.1,candidate
2026-07-19,azure_reservations,a100-sxm-80gb,A100,80GB,SXM,IB-HDR,3Y,NonInterruptible,Reserved,APAC,APAC,HIF,T2IF,T1,2.6134,False,,Available,v2.2.1,candidate
2026-07-19,azure_reservations,a100-sxm-80gb,A100,80GB,SXM,IB-HDR,3Y,NonInterruptible,Reserved,EU,EU,HIF,T2IF,T1,2.2529,False,,Available,v2.2.1,candidate
2026-07-19,azure_reservations,a100-sxm-80gb,A100,80GB,SXM,IB-HDR,3Y,NonInterruptible,Reserved,Other,Other,HIF,T2IF,T1,2.5789,False,,Available,v2.2.1,candidate
2026-07-19,azure_reservations,a100-sxm-80gb,A100,80GB,SXM,IB-HDR,3Y,NonInterruptible,Reserved,US-East,US,HIF,T2IF,T1,1.8023,False,,Available,v2.2.1,candidate
2026-07-19,azure_reservations,a100-sxm-80gb,A100,80GB,SXM,IB-HDR,3Y,NonInterruptible,Reserved,US-West,US,HIF,T2IF,T1,2.3431,False,,Available,v2.2.1,candidate
2026-07-19,coreweave,a100-sxm-80gb,A100,80GB,SXM,IB-HDR,OnDemand,NonInterruptible,OnDemand,US-East,US,IIF,T2IF,T2,2.7000,True,local-nvme;free-egress;support-tier;observability;managed-ops-plane,Available,v2.2.1,panel
2026-07-19,coreweave,a100-sxm-80gb,A100,80GB,SXM,IB-HDR,OnDemand,Interruptible,Spot,US-East,US,DIF,T2IF,T2,1.2063,True,local-nvme;free-egress;support-tier;observability;managed-ops-plane,Available,v2.2.1,panel
2026-07-19,crusoe,a100-sxm-80gb,A100,80GB,SXM,IB-HDR,OnDemand,NonInterruptible,OnDemand,US-East,US,IIF,T2IF,T2,2.3000,True,local-nvme;free-egress,Available,v2.2.1,panel
2026-07-19,cyfuture,a100-sxm-80gb,A100,80GB,SXM,Unknown,1Y,NonInterruptible,Reserved,APAC,APAC,IIF,T2IF,T2,2.0800,False,,Available,v2.2.1,panel
2026-07-19,cyfuture,a100-sxm-80gb,A100,80GB,SXM,Unknown,6M,NonInterruptible,Reserved,APAC,APAC,IIF,T2IF,T2,2.1600,False,,Available,v2.2.1,panel
2026-07-19,datacrunch,a100-sxm-80gb,A100,80GB,SXM,IB-HDR,OnDemand,NonInterruptible,OnDemand,EU,EU,SIF,T2IF,T2,1.7900,True,local-nvme,Available,v2.2.1,panel
2026-07-19,datacrunch,a100-sxm-80gb,A100,80GB,SXM,IB-HDR,1M,NonInterruptible,Reserved,EU,EU,SIF,T2IF,T2,1.7542,True,local-nvme,Available,v2.2.1,panel
2026-07-19,datacrunch,a100-sxm-80gb,A100,80GB,SXM,IB-HDR,1Y,NonInterruptible,Reserved,EU,EU,SIF,T2IF,T2,1.6468,True,local-nvme,Available,v2.2.1,panel
2026-07-19,datacrunch,a100-sxm-80gb,A100,80GB,SXM,IB-HDR,2Y,NonInterruptible,Reserved,EU,EU,SIF,T2IF,T2,1.3425,True,local-nvme,Available,v2.2.1,panel
2026-07-19,datacrunch,a100-sxm-80gb,A100,80GB,SXM,IB-HDR,3M,NonInterruptible,Reserved,EU,EU,SIF,T2IF,T2,1.7363,True,local-nvme,Available,v2.2.1,panel
2026-07-19,datacrunch,a100-sxm-80gb,A100,80GB,SXM,IB-HDR,6M,NonInterruptible,Reserved,EU,EU,SIF,T2IF,T2,1.7184,True,local-nvme,Available,v2.2.1,panel
2026-07-19,datacrunch,a100-sxm-80gb,A100,80GB,SXM,IB-HDR,OnDemand,Interruptible,Spot,EU,EU,DIF,T2IF,T2,0.6265,True,local-nvme,Available,v2.2.1,panel
2026-07-19,deepinfra_gpu,a100-sxm-80gb,A100,80GB,SXM,,OnDemand,NonInterruptible,OnDemand,Other,Other,SIF,T2IF,T2,0.8900,False,,Available,v2.2.1,panel
2026-07-19,denvr,a100-sxm-80gb,A100,80GB,SXM,IB-HDR,OnDemand,NonInterruptible,OnDemand,Other,Other,SIF,T2IF,T2,1.3000,True,local-nvme,Available,v2.2.1,panel
2026-07-19,e2e,a100-sxm-80gb,A100,80GB,SXM,IB-NDR,OnDemand,NonInterruptible,OnDemand,APAC,APAC,IIF,T2IF,T2,2.1000,True,managed-ops-plane,Available,v2.2.1,panel
2026-07-19,e2e,a100-sxm-80gb,A100,80GB,SXM,IB-NDR,1M,NonInterruptible,Reserved,APAC,APAC,IIF,T2IF,T2,1.5319,True,managed-ops-plane,Available,v2.2.1,panel
2026-07-19,e2e,a100-sxm-80gb,A100,80GB,SXM,IB-NDR,1Y,NonInterruptible,Reserved,APAC,APAC,IIF,T2IF,T2,1.2050,True,managed-ops-plane,Available,v2.2.1,panel
2026-07-19,e2e,a100-sxm-80gb,A100,80GB,SXM,IB-NDR,3M,NonInterruptible,Reserved,APAC,APAC,IIF,T2IF,T2,1.4852,True,managed-ops-plane,Available,v2.2.1,panel
2026-07-19,e2e,a100-sxm-80gb,A100,80GB,SXM,IB-NDR,6M,NonInterruptible,Reserved,APAC,APAC,IIF,T2IF,T2,1.3092,True,managed-ops-plane,Available,v2.2.1,panel
2026-07-19,gcore,a100-sxm-80gb,A100,80GB,SXM,Unknown,OnDemand,NonInterruptible,OnDemand,EU,EU,IIF,T2IF,T2,1.4522,False,,Available,v2.2.1,panel
2026-07-19,gcp_cud,a100-sxm-80gb,A100,80GB,SXM,Ethernet,1Y,NonInterruptible,Reserved,US-East,US,HIF,T2IF,T1,3.4811,False,,Available,v2.2.1,candidate
2026-07-19,gcp_cud,a100-sxm-80gb,A100,80GB,SXM,Ethernet,1Y,NonInterruptible,Reserved,US-Central,US,HIF,T2IF,T1,3.4811,False,,Available,v2.2.1,candidate
2026-07-19,gcp_cud,a100-sxm-80gb,A100,80GB,SXM,Ethernet,1Y,NonInterruptible,Reserved,US-South,US,HIF,T2IF,T1,4.1077,False,,Available,v2.2.1,candidate
2026-07-19,gcp_cud,a100-sxm-80gb,A100,80GB,SXM,Ethernet,1Y,NonInterruptible,Reserved,US-West,US,HIF,T2IF,T1,3.4811,False,,Available,v2.2.1,candidate
2026-07-19,gcp_cud,a100-sxm-80gb,A100,80GB,SXM,Ethernet,3Y,NonInterruptible,Reserved,US-Central,US,HIF,T2IF,T1,3.0966,False,,Available,v2.2.1,candidate
2026-07-19,gcp_cud,a100-sxm-80gb,A100,80GB,SXM,Ethernet,3Y,NonInterruptible,Reserved,US-East,US,HIF,T2IF,T1,3.4877,False,,Available,v2.2.1,candidate
2026-07-19,gcp_cud,a100-sxm-80gb,A100,80GB,SXM,Ethernet,3Y,NonInterruptible,Reserved,US-South,US,HIF,T2IF,T1,3.6540,False,,Available,v2.2.1,candidate
2026-07-19,gcp_cud,a100-sxm-80gb,A100,80GB,SXM,Ethernet,3Y,NonInterruptible,Reserved,US-West,US,HIF,T2IF,T1,3.4877,False,,Available,v2.2.1,candidate
2026-07-19,hyperstack,a100-sxm-80gb,A100,80GB,SXM,Ethernet,OnDemand,NonInterruptible,OnDemand,Other,Other,SIF,,T2,1.6000,True,local-nvme,Available,v2.2.1,panel
2026-07-19,hyperstack,a100-sxm-80gb,A100,80GB,SXM,Ethernet,6M,NonInterruptible,Reserved,Other,Other,SIF,,T2,1.3600,True,local-nvme,Available,v2.2.1,panel
2026-07-19,jarvislabs,a100-sxm-80gb,A100,80GB,SXM,Unknown,OnDemand,NonInterruptible,OnDemand,APAC,APAC,IIF,T3IF,T2,1.4900,False,,Available,v2.2.1,panel
2026-07-19,lambda,a100-sxm-80gb,A100,80GB,SXM,Unknown,OnDemand,NonInterruptible,OnDemand,US-East,US,IIF,T3IF,T2,2.7900,True,local-nvme,Available,v2.2.1,panel
2026-07-19,massed_compute,a100-sxm-80gb,A100,80GB,SXM,Unknown,OnDemand,NonInterruptible,OnDemand,US-East,US,DIF,T3IF,T3,1.3800,False,,Available,v2.2.1,panel
2026-07-19,oci,a100-sxm-80gb,A100,80GB,SXM,RoCE-v2,OnDemand,NonInterruptible,OnDemand,US-East,US,HIF,T2IF,T1,4.0000,True,local-nvme;egress-capped;managed-ops-plane;support-tier;observability,Available,v2.2.1,panel
2026-07-19,paperspace,a100-sxm-80gb,A100,80GB,SXM,,3Y,NonInterruptible,Reserved,Other,Other,SIF,T2IF,T2,1.1500,False,,Available,v2.2.1,panel
2026-07-19,runpod_cluster,a100-sxm-80gb,A100,80GB,SXM,IB-HDR,OnDemand,NonInterruptible,OnDemand,Other,Other,DIF,T2IF,T3,1.7880,True,local-nvme,Available,v2.2.1,panel
2026-07-19,runpod_community,a100-sxm-80gb,A100,80GB,SXM,Unknown,OnDemand,NonInterruptible,OnDemand,Other,Other,DIF,T3IF,T3,1.3900,False,,Available,v2.2.1,panel
2026-07-19,runpod_secure,a100-sxm-80gb,A100,80GB,SXM,IB-HDR,OnDemand,NonInterruptible,OnDemand,Other,Other,DIF,T2IF,T3,1.4900,True,local-nvme,Available,v2.2.1,panel
2026-07-19,runpod_secure,a100-sxm-80gb,A100,80GB,SXM,IB-HDR,1Y,NonInterruptible,Reserved,Other,Other,DIF,T2IF,T3,1.4900,True,local-nvme,Available,v2.2.1,panel
2026-07-19,runpod_secure,a100-sxm-80gb,A100,80GB,SXM,IB-HDR,3M,NonInterruptible,Reserved,Other,Other,DIF,T2IF,T3,1.4900,True,local-nvme,Available,v2.2.1,panel
2026-07-19,runpod_secure,a100-sxm-80gb,A100,80GB,SXM,IB-HDR,6M,NonInterruptible,Reserved,Other,Other,DIF,T2IF,T3,1.4900,True,local-nvme,Available,v2.2.1,panel
2026-07-19,runpod_secure,a100-sxm-80gb,A100,80GB,SXM,IB-HDR,OnDemand,Interruptible,Spot,Other,Other,DIF,T2IF,T3,1.3900,True,local-nvme,Available,v2.2.1,panel
2026-07-19,sesterce,a100-sxm-80gb,A100,80GB,SXM,Unknown,OnDemand,NonInterruptible,OnDemand,Other,Other,IIF,T2IF,T2,1.4850,False,,Available,v2.2.1,panel
2026-07-19,tensordock,a100-sxm-80gb,A100,80GB,SXM,Unknown,OnDemand,NonInterruptible,OnDemand,Other,Other,DIF,T3IF,T3,1.2000,False,,Available,v2.2.1,panel
2026-07-19,vast_ai,a100-sxm-80gb,A100,80GB,SXM,Unknown,OnDemand,NonInterruptible,OnDemand,EU,EU,DIF,T3IF,T3,1.0667,True,local-nvme,Available,v2.2.1,marketplace
2026-07-19,vast_ai,a100-sxm-80gb,A100,80GB,SXM,Unknown,OnDemand,NonInterruptible,OnDemand,APAC,APAC,DIF,T3IF,T3,1.2253,True,local-nvme,Available,v2.2.1,marketplace
2026-07-19,vast_ai,a100-sxm-80gb,A100,80GB,SXM,Unknown,OnDemand,NonInterruptible,OnDemand,US-Central,US,DIF,T3IF,T3,1.0667,True,local-nvme,Available,v2.2.1,marketplace
2026-07-19,vast_ai,a100-sxm-80gb,A100,80GB,SXM,Unknown,OnDemand,NonInterruptible,OnDemand,Other,Other,DIF,T3IF,T3,1.2867,True,local-nvme,Available,v2.2.1,marketplace
2026-07-19,vultr,a100-sxm-80gb,A100,80GB,SXM,Unknown,OnDemand,NonInterruptible,OnDemand,Other,Other,SIF,T2IF,T2,2.8000,False,,Available,v2.2.1,panel
2026-07-19,vultr,a100-sxm-80gb,A100,80GB,SXM,Unknown,OnDemand,Interruptible,Spot,Other,Other,DIF,T2IF,T2,1.4900,False,,Available,v2.2.1,panel
2026-07-20,atlas_cloud,a100-sxm-80gb,A100,80GB,SXM,Unknown,OnDemand,NonInterruptible,OnDemand,US-East,US,IIF,T2IF,T2,1.3500,False,,Available,v2.2.1,panel
2026-07-20,aws,a100-sxm-80gb,A100,80GB,SXM,EFA,OnDemand,NonInterruptible,OnDemand,US-East,US,HIF,T2IF,T1,3.4309,True,local-nvme;managed-ops-plane;support-tier;observability,Available,v2.2.1,panel
2026-07-20,aws,a100-sxm-80gb,A100,80GB,SXM,EFA,1Y,NonInterruptible,Reserved,US-East,US,HIF,T2IF,T1,2.1752,True,local-nvme;managed-ops-plane;support-tier;observability,Available,v2.2.1,panel
2026-07-20,aws,a100-sxm-80gb,A100,80GB,SXM,EFA,3Y,NonInterruptible,Reserved,US-East,US,HIF,T2IF,T1,1.4647,True,local-nvme;managed-ops-plane;support-tier;observability,Available,v2.2.1,panel
2026-07-20,aws,a100-sxm-80gb,A100,80GB,SXM,EFA,OnDemand,Interruptible,Spot,US-East,US,DIF,T2IF,T1,2.7002,False,,Available,v2.2.1,panel
2026-07-20,aws,a100-sxm-80gb,A100,80GB,SXM,EFA,OnDemand,Interruptible,Spot,US-West,US,DIF,T2IF,T1,2.6827,False,,Available,v2.2.1,panel
2026-07-20,azure,a100-sxm-80gb,A100,80GB,SXM,IB-HDR,OnDemand,NonInterruptible,OnDemand,US-East,US,HIF,T2IF,T1,4.0963,True,local-nvme;managed-ops-plane;support-tier;observability,Available,v2.2.1,panel
2026-07-20,azure,a100-sxm-80gb,A100,80GB,SXM,IB-HDR,1Y,NonInterruptible,Reserved,US-East,US,HIF,T2IF,T1,2.6216,True,local-nvme;managed-ops-plane;support-tier;observability,Available,v2.2.1,panel
2026-07-20,azure,a100-sxm-80gb,A100,80GB,SXM,IB-HDR,3Y,NonInterruptible,Reserved,US-East,US,HIF,T2IF,T1,1.8024,True,local-nvme;managed-ops-plane;support-tier;observability,Available,v2.2.1,panel
2026-07-20,azure_reservations,a100-sxm-80gb,A100,80GB,SXM,IB-HDR,OnDemand,NonInterruptible,OnDemand,US-East,US,HIF,T2IF,T1,4.0963,False,,Available,v2.2.1,candidate
2026-07-20,azure_reservations,a100-sxm-80gb,A100,80GB,SXM,IB-HDR,OnDemand,NonInterruptible,OnDemand,US-South,US,HIF,T2IF,T1,4.9155,False,,Available,v2.2.1,candidate
2026-07-20,azure_reservations,a100-sxm-80gb,A100,80GB,SXM,IB-HDR,OnDemand,NonInterruptible,OnDemand,US-West,US,HIF,T2IF,T1,4.0963,False,,Available,v2.2.1,candidate
2026-07-20,azure_reservations,a100-sxm-80gb,A100,80GB,SXM,IB-HDR,1Y,NonInterruptible,Reserved,Other,Other,HIF,T2IF,T1,3.7512,False,,Available,v2.2.1,candidate
2026-07-20,azure_reservations,a100-sxm-80gb,A100,80GB,SXM,IB-HDR,1Y,NonInterruptible,Reserved,US-Central,US,HIF,T2IF,T1,2.9624,False,,Available,v2.2.1,candidate
2026-07-20,azure_reservations,a100-sxm-80gb,A100,80GB,SXM,IB-HDR,1Y,NonInterruptible,Reserved,APAC,APAC,HIF,T2IF,T1,3.8013,False,,Available,v2.2.1,candidate
2026-07-20,azure_reservations,a100-sxm-80gb,A100,80GB,SXM,IB-HDR,1Y,NonInterruptible,Reserved,US-East,US,HIF,T2IF,T1,2.6216,False,,Available,v2.2.1,candidate
2026-07-20,azure_reservations,a100-sxm-80gb,A100,80GB,SXM,IB-HDR,1Y,NonInterruptible,Reserved,US-South,US,HIF,T2IF,T1,3.1459,False,,Available,v2.2.1,candidate
2026-07-20,azure_reservations,a100-sxm-80gb,A100,80GB,SXM,IB-HDR,1Y,NonInterruptible,Reserved,EU,EU,HIF,T2IF,T1,3.2770,False,,Available,v2.2.1,candidate
2026-07-20,azure_reservations,a100-sxm-80gb,A100,80GB,SXM,IB-HDR,1Y,NonInterruptible,Reserved,US-West,US,HIF,T2IF,T1,3.4081,False,,Available,v2.2.1,candidate
2026-07-20,azure_reservations,a100-sxm-80gb,A100,80GB,SXM,IB-HDR,3Y,NonInterruptible,Reserved,US-West,US,HIF,T2IF,T1,2.3431,False,,Available,v2.2.1,candidate
2026-07-20,azure_reservations,a100-sxm-80gb,A100,80GB,SXM,IB-HDR,3Y,NonInterruptible,Reserved,Other,Other,HIF,T2IF,T1,2.5789,False,,Available,v2.2.1,candidate
2026-07-20,azure_reservations,a100-sxm-80gb,A100,80GB,SXM,IB-HDR,3Y,NonInterruptible,Reserved,US-Central,US,HIF,T2IF,T1,2.0367,False,,Available,v2.2.1,candidate
2026-07-20,azure_reservations,a100-sxm-80gb,A100,80GB,SXM,IB-HDR,3Y,NonInterruptible,Reserved,EU,EU,HIF,T2IF,T1,2.2529,False,,Available,v2.2.1,candidate
2026-07-20,azure_reservations,a100-sxm-80gb,A100,80GB,SXM,IB-HDR,3Y,NonInterruptible,Reserved,APAC,APAC,HIF,T2IF,T1,2.6134,False,,Available,v2.2.1,candidate
2026-07-20,azure_reservations,a100-sxm-80gb,A100,80GB,SXM,IB-HDR,3Y,NonInterruptible,Reserved,US-East,US,HIF,T2IF,T1,1.8023,False,,Available,v2.2.1,candidate
2026-07-20,azure_reservations,a100-sxm-80gb,A100,80GB,SXM,IB-HDR,3Y,NonInterruptible,Reserved,US-South,US,HIF,T2IF,T1,2.1628,False,,Available,v2.2.1,candidate
2026-07-20,coreweave,a100-sxm-80gb,A100,80GB,SXM,IB-HDR,OnDemand,NonInterruptible,OnDemand,US-East,US,IIF,T2IF,T2,2.7000,True,local-nvme;free-egress;support-tier;observability;managed-ops-plane,Available,v2.2.1,panel
2026-07-20,coreweave,a100-sxm-80gb,A100,80GB,SXM,IB-HDR,OnDemand,Interruptible,Spot,US-East,US,DIF,T2IF,T2,1.2063,True,local-nvme;free-egress;support-tier;observability;managed-ops-plane,Available,v2.2.1,panel
2026-07-20,crusoe,a100-sxm-80gb,A100,80GB,SXM,IB-HDR,OnDemand,NonInterruptible,OnDemand,US-East,US,IIF,T2IF,T2,2.3000,True,local-nvme;free-egress,Available,v2.2.1,panel
2026-07-20,cyfuture,a100-sxm-80gb,A100,80GB,SXM,Unknown,1Y,NonInterruptible,Reserved,APAC,APAC,IIF,T2IF,T2,2.0800,False,,Available,v2.2.1,panel
2026-07-20,cyfuture,a100-sxm-80gb,A100,80GB,SXM,Unknown,6M,NonInterruptible,Reserved,APAC,APAC,IIF,T2IF,T2,2.1600,False,,Available,v2.2.1,panel
2026-07-20,datacrunch,a100-sxm-80gb,A100,80GB,SXM,IB-HDR,OnDemand,NonInterruptible,OnDemand,EU,EU,SIF,T2IF,T2,1.7900,True,local-nvme,Available,v2.2.1,panel
2026-07-20,datacrunch,a100-sxm-80gb,A100,80GB,SXM,IB-HDR,1M,NonInterruptible,Reserved,EU,EU,SIF,T2IF,T2,1.7542,True,local-nvme,Available,v2.2.1,panel
2026-07-20,datacrunch,a100-sxm-80gb,A100,80GB,SXM,IB-HDR,1Y,NonInterruptible,Reserved,EU,EU,SIF,T2IF,T2,1.6468,True,local-nvme,Available,v2.2.1,panel
2026-07-20,datacrunch,a100-sxm-80gb,A100,80GB,SXM,IB-HDR,2Y,NonInterruptible,Reserved,EU,EU,SIF,T2IF,T2,1.3425,True,local-nvme,Available,v2.2.1,panel
2026-07-20,datacrunch,a100-sxm-80gb,A100,80GB,SXM,IB-HDR,3M,NonInterruptible,Reserved,EU,EU,SIF,T2IF,T2,1.7363,True,local-nvme,Available,v2.2.1,panel
2026-07-20,datacrunch,a100-sxm-80gb,A100,80GB,SXM,IB-HDR,6M,NonInterruptible,Reserved,EU,EU,SIF,T2IF,T2,1.7184,True,local-nvme,Available,v2.2.1,panel
2026-07-20,datacrunch,a100-sxm-80gb,A100,80GB,SXM,IB-HDR,OnDemand,Interruptible,Spot,EU,EU,DIF,T2IF,T2,0.6265,True,local-nvme,Available,v2.2.1,panel
2026-07-20,deepinfra_gpu,a100-sxm-80gb,A100,80GB,SXM,,OnDemand,NonInterruptible,OnDemand,Other,Other,SIF,T2IF,T2,0.8900,False,,Available,v2.2.1,panel
2026-07-20,denvr,a100-sxm-80gb,A100,80GB,SXM,IB-HDR,OnDemand,NonInterruptible,OnDemand,Other,Other,SIF,T2IF,T2,1.3000,True,local-nvme,Available,v2.2.1,panel
2026-07-20,e2e,a100-sxm-80gb,A100,80GB,SXM,IB-NDR,OnDemand,NonInterruptible,OnDemand,APAC,APAC,IIF,T2IF,T2,2.1000,True,managed-ops-plane,Available,v2.2.1,panel
2026-07-20,e2e,a100-sxm-80gb,A100,80GB,SXM,IB-NDR,1M,NonInterruptible,Reserved,APAC,APAC,IIF,T2IF,T2,1.5319,True,managed-ops-plane,Available,v2.2.1,panel
2026-07-20,e2e,a100-sxm-80gb,A100,80GB,SXM,IB-NDR,1Y,NonInterruptible,Reserved,APAC,APAC,IIF,T2IF,T2,1.2050,True,managed-ops-plane,Available,v2.2.1,panel
2026-07-20,e2e,a100-sxm-80gb,A100,80GB,SXM,IB-NDR,3M,NonInterruptible,Reserved,APAC,APAC,IIF,T2IF,T2,1.4852,True,managed-ops-plane,Available,v2.2.1,panel
2026-07-20,e2e,a100-sxm-80gb,A100,80GB,SXM,IB-NDR,6M,NonInterruptible,Reserved,APAC,APAC,IIF,T2IF,T2,1.3092,True,managed-ops-plane,Available,v2.2.1,panel
2026-07-20,gcore,a100-sxm-80gb,A100,80GB,SXM,Unknown,OnDemand,NonInterruptible,OnDemand,EU,EU,IIF,T2IF,T2,1.4522,False,,Available,v2.2.1,panel
2026-07-20,gcp_cud,a100-sxm-80gb,A100,80GB,SXM,Ethernet,1Y,NonInterruptible,Reserved,US-South,US,HIF,T2IF,T1,4.1077,False,,Available,v2.2.1,candidate
2026-07-20,gcp_cud,a100-sxm-80gb,A100,80GB,SXM,Ethernet,1Y,NonInterruptible,Reserved,US-West,US,HIF,T2IF,T1,3.4811,False,,Available,v2.2.1,candidate
2026-07-20,gcp_cud,a100-sxm-80gb,A100,80GB,SXM,Ethernet,1Y,NonInterruptible,Reserved,US-East,US,HIF,T2IF,T1,3.4811,False,,Available,v2.2.1,candidate
2026-07-20,gcp_cud,a100-sxm-80gb,A100,80GB,SXM,Ethernet,1Y,NonInterruptible,Reserved,US-Central,US,HIF,T2IF,T1,3.4811,False,,Available,v2.2.1,candidate
2026-07-20,gcp_cud,a100-sxm-80gb,A100,80GB,SXM,Ethernet,3Y,NonInterruptible,Reserved,US-Central,US,HIF,T2IF,T1,3.0966,False,,Available,v2.2.1,candidate
2026-07-20,gcp_cud,a100-sxm-80gb,A100,80GB,SXM,Ethernet,3Y,NonInterruptible,Reserved,US-West,US,HIF,T2IF,T1,3.4877,False,,Available,v2.2.1,candidate
2026-07-20,gcp_cud,a100-sxm-80gb,A100,80GB,SXM,Ethernet,3Y,NonInterruptible,Reserved,US-East,US,HIF,T2IF,T1,3.4877,False,,Available,v2.2.1,candidate
2026-07-20,gcp_cud,a100-sxm-80gb,A100,80GB,SXM,Ethernet,3Y,NonInterruptible,Reserved,US-South,US,HIF,T2IF,T1,3.6540,False,,Available,v2.2.1,candidate
2026-07-20,hyperstack,a100-sxm-80gb,A100,80GB,SXM,Ethernet,OnDemand,NonInterruptible,OnDemand,Other,Other,SIF,,T2,1.6000,True,local-nvme,Available,v2.2.1,panel
2026-07-20,hyperstack,a100-sxm-80gb,A100,80GB,SXM,Ethernet,6M,NonInterruptible,Reserved,Other,Other,SIF,,T2,1.3600,True,local-nvme,Available,v2.2.1,panel
2026-07-20,jarvislabs,a100-sxm-80gb,A100,80GB,SXM,Unknown,OnDemand,NonInterruptible,OnDemand,APAC,APAC,IIF,T3IF,T2,1.4900,False,,Available,v2.2.1,panel
2026-07-20,lambda,a100-sxm-80gb,A100,80GB,SXM,Unknown,OnDemand,NonInterruptible,OnDemand,US-East,US,IIF,T3IF,T2,2.7900,True,local-nvme,Available,v2.2.1,panel
2026-07-20,massed_compute,a100-sxm-80gb,A100,80GB,SXM,Unknown,OnDemand,NonInterruptible,OnDemand,US-East,US,DIF,T3IF,T3,1.3800,False,,Available,v2.2.1,panel
2026-07-20,oci,a100-sxm-80gb,A100,80GB,SXM,RoCE-v2,OnDemand,NonInterruptible,OnDemand,US-East,US,HIF,T2IF,T1,4.0000,True,local-nvme;egress-capped;managed-ops-plane;support-tier;observability,Available,v2.2.1,panel
2026-07-20,paperspace,a100-sxm-80gb,A100,80GB,SXM,,3Y,NonInterruptible,Reserved,Other,Other,SIF,T2IF,T2,1.1500,False,,Available,v2.2.1,panel
2026-07-20,runpod_cluster,a100-sxm-80gb,A100,80GB,SXM,IB-HDR,OnDemand,NonInterruptible,OnDemand,Other,Other,DIF,T2IF,T3,1.7880,True,local-nvme,Available,v2.2.1,panel
2026-07-20,runpod_community,a100-sxm-80gb,A100,80GB,SXM,Unknown,OnDemand,NonInterruptible,OnDemand,Other,Other,DIF,T3IF,T3,1.3900,False,,Available,v2.2.1,panel
2026-07-20,runpod_secure,a100-sxm-80gb,A100,80GB,SXM,IB-HDR,OnDemand,NonInterruptible,OnDemand,Other,Other,DIF,T2IF,T3,1.4900,True,local-nvme,Available,v2.2.1,panel
2026-07-20,runpod_secure,a100-sxm-80gb,A100,80GB,SXM,IB-HDR,1Y,NonInterruptible,Reserved,Other,Other,DIF,T2IF,T3,1.4900,True,local-nvme,Available,v2.2.1,panel
2026-07-20,runpod_secure,a100-sxm-80gb,A100,80GB,SXM,IB-HDR,3M,NonInterruptible,Reserved,Other,Other,DIF,T2IF,T3,1.4900,True,local-nvme,Available,v2.2.1,panel
2026-07-20,runpod_secure,a100-sxm-80gb,A100,80GB,SXM,IB-HDR,6M,NonInterruptible,Reserved,Other,Other,DIF,T2IF,T3,1.4900,True,local-nvme,Available,v2.2.1,panel
2026-07-20,runpod_secure,a100-sxm-80gb,A100,80GB,SXM,IB-HDR,OnDemand,Interruptible,Spot,Other,Other,DIF,T2IF,T3,1.3900,True,local-nvme,Available,v2.2.1,panel
2026-07-20,sesterce,a100-sxm-80gb,A100,80GB,SXM,Unknown,OnDemand,NonInterruptible,OnDemand,Other,Other,IIF,T2IF,T2,1.5180,False,,Available,v2.2.1,panel
2026-07-20,tensordock,a100-sxm-80gb,A100,80GB,SXM,Unknown,OnDemand,NonInterruptible,OnDemand,Other,Other,DIF,T3IF,T3,1.2000,False,,Available,v2.2.1,panel
2026-07-20,vast_ai,a100-sxm-80gb,A100,80GB,SXM,Unknown,OnDemand,NonInterruptible,OnDemand,Other,Other,DIF,T3IF,T3,0.8267,True,local-nvme,Available,v2.2.1,marketplace
2026-07-20,vast_ai,a100-sxm-80gb,A100,80GB,SXM,Unknown,OnDemand,NonInterruptible,OnDemand,APAC,APAC,DIF,T3IF,T3,1.2440,True,local-nvme,Available,v2.2.1,marketplace
2026-07-20,vast_ai,a100-sxm-80gb,A100,80GB,SXM,Unknown,OnDemand,NonInterruptible,OnDemand,US-Central,US,DIF,T3IF,T3,1.0667,True,local-nvme,Available,v2.2.1,marketplace
2026-07-20,vultr,a100-sxm-80gb,A100,80GB,SXM,Unknown,OnDemand,NonInterruptible,OnDemand,Other,Other,SIF,T2IF,T2,2.8000,False,,Available,v2.2.1,panel
2026-07-20,vultr,a100-sxm-80gb,A100,80GB,SXM,Unknown,OnDemand,Interruptible,Spot,Other,Other,DIF,T2IF,T2,1.4900,False,,Available,v2.2.1,panel
2026-07-21,atlas_cloud,a100-sxm-80gb,A100,80GB,SXM,Unknown,OnDemand,NonInterruptible,OnDemand,US-East,US,IIF,T2IF,T2,1.3500,False,,Available,v2.2.1,panel
2026-07-21,aws,a100-sxm-80gb,A100,80GB,SXM,EFA,OnDemand,NonInterruptible,OnDemand,US-East,US,HIF,T2IF,T1,3.4309,True,local-nvme;managed-ops-plane;support-tier;observability,Available,v2.2.1,panel
2026-07-21,aws,a100-sxm-80gb,A100,80GB,SXM,EFA,1Y,NonInterruptible,Reserved,US-East,US,HIF,T2IF,T1,2.1752,True,local-nvme;managed-ops-plane;support-tier;observability,Available,v2.2.1,panel
2026-07-21,aws,a100-sxm-80gb,A100,80GB,SXM,EFA,3Y,NonInterruptible,Reserved,US-East,US,HIF,T2IF,T1,1.4647,True,local-nvme;managed-ops-plane;support-tier;observability,Available,v2.2.1,panel
2026-07-21,aws,a100-sxm-80gb,A100,80GB,SXM,EFA,OnDemand,Interruptible,Spot,US-West,US,DIF,T2IF,T1,2.6674,False,,Available,v2.2.1,panel
2026-07-21,aws,a100-sxm-80gb,A100,80GB,SXM,EFA,OnDemand,Interruptible,Spot,US-East,US,DIF,T2IF,T1,2.7205,False,,Available,v2.2.1,panel
2026-07-21,azure,a100-sxm-80gb,A100,80GB,SXM,IB-HDR,OnDemand,NonInterruptible,OnDemand,US-East,US,HIF,T2IF,T1,4.0963,True,local-nvme;managed-ops-plane;support-tier;observability,Available,v2.2.1,panel
2026-07-21,azure,a100-sxm-80gb,A100,80GB,SXM,IB-HDR,1Y,NonInterruptible,Reserved,US-East,US,HIF,T2IF,T1,2.6216,True,local-nvme;managed-ops-plane;support-tier;observability,Available,v2.2.1,panel
2026-07-21,azure,a100-sxm-80gb,A100,80GB,SXM,IB-HDR,3Y,NonInterruptible,Reserved,US-East,US,HIF,T2IF,T1,1.8024,True,local-nvme;managed-ops-plane;support-tier;observability,Available,v2.2.1,panel
2026-07-21,azure_reservations,a100-sxm-80gb,A100,80GB,SXM,IB-HDR,OnDemand,NonInterruptible,OnDemand,US-South,US,HIF,T2IF,T1,4.9155,False,,Available,v2.2.1,candidate
2026-07-21,azure_reservations,a100-sxm-80gb,A100,80GB,SXM,IB-HDR,OnDemand,NonInterruptible,OnDemand,US-East,US,HIF,T2IF,T1,4.0963,False,,Available,v2.2.1,candidate
2026-07-21,azure_reservations,a100-sxm-80gb,A100,80GB,SXM,IB-HDR,OnDemand,NonInterruptible,OnDemand,US-West,US,HIF,T2IF,T1,4.0963,False,,Available,v2.2.1,candidate
2026-07-21,azure_reservations,a100-sxm-80gb,A100,80GB,SXM,IB-HDR,1Y,NonInterruptible,Reserved,US-South,US,HIF,T2IF,T1,3.1459,False,,Available,v2.2.1,candidate
2026-07-21,azure_reservations,a100-sxm-80gb,A100,80GB,SXM,IB-HDR,1Y,NonInterruptible,Reserved,US-West,US,HIF,T2IF,T1,3.4081,False,,Available,v2.2.1,candidate
2026-07-21,azure_reservations,a100-sxm-80gb,A100,80GB,SXM,IB-HDR,1Y,NonInterruptible,Reserved,APAC,APAC,HIF,T2IF,T1,3.8013,False,,Available,v2.2.1,candidate
2026-07-21,azure_reservations,a100-sxm-80gb,A100,80GB,SXM,IB-HDR,1Y,NonInterruptible,Reserved,US-Central,US,HIF,T2IF,T1,2.9624,False,,Available,v2.2.1,candidate
2026-07-21,azure_reservations,a100-sxm-80gb,A100,80GB,SXM,IB-HDR,1Y,NonInterruptible,Reserved,EU,EU,HIF,T2IF,T1,3.2770,False,,Available,v2.2.1,candidate
2026-07-21,azure_reservations,a100-sxm-80gb,A100,80GB,SXM,IB-HDR,1Y,NonInterruptible,Reserved,Other,Other,HIF,T2IF,T1,3.7512,False,,Available,v2.2.1,candidate
2026-07-21,azure_reservations,a100-sxm-80gb,A100,80GB,SXM,IB-HDR,1Y,NonInterruptible,Reserved,US-East,US,HIF,T2IF,T1,2.6216,False,,Available,v2.2.1,candidate
2026-07-21,azure_reservations,a100-sxm-80gb,A100,80GB,SXM,IB-HDR,3Y,NonInterruptible,Reserved,US-West,US,HIF,T2IF,T1,2.3431,False,,Available,v2.2.1,candidate
2026-07-21,azure_reservations,a100-sxm-80gb,A100,80GB,SXM,IB-HDR,3Y,NonInterruptible,Reserved,US-East,US,HIF,T2IF,T1,1.8023,False,,Available,v2.2.1,candidate
2026-07-21,azure_reservations,a100-sxm-80gb,A100,80GB,SXM,IB-HDR,3Y,NonInterruptible,Reserved,Other,Other,HIF,T2IF,T1,2.5789,False,,Available,v2.2.1,candidate
2026-07-21,azure_reservations,a100-sxm-80gb,A100,80GB,SXM,IB-HDR,3Y,NonInterruptible,Reserved,APAC,APAC,HIF,T2IF,T1,2.6134,False,,Available,v2.2.1,candidate
2026-07-21,azure_reservations,a100-sxm-80gb,A100,80GB,SXM,IB-HDR,3Y,NonInterruptible,Reserved,EU,EU,HIF,T2IF,T1,2.2529,False,,Available,v2.2.1,candidate
2026-07-21,azure_reservations,a100-sxm-80gb,A100,80GB,SXM,IB-HDR,3Y,NonInterruptible,Reserved,US-South,US,HIF,T2IF,T1,2.1628,False,,Available,v2.2.1,candidate
2026-07-21,azure_reservations,a100-sxm-80gb,A100,80GB,SXM,IB-HDR,3Y,NonInterruptible,Reserved,US-Central,US,HIF,T2IF,T1,2.0367,False,,Available,v2.2.1,candidate
2026-07-21,coreweave,a100-sxm-80gb,A100,80GB,SXM,IB-HDR,OnDemand,NonInterruptible,OnDemand,US-East,US,IIF,T2IF,T2,2.7000,True,local-nvme;free-egress;support-tier;observability;managed-ops-plane,Available,v2.2.1,panel
2026-07-21,coreweave,a100-sxm-80gb,A100,80GB,SXM,IB-HDR,OnDemand,Interruptible,Spot,US-East,US,DIF,T2IF,T2,1.2063,True,local-nvme;free-egress;support-tier;observability;managed-ops-plane,Available,v2.2.1,panel
2026-07-21,crusoe,a100-sxm-80gb,A100,80GB,SXM,IB-HDR,OnDemand,NonInterruptible,OnDemand,US-East,US,IIF,T2IF,T2,2.3000,True,local-nvme;free-egress,Available,v2.2.1,panel
2026-07-21,cyfuture,a100-sxm-80gb,A100,80GB,SXM,Unknown,1Y,NonInterruptible,Reserved,APAC,APAC,IIF,T2IF,T2,2.0800,False,,Available,v2.2.1,panel
2026-07-21,cyfuture,a100-sxm-80gb,A100,80GB,SXM,Unknown,6M,NonInterruptible,Reserved,APAC,APAC,IIF,T2IF,T2,2.1600,False,,Available,v2.2.1,panel
2026-07-21,datacrunch,a100-sxm-80gb,A100,80GB,SXM,IB-HDR,OnDemand,NonInterruptible,OnDemand,EU,EU,SIF,T2IF,T2,1.7900,True,local-nvme,Available,v2.2.1,panel
2026-07-21,datacrunch,a100-sxm-80gb,A100,80GB,SXM,IB-HDR,1M,NonInterruptible,Reserved,EU,EU,SIF,T2IF,T2,1.7542,True,local-nvme,Available,v2.2.1,panel
2026-07-21,datacrunch,a100-sxm-80gb,A100,80GB,SXM,IB-HDR,1Y,NonInterruptible,Reserved,EU,EU,SIF,T2IF,T2,1.6468,True,local-nvme,Available,v2.2.1,panel
2026-07-21,datacrunch,a100-sxm-80gb,A100,80GB,SXM,IB-HDR,2Y,NonInterruptible,Reserved,EU,EU,SIF,T2IF,T2,1.3425,True,local-nvme,Available,v2.2.1,panel
2026-07-21,datacrunch,a100-sxm-80gb,A100,80GB,SXM,IB-HDR,3M,NonInterruptible,Reserved,EU,EU,SIF,T2IF,T2,1.7363,True,local-nvme,Available,v2.2.1,panel
2026-07-21,datacrunch,a100-sxm-80gb,A100,80GB,SXM,IB-HDR,6M,NonInterruptible,Reserved,EU,EU,SIF,T2IF,T2,1.7184,True,local-nvme,Available,v2.2.1,panel
2026-07-21,datacrunch,a100-sxm-80gb,A100,80GB,SXM,IB-HDR,OnDemand,Interruptible,Spot,EU,EU,DIF,T2IF,T2,0.6265,True,local-nvme,Available,v2.2.1,panel
2026-07-21,deepinfra_gpu,a100-sxm-80gb,A100,80GB,SXM,,OnDemand,NonInterruptible,OnDemand,Other,Other,SIF,T2IF,T2,0.8900,False,,Available,v2.2.1,panel
2026-07-21,denvr,a100-sxm-80gb,A100,80GB,SXM,IB-HDR,OnDemand,NonInterruptible,OnDemand,Other,Other,SIF,T2IF,T2,1.3000,True,local-nvme,Available,v2.2.1,panel
2026-07-21,e2e,a100-sxm-80gb,A100,80GB,SXM,IB-NDR,OnDemand,NonInterruptible,OnDemand,APAC,APAC,IIF,T2IF,T2,2.1000,True,managed-ops-plane,Available,v2.2.1,panel
2026-07-21,e2e,a100-sxm-80gb,A100,80GB,SXM,IB-NDR,1M,NonInterruptible,Reserved,APAC,APAC,IIF,T2IF,T2,1.5319,True,managed-ops-plane,Available,v2.2.1,panel
2026-07-21,e2e,a100-sxm-80gb,A100,80GB,SXM,IB-NDR,1Y,NonInterruptible,Reserved,APAC,APAC,IIF,T2IF,T2,1.2050,True,managed-ops-plane,Available,v2.2.1,panel
2026-07-21,e2e,a100-sxm-80gb,A100,80GB,SXM,IB-NDR,3M,NonInterruptible,Reserved,APAC,APAC,IIF,T2IF,T2,1.4852,True,managed-ops-plane,Available,v2.2.1,panel
2026-07-21,e2e,a100-sxm-80gb,A100,80GB,SXM,IB-NDR,6M,NonInterruptible,Reserved,APAC,APAC,IIF,T2IF,T2,1.3092,True,managed-ops-plane,Available,v2.2.1,panel
2026-07-21,gcore,a100-sxm-80gb,A100,80GB,SXM,Unknown,OnDemand,NonInterruptible,OnDemand,EU,EU,IIF,T2IF,T2,1.4511,False,,Available,v2.2.1,panel
2026-07-21,gcp_cud,a100-sxm-80gb,A100,80GB,SXM,Ethernet,1Y,NonInterruptible,Reserved,US-Central,US,HIF,T2IF,T1,3.4811,False,,Available,v2.2.1,candidate
2026-07-21,gcp_cud,a100-sxm-80gb,A100,80GB,SXM,Ethernet,1Y,NonInterruptible,Reserved,US-East,US,HIF,T2IF,T1,3.4811,False,,Available,v2.2.1,candidate
2026-07-21,gcp_cud,a100-sxm-80gb,A100,80GB,SXM,Ethernet,1Y,NonInterruptible,Reserved,US-South,US,HIF,T2IF,T1,4.1077,False,,Available,v2.2.1,candidate
2026-07-21,gcp_cud,a100-sxm-80gb,A100,80GB,SXM,Ethernet,1Y,NonInterruptible,Reserved,US-West,US,HIF,T2IF,T1,3.4811,False,,Available,v2.2.1,candidate
2026-07-21,gcp_cud,a100-sxm-80gb,A100,80GB,SXM,Ethernet,3Y,NonInterruptible,Reserved,US-East,US,HIF,T2IF,T1,3.4877,False,,Available,v2.2.1,candidate
2026-07-21,gcp_cud,a100-sxm-80gb,A100,80GB,SXM,Ethernet,3Y,NonInterruptible,Reserved,US-Central,US,HIF,T2IF,T1,3.0966,False,,Available,v2.2.1,candidate
2026-07-21,gcp_cud,a100-sxm-80gb,A100,80GB,SXM,Ethernet,3Y,NonInterruptible,Reserved,US-West,US,HIF,T2IF,T1,3.4877,False,,Available,v2.2.1,candidate
2026-07-21,gcp_cud,a100-sxm-80gb,A100,80GB,SXM,Ethernet,3Y,NonInterruptible,Reserved,US-South,US,HIF,T2IF,T1,3.6540,False,,Available,v2.2.1,candidate
2026-07-21,hyperstack,a100-sxm-80gb,A100,80GB,SXM,Ethernet,OnDemand,NonInterruptible,OnDemand,Other,Other,SIF,,T2,1.6000,True,local-nvme,Available,v2.2.1,panel
2026-07-21,hyperstack,a100-sxm-80gb,A100,80GB,SXM,Ethernet,6M,NonInterruptible,Reserved,Other,Other,SIF,,T2,1.3600,True,local-nvme,Available,v2.2.1,panel
2026-07-21,jarvislabs,a100-sxm-80gb,A100,80GB,SXM,Unknown,OnDemand,NonInterruptible,OnDemand,APAC,APAC,IIF,T3IF,T2,1.4900,False,,Available,v2.2.1,panel
2026-07-21,lambda,a100-sxm-80gb,A100,80GB,SXM,Unknown,OnDemand,NonInterruptible,OnDemand,US-East,US,IIF,T3IF,T2,2.7900,True,local-nvme,Available,v2.2.1,panel
2026-07-21,massed_compute,a100-sxm-80gb,A100,80GB,SXM,Unknown,OnDemand,NonInterruptible,OnDemand,US-East,US,DIF,T3IF,T3,1.3800,False,,Available,v2.2.1,panel
2026-07-21,oci,a100-sxm-80gb,A100,80GB,SXM,RoCE-v2,OnDemand,NonInterruptible,OnDemand,US-East,US,HIF,T2IF,T1,4.0000,True,local-nvme;egress-capped;managed-ops-plane;support-tier;observability,Available,v2.2.1,panel
2026-07-21,paperspace,a100-sxm-80gb,A100,80GB,SXM,,3Y,NonInterruptible,Reserved,Other,Other,SIF,T2IF,T2,1.1500,False,,Available,v2.2.1,panel
2026-07-21,runpod_cluster,a100-sxm-80gb,A100,80GB,SXM,IB-HDR,OnDemand,NonInterruptible,OnDemand,Other,Other,DIF,T2IF,T3,1.7880,True,local-nvme,Available,v2.2.1,panel
2026-07-21,runpod_community,a100-sxm-80gb,A100,80GB,SXM,Unknown,OnDemand,NonInterruptible,OnDemand,Other,Other,DIF,T3IF,T3,1.3900,False,,Available,v2.2.1,panel
2026-07-21,runpod_secure,a100-sxm-80gb,A100,80GB,SXM,IB-HDR,OnDemand,NonInterruptible,OnDemand,Other,Other,DIF,T2IF,T3,1.4900,True,local-nvme,Available,v2.2.1,panel
2026-07-21,runpod_secure,a100-sxm-80gb,A100,80GB,SXM,IB-HDR,1Y,NonInterruptible,Reserved,Other,Other,DIF,T2IF,T3,1.4900,True,local-nvme,Available,v2.2.1,panel
2026-07-21,runpod_secure,a100-sxm-80gb,A100,80GB,SXM,IB-HDR,3M,NonInterruptible,Reserved,Other,Other,DIF,T2IF,T3,1.4900,True,local-nvme,Available,v2.2.1,panel
2026-07-21,runpod_secure,a100-sxm-80gb,A100,80GB,SXM,IB-HDR,6M,NonInterruptible,Reserved,Other,Other,DIF,T2IF,T3,1.4900,True,local-nvme,Available,v2.2.1,panel
2026-07-21,runpod_secure,a100-sxm-80gb,A100,80GB,SXM,IB-HDR,OnDemand,Interruptible,Spot,Other,Other,DIF,T2IF,T3,1.3900,True,local-nvme,Available,v2.2.1,panel
2026-07-21,sesterce,a100-sxm-80gb,A100,80GB,SXM,Unknown,OnDemand,NonInterruptible,OnDemand,Other,Other,IIF,T2IF,T2,1.5180,False,,Available,v2.2.1,panel
2026-07-21,tensordock,a100-sxm-80gb,A100,80GB,SXM,Unknown,OnDemand,NonInterruptible,OnDemand,Other,Other,DIF,T3IF,T3,1.2000,False,,Available,v2.2.1,panel
2026-07-21,vast_ai,a100-sxm-80gb,A100,80GB,SXM,Unknown,OnDemand,NonInterruptible,OnDemand,US-Central,US,DIF,T3IF,T3,1.0667,True,local-nvme,Available,v2.2.1,marketplace
2026-07-21,vast_ai,a100-sxm-80gb,A100,80GB,SXM,Unknown,OnDemand,NonInterruptible,OnDemand,Other,Other,DIF,T3IF,T3,1.3333,True,local-nvme,Available,v2.2.1,marketplace
2026-07-21,vast_ai,a100-sxm-80gb,A100,80GB,SXM,Unknown,OnDemand,NonInterruptible,OnDemand,APAC,APAC,DIF,T3IF,T3,1.2627,True,local-nvme,Available,v2.2.1,marketplace
2026-07-21,vultr,a100-sxm-80gb,A100,80GB,SXM,Unknown,OnDemand,NonInterruptible,OnDemand,Other,Other,SIF,T2IF,T2,2.8000,False,,Available,v2.2.1,panel
2026-07-21,vultr,a100-sxm-80gb,A100,80GB,SXM,Unknown,OnDemand,Interruptible,Spot,Other,Other,DIF,T2IF,T2,1.4900,False,,Available,v2.2.1,panel
2026-07-22,atlas_cloud,a100-sxm-80gb,A100,80GB,SXM,Unknown,OnDemand,NonInterruptible,OnDemand,US-East,US,IIF,T2IF,T2,1.3500,False,,Available,v2.2.1,panel
2026-07-22,aws,a100-sxm-80gb,A100,80GB,SXM,EFA,OnDemand,NonInterruptible,OnDemand,US-East,US,HIF,T2IF,T1,3.4309,True,local-nvme;managed-ops-plane;support-tier;observability,Available,v2.2.1,panel
2026-07-22,aws,a100-sxm-80gb,A100,80GB,SXM,EFA,1Y,NonInterruptible,Reserved,US-East,US,HIF,T2IF,T1,2.1752,True,local-nvme;managed-ops-plane;support-tier;observability,Available,v2.2.1,panel
2026-07-22,aws,a100-sxm-80gb,A100,80GB,SXM,EFA,3Y,NonInterruptible,Reserved,US-East,US,HIF,T2IF,T1,1.4647,True,local-nvme;managed-ops-plane;support-tier;observability,Available,v2.2.1,panel
2026-07-22,aws,a100-sxm-80gb,A100,80GB,SXM,EFA,OnDemand,Interruptible,Spot,US-East,US,DIF,T2IF,T1,2.7745,False,,Available,v2.2.1,panel
2026-07-22,aws,a100-sxm-80gb,A100,80GB,SXM,EFA,OnDemand,Interruptible,Spot,US-West,US,DIF,T2IF,T1,2.7052,False,,Available,v2.2.1,panel
2026-07-22,azure,a100-sxm-80gb,A100,80GB,SXM,IB-HDR,OnDemand,NonInterruptible,OnDemand,US-East,US,HIF,T2IF,T1,4.0963,True,local-nvme;managed-ops-plane;support-tier;observability,Available,v2.2.1,panel
2026-07-22,azure,a100-sxm-80gb,A100,80GB,SXM,IB-HDR,1Y,NonInterruptible,Reserved,US-East,US,HIF,T2IF,T1,2.6216,True,local-nvme;managed-ops-plane;support-tier;observability,Available,v2.2.1,panel
2026-07-22,azure,a100-sxm-80gb,A100,80GB,SXM,IB-HDR,3Y,NonInterruptible,Reserved,US-East,US,HIF,T2IF,T1,1.8024,True,local-nvme;managed-ops-plane;support-tier;observability,Available,v2.2.1,panel
2026-07-22,azure_reservations,a100-sxm-80gb,A100,80GB,SXM,IB-HDR,OnDemand,NonInterruptible,OnDemand,US-West,US,HIF,T2IF,T1,4.0963,False,,Available,v2.2.1,candidate
2026-07-22,azure_reservations,a100-sxm-80gb,A100,80GB,SXM,IB-HDR,OnDemand,NonInterruptible,OnDemand,US-East,US,HIF,T2IF,T1,4.0963,False,,Available,v2.2.1,candidate
2026-07-22,azure_reservations,a100-sxm-80gb,A100,80GB,SXM,IB-HDR,OnDemand,NonInterruptible,OnDemand,US-South,US,HIF,T2IF,T1,4.9155,False,,Available,v2.2.1,candidate
2026-07-22,azure_reservations,a100-sxm-80gb,A100,80GB,SXM,IB-HDR,1Y,NonInterruptible,Reserved,APAC,APAC,HIF,T2IF,T1,3.8013,False,,Available,v2.2.1,candidate
2026-07-22,azure_reservations,a100-sxm-80gb,A100,80GB,SXM,IB-HDR,1Y,NonInterruptible,Reserved,US-West,US,HIF,T2IF,T1,3.4081,False,,Available,v2.2.1,candidate
2026-07-22,azure_reservations,a100-sxm-80gb,A100,80GB,SXM,IB-HDR,1Y,NonInterruptible,Reserved,US-South,US,HIF,T2IF,T1,3.1459,False,,Available,v2.2.1,candidate
2026-07-22,azure_reservations,a100-sxm-80gb,A100,80GB,SXM,IB-HDR,1Y,NonInterruptible,Reserved,US-East,US,HIF,T2IF,T1,2.6216,False,,Available,v2.2.1,candidate
2026-07-22,azure_reservations,a100-sxm-80gb,A100,80GB,SXM,IB-HDR,1Y,NonInterruptible,Reserved,Other,Other,HIF,T2IF,T1,3.7512,False,,Available,v2.2.1,candidate
2026-07-22,azure_reservations,a100-sxm-80gb,A100,80GB,SXM,IB-HDR,1Y,NonInterruptible,Reserved,US-Central,US,HIF,T2IF,T1,2.9624,False,,Available,v2.2.1,candidate
2026-07-22,azure_reservations,a100-sxm-80gb,A100,80GB,SXM,IB-HDR,1Y,NonInterruptible,Reserved,EU,EU,HIF,T2IF,T1,3.2770,False,,Available,v2.2.1,candidate
2026-07-22,azure_reservations,a100-sxm-80gb,A100,80GB,SXM,IB-HDR,3Y,NonInterruptible,Reserved,US-Central,US,HIF,T2IF,T1,2.0367,False,,Available,v2.2.1,candidate
2026-07-22,azure_reservations,a100-sxm-80gb,A100,80GB,SXM,IB-HDR,3Y,NonInterruptible,Reserved,EU,EU,HIF,T2IF,T1,2.2529,False,,Available,v2.2.1,candidate
2026-07-22,azure_reservations,a100-sxm-80gb,A100,80GB,SXM,IB-HDR,3Y,NonInterruptible,Reserved,US-East,US,HIF,T2IF,T1,1.8023,False,,Available,v2.2.1,candidate
2026-07-22,azure_reservations,a100-sxm-80gb,A100,80GB,SXM,IB-HDR,3Y,NonInterruptible,Reserved,US-South,US,HIF,T2IF,T1,2.1628,False,,Available,v2.2.1,candidate
2026-07-22,azure_reservations,a100-sxm-80gb,A100,80GB,SXM,IB-HDR,3Y,NonInterruptible,Reserved,US-West,US,HIF,T2IF,T1,2.3431,False,,Available,v2.2.1,candidate
2026-07-22,azure_reservations,a100-sxm-80gb,A100,80GB,SXM,IB-HDR,3Y,NonInterruptible,Reserved,Other,Other,HIF,T2IF,T1,2.5789,False,,Available,v2.2.1,candidate
2026-07-22,azure_reservations,a100-sxm-80gb,A100,80GB,SXM,IB-HDR,3Y,NonInterruptible,Reserved,APAC,APAC,HIF,T2IF,T1,2.6134,False,,Available,v2.2.1,candidate
2026-07-22,coreweave,a100-sxm-80gb,A100,80GB,SXM,IB-HDR,OnDemand,NonInterruptible,OnDemand,US-East,US,IIF,T2IF,T2,2.7000,True,local-nvme;free-egress;support-tier;observability;managed-ops-plane,Available,v2.2.1,panel
2026-07-22,coreweave,a100-sxm-80gb,A100,80GB,SXM,IB-HDR,OnDemand,Interruptible,Spot,US-East,US,DIF,T2IF,T2,1.2063,True,local-nvme;free-egress;support-tier;observability;managed-ops-plane,Available,v2.2.1,panel
2026-07-22,crusoe,a100-sxm-80gb,A100,80GB,SXM,IB-HDR,OnDemand,NonInterruptible,OnDemand,US-East,US,IIF,T2IF,T2,2.3000,True,local-nvme;free-egress,Available,v2.2.1,panel
2026-07-22,cyfuture,a100-sxm-80gb,A100,80GB,SXM,Unknown,1Y,NonInterruptible,Reserved,APAC,APAC,IIF,T2IF,T2,2.0800,False,,Available,v2.2.1,panel
2026-07-22,cyfuture,a100-sxm-80gb,A100,80GB,SXM,Unknown,6M,NonInterruptible,Reserved,APAC,APAC,IIF,T2IF,T2,2.1600,False,,Available,v2.2.1,panel
2026-07-22,datacrunch,a100-sxm-80gb,A100,80GB,SXM,IB-HDR,OnDemand,NonInterruptible,OnDemand,EU,EU,SIF,T2IF,T2,1.7900,True,local-nvme,Available,v2.2.1,panel
2026-07-22,datacrunch,a100-sxm-80gb,A100,80GB,SXM,IB-HDR,1M,NonInterruptible,Reserved,EU,EU,SIF,T2IF,T2,1.7542,True,local-nvme,Available,v2.2.1,panel
2026-07-22,datacrunch,a100-sxm-80gb,A100,80GB,SXM,IB-HDR,1Y,NonInterruptible,Reserved,EU,EU,SIF,T2IF,T2,1.6468,True,local-nvme,Available,v2.2.1,panel
2026-07-22,datacrunch,a100-sxm-80gb,A100,80GB,SXM,IB-HDR,2Y,NonInterruptible,Reserved,EU,EU,SIF,T2IF,T2,1.3425,True,local-nvme,Available,v2.2.1,panel
2026-07-22,datacrunch,a100-sxm-80gb,A100,80GB,SXM,IB-HDR,3M,NonInterruptible,Reserved,EU,EU,SIF,T2IF,T2,1.7363,True,local-nvme,Available,v2.2.1,panel
2026-07-22,datacrunch,a100-sxm-80gb,A100,80GB,SXM,IB-HDR,6M,NonInterruptible,Reserved,EU,EU,SIF,T2IF,T2,1.7184,True,local-nvme,Available,v2.2.1,panel
2026-07-22,datacrunch,a100-sxm-80gb,A100,80GB,SXM,IB-HDR,OnDemand,Interruptible,Spot,EU,EU,DIF,T2IF,T2,0.6265,True,local-nvme,Available,v2.2.1,panel
2026-07-22,deepinfra_gpu,a100-sxm-80gb,A100,80GB,SXM,,OnDemand,NonInterruptible,OnDemand,Other,Other,SIF,T2IF,T2,0.8900,False,,Available,v2.2.1,panel
2026-07-22,denvr,a100-sxm-80gb,A100,80GB,SXM,IB-HDR,OnDemand,NonInterruptible,OnDemand,Other,Other,SIF,T2IF,T2,1.3000,True,local-nvme,Available,v2.2.1,panel
2026-07-22,e2e,a100-sxm-80gb,A100,80GB,SXM,IB-NDR,OnDemand,NonInterruptible,OnDemand,APAC,APAC,IIF,T2IF,T2,2.1000,True,managed-ops-plane,Available,v2.2.1,panel
2026-07-22,e2e,a100-sxm-80gb,A100,80GB,SXM,IB-NDR,1M,NonInterruptible,Reserved,APAC,APAC,IIF,T2IF,T2,1.5319,True,managed-ops-plane,Available,v2.2.1,panel
2026-07-22,e2e,a100-sxm-80gb,A100,80GB,SXM,IB-NDR,1Y,NonInterruptible,Reserved,APAC,APAC,IIF,T2IF,T2,1.2050,True,managed-ops-plane,Available,v2.2.1,panel
2026-07-22,e2e,a100-sxm-80gb,A100,80GB,SXM,IB-NDR,3M,NonInterruptible,Reserved,APAC,APAC,IIF,T2IF,T2,1.4852,True,managed-ops-plane,Available,v2.2.1,panel
2026-07-22,e2e,a100-sxm-80gb,A100,80GB,SXM,IB-NDR,6M,NonInterruptible,Reserved,APAC,APAC,IIF,T2IF,T2,1.3092,True,managed-ops-plane,Available,v2.2.1,panel
2026-07-22,gcore,a100-sxm-80gb,A100,80GB,SXM,Unknown,OnDemand,NonInterruptible,OnDemand,EU,EU,IIF,T2IF,T2,1.4501,False,,Available,v2.2.1,panel
2026-07-22,gcp_cud,a100-sxm-80gb,A100,80GB,SXM,Ethernet,1Y,NonInterruptible,Reserved,US-South,US,HIF,T2IF,T1,4.1077,False,,Available,v2.2.1,candidate
2026-07-22,gcp_cud,a100-sxm-80gb,A100,80GB,SXM,Ethernet,1Y,NonInterruptible,Reserved,US-East,US,HIF,T2IF,T1,3.4811,False,,Available,v2.2.1,candidate
2026-07-22,gcp_cud,a100-sxm-80gb,A100,80GB,SXM,Ethernet,1Y,NonInterruptible,Reserved,US-West,US,HIF,T2IF,T1,3.4811,False,,Available,v2.2.1,candidate
2026-07-22,gcp_cud,a100-sxm-80gb,A100,80GB,SXM,Ethernet,1Y,NonInterruptible,Reserved,US-Central,US,HIF,T2IF,T1,3.4811,False,,Available,v2.2.1,candidate
2026-07-22,gcp_cud,a100-sxm-80gb,A100,80GB,SXM,Ethernet,3Y,NonInterruptible,Reserved,US-South,US,HIF,T2IF,T1,3.6540,False,,Available,v2.2.1,candidate
2026-07-22,gcp_cud,a100-sxm-80gb,A100,80GB,SXM,Ethernet,3Y,NonInterruptible,Reserved,US-West,US,HIF,T2IF,T1,3.4877,False,,Available,v2.2.1,candidate
2026-07-22,gcp_cud,a100-sxm-80gb,A100,80GB,SXM,Ethernet,3Y,NonInterruptible,Reserved,US-East,US,HIF,T2IF,T1,3.4877,False,,Available,v2.2.1,candidate
2026-07-22,gcp_cud,a100-sxm-80gb,A100,80GB,SXM,Ethernet,3Y,NonInterruptible,Reserved,US-Central,US,HIF,T2IF,T1,3.0966,False,,Available,v2.2.1,candidate
2026-07-22,hyperstack,a100-sxm-80gb,A100,80GB,SXM,Ethernet,OnDemand,NonInterruptible,OnDemand,Other,Other,SIF,,T2,1.6000,True,local-nvme,Available,v2.2.1,panel
2026-07-22,hyperstack,a100-sxm-80gb,A100,80GB,SXM,Ethernet,6M,NonInterruptible,Reserved,Other,Other,SIF,,T2,1.3600,True,local-nvme,Available,v2.2.1,panel
2026-07-22,jarvislabs,a100-sxm-80gb,A100,80GB,SXM,Unknown,OnDemand,NonInterruptible,OnDemand,APAC,APAC,IIF,T3IF,T2,1.4900,False,,Available,v2.2.1,panel
2026-07-22,lambda,a100-sxm-80gb,A100,80GB,SXM,Unknown,OnDemand,NonInterruptible,OnDemand,US-East,US,IIF,T3IF,T2,2.7900,True,local-nvme,Available,v2.2.1,panel
2026-07-22,massed_compute,a100-sxm-80gb,A100,80GB,SXM,Unknown,OnDemand,NonInterruptible,OnDemand,US-East,US,DIF,T3IF,T3,1.3800,False,,Available,v2.2.1,panel
2026-07-22,oci,a100-sxm-80gb,A100,80GB,SXM,RoCE-v2,OnDemand,NonInterruptible,OnDemand,US-East,US,HIF,T2IF,T1,4.0000,True,local-nvme;egress-capped;managed-ops-plane;support-tier;observability,Available,v2.2.1,panel
2026-07-22,paperspace,a100-sxm-80gb,A100,80GB,SXM,,3Y,NonInterruptible,Reserved,Other,Other,SIF,T2IF,T2,1.1500,False,,Available,v2.2.1,panel
2026-07-22,runpod_cluster,a100-sxm-80gb,A100,80GB,SXM,IB-HDR,OnDemand,NonInterruptible,OnDemand,Other,Other,DIF,T2IF,T3,1.7880,True,local-nvme,Available,v2.2.1,panel
2026-07-22,runpod_community,a100-sxm-80gb,A100,80GB,SXM,Unknown,OnDemand,NonInterruptible,OnDemand,Other,Other,DIF,T3IF,T3,1.3900,False,,Available,v2.2.1,panel
2026-07-22,runpod_secure,a100-sxm-80gb,A100,80GB,SXM,IB-HDR,OnDemand,NonInterruptible,OnDemand,Other,Other,DIF,T2IF,T3,1.4900,True,local-nvme,Available,v2.2.1,panel
2026-07-22,runpod_secure,a100-sxm-80gb,A100,80GB,SXM,IB-HDR,1Y,NonInterruptible,Reserved,Other,Other,DIF,T2IF,T3,1.4900,True,local-nvme,Available,v2.2.1,panel
2026-07-22,runpod_secure,a100-sxm-80gb,A100,80GB,SXM,IB-HDR,3M,NonInterruptible,Reserved,Other,Other,DIF,T2IF,T3,1.4900,True,local-nvme,Available,v2.2.1,panel
2026-07-22,runpod_secure,a100-sxm-80gb,A100,80GB,SXM,IB-HDR,6M,NonInterruptible,Reserved,Other,Other,DIF,T2IF,T3,1.4900,True,local-nvme,Available,v2.2.1,panel
2026-07-22,runpod_secure,a100-sxm-80gb,A100,80GB,SXM,IB-HDR,OnDemand,Interruptible,Spot,Other,Other,DIF,T2IF,T3,1.3900,True,local-nvme,Available,v2.2.1,panel
2026-07-22,sesterce,a100-sxm-80gb,A100,80GB,SXM,Unknown,OnDemand,NonInterruptible,OnDemand,Other,Other,IIF,T2IF,T2,1.5180,False,,Available,v2.2.1,panel
2026-07-22,tensordock,a100-sxm-80gb,A100,80GB,SXM,Unknown,OnDemand,NonInterruptible,OnDemand,Other,Other,DIF,T3IF,T3,1.2000,False,,Available,v2.2.1,panel
2026-07-22,vast_ai,a100-sxm-80gb,A100,80GB,SXM,Unknown,OnDemand,NonInterruptible,OnDemand,EU,EU,DIF,T3IF,T3,1.0667,True,local-nvme,Available,v2.2.1,marketplace
2026-07-22,vast_ai,a100-sxm-80gb,A100,80GB,SXM,Unknown,OnDemand,NonInterruptible,OnDemand,APAC,APAC,DIF,T3IF,T3,1.1733,True,local-nvme,Available,v2.2.1,marketplace
2026-07-22,vast_ai,a100-sxm-80gb,A100,80GB,SXM,Unknown,OnDemand,NonInterruptible,OnDemand,Other,Other,DIF,T3IF,T3,1.2867,True,local-nvme,Available,v2.2.1,marketplace
2026-07-22,vultr,a100-sxm-80gb,A100,80GB,SXM,Unknown,OnDemand,NonInterruptible,OnDemand,Other,Other,SIF,T2IF,T2,2.8000,False,,Available,v2.2.1,panel
2026-07-22,vultr,a100-sxm-80gb,A100,80GB,SXM,Unknown,OnDemand,Interruptible,Spot,Other,Other,DIF,T2IF,T2,1.4900,False,,Available,v2.2.1,panel
2026-07-23,atlas_cloud,a100-sxm-80gb,A100,80GB,SXM,Unknown,OnDemand,NonInterruptible,OnDemand,US-East,US,IIF,T2IF,T2,1.3500,False,,Available,v2.2.1,panel
2026-07-23,aws,a100-sxm-80gb,A100,80GB,SXM,EFA,OnDemand,NonInterruptible,OnDemand,US-East,US,HIF,T2IF,T1,3.4309,True,local-nvme;managed-ops-plane;support-tier;observability,Available,v2.2.1,panel
2026-07-23,aws,a100-sxm-80gb,A100,80GB,SXM,EFA,1Y,NonInterruptible,Reserved,US-East,US,HIF,T2IF,T1,2.1752,True,local-nvme;managed-ops-plane;support-tier;observability,Available,v2.2.1,panel
2026-07-23,aws,a100-sxm-80gb,A100,80GB,SXM,EFA,3Y,NonInterruptible,Reserved,US-East,US,HIF,T2IF,T1,1.4647,True,local-nvme;managed-ops-plane;support-tier;observability,Available,v2.2.1,panel
2026-07-23,aws,a100-sxm-80gb,A100,80GB,SXM,EFA,OnDemand,Interruptible,Spot,US-East,US,DIF,T2IF,T1,2.8006,False,,Available,v2.2.1,panel
2026-07-23,aws,a100-sxm-80gb,A100,80GB,SXM,EFA,OnDemand,Interruptible,Spot,US-West,US,DIF,T2IF,T1,2.7247,False,,Available,v2.2.1,panel
2026-07-23,azure,a100-sxm-80gb,A100,80GB,SXM,IB-HDR,OnDemand,NonInterruptible,OnDemand,US-East,US,HIF,T2IF,T1,4.0963,True,local-nvme;managed-ops-plane;support-tier;observability,Available,v2.2.1,panel
2026-07-23,azure,a100-sxm-80gb,A100,80GB,SXM,IB-HDR,1Y,NonInterruptible,Reserved,US-East,US,HIF,T2IF,T1,2.6216,True,local-nvme;managed-ops-plane;support-tier;observability,Available,v2.2.1,panel
2026-07-23,azure,a100-sxm-80gb,A100,80GB,SXM,IB-HDR,3Y,NonInterruptible,Reserved,US-East,US,HIF,T2IF,T1,1.8024,True,local-nvme;managed-ops-plane;support-tier;observability,Available,v2.2.1,panel
2026-07-23,azure_reservations,a100-sxm-80gb,A100,80GB,SXM,IB-HDR,OnDemand,NonInterruptible,OnDemand,US-South,US,HIF,T2IF,T1,4.9155,False,,Available,v2.2.1,candidate
2026-07-23,azure_reservations,a100-sxm-80gb,A100,80GB,SXM,IB-HDR,OnDemand,NonInterruptible,OnDemand,US-East,US,HIF,T2IF,T1,4.0963,False,,Available,v2.2.1,candidate
2026-07-23,azure_reservations,a100-sxm-80gb,A100,80GB,SXM,IB-HDR,OnDemand,NonInterruptible,OnDemand,US-West,US,HIF,T2IF,T1,4.0963,False,,Available,v2.2.1,candidate
2026-07-23,azure_reservations,a100-sxm-80gb,A100,80GB,SXM,IB-HDR,1Y,NonInterruptible,Reserved,US-South,US,HIF,T2IF,T1,3.1459,False,,Available,v2.2.1,candidate
2026-07-23,azure_reservations,a100-sxm-80gb,A100,80GB,SXM,IB-HDR,1Y,NonInterruptible,Reserved,EU,EU,HIF,T2IF,T1,3.2770,False,,Available,v2.2.1,candidate
2026-07-23,azure_reservations,a100-sxm-80gb,A100,80GB,SXM,IB-HDR,1Y,NonInterruptible,Reserved,US-West,US,HIF,T2IF,T1,3.4081,False,,Available,v2.2.1,candidate
2026-07-23,azure_reservations,a100-sxm-80gb,A100,80GB,SXM,IB-HDR,1Y,NonInterruptible,Reserved,US-East,US,HIF,T2IF,T1,2.6216,False,,Available,v2.2.1,candidate
2026-07-23,azure_reservations,a100-sxm-80gb,A100,80GB,SXM,IB-HDR,1Y,NonInterruptible,Reserved,Other,Other,HIF,T2IF,T1,3.7512,False,,Available,v2.2.1,candidate
2026-07-23,azure_reservations,a100-sxm-80gb,A100,80GB,SXM,IB-HDR,1Y,NonInterruptible,Reserved,APAC,APAC,HIF,T2IF,T1,3.8013,False,,Available,v2.2.1,candidate
2026-07-23,azure_reservations,a100-sxm-80gb,A100,80GB,SXM,IB-HDR,1Y,NonInterruptible,Reserved,US-Central,US,HIF,T2IF,T1,2.9624,False,,Available,v2.2.1,candidate
2026-07-23,azure_reservations,a100-sxm-80gb,A100,80GB,SXM,IB-HDR,3Y,NonInterruptible,Reserved,Other,Other,HIF,T2IF,T1,2.5789,False,,Available,v2.2.1,candidate
2026-07-23,azure_reservations,a100-sxm-80gb,A100,80GB,SXM,IB-HDR,3Y,NonInterruptible,Reserved,EU,EU,HIF,T2IF,T1,2.2529,False,,Available,v2.2.1,candidate
2026-07-23,azure_reservations,a100-sxm-80gb,A100,80GB,SXM,IB-HDR,3Y,NonInterruptible,Reserved,US-East,US,HIF,T2IF,T1,1.8023,False,,Available,v2.2.1,candidate
2026-07-23,azure_reservations,a100-sxm-80gb,A100,80GB,SXM,IB-HDR,3Y,NonInterruptible,Reserved,APAC,APAC,HIF,T2IF,T1,2.6134,False,,Available,v2.2.1,candidate
2026-07-23,azure_reservations,a100-sxm-80gb,A100,80GB,SXM,IB-HDR,3Y,NonInterruptible,Reserved,US-West,US,HIF,T2IF,T1,2.3431,False,,Available,v2.2.1,candidate
2026-07-23,azure_reservations,a100-sxm-80gb,A100,80GB,SXM,IB-HDR,3Y,NonInterruptible,Reserved,US-Central,US,HIF,T2IF,T1,2.0367,False,,Available,v2.2.1,candidate
2026-07-23,azure_reservations,a100-sxm-80gb,A100,80GB,SXM,IB-HDR,3Y,NonInterruptible,Reserved,US-South,US,HIF,T2IF,T1,2.1628,False,,Available,v2.2.1,candidate
2026-07-23,coreweave,a100-sxm-80gb,A100,80GB,SXM,IB-HDR,OnDemand,NonInterruptible,OnDemand,US-East,US,IIF,T2IF,T2,2.7000,True,local-nvme;free-egress;support-tier;observability;managed-ops-plane,Available,v2.2.1,panel
2026-07-23,coreweave,a100-sxm-80gb,A100,80GB,SXM,IB-HDR,OnDemand,Interruptible,Spot,US-East,US,DIF,T2IF,T2,1.2063,True,local-nvme;free-egress;support-tier;observability;managed-ops-plane,Available,v2.2.1,panel
2026-07-23,crusoe,a100-sxm-80gb,A100,80GB,SXM,IB-HDR,OnDemand,NonInterruptible,OnDemand,US-East,US,IIF,T2IF,T2,2.3000,True,local-nvme;free-egress,Available,v2.2.1,panel
2026-07-23,cyfuture,a100-sxm-80gb,A100,80GB,SXM,Unknown,1Y,NonInterruptible,Reserved,APAC,APAC,IIF,T2IF,T2,2.0800,False,,Available,v2.2.1,panel
2026-07-23,cyfuture,a100-sxm-80gb,A100,80GB,SXM,Unknown,6M,NonInterruptible,Reserved,APAC,APAC,IIF,T2IF,T2,2.1600,False,,Available,v2.2.1,panel
2026-07-23,datacrunch,a100-sxm-80gb,A100,80GB,SXM,IB-HDR,OnDemand,NonInterruptible,OnDemand,EU,EU,SIF,T2IF,T2,1.7900,True,local-nvme,Available,v2.2.1,panel
2026-07-23,datacrunch,a100-sxm-80gb,A100,80GB,SXM,IB-HDR,1M,NonInterruptible,Reserved,EU,EU,SIF,T2IF,T2,1.7542,True,local-nvme,Available,v2.2.1,panel
2026-07-23,datacrunch,a100-sxm-80gb,A100,80GB,SXM,IB-HDR,1Y,NonInterruptible,Reserved,EU,EU,SIF,T2IF,T2,1.6468,True,local-nvme,Available,v2.2.1,panel
2026-07-23,datacrunch,a100-sxm-80gb,A100,80GB,SXM,IB-HDR,2Y,NonInterruptible,Reserved,EU,EU,SIF,T2IF,T2,1.3425,True,local-nvme,Available,v2.2.1,panel
2026-07-23,datacrunch,a100-sxm-80gb,A100,80GB,SXM,IB-HDR,3M,NonInterruptible,Reserved,EU,EU,SIF,T2IF,T2,1.7363,True,local-nvme,Available,v2.2.1,panel
2026-07-23,datacrunch,a100-sxm-80gb,A100,80GB,SXM,IB-HDR,6M,NonInterruptible,Reserved,EU,EU,SIF,T2IF,T2,1.7184,True,local-nvme,Available,v2.2.1,panel
2026-07-23,datacrunch,a100-sxm-80gb,A100,80GB,SXM,IB-HDR,OnDemand,Interruptible,Spot,EU,EU,DIF,T2IF,T2,0.6265,True,local-nvme,Available,v2.2.1,panel
2026-07-23,deepinfra_gpu,a100-sxm-80gb,A100,80GB,SXM,,OnDemand,NonInterruptible,OnDemand,Other,Other,SIF,T2IF,T2,0.8900,False,,Available,v2.2.1,panel
2026-07-23,denvr,a100-sxm-80gb,A100,80GB,SXM,IB-HDR,OnDemand,NonInterruptible,OnDemand,Other,Other,SIF,T2IF,T2,1.3000,True,local-nvme,Available,v2.2.1,panel
2026-07-23,e2e,a100-sxm-80gb,A100,80GB,SXM,IB-NDR,OnDemand,NonInterruptible,OnDemand,APAC,APAC,IIF,T2IF,T2,2.1000,True,managed-ops-plane,Available,v2.2.1,panel
2026-07-23,e2e,a100-sxm-80gb,A100,80GB,SXM,IB-NDR,1M,NonInterruptible,Reserved,APAC,APAC,IIF,T2IF,T2,1.5319,True,managed-ops-plane,Available,v2.2.1,panel
2026-07-23,e2e,a100-sxm-80gb,A100,80GB,SXM,IB-NDR,1Y,NonInterruptible,Reserved,APAC,APAC,IIF,T2IF,T2,1.2050,True,managed-ops-plane,Available,v2.2.1,panel
2026-07-23,e2e,a100-sxm-80gb,A100,80GB,SXM,IB-NDR,3M,NonInterruptible,Reserved,APAC,APAC,IIF,T2IF,T2,1.4852,True,managed-ops-plane,Available,v2.2.1,panel
2026-07-23,e2e,a100-sxm-80gb,A100,80GB,SXM,IB-NDR,6M,NonInterruptible,Reserved,APAC,APAC,IIF,T2IF,T2,1.3092,True,managed-ops-plane,Available,v2.2.1,panel
2026-07-23,gcore,a100-sxm-80gb,A100,80GB,SXM,Unknown,OnDemand,NonInterruptible,OnDemand,EU,EU,IIF,T2IF,T2,1.4488,False,,Available,v2.2.1,panel
2026-07-23,gcp_cud,a100-sxm-80gb,A100,80GB,SXM,Ethernet,1Y,NonInterruptible,Reserved,US-Central,US,HIF,T2IF,T1,3.4811,False,,Available,v2.2.1,candidate
2026-07-23,gcp_cud,a100-sxm-80gb,A100,80GB,SXM,Ethernet,1Y,NonInterruptible,Reserved,US-West,US,HIF,T2IF,T1,3.4811,False,,Available,v2.2.1,candidate
2026-07-23,gcp_cud,a100-sxm-80gb,A100,80GB,SXM,Ethernet,1Y,NonInterruptible,Reserved,US-South,US,HIF,T2IF,T1,4.1077,False,,Available,v2.2.1,candidate
2026-07-23,gcp_cud,a100-sxm-80gb,A100,80GB,SXM,Ethernet,1Y,NonInterruptible,Reserved,US-East,US,HIF,T2IF,T1,3.4811,False,,Available,v2.2.1,candidate
2026-07-23,gcp_cud,a100-sxm-80gb,A100,80GB,SXM,Ethernet,3Y,NonInterruptible,Reserved,US-East,US,HIF,T2IF,T1,3.4877,False,,Available,v2.2.1,candidate
2026-07-23,gcp_cud,a100-sxm-80gb,A100,80GB,SXM,Ethernet,3Y,NonInterruptible,Reserved,US-South,US,HIF,T2IF,T1,3.6540,False,,Available,v2.2.1,candidate
2026-07-23,gcp_cud,a100-sxm-80gb,A100,80GB,SXM,Ethernet,3Y,NonInterruptible,Reserved,US-Central,US,HIF,T2IF,T1,3.0966,False,,Available,v2.2.1,candidate
2026-07-23,gcp_cud,a100-sxm-80gb,A100,80GB,SXM,Ethernet,3Y,NonInterruptible,Reserved,US-West,US,HIF,T2IF,T1,3.4877,False,,Available,v2.2.1,candidate
2026-07-23,hyperstack,a100-sxm-80gb,A100,80GB,SXM,Ethernet,OnDemand,NonInterruptible,OnDemand,Other,Other,SIF,,T2,1.6000,True,local-nvme,Available,v2.2.1,panel
2026-07-23,hyperstack,a100-sxm-80gb,A100,80GB,SXM,Ethernet,6M,NonInterruptible,Reserved,Other,Other,SIF,,T2,1.3600,True,local-nvme,Available,v2.2.1,panel
2026-07-23,jarvislabs,a100-sxm-80gb,A100,80GB,SXM,Unknown,OnDemand,NonInterruptible,OnDemand,APAC,APAC,IIF,T3IF,T2,1.4900,False,,Available,v2.2.1,panel
2026-07-23,lambda,a100-sxm-80gb,A100,80GB,SXM,Unknown,OnDemand,NonInterruptible,OnDemand,US-East,US,IIF,T3IF,T2,2.7900,True,local-nvme,Available,v2.2.1,panel
2026-07-23,massed_compute,a100-sxm-80gb,A100,80GB,SXM,Unknown,OnDemand,NonInterruptible,OnDemand,US-East,US,DIF,T3IF,T3,1.3800,False,,Available,v2.2.1,panel
2026-07-23,oci,a100-sxm-80gb,A100,80GB,SXM,RoCE-v2,OnDemand,NonInterruptible,OnDemand,US-East,US,HIF,T2IF,T1,4.0000,True,local-nvme;egress-capped;managed-ops-plane;support-tier;observability,Available,v2.2.1,panel
2026-07-23,paperspace,a100-sxm-80gb,A100,80GB,SXM,,OnDemand,NonInterruptible,OnDemand,Other,Other,SIF,T2IF,T2,3.1800,False,,Available,v2.2.1,panel
2026-07-23,paperspace,a100-sxm-80gb,A100,80GB,SXM,,3Y,NonInterruptible,Reserved,Other,Other,SIF,T2IF,T2,1.1500,False,,Available,v2.2.1,panel
2026-07-23,runpod_cluster,a100-sxm-80gb,A100,80GB,SXM,IB-HDR,OnDemand,NonInterruptible,OnDemand,Other,Other,DIF,T2IF,T3,1.7880,True,local-nvme,Available,v2.2.1,panel
2026-07-23,runpod_community,a100-sxm-80gb,A100,80GB,SXM,Unknown,OnDemand,NonInterruptible,OnDemand,Other,Other,DIF,T3IF,T3,1.3900,False,,Available,v2.2.1,panel
2026-07-23,runpod_secure,a100-sxm-80gb,A100,80GB,SXM,IB-HDR,OnDemand,NonInterruptible,OnDemand,Other,Other,DIF,T2IF,T3,1.4900,True,local-nvme,Available,v2.2.1,panel
2026-07-23,runpod_secure,a100-sxm-80gb,A100,80GB,SXM,IB-HDR,1Y,NonInterruptible,Reserved,Other,Other,DIF,T2IF,T3,1.4900,True,local-nvme,Available,v2.2.1,panel
2026-07-23,runpod_secure,a100-sxm-80gb,A100,80GB,SXM,IB-HDR,3M,NonInterruptible,Reserved,Other,Other,DIF,T2IF,T3,1.4900,True,local-nvme,Available,v2.2.1,panel
2026-07-23,runpod_secure,a100-sxm-80gb,A100,80GB,SXM,IB-HDR,6M,NonInterruptible,Reserved,Other,Other,DIF,T2IF,T3,1.4900,True,local-nvme,Available,v2.2.1,panel
2026-07-23,runpod_secure,a100-sxm-80gb,A100,80GB,SXM,IB-HDR,OnDemand,Interruptible,Spot,Other,Other,DIF,T2IF,T3,1.3900,True,local-nvme,Available,v2.2.1,panel
2026-07-23,sesterce,a100-sxm-80gb,A100,80GB,SXM,Unknown,OnDemand,NonInterruptible,OnDemand,Other,Other,IIF,T2IF,T2,1.5180,False,,Available,v2.2.1,panel
2026-07-23,spheron,a100-sxm-80gb,A100,80GB,SXM,Unknown,OnDemand,NonInterruptible,OnDemand,US-East,US,DIF,T3IF,T3,1.6905,False,,Available,v2.2.1,panel
2026-07-23,tensordock,a100-sxm-80gb,A100,80GB,SXM,Unknown,OnDemand,NonInterruptible,OnDemand,Other,Other,DIF,T3IF,T3,1.2000,False,,Available,v2.2.1,panel
2026-07-23,vast_ai,a100-sxm-80gb,A100,80GB,SXM,Unknown,OnDemand,NonInterruptible,OnDemand,Other,Other,DIF,T3IF,T3,1.3333,True,local-nvme,Available,v2.2.1,marketplace
2026-07-23,vast_ai,a100-sxm-80gb,A100,80GB,SXM,Unknown,OnDemand,NonInterruptible,OnDemand,APAC,APAC,DIF,T3IF,T3,1.2867,True,local-nvme,Available,v2.2.1,marketplace
2026-07-23,vultr,a100-sxm-80gb,A100,80GB,SXM,Unknown,OnDemand,NonInterruptible,OnDemand,Other,Other,SIF,T2IF,T2,2.8000,False,,Available,v2.2.1,panel
2026-07-23,vultr,a100-sxm-80gb,A100,80GB,SXM,Unknown,OnDemand,Interruptible,Spot,Other,Other,DIF,T2IF,T2,1.4900,False,,Available,v2.2.1,panel
2026-07-24,atlas_cloud,a100-sxm-80gb,A100,80GB,SXM,Unknown,OnDemand,NonInterruptible,OnDemand,US-East,US,IIF,T2IF,T2,1.3500,False,,Available,v2.2.1,panel
2026-07-24,aws,a100-sxm-80gb,A100,80GB,SXM,EFA,OnDemand,NonInterruptible,OnDemand,US-East,US,HIF,T2IF,T1,3.4309,True,local-nvme;managed-ops-plane;support-tier;observability,Available,v2.2.1,panel
2026-07-24,aws,a100-sxm-80gb,A100,80GB,SXM,EFA,1Y,NonInterruptible,Reserved,US-East,US,HIF,T2IF,T1,2.1752,True,local-nvme;managed-ops-plane;support-tier;observability,Available,v2.2.1,panel
2026-07-24,aws,a100-sxm-80gb,A100,80GB,SXM,EFA,3Y,NonInterruptible,Reserved,US-East,US,HIF,T2IF,T1,1.4647,True,local-nvme;managed-ops-plane;support-tier;observability,Available,v2.2.1,panel
2026-07-24,aws,a100-sxm-80gb,A100,80GB,SXM,EFA,OnDemand,Interruptible,Spot,US-West,US,DIF,T2IF,T1,2.7426,False,,Available,v2.2.1,panel
2026-07-24,aws,a100-sxm-80gb,A100,80GB,SXM,EFA,OnDemand,Interruptible,Spot,US-East,US,DIF,T2IF,T1,2.8122,False,,Available,v2.2.1,panel
2026-07-24,azure,a100-sxm-80gb,A100,80GB,SXM,IB-HDR,OnDemand,NonInterruptible,OnDemand,US-East,US,HIF,T2IF,T1,4.0963,True,local-nvme;managed-ops-plane;support-tier;observability,Available,v2.2.1,panel
2026-07-24,azure,a100-sxm-80gb,A100,80GB,SXM,IB-HDR,1Y,NonInterruptible,Reserved,US-East,US,HIF,T2IF,T1,2.6216,True,local-nvme;managed-ops-plane;support-tier;observability,Available,v2.2.1,panel
2026-07-24,azure,a100-sxm-80gb,A100,80GB,SXM,IB-HDR,3Y,NonInterruptible,Reserved,US-East,US,HIF,T2IF,T1,1.8024,True,local-nvme;managed-ops-plane;support-tier;observability,Available,v2.2.1,panel
2026-07-24,azure_reservations,a100-sxm-80gb,A100,80GB,SXM,IB-HDR,OnDemand,NonInterruptible,OnDemand,US-West,US,HIF,T2IF,T1,4.0963,False,,Available,v2.2.1,candidate
2026-07-24,azure_reservations,a100-sxm-80gb,A100,80GB,SXM,IB-HDR,OnDemand,NonInterruptible,OnDemand,US-South,US,HIF,T2IF,T1,4.9155,False,,Available,v2.2.1,candidate
2026-07-24,azure_reservations,a100-sxm-80gb,A100,80GB,SXM,IB-HDR,OnDemand,NonInterruptible,OnDemand,US-East,US,HIF,T2IF,T1,4.0963,False,,Available,v2.2.1,candidate
2026-07-24,azure_reservations,a100-sxm-80gb,A100,80GB,SXM,IB-HDR,1Y,NonInterruptible,Reserved,US-West,US,HIF,T2IF,T1,3.4081,False,,Available,v2.2.1,candidate
2026-07-24,azure_reservations,a100-sxm-80gb,A100,80GB,SXM,IB-HDR,1Y,NonInterruptible,Reserved,US-East,US,HIF,T2IF,T1,2.6216,False,,Available,v2.2.1,candidate
2026-07-24,azure_reservations,a100-sxm-80gb,A100,80GB,SXM,IB-HDR,1Y,NonInterruptible,Reserved,US-Central,US,HIF,T2IF,T1,2.9624,False,,Available,v2.2.1,candidate
2026-07-24,azure_reservations,a100-sxm-80gb,A100,80GB,SXM,IB-HDR,1Y,NonInterruptible,Reserved,APAC,APAC,HIF,T2IF,T1,3.8013,False,,Available,v2.2.1,candidate
2026-07-24,azure_reservations,a100-sxm-80gb,A100,80GB,SXM,IB-HDR,1Y,NonInterruptible,Reserved,Other,Other,HIF,T2IF,T1,3.7512,False,,Available,v2.2.1,candidate
2026-07-24,azure_reservations,a100-sxm-80gb,A100,80GB,SXM,IB-HDR,1Y,NonInterruptible,Reserved,US-South,US,HIF,T2IF,T1,3.1459,False,,Available,v2.2.1,candidate
2026-07-24,azure_reservations,a100-sxm-80gb,A100,80GB,SXM,IB-HDR,1Y,NonInterruptible,Reserved,EU,EU,HIF,T2IF,T1,3.2770,False,,Available,v2.2.1,candidate
2026-07-24,azure_reservations,a100-sxm-80gb,A100,80GB,SXM,IB-HDR,3Y,NonInterruptible,Reserved,US-Central,US,HIF,T2IF,T1,2.0367,False,,Available,v2.2.1,candidate
2026-07-24,azure_reservations,a100-sxm-80gb,A100,80GB,SXM,IB-HDR,3Y,NonInterruptible,Reserved,US-East,US,HIF,T2IF,T1,1.8023,False,,Available,v2.2.1,candidate
2026-07-24,azure_reservations,a100-sxm-80gb,A100,80GB,SXM,IB-HDR,3Y,NonInterruptible,Reserved,US-South,US,HIF,T2IF,T1,2.1628,False,,Available,v2.2.1,candidate
2026-07-24,azure_reservations,a100-sxm-80gb,A100,80GB,SXM,IB-HDR,3Y,NonInterruptible,Reserved,APAC,APAC,HIF,T2IF,T1,2.6134,False,,Available,v2.2.1,candidate
2026-07-24,azure_reservations,a100-sxm-80gb,A100,80GB,SXM,IB-HDR,3Y,NonInterruptible,Reserved,Other,Other,HIF,T2IF,T1,2.5789,False,,Available,v2.2.1,candidate
2026-07-24,azure_reservations,a100-sxm-80gb,A100,80GB,SXM,IB-HDR,3Y,NonInterruptible,Reserved,US-West,US,HIF,T2IF,T1,2.3431,False,,Available,v2.2.1,candidate
2026-07-24,azure_reservations,a100-sxm-80gb,A100,80GB,SXM,IB-HDR,3Y,NonInterruptible,Reserved,EU,EU,HIF,T2IF,T1,2.2529,False,,Available,v2.2.1,candidate
2026-07-24,coreweave,a100-sxm-80gb,A100,80GB,SXM,IB-HDR,OnDemand,NonInterruptible,OnDemand,US-East,US,IIF,T2IF,T2,2.7000,True,local-nvme;free-egress;support-tier;observability;managed-ops-plane,Available,v2.2.1,panel
2026-07-24,coreweave,a100-sxm-80gb,A100,80GB,SXM,IB-HDR,OnDemand,Interruptible,Spot,US-East,US,DIF,T2IF,T2,1.2063,True,local-nvme;free-egress;support-tier;observability;managed-ops-plane,Available,v2.2.1,panel
2026-07-24,crusoe,a100-sxm-80gb,A100,80GB,SXM,IB-HDR,OnDemand,NonInterruptible,OnDemand,US-East,US,IIF,T2IF,T2,2.3000,True,local-nvme;free-egress,Available,v2.2.1,panel
2026-07-24,cyfuture,a100-sxm-80gb,A100,80GB,SXM,Unknown,1Y,NonInterruptible,Reserved,APAC,APAC,IIF,T2IF,T2,2.0800,False,,Available,v2.2.1,panel
2026-07-24,cyfuture,a100-sxm-80gb,A100,80GB,SXM,Unknown,6M,NonInterruptible,Reserved,APAC,APAC,IIF,T2IF,T2,2.1600,False,,Available,v2.2.1,panel
2026-07-24,datacrunch,a100-sxm-80gb,A100,80GB,SXM,IB-HDR,OnDemand,NonInterruptible,OnDemand,EU,EU,SIF,T2IF,T2,1.7900,True,local-nvme,Available,v2.2.1,panel
2026-07-24,datacrunch,a100-sxm-80gb,A100,80GB,SXM,IB-HDR,1M,NonInterruptible,Reserved,EU,EU,SIF,T2IF,T2,1.7542,True,local-nvme,Available,v2.2.1,panel
2026-07-24,datacrunch,a100-sxm-80gb,A100,80GB,SXM,IB-HDR,1Y,NonInterruptible,Reserved,EU,EU,SIF,T2IF,T2,1.6468,True,local-nvme,Available,v2.2.1,panel
2026-07-24,datacrunch,a100-sxm-80gb,A100,80GB,SXM,IB-HDR,2Y,NonInterruptible,Reserved,EU,EU,SIF,T2IF,T2,1.3425,True,local-nvme,Available,v2.2.1,panel
2026-07-24,datacrunch,a100-sxm-80gb,A100,80GB,SXM,IB-HDR,3M,NonInterruptible,Reserved,EU,EU,SIF,T2IF,T2,1.7363,True,local-nvme,Available,v2.2.1,panel
2026-07-24,datacrunch,a100-sxm-80gb,A100,80GB,SXM,IB-HDR,6M,NonInterruptible,Reserved,EU,EU,SIF,T2IF,T2,1.7184,True,local-nvme,Available,v2.2.1,panel
2026-07-24,datacrunch,a100-sxm-80gb,A100,80GB,SXM,IB-HDR,OnDemand,Interruptible,Spot,EU,EU,DIF,T2IF,T2,0.6265,True,local-nvme,Available,v2.2.1,panel
2026-07-24,deepinfra_gpu,a100-sxm-80gb,A100,80GB,SXM,,OnDemand,NonInterruptible,OnDemand,Other,Other,SIF,T2IF,T2,0.8900,False,,Available,v2.2.1,panel
2026-07-24,denvr,a100-sxm-80gb,A100,80GB,SXM,IB-HDR,OnDemand,NonInterruptible,OnDemand,Other,Other,SIF,T2IF,T2,1.3000,True,local-nvme,Available,v2.2.1,panel
2026-07-24,e2e,a100-sxm-80gb,A100,80GB,SXM,IB-NDR,OnDemand,NonInterruptible,OnDemand,APAC,APAC,IIF,T2IF,T2,2.1000,True,managed-ops-plane,Available,v2.2.1,panel
2026-07-24,e2e,a100-sxm-80gb,A100,80GB,SXM,IB-NDR,1M,NonInterruptible,Reserved,APAC,APAC,IIF,T2IF,T2,1.5319,True,managed-ops-plane,Available,v2.2.1,panel
2026-07-24,e2e,a100-sxm-80gb,A100,80GB,SXM,IB-NDR,1Y,NonInterruptible,Reserved,APAC,APAC,IIF,T2IF,T2,1.2050,True,managed-ops-plane,Available,v2.2.1,panel
2026-07-24,e2e,a100-sxm-80gb,A100,80GB,SXM,IB-NDR,3M,NonInterruptible,Reserved,APAC,APAC,IIF,T2IF,T2,1.4852,True,managed-ops-plane,Available,v2.2.1,panel
2026-07-24,e2e,a100-sxm-80gb,A100,80GB,SXM,IB-NDR,6M,NonInterruptible,Reserved,APAC,APAC,IIF,T2IF,T2,1.3092,True,managed-ops-plane,Available,v2.2.1,panel
2026-07-24,gcore,a100-sxm-80gb,A100,80GB,SXM,Unknown,OnDemand,NonInterruptible,OnDemand,EU,EU,IIF,T2IF,T2,1.4468,False,,Available,v2.2.1,panel
2026-07-24,gcp_cud,a100-sxm-80gb,A100,80GB,SXM,Ethernet,1Y,NonInterruptible,Reserved,US-South,US,HIF,T2IF,T1,4.1077,False,,Available,v2.2.1,candidate
2026-07-24,gcp_cud,a100-sxm-80gb,A100,80GB,SXM,Ethernet,1Y,NonInterruptible,Reserved,US-East,US,HIF,T2IF,T1,3.4811,False,,Available,v2.2.1,candidate
2026-07-24,gcp_cud,a100-sxm-80gb,A100,80GB,SXM,Ethernet,1Y,NonInterruptible,Reserved,US-West,US,HIF,T2IF,T1,3.4811,False,,Available,v2.2.1,candidate
2026-07-24,gcp_cud,a100-sxm-80gb,A100,80GB,SXM,Ethernet,1Y,NonInterruptible,Reserved,US-Central,US,HIF,T2IF,T1,3.4811,False,,Available,v2.2.1,candidate
2026-07-24,gcp_cud,a100-sxm-80gb,A100,80GB,SXM,Ethernet,3Y,NonInterruptible,Reserved,US-East,US,HIF,T2IF,T1,3.4877,False,,Available,v2.2.1,candidate
2026-07-24,gcp_cud,a100-sxm-80gb,A100,80GB,SXM,Ethernet,3Y,NonInterruptible,Reserved,US-South,US,HIF,T2IF,T1,3.6540,False,,Available,v2.2.1,candidate
2026-07-24,gcp_cud,a100-sxm-80gb,A100,80GB,SXM,Ethernet,3Y,NonInterruptible,Reserved,US-West,US,HIF,T2IF,T1,3.4877,False,,Available,v2.2.1,candidate
2026-07-24,gcp_cud,a100-sxm-80gb,A100,80GB,SXM,Ethernet,3Y,NonInterruptible,Reserved,US-Central,US,HIF,T2IF,T1,3.0966,False,,Available,v2.2.1,candidate
2026-07-24,hyperstack,a100-sxm-80gb,A100,80GB,SXM,Ethernet,OnDemand,NonInterruptible,OnDemand,Other,Other,SIF,,T2,1.6000,True,local-nvme,Available,v2.2.1,panel
2026-07-24,hyperstack,a100-sxm-80gb,A100,80GB,SXM,Ethernet,6M,NonInterruptible,Reserved,Other,Other,SIF,,T2,1.3600,True,local-nvme,Available,v2.2.1,panel
2026-07-24,jarvislabs,a100-sxm-80gb,A100,80GB,SXM,Unknown,OnDemand,NonInterruptible,OnDemand,APAC,APAC,IIF,T3IF,T2,1.4900,False,,Available,v2.2.1,panel
2026-07-24,lambda,a100-sxm-80gb,A100,80GB,SXM,Unknown,OnDemand,NonInterruptible,OnDemand,US-East,US,IIF,T3IF,T2,2.7900,True,local-nvme,Available,v2.2.1,panel
2026-07-24,massed_compute,a100-sxm-80gb,A100,80GB,SXM,Unknown,OnDemand,NonInterruptible,OnDemand,US-East,US,DIF,T3IF,T3,1.3800,False,,Available,v2.2.1,panel
2026-07-24,oci,a100-sxm-80gb,A100,80GB,SXM,RoCE-v2,OnDemand,NonInterruptible,OnDemand,US-East,US,HIF,T2IF,T1,4.0000,True,local-nvme;egress-capped;managed-ops-plane;support-tier;observability,Available,v2.2.1,panel
2026-07-24,paperspace,a100-sxm-80gb,A100,80GB,SXM,,OnDemand,NonInterruptible,OnDemand,Other,Other,SIF,T2IF,T2,3.1800,False,,Available,v2.2.1,panel
2026-07-24,paperspace,a100-sxm-80gb,A100,80GB,SXM,,3Y,NonInterruptible,Reserved,Other,Other,SIF,T2IF,T2,1.1500,False,,Available,v2.2.1,panel
2026-07-24,runpod_cluster,a100-sxm-80gb,A100,80GB,SXM,IB-HDR,OnDemand,NonInterruptible,OnDemand,Other,Other,DIF,T2IF,T3,1.7880,True,local-nvme,Available,v2.2.1,panel
2026-07-24,runpod_community,a100-sxm-80gb,A100,80GB,SXM,Unknown,OnDemand,NonInterruptible,OnDemand,Other,Other,DIF,T3IF,T3,1.3900,False,,Available,v2.2.1,panel
2026-07-24,runpod_secure,a100-sxm-80gb,A100,80GB,SXM,IB-HDR,OnDemand,NonInterruptible,OnDemand,Other,Other,DIF,T2IF,T3,1.4900,True,local-nvme,Available,v2.2.1,panel
2026-07-24,runpod_secure,a100-sxm-80gb,A100,80GB,SXM,IB-HDR,1Y,NonInterruptible,Reserved,Other,Other,DIF,T2IF,T3,1.4900,True,local-nvme,Available,v2.2.1,panel
2026-07-24,runpod_secure,a100-sxm-80gb,A100,80GB,SXM,IB-HDR,3M,NonInterruptible,Reserved,Other,Other,DIF,T2IF,T3,1.4900,True,local-nvme,Available,v2.2.1,panel
2026-07-24,runpod_secure,a100-sxm-80gb,A100,80GB,SXM,IB-HDR,6M,NonInterruptible,Reserved,Other,Other,DIF,T2IF,T3,1.4900,True,local-nvme,Available,v2.2.1,panel
2026-07-24,runpod_secure,a100-sxm-80gb,A100,80GB,SXM,IB-HDR,OnDemand,Interruptible,Spot,Other,Other,DIF,T2IF,T3,1.3900,True,local-nvme,Available,v2.2.1,panel
2026-07-24,sesterce,a100-sxm-80gb,A100,80GB,SXM,Unknown,OnDemand,NonInterruptible,OnDemand,Other,Other,IIF,T2IF,T2,1.4850,False,,Available,v2.2.1,panel
2026-07-24,tensordock,a100-sxm-80gb,A100,80GB,SXM,Unknown,OnDemand,NonInterruptible,OnDemand,Other,Other,DIF,T3IF,T3,1.2000,False,,Available,v2.2.1,panel
2026-07-24,vast_ai,a100-sxm-80gb,A100,80GB,SXM,Unknown,OnDemand,NonInterruptible,OnDemand,APAC,APAC,DIF,T3IF,T3,1.5640,True,local-nvme,Available,v2.2.1,marketplace
2026-07-24,vast_ai,a100-sxm-80gb,A100,80GB,SXM,Unknown,OnDemand,NonInterruptible,OnDemand,Other,Other,DIF,T3IF,T3,1.2267,True,local-nvme,Available,v2.2.1,marketplace
2026-07-24,vultr,a100-sxm-80gb,A100,80GB,SXM,Unknown,OnDemand,NonInterruptible,OnDemand,Other,Other,SIF,T2IF,T2,2.8000,False,,Available,v2.2.1,panel
2026-07-24,vultr,a100-sxm-80gb,A100,80GB,SXM,Unknown,OnDemand,Interruptible,Spot,Other,Other,DIF,T2IF,T2,1.4900,False,,Available,v2.2.1,panel
2026-07-25,atlas_cloud,a100-sxm-80gb,A100,80GB,SXM,Unknown,OnDemand,NonInterruptible,OnDemand,US-East,US,IIF,T2IF,T2,1.3500,False,,Available,v2.2.1,panel
2026-07-25,aws,a100-sxm-80gb,A100,80GB,SXM,EFA,OnDemand,NonInterruptible,OnDemand,US-East,US,HIF,T2IF,T1,3.4309,True,local-nvme;managed-ops-plane;support-tier;observability,Available,v2.2.1,panel
2026-07-25,aws,a100-sxm-80gb,A100,80GB,SXM,EFA,1Y,NonInterruptible,Reserved,US-East,US,HIF,T2IF,T1,2.1752,True,local-nvme;managed-ops-plane;support-tier;observability,Available,v2.2.1,panel
2026-07-25,aws,a100-sxm-80gb,A100,80GB,SXM,EFA,3Y,NonInterruptible,Reserved,US-East,US,HIF,T2IF,T1,1.4647,True,local-nvme;managed-ops-plane;support-tier;observability,Available,v2.2.1,panel
2026-07-25,aws,a100-sxm-80gb,A100,80GB,SXM,EFA,OnDemand,Interruptible,Spot,US-West,US,DIF,T2IF,T1,2.7656,False,,Available,v2.2.1,panel
2026-07-25,aws,a100-sxm-80gb,A100,80GB,SXM,EFA,OnDemand,Interruptible,Spot,US-East,US,DIF,T2IF,T1,2.8487,False,,Available,v2.2.1,panel
2026-07-25,azure,a100-sxm-80gb,A100,80GB,SXM,IB-HDR,OnDemand,NonInterruptible,OnDemand,US-East,US,HIF,T2IF,T1,4.0963,True,local-nvme;managed-ops-plane;support-tier;observability,Available,v2.2.1,panel
2026-07-25,azure,a100-sxm-80gb,A100,80GB,SXM,IB-HDR,1Y,NonInterruptible,Reserved,US-East,US,HIF,T2IF,T1,2.6216,True,local-nvme;managed-ops-plane;support-tier;observability,Available,v2.2.1,panel
2026-07-25,azure,a100-sxm-80gb,A100,80GB,SXM,IB-HDR,3Y,NonInterruptible,Reserved,US-East,US,HIF,T2IF,T1,1.8024,True,local-nvme;managed-ops-plane;support-tier;observability,Available,v2.2.1,panel
2026-07-25,azure_reservations,a100-sxm-80gb,A100,80GB,SXM,IB-HDR,OnDemand,NonInterruptible,OnDemand,US-South,US,HIF,T2IF,T1,4.9155,False,,Available,v2.2.1,candidate
2026-07-25,azure_reservations,a100-sxm-80gb,A100,80GB,SXM,IB-HDR,OnDemand,NonInterruptible,OnDemand,US-West,US,HIF,T2IF,T1,4.0963,False,,Available,v2.2.1,candidate
2026-07-25,azure_reservations,a100-sxm-80gb,A100,80GB,SXM,IB-HDR,OnDemand,NonInterruptible,OnDemand,US-East,US,HIF,T2IF,T1,4.0963,False,,Available,v2.2.1,candidate
2026-07-25,azure_reservations,a100-sxm-80gb,A100,80GB,SXM,IB-HDR,1Y,NonInterruptible,Reserved,Other,Other,HIF,T2IF,T1,3.7512,False,,Available,v2.2.1,candidate
2026-07-25,azure_reservations,a100-sxm-80gb,A100,80GB,SXM,IB-HDR,1Y,NonInterruptible,Reserved,US-South,US,HIF,T2IF,T1,3.1459,False,,Available,v2.2.1,candidate
2026-07-25,azure_reservations,a100-sxm-80gb,A100,80GB,SXM,IB-HDR,1Y,NonInterruptible,Reserved,US-East,US,HIF,T2IF,T1,2.6216,False,,Available,v2.2.1,candidate
2026-07-25,azure_reservations,a100-sxm-80gb,A100,80GB,SXM,IB-HDR,1Y,NonInterruptible,Reserved,EU,EU,HIF,T2IF,T1,3.2770,False,,Available,v2.2.1,candidate
2026-07-25,azure_reservations,a100-sxm-80gb,A100,80GB,SXM,IB-HDR,1Y,NonInterruptible,Reserved,APAC,APAC,HIF,T2IF,T1,3.8013,False,,Available,v2.2.1,candidate
2026-07-25,azure_reservations,a100-sxm-80gb,A100,80GB,SXM,IB-HDR,1Y,NonInterruptible,Reserved,US-Central,US,HIF,T2IF,T1,2.9624,False,,Available,v2.2.1,candidate
2026-07-25,azure_reservations,a100-sxm-80gb,A100,80GB,SXM,IB-HDR,1Y,NonInterruptible,Reserved,US-West,US,HIF,T2IF,T1,3.4081,False,,Available,v2.2.1,candidate
2026-07-25,azure_reservations,a100-sxm-80gb,A100,80GB,SXM,IB-HDR,3Y,NonInterruptible,Reserved,APAC,APAC,HIF,T2IF,T1,2.6134,False,,Available,v2.2.1,candidate
2026-07-25,azure_reservations,a100-sxm-80gb,A100,80GB,SXM,IB-HDR,3Y,NonInterruptible,Reserved,US-East,US,HIF,T2IF,T1,1.8023,False,,Available,v2.2.1,candidate
2026-07-25,azure_reservations,a100-sxm-80gb,A100,80GB,SXM,IB-HDR,3Y,NonInterruptible,Reserved,EU,EU,HIF,T2IF,T1,2.2529,False,,Available,v2.2.1,candidate
2026-07-25,azure_reservations,a100-sxm-80gb,A100,80GB,SXM,IB-HDR,3Y,NonInterruptible,Reserved,US-South,US,HIF,T2IF,T1,2.1628,False,,Available,v2.2.1,candidate
2026-07-25,azure_reservations,a100-sxm-80gb,A100,80GB,SXM,IB-HDR,3Y,NonInterruptible,Reserved,US-Central,US,HIF,T2IF,T1,2.0367,False,,Available,v2.2.1,candidate
2026-07-25,azure_reservations,a100-sxm-80gb,A100,80GB,SXM,IB-HDR,3Y,NonInterruptible,Reserved,US-West,US,HIF,T2IF,T1,2.3431,False,,Available,v2.2.1,candidate
2026-07-25,azure_reservations,a100-sxm-80gb,A100,80GB,SXM,IB-HDR,3Y,NonInterruptible,Reserved,Other,Other,HIF,T2IF,T1,2.5789,False,,Available,v2.2.1,candidate
2026-07-25,coreweave,a100-sxm-80gb,A100,80GB,SXM,IB-HDR,OnDemand,NonInterruptible,OnDemand,US-East,US,IIF,T2IF,T2,2.7000,True,local-nvme;free-egress;support-tier;observability;managed-ops-plane,Available,v2.2.1,panel
2026-07-25,coreweave,a100-sxm-80gb,A100,80GB,SXM,IB-HDR,OnDemand,Interruptible,Spot,US-East,US,DIF,T2IF,T2,1.2063,True,local-nvme;free-egress;support-tier;observability;managed-ops-plane,Available,v2.2.1,panel
2026-07-25,crusoe,a100-sxm-80gb,A100,80GB,SXM,IB-HDR,OnDemand,NonInterruptible,OnDemand,US-East,US,IIF,T2IF,T2,2.3000,True,local-nvme;free-egress,Available,v2.2.1,panel
2026-07-25,cyfuture,a100-sxm-80gb,A100,80GB,SXM,Unknown,1Y,NonInterruptible,Reserved,APAC,APAC,IIF,T2IF,T2,2.0800,False,,Available,v2.2.1,panel
2026-07-25,cyfuture,a100-sxm-80gb,A100,80GB,SXM,Unknown,6M,NonInterruptible,Reserved,APAC,APAC,IIF,T2IF,T2,2.1600,False,,Available,v2.2.1,panel
2026-07-25,datacrunch,a100-sxm-80gb,A100,80GB,SXM,IB-HDR,OnDemand,NonInterruptible,OnDemand,EU,EU,SIF,T2IF,T2,1.7900,True,local-nvme,Available,v2.2.1,panel
2026-07-25,datacrunch,a100-sxm-80gb,A100,80GB,SXM,IB-HDR,1M,NonInterruptible,Reserved,EU,EU,SIF,T2IF,T2,1.7542,True,local-nvme,Available,v2.2.1,panel
2026-07-25,datacrunch,a100-sxm-80gb,A100,80GB,SXM,IB-HDR,1Y,NonInterruptible,Reserved,EU,EU,SIF,T2IF,T2,1.6468,True,local-nvme,Available,v2.2.1,panel
2026-07-25,datacrunch,a100-sxm-80gb,A100,80GB,SXM,IB-HDR,2Y,NonInterruptible,Reserved,EU,EU,SIF,T2IF,T2,1.3425,True,local-nvme,Available,v2.2.1,panel
2026-07-25,datacrunch,a100-sxm-80gb,A100,80GB,SXM,IB-HDR,3M,NonInterruptible,Reserved,EU,EU,SIF,T2IF,T2,1.7363,True,local-nvme,Available,v2.2.1,panel
2026-07-25,datacrunch,a100-sxm-80gb,A100,80GB,SXM,IB-HDR,6M,NonInterruptible,Reserved,EU,EU,SIF,T2IF,T2,1.7184,True,local-nvme,Available,v2.2.1,panel
2026-07-25,datacrunch,a100-sxm-80gb,A100,80GB,SXM,IB-HDR,OnDemand,Interruptible,Spot,EU,EU,DIF,T2IF,T2,0.6265,True,local-nvme,Available,v2.2.1,panel
2026-07-25,deepinfra_gpu,a100-sxm-80gb,A100,80GB,SXM,,OnDemand,NonInterruptible,OnDemand,Other,Other,SIF,T2IF,T2,0.8900,False,,Available,v2.2.1,panel
2026-07-25,denvr,a100-sxm-80gb,A100,80GB,SXM,IB-HDR,OnDemand,NonInterruptible,OnDemand,Other,Other,SIF,T2IF,T2,1.3000,True,local-nvme,Available,v2.2.1,panel
2026-07-25,e2e,a100-sxm-80gb,A100,80GB,SXM,IB-NDR,OnDemand,NonInterruptible,OnDemand,APAC,APAC,IIF,T2IF,T2,2.1000,True,managed-ops-plane,Available,v2.2.1,panel
2026-07-25,e2e,a100-sxm-80gb,A100,80GB,SXM,IB-NDR,1M,NonInterruptible,Reserved,APAC,APAC,IIF,T2IF,T2,1.5319,True,managed-ops-plane,Available,v2.2.1,panel
2026-07-25,e2e,a100-sxm-80gb,A100,80GB,SXM,IB-NDR,1Y,NonInterruptible,Reserved,APAC,APAC,IIF,T2IF,T2,1.2050,True,managed-ops-plane,Available,v2.2.1,panel
2026-07-25,e2e,a100-sxm-80gb,A100,80GB,SXM,IB-NDR,3M,NonInterruptible,Reserved,APAC,APAC,IIF,T2IF,T2,1.4852,True,managed-ops-plane,Available,v2.2.1,panel
2026-07-25,e2e,a100-sxm-80gb,A100,80GB,SXM,IB-NDR,6M,NonInterruptible,Reserved,APAC,APAC,IIF,T2IF,T2,1.3092,True,managed-ops-plane,Available,v2.2.1,panel
2026-07-25,gcore,a100-sxm-80gb,A100,80GB,SXM,Unknown,OnDemand,NonInterruptible,OnDemand,EU,EU,IIF,T2IF,T2,1.4449,False,,Available,v2.2.1,panel
2026-07-25,gcp_cud,a100-sxm-80gb,A100,80GB,SXM,Ethernet,1Y,NonInterruptible,Reserved,US-Central,US,HIF,T2IF,T1,3.4811,False,,Available,v2.2.1,candidate
2026-07-25,gcp_cud,a100-sxm-80gb,A100,80GB,SXM,Ethernet,1Y,NonInterruptible,Reserved,US-West,US,HIF,T2IF,T1,3.4811,False,,Available,v2.2.1,candidate
2026-07-25,gcp_cud,a100-sxm-80gb,A100,80GB,SXM,Ethernet,1Y,NonInterruptible,Reserved,US-South,US,HIF,T2IF,T1,4.1077,False,,Available,v2.2.1,candidate
2026-07-25,gcp_cud,a100-sxm-80gb,A100,80GB,SXM,Ethernet,1Y,NonInterruptible,Reserved,US-East,US,HIF,T2IF,T1,3.4811,False,,Available,v2.2.1,candidate
2026-07-25,gcp_cud,a100-sxm-80gb,A100,80GB,SXM,Ethernet,3Y,NonInterruptible,Reserved,US-West,US,HIF,T2IF,T1,3.4877,False,,Available,v2.2.1,candidate
2026-07-25,gcp_cud,a100-sxm-80gb,A100,80GB,SXM,Ethernet,3Y,NonInterruptible,Reserved,US-East,US,HIF,T2IF,T1,3.4877,False,,Available,v2.2.1,candidate
2026-07-25,gcp_cud,a100-sxm-80gb,A100,80GB,SXM,Ethernet,3Y,NonInterruptible,Reserved,US-Central,US,HIF,T2IF,T1,3.0966,False,,Available,v2.2.1,candidate
2026-07-25,gcp_cud,a100-sxm-80gb,A100,80GB,SXM,Ethernet,3Y,NonInterruptible,Reserved,US-South,US,HIF,T2IF,T1,3.6540,False,,Available,v2.2.1,candidate
2026-07-25,hyperstack,a100-sxm-80gb,A100,80GB,SXM,Ethernet,OnDemand,NonInterruptible,OnDemand,Other,Other,SIF,,T2,1.6000,True,local-nvme,Available,v2.2.1,panel
2026-07-25,hyperstack,a100-sxm-80gb,A100,80GB,SXM,Ethernet,6M,NonInterruptible,Reserved,Other,Other,SIF,,T2,1.3600,True,local-nvme,Available,v2.2.1,panel
2026-07-25,jarvislabs,a100-sxm-80gb,A100,80GB,SXM,Unknown,OnDemand,NonInterruptible,OnDemand,APAC,APAC,IIF,T3IF,T2,1.4900,False,,Available,v2.2.1,panel
2026-07-25,lambda,a100-sxm-80gb,A100,80GB,SXM,Unknown,OnDemand,NonInterruptible,OnDemand,US-East,US,IIF,T3IF,T2,2.7900,True,local-nvme,Available,v2.2.1,panel
2026-07-25,massed_compute,a100-sxm-80gb,A100,80GB,SXM,Unknown,OnDemand,NonInterruptible,OnDemand,US-East,US,DIF,T3IF,T3,1.3800,False,,Available,v2.2.1,panel
2026-07-25,oci,a100-sxm-80gb,A100,80GB,SXM,RoCE-v2,OnDemand,NonInterruptible,OnDemand,US-East,US,HIF,T2IF,T1,4.0000,True,local-nvme;egress-capped;managed-ops-plane;support-tier;observability,Available,v2.2.1,panel
2026-07-25,paperspace,a100-sxm-80gb,A100,80GB,SXM,,OnDemand,NonInterruptible,OnDemand,Other,Other,SIF,T2IF,T2,3.1800,False,,Available,v2.2.1,panel
2026-07-25,paperspace,a100-sxm-80gb,A100,80GB,SXM,,3Y,NonInterruptible,Reserved,Other,Other,SIF,T2IF,T2,1.1500,False,,Available,v2.2.1,panel
2026-07-25,runpod_cluster,a100-sxm-80gb,A100,80GB,SXM,IB-HDR,OnDemand,NonInterruptible,OnDemand,Other,Other,DIF,T2IF,T3,1.7880,True,local-nvme,Available,v2.2.1,panel
2026-07-25,runpod_community,a100-sxm-80gb,A100,80GB,SXM,Unknown,OnDemand,NonInterruptible,OnDemand,Other,Other,DIF,T3IF,T3,1.3900,False,,Available,v2.2.1,panel
2026-07-25,runpod_secure,a100-sxm-80gb,A100,80GB,SXM,IB-HDR,OnDemand,NonInterruptible,OnDemand,Other,Other,DIF,T2IF,T3,1.4900,True,local-nvme,Available,v2.2.1,panel
2026-07-25,runpod_secure,a100-sxm-80gb,A100,80GB,SXM,IB-HDR,1Y,NonInterruptible,Reserved,Other,Other,DIF,T2IF,T3,1.4900,True,local-nvme,Available,v2.2.1,panel
2026-07-25,runpod_secure,a100-sxm-80gb,A100,80GB,SXM,IB-HDR,3M,NonInterruptible,Reserved,Other,Other,DIF,T2IF,T3,1.4900,True,local-nvme,Available,v2.2.1,panel
2026-07-25,runpod_secure,a100-sxm-80gb,A100,80GB,SXM,IB-HDR,6M,NonInterruptible,Reserved,Other,Other,DIF,T2IF,T3,1.4900,True,local-nvme,Available,v2.2.1,panel
2026-07-25,runpod_secure,a100-sxm-80gb,A100,80GB,SXM,IB-HDR,OnDemand,Interruptible,Spot,Other,Other,DIF,T2IF,T3,1.3900,True,local-nvme,Available,v2.2.1,panel
2026-07-25,sesterce,a100-sxm-80gb,A100,80GB,SXM,Unknown,OnDemand,NonInterruptible,OnDemand,Other,Other,IIF,T2IF,T2,1.4850,False,,Available,v2.2.1,panel
2026-07-25,tensordock,a100-sxm-80gb,A100,80GB,SXM,Unknown,OnDemand,NonInterruptible,OnDemand,Other,Other,DIF,T3IF,T3,1.2000,False,,Available,v2.2.1,panel
2026-07-25,vast_ai,a100-sxm-80gb,A100,80GB,SXM,Unknown,OnDemand,NonInterruptible,OnDemand,US-East,US,DIF,T3IF,T3,0.9333,True,local-nvme,Available,v2.2.1,marketplace
2026-07-25,vast_ai,a100-sxm-80gb,A100,80GB,SXM,Unknown,OnDemand,NonInterruptible,OnDemand,Other,Other,DIF,T3IF,T3,1.2267,True,local-nvme,Available,v2.2.1,marketplace
2026-07-25,vast_ai,a100-sxm-80gb,A100,80GB,SXM,Unknown,OnDemand,NonInterruptible,OnDemand,APAC,APAC,DIF,T3IF,T3,1.0427,True,local-nvme,Available,v2.2.1,marketplace
2026-07-25,vast_ai,a100-sxm-80gb,A100,80GB,SXM,Unknown,OnDemand,NonInterruptible,OnDemand,EU,EU,DIF,T3IF,T3,0.8305,True,local-nvme,Available,v2.2.1,marketplace
2026-07-25,vultr,a100-sxm-80gb,A100,80GB,SXM,Unknown,OnDemand,NonInterruptible,OnDemand,Other,Other,SIF,T2IF,T2,2.8000,False,,Available,v2.2.1,panel
2026-07-25,vultr,a100-sxm-80gb,A100,80GB,SXM,Unknown,OnDemand,Interruptible,Spot,Other,Other,DIF,T2IF,T2,1.4900,False,,Available,v2.2.1,panel
2026-07-26,atlas_cloud,a100-sxm-80gb,A100,80GB,SXM,Unknown,OnDemand,NonInterruptible,OnDemand,US-East,US,IIF,T2IF,T2,1.3500,False,,Available,v2.2.1,panel
2026-07-26,aws,a100-sxm-80gb,A100,80GB,SXM,EFA,OnDemand,NonInterruptible,OnDemand,US-East,US,HIF,T2IF,T1,3.4309,True,local-nvme;managed-ops-plane;support-tier;observability,Available,v2.2.1,panel
2026-07-26,aws,a100-sxm-80gb,A100,80GB,SXM,EFA,1Y,NonInterruptible,Reserved,US-East,US,HIF,T2IF,T1,2.1752,True,local-nvme;managed-ops-plane;support-tier;observability,Available,v2.2.1,panel
2026-07-26,aws,a100-sxm-80gb,A100,80GB,SXM,EFA,3Y,NonInterruptible,Reserved,US-East,US,HIF,T2IF,T1,1.4647,True,local-nvme;managed-ops-plane;support-tier;observability,Available,v2.2.1,panel
2026-07-26,aws,a100-sxm-80gb,A100,80GB,SXM,EFA,OnDemand,Interruptible,Spot,US-East,US,DIF,T2IF,T1,2.8766,False,,Available,v2.2.1,panel
2026-07-26,aws,a100-sxm-80gb,A100,80GB,SXM,EFA,OnDemand,Interruptible,Spot,US-West,US,DIF,T2IF,T1,2.7763,False,,Available,v2.2.1,panel
2026-07-26,azure,a100-sxm-80gb,A100,80GB,SXM,IB-HDR,OnDemand,NonInterruptible,OnDemand,US-East,US,HIF,T2IF,T1,4.0963,True,local-nvme;managed-ops-plane;support-tier;observability,Available,v2.2.1,panel
2026-07-26,azure,a100-sxm-80gb,A100,80GB,SXM,IB-HDR,1Y,NonInterruptible,Reserved,US-East,US,HIF,T2IF,T1,2.6216,True,local-nvme;managed-ops-plane;support-tier;observability,Available,v2.2.1,panel
2026-07-26,azure,a100-sxm-80gb,A100,80GB,SXM,IB-HDR,3Y,NonInterruptible,Reserved,US-East,US,HIF,T2IF,T1,1.8024,True,local-nvme;managed-ops-plane;support-tier;observability,Available,v2.2.1,panel
2026-07-26,azure_reservations,a100-sxm-80gb,A100,80GB,SXM,IB-HDR,OnDemand,NonInterruptible,OnDemand,US-East,US,HIF,T2IF,T1,4.0963,False,,Available,v2.2.1,candidate
2026-07-26,azure_reservations,a100-sxm-80gb,A100,80GB,SXM,IB-HDR,OnDemand,NonInterruptible,OnDemand,US-West,US,HIF,T2IF,T1,4.0963,False,,Available,v2.2.1,candidate
2026-07-26,azure_reservations,a100-sxm-80gb,A100,80GB,SXM,IB-HDR,OnDemand,NonInterruptible,OnDemand,US-South,US,HIF,T2IF,T1,4.9155,False,,Available,v2.2.1,candidate
2026-07-26,azure_reservations,a100-sxm-80gb,A100,80GB,SXM,IB-HDR,1Y,NonInterruptible,Reserved,US-Central,US,HIF,T2IF,T1,2.9624,False,,Available,v2.2.1,candidate
2026-07-26,azure_reservations,a100-sxm-80gb,A100,80GB,SXM,IB-HDR,1Y,NonInterruptible,Reserved,EU,EU,HIF,T2IF,T1,3.2770,False,,Available,v2.2.1,candidate
2026-07-26,azure_reservations,a100-sxm-80gb,A100,80GB,SXM,IB-HDR,1Y,NonInterruptible,Reserved,US-East,US,HIF,T2IF,T1,2.6216,False,,Available,v2.2.1,candidate
2026-07-26,azure_reservations,a100-sxm-80gb,A100,80GB,SXM,IB-HDR,1Y,NonInterruptible,Reserved,Other,Other,HIF,T2IF,T1,3.7512,False,,Available,v2.2.1,candidate
2026-07-26,azure_reservations,a100-sxm-80gb,A100,80GB,SXM,IB-HDR,1Y,NonInterruptible,Reserved,US-West,US,HIF,T2IF,T1,3.4081,False,,Available,v2.2.1,candidate
2026-07-26,azure_reservations,a100-sxm-80gb,A100,80GB,SXM,IB-HDR,1Y,NonInterruptible,Reserved,APAC,APAC,HIF,T2IF,T1,3.8013,False,,Available,v2.2.1,candidate
2026-07-26,azure_reservations,a100-sxm-80gb,A100,80GB,SXM,IB-HDR,1Y,NonInterruptible,Reserved,US-South,US,HIF,T2IF,T1,3.1459,False,,Available,v2.2.1,candidate
2026-07-26,azure_reservations,a100-sxm-80gb,A100,80GB,SXM,IB-HDR,3Y,NonInterruptible,Reserved,US-West,US,HIF,T2IF,T1,2.3431,False,,Available,v2.2.1,candidate
2026-07-26,azure_reservations,a100-sxm-80gb,A100,80GB,SXM,IB-HDR,3Y,NonInterruptible,Reserved,US-South,US,HIF,T2IF,T1,2.1628,False,,Available,v2.2.1,candidate
2026-07-26,azure_reservations,a100-sxm-80gb,A100,80GB,SXM,IB-HDR,3Y,NonInterruptible,Reserved,US-Central,US,HIF,T2IF,T1,2.0367,False,,Available,v2.2.1,candidate
2026-07-26,azure_reservations,a100-sxm-80gb,A100,80GB,SXM,IB-HDR,3Y,NonInterruptible,Reserved,APAC,APAC,HIF,T2IF,T1,2.6134,False,,Available,v2.2.1,candidate
2026-07-26,azure_reservations,a100-sxm-80gb,A100,80GB,SXM,IB-HDR,3Y,NonInterruptible,Reserved,EU,EU,HIF,T2IF,T1,2.2529,False,,Available,v2.2.1,candidate
2026-07-26,azure_reservations,a100-sxm-80gb,A100,80GB,SXM,IB-HDR,3Y,NonInterruptible,Reserved,US-East,US,HIF,T2IF,T1,1.8023,False,,Available,v2.2.1,candidate
2026-07-26,azure_reservations,a100-sxm-80gb,A100,80GB,SXM,IB-HDR,3Y,NonInterruptible,Reserved,Other,Other,HIF,T2IF,T1,2.5789,False,,Available,v2.2.1,candidate
2026-07-26,coreweave,a100-sxm-80gb,A100,80GB,SXM,IB-HDR,OnDemand,NonInterruptible,OnDemand,US-East,US,IIF,T2IF,T2,2.7000,True,local-nvme;free-egress;support-tier;observability;managed-ops-plane,Available,v2.2.1,panel
2026-07-26,coreweave,a100-sxm-80gb,A100,80GB,SXM,IB-HDR,OnDemand,Interruptible,Spot,US-East,US,DIF,T2IF,T2,1.2063,True,local-nvme;free-egress;support-tier;observability;managed-ops-plane,Available,v2.2.1,panel
2026-07-26,crusoe,a100-sxm-80gb,A100,80GB,SXM,IB-HDR,OnDemand,NonInterruptible,OnDemand,US-East,US,IIF,T2IF,T2,2.3000,True,local-nvme;free-egress,Available,v2.2.1,panel
2026-07-26,cyfuture,a100-sxm-80gb,A100,80GB,SXM,Unknown,1Y,NonInterruptible,Reserved,APAC,APAC,IIF,T2IF,T2,2.0800,False,,Available,v2.2.1,panel
2026-07-26,cyfuture,a100-sxm-80gb,A100,80GB,SXM,Unknown,6M,NonInterruptible,Reserved,APAC,APAC,IIF,T2IF,T2,2.1600,False,,Available,v2.2.1,panel
2026-07-26,datacrunch,a100-sxm-80gb,A100,80GB,SXM,IB-HDR,OnDemand,NonInterruptible,OnDemand,EU,EU,SIF,T2IF,T2,1.7900,True,local-nvme,Available,v2.2.1,panel
2026-07-26,datacrunch,a100-sxm-80gb,A100,80GB,SXM,IB-HDR,1M,NonInterruptible,Reserved,EU,EU,SIF,T2IF,T2,1.7542,True,local-nvme,Available,v2.2.1,panel
2026-07-26,datacrunch,a100-sxm-80gb,A100,80GB,SXM,IB-HDR,1Y,NonInterruptible,Reserved,EU,EU,SIF,T2IF,T2,1.6468,True,local-nvme,Available,v2.2.1,panel
2026-07-26,datacrunch,a100-sxm-80gb,A100,80GB,SXM,IB-HDR,2Y,NonInterruptible,Reserved,EU,EU,SIF,T2IF,T2,1.3425,True,local-nvme,Available,v2.2.1,panel
2026-07-26,datacrunch,a100-sxm-80gb,A100,80GB,SXM,IB-HDR,3M,NonInterruptible,Reserved,EU,EU,SIF,T2IF,T2,1.7363,True,local-nvme,Available,v2.2.1,panel
2026-07-26,datacrunch,a100-sxm-80gb,A100,80GB,SXM,IB-HDR,6M,NonInterruptible,Reserved,EU,EU,SIF,T2IF,T2,1.7184,True,local-nvme,Available,v2.2.1,panel
2026-07-26,datacrunch,a100-sxm-80gb,A100,80GB,SXM,IB-HDR,OnDemand,Interruptible,Spot,EU,EU,DIF,T2IF,T2,0.6265,True,local-nvme,Available,v2.2.1,panel
2026-07-26,deepinfra_gpu,a100-sxm-80gb,A100,80GB,SXM,,OnDemand,NonInterruptible,OnDemand,Other,Other,SIF,T2IF,T2,0.8900,False,,Available,v2.2.1,panel
2026-07-26,denvr,a100-sxm-80gb,A100,80GB,SXM,IB-HDR,OnDemand,NonInterruptible,OnDemand,Other,Other,SIF,T2IF,T2,1.3000,True,local-nvme,Available,v2.2.1,panel
2026-07-26,e2e,a100-sxm-80gb,A100,80GB,SXM,IB-NDR,OnDemand,NonInterruptible,OnDemand,APAC,APAC,IIF,T2IF,T2,2.1000,True,managed-ops-plane,Available,v2.2.1,panel
2026-07-26,e2e,a100-sxm-80gb,A100,80GB,SXM,IB-NDR,1M,NonInterruptible,Reserved,APAC,APAC,IIF,T2IF,T2,1.5319,True,managed-ops-plane,Available,v2.2.1,panel
2026-07-26,e2e,a100-sxm-80gb,A100,80GB,SXM,IB-NDR,1Y,NonInterruptible,Reserved,APAC,APAC,IIF,T2IF,T2,1.2050,True,managed-ops-plane,Available,v2.2.1,panel
2026-07-26,e2e,a100-sxm-80gb,A100,80GB,SXM,IB-NDR,3M,NonInterruptible,Reserved,APAC,APAC,IIF,T2IF,T2,1.4852,True,managed-ops-plane,Available,v2.2.1,panel
2026-07-26,e2e,a100-sxm-80gb,A100,80GB,SXM,IB-NDR,6M,NonInterruptible,Reserved,APAC,APAC,IIF,T2IF,T2,1.3092,True,managed-ops-plane,Available,v2.2.1,panel
2026-07-26,gcore,a100-sxm-80gb,A100,80GB,SXM,Unknown,OnDemand,NonInterruptible,OnDemand,EU,EU,IIF,T2IF,T2,1.4449,False,,Available,v2.2.1,panel
2026-07-26,gcp_cud,a100-sxm-80gb,A100,80GB,SXM,Ethernet,1Y,NonInterruptible,Reserved,US-West,US,HIF,T2IF,T1,3.4811,False,,Available,v2.2.1,candidate
2026-07-26,gcp_cud,a100-sxm-80gb,A100,80GB,SXM,Ethernet,1Y,NonInterruptible,Reserved,US-Central,US,HIF,T2IF,T1,3.4811,False,,Available,v2.2.1,candidate
2026-07-26,gcp_cud,a100-sxm-80gb,A100,80GB,SXM,Ethernet,1Y,NonInterruptible,Reserved,US-East,US,HIF,T2IF,T1,3.4811,False,,Available,v2.2.1,candidate
2026-07-26,gcp_cud,a100-sxm-80gb,A100,80GB,SXM,Ethernet,1Y,NonInterruptible,Reserved,US-South,US,HIF,T2IF,T1,4.1077,False,,Available,v2.2.1,candidate
2026-07-26,gcp_cud,a100-sxm-80gb,A100,80GB,SXM,Ethernet,3Y,NonInterruptible,Reserved,US-East,US,HIF,T2IF,T1,3.4877,False,,Available,v2.2.1,candidate
2026-07-26,gcp_cud,a100-sxm-80gb,A100,80GB,SXM,Ethernet,3Y,NonInterruptible,Reserved,US-West,US,HIF,T2IF,T1,3.4877,False,,Available,v2.2.1,candidate
2026-07-26,gcp_cud,a100-sxm-80gb,A100,80GB,SXM,Ethernet,3Y,NonInterruptible,Reserved,US-South,US,HIF,T2IF,T1,3.6540,False,,Available,v2.2.1,candidate
2026-07-26,gcp_cud,a100-sxm-80gb,A100,80GB,SXM,Ethernet,3Y,NonInterruptible,Reserved,US-Central,US,HIF,T2IF,T1,3.0966,False,,Available,v2.2.1,candidate
2026-07-26,hyperstack,a100-sxm-80gb,A100,80GB,SXM,Ethernet,OnDemand,NonInterruptible,OnDemand,Other,Other,SIF,,T2,1.6000,True,local-nvme,Available,v2.2.1,panel
2026-07-26,hyperstack,a100-sxm-80gb,A100,80GB,SXM,Ethernet,6M,NonInterruptible,Reserved,Other,Other,SIF,,T2,1.3600,True,local-nvme,Available,v2.2.1,panel
2026-07-26,jarvislabs,a100-sxm-80gb,A100,80GB,SXM,Unknown,OnDemand,NonInterruptible,OnDemand,APAC,APAC,IIF,T3IF,T2,1.4900,False,,Available,v2.2.1,panel
2026-07-26,lambda,a100-sxm-80gb,A100,80GB,SXM,Unknown,OnDemand,NonInterruptible,OnDemand,US-East,US,IIF,T3IF,T2,2.7900,True,local-nvme,Available,v2.2.1,panel
2026-07-26,massed_compute,a100-sxm-80gb,A100,80GB,SXM,Unknown,OnDemand,NonInterruptible,OnDemand,US-East,US,DIF,T3IF,T3,1.3800,False,,Available,v2.2.1,panel
2026-07-26,oci,a100-sxm-80gb,A100,80GB,SXM,RoCE-v2,OnDemand,NonInterruptible,OnDemand,US-East,US,HIF,T2IF,T1,4.0000,True,local-nvme;egress-capped;managed-ops-plane;support-tier;observability,Available,v2.2.1,panel
2026-07-26,paperspace,a100-sxm-80gb,A100,80GB,SXM,,OnDemand,NonInterruptible,OnDemand,Other,Other,SIF,T2IF,T2,3.1800,False,,Available,v2.2.1,panel
2026-07-26,paperspace,a100-sxm-80gb,A100,80GB,SXM,,3Y,NonInterruptible,Reserved,Other,Other,SIF,T2IF,T2,1.1500,False,,Available,v2.2.1,panel
2026-07-26,runpod_cluster,a100-sxm-80gb,A100,80GB,SXM,IB-HDR,OnDemand,NonInterruptible,OnDemand,Other,Other,DIF,T2IF,T3,1.7880,True,local-nvme,Available,v2.2.1,panel
2026-07-26,runpod_community,a100-sxm-80gb,A100,80GB,SXM,Unknown,OnDemand,NonInterruptible,OnDemand,Other,Other,DIF,T3IF,T3,1.3900,False,,Available,v2.2.1,panel
2026-07-26,runpod_secure,a100-sxm-80gb,A100,80GB,SXM,IB-HDR,OnDemand,NonInterruptible,OnDemand,Other,Other,DIF,T2IF,T3,1.4900,True,local-nvme,Available,v2.2.1,panel
2026-07-26,runpod_secure,a100-sxm-80gb,A100,80GB,SXM,IB-HDR,1Y,NonInterruptible,Reserved,Other,Other,DIF,T2IF,T3,1.4900,True,local-nvme,Available,v2.2.1,panel
2026-07-26,runpod_secure,a100-sxm-80gb,A100,80GB,SXM,IB-HDR,3M,NonInterruptible,Reserved,Other,Other,DIF,T2IF,T3,1.4900,True,local-nvme,Available,v2.2.1,panel
2026-07-26,runpod_secure,a100-sxm-80gb,A100,80GB,SXM,IB-HDR,6M,NonInterruptible,Reserved,Other,Other,DIF,T2IF,T3,1.4900,True,local-nvme,Available,v2.2.1,panel
2026-07-26,runpod_secure,a100-sxm-80gb,A100,80GB,SXM,IB-HDR,OnDemand,Interruptible,Spot,Other,Other,DIF,T2IF,T3,1.3900,True,local-nvme,Available,v2.2.1,panel
2026-07-26,sesterce,a100-sxm-80gb,A100,80GB,SXM,Unknown,OnDemand,NonInterruptible,OnDemand,Other,Other,IIF,T2IF,T2,1.4850,False,,Available,v2.2.1,panel
2026-07-26,spheron,a100-sxm-80gb,A100,80GB,SXM,Unknown,OnDemand,NonInterruptible,OnDemand,US-East,US,DIF,T3IF,T3,1.6905,False,,Available,v2.2.1,panel
2026-07-26,tensordock,a100-sxm-80gb,A100,80GB,SXM,Unknown,OnDemand,NonInterruptible,OnDemand,Other,Other,DIF,T3IF,T3,1.2000,False,,Available,v2.2.1,panel
2026-07-26,vast_ai,a100-sxm-80gb,A100,80GB,SXM,Unknown,OnDemand,NonInterruptible,OnDemand,Other,Other,DIF,T3IF,T3,1.2267,True,local-nvme,Available,v2.2.1,marketplace
2026-07-26,vast_ai,a100-sxm-80gb,A100,80GB,SXM,Unknown,OnDemand,NonInterruptible,OnDemand,APAC,APAC,DIF,T3IF,T3,1.1733,True,local-nvme,Available,v2.2.1,marketplace
2026-07-26,vultr,a100-sxm-80gb,A100,80GB,SXM,Unknown,OnDemand,NonInterruptible,OnDemand,Other,Other,SIF,T2IF,T2,2.8000,False,,Available,v2.2.1,panel
2026-07-26,vultr,a100-sxm-80gb,A100,80GB,SXM,Unknown,OnDemand,Interruptible,Spot,Other,Other,DIF,T2IF,T2,1.4900,False,,Available,v2.2.1,panel
2026-07-27,atlas_cloud,a100-sxm-80gb,A100,80GB,SXM,Unknown,OnDemand,NonInterruptible,OnDemand,US-East,US,IIF,T2IF,T2,1.3500,False,,Available,v2.2.1,panel
2026-07-27,aws,a100-sxm-80gb,A100,80GB,SXM,EFA,OnDemand,NonInterruptible,OnDemand,US-East,US,HIF,T2IF,T1,3.4309,True,local-nvme;managed-ops-plane;support-tier;observability,Available,v2.2.1,panel
2026-07-27,aws,a100-sxm-80gb,A100,80GB,SXM,EFA,1Y,NonInterruptible,Reserved,US-East,US,HIF,T2IF,T1,2.1752,True,local-nvme;managed-ops-plane;support-tier;observability,Available,v2.2.1,panel
2026-07-27,aws,a100-sxm-80gb,A100,80GB,SXM,EFA,3Y,NonInterruptible,Reserved,US-East,US,HIF,T2IF,T1,1.4647,True,local-nvme;managed-ops-plane;support-tier;observability,Available,v2.2.1,panel
2026-07-27,aws,a100-sxm-80gb,A100,80GB,SXM,EFA,OnDemand,Interruptible,Spot,US-East,US,DIF,T2IF,T1,2.9020,False,,Available,v2.2.1,panel
2026-07-27,aws,a100-sxm-80gb,A100,80GB,SXM,EFA,OnDemand,Interruptible,Spot,US-West,US,DIF,T2IF,T1,2.7966,False,,Available,v2.2.1,panel
2026-07-27,azure,a100-sxm-80gb,A100,80GB,SXM,IB-HDR,OnDemand,NonInterruptible,OnDemand,US-East,US,HIF,T2IF,T1,4.0963,True,local-nvme;managed-ops-plane;support-tier;observability,Available,v2.2.1,panel
2026-07-27,azure,a100-sxm-80gb,A100,80GB,SXM,IB-HDR,1Y,NonInterruptible,Reserved,US-East,US,HIF,T2IF,T1,2.6216,True,local-nvme;managed-ops-plane;support-tier;observability,Available,v2.2.1,panel
2026-07-27,azure,a100-sxm-80gb,A100,80GB,SXM,IB-HDR,3Y,NonInterruptible,Reserved,US-East,US,HIF,T2IF,T1,1.8024,True,local-nvme;managed-ops-plane;support-tier;observability,Available,v2.2.1,panel
2026-07-27,azure_reservations,a100-sxm-80gb,A100,80GB,SXM,IB-HDR,OnDemand,NonInterruptible,OnDemand,US-East,US,HIF,T2IF,T1,4.0963,False,,Available,v2.2.1,candidate
2026-07-27,azure_reservations,a100-sxm-80gb,A100,80GB,SXM,IB-HDR,OnDemand,NonInterruptible,OnDemand,US-West,US,HIF,T2IF,T1,4.0963,False,,Available,v2.2.1,candidate
2026-07-27,azure_reservations,a100-sxm-80gb,A100,80GB,SXM,IB-HDR,OnDemand,NonInterruptible,OnDemand,US-South,US,HIF,T2IF,T1,4.9155,False,,Available,v2.2.1,candidate
2026-07-27,azure_reservations,a100-sxm-80gb,A100,80GB,SXM,IB-HDR,1Y,NonInterruptible,Reserved,Other,Other,HIF,T2IF,T1,3.7512,False,,Available,v2.2.1,candidate
2026-07-27,azure_reservations,a100-sxm-80gb,A100,80GB,SXM,IB-HDR,1Y,NonInterruptible,Reserved,APAC,APAC,HIF,T2IF,T1,3.8013,False,,Available,v2.2.1,candidate
2026-07-27,azure_reservations,a100-sxm-80gb,A100,80GB,SXM,IB-HDR,1Y,NonInterruptible,Reserved,US-West,US,HIF,T2IF,T1,3.4081,False,,Available,v2.2.1,candidate
2026-07-27,azure_reservations,a100-sxm-80gb,A100,80GB,SXM,IB-HDR,1Y,NonInterruptible,Reserved,US-East,US,HIF,T2IF,T1,2.6216,False,,Available,v2.2.1,candidate
2026-07-27,azure_reservations,a100-sxm-80gb,A100,80GB,SXM,IB-HDR,1Y,NonInterruptible,Reserved,EU,EU,HIF,T2IF,T1,3.2770,False,,Available,v2.2.1,candidate
2026-07-27,azure_reservations,a100-sxm-80gb,A100,80GB,SXM,IB-HDR,1Y,NonInterruptible,Reserved,US-South,US,HIF,T2IF,T1,3.1459,False,,Available,v2.2.1,candidate
2026-07-27,azure_reservations,a100-sxm-80gb,A100,80GB,SXM,IB-HDR,1Y,NonInterruptible,Reserved,US-Central,US,HIF,T2IF,T1,2.9624,False,,Available,v2.2.1,candidate
2026-07-27,azure_reservations,a100-sxm-80gb,A100,80GB,SXM,IB-HDR,3Y,NonInterruptible,Reserved,US-East,US,HIF,T2IF,T1,1.8023,False,,Available,v2.2.1,candidate
2026-07-27,azure_reservations,a100-sxm-80gb,A100,80GB,SXM,IB-HDR,3Y,NonInterruptible,Reserved,APAC,APAC,HIF,T2IF,T1,2.6134,False,,Available,v2.2.1,candidate
2026-07-27,azure_reservations,a100-sxm-80gb,A100,80GB,SXM,IB-HDR,3Y,NonInterruptible,Reserved,US-West,US,HIF,T2IF,T1,2.3431,False,,Available,v2.2.1,candidate
2026-07-27,azure_reservations,a100-sxm-80gb,A100,80GB,SXM,IB-HDR,3Y,NonInterruptible,Reserved,Other,Other,HIF,T2IF,T1,2.5789,False,,Available,v2.2.1,candidate
2026-07-27,azure_reservations,a100-sxm-80gb,A100,80GB,SXM,IB-HDR,3Y,NonInterruptible,Reserved,EU,EU,HIF,T2IF,T1,2.2529,False,,Available,v2.2.1,candidate
2026-07-27,azure_reservations,a100-sxm-80gb,A100,80GB,SXM,IB-HDR,3Y,NonInterruptible,Reserved,US-Central,US,HIF,T2IF,T1,2.0367,False,,Available,v2.2.1,candidate
2026-07-27,azure_reservations,a100-sxm-80gb,A100,80GB,SXM,IB-HDR,3Y,NonInterruptible,Reserved,US-South,US,HIF,T2IF,T1,2.1628,False,,Available,v2.2.1,candidate
2026-07-27,coreweave,a100-sxm-80gb,A100,80GB,SXM,IB-HDR,OnDemand,NonInterruptible,OnDemand,US-East,US,IIF,T2IF,T2,2.7000,True,local-nvme;free-egress;support-tier;observability;managed-ops-plane,Available,v2.2.1,panel
2026-07-27,coreweave,a100-sxm-80gb,A100,80GB,SXM,IB-HDR,OnDemand,Interruptible,Spot,US-East,US,DIF,T2IF,T2,1.2063,True,local-nvme;free-egress;support-tier;observability;managed-ops-plane,Available,v2.2.1,panel
2026-07-27,crusoe,a100-sxm-80gb,A100,80GB,SXM,IB-HDR,OnDemand,NonInterruptible,OnDemand,US-East,US,IIF,T2IF,T2,2.3000,True,local-nvme;free-egress,Available,v2.2.1,panel
2026-07-27,cyfuture,a100-sxm-80gb,A100,80GB,SXM,Unknown,1Y,NonInterruptible,Reserved,APAC,APAC,IIF,T2IF,T2,2.0800,False,,Available,v2.2.1,panel
2026-07-27,cyfuture,a100-sxm-80gb,A100,80GB,SXM,Unknown,6M,NonInterruptible,Reserved,APAC,APAC,IIF,T2IF,T2,2.1600,False,,Available,v2.2.1,panel
2026-07-27,datacrunch,a100-sxm-80gb,A100,80GB,SXM,IB-HDR,OnDemand,NonInterruptible,OnDemand,EU,EU,SIF,T2IF,T2,1.7900,True,local-nvme,Available,v2.2.1,panel
2026-07-27,datacrunch,a100-sxm-80gb,A100,80GB,SXM,IB-HDR,1M,NonInterruptible,Reserved,EU,EU,SIF,T2IF,T2,1.7542,True,local-nvme,Available,v2.2.1,panel
2026-07-27,datacrunch,a100-sxm-80gb,A100,80GB,SXM,IB-HDR,1Y,NonInterruptible,Reserved,EU,EU,SIF,T2IF,T2,1.6468,True,local-nvme,Available,v2.2.1,panel
2026-07-27,datacrunch,a100-sxm-80gb,A100,80GB,SXM,IB-HDR,2Y,NonInterruptible,Reserved,EU,EU,SIF,T2IF,T2,1.3425,True,local-nvme,Available,v2.2.1,panel
2026-07-27,datacrunch,a100-sxm-80gb,A100,80GB,SXM,IB-HDR,3M,NonInterruptible,Reserved,EU,EU,SIF,T2IF,T2,1.7363,True,local-nvme,Available,v2.2.1,panel
2026-07-27,datacrunch,a100-sxm-80gb,A100,80GB,SXM,IB-HDR,6M,NonInterruptible,Reserved,EU,EU,SIF,T2IF,T2,1.7184,True,local-nvme,Available,v2.2.1,panel
2026-07-27,datacrunch,a100-sxm-80gb,A100,80GB,SXM,IB-HDR,OnDemand,Interruptible,Spot,EU,EU,DIF,T2IF,T2,0.6265,True,local-nvme,Available,v2.2.1,panel
2026-07-27,deepinfra_gpu,a100-sxm-80gb,A100,80GB,SXM,,OnDemand,NonInterruptible,OnDemand,Other,Other,SIF,T2IF,T2,0.8900,False,,Available,v2.2.1,panel
2026-07-27,denvr,a100-sxm-80gb,A100,80GB,SXM,IB-HDR,OnDemand,NonInterruptible,OnDemand,Other,Other,SIF,T2IF,T2,1.3000,True,local-nvme,Available,v2.2.1,panel
2026-07-27,e2e,a100-sxm-80gb,A100,80GB,SXM,IB-NDR,OnDemand,NonInterruptible,OnDemand,APAC,APAC,IIF,T2IF,T2,2.1000,True,managed-ops-plane,Available,v2.2.1,panel
2026-07-27,e2e,a100-sxm-80gb,A100,80GB,SXM,IB-NDR,1M,NonInterruptible,Reserved,APAC,APAC,IIF,T2IF,T2,1.5319,True,managed-ops-plane,Available,v2.2.1,panel
2026-07-27,e2e,a100-sxm-80gb,A100,80GB,SXM,IB-NDR,1Y,NonInterruptible,Reserved,APAC,APAC,IIF,T2IF,T2,1.2050,True,managed-ops-plane,Available,v2.2.1,panel
2026-07-27,e2e,a100-sxm-80gb,A100,80GB,SXM,IB-NDR,3M,NonInterruptible,Reserved,APAC,APAC,IIF,T2IF,T2,1.4852,True,managed-ops-plane,Available,v2.2.1,panel
2026-07-27,e2e,a100-sxm-80gb,A100,80GB,SXM,IB-NDR,6M,NonInterruptible,Reserved,APAC,APAC,IIF,T2IF,T2,1.3092,True,managed-ops-plane,Available,v2.2.1,panel
2026-07-27,gcore,a100-sxm-80gb,A100,80GB,SXM,Unknown,OnDemand,NonInterruptible,OnDemand,EU,EU,IIF,T2IF,T2,1.4449,False,,Available,v2.2.1,panel
2026-07-27,gcp_cud,a100-sxm-80gb,A100,80GB,SXM,Ethernet,1Y,NonInterruptible,Reserved,US-South,US,HIF,T2IF,T1,4.1077,False,,Available,v2.2.1,candidate
2026-07-27,gcp_cud,a100-sxm-80gb,A100,80GB,SXM,Ethernet,1Y,NonInterruptible,Reserved,US-Central,US,HIF,T2IF,T1,3.4811,False,,Available,v2.2.1,candidate
2026-07-27,gcp_cud,a100-sxm-80gb,A100,80GB,SXM,Ethernet,1Y,NonInterruptible,Reserved,US-West,US,HIF,T2IF,T1,3.4811,False,,Available,v2.2.1,candidate
2026-07-27,gcp_cud,a100-sxm-80gb,A100,80GB,SXM,Ethernet,1Y,NonInterruptible,Reserved,US-East,US,HIF,T2IF,T1,3.4811,False,,Available,v2.2.1,candidate
2026-07-27,gcp_cud,a100-sxm-80gb,A100,80GB,SXM,Ethernet,3Y,NonInterruptible,Reserved,US-West,US,HIF,T2IF,T1,3.4877,False,,Available,v2.2.1,candidate
2026-07-27,gcp_cud,a100-sxm-80gb,A100,80GB,SXM,Ethernet,3Y,NonInterruptible,Reserved,US-South,US,HIF,T2IF,T1,3.6540,False,,Available,v2.2.1,candidate
2026-07-27,gcp_cud,a100-sxm-80gb,A100,80GB,SXM,Ethernet,3Y,NonInterruptible,Reserved,US-Central,US,HIF,T2IF,T1,3.0966,False,,Available,v2.2.1,candidate
2026-07-27,gcp_cud,a100-sxm-80gb,A100,80GB,SXM,Ethernet,3Y,NonInterruptible,Reserved,US-East,US,HIF,T2IF,T1,3.4877,False,,Available,v2.2.1,candidate
2026-07-27,hyperstack,a100-sxm-80gb,A100,80GB,SXM,Ethernet,OnDemand,NonInterruptible,OnDemand,Other,Other,SIF,,T2,1.6000,True,local-nvme,Available,v2.2.1,panel
2026-07-27,hyperstack,a100-sxm-80gb,A100,80GB,SXM,Ethernet,6M,NonInterruptible,Reserved,Other,Other,SIF,,T2,1.3600,True,local-nvme,Available,v2.2.1,panel
2026-07-27,jarvislabs,a100-sxm-80gb,A100,80GB,SXM,Unknown,OnDemand,NonInterruptible,OnDemand,APAC,APAC,IIF,T3IF,T2,1.4900,False,,Available,v2.2.1,panel
2026-07-27,massed_compute,a100-sxm-80gb,A100,80GB,SXM,Unknown,OnDemand,NonInterruptible,OnDemand,US-East,US,DIF,T3IF,T3,1.3800,False,,Available,v2.2.1,panel
2026-07-27,oci,a100-sxm-80gb,A100,80GB,SXM,RoCE-v2,OnDemand,NonInterruptible,OnDemand,US-East,US,HIF,T2IF,T1,4.0000,True,local-nvme;egress-capped;managed-ops-plane;support-tier;observability,Available,v2.2.1,panel
2026-07-27,paperspace,a100-sxm-80gb,A100,80GB,SXM,,OnDemand,NonInterruptible,OnDemand,Other,Other,SIF,T2IF,T2,3.1800,False,,Available,v2.2.1,panel
2026-07-27,paperspace,a100-sxm-80gb,A100,80GB,SXM,,3Y,NonInterruptible,Reserved,Other,Other,SIF,T2IF,T2,1.1500,False,,Available,v2.2.1,panel
2026-07-27,runpod_cluster,a100-sxm-80gb,A100,80GB,SXM,IB-HDR,OnDemand,NonInterruptible,OnDemand,Other,Other,DIF,T2IF,T3,1.7880,True,local-nvme,Available,v2.2.1,panel
2026-07-27,runpod_community,a100-sxm-80gb,A100,80GB,SXM,Unknown,OnDemand,NonInterruptible,OnDemand,Other,Other,DIF,T3IF,T3,1.3900,False,,Available,v2.2.1,panel
2026-07-27,runpod_secure,a100-sxm-80gb,A100,80GB,SXM,IB-HDR,OnDemand,NonInterruptible,OnDemand,Other,Other,DIF,T2IF,T3,1.4900,True,local-nvme,Available,v2.2.1,panel
2026-07-27,runpod_secure,a100-sxm-80gb,A100,80GB,SXM,IB-HDR,1Y,NonInterruptible,Reserved,Other,Other,DIF,T2IF,T3,1.4900,True,local-nvme,Available,v2.2.1,panel
2026-07-27,runpod_secure,a100-sxm-80gb,A100,80GB,SXM,IB-HDR,3M,NonInterruptible,Reserved,Other,Other,DIF,T2IF,T3,1.4900,True,local-nvme,Available,v2.2.1,panel
2026-07-27,runpod_secure,a100-sxm-80gb,A100,80GB,SXM,IB-HDR,6M,NonInterruptible,Reserved,Other,Other,DIF,T2IF,T3,1.4900,True,local-nvme,Available,v2.2.1,panel
2026-07-27,runpod_secure,a100-sxm-80gb,A100,80GB,SXM,IB-HDR,OnDemand,Interruptible,Spot,Other,Other,DIF,T2IF,T3,1.3900,True,local-nvme,Available,v2.2.1,panel
2026-07-27,sesterce,a100-sxm-80gb,A100,80GB,SXM,Unknown,OnDemand,NonInterruptible,OnDemand,Other,Other,IIF,T2IF,T2,1.5180,False,,Available,v2.2.1,panel
2026-07-27,spheron,a100-sxm-80gb,A100,80GB,SXM,Unknown,OnDemand,NonInterruptible,OnDemand,US-East,US,DIF,T3IF,T3,1.6905,False,,Available,v2.2.1,panel
2026-07-27,tensordock,a100-sxm-80gb,A100,80GB,SXM,Unknown,OnDemand,NonInterruptible,OnDemand,Other,Other,DIF,T3IF,T3,1.2000,False,,Available,v2.2.1,panel
2026-07-27,vast_ai,a100-sxm-80gb,A100,80GB,SXM,Unknown,OnDemand,NonInterruptible,OnDemand,Other,Other,DIF,T3IF,T3,0.8133,True,local-nvme,Available,v2.2.1,marketplace
2026-07-27,vast_ai,a100-sxm-80gb,A100,80GB,SXM,Unknown,OnDemand,NonInterruptible,OnDemand,APAC,APAC,DIF,T3IF,T3,0.8962,True,local-nvme,Available,v2.2.1,marketplace
2026-07-27,vultr,a100-sxm-80gb,A100,80GB,SXM,Unknown,OnDemand,NonInterruptible,OnDemand,Other,Other,SIF,T2IF,T2,2.8000,False,,Available,v2.2.1,panel
2026-07-27,vultr,a100-sxm-80gb,A100,80GB,SXM,Unknown,OnDemand,Interruptible,Spot,Other,Other,DIF,T2IF,T2,1.4900,False,,Available,v2.2.1,panel
2026-07-28,atlas_cloud,a100-sxm-80gb,A100,80GB,SXM,Unknown,OnDemand,NonInterruptible,OnDemand,US-East,US,IIF,T2IF,T2,1.3500,False,,Available,v2.2.1,panel
2026-07-28,aws,a100-sxm-80gb,A100,80GB,SXM,EFA,OnDemand,NonInterruptible,OnDemand,US-East,US,HIF,T2IF,T1,3.4309,True,local-nvme;managed-ops-plane;support-tier;observability,Available,v2.2.1,panel
2026-07-28,aws,a100-sxm-80gb,A100,80GB,SXM,EFA,1Y,NonInterruptible,Reserved,US-East,US,HIF,T2IF,T1,2.1752,True,local-nvme;managed-ops-plane;support-tier;observability,Available,v2.2.1,panel
2026-07-28,aws,a100-sxm-80gb,A100,80GB,SXM,EFA,3Y,NonInterruptible,Reserved,US-East,US,HIF,T2IF,T1,1.4647,True,local-nvme;managed-ops-plane;support-tier;observability,Available,v2.2.1,panel
2026-07-28,aws,a100-sxm-80gb,A100,80GB,SXM,EFA,OnDemand,Interruptible,Spot,US-West,US,DIF,T2IF,T1,2.8655,False,,Available,v2.2.1,panel
2026-07-28,aws,a100-sxm-80gb,A100,80GB,SXM,EFA,OnDemand,Interruptible,Spot,US-East,US,DIF,T2IF,T1,2.9786,False,,Available,v2.2.1,panel
2026-07-28,azure,a100-sxm-80gb,A100,80GB,SXM,IB-HDR,OnDemand,NonInterruptible,OnDemand,US-East,US,HIF,T2IF,T1,4.0963,True,local-nvme;managed-ops-plane;support-tier;observability,Available,v2.2.1,panel
2026-07-28,azure,a100-sxm-80gb,A100,80GB,SXM,IB-HDR,1Y,NonInterruptible,Reserved,US-East,US,HIF,T2IF,T1,2.6216,True,local-nvme;managed-ops-plane;support-tier;observability,Available,v2.2.1,panel
2026-07-28,azure,a100-sxm-80gb,A100,80GB,SXM,IB-HDR,3Y,NonInterruptible,Reserved,US-East,US,HIF,T2IF,T1,1.8024,True,local-nvme;managed-ops-plane;support-tier;observability,Available,v2.2.1,panel
2026-07-28,azure_reservations,a100-sxm-80gb,A100,80GB,SXM,IB-HDR,OnDemand,NonInterruptible,OnDemand,US-East,US,HIF,T2IF,T1,4.0963,False,,Available,v2.2.1,candidate
2026-07-28,azure_reservations,a100-sxm-80gb,A100,80GB,SXM,IB-HDR,OnDemand,NonInterruptible,OnDemand,US-South,US,HIF,T2IF,T1,4.9155,False,,Available,v2.2.1,candidate
2026-07-28,azure_reservations,a100-sxm-80gb,A100,80GB,SXM,IB-HDR,OnDemand,NonInterruptible,OnDemand,US-West,US,HIF,T2IF,T1,4.0963,False,,Available,v2.2.1,candidate
2026-07-28,azure_reservations,a100-sxm-80gb,A100,80GB,SXM,IB-HDR,1Y,NonInterruptible,Reserved,APAC,APAC,HIF,T2IF,T1,3.8013,False,,Available,v2.2.1,candidate
2026-07-28,azure_reservations,a100-sxm-80gb,A100,80GB,SXM,IB-HDR,1Y,NonInterruptible,Reserved,US-South,US,HIF,T2IF,T1,3.1459,False,,Available,v2.2.1,candidate
2026-07-28,azure_reservations,a100-sxm-80gb,A100,80GB,SXM,IB-HDR,1Y,NonInterruptible,Reserved,US-Central,US,HIF,T2IF,T1,2.9624,False,,Available,v2.2.1,candidate
2026-07-28,azure_reservations,a100-sxm-80gb,A100,80GB,SXM,IB-HDR,1Y,NonInterruptible,Reserved,US-West,US,HIF,T2IF,T1,3.4081,False,,Available,v2.2.1,candidate
2026-07-28,azure_reservations,a100-sxm-80gb,A100,80GB,SXM,IB-HDR,1Y,NonInterruptible,Reserved,EU,EU,HIF,T2IF,T1,3.2770,False,,Available,v2.2.1,candidate
2026-07-28,azure_reservations,a100-sxm-80gb,A100,80GB,SXM,IB-HDR,1Y,NonInterruptible,Reserved,Other,Other,HIF,T2IF,T1,3.7512,False,,Available,v2.2.1,candidate
2026-07-28,azure_reservations,a100-sxm-80gb,A100,80GB,SXM,IB-HDR,1Y,NonInterruptible,Reserved,US-East,US,HIF,T2IF,T1,2.6216,False,,Available,v2.2.1,candidate
2026-07-28,azure_reservations,a100-sxm-80gb,A100,80GB,SXM,IB-HDR,3Y,NonInterruptible,Reserved,Other,Other,HIF,T2IF,T1,2.5789,False,,Available,v2.2.1,candidate
2026-07-28,azure_reservations,a100-sxm-80gb,A100,80GB,SXM,IB-HDR,3Y,NonInterruptible,Reserved,EU,EU,HIF,T2IF,T1,2.2529,False,,Available,v2.2.1,candidate
2026-07-28,azure_reservations,a100-sxm-80gb,A100,80GB,SXM,IB-HDR,3Y,NonInterruptible,Reserved,APAC,APAC,HIF,T2IF,T1,2.6134,False,,Available,v2.2.1,candidate
2026-07-28,azure_reservations,a100-sxm-80gb,A100,80GB,SXM,IB-HDR,3Y,NonInterruptible,Reserved,US-East,US,HIF,T2IF,T1,1.8023,False,,Available,v2.2.1,candidate
2026-07-28,azure_reservations,a100-sxm-80gb,A100,80GB,SXM,IB-HDR,3Y,NonInterruptible,Reserved,US-South,US,HIF,T2IF,T1,2.1628,False,,Available,v2.2.1,candidate
2026-07-28,azure_reservations,a100-sxm-80gb,A100,80GB,SXM,IB-HDR,3Y,NonInterruptible,Reserved,US-West,US,HIF,T2IF,T1,2.3431,False,,Available,v2.2.1,candidate
2026-07-28,azure_reservations,a100-sxm-80gb,A100,80GB,SXM,IB-HDR,3Y,NonInterruptible,Reserved,US-Central,US,HIF,T2IF,T1,2.0367,False,,Available,v2.2.1,candidate
2026-07-28,coreweave,a100-sxm-80gb,A100,80GB,SXM,IB-HDR,OnDemand,NonInterruptible,OnDemand,US-East,US,IIF,T2IF,T2,2.7000,True,local-nvme;free-egress;support-tier;observability;managed-ops-plane,Available,v2.2.1,panel
2026-07-28,coreweave,a100-sxm-80gb,A100,80GB,SXM,IB-HDR,OnDemand,Interruptible,Spot,US-East,US,DIF,T2IF,T2,1.2063,True,local-nvme;free-egress;support-tier;observability;managed-ops-plane,Available,v2.2.1,panel
2026-07-28,crusoe,a100-sxm-80gb,A100,80GB,SXM,IB-HDR,OnDemand,NonInterruptible,OnDemand,US-East,US,IIF,T2IF,T2,2.3000,True,local-nvme;free-egress,Available,v2.2.1,panel
2026-07-28,cyfuture,a100-sxm-80gb,A100,80GB,SXM,Unknown,1Y,NonInterruptible,Reserved,APAC,APAC,IIF,T2IF,T2,2.0800,False,,Available,v2.2.1,panel
2026-07-28,cyfuture,a100-sxm-80gb,A100,80GB,SXM,Unknown,6M,NonInterruptible,Reserved,APAC,APAC,IIF,T2IF,T2,2.1600,False,,Available,v2.2.1,panel
2026-07-28,datacrunch,a100-sxm-80gb,A100,80GB,SXM,IB-HDR,OnDemand,NonInterruptible,OnDemand,EU,EU,SIF,T2IF,T2,1.7900,True,local-nvme,Available,v2.2.1,panel
2026-07-28,datacrunch,a100-sxm-80gb,A100,80GB,SXM,IB-HDR,1M,NonInterruptible,Reserved,EU,EU,SIF,T2IF,T2,1.7542,True,local-nvme,Available,v2.2.1,panel
2026-07-28,datacrunch,a100-sxm-80gb,A100,80GB,SXM,IB-HDR,1Y,NonInterruptible,Reserved,EU,EU,SIF,T2IF,T2,1.6468,True,local-nvme,Available,v2.2.1,panel
2026-07-28,datacrunch,a100-sxm-80gb,A100,80GB,SXM,IB-HDR,2Y,NonInterruptible,Reserved,EU,EU,SIF,T2IF,T2,1.3425,True,local-nvme,Available,v2.2.1,panel
2026-07-28,datacrunch,a100-sxm-80gb,A100,80GB,SXM,IB-HDR,3M,NonInterruptible,Reserved,EU,EU,SIF,T2IF,T2,1.7363,True,local-nvme,Available,v2.2.1,panel
2026-07-28,datacrunch,a100-sxm-80gb,A100,80GB,SXM,IB-HDR,6M,NonInterruptible,Reserved,EU,EU,SIF,T2IF,T2,1.7184,True,local-nvme,Available,v2.2.1,panel
2026-07-28,datacrunch,a100-sxm-80gb,A100,80GB,SXM,IB-HDR,OnDemand,Interruptible,Spot,EU,EU,DIF,T2IF,T2,0.6265,True,local-nvme,Available,v2.2.1,panel
2026-07-28,deepinfra_gpu,a100-sxm-80gb,A100,80GB,SXM,,OnDemand,NonInterruptible,OnDemand,Other,Other,SIF,T2IF,T2,0.8900,False,,Available,v2.2.1,panel
2026-07-28,denvr,a100-sxm-80gb,A100,80GB,SXM,IB-HDR,OnDemand,NonInterruptible,OnDemand,Other,Other,SIF,T2IF,T2,1.3000,True,local-nvme,Available,v2.2.1,panel
2026-07-28,e2e,a100-sxm-80gb,A100,80GB,SXM,IB-NDR,OnDemand,NonInterruptible,OnDemand,APAC,APAC,IIF,T2IF,T2,2.1000,True,managed-ops-plane,Available,v2.2.1,panel
2026-07-28,e2e,a100-sxm-80gb,A100,80GB,SXM,IB-NDR,1M,NonInterruptible,Reserved,APAC,APAC,IIF,T2IF,T2,1.5319,True,managed-ops-plane,Available,v2.2.1,panel
2026-07-28,e2e,a100-sxm-80gb,A100,80GB,SXM,IB-NDR,1Y,NonInterruptible,Reserved,APAC,APAC,IIF,T2IF,T2,1.2050,True,managed-ops-plane,Available,v2.2.1,panel
2026-07-28,e2e,a100-sxm-80gb,A100,80GB,SXM,IB-NDR,3M,NonInterruptible,Reserved,APAC,APAC,IIF,T2IF,T2,1.4852,True,managed-ops-plane,Available,v2.2.1,panel
2026-07-28,e2e,a100-sxm-80gb,A100,80GB,SXM,IB-NDR,6M,NonInterruptible,Reserved,APAC,APAC,IIF,T2IF,T2,1.3092,True,managed-ops-plane,Available,v2.2.1,panel
2026-07-28,gcore,a100-sxm-80gb,A100,80GB,SXM,Unknown,OnDemand,NonInterruptible,OnDemand,EU,EU,IIF,T2IF,T2,1.4464,False,,Available,v2.2.1,panel
2026-07-28,gcp_cud,a100-sxm-80gb,A100,80GB,SXM,Ethernet,1Y,NonInterruptible,Reserved,US-West,US,HIF,T2IF,T1,3.4811,False,,Available,v2.2.1,candidate
2026-07-28,gcp_cud,a100-sxm-80gb,A100,80GB,SXM,Ethernet,1Y,NonInterruptible,Reserved,US-East,US,HIF,T2IF,T1,3.4811,False,,Available,v2.2.1,candidate
2026-07-28,gcp_cud,a100-sxm-80gb,A100,80GB,SXM,Ethernet,1Y,NonInterruptible,Reserved,US-Central,US,HIF,T2IF,T1,3.4811,False,,Available,v2.2.1,candidate
2026-07-28,gcp_cud,a100-sxm-80gb,A100,80GB,SXM,Ethernet,1Y,NonInterruptible,Reserved,US-South,US,HIF,T2IF,T1,4.1077,False,,Available,v2.2.1,candidate
2026-07-28,gcp_cud,a100-sxm-80gb,A100,80GB,SXM,Ethernet,3Y,NonInterruptible,Reserved,US-South,US,HIF,T2IF,T1,3.6540,False,,Available,v2.2.1,candidate
2026-07-28,gcp_cud,a100-sxm-80gb,A100,80GB,SXM,Ethernet,3Y,NonInterruptible,Reserved,US-Central,US,HIF,T2IF,T1,3.0966,False,,Available,v2.2.1,candidate
2026-07-28,gcp_cud,a100-sxm-80gb,A100,80GB,SXM,Ethernet,3Y,NonInterruptible,Reserved,US-East,US,HIF,T2IF,T1,3.4877,False,,Available,v2.2.1,candidate
2026-07-28,gcp_cud,a100-sxm-80gb,A100,80GB,SXM,Ethernet,3Y,NonInterruptible,Reserved,US-West,US,HIF,T2IF,T1,3.4877,False,,Available,v2.2.1,candidate
2026-07-28,hyperstack,a100-sxm-80gb,A100,80GB,SXM,Ethernet,OnDemand,NonInterruptible,OnDemand,Other,Other,SIF,,T2,1.6000,True,local-nvme,Available,v2.2.1,panel
2026-07-28,hyperstack,a100-sxm-80gb,A100,80GB,SXM,Ethernet,6M,NonInterruptible,Reserved,Other,Other,SIF,,T2,1.3600,True,local-nvme,Available,v2.2.1,panel
2026-07-28,jarvislabs,a100-sxm-80gb,A100,80GB,SXM,Unknown,OnDemand,NonInterruptible,OnDemand,APAC,APAC,IIF,T3IF,T2,1.4900,False,,Available,v2.2.1,panel
2026-07-28,lambda,a100-sxm-80gb,A100,80GB,SXM,Unknown,OnDemand,NonInterruptible,OnDemand,US-East,US,IIF,T3IF,T2,2.7900,True,local-nvme,Available,v2.2.1,panel
2026-07-28,massed_compute,a100-sxm-80gb,A100,80GB,SXM,Unknown,OnDemand,NonInterruptible,OnDemand,US-East,US,DIF,T3IF,T3,1.3800,False,,Available,v2.2.1,panel
2026-07-28,oci,a100-sxm-80gb,A100,80GB,SXM,RoCE-v2,OnDemand,NonInterruptible,OnDemand,US-East,US,HIF,T2IF,T1,4.0000,True,local-nvme;egress-capped;managed-ops-plane;support-tier;observability,Available,v2.2.1,panel
2026-07-28,paperspace,a100-sxm-80gb,A100,80GB,SXM,,OnDemand,NonInterruptible,OnDemand,Other,Other,SIF,T2IF,T2,3.1800,False,,Available,v2.2.1,panel
2026-07-28,paperspace,a100-sxm-80gb,A100,80GB,SXM,,3Y,NonInterruptible,Reserved,Other,Other,SIF,T2IF,T2,1.1500,False,,Available,v2.2.1,panel
2026-07-28,runpod_cluster,a100-sxm-80gb,A100,80GB,SXM,IB-HDR,OnDemand,NonInterruptible,OnDemand,Other,Other,DIF,T2IF,T3,1.7880,True,local-nvme,Available,v2.2.1,panel
2026-07-28,runpod_community,a100-sxm-80gb,A100,80GB,SXM,Unknown,OnDemand,NonInterruptible,OnDemand,Other,Other,DIF,T3IF,T3,1.3900,False,,Available,v2.2.1,panel
2026-07-28,runpod_secure,a100-sxm-80gb,A100,80GB,SXM,IB-HDR,OnDemand,NonInterruptible,OnDemand,Other,Other,DIF,T2IF,T3,1.4900,True,local-nvme,Available,v2.2.1,panel
2026-07-28,runpod_secure,a100-sxm-80gb,A100,80GB,SXM,IB-HDR,1Y,NonInterruptible,Reserved,Other,Other,DIF,T2IF,T3,1.4900,True,local-nvme,Available,v2.2.1,panel
2026-07-28,runpod_secure,a100-sxm-80gb,A100,80GB,SXM,IB-HDR,3M,NonInterruptible,Reserved,Other,Other,DIF,T2IF,T3,1.4900,True,local-nvme,Available,v2.2.1,panel
2026-07-28,runpod_secure,a100-sxm-80gb,A100,80GB,SXM,IB-HDR,6M,NonInterruptible,Reserved,Other,Other,DIF,T2IF,T3,1.4900,True,local-nvme,Available,v2.2.1,panel
2026-07-28,runpod_secure,a100-sxm-80gb,A100,80GB,SXM,IB-HDR,OnDemand,Interruptible,Spot,Other,Other,DIF,T2IF,T3,1.3900,True,local-nvme,Available,v2.2.1,panel
2026-07-28,sesterce,a100-sxm-80gb,A100,80GB,SXM,Unknown,OnDemand,NonInterruptible,OnDemand,Other,Other,IIF,T2IF,T2,1.8150,False,,Available,v2.2.1,panel
2026-07-28,spheron,a100-sxm-80gb,A100,80GB,SXM,Unknown,OnDemand,NonInterruptible,OnDemand,US-East,US,DIF,T3IF,T3,1.6905,False,,Available,v2.2.1,panel
2026-07-28,tensordock,a100-sxm-80gb,A100,80GB,SXM,Unknown,OnDemand,NonInterruptible,OnDemand,Other,Other,DIF,T3IF,T3,1.2000,False,,Available,v2.2.1,panel
2026-07-28,vast_ai,a100-sxm-80gb,A100,80GB,SXM,Unknown,OnDemand,NonInterruptible,OnDemand,APAC,APAC,DIF,T3IF,T3,0.2667,True,local-nvme,Available,v2.2.1,marketplace
2026-07-28,vast_ai,a100-sxm-80gb,A100,80GB,SXM,Unknown,OnDemand,NonInterruptible,OnDemand,Other,Other,DIF,T3IF,T3,1.2267,True,local-nvme,Available,v2.2.1,marketplace
2026-07-28,vast_ai,a100-sxm-80gb,A100,80GB,SXM,Unknown,OnDemand,NonInterruptible,OnDemand,EU,EU,DIF,T3IF,T3,1.0667,True,local-nvme,Available,v2.2.1,marketplace
2026-07-28,vultr,a100-sxm-80gb,A100,80GB,SXM,Unknown,OnDemand,NonInterruptible,OnDemand,Other,Other,SIF,T2IF,T2,2.8000,False,,Available,v2.2.1,panel
2026-07-28,vultr,a100-sxm-80gb,A100,80GB,SXM,Unknown,OnDemand,Interruptible,Spot,Other,Other,DIF,T2IF,T2,1.4900,False,,Available,v2.2.1,panel
2026-07-29,atlas_cloud,a100-sxm-80gb,A100,80GB,SXM,Unknown,OnDemand,NonInterruptible,OnDemand,US-East,US,IIF,T2IF,T2,1.3500,False,,Available,v2.2.1,panel
2026-07-29,aws,a100-sxm-80gb,A100,80GB,SXM,EFA,OnDemand,NonInterruptible,OnDemand,US-East,US,HIF,T2IF,T1,3.4309,True,local-nvme;managed-ops-plane;support-tier;observability,Available,v2.2.1,panel
2026-07-29,aws,a100-sxm-80gb,A100,80GB,SXM,EFA,1Y,NonInterruptible,Reserved,US-East,US,HIF,T2IF,T1,2.1752,True,local-nvme;managed-ops-plane;support-tier;observability,Available,v2.2.1,panel
2026-07-29,aws,a100-sxm-80gb,A100,80GB,SXM,EFA,3Y,NonInterruptible,Reserved,US-East,US,HIF,T2IF,T1,1.4647,True,local-nvme;managed-ops-plane;support-tier;observability,Available,v2.2.1,panel
2026-07-29,aws,a100-sxm-80gb,A100,80GB,SXM,EFA,OnDemand,Interruptible,Spot,US-East,US,DIF,T2IF,T1,3.0358,False,,Available,v2.2.1,panel
2026-07-29,aws,a100-sxm-80gb,A100,80GB,SXM,EFA,OnDemand,Interruptible,Spot,US-West,US,DIF,T2IF,T1,2.8836,False,,Available,v2.2.1,panel
2026-07-29,azure,a100-sxm-80gb,A100,80GB,SXM,IB-HDR,OnDemand,NonInterruptible,OnDemand,US-East,US,HIF,T2IF,T1,4.0963,True,local-nvme;managed-ops-plane;support-tier;observability,Available,v2.2.1,panel
2026-07-29,azure,a100-sxm-80gb,A100,80GB,SXM,IB-HDR,1Y,NonInterruptible,Reserved,US-East,US,HIF,T2IF,T1,2.6216,True,local-nvme;managed-ops-plane;support-tier;observability,Available,v2.2.1,panel
2026-07-29,azure,a100-sxm-80gb,A100,80GB,SXM,IB-HDR,3Y,NonInterruptible,Reserved,US-East,US,HIF,T2IF,T1,1.8024,True,local-nvme;managed-ops-plane;support-tier;observability,Available,v2.2.1,panel
2026-07-29,azure_reservations,a100-sxm-80gb,A100,80GB,SXM,IB-HDR,OnDemand,NonInterruptible,OnDemand,US-East,US,HIF,T2IF,T1,4.0963,False,,Available,v2.2.1,candidate
2026-07-29,azure_reservations,a100-sxm-80gb,A100,80GB,SXM,IB-HDR,OnDemand,NonInterruptible,OnDemand,US-South,US,HIF,T2IF,T1,4.9155,False,,Available,v2.2.1,candidate
2026-07-29,azure_reservations,a100-sxm-80gb,A100,80GB,SXM,IB-HDR,OnDemand,NonInterruptible,OnDemand,US-West,US,HIF,T2IF,T1,4.0963,False,,Available,v2.2.1,candidate
2026-07-29,azure_reservations,a100-sxm-80gb,A100,80GB,SXM,IB-HDR,1Y,NonInterruptible,Reserved,US-South,US,HIF,T2IF,T1,3.1459,False,,Available,v2.2.1,candidate
2026-07-29,azure_reservations,a100-sxm-80gb,A100,80GB,SXM,IB-HDR,1Y,NonInterruptible,Reserved,US-Central,US,HIF,T2IF,T1,2.9624,False,,Available,v2.2.1,candidate
2026-07-29,azure_reservations,a100-sxm-80gb,A100,80GB,SXM,IB-HDR,1Y,NonInterruptible,Reserved,EU,EU,HIF,T2IF,T1,3.2770,False,,Available,v2.2.1,candidate
2026-07-29,azure_reservations,a100-sxm-80gb,A100,80GB,SXM,IB-HDR,1Y,NonInterruptible,Reserved,Other,Other,HIF,T2IF,T1,3.7512,False,,Available,v2.2.1,candidate
2026-07-29,azure_reservations,a100-sxm-80gb,A100,80GB,SXM,IB-HDR,1Y,NonInterruptible,Reserved,APAC,APAC,HIF,T2IF,T1,3.8013,False,,Available,v2.2.1,candidate
2026-07-29,azure_reservations,a100-sxm-80gb,A100,80GB,SXM,IB-HDR,1Y,NonInterruptible,Reserved,US-East,US,HIF,T2IF,T1,2.6216,False,,Available,v2.2.1,candidate
2026-07-29,azure_reservations,a100-sxm-80gb,A100,80GB,SXM,IB-HDR,1Y,NonInterruptible,Reserved,US-West,US,HIF,T2IF,T1,3.4081,False,,Available,v2.2.1,candidate
2026-07-29,azure_reservations,a100-sxm-80gb,A100,80GB,SXM,IB-HDR,3Y,NonInterruptible,Reserved,US-West,US,HIF,T2IF,T1,2.3431,False,,Available,v2.2.1,candidate
2026-07-29,azure_reservations,a100-sxm-80gb,A100,80GB,SXM,IB-HDR,3Y,NonInterruptible,Reserved,US-Central,US,HIF,T2IF,T1,2.0367,False,,Available,v2.2.1,candidate
2026-07-29,azure_reservations,a100-sxm-80gb,A100,80GB,SXM,IB-HDR,3Y,NonInterruptible,Reserved,APAC,APAC,HIF,T2IF,T1,2.6134,False,,Available,v2.2.1,candidate
2026-07-29,azure_reservations,a100-sxm-80gb,A100,80GB,SXM,IB-HDR,3Y,NonInterruptible,Reserved,US-South,US,HIF,T2IF,T1,2.1628,False,,Available,v2.2.1,candidate
2026-07-29,azure_reservations,a100-sxm-80gb,A100,80GB,SXM,IB-HDR,3Y,NonInterruptible,Reserved,EU,EU,HIF,T2IF,T1,2.2529,False,,Available,v2.2.1,candidate
2026-07-29,azure_reservations,a100-sxm-80gb,A100,80GB,SXM,IB-HDR,3Y,NonInterruptible,Reserved,US-East,US,HIF,T2IF,T1,1.8023,False,,Available,v2.2.1,candidate
2026-07-29,azure_reservations,a100-sxm-80gb,A100,80GB,SXM,IB-HDR,3Y,NonInterruptible,Reserved,Other,Other,HIF,T2IF,T1,2.5789,False,,Available,v2.2.1,candidate
2026-07-29,coreweave,a100-sxm-80gb,A100,80GB,SXM,IB-HDR,OnDemand,NonInterruptible,OnDemand,US-East,US,IIF,T2IF,T2,2.7000,True,local-nvme;free-egress;support-tier;observability;managed-ops-plane,Available,v2.2.1,panel
2026-07-29,coreweave,a100-sxm-80gb,A100,80GB,SXM,IB-HDR,OnDemand,Interruptible,Spot,US-East,US,DIF,T2IF,T2,1.2063,True,local-nvme;free-egress;support-tier;observability;managed-ops-plane,Available,v2.2.1,panel
2026-07-29,crusoe,a100-sxm-80gb,A100,80GB,SXM,IB-HDR,OnDemand,NonInterruptible,OnDemand,US-East,US,IIF,T2IF,T2,2.3000,True,local-nvme;free-egress,Available,v2.2.1,panel
2026-07-29,cyfuture,a100-sxm-80gb,A100,80GB,SXM,Unknown,1Y,NonInterruptible,Reserved,APAC,APAC,IIF,T2IF,T2,2.0800,False,,Available,v2.2.1,panel
2026-07-29,cyfuture,a100-sxm-80gb,A100,80GB,SXM,Unknown,6M,NonInterruptible,Reserved,APAC,APAC,IIF,T2IF,T2,2.1600,False,,Available,v2.2.1,panel
2026-07-29,datacrunch,a100-sxm-80gb,A100,80GB,SXM,IB-HDR,OnDemand,NonInterruptible,OnDemand,EU,EU,SIF,T2IF,T2,1.7900,True,local-nvme,Available,v2.2.1,panel
2026-07-29,datacrunch,a100-sxm-80gb,A100,80GB,SXM,IB-HDR,1M,NonInterruptible,Reserved,EU,EU,SIF,T2IF,T2,1.7542,True,local-nvme,Available,v2.2.1,panel
2026-07-29,datacrunch,a100-sxm-80gb,A100,80GB,SXM,IB-HDR,1Y,NonInterruptible,Reserved,EU,EU,SIF,T2IF,T2,1.6468,True,local-nvme,Available,v2.2.1,panel
2026-07-29,datacrunch,a100-sxm-80gb,A100,80GB,SXM,IB-HDR,2Y,NonInterruptible,Reserved,EU,EU,SIF,T2IF,T2,1.3425,True,local-nvme,Available,v2.2.1,panel
2026-07-29,datacrunch,a100-sxm-80gb,A100,80GB,SXM,IB-HDR,3M,NonInterruptible,Reserved,EU,EU,SIF,T2IF,T2,1.7363,True,local-nvme,Available,v2.2.1,panel
2026-07-29,datacrunch,a100-sxm-80gb,A100,80GB,SXM,IB-HDR,6M,NonInterruptible,Reserved,EU,EU,SIF,T2IF,T2,1.7184,True,local-nvme,Available,v2.2.1,panel
2026-07-29,datacrunch,a100-sxm-80gb,A100,80GB,SXM,IB-HDR,OnDemand,Interruptible,Spot,EU,EU,DIF,T2IF,T2,0.6265,True,local-nvme,Available,v2.2.1,panel
2026-07-29,deepinfra_gpu,a100-sxm-80gb,A100,80GB,SXM,,OnDemand,NonInterruptible,OnDemand,Other,Other,SIF,T2IF,T2,0.8900,False,,Available,v2.2.1,panel
2026-07-29,denvr,a100-sxm-80gb,A100,80GB,SXM,IB-HDR,OnDemand,NonInterruptible,OnDemand,Other,Other,SIF,T2IF,T2,1.3000,True,local-nvme,Available,v2.2.1,panel
2026-07-29,e2e,a100-sxm-80gb,A100,80GB,SXM,IB-NDR,OnDemand,NonInterruptible,OnDemand,APAC,APAC,IIF,T2IF,T2,2.1000,True,managed-ops-plane,Available,v2.2.1,panel
2026-07-29,e2e,a100-sxm-80gb,A100,80GB,SXM,IB-NDR,1M,NonInterruptible,Reserved,APAC,APAC,IIF,T2IF,T2,1.5319,True,managed-ops-plane,Available,v2.2.1,panel
2026-07-29,e2e,a100-sxm-80gb,A100,80GB,SXM,IB-NDR,1Y,NonInterruptible,Reserved,APAC,APAC,IIF,T2IF,T2,1.2050,True,managed-ops-plane,Available,v2.2.1,panel
2026-07-29,e2e,a100-sxm-80gb,A100,80GB,SXM,IB-NDR,3M,NonInterruptible,Reserved,APAC,APAC,IIF,T2IF,T2,1.4852,True,managed-ops-plane,Available,v2.2.1,panel
2026-07-29,e2e,a100-sxm-80gb,A100,80GB,SXM,IB-NDR,6M,NonInterruptible,Reserved,APAC,APAC,IIF,T2IF,T2,1.3092,True,managed-ops-plane,Available,v2.2.1,panel
2026-07-29,gcore,a100-sxm-80gb,A100,80GB,SXM,Unknown,OnDemand,NonInterruptible,OnDemand,EU,EU,IIF,T2IF,T2,1.4436,False,,Available,v2.2.1,panel
2026-07-29,gcp_cud,a100-sxm-80gb,A100,80GB,SXM,Ethernet,1Y,NonInterruptible,Reserved,US-Central,US,HIF,T2IF,T1,3.4811,False,,Available,v2.2.1,candidate
2026-07-29,gcp_cud,a100-sxm-80gb,A100,80GB,SXM,Ethernet,1Y,NonInterruptible,Reserved,US-South,US,HIF,T2IF,T1,4.1077,False,,Available,v2.2.1,candidate
2026-07-29,gcp_cud,a100-sxm-80gb,A100,80GB,SXM,Ethernet,1Y,NonInterruptible,Reserved,US-East,US,HIF,T2IF,T1,3.4811,False,,Available,v2.2.1,candidate
2026-07-29,gcp_cud,a100-sxm-80gb,A100,80GB,SXM,Ethernet,1Y,NonInterruptible,Reserved,US-West,US,HIF,T2IF,T1,3.4811,False,,Available,v2.2.1,candidate
2026-07-29,gcp_cud,a100-sxm-80gb,A100,80GB,SXM,Ethernet,3Y,NonInterruptible,Reserved,US-South,US,HIF,T2IF,T1,3.6540,False,,Available,v2.2.1,candidate
2026-07-29,gcp_cud,a100-sxm-80gb,A100,80GB,SXM,Ethernet,3Y,NonInterruptible,Reserved,US-West,US,HIF,T2IF,T1,3.4877,False,,Available,v2.2.1,candidate
2026-07-29,gcp_cud,a100-sxm-80gb,A100,80GB,SXM,Ethernet,3Y,NonInterruptible,Reserved,US-Central,US,HIF,T2IF,T1,3.0966,False,,Available,v2.2.1,candidate
2026-07-29,gcp_cud,a100-sxm-80gb,A100,80GB,SXM,Ethernet,3Y,NonInterruptible,Reserved,US-East,US,HIF,T2IF,T1,3.4877,False,,Available,v2.2.1,candidate
2026-07-29,hyperstack,a100-sxm-80gb,A100,80GB,SXM,Ethernet,OnDemand,NonInterruptible,OnDemand,Other,Other,SIF,,T2,1.6000,True,local-nvme,Available,v2.2.1,panel
2026-07-29,hyperstack,a100-sxm-80gb,A100,80GB,SXM,Ethernet,6M,NonInterruptible,Reserved,Other,Other,SIF,,T2,1.3600,True,local-nvme,Available,v2.2.1,panel
2026-07-29,jarvislabs,a100-sxm-80gb,A100,80GB,SXM,Unknown,OnDemand,NonInterruptible,OnDemand,APAC,APAC,IIF,T3IF,T2,1.4900,False,,Available,v2.2.1,panel
2026-07-29,lambda,a100-sxm-80gb,A100,80GB,SXM,Unknown,OnDemand,NonInterruptible,OnDemand,US-East,US,IIF,T3IF,T2,2.7900,True,local-nvme,Available,v2.2.1,panel
2026-07-29,massed_compute,a100-sxm-80gb,A100,80GB,SXM,Unknown,OnDemand,NonInterruptible,OnDemand,US-East,US,DIF,T3IF,T3,1.3800,False,,Available,v2.2.1,panel
2026-07-29,oci,a100-sxm-80gb,A100,80GB,SXM,RoCE-v2,OnDemand,NonInterruptible,OnDemand,US-East,US,HIF,T2IF,T1,4.0000,True,local-nvme;egress-capped;managed-ops-plane;support-tier;observability,Available,v2.2.1,panel
2026-07-29,paperspace,a100-sxm-80gb,A100,80GB,SXM,,OnDemand,NonInterruptible,OnDemand,Other,Other,SIF,T2IF,T2,3.1800,False,,Available,v2.2.1,panel
2026-07-29,paperspace,a100-sxm-80gb,A100,80GB,SXM,,3Y,NonInterruptible,Reserved,Other,Other,SIF,T2IF,T2,1.1500,False,,Available,v2.2.1,panel
2026-07-29,runpod_cluster,a100-sxm-80gb,A100,80GB,SXM,IB-HDR,OnDemand,NonInterruptible,OnDemand,Other,Other,DIF,T2IF,T3,1.7880,True,local-nvme,Available,v2.2.1,panel
2026-07-29,runpod_community,a100-sxm-80gb,A100,80GB,SXM,Unknown,OnDemand,NonInterruptible,OnDemand,Other,Other,DIF,T3IF,T3,1.3900,False,,Available,v2.2.1,panel
2026-07-29,runpod_secure,a100-sxm-80gb,A100,80GB,SXM,IB-HDR,OnDemand,NonInterruptible,OnDemand,Other,Other,DIF,T2IF,T3,1.4900,True,local-nvme,Available,v2.2.1,panel
2026-07-29,runpod_secure,a100-sxm-80gb,A100,80GB,SXM,IB-HDR,1Y,NonInterruptible,Reserved,Other,Other,DIF,T2IF,T3,1.4900,True,local-nvme,Available,v2.2.1,panel
2026-07-29,runpod_secure,a100-sxm-80gb,A100,80GB,SXM,IB-HDR,3M,NonInterruptible,Reserved,Other,Other,DIF,T2IF,T3,1.4900,True,local-nvme,Available,v2.2.1,panel
2026-07-29,runpod_secure,a100-sxm-80gb,A100,80GB,SXM,IB-HDR,6M,NonInterruptible,Reserved,Other,Other,DIF,T2IF,T3,1.4900,True,local-nvme,Available,v2.2.1,panel
2026-07-29,runpod_secure,a100-sxm-80gb,A100,80GB,SXM,IB-HDR,OnDemand,Interruptible,Spot,Other,Other,DIF,T2IF,T3,1.3900,True,local-nvme,Available,v2.2.1,panel
2026-07-29,sesterce,a100-sxm-80gb,A100,80GB,SXM,Unknown,OnDemand,NonInterruptible,OnDemand,Other,Other,IIF,T2IF,T2,1.8150,False,,Available,v2.2.1,panel
2026-07-29,tensordock,a100-sxm-80gb,A100,80GB,SXM,Unknown,OnDemand,NonInterruptible,OnDemand,Other,Other,DIF,T3IF,T3,1.2000,False,,Available,v2.2.1,panel
2026-07-29,vast_ai,a100-sxm-80gb,A100,80GB,SXM,Unknown,OnDemand,NonInterruptible,OnDemand,Other,Other,DIF,T3IF,T3,0.8133,True,local-nvme,Available,v2.2.1,marketplace
2026-07-29,vast_ai,a100-sxm-80gb,A100,80GB,SXM,Unknown,OnDemand,NonInterruptible,OnDemand,APAC,APAC,DIF,T3IF,T3,0.2667,True,local-nvme,Available,v2.2.1,marketplace
2026-07-29,vast_ai,a100-sxm-80gb,A100,80GB,SXM,Unknown,OnDemand,NonInterruptible,OnDemand,EU,EU,DIF,T3IF,T3,1.0667,True,local-nvme,Available,v2.2.1,marketplace
2026-07-29,vultr,a100-sxm-80gb,A100,80GB,SXM,Unknown,OnDemand,NonInterruptible,OnDemand,Other,Other,SIF,T2IF,T2,2.8000,False,,Available,v2.2.1,panel
2026-07-29,vultr,a100-sxm-80gb,A100,80GB,SXM,Unknown,OnDemand,Interruptible,Spot,Other,Other,DIF,T2IF,T2,1.4900,False,,Available,v2.2.1,panel
2026-07-30,atlas_cloud,a100-sxm-80gb,A100,80GB,SXM,Unknown,OnDemand,NonInterruptible,OnDemand,US-East,US,IIF,T2IF,T2,1.3500,False,,Available,v2.2.1,panel
2026-07-30,aws,a100-sxm-80gb,A100,80GB,SXM,EFA,OnDemand,NonInterruptible,OnDemand,US-East,US,HIF,T2IF,T1,3.4309,True,local-nvme;managed-ops-plane;support-tier;observability,Available,v2.2.1,panel
2026-07-30,aws,a100-sxm-80gb,A100,80GB,SXM,EFA,1Y,NonInterruptible,Reserved,US-East,US,HIF,T2IF,T1,2.1752,True,local-nvme;managed-ops-plane;support-tier;observability,Available,v2.2.1,panel
2026-07-30,aws,a100-sxm-80gb,A100,80GB,SXM,EFA,3Y,NonInterruptible,Reserved,US-East,US,HIF,T2IF,T1,1.4647,True,local-nvme;managed-ops-plane;support-tier;observability,Available,v2.2.1,panel
2026-07-30,aws,a100-sxm-80gb,A100,80GB,SXM,EFA,OnDemand,Interruptible,Spot,US-East,US,DIF,T2IF,T1,3.0609,False,,Available,v2.2.1,panel
2026-07-30,aws,a100-sxm-80gb,A100,80GB,SXM,EFA,OnDemand,Interruptible,Spot,US-West,US,DIF,T2IF,T1,2.8814,False,,Available,v2.2.1,panel
2026-07-30,azure,a100-sxm-80gb,A100,80GB,SXM,IB-HDR,OnDemand,NonInterruptible,OnDemand,US-East,US,HIF,T2IF,T1,4.0963,True,local-nvme;managed-ops-plane;support-tier;observability,Available,v2.2.1,panel
2026-07-30,azure,a100-sxm-80gb,A100,80GB,SXM,IB-HDR,1Y,NonInterruptible,Reserved,US-East,US,HIF,T2IF,T1,2.6216,True,local-nvme;managed-ops-plane;support-tier;observability,Available,v2.2.1,panel
2026-07-30,azure,a100-sxm-80gb,A100,80GB,SXM,IB-HDR,3Y,NonInterruptible,Reserved,US-East,US,HIF,T2IF,T1,1.8024,True,local-nvme;managed-ops-plane;support-tier;observability,Available,v2.2.1,panel
2026-07-30,azure_reservations,a100-sxm-80gb,A100,80GB,SXM,IB-HDR,OnDemand,NonInterruptible,OnDemand,US-West,US,HIF,T2IF,T1,4.0963,False,,Available,v2.2.1,candidate
2026-07-30,azure_reservations,a100-sxm-80gb,A100,80GB,SXM,IB-HDR,OnDemand,NonInterruptible,OnDemand,US-South,US,HIF,T2IF,T1,4.9155,False,,Available,v2.2.1,candidate
2026-07-30,azure_reservations,a100-sxm-80gb,A100,80GB,SXM,IB-HDR,OnDemand,NonInterruptible,OnDemand,US-East,US,HIF,T2IF,T1,4.0963,False,,Available,v2.2.1,candidate
2026-07-30,azure_reservations,a100-sxm-80gb,A100,80GB,SXM,IB-HDR,1Y,NonInterruptible,Reserved,US-Central,US,HIF,T2IF,T1,2.9624,False,,Available,v2.2.1,candidate
2026-07-30,azure_reservations,a100-sxm-80gb,A100,80GB,SXM,IB-HDR,1Y,NonInterruptible,Reserved,US-South,US,HIF,T2IF,T1,3.1459,False,,Available,v2.2.1,candidate
2026-07-30,azure_reservations,a100-sxm-80gb,A100,80GB,SXM,IB-HDR,1Y,NonInterruptible,Reserved,US-East,US,HIF,T2IF,T1,2.6216,False,,Available,v2.2.1,candidate
2026-07-30,azure_reservations,a100-sxm-80gb,A100,80GB,SXM,IB-HDR,1Y,NonInterruptible,Reserved,US-West,US,HIF,T2IF,T1,3.4081,False,,Available,v2.2.1,candidate
2026-07-30,azure_reservations,a100-sxm-80gb,A100,80GB,SXM,IB-HDR,1Y,NonInterruptible,Reserved,APAC,APAC,HIF,T2IF,T1,3.8013,False,,Available,v2.2.1,candidate
2026-07-30,azure_reservations,a100-sxm-80gb,A100,80GB,SXM,IB-HDR,1Y,NonInterruptible,Reserved,EU,EU,HIF,T2IF,T1,3.2770,False,,Available,v2.2.1,candidate
2026-07-30,azure_reservations,a100-sxm-80gb,A100,80GB,SXM,IB-HDR,1Y,NonInterruptible,Reserved,Other,Other,HIF,T2IF,T1,3.7512,False,,Available,v2.2.1,candidate
2026-07-30,azure_reservations,a100-sxm-80gb,A100,80GB,SXM,IB-HDR,3Y,NonInterruptible,Reserved,EU,EU,HIF,T2IF,T1,2.2529,False,,Available,v2.2.1,candidate
2026-07-30,azure_reservations,a100-sxm-80gb,A100,80GB,SXM,IB-HDR,3Y,NonInterruptible,Reserved,APAC,APAC,HIF,T2IF,T1,2.6134,False,,Available,v2.2.1,candidate
2026-07-30,azure_reservations,a100-sxm-80gb,A100,80GB,SXM,IB-HDR,3Y,NonInterruptible,Reserved,US-West,US,HIF,T2IF,T1,2.3431,False,,Available,v2.2.1,candidate
2026-07-30,azure_reservations,a100-sxm-80gb,A100,80GB,SXM,IB-HDR,3Y,NonInterruptible,Reserved,US-East,US,HIF,T2IF,T1,1.8023,False,,Available,v2.2.1,candidate
2026-07-30,azure_reservations,a100-sxm-80gb,A100,80GB,SXM,IB-HDR,3Y,NonInterruptible,Reserved,Other,Other,HIF,T2IF,T1,2.5789,False,,Available,v2.2.1,candidate
2026-07-30,azure_reservations,a100-sxm-80gb,A100,80GB,SXM,IB-HDR,3Y,NonInterruptible,Reserved,US-Central,US,HIF,T2IF,T1,2.0367,False,,Available,v2.2.1,candidate
2026-07-30,azure_reservations,a100-sxm-80gb,A100,80GB,SXM,IB-HDR,3Y,NonInterruptible,Reserved,US-South,US,HIF,T2IF,T1,2.1628,False,,Available,v2.2.1,candidate
2026-07-30,coreweave,a100-sxm-80gb,A100,80GB,SXM,IB-HDR,OnDemand,NonInterruptible,OnDemand,US-East,US,IIF,T2IF,T2,2.7000,True,local-nvme;free-egress;support-tier;observability;managed-ops-plane,Available,v2.2.1,panel
2026-07-30,coreweave,a100-sxm-80gb,A100,80GB,SXM,IB-HDR,OnDemand,Interruptible,Spot,US-East,US,DIF,T2IF,T2,1.2063,True,local-nvme;free-egress;support-tier;observability;managed-ops-plane,Available,v2.2.1,panel
2026-07-30,crusoe,a100-sxm-80gb,A100,80GB,SXM,IB-HDR,OnDemand,NonInterruptible,OnDemand,US-East,US,IIF,T2IF,T2,2.3000,True,local-nvme;free-egress,Available,v2.2.1,panel
2026-07-30,cyfuture,a100-sxm-80gb,A100,80GB,SXM,Unknown,1Y,NonInterruptible,Reserved,APAC,APAC,IIF,T2IF,T2,2.0800,False,,Available,v2.2.1,panel
2026-07-30,cyfuture,a100-sxm-80gb,A100,80GB,SXM,Unknown,6M,NonInterruptible,Reserved,APAC,APAC,IIF,T2IF,T2,2.1600,False,,Available,v2.2.1,panel
2026-07-30,datacrunch,a100-sxm-80gb,A100,80GB,SXM,IB-HDR,OnDemand,NonInterruptible,OnDemand,EU,EU,SIF,T2IF,T2,1.7900,True,local-nvme,Available,v2.2.1,panel
2026-07-30,datacrunch,a100-sxm-80gb,A100,80GB,SXM,IB-HDR,1M,NonInterruptible,Reserved,EU,EU,SIF,T2IF,T2,1.7542,True,local-nvme,Available,v2.2.1,panel
2026-07-30,datacrunch,a100-sxm-80gb,A100,80GB,SXM,IB-HDR,1Y,NonInterruptible,Reserved,EU,EU,SIF,T2IF,T2,1.6468,True,local-nvme,Available,v2.2.1,panel
2026-07-30,datacrunch,a100-sxm-80gb,A100,80GB,SXM,IB-HDR,2Y,NonInterruptible,Reserved,EU,EU,SIF,T2IF,T2,1.3425,True,local-nvme,Available,v2.2.1,panel
2026-07-30,datacrunch,a100-sxm-80gb,A100,80GB,SXM,IB-HDR,3M,NonInterruptible,Reserved,EU,EU,SIF,T2IF,T2,1.7363,True,local-nvme,Available,v2.2.1,panel
2026-07-30,datacrunch,a100-sxm-80gb,A100,80GB,SXM,IB-HDR,6M,NonInterruptible,Reserved,EU,EU,SIF,T2IF,T2,1.7184,True,local-nvme,Available,v2.2.1,panel
2026-07-30,datacrunch,a100-sxm-80gb,A100,80GB,SXM,IB-HDR,OnDemand,Interruptible,Spot,EU,EU,DIF,T2IF,T2,0.6265,True,local-nvme,Available,v2.2.1,panel
2026-07-30,deepinfra_gpu,a100-sxm-80gb,A100,80GB,SXM,,OnDemand,NonInterruptible,OnDemand,Other,Other,SIF,T2IF,T2,0.8900,False,,Available,v2.2.1,panel
2026-07-30,denvr,a100-sxm-80gb,A100,80GB,SXM,IB-HDR,OnDemand,NonInterruptible,OnDemand,Other,Other,SIF,T2IF,T2,1.3000,True,local-nvme,Available,v2.2.1,panel
2026-07-30,e2e,a100-sxm-80gb,A100,80GB,SXM,IB-NDR,OnDemand,NonInterruptible,OnDemand,APAC,APAC,IIF,T2IF,T2,2.1000,True,managed-ops-plane,Available,v2.2.1,panel
2026-07-30,e2e,a100-sxm-80gb,A100,80GB,SXM,IB-NDR,1M,NonInterruptible,Reserved,APAC,APAC,IIF,T2IF,T2,1.5319,True,managed-ops-plane,Available,v2.2.1,panel
2026-07-30,e2e,a100-sxm-80gb,A100,80GB,SXM,IB-NDR,1Y,NonInterruptible,Reserved,APAC,APAC,IIF,T2IF,T2,1.2050,True,managed-ops-plane,Available,v2.2.1,panel
2026-07-30,e2e,a100-sxm-80gb,A100,80GB,SXM,IB-NDR,3M,NonInterruptible,Reserved,APAC,APAC,IIF,T2IF,T2,1.4852,True,managed-ops-plane,Available,v2.2.1,panel
2026-07-30,e2e,a100-sxm-80gb,A100,80GB,SXM,IB-NDR,6M,NonInterruptible,Reserved,APAC,APAC,IIF,T2IF,T2,1.3092,True,managed-ops-plane,Available,v2.2.1,panel
2026-07-30,gcore,a100-sxm-80gb,A100,80GB,SXM,Unknown,OnDemand,NonInterruptible,OnDemand,EU,EU,IIF,T2IF,T2,1.4453,False,,Available,v2.2.1,panel
2026-07-30,gcp_cud,a100-sxm-80gb,A100,80GB,SXM,Ethernet,1Y,NonInterruptible,Reserved,US-West,US,HIF,T2IF,T1,3.4811,False,,Available,v2.2.1,candidate
2026-07-30,gcp_cud,a100-sxm-80gb,A100,80GB,SXM,Ethernet,1Y,NonInterruptible,Reserved,US-East,US,HIF,T2IF,T1,3.4811,False,,Available,v2.2.1,candidate
2026-07-30,gcp_cud,a100-sxm-80gb,A100,80GB,SXM,Ethernet,1Y,NonInterruptible,Reserved,US-South,US,HIF,T2IF,T1,4.1077,False,,Available,v2.2.1,candidate
2026-07-30,gcp_cud,a100-sxm-80gb,A100,80GB,SXM,Ethernet,1Y,NonInterruptible,Reserved,US-Central,US,HIF,T2IF,T1,3.4811,False,,Available,v2.2.1,candidate
2026-07-30,gcp_cud,a100-sxm-80gb,A100,80GB,SXM,Ethernet,3Y,NonInterruptible,Reserved,US-Central,US,HIF,T2IF,T1,3.0966,False,,Available,v2.2.1,candidate
2026-07-30,gcp_cud,a100-sxm-80gb,A100,80GB,SXM,Ethernet,3Y,NonInterruptible,Reserved,US-West,US,HIF,T2IF,T1,3.4877,False,,Available,v2.2.1,candidate
2026-07-30,gcp_cud,a100-sxm-80gb,A100,80GB,SXM,Ethernet,3Y,NonInterruptible,Reserved,US-East,US,HIF,T2IF,T1,3.4877,False,,Available,v2.2.1,candidate
2026-07-30,gcp_cud,a100-sxm-80gb,A100,80GB,SXM,Ethernet,3Y,NonInterruptible,Reserved,US-South,US,HIF,T2IF,T1,3.6540,False,,Available,v2.2.1,candidate
2026-07-30,hyperstack,a100-sxm-80gb,A100,80GB,SXM,Ethernet,OnDemand,NonInterruptible,OnDemand,Other,Other,SIF,,T2,1.6000,True,local-nvme,Available,v2.2.1,panel
2026-07-30,hyperstack,a100-sxm-80gb,A100,80GB,SXM,Ethernet,6M,NonInterruptible,Reserved,Other,Other,SIF,,T2,1.3600,True,local-nvme,Available,v2.2.1,panel
2026-07-30,jarvislabs,a100-sxm-80gb,A100,80GB,SXM,Unknown,OnDemand,NonInterruptible,OnDemand,APAC,APAC,IIF,T3IF,T2,1.4900,False,,Available,v2.2.1,panel
2026-07-30,lambda,a100-sxm-80gb,A100,80GB,SXM,Unknown,OnDemand,NonInterruptible,OnDemand,US-East,US,IIF,T3IF,T2,2.7900,True,local-nvme,Available,v2.2.1,panel
2026-07-30,massed_compute,a100-sxm-80gb,A100,80GB,SXM,Unknown,OnDemand,NonInterruptible,OnDemand,US-East,US,DIF,T3IF,T3,1.3800,False,,Available,v2.2.1,panel
2026-07-30,oci,a100-sxm-80gb,A100,80GB,SXM,RoCE-v2,OnDemand,NonInterruptible,OnDemand,US-East,US,HIF,T2IF,T1,4.0000,True,local-nvme;egress-capped;managed-ops-plane;support-tier;observability,Available,v2.2.1,panel
2026-07-30,paperspace,a100-sxm-80gb,A100,80GB,SXM,,OnDemand,NonInterruptible,OnDemand,Other,Other,SIF,T2IF,T2,3.1800,False,,Available,v2.2.1,panel
2026-07-30,paperspace,a100-sxm-80gb,A100,80GB,SXM,,3Y,NonInterruptible,Reserved,Other,Other,SIF,T2IF,T2,1.1500,False,,Available,v2.2.1,panel
2026-07-30,runpod_cluster,a100-sxm-80gb,A100,80GB,SXM,IB-HDR,OnDemand,NonInterruptible,OnDemand,Other,Other,DIF,T2IF,T3,1.7880,True,local-nvme,Available,v2.2.1,panel
2026-07-30,runpod_community,a100-sxm-80gb,A100,80GB,SXM,Unknown,OnDemand,NonInterruptible,OnDemand,Other,Other,DIF,T3IF,T3,1.3900,False,,Available,v2.2.1,panel
2026-07-30,runpod_secure,a100-sxm-80gb,A100,80GB,SXM,IB-HDR,OnDemand,NonInterruptible,OnDemand,Other,Other,DIF,T2IF,T3,1.4900,True,local-nvme,Available,v2.2.1,panel
2026-07-30,runpod_secure,a100-sxm-80gb,A100,80GB,SXM,IB-HDR,1Y,NonInterruptible,Reserved,Other,Other,DIF,T2IF,T3,1.4900,True,local-nvme,Available,v2.2.1,panel
2026-07-30,runpod_secure,a100-sxm-80gb,A100,80GB,SXM,IB-HDR,3M,NonInterruptible,Reserved,Other,Other,DIF,T2IF,T3,1.4900,True,local-nvme,Available,v2.2.1,panel
2026-07-30,runpod_secure,a100-sxm-80gb,A100,80GB,SXM,IB-HDR,6M,NonInterruptible,Reserved,Other,Other,DIF,T2IF,T3,1.4900,True,local-nvme,Available,v2.2.1,panel
2026-07-30,runpod_secure,a100-sxm-80gb,A100,80GB,SXM,IB-HDR,OnDemand,Interruptible,Spot,Other,Other,DIF,T2IF,T3,1.3900,True,local-nvme,Available,v2.2.1,panel
2026-07-30,sesterce,a100-sxm-80gb,A100,80GB,SXM,Unknown,OnDemand,NonInterruptible,OnDemand,Other,Other,IIF,T2IF,T2,1.5400,False,,Available,v2.2.1,panel
2026-07-30,spheron,a100-sxm-80gb,A100,80GB,SXM,Unknown,OnDemand,Interruptible,Spot,US-East,US,DIF,T3IF,T3,1.6009,False,,Available,v2.2.1,panel
2026-07-30,tensordock,a100-sxm-80gb,A100,80GB,SXM,Unknown,OnDemand,NonInterruptible,OnDemand,Other,Other,DIF,T3IF,T3,1.2000,False,,Available,v2.2.1,panel
2026-07-30,vast_ai,a100-sxm-80gb,A100,80GB,SXM,Unknown,OnDemand,NonInterruptible,OnDemand,Other,Other,DIF,T3IF,T3,1.0667,True,local-nvme,Available,v2.2.1,marketplace
2026-07-30,vast_ai,a100-sxm-80gb,A100,80GB,SXM,Unknown,OnDemand,NonInterruptible,OnDemand,APAC,APAC,DIF,T3IF,T3,1.3827,True,local-nvme,Available,v2.2.1,marketplace
2026-07-30,vultr,a100-sxm-80gb,A100,80GB,SXM,Unknown,OnDemand,NonInterruptible,OnDemand,Other,Other,SIF,T2IF,T2,2.8000,False,,Available,v2.2.1,panel
2026-07-30,vultr,a100-sxm-80gb,A100,80GB,SXM,Unknown,OnDemand,Interruptible,Spot,Other,Other,DIF,T2IF,T2,1.4900,False,,Available,v2.2.1,panel
2026-07-31,atlas_cloud,a100-sxm-80gb,A100,80GB,SXM,Unknown,OnDemand,NonInterruptible,OnDemand,US-East,US,IIF,T2IF,T2,1.3500,False,,Available,v2.2.1,panel
2026-07-31,aws,a100-sxm-80gb,A100,80GB,SXM,EFA,OnDemand,NonInterruptible,OnDemand,US-East,US,HIF,T2IF,T1,3.4309,True,local-nvme;managed-ops-plane;support-tier;observability,Available,v2.2.1,panel
2026-07-31,aws,a100-sxm-80gb,A100,80GB,SXM,EFA,1Y,NonInterruptible,Reserved,US-East,US,HIF,T2IF,T1,2.1752,True,local-nvme;managed-ops-plane;support-tier;observability,Available,v2.2.1,panel
2026-07-31,aws,a100-sxm-80gb,A100,80GB,SXM,EFA,3Y,NonInterruptible,Reserved,US-East,US,HIF,T2IF,T1,1.4647,True,local-nvme;managed-ops-plane;support-tier;observability,Available,v2.2.1,panel
2026-07-31,aws,a100-sxm-80gb,A100,80GB,SXM,EFA,OnDemand,Interruptible,Spot,US-West,US,DIF,T2IF,T1,2.8862,False,,Available,v2.2.1,panel
2026-07-31,aws,a100-sxm-80gb,A100,80GB,SXM,EFA,OnDemand,Interruptible,Spot,US-East,US,DIF,T2IF,T1,3.0758,False,,Available,v2.2.1,panel
2026-07-31,azure,a100-sxm-80gb,A100,80GB,SXM,IB-HDR,OnDemand,NonInterruptible,OnDemand,US-East,US,HIF,T2IF,T1,4.0963,True,local-nvme;managed-ops-plane;support-tier;observability,Available,v2.2.1,panel
2026-07-31,azure,a100-sxm-80gb,A100,80GB,SXM,IB-HDR,1Y,NonInterruptible,Reserved,US-East,US,HIF,T2IF,T1,2.6216,True,local-nvme;managed-ops-plane;support-tier;observability,Available,v2.2.1,panel
2026-07-31,azure,a100-sxm-80gb,A100,80GB,SXM,IB-HDR,3Y,NonInterruptible,Reserved,US-East,US,HIF,T2IF,T1,1.8024,True,local-nvme;managed-ops-plane;support-tier;observability,Available,v2.2.1,panel
2026-07-31,azure_reservations,a100-sxm-80gb,A100,80GB,SXM,IB-HDR,OnDemand,NonInterruptible,OnDemand,US-West,US,HIF,T2IF,T1,4.0963,False,,Available,v2.2.1,candidate
2026-07-31,azure_reservations,a100-sxm-80gb,A100,80GB,SXM,IB-HDR,OnDemand,NonInterruptible,OnDemand,US-East,US,HIF,T2IF,T1,4.0963,False,,Available,v2.2.1,candidate
2026-07-31,azure_reservations,a100-sxm-80gb,A100,80GB,SXM,IB-HDR,OnDemand,NonInterruptible,OnDemand,US-South,US,HIF,T2IF,T1,4.9155,False,,Available,v2.2.1,candidate
2026-07-31,azure_reservations,a100-sxm-80gb,A100,80GB,SXM,IB-HDR,1Y,NonInterruptible,Reserved,Other,Other,HIF,T2IF,T1,3.7512,False,,Available,v2.2.1,candidate
2026-07-31,azure_reservations,a100-sxm-80gb,A100,80GB,SXM,IB-HDR,1Y,NonInterruptible,Reserved,US-South,US,HIF,T2IF,T1,3.1459,False,,Available,v2.2.1,candidate
2026-07-31,azure_reservations,a100-sxm-80gb,A100,80GB,SXM,IB-HDR,1Y,NonInterruptible,Reserved,US-Central,US,HIF,T2IF,T1,2.9624,False,,Available,v2.2.1,candidate
2026-07-31,azure_reservations,a100-sxm-80gb,A100,80GB,SXM,IB-HDR,1Y,NonInterruptible,Reserved,EU,EU,HIF,T2IF,T1,3.2770,False,,Available,v2.2.1,candidate
2026-07-31,azure_reservations,a100-sxm-80gb,A100,80GB,SXM,IB-HDR,1Y,NonInterruptible,Reserved,US-West,US,HIF,T2IF,T1,3.4081,False,,Available,v2.2.1,candidate
2026-07-31,azure_reservations,a100-sxm-80gb,A100,80GB,SXM,IB-HDR,1Y,NonInterruptible,Reserved,US-East,US,HIF,T2IF,T1,2.6216,False,,Available,v2.2.1,candidate
2026-07-31,azure_reservations,a100-sxm-80gb,A100,80GB,SXM,IB-HDR,1Y,NonInterruptible,Reserved,APAC,APAC,HIF,T2IF,T1,3.8013,False,,Available,v2.2.1,candidate
2026-07-31,azure_reservations,a100-sxm-80gb,A100,80GB,SXM,IB-HDR,3Y,NonInterruptible,Reserved,APAC,APAC,HIF,T2IF,T1,2.6134,False,,Available,v2.2.1,candidate
2026-07-31,azure_reservations,a100-sxm-80gb,A100,80GB,SXM,IB-HDR,3Y,NonInterruptible,Reserved,US-East,US,HIF,T2IF,T1,1.8023,False,,Available,v2.2.1,candidate
2026-07-31,azure_reservations,a100-sxm-80gb,A100,80GB,SXM,IB-HDR,3Y,NonInterruptible,Reserved,US-South,US,HIF,T2IF,T1,2.1628,False,,Available,v2.2.1,candidate
2026-07-31,azure_reservations,a100-sxm-80gb,A100,80GB,SXM,IB-HDR,3Y,NonInterruptible,Reserved,EU,EU,HIF,T2IF,T1,2.2529,False,,Available,v2.2.1,candidate
2026-07-31,azure_reservations,a100-sxm-80gb,A100,80GB,SXM,IB-HDR,3Y,NonInterruptible,Reserved,US-Central,US,HIF,T2IF,T1,2.0367,False,,Available,v2.2.1,candidate
2026-07-31,azure_reservations,a100-sxm-80gb,A100,80GB,SXM,IB-HDR,3Y,NonInterruptible,Reserved,Other,Other,HIF,T2IF,T1,2.5789,False,,Available,v2.2.1,candidate
2026-07-31,azure_reservations,a100-sxm-80gb,A100,80GB,SXM,IB-HDR,3Y,NonInterruptible,Reserved,US-West,US,HIF,T2IF,T1,2.3431,False,,Available,v2.2.1,candidate
2026-07-31,coreweave,a100-sxm-80gb,A100,80GB,SXM,IB-HDR,OnDemand,NonInterruptible,OnDemand,US-East,US,IIF,T2IF,T2,2.7000,True,local-nvme;free-egress;support-tier;observability;managed-ops-plane,Available,v2.2.1,panel
2026-07-31,coreweave,a100-sxm-80gb,A100,80GB,SXM,IB-HDR,OnDemand,Interruptible,Spot,US-East,US,DIF,T2IF,T2,1.2063,True,local-nvme;free-egress;support-tier;observability;managed-ops-plane,Available,v2.2.1,panel
2026-07-31,crusoe,a100-sxm-80gb,A100,80GB,SXM,IB-HDR,OnDemand,NonInterruptible,OnDemand,US-East,US,IIF,T2IF,T2,2.3000,True,local-nvme;free-egress,Available,v2.2.1,panel
2026-07-31,cyfuture,a100-sxm-80gb,A100,80GB,SXM,Unknown,1Y,NonInterruptible,Reserved,APAC,APAC,IIF,T2IF,T2,2.0800,False,,Available,v2.2.1,panel
2026-07-31,cyfuture,a100-sxm-80gb,A100,80GB,SXM,Unknown,6M,NonInterruptible,Reserved,APAC,APAC,IIF,T2IF,T2,2.1600,False,,Available,v2.2.1,panel
2026-07-31,datacrunch,a100-sxm-80gb,A100,80GB,SXM,IB-HDR,OnDemand,NonInterruptible,OnDemand,EU,EU,SIF,T2IF,T2,1.7900,True,local-nvme,Available,v2.2.1,panel
2026-07-31,datacrunch,a100-sxm-80gb,A100,80GB,SXM,IB-HDR,1M,NonInterruptible,Reserved,EU,EU,SIF,T2IF,T2,1.7542,True,local-nvme,Available,v2.2.1,panel
2026-07-31,datacrunch,a100-sxm-80gb,A100,80GB,SXM,IB-HDR,1Y,NonInterruptible,Reserved,EU,EU,SIF,T2IF,T2,1.6468,True,local-nvme,Available,v2.2.1,panel
2026-07-31,datacrunch,a100-sxm-80gb,A100,80GB,SXM,IB-HDR,2Y,NonInterruptible,Reserved,EU,EU,SIF,T2IF,T2,1.3425,True,local-nvme,Available,v2.2.1,panel
2026-07-31,datacrunch,a100-sxm-80gb,A100,80GB,SXM,IB-HDR,3M,NonInterruptible,Reserved,EU,EU,SIF,T2IF,T2,1.7363,True,local-nvme,Available,v2.2.1,panel
2026-07-31,datacrunch,a100-sxm-80gb,A100,80GB,SXM,IB-HDR,6M,NonInterruptible,Reserved,EU,EU,SIF,T2IF,T2,1.7184,True,local-nvme,Available,v2.2.1,panel
2026-07-31,datacrunch,a100-sxm-80gb,A100,80GB,SXM,IB-HDR,OnDemand,Interruptible,Spot,EU,EU,DIF,T2IF,T2,0.6265,True,local-nvme,Available,v2.2.1,panel
2026-07-31,deepinfra_gpu,a100-sxm-80gb,A100,80GB,SXM,,OnDemand,NonInterruptible,OnDemand,Other,Other,SIF,T2IF,T2,0.8900,False,,Available,v2.2.1,panel
2026-07-31,denvr,a100-sxm-80gb,A100,80GB,SXM,IB-HDR,OnDemand,NonInterruptible,OnDemand,Other,Other,SIF,T2IF,T2,1.3000,True,local-nvme,Available,v2.2.1,panel
2026-07-31,e2e,a100-sxm-80gb,A100,80GB,SXM,IB-NDR,OnDemand,NonInterruptible,OnDemand,APAC,APAC,IIF,T2IF,T2,2.1000,True,managed-ops-plane,Available,v2.2.1,panel
2026-07-31,e2e,a100-sxm-80gb,A100,80GB,SXM,IB-NDR,1M,NonInterruptible,Reserved,APAC,APAC,IIF,T2IF,T2,1.5319,True,managed-ops-plane,Available,v2.2.1,panel
2026-07-31,e2e,a100-sxm-80gb,A100,80GB,SXM,IB-NDR,1Y,NonInterruptible,Reserved,APAC,APAC,IIF,T2IF,T2,1.2050,True,managed-ops-plane,Available,v2.2.1,panel
2026-07-31,e2e,a100-sxm-80gb,A100,80GB,SXM,IB-NDR,3M,NonInterruptible,Reserved,APAC,APAC,IIF,T2IF,T2,1.4852,True,managed-ops-plane,Available,v2.2.1,panel
2026-07-31,e2e,a100-sxm-80gb,A100,80GB,SXM,IB-NDR,6M,NonInterruptible,Reserved,APAC,APAC,IIF,T2IF,T2,1.3092,True,managed-ops-plane,Available,v2.2.1,panel
2026-07-31,gcore,a100-sxm-80gb,A100,80GB,SXM,Unknown,OnDemand,NonInterruptible,OnDemand,EU,EU,IIF,T2IF,T2,1.4575,False,,Available,v2.2.1,panel
2026-07-31,gcp_cud,a100-sxm-80gb,A100,80GB,SXM,Ethernet,1Y,NonInterruptible,Reserved,US-East,US,HIF,T2IF,T1,3.4811,False,,Available,v2.2.1,candidate
2026-07-31,gcp_cud,a100-sxm-80gb,A100,80GB,SXM,Ethernet,1Y,NonInterruptible,Reserved,US-South,US,HIF,T2IF,T1,4.1077,False,,Available,v2.2.1,candidate
2026-07-31,gcp_cud,a100-sxm-80gb,A100,80GB,SXM,Ethernet,1Y,NonInterruptible,Reserved,US-West,US,HIF,T2IF,T1,3.4811,False,,Available,v2.2.1,candidate
2026-07-31,gcp_cud,a100-sxm-80gb,A100,80GB,SXM,Ethernet,1Y,NonInterruptible,Reserved,US-Central,US,HIF,T2IF,T1,3.4811,False,,Available,v2.2.1,candidate
2026-07-31,gcp_cud,a100-sxm-80gb,A100,80GB,SXM,Ethernet,3Y,NonInterruptible,Reserved,US-East,US,HIF,T2IF,T1,3.4877,False,,Available,v2.2.1,candidate
2026-07-31,gcp_cud,a100-sxm-80gb,A100,80GB,SXM,Ethernet,3Y,NonInterruptible,Reserved,US-Central,US,HIF,T2IF,T1,3.0966,False,,Available,v2.2.1,candidate
2026-07-31,gcp_cud,a100-sxm-80gb,A100,80GB,SXM,Ethernet,3Y,NonInterruptible,Reserved,US-West,US,HIF,T2IF,T1,3.4877,False,,Available,v2.2.1,candidate
2026-07-31,gcp_cud,a100-sxm-80gb,A100,80GB,SXM,Ethernet,3Y,NonInterruptible,Reserved,US-South,US,HIF,T2IF,T1,3.6540,False,,Available,v2.2.1,candidate
2026-07-31,hyperstack,a100-sxm-80gb,A100,80GB,SXM,Ethernet,OnDemand,NonInterruptible,OnDemand,Other,Other,SIF,,T2,1.6000,True,local-nvme,Available,v2.2.1,panel
2026-07-31,hyperstack,a100-sxm-80gb,A100,80GB,SXM,Ethernet,6M,NonInterruptible,Reserved,Other,Other,SIF,,T2,1.3600,True,local-nvme,Available,v2.2.1,panel
2026-07-31,jarvislabs,a100-sxm-80gb,A100,80GB,SXM,Unknown,OnDemand,NonInterruptible,OnDemand,APAC,APAC,IIF,T3IF,T2,1.4900,False,,Available,v2.2.1,panel
2026-07-31,lambda,a100-sxm-80gb,A100,80GB,SXM,Unknown,OnDemand,NonInterruptible,OnDemand,US-East,US,IIF,T3IF,T2,2.7900,True,local-nvme,Available,v2.2.1,panel
2026-07-31,massed_compute,a100-sxm-80gb,A100,80GB,SXM,Unknown,OnDemand,NonInterruptible,OnDemand,US-East,US,DIF,T3IF,T3,1.3800,False,,Available,v2.2.1,panel
2026-07-31,oci,a100-sxm-80gb,A100,80GB,SXM,RoCE-v2,OnDemand,NonInterruptible,OnDemand,US-East,US,HIF,T2IF,T1,4.0000,True,local-nvme;egress-capped;managed-ops-plane;support-tier;observability,Available,v2.2.1,panel
2026-07-31,paperspace,a100-sxm-80gb,A100,80GB,SXM,,OnDemand,NonInterruptible,OnDemand,Other,Other,SIF,T2IF,T2,3.1800,False,,Available,v2.2.1,panel
2026-07-31,paperspace,a100-sxm-80gb,A100,80GB,SXM,,3Y,NonInterruptible,Reserved,Other,Other,SIF,T2IF,T2,1.1500,False,,Available,v2.2.1,panel
2026-07-31,runpod_cluster,a100-sxm-80gb,A100,80GB,SXM,IB-HDR,OnDemand,NonInterruptible,OnDemand,Other,Other,DIF,T2IF,T3,1.7880,True,local-nvme,Available,v2.2.1,panel
2026-07-31,runpod_community,a100-sxm-80gb,A100,80GB,SXM,Unknown,OnDemand,NonInterruptible,OnDemand,Other,Other,DIF,T3IF,T3,1.3900,False,,Available,v2.2.1,panel
2026-07-31,runpod_secure,a100-sxm-80gb,A100,80GB,SXM,IB-HDR,OnDemand,NonInterruptible,OnDemand,Other,Other,DIF,T2IF,T3,1.4900,True,local-nvme,Available,v2.2.1,panel
2026-07-31,runpod_secure,a100-sxm-80gb,A100,80GB,SXM,IB-HDR,1Y,NonInterruptible,Reserved,Other,Other,DIF,T2IF,T3,1.4900,True,local-nvme,Available,v2.2.1,panel
2026-07-31,runpod_secure,a100-sxm-80gb,A100,80GB,SXM,IB-HDR,3M,NonInterruptible,Reserved,Other,Other,DIF,T2IF,T3,1.4900,True,local-nvme,Available,v2.2.1,panel
2026-07-31,runpod_secure,a100-sxm-80gb,A100,80GB,SXM,IB-HDR,6M,NonInterruptible,Reserved,Other,Other,DIF,T2IF,T3,1.4900,True,local-nvme,Available,v2.2.1,panel
2026-07-31,runpod_secure,a100-sxm-80gb,A100,80GB,SXM,IB-HDR,OnDemand,Interruptible,Spot,Other,Other,DIF,T2IF,T3,1.3900,True,local-nvme,Available,v2.2.1,panel
2026-07-31,sesterce,a100-sxm-80gb,A100,80GB,SXM,Unknown,OnDemand,NonInterruptible,OnDemand,Other,Other,IIF,T2IF,T2,1.5180,False,,Available,v2.2.1,panel
2026-07-31,spheron,a100-sxm-80gb,A100,80GB,SXM,Unknown,OnDemand,Interruptible,Spot,US-East,US,DIF,T3IF,T3,1.6009,False,,Available,v2.2.1,panel
2026-07-31,tensordock,a100-sxm-80gb,A100,80GB,SXM,Unknown,OnDemand,NonInterruptible,OnDemand,Other,Other,DIF,T3IF,T3,1.2000,False,,Available,v2.2.1,panel
2026-07-31,vast_ai,a100-sxm-80gb,A100,80GB,SXM,Unknown,OnDemand,NonInterruptible,OnDemand,Other,Other,DIF,T3IF,T3,0.8133,True,local-nvme,Available,v2.2.1,marketplace
2026-07-31,vast_ai,a100-sxm-80gb,A100,80GB,SXM,Unknown,OnDemand,NonInterruptible,OnDemand,APAC,APAC,DIF,T3IF,T3,1.3827,True,local-nvme,Available,v2.2.1,marketplace
2026-07-31,vultr,a100-sxm-80gb,A100,80GB,SXM,Unknown,OnDemand,NonInterruptible,OnDemand,Other,Other,SIF,T2IF,T2,2.8000,False,,Available,v2.2.1,panel
2026-07-31,vultr,a100-sxm-80gb,A100,80GB,SXM,Unknown,OnDemand,Interruptible,Spot,Other,Other,DIF,T2IF,T2,1.4900,False,,Available,v2.2.1,panel
2026-08-01,atlas_cloud,a100-sxm-80gb,A100,80GB,SXM,Unknown,OnDemand,NonInterruptible,OnDemand,US-East,US,IIF,T2IF,T2,1.3500,False,,Available,v2.2.1,panel
2026-08-01,aws,a100-sxm-80gb,A100,80GB,SXM,EFA,OnDemand,NonInterruptible,OnDemand,US-East,US,HIF,T2IF,T1,3.4309,True,local-nvme;managed-ops-plane;support-tier;observability,Available,v2.2.1,panel
2026-08-01,aws,a100-sxm-80gb,A100,80GB,SXM,EFA,1Y,NonInterruptible,Reserved,US-East,US,HIF,T2IF,T1,2.1752,True,local-nvme;managed-ops-plane;support-tier;observability,Available,v2.2.1,panel
2026-08-01,aws,a100-sxm-80gb,A100,80GB,SXM,EFA,3Y,NonInterruptible,Reserved,US-East,US,HIF,T2IF,T1,1.4647,True,local-nvme;managed-ops-plane;support-tier;observability,Available,v2.2.1,panel
2026-08-01,aws,a100-sxm-80gb,A100,80GB,SXM,EFA,OnDemand,Interruptible,Spot,US-East,US,DIF,T2IF,T1,3.0789,False,,Available,v2.2.1,panel
2026-08-01,aws,a100-sxm-80gb,A100,80GB,SXM,EFA,OnDemand,Interruptible,Spot,US-West,US,DIF,T2IF,T1,2.8820,False,,Available,v2.2.1,panel
2026-08-01,azure,a100-sxm-80gb,A100,80GB,SXM,IB-HDR,OnDemand,NonInterruptible,OnDemand,US-East,US,HIF,T2IF,T1,4.0963,True,local-nvme;managed-ops-plane;support-tier;observability,Available,v2.2.1,panel
2026-08-01,azure,a100-sxm-80gb,A100,80GB,SXM,IB-HDR,1Y,NonInterruptible,Reserved,US-East,US,HIF,T2IF,T1,2.6216,True,local-nvme;managed-ops-plane;support-tier;observability,Available,v2.2.1,panel
2026-08-01,azure,a100-sxm-80gb,A100,80GB,SXM,IB-HDR,3Y,NonInterruptible,Reserved,US-East,US,HIF,T2IF,T1,1.8024,True,local-nvme;managed-ops-plane;support-tier;observability,Available,v2.2.1,panel
2026-08-01,azure_reservations,a100-sxm-80gb,A100,80GB,SXM,IB-HDR,OnDemand,NonInterruptible,OnDemand,US-West,US,HIF,T2IF,T1,4.0963,False,,Available,v2.2.1,candidate
2026-08-01,azure_reservations,a100-sxm-80gb,A100,80GB,SXM,IB-HDR,OnDemand,NonInterruptible,OnDemand,US-South,US,HIF,T2IF,T1,4.9155,False,,Available,v2.2.1,candidate
2026-08-01,azure_reservations,a100-sxm-80gb,A100,80GB,SXM,IB-HDR,OnDemand,NonInterruptible,OnDemand,US-East,US,HIF,T2IF,T1,4.0963,False,,Available,v2.2.1,candidate
2026-08-01,azure_reservations,a100-sxm-80gb,A100,80GB,SXM,IB-HDR,1Y,NonInterruptible,Reserved,Other,Other,HIF,T2IF,T1,3.7512,False,,Available,v2.2.1,candidate
2026-08-01,azure_reservations,a100-sxm-80gb,A100,80GB,SXM,IB-HDR,1Y,NonInterruptible,Reserved,US-Central,US,HIF,T2IF,T1,2.9624,False,,Available,v2.2.1,candidate
2026-08-01,azure_reservations,a100-sxm-80gb,A100,80GB,SXM,IB-HDR,1Y,NonInterruptible,Reserved,US-South,US,HIF,T2IF,T1,3.1459,False,,Available,v2.2.1,candidate
2026-08-01,azure_reservations,a100-sxm-80gb,A100,80GB,SXM,IB-HDR,1Y,NonInterruptible,Reserved,EU,EU,HIF,T2IF,T1,3.2770,False,,Available,v2.2.1,candidate
2026-08-01,azure_reservations,a100-sxm-80gb,A100,80GB,SXM,IB-HDR,1Y,NonInterruptible,Reserved,US-West,US,HIF,T2IF,T1,3.4081,False,,Available,v2.2.1,candidate
2026-08-01,azure_reservations,a100-sxm-80gb,A100,80GB,SXM,IB-HDR,1Y,NonInterruptible,Reserved,APAC,APAC,HIF,T2IF,T1,3.8013,False,,Available,v2.2.1,candidate
2026-08-01,azure_reservations,a100-sxm-80gb,A100,80GB,SXM,IB-HDR,1Y,NonInterruptible,Reserved,US-East,US,HIF,T2IF,T1,2.6216,False,,Available,v2.2.1,candidate
2026-08-01,azure_reservations,a100-sxm-80gb,A100,80GB,SXM,IB-HDR,3Y,NonInterruptible,Reserved,US-East,US,HIF,T2IF,T1,1.8023,False,,Available,v2.2.1,candidate
2026-08-01,azure_reservations,a100-sxm-80gb,A100,80GB,SXM,IB-HDR,3Y,NonInterruptible,Reserved,APAC,APAC,HIF,T2IF,T1,2.6134,False,,Available,v2.2.1,candidate
2026-08-01,azure_reservations,a100-sxm-80gb,A100,80GB,SXM,IB-HDR,3Y,NonInterruptible,Reserved,US-South,US,HIF,T2IF,T1,2.1628,False,,Available,v2.2.1,candidate
2026-08-01,azure_reservations,a100-sxm-80gb,A100,80GB,SXM,IB-HDR,3Y,NonInterruptible,Reserved,US-West,US,HIF,T2IF,T1,2.3431,False,,Available,v2.2.1,candidate
2026-08-01,azure_reservations,a100-sxm-80gb,A100,80GB,SXM,IB-HDR,3Y,NonInterruptible,Reserved,EU,EU,HIF,T2IF,T1,2.2529,False,,Available,v2.2.1,candidate
2026-08-01,azure_reservations,a100-sxm-80gb,A100,80GB,SXM,IB-HDR,3Y,NonInterruptible,Reserved,Other,Other,HIF,T2IF,T1,2.5789,False,,Available,v2.2.1,candidate
2026-08-01,azure_reservations,a100-sxm-80gb,A100,80GB,SXM,IB-HDR,3Y,NonInterruptible,Reserved,US-Central,US,HIF,T2IF,T1,2.0367,False,,Available,v2.2.1,candidate
2026-08-01,coreweave,a100-sxm-80gb,A100,80GB,SXM,IB-HDR,OnDemand,NonInterruptible,OnDemand,US-East,US,IIF,T2IF,T2,2.7000,True,local-nvme;free-egress;support-tier;observability;managed-ops-plane,Available,v2.2.1,panel
2026-08-01,coreweave,a100-sxm-80gb,A100,80GB,SXM,IB-HDR,OnDemand,Interruptible,Spot,US-East,US,DIF,T2IF,T2,1.2063,True,local-nvme;free-egress;support-tier;observability;managed-ops-plane,Available,v2.2.1,panel
2026-08-01,crusoe,a100-sxm-80gb,A100,80GB,SXM,IB-HDR,OnDemand,NonInterruptible,OnDemand,US-East,US,IIF,T2IF,T2,2.3000,True,local-nvme;free-egress,Available,v2.2.1,panel
2026-08-01,cyfuture,a100-sxm-80gb,A100,80GB,SXM,Unknown,1Y,NonInterruptible,Reserved,APAC,APAC,IIF,T2IF,T2,2.0800,False,,Available,v2.2.1,panel
2026-08-01,cyfuture,a100-sxm-80gb,A100,80GB,SXM,Unknown,6M,NonInterruptible,Reserved,APAC,APAC,IIF,T2IF,T2,2.1600,False,,Available,v2.2.1,panel
2026-08-01,datacrunch,a100-sxm-80gb,A100,80GB,SXM,IB-HDR,OnDemand,NonInterruptible,OnDemand,EU,EU,SIF,T2IF,T2,1.7900,True,local-nvme,Available,v2.2.1,panel
2026-08-01,datacrunch,a100-sxm-80gb,A100,80GB,SXM,IB-HDR,1M,NonInterruptible,Reserved,EU,EU,SIF,T2IF,T2,1.7542,True,local-nvme,Available,v2.2.1,panel
2026-08-01,datacrunch,a100-sxm-80gb,A100,80GB,SXM,IB-HDR,1Y,NonInterruptible,Reserved,EU,EU,SIF,T2IF,T2,1.6468,True,local-nvme,Available,v2.2.1,panel
2026-08-01,datacrunch,a100-sxm-80gb,A100,80GB,SXM,IB-HDR,2Y,NonInterruptible,Reserved,EU,EU,SIF,T2IF,T2,1.3425,True,local-nvme,Available,v2.2.1,panel
2026-08-01,datacrunch,a100-sxm-80gb,A100,80GB,SXM,IB-HDR,3M,NonInterruptible,Reserved,EU,EU,SIF,T2IF,T2,1.7363,True,local-nvme,Available,v2.2.1,panel
2026-08-01,datacrunch,a100-sxm-80gb,A100,80GB,SXM,IB-HDR,6M,NonInterruptible,Reserved,EU,EU,SIF,T2IF,T2,1.7184,True,local-nvme,Available,v2.2.1,panel
2026-08-01,datacrunch,a100-sxm-80gb,A100,80GB,SXM,IB-HDR,OnDemand,Interruptible,Spot,EU,EU,DIF,T2IF,T2,0.6265,True,local-nvme,Available,v2.2.1,panel
2026-08-01,deepinfra_gpu,a100-sxm-80gb,A100,80GB,SXM,,OnDemand,NonInterruptible,OnDemand,Other,Other,SIF,T2IF,T2,0.8900,False,,Available,v2.2.1,panel
2026-08-01,denvr,a100-sxm-80gb,A100,80GB,SXM,IB-HDR,OnDemand,NonInterruptible,OnDemand,Other,Other,SIF,T2IF,T2,1.3000,True,local-nvme,Available,v2.2.1,panel
2026-08-01,e2e,a100-sxm-80gb,A100,80GB,SXM,IB-NDR,OnDemand,NonInterruptible,OnDemand,APAC,APAC,IIF,T2IF,T2,2.1000,True,managed-ops-plane,Available,v2.2.1,panel
2026-08-01,e2e,a100-sxm-80gb,A100,80GB,SXM,IB-NDR,1M,NonInterruptible,Reserved,APAC,APAC,IIF,T2IF,T2,1.5319,True,managed-ops-plane,Available,v2.2.1,panel
2026-08-01,e2e,a100-sxm-80gb,A100,80GB,SXM,IB-NDR,1Y,NonInterruptible,Reserved,APAC,APAC,IIF,T2IF,T2,1.2050,True,managed-ops-plane,Available,v2.2.1,panel
2026-08-01,e2e,a100-sxm-80gb,A100,80GB,SXM,IB-NDR,3M,NonInterruptible,Reserved,APAC,APAC,IIF,T2IF,T2,1.4852,True,managed-ops-plane,Available,v2.2.1,panel
2026-08-01,e2e,a100-sxm-80gb,A100,80GB,SXM,IB-NDR,6M,NonInterruptible,Reserved,APAC,APAC,IIF,T2IF,T2,1.3092,True,managed-ops-plane,Available,v2.2.1,panel
2026-08-01,gcore,a100-sxm-80gb,A100,80GB,SXM,Unknown,OnDemand,NonInterruptible,OnDemand,EU,EU,IIF,T2IF,T2,1.4586,False,,Available,v2.2.1,panel
2026-08-01,gcp_cud,a100-sxm-80gb,A100,80GB,SXM,Ethernet,1Y,NonInterruptible,Reserved,US-South,US,HIF,T2IF,T1,4.1077,False,,Available,v2.2.1,candidate
2026-08-01,gcp_cud,a100-sxm-80gb,A100,80GB,SXM,Ethernet,1Y,NonInterruptible,Reserved,US-East,US,HIF,T2IF,T1,3.4811,False,,Available,v2.2.1,candidate
2026-08-01,gcp_cud,a100-sxm-80gb,A100,80GB,SXM,Ethernet,1Y,NonInterruptible,Reserved,US-Central,US,HIF,T2IF,T1,3.4811,False,,Available,v2.2.1,candidate
2026-08-01,gcp_cud,a100-sxm-80gb,A100,80GB,SXM,Ethernet,1Y,NonInterruptible,Reserved,US-West,US,HIF,T2IF,T1,3.4811,False,,Available,v2.2.1,candidate
2026-08-01,gcp_cud,a100-sxm-80gb,A100,80GB,SXM,Ethernet,3Y,NonInterruptible,Reserved,US-South,US,HIF,T2IF,T1,3.6540,False,,Available,v2.2.1,candidate
2026-08-01,gcp_cud,a100-sxm-80gb,A100,80GB,SXM,Ethernet,3Y,NonInterruptible,Reserved,US-Central,US,HIF,T2IF,T1,3.0966,False,,Available,v2.2.1,candidate
2026-08-01,gcp_cud,a100-sxm-80gb,A100,80GB,SXM,Ethernet,3Y,NonInterruptible,Reserved,US-West,US,HIF,T2IF,T1,3.4877,False,,Available,v2.2.1,candidate
2026-08-01,gcp_cud,a100-sxm-80gb,A100,80GB,SXM,Ethernet,3Y,NonInterruptible,Reserved,US-East,US,HIF,T2IF,T1,3.4877,False,,Available,v2.2.1,candidate
2026-08-01,hyperstack,a100-sxm-80gb,A100,80GB,SXM,Ethernet,OnDemand,NonInterruptible,OnDemand,Other,Other,SIF,,T2,1.6000,True,local-nvme,Available,v2.2.1,panel
2026-08-01,hyperstack,a100-sxm-80gb,A100,80GB,SXM,Ethernet,6M,NonInterruptible,Reserved,Other,Other,SIF,,T2,1.3600,True,local-nvme,Available,v2.2.1,panel
2026-08-01,jarvislabs,a100-sxm-80gb,A100,80GB,SXM,Unknown,OnDemand,NonInterruptible,OnDemand,APAC,APAC,IIF,T3IF,T2,1.4900,False,,Available,v2.2.1,panel
2026-08-01,lambda,a100-sxm-80gb,A100,80GB,SXM,Unknown,OnDemand,NonInterruptible,OnDemand,US-East,US,IIF,T3IF,T2,2.7900,True,local-nvme,Available,v2.2.1,panel
2026-08-01,massed_compute,a100-sxm-80gb,A100,80GB,SXM,Unknown,OnDemand,NonInterruptible,OnDemand,US-East,US,DIF,T3IF,T3,1.3800,False,,Available,v2.2.1,panel
2026-08-01,oci,a100-sxm-80gb,A100,80GB,SXM,RoCE-v2,OnDemand,NonInterruptible,OnDemand,US-East,US,HIF,T2IF,T1,4.0000,True,local-nvme;egress-capped;managed-ops-plane;support-tier;observability,Available,v2.2.1,panel
2026-08-01,paperspace,a100-sxm-80gb,A100,80GB,SXM,,OnDemand,NonInterruptible,OnDemand,Other,Other,SIF,T2IF,T2,3.1800,False,,Available,v2.2.1,panel
2026-08-01,paperspace,a100-sxm-80gb,A100,80GB,SXM,,3Y,NonInterruptible,Reserved,Other,Other,SIF,T2IF,T2,1.1500,False,,Available,v2.2.1,panel
2026-08-01,runpod_cluster,a100-sxm-80gb,A100,80GB,SXM,IB-HDR,OnDemand,NonInterruptible,OnDemand,Other,Other,DIF,T2IF,T3,1.7880,True,local-nvme,Available,v2.2.1,panel
2026-08-01,runpod_community,a100-sxm-80gb,A100,80GB,SXM,Unknown,OnDemand,NonInterruptible,OnDemand,Other,Other,DIF,T3IF,T3,1.3900,False,,Available,v2.2.1,panel
2026-08-01,runpod_secure,a100-sxm-80gb,A100,80GB,SXM,IB-HDR,OnDemand,NonInterruptible,OnDemand,Other,Other,DIF,T2IF,T3,1.4900,True,local-nvme,Available,v2.2.1,panel
2026-08-01,runpod_secure,a100-sxm-80gb,A100,80GB,SXM,IB-HDR,1Y,NonInterruptible,Reserved,Other,Other,DIF,T2IF,T3,1.4900,True,local-nvme,Available,v2.2.1,panel
2026-08-01,runpod_secure,a100-sxm-80gb,A100,80GB,SXM,IB-HDR,3M,NonInterruptible,Reserved,Other,Other,DIF,T2IF,T3,1.4900,True,local-nvme,Available,v2.2.1,panel
2026-08-01,runpod_secure,a100-sxm-80gb,A100,80GB,SXM,IB-HDR,6M,NonInterruptible,Reserved,Other,Other,DIF,T2IF,T3,1.4900,True,local-nvme,Available,v2.2.1,panel
2026-08-01,runpod_secure,a100-sxm-80gb,A100,80GB,SXM,IB-HDR,OnDemand,Interruptible,Spot,Other,Other,DIF,T2IF,T3,1.3900,True,local-nvme,Available,v2.2.1,panel
2026-08-01,sesterce,a100-sxm-80gb,A100,80GB,SXM,Unknown,OnDemand,NonInterruptible,OnDemand,Other,Other,IIF,T2IF,T2,1.4850,False,,Available,v2.2.1,panel
2026-08-01,spheron,a100-sxm-80gb,A100,80GB,SXM,Unknown,OnDemand,Interruptible,Spot,US-East,US,DIF,T3IF,T3,1.6009,False,,Available,v2.2.1,panel
2026-08-01,tensordock,a100-sxm-80gb,A100,80GB,SXM,Unknown,OnDemand,NonInterruptible,OnDemand,Other,Other,DIF,T3IF,T3,1.2000,False,,Available,v2.2.1,panel
2026-08-01,vast_ai,a100-sxm-80gb,A100,80GB,SXM,Unknown,OnDemand,NonInterruptible,OnDemand,EU,EU,DIF,T3IF,T3,1.0667,True,local-nvme,Available,v2.2.1,marketplace
2026-08-01,vast_ai,a100-sxm-80gb,A100,80GB,SXM,Unknown,OnDemand,NonInterruptible,OnDemand,Other,Other,DIF,T3IF,T3,1.0667,True,local-nvme,Available,v2.2.1,marketplace
2026-08-01,vast_ai,a100-sxm-80gb,A100,80GB,SXM,Unknown,OnDemand,NonInterruptible,OnDemand,APAC,APAC,DIF,T3IF,T3,1.3573,True,local-nvme,Available,v2.2.1,marketplace
2026-08-01,vultr,a100-sxm-80gb,A100,80GB,SXM,Unknown,OnDemand,NonInterruptible,OnDemand,Other,Other,SIF,T2IF,T2,2.8000,False,,Available,v2.2.1,panel
2026-08-01,vultr,a100-sxm-80gb,A100,80GB,SXM,Unknown,OnDemand,Interruptible,Spot,Other,Other,DIF,T2IF,T2,1.4900,False,,Available,v2.2.1,panel
2026-08-02,atlas_cloud,a100-sxm-80gb,A100,80GB,SXM,Unknown,OnDemand,NonInterruptible,OnDemand,US-East,US,IIF,T2IF,T2,1.3500,False,,Available,v2.2.1,panel
2026-08-02,aws,a100-sxm-80gb,A100,80GB,SXM,EFA,OnDemand,NonInterruptible,OnDemand,US-East,US,HIF,T2IF,T1,3.4309,True,local-nvme;managed-ops-plane;support-tier;observability,Available,v2.2.1,panel
2026-08-02,aws,a100-sxm-80gb,A100,80GB,SXM,EFA,1Y,NonInterruptible,Reserved,US-East,US,HIF,T2IF,T1,2.1752,True,local-nvme;managed-ops-plane;support-tier;observability,Available,v2.2.1,panel
2026-08-02,aws,a100-sxm-80gb,A100,80GB,SXM,EFA,3Y,NonInterruptible,Reserved,US-East,US,HIF,T2IF,T1,1.4647,True,local-nvme;managed-ops-plane;support-tier;observability,Available,v2.2.1,panel
2026-08-02,aws,a100-sxm-80gb,A100,80GB,SXM,EFA,OnDemand,Interruptible,Spot,US-East,US,DIF,T2IF,T1,3.0722,False,,Available,v2.2.1,panel
2026-08-02,aws,a100-sxm-80gb,A100,80GB,SXM,EFA,OnDemand,Interruptible,Spot,US-West,US,DIF,T2IF,T1,2.8919,False,,Available,v2.2.1,panel
2026-08-02,aws_capacity_blocks,a100-sxm-80gb,A100,80GB,SXM,EFA,CapacityBlock,NonInterruptible,Reserved,US-East,US,HIF,T2IF,T1,2.2140,False,,Available,v2.2.1,term-panel
2026-08-02,azure,a100-sxm-80gb,A100,80GB,SXM,IB-HDR,OnDemand,NonInterruptible,OnDemand,US-East,US,HIF,T2IF,T1,4.0963,True,local-nvme;managed-ops-plane;support-tier;observability,Available,v2.2.1,panel
2026-08-02,azure,a100-sxm-80gb,A100,80GB,SXM,IB-HDR,1Y,NonInterruptible,Reserved,US-East,US,HIF,T2IF,T1,2.6216,True,local-nvme;managed-ops-plane;support-tier;observability,Available,v2.2.1,panel
2026-08-02,azure,a100-sxm-80gb,A100,80GB,SXM,IB-HDR,3Y,NonInterruptible,Reserved,US-East,US,HIF,T2IF,T1,1.8024,True,local-nvme;managed-ops-plane;support-tier;observability,Available,v2.2.1,panel
2026-08-02,azure_reservations,a100-sxm-80gb,A100,80GB,SXM,IB-HDR,OnDemand,NonInterruptible,OnDemand,US-East,US,HIF,T2IF,T1,4.0963,False,,Available,v2.2.1,candidate
2026-08-02,azure_reservations,a100-sxm-80gb,A100,80GB,SXM,IB-HDR,OnDemand,NonInterruptible,OnDemand,US-West,US,HIF,T2IF,T1,4.0963,False,,Available,v2.2.1,candidate
2026-08-02,azure_reservations,a100-sxm-80gb,A100,80GB,SXM,IB-HDR,OnDemand,NonInterruptible,OnDemand,US-South,US,HIF,T2IF,T1,4.9155,False,,Available,v2.2.1,candidate
2026-08-02,azure_reservations,a100-sxm-80gb,A100,80GB,SXM,IB-HDR,1Y,NonInterruptible,Reserved,US-South,US,HIF,T2IF,T1,3.1459,False,,Available,v2.2.1,candidate
2026-08-02,azure_reservations,a100-sxm-80gb,A100,80GB,SXM,IB-HDR,1Y,NonInterruptible,Reserved,APAC,APAC,HIF,T2IF,T1,3.8013,False,,Available,v2.2.1,candidate
2026-08-02,azure_reservations,a100-sxm-80gb,A100,80GB,SXM,IB-HDR,1Y,NonInterruptible,Reserved,EU,EU,HIF,T2IF,T1,3.2770,False,,Available,v2.2.1,candidate
2026-08-02,azure_reservations,a100-sxm-80gb,A100,80GB,SXM,IB-HDR,1Y,NonInterruptible,Reserved,US-West,US,HIF,T2IF,T1,3.4081,False,,Available,v2.2.1,candidate
2026-08-02,azure_reservations,a100-sxm-80gb,A100,80GB,SXM,IB-HDR,1Y,NonInterruptible,Reserved,US-East,US,HIF,T2IF,T1,2.6216,False,,Available,v2.2.1,candidate
2026-08-02,azure_reservations,a100-sxm-80gb,A100,80GB,SXM,IB-HDR,1Y,NonInterruptible,Reserved,Other,Other,HIF,T2IF,T1,3.7512,False,,Available,v2.2.1,candidate
2026-08-02,azure_reservations,a100-sxm-80gb,A100,80GB,SXM,IB-HDR,1Y,NonInterruptible,Reserved,US-Central,US,HIF,T2IF,T1,2.9624,False,,Available,v2.2.1,candidate
2026-08-02,azure_reservations,a100-sxm-80gb,A100,80GB,SXM,IB-HDR,3Y,NonInterruptible,Reserved,APAC,APAC,HIF,T2IF,T1,2.6134,False,,Available,v2.2.1,candidate
2026-08-02,azure_reservations,a100-sxm-80gb,A100,80GB,SXM,IB-HDR,3Y,NonInterruptible,Reserved,US-Central,US,HIF,T2IF,T1,2.0367,False,,Available,v2.2.1,candidate
2026-08-02,azure_reservations,a100-sxm-80gb,A100,80GB,SXM,IB-HDR,3Y,NonInterruptible,Reserved,Other,Other,HIF,T2IF,T1,2.5789,False,,Available,v2.2.1,candidate
2026-08-02,azure_reservations,a100-sxm-80gb,A100,80GB,SXM,IB-HDR,3Y,NonInterruptible,Reserved,US-East,US,HIF,T2IF,T1,1.8023,False,,Available,v2.2.1,candidate
2026-08-02,azure_reservations,a100-sxm-80gb,A100,80GB,SXM,IB-HDR,3Y,NonInterruptible,Reserved,US-West,US,HIF,T2IF,T1,2.3431,False,,Available,v2.2.1,candidate
2026-08-02,azure_reservations,a100-sxm-80gb,A100,80GB,SXM,IB-HDR,3Y,NonInterruptible,Reserved,EU,EU,HIF,T2IF,T1,2.2529,False,,Available,v2.2.1,candidate
2026-08-02,azure_reservations,a100-sxm-80gb,A100,80GB,SXM,IB-HDR,3Y,NonInterruptible,Reserved,US-South,US,HIF,T2IF,T1,2.1628,False,,Available,v2.2.1,candidate
2026-08-02,cloudrift,a100-sxm-80gb,A100,80GB,SXM,,OnDemand,NonInterruptible,OnDemand,US-East,US,SIF,T2IF,T2,1.0500,False,,Available,v2.2.1,term-panel
2026-08-02,cloudrift,a100-sxm-80gb,A100,80GB,SXM,,1M,NonInterruptible,Reserved,US-East,US,SIF,T2IF,T2,0.9500,False,,Available,v2.2.1,term-panel
2026-08-02,cloudrift,a100-sxm-80gb,A100,80GB,SXM,,3M,NonInterruptible,Reserved,US-East,US,SIF,T2IF,T2,0.8900,False,,Available,v2.2.1,term-panel
2026-08-02,coreweave,a100-sxm-80gb,A100,80GB,SXM,IB-HDR,OnDemand,NonInterruptible,OnDemand,US-East,US,IIF,T2IF,T2,2.7000,True,local-nvme;free-egress;support-tier;observability;managed-ops-plane,Available,v2.2.1,panel
2026-08-02,coreweave,a100-sxm-80gb,A100,80GB,SXM,IB-HDR,OnDemand,Interruptible,Spot,US-East,US,DIF,T2IF,T2,1.2063,True,local-nvme;free-egress;support-tier;observability;managed-ops-plane,Available,v2.2.1,panel
2026-08-02,crusoe,a100-sxm-80gb,A100,80GB,SXM,IB-HDR,OnDemand,NonInterruptible,OnDemand,US-East,US,IIF,T2IF,T2,2.3000,True,local-nvme;free-egress,Available,v2.2.1,panel
2026-08-02,cyfuture,a100-sxm-80gb,A100,80GB,SXM,Unknown,1Y,NonInterruptible,Reserved,APAC,APAC,IIF,T2IF,T2,2.0800,False,,Available,v2.2.1,panel
2026-08-02,cyfuture,a100-sxm-80gb,A100,80GB,SXM,Unknown,6M,NonInterruptible,Reserved,APAC,APAC,IIF,T2IF,T2,2.1600,False,,Available,v2.2.1,panel
2026-08-02,datacrunch,a100-sxm-80gb,A100,80GB,SXM,IB-HDR,OnDemand,NonInterruptible,OnDemand,EU,EU,SIF,T2IF,T2,1.7900,True,local-nvme,Available,v2.2.1,panel
2026-08-02,datacrunch,a100-sxm-80gb,A100,80GB,SXM,IB-HDR,1M,NonInterruptible,Reserved,EU,EU,SIF,T2IF,T2,1.7542,True,local-nvme,Available,v2.2.1,panel
2026-08-02,datacrunch,a100-sxm-80gb,A100,80GB,SXM,IB-HDR,1Y,NonInterruptible,Reserved,EU,EU,SIF,T2IF,T2,1.6468,True,local-nvme,Available,v2.2.1,panel
2026-08-02,datacrunch,a100-sxm-80gb,A100,80GB,SXM,IB-HDR,2Y,NonInterruptible,Reserved,EU,EU,SIF,T2IF,T2,1.3425,True,local-nvme,Available,v2.2.1,panel
2026-08-02,datacrunch,a100-sxm-80gb,A100,80GB,SXM,IB-HDR,3M,NonInterruptible,Reserved,EU,EU,SIF,T2IF,T2,1.7363,True,local-nvme,Available,v2.2.1,panel
2026-08-02,datacrunch,a100-sxm-80gb,A100,80GB,SXM,IB-HDR,6M,NonInterruptible,Reserved,EU,EU,SIF,T2IF,T2,1.7184,True,local-nvme,Available,v2.2.1,panel
2026-08-02,datacrunch,a100-sxm-80gb,A100,80GB,SXM,IB-HDR,OnDemand,Interruptible,Spot,EU,EU,DIF,T2IF,T2,0.6265,True,local-nvme,Available,v2.2.1,panel
2026-08-02,deepinfra_gpu,a100-sxm-80gb,A100,80GB,SXM,,OnDemand,NonInterruptible,OnDemand,Other,Other,SIF,T2IF,T2,0.8900,False,,Available,v2.2.1,panel
2026-08-02,denvr,a100-sxm-80gb,A100,80GB,SXM,IB-HDR,OnDemand,NonInterruptible,OnDemand,Other,Other,SIF,T2IF,T2,1.3000,True,local-nvme,Available,v2.2.1,panel
2026-08-02,e2e,a100-sxm-80gb,A100,80GB,SXM,IB-NDR,OnDemand,NonInterruptible,OnDemand,APAC,APAC,IIF,T2IF,T2,2.1000,True,managed-ops-plane,Available,v2.2.1,panel
2026-08-02,e2e,a100-sxm-80gb,A100,80GB,SXM,IB-NDR,1M,NonInterruptible,Reserved,APAC,APAC,IIF,T2IF,T2,1.5319,True,managed-ops-plane,Available,v2.2.1,panel
2026-08-02,e2e,a100-sxm-80gb,A100,80GB,SXM,IB-NDR,1Y,NonInterruptible,Reserved,APAC,APAC,IIF,T2IF,T2,1.2050,True,managed-ops-plane,Available,v2.2.1,panel
2026-08-02,e2e,a100-sxm-80gb,A100,80GB,SXM,IB-NDR,3M,NonInterruptible,Reserved,APAC,APAC,IIF,T2IF,T2,1.4852,True,managed-ops-plane,Available,v2.2.1,panel
2026-08-02,e2e,a100-sxm-80gb,A100,80GB,SXM,IB-NDR,6M,NonInterruptible,Reserved,APAC,APAC,IIF,T2IF,T2,1.3092,True,managed-ops-plane,Available,v2.2.1,panel
2026-08-02,gcore,a100-sxm-80gb,A100,80GB,SXM,Unknown,OnDemand,NonInterruptible,OnDemand,EU,EU,IIF,T2IF,T2,1.4586,False,,Available,v2.2.1,panel
2026-08-02,gcp_cud,a100-sxm-80gb,A100,80GB,SXM,Ethernet,1Y,NonInterruptible,Reserved,US-East,US,HIF,T2IF,T1,3.4811,False,,Available,v2.2.1,candidate
2026-08-02,gcp_cud,a100-sxm-80gb,A100,80GB,SXM,Ethernet,1Y,NonInterruptible,Reserved,US-Central,US,HIF,T2IF,T1,3.4811,False,,Available,v2.2.1,candidate
2026-08-02,gcp_cud,a100-sxm-80gb,A100,80GB,SXM,Ethernet,1Y,NonInterruptible,Reserved,US-South,US,HIF,T2IF,T1,4.1077,False,,Available,v2.2.1,candidate
2026-08-02,gcp_cud,a100-sxm-80gb,A100,80GB,SXM,Ethernet,1Y,NonInterruptible,Reserved,US-West,US,HIF,T2IF,T1,3.4811,False,,Available,v2.2.1,candidate
2026-08-02,gcp_cud,a100-sxm-80gb,A100,80GB,SXM,Ethernet,3Y,NonInterruptible,Reserved,US-East,US,HIF,T2IF,T1,3.4877,False,,Available,v2.2.1,candidate
2026-08-02,gcp_cud,a100-sxm-80gb,A100,80GB,SXM,Ethernet,3Y,NonInterruptible,Reserved,US-West,US,HIF,T2IF,T1,3.4877,False,,Available,v2.2.1,candidate
2026-08-02,gcp_cud,a100-sxm-80gb,A100,80GB,SXM,Ethernet,3Y,NonInterruptible,Reserved,US-Central,US,HIF,T2IF,T1,3.0966,False,,Available,v2.2.1,candidate
2026-08-02,gcp_cud,a100-sxm-80gb,A100,80GB,SXM,Ethernet,3Y,NonInterruptible,Reserved,US-South,US,HIF,T2IF,T1,3.6540,False,,Available,v2.2.1,candidate
2026-08-02,hyperstack,a100-sxm-80gb,A100,80GB,SXM,Ethernet,OnDemand,NonInterruptible,OnDemand,Other,Other,SIF,,T2,1.6000,True,local-nvme,Available,v2.2.1,panel
2026-08-02,hyperstack,a100-sxm-80gb,A100,80GB,SXM,Ethernet,6M,NonInterruptible,Reserved,Other,Other,SIF,,T2,1.3600,True,local-nvme,Available,v2.2.1,panel
2026-08-02,jarvislabs,a100-sxm-80gb,A100,80GB,SXM,Unknown,OnDemand,NonInterruptible,OnDemand,APAC,APAC,IIF,T3IF,T2,1.4900,False,,Available,v2.2.1,panel
2026-08-02,lambda,a100-sxm-80gb,A100,80GB,SXM,Unknown,OnDemand,NonInterruptible,OnDemand,US-East,US,IIF,T3IF,T2,2.7900,True,local-nvme,Available,v2.2.1,panel
2026-08-02,massed_compute,a100-sxm-80gb,A100,80GB,SXM,Unknown,OnDemand,NonInterruptible,OnDemand,US-East,US,DIF,T3IF,T3,1.3800,False,,Available,v2.2.1,panel
2026-08-02,oci,a100-sxm-80gb,A100,80GB,SXM,RoCE-v2,OnDemand,NonInterruptible,OnDemand,US-East,US,HIF,T2IF,T1,4.0000,True,local-nvme;egress-capped;managed-ops-plane;support-tier;observability,Available,v2.2.1,panel
2026-08-02,paperspace,a100-sxm-80gb,A100,80GB,SXM,,OnDemand,NonInterruptible,OnDemand,Other,Other,SIF,T2IF,T2,3.1800,False,,Available,v2.2.1,panel
2026-08-02,paperspace,a100-sxm-80gb,A100,80GB,SXM,,3Y,NonInterruptible,Reserved,Other,Other,SIF,T2IF,T2,1.1500,False,,Available,v2.2.1,panel
2026-08-02,runpod_cluster,a100-sxm-80gb,A100,80GB,SXM,IB-HDR,OnDemand,NonInterruptible,OnDemand,Other,Other,DIF,T2IF,T3,1.7880,True,local-nvme,Available,v2.2.1,panel
2026-08-02,runpod_community,a100-sxm-80gb,A100,80GB,SXM,Unknown,OnDemand,NonInterruptible,OnDemand,Other,Other,DIF,T3IF,T3,1.3900,False,,Available,v2.2.1,panel
2026-08-02,runpod_secure,a100-sxm-80gb,A100,80GB,SXM,IB-HDR,OnDemand,NonInterruptible,OnDemand,Other,Other,DIF,T2IF,T3,1.4900,True,local-nvme,Available,v2.2.1,panel
2026-08-02,runpod_secure,a100-sxm-80gb,A100,80GB,SXM,IB-HDR,1Y,NonInterruptible,Reserved,Other,Other,DIF,T2IF,T3,1.4900,True,local-nvme,Available,v2.2.1,panel
2026-08-02,runpod_secure,a100-sxm-80gb,A100,80GB,SXM,IB-HDR,3M,NonInterruptible,Reserved,Other,Other,DIF,T2IF,T3,1.4900,True,local-nvme,Available,v2.2.1,panel
2026-08-02,runpod_secure,a100-sxm-80gb,A100,80GB,SXM,IB-HDR,6M,NonInterruptible,Reserved,Other,Other,DIF,T2IF,T3,1.4900,True,local-nvme,Available,v2.2.1,panel
2026-08-02,runpod_secure,a100-sxm-80gb,A100,80GB,SXM,IB-HDR,OnDemand,Interruptible,Spot,Other,Other,DIF,T2IF,T3,1.3900,True,local-nvme,Available,v2.2.1,panel
2026-08-02,sesterce,a100-sxm-80gb,A100,80GB,SXM,Unknown,OnDemand,NonInterruptible,OnDemand,Other,Other,IIF,T2IF,T2,1.4850,False,,Available,v2.2.1,panel
2026-08-02,spheron,a100-sxm-80gb,A100,80GB,SXM,Unknown,OnDemand,Interruptible,Spot,US-East,US,DIF,T3IF,T3,1.6009,False,,Available,v2.2.1,panel
2026-08-02,tensordock,a100-sxm-80gb,A100,80GB,SXM,Unknown,OnDemand,NonInterruptible,OnDemand,Other,Other,DIF,T3IF,T3,1.2000,False,,Available,v2.2.1,panel
2026-08-02,vast_ai,a100-sxm-80gb,A100,80GB,SXM,Unknown,OnDemand,NonInterruptible,OnDemand,Other,Other,DIF,T3IF,T3,1.2867,True,local-nvme,Available,v2.2.1,marketplace
2026-08-02,vast_ai,a100-sxm-80gb,A100,80GB,SXM,Unknown,OnDemand,NonInterruptible,OnDemand,EU,EU,DIF,T3IF,T3,1.0667,True,local-nvme,Available,v2.2.1,marketplace
2026-08-02,vast_ai,a100-sxm-80gb,A100,80GB,SXM,Unknown,OnDemand,NonInterruptible,OnDemand,APAC,APAC,DIF,T3IF,T3,1.5747,True,local-nvme,Available,v2.2.1,marketplace
2026-08-02,vultr,a100-sxm-80gb,A100,80GB,SXM,Unknown,OnDemand,NonInterruptible,OnDemand,Other,Other,SIF,T2IF,T2,2.8000,False,,Available,v2.2.1,panel
2026-08-02,vultr,a100-sxm-80gb,A100,80GB,SXM,Unknown,OnDemand,Interruptible,Spot,Other,Other,DIF,T2IF,T2,1.4900,False,,Available,v2.2.1,panel
2026-08-03,aws,a100-sxm-80gb,A100,80GB,SXM,EFA,OnDemand,NonInterruptible,OnDemand,US-East,US,HIF,T2IF,T1,3.4309,True,local-nvme;managed-ops-plane;support-tier;observability,Available,v2.2.1,panel
2026-08-03,aws,a100-sxm-80gb,A100,80GB,SXM,EFA,1Y,NonInterruptible,Reserved,US-East,US,HIF,T2IF,T1,2.1752,True,local-nvme;managed-ops-plane;support-tier;observability,Available,v2.2.1,panel
2026-08-03,aws,a100-sxm-80gb,A100,80GB,SXM,EFA,3Y,NonInterruptible,Reserved,US-East,US,HIF,T2IF,T1,1.4647,True,local-nvme;managed-ops-plane;support-tier;observability,Available,v2.2.1,panel
2026-08-03,aws,a100-sxm-80gb,A100,80GB,SXM,EFA,OnDemand,Interruptible,Spot,US-East,US,DIF,T2IF,T1,3.0923,False,,Available,v2.2.1,panel
2026-08-03,aws,a100-sxm-80gb,A100,80GB,SXM,EFA,OnDemand,Interruptible,Spot,US-West,US,DIF,T2IF,T1,2.9119,False,,Available,v2.2.1,panel
2026-08-03,aws_capacity_blocks,a100-sxm-80gb,A100,80GB,SXM,EFA,CapacityBlock,NonInterruptible,Reserved,US-East,US,HIF,T2IF,T1,2.2140,False,,Available,v2.2.1,term-panel
2026-08-03,azure,a100-sxm-80gb,A100,80GB,SXM,IB-HDR,OnDemand,NonInterruptible,OnDemand,US-East,US,HIF,T2IF,T1,4.0963,True,local-nvme;managed-ops-plane;support-tier;observability,Available,v2.2.1,panel
2026-08-03,azure,a100-sxm-80gb,A100,80GB,SXM,IB-HDR,1Y,NonInterruptible,Reserved,US-East,US,HIF,T2IF,T1,2.6216,True,local-nvme;managed-ops-plane;support-tier;observability,Available,v2.2.1,panel
2026-08-03,azure,a100-sxm-80gb,A100,80GB,SXM,IB-HDR,3Y,NonInterruptible,Reserved,US-East,US,HIF,T2IF,T1,1.8024,True,local-nvme;managed-ops-plane;support-tier;observability,Available,v2.2.1,panel
2026-08-03,azure_reservations,a100-sxm-80gb,A100,80GB,SXM,IB-HDR,OnDemand,NonInterruptible,OnDemand,US-East,US,HIF,T2IF,T1,4.0963,False,,Available,v2.2.1,candidate
2026-08-03,azure_reservations,a100-sxm-80gb,A100,80GB,SXM,IB-HDR,OnDemand,NonInterruptible,OnDemand,US-West,US,HIF,T2IF,T1,4.0963,False,,Available,v2.2.1,candidate
2026-08-03,azure_reservations,a100-sxm-80gb,A100,80GB,SXM,IB-HDR,OnDemand,NonInterruptible,OnDemand,US-South,US,HIF,T2IF,T1,4.9155,False,,Available,v2.2.1,candidate
2026-08-03,azure_reservations,a100-sxm-80gb,A100,80GB,SXM,IB-HDR,1Y,NonInterruptible,Reserved,EU,EU,HIF,T2IF,T1,3.2770,False,,Available,v2.2.1,candidate
2026-08-03,azure_reservations,a100-sxm-80gb,A100,80GB,SXM,IB-HDR,1Y,NonInterruptible,Reserved,APAC,APAC,HIF,T2IF,T1,3.8013,False,,Available,v2.2.1,candidate
2026-08-03,azure_reservations,a100-sxm-80gb,A100,80GB,SXM,IB-HDR,1Y,NonInterruptible,Reserved,US-Central,US,HIF,T2IF,T1,2.9624,False,,Available,v2.2.1,candidate
2026-08-03,azure_reservations,a100-sxm-80gb,A100,80GB,SXM,IB-HDR,1Y,NonInterruptible,Reserved,US-South,US,HIF,T2IF,T1,3.1459,False,,Available,v2.2.1,candidate
2026-08-03,azure_reservations,a100-sxm-80gb,A100,80GB,SXM,IB-HDR,1Y,NonInterruptible,Reserved,US-West,US,HIF,T2IF,T1,3.4081,False,,Available,v2.2.1,candidate
2026-08-03,azure_reservations,a100-sxm-80gb,A100,80GB,SXM,IB-HDR,1Y,NonInterruptible,Reserved,Other,Other,HIF,T2IF,T1,3.7512,False,,Available,v2.2.1,candidate
2026-08-03,azure_reservations,a100-sxm-80gb,A100,80GB,SXM,IB-HDR,1Y,NonInterruptible,Reserved,US-East,US,HIF,T2IF,T1,2.6216,False,,Available,v2.2.1,candidate
2026-08-03,azure_reservations,a100-sxm-80gb,A100,80GB,SXM,IB-HDR,3Y,NonInterruptible,Reserved,US-South,US,HIF,T2IF,T1,2.1628,False,,Available,v2.2.1,candidate
2026-08-03,azure_reservations,a100-sxm-80gb,A100,80GB,SXM,IB-HDR,3Y,NonInterruptible,Reserved,Other,Other,HIF,T2IF,T1,2.5789,False,,Available,v2.2.1,candidate
2026-08-03,azure_reservations,a100-sxm-80gb,A100,80GB,SXM,IB-HDR,3Y,NonInterruptible,Reserved,APAC,APAC,HIF,T2IF,T1,2.6134,False,,Available,v2.2.1,candidate
2026-08-03,azure_reservations,a100-sxm-80gb,A100,80GB,SXM,IB-HDR,3Y,NonInterruptible,Reserved,US-West,US,HIF,T2IF,T1,2.3431,False,,Available,v2.2.1,candidate
2026-08-03,azure_reservations,a100-sxm-80gb,A100,80GB,SXM,IB-HDR,3Y,NonInterruptible,Reserved,US-Central,US,HIF,T2IF,T1,2.0367,False,,Available,v2.2.1,candidate
2026-08-03,azure_reservations,a100-sxm-80gb,A100,80GB,SXM,IB-HDR,3Y,NonInterruptible,Reserved,EU,EU,HIF,T2IF,T1,2.2529,False,,Available,v2.2.1,candidate
2026-08-03,azure_reservations,a100-sxm-80gb,A100,80GB,SXM,IB-HDR,3Y,NonInterruptible,Reserved,US-East,US,HIF,T2IF,T1,1.8023,False,,Available,v2.2.1,candidate
2026-08-03,cloudrift,a100-sxm-80gb,A100,80GB,SXM,,OnDemand,NonInterruptible,OnDemand,US-East,US,SIF,T2IF,T2,1.0500,False,,Available,v2.2.1,term-panel
2026-08-03,cloudrift,a100-sxm-80gb,A100,80GB,SXM,,1M,NonInterruptible,Reserved,US-East,US,SIF,T2IF,T2,0.9500,False,,Available,v2.2.1,term-panel
2026-08-03,cloudrift,a100-sxm-80gb,A100,80GB,SXM,,3M,NonInterruptible,Reserved,US-East,US,SIF,T2IF,T2,0.8900,False,,Available,v2.2.1,term-panel
2026-08-03,coreweave,a100-sxm-80gb,A100,80GB,SXM,IB-HDR,OnDemand,NonInterruptible,OnDemand,US-East,US,IIF,T2IF,T2,2.7000,True,local-nvme;free-egress;support-tier;observability;managed-ops-plane,Available,v2.2.1,panel
2026-08-03,coreweave,a100-sxm-80gb,A100,80GB,SXM,IB-HDR,OnDemand,Interruptible,Spot,US-East,US,DIF,T2IF,T2,1.2063,True,local-nvme;free-egress;support-tier;observability;managed-ops-plane,Available,v2.2.1,panel
2026-08-03,crusoe,a100-sxm-80gb,A100,80GB,SXM,IB-HDR,OnDemand,NonInterruptible,OnDemand,US-East,US,IIF,T2IF,T2,2.3000,True,local-nvme;free-egress,Available,v2.2.1,panel
2026-08-03,cyfuture,a100-sxm-80gb,A100,80GB,SXM,Unknown,1Y,NonInterruptible,Reserved,APAC,APAC,IIF,T2IF,T2,2.0800,False,,Available,v2.2.1,panel
2026-08-03,cyfuture,a100-sxm-80gb,A100,80GB,SXM,Unknown,6M,NonInterruptible,Reserved,APAC,APAC,IIF,T2IF,T2,2.1600,False,,Available,v2.2.1,panel
2026-08-03,datacrunch,a100-sxm-80gb,A100,80GB,SXM,IB-HDR,OnDemand,NonInterruptible,OnDemand,EU,EU,SIF,T2IF,T2,1.7900,True,local-nvme,Available,v2.2.1,panel
2026-08-03,datacrunch,a100-sxm-80gb,A100,80GB,SXM,IB-HDR,1M,NonInterruptible,Reserved,EU,EU,SIF,T2IF,T2,1.7542,True,local-nvme,Available,v2.2.1,panel
2026-08-03,datacrunch,a100-sxm-80gb,A100,80GB,SXM,IB-HDR,1Y,NonInterruptible,Reserved,EU,EU,SIF,T2IF,T2,1.6468,True,local-nvme,Available,v2.2.1,panel
2026-08-03,datacrunch,a100-sxm-80gb,A100,80GB,SXM,IB-HDR,2Y,NonInterruptible,Reserved,EU,EU,SIF,T2IF,T2,1.3425,True,local-nvme,Available,v2.2.1,panel
2026-08-03,datacrunch,a100-sxm-80gb,A100,80GB,SXM,IB-HDR,3M,NonInterruptible,Reserved,EU,EU,SIF,T2IF,T2,1.7363,True,local-nvme,Available,v2.2.1,panel
2026-08-03,datacrunch,a100-sxm-80gb,A100,80GB,SXM,IB-HDR,6M,NonInterruptible,Reserved,EU,EU,SIF,T2IF,T2,1.7184,True,local-nvme,Available,v2.2.1,panel
2026-08-03,datacrunch,a100-sxm-80gb,A100,80GB,SXM,IB-HDR,OnDemand,Interruptible,Spot,EU,EU,DIF,T2IF,T2,0.6265,True,local-nvme,Available,v2.2.1,panel
2026-08-03,deepinfra_gpu,a100-sxm-80gb,A100,80GB,SXM,,OnDemand,NonInterruptible,OnDemand,Other,Other,SIF,T2IF,T2,0.8900,False,,Available,v2.2.1,panel
2026-08-03,denvr,a100-sxm-80gb,A100,80GB,SXM,IB-HDR,OnDemand,NonInterruptible,OnDemand,Other,Other,SIF,T2IF,T2,1.3000,True,local-nvme,Available,v2.2.1,panel
2026-08-03,e2e,a100-sxm-80gb,A100,80GB,SXM,IB-NDR,OnDemand,NonInterruptible,OnDemand,APAC,APAC,IIF,T2IF,T2,2.1000,True,managed-ops-plane,Available,v2.2.1,panel
2026-08-03,e2e,a100-sxm-80gb,A100,80GB,SXM,IB-NDR,1M,NonInterruptible,Reserved,APAC,APAC,IIF,T2IF,T2,1.5319,True,managed-ops-plane,Available,v2.2.1,panel
2026-08-03,e2e,a100-sxm-80gb,A100,80GB,SXM,IB-NDR,1Y,NonInterruptible,Reserved,APAC,APAC,IIF,T2IF,T2,1.2050,True,managed-ops-plane,Available,v2.2.1,panel
2026-08-03,e2e,a100-sxm-80gb,A100,80GB,SXM,IB-NDR,3M,NonInterruptible,Reserved,APAC,APAC,IIF,T2IF,T2,1.4852,True,managed-ops-plane,Available,v2.2.1,panel
2026-08-03,e2e,a100-sxm-80gb,A100,80GB,SXM,IB-NDR,6M,NonInterruptible,Reserved,APAC,APAC,IIF,T2IF,T2,1.3092,True,managed-ops-plane,Available,v2.2.1,panel
2026-08-03,gcore,a100-sxm-80gb,A100,80GB,SXM,Unknown,OnDemand,NonInterruptible,OnDemand,EU,EU,IIF,T2IF,T2,1.4586,False,,Available,v2.2.1,panel
2026-08-03,gcp_cud,a100-sxm-80gb,A100,80GB,SXM,Ethernet,1Y,NonInterruptible,Reserved,US-West,US,HIF,T2IF,T1,3.4811,False,,Available,v2.2.1,candidate
2026-08-03,gcp_cud,a100-sxm-80gb,A100,80GB,SXM,Ethernet,1Y,NonInterruptible,Reserved,US-East,US,HIF,T2IF,T1,3.4811,False,,Available,v2.2.1,candidate
2026-08-03,gcp_cud,a100-sxm-80gb,A100,80GB,SXM,Ethernet,1Y,NonInterruptible,Reserved,US-South,US,HIF,T2IF,T1,4.1077,False,,Available,v2.2.1,candidate
2026-08-03,gcp_cud,a100-sxm-80gb,A100,80GB,SXM,Ethernet,1Y,NonInterruptible,Reserved,US-Central,US,HIF,T2IF,T1,3.4811,False,,Available,v2.2.1,candidate
2026-08-03,gcp_cud,a100-sxm-80gb,A100,80GB,SXM,Ethernet,3Y,NonInterruptible,Reserved,US-South,US,HIF,T2IF,T1,3.6540,False,,Available,v2.2.1,candidate
2026-08-03,gcp_cud,a100-sxm-80gb,A100,80GB,SXM,Ethernet,3Y,NonInterruptible,Reserved,US-Central,US,HIF,T2IF,T1,3.0966,False,,Available,v2.2.1,candidate
2026-08-03,gcp_cud,a100-sxm-80gb,A100,80GB,SXM,Ethernet,3Y,NonInterruptible,Reserved,US-East,US,HIF,T2IF,T1,3.4877,False,,Available,v2.2.1,candidate
2026-08-03,gcp_cud,a100-sxm-80gb,A100,80GB,SXM,Ethernet,3Y,NonInterruptible,Reserved,US-West,US,HIF,T2IF,T1,3.4877,False,,Available,v2.2.1,candidate
2026-08-03,hyperstack,a100-sxm-80gb,A100,80GB,SXM,Ethernet,OnDemand,NonInterruptible,OnDemand,Other,Other,SIF,,T2,1.6000,True,local-nvme,Available,v2.2.1,panel
2026-08-03,hyperstack,a100-sxm-80gb,A100,80GB,SXM,Ethernet,6M,NonInterruptible,Reserved,Other,Other,SIF,,T2,1.3600,True,local-nvme,Available,v2.2.1,panel
2026-08-03,jarvislabs,a100-sxm-80gb,A100,80GB,SXM,Unknown,OnDemand,NonInterruptible,OnDemand,APAC,APAC,IIF,T3IF,T2,1.4900,False,,Available,v2.2.1,panel
2026-08-03,lambda,a100-sxm-80gb,A100,80GB,SXM,Unknown,OnDemand,NonInterruptible,OnDemand,US-East,US,IIF,T3IF,T2,2.7900,True,local-nvme,Available,v2.2.1,panel
2026-08-03,massed_compute,a100-sxm-80gb,A100,80GB,SXM,Unknown,OnDemand,NonInterruptible,OnDemand,US-East,US,DIF,T3IF,T3,1.3800,False,,Available,v2.2.1,panel
2026-08-03,oci,a100-sxm-80gb,A100,80GB,SXM,RoCE-v2,OnDemand,NonInterruptible,OnDemand,US-East,US,HIF,T2IF,T1,4.0000,True,local-nvme;egress-capped;managed-ops-plane;support-tier;observability,Available,v2.2.1,panel
2026-08-03,paperspace,a100-sxm-80gb,A100,80GB,SXM,,OnDemand,NonInterruptible,OnDemand,Other,Other,SIF,T2IF,T2,3.1800,False,,Available,v2.2.1,panel
2026-08-03,paperspace,a100-sxm-80gb,A100,80GB,SXM,,3Y,NonInterruptible,Reserved,Other,Other,SIF,T2IF,T2,1.1500,False,,Available,v2.2.1,panel
2026-08-03,runpod_cluster,a100-sxm-80gb,A100,80GB,SXM,IB-HDR,OnDemand,NonInterruptible,OnDemand,Other,Other,DIF,T2IF,T3,1.7880,True,local-nvme,Available,v2.2.1,panel
2026-08-03,runpod_community,a100-sxm-80gb,A100,80GB,SXM,Unknown,OnDemand,NonInterruptible,OnDemand,Other,Other,DIF,T3IF,T3,1.3900,False,,Available,v2.2.1,panel
2026-08-03,runpod_secure,a100-sxm-80gb,A100,80GB,SXM,IB-HDR,OnDemand,NonInterruptible,OnDemand,Other,Other,DIF,T2IF,T3,1.4900,True,local-nvme,Available,v2.2.1,panel
2026-08-03,runpod_secure,a100-sxm-80gb,A100,80GB,SXM,IB-HDR,1Y,NonInterruptible,Reserved,Other,Other,DIF,T2IF,T3,1.4900,True,local-nvme,Available,v2.2.1,panel
2026-08-03,runpod_secure,a100-sxm-80gb,A100,80GB,SXM,IB-HDR,3M,NonInterruptible,Reserved,Other,Other,DIF,T2IF,T3,1.4900,True,local-nvme,Available,v2.2.1,panel
2026-08-03,runpod_secure,a100-sxm-80gb,A100,80GB,SXM,IB-HDR,6M,NonInterruptible,Reserved,Other,Other,DIF,T2IF,T3,1.4900,True,local-nvme,Available,v2.2.1,panel
2026-08-03,runpod_secure,a100-sxm-80gb,A100,80GB,SXM,IB-HDR,OnDemand,Interruptible,Spot,Other,Other,DIF,T2IF,T3,1.3900,True,local-nvme,Available,v2.2.1,panel
2026-08-03,sesterce,a100-sxm-80gb,A100,80GB,SXM,Unknown,OnDemand,NonInterruptible,OnDemand,Other,Other,IIF,T2IF,T2,1.4850,False,,Available,v2.2.1,panel
2026-08-03,spheron,a100-sxm-80gb,A100,80GB,SXM,Unknown,OnDemand,Interruptible,Spot,US-East,US,DIF,T3IF,T3,1.6009,False,,Available,v2.2.1,panel
2026-08-03,tensordock,a100-sxm-80gb,A100,80GB,SXM,Unknown,OnDemand,NonInterruptible,OnDemand,Other,Other,DIF,T3IF,T3,1.2000,False,,Available,v2.2.1,panel
2026-08-03,vast_ai,a100-sxm-80gb,A100,80GB,SXM,Unknown,OnDemand,NonInterruptible,OnDemand,Other,Other,DIF,T3IF,T3,1.2867,True,local-nvme,Available,v2.2.1,marketplace
2026-08-03,vast_ai,a100-sxm-80gb,A100,80GB,SXM,Unknown,OnDemand,NonInterruptible,OnDemand,APAC,APAC,DIF,T3IF,T3,1.5480,True,local-nvme,Available,v2.2.1,marketplace
2026-08-03,vultr,a100-sxm-80gb,A100,80GB,SXM,Unknown,OnDemand,NonInterruptible,OnDemand,Other,Other,SIF,T2IF,T2,2.8000,False,,Available,v2.2.1,panel
2026-08-03,vultr,a100-sxm-80gb,A100,80GB,SXM,Unknown,OnDemand,Interruptible,Spot,Other,Other,DIF,T2IF,T2,1.4900,False,,Available,v2.2.1,panel
2026-08-04,aws,a100-sxm-80gb,A100,80GB,SXM,EFA,OnDemand,NonInterruptible,OnDemand,US-East,US,HIF,T2IF,T1,3.4309,True,local-nvme;managed-ops-plane;support-tier;observability,Available,v2.2.1,panel
2026-08-04,aws,a100-sxm-80gb,A100,80GB,SXM,EFA,1Y,NonInterruptible,Reserved,US-East,US,HIF,T2IF,T1,2.1752,True,local-nvme;managed-ops-plane;support-tier;observability,Available,v2.2.1,panel
2026-08-04,aws,a100-sxm-80gb,A100,80GB,SXM,EFA,3Y,NonInterruptible,Reserved,US-East,US,HIF,T2IF,T1,1.4647,True,local-nvme;managed-ops-plane;support-tier;observability,Available,v2.2.1,panel
2026-08-04,aws,a100-sxm-80gb,A100,80GB,SXM,EFA,OnDemand,Interruptible,Spot,US-East,US,DIF,T2IF,T1,3.1587,False,,Available,v2.2.1,panel
2026-08-04,aws,a100-sxm-80gb,A100,80GB,SXM,EFA,OnDemand,Interruptible,Spot,US-West,US,DIF,T2IF,T1,2.9402,False,,Available,v2.2.1,panel
2026-08-04,aws_capacity_blocks,a100-sxm-80gb,A100,80GB,SXM,EFA,CapacityBlock,NonInterruptible,Reserved,US-East,US,HIF,T2IF,T1,2.2140,False,,Available,v2.2.1,term-panel
2026-08-04,azure,a100-sxm-80gb,A100,80GB,SXM,IB-HDR,OnDemand,NonInterruptible,OnDemand,US-East,US,HIF,T2IF,T1,4.0963,True,local-nvme;managed-ops-plane;support-tier;observability,Available,v2.2.1,panel
2026-08-04,azure,a100-sxm-80gb,A100,80GB,SXM,IB-HDR,1Y,NonInterruptible,Reserved,US-East,US,HIF,T2IF,T1,2.6216,True,local-nvme;managed-ops-plane;support-tier;observability,Available,v2.2.1,panel
2026-08-04,azure,a100-sxm-80gb,A100,80GB,SXM,IB-HDR,3Y,NonInterruptible,Reserved,US-East,US,HIF,T2IF,T1,1.8024,True,local-nvme;managed-ops-plane;support-tier;observability,Available,v2.2.1,panel
2026-08-04,azure,a100-sxm-80gb,A100,80GB,SXM,IB-HDR,OnDemand,Interruptible,Spot,US-Central,US,DIF,T2IF,T1,1.2035,True,local-nvme;managed-ops-plane;support-tier;observability,Available,v2.2.1,panel
2026-08-04,azure,a100-sxm-80gb,A100,80GB,SXM,IB-HDR,OnDemand,Interruptible,Spot,Other,Other,DIF,T2IF,T1,1.5239,True,local-nvme;managed-ops-plane;support-tier;observability,Available,v2.2.1,panel
2026-08-04,azure,a100-sxm-80gb,A100,80GB,SXM,IB-HDR,OnDemand,Interruptible,Spot,US-South,US,DIF,T2IF,T1,1.2780,True,local-nvme;managed-ops-plane;support-tier;observability,Available,v2.2.1,panel
2026-08-04,azure,a100-sxm-80gb,A100,80GB,SXM,IB-HDR,OnDemand,Interruptible,Spot,US-East,US,DIF,T2IF,T1,1.0650,True,local-nvme;managed-ops-plane;support-tier;observability,Available,v2.2.1,panel
2026-08-04,azure,a100-sxm-80gb,A100,80GB,SXM,IB-HDR,OnDemand,Interruptible,Spot,EU,EU,DIF,T2IF,T1,1.3313,True,local-nvme;managed-ops-plane;support-tier;observability,Available,v2.2.1,panel
2026-08-04,azure,a100-sxm-80gb,A100,80GB,SXM,IB-HDR,OnDemand,Interruptible,Spot,US-West,US,DIF,T2IF,T1,1.3845,True,local-nvme;managed-ops-plane;support-tier;observability,Available,v2.2.1,panel
2026-08-04,azure,a100-sxm-80gb,A100,80GB,SXM,IB-HDR,OnDemand,Interruptible,Spot,APAC,APAC,DIF,T2IF,T1,1.5443,True,local-nvme;managed-ops-plane;support-tier;observability,Available,v2.2.1,panel
2026-08-04,azure_reservations,a100-sxm-80gb,A100,80GB,SXM,IB-HDR,OnDemand,NonInterruptible,OnDemand,US-South,US,HIF,T2IF,T1,4.9155,False,,Available,v2.2.1,candidate
2026-08-04,azure_reservations,a100-sxm-80gb,A100,80GB,SXM,IB-HDR,OnDemand,NonInterruptible,OnDemand,US-East,US,HIF,T2IF,T1,4.0963,False,,Available,v2.2.1,candidate
2026-08-04,azure_reservations,a100-sxm-80gb,A100,80GB,SXM,IB-HDR,OnDemand,NonInterruptible,OnDemand,US-West,US,HIF,T2IF,T1,4.0963,False,,Available,v2.2.1,candidate
2026-08-04,azure_reservations,a100-sxm-80gb,A100,80GB,SXM,IB-HDR,1Y,NonInterruptible,Reserved,EU,EU,HIF,T2IF,T1,3.2770,False,,Available,v2.2.1,candidate
2026-08-04,azure_reservations,a100-sxm-80gb,A100,80GB,SXM,IB-HDR,1Y,NonInterruptible,Reserved,Other,Other,HIF,T2IF,T1,3.7512,False,,Available,v2.2.1,candidate
2026-08-04,azure_reservations,a100-sxm-80gb,A100,80GB,SXM,IB-HDR,1Y,NonInterruptible,Reserved,US-South,US,HIF,T2IF,T1,3.1459,False,,Available,v2.2.1,candidate
2026-08-04,azure_reservations,a100-sxm-80gb,A100,80GB,SXM,IB-HDR,1Y,NonInterruptible,Reserved,APAC,APAC,HIF,T2IF,T1,3.8013,False,,Available,v2.2.1,candidate
2026-08-04,azure_reservations,a100-sxm-80gb,A100,80GB,SXM,IB-HDR,1Y,NonInterruptible,Reserved,US-West,US,HIF,T2IF,T1,3.4081,False,,Available,v2.2.1,candidate
2026-08-04,azure_reservations,a100-sxm-80gb,A100,80GB,SXM,IB-HDR,1Y,NonInterruptible,Reserved,US-Central,US,HIF,T2IF,T1,2.9624,False,,Available,v2.2.1,candidate
2026-08-04,azure_reservations,a100-sxm-80gb,A100,80GB,SXM,IB-HDR,1Y,NonInterruptible,Reserved,US-East,US,HIF,T2IF,T1,2.6216,False,,Available,v2.2.1,candidate
2026-08-04,azure_reservations,a100-sxm-80gb,A100,80GB,SXM,IB-HDR,3Y,NonInterruptible,Reserved,Other,Other,HIF,T2IF,T1,2.5789,False,,Available,v2.2.1,candidate
2026-08-04,azure_reservations,a100-sxm-80gb,A100,80GB,SXM,IB-HDR,3Y,NonInterruptible,Reserved,US-East,US,HIF,T2IF,T1,1.8023,False,,Available,v2.2.1,candidate
2026-08-04,azure_reservations,a100-sxm-80gb,A100,80GB,SXM,IB-HDR,3Y,NonInterruptible,Reserved,US-Central,US,HIF,T2IF,T1,2.0367,False,,Available,v2.2.1,candidate
2026-08-04,azure_reservations,a100-sxm-80gb,A100,80GB,SXM,IB-HDR,3Y,NonInterruptible,Reserved,APAC,APAC,HIF,T2IF,T1,2.6134,False,,Available,v2.2.1,candidate
2026-08-04,azure_reservations,a100-sxm-80gb,A100,80GB,SXM,IB-HDR,3Y,NonInterruptible,Reserved,US-West,US,HIF,T2IF,T1,2.3431,False,,Available,v2.2.1,candidate
2026-08-04,azure_reservations,a100-sxm-80gb,A100,80GB,SXM,IB-HDR,3Y,NonInterruptible,Reserved,US-South,US,HIF,T2IF,T1,2.1628,False,,Available,v2.2.1,candidate
2026-08-04,azure_reservations,a100-sxm-80gb,A100,80GB,SXM,IB-HDR,3Y,NonInterruptible,Reserved,EU,EU,HIF,T2IF,T1,2.2529,False,,Available,v2.2.1,candidate
2026-08-04,cloudrift,a100-sxm-80gb,A100,80GB,SXM,,OnDemand,NonInterruptible,OnDemand,US-East,US,SIF,T2IF,T2,1.0500,False,,Available,v2.2.1,term-panel
2026-08-04,cloudrift,a100-sxm-80gb,A100,80GB,SXM,,1M,NonInterruptible,Reserved,US-East,US,SIF,T2IF,T2,0.9500,False,,Available,v2.2.1,term-panel
2026-08-04,cloudrift,a100-sxm-80gb,A100,80GB,SXM,,3M,NonInterruptible,Reserved,US-East,US,SIF,T2IF,T2,0.8900,False,,Available,v2.2.1,term-panel
2026-08-04,coreweave,a100-sxm-80gb,A100,80GB,SXM,IB-HDR,OnDemand,NonInterruptible,OnDemand,US-East,US,IIF,T2IF,T2,2.7000,True,local-nvme;free-egress;support-tier;observability;managed-ops-plane,Available,v2.2.1,panel
2026-08-04,coreweave,a100-sxm-80gb,A100,80GB,SXM,IB-HDR,OnDemand,Interruptible,Spot,US-East,US,DIF,T2IF,T2,1.2063,True,local-nvme;free-egress;support-tier;observability;managed-ops-plane,Available,v2.2.1,panel
2026-08-04,crusoe,a100-sxm-80gb,A100,80GB,SXM,IB-HDR,OnDemand,NonInterruptible,OnDemand,US-East,US,IIF,T2IF,T2,2.3000,True,local-nvme;free-egress,Available,v2.2.1,panel
2026-08-04,cyfuture,a100-sxm-80gb,A100,80GB,SXM,Unknown,1Y,NonInterruptible,Reserved,APAC,APAC,IIF,T2IF,T2,2.0800,False,,Available,v2.2.1,panel
2026-08-04,cyfuture,a100-sxm-80gb,A100,80GB,SXM,Unknown,6M,NonInterruptible,Reserved,APAC,APAC,IIF,T2IF,T2,2.1600,False,,Available,v2.2.1,panel
2026-08-04,datacrunch,a100-sxm-80gb,A100,80GB,SXM,IB-HDR,OnDemand,NonInterruptible,OnDemand,EU,EU,SIF,T2IF,T2,1.7900,True,local-nvme,Available,v2.2.1,panel
2026-08-04,datacrunch,a100-sxm-80gb,A100,80GB,SXM,IB-HDR,1M,NonInterruptible,Reserved,EU,EU,SIF,T2IF,T2,1.7542,True,local-nvme,Available,v2.2.1,panel
2026-08-04,datacrunch,a100-sxm-80gb,A100,80GB,SXM,IB-HDR,1Y,NonInterruptible,Reserved,EU,EU,SIF,T2IF,T2,1.6468,True,local-nvme,Available,v2.2.1,panel
2026-08-04,datacrunch,a100-sxm-80gb,A100,80GB,SXM,IB-HDR,2Y,NonInterruptible,Reserved,EU,EU,SIF,T2IF,T2,1.3425,True,local-nvme,Available,v2.2.1,panel
2026-08-04,datacrunch,a100-sxm-80gb,A100,80GB,SXM,IB-HDR,3M,NonInterruptible,Reserved,EU,EU,SIF,T2IF,T2,1.7363,True,local-nvme,Available,v2.2.1,panel
2026-08-04,datacrunch,a100-sxm-80gb,A100,80GB,SXM,IB-HDR,6M,NonInterruptible,Reserved,EU,EU,SIF,T2IF,T2,1.7184,True,local-nvme,Available,v2.2.1,panel
2026-08-04,datacrunch,a100-sxm-80gb,A100,80GB,SXM,IB-HDR,OnDemand,Interruptible,Spot,EU,EU,DIF,T2IF,T2,0.6265,True,local-nvme,Available,v2.2.1,panel
2026-08-04,deepinfra_gpu,a100-sxm-80gb,A100,80GB,SXM,,OnDemand,NonInterruptible,OnDemand,Other,Other,SIF,T2IF,T2,0.8900,False,,Available,v2.2.1,panel
2026-08-04,denvr,a100-sxm-80gb,A100,80GB,SXM,IB-HDR,OnDemand,NonInterruptible,OnDemand,Other,Other,SIF,T2IF,T2,1.4500,True,local-nvme,Available,v2.2.1,panel
2026-08-04,e2e,a100-sxm-80gb,A100,80GB,SXM,IB-NDR,OnDemand,NonInterruptible,OnDemand,APAC,APAC,IIF,T2IF,T2,2.1000,True,managed-ops-plane,Available,v2.2.1,panel
2026-08-04,e2e,a100-sxm-80gb,A100,80GB,SXM,IB-NDR,1M,NonInterruptible,Reserved,APAC,APAC,IIF,T2IF,T2,1.5319,True,managed-ops-plane,Available,v2.2.1,panel
2026-08-04,e2e,a100-sxm-80gb,A100,80GB,SXM,IB-NDR,1Y,NonInterruptible,Reserved,APAC,APAC,IIF,T2IF,T2,1.2050,True,managed-ops-plane,Available,v2.2.1,panel
2026-08-04,e2e,a100-sxm-80gb,A100,80GB,SXM,IB-NDR,3M,NonInterruptible,Reserved,APAC,APAC,IIF,T2IF,T2,1.4852,True,managed-ops-plane,Available,v2.2.1,panel
2026-08-04,e2e,a100-sxm-80gb,A100,80GB,SXM,IB-NDR,6M,NonInterruptible,Reserved,APAC,APAC,IIF,T2IF,T2,1.3092,True,managed-ops-plane,Available,v2.2.1,panel
2026-08-04,gcore,a100-sxm-80gb,A100,80GB,SXM,Unknown,OnDemand,NonInterruptible,OnDemand,EU,EU,IIF,T2IF,T2,1.4649,False,,Available,v2.2.1,panel
2026-08-04,gcp_cud,a100-sxm-80gb,A100,80GB,SXM,Ethernet,1Y,NonInterruptible,Reserved,US-East,US,HIF,T2IF,T1,3.4811,False,,Available,v2.2.1,candidate
2026-08-04,gcp_cud,a100-sxm-80gb,A100,80GB,SXM,Ethernet,1Y,NonInterruptible,Reserved,US-West,US,HIF,T2IF,T1,3.4811,False,,Available,v2.2.1,candidate
2026-08-04,gcp_cud,a100-sxm-80gb,A100,80GB,SXM,Ethernet,1Y,NonInterruptible,Reserved,US-South,US,HIF,T2IF,T1,4.1077,False,,Available,v2.2.1,candidate
2026-08-04,gcp_cud,a100-sxm-80gb,A100,80GB,SXM,Ethernet,1Y,NonInterruptible,Reserved,US-Central,US,HIF,T2IF,T1,3.4811,False,,Available,v2.2.1,candidate
2026-08-04,gcp_cud,a100-sxm-80gb,A100,80GB,SXM,Ethernet,3Y,NonInterruptible,Reserved,US-East,US,HIF,T2IF,T1,3.4877,False,,Available,v2.2.1,candidate
2026-08-04,gcp_cud,a100-sxm-80gb,A100,80GB,SXM,Ethernet,3Y,NonInterruptible,Reserved,US-South,US,HIF,T2IF,T1,3.6540,False,,Available,v2.2.1,candidate
2026-08-04,gcp_cud,a100-sxm-80gb,A100,80GB,SXM,Ethernet,3Y,NonInterruptible,Reserved,US-West,US,HIF,T2IF,T1,3.4877,False,,Available,v2.2.1,candidate
2026-08-04,gcp_cud,a100-sxm-80gb,A100,80GB,SXM,Ethernet,3Y,NonInterruptible,Reserved,US-Central,US,HIF,T2IF,T1,3.0966,False,,Available,v2.2.1,candidate
2026-08-04,gcp_dws,a100-sxm-80gb,A100,80GB,SXM,Ethernet,FlexStart,NonInterruptible,Reserved,US-Central,US,HIF,T2IF,T1,2.4000,False,,Available,v2.2.1,term-panel
2026-08-04,hyperstack,a100-sxm-80gb,A100,80GB,SXM,Ethernet,OnDemand,NonInterruptible,OnDemand,Other,Other,SIF,,T2,1.6000,True,local-nvme,Available,v2.2.1,panel
2026-08-04,hyperstack,a100-sxm-80gb,A100,80GB,SXM,Ethernet,6M,NonInterruptible,Reserved,Other,Other,SIF,,T2,1.3600,True,local-nvme,Available,v2.2.1,panel
2026-08-04,jarvislabs,a100-sxm-80gb,A100,80GB,SXM,Unknown,OnDemand,NonInterruptible,OnDemand,APAC,APAC,IIF,T3IF,T2,1.4900,False,,Available,v2.2.1,panel
2026-08-04,lambda,a100-sxm-80gb,A100,80GB,SXM,Unknown,OnDemand,NonInterruptible,OnDemand,US-East,US,IIF,T3IF,T2,2.7900,True,local-nvme,Available,v2.2.1,panel
2026-08-04,massed_compute,a100-sxm-80gb,A100,80GB,SXM,Unknown,OnDemand,NonInterruptible,OnDemand,US-East,US,DIF,T3IF,T3,1.3800,False,,Available,v2.2.1,panel
2026-08-04,oci,a100-sxm-80gb,A100,80GB,SXM,RoCE-v2,OnDemand,NonInterruptible,OnDemand,US-East,US,HIF,T2IF,T1,4.0000,True,local-nvme;egress-capped;managed-ops-plane;support-tier;observability,Available,v2.2.1,panel
2026-08-04,paperspace,a100-sxm-80gb,A100,80GB,SXM,,OnDemand,NonInterruptible,OnDemand,Other,Other,SIF,T2IF,T2,3.1800,False,,Available,v2.2.1,panel
2026-08-04,paperspace,a100-sxm-80gb,A100,80GB,SXM,,3Y,NonInterruptible,Reserved,Other,Other,SIF,T2IF,T2,1.1500,False,,Available,v2.2.1,panel
2026-08-04,runpod_cluster,a100-sxm-80gb,A100,80GB,SXM,IB-HDR,OnDemand,NonInterruptible,OnDemand,Other,Other,DIF,T2IF,T3,1.9080,True,local-nvme,Available,v2.2.1,panel
2026-08-04,runpod_community,a100-sxm-80gb,A100,80GB,SXM,Unknown,OnDemand,NonInterruptible,OnDemand,Other,Other,DIF,T3IF,T3,1.3900,False,,Available,v2.2.1,panel
2026-08-04,runpod_secure,a100-sxm-80gb,A100,80GB,SXM,IB-HDR,OnDemand,NonInterruptible,OnDemand,Other,Other,DIF,T2IF,T3,1.5900,True,local-nvme,Available,v2.2.1,panel
2026-08-04,runpod_secure,a100-sxm-80gb,A100,80GB,SXM,IB-HDR,1Y,NonInterruptible,Reserved,Other,Other,DIF,T2IF,T3,1.5900,True,local-nvme,Available,v2.2.1,panel
2026-08-04,runpod_secure,a100-sxm-80gb,A100,80GB,SXM,IB-HDR,3M,NonInterruptible,Reserved,Other,Other,DIF,T2IF,T3,1.5900,True,local-nvme,Available,v2.2.1,panel
2026-08-04,runpod_secure,a100-sxm-80gb,A100,80GB,SXM,IB-HDR,6M,NonInterruptible,Reserved,Other,Other,DIF,T2IF,T3,1.5900,True,local-nvme,Available,v2.2.1,panel
2026-08-04,runpod_secure,a100-sxm-80gb,A100,80GB,SXM,IB-HDR,OnDemand,Interruptible,Spot,Other,Other,DIF,T2IF,T3,1.3900,True,local-nvme,Available,v2.2.1,panel
2026-08-04,sesterce,a100-sxm-80gb,A100,80GB,SXM,Unknown,OnDemand,NonInterruptible,OnDemand,Other,Other,IIF,T2IF,T2,1.4850,False,,Available,v2.2.1,panel
2026-08-04,spheron,a100-sxm-80gb,A100,80GB,SXM,Unknown,OnDemand,Interruptible,Spot,US-East,US,DIF,T3IF,T3,1.6009,False,,Available,v2.2.1,panel
2026-08-04,tensordock,a100-sxm-80gb,A100,80GB,SXM,Unknown,OnDemand,NonInterruptible,OnDemand,Other,Other,DIF,T3IF,T3,1.2000,False,,Available,v2.2.1,panel
2026-08-04,vast_ai,a100-sxm-80gb,A100,80GB,SXM,Unknown,OnDemand,NonInterruptible,OnDemand,EU,EU,DIF,T3IF,T3,0.7067,True,local-nvme,Available,v2.2.1,marketplace
2026-08-04,vast_ai,a100-sxm-80gb,A100,80GB,SXM,Unknown,OnDemand,NonInterruptible,OnDemand,APAC,APAC,DIF,T3IF,T3,0.4667,True,local-nvme,Available,v2.2.1,marketplace
2026-08-04,vast_ai,a100-sxm-80gb,A100,80GB,SXM,Unknown,OnDemand,NonInterruptible,OnDemand,Other,Other,DIF,T3IF,T3,0.8133,True,local-nvme,Available,v2.2.1,marketplace
2026-08-04,vultr,a100-sxm-80gb,A100,80GB,SXM,Unknown,OnDemand,NonInterruptible,OnDemand,Other,Other,SIF,T2IF,T2,2.8000,False,,Available,v2.2.1,panel
2026-08-04,vultr,a100-sxm-80gb,A100,80GB,SXM,Unknown,OnDemand,Interruptible,Spot,Other,Other,DIF,T2IF,T2,1.4900,False,,Available,v2.2.1,panel
2026-08-05,aws,a100-sxm-80gb,A100,80GB,SXM,EFA,OnDemand,NonInterruptible,OnDemand,US-East,US,HIF,T2IF,T1,3.4309,True,local-nvme;managed-ops-plane;support-tier;observability,Available,v2.2.1,panel
2026-08-05,aws,a100-sxm-80gb,A100,80GB,SXM,EFA,1Y,NonInterruptible,Reserved,US-East,US,HIF,T2IF,T1,2.1752,True,local-nvme;managed-ops-plane;support-tier;observability,Available,v2.2.1,panel
2026-08-05,aws,a100-sxm-80gb,A100,80GB,SXM,EFA,3Y,NonInterruptible,Reserved,US-East,US,HIF,T2IF,T1,1.4647,True,local-nvme;managed-ops-plane;support-tier;observability,Available,v2.2.1,panel
2026-08-05,aws,a100-sxm-80gb,A100,80GB,SXM,EFA,OnDemand,Interruptible,Spot,US-East,US,DIF,T2IF,T1,3.1745,False,,Available,v2.2.1,panel
2026-08-05,aws,a100-sxm-80gb,A100,80GB,SXM,EFA,OnDemand,Interruptible,Spot,US-West,US,DIF,T2IF,T1,2.9310,False,,Available,v2.2.1,panel
2026-08-05,aws_capacity_blocks,a100-sxm-80gb,A100,80GB,SXM,EFA,CapacityBlock,NonInterruptible,Reserved,US-East,US,HIF,T2IF,T1,2.2140,False,,Available,v2.2.1,term-panel
2026-08-05,azure,a100-sxm-80gb,A100,80GB,SXM,IB-HDR,OnDemand,NonInterruptible,OnDemand,US-East,US,HIF,T2IF,T1,4.0963,True,local-nvme;managed-ops-plane;support-tier;observability,Available,v2.2.1,panel
2026-08-05,azure,a100-sxm-80gb,A100,80GB,SXM,IB-HDR,1Y,NonInterruptible,Reserved,US-East,US,HIF,T2IF,T1,2.6216,True,local-nvme;managed-ops-plane;support-tier;observability,Available,v2.2.1,panel
2026-08-05,azure,a100-sxm-80gb,A100,80GB,SXM,IB-HDR,3Y,NonInterruptible,Reserved,US-East,US,HIF,T2IF,T1,1.8024,True,local-nvme;managed-ops-plane;support-tier;observability,Available,v2.2.1,panel
2026-08-05,azure,a100-sxm-80gb,A100,80GB,SXM,IB-HDR,OnDemand,Interruptible,Spot,APAC,APAC,DIF,T2IF,T1,1.5443,True,local-nvme;managed-ops-plane;support-tier;observability,Available,v2.2.1,panel
2026-08-05,azure,a100-sxm-80gb,A100,80GB,SXM,IB-HDR,OnDemand,Interruptible,Spot,US-Central,US,DIF,T2IF,T1,1.2035,True,local-nvme;managed-ops-plane;support-tier;observability,Available,v2.2.1,panel
2026-08-05,azure,a100-sxm-80gb,A100,80GB,SXM,IB-HDR,OnDemand,Interruptible,Spot,EU,EU,DIF,T2IF,T1,1.3313,True,local-nvme;managed-ops-plane;support-tier;observability,Available,v2.2.1,panel
2026-08-05,azure,a100-sxm-80gb,A100,80GB,SXM,IB-HDR,OnDemand,Interruptible,Spot,US-East,US,DIF,T2IF,T1,1.0650,True,local-nvme;managed-ops-plane;support-tier;observability,Available,v2.2.1,panel
2026-08-05,azure,a100-sxm-80gb,A100,80GB,SXM,IB-HDR,OnDemand,Interruptible,Spot,Other,Other,DIF,T2IF,T1,1.5239,True,local-nvme;managed-ops-plane;support-tier;observability,Available,v2.2.1,panel
2026-08-05,azure,a100-sxm-80gb,A100,80GB,SXM,IB-HDR,OnDemand,Interruptible,Spot,US-West,US,DIF,T2IF,T1,1.3845,True,local-nvme;managed-ops-plane;support-tier;observability,Available,v2.2.1,panel
2026-08-05,azure,a100-sxm-80gb,A100,80GB,SXM,IB-HDR,OnDemand,Interruptible,Spot,US-South,US,DIF,T2IF,T1,1.2780,True,local-nvme;managed-ops-plane;support-tier;observability,Available,v2.2.1,panel
2026-08-05,azure_reservations,a100-sxm-80gb,A100,80GB,SXM,IB-HDR,OnDemand,NonInterruptible,OnDemand,US-West,US,HIF,T2IF,T1,4.0963,False,,Available,v2.2.1,candidate
2026-08-05,azure_reservations,a100-sxm-80gb,A100,80GB,SXM,IB-HDR,OnDemand,NonInterruptible,OnDemand,US-South,US,HIF,T2IF,T1,4.9155,False,,Available,v2.2.1,candidate
2026-08-05,azure_reservations,a100-sxm-80gb,A100,80GB,SXM,IB-HDR,OnDemand,NonInterruptible,OnDemand,US-East,US,HIF,T2IF,T1,4.0963,False,,Available,v2.2.1,candidate
2026-08-05,azure_reservations,a100-sxm-80gb,A100,80GB,SXM,IB-HDR,1Y,NonInterruptible,Reserved,Other,Other,HIF,T2IF,T1,3.7512,False,,Available,v2.2.1,candidate
2026-08-05,azure_reservations,a100-sxm-80gb,A100,80GB,SXM,IB-HDR,1Y,NonInterruptible,Reserved,APAC,APAC,HIF,T2IF,T1,3.8013,False,,Available,v2.2.1,candidate
2026-08-05,azure_reservations,a100-sxm-80gb,A100,80GB,SXM,IB-HDR,1Y,NonInterruptible,Reserved,US-West,US,HIF,T2IF,T1,3.4081,False,,Available,v2.2.1,candidate
2026-08-05,azure_reservations,a100-sxm-80gb,A100,80GB,SXM,IB-HDR,1Y,NonInterruptible,Reserved,US-South,US,HIF,T2IF,T1,3.1459,False,,Available,v2.2.1,candidate
2026-08-05,azure_reservations,a100-sxm-80gb,A100,80GB,SXM,IB-HDR,1Y,NonInterruptible,Reserved,EU,EU,HIF,T2IF,T1,3.2770,False,,Available,v2.2.1,candidate
2026-08-05,azure_reservations,a100-sxm-80gb,A100,80GB,SXM,IB-HDR,1Y,NonInterruptible,Reserved,US-East,US,HIF,T2IF,T1,2.6216,False,,Available,v2.2.1,candidate
2026-08-05,azure_reservations,a100-sxm-80gb,A100,80GB,SXM,IB-HDR,1Y,NonInterruptible,Reserved,US-Central,US,HIF,T2IF,T1,2.9624,False,,Available,v2.2.1,candidate
2026-08-05,azure_reservations,a100-sxm-80gb,A100,80GB,SXM,IB-HDR,3Y,NonInterruptible,Reserved,Other,Other,HIF,T2IF,T1,2.5789,False,,Available,v2.2.1,candidate
2026-08-05,azure_reservations,a100-sxm-80gb,A100,80GB,SXM,IB-HDR,3Y,NonInterruptible,Reserved,US-South,US,HIF,T2IF,T1,2.1628,False,,Available,v2.2.1,candidate
2026-08-05,azure_reservations,a100-sxm-80gb,A100,80GB,SXM,IB-HDR,3Y,NonInterruptible,Reserved,EU,EU,HIF,T2IF,T1,2.2529,False,,Available,v2.2.1,candidate
2026-08-05,azure_reservations,a100-sxm-80gb,A100,80GB,SXM,IB-HDR,3Y,NonInterruptible,Reserved,US-Central,US,HIF,T2IF,T1,2.0367,False,,Available,v2.2.1,candidate
2026-08-05,azure_reservations,a100-sxm-80gb,A100,80GB,SXM,IB-HDR,3Y,NonInterruptible,Reserved,US-East,US,HIF,T2IF,T1,1.8023,False,,Available,v2.2.1,candidate
2026-08-05,azure_reservations,a100-sxm-80gb,A100,80GB,SXM,IB-HDR,3Y,NonInterruptible,Reserved,US-West,US,HIF,T2IF,T1,2.3431,False,,Available,v2.2.1,candidate
2026-08-05,azure_reservations,a100-sxm-80gb,A100,80GB,SXM,IB-HDR,3Y,NonInterruptible,Reserved,APAC,APAC,HIF,T2IF,T1,2.6134,False,,Available,v2.2.1,candidate
2026-08-05,cloudrift,a100-sxm-80gb,A100,80GB,SXM,,OnDemand,NonInterruptible,OnDemand,US-East,US,SIF,T2IF,T2,1.0500,False,,Available,v2.2.1,term-panel
2026-08-05,cloudrift,a100-sxm-80gb,A100,80GB,SXM,,1M,NonInterruptible,Reserved,US-East,US,SIF,T2IF,T2,0.9500,False,,Available,v2.2.1,term-panel
2026-08-05,cloudrift,a100-sxm-80gb,A100,80GB,SXM,,3M,NonInterruptible,Reserved,US-East,US,SIF,T2IF,T2,0.8900,False,,Available,v2.2.1,term-panel
2026-08-05,coreweave,a100-sxm-80gb,A100,80GB,SXM,IB-HDR,OnDemand,NonInterruptible,OnDemand,US-East,US,IIF,T2IF,T2,2.7000,True,local-nvme;free-egress;support-tier;observability;managed-ops-plane,Available,v2.2.1,panel
2026-08-05,coreweave,a100-sxm-80gb,A100,80GB,SXM,IB-HDR,OnDemand,Interruptible,Spot,US-East,US,DIF,T2IF,T2,1.2063,True,local-nvme;free-egress;support-tier;observability;managed-ops-plane,Available,v2.2.1,panel
2026-08-05,crusoe,a100-sxm-80gb,A100,80GB,SXM,IB-HDR,OnDemand,NonInterruptible,OnDemand,US-East,US,IIF,T2IF,T2,2.3000,True,local-nvme;free-egress,Available,v2.2.1,panel
2026-08-05,cyfuture,a100-sxm-80gb,A100,80GB,SXM,Unknown,1Y,NonInterruptible,Reserved,APAC,APAC,IIF,T2IF,T2,2.0800,False,,Available,v2.2.1,panel
2026-08-05,cyfuture,a100-sxm-80gb,A100,80GB,SXM,Unknown,6M,NonInterruptible,Reserved,APAC,APAC,IIF,T2IF,T2,2.1600,False,,Available,v2.2.1,panel
2026-08-05,datacrunch,a100-sxm-80gb,A100,80GB,SXM,IB-HDR,OnDemand,NonInterruptible,OnDemand,EU,EU,SIF,T2IF,T2,1.7900,True,local-nvme,Available,v2.2.1,panel
2026-08-05,datacrunch,a100-sxm-80gb,A100,80GB,SXM,IB-HDR,1M,NonInterruptible,Reserved,EU,EU,SIF,T2IF,T2,1.7542,True,local-nvme,Available,v2.2.1,panel
2026-08-05,datacrunch,a100-sxm-80gb,A100,80GB,SXM,IB-HDR,1Y,NonInterruptible,Reserved,EU,EU,SIF,T2IF,T2,1.6468,True,local-nvme,Available,v2.2.1,panel
2026-08-05,datacrunch,a100-sxm-80gb,A100,80GB,SXM,IB-HDR,2Y,NonInterruptible,Reserved,EU,EU,SIF,T2IF,T2,1.3425,True,local-nvme,Available,v2.2.1,panel
2026-08-05,datacrunch,a100-sxm-80gb,A100,80GB,SXM,IB-HDR,3M,NonInterruptible,Reserved,EU,EU,SIF,T2IF,T2,1.7363,True,local-nvme,Available,v2.2.1,panel
2026-08-05,datacrunch,a100-sxm-80gb,A100,80GB,SXM,IB-HDR,6M,NonInterruptible,Reserved,EU,EU,SIF,T2IF,T2,1.7184,True,local-nvme,Available,v2.2.1,panel
2026-08-05,datacrunch,a100-sxm-80gb,A100,80GB,SXM,IB-HDR,OnDemand,Interruptible,Spot,EU,EU,DIF,T2IF,T2,0.6265,True,local-nvme,Available,v2.2.1,panel
2026-08-05,deepinfra_gpu,a100-sxm-80gb,A100,80GB,SXM,,OnDemand,NonInterruptible,OnDemand,Other,Other,SIF,T2IF,T2,0.8900,False,,Available,v2.2.1,panel
2026-08-05,denvr,a100-sxm-80gb,A100,80GB,SXM,IB-HDR,OnDemand,NonInterruptible,OnDemand,Other,Other,SIF,T2IF,T2,1.4500,True,local-nvme,Available,v2.2.1,panel
2026-08-05,e2e,a100-sxm-80gb,A100,80GB,SXM,IB-NDR,OnDemand,NonInterruptible,OnDemand,APAC,APAC,IIF,T2IF,T2,2.1000,True,managed-ops-plane,Available,v2.2.1,panel
2026-08-05,e2e,a100-sxm-80gb,A100,80GB,SXM,IB-NDR,1M,NonInterruptible,Reserved,APAC,APAC,IIF,T2IF,T2,1.5319,True,managed-ops-plane,Available,v2.2.1,panel
2026-08-05,e2e,a100-sxm-80gb,A100,80GB,SXM,IB-NDR,1Y,NonInterruptible,Reserved,APAC,APAC,IIF,T2IF,T2,1.2050,True,managed-ops-plane,Available,v2.2.1,panel
2026-08-05,e2e,a100-sxm-80gb,A100,80GB,SXM,IB-NDR,3M,NonInterruptible,Reserved,APAC,APAC,IIF,T2IF,T2,1.4852,True,managed-ops-plane,Available,v2.2.1,panel
2026-08-05,e2e,a100-sxm-80gb,A100,80GB,SXM,IB-NDR,6M,NonInterruptible,Reserved,APAC,APAC,IIF,T2IF,T2,1.3092,True,managed-ops-plane,Available,v2.2.1,panel
2026-08-05,gcore,a100-sxm-80gb,A100,80GB,SXM,Unknown,OnDemand,NonInterruptible,OnDemand,EU,EU,IIF,T2IF,T2,1.4624,False,,Available,v2.2.1,panel
2026-08-05,gcp_cud,a100-sxm-80gb,A100,80GB,SXM,Ethernet,1Y,NonInterruptible,Reserved,US-Central,US,HIF,T2IF,T1,3.4811,False,,Available,v2.2.1,candidate
2026-08-05,gcp_cud,a100-sxm-80gb,A100,80GB,SXM,Ethernet,1Y,NonInterruptible,Reserved,US-South,US,HIF,T2IF,T1,4.1077,False,,Available,v2.2.1,candidate
2026-08-05,gcp_cud,a100-sxm-80gb,A100,80GB,SXM,Ethernet,1Y,NonInterruptible,Reserved,US-East,US,HIF,T2IF,T1,3.4811,False,,Available,v2.2.1,candidate
2026-08-05,gcp_cud,a100-sxm-80gb,A100,80GB,SXM,Ethernet,1Y,NonInterruptible,Reserved,US-West,US,HIF,T2IF,T1,3.4811,False,,Available,v2.2.1,candidate
2026-08-05,gcp_cud,a100-sxm-80gb,A100,80GB,SXM,Ethernet,3Y,NonInterruptible,Reserved,US-East,US,HIF,T2IF,T1,3.4877,False,,Available,v2.2.1,candidate
2026-08-05,gcp_cud,a100-sxm-80gb,A100,80GB,SXM,Ethernet,3Y,NonInterruptible,Reserved,US-West,US,HIF,T2IF,T1,3.4877,False,,Available,v2.2.1,candidate
2026-08-05,gcp_cud,a100-sxm-80gb,A100,80GB,SXM,Ethernet,3Y,NonInterruptible,Reserved,US-Central,US,HIF,T2IF,T1,3.0966,False,,Available,v2.2.1,candidate
2026-08-05,gcp_cud,a100-sxm-80gb,A100,80GB,SXM,Ethernet,3Y,NonInterruptible,Reserved,US-South,US,HIF,T2IF,T1,3.6540,False,,Available,v2.2.1,candidate
2026-08-05,gcp_dws,a100-sxm-80gb,A100,80GB,SXM,Ethernet,FlexStart,NonInterruptible,Reserved,US-Central,US,HIF,T2IF,T1,2.4000,False,,Available,v2.2.1,term-panel
2026-08-05,hyperstack,a100-sxm-80gb,A100,80GB,SXM,Ethernet,OnDemand,NonInterruptible,OnDemand,Other,Other,SIF,,T2,1.6000,True,local-nvme,Available,v2.2.1,panel
2026-08-05,hyperstack,a100-sxm-80gb,A100,80GB,SXM,Ethernet,6M,NonInterruptible,Reserved,Other,Other,SIF,,T2,1.3600,True,local-nvme,Available,v2.2.1,panel
2026-08-05,jarvislabs,a100-sxm-80gb,A100,80GB,SXM,Unknown,OnDemand,NonInterruptible,OnDemand,APAC,APAC,IIF,T3IF,T2,1.4900,False,,Available,v2.2.1,panel
2026-08-05,koyeb,a100-sxm-80gb,A100,80GB,SXM,Unknown,OnDemand,NonInterruptible,OnDemand,Other,Other,SIF,T2IF,T2,2.1500,False,,Available,v2.2.1,candidate
2026-08-05,lambda,a100-sxm-80gb,A100,80GB,SXM,Unknown,OnDemand,NonInterruptible,OnDemand,US-East,US,IIF,T3IF,T2,2.7900,True,local-nvme,Available,v2.2.1,panel
2026-08-05,massed_compute,a100-sxm-80gb,A100,80GB,SXM,Unknown,OnDemand,NonInterruptible,OnDemand,US-East,US,DIF,T3IF,T3,1.3800,False,,Available,v2.2.1,panel
2026-08-05,oci,a100-sxm-80gb,A100,80GB,SXM,RoCE-v2,OnDemand,NonInterruptible,OnDemand,US-East,US,HIF,T2IF,T1,4.0000,True,local-nvme;egress-capped;managed-ops-plane;support-tier;observability,Available,v2.2.1,panel
2026-08-05,paperspace,a100-sxm-80gb,A100,80GB,SXM,,OnDemand,NonInterruptible,OnDemand,Other,Other,SIF,T2IF,T2,3.1800,False,,Available,v2.2.1,panel
2026-08-05,paperspace,a100-sxm-80gb,A100,80GB,SXM,,3Y,NonInterruptible,Reserved,Other,Other,SIF,T2IF,T2,1.1500,False,,Available,v2.2.1,panel
2026-08-05,runpod_cluster,a100-sxm-80gb,A100,80GB,SXM,IB-HDR,OnDemand,NonInterruptible,OnDemand,Other,Other,DIF,T2IF,T3,1.9080,True,local-nvme,Available,v2.2.1,panel
2026-08-05,runpod_cluster,a100-sxm-80gb,A100,80GB,SXM,IB-HDR,OnDemand,NonInterruptible,OnDemand,US-East,US,DIF,T3IF,T3,1.7900,False,,Available,v2.2.1,panel
2026-08-05,runpod_community,a100-sxm-80gb,A100,80GB,SXM,Unknown,OnDemand,NonInterruptible,OnDemand,Other,Other,DIF,T3IF,T3,1.3900,False,,Available,v2.2.1,panel
2026-08-05,runpod_secure,a100-sxm-80gb,A100,80GB,SXM,IB-HDR,OnDemand,NonInterruptible,OnDemand,Other,Other,DIF,T2IF,T3,1.5900,True,local-nvme,Available,v2.2.1,panel
2026-08-05,runpod_secure,a100-sxm-80gb,A100,80GB,SXM,IB-HDR,1Y,NonInterruptible,Reserved,Other,Other,DIF,T2IF,T3,1.5900,True,local-nvme,Available,v2.2.1,panel
2026-08-05,runpod_secure,a100-sxm-80gb,A100,80GB,SXM,IB-HDR,3M,NonInterruptible,Reserved,Other,Other,DIF,T2IF,T3,1.5900,True,local-nvme,Available,v2.2.1,panel
2026-08-05,runpod_secure,a100-sxm-80gb,A100,80GB,SXM,IB-HDR,6M,NonInterruptible,Reserved,Other,Other,DIF,T2IF,T3,1.5900,True,local-nvme,Available,v2.2.1,panel
2026-08-05,runpod_secure,a100-sxm-80gb,A100,80GB,SXM,IB-HDR,OnDemand,Interruptible,Spot,Other,Other,DIF,T2IF,T3,1.3900,True,local-nvme,Available,v2.2.1,panel
2026-08-05,sesterce,a100-sxm-80gb,A100,80GB,SXM,Unknown,OnDemand,NonInterruptible,OnDemand,Other,Other,IIF,T2IF,T2,1.4850,False,,Available,v2.2.1,panel
2026-08-05,tensordock,a100-sxm-80gb,A100,80GB,SXM,Unknown,OnDemand,NonInterruptible,OnDemand,Other,Other,DIF,T3IF,T3,1.2000,False,,Available,v2.2.1,panel
2026-08-05,vast_ai,a100-sxm-80gb,A100,80GB,SXM,Unknown,OnDemand,NonInterruptible,OnDemand,APAC,APAC,DIF,T3IF,T3,0.4667,True,local-nvme,Available,v2.2.1,marketplace
2026-08-05,vast_ai,a100-sxm-80gb,A100,80GB,SXM,Unknown,OnDemand,NonInterruptible,OnDemand,EU,EU,DIF,T3IF,T3,1.0667,True,local-nvme,Available,v2.2.1,marketplace
2026-08-05,vast_ai,a100-sxm-80gb,A100,80GB,SXM,Unknown,OnDemand,NonInterruptible,OnDemand,Other,Other,DIF,T3IF,T3,0.7733,True,local-nvme,Available,v2.2.1,marketplace
2026-08-05,vultr,a100-sxm-80gb,A100,80GB,SXM,Unknown,OnDemand,NonInterruptible,OnDemand,Other,Other,SIF,T2IF,T2,2.8000,False,,Available,v2.2.1,panel
2026-08-05,vultr,a100-sxm-80gb,A100,80GB,SXM,Unknown,OnDemand,Interruptible,Spot,Other,Other,DIF,T2IF,T2,1.4900,False,,Available,v2.2.1,panel
2026-08-06,aws,a100-sxm-80gb,A100,80GB,SXM,EFA,OnDemand,NonInterruptible,OnDemand,US-East,US,HIF,T2IF,T1,3.4309,True,local-nvme;managed-ops-plane;support-tier;observability,Available,v2.2.1,panel
2026-08-06,aws,a100-sxm-80gb,A100,80GB,SXM,EFA,1Y,NonInterruptible,Reserved,US-East,US,HIF,T2IF,T1,2.1752,True,local-nvme;managed-ops-plane;support-tier;observability,Available,v2.2.1,panel
2026-08-06,aws,a100-sxm-80gb,A100,80GB,SXM,EFA,3Y,NonInterruptible,Reserved,US-East,US,HIF,T2IF,T1,1.4647,True,local-nvme;managed-ops-plane;support-tier;observability,Available,v2.2.1,panel
2026-08-06,aws,a100-sxm-80gb,A100,80GB,SXM,EFA,OnDemand,Interruptible,Spot,US-East,US,DIF,T2IF,T1,3.1755,False,,Available,v2.2.1,panel
2026-08-06,aws,a100-sxm-80gb,A100,80GB,SXM,EFA,OnDemand,Interruptible,Spot,US-West,US,DIF,T2IF,T1,2.9391,False,,Available,v2.2.1,panel
2026-08-06,aws_capacity_blocks,a100-sxm-80gb,A100,80GB,SXM,EFA,CapacityBlock,NonInterruptible,Reserved,US-East,US,HIF,T2IF,T1,2.2140,False,,Available,v2.2.1,term-panel
2026-08-06,azure,a100-sxm-80gb,A100,80GB,SXM,IB-HDR,OnDemand,NonInterruptible,OnDemand,US-East,US,HIF,T2IF,T1,4.0963,True,local-nvme;managed-ops-plane;support-tier;observability,Available,v2.2.1,panel
2026-08-06,azure,a100-sxm-80gb,A100,80GB,SXM,IB-HDR,1Y,NonInterruptible,Reserved,US-East,US,HIF,T2IF,T1,2.6216,True,local-nvme;managed-ops-plane;support-tier;observability,Available,v2.2.1,panel
2026-08-06,azure,a100-sxm-80gb,A100,80GB,SXM,IB-HDR,3Y,NonInterruptible,Reserved,US-East,US,HIF,T2IF,T1,1.8024,True,local-nvme;managed-ops-plane;support-tier;observability,Available,v2.2.1,panel
2026-08-06,azure,a100-sxm-80gb,A100,80GB,SXM,IB-HDR,OnDemand,Interruptible,Spot,EU,EU,DIF,T2IF,T1,1.3313,True,local-nvme;managed-ops-plane;support-tier;observability,Available,v2.2.1,panel
2026-08-06,azure,a100-sxm-80gb,A100,80GB,SXM,IB-HDR,OnDemand,Interruptible,Spot,Other,Other,DIF,T2IF,T1,1.5239,True,local-nvme;managed-ops-plane;support-tier;observability,Available,v2.2.1,panel
2026-08-06,azure,a100-sxm-80gb,A100,80GB,SXM,IB-HDR,OnDemand,Interruptible,Spot,US-West,US,DIF,T2IF,T1,1.3845,True,local-nvme;managed-ops-plane;support-tier;observability,Available,v2.2.1,panel
2026-08-06,azure,a100-sxm-80gb,A100,80GB,SXM,IB-HDR,OnDemand,Interruptible,Spot,US-Central,US,DIF,T2IF,T1,1.2035,True,local-nvme;managed-ops-plane;support-tier;observability,Available,v2.2.1,panel
2026-08-06,azure,a100-sxm-80gb,A100,80GB,SXM,IB-HDR,OnDemand,Interruptible,Spot,US-East,US,DIF,T2IF,T1,1.0650,True,local-nvme;managed-ops-plane;support-tier;observability,Available,v2.2.1,panel
2026-08-06,azure,a100-sxm-80gb,A100,80GB,SXM,IB-HDR,OnDemand,Interruptible,Spot,APAC,APAC,DIF,T2IF,T1,1.5443,True,local-nvme;managed-ops-plane;support-tier;observability,Available,v2.2.1,panel
2026-08-06,azure,a100-sxm-80gb,A100,80GB,SXM,IB-HDR,OnDemand,Interruptible,Spot,US-South,US,DIF,T2IF,T1,1.2780,True,local-nvme;managed-ops-plane;support-tier;observability,Available,v2.2.1,panel
2026-08-06,azure_reservations,a100-sxm-80gb,A100,80GB,SXM,IB-HDR,OnDemand,NonInterruptible,OnDemand,US-West,US,HIF,T2IF,T1,4.0963,False,,Available,v2.2.1,candidate
2026-08-06,azure_reservations,a100-sxm-80gb,A100,80GB,SXM,IB-HDR,OnDemand,NonInterruptible,OnDemand,US-East,US,HIF,T2IF,T1,4.0963,False,,Available,v2.2.1,candidate
2026-08-06,azure_reservations,a100-sxm-80gb,A100,80GB,SXM,IB-HDR,OnDemand,NonInterruptible,OnDemand,US-South,US,HIF,T2IF,T1,4.9155,False,,Available,v2.2.1,candidate
2026-08-06,azure_reservations,a100-sxm-80gb,A100,80GB,SXM,IB-HDR,1Y,NonInterruptible,Reserved,APAC,APAC,HIF,T2IF,T1,3.8013,False,,Available,v2.2.1,candidate
2026-08-06,azure_reservations,a100-sxm-80gb,A100,80GB,SXM,IB-HDR,1Y,NonInterruptible,Reserved,US-West,US,HIF,T2IF,T1,3.4081,False,,Available,v2.2.1,candidate
2026-08-06,azure_reservations,a100-sxm-80gb,A100,80GB,SXM,IB-HDR,1Y,NonInterruptible,Reserved,US-Central,US,HIF,T2IF,T1,2.9624,False,,Available,v2.2.1,candidate
2026-08-06,azure_reservations,a100-sxm-80gb,A100,80GB,SXM,IB-HDR,1Y,NonInterruptible,Reserved,US-East,US,HIF,T2IF,T1,2.6216,False,,Available,v2.2.1,candidate
2026-08-06,azure_reservations,a100-sxm-80gb,A100,80GB,SXM,IB-HDR,1Y,NonInterruptible,Reserved,US-South,US,HIF,T2IF,T1,3.1459,False,,Available,v2.2.1,candidate
2026-08-06,azure_reservations,a100-sxm-80gb,A100,80GB,SXM,IB-HDR,1Y,NonInterruptible,Reserved,EU,EU,HIF,T2IF,T1,3.2770,False,,Available,v2.2.1,candidate
2026-08-06,azure_reservations,a100-sxm-80gb,A100,80GB,SXM,IB-HDR,1Y,NonInterruptible,Reserved,Other,Other,HIF,T2IF,T1,3.7512,False,,Available,v2.2.1,candidate
2026-08-06,azure_reservations,a100-sxm-80gb,A100,80GB,SXM,IB-HDR,3Y,NonInterruptible,Reserved,APAC,APAC,HIF,T2IF,T1,2.6134,False,,Available,v2.2.1,candidate
2026-08-06,azure_reservations,a100-sxm-80gb,A100,80GB,SXM,IB-HDR,3Y,NonInterruptible,Reserved,US-West,US,HIF,T2IF,T1,2.3431,False,,Available,v2.2.1,candidate
2026-08-06,azure_reservations,a100-sxm-80gb,A100,80GB,SXM,IB-HDR,3Y,NonInterruptible,Reserved,US-East,US,HIF,T2IF,T1,1.8023,False,,Available,v2.2.1,candidate
2026-08-06,azure_reservations,a100-sxm-80gb,A100,80GB,SXM,IB-HDR,3Y,NonInterruptible,Reserved,US-Central,US,HIF,T2IF,T1,2.0367,False,,Available,v2.2.1,candidate
2026-08-06,azure_reservations,a100-sxm-80gb,A100,80GB,SXM,IB-HDR,3Y,NonInterruptible,Reserved,US-South,US,HIF,T2IF,T1,2.1628,False,,Available,v2.2.1,candidate
2026-08-06,azure_reservations,a100-sxm-80gb,A100,80GB,SXM,IB-HDR,3Y,NonInterruptible,Reserved,Other,Other,HIF,T2IF,T1,2.5789,False,,Available,v2.2.1,candidate
2026-08-06,azure_reservations,a100-sxm-80gb,A100,80GB,SXM,IB-HDR,3Y,NonInterruptible,Reserved,EU,EU,HIF,T2IF,T1,2.2529,False,,Available,v2.2.1,candidate
2026-08-06,cloudrift,a100-sxm-80gb,A100,80GB,SXM,,OnDemand,NonInterruptible,OnDemand,US-East,US,SIF,T2IF,T2,1.0500,False,,Available,v2.2.1,term-panel
2026-08-06,cloudrift,a100-sxm-80gb,A100,80GB,SXM,,1M,NonInterruptible,Reserved,US-East,US,SIF,T2IF,T2,0.9500,False,,Available,v2.2.1,term-panel
2026-08-06,cloudrift,a100-sxm-80gb,A100,80GB,SXM,,3M,NonInterruptible,Reserved,US-East,US,SIF,T2IF,T2,0.8900,False,,Available,v2.2.1,term-panel
2026-08-06,coreweave,a100-sxm-80gb,A100,80GB,SXM,IB-HDR,OnDemand,NonInterruptible,OnDemand,US-East,US,IIF,T2IF,T2,2.7000,True,local-nvme;free-egress;support-tier;observability;managed-ops-plane,Available,v2.2.1,panel
2026-08-06,coreweave,a100-sxm-80gb,A100,80GB,SXM,IB-HDR,OnDemand,Interruptible,Spot,US-East,US,DIF,T2IF,T2,1.2063,True,local-nvme;free-egress;support-tier;observability;managed-ops-plane,Available,v2.2.1,panel
2026-08-06,crusoe,a100-sxm-80gb,A100,80GB,SXM,IB-HDR,OnDemand,NonInterruptible,OnDemand,US-East,US,IIF,T2IF,T2,2.3000,True,local-nvme;free-egress,Available,v2.2.1,panel
2026-08-06,cyfuture,a100-sxm-80gb,A100,80GB,SXM,Unknown,1Y,NonInterruptible,Reserved,APAC,APAC,IIF,T2IF,T2,2.0800,False,,Available,v2.2.1,panel
2026-08-06,cyfuture,a100-sxm-80gb,A100,80GB,SXM,Unknown,6M,NonInterruptible,Reserved,APAC,APAC,IIF,T2IF,T2,2.1600,False,,Available,v2.2.1,panel
2026-08-06,datacrunch,a100-sxm-80gb,A100,80GB,SXM,IB-HDR,OnDemand,NonInterruptible,OnDemand,EU,EU,SIF,T2IF,T2,1.7900,True,local-nvme,Available,v2.2.1,panel
2026-08-06,datacrunch,a100-sxm-80gb,A100,80GB,SXM,IB-HDR,1M,NonInterruptible,Reserved,EU,EU,SIF,T2IF,T2,1.7542,True,local-nvme,Available,v2.2.1,panel
2026-08-06,datacrunch,a100-sxm-80gb,A100,80GB,SXM,IB-HDR,1Y,NonInterruptible,Reserved,EU,EU,SIF,T2IF,T2,1.6468,True,local-nvme,Available,v2.2.1,panel
2026-08-06,datacrunch,a100-sxm-80gb,A100,80GB,SXM,IB-HDR,2Y,NonInterruptible,Reserved,EU,EU,SIF,T2IF,T2,1.3425,True,local-nvme,Available,v2.2.1,panel
2026-08-06,datacrunch,a100-sxm-80gb,A100,80GB,SXM,IB-HDR,3M,NonInterruptible,Reserved,EU,EU,SIF,T2IF,T2,1.7363,True,local-nvme,Available,v2.2.1,panel
2026-08-06,datacrunch,a100-sxm-80gb,A100,80GB,SXM,IB-HDR,6M,NonInterruptible,Reserved,EU,EU,SIF,T2IF,T2,1.7184,True,local-nvme,Available,v2.2.1,panel
2026-08-06,datacrunch,a100-sxm-80gb,A100,80GB,SXM,IB-HDR,OnDemand,Interruptible,Spot,EU,EU,DIF,T2IF,T2,0.8950,True,local-nvme,Available,v2.2.1,panel
2026-08-06,deepinfra_gpu,a100-sxm-80gb,A100,80GB,SXM,,OnDemand,NonInterruptible,OnDemand,Other,Other,SIF,T2IF,T2,0.8900,False,,Available,v2.2.1,panel
2026-08-06,denvr,a100-sxm-80gb,A100,80GB,SXM,IB-HDR,OnDemand,NonInterruptible,OnDemand,Other,Other,SIF,T2IF,T2,1.4500,True,local-nvme,Available,v2.2.1,panel
2026-08-06,e2e,a100-sxm-80gb,A100,80GB,SXM,IB-NDR,OnDemand,NonInterruptible,OnDemand,APAC,APAC,IIF,T2IF,T2,2.1000,True,managed-ops-plane,Available,v2.2.1,panel
2026-08-06,e2e,a100-sxm-80gb,A100,80GB,SXM,IB-NDR,1M,NonInterruptible,Reserved,APAC,APAC,IIF,T2IF,T2,1.5319,True,managed-ops-plane,Available,v2.2.1,panel
2026-08-06,e2e,a100-sxm-80gb,A100,80GB,SXM,IB-NDR,1Y,NonInterruptible,Reserved,APAC,APAC,IIF,T2IF,T2,1.2050,True,managed-ops-plane,Available,v2.2.1,panel
2026-08-06,e2e,a100-sxm-80gb,A100,80GB,SXM,IB-NDR,3M,NonInterruptible,Reserved,APAC,APAC,IIF,T2IF,T2,1.4852,True,managed-ops-plane,Available,v2.2.1,panel
2026-08-06,e2e,a100-sxm-80gb,A100,80GB,SXM,IB-NDR,6M,NonInterruptible,Reserved,APAC,APAC,IIF,T2IF,T2,1.3092,True,managed-ops-plane,Available,v2.2.1,panel
2026-08-06,gcore,a100-sxm-80gb,A100,80GB,SXM,Unknown,OnDemand,NonInterruptible,OnDemand,EU,EU,IIF,T2IF,T2,1.4674,False,,Available,v2.2.1,panel
2026-08-06,gcp,a100-sxm-80gb,A100,80GB,SXM,Ethernet,OnDemand,NonInterruptible,OnDemand,US-Central,US,HIF,T3IF,T1,5.0688,True,local-nvme,Available,v2.2.1,panel
2026-08-06,gcp,a100-sxm-80gb,A100,80GB,SXM,Ethernet,OnDemand,NonInterruptible,OnDemand,US-East,US,HIF,T3IF,T1,5.0688,True,local-nvme,Available,v2.2.1,panel
2026-08-06,gcp,a100-sxm-80gb,A100,80GB,SXM,Ethernet,OnDemand,NonInterruptible,OnDemand,US-West,US,HIF,T3IF,T1,5.0688,True,local-nvme,Available,v2.2.1,panel
2026-08-06,gcp,a100-sxm-80gb,A100,80GB,SXM,Ethernet,1Y,NonInterruptible,Reserved,US-Central,US,HIF,T3IF,T1,4.1997,True,local-nvme,Available,v2.2.1,panel
2026-08-06,gcp,a100-sxm-80gb,A100,80GB,SXM,Ethernet,1Y,NonInterruptible,Reserved,US-East,US,HIF,T3IF,T1,4.1997,True,local-nvme,Available,v2.2.1,panel
2026-08-06,gcp,a100-sxm-80gb,A100,80GB,SXM,Ethernet,1Y,NonInterruptible,Reserved,US-West,US,HIF,T3IF,T1,4.1997,True,local-nvme,Available,v2.2.1,panel
2026-08-06,gcp,a100-sxm-80gb,A100,80GB,SXM,Ethernet,1Y,NonInterruptible,Reserved,US-South,US,HIF,T3IF,T1,4.9556,True,local-nvme,Available,v2.2.1,panel
2026-08-06,gcp,a100-sxm-80gb,A100,80GB,SXM,Ethernet,3Y,NonInterruptible,Reserved,US-West,US,HIF,T3IF,T1,3.9415,True,local-nvme,Available,v2.2.1,panel
2026-08-06,gcp,a100-sxm-80gb,A100,80GB,SXM,Ethernet,3Y,NonInterruptible,Reserved,US-South,US,HIF,T3IF,T1,4.1300,True,local-nvme,Available,v2.2.1,panel
2026-08-06,gcp,a100-sxm-80gb,A100,80GB,SXM,Ethernet,3Y,NonInterruptible,Reserved,US-East,US,HIF,T3IF,T1,3.8911,True,local-nvme,Available,v2.2.1,panel
2026-08-06,gcp,a100-sxm-80gb,A100,80GB,SXM,Ethernet,3Y,NonInterruptible,Reserved,US-Central,US,HIF,T3IF,T1,3.5000,True,local-nvme,Available,v2.2.1,panel
2026-08-06,gcp,a100-sxm-80gb,A100,80GB,SXM,Ethernet,OnDemand,Interruptible,Spot,US-South,US,DIF,T3IF,T1,0.7321,True,local-nvme,Available,v2.2.1,panel
2026-08-06,gcp,a100-sxm-80gb,A100,80GB,SXM,Ethernet,OnDemand,Interruptible,Spot,US-East,US,DIF,T3IF,T1,2.4472,True,local-nvme,Available,v2.2.1,panel
2026-08-06,gcp,a100-sxm-80gb,A100,80GB,SXM,Ethernet,OnDemand,Interruptible,Spot,US-West,US,DIF,T3IF,T1,0.7424,True,local-nvme,Available,v2.2.1,panel
2026-08-06,gcp,a100-sxm-80gb,A100,80GB,SXM,Ethernet,OnDemand,Interruptible,Spot,US-Central,US,DIF,T3IF,T1,2.9274,True,local-nvme,Available,v2.2.1,panel
2026-08-06,gcp_cud,a100-sxm-80gb,A100,80GB,SXM,Ethernet,1Y,NonInterruptible,Reserved,US-West,US,HIF,T2IF,T1,3.4811,False,,Available,v2.2.1,candidate
2026-08-06,gcp_cud,a100-sxm-80gb,A100,80GB,SXM,Ethernet,1Y,NonInterruptible,Reserved,US-South,US,HIF,T2IF,T1,4.1077,False,,Available,v2.2.1,candidate
2026-08-06,gcp_cud,a100-sxm-80gb,A100,80GB,SXM,Ethernet,1Y,NonInterruptible,Reserved,US-Central,US,HIF,T2IF,T1,3.4811,False,,Available,v2.2.1,candidate
2026-08-06,gcp_cud,a100-sxm-80gb,A100,80GB,SXM,Ethernet,1Y,NonInterruptible,Reserved,US-East,US,HIF,T2IF,T1,3.4811,False,,Available,v2.2.1,candidate
2026-08-06,gcp_cud,a100-sxm-80gb,A100,80GB,SXM,Ethernet,3Y,NonInterruptible,Reserved,US-East,US,HIF,T2IF,T1,3.4877,False,,Available,v2.2.1,candidate
2026-08-06,gcp_cud,a100-sxm-80gb,A100,80GB,SXM,Ethernet,3Y,NonInterruptible,Reserved,US-West,US,HIF,T2IF,T1,3.4877,False,,Available,v2.2.1,candidate
2026-08-06,gcp_cud,a100-sxm-80gb,A100,80GB,SXM,Ethernet,3Y,NonInterruptible,Reserved,US-South,US,HIF,T2IF,T1,3.6540,False,,Available,v2.2.1,candidate
2026-08-06,gcp_cud,a100-sxm-80gb,A100,80GB,SXM,Ethernet,3Y,NonInterruptible,Reserved,US-Central,US,HIF,T2IF,T1,3.0966,False,,Available,v2.2.1,candidate
2026-08-06,gcp_dws,a100-sxm-80gb,A100,80GB,SXM,Ethernet,FlexStart,NonInterruptible,Reserved,US-Central,US,HIF,T2IF,T1,2.4000,False,,Available,v2.2.1,term-panel
2026-08-06,hyperstack,a100-sxm-80gb,A100,80GB,SXM,Ethernet,OnDemand,NonInterruptible,OnDemand,Other,Other,SIF,,T2,1.6000,True,local-nvme,Available,v2.2.1,panel
2026-08-06,hyperstack,a100-sxm-80gb,A100,80GB,SXM,Ethernet,6M,NonInterruptible,Reserved,Other,Other,SIF,,T2,1.3600,True,local-nvme,Available,v2.2.1,panel
2026-08-06,jarvislabs,a100-sxm-80gb,A100,80GB,SXM,Unknown,OnDemand,NonInterruptible,OnDemand,APAC,APAC,IIF,T3IF,T2,1.4900,False,,Available,v2.2.1,panel
2026-08-06,jarvislabs,a100-sxm-80gb,A100,80GB,SXM,Unknown,1M,NonInterruptible,Reserved,APAC,APAC,IIF,T3IF,T2,1.4200,False,,Available,v2.2.1,panel
2026-08-06,jarvislabs,a100-sxm-80gb,A100,80GB,SXM,Unknown,1Y,NonInterruptible,Reserved,APAC,APAC,IIF,T3IF,T2,1.2500,False,,Available,v2.2.1,panel
2026-08-06,jarvislabs,a100-sxm-80gb,A100,80GB,SXM,Unknown,3M,NonInterruptible,Reserved,APAC,APAC,IIF,T3IF,T2,1.3400,False,,Available,v2.2.1,panel
2026-08-06,jarvislabs,a100-sxm-80gb,A100,80GB,SXM,Unknown,6M,NonInterruptible,Reserved,APAC,APAC,IIF,T3IF,T2,1.2700,False,,Available,v2.2.1,panel
2026-08-06,jarvislabs,a100-sxm-80gb,A100,80GB,SXM,Unknown,OnDemand,Interruptible,Spot,APAC,APAC,DIF,T3IF,T2,0.8900,False,,Available,v2.2.1,panel
2026-08-06,koyeb,a100-sxm-80gb,A100,80GB,SXM,Unknown,OnDemand,NonInterruptible,OnDemand,Other,Other,SIF,T2IF,T2,2.1500,False,,Available,v2.2.1,candidate
2026-08-06,lambda,a100-sxm-80gb,A100,80GB,SXM,Unknown,OnDemand,NonInterruptible,OnDemand,US-East,US,IIF,T3IF,T2,2.7900,True,local-nvme,Available,v2.2.1,panel
2026-08-06,massed_compute,a100-sxm-80gb,A100,80GB,SXM,Unknown,OnDemand,NonInterruptible,OnDemand,US-East,US,DIF,T3IF,T3,1.3800,False,,Available,v2.2.1,panel
2026-08-06,oci,a100-sxm-80gb,A100,80GB,SXM,RoCE-v2,OnDemand,NonInterruptible,OnDemand,US-East,US,HIF,T2IF,T1,4.0000,True,local-nvme;egress-capped;managed-ops-plane;support-tier;observability,Available,v2.2.1,panel
2026-08-06,paperspace,a100-sxm-80gb,A100,80GB,SXM,,OnDemand,NonInterruptible,OnDemand,Other,Other,SIF,T2IF,T2,3.1800,False,,Available,v2.2.1,panel
2026-08-06,paperspace,a100-sxm-80gb,A100,80GB,SXM,,3Y,NonInterruptible,Reserved,Other,Other,SIF,T2IF,T2,1.1500,False,,Available,v2.2.1,panel
2026-08-06,qubrid,a100-sxm-80gb,A100,80GB,SXM,Unknown,1Y,NonInterruptible,Reserved,Other,Other,SIF,T2IF,T2,1.2771,False,,Available,v2.2.1,panel
2026-08-06,runpod_cluster,a100-sxm-80gb,A100,80GB,SXM,IB-HDR,OnDemand,NonInterruptible,OnDemand,US-East,US,DIF,T3IF,T3,1.7900,False,,Available,v2.2.1,panel
2026-08-06,runpod_community,a100-sxm-80gb,A100,80GB,SXM,Unknown,OnDemand,NonInterruptible,OnDemand,Other,Other,DIF,T3IF,T3,1.3900,False,,Available,v2.2.1,panel
2026-08-06,runpod_secure,a100-sxm-80gb,A100,80GB,SXM,IB-HDR,OnDemand,NonInterruptible,OnDemand,Other,Other,DIF,T2IF,T3,1.5900,True,local-nvme,Available,v2.2.1,panel
2026-08-06,runpod_secure,a100-sxm-80gb,A100,80GB,SXM,IB-HDR,1Y,NonInterruptible,Reserved,Other,Other,DIF,T2IF,T3,1.5900,True,local-nvme,Available,v2.2.1,panel
2026-08-06,runpod_secure,a100-sxm-80gb,A100,80GB,SXM,IB-HDR,3M,NonInterruptible,Reserved,Other,Other,DIF,T2IF,T3,1.5900,True,local-nvme,Available,v2.2.1,panel
2026-08-06,runpod_secure,a100-sxm-80gb,A100,80GB,SXM,IB-HDR,6M,NonInterruptible,Reserved,Other,Other,DIF,T2IF,T3,1.5900,True,local-nvme,Available,v2.2.1,panel
2026-08-06,runpod_secure,a100-sxm-80gb,A100,80GB,SXM,IB-HDR,OnDemand,Interruptible,Spot,Other,Other,DIF,T2IF,T3,1.3900,True,local-nvme,Available,v2.2.1,panel
2026-08-06,sesterce,a100-sxm-80gb,A100,80GB,SXM,Unknown,OnDemand,NonInterruptible,OnDemand,Other,Other,IIF,T2IF,T2,1.4850,False,,Available,v2.2.1,panel
2026-08-06,spheron,a100-sxm-80gb,A100,80GB,SXM,Unknown,OnDemand,Interruptible,Spot,US-East,US,DIF,T3IF,T3,1.6009,False,,Available,v2.2.1,panel
2026-08-06,tensordock,a100-sxm-80gb,A100,80GB,SXM,Unknown,OnDemand,NonInterruptible,OnDemand,Other,Other,DIF,T3IF,T3,1.2000,False,,Available,v2.2.1,panel
2026-08-06,vast_ai,a100-sxm-80gb,A100,80GB,SXM,Unknown,OnDemand,NonInterruptible,OnDemand,APAC,APAC,DIF,T3IF,T3,1.6173,True,local-nvme,Available,v2.2.1,marketplace
2026-08-06,vast_ai,a100-sxm-80gb,A100,80GB,SXM,Unknown,OnDemand,NonInterruptible,OnDemand,EU,EU,DIF,T3IF,T3,0.6667,True,local-nvme,Available,v2.2.1,marketplace
2026-08-06,vast_ai,a100-sxm-80gb,A100,80GB,SXM,Unknown,OnDemand,NonInterruptible,OnDemand,Other,Other,DIF,T3IF,T3,0.8000,True,local-nvme,Available,v2.2.1,marketplace
2026-08-06,vultr,a100-sxm-80gb,A100,80GB,SXM,Unknown,OnDemand,NonInterruptible,OnDemand,Other,Other,SIF,T2IF,T2,2.8000,False,,Available,v2.2.1,panel
2026-08-06,vultr,a100-sxm-80gb,A100,80GB,SXM,Unknown,OnDemand,Interruptible,Spot,Other,Other,DIF,T2IF,T2,1.4900,False,,Available,v2.2.1,panel
