as_of_date,source_name,silicon_id,gpu_model,gpu_variant,form_factor,interconnect_substrate,commitment_term,interruptibility,deployment_class,region,region_country,factory_type,tier_v3,operator_tier,price_usd_per_hour,bundled,bundled_inclusions,availability_state,methodology_version
2026-05-13,aws,a100-sxm-40gb,A100,40GB,SXM,EFA,OnDemand,NonInterruptible,OnDemand,US-East,US,HIF,T2IF,T1,2.7447,True,local-nvme;managed-ops-plane;support-tier;observability,Available,v2.2.1
2026-05-13,aws,a100-sxm-40gb,A100,40GB,SXM,EFA,1Y,NonInterruptible,Reserved,US-East,US,HIF,T2IF,T1,1.7401,True,local-nvme;managed-ops-plane;support-tier;observability,Available,v2.2.1
2026-05-13,aws,a100-sxm-40gb,A100,40GB,SXM,EFA,3Y,NonInterruptible,Reserved,US-East,US,HIF,T2IF,T1,1.1718,True,local-nvme;managed-ops-plane;support-tier;observability,Available,v2.2.1
2026-05-13,aws,a100-sxm-40gb,A100,40GB,SXM,EFA,OnDemand,Interruptible,Spot,US-West,US,DIF,T2IF,T1,1.2474,False,,Available,v2.2.1
2026-05-13,aws,a100-sxm-40gb,A100,40GB,SXM,EFA,OnDemand,Interruptible,Spot,US-East,US,DIF,T2IF,T1,1.9362,False,,Available,v2.2.1
2026-05-13,datacrunch,a100-sxm-40gb,A100,40GB,SXM,IB-HDR,OnDemand,NonInterruptible,OnDemand,EU,EU,SIF,T2IF,T2,0.7211,True,local-nvme,Available,v2.2.1
2026-05-13,datacrunch,a100-sxm-40gb,A100,40GB,SXM,IB-HDR,OnDemand,Interruptible,Spot,EU,EU,DIF,T2IF,T2,0.2524,True,local-nvme,Available,v2.2.1
2026-05-13,gcp,a100-sxm-40gb,A100,40GB,SXM,Ethernet,OnDemand,NonInterruptible,OnDemand,US-Central,US,HIF,T3IF,T1,3.4837,True,local-nvme,Available,v2.2.1
2026-05-13,gcp,a100-sxm-40gb,A100,40GB,SXM,Ethernet,OnDemand,NonInterruptible,OnDemand,US-West,US,HIF,T3IF,T1,3.4837,True,local-nvme,Available,v2.2.1
2026-05-13,gcp,a100-sxm-40gb,A100,40GB,SXM,Ethernet,OnDemand,NonInterruptible,OnDemand,US-South,US,HIF,T3IF,T1,4.1108,True,local-nvme,Available,v2.2.1
2026-05-13,gcp,a100-sxm-40gb,A100,40GB,SXM,Ethernet,OnDemand,NonInterruptible,OnDemand,US-East,US,HIF,T3IF,T1,3.4837,True,local-nvme,Available,v2.2.1
2026-05-13,gcp,a100-sxm-40gb,A100,40GB,SXM,Ethernet,1Y,NonInterruptible,Reserved,US-South,US,HIF,T3IF,T1,2.8298,True,local-nvme,Available,v2.2.1
2026-05-13,gcp,a100-sxm-40gb,A100,40GB,SXM,Ethernet,1Y,NonInterruptible,Reserved,US-East,US,HIF,T3IF,T1,2.3982,True,local-nvme,Available,v2.2.1
2026-05-13,gcp,a100-sxm-40gb,A100,40GB,SXM,Ethernet,1Y,NonInterruptible,Reserved,US-West,US,HIF,T3IF,T1,2.8448,True,local-nvme,Available,v2.2.1
2026-05-13,gcp,a100-sxm-40gb,A100,40GB,SXM,Ethernet,1Y,NonInterruptible,Reserved,US-Central,US,HIF,T3IF,T1,2.3982,True,local-nvme,Available,v2.2.1
2026-05-13,gcp,a100-sxm-40gb,A100,40GB,SXM,Ethernet,3Y,NonInterruptible,Reserved,US-West,US,HIF,T3IF,T1,1.8156,True,local-nvme,Available,v2.2.1
2026-05-13,gcp,a100-sxm-40gb,A100,40GB,SXM,Ethernet,3Y,NonInterruptible,Reserved,US-East,US,HIF,T3IF,T1,1.7102,True,local-nvme,Available,v2.2.1
2026-05-13,gcp,a100-sxm-40gb,A100,40GB,SXM,Ethernet,3Y,NonInterruptible,Reserved,US-South,US,HIF,T3IF,T1,1.8605,True,local-nvme,Available,v2.2.1
2026-05-13,gcp,a100-sxm-40gb,A100,40GB,SXM,Ethernet,3Y,NonInterruptible,Reserved,US-Central,US,HIF,T3IF,T1,1.5767,True,local-nvme,Available,v2.2.1
2026-05-13,gcp,a100-sxm-40gb,A100,40GB,SXM,Ethernet,OnDemand,Interruptible,Spot,US-South,US,DIF,T3IF,T1,0.6775,True,local-nvme,Available,v2.2.1
2026-05-13,gcp,a100-sxm-40gb,A100,40GB,SXM,Ethernet,OnDemand,Interruptible,Spot,US-West,US,DIF,T3IF,T1,0.6604,True,local-nvme,Available,v2.2.1
2026-05-13,gcp,a100-sxm-40gb,A100,40GB,SXM,Ethernet,OnDemand,Interruptible,Spot,US-Central,US,DIF,T3IF,T1,1.7090,True,local-nvme,Available,v2.2.1
2026-05-13,gcp,a100-sxm-40gb,A100,40GB,SXM,Ethernet,OnDemand,Interruptible,Spot,US-East,US,DIF,T3IF,T1,1.7090,True,local-nvme,Available,v2.2.1
2026-05-13,lambda,a100-sxm-40gb,A100,40GB,SXM,Unknown,OnDemand,NonInterruptible,OnDemand,US-East,US,IIF,T3IF,T2,1.9900,True,local-nvme,Available,v2.2.1
2026-05-13,oci,a100-sxm-40gb,A100,40GB,SXM,RoCE-v2,OnDemand,NonInterruptible,OnDemand,US-East,US,HIF,T2IF,T1,3.0500,True,local-nvme;egress-capped;managed-ops-plane;support-tier;observability,Available,v2.2.1
2026-05-14,aws,a100-sxm-40gb,A100,40GB,SXM,EFA,OnDemand,NonInterruptible,OnDemand,US-East,US,HIF,T2IF,T1,2.7447,True,local-nvme;managed-ops-plane;support-tier;observability,Available,v2.2.1
2026-05-14,aws,a100-sxm-40gb,A100,40GB,SXM,EFA,1Y,NonInterruptible,Reserved,US-East,US,HIF,T2IF,T1,1.7401,True,local-nvme;managed-ops-plane;support-tier;observability,Available,v2.2.1
2026-05-14,aws,a100-sxm-40gb,A100,40GB,SXM,EFA,3Y,NonInterruptible,Reserved,US-East,US,HIF,T2IF,T1,1.1718,True,local-nvme;managed-ops-plane;support-tier;observability,Available,v2.2.1
2026-05-14,aws,a100-sxm-40gb,A100,40GB,SXM,EFA,OnDemand,Interruptible,Spot,US-West,US,DIF,T2IF,T1,1.2829,False,,Available,v2.2.1
2026-05-14,aws,a100-sxm-40gb,A100,40GB,SXM,EFA,OnDemand,Interruptible,Spot,US-East,US,DIF,T2IF,T1,1.9911,False,,Available,v2.2.1
2026-05-14,datacrunch,a100-sxm-40gb,A100,40GB,SXM,IB-HDR,OnDemand,NonInterruptible,OnDemand,EU,EU,SIF,T2IF,T2,0.7211,True,local-nvme,Available,v2.2.1
2026-05-14,datacrunch,a100-sxm-40gb,A100,40GB,SXM,IB-HDR,OnDemand,Interruptible,Spot,EU,EU,DIF,T2IF,T2,0.2524,True,local-nvme,Available,v2.2.1
2026-05-14,gcp,a100-sxm-40gb,A100,40GB,SXM,Ethernet,OnDemand,NonInterruptible,OnDemand,US-Central,US,HIF,T3IF,T1,3.4837,True,local-nvme,Available,v2.2.1
2026-05-14,gcp,a100-sxm-40gb,A100,40GB,SXM,Ethernet,OnDemand,NonInterruptible,OnDemand,US-East,US,HIF,T3IF,T1,3.4837,True,local-nvme,Available,v2.2.1
2026-05-14,gcp,a100-sxm-40gb,A100,40GB,SXM,Ethernet,OnDemand,NonInterruptible,OnDemand,US-West,US,HIF,T3IF,T1,3.4837,True,local-nvme,Available,v2.2.1
2026-05-14,gcp,a100-sxm-40gb,A100,40GB,SXM,Ethernet,OnDemand,NonInterruptible,OnDemand,US-South,US,HIF,T3IF,T1,4.1108,True,local-nvme,Available,v2.2.1
2026-05-14,gcp,a100-sxm-40gb,A100,40GB,SXM,Ethernet,1Y,NonInterruptible,Reserved,US-South,US,HIF,T3IF,T1,2.8298,True,local-nvme,Available,v2.2.1
2026-05-14,gcp,a100-sxm-40gb,A100,40GB,SXM,Ethernet,1Y,NonInterruptible,Reserved,US-East,US,HIF,T3IF,T1,2.3982,True,local-nvme,Available,v2.2.1
2026-05-14,gcp,a100-sxm-40gb,A100,40GB,SXM,Ethernet,1Y,NonInterruptible,Reserved,US-West,US,HIF,T3IF,T1,2.8448,True,local-nvme,Available,v2.2.1
2026-05-14,gcp,a100-sxm-40gb,A100,40GB,SXM,Ethernet,1Y,NonInterruptible,Reserved,US-Central,US,HIF,T3IF,T1,2.3982,True,local-nvme,Available,v2.2.1
2026-05-14,gcp,a100-sxm-40gb,A100,40GB,SXM,Ethernet,3Y,NonInterruptible,Reserved,US-West,US,HIF,T3IF,T1,1.8156,True,local-nvme,Available,v2.2.1
2026-05-14,gcp,a100-sxm-40gb,A100,40GB,SXM,Ethernet,3Y,NonInterruptible,Reserved,US-East,US,HIF,T3IF,T1,1.7102,True,local-nvme,Available,v2.2.1
2026-05-14,gcp,a100-sxm-40gb,A100,40GB,SXM,Ethernet,3Y,NonInterruptible,Reserved,US-South,US,HIF,T3IF,T1,1.8605,True,local-nvme,Available,v2.2.1
2026-05-14,gcp,a100-sxm-40gb,A100,40GB,SXM,Ethernet,3Y,NonInterruptible,Reserved,US-Central,US,HIF,T3IF,T1,1.5767,True,local-nvme,Available,v2.2.1
2026-05-14,gcp,a100-sxm-40gb,A100,40GB,SXM,Ethernet,OnDemand,Interruptible,Spot,US-South,US,DIF,T3IF,T1,0.6775,True,local-nvme,Available,v2.2.1
2026-05-14,gcp,a100-sxm-40gb,A100,40GB,SXM,Ethernet,OnDemand,Interruptible,Spot,US-West,US,DIF,T3IF,T1,0.6604,True,local-nvme,Available,v2.2.1
2026-05-14,gcp,a100-sxm-40gb,A100,40GB,SXM,Ethernet,OnDemand,Interruptible,Spot,US-Central,US,DIF,T3IF,T1,1.7090,True,local-nvme,Available,v2.2.1
2026-05-14,gcp,a100-sxm-40gb,A100,40GB,SXM,Ethernet,OnDemand,Interruptible,Spot,US-East,US,DIF,T3IF,T1,1.7090,True,local-nvme,Available,v2.2.1
2026-05-14,lambda,a100-sxm-40gb,A100,40GB,SXM,Unknown,OnDemand,NonInterruptible,OnDemand,US-East,US,IIF,T3IF,T2,1.9900,True,local-nvme,Available,v2.2.1
2026-05-14,oci,a100-sxm-40gb,A100,40GB,SXM,RoCE-v2,OnDemand,NonInterruptible,OnDemand,US-East,US,HIF,T2IF,T1,3.0500,True,local-nvme;egress-capped;managed-ops-plane;support-tier;observability,Available,v2.2.1
2026-05-15,aws,a100-sxm-40gb,A100,40GB,SXM,EFA,OnDemand,NonInterruptible,OnDemand,US-East,US,HIF,T2IF,T1,2.7447,True,local-nvme;managed-ops-plane;support-tier;observability,Available,v2.2.1
2026-05-15,aws,a100-sxm-40gb,A100,40GB,SXM,EFA,1Y,NonInterruptible,Reserved,US-East,US,HIF,T2IF,T1,1.7401,True,local-nvme;managed-ops-plane;support-tier;observability,Available,v2.2.1
2026-05-15,aws,a100-sxm-40gb,A100,40GB,SXM,EFA,3Y,NonInterruptible,Reserved,US-East,US,HIF,T2IF,T1,1.1718,True,local-nvme;managed-ops-plane;support-tier;observability,Available,v2.2.1
2026-05-15,aws,a100-sxm-40gb,A100,40GB,SXM,EFA,OnDemand,Interruptible,Spot,US-East,US,DIF,T2IF,T1,1.9748,False,,Available,v2.2.1
2026-05-15,aws,a100-sxm-40gb,A100,40GB,SXM,EFA,OnDemand,Interruptible,Spot,US-West,US,DIF,T2IF,T1,1.3090,False,,Available,v2.2.1
2026-05-15,datacrunch,a100-sxm-40gb,A100,40GB,SXM,IB-HDR,OnDemand,NonInterruptible,OnDemand,EU,EU,SIF,T2IF,T2,0.7211,True,local-nvme,Available,v2.2.1
2026-05-15,datacrunch,a100-sxm-40gb,A100,40GB,SXM,IB-HDR,OnDemand,Interruptible,Spot,EU,EU,DIF,T2IF,T2,0.2524,True,local-nvme,Available,v2.2.1
2026-05-15,gcp,a100-sxm-40gb,A100,40GB,SXM,Ethernet,OnDemand,NonInterruptible,OnDemand,US-Central,US,HIF,T3IF,T1,3.4837,True,local-nvme,Available,v2.2.1
2026-05-15,gcp,a100-sxm-40gb,A100,40GB,SXM,Ethernet,OnDemand,NonInterruptible,OnDemand,US-East,US,HIF,T3IF,T1,3.4837,True,local-nvme,Available,v2.2.1
2026-05-15,gcp,a100-sxm-40gb,A100,40GB,SXM,Ethernet,OnDemand,NonInterruptible,OnDemand,US-West,US,HIF,T3IF,T1,3.4837,True,local-nvme,Available,v2.2.1
2026-05-15,gcp,a100-sxm-40gb,A100,40GB,SXM,Ethernet,OnDemand,NonInterruptible,OnDemand,US-South,US,HIF,T3IF,T1,4.1108,True,local-nvme,Available,v2.2.1
2026-05-15,gcp,a100-sxm-40gb,A100,40GB,SXM,Ethernet,1Y,NonInterruptible,Reserved,US-South,US,HIF,T3IF,T1,2.8298,True,local-nvme,Available,v2.2.1
2026-05-15,gcp,a100-sxm-40gb,A100,40GB,SXM,Ethernet,1Y,NonInterruptible,Reserved,US-East,US,HIF,T3IF,T1,2.3982,True,local-nvme,Available,v2.2.1
2026-05-15,gcp,a100-sxm-40gb,A100,40GB,SXM,Ethernet,1Y,NonInterruptible,Reserved,US-West,US,HIF,T3IF,T1,2.8448,True,local-nvme,Available,v2.2.1
2026-05-15,gcp,a100-sxm-40gb,A100,40GB,SXM,Ethernet,1Y,NonInterruptible,Reserved,US-Central,US,HIF,T3IF,T1,2.3982,True,local-nvme,Available,v2.2.1
2026-05-15,gcp,a100-sxm-40gb,A100,40GB,SXM,Ethernet,3Y,NonInterruptible,Reserved,US-West,US,HIF,T3IF,T1,1.8156,True,local-nvme,Available,v2.2.1
2026-05-15,gcp,a100-sxm-40gb,A100,40GB,SXM,Ethernet,3Y,NonInterruptible,Reserved,US-East,US,HIF,T3IF,T1,1.7102,True,local-nvme,Available,v2.2.1
2026-05-15,gcp,a100-sxm-40gb,A100,40GB,SXM,Ethernet,3Y,NonInterruptible,Reserved,US-South,US,HIF,T3IF,T1,1.8605,True,local-nvme,Available,v2.2.1
2026-05-15,gcp,a100-sxm-40gb,A100,40GB,SXM,Ethernet,3Y,NonInterruptible,Reserved,US-Central,US,HIF,T3IF,T1,1.5767,True,local-nvme,Available,v2.2.1
2026-05-15,gcp,a100-sxm-40gb,A100,40GB,SXM,Ethernet,OnDemand,Interruptible,Spot,US-South,US,DIF,T3IF,T1,0.6775,True,local-nvme,Available,v2.2.1
2026-05-15,gcp,a100-sxm-40gb,A100,40GB,SXM,Ethernet,OnDemand,Interruptible,Spot,US-West,US,DIF,T3IF,T1,0.6604,True,local-nvme,Available,v2.2.1
2026-05-15,gcp,a100-sxm-40gb,A100,40GB,SXM,Ethernet,OnDemand,Interruptible,Spot,US-Central,US,DIF,T3IF,T1,1.7090,True,local-nvme,Available,v2.2.1
2026-05-15,gcp,a100-sxm-40gb,A100,40GB,SXM,Ethernet,OnDemand,Interruptible,Spot,US-East,US,DIF,T3IF,T1,1.7090,True,local-nvme,Available,v2.2.1
2026-05-15,lambda,a100-sxm-40gb,A100,40GB,SXM,Unknown,OnDemand,NonInterruptible,OnDemand,US-East,US,IIF,T3IF,T2,1.9900,True,local-nvme,Available,v2.2.1
2026-05-15,oci,a100-sxm-40gb,A100,40GB,SXM,RoCE-v2,OnDemand,NonInterruptible,OnDemand,US-East,US,HIF,T2IF,T1,3.0500,True,local-nvme;egress-capped;managed-ops-plane;support-tier;observability,Available,v2.2.1
2026-05-16,aws,a100-sxm-40gb,A100,40GB,SXM,EFA,OnDemand,NonInterruptible,OnDemand,US-East,US,HIF,T2IF,T1,2.7447,True,local-nvme;managed-ops-plane;support-tier;observability,Available,v2.2.1
2026-05-16,aws,a100-sxm-40gb,A100,40GB,SXM,EFA,1Y,NonInterruptible,Reserved,US-East,US,HIF,T2IF,T1,1.7401,True,local-nvme;managed-ops-plane;support-tier;observability,Available,v2.2.1
2026-05-16,aws,a100-sxm-40gb,A100,40GB,SXM,EFA,3Y,NonInterruptible,Reserved,US-East,US,HIF,T2IF,T1,1.1718,True,local-nvme;managed-ops-plane;support-tier;observability,Available,v2.2.1
2026-05-16,aws,a100-sxm-40gb,A100,40GB,SXM,EFA,OnDemand,Interruptible,Spot,US-East,US,DIF,T2IF,T1,1.9795,False,,Available,v2.2.1
2026-05-16,aws,a100-sxm-40gb,A100,40GB,SXM,EFA,OnDemand,Interruptible,Spot,US-West,US,DIF,T2IF,T1,1.3093,False,,Available,v2.2.1
2026-05-16,datacrunch,a100-sxm-40gb,A100,40GB,SXM,IB-HDR,OnDemand,NonInterruptible,OnDemand,EU,EU,SIF,T2IF,T2,0.7211,True,local-nvme,Available,v2.2.1
2026-05-16,datacrunch,a100-sxm-40gb,A100,40GB,SXM,IB-HDR,OnDemand,Interruptible,Spot,EU,EU,DIF,T2IF,T2,0.2524,True,local-nvme,Available,v2.2.1
2026-05-16,gcp,a100-sxm-40gb,A100,40GB,SXM,Ethernet,OnDemand,NonInterruptible,OnDemand,US-Central,US,HIF,T3IF,T1,3.4837,True,local-nvme,Available,v2.2.1
2026-05-16,gcp,a100-sxm-40gb,A100,40GB,SXM,Ethernet,OnDemand,NonInterruptible,OnDemand,US-East,US,HIF,T3IF,T1,3.4837,True,local-nvme,Available,v2.2.1
2026-05-16,gcp,a100-sxm-40gb,A100,40GB,SXM,Ethernet,OnDemand,NonInterruptible,OnDemand,US-West,US,HIF,T3IF,T1,3.4837,True,local-nvme,Available,v2.2.1
2026-05-16,gcp,a100-sxm-40gb,A100,40GB,SXM,Ethernet,OnDemand,NonInterruptible,OnDemand,US-South,US,HIF,T3IF,T1,4.1108,True,local-nvme,Available,v2.2.1
2026-05-16,gcp,a100-sxm-40gb,A100,40GB,SXM,Ethernet,1Y,NonInterruptible,Reserved,US-South,US,HIF,T3IF,T1,2.8298,True,local-nvme,Available,v2.2.1
2026-05-16,gcp,a100-sxm-40gb,A100,40GB,SXM,Ethernet,1Y,NonInterruptible,Reserved,US-East,US,HIF,T3IF,T1,2.3982,True,local-nvme,Available,v2.2.1
2026-05-16,gcp,a100-sxm-40gb,A100,40GB,SXM,Ethernet,1Y,NonInterruptible,Reserved,US-West,US,HIF,T3IF,T1,2.8448,True,local-nvme,Available,v2.2.1
2026-05-16,gcp,a100-sxm-40gb,A100,40GB,SXM,Ethernet,1Y,NonInterruptible,Reserved,US-Central,US,HIF,T3IF,T1,2.3982,True,local-nvme,Available,v2.2.1
2026-05-16,gcp,a100-sxm-40gb,A100,40GB,SXM,Ethernet,3Y,NonInterruptible,Reserved,US-West,US,HIF,T3IF,T1,1.8156,True,local-nvme,Available,v2.2.1
2026-05-16,gcp,a100-sxm-40gb,A100,40GB,SXM,Ethernet,3Y,NonInterruptible,Reserved,US-East,US,HIF,T3IF,T1,1.7102,True,local-nvme,Available,v2.2.1
2026-05-16,gcp,a100-sxm-40gb,A100,40GB,SXM,Ethernet,3Y,NonInterruptible,Reserved,US-South,US,HIF,T3IF,T1,1.8605,True,local-nvme,Available,v2.2.1
2026-05-16,gcp,a100-sxm-40gb,A100,40GB,SXM,Ethernet,3Y,NonInterruptible,Reserved,US-Central,US,HIF,T3IF,T1,1.5767,True,local-nvme,Available,v2.2.1
2026-05-16,gcp,a100-sxm-40gb,A100,40GB,SXM,Ethernet,OnDemand,Interruptible,Spot,US-South,US,DIF,T3IF,T1,0.6775,True,local-nvme,Available,v2.2.1
2026-05-16,gcp,a100-sxm-40gb,A100,40GB,SXM,Ethernet,OnDemand,Interruptible,Spot,US-West,US,DIF,T3IF,T1,0.6604,True,local-nvme,Available,v2.2.1
2026-05-16,gcp,a100-sxm-40gb,A100,40GB,SXM,Ethernet,OnDemand,Interruptible,Spot,US-Central,US,DIF,T3IF,T1,1.7090,True,local-nvme,Available,v2.2.1
2026-05-16,gcp,a100-sxm-40gb,A100,40GB,SXM,Ethernet,OnDemand,Interruptible,Spot,US-East,US,DIF,T3IF,T1,1.7090,True,local-nvme,Available,v2.2.1
2026-05-16,lambda,a100-sxm-40gb,A100,40GB,SXM,Unknown,OnDemand,NonInterruptible,OnDemand,US-East,US,IIF,T3IF,T2,1.9900,True,local-nvme,Available,v2.2.1
2026-05-16,oci,a100-sxm-40gb,A100,40GB,SXM,RoCE-v2,OnDemand,NonInterruptible,OnDemand,US-East,US,HIF,T2IF,T1,3.0500,True,local-nvme;egress-capped;managed-ops-plane;support-tier;observability,Available,v2.2.1
2026-05-17,aws,a100-sxm-40gb,A100,40GB,SXM,EFA,OnDemand,NonInterruptible,OnDemand,US-East,US,HIF,T2IF,T1,2.7447,True,local-nvme;managed-ops-plane;support-tier;observability,Available,v2.2.1
2026-05-17,aws,a100-sxm-40gb,A100,40GB,SXM,EFA,1Y,NonInterruptible,Reserved,US-East,US,HIF,T2IF,T1,1.7401,True,local-nvme;managed-ops-plane;support-tier;observability,Available,v2.2.1
2026-05-17,aws,a100-sxm-40gb,A100,40GB,SXM,EFA,3Y,NonInterruptible,Reserved,US-East,US,HIF,T2IF,T1,1.1718,True,local-nvme;managed-ops-plane;support-tier;observability,Available,v2.2.1
2026-05-17,aws,a100-sxm-40gb,A100,40GB,SXM,EFA,OnDemand,Interruptible,Spot,US-East,US,DIF,T2IF,T1,1.9438,False,,Available,v2.2.1
2026-05-17,aws,a100-sxm-40gb,A100,40GB,SXM,EFA,OnDemand,Interruptible,Spot,US-West,US,DIF,T2IF,T1,1.3047,False,,Available,v2.2.1
2026-05-17,datacrunch,a100-sxm-40gb,A100,40GB,SXM,IB-HDR,OnDemand,NonInterruptible,OnDemand,EU,EU,SIF,T2IF,T2,0.7211,True,local-nvme,Available,v2.2.1
2026-05-17,datacrunch,a100-sxm-40gb,A100,40GB,SXM,IB-HDR,OnDemand,Interruptible,Spot,EU,EU,DIF,T2IF,T2,0.2524,True,local-nvme,Available,v2.2.1
2026-05-17,gcp,a100-sxm-40gb,A100,40GB,SXM,Ethernet,OnDemand,NonInterruptible,OnDemand,US-Central,US,HIF,T3IF,T1,3.4837,True,local-nvme,Available,v2.2.1
2026-05-17,gcp,a100-sxm-40gb,A100,40GB,SXM,Ethernet,OnDemand,NonInterruptible,OnDemand,US-East,US,HIF,T3IF,T1,3.4837,True,local-nvme,Available,v2.2.1
2026-05-17,gcp,a100-sxm-40gb,A100,40GB,SXM,Ethernet,OnDemand,NonInterruptible,OnDemand,US-West,US,HIF,T3IF,T1,3.4837,True,local-nvme,Available,v2.2.1
2026-05-17,gcp,a100-sxm-40gb,A100,40GB,SXM,Ethernet,OnDemand,NonInterruptible,OnDemand,US-South,US,HIF,T3IF,T1,4.1108,True,local-nvme,Available,v2.2.1
2026-05-17,gcp,a100-sxm-40gb,A100,40GB,SXM,Ethernet,1Y,NonInterruptible,Reserved,US-South,US,HIF,T3IF,T1,2.8298,True,local-nvme,Available,v2.2.1
2026-05-17,gcp,a100-sxm-40gb,A100,40GB,SXM,Ethernet,1Y,NonInterruptible,Reserved,US-East,US,HIF,T3IF,T1,2.3982,True,local-nvme,Available,v2.2.1
2026-05-17,gcp,a100-sxm-40gb,A100,40GB,SXM,Ethernet,1Y,NonInterruptible,Reserved,US-West,US,HIF,T3IF,T1,2.8448,True,local-nvme,Available,v2.2.1
2026-05-17,gcp,a100-sxm-40gb,A100,40GB,SXM,Ethernet,1Y,NonInterruptible,Reserved,US-Central,US,HIF,T3IF,T1,2.3982,True,local-nvme,Available,v2.2.1
2026-05-17,gcp,a100-sxm-40gb,A100,40GB,SXM,Ethernet,3Y,NonInterruptible,Reserved,US-West,US,HIF,T3IF,T1,1.8156,True,local-nvme,Available,v2.2.1
2026-05-17,gcp,a100-sxm-40gb,A100,40GB,SXM,Ethernet,3Y,NonInterruptible,Reserved,US-East,US,HIF,T3IF,T1,1.7102,True,local-nvme,Available,v2.2.1
2026-05-17,gcp,a100-sxm-40gb,A100,40GB,SXM,Ethernet,3Y,NonInterruptible,Reserved,US-South,US,HIF,T3IF,T1,1.8605,True,local-nvme,Available,v2.2.1
2026-05-17,gcp,a100-sxm-40gb,A100,40GB,SXM,Ethernet,3Y,NonInterruptible,Reserved,US-Central,US,HIF,T3IF,T1,1.5767,True,local-nvme,Available,v2.2.1
2026-05-17,gcp,a100-sxm-40gb,A100,40GB,SXM,Ethernet,OnDemand,Interruptible,Spot,US-South,US,DIF,T3IF,T1,0.6775,True,local-nvme,Available,v2.2.1
2026-05-17,gcp,a100-sxm-40gb,A100,40GB,SXM,Ethernet,OnDemand,Interruptible,Spot,US-West,US,DIF,T3IF,T1,0.6604,True,local-nvme,Available,v2.2.1
2026-05-17,gcp,a100-sxm-40gb,A100,40GB,SXM,Ethernet,OnDemand,Interruptible,Spot,US-Central,US,DIF,T3IF,T1,1.7090,True,local-nvme,Available,v2.2.1
2026-05-17,gcp,a100-sxm-40gb,A100,40GB,SXM,Ethernet,OnDemand,Interruptible,Spot,US-East,US,DIF,T3IF,T1,1.7090,True,local-nvme,Available,v2.2.1
2026-05-17,lambda,a100-sxm-40gb,A100,40GB,SXM,Unknown,OnDemand,NonInterruptible,OnDemand,US-East,US,IIF,T3IF,T2,1.9900,True,local-nvme,Available,v2.2.1
2026-05-17,oci,a100-sxm-40gb,A100,40GB,SXM,RoCE-v2,OnDemand,NonInterruptible,OnDemand,US-East,US,HIF,T2IF,T1,3.0500,True,local-nvme;egress-capped;managed-ops-plane;support-tier;observability,Available,v2.2.1
2026-05-18,aws,a100-sxm-40gb,A100,40GB,SXM,EFA,OnDemand,NonInterruptible,OnDemand,US-East,US,HIF,T2IF,T1,2.7447,True,local-nvme;managed-ops-plane;support-tier;observability,Available,v2.2.1
2026-05-18,aws,a100-sxm-40gb,A100,40GB,SXM,EFA,1Y,NonInterruptible,Reserved,US-East,US,HIF,T2IF,T1,1.7401,True,local-nvme;managed-ops-plane;support-tier;observability,Available,v2.2.1
2026-05-18,aws,a100-sxm-40gb,A100,40GB,SXM,EFA,3Y,NonInterruptible,Reserved,US-East,US,HIF,T2IF,T1,1.1718,True,local-nvme;managed-ops-plane;support-tier;observability,Available,v2.2.1
2026-05-18,aws,a100-sxm-40gb,A100,40GB,SXM,EFA,OnDemand,Interruptible,Spot,US-East,US,DIF,T2IF,T1,1.8864,False,,Available,v2.2.1
2026-05-18,aws,a100-sxm-40gb,A100,40GB,SXM,EFA,OnDemand,Interruptible,Spot,US-West,US,DIF,T2IF,T1,1.2919,False,,Available,v2.2.1
2026-05-18,datacrunch,a100-sxm-40gb,A100,40GB,SXM,IB-HDR,OnDemand,NonInterruptible,OnDemand,EU,EU,SIF,T2IF,T2,0.7211,True,local-nvme,Available,v2.2.1
2026-05-18,datacrunch,a100-sxm-40gb,A100,40GB,SXM,IB-HDR,OnDemand,Interruptible,Spot,EU,EU,DIF,T2IF,T2,0.2524,True,local-nvme,Available,v2.2.1
2026-05-18,gcp,a100-sxm-40gb,A100,40GB,SXM,Ethernet,OnDemand,NonInterruptible,OnDemand,US-Central,US,HIF,T3IF,T1,3.4837,True,local-nvme,Available,v2.2.1
2026-05-18,gcp,a100-sxm-40gb,A100,40GB,SXM,Ethernet,OnDemand,NonInterruptible,OnDemand,US-East,US,HIF,T3IF,T1,3.4837,True,local-nvme,Available,v2.2.1
2026-05-18,gcp,a100-sxm-40gb,A100,40GB,SXM,Ethernet,OnDemand,NonInterruptible,OnDemand,US-West,US,HIF,T3IF,T1,3.4837,True,local-nvme,Available,v2.2.1
2026-05-18,gcp,a100-sxm-40gb,A100,40GB,SXM,Ethernet,OnDemand,NonInterruptible,OnDemand,US-South,US,HIF,T3IF,T1,4.1108,True,local-nvme,Available,v2.2.1
2026-05-18,gcp,a100-sxm-40gb,A100,40GB,SXM,Ethernet,1Y,NonInterruptible,Reserved,US-South,US,HIF,T3IF,T1,2.8298,True,local-nvme,Available,v2.2.1
2026-05-18,gcp,a100-sxm-40gb,A100,40GB,SXM,Ethernet,1Y,NonInterruptible,Reserved,US-East,US,HIF,T3IF,T1,2.3982,True,local-nvme,Available,v2.2.1
2026-05-18,gcp,a100-sxm-40gb,A100,40GB,SXM,Ethernet,1Y,NonInterruptible,Reserved,US-West,US,HIF,T3IF,T1,2.8448,True,local-nvme,Available,v2.2.1
2026-05-18,gcp,a100-sxm-40gb,A100,40GB,SXM,Ethernet,1Y,NonInterruptible,Reserved,US-Central,US,HIF,T3IF,T1,2.3982,True,local-nvme,Available,v2.2.1
2026-05-18,gcp,a100-sxm-40gb,A100,40GB,SXM,Ethernet,3Y,NonInterruptible,Reserved,US-West,US,HIF,T3IF,T1,1.8156,True,local-nvme,Available,v2.2.1
2026-05-18,gcp,a100-sxm-40gb,A100,40GB,SXM,Ethernet,3Y,NonInterruptible,Reserved,US-East,US,HIF,T3IF,T1,1.7102,True,local-nvme,Available,v2.2.1
2026-05-18,gcp,a100-sxm-40gb,A100,40GB,SXM,Ethernet,3Y,NonInterruptible,Reserved,US-South,US,HIF,T3IF,T1,1.8605,True,local-nvme,Available,v2.2.1
2026-05-18,gcp,a100-sxm-40gb,A100,40GB,SXM,Ethernet,3Y,NonInterruptible,Reserved,US-Central,US,HIF,T3IF,T1,1.5767,True,local-nvme,Available,v2.2.1
2026-05-18,gcp,a100-sxm-40gb,A100,40GB,SXM,Ethernet,OnDemand,Interruptible,Spot,US-South,US,DIF,T3IF,T1,0.6775,True,local-nvme,Available,v2.2.1
2026-05-18,gcp,a100-sxm-40gb,A100,40GB,SXM,Ethernet,OnDemand,Interruptible,Spot,US-West,US,DIF,T3IF,T1,0.6604,True,local-nvme,Available,v2.2.1
2026-05-18,gcp,a100-sxm-40gb,A100,40GB,SXM,Ethernet,OnDemand,Interruptible,Spot,US-Central,US,DIF,T3IF,T1,1.7090,True,local-nvme,Available,v2.2.1
2026-05-18,gcp,a100-sxm-40gb,A100,40GB,SXM,Ethernet,OnDemand,Interruptible,Spot,US-East,US,DIF,T3IF,T1,1.7090,True,local-nvme,Available,v2.2.1
2026-05-18,lambda,a100-sxm-40gb,A100,40GB,SXM,Unknown,OnDemand,NonInterruptible,OnDemand,US-East,US,IIF,T3IF,T2,1.9900,True,local-nvme,Available,v2.2.1
2026-05-18,oci,a100-sxm-40gb,A100,40GB,SXM,RoCE-v2,OnDemand,NonInterruptible,OnDemand,US-East,US,HIF,T2IF,T1,3.0500,True,local-nvme;egress-capped;managed-ops-plane;support-tier;observability,Available,v2.2.1
2026-05-19,aws,a100-sxm-40gb,A100,40GB,SXM,EFA,OnDemand,NonInterruptible,OnDemand,US-East,US,HIF,T2IF,T1,2.7447,True,local-nvme;managed-ops-plane;support-tier;observability,Available,v2.2.1
2026-05-19,aws,a100-sxm-40gb,A100,40GB,SXM,EFA,1Y,NonInterruptible,Reserved,US-East,US,HIF,T2IF,T1,1.7401,True,local-nvme;managed-ops-plane;support-tier;observability,Available,v2.2.1
2026-05-19,aws,a100-sxm-40gb,A100,40GB,SXM,EFA,3Y,NonInterruptible,Reserved,US-East,US,HIF,T2IF,T1,1.1718,True,local-nvme;managed-ops-plane;support-tier;observability,Available,v2.2.1
2026-05-19,aws,a100-sxm-40gb,A100,40GB,SXM,EFA,OnDemand,Interruptible,Spot,US-West,US,DIF,T2IF,T1,1.3293,False,,Available,v2.2.1
2026-05-19,aws,a100-sxm-40gb,A100,40GB,SXM,EFA,OnDemand,Interruptible,Spot,US-East,US,DIF,T2IF,T1,1.8057,False,,Available,v2.2.1
2026-05-19,datacrunch,a100-sxm-40gb,A100,40GB,SXM,IB-HDR,OnDemand,NonInterruptible,OnDemand,EU,EU,SIF,T2IF,T2,0.7211,True,local-nvme,Available,v2.2.1
2026-05-19,datacrunch,a100-sxm-40gb,A100,40GB,SXM,IB-HDR,OnDemand,Interruptible,Spot,EU,EU,DIF,T2IF,T2,0.2524,True,local-nvme,Available,v2.2.1
2026-05-19,gcp,a100-sxm-40gb,A100,40GB,SXM,Ethernet,OnDemand,NonInterruptible,OnDemand,US-Central,US,HIF,T3IF,T1,3.4837,True,local-nvme,Available,v2.2.1
2026-05-19,gcp,a100-sxm-40gb,A100,40GB,SXM,Ethernet,OnDemand,NonInterruptible,OnDemand,US-East,US,HIF,T3IF,T1,3.4837,True,local-nvme,Available,v2.2.1
2026-05-19,gcp,a100-sxm-40gb,A100,40GB,SXM,Ethernet,OnDemand,NonInterruptible,OnDemand,US-West,US,HIF,T3IF,T1,3.4837,True,local-nvme,Available,v2.2.1
2026-05-19,gcp,a100-sxm-40gb,A100,40GB,SXM,Ethernet,OnDemand,NonInterruptible,OnDemand,US-South,US,HIF,T3IF,T1,4.1108,True,local-nvme,Available,v2.2.1
2026-05-19,gcp,a100-sxm-40gb,A100,40GB,SXM,Ethernet,1Y,NonInterruptible,Reserved,US-South,US,HIF,T3IF,T1,2.8298,True,local-nvme,Available,v2.2.1
2026-05-19,gcp,a100-sxm-40gb,A100,40GB,SXM,Ethernet,1Y,NonInterruptible,Reserved,US-East,US,HIF,T3IF,T1,2.3982,True,local-nvme,Available,v2.2.1
2026-05-19,gcp,a100-sxm-40gb,A100,40GB,SXM,Ethernet,1Y,NonInterruptible,Reserved,US-West,US,HIF,T3IF,T1,2.8448,True,local-nvme,Available,v2.2.1
2026-05-19,gcp,a100-sxm-40gb,A100,40GB,SXM,Ethernet,1Y,NonInterruptible,Reserved,US-Central,US,HIF,T3IF,T1,2.3982,True,local-nvme,Available,v2.2.1
2026-05-19,gcp,a100-sxm-40gb,A100,40GB,SXM,Ethernet,3Y,NonInterruptible,Reserved,US-West,US,HIF,T3IF,T1,1.8156,True,local-nvme,Available,v2.2.1
2026-05-19,gcp,a100-sxm-40gb,A100,40GB,SXM,Ethernet,3Y,NonInterruptible,Reserved,US-East,US,HIF,T3IF,T1,1.7102,True,local-nvme,Available,v2.2.1
2026-05-19,gcp,a100-sxm-40gb,A100,40GB,SXM,Ethernet,3Y,NonInterruptible,Reserved,US-South,US,HIF,T3IF,T1,1.8605,True,local-nvme,Available,v2.2.1
2026-05-19,gcp,a100-sxm-40gb,A100,40GB,SXM,Ethernet,3Y,NonInterruptible,Reserved,US-Central,US,HIF,T3IF,T1,1.5767,True,local-nvme,Available,v2.2.1
2026-05-19,gcp,a100-sxm-40gb,A100,40GB,SXM,Ethernet,OnDemand,Interruptible,Spot,US-South,US,DIF,T3IF,T1,0.6775,True,local-nvme,Available,v2.2.1
2026-05-19,gcp,a100-sxm-40gb,A100,40GB,SXM,Ethernet,OnDemand,Interruptible,Spot,US-West,US,DIF,T3IF,T1,0.6604,True,local-nvme,Available,v2.2.1
2026-05-19,gcp,a100-sxm-40gb,A100,40GB,SXM,Ethernet,OnDemand,Interruptible,Spot,US-Central,US,DIF,T3IF,T1,1.7090,True,local-nvme,Available,v2.2.1
2026-05-19,gcp,a100-sxm-40gb,A100,40GB,SXM,Ethernet,OnDemand,Interruptible,Spot,US-East,US,DIF,T3IF,T1,1.7090,True,local-nvme,Available,v2.2.1
2026-05-19,lambda,a100-sxm-40gb,A100,40GB,SXM,Unknown,OnDemand,NonInterruptible,OnDemand,US-East,US,IIF,T3IF,T2,1.9900,True,local-nvme,Available,v2.2.1
2026-05-19,oci,a100-sxm-40gb,A100,40GB,SXM,RoCE-v2,OnDemand,NonInterruptible,OnDemand,US-East,US,HIF,T2IF,T1,3.0500,True,local-nvme;egress-capped;managed-ops-plane;support-tier;observability,Available,v2.2.1
2026-05-20,aws,a100-sxm-40gb,A100,40GB,SXM,EFA,OnDemand,NonInterruptible,OnDemand,US-East,US,HIF,T2IF,T1,2.7447,True,local-nvme;managed-ops-plane;support-tier;observability,Available,v2.2.1
2026-05-20,aws,a100-sxm-40gb,A100,40GB,SXM,EFA,1Y,NonInterruptible,Reserved,US-East,US,HIF,T2IF,T1,1.7401,True,local-nvme;managed-ops-plane;support-tier;observability,Available,v2.2.1
2026-05-20,aws,a100-sxm-40gb,A100,40GB,SXM,EFA,3Y,NonInterruptible,Reserved,US-East,US,HIF,T2IF,T1,1.1718,True,local-nvme;managed-ops-plane;support-tier;observability,Available,v2.2.1
2026-05-20,aws,a100-sxm-40gb,A100,40GB,SXM,EFA,OnDemand,Interruptible,Spot,US-East,US,DIF,T2IF,T1,1.7238,False,,Available,v2.2.1
2026-05-20,aws,a100-sxm-40gb,A100,40GB,SXM,EFA,OnDemand,Interruptible,Spot,US-West,US,DIF,T2IF,T1,1.3626,False,,Available,v2.2.1
2026-05-20,datacrunch,a100-sxm-40gb,A100,40GB,SXM,IB-HDR,OnDemand,NonInterruptible,OnDemand,EU,EU,SIF,T2IF,T2,0.7211,True,local-nvme,Available,v2.2.1
2026-05-20,datacrunch,a100-sxm-40gb,A100,40GB,SXM,IB-HDR,OnDemand,Interruptible,Spot,EU,EU,DIF,T2IF,T2,0.2524,True,local-nvme,Available,v2.2.1
2026-05-20,gcp,a100-sxm-40gb,A100,40GB,SXM,Ethernet,OnDemand,NonInterruptible,OnDemand,US-Central,US,HIF,T3IF,T1,3.4837,True,local-nvme,Available,v2.2.1
2026-05-20,gcp,a100-sxm-40gb,A100,40GB,SXM,Ethernet,OnDemand,NonInterruptible,OnDemand,US-East,US,HIF,T3IF,T1,3.4837,True,local-nvme,Available,v2.2.1
2026-05-20,gcp,a100-sxm-40gb,A100,40GB,SXM,Ethernet,OnDemand,NonInterruptible,OnDemand,US-West,US,HIF,T3IF,T1,3.4837,True,local-nvme,Available,v2.2.1
2026-05-20,gcp,a100-sxm-40gb,A100,40GB,SXM,Ethernet,OnDemand,NonInterruptible,OnDemand,US-South,US,HIF,T3IF,T1,4.1108,True,local-nvme,Available,v2.2.1
2026-05-20,gcp,a100-sxm-40gb,A100,40GB,SXM,Ethernet,1Y,NonInterruptible,Reserved,US-South,US,HIF,T3IF,T1,2.8298,True,local-nvme,Available,v2.2.1
2026-05-20,gcp,a100-sxm-40gb,A100,40GB,SXM,Ethernet,1Y,NonInterruptible,Reserved,US-East,US,HIF,T3IF,T1,2.3982,True,local-nvme,Available,v2.2.1
2026-05-20,gcp,a100-sxm-40gb,A100,40GB,SXM,Ethernet,1Y,NonInterruptible,Reserved,US-West,US,HIF,T3IF,T1,2.8448,True,local-nvme,Available,v2.2.1
2026-05-20,gcp,a100-sxm-40gb,A100,40GB,SXM,Ethernet,1Y,NonInterruptible,Reserved,US-Central,US,HIF,T3IF,T1,2.3982,True,local-nvme,Available,v2.2.1
2026-05-20,gcp,a100-sxm-40gb,A100,40GB,SXM,Ethernet,3Y,NonInterruptible,Reserved,US-West,US,HIF,T3IF,T1,1.8156,True,local-nvme,Available,v2.2.1
2026-05-20,gcp,a100-sxm-40gb,A100,40GB,SXM,Ethernet,3Y,NonInterruptible,Reserved,US-East,US,HIF,T3IF,T1,1.7102,True,local-nvme,Available,v2.2.1
2026-05-20,gcp,a100-sxm-40gb,A100,40GB,SXM,Ethernet,3Y,NonInterruptible,Reserved,US-South,US,HIF,T3IF,T1,1.8605,True,local-nvme,Available,v2.2.1
2026-05-20,gcp,a100-sxm-40gb,A100,40GB,SXM,Ethernet,3Y,NonInterruptible,Reserved,US-Central,US,HIF,T3IF,T1,1.5767,True,local-nvme,Available,v2.2.1
2026-05-20,gcp,a100-sxm-40gb,A100,40GB,SXM,Ethernet,OnDemand,Interruptible,Spot,US-South,US,DIF,T3IF,T1,0.6775,True,local-nvme,Available,v2.2.1
2026-05-20,gcp,a100-sxm-40gb,A100,40GB,SXM,Ethernet,OnDemand,Interruptible,Spot,US-West,US,DIF,T3IF,T1,0.6604,True,local-nvme,Available,v2.2.1
2026-05-20,gcp,a100-sxm-40gb,A100,40GB,SXM,Ethernet,OnDemand,Interruptible,Spot,US-Central,US,DIF,T3IF,T1,1.7090,True,local-nvme,Available,v2.2.1
2026-05-20,gcp,a100-sxm-40gb,A100,40GB,SXM,Ethernet,OnDemand,Interruptible,Spot,US-East,US,DIF,T3IF,T1,1.7090,True,local-nvme,Available,v2.2.1
2026-05-20,lambda,a100-sxm-40gb,A100,40GB,SXM,Unknown,OnDemand,NonInterruptible,OnDemand,US-East,US,IIF,T3IF,T2,1.9900,True,local-nvme,Available,v2.2.1
2026-05-20,oci,a100-sxm-40gb,A100,40GB,SXM,RoCE-v2,OnDemand,NonInterruptible,OnDemand,US-East,US,HIF,T2IF,T1,3.0500,True,local-nvme;egress-capped;managed-ops-plane;support-tier;observability,Available,v2.2.1
2026-05-21,aws,a100-sxm-40gb,A100,40GB,SXM,EFA,OnDemand,NonInterruptible,OnDemand,US-East,US,HIF,T2IF,T1,2.7447,True,local-nvme;managed-ops-plane;support-tier;observability,Available,v2.2.1
2026-05-21,aws,a100-sxm-40gb,A100,40GB,SXM,EFA,1Y,NonInterruptible,Reserved,US-East,US,HIF,T2IF,T1,1.7401,True,local-nvme;managed-ops-plane;support-tier;observability,Available,v2.2.1
2026-05-21,aws,a100-sxm-40gb,A100,40GB,SXM,EFA,3Y,NonInterruptible,Reserved,US-East,US,HIF,T2IF,T1,1.1718,True,local-nvme;managed-ops-plane;support-tier;observability,Available,v2.2.1
2026-05-21,aws,a100-sxm-40gb,A100,40GB,SXM,EFA,OnDemand,Interruptible,Spot,US-East,US,DIF,T2IF,T1,1.6600,False,,Available,v2.2.1
2026-05-21,aws,a100-sxm-40gb,A100,40GB,SXM,EFA,OnDemand,Interruptible,Spot,US-West,US,DIF,T2IF,T1,1.3697,False,,Available,v2.2.1
2026-05-21,datacrunch,a100-sxm-40gb,A100,40GB,SXM,IB-HDR,OnDemand,NonInterruptible,OnDemand,EU,EU,SIF,T2IF,T2,0.7211,True,local-nvme,Available,v2.2.1
2026-05-21,datacrunch,a100-sxm-40gb,A100,40GB,SXM,IB-HDR,OnDemand,Interruptible,Spot,EU,EU,DIF,T2IF,T2,0.2524,True,local-nvme,Available,v2.2.1
2026-05-21,gcp,a100-sxm-40gb,A100,40GB,SXM,Ethernet,OnDemand,NonInterruptible,OnDemand,US-Central,US,HIF,T3IF,T1,3.4837,True,local-nvme,Available,v2.2.1
2026-05-21,gcp,a100-sxm-40gb,A100,40GB,SXM,Ethernet,OnDemand,NonInterruptible,OnDemand,US-East,US,HIF,T3IF,T1,3.4837,True,local-nvme,Available,v2.2.1
2026-05-21,gcp,a100-sxm-40gb,A100,40GB,SXM,Ethernet,OnDemand,NonInterruptible,OnDemand,US-West,US,HIF,T3IF,T1,3.4837,True,local-nvme,Available,v2.2.1
2026-05-21,gcp,a100-sxm-40gb,A100,40GB,SXM,Ethernet,OnDemand,NonInterruptible,OnDemand,US-South,US,HIF,T3IF,T1,4.1108,True,local-nvme,Available,v2.2.1
2026-05-21,gcp,a100-sxm-40gb,A100,40GB,SXM,Ethernet,1Y,NonInterruptible,Reserved,US-South,US,HIF,T3IF,T1,2.8298,True,local-nvme,Available,v2.2.1
2026-05-21,gcp,a100-sxm-40gb,A100,40GB,SXM,Ethernet,1Y,NonInterruptible,Reserved,US-East,US,HIF,T3IF,T1,2.3982,True,local-nvme,Available,v2.2.1
2026-05-21,gcp,a100-sxm-40gb,A100,40GB,SXM,Ethernet,1Y,NonInterruptible,Reserved,US-West,US,HIF,T3IF,T1,2.8448,True,local-nvme,Available,v2.2.1
2026-05-21,gcp,a100-sxm-40gb,A100,40GB,SXM,Ethernet,1Y,NonInterruptible,Reserved,US-Central,US,HIF,T3IF,T1,2.3982,True,local-nvme,Available,v2.2.1
2026-05-21,gcp,a100-sxm-40gb,A100,40GB,SXM,Ethernet,3Y,NonInterruptible,Reserved,US-West,US,HIF,T3IF,T1,1.8156,True,local-nvme,Available,v2.2.1
2026-05-21,gcp,a100-sxm-40gb,A100,40GB,SXM,Ethernet,3Y,NonInterruptible,Reserved,US-East,US,HIF,T3IF,T1,1.7102,True,local-nvme,Available,v2.2.1
2026-05-21,gcp,a100-sxm-40gb,A100,40GB,SXM,Ethernet,3Y,NonInterruptible,Reserved,US-South,US,HIF,T3IF,T1,1.8605,True,local-nvme,Available,v2.2.1
2026-05-21,gcp,a100-sxm-40gb,A100,40GB,SXM,Ethernet,3Y,NonInterruptible,Reserved,US-Central,US,HIF,T3IF,T1,1.5767,True,local-nvme,Available,v2.2.1
2026-05-21,gcp,a100-sxm-40gb,A100,40GB,SXM,Ethernet,OnDemand,Interruptible,Spot,US-South,US,DIF,T3IF,T1,0.6775,True,local-nvme,Available,v2.2.1
2026-05-21,gcp,a100-sxm-40gb,A100,40GB,SXM,Ethernet,OnDemand,Interruptible,Spot,US-West,US,DIF,T3IF,T1,0.6604,True,local-nvme,Available,v2.2.1
2026-05-21,gcp,a100-sxm-40gb,A100,40GB,SXM,Ethernet,OnDemand,Interruptible,Spot,US-Central,US,DIF,T3IF,T1,1.7090,True,local-nvme,Available,v2.2.1
2026-05-21,gcp,a100-sxm-40gb,A100,40GB,SXM,Ethernet,OnDemand,Interruptible,Spot,US-East,US,DIF,T3IF,T1,1.7090,True,local-nvme,Available,v2.2.1
2026-05-21,lambda,a100-sxm-40gb,A100,40GB,SXM,Unknown,OnDemand,NonInterruptible,OnDemand,US-East,US,IIF,T3IF,T2,1.9900,True,local-nvme,Available,v2.2.1
2026-05-21,oci,a100-sxm-40gb,A100,40GB,SXM,RoCE-v2,OnDemand,NonInterruptible,OnDemand,US-East,US,HIF,T2IF,T1,3.0500,True,local-nvme;egress-capped;managed-ops-plane;support-tier;observability,Available,v2.2.1
2026-05-22,aws,a100-sxm-40gb,A100,40GB,SXM,EFA,OnDemand,NonInterruptible,OnDemand,US-East,US,HIF,T2IF,T1,2.7447,True,local-nvme;managed-ops-plane;support-tier;observability,Available,v2.2.1
2026-05-22,aws,a100-sxm-40gb,A100,40GB,SXM,EFA,1Y,NonInterruptible,Reserved,US-East,US,HIF,T2IF,T1,1.7401,True,local-nvme;managed-ops-plane;support-tier;observability,Available,v2.2.1
2026-05-22,aws,a100-sxm-40gb,A100,40GB,SXM,EFA,3Y,NonInterruptible,Reserved,US-East,US,HIF,T2IF,T1,1.1718,True,local-nvme;managed-ops-plane;support-tier;observability,Available,v2.2.1
2026-05-22,aws,a100-sxm-40gb,A100,40GB,SXM,EFA,OnDemand,Interruptible,Spot,US-East,US,DIF,T2IF,T1,1.6237,False,,Available,v2.2.1
2026-05-22,aws,a100-sxm-40gb,A100,40GB,SXM,EFA,OnDemand,Interruptible,Spot,US-West,US,DIF,T2IF,T1,1.3725,False,,Available,v2.2.1
2026-05-22,datacrunch,a100-sxm-40gb,A100,40GB,SXM,IB-HDR,OnDemand,NonInterruptible,OnDemand,EU,EU,SIF,T2IF,T2,0.7211,True,local-nvme,Available,v2.2.1
2026-05-22,datacrunch,a100-sxm-40gb,A100,40GB,SXM,IB-HDR,OnDemand,Interruptible,Spot,EU,EU,DIF,T2IF,T2,0.2524,True,local-nvme,Available,v2.2.1
2026-05-22,gcp,a100-sxm-40gb,A100,40GB,SXM,Ethernet,OnDemand,NonInterruptible,OnDemand,US-Central,US,HIF,T3IF,T1,3.4837,True,local-nvme,Available,v2.2.1
2026-05-22,gcp,a100-sxm-40gb,A100,40GB,SXM,Ethernet,OnDemand,NonInterruptible,OnDemand,US-East,US,HIF,T3IF,T1,3.4837,True,local-nvme,Available,v2.2.1
2026-05-22,gcp,a100-sxm-40gb,A100,40GB,SXM,Ethernet,OnDemand,NonInterruptible,OnDemand,US-West,US,HIF,T3IF,T1,3.4837,True,local-nvme,Available,v2.2.1
2026-05-22,gcp,a100-sxm-40gb,A100,40GB,SXM,Ethernet,OnDemand,NonInterruptible,OnDemand,US-South,US,HIF,T3IF,T1,4.1108,True,local-nvme,Available,v2.2.1
2026-05-22,gcp,a100-sxm-40gb,A100,40GB,SXM,Ethernet,1Y,NonInterruptible,Reserved,US-South,US,HIF,T3IF,T1,2.8298,True,local-nvme,Available,v2.2.1
2026-05-22,gcp,a100-sxm-40gb,A100,40GB,SXM,Ethernet,1Y,NonInterruptible,Reserved,US-East,US,HIF,T3IF,T1,2.3982,True,local-nvme,Available,v2.2.1
2026-05-22,gcp,a100-sxm-40gb,A100,40GB,SXM,Ethernet,1Y,NonInterruptible,Reserved,US-West,US,HIF,T3IF,T1,2.8448,True,local-nvme,Available,v2.2.1
2026-05-22,gcp,a100-sxm-40gb,A100,40GB,SXM,Ethernet,1Y,NonInterruptible,Reserved,US-Central,US,HIF,T3IF,T1,2.3982,True,local-nvme,Available,v2.2.1
2026-05-22,gcp,a100-sxm-40gb,A100,40GB,SXM,Ethernet,3Y,NonInterruptible,Reserved,US-West,US,HIF,T3IF,T1,1.8156,True,local-nvme,Available,v2.2.1
2026-05-22,gcp,a100-sxm-40gb,A100,40GB,SXM,Ethernet,3Y,NonInterruptible,Reserved,US-East,US,HIF,T3IF,T1,1.7102,True,local-nvme,Available,v2.2.1
2026-05-22,gcp,a100-sxm-40gb,A100,40GB,SXM,Ethernet,3Y,NonInterruptible,Reserved,US-South,US,HIF,T3IF,T1,1.8605,True,local-nvme,Available,v2.2.1
2026-05-22,gcp,a100-sxm-40gb,A100,40GB,SXM,Ethernet,3Y,NonInterruptible,Reserved,US-Central,US,HIF,T3IF,T1,1.5767,True,local-nvme,Available,v2.2.1
2026-05-22,gcp,a100-sxm-40gb,A100,40GB,SXM,Ethernet,OnDemand,Interruptible,Spot,US-South,US,DIF,T3IF,T1,0.6775,True,local-nvme,Available,v2.2.1
2026-05-22,gcp,a100-sxm-40gb,A100,40GB,SXM,Ethernet,OnDemand,Interruptible,Spot,US-West,US,DIF,T3IF,T1,0.6604,True,local-nvme,Available,v2.2.1
2026-05-22,gcp,a100-sxm-40gb,A100,40GB,SXM,Ethernet,OnDemand,Interruptible,Spot,US-Central,US,DIF,T3IF,T1,1.7090,True,local-nvme,Available,v2.2.1
2026-05-22,gcp,a100-sxm-40gb,A100,40GB,SXM,Ethernet,OnDemand,Interruptible,Spot,US-East,US,DIF,T3IF,T1,1.7090,True,local-nvme,Available,v2.2.1
2026-05-22,lambda,a100-sxm-40gb,A100,40GB,SXM,Unknown,OnDemand,NonInterruptible,OnDemand,US-East,US,IIF,T3IF,T2,1.9900,True,local-nvme,Available,v2.2.1
2026-05-22,oci,a100-sxm-40gb,A100,40GB,SXM,RoCE-v2,OnDemand,NonInterruptible,OnDemand,US-East,US,HIF,T2IF,T1,3.0500,True,local-nvme;egress-capped;managed-ops-plane;support-tier;observability,Available,v2.2.1
2026-05-23,aws,a100-sxm-40gb,A100,40GB,SXM,EFA,OnDemand,NonInterruptible,OnDemand,US-East,US,HIF,T2IF,T1,2.7447,True,local-nvme;managed-ops-plane;support-tier;observability,Available,v2.2.1
2026-05-23,aws,a100-sxm-40gb,A100,40GB,SXM,EFA,1Y,NonInterruptible,Reserved,US-East,US,HIF,T2IF,T1,1.7401,True,local-nvme;managed-ops-plane;support-tier;observability,Available,v2.2.1
2026-05-23,aws,a100-sxm-40gb,A100,40GB,SXM,EFA,3Y,NonInterruptible,Reserved,US-East,US,HIF,T2IF,T1,1.1718,True,local-nvme;managed-ops-plane;support-tier;observability,Available,v2.2.1
2026-05-23,aws,a100-sxm-40gb,A100,40GB,SXM,EFA,OnDemand,Interruptible,Spot,US-East,US,DIF,T2IF,T1,1.5825,False,,Available,v2.2.1
2026-05-23,aws,a100-sxm-40gb,A100,40GB,SXM,EFA,OnDemand,Interruptible,Spot,US-West,US,DIF,T2IF,T1,1.3853,False,,Available,v2.2.1
2026-05-23,datacrunch,a100-sxm-40gb,A100,40GB,SXM,IB-HDR,OnDemand,NonInterruptible,OnDemand,EU,EU,SIF,T2IF,T2,0.7211,True,local-nvme,Available,v2.2.1
2026-05-23,datacrunch,a100-sxm-40gb,A100,40GB,SXM,IB-HDR,OnDemand,Interruptible,Spot,EU,EU,DIF,T2IF,T2,0.2524,True,local-nvme,Available,v2.2.1
2026-05-23,gcp,a100-sxm-40gb,A100,40GB,SXM,Ethernet,OnDemand,NonInterruptible,OnDemand,US-Central,US,HIF,T3IF,T1,3.4837,True,local-nvme,Available,v2.2.1
2026-05-23,gcp,a100-sxm-40gb,A100,40GB,SXM,Ethernet,OnDemand,NonInterruptible,OnDemand,US-East,US,HIF,T3IF,T1,3.4837,True,local-nvme,Available,v2.2.1
2026-05-23,gcp,a100-sxm-40gb,A100,40GB,SXM,Ethernet,OnDemand,NonInterruptible,OnDemand,US-West,US,HIF,T3IF,T1,3.4837,True,local-nvme,Available,v2.2.1
2026-05-23,gcp,a100-sxm-40gb,A100,40GB,SXM,Ethernet,OnDemand,NonInterruptible,OnDemand,US-South,US,HIF,T3IF,T1,4.1108,True,local-nvme,Available,v2.2.1
2026-05-23,gcp,a100-sxm-40gb,A100,40GB,SXM,Ethernet,1Y,NonInterruptible,Reserved,US-South,US,HIF,T3IF,T1,2.8298,True,local-nvme,Available,v2.2.1
2026-05-23,gcp,a100-sxm-40gb,A100,40GB,SXM,Ethernet,1Y,NonInterruptible,Reserved,US-East,US,HIF,T3IF,T1,2.3982,True,local-nvme,Available,v2.2.1
2026-05-23,gcp,a100-sxm-40gb,A100,40GB,SXM,Ethernet,1Y,NonInterruptible,Reserved,US-West,US,HIF,T3IF,T1,2.8448,True,local-nvme,Available,v2.2.1
2026-05-23,gcp,a100-sxm-40gb,A100,40GB,SXM,Ethernet,1Y,NonInterruptible,Reserved,US-Central,US,HIF,T3IF,T1,2.3982,True,local-nvme,Available,v2.2.1
2026-05-23,gcp,a100-sxm-40gb,A100,40GB,SXM,Ethernet,3Y,NonInterruptible,Reserved,US-Central,US,HIF,T3IF,T1,1.5767,True,local-nvme,Available,v2.2.1
2026-05-23,gcp,a100-sxm-40gb,A100,40GB,SXM,Ethernet,3Y,NonInterruptible,Reserved,US-South,US,HIF,T3IF,T1,1.8605,True,local-nvme,Available,v2.2.1
2026-05-23,gcp,a100-sxm-40gb,A100,40GB,SXM,Ethernet,3Y,NonInterruptible,Reserved,US-West,US,HIF,T3IF,T1,1.8156,True,local-nvme,Available,v2.2.1
2026-05-23,gcp,a100-sxm-40gb,A100,40GB,SXM,Ethernet,3Y,NonInterruptible,Reserved,US-East,US,HIF,T3IF,T1,1.7102,True,local-nvme,Available,v2.2.1
2026-05-23,gcp,a100-sxm-40gb,A100,40GB,SXM,Ethernet,OnDemand,Interruptible,Spot,US-South,US,DIF,T3IF,T1,0.6775,True,local-nvme,Available,v2.2.1
2026-05-23,gcp,a100-sxm-40gb,A100,40GB,SXM,Ethernet,OnDemand,Interruptible,Spot,US-West,US,DIF,T3IF,T1,0.6604,True,local-nvme,Available,v2.2.1
2026-05-23,gcp,a100-sxm-40gb,A100,40GB,SXM,Ethernet,OnDemand,Interruptible,Spot,US-Central,US,DIF,T3IF,T1,1.7090,True,local-nvme,Available,v2.2.1
2026-05-23,gcp,a100-sxm-40gb,A100,40GB,SXM,Ethernet,OnDemand,Interruptible,Spot,US-East,US,DIF,T3IF,T1,1.7090,True,local-nvme,Available,v2.2.1
2026-05-23,lambda,a100-sxm-40gb,A100,40GB,SXM,Unknown,OnDemand,NonInterruptible,OnDemand,US-East,US,IIF,T3IF,T2,1.9900,True,local-nvme,Available,v2.2.1
2026-05-23,oci,a100-sxm-40gb,A100,40GB,SXM,RoCE-v2,OnDemand,NonInterruptible,OnDemand,US-East,US,HIF,T2IF,T1,3.0500,True,local-nvme;egress-capped;managed-ops-plane;support-tier;observability,Available,v2.2.1
2026-05-24,aws,a100-sxm-40gb,A100,40GB,SXM,EFA,OnDemand,NonInterruptible,OnDemand,US-East,US,HIF,T2IF,T1,2.7447,True,local-nvme;managed-ops-plane;support-tier;observability,Available,v2.2.1
2026-05-24,aws,a100-sxm-40gb,A100,40GB,SXM,EFA,1Y,NonInterruptible,Reserved,US-East,US,HIF,T2IF,T1,1.7401,True,local-nvme;managed-ops-plane;support-tier;observability,Available,v2.2.1
2026-05-24,aws,a100-sxm-40gb,A100,40GB,SXM,EFA,3Y,NonInterruptible,Reserved,US-East,US,HIF,T2IF,T1,1.1718,True,local-nvme;managed-ops-plane;support-tier;observability,Available,v2.2.1
2026-05-24,aws,a100-sxm-40gb,A100,40GB,SXM,EFA,OnDemand,Interruptible,Spot,US-East,US,DIF,T2IF,T1,1.5193,False,,Available,v2.2.1
2026-05-24,aws,a100-sxm-40gb,A100,40GB,SXM,EFA,OnDemand,Interruptible,Spot,US-West,US,DIF,T2IF,T1,1.4365,False,,Available,v2.2.1
2026-05-24,datacrunch,a100-sxm-40gb,A100,40GB,SXM,IB-HDR,OnDemand,NonInterruptible,OnDemand,EU,EU,SIF,T2IF,T2,0.7211,True,local-nvme,Available,v2.2.1
2026-05-24,datacrunch,a100-sxm-40gb,A100,40GB,SXM,IB-HDR,OnDemand,Interruptible,Spot,EU,EU,DIF,T2IF,T2,0.2524,True,local-nvme,Available,v2.2.1
2026-05-24,gcp,a100-sxm-40gb,A100,40GB,SXM,Ethernet,OnDemand,NonInterruptible,OnDemand,US-Central,US,HIF,T3IF,T1,3.4837,True,local-nvme,Available,v2.2.1
2026-05-24,gcp,a100-sxm-40gb,A100,40GB,SXM,Ethernet,OnDemand,NonInterruptible,OnDemand,US-East,US,HIF,T3IF,T1,3.4837,True,local-nvme,Available,v2.2.1
2026-05-24,gcp,a100-sxm-40gb,A100,40GB,SXM,Ethernet,OnDemand,NonInterruptible,OnDemand,US-West,US,HIF,T3IF,T1,3.4837,True,local-nvme,Available,v2.2.1
2026-05-24,gcp,a100-sxm-40gb,A100,40GB,SXM,Ethernet,OnDemand,NonInterruptible,OnDemand,US-South,US,HIF,T3IF,T1,4.1108,True,local-nvme,Available,v2.2.1
2026-05-24,gcp,a100-sxm-40gb,A100,40GB,SXM,Ethernet,1Y,NonInterruptible,Reserved,US-South,US,HIF,T3IF,T1,2.8298,True,local-nvme,Available,v2.2.1
2026-05-24,gcp,a100-sxm-40gb,A100,40GB,SXM,Ethernet,1Y,NonInterruptible,Reserved,US-East,US,HIF,T3IF,T1,2.3982,True,local-nvme,Available,v2.2.1
2026-05-24,gcp,a100-sxm-40gb,A100,40GB,SXM,Ethernet,1Y,NonInterruptible,Reserved,US-West,US,HIF,T3IF,T1,2.8448,True,local-nvme,Available,v2.2.1
2026-05-24,gcp,a100-sxm-40gb,A100,40GB,SXM,Ethernet,1Y,NonInterruptible,Reserved,US-Central,US,HIF,T3IF,T1,2.3982,True,local-nvme,Available,v2.2.1
2026-05-24,gcp,a100-sxm-40gb,A100,40GB,SXM,Ethernet,3Y,NonInterruptible,Reserved,US-West,US,HIF,T3IF,T1,1.8156,True,local-nvme,Available,v2.2.1
2026-05-24,gcp,a100-sxm-40gb,A100,40GB,SXM,Ethernet,3Y,NonInterruptible,Reserved,US-East,US,HIF,T3IF,T1,1.7102,True,local-nvme,Available,v2.2.1
2026-05-24,gcp,a100-sxm-40gb,A100,40GB,SXM,Ethernet,3Y,NonInterruptible,Reserved,US-South,US,HIF,T3IF,T1,1.8605,True,local-nvme,Available,v2.2.1
2026-05-24,gcp,a100-sxm-40gb,A100,40GB,SXM,Ethernet,3Y,NonInterruptible,Reserved,US-Central,US,HIF,T3IF,T1,1.5767,True,local-nvme,Available,v2.2.1
2026-05-24,gcp,a100-sxm-40gb,A100,40GB,SXM,Ethernet,OnDemand,Interruptible,Spot,US-South,US,DIF,T3IF,T1,0.6775,True,local-nvme,Available,v2.2.1
2026-05-24,gcp,a100-sxm-40gb,A100,40GB,SXM,Ethernet,OnDemand,Interruptible,Spot,US-West,US,DIF,T3IF,T1,0.6604,True,local-nvme,Available,v2.2.1
2026-05-24,gcp,a100-sxm-40gb,A100,40GB,SXM,Ethernet,OnDemand,Interruptible,Spot,US-Central,US,DIF,T3IF,T1,1.7090,True,local-nvme,Available,v2.2.1
2026-05-24,gcp,a100-sxm-40gb,A100,40GB,SXM,Ethernet,OnDemand,Interruptible,Spot,US-East,US,DIF,T3IF,T1,1.7090,True,local-nvme,Available,v2.2.1
2026-05-24,lambda,a100-sxm-40gb,A100,40GB,SXM,Unknown,OnDemand,NonInterruptible,OnDemand,US-East,US,IIF,T3IF,T2,1.9900,True,local-nvme,Available,v2.2.1
2026-05-24,oci,a100-sxm-40gb,A100,40GB,SXM,RoCE-v2,OnDemand,NonInterruptible,OnDemand,US-East,US,HIF,T2IF,T1,3.0500,True,local-nvme;egress-capped;managed-ops-plane;support-tier;observability,Available,v2.2.1
2026-05-25,aws,a100-sxm-40gb,A100,40GB,SXM,EFA,OnDemand,NonInterruptible,OnDemand,US-East,US,HIF,T2IF,T1,2.7447,True,local-nvme;managed-ops-plane;support-tier;observability,Available,v2.2.1
2026-05-25,aws,a100-sxm-40gb,A100,40GB,SXM,EFA,1Y,NonInterruptible,Reserved,US-East,US,HIF,T2IF,T1,1.7401,True,local-nvme;managed-ops-plane;support-tier;observability,Available,v2.2.1
2026-05-25,aws,a100-sxm-40gb,A100,40GB,SXM,EFA,3Y,NonInterruptible,Reserved,US-East,US,HIF,T2IF,T1,1.1718,True,local-nvme;managed-ops-plane;support-tier;observability,Available,v2.2.1
2026-05-25,aws,a100-sxm-40gb,A100,40GB,SXM,EFA,OnDemand,Interruptible,Spot,US-East,US,DIF,T2IF,T1,1.4707,False,,Available,v2.2.1
2026-05-25,aws,a100-sxm-40gb,A100,40GB,SXM,EFA,OnDemand,Interruptible,Spot,US-West,US,DIF,T2IF,T1,1.4872,False,,Available,v2.2.1
2026-05-25,datacrunch,a100-sxm-40gb,A100,40GB,SXM,IB-HDR,OnDemand,NonInterruptible,OnDemand,EU,EU,SIF,T2IF,T2,1.2900,True,local-nvme,Available,v2.2.1
2026-05-25,datacrunch,a100-sxm-40gb,A100,40GB,SXM,IB-HDR,OnDemand,Interruptible,Spot,EU,EU,DIF,T2IF,T2,0.4515,True,local-nvme,Available,v2.2.1
2026-05-25,gcp,a100-sxm-40gb,A100,40GB,SXM,Ethernet,OnDemand,NonInterruptible,OnDemand,US-Central,US,HIF,T3IF,T1,3.4837,True,local-nvme,Available,v2.2.1
2026-05-25,gcp,a100-sxm-40gb,A100,40GB,SXM,Ethernet,OnDemand,NonInterruptible,OnDemand,US-East,US,HIF,T3IF,T1,3.4837,True,local-nvme,Available,v2.2.1
2026-05-25,gcp,a100-sxm-40gb,A100,40GB,SXM,Ethernet,OnDemand,NonInterruptible,OnDemand,US-West,US,HIF,T3IF,T1,3.4837,True,local-nvme,Available,v2.2.1
2026-05-25,gcp,a100-sxm-40gb,A100,40GB,SXM,Ethernet,OnDemand,NonInterruptible,OnDemand,US-South,US,HIF,T3IF,T1,4.1108,True,local-nvme,Available,v2.2.1
2026-05-25,gcp,a100-sxm-40gb,A100,40GB,SXM,Ethernet,1Y,NonInterruptible,Reserved,US-South,US,HIF,T3IF,T1,2.8298,True,local-nvme,Available,v2.2.1
2026-05-25,gcp,a100-sxm-40gb,A100,40GB,SXM,Ethernet,1Y,NonInterruptible,Reserved,US-East,US,HIF,T3IF,T1,2.3982,True,local-nvme,Available,v2.2.1
2026-05-25,gcp,a100-sxm-40gb,A100,40GB,SXM,Ethernet,1Y,NonInterruptible,Reserved,US-West,US,HIF,T3IF,T1,2.8448,True,local-nvme,Available,v2.2.1
2026-05-25,gcp,a100-sxm-40gb,A100,40GB,SXM,Ethernet,1Y,NonInterruptible,Reserved,US-Central,US,HIF,T3IF,T1,2.3982,True,local-nvme,Available,v2.2.1
2026-05-25,gcp,a100-sxm-40gb,A100,40GB,SXM,Ethernet,3Y,NonInterruptible,Reserved,US-West,US,HIF,T3IF,T1,1.8156,True,local-nvme,Available,v2.2.1
2026-05-25,gcp,a100-sxm-40gb,A100,40GB,SXM,Ethernet,3Y,NonInterruptible,Reserved,US-East,US,HIF,T3IF,T1,1.7102,True,local-nvme,Available,v2.2.1
2026-05-25,gcp,a100-sxm-40gb,A100,40GB,SXM,Ethernet,3Y,NonInterruptible,Reserved,US-South,US,HIF,T3IF,T1,1.8605,True,local-nvme,Available,v2.2.1
2026-05-25,gcp,a100-sxm-40gb,A100,40GB,SXM,Ethernet,3Y,NonInterruptible,Reserved,US-Central,US,HIF,T3IF,T1,1.5767,True,local-nvme,Available,v2.2.1
2026-05-25,gcp,a100-sxm-40gb,A100,40GB,SXM,Ethernet,OnDemand,Interruptible,Spot,US-South,US,DIF,T3IF,T1,0.6775,True,local-nvme,Available,v2.2.1
2026-05-25,gcp,a100-sxm-40gb,A100,40GB,SXM,Ethernet,OnDemand,Interruptible,Spot,US-West,US,DIF,T3IF,T1,0.6604,True,local-nvme,Available,v2.2.1
2026-05-25,gcp,a100-sxm-40gb,A100,40GB,SXM,Ethernet,OnDemand,Interruptible,Spot,US-Central,US,DIF,T3IF,T1,1.7090,True,local-nvme,Available,v2.2.1
2026-05-25,gcp,a100-sxm-40gb,A100,40GB,SXM,Ethernet,OnDemand,Interruptible,Spot,US-East,US,DIF,T3IF,T1,1.7090,True,local-nvme,Available,v2.2.1
2026-05-25,lambda,a100-sxm-40gb,A100,40GB,SXM,Unknown,OnDemand,NonInterruptible,OnDemand,US-East,US,IIF,T3IF,T2,1.9900,True,local-nvme,Available,v2.2.1
2026-05-25,oci,a100-sxm-40gb,A100,40GB,SXM,RoCE-v2,OnDemand,NonInterruptible,OnDemand,US-East,US,HIF,T2IF,T1,3.0500,True,local-nvme;egress-capped;managed-ops-plane;support-tier;observability,Available,v2.2.1
2026-05-26,aws,a100-sxm-40gb,A100,40GB,SXM,EFA,OnDemand,NonInterruptible,OnDemand,US-East,US,HIF,T2IF,T1,2.7447,True,local-nvme;managed-ops-plane;support-tier;observability,Available,v2.2.1
2026-05-26,aws,a100-sxm-40gb,A100,40GB,SXM,EFA,1Y,NonInterruptible,Reserved,US-East,US,HIF,T2IF,T1,1.7401,True,local-nvme;managed-ops-plane;support-tier;observability,Available,v2.2.1
2026-05-26,aws,a100-sxm-40gb,A100,40GB,SXM,EFA,3Y,NonInterruptible,Reserved,US-East,US,HIF,T2IF,T1,1.1718,True,local-nvme;managed-ops-plane;support-tier;observability,Available,v2.2.1
2026-05-26,aws,a100-sxm-40gb,A100,40GB,SXM,EFA,OnDemand,Interruptible,Spot,US-East,US,DIF,T2IF,T1,1.4052,False,,Available,v2.2.1
2026-05-26,aws,a100-sxm-40gb,A100,40GB,SXM,EFA,OnDemand,Interruptible,Spot,US-West,US,DIF,T2IF,T1,1.5190,False,,Available,v2.2.1
2026-05-26,datacrunch,a100-sxm-40gb,A100,40GB,SXM,IB-HDR,OnDemand,NonInterruptible,OnDemand,EU,EU,SIF,T2IF,T2,1.2900,True,local-nvme,Available,v2.2.1
2026-05-26,datacrunch,a100-sxm-40gb,A100,40GB,SXM,IB-HDR,OnDemand,Interruptible,Spot,EU,EU,DIF,T2IF,T2,0.4515,True,local-nvme,Available,v2.2.1
2026-05-26,gcp,a100-sxm-40gb,A100,40GB,SXM,Ethernet,OnDemand,NonInterruptible,OnDemand,US-Central,US,HIF,T3IF,T1,3.4837,True,local-nvme,Available,v2.2.1
2026-05-26,gcp,a100-sxm-40gb,A100,40GB,SXM,Ethernet,OnDemand,NonInterruptible,OnDemand,US-East,US,HIF,T3IF,T1,3.4837,True,local-nvme,Available,v2.2.1
2026-05-26,gcp,a100-sxm-40gb,A100,40GB,SXM,Ethernet,OnDemand,NonInterruptible,OnDemand,US-West,US,HIF,T3IF,T1,3.4837,True,local-nvme,Available,v2.2.1
2026-05-26,gcp,a100-sxm-40gb,A100,40GB,SXM,Ethernet,OnDemand,NonInterruptible,OnDemand,US-South,US,HIF,T3IF,T1,4.1108,True,local-nvme,Available,v2.2.1
2026-05-26,gcp,a100-sxm-40gb,A100,40GB,SXM,Ethernet,1Y,NonInterruptible,Reserved,US-South,US,HIF,T3IF,T1,2.8298,True,local-nvme,Available,v2.2.1
2026-05-26,gcp,a100-sxm-40gb,A100,40GB,SXM,Ethernet,1Y,NonInterruptible,Reserved,US-East,US,HIF,T3IF,T1,2.3982,True,local-nvme,Available,v2.2.1
2026-05-26,gcp,a100-sxm-40gb,A100,40GB,SXM,Ethernet,1Y,NonInterruptible,Reserved,US-West,US,HIF,T3IF,T1,2.8448,True,local-nvme,Available,v2.2.1
2026-05-26,gcp,a100-sxm-40gb,A100,40GB,SXM,Ethernet,1Y,NonInterruptible,Reserved,US-Central,US,HIF,T3IF,T1,2.3982,True,local-nvme,Available,v2.2.1
2026-05-26,gcp,a100-sxm-40gb,A100,40GB,SXM,Ethernet,3Y,NonInterruptible,Reserved,US-East,US,HIF,T3IF,T1,1.7102,True,local-nvme,Available,v2.2.1
2026-05-26,gcp,a100-sxm-40gb,A100,40GB,SXM,Ethernet,3Y,NonInterruptible,Reserved,US-South,US,HIF,T3IF,T1,1.8605,True,local-nvme,Available,v2.2.1
2026-05-26,gcp,a100-sxm-40gb,A100,40GB,SXM,Ethernet,3Y,NonInterruptible,Reserved,US-Central,US,HIF,T3IF,T1,1.5767,True,local-nvme,Available,v2.2.1
2026-05-26,gcp,a100-sxm-40gb,A100,40GB,SXM,Ethernet,3Y,NonInterruptible,Reserved,US-West,US,HIF,T3IF,T1,1.8156,True,local-nvme,Available,v2.2.1
2026-05-26,gcp,a100-sxm-40gb,A100,40GB,SXM,Ethernet,OnDemand,Interruptible,Spot,US-South,US,DIF,T3IF,T1,0.6436,True,local-nvme,Available,v2.2.1
2026-05-26,gcp,a100-sxm-40gb,A100,40GB,SXM,Ethernet,OnDemand,Interruptible,Spot,US-West,US,DIF,T3IF,T1,0.6275,True,local-nvme,Available,v2.2.1
2026-05-26,gcp,a100-sxm-40gb,A100,40GB,SXM,Ethernet,OnDemand,Interruptible,Spot,US-Central,US,DIF,T3IF,T1,1.7090,True,local-nvme,Available,v2.2.1
2026-05-26,gcp,a100-sxm-40gb,A100,40GB,SXM,Ethernet,OnDemand,Interruptible,Spot,US-East,US,DIF,T3IF,T1,1.7090,True,local-nvme,Available,v2.2.1
2026-05-26,lambda,a100-sxm-40gb,A100,40GB,SXM,Unknown,OnDemand,NonInterruptible,OnDemand,US-East,US,IIF,T3IF,T2,1.9900,True,local-nvme,Available,v2.2.1
2026-05-26,oci,a100-sxm-40gb,A100,40GB,SXM,RoCE-v2,OnDemand,NonInterruptible,OnDemand,US-East,US,HIF,T2IF,T1,3.0500,True,local-nvme;egress-capped;managed-ops-plane;support-tier;observability,Available,v2.2.1
2026-05-27,aws,a100-sxm-40gb,A100,40GB,SXM,EFA,OnDemand,NonInterruptible,OnDemand,US-East,US,HIF,T2IF,T1,2.7447,True,local-nvme;managed-ops-plane;support-tier;observability,Available,v2.2.1
2026-05-27,aws,a100-sxm-40gb,A100,40GB,SXM,EFA,1Y,NonInterruptible,Reserved,US-East,US,HIF,T2IF,T1,1.7401,True,local-nvme;managed-ops-plane;support-tier;observability,Available,v2.2.1
2026-05-27,aws,a100-sxm-40gb,A100,40GB,SXM,EFA,3Y,NonInterruptible,Reserved,US-East,US,HIF,T2IF,T1,1.1718,True,local-nvme;managed-ops-plane;support-tier;observability,Available,v2.2.1
2026-05-27,aws,a100-sxm-40gb,A100,40GB,SXM,EFA,OnDemand,Interruptible,Spot,US-East,US,DIF,T2IF,T1,1.3512,False,,Available,v2.2.1
2026-05-27,aws,a100-sxm-40gb,A100,40GB,SXM,EFA,OnDemand,Interruptible,Spot,US-West,US,DIF,T2IF,T1,1.6301,False,,Available,v2.2.1
2026-05-27,datacrunch,a100-sxm-40gb,A100,40GB,SXM,IB-HDR,OnDemand,NonInterruptible,OnDemand,EU,EU,SIF,T2IF,T2,1.2900,True,local-nvme,Available,v2.2.1
2026-05-27,datacrunch,a100-sxm-40gb,A100,40GB,SXM,IB-HDR,OnDemand,Interruptible,Spot,EU,EU,DIF,T2IF,T2,0.4515,True,local-nvme,Available,v2.2.1
2026-05-27,gcp,a100-sxm-40gb,A100,40GB,SXM,Ethernet,OnDemand,NonInterruptible,OnDemand,US-Central,US,HIF,T3IF,T1,3.4837,True,local-nvme,Available,v2.2.1
2026-05-27,gcp,a100-sxm-40gb,A100,40GB,SXM,Ethernet,OnDemand,NonInterruptible,OnDemand,US-East,US,HIF,T3IF,T1,3.4837,True,local-nvme,Available,v2.2.1
2026-05-27,gcp,a100-sxm-40gb,A100,40GB,SXM,Ethernet,OnDemand,NonInterruptible,OnDemand,US-West,US,HIF,T3IF,T1,3.4837,True,local-nvme,Available,v2.2.1
2026-05-27,gcp,a100-sxm-40gb,A100,40GB,SXM,Ethernet,OnDemand,NonInterruptible,OnDemand,US-South,US,HIF,T3IF,T1,4.1108,True,local-nvme,Available,v2.2.1
2026-05-27,gcp,a100-sxm-40gb,A100,40GB,SXM,Ethernet,1Y,NonInterruptible,Reserved,US-South,US,HIF,T3IF,T1,2.8298,True,local-nvme,Available,v2.2.1
2026-05-27,gcp,a100-sxm-40gb,A100,40GB,SXM,Ethernet,1Y,NonInterruptible,Reserved,US-East,US,HIF,T3IF,T1,2.3982,True,local-nvme,Available,v2.2.1
2026-05-27,gcp,a100-sxm-40gb,A100,40GB,SXM,Ethernet,1Y,NonInterruptible,Reserved,US-West,US,HIF,T3IF,T1,2.8448,True,local-nvme,Available,v2.2.1
2026-05-27,gcp,a100-sxm-40gb,A100,40GB,SXM,Ethernet,1Y,NonInterruptible,Reserved,US-Central,US,HIF,T3IF,T1,2.3982,True,local-nvme,Available,v2.2.1
2026-05-27,gcp,a100-sxm-40gb,A100,40GB,SXM,Ethernet,3Y,NonInterruptible,Reserved,US-West,US,HIF,T3IF,T1,1.8156,True,local-nvme,Available,v2.2.1
2026-05-27,gcp,a100-sxm-40gb,A100,40GB,SXM,Ethernet,3Y,NonInterruptible,Reserved,US-East,US,HIF,T3IF,T1,1.7102,True,local-nvme,Available,v2.2.1
2026-05-27,gcp,a100-sxm-40gb,A100,40GB,SXM,Ethernet,3Y,NonInterruptible,Reserved,US-South,US,HIF,T3IF,T1,1.8605,True,local-nvme,Available,v2.2.1
2026-05-27,gcp,a100-sxm-40gb,A100,40GB,SXM,Ethernet,3Y,NonInterruptible,Reserved,US-Central,US,HIF,T3IF,T1,1.5767,True,local-nvme,Available,v2.2.1
2026-05-27,gcp,a100-sxm-40gb,A100,40GB,SXM,Ethernet,OnDemand,Interruptible,Spot,US-South,US,DIF,T3IF,T1,0.6436,True,local-nvme,Available,v2.2.1
2026-05-27,gcp,a100-sxm-40gb,A100,40GB,SXM,Ethernet,OnDemand,Interruptible,Spot,US-West,US,DIF,T3IF,T1,0.6275,True,local-nvme,Available,v2.2.1
2026-05-27,gcp,a100-sxm-40gb,A100,40GB,SXM,Ethernet,OnDemand,Interruptible,Spot,US-Central,US,DIF,T3IF,T1,1.7090,True,local-nvme,Available,v2.2.1
2026-05-27,gcp,a100-sxm-40gb,A100,40GB,SXM,Ethernet,OnDemand,Interruptible,Spot,US-East,US,DIF,T3IF,T1,1.7090,True,local-nvme,Available,v2.2.1
2026-05-27,oci,a100-sxm-40gb,A100,40GB,SXM,RoCE-v2,OnDemand,NonInterruptible,OnDemand,US-East,US,HIF,T2IF,T1,3.0500,True,local-nvme;egress-capped;managed-ops-plane;support-tier;observability,Available,v2.2.1
2026-05-28,aws,a100-sxm-40gb,A100,40GB,SXM,EFA,OnDemand,NonInterruptible,OnDemand,US-East,US,HIF,T2IF,T1,2.7447,True,local-nvme;managed-ops-plane;support-tier;observability,Available,v2.2.1
2026-05-28,aws,a100-sxm-40gb,A100,40GB,SXM,EFA,1Y,NonInterruptible,Reserved,US-East,US,HIF,T2IF,T1,1.7401,True,local-nvme;managed-ops-plane;support-tier;observability,Available,v2.2.1
2026-05-28,aws,a100-sxm-40gb,A100,40GB,SXM,EFA,3Y,NonInterruptible,Reserved,US-East,US,HIF,T2IF,T1,1.1718,True,local-nvme;managed-ops-plane;support-tier;observability,Available,v2.2.1
2026-05-28,aws,a100-sxm-40gb,A100,40GB,SXM,EFA,OnDemand,Interruptible,Spot,US-West,US,DIF,T2IF,T1,1.6881,False,,Available,v2.2.1
2026-05-28,aws,a100-sxm-40gb,A100,40GB,SXM,EFA,OnDemand,Interruptible,Spot,US-East,US,DIF,T2IF,T1,1.2955,False,,Available,v2.2.1
2026-05-28,datacrunch,a100-sxm-40gb,A100,40GB,SXM,IB-HDR,OnDemand,NonInterruptible,OnDemand,EU,EU,SIF,T2IF,T2,1.2900,True,local-nvme,Available,v2.2.1
2026-05-28,datacrunch,a100-sxm-40gb,A100,40GB,SXM,IB-HDR,OnDemand,Interruptible,Spot,EU,EU,DIF,T2IF,T2,0.4515,True,local-nvme,Available,v2.2.1
2026-05-28,gcp,a100-sxm-40gb,A100,40GB,SXM,Ethernet,OnDemand,NonInterruptible,OnDemand,US-Central,US,HIF,T3IF,T1,3.4837,True,local-nvme,Available,v2.2.1
2026-05-28,gcp,a100-sxm-40gb,A100,40GB,SXM,Ethernet,OnDemand,NonInterruptible,OnDemand,US-East,US,HIF,T3IF,T1,3.4837,True,local-nvme,Available,v2.2.1
2026-05-28,gcp,a100-sxm-40gb,A100,40GB,SXM,Ethernet,OnDemand,NonInterruptible,OnDemand,US-West,US,HIF,T3IF,T1,3.4837,True,local-nvme,Available,v2.2.1
2026-05-28,gcp,a100-sxm-40gb,A100,40GB,SXM,Ethernet,OnDemand,NonInterruptible,OnDemand,US-South,US,HIF,T3IF,T1,4.1108,True,local-nvme,Available,v2.2.1
2026-05-28,gcp,a100-sxm-40gb,A100,40GB,SXM,Ethernet,1Y,NonInterruptible,Reserved,US-South,US,HIF,T3IF,T1,2.8298,True,local-nvme,Available,v2.2.1
2026-05-28,gcp,a100-sxm-40gb,A100,40GB,SXM,Ethernet,1Y,NonInterruptible,Reserved,US-East,US,HIF,T3IF,T1,2.3982,True,local-nvme,Available,v2.2.1
2026-05-28,gcp,a100-sxm-40gb,A100,40GB,SXM,Ethernet,1Y,NonInterruptible,Reserved,US-West,US,HIF,T3IF,T1,2.8448,True,local-nvme,Available,v2.2.1
2026-05-28,gcp,a100-sxm-40gb,A100,40GB,SXM,Ethernet,1Y,NonInterruptible,Reserved,US-Central,US,HIF,T3IF,T1,2.3982,True,local-nvme,Available,v2.2.1
2026-05-28,gcp,a100-sxm-40gb,A100,40GB,SXM,Ethernet,3Y,NonInterruptible,Reserved,US-West,US,HIF,T3IF,T1,1.8156,True,local-nvme,Available,v2.2.1
2026-05-28,gcp,a100-sxm-40gb,A100,40GB,SXM,Ethernet,3Y,NonInterruptible,Reserved,US-East,US,HIF,T3IF,T1,1.7102,True,local-nvme,Available,v2.2.1
2026-05-28,gcp,a100-sxm-40gb,A100,40GB,SXM,Ethernet,3Y,NonInterruptible,Reserved,US-South,US,HIF,T3IF,T1,1.8605,True,local-nvme,Available,v2.2.1
2026-05-28,gcp,a100-sxm-40gb,A100,40GB,SXM,Ethernet,3Y,NonInterruptible,Reserved,US-Central,US,HIF,T3IF,T1,1.5767,True,local-nvme,Available,v2.2.1
2026-05-28,gcp,a100-sxm-40gb,A100,40GB,SXM,Ethernet,OnDemand,Interruptible,Spot,US-South,US,DIF,T3IF,T1,0.6436,True,local-nvme,Available,v2.2.1
2026-05-28,gcp,a100-sxm-40gb,A100,40GB,SXM,Ethernet,OnDemand,Interruptible,Spot,US-West,US,DIF,T3IF,T1,0.6275,True,local-nvme,Available,v2.2.1
2026-05-28,gcp,a100-sxm-40gb,A100,40GB,SXM,Ethernet,OnDemand,Interruptible,Spot,US-Central,US,DIF,T3IF,T1,1.7090,True,local-nvme,Available,v2.2.1
2026-05-28,gcp,a100-sxm-40gb,A100,40GB,SXM,Ethernet,OnDemand,Interruptible,Spot,US-East,US,DIF,T3IF,T1,1.7090,True,local-nvme,Available,v2.2.1
2026-05-28,oci,a100-sxm-40gb,A100,40GB,SXM,RoCE-v2,OnDemand,NonInterruptible,OnDemand,US-East,US,HIF,T2IF,T1,3.0500,True,local-nvme;egress-capped;managed-ops-plane;support-tier;observability,Available,v2.2.1
2026-05-29,aws,a100-sxm-40gb,A100,40GB,SXM,EFA,OnDemand,NonInterruptible,OnDemand,US-East,US,HIF,T2IF,T1,2.7447,True,local-nvme;managed-ops-plane;support-tier;observability,Available,v2.2.1
2026-05-29,aws,a100-sxm-40gb,A100,40GB,SXM,EFA,1Y,NonInterruptible,Reserved,US-East,US,HIF,T2IF,T1,1.7401,True,local-nvme;managed-ops-plane;support-tier;observability,Available,v2.2.1
2026-05-29,aws,a100-sxm-40gb,A100,40GB,SXM,EFA,3Y,NonInterruptible,Reserved,US-East,US,HIF,T2IF,T1,1.1718,True,local-nvme;managed-ops-plane;support-tier;observability,Available,v2.2.1
2026-05-29,aws,a100-sxm-40gb,A100,40GB,SXM,EFA,OnDemand,Interruptible,Spot,US-East,US,DIF,T2IF,T1,1.3427,False,,Available,v2.2.1
2026-05-29,aws,a100-sxm-40gb,A100,40GB,SXM,EFA,OnDemand,Interruptible,Spot,US-West,US,DIF,T2IF,T1,1.7623,False,,Available,v2.2.1
2026-05-29,datacrunch,a100-sxm-40gb,A100,40GB,SXM,IB-HDR,OnDemand,NonInterruptible,OnDemand,EU,EU,SIF,T2IF,T2,1.2900,True,local-nvme,Available,v2.2.1
2026-05-29,datacrunch,a100-sxm-40gb,A100,40GB,SXM,IB-HDR,OnDemand,Interruptible,Spot,EU,EU,DIF,T2IF,T2,0.4515,True,local-nvme,Available,v2.2.1
2026-05-29,gcp,a100-sxm-40gb,A100,40GB,SXM,Ethernet,OnDemand,NonInterruptible,OnDemand,US-Central,US,HIF,T3IF,T1,3.4837,True,local-nvme,Available,v2.2.1
2026-05-29,gcp,a100-sxm-40gb,A100,40GB,SXM,Ethernet,OnDemand,NonInterruptible,OnDemand,US-East,US,HIF,T3IF,T1,3.4837,True,local-nvme,Available,v2.2.1
2026-05-29,gcp,a100-sxm-40gb,A100,40GB,SXM,Ethernet,OnDemand,NonInterruptible,OnDemand,US-West,US,HIF,T3IF,T1,3.4837,True,local-nvme,Available,v2.2.1
2026-05-29,gcp,a100-sxm-40gb,A100,40GB,SXM,Ethernet,OnDemand,NonInterruptible,OnDemand,US-South,US,HIF,T3IF,T1,4.1108,True,local-nvme,Available,v2.2.1
2026-05-29,gcp,a100-sxm-40gb,A100,40GB,SXM,Ethernet,1Y,NonInterruptible,Reserved,US-South,US,HIF,T3IF,T1,2.8298,True,local-nvme,Available,v2.2.1
2026-05-29,gcp,a100-sxm-40gb,A100,40GB,SXM,Ethernet,1Y,NonInterruptible,Reserved,US-East,US,HIF,T3IF,T1,2.3982,True,local-nvme,Available,v2.2.1
2026-05-29,gcp,a100-sxm-40gb,A100,40GB,SXM,Ethernet,1Y,NonInterruptible,Reserved,US-West,US,HIF,T3IF,T1,2.8448,True,local-nvme,Available,v2.2.1
2026-05-29,gcp,a100-sxm-40gb,A100,40GB,SXM,Ethernet,1Y,NonInterruptible,Reserved,US-Central,US,HIF,T3IF,T1,2.3982,True,local-nvme,Available,v2.2.1
2026-05-29,gcp,a100-sxm-40gb,A100,40GB,SXM,Ethernet,3Y,NonInterruptible,Reserved,US-West,US,HIF,T3IF,T1,1.8156,True,local-nvme,Available,v2.2.1
2026-05-29,gcp,a100-sxm-40gb,A100,40GB,SXM,Ethernet,3Y,NonInterruptible,Reserved,US-East,US,HIF,T3IF,T1,1.7102,True,local-nvme,Available,v2.2.1
2026-05-29,gcp,a100-sxm-40gb,A100,40GB,SXM,Ethernet,3Y,NonInterruptible,Reserved,US-South,US,HIF,T3IF,T1,1.8605,True,local-nvme,Available,v2.2.1
2026-05-29,gcp,a100-sxm-40gb,A100,40GB,SXM,Ethernet,3Y,NonInterruptible,Reserved,US-Central,US,HIF,T3IF,T1,1.5767,True,local-nvme,Available,v2.2.1
2026-05-29,gcp,a100-sxm-40gb,A100,40GB,SXM,Ethernet,OnDemand,Interruptible,Spot,US-South,US,DIF,T3IF,T1,0.6436,True,local-nvme,Available,v2.2.1
2026-05-29,gcp,a100-sxm-40gb,A100,40GB,SXM,Ethernet,OnDemand,Interruptible,Spot,US-West,US,DIF,T3IF,T1,0.6275,True,local-nvme,Available,v2.2.1
2026-05-29,gcp,a100-sxm-40gb,A100,40GB,SXM,Ethernet,OnDemand,Interruptible,Spot,US-Central,US,DIF,T3IF,T1,1.7090,True,local-nvme,Available,v2.2.1
2026-05-29,gcp,a100-sxm-40gb,A100,40GB,SXM,Ethernet,OnDemand,Interruptible,Spot,US-East,US,DIF,T3IF,T1,1.7090,True,local-nvme,Available,v2.2.1
2026-05-29,oci,a100-sxm-40gb,A100,40GB,SXM,RoCE-v2,OnDemand,NonInterruptible,OnDemand,US-East,US,HIF,T2IF,T1,3.0500,True,local-nvme;egress-capped;managed-ops-plane;support-tier;observability,Available,v2.2.1
2026-05-30,aws,a100-sxm-40gb,A100,40GB,SXM,EFA,OnDemand,NonInterruptible,OnDemand,US-East,US,HIF,T2IF,T1,2.7447,True,local-nvme;managed-ops-plane;support-tier;observability,Available,v2.2.1
2026-05-30,aws,a100-sxm-40gb,A100,40GB,SXM,EFA,1Y,NonInterruptible,Reserved,US-East,US,HIF,T2IF,T1,1.7401,True,local-nvme;managed-ops-plane;support-tier;observability,Available,v2.2.1
2026-05-30,aws,a100-sxm-40gb,A100,40GB,SXM,EFA,3Y,NonInterruptible,Reserved,US-East,US,HIF,T2IF,T1,1.1718,True,local-nvme;managed-ops-plane;support-tier;observability,Available,v2.2.1
2026-05-30,aws,a100-sxm-40gb,A100,40GB,SXM,EFA,OnDemand,Interruptible,Spot,US-East,US,DIF,T2IF,T1,1.3955,False,,Available,v2.2.1
2026-05-30,aws,a100-sxm-40gb,A100,40GB,SXM,EFA,OnDemand,Interruptible,Spot,US-West,US,DIF,T2IF,T1,1.8416,False,,Available,v2.2.1
2026-05-30,datacrunch,a100-sxm-40gb,A100,40GB,SXM,IB-HDR,OnDemand,NonInterruptible,OnDemand,EU,EU,SIF,T2IF,T2,1.2900,True,local-nvme,Available,v2.2.1
2026-05-30,datacrunch,a100-sxm-40gb,A100,40GB,SXM,IB-HDR,OnDemand,Interruptible,Spot,EU,EU,DIF,T2IF,T2,0.4515,True,local-nvme,Available,v2.2.1
2026-05-30,gcp,a100-sxm-40gb,A100,40GB,SXM,Ethernet,OnDemand,NonInterruptible,OnDemand,US-Central,US,HIF,T3IF,T1,3.4837,True,local-nvme,Available,v2.2.1
2026-05-30,gcp,a100-sxm-40gb,A100,40GB,SXM,Ethernet,OnDemand,NonInterruptible,OnDemand,US-East,US,HIF,T3IF,T1,3.4837,True,local-nvme,Available,v2.2.1
2026-05-30,gcp,a100-sxm-40gb,A100,40GB,SXM,Ethernet,OnDemand,NonInterruptible,OnDemand,US-West,US,HIF,T3IF,T1,3.4837,True,local-nvme,Available,v2.2.1
2026-05-30,gcp,a100-sxm-40gb,A100,40GB,SXM,Ethernet,OnDemand,NonInterruptible,OnDemand,US-South,US,HIF,T3IF,T1,4.1108,True,local-nvme,Available,v2.2.1
2026-05-30,gcp,a100-sxm-40gb,A100,40GB,SXM,Ethernet,1Y,NonInterruptible,Reserved,US-South,US,HIF,T3IF,T1,2.8298,True,local-nvme,Available,v2.2.1
2026-05-30,gcp,a100-sxm-40gb,A100,40GB,SXM,Ethernet,1Y,NonInterruptible,Reserved,US-East,US,HIF,T3IF,T1,2.3982,True,local-nvme,Available,v2.2.1
2026-05-30,gcp,a100-sxm-40gb,A100,40GB,SXM,Ethernet,1Y,NonInterruptible,Reserved,US-West,US,HIF,T3IF,T1,2.8448,True,local-nvme,Available,v2.2.1
2026-05-30,gcp,a100-sxm-40gb,A100,40GB,SXM,Ethernet,1Y,NonInterruptible,Reserved,US-Central,US,HIF,T3IF,T1,2.3982,True,local-nvme,Available,v2.2.1
2026-05-30,gcp,a100-sxm-40gb,A100,40GB,SXM,Ethernet,3Y,NonInterruptible,Reserved,US-West,US,HIF,T3IF,T1,1.8156,True,local-nvme,Available,v2.2.1
2026-05-30,gcp,a100-sxm-40gb,A100,40GB,SXM,Ethernet,3Y,NonInterruptible,Reserved,US-East,US,HIF,T3IF,T1,1.7102,True,local-nvme,Available,v2.2.1
2026-05-30,gcp,a100-sxm-40gb,A100,40GB,SXM,Ethernet,3Y,NonInterruptible,Reserved,US-South,US,HIF,T3IF,T1,1.8605,True,local-nvme,Available,v2.2.1
2026-05-30,gcp,a100-sxm-40gb,A100,40GB,SXM,Ethernet,3Y,NonInterruptible,Reserved,US-Central,US,HIF,T3IF,T1,1.5767,True,local-nvme,Available,v2.2.1
2026-05-30,gcp,a100-sxm-40gb,A100,40GB,SXM,Ethernet,OnDemand,Interruptible,Spot,US-South,US,DIF,T3IF,T1,0.6436,True,local-nvme,Available,v2.2.1
2026-05-30,gcp,a100-sxm-40gb,A100,40GB,SXM,Ethernet,OnDemand,Interruptible,Spot,US-West,US,DIF,T3IF,T1,0.6275,True,local-nvme,Available,v2.2.1
2026-05-30,gcp,a100-sxm-40gb,A100,40GB,SXM,Ethernet,OnDemand,Interruptible,Spot,US-Central,US,DIF,T3IF,T1,1.7090,True,local-nvme,Available,v2.2.1
2026-05-30,gcp,a100-sxm-40gb,A100,40GB,SXM,Ethernet,OnDemand,Interruptible,Spot,US-East,US,DIF,T3IF,T1,1.7090,True,local-nvme,Available,v2.2.1
2026-05-30,oci,a100-sxm-40gb,A100,40GB,SXM,RoCE-v2,OnDemand,NonInterruptible,OnDemand,US-East,US,HIF,T2IF,T1,3.0500,True,local-nvme;egress-capped;managed-ops-plane;support-tier;observability,Available,v2.2.1
2026-05-31,aws,a100-sxm-40gb,A100,40GB,SXM,EFA,OnDemand,NonInterruptible,OnDemand,US-East,US,HIF,T2IF,T1,2.7447,True,local-nvme;managed-ops-plane;support-tier;observability,Available,v2.2.1
2026-05-31,aws,a100-sxm-40gb,A100,40GB,SXM,EFA,1Y,NonInterruptible,Reserved,US-East,US,HIF,T2IF,T1,1.7401,True,local-nvme;managed-ops-plane;support-tier;observability,Available,v2.2.1
2026-05-31,aws,a100-sxm-40gb,A100,40GB,SXM,EFA,3Y,NonInterruptible,Reserved,US-East,US,HIF,T2IF,T1,1.1718,True,local-nvme;managed-ops-plane;support-tier;observability,Available,v2.2.1
2026-05-31,aws,a100-sxm-40gb,A100,40GB,SXM,EFA,OnDemand,Interruptible,Spot,US-East,US,DIF,T2IF,T1,1.4605,False,,Available,v2.2.1
2026-05-31,aws,a100-sxm-40gb,A100,40GB,SXM,EFA,OnDemand,Interruptible,Spot,US-West,US,DIF,T2IF,T1,1.9770,False,,Available,v2.2.1
2026-05-31,datacrunch,a100-sxm-40gb,A100,40GB,SXM,IB-HDR,OnDemand,NonInterruptible,OnDemand,EU,EU,SIF,T2IF,T2,1.2900,True,local-nvme,Available,v2.2.1
2026-05-31,datacrunch,a100-sxm-40gb,A100,40GB,SXM,IB-HDR,OnDemand,Interruptible,Spot,EU,EU,DIF,T2IF,T2,0.4515,True,local-nvme,Available,v2.2.1
2026-05-31,gcp,a100-sxm-40gb,A100,40GB,SXM,Ethernet,OnDemand,NonInterruptible,OnDemand,US-Central,US,HIF,T3IF,T1,3.4837,True,local-nvme,Available,v2.2.1
2026-05-31,gcp,a100-sxm-40gb,A100,40GB,SXM,Ethernet,OnDemand,NonInterruptible,OnDemand,US-East,US,HIF,T3IF,T1,3.4837,True,local-nvme,Available,v2.2.1
2026-05-31,gcp,a100-sxm-40gb,A100,40GB,SXM,Ethernet,OnDemand,NonInterruptible,OnDemand,US-West,US,HIF,T3IF,T1,3.4837,True,local-nvme,Available,v2.2.1
2026-05-31,gcp,a100-sxm-40gb,A100,40GB,SXM,Ethernet,OnDemand,NonInterruptible,OnDemand,US-South,US,HIF,T3IF,T1,4.1108,True,local-nvme,Available,v2.2.1
2026-05-31,gcp,a100-sxm-40gb,A100,40GB,SXM,Ethernet,1Y,NonInterruptible,Reserved,US-South,US,HIF,T3IF,T1,2.8298,True,local-nvme,Available,v2.2.1
2026-05-31,gcp,a100-sxm-40gb,A100,40GB,SXM,Ethernet,1Y,NonInterruptible,Reserved,US-East,US,HIF,T3IF,T1,2.3982,True,local-nvme,Available,v2.2.1
2026-05-31,gcp,a100-sxm-40gb,A100,40GB,SXM,Ethernet,1Y,NonInterruptible,Reserved,US-West,US,HIF,T3IF,T1,2.8448,True,local-nvme,Available,v2.2.1
2026-05-31,gcp,a100-sxm-40gb,A100,40GB,SXM,Ethernet,1Y,NonInterruptible,Reserved,US-Central,US,HIF,T3IF,T1,2.3982,True,local-nvme,Available,v2.2.1
2026-05-31,gcp,a100-sxm-40gb,A100,40GB,SXM,Ethernet,3Y,NonInterruptible,Reserved,US-West,US,HIF,T3IF,T1,1.8156,True,local-nvme,Available,v2.2.1
2026-05-31,gcp,a100-sxm-40gb,A100,40GB,SXM,Ethernet,3Y,NonInterruptible,Reserved,US-East,US,HIF,T3IF,T1,1.7102,True,local-nvme,Available,v2.2.1
2026-05-31,gcp,a100-sxm-40gb,A100,40GB,SXM,Ethernet,3Y,NonInterruptible,Reserved,US-South,US,HIF,T3IF,T1,1.8605,True,local-nvme,Available,v2.2.1
2026-05-31,gcp,a100-sxm-40gb,A100,40GB,SXM,Ethernet,3Y,NonInterruptible,Reserved,US-Central,US,HIF,T3IF,T1,1.5767,True,local-nvme,Available,v2.2.1
2026-05-31,gcp,a100-sxm-40gb,A100,40GB,SXM,Ethernet,OnDemand,Interruptible,Spot,US-South,US,DIF,T3IF,T1,0.6436,True,local-nvme,Available,v2.2.1
2026-05-31,gcp,a100-sxm-40gb,A100,40GB,SXM,Ethernet,OnDemand,Interruptible,Spot,US-West,US,DIF,T3IF,T1,0.6275,True,local-nvme,Available,v2.2.1
2026-05-31,gcp,a100-sxm-40gb,A100,40GB,SXM,Ethernet,OnDemand,Interruptible,Spot,US-Central,US,DIF,T3IF,T1,1.7090,True,local-nvme,Available,v2.2.1
2026-05-31,gcp,a100-sxm-40gb,A100,40GB,SXM,Ethernet,OnDemand,Interruptible,Spot,US-East,US,DIF,T3IF,T1,1.7090,True,local-nvme,Available,v2.2.1
2026-05-31,oci,a100-sxm-40gb,A100,40GB,SXM,RoCE-v2,OnDemand,NonInterruptible,OnDemand,US-East,US,HIF,T2IF,T1,3.0500,True,local-nvme;egress-capped;managed-ops-plane;support-tier;observability,Available,v2.2.1
2026-06-01,aws,a100-sxm-40gb,A100,40GB,SXM,EFA,OnDemand,NonInterruptible,OnDemand,US-East,US,HIF,T2IF,T1,2.7447,True,local-nvme;managed-ops-plane;support-tier;observability,Available,v2.2.1
2026-06-01,aws,a100-sxm-40gb,A100,40GB,SXM,EFA,1Y,NonInterruptible,Reserved,US-East,US,HIF,T2IF,T1,1.7401,True,local-nvme;managed-ops-plane;support-tier;observability,Available,v2.2.1
2026-06-01,aws,a100-sxm-40gb,A100,40GB,SXM,EFA,3Y,NonInterruptible,Reserved,US-East,US,HIF,T2IF,T1,1.1718,True,local-nvme;managed-ops-plane;support-tier;observability,Available,v2.2.1
2026-06-01,aws,a100-sxm-40gb,A100,40GB,SXM,EFA,OnDemand,Interruptible,Spot,US-East,US,DIF,T2IF,T1,1.5110,False,,Available,v2.2.1
2026-06-01,aws,a100-sxm-40gb,A100,40GB,SXM,EFA,OnDemand,Interruptible,Spot,US-West,US,DIF,T2IF,T1,1.9473,False,,Available,v2.2.1
2026-06-01,datacrunch,a100-sxm-40gb,A100,40GB,SXM,IB-HDR,OnDemand,NonInterruptible,OnDemand,EU,EU,SIF,T2IF,T2,1.2900,True,local-nvme,Available,v2.2.1
2026-06-01,datacrunch,a100-sxm-40gb,A100,40GB,SXM,IB-HDR,OnDemand,Interruptible,Spot,EU,EU,DIF,T2IF,T2,0.4515,True,local-nvme,Available,v2.2.1
2026-06-01,gcp,a100-sxm-40gb,A100,40GB,SXM,Ethernet,OnDemand,NonInterruptible,OnDemand,US-Central,US,HIF,T3IF,T1,3.4837,True,local-nvme,Available,v2.2.1
2026-06-01,gcp,a100-sxm-40gb,A100,40GB,SXM,Ethernet,OnDemand,NonInterruptible,OnDemand,US-East,US,HIF,T3IF,T1,3.4837,True,local-nvme,Available,v2.2.1
2026-06-01,gcp,a100-sxm-40gb,A100,40GB,SXM,Ethernet,OnDemand,NonInterruptible,OnDemand,US-West,US,HIF,T3IF,T1,3.4837,True,local-nvme,Available,v2.2.1
2026-06-01,gcp,a100-sxm-40gb,A100,40GB,SXM,Ethernet,OnDemand,NonInterruptible,OnDemand,US-South,US,HIF,T3IF,T1,4.1108,True,local-nvme,Available,v2.2.1
2026-06-01,gcp,a100-sxm-40gb,A100,40GB,SXM,Ethernet,1Y,NonInterruptible,Reserved,US-South,US,HIF,T3IF,T1,2.8298,True,local-nvme,Available,v2.2.1
2026-06-01,gcp,a100-sxm-40gb,A100,40GB,SXM,Ethernet,1Y,NonInterruptible,Reserved,US-East,US,HIF,T3IF,T1,2.3982,True,local-nvme,Available,v2.2.1
2026-06-01,gcp,a100-sxm-40gb,A100,40GB,SXM,Ethernet,1Y,NonInterruptible,Reserved,US-West,US,HIF,T3IF,T1,2.8448,True,local-nvme,Available,v2.2.1
2026-06-01,gcp,a100-sxm-40gb,A100,40GB,SXM,Ethernet,1Y,NonInterruptible,Reserved,US-Central,US,HIF,T3IF,T1,2.3982,True,local-nvme,Available,v2.2.1
2026-06-01,gcp,a100-sxm-40gb,A100,40GB,SXM,Ethernet,3Y,NonInterruptible,Reserved,US-West,US,HIF,T3IF,T1,1.8156,True,local-nvme,Available,v2.2.1
2026-06-01,gcp,a100-sxm-40gb,A100,40GB,SXM,Ethernet,3Y,NonInterruptible,Reserved,US-East,US,HIF,T3IF,T1,1.7102,True,local-nvme,Available,v2.2.1
2026-06-01,gcp,a100-sxm-40gb,A100,40GB,SXM,Ethernet,3Y,NonInterruptible,Reserved,US-South,US,HIF,T3IF,T1,1.8605,True,local-nvme,Available,v2.2.1
2026-06-01,gcp,a100-sxm-40gb,A100,40GB,SXM,Ethernet,3Y,NonInterruptible,Reserved,US-Central,US,HIF,T3IF,T1,1.5767,True,local-nvme,Available,v2.2.1
2026-06-01,gcp,a100-sxm-40gb,A100,40GB,SXM,Ethernet,OnDemand,Interruptible,Spot,US-South,US,DIF,T3IF,T1,0.6436,True,local-nvme,Available,v2.2.1
2026-06-01,gcp,a100-sxm-40gb,A100,40GB,SXM,Ethernet,OnDemand,Interruptible,Spot,US-West,US,DIF,T3IF,T1,0.6275,True,local-nvme,Available,v2.2.1
2026-06-01,gcp,a100-sxm-40gb,A100,40GB,SXM,Ethernet,OnDemand,Interruptible,Spot,US-Central,US,DIF,T3IF,T1,1.7090,True,local-nvme,Available,v2.2.1
2026-06-01,gcp,a100-sxm-40gb,A100,40GB,SXM,Ethernet,OnDemand,Interruptible,Spot,US-East,US,DIF,T3IF,T1,1.7090,True,local-nvme,Available,v2.2.1
2026-06-01,oci,a100-sxm-40gb,A100,40GB,SXM,RoCE-v2,OnDemand,NonInterruptible,OnDemand,US-East,US,HIF,T2IF,T1,3.0500,True,local-nvme;egress-capped;managed-ops-plane;support-tier;observability,Available,v2.2.1
2026-06-02,aws,a100-sxm-40gb,A100,40GB,SXM,EFA,OnDemand,NonInterruptible,OnDemand,US-East,US,HIF,T2IF,T1,2.7447,True,local-nvme;managed-ops-plane;support-tier;observability,Available,v2.2.1
2026-06-02,aws,a100-sxm-40gb,A100,40GB,SXM,EFA,1Y,NonInterruptible,Reserved,US-East,US,HIF,T2IF,T1,1.7401,True,local-nvme;managed-ops-plane;support-tier;observability,Available,v2.2.1
2026-06-02,aws,a100-sxm-40gb,A100,40GB,SXM,EFA,3Y,NonInterruptible,Reserved,US-East,US,HIF,T2IF,T1,1.1718,True,local-nvme;managed-ops-plane;support-tier;observability,Available,v2.2.1
2026-06-02,aws,a100-sxm-40gb,A100,40GB,SXM,EFA,OnDemand,Interruptible,Spot,US-West,US,DIF,T2IF,T1,1.8693,False,,Available,v2.2.1
2026-06-02,aws,a100-sxm-40gb,A100,40GB,SXM,EFA,OnDemand,Interruptible,Spot,US-East,US,DIF,T2IF,T1,1.6156,False,,Available,v2.2.1
2026-06-02,datacrunch,a100-sxm-40gb,A100,40GB,SXM,IB-HDR,OnDemand,NonInterruptible,OnDemand,EU,EU,SIF,T2IF,T2,1.2900,True,local-nvme,Available,v2.2.1
2026-06-02,datacrunch,a100-sxm-40gb,A100,40GB,SXM,IB-HDR,OnDemand,Interruptible,Spot,EU,EU,DIF,T2IF,T2,0.4515,True,local-nvme,Available,v2.2.1
2026-06-02,gcp,a100-sxm-40gb,A100,40GB,SXM,Ethernet,OnDemand,NonInterruptible,OnDemand,US-Central,US,HIF,T3IF,T1,3.4837,True,local-nvme,Available,v2.2.1
2026-06-02,gcp,a100-sxm-40gb,A100,40GB,SXM,Ethernet,OnDemand,NonInterruptible,OnDemand,US-East,US,HIF,T3IF,T1,3.4837,True,local-nvme,Available,v2.2.1
2026-06-02,gcp,a100-sxm-40gb,A100,40GB,SXM,Ethernet,OnDemand,NonInterruptible,OnDemand,US-West,US,HIF,T3IF,T1,3.4837,True,local-nvme,Available,v2.2.1
2026-06-02,gcp,a100-sxm-40gb,A100,40GB,SXM,Ethernet,OnDemand,NonInterruptible,OnDemand,US-South,US,HIF,T3IF,T1,4.1108,True,local-nvme,Available,v2.2.1
2026-06-02,gcp,a100-sxm-40gb,A100,40GB,SXM,Ethernet,1Y,NonInterruptible,Reserved,US-South,US,HIF,T3IF,T1,2.8298,True,local-nvme,Available,v2.2.1
2026-06-02,gcp,a100-sxm-40gb,A100,40GB,SXM,Ethernet,1Y,NonInterruptible,Reserved,US-East,US,HIF,T3IF,T1,2.3982,True,local-nvme,Available,v2.2.1
2026-06-02,gcp,a100-sxm-40gb,A100,40GB,SXM,Ethernet,1Y,NonInterruptible,Reserved,US-West,US,HIF,T3IF,T1,2.8448,True,local-nvme,Available,v2.2.1
2026-06-02,gcp,a100-sxm-40gb,A100,40GB,SXM,Ethernet,1Y,NonInterruptible,Reserved,US-Central,US,HIF,T3IF,T1,2.3982,True,local-nvme,Available,v2.2.1
2026-06-02,gcp,a100-sxm-40gb,A100,40GB,SXM,Ethernet,3Y,NonInterruptible,Reserved,US-West,US,HIF,T3IF,T1,1.8156,True,local-nvme,Available,v2.2.1
2026-06-02,gcp,a100-sxm-40gb,A100,40GB,SXM,Ethernet,3Y,NonInterruptible,Reserved,US-East,US,HIF,T3IF,T1,1.7102,True,local-nvme,Available,v2.2.1
2026-06-02,gcp,a100-sxm-40gb,A100,40GB,SXM,Ethernet,3Y,NonInterruptible,Reserved,US-South,US,HIF,T3IF,T1,1.8605,True,local-nvme,Available,v2.2.1
2026-06-02,gcp,a100-sxm-40gb,A100,40GB,SXM,Ethernet,3Y,NonInterruptible,Reserved,US-Central,US,HIF,T3IF,T1,1.5767,True,local-nvme,Available,v2.2.1
2026-06-02,gcp,a100-sxm-40gb,A100,40GB,SXM,Ethernet,OnDemand,Interruptible,Spot,US-South,US,DIF,T3IF,T1,0.6436,True,local-nvme,Available,v2.2.1
2026-06-02,gcp,a100-sxm-40gb,A100,40GB,SXM,Ethernet,OnDemand,Interruptible,Spot,US-West,US,DIF,T3IF,T1,0.6275,True,local-nvme,Available,v2.2.1
2026-06-02,gcp,a100-sxm-40gb,A100,40GB,SXM,Ethernet,OnDemand,Interruptible,Spot,US-Central,US,DIF,T3IF,T1,1.7090,True,local-nvme,Available,v2.2.1
2026-06-02,gcp,a100-sxm-40gb,A100,40GB,SXM,Ethernet,OnDemand,Interruptible,Spot,US-East,US,DIF,T3IF,T1,1.7090,True,local-nvme,Available,v2.2.1
2026-06-02,oci,a100-sxm-40gb,A100,40GB,SXM,RoCE-v2,OnDemand,NonInterruptible,OnDemand,US-East,US,HIF,T2IF,T1,3.0500,True,local-nvme;egress-capped;managed-ops-plane;support-tier;observability,Available,v2.2.1
2026-06-03,aws,a100-sxm-40gb,A100,40GB,SXM,EFA,OnDemand,NonInterruptible,OnDemand,US-East,US,HIF,T2IF,T1,2.7447,True,local-nvme;managed-ops-plane;support-tier;observability,Available,v2.2.1
2026-06-03,aws,a100-sxm-40gb,A100,40GB,SXM,EFA,1Y,NonInterruptible,Reserved,US-East,US,HIF,T2IF,T1,1.7401,True,local-nvme;managed-ops-plane;support-tier;observability,Available,v2.2.1
2026-06-03,aws,a100-sxm-40gb,A100,40GB,SXM,EFA,3Y,NonInterruptible,Reserved,US-East,US,HIF,T2IF,T1,1.1718,True,local-nvme;managed-ops-plane;support-tier;observability,Available,v2.2.1
2026-06-03,aws,a100-sxm-40gb,A100,40GB,SXM,EFA,OnDemand,Interruptible,Spot,US-East,US,DIF,T2IF,T1,1.6997,False,,Available,v2.2.1
2026-06-03,aws,a100-sxm-40gb,A100,40GB,SXM,EFA,OnDemand,Interruptible,Spot,US-West,US,DIF,T2IF,T1,1.8128,False,,Available,v2.2.1
2026-06-03,datacrunch,a100-sxm-40gb,A100,40GB,SXM,IB-HDR,OnDemand,NonInterruptible,OnDemand,EU,EU,SIF,T2IF,T2,1.2900,True,local-nvme,Available,v2.2.1
2026-06-03,datacrunch,a100-sxm-40gb,A100,40GB,SXM,IB-HDR,OnDemand,Interruptible,Spot,EU,EU,DIF,T2IF,T2,0.4515,True,local-nvme,Available,v2.2.1
2026-06-03,gcp,a100-sxm-40gb,A100,40GB,SXM,Ethernet,OnDemand,NonInterruptible,OnDemand,US-Central,US,HIF,T3IF,T1,3.4837,True,local-nvme,Available,v2.2.1
2026-06-03,gcp,a100-sxm-40gb,A100,40GB,SXM,Ethernet,OnDemand,NonInterruptible,OnDemand,US-East,US,HIF,T3IF,T1,3.4837,True,local-nvme,Available,v2.2.1
2026-06-03,gcp,a100-sxm-40gb,A100,40GB,SXM,Ethernet,OnDemand,NonInterruptible,OnDemand,US-West,US,HIF,T3IF,T1,3.4837,True,local-nvme,Available,v2.2.1
2026-06-03,gcp,a100-sxm-40gb,A100,40GB,SXM,Ethernet,OnDemand,NonInterruptible,OnDemand,US-South,US,HIF,T3IF,T1,4.1108,True,local-nvme,Available,v2.2.1
2026-06-03,gcp,a100-sxm-40gb,A100,40GB,SXM,Ethernet,1Y,NonInterruptible,Reserved,US-South,US,HIF,T3IF,T1,2.8298,True,local-nvme,Available,v2.2.1
2026-06-03,gcp,a100-sxm-40gb,A100,40GB,SXM,Ethernet,1Y,NonInterruptible,Reserved,US-East,US,HIF,T3IF,T1,2.3982,True,local-nvme,Available,v2.2.1
2026-06-03,gcp,a100-sxm-40gb,A100,40GB,SXM,Ethernet,1Y,NonInterruptible,Reserved,US-West,US,HIF,T3IF,T1,2.8448,True,local-nvme,Available,v2.2.1
2026-06-03,gcp,a100-sxm-40gb,A100,40GB,SXM,Ethernet,1Y,NonInterruptible,Reserved,US-Central,US,HIF,T3IF,T1,2.3982,True,local-nvme,Available,v2.2.1
2026-06-03,gcp,a100-sxm-40gb,A100,40GB,SXM,Ethernet,3Y,NonInterruptible,Reserved,US-West,US,HIF,T3IF,T1,1.8156,True,local-nvme,Available,v2.2.1
2026-06-03,gcp,a100-sxm-40gb,A100,40GB,SXM,Ethernet,3Y,NonInterruptible,Reserved,US-East,US,HIF,T3IF,T1,1.7102,True,local-nvme,Available,v2.2.1
2026-06-03,gcp,a100-sxm-40gb,A100,40GB,SXM,Ethernet,3Y,NonInterruptible,Reserved,US-South,US,HIF,T3IF,T1,1.8605,True,local-nvme,Available,v2.2.1
2026-06-03,gcp,a100-sxm-40gb,A100,40GB,SXM,Ethernet,3Y,NonInterruptible,Reserved,US-Central,US,HIF,T3IF,T1,1.5767,True,local-nvme,Available,v2.2.1
2026-06-03,gcp,a100-sxm-40gb,A100,40GB,SXM,Ethernet,OnDemand,Interruptible,Spot,US-South,US,DIF,T3IF,T1,0.6436,True,local-nvme,Available,v2.2.1
2026-06-03,gcp,a100-sxm-40gb,A100,40GB,SXM,Ethernet,OnDemand,Interruptible,Spot,US-West,US,DIF,T3IF,T1,0.6275,True,local-nvme,Available,v2.2.1
2026-06-03,gcp,a100-sxm-40gb,A100,40GB,SXM,Ethernet,OnDemand,Interruptible,Spot,US-Central,US,DIF,T3IF,T1,1.7090,True,local-nvme,Available,v2.2.1
2026-06-03,gcp,a100-sxm-40gb,A100,40GB,SXM,Ethernet,OnDemand,Interruptible,Spot,US-East,US,DIF,T3IF,T1,1.7090,True,local-nvme,Available,v2.2.1
2026-06-03,oci,a100-sxm-40gb,A100,40GB,SXM,RoCE-v2,OnDemand,NonInterruptible,OnDemand,US-East,US,HIF,T2IF,T1,3.0500,True,local-nvme;egress-capped;managed-ops-plane;support-tier;observability,Available,v2.2.1
2026-06-04,aws,a100-sxm-40gb,A100,40GB,SXM,EFA,OnDemand,NonInterruptible,OnDemand,US-East,US,HIF,T2IF,T1,2.7447,True,local-nvme;managed-ops-plane;support-tier;observability,Available,v2.2.1
2026-06-04,aws,a100-sxm-40gb,A100,40GB,SXM,EFA,1Y,NonInterruptible,Reserved,US-East,US,HIF,T2IF,T1,1.7401,True,local-nvme;managed-ops-plane;support-tier;observability,Available,v2.2.1
2026-06-04,aws,a100-sxm-40gb,A100,40GB,SXM,EFA,3Y,NonInterruptible,Reserved,US-East,US,HIF,T2IF,T1,1.1718,True,local-nvme;managed-ops-plane;support-tier;observability,Available,v2.2.1
2026-06-04,aws,a100-sxm-40gb,A100,40GB,SXM,EFA,OnDemand,Interruptible,Spot,US-West,US,DIF,T2IF,T1,1.7405,False,,Available,v2.2.1
2026-06-04,aws,a100-sxm-40gb,A100,40GB,SXM,EFA,OnDemand,Interruptible,Spot,US-East,US,DIF,T2IF,T1,1.7402,False,,Available,v2.2.1
2026-06-04,datacrunch,a100-sxm-40gb,A100,40GB,SXM,IB-HDR,OnDemand,NonInterruptible,OnDemand,EU,EU,SIF,T2IF,T2,1.2900,True,local-nvme,Available,v2.2.1
2026-06-04,datacrunch,a100-sxm-40gb,A100,40GB,SXM,IB-HDR,OnDemand,Interruptible,Spot,EU,EU,DIF,T2IF,T2,0.4515,True,local-nvme,Available,v2.2.1
2026-06-04,gcp,a100-sxm-40gb,A100,40GB,SXM,Ethernet,OnDemand,NonInterruptible,OnDemand,US-Central,US,HIF,T3IF,T1,3.4837,True,local-nvme,Available,v2.2.1
2026-06-04,gcp,a100-sxm-40gb,A100,40GB,SXM,Ethernet,OnDemand,NonInterruptible,OnDemand,US-East,US,HIF,T3IF,T1,3.4837,True,local-nvme,Available,v2.2.1
2026-06-04,gcp,a100-sxm-40gb,A100,40GB,SXM,Ethernet,OnDemand,NonInterruptible,OnDemand,US-West,US,HIF,T3IF,T1,3.4837,True,local-nvme,Available,v2.2.1
2026-06-04,gcp,a100-sxm-40gb,A100,40GB,SXM,Ethernet,OnDemand,NonInterruptible,OnDemand,US-South,US,HIF,T3IF,T1,4.1108,True,local-nvme,Available,v2.2.1
2026-06-04,gcp,a100-sxm-40gb,A100,40GB,SXM,Ethernet,1Y,NonInterruptible,Reserved,US-South,US,HIF,T3IF,T1,2.8298,True,local-nvme,Available,v2.2.1
2026-06-04,gcp,a100-sxm-40gb,A100,40GB,SXM,Ethernet,1Y,NonInterruptible,Reserved,US-East,US,HIF,T3IF,T1,2.3982,True,local-nvme,Available,v2.2.1
2026-06-04,gcp,a100-sxm-40gb,A100,40GB,SXM,Ethernet,1Y,NonInterruptible,Reserved,US-West,US,HIF,T3IF,T1,2.8448,True,local-nvme,Available,v2.2.1
2026-06-04,gcp,a100-sxm-40gb,A100,40GB,SXM,Ethernet,1Y,NonInterruptible,Reserved,US-Central,US,HIF,T3IF,T1,2.3982,True,local-nvme,Available,v2.2.1
2026-06-04,gcp,a100-sxm-40gb,A100,40GB,SXM,Ethernet,3Y,NonInterruptible,Reserved,US-West,US,HIF,T3IF,T1,1.8156,True,local-nvme,Available,v2.2.1
2026-06-04,gcp,a100-sxm-40gb,A100,40GB,SXM,Ethernet,3Y,NonInterruptible,Reserved,US-East,US,HIF,T3IF,T1,1.7102,True,local-nvme,Available,v2.2.1
2026-06-04,gcp,a100-sxm-40gb,A100,40GB,SXM,Ethernet,3Y,NonInterruptible,Reserved,US-South,US,HIF,T3IF,T1,1.8605,True,local-nvme,Available,v2.2.1
2026-06-04,gcp,a100-sxm-40gb,A100,40GB,SXM,Ethernet,3Y,NonInterruptible,Reserved,US-Central,US,HIF,T3IF,T1,1.5767,True,local-nvme,Available,v2.2.1
2026-06-04,gcp,a100-sxm-40gb,A100,40GB,SXM,Ethernet,OnDemand,Interruptible,Spot,US-South,US,DIF,T3IF,T1,0.6436,True,local-nvme,Available,v2.2.1
2026-06-04,gcp,a100-sxm-40gb,A100,40GB,SXM,Ethernet,OnDemand,Interruptible,Spot,US-West,US,DIF,T3IF,T1,0.6275,True,local-nvme,Available,v2.2.1
2026-06-04,gcp,a100-sxm-40gb,A100,40GB,SXM,Ethernet,OnDemand,Interruptible,Spot,US-Central,US,DIF,T3IF,T1,1.7090,True,local-nvme,Available,v2.2.1
2026-06-04,gcp,a100-sxm-40gb,A100,40GB,SXM,Ethernet,OnDemand,Interruptible,Spot,US-East,US,DIF,T3IF,T1,1.7090,True,local-nvme,Available,v2.2.1
2026-06-04,oci,a100-sxm-40gb,A100,40GB,SXM,RoCE-v2,OnDemand,NonInterruptible,OnDemand,US-East,US,HIF,T2IF,T1,3.0500,True,local-nvme;egress-capped;managed-ops-plane;support-tier;observability,Available,v2.2.1
2026-06-05,aws,a100-sxm-40gb,A100,40GB,SXM,EFA,OnDemand,NonInterruptible,OnDemand,US-East,US,HIF,T2IF,T1,2.7447,True,local-nvme;managed-ops-plane;support-tier;observability,Available,v2.2.1
2026-06-05,aws,a100-sxm-40gb,A100,40GB,SXM,EFA,1Y,NonInterruptible,Reserved,US-East,US,HIF,T2IF,T1,1.7401,True,local-nvme;managed-ops-plane;support-tier;observability,Available,v2.2.1
2026-06-05,aws,a100-sxm-40gb,A100,40GB,SXM,EFA,3Y,NonInterruptible,Reserved,US-East,US,HIF,T2IF,T1,1.1718,True,local-nvme;managed-ops-plane;support-tier;observability,Available,v2.2.1
2026-06-05,aws,a100-sxm-40gb,A100,40GB,SXM,EFA,OnDemand,Interruptible,Spot,US-East,US,DIF,T2IF,T1,1.7016,False,,Available,v2.2.1
2026-06-05,aws,a100-sxm-40gb,A100,40GB,SXM,EFA,OnDemand,Interruptible,Spot,US-West,US,DIF,T2IF,T1,1.6863,False,,Available,v2.2.1
2026-06-05,datacrunch,a100-sxm-40gb,A100,40GB,SXM,IB-HDR,OnDemand,NonInterruptible,OnDemand,EU,EU,SIF,T2IF,T2,1.2900,True,local-nvme,Available,v2.2.1
2026-06-05,datacrunch,a100-sxm-40gb,A100,40GB,SXM,IB-HDR,OnDemand,Interruptible,Spot,EU,EU,DIF,T2IF,T2,0.4515,True,local-nvme,Available,v2.2.1
2026-06-05,gcp,a100-sxm-40gb,A100,40GB,SXM,Ethernet,OnDemand,NonInterruptible,OnDemand,US-Central,US,HIF,T3IF,T1,3.4837,True,local-nvme,Available,v2.2.1
2026-06-05,gcp,a100-sxm-40gb,A100,40GB,SXM,Ethernet,OnDemand,NonInterruptible,OnDemand,US-East,US,HIF,T3IF,T1,3.4837,True,local-nvme,Available,v2.2.1
2026-06-05,gcp,a100-sxm-40gb,A100,40GB,SXM,Ethernet,OnDemand,NonInterruptible,OnDemand,US-West,US,HIF,T3IF,T1,3.4837,True,local-nvme,Available,v2.2.1
2026-06-05,gcp,a100-sxm-40gb,A100,40GB,SXM,Ethernet,OnDemand,NonInterruptible,OnDemand,US-South,US,HIF,T3IF,T1,4.1108,True,local-nvme,Available,v2.2.1
2026-06-05,gcp,a100-sxm-40gb,A100,40GB,SXM,Ethernet,1Y,NonInterruptible,Reserved,US-South,US,HIF,T3IF,T1,2.8298,True,local-nvme,Available,v2.2.1
2026-06-05,gcp,a100-sxm-40gb,A100,40GB,SXM,Ethernet,1Y,NonInterruptible,Reserved,US-East,US,HIF,T3IF,T1,2.3982,True,local-nvme,Available,v2.2.1
2026-06-05,gcp,a100-sxm-40gb,A100,40GB,SXM,Ethernet,1Y,NonInterruptible,Reserved,US-West,US,HIF,T3IF,T1,2.8448,True,local-nvme,Available,v2.2.1
2026-06-05,gcp,a100-sxm-40gb,A100,40GB,SXM,Ethernet,1Y,NonInterruptible,Reserved,US-Central,US,HIF,T3IF,T1,2.3982,True,local-nvme,Available,v2.2.1
2026-06-05,gcp,a100-sxm-40gb,A100,40GB,SXM,Ethernet,3Y,NonInterruptible,Reserved,US-West,US,HIF,T3IF,T1,1.8156,True,local-nvme,Available,v2.2.1
2026-06-05,gcp,a100-sxm-40gb,A100,40GB,SXM,Ethernet,3Y,NonInterruptible,Reserved,US-East,US,HIF,T3IF,T1,1.7102,True,local-nvme,Available,v2.2.1
2026-06-05,gcp,a100-sxm-40gb,A100,40GB,SXM,Ethernet,3Y,NonInterruptible,Reserved,US-South,US,HIF,T3IF,T1,1.8605,True,local-nvme,Available,v2.2.1
2026-06-05,gcp,a100-sxm-40gb,A100,40GB,SXM,Ethernet,3Y,NonInterruptible,Reserved,US-Central,US,HIF,T3IF,T1,1.5767,True,local-nvme,Available,v2.2.1
2026-06-05,gcp,a100-sxm-40gb,A100,40GB,SXM,Ethernet,OnDemand,Interruptible,Spot,US-South,US,DIF,T3IF,T1,0.6436,True,local-nvme,Available,v2.2.1
2026-06-05,gcp,a100-sxm-40gb,A100,40GB,SXM,Ethernet,OnDemand,Interruptible,Spot,US-West,US,DIF,T3IF,T1,0.6275,True,local-nvme,Available,v2.2.1
2026-06-05,gcp,a100-sxm-40gb,A100,40GB,SXM,Ethernet,OnDemand,Interruptible,Spot,US-Central,US,DIF,T3IF,T1,1.7090,True,local-nvme,Available,v2.2.1
2026-06-05,gcp,a100-sxm-40gb,A100,40GB,SXM,Ethernet,OnDemand,Interruptible,Spot,US-East,US,DIF,T3IF,T1,1.7090,True,local-nvme,Available,v2.2.1
2026-06-05,oci,a100-sxm-40gb,A100,40GB,SXM,RoCE-v2,OnDemand,NonInterruptible,OnDemand,US-East,US,HIF,T2IF,T1,3.0500,True,local-nvme;egress-capped;managed-ops-plane;support-tier;observability,Available,v2.2.1
2026-06-06,aws,a100-sxm-40gb,A100,40GB,SXM,EFA,OnDemand,NonInterruptible,OnDemand,US-East,US,HIF,T2IF,T1,2.7447,True,local-nvme;managed-ops-plane;support-tier;observability,Available,v2.2.1
2026-06-06,aws,a100-sxm-40gb,A100,40GB,SXM,EFA,1Y,NonInterruptible,Reserved,US-East,US,HIF,T2IF,T1,1.7401,True,local-nvme;managed-ops-plane;support-tier;observability,Available,v2.2.1
2026-06-06,aws,a100-sxm-40gb,A100,40GB,SXM,EFA,3Y,NonInterruptible,Reserved,US-East,US,HIF,T2IF,T1,1.1718,True,local-nvme;managed-ops-plane;support-tier;observability,Available,v2.2.1
2026-06-06,aws,a100-sxm-40gb,A100,40GB,SXM,EFA,OnDemand,Interruptible,Spot,US-East,US,DIF,T2IF,T1,1.6711,False,,Available,v2.2.1
2026-06-06,aws,a100-sxm-40gb,A100,40GB,SXM,EFA,OnDemand,Interruptible,Spot,US-West,US,DIF,T2IF,T1,1.6608,False,,Available,v2.2.1
2026-06-06,datacrunch,a100-sxm-40gb,A100,40GB,SXM,IB-HDR,OnDemand,NonInterruptible,OnDemand,EU,EU,SIF,T2IF,T2,1.2900,True,local-nvme,Available,v2.2.1
2026-06-06,datacrunch,a100-sxm-40gb,A100,40GB,SXM,IB-HDR,OnDemand,Interruptible,Spot,EU,EU,DIF,T2IF,T2,0.4515,True,local-nvme,Available,v2.2.1
2026-06-06,gcp,a100-sxm-40gb,A100,40GB,SXM,Ethernet,OnDemand,NonInterruptible,OnDemand,US-Central,US,HIF,T3IF,T1,3.4837,True,local-nvme,Available,v2.2.1
2026-06-06,gcp,a100-sxm-40gb,A100,40GB,SXM,Ethernet,OnDemand,NonInterruptible,OnDemand,US-East,US,HIF,T3IF,T1,3.4837,True,local-nvme,Available,v2.2.1
2026-06-06,gcp,a100-sxm-40gb,A100,40GB,SXM,Ethernet,OnDemand,NonInterruptible,OnDemand,US-West,US,HIF,T3IF,T1,3.4837,True,local-nvme,Available,v2.2.1
2026-06-06,gcp,a100-sxm-40gb,A100,40GB,SXM,Ethernet,OnDemand,NonInterruptible,OnDemand,US-South,US,HIF,T3IF,T1,4.1108,True,local-nvme,Available,v2.2.1
2026-06-06,gcp,a100-sxm-40gb,A100,40GB,SXM,Ethernet,1Y,NonInterruptible,Reserved,US-South,US,HIF,T3IF,T1,2.8298,True,local-nvme,Available,v2.2.1
2026-06-06,gcp,a100-sxm-40gb,A100,40GB,SXM,Ethernet,1Y,NonInterruptible,Reserved,US-East,US,HIF,T3IF,T1,2.3982,True,local-nvme,Available,v2.2.1
2026-06-06,gcp,a100-sxm-40gb,A100,40GB,SXM,Ethernet,1Y,NonInterruptible,Reserved,US-West,US,HIF,T3IF,T1,2.8448,True,local-nvme,Available,v2.2.1
2026-06-06,gcp,a100-sxm-40gb,A100,40GB,SXM,Ethernet,1Y,NonInterruptible,Reserved,US-Central,US,HIF,T3IF,T1,2.3982,True,local-nvme,Available,v2.2.1
2026-06-06,gcp,a100-sxm-40gb,A100,40GB,SXM,Ethernet,3Y,NonInterruptible,Reserved,US-West,US,HIF,T3IF,T1,1.8156,True,local-nvme,Available,v2.2.1
2026-06-06,gcp,a100-sxm-40gb,A100,40GB,SXM,Ethernet,3Y,NonInterruptible,Reserved,US-East,US,HIF,T3IF,T1,1.7102,True,local-nvme,Available,v2.2.1
2026-06-06,gcp,a100-sxm-40gb,A100,40GB,SXM,Ethernet,3Y,NonInterruptible,Reserved,US-South,US,HIF,T3IF,T1,1.8605,True,local-nvme,Available,v2.2.1
2026-06-06,gcp,a100-sxm-40gb,A100,40GB,SXM,Ethernet,3Y,NonInterruptible,Reserved,US-Central,US,HIF,T3IF,T1,1.5767,True,local-nvme,Available,v2.2.1
2026-06-06,gcp,a100-sxm-40gb,A100,40GB,SXM,Ethernet,OnDemand,Interruptible,Spot,US-South,US,DIF,T3IF,T1,0.6436,True,local-nvme,Available,v2.2.1
2026-06-06,gcp,a100-sxm-40gb,A100,40GB,SXM,Ethernet,OnDemand,Interruptible,Spot,US-West,US,DIF,T3IF,T1,0.6275,True,local-nvme,Available,v2.2.1
2026-06-06,gcp,a100-sxm-40gb,A100,40GB,SXM,Ethernet,OnDemand,Interruptible,Spot,US-Central,US,DIF,T3IF,T1,1.7090,True,local-nvme,Available,v2.2.1
2026-06-06,gcp,a100-sxm-40gb,A100,40GB,SXM,Ethernet,OnDemand,Interruptible,Spot,US-East,US,DIF,T3IF,T1,1.7090,True,local-nvme,Available,v2.2.1
2026-06-06,oci,a100-sxm-40gb,A100,40GB,SXM,RoCE-v2,OnDemand,NonInterruptible,OnDemand,US-East,US,HIF,T2IF,T1,3.0500,True,local-nvme;egress-capped;managed-ops-plane;support-tier;observability,Available,v2.2.1
2026-06-07,aws,a100-sxm-40gb,A100,40GB,SXM,EFA,OnDemand,NonInterruptible,OnDemand,US-East,US,HIF,T2IF,T1,2.7447,True,local-nvme;managed-ops-plane;support-tier;observability,Available,v2.2.1
2026-06-07,aws,a100-sxm-40gb,A100,40GB,SXM,EFA,1Y,NonInterruptible,Reserved,US-East,US,HIF,T2IF,T1,1.7401,True,local-nvme;managed-ops-plane;support-tier;observability,Available,v2.2.1
2026-06-07,aws,a100-sxm-40gb,A100,40GB,SXM,EFA,3Y,NonInterruptible,Reserved,US-East,US,HIF,T2IF,T1,1.1718,True,local-nvme;managed-ops-plane;support-tier;observability,Available,v2.2.1
2026-06-07,aws,a100-sxm-40gb,A100,40GB,SXM,EFA,OnDemand,Interruptible,Spot,US-West,US,DIF,T2IF,T1,1.6848,False,,Available,v2.2.1
2026-06-07,aws,a100-sxm-40gb,A100,40GB,SXM,EFA,OnDemand,Interruptible,Spot,US-East,US,DIF,T2IF,T1,1.7228,False,,Available,v2.2.1
2026-06-07,datacrunch,a100-sxm-40gb,A100,40GB,SXM,IB-HDR,OnDemand,NonInterruptible,OnDemand,EU,EU,SIF,T2IF,T2,1.2900,True,local-nvme,Available,v2.2.1
2026-06-07,datacrunch,a100-sxm-40gb,A100,40GB,SXM,IB-HDR,OnDemand,Interruptible,Spot,EU,EU,DIF,T2IF,T2,0.4515,True,local-nvme,Available,v2.2.1
2026-06-07,gcp,a100-sxm-40gb,A100,40GB,SXM,Ethernet,OnDemand,NonInterruptible,OnDemand,US-Central,US,HIF,T3IF,T1,3.4837,True,local-nvme,Available,v2.2.1
2026-06-07,gcp,a100-sxm-40gb,A100,40GB,SXM,Ethernet,OnDemand,NonInterruptible,OnDemand,US-East,US,HIF,T3IF,T1,3.4837,True,local-nvme,Available,v2.2.1
2026-06-07,gcp,a100-sxm-40gb,A100,40GB,SXM,Ethernet,OnDemand,NonInterruptible,OnDemand,US-West,US,HIF,T3IF,T1,3.4837,True,local-nvme,Available,v2.2.1
2026-06-07,gcp,a100-sxm-40gb,A100,40GB,SXM,Ethernet,OnDemand,NonInterruptible,OnDemand,US-South,US,HIF,T3IF,T1,4.1108,True,local-nvme,Available,v2.2.1
2026-06-07,gcp,a100-sxm-40gb,A100,40GB,SXM,Ethernet,1Y,NonInterruptible,Reserved,US-South,US,HIF,T3IF,T1,2.8298,True,local-nvme,Available,v2.2.1
2026-06-07,gcp,a100-sxm-40gb,A100,40GB,SXM,Ethernet,1Y,NonInterruptible,Reserved,US-East,US,HIF,T3IF,T1,2.3982,True,local-nvme,Available,v2.2.1
2026-06-07,gcp,a100-sxm-40gb,A100,40GB,SXM,Ethernet,1Y,NonInterruptible,Reserved,US-West,US,HIF,T3IF,T1,2.8448,True,local-nvme,Available,v2.2.1
2026-06-07,gcp,a100-sxm-40gb,A100,40GB,SXM,Ethernet,1Y,NonInterruptible,Reserved,US-Central,US,HIF,T3IF,T1,2.3982,True,local-nvme,Available,v2.2.1
2026-06-07,gcp,a100-sxm-40gb,A100,40GB,SXM,Ethernet,3Y,NonInterruptible,Reserved,US-West,US,HIF,T3IF,T1,1.8156,True,local-nvme,Available,v2.2.1
2026-06-07,gcp,a100-sxm-40gb,A100,40GB,SXM,Ethernet,3Y,NonInterruptible,Reserved,US-East,US,HIF,T3IF,T1,1.7102,True,local-nvme,Available,v2.2.1
2026-06-07,gcp,a100-sxm-40gb,A100,40GB,SXM,Ethernet,3Y,NonInterruptible,Reserved,US-South,US,HIF,T3IF,T1,1.8605,True,local-nvme,Available,v2.2.1
2026-06-07,gcp,a100-sxm-40gb,A100,40GB,SXM,Ethernet,3Y,NonInterruptible,Reserved,US-Central,US,HIF,T3IF,T1,1.5767,True,local-nvme,Available,v2.2.1
2026-06-07,gcp,a100-sxm-40gb,A100,40GB,SXM,Ethernet,OnDemand,Interruptible,Spot,US-South,US,DIF,T3IF,T1,0.6436,True,local-nvme,Available,v2.2.1
2026-06-07,gcp,a100-sxm-40gb,A100,40GB,SXM,Ethernet,OnDemand,Interruptible,Spot,US-West,US,DIF,T3IF,T1,0.6275,True,local-nvme,Available,v2.2.1
2026-06-07,gcp,a100-sxm-40gb,A100,40GB,SXM,Ethernet,OnDemand,Interruptible,Spot,US-Central,US,DIF,T3IF,T1,1.7090,True,local-nvme,Available,v2.2.1
2026-06-07,gcp,a100-sxm-40gb,A100,40GB,SXM,Ethernet,OnDemand,Interruptible,Spot,US-East,US,DIF,T3IF,T1,1.7090,True,local-nvme,Available,v2.2.1
2026-06-07,oci,a100-sxm-40gb,A100,40GB,SXM,RoCE-v2,OnDemand,NonInterruptible,OnDemand,US-East,US,HIF,T2IF,T1,3.0500,True,local-nvme;egress-capped;managed-ops-plane;support-tier;observability,Available,v2.2.1
2026-06-08,aws,a100-sxm-40gb,A100,40GB,SXM,EFA,OnDemand,NonInterruptible,OnDemand,US-East,US,HIF,T2IF,T1,2.7447,True,local-nvme;managed-ops-plane;support-tier;observability,Available,v2.2.1
2026-06-08,aws,a100-sxm-40gb,A100,40GB,SXM,EFA,1Y,NonInterruptible,Reserved,US-East,US,HIF,T2IF,T1,1.7401,True,local-nvme;managed-ops-plane;support-tier;observability,Available,v2.2.1
2026-06-08,aws,a100-sxm-40gb,A100,40GB,SXM,EFA,3Y,NonInterruptible,Reserved,US-East,US,HIF,T2IF,T1,1.1718,True,local-nvme;managed-ops-plane;support-tier;observability,Available,v2.2.1
2026-06-08,aws,a100-sxm-40gb,A100,40GB,SXM,EFA,OnDemand,Interruptible,Spot,US-East,US,DIF,T2IF,T1,1.6963,False,,Available,v2.2.1
2026-06-08,aws,a100-sxm-40gb,A100,40GB,SXM,EFA,OnDemand,Interruptible,Spot,US-West,US,DIF,T2IF,T1,1.6344,False,,Available,v2.2.1
2026-06-08,datacrunch,a100-sxm-40gb,A100,40GB,SXM,IB-HDR,OnDemand,NonInterruptible,OnDemand,EU,EU,SIF,T2IF,T2,1.2900,True,local-nvme,Available,v2.2.1
2026-06-08,datacrunch,a100-sxm-40gb,A100,40GB,SXM,IB-HDR,OnDemand,Interruptible,Spot,EU,EU,DIF,T2IF,T2,0.4515,True,local-nvme,Available,v2.2.1
2026-06-08,gcp,a100-sxm-40gb,A100,40GB,SXM,Ethernet,OnDemand,NonInterruptible,OnDemand,US-Central,US,HIF,T3IF,T1,3.4837,True,local-nvme,Available,v2.2.1
2026-06-08,gcp,a100-sxm-40gb,A100,40GB,SXM,Ethernet,OnDemand,NonInterruptible,OnDemand,US-East,US,HIF,T3IF,T1,3.4837,True,local-nvme,Available,v2.2.1
2026-06-08,gcp,a100-sxm-40gb,A100,40GB,SXM,Ethernet,OnDemand,NonInterruptible,OnDemand,US-West,US,HIF,T3IF,T1,3.4837,True,local-nvme,Available,v2.2.1
2026-06-08,gcp,a100-sxm-40gb,A100,40GB,SXM,Ethernet,OnDemand,NonInterruptible,OnDemand,US-South,US,HIF,T3IF,T1,4.1108,True,local-nvme,Available,v2.2.1
2026-06-08,gcp,a100-sxm-40gb,A100,40GB,SXM,Ethernet,1Y,NonInterruptible,Reserved,US-South,US,HIF,T3IF,T1,2.8298,True,local-nvme,Available,v2.2.1
2026-06-08,gcp,a100-sxm-40gb,A100,40GB,SXM,Ethernet,1Y,NonInterruptible,Reserved,US-East,US,HIF,T3IF,T1,2.3982,True,local-nvme,Available,v2.2.1
2026-06-08,gcp,a100-sxm-40gb,A100,40GB,SXM,Ethernet,1Y,NonInterruptible,Reserved,US-West,US,HIF,T3IF,T1,2.8448,True,local-nvme,Available,v2.2.1
2026-06-08,gcp,a100-sxm-40gb,A100,40GB,SXM,Ethernet,1Y,NonInterruptible,Reserved,US-Central,US,HIF,T3IF,T1,2.3982,True,local-nvme,Available,v2.2.1
2026-06-08,gcp,a100-sxm-40gb,A100,40GB,SXM,Ethernet,3Y,NonInterruptible,Reserved,US-West,US,HIF,T3IF,T1,1.8156,True,local-nvme,Available,v2.2.1
2026-06-08,gcp,a100-sxm-40gb,A100,40GB,SXM,Ethernet,3Y,NonInterruptible,Reserved,US-East,US,HIF,T3IF,T1,1.7102,True,local-nvme,Available,v2.2.1
2026-06-08,gcp,a100-sxm-40gb,A100,40GB,SXM,Ethernet,3Y,NonInterruptible,Reserved,US-South,US,HIF,T3IF,T1,1.8605,True,local-nvme,Available,v2.2.1
2026-06-08,gcp,a100-sxm-40gb,A100,40GB,SXM,Ethernet,3Y,NonInterruptible,Reserved,US-Central,US,HIF,T3IF,T1,1.5767,True,local-nvme,Available,v2.2.1
2026-06-08,gcp,a100-sxm-40gb,A100,40GB,SXM,Ethernet,OnDemand,Interruptible,Spot,US-South,US,DIF,T3IF,T1,0.6436,True,local-nvme,Available,v2.2.1
2026-06-08,gcp,a100-sxm-40gb,A100,40GB,SXM,Ethernet,OnDemand,Interruptible,Spot,US-West,US,DIF,T3IF,T1,0.6275,True,local-nvme,Available,v2.2.1
2026-06-08,gcp,a100-sxm-40gb,A100,40GB,SXM,Ethernet,OnDemand,Interruptible,Spot,US-Central,US,DIF,T3IF,T1,1.7090,True,local-nvme,Available,v2.2.1
2026-06-08,gcp,a100-sxm-40gb,A100,40GB,SXM,Ethernet,OnDemand,Interruptible,Spot,US-East,US,DIF,T3IF,T1,1.7090,True,local-nvme,Available,v2.2.1
2026-06-08,oci,a100-sxm-40gb,A100,40GB,SXM,RoCE-v2,OnDemand,NonInterruptible,OnDemand,US-East,US,HIF,T2IF,T1,3.0500,True,local-nvme;egress-capped;managed-ops-plane;support-tier;observability,Available,v2.2.1
2026-06-09,aws,a100-sxm-40gb,A100,40GB,SXM,EFA,OnDemand,NonInterruptible,OnDemand,US-East,US,HIF,T2IF,T1,2.7447,True,local-nvme;managed-ops-plane;support-tier;observability,Available,v2.2.1
2026-06-09,aws,a100-sxm-40gb,A100,40GB,SXM,EFA,1Y,NonInterruptible,Reserved,US-East,US,HIF,T2IF,T1,1.7401,True,local-nvme;managed-ops-plane;support-tier;observability,Available,v2.2.1
2026-06-09,aws,a100-sxm-40gb,A100,40GB,SXM,EFA,3Y,NonInterruptible,Reserved,US-East,US,HIF,T2IF,T1,1.1718,True,local-nvme;managed-ops-plane;support-tier;observability,Available,v2.2.1
2026-06-09,aws,a100-sxm-40gb,A100,40GB,SXM,EFA,OnDemand,Interruptible,Spot,US-East,US,DIF,T2IF,T1,1.6871,False,,Available,v2.2.1
2026-06-09,aws,a100-sxm-40gb,A100,40GB,SXM,EFA,OnDemand,Interruptible,Spot,US-West,US,DIF,T2IF,T1,1.5945,False,,Available,v2.2.1
2026-06-09,datacrunch,a100-sxm-40gb,A100,40GB,SXM,IB-HDR,OnDemand,NonInterruptible,OnDemand,EU,EU,SIF,T2IF,T2,1.2900,True,local-nvme,Available,v2.2.1
2026-06-09,datacrunch,a100-sxm-40gb,A100,40GB,SXM,IB-HDR,OnDemand,Interruptible,Spot,EU,EU,DIF,T2IF,T2,0.4515,True,local-nvme,Available,v2.2.1
2026-06-09,gcp,a100-sxm-40gb,A100,40GB,SXM,Ethernet,OnDemand,NonInterruptible,OnDemand,US-Central,US,HIF,T3IF,T1,3.4837,True,local-nvme,Available,v2.2.1
2026-06-09,gcp,a100-sxm-40gb,A100,40GB,SXM,Ethernet,OnDemand,NonInterruptible,OnDemand,US-East,US,HIF,T3IF,T1,3.4837,True,local-nvme,Available,v2.2.1
2026-06-09,gcp,a100-sxm-40gb,A100,40GB,SXM,Ethernet,OnDemand,NonInterruptible,OnDemand,US-West,US,HIF,T3IF,T1,3.4837,True,local-nvme,Available,v2.2.1
2026-06-09,gcp,a100-sxm-40gb,A100,40GB,SXM,Ethernet,OnDemand,NonInterruptible,OnDemand,US-South,US,HIF,T3IF,T1,4.1108,True,local-nvme,Available,v2.2.1
2026-06-09,gcp,a100-sxm-40gb,A100,40GB,SXM,Ethernet,1Y,NonInterruptible,Reserved,US-South,US,HIF,T3IF,T1,2.8298,True,local-nvme,Available,v2.2.1
2026-06-09,gcp,a100-sxm-40gb,A100,40GB,SXM,Ethernet,1Y,NonInterruptible,Reserved,US-East,US,HIF,T3IF,T1,2.3982,True,local-nvme,Available,v2.2.1
2026-06-09,gcp,a100-sxm-40gb,A100,40GB,SXM,Ethernet,1Y,NonInterruptible,Reserved,US-West,US,HIF,T3IF,T1,2.8448,True,local-nvme,Available,v2.2.1
2026-06-09,gcp,a100-sxm-40gb,A100,40GB,SXM,Ethernet,1Y,NonInterruptible,Reserved,US-Central,US,HIF,T3IF,T1,2.3982,True,local-nvme,Available,v2.2.1
2026-06-09,gcp,a100-sxm-40gb,A100,40GB,SXM,Ethernet,3Y,NonInterruptible,Reserved,US-West,US,HIF,T3IF,T1,1.8156,True,local-nvme,Available,v2.2.1
2026-06-09,gcp,a100-sxm-40gb,A100,40GB,SXM,Ethernet,3Y,NonInterruptible,Reserved,US-East,US,HIF,T3IF,T1,1.7102,True,local-nvme,Available,v2.2.1
2026-06-09,gcp,a100-sxm-40gb,A100,40GB,SXM,Ethernet,3Y,NonInterruptible,Reserved,US-South,US,HIF,T3IF,T1,1.8605,True,local-nvme,Available,v2.2.1
2026-06-09,gcp,a100-sxm-40gb,A100,40GB,SXM,Ethernet,3Y,NonInterruptible,Reserved,US-Central,US,HIF,T3IF,T1,1.5767,True,local-nvme,Available,v2.2.1
2026-06-09,gcp,a100-sxm-40gb,A100,40GB,SXM,Ethernet,OnDemand,Interruptible,Spot,US-South,US,DIF,T3IF,T1,0.4764,True,local-nvme,Available,v2.2.1
2026-06-09,gcp,a100-sxm-40gb,A100,40GB,SXM,Ethernet,OnDemand,Interruptible,Spot,US-West,US,DIF,T3IF,T1,0.3961,True,local-nvme,Available,v2.2.1
2026-06-09,gcp,a100-sxm-40gb,A100,40GB,SXM,Ethernet,OnDemand,Interruptible,Spot,US-Central,US,DIF,T3IF,T1,1.7415,True,local-nvme,Available,v2.2.1
2026-06-09,gcp,a100-sxm-40gb,A100,40GB,SXM,Ethernet,OnDemand,Interruptible,Spot,US-East,US,DIF,T3IF,T1,1.7415,True,local-nvme,Available,v2.2.1
2026-06-09,oci,a100-sxm-40gb,A100,40GB,SXM,RoCE-v2,OnDemand,NonInterruptible,OnDemand,US-East,US,HIF,T2IF,T1,3.0500,True,local-nvme;egress-capped;managed-ops-plane;support-tier;observability,Available,v2.2.1
2026-06-10,aws,a100-sxm-40gb,A100,40GB,SXM,EFA,OnDemand,NonInterruptible,OnDemand,US-East,US,HIF,T2IF,T1,2.7447,True,local-nvme;managed-ops-plane;support-tier;observability,Available,v2.2.1
2026-06-10,aws,a100-sxm-40gb,A100,40GB,SXM,EFA,1Y,NonInterruptible,Reserved,US-East,US,HIF,T2IF,T1,1.7401,True,local-nvme;managed-ops-plane;support-tier;observability,Available,v2.2.1
2026-06-10,aws,a100-sxm-40gb,A100,40GB,SXM,EFA,3Y,NonInterruptible,Reserved,US-East,US,HIF,T2IF,T1,1.1718,True,local-nvme;managed-ops-plane;support-tier;observability,Available,v2.2.1
2026-06-10,aws,a100-sxm-40gb,A100,40GB,SXM,EFA,OnDemand,Interruptible,Spot,US-East,US,DIF,T2IF,T1,1.6756,False,,Available,v2.2.1
2026-06-10,aws,a100-sxm-40gb,A100,40GB,SXM,EFA,OnDemand,Interruptible,Spot,US-West,US,DIF,T2IF,T1,1.5207,False,,Available,v2.2.1
2026-06-10,datacrunch,a100-sxm-40gb,A100,40GB,SXM,IB-HDR,OnDemand,NonInterruptible,OnDemand,EU,EU,SIF,T2IF,T2,1.2900,True,local-nvme,Available,v2.2.1
2026-06-10,datacrunch,a100-sxm-40gb,A100,40GB,SXM,IB-HDR,OnDemand,Interruptible,Spot,EU,EU,DIF,T2IF,T2,0.4515,True,local-nvme,Available,v2.2.1
2026-06-10,gcp,a100-sxm-40gb,A100,40GB,SXM,Ethernet,OnDemand,NonInterruptible,OnDemand,US-Central,US,HIF,T3IF,T1,3.4837,True,local-nvme,Available,v2.2.1
2026-06-10,gcp,a100-sxm-40gb,A100,40GB,SXM,Ethernet,OnDemand,NonInterruptible,OnDemand,US-East,US,HIF,T3IF,T1,3.4837,True,local-nvme,Available,v2.2.1
2026-06-10,gcp,a100-sxm-40gb,A100,40GB,SXM,Ethernet,OnDemand,NonInterruptible,OnDemand,US-West,US,HIF,T3IF,T1,3.4837,True,local-nvme,Available,v2.2.1
2026-06-10,gcp,a100-sxm-40gb,A100,40GB,SXM,Ethernet,OnDemand,NonInterruptible,OnDemand,US-South,US,HIF,T3IF,T1,4.1108,True,local-nvme,Available,v2.2.1
2026-06-10,gcp,a100-sxm-40gb,A100,40GB,SXM,Ethernet,1Y,NonInterruptible,Reserved,US-South,US,HIF,T3IF,T1,2.8298,True,local-nvme,Available,v2.2.1
2026-06-10,gcp,a100-sxm-40gb,A100,40GB,SXM,Ethernet,1Y,NonInterruptible,Reserved,US-East,US,HIF,T3IF,T1,2.3982,True,local-nvme,Available,v2.2.1
2026-06-10,gcp,a100-sxm-40gb,A100,40GB,SXM,Ethernet,1Y,NonInterruptible,Reserved,US-West,US,HIF,T3IF,T1,2.8448,True,local-nvme,Available,v2.2.1
2026-06-10,gcp,a100-sxm-40gb,A100,40GB,SXM,Ethernet,1Y,NonInterruptible,Reserved,US-Central,US,HIF,T3IF,T1,2.3982,True,local-nvme,Available,v2.2.1
2026-06-10,gcp,a100-sxm-40gb,A100,40GB,SXM,Ethernet,3Y,NonInterruptible,Reserved,US-West,US,HIF,T3IF,T1,1.8156,True,local-nvme,Available,v2.2.1
2026-06-10,gcp,a100-sxm-40gb,A100,40GB,SXM,Ethernet,3Y,NonInterruptible,Reserved,US-East,US,HIF,T3IF,T1,1.7102,True,local-nvme,Available,v2.2.1
2026-06-10,gcp,a100-sxm-40gb,A100,40GB,SXM,Ethernet,3Y,NonInterruptible,Reserved,US-South,US,HIF,T3IF,T1,1.8605,True,local-nvme,Available,v2.2.1
2026-06-10,gcp,a100-sxm-40gb,A100,40GB,SXM,Ethernet,3Y,NonInterruptible,Reserved,US-Central,US,HIF,T3IF,T1,1.5767,True,local-nvme,Available,v2.2.1
2026-06-10,gcp,a100-sxm-40gb,A100,40GB,SXM,Ethernet,OnDemand,Interruptible,Spot,US-South,US,DIF,T3IF,T1,0.4764,True,local-nvme,Available,v2.2.1
2026-06-10,gcp,a100-sxm-40gb,A100,40GB,SXM,Ethernet,OnDemand,Interruptible,Spot,US-West,US,DIF,T3IF,T1,0.3961,True,local-nvme,Available,v2.2.1
2026-06-10,gcp,a100-sxm-40gb,A100,40GB,SXM,Ethernet,OnDemand,Interruptible,Spot,US-Central,US,DIF,T3IF,T1,1.7415,True,local-nvme,Available,v2.2.1
2026-06-10,gcp,a100-sxm-40gb,A100,40GB,SXM,Ethernet,OnDemand,Interruptible,Spot,US-East,US,DIF,T3IF,T1,1.7415,True,local-nvme,Available,v2.2.1
2026-06-10,oci,a100-sxm-40gb,A100,40GB,SXM,RoCE-v2,OnDemand,NonInterruptible,OnDemand,US-East,US,HIF,T2IF,T1,3.0500,True,local-nvme;egress-capped;managed-ops-plane;support-tier;observability,Available,v2.2.1
2026-06-11,aws,a100-sxm-40gb,A100,40GB,SXM,EFA,OnDemand,NonInterruptible,OnDemand,US-East,US,HIF,T2IF,T1,2.7447,True,local-nvme;managed-ops-plane;support-tier;observability,Available,v2.2.1
2026-06-11,aws,a100-sxm-40gb,A100,40GB,SXM,EFA,1Y,NonInterruptible,Reserved,US-East,US,HIF,T2IF,T1,1.7401,True,local-nvme;managed-ops-plane;support-tier;observability,Available,v2.2.1
2026-06-11,aws,a100-sxm-40gb,A100,40GB,SXM,EFA,3Y,NonInterruptible,Reserved,US-East,US,HIF,T2IF,T1,1.1718,True,local-nvme;managed-ops-plane;support-tier;observability,Available,v2.2.1
2026-06-11,aws,a100-sxm-40gb,A100,40GB,SXM,EFA,OnDemand,Interruptible,Spot,US-West,US,DIF,T2IF,T1,1.5068,False,,Available,v2.2.1
2026-06-11,aws,a100-sxm-40gb,A100,40GB,SXM,EFA,OnDemand,Interruptible,Spot,US-East,US,DIF,T2IF,T1,1.6722,False,,Available,v2.2.1
2026-06-11,datacrunch,a100-sxm-40gb,A100,40GB,SXM,IB-HDR,OnDemand,NonInterruptible,OnDemand,EU,EU,SIF,T2IF,T2,1.2900,True,local-nvme,Available,v2.2.1
2026-06-11,datacrunch,a100-sxm-40gb,A100,40GB,SXM,IB-HDR,OnDemand,Interruptible,Spot,EU,EU,DIF,T2IF,T2,0.4515,True,local-nvme,Available,v2.2.1
2026-06-11,gcp,a100-sxm-40gb,A100,40GB,SXM,Ethernet,OnDemand,NonInterruptible,OnDemand,US-Central,US,HIF,T3IF,T1,3.4837,True,local-nvme,Available,v2.2.1
2026-06-11,gcp,a100-sxm-40gb,A100,40GB,SXM,Ethernet,OnDemand,NonInterruptible,OnDemand,US-East,US,HIF,T3IF,T1,3.4837,True,local-nvme,Available,v2.2.1
2026-06-11,gcp,a100-sxm-40gb,A100,40GB,SXM,Ethernet,OnDemand,NonInterruptible,OnDemand,US-West,US,HIF,T3IF,T1,3.4837,True,local-nvme,Available,v2.2.1
2026-06-11,gcp,a100-sxm-40gb,A100,40GB,SXM,Ethernet,OnDemand,NonInterruptible,OnDemand,US-South,US,HIF,T3IF,T1,4.1108,True,local-nvme,Available,v2.2.1
2026-06-11,gcp,a100-sxm-40gb,A100,40GB,SXM,Ethernet,1Y,NonInterruptible,Reserved,US-South,US,HIF,T3IF,T1,2.8298,True,local-nvme,Available,v2.2.1
2026-06-11,gcp,a100-sxm-40gb,A100,40GB,SXM,Ethernet,1Y,NonInterruptible,Reserved,US-East,US,HIF,T3IF,T1,2.3982,True,local-nvme,Available,v2.2.1
2026-06-11,gcp,a100-sxm-40gb,A100,40GB,SXM,Ethernet,1Y,NonInterruptible,Reserved,US-West,US,HIF,T3IF,T1,2.8448,True,local-nvme,Available,v2.2.1
2026-06-11,gcp,a100-sxm-40gb,A100,40GB,SXM,Ethernet,1Y,NonInterruptible,Reserved,US-Central,US,HIF,T3IF,T1,2.3982,True,local-nvme,Available,v2.2.1
2026-06-11,gcp,a100-sxm-40gb,A100,40GB,SXM,Ethernet,3Y,NonInterruptible,Reserved,US-West,US,HIF,T3IF,T1,1.8156,True,local-nvme,Available,v2.2.1
2026-06-11,gcp,a100-sxm-40gb,A100,40GB,SXM,Ethernet,3Y,NonInterruptible,Reserved,US-East,US,HIF,T3IF,T1,1.7102,True,local-nvme,Available,v2.2.1
2026-06-11,gcp,a100-sxm-40gb,A100,40GB,SXM,Ethernet,3Y,NonInterruptible,Reserved,US-South,US,HIF,T3IF,T1,1.8605,True,local-nvme,Available,v2.2.1
2026-06-11,gcp,a100-sxm-40gb,A100,40GB,SXM,Ethernet,3Y,NonInterruptible,Reserved,US-Central,US,HIF,T3IF,T1,1.5767,True,local-nvme,Available,v2.2.1
2026-06-11,gcp,a100-sxm-40gb,A100,40GB,SXM,Ethernet,OnDemand,Interruptible,Spot,US-South,US,DIF,T3IF,T1,0.4764,True,local-nvme,Available,v2.2.1
2026-06-11,gcp,a100-sxm-40gb,A100,40GB,SXM,Ethernet,OnDemand,Interruptible,Spot,US-West,US,DIF,T3IF,T1,0.3961,True,local-nvme,Available,v2.2.1
2026-06-11,gcp,a100-sxm-40gb,A100,40GB,SXM,Ethernet,OnDemand,Interruptible,Spot,US-Central,US,DIF,T3IF,T1,1.7415,True,local-nvme,Available,v2.2.1
2026-06-11,gcp,a100-sxm-40gb,A100,40GB,SXM,Ethernet,OnDemand,Interruptible,Spot,US-East,US,DIF,T3IF,T1,1.7415,True,local-nvme,Available,v2.2.1
2026-06-11,oci,a100-sxm-40gb,A100,40GB,SXM,RoCE-v2,OnDemand,NonInterruptible,OnDemand,US-East,US,HIF,T2IF,T1,3.0500,True,local-nvme;egress-capped;managed-ops-plane;support-tier;observability,Available,v2.2.1
2026-06-12,aws,a100-sxm-40gb,A100,40GB,SXM,EFA,OnDemand,NonInterruptible,OnDemand,US-East,US,HIF,T2IF,T1,2.7447,True,local-nvme;managed-ops-plane;support-tier;observability,Available,v2.2.1
2026-06-12,aws,a100-sxm-40gb,A100,40GB,SXM,EFA,1Y,NonInterruptible,Reserved,US-East,US,HIF,T2IF,T1,1.7401,True,local-nvme;managed-ops-plane;support-tier;observability,Available,v2.2.1
2026-06-12,aws,a100-sxm-40gb,A100,40GB,SXM,EFA,3Y,NonInterruptible,Reserved,US-East,US,HIF,T2IF,T1,1.1718,True,local-nvme;managed-ops-plane;support-tier;observability,Available,v2.2.1
2026-06-12,aws,a100-sxm-40gb,A100,40GB,SXM,EFA,OnDemand,Interruptible,Spot,US-West,US,DIF,T2IF,T1,1.4976,False,,Available,v2.2.1
2026-06-12,aws,a100-sxm-40gb,A100,40GB,SXM,EFA,OnDemand,Interruptible,Spot,US-East,US,DIF,T2IF,T1,1.6869,False,,Available,v2.2.1
2026-06-12,datacrunch,a100-sxm-40gb,A100,40GB,SXM,IB-HDR,OnDemand,NonInterruptible,OnDemand,EU,EU,SIF,T2IF,T2,1.2900,True,local-nvme,Available,v2.2.1
2026-06-12,datacrunch,a100-sxm-40gb,A100,40GB,SXM,IB-HDR,OnDemand,Interruptible,Spot,EU,EU,DIF,T2IF,T2,0.4515,True,local-nvme,Available,v2.2.1
2026-06-12,gcp,a100-sxm-40gb,A100,40GB,SXM,Ethernet,OnDemand,NonInterruptible,OnDemand,US-Central,US,HIF,T3IF,T1,3.4837,True,local-nvme,Available,v2.2.1
2026-06-12,gcp,a100-sxm-40gb,A100,40GB,SXM,Ethernet,OnDemand,NonInterruptible,OnDemand,US-East,US,HIF,T3IF,T1,3.4837,True,local-nvme,Available,v2.2.1
2026-06-12,gcp,a100-sxm-40gb,A100,40GB,SXM,Ethernet,OnDemand,NonInterruptible,OnDemand,US-West,US,HIF,T3IF,T1,3.4837,True,local-nvme,Available,v2.2.1
2026-06-12,gcp,a100-sxm-40gb,A100,40GB,SXM,Ethernet,OnDemand,NonInterruptible,OnDemand,US-South,US,HIF,T3IF,T1,4.1108,True,local-nvme,Available,v2.2.1
2026-06-12,gcp,a100-sxm-40gb,A100,40GB,SXM,Ethernet,1Y,NonInterruptible,Reserved,US-South,US,HIF,T3IF,T1,2.8298,True,local-nvme,Available,v2.2.1
2026-06-12,gcp,a100-sxm-40gb,A100,40GB,SXM,Ethernet,1Y,NonInterruptible,Reserved,US-East,US,HIF,T3IF,T1,2.3982,True,local-nvme,Available,v2.2.1
2026-06-12,gcp,a100-sxm-40gb,A100,40GB,SXM,Ethernet,1Y,NonInterruptible,Reserved,US-West,US,HIF,T3IF,T1,2.8448,True,local-nvme,Available,v2.2.1
2026-06-12,gcp,a100-sxm-40gb,A100,40GB,SXM,Ethernet,1Y,NonInterruptible,Reserved,US-Central,US,HIF,T3IF,T1,2.3982,True,local-nvme,Available,v2.2.1
2026-06-12,gcp,a100-sxm-40gb,A100,40GB,SXM,Ethernet,3Y,NonInterruptible,Reserved,US-West,US,HIF,T3IF,T1,1.8156,True,local-nvme,Available,v2.2.1
2026-06-12,gcp,a100-sxm-40gb,A100,40GB,SXM,Ethernet,3Y,NonInterruptible,Reserved,US-East,US,HIF,T3IF,T1,1.7102,True,local-nvme,Available,v2.2.1
2026-06-12,gcp,a100-sxm-40gb,A100,40GB,SXM,Ethernet,3Y,NonInterruptible,Reserved,US-South,US,HIF,T3IF,T1,1.8605,True,local-nvme,Available,v2.2.1
2026-06-12,gcp,a100-sxm-40gb,A100,40GB,SXM,Ethernet,3Y,NonInterruptible,Reserved,US-Central,US,HIF,T3IF,T1,1.5767,True,local-nvme,Available,v2.2.1
2026-06-12,gcp,a100-sxm-40gb,A100,40GB,SXM,Ethernet,OnDemand,Interruptible,Spot,US-South,US,DIF,T3IF,T1,0.4764,True,local-nvme,Available,v2.2.1
2026-06-12,gcp,a100-sxm-40gb,A100,40GB,SXM,Ethernet,OnDemand,Interruptible,Spot,US-West,US,DIF,T3IF,T1,0.3961,True,local-nvme,Available,v2.2.1
2026-06-12,gcp,a100-sxm-40gb,A100,40GB,SXM,Ethernet,OnDemand,Interruptible,Spot,US-Central,US,DIF,T3IF,T1,1.7415,True,local-nvme,Available,v2.2.1
2026-06-12,gcp,a100-sxm-40gb,A100,40GB,SXM,Ethernet,OnDemand,Interruptible,Spot,US-East,US,DIF,T3IF,T1,1.7415,True,local-nvme,Available,v2.2.1
2026-06-12,oci,a100-sxm-40gb,A100,40GB,SXM,RoCE-v2,OnDemand,NonInterruptible,OnDemand,US-East,US,HIF,T2IF,T1,3.0500,True,local-nvme;egress-capped;managed-ops-plane;support-tier;observability,Available,v2.2.1
2026-06-13,aws,a100-sxm-40gb,A100,40GB,SXM,EFA,OnDemand,NonInterruptible,OnDemand,US-East,US,HIF,T2IF,T1,2.7447,True,local-nvme;managed-ops-plane;support-tier;observability,Available,v2.2.1
2026-06-13,aws,a100-sxm-40gb,A100,40GB,SXM,EFA,1Y,NonInterruptible,Reserved,US-East,US,HIF,T2IF,T1,1.7401,True,local-nvme;managed-ops-plane;support-tier;observability,Available,v2.2.1
2026-06-13,aws,a100-sxm-40gb,A100,40GB,SXM,EFA,3Y,NonInterruptible,Reserved,US-East,US,HIF,T2IF,T1,1.1718,True,local-nvme;managed-ops-plane;support-tier;observability,Available,v2.2.1
2026-06-13,aws,a100-sxm-40gb,A100,40GB,SXM,EFA,OnDemand,Interruptible,Spot,US-East,US,DIF,T2IF,T1,1.7045,False,,Available,v2.2.1
2026-06-13,aws,a100-sxm-40gb,A100,40GB,SXM,EFA,OnDemand,Interruptible,Spot,US-West,US,DIF,T2IF,T1,1.4915,False,,Available,v2.2.1
2026-06-13,datacrunch,a100-sxm-40gb,A100,40GB,SXM,IB-HDR,OnDemand,NonInterruptible,OnDemand,EU,EU,SIF,T2IF,T2,1.2900,True,local-nvme,Available,v2.2.1
2026-06-13,datacrunch,a100-sxm-40gb,A100,40GB,SXM,IB-HDR,OnDemand,Interruptible,Spot,EU,EU,DIF,T2IF,T2,0.4515,True,local-nvme,Available,v2.2.1
2026-06-13,gcp,a100-sxm-40gb,A100,40GB,SXM,Ethernet,OnDemand,NonInterruptible,OnDemand,US-Central,US,HIF,T3IF,T1,3.4837,True,local-nvme,Available,v2.2.1
2026-06-13,gcp,a100-sxm-40gb,A100,40GB,SXM,Ethernet,OnDemand,NonInterruptible,OnDemand,US-East,US,HIF,T3IF,T1,3.4837,True,local-nvme,Available,v2.2.1
2026-06-13,gcp,a100-sxm-40gb,A100,40GB,SXM,Ethernet,OnDemand,NonInterruptible,OnDemand,US-West,US,HIF,T3IF,T1,3.4837,True,local-nvme,Available,v2.2.1
2026-06-13,gcp,a100-sxm-40gb,A100,40GB,SXM,Ethernet,OnDemand,NonInterruptible,OnDemand,US-South,US,HIF,T3IF,T1,4.1108,True,local-nvme,Available,v2.2.1
2026-06-13,gcp,a100-sxm-40gb,A100,40GB,SXM,Ethernet,1Y,NonInterruptible,Reserved,US-South,US,HIF,T3IF,T1,2.8298,True,local-nvme,Available,v2.2.1
2026-06-13,gcp,a100-sxm-40gb,A100,40GB,SXM,Ethernet,1Y,NonInterruptible,Reserved,US-East,US,HIF,T3IF,T1,2.3982,True,local-nvme,Available,v2.2.1
2026-06-13,gcp,a100-sxm-40gb,A100,40GB,SXM,Ethernet,1Y,NonInterruptible,Reserved,US-West,US,HIF,T3IF,T1,2.8448,True,local-nvme,Available,v2.2.1
2026-06-13,gcp,a100-sxm-40gb,A100,40GB,SXM,Ethernet,1Y,NonInterruptible,Reserved,US-Central,US,HIF,T3IF,T1,2.3982,True,local-nvme,Available,v2.2.1
2026-06-13,gcp,a100-sxm-40gb,A100,40GB,SXM,Ethernet,3Y,NonInterruptible,Reserved,US-West,US,HIF,T3IF,T1,1.8156,True,local-nvme,Available,v2.2.1
2026-06-13,gcp,a100-sxm-40gb,A100,40GB,SXM,Ethernet,3Y,NonInterruptible,Reserved,US-East,US,HIF,T3IF,T1,1.7102,True,local-nvme,Available,v2.2.1
2026-06-13,gcp,a100-sxm-40gb,A100,40GB,SXM,Ethernet,3Y,NonInterruptible,Reserved,US-South,US,HIF,T3IF,T1,1.8605,True,local-nvme,Available,v2.2.1
2026-06-13,gcp,a100-sxm-40gb,A100,40GB,SXM,Ethernet,3Y,NonInterruptible,Reserved,US-Central,US,HIF,T3IF,T1,1.5767,True,local-nvme,Available,v2.2.1
2026-06-13,gcp,a100-sxm-40gb,A100,40GB,SXM,Ethernet,OnDemand,Interruptible,Spot,US-South,US,DIF,T3IF,T1,0.4764,True,local-nvme,Available,v2.2.1
2026-06-13,gcp,a100-sxm-40gb,A100,40GB,SXM,Ethernet,OnDemand,Interruptible,Spot,US-West,US,DIF,T3IF,T1,0.3961,True,local-nvme,Available,v2.2.1
2026-06-13,gcp,a100-sxm-40gb,A100,40GB,SXM,Ethernet,OnDemand,Interruptible,Spot,US-Central,US,DIF,T3IF,T1,1.7415,True,local-nvme,Available,v2.2.1
2026-06-13,gcp,a100-sxm-40gb,A100,40GB,SXM,Ethernet,OnDemand,Interruptible,Spot,US-East,US,DIF,T3IF,T1,1.7415,True,local-nvme,Available,v2.2.1
2026-06-13,oci,a100-sxm-40gb,A100,40GB,SXM,RoCE-v2,OnDemand,NonInterruptible,OnDemand,US-East,US,HIF,T2IF,T1,3.0500,True,local-nvme;egress-capped;managed-ops-plane;support-tier;observability,Available,v2.2.1
2026-06-14,aws,a100-sxm-40gb,A100,40GB,SXM,EFA,OnDemand,NonInterruptible,OnDemand,US-East,US,HIF,T2IF,T1,2.7447,True,local-nvme;managed-ops-plane;support-tier;observability,Available,v2.2.1
2026-06-14,aws,a100-sxm-40gb,A100,40GB,SXM,EFA,1Y,NonInterruptible,Reserved,US-East,US,HIF,T2IF,T1,1.7401,True,local-nvme;managed-ops-plane;support-tier;observability,Available,v2.2.1
2026-06-14,aws,a100-sxm-40gb,A100,40GB,SXM,EFA,3Y,NonInterruptible,Reserved,US-East,US,HIF,T2IF,T1,1.1718,True,local-nvme;managed-ops-plane;support-tier;observability,Available,v2.2.1
2026-06-14,aws,a100-sxm-40gb,A100,40GB,SXM,EFA,OnDemand,Interruptible,Spot,US-East,US,DIF,T2IF,T1,1.7282,False,,Available,v2.2.1
2026-06-14,aws,a100-sxm-40gb,A100,40GB,SXM,EFA,OnDemand,Interruptible,Spot,US-West,US,DIF,T2IF,T1,1.4761,False,,Available,v2.2.1
2026-06-14,datacrunch,a100-sxm-40gb,A100,40GB,SXM,IB-HDR,OnDemand,NonInterruptible,OnDemand,EU,EU,SIF,T2IF,T2,1.2900,True,local-nvme,Available,v2.2.1
2026-06-14,datacrunch,a100-sxm-40gb,A100,40GB,SXM,IB-HDR,OnDemand,Interruptible,Spot,EU,EU,DIF,T2IF,T2,0.4515,True,local-nvme,Available,v2.2.1
2026-06-14,gcp,a100-sxm-40gb,A100,40GB,SXM,Ethernet,OnDemand,NonInterruptible,OnDemand,US-Central,US,HIF,T3IF,T1,3.4837,True,local-nvme,Available,v2.2.1
2026-06-14,gcp,a100-sxm-40gb,A100,40GB,SXM,Ethernet,OnDemand,NonInterruptible,OnDemand,US-East,US,HIF,T3IF,T1,3.4837,True,local-nvme,Available,v2.2.1
2026-06-14,gcp,a100-sxm-40gb,A100,40GB,SXM,Ethernet,OnDemand,NonInterruptible,OnDemand,US-West,US,HIF,T3IF,T1,3.4837,True,local-nvme,Available,v2.2.1
2026-06-14,gcp,a100-sxm-40gb,A100,40GB,SXM,Ethernet,OnDemand,NonInterruptible,OnDemand,US-South,US,HIF,T3IF,T1,4.1108,True,local-nvme,Available,v2.2.1
2026-06-14,gcp,a100-sxm-40gb,A100,40GB,SXM,Ethernet,1Y,NonInterruptible,Reserved,US-South,US,HIF,T3IF,T1,2.8298,True,local-nvme,Available,v2.2.1
2026-06-14,gcp,a100-sxm-40gb,A100,40GB,SXM,Ethernet,1Y,NonInterruptible,Reserved,US-East,US,HIF,T3IF,T1,2.3982,True,local-nvme,Available,v2.2.1
2026-06-14,gcp,a100-sxm-40gb,A100,40GB,SXM,Ethernet,1Y,NonInterruptible,Reserved,US-West,US,HIF,T3IF,T1,2.8448,True,local-nvme,Available,v2.2.1
2026-06-14,gcp,a100-sxm-40gb,A100,40GB,SXM,Ethernet,1Y,NonInterruptible,Reserved,US-Central,US,HIF,T3IF,T1,2.3982,True,local-nvme,Available,v2.2.1
2026-06-14,gcp,a100-sxm-40gb,A100,40GB,SXM,Ethernet,3Y,NonInterruptible,Reserved,US-West,US,HIF,T3IF,T1,1.8156,True,local-nvme,Available,v2.2.1
2026-06-14,gcp,a100-sxm-40gb,A100,40GB,SXM,Ethernet,3Y,NonInterruptible,Reserved,US-East,US,HIF,T3IF,T1,1.7102,True,local-nvme,Available,v2.2.1
2026-06-14,gcp,a100-sxm-40gb,A100,40GB,SXM,Ethernet,3Y,NonInterruptible,Reserved,US-South,US,HIF,T3IF,T1,1.8605,True,local-nvme,Available,v2.2.1
2026-06-14,gcp,a100-sxm-40gb,A100,40GB,SXM,Ethernet,3Y,NonInterruptible,Reserved,US-Central,US,HIF,T3IF,T1,1.5767,True,local-nvme,Available,v2.2.1
2026-06-14,gcp,a100-sxm-40gb,A100,40GB,SXM,Ethernet,OnDemand,Interruptible,Spot,US-South,US,DIF,T3IF,T1,0.4764,True,local-nvme,Available,v2.2.1
2026-06-14,gcp,a100-sxm-40gb,A100,40GB,SXM,Ethernet,OnDemand,Interruptible,Spot,US-West,US,DIF,T3IF,T1,0.3961,True,local-nvme,Available,v2.2.1
2026-06-14,gcp,a100-sxm-40gb,A100,40GB,SXM,Ethernet,OnDemand,Interruptible,Spot,US-Central,US,DIF,T3IF,T1,1.7415,True,local-nvme,Available,v2.2.1
2026-06-14,gcp,a100-sxm-40gb,A100,40GB,SXM,Ethernet,OnDemand,Interruptible,Spot,US-East,US,DIF,T3IF,T1,1.7415,True,local-nvme,Available,v2.2.1
2026-06-14,oci,a100-sxm-40gb,A100,40GB,SXM,RoCE-v2,OnDemand,NonInterruptible,OnDemand,US-East,US,HIF,T2IF,T1,3.0500,True,local-nvme;egress-capped;managed-ops-plane;support-tier;observability,Available,v2.2.1
2026-06-15,aws,a100-sxm-40gb,A100,40GB,SXM,EFA,OnDemand,NonInterruptible,OnDemand,US-East,US,HIF,T2IF,T1,2.7447,True,local-nvme;managed-ops-plane;support-tier;observability,Available,v2.2.1
2026-06-15,aws,a100-sxm-40gb,A100,40GB,SXM,EFA,1Y,NonInterruptible,Reserved,US-East,US,HIF,T2IF,T1,1.7401,True,local-nvme;managed-ops-plane;support-tier;observability,Available,v2.2.1
2026-06-15,aws,a100-sxm-40gb,A100,40GB,SXM,EFA,3Y,NonInterruptible,Reserved,US-East,US,HIF,T2IF,T1,1.1718,True,local-nvme;managed-ops-plane;support-tier;observability,Available,v2.2.1
2026-06-15,aws,a100-sxm-40gb,A100,40GB,SXM,EFA,OnDemand,Interruptible,Spot,US-West,US,DIF,T2IF,T1,1.4450,False,,Available,v2.2.1
2026-06-15,aws,a100-sxm-40gb,A100,40GB,SXM,EFA,OnDemand,Interruptible,Spot,US-East,US,DIF,T2IF,T1,1.7814,False,,Available,v2.2.1
2026-06-15,datacrunch,a100-sxm-40gb,A100,40GB,SXM,IB-HDR,OnDemand,NonInterruptible,OnDemand,EU,EU,SIF,T2IF,T2,1.2900,True,local-nvme,Available,v2.2.1
2026-06-15,datacrunch,a100-sxm-40gb,A100,40GB,SXM,IB-HDR,OnDemand,Interruptible,Spot,EU,EU,DIF,T2IF,T2,0.4515,True,local-nvme,Available,v2.2.1
2026-06-15,gcp,a100-sxm-40gb,A100,40GB,SXM,Ethernet,OnDemand,NonInterruptible,OnDemand,US-Central,US,HIF,T3IF,T1,3.4837,True,local-nvme,Available,v2.2.1
2026-06-15,gcp,a100-sxm-40gb,A100,40GB,SXM,Ethernet,OnDemand,NonInterruptible,OnDemand,US-East,US,HIF,T3IF,T1,3.4837,True,local-nvme,Available,v2.2.1
2026-06-15,gcp,a100-sxm-40gb,A100,40GB,SXM,Ethernet,OnDemand,NonInterruptible,OnDemand,US-West,US,HIF,T3IF,T1,3.4837,True,local-nvme,Available,v2.2.1
2026-06-15,gcp,a100-sxm-40gb,A100,40GB,SXM,Ethernet,OnDemand,NonInterruptible,OnDemand,US-South,US,HIF,T3IF,T1,4.1108,True,local-nvme,Available,v2.2.1
2026-06-15,gcp,a100-sxm-40gb,A100,40GB,SXM,Ethernet,1Y,NonInterruptible,Reserved,US-South,US,HIF,T3IF,T1,2.8298,True,local-nvme,Available,v2.2.1
2026-06-15,gcp,a100-sxm-40gb,A100,40GB,SXM,Ethernet,1Y,NonInterruptible,Reserved,US-East,US,HIF,T3IF,T1,2.3982,True,local-nvme,Available,v2.2.1
2026-06-15,gcp,a100-sxm-40gb,A100,40GB,SXM,Ethernet,1Y,NonInterruptible,Reserved,US-West,US,HIF,T3IF,T1,2.8448,True,local-nvme,Available,v2.2.1
2026-06-15,gcp,a100-sxm-40gb,A100,40GB,SXM,Ethernet,1Y,NonInterruptible,Reserved,US-Central,US,HIF,T3IF,T1,2.3982,True,local-nvme,Available,v2.2.1
2026-06-15,gcp,a100-sxm-40gb,A100,40GB,SXM,Ethernet,3Y,NonInterruptible,Reserved,US-West,US,HIF,T3IF,T1,1.8156,True,local-nvme,Available,v2.2.1
2026-06-15,gcp,a100-sxm-40gb,A100,40GB,SXM,Ethernet,3Y,NonInterruptible,Reserved,US-South,US,HIF,T3IF,T1,1.8605,True,local-nvme,Available,v2.2.1
2026-06-15,gcp,a100-sxm-40gb,A100,40GB,SXM,Ethernet,3Y,NonInterruptible,Reserved,US-Central,US,HIF,T3IF,T1,1.5767,True,local-nvme,Available,v2.2.1
2026-06-15,gcp,a100-sxm-40gb,A100,40GB,SXM,Ethernet,3Y,NonInterruptible,Reserved,US-East,US,HIF,T3IF,T1,1.7102,True,local-nvme,Available,v2.2.1
2026-06-15,gcp,a100-sxm-40gb,A100,40GB,SXM,Ethernet,OnDemand,Interruptible,Spot,US-South,US,DIF,T3IF,T1,0.4764,True,local-nvme,Available,v2.2.1
2026-06-15,gcp,a100-sxm-40gb,A100,40GB,SXM,Ethernet,OnDemand,Interruptible,Spot,US-West,US,DIF,T3IF,T1,0.3961,True,local-nvme,Available,v2.2.1
2026-06-15,gcp,a100-sxm-40gb,A100,40GB,SXM,Ethernet,OnDemand,Interruptible,Spot,US-Central,US,DIF,T3IF,T1,1.7415,True,local-nvme,Available,v2.2.1
2026-06-15,gcp,a100-sxm-40gb,A100,40GB,SXM,Ethernet,OnDemand,Interruptible,Spot,US-East,US,DIF,T3IF,T1,1.7415,True,local-nvme,Available,v2.2.1
2026-06-15,oci,a100-sxm-40gb,A100,40GB,SXM,RoCE-v2,OnDemand,NonInterruptible,OnDemand,US-East,US,HIF,T2IF,T1,3.0500,True,local-nvme;egress-capped;managed-ops-plane;support-tier;observability,Available,v2.2.1
2026-06-16,aws,a100-sxm-40gb,A100,40GB,SXM,EFA,OnDemand,NonInterruptible,OnDemand,US-East,US,HIF,T2IF,T1,2.7447,True,local-nvme;managed-ops-plane;support-tier;observability,Available,v2.2.1
2026-06-16,aws,a100-sxm-40gb,A100,40GB,SXM,EFA,1Y,NonInterruptible,Reserved,US-East,US,HIF,T2IF,T1,1.7401,True,local-nvme;managed-ops-plane;support-tier;observability,Available,v2.2.1
2026-06-16,aws,a100-sxm-40gb,A100,40GB,SXM,EFA,3Y,NonInterruptible,Reserved,US-East,US,HIF,T2IF,T1,1.1718,True,local-nvme;managed-ops-plane;support-tier;observability,Available,v2.2.1
2026-06-16,aws,a100-sxm-40gb,A100,40GB,SXM,EFA,OnDemand,Interruptible,Spot,US-East,US,DIF,T2IF,T1,1.8289,False,,Available,v2.2.1
2026-06-16,aws,a100-sxm-40gb,A100,40GB,SXM,EFA,OnDemand,Interruptible,Spot,US-West,US,DIF,T2IF,T1,1.3995,False,,Available,v2.2.1
2026-06-16,datacrunch,a100-sxm-40gb,A100,40GB,SXM,IB-HDR,OnDemand,NonInterruptible,OnDemand,EU,EU,SIF,T2IF,T2,1.2900,True,local-nvme,Available,v2.2.1
2026-06-16,datacrunch,a100-sxm-40gb,A100,40GB,SXM,IB-HDR,OnDemand,Interruptible,Spot,EU,EU,DIF,T2IF,T2,0.4515,True,local-nvme,Available,v2.2.1
2026-06-16,gcp,a100-sxm-40gb,A100,40GB,SXM,Ethernet,OnDemand,NonInterruptible,OnDemand,US-Central,US,HIF,T3IF,T1,3.4837,True,local-nvme,Available,v2.2.1
2026-06-16,gcp,a100-sxm-40gb,A100,40GB,SXM,Ethernet,OnDemand,NonInterruptible,OnDemand,US-East,US,HIF,T3IF,T1,3.4837,True,local-nvme,Available,v2.2.1
2026-06-16,gcp,a100-sxm-40gb,A100,40GB,SXM,Ethernet,OnDemand,NonInterruptible,OnDemand,US-West,US,HIF,T3IF,T1,3.4837,True,local-nvme,Available,v2.2.1
2026-06-16,gcp,a100-sxm-40gb,A100,40GB,SXM,Ethernet,OnDemand,NonInterruptible,OnDemand,US-South,US,HIF,T3IF,T1,4.1108,True,local-nvme,Available,v2.2.1
2026-06-16,gcp,a100-sxm-40gb,A100,40GB,SXM,Ethernet,1Y,NonInterruptible,Reserved,US-South,US,HIF,T3IF,T1,2.8298,True,local-nvme,Available,v2.2.1
2026-06-16,gcp,a100-sxm-40gb,A100,40GB,SXM,Ethernet,1Y,NonInterruptible,Reserved,US-East,US,HIF,T3IF,T1,2.3982,True,local-nvme,Available,v2.2.1
2026-06-16,gcp,a100-sxm-40gb,A100,40GB,SXM,Ethernet,1Y,NonInterruptible,Reserved,US-West,US,HIF,T3IF,T1,2.8448,True,local-nvme,Available,v2.2.1
2026-06-16,gcp,a100-sxm-40gb,A100,40GB,SXM,Ethernet,1Y,NonInterruptible,Reserved,US-Central,US,HIF,T3IF,T1,2.3982,True,local-nvme,Available,v2.2.1
2026-06-16,gcp,a100-sxm-40gb,A100,40GB,SXM,Ethernet,3Y,NonInterruptible,Reserved,US-West,US,HIF,T3IF,T1,1.8156,True,local-nvme,Available,v2.2.1
2026-06-16,gcp,a100-sxm-40gb,A100,40GB,SXM,Ethernet,3Y,NonInterruptible,Reserved,US-East,US,HIF,T3IF,T1,1.7102,True,local-nvme,Available,v2.2.1
2026-06-16,gcp,a100-sxm-40gb,A100,40GB,SXM,Ethernet,3Y,NonInterruptible,Reserved,US-South,US,HIF,T3IF,T1,1.8605,True,local-nvme,Available,v2.2.1
2026-06-16,gcp,a100-sxm-40gb,A100,40GB,SXM,Ethernet,3Y,NonInterruptible,Reserved,US-Central,US,HIF,T3IF,T1,1.5767,True,local-nvme,Available,v2.2.1
2026-06-16,gcp,a100-sxm-40gb,A100,40GB,SXM,Ethernet,OnDemand,Interruptible,Spot,US-South,US,DIF,T3IF,T1,0.4764,True,local-nvme,Available,v2.2.1
2026-06-16,gcp,a100-sxm-40gb,A100,40GB,SXM,Ethernet,OnDemand,Interruptible,Spot,US-West,US,DIF,T3IF,T1,0.3961,True,local-nvme,Available,v2.2.1
2026-06-16,gcp,a100-sxm-40gb,A100,40GB,SXM,Ethernet,OnDemand,Interruptible,Spot,US-Central,US,DIF,T3IF,T1,1.7415,True,local-nvme,Available,v2.2.1
2026-06-16,gcp,a100-sxm-40gb,A100,40GB,SXM,Ethernet,OnDemand,Interruptible,Spot,US-East,US,DIF,T3IF,T1,1.7415,True,local-nvme,Available,v2.2.1
2026-06-16,oci,a100-sxm-40gb,A100,40GB,SXM,RoCE-v2,OnDemand,NonInterruptible,OnDemand,US-East,US,HIF,T2IF,T1,3.0500,True,local-nvme;egress-capped;managed-ops-plane;support-tier;observability,Available,v2.2.1
2026-06-17,aws,a100-sxm-40gb,A100,40GB,SXM,EFA,OnDemand,NonInterruptible,OnDemand,US-East,US,HIF,T2IF,T1,2.7447,True,local-nvme;managed-ops-plane;support-tier;observability,Available,v2.2.1
2026-06-17,aws,a100-sxm-40gb,A100,40GB,SXM,EFA,1Y,NonInterruptible,Reserved,US-East,US,HIF,T2IF,T1,1.7401,True,local-nvme;managed-ops-plane;support-tier;observability,Available,v2.2.1
2026-06-17,aws,a100-sxm-40gb,A100,40GB,SXM,EFA,3Y,NonInterruptible,Reserved,US-East,US,HIF,T2IF,T1,1.1718,True,local-nvme;managed-ops-plane;support-tier;observability,Available,v2.2.1
2026-06-17,aws,a100-sxm-40gb,A100,40GB,SXM,EFA,OnDemand,Interruptible,Spot,US-West,US,DIF,T2IF,T1,1.3958,False,,Available,v2.2.1
2026-06-17,aws,a100-sxm-40gb,A100,40GB,SXM,EFA,OnDemand,Interruptible,Spot,US-East,US,DIF,T2IF,T1,1.8175,False,,Available,v2.2.1
2026-06-17,datacrunch,a100-sxm-40gb,A100,40GB,SXM,IB-HDR,OnDemand,NonInterruptible,OnDemand,EU,EU,SIF,T2IF,T2,1.2900,True,local-nvme,Available,v2.2.1
2026-06-17,datacrunch,a100-sxm-40gb,A100,40GB,SXM,IB-HDR,OnDemand,Interruptible,Spot,EU,EU,DIF,T2IF,T2,0.4515,True,local-nvme,Available,v2.2.1
2026-06-17,e2e,a100-sxm-40gb,A100,40GB,SXM,Unknown,OnDemand,NonInterruptible,OnDemand,APAC,APAC,IIF,T3IF,T2,1.9800,True,managed-ops-plane,Available,v2.2.1
2026-06-17,gcp,a100-sxm-40gb,A100,40GB,SXM,Ethernet,OnDemand,NonInterruptible,OnDemand,US-Central,US,HIF,T3IF,T1,3.4837,True,local-nvme,Available,v2.2.1
2026-06-17,gcp,a100-sxm-40gb,A100,40GB,SXM,Ethernet,OnDemand,NonInterruptible,OnDemand,US-East,US,HIF,T3IF,T1,3.4837,True,local-nvme,Available,v2.2.1
2026-06-17,gcp,a100-sxm-40gb,A100,40GB,SXM,Ethernet,OnDemand,NonInterruptible,OnDemand,US-West,US,HIF,T3IF,T1,3.4837,True,local-nvme,Available,v2.2.1
2026-06-17,gcp,a100-sxm-40gb,A100,40GB,SXM,Ethernet,OnDemand,NonInterruptible,OnDemand,US-South,US,HIF,T3IF,T1,4.1108,True,local-nvme,Available,v2.2.1
2026-06-17,gcp,a100-sxm-40gb,A100,40GB,SXM,Ethernet,1Y,NonInterruptible,Reserved,US-South,US,HIF,T3IF,T1,2.8298,True,local-nvme,Available,v2.2.1
2026-06-17,gcp,a100-sxm-40gb,A100,40GB,SXM,Ethernet,1Y,NonInterruptible,Reserved,US-East,US,HIF,T3IF,T1,2.3982,True,local-nvme,Available,v2.2.1
2026-06-17,gcp,a100-sxm-40gb,A100,40GB,SXM,Ethernet,1Y,NonInterruptible,Reserved,US-West,US,HIF,T3IF,T1,2.8448,True,local-nvme,Available,v2.2.1
2026-06-17,gcp,a100-sxm-40gb,A100,40GB,SXM,Ethernet,1Y,NonInterruptible,Reserved,US-Central,US,HIF,T3IF,T1,2.3982,True,local-nvme,Available,v2.2.1
2026-06-17,gcp,a100-sxm-40gb,A100,40GB,SXM,Ethernet,3Y,NonInterruptible,Reserved,US-West,US,HIF,T3IF,T1,1.8156,True,local-nvme,Available,v2.2.1
2026-06-17,gcp,a100-sxm-40gb,A100,40GB,SXM,Ethernet,3Y,NonInterruptible,Reserved,US-East,US,HIF,T3IF,T1,1.7102,True,local-nvme,Available,v2.2.1
2026-06-17,gcp,a100-sxm-40gb,A100,40GB,SXM,Ethernet,3Y,NonInterruptible,Reserved,US-South,US,HIF,T3IF,T1,1.8605,True,local-nvme,Available,v2.2.1
2026-06-17,gcp,a100-sxm-40gb,A100,40GB,SXM,Ethernet,3Y,NonInterruptible,Reserved,US-Central,US,HIF,T3IF,T1,1.5767,True,local-nvme,Available,v2.2.1
2026-06-17,gcp,a100-sxm-40gb,A100,40GB,SXM,Ethernet,OnDemand,Interruptible,Spot,US-South,US,DIF,T3IF,T1,0.4764,True,local-nvme,Available,v2.2.1
2026-06-17,gcp,a100-sxm-40gb,A100,40GB,SXM,Ethernet,OnDemand,Interruptible,Spot,US-West,US,DIF,T3IF,T1,0.3961,True,local-nvme,Available,v2.2.1
2026-06-17,gcp,a100-sxm-40gb,A100,40GB,SXM,Ethernet,OnDemand,Interruptible,Spot,US-Central,US,DIF,T3IF,T1,1.7415,True,local-nvme,Available,v2.2.1
2026-06-17,gcp,a100-sxm-40gb,A100,40GB,SXM,Ethernet,OnDemand,Interruptible,Spot,US-East,US,DIF,T3IF,T1,1.7415,True,local-nvme,Available,v2.2.1
2026-06-17,jarvislabs,a100-sxm-40gb,A100,40GB,SXM,Unknown,OnDemand,NonInterruptible,OnDemand,APAC,APAC,IIF,T3IF,T2,0.8900,False,,Available,v2.2.1
2026-06-17,oci,a100-sxm-40gb,A100,40GB,SXM,RoCE-v2,OnDemand,NonInterruptible,OnDemand,US-East,US,HIF,T2IF,T1,3.0500,True,local-nvme;egress-capped;managed-ops-plane;support-tier;observability,Available,v2.2.1
2026-06-18,aws,a100-sxm-40gb,A100,40GB,SXM,EFA,OnDemand,NonInterruptible,OnDemand,US-East,US,HIF,T2IF,T1,2.7447,True,local-nvme;managed-ops-plane;support-tier;observability,Available,v2.2.1
2026-06-18,aws,a100-sxm-40gb,A100,40GB,SXM,EFA,1Y,NonInterruptible,Reserved,US-East,US,HIF,T2IF,T1,1.7401,True,local-nvme;managed-ops-plane;support-tier;observability,Available,v2.2.1
2026-06-18,aws,a100-sxm-40gb,A100,40GB,SXM,EFA,3Y,NonInterruptible,Reserved,US-East,US,HIF,T2IF,T1,1.1718,True,local-nvme;managed-ops-plane;support-tier;observability,Available,v2.2.1
2026-06-18,aws,a100-sxm-40gb,A100,40GB,SXM,EFA,OnDemand,Interruptible,Spot,US-West,US,DIF,T2IF,T1,1.3787,False,,Available,v2.2.1
2026-06-18,aws,a100-sxm-40gb,A100,40GB,SXM,EFA,OnDemand,Interruptible,Spot,US-East,US,DIF,T2IF,T1,1.7768,False,,Available,v2.2.1
2026-06-18,datacrunch,a100-sxm-40gb,A100,40GB,SXM,IB-HDR,OnDemand,NonInterruptible,OnDemand,EU,EU,SIF,T2IF,T2,1.2900,True,local-nvme,Available,v2.2.1
2026-06-18,datacrunch,a100-sxm-40gb,A100,40GB,SXM,IB-HDR,OnDemand,Interruptible,Spot,EU,EU,DIF,T2IF,T2,0.4515,True,local-nvme,Available,v2.2.1
2026-06-18,e2e,a100-sxm-40gb,A100,40GB,SXM,Unknown,OnDemand,NonInterruptible,OnDemand,APAC,APAC,IIF,T3IF,T2,1.9800,True,managed-ops-plane,Available,v2.2.1
2026-06-18,gcp,a100-sxm-40gb,A100,40GB,SXM,Ethernet,OnDemand,NonInterruptible,OnDemand,US-Central,US,HIF,T3IF,T1,3.4837,True,local-nvme,Available,v2.2.1
2026-06-18,gcp,a100-sxm-40gb,A100,40GB,SXM,Ethernet,OnDemand,NonInterruptible,OnDemand,US-East,US,HIF,T3IF,T1,3.4837,True,local-nvme,Available,v2.2.1
2026-06-18,gcp,a100-sxm-40gb,A100,40GB,SXM,Ethernet,OnDemand,NonInterruptible,OnDemand,US-West,US,HIF,T3IF,T1,3.4837,True,local-nvme,Available,v2.2.1
2026-06-18,gcp,a100-sxm-40gb,A100,40GB,SXM,Ethernet,OnDemand,NonInterruptible,OnDemand,US-South,US,HIF,T3IF,T1,4.1108,True,local-nvme,Available,v2.2.1
2026-06-18,gcp,a100-sxm-40gb,A100,40GB,SXM,Ethernet,1Y,NonInterruptible,Reserved,US-South,US,HIF,T3IF,T1,2.8298,True,local-nvme,Available,v2.2.1
2026-06-18,gcp,a100-sxm-40gb,A100,40GB,SXM,Ethernet,1Y,NonInterruptible,Reserved,US-East,US,HIF,T3IF,T1,2.3982,True,local-nvme,Available,v2.2.1
2026-06-18,gcp,a100-sxm-40gb,A100,40GB,SXM,Ethernet,1Y,NonInterruptible,Reserved,US-West,US,HIF,T3IF,T1,2.8448,True,local-nvme,Available,v2.2.1
2026-06-18,gcp,a100-sxm-40gb,A100,40GB,SXM,Ethernet,1Y,NonInterruptible,Reserved,US-Central,US,HIF,T3IF,T1,2.3982,True,local-nvme,Available,v2.2.1
2026-06-18,gcp,a100-sxm-40gb,A100,40GB,SXM,Ethernet,3Y,NonInterruptible,Reserved,US-West,US,HIF,T3IF,T1,1.8156,True,local-nvme,Available,v2.2.1
2026-06-18,gcp,a100-sxm-40gb,A100,40GB,SXM,Ethernet,3Y,NonInterruptible,Reserved,US-East,US,HIF,T3IF,T1,1.7102,True,local-nvme,Available,v2.2.1
2026-06-18,gcp,a100-sxm-40gb,A100,40GB,SXM,Ethernet,3Y,NonInterruptible,Reserved,US-South,US,HIF,T3IF,T1,1.8605,True,local-nvme,Available,v2.2.1
2026-06-18,gcp,a100-sxm-40gb,A100,40GB,SXM,Ethernet,3Y,NonInterruptible,Reserved,US-Central,US,HIF,T3IF,T1,1.5767,True,local-nvme,Available,v2.2.1
2026-06-18,gcp,a100-sxm-40gb,A100,40GB,SXM,Ethernet,OnDemand,Interruptible,Spot,US-South,US,DIF,T3IF,T1,0.4764,True,local-nvme,Available,v2.2.1
2026-06-18,gcp,a100-sxm-40gb,A100,40GB,SXM,Ethernet,OnDemand,Interruptible,Spot,US-West,US,DIF,T3IF,T1,0.3961,True,local-nvme,Available,v2.2.1
2026-06-18,gcp,a100-sxm-40gb,A100,40GB,SXM,Ethernet,OnDemand,Interruptible,Spot,US-Central,US,DIF,T3IF,T1,1.7415,True,local-nvme,Available,v2.2.1
2026-06-18,gcp,a100-sxm-40gb,A100,40GB,SXM,Ethernet,OnDemand,Interruptible,Spot,US-East,US,DIF,T3IF,T1,1.7415,True,local-nvme,Available,v2.2.1
2026-06-18,jarvislabs,a100-sxm-40gb,A100,40GB,SXM,Unknown,OnDemand,NonInterruptible,OnDemand,APAC,APAC,IIF,T3IF,T2,0.8900,False,,Available,v2.2.1
2026-06-18,oci,a100-sxm-40gb,A100,40GB,SXM,RoCE-v2,OnDemand,NonInterruptible,OnDemand,US-East,US,HIF,T2IF,T1,3.0500,True,local-nvme;egress-capped;managed-ops-plane;support-tier;observability,Available,v2.2.1
2026-06-19,aws,a100-sxm-40gb,A100,40GB,SXM,EFA,OnDemand,NonInterruptible,OnDemand,US-East,US,HIF,T2IF,T1,2.7447,True,local-nvme;managed-ops-plane;support-tier;observability,Available,v2.2.1
2026-06-19,aws,a100-sxm-40gb,A100,40GB,SXM,EFA,1Y,NonInterruptible,Reserved,US-East,US,HIF,T2IF,T1,1.7401,True,local-nvme;managed-ops-plane;support-tier;observability,Available,v2.2.1
2026-06-19,aws,a100-sxm-40gb,A100,40GB,SXM,EFA,3Y,NonInterruptible,Reserved,US-East,US,HIF,T2IF,T1,1.1718,True,local-nvme;managed-ops-plane;support-tier;observability,Available,v2.2.1
2026-06-19,aws,a100-sxm-40gb,A100,40GB,SXM,EFA,OnDemand,Interruptible,Spot,US-East,US,DIF,T2IF,T1,1.7942,False,,Available,v2.2.1
2026-06-19,aws,a100-sxm-40gb,A100,40GB,SXM,EFA,OnDemand,Interruptible,Spot,US-West,US,DIF,T2IF,T1,1.3983,False,,Available,v2.2.1
2026-06-19,datacrunch,a100-sxm-40gb,A100,40GB,SXM,IB-HDR,OnDemand,NonInterruptible,OnDemand,EU,EU,SIF,T2IF,T2,1.2900,True,local-nvme,Available,v2.2.1
2026-06-19,datacrunch,a100-sxm-40gb,A100,40GB,SXM,IB-HDR,OnDemand,Interruptible,Spot,EU,EU,DIF,T2IF,T2,0.4515,True,local-nvme,Available,v2.2.1
2026-06-19,e2e,a100-sxm-40gb,A100,40GB,SXM,Unknown,OnDemand,NonInterruptible,OnDemand,APAC,APAC,IIF,T3IF,T2,1.9800,True,managed-ops-plane,Available,v2.2.1
2026-06-19,gcp,a100-sxm-40gb,A100,40GB,SXM,Ethernet,OnDemand,NonInterruptible,OnDemand,US-Central,US,HIF,T3IF,T1,3.4837,True,local-nvme,Available,v2.2.1
2026-06-19,gcp,a100-sxm-40gb,A100,40GB,SXM,Ethernet,OnDemand,NonInterruptible,OnDemand,US-East,US,HIF,T3IF,T1,3.4837,True,local-nvme,Available,v2.2.1
2026-06-19,gcp,a100-sxm-40gb,A100,40GB,SXM,Ethernet,OnDemand,NonInterruptible,OnDemand,US-West,US,HIF,T3IF,T1,3.4837,True,local-nvme,Available,v2.2.1
2026-06-19,gcp,a100-sxm-40gb,A100,40GB,SXM,Ethernet,OnDemand,NonInterruptible,OnDemand,US-South,US,HIF,T3IF,T1,4.1108,True,local-nvme,Available,v2.2.1
2026-06-19,gcp,a100-sxm-40gb,A100,40GB,SXM,Ethernet,1Y,NonInterruptible,Reserved,US-South,US,HIF,T3IF,T1,2.8298,True,local-nvme,Available,v2.2.1
2026-06-19,gcp,a100-sxm-40gb,A100,40GB,SXM,Ethernet,1Y,NonInterruptible,Reserved,US-East,US,HIF,T3IF,T1,2.3982,True,local-nvme,Available,v2.2.1
2026-06-19,gcp,a100-sxm-40gb,A100,40GB,SXM,Ethernet,1Y,NonInterruptible,Reserved,US-West,US,HIF,T3IF,T1,2.8448,True,local-nvme,Available,v2.2.1
2026-06-19,gcp,a100-sxm-40gb,A100,40GB,SXM,Ethernet,1Y,NonInterruptible,Reserved,US-Central,US,HIF,T3IF,T1,2.3982,True,local-nvme,Available,v2.2.1
2026-06-19,gcp,a100-sxm-40gb,A100,40GB,SXM,Ethernet,3Y,NonInterruptible,Reserved,US-West,US,HIF,T3IF,T1,1.8156,True,local-nvme,Available,v2.2.1
2026-06-19,gcp,a100-sxm-40gb,A100,40GB,SXM,Ethernet,3Y,NonInterruptible,Reserved,US-East,US,HIF,T3IF,T1,1.7102,True,local-nvme,Available,v2.2.1
2026-06-19,gcp,a100-sxm-40gb,A100,40GB,SXM,Ethernet,3Y,NonInterruptible,Reserved,US-South,US,HIF,T3IF,T1,1.8605,True,local-nvme,Available,v2.2.1
2026-06-19,gcp,a100-sxm-40gb,A100,40GB,SXM,Ethernet,3Y,NonInterruptible,Reserved,US-Central,US,HIF,T3IF,T1,1.5767,True,local-nvme,Available,v2.2.1
2026-06-19,gcp,a100-sxm-40gb,A100,40GB,SXM,Ethernet,OnDemand,Interruptible,Spot,US-South,US,DIF,T3IF,T1,0.4764,True,local-nvme,Available,v2.2.1
2026-06-19,gcp,a100-sxm-40gb,A100,40GB,SXM,Ethernet,OnDemand,Interruptible,Spot,US-West,US,DIF,T3IF,T1,0.3961,True,local-nvme,Available,v2.2.1
2026-06-19,gcp,a100-sxm-40gb,A100,40GB,SXM,Ethernet,OnDemand,Interruptible,Spot,US-Central,US,DIF,T3IF,T1,1.7415,True,local-nvme,Available,v2.2.1
2026-06-19,gcp,a100-sxm-40gb,A100,40GB,SXM,Ethernet,OnDemand,Interruptible,Spot,US-East,US,DIF,T3IF,T1,1.7415,True,local-nvme,Available,v2.2.1
2026-06-19,jarvislabs,a100-sxm-40gb,A100,40GB,SXM,Unknown,OnDemand,NonInterruptible,OnDemand,APAC,APAC,IIF,T3IF,T2,0.8900,False,,Available,v2.2.1
2026-06-19,oci,a100-sxm-40gb,A100,40GB,SXM,RoCE-v2,OnDemand,NonInterruptible,OnDemand,US-East,US,HIF,T2IF,T1,3.0500,True,local-nvme;egress-capped;managed-ops-plane;support-tier;observability,Available,v2.2.1
2026-06-20,aws,a100-sxm-40gb,A100,40GB,SXM,EFA,OnDemand,NonInterruptible,OnDemand,US-East,US,HIF,T2IF,T1,2.7447,True,local-nvme;managed-ops-plane;support-tier;observability,Available,v2.2.1
2026-06-20,aws,a100-sxm-40gb,A100,40GB,SXM,EFA,1Y,NonInterruptible,Reserved,US-East,US,HIF,T2IF,T1,1.7401,True,local-nvme;managed-ops-plane;support-tier;observability,Available,v2.2.1
2026-06-20,aws,a100-sxm-40gb,A100,40GB,SXM,EFA,3Y,NonInterruptible,Reserved,US-East,US,HIF,T2IF,T1,1.1718,True,local-nvme;managed-ops-plane;support-tier;observability,Available,v2.2.1
2026-06-20,aws,a100-sxm-40gb,A100,40GB,SXM,EFA,OnDemand,Interruptible,Spot,US-East,US,DIF,T2IF,T1,1.8147,False,,Available,v2.2.1
2026-06-20,aws,a100-sxm-40gb,A100,40GB,SXM,EFA,OnDemand,Interruptible,Spot,US-West,US,DIF,T2IF,T1,1.3832,False,,Available,v2.2.1
2026-06-20,datacrunch,a100-sxm-40gb,A100,40GB,SXM,IB-HDR,OnDemand,NonInterruptible,OnDemand,EU,EU,SIF,T2IF,T2,1.2900,True,local-nvme,Available,v2.2.1
2026-06-20,datacrunch,a100-sxm-40gb,A100,40GB,SXM,IB-HDR,OnDemand,Interruptible,Spot,EU,EU,DIF,T2IF,T2,0.4515,True,local-nvme,Available,v2.2.1
2026-06-20,e2e,a100-sxm-40gb,A100,40GB,SXM,Unknown,OnDemand,NonInterruptible,OnDemand,APAC,APAC,IIF,T3IF,T2,1.9800,True,managed-ops-plane,Available,v2.2.1
2026-06-20,gcp,a100-sxm-40gb,A100,40GB,SXM,Ethernet,OnDemand,NonInterruptible,OnDemand,US-Central,US,HIF,T3IF,T1,3.4837,True,local-nvme,Available,v2.2.1
2026-06-20,gcp,a100-sxm-40gb,A100,40GB,SXM,Ethernet,OnDemand,NonInterruptible,OnDemand,US-East,US,HIF,T3IF,T1,3.4837,True,local-nvme,Available,v2.2.1
2026-06-20,gcp,a100-sxm-40gb,A100,40GB,SXM,Ethernet,OnDemand,NonInterruptible,OnDemand,US-West,US,HIF,T3IF,T1,3.4837,True,local-nvme,Available,v2.2.1
2026-06-20,gcp,a100-sxm-40gb,A100,40GB,SXM,Ethernet,OnDemand,NonInterruptible,OnDemand,US-South,US,HIF,T3IF,T1,4.1108,True,local-nvme,Available,v2.2.1
2026-06-20,gcp,a100-sxm-40gb,A100,40GB,SXM,Ethernet,1Y,NonInterruptible,Reserved,US-South,US,HIF,T3IF,T1,2.8298,True,local-nvme,Available,v2.2.1
2026-06-20,gcp,a100-sxm-40gb,A100,40GB,SXM,Ethernet,1Y,NonInterruptible,Reserved,US-East,US,HIF,T3IF,T1,2.3982,True,local-nvme,Available,v2.2.1
2026-06-20,gcp,a100-sxm-40gb,A100,40GB,SXM,Ethernet,1Y,NonInterruptible,Reserved,US-West,US,HIF,T3IF,T1,2.8448,True,local-nvme,Available,v2.2.1
2026-06-20,gcp,a100-sxm-40gb,A100,40GB,SXM,Ethernet,1Y,NonInterruptible,Reserved,US-Central,US,HIF,T3IF,T1,2.3982,True,local-nvme,Available,v2.2.1
2026-06-20,gcp,a100-sxm-40gb,A100,40GB,SXM,Ethernet,3Y,NonInterruptible,Reserved,US-West,US,HIF,T3IF,T1,1.8156,True,local-nvme,Available,v2.2.1
2026-06-20,gcp,a100-sxm-40gb,A100,40GB,SXM,Ethernet,3Y,NonInterruptible,Reserved,US-East,US,HIF,T3IF,T1,1.7102,True,local-nvme,Available,v2.2.1
2026-06-20,gcp,a100-sxm-40gb,A100,40GB,SXM,Ethernet,3Y,NonInterruptible,Reserved,US-South,US,HIF,T3IF,T1,1.8605,True,local-nvme,Available,v2.2.1
2026-06-20,gcp,a100-sxm-40gb,A100,40GB,SXM,Ethernet,3Y,NonInterruptible,Reserved,US-Central,US,HIF,T3IF,T1,1.5767,True,local-nvme,Available,v2.2.1
2026-06-20,gcp,a100-sxm-40gb,A100,40GB,SXM,Ethernet,OnDemand,Interruptible,Spot,US-South,US,DIF,T3IF,T1,0.4764,True,local-nvme,Available,v2.2.1
2026-06-20,gcp,a100-sxm-40gb,A100,40GB,SXM,Ethernet,OnDemand,Interruptible,Spot,US-West,US,DIF,T3IF,T1,0.3961,True,local-nvme,Available,v2.2.1
2026-06-20,gcp,a100-sxm-40gb,A100,40GB,SXM,Ethernet,OnDemand,Interruptible,Spot,US-Central,US,DIF,T3IF,T1,1.7415,True,local-nvme,Available,v2.2.1
2026-06-20,gcp,a100-sxm-40gb,A100,40GB,SXM,Ethernet,OnDemand,Interruptible,Spot,US-East,US,DIF,T3IF,T1,1.7415,True,local-nvme,Available,v2.2.1
2026-06-20,jarvislabs,a100-sxm-40gb,A100,40GB,SXM,Unknown,OnDemand,NonInterruptible,OnDemand,APAC,APAC,IIF,T3IF,T2,0.8900,False,,Available,v2.2.1
2026-06-20,oci,a100-sxm-40gb,A100,40GB,SXM,RoCE-v2,OnDemand,NonInterruptible,OnDemand,US-East,US,HIF,T2IF,T1,3.0500,True,local-nvme;egress-capped;managed-ops-plane;support-tier;observability,Available,v2.2.1
2026-06-21,aws,a100-sxm-40gb,A100,40GB,SXM,EFA,OnDemand,NonInterruptible,OnDemand,US-East,US,HIF,T2IF,T1,2.7447,True,local-nvme;managed-ops-plane;support-tier;observability,Available,v2.2.1
2026-06-21,aws,a100-sxm-40gb,A100,40GB,SXM,EFA,1Y,NonInterruptible,Reserved,US-East,US,HIF,T2IF,T1,1.7401,True,local-nvme;managed-ops-plane;support-tier;observability,Available,v2.2.1
2026-06-21,aws,a100-sxm-40gb,A100,40GB,SXM,EFA,3Y,NonInterruptible,Reserved,US-East,US,HIF,T2IF,T1,1.1718,True,local-nvme;managed-ops-plane;support-tier;observability,Available,v2.2.1
2026-06-21,aws,a100-sxm-40gb,A100,40GB,SXM,EFA,OnDemand,Interruptible,Spot,US-East,US,DIF,T2IF,T1,1.7576,False,,Available,v2.2.1
2026-06-21,aws,a100-sxm-40gb,A100,40GB,SXM,EFA,OnDemand,Interruptible,Spot,US-West,US,DIF,T2IF,T1,1.3711,False,,Available,v2.2.1
2026-06-21,datacrunch,a100-sxm-40gb,A100,40GB,SXM,IB-HDR,OnDemand,NonInterruptible,OnDemand,EU,EU,SIF,T2IF,T2,1.2900,True,local-nvme,Available,v2.2.1
2026-06-21,datacrunch,a100-sxm-40gb,A100,40GB,SXM,IB-HDR,OnDemand,Interruptible,Spot,EU,EU,DIF,T2IF,T2,0.4515,True,local-nvme,Available,v2.2.1
2026-06-21,e2e,a100-sxm-40gb,A100,40GB,SXM,Unknown,OnDemand,NonInterruptible,OnDemand,APAC,APAC,IIF,T3IF,T2,1.9800,True,managed-ops-plane,Available,v2.2.1
2026-06-21,gcp,a100-sxm-40gb,A100,40GB,SXM,Ethernet,OnDemand,NonInterruptible,OnDemand,US-South,US,HIF,T3IF,T1,4.1108,True,local-nvme,Available,v2.2.1
2026-06-21,gcp,a100-sxm-40gb,A100,40GB,SXM,Ethernet,OnDemand,NonInterruptible,OnDemand,US-Central,US,HIF,T3IF,T1,3.4837,True,local-nvme,Available,v2.2.1
2026-06-21,gcp,a100-sxm-40gb,A100,40GB,SXM,Ethernet,OnDemand,NonInterruptible,OnDemand,US-East,US,HIF,T3IF,T1,3.4837,True,local-nvme,Available,v2.2.1
2026-06-21,gcp,a100-sxm-40gb,A100,40GB,SXM,Ethernet,OnDemand,NonInterruptible,OnDemand,US-West,US,HIF,T3IF,T1,3.4837,True,local-nvme,Available,v2.2.1
2026-06-21,gcp,a100-sxm-40gb,A100,40GB,SXM,Ethernet,1Y,NonInterruptible,Reserved,US-South,US,HIF,T3IF,T1,2.8298,True,local-nvme,Available,v2.2.1
2026-06-21,gcp,a100-sxm-40gb,A100,40GB,SXM,Ethernet,1Y,NonInterruptible,Reserved,US-East,US,HIF,T3IF,T1,2.3982,True,local-nvme,Available,v2.2.1
2026-06-21,gcp,a100-sxm-40gb,A100,40GB,SXM,Ethernet,1Y,NonInterruptible,Reserved,US-West,US,HIF,T3IF,T1,2.8448,True,local-nvme,Available,v2.2.1
2026-06-21,gcp,a100-sxm-40gb,A100,40GB,SXM,Ethernet,1Y,NonInterruptible,Reserved,US-Central,US,HIF,T3IF,T1,2.3982,True,local-nvme,Available,v2.2.1
2026-06-21,gcp,a100-sxm-40gb,A100,40GB,SXM,Ethernet,3Y,NonInterruptible,Reserved,US-West,US,HIF,T3IF,T1,1.8156,True,local-nvme,Available,v2.2.1
2026-06-21,gcp,a100-sxm-40gb,A100,40GB,SXM,Ethernet,3Y,NonInterruptible,Reserved,US-East,US,HIF,T3IF,T1,1.7102,True,local-nvme,Available,v2.2.1
2026-06-21,gcp,a100-sxm-40gb,A100,40GB,SXM,Ethernet,3Y,NonInterruptible,Reserved,US-South,US,HIF,T3IF,T1,1.8605,True,local-nvme,Available,v2.2.1
2026-06-21,gcp,a100-sxm-40gb,A100,40GB,SXM,Ethernet,3Y,NonInterruptible,Reserved,US-Central,US,HIF,T3IF,T1,1.5767,True,local-nvme,Available,v2.2.1
2026-06-21,gcp,a100-sxm-40gb,A100,40GB,SXM,Ethernet,OnDemand,Interruptible,Spot,US-South,US,DIF,T3IF,T1,0.4764,True,local-nvme,Available,v2.2.1
2026-06-21,gcp,a100-sxm-40gb,A100,40GB,SXM,Ethernet,OnDemand,Interruptible,Spot,US-West,US,DIF,T3IF,T1,0.3961,True,local-nvme,Available,v2.2.1
2026-06-21,gcp,a100-sxm-40gb,A100,40GB,SXM,Ethernet,OnDemand,Interruptible,Spot,US-Central,US,DIF,T3IF,T1,1.7415,True,local-nvme,Available,v2.2.1
2026-06-21,gcp,a100-sxm-40gb,A100,40GB,SXM,Ethernet,OnDemand,Interruptible,Spot,US-East,US,DIF,T3IF,T1,1.7415,True,local-nvme,Available,v2.2.1
2026-06-21,jarvislabs,a100-sxm-40gb,A100,40GB,SXM,Unknown,OnDemand,NonInterruptible,OnDemand,APAC,APAC,IIF,T3IF,T2,0.8900,False,,Available,v2.2.1
2026-06-21,oci,a100-sxm-40gb,A100,40GB,SXM,RoCE-v2,OnDemand,NonInterruptible,OnDemand,US-East,US,HIF,T2IF,T1,3.0500,True,local-nvme;egress-capped;managed-ops-plane;support-tier;observability,Available,v2.2.1
2026-06-22,aws,a100-sxm-40gb,A100,40GB,SXM,EFA,OnDemand,NonInterruptible,OnDemand,US-East,US,HIF,T2IF,T1,2.7447,True,local-nvme;managed-ops-plane;support-tier;observability,Available,v2.2.1
2026-06-22,aws,a100-sxm-40gb,A100,40GB,SXM,EFA,1Y,NonInterruptible,Reserved,US-East,US,HIF,T2IF,T1,1.7401,True,local-nvme;managed-ops-plane;support-tier;observability,Available,v2.2.1
2026-06-22,aws,a100-sxm-40gb,A100,40GB,SXM,EFA,3Y,NonInterruptible,Reserved,US-East,US,HIF,T2IF,T1,1.1718,True,local-nvme;managed-ops-plane;support-tier;observability,Available,v2.2.1
2026-06-22,aws,a100-sxm-40gb,A100,40GB,SXM,EFA,OnDemand,Interruptible,Spot,US-West,US,DIF,T2IF,T1,1.3395,False,,Available,v2.2.1
2026-06-22,aws,a100-sxm-40gb,A100,40GB,SXM,EFA,OnDemand,Interruptible,Spot,US-East,US,DIF,T2IF,T1,1.7245,False,,Available,v2.2.1
2026-06-22,datacrunch,a100-sxm-40gb,A100,40GB,SXM,IB-HDR,OnDemand,NonInterruptible,OnDemand,EU,EU,SIF,T2IF,T2,1.2900,True,local-nvme,Available,v2.2.1
2026-06-22,datacrunch,a100-sxm-40gb,A100,40GB,SXM,IB-HDR,OnDemand,Interruptible,Spot,EU,EU,DIF,T2IF,T2,0.4515,True,local-nvme,Available,v2.2.1
2026-06-22,e2e,a100-sxm-40gb,A100,40GB,SXM,Unknown,OnDemand,NonInterruptible,OnDemand,APAC,APAC,IIF,T3IF,T2,1.9800,True,managed-ops-plane,Available,v2.2.1
2026-06-22,gcp,a100-sxm-40gb,A100,40GB,SXM,Ethernet,OnDemand,NonInterruptible,OnDemand,US-Central,US,HIF,T3IF,T1,3.4837,True,local-nvme,Available,v2.2.1
2026-06-22,gcp,a100-sxm-40gb,A100,40GB,SXM,Ethernet,OnDemand,NonInterruptible,OnDemand,US-East,US,HIF,T3IF,T1,3.4837,True,local-nvme,Available,v2.2.1
2026-06-22,gcp,a100-sxm-40gb,A100,40GB,SXM,Ethernet,OnDemand,NonInterruptible,OnDemand,US-West,US,HIF,T3IF,T1,3.4837,True,local-nvme,Available,v2.2.1
2026-06-22,gcp,a100-sxm-40gb,A100,40GB,SXM,Ethernet,OnDemand,NonInterruptible,OnDemand,US-South,US,HIF,T3IF,T1,4.1108,True,local-nvme,Available,v2.2.1
2026-06-22,gcp,a100-sxm-40gb,A100,40GB,SXM,Ethernet,1Y,NonInterruptible,Reserved,US-South,US,HIF,T3IF,T1,2.8298,True,local-nvme,Available,v2.2.1
2026-06-22,gcp,a100-sxm-40gb,A100,40GB,SXM,Ethernet,1Y,NonInterruptible,Reserved,US-East,US,HIF,T3IF,T1,2.3982,True,local-nvme,Available,v2.2.1
2026-06-22,gcp,a100-sxm-40gb,A100,40GB,SXM,Ethernet,1Y,NonInterruptible,Reserved,US-West,US,HIF,T3IF,T1,2.8448,True,local-nvme,Available,v2.2.1
2026-06-22,gcp,a100-sxm-40gb,A100,40GB,SXM,Ethernet,1Y,NonInterruptible,Reserved,US-Central,US,HIF,T3IF,T1,2.3982,True,local-nvme,Available,v2.2.1
2026-06-22,gcp,a100-sxm-40gb,A100,40GB,SXM,Ethernet,3Y,NonInterruptible,Reserved,US-West,US,HIF,T3IF,T1,1.8156,True,local-nvme,Available,v2.2.1
2026-06-22,gcp,a100-sxm-40gb,A100,40GB,SXM,Ethernet,3Y,NonInterruptible,Reserved,US-East,US,HIF,T3IF,T1,1.7102,True,local-nvme,Available,v2.2.1
2026-06-22,gcp,a100-sxm-40gb,A100,40GB,SXM,Ethernet,3Y,NonInterruptible,Reserved,US-South,US,HIF,T3IF,T1,1.8605,True,local-nvme,Available,v2.2.1
2026-06-22,gcp,a100-sxm-40gb,A100,40GB,SXM,Ethernet,3Y,NonInterruptible,Reserved,US-Central,US,HIF,T3IF,T1,1.5767,True,local-nvme,Available,v2.2.1
2026-06-22,gcp,a100-sxm-40gb,A100,40GB,SXM,Ethernet,OnDemand,Interruptible,Spot,US-South,US,DIF,T3IF,T1,0.4536,True,local-nvme,Available,v2.2.1
2026-06-22,gcp,a100-sxm-40gb,A100,40GB,SXM,Ethernet,OnDemand,Interruptible,Spot,US-West,US,DIF,T3IF,T1,0.3929,True,local-nvme,Available,v2.2.1
2026-06-22,gcp,a100-sxm-40gb,A100,40GB,SXM,Ethernet,OnDemand,Interruptible,Spot,US-Central,US,DIF,T3IF,T1,1.8285,True,local-nvme,Available,v2.2.1
2026-06-22,gcp,a100-sxm-40gb,A100,40GB,SXM,Ethernet,OnDemand,Interruptible,Spot,US-East,US,DIF,T3IF,T1,1.8285,True,local-nvme,Available,v2.2.1
2026-06-22,jarvislabs,a100-sxm-40gb,A100,40GB,SXM,Unknown,OnDemand,NonInterruptible,OnDemand,APAC,APAC,IIF,T3IF,T2,0.8900,False,,Available,v2.2.1
2026-06-22,oci,a100-sxm-40gb,A100,40GB,SXM,RoCE-v2,OnDemand,NonInterruptible,OnDemand,US-East,US,HIF,T2IF,T1,3.0500,True,local-nvme;egress-capped;managed-ops-plane;support-tier;observability,Available,v2.2.1
2026-06-23,aws,a100-sxm-40gb,A100,40GB,SXM,EFA,OnDemand,NonInterruptible,OnDemand,US-East,US,HIF,T2IF,T1,2.7447,True,local-nvme;managed-ops-plane;support-tier;observability,Available,v2.2.1
2026-06-23,aws,a100-sxm-40gb,A100,40GB,SXM,EFA,1Y,NonInterruptible,Reserved,US-East,US,HIF,T2IF,T1,1.7401,True,local-nvme;managed-ops-plane;support-tier;observability,Available,v2.2.1
2026-06-23,aws,a100-sxm-40gb,A100,40GB,SXM,EFA,3Y,NonInterruptible,Reserved,US-East,US,HIF,T2IF,T1,1.1718,True,local-nvme;managed-ops-plane;support-tier;observability,Available,v2.2.1
2026-06-23,aws,a100-sxm-40gb,A100,40GB,SXM,EFA,OnDemand,Interruptible,Spot,US-West,US,DIF,T2IF,T1,1.3189,False,,Available,v2.2.1
2026-06-23,aws,a100-sxm-40gb,A100,40GB,SXM,EFA,OnDemand,Interruptible,Spot,US-East,US,DIF,T2IF,T1,1.7626,False,,Available,v2.2.1
2026-06-23,datacrunch,a100-sxm-40gb,A100,40GB,SXM,IB-HDR,OnDemand,NonInterruptible,OnDemand,EU,EU,SIF,T2IF,T2,1.2900,True,local-nvme,Available,v2.2.1
2026-06-23,datacrunch,a100-sxm-40gb,A100,40GB,SXM,IB-HDR,OnDemand,Interruptible,Spot,EU,EU,DIF,T2IF,T2,0.4515,True,local-nvme,Available,v2.2.1
2026-06-23,e2e,a100-sxm-40gb,A100,40GB,SXM,Unknown,OnDemand,NonInterruptible,OnDemand,APAC,APAC,IIF,T3IF,T2,1.9800,True,managed-ops-plane,Available,v2.2.1
2026-06-23,gcp,a100-sxm-40gb,A100,40GB,SXM,Ethernet,OnDemand,NonInterruptible,OnDemand,US-Central,US,HIF,T3IF,T1,3.4837,True,local-nvme,Available,v2.2.1
2026-06-23,gcp,a100-sxm-40gb,A100,40GB,SXM,Ethernet,OnDemand,NonInterruptible,OnDemand,US-East,US,HIF,T3IF,T1,3.4837,True,local-nvme,Available,v2.2.1
2026-06-23,gcp,a100-sxm-40gb,A100,40GB,SXM,Ethernet,OnDemand,NonInterruptible,OnDemand,US-West,US,HIF,T3IF,T1,3.4837,True,local-nvme,Available,v2.2.1
2026-06-23,gcp,a100-sxm-40gb,A100,40GB,SXM,Ethernet,OnDemand,NonInterruptible,OnDemand,US-South,US,HIF,T3IF,T1,4.1108,True,local-nvme,Available,v2.2.1
2026-06-23,gcp,a100-sxm-40gb,A100,40GB,SXM,Ethernet,1Y,NonInterruptible,Reserved,US-South,US,HIF,T3IF,T1,2.8298,True,local-nvme,Available,v2.2.1
2026-06-23,gcp,a100-sxm-40gb,A100,40GB,SXM,Ethernet,1Y,NonInterruptible,Reserved,US-East,US,HIF,T3IF,T1,2.3982,True,local-nvme,Available,v2.2.1
2026-06-23,gcp,a100-sxm-40gb,A100,40GB,SXM,Ethernet,1Y,NonInterruptible,Reserved,US-West,US,HIF,T3IF,T1,2.8448,True,local-nvme,Available,v2.2.1
2026-06-23,gcp,a100-sxm-40gb,A100,40GB,SXM,Ethernet,1Y,NonInterruptible,Reserved,US-Central,US,HIF,T3IF,T1,2.3982,True,local-nvme,Available,v2.2.1
2026-06-23,gcp,a100-sxm-40gb,A100,40GB,SXM,Ethernet,3Y,NonInterruptible,Reserved,US-West,US,HIF,T3IF,T1,1.8156,True,local-nvme,Available,v2.2.1
2026-06-23,gcp,a100-sxm-40gb,A100,40GB,SXM,Ethernet,3Y,NonInterruptible,Reserved,US-East,US,HIF,T3IF,T1,1.7102,True,local-nvme,Available,v2.2.1
2026-06-23,gcp,a100-sxm-40gb,A100,40GB,SXM,Ethernet,3Y,NonInterruptible,Reserved,US-South,US,HIF,T3IF,T1,1.8605,True,local-nvme,Available,v2.2.1
2026-06-23,gcp,a100-sxm-40gb,A100,40GB,SXM,Ethernet,3Y,NonInterruptible,Reserved,US-Central,US,HIF,T3IF,T1,1.5767,True,local-nvme,Available,v2.2.1
2026-06-23,gcp,a100-sxm-40gb,A100,40GB,SXM,Ethernet,OnDemand,Interruptible,Spot,US-South,US,DIF,T3IF,T1,0.4523,True,local-nvme,Available,v2.2.1
2026-06-23,gcp,a100-sxm-40gb,A100,40GB,SXM,Ethernet,OnDemand,Interruptible,Spot,US-West,US,DIF,T3IF,T1,0.3763,True,local-nvme,Available,v2.2.1
2026-06-23,gcp,a100-sxm-40gb,A100,40GB,SXM,Ethernet,OnDemand,Interruptible,Spot,US-Central,US,DIF,T3IF,T1,1.8285,True,local-nvme,Available,v2.2.1
2026-06-23,gcp,a100-sxm-40gb,A100,40GB,SXM,Ethernet,OnDemand,Interruptible,Spot,US-East,US,DIF,T3IF,T1,1.8285,True,local-nvme,Available,v2.2.1
2026-06-23,jarvislabs,a100-sxm-40gb,A100,40GB,SXM,Unknown,OnDemand,NonInterruptible,OnDemand,APAC,APAC,IIF,T3IF,T2,0.8900,False,,Available,v2.2.1
2026-06-23,oci,a100-sxm-40gb,A100,40GB,SXM,RoCE-v2,OnDemand,NonInterruptible,OnDemand,US-East,US,HIF,T2IF,T1,3.0500,True,local-nvme;egress-capped;managed-ops-plane;support-tier;observability,Available,v2.2.1
2026-06-24,aws,a100-sxm-40gb,A100,40GB,SXM,EFA,OnDemand,NonInterruptible,OnDemand,US-East,US,HIF,T2IF,T1,2.7447,True,local-nvme;managed-ops-plane;support-tier;observability,Available,v2.2.1
2026-06-24,aws,a100-sxm-40gb,A100,40GB,SXM,EFA,1Y,NonInterruptible,Reserved,US-East,US,HIF,T2IF,T1,1.7401,True,local-nvme;managed-ops-plane;support-tier;observability,Available,v2.2.1
2026-06-24,aws,a100-sxm-40gb,A100,40GB,SXM,EFA,3Y,NonInterruptible,Reserved,US-East,US,HIF,T2IF,T1,1.1718,True,local-nvme;managed-ops-plane;support-tier;observability,Available,v2.2.1
2026-06-24,aws,a100-sxm-40gb,A100,40GB,SXM,EFA,OnDemand,Interruptible,Spot,US-West,US,DIF,T2IF,T1,1.2759,False,,Available,v2.2.1
2026-06-24,aws,a100-sxm-40gb,A100,40GB,SXM,EFA,OnDemand,Interruptible,Spot,US-East,US,DIF,T2IF,T1,1.7851,False,,Available,v2.2.1
2026-06-24,datacrunch,a100-sxm-40gb,A100,40GB,SXM,IB-HDR,OnDemand,NonInterruptible,OnDemand,EU,EU,SIF,T2IF,T2,1.2900,True,local-nvme,Available,v2.2.1
2026-06-24,datacrunch,a100-sxm-40gb,A100,40GB,SXM,IB-HDR,OnDemand,Interruptible,Spot,EU,EU,DIF,T2IF,T2,0.4515,True,local-nvme,Available,v2.2.1
2026-06-24,e2e,a100-sxm-40gb,A100,40GB,SXM,Unknown,OnDemand,NonInterruptible,OnDemand,APAC,APAC,IIF,T3IF,T2,1.9800,True,managed-ops-plane,Available,v2.2.1
2026-06-24,gcp,a100-sxm-40gb,A100,40GB,SXM,Ethernet,OnDemand,NonInterruptible,OnDemand,US-East,US,HIF,T3IF,T1,3.4837,True,local-nvme,Available,v2.2.1
2026-06-24,gcp,a100-sxm-40gb,A100,40GB,SXM,Ethernet,OnDemand,NonInterruptible,OnDemand,US-West,US,HIF,T3IF,T1,3.4837,True,local-nvme,Available,v2.2.1
2026-06-24,gcp,a100-sxm-40gb,A100,40GB,SXM,Ethernet,OnDemand,NonInterruptible,OnDemand,US-South,US,HIF,T3IF,T1,4.1108,True,local-nvme,Available,v2.2.1
2026-06-24,gcp,a100-sxm-40gb,A100,40GB,SXM,Ethernet,OnDemand,NonInterruptible,OnDemand,US-Central,US,HIF,T3IF,T1,3.4837,True,local-nvme,Available,v2.2.1
2026-06-24,gcp,a100-sxm-40gb,A100,40GB,SXM,Ethernet,1Y,NonInterruptible,Reserved,US-South,US,HIF,T3IF,T1,2.8298,True,local-nvme,Available,v2.2.1
2026-06-24,gcp,a100-sxm-40gb,A100,40GB,SXM,Ethernet,1Y,NonInterruptible,Reserved,US-East,US,HIF,T3IF,T1,2.3982,True,local-nvme,Available,v2.2.1
2026-06-24,gcp,a100-sxm-40gb,A100,40GB,SXM,Ethernet,1Y,NonInterruptible,Reserved,US-West,US,HIF,T3IF,T1,2.8448,True,local-nvme,Available,v2.2.1
2026-06-24,gcp,a100-sxm-40gb,A100,40GB,SXM,Ethernet,1Y,NonInterruptible,Reserved,US-Central,US,HIF,T3IF,T1,2.3982,True,local-nvme,Available,v2.2.1
2026-06-24,gcp,a100-sxm-40gb,A100,40GB,SXM,Ethernet,3Y,NonInterruptible,Reserved,US-West,US,HIF,T3IF,T1,1.8156,True,local-nvme,Available,v2.2.1
2026-06-24,gcp,a100-sxm-40gb,A100,40GB,SXM,Ethernet,3Y,NonInterruptible,Reserved,US-East,US,HIF,T3IF,T1,1.7102,True,local-nvme,Available,v2.2.1
2026-06-24,gcp,a100-sxm-40gb,A100,40GB,SXM,Ethernet,3Y,NonInterruptible,Reserved,US-South,US,HIF,T3IF,T1,1.8605,True,local-nvme,Available,v2.2.1
2026-06-24,gcp,a100-sxm-40gb,A100,40GB,SXM,Ethernet,3Y,NonInterruptible,Reserved,US-Central,US,HIF,T3IF,T1,1.5767,True,local-nvme,Available,v2.2.1
2026-06-24,gcp,a100-sxm-40gb,A100,40GB,SXM,Ethernet,OnDemand,Interruptible,Spot,US-South,US,DIF,T3IF,T1,0.4523,True,local-nvme,Available,v2.2.1
2026-06-24,gcp,a100-sxm-40gb,A100,40GB,SXM,Ethernet,OnDemand,Interruptible,Spot,US-West,US,DIF,T3IF,T1,0.3763,True,local-nvme,Available,v2.2.1
2026-06-24,gcp,a100-sxm-40gb,A100,40GB,SXM,Ethernet,OnDemand,Interruptible,Spot,US-Central,US,DIF,T3IF,T1,1.8285,True,local-nvme,Available,v2.2.1
2026-06-24,gcp,a100-sxm-40gb,A100,40GB,SXM,Ethernet,OnDemand,Interruptible,Spot,US-East,US,DIF,T3IF,T1,1.8285,True,local-nvme,Available,v2.2.1
2026-06-24,jarvislabs,a100-sxm-40gb,A100,40GB,SXM,Unknown,OnDemand,NonInterruptible,OnDemand,APAC,APAC,IIF,T3IF,T2,0.8900,False,,Available,v2.2.1
2026-06-24,oci,a100-sxm-40gb,A100,40GB,SXM,RoCE-v2,OnDemand,NonInterruptible,OnDemand,US-East,US,HIF,T2IF,T1,3.0500,True,local-nvme;egress-capped;managed-ops-plane;support-tier;observability,Available,v2.2.1
2026-06-25,aws,a100-sxm-40gb,A100,40GB,SXM,EFA,OnDemand,NonInterruptible,OnDemand,US-East,US,HIF,T2IF,T1,2.7447,True,local-nvme;managed-ops-plane;support-tier;observability,Available,v2.2.1
2026-06-25,aws,a100-sxm-40gb,A100,40GB,SXM,EFA,1Y,NonInterruptible,Reserved,US-East,US,HIF,T2IF,T1,1.7401,True,local-nvme;managed-ops-plane;support-tier;observability,Available,v2.2.1
2026-06-25,aws,a100-sxm-40gb,A100,40GB,SXM,EFA,3Y,NonInterruptible,Reserved,US-East,US,HIF,T2IF,T1,1.1718,True,local-nvme;managed-ops-plane;support-tier;observability,Available,v2.2.1
2026-06-25,aws,a100-sxm-40gb,A100,40GB,SXM,EFA,OnDemand,Interruptible,Spot,US-East,US,DIF,T2IF,T1,1.7944,False,,Available,v2.2.1
2026-06-25,aws,a100-sxm-40gb,A100,40GB,SXM,EFA,OnDemand,Interruptible,Spot,US-West,US,DIF,T2IF,T1,1.2820,False,,Available,v2.2.1
2026-06-25,datacrunch,a100-sxm-40gb,A100,40GB,SXM,IB-HDR,OnDemand,NonInterruptible,OnDemand,EU,EU,SIF,T2IF,T2,1.2900,True,local-nvme,Available,v2.2.1
2026-06-25,datacrunch,a100-sxm-40gb,A100,40GB,SXM,IB-HDR,OnDemand,Interruptible,Spot,EU,EU,DIF,T2IF,T2,0.4515,True,local-nvme,Available,v2.2.1
2026-06-25,e2e,a100-sxm-40gb,A100,40GB,SXM,Unknown,OnDemand,NonInterruptible,OnDemand,APAC,APAC,IIF,T3IF,T2,1.9800,True,managed-ops-plane,Available,v2.2.1
2026-06-25,gcp,a100-sxm-40gb,A100,40GB,SXM,Ethernet,OnDemand,NonInterruptible,OnDemand,US-Central,US,HIF,T3IF,T1,3.4837,True,local-nvme,Available,v2.2.1
2026-06-25,gcp,a100-sxm-40gb,A100,40GB,SXM,Ethernet,OnDemand,NonInterruptible,OnDemand,US-East,US,HIF,T3IF,T1,3.4837,True,local-nvme,Available,v2.2.1
2026-06-25,gcp,a100-sxm-40gb,A100,40GB,SXM,Ethernet,OnDemand,NonInterruptible,OnDemand,US-West,US,HIF,T3IF,T1,3.4837,True,local-nvme,Available,v2.2.1
2026-06-25,gcp,a100-sxm-40gb,A100,40GB,SXM,Ethernet,OnDemand,NonInterruptible,OnDemand,US-South,US,HIF,T3IF,T1,4.1108,True,local-nvme,Available,v2.2.1
2026-06-25,gcp,a100-sxm-40gb,A100,40GB,SXM,Ethernet,1Y,NonInterruptible,Reserved,US-South,US,HIF,T3IF,T1,2.8298,True,local-nvme,Available,v2.2.1
2026-06-25,gcp,a100-sxm-40gb,A100,40GB,SXM,Ethernet,1Y,NonInterruptible,Reserved,US-East,US,HIF,T3IF,T1,2.3982,True,local-nvme,Available,v2.2.1
2026-06-25,gcp,a100-sxm-40gb,A100,40GB,SXM,Ethernet,1Y,NonInterruptible,Reserved,US-West,US,HIF,T3IF,T1,2.8448,True,local-nvme,Available,v2.2.1
2026-06-25,gcp,a100-sxm-40gb,A100,40GB,SXM,Ethernet,1Y,NonInterruptible,Reserved,US-Central,US,HIF,T3IF,T1,2.3982,True,local-nvme,Available,v2.2.1
2026-06-25,gcp,a100-sxm-40gb,A100,40GB,SXM,Ethernet,3Y,NonInterruptible,Reserved,US-Central,US,HIF,T3IF,T1,1.5767,True,local-nvme,Available,v2.2.1
2026-06-25,gcp,a100-sxm-40gb,A100,40GB,SXM,Ethernet,3Y,NonInterruptible,Reserved,US-West,US,HIF,T3IF,T1,1.8156,True,local-nvme,Available,v2.2.1
2026-06-25,gcp,a100-sxm-40gb,A100,40GB,SXM,Ethernet,3Y,NonInterruptible,Reserved,US-East,US,HIF,T3IF,T1,1.7102,True,local-nvme,Available,v2.2.1
2026-06-25,gcp,a100-sxm-40gb,A100,40GB,SXM,Ethernet,3Y,NonInterruptible,Reserved,US-South,US,HIF,T3IF,T1,1.8605,True,local-nvme,Available,v2.2.1
2026-06-25,gcp,a100-sxm-40gb,A100,40GB,SXM,Ethernet,OnDemand,Interruptible,Spot,US-South,US,DIF,T3IF,T1,0.4523,True,local-nvme,Available,v2.2.1
2026-06-25,gcp,a100-sxm-40gb,A100,40GB,SXM,Ethernet,OnDemand,Interruptible,Spot,US-West,US,DIF,T3IF,T1,0.3763,True,local-nvme,Available,v2.2.1
2026-06-25,gcp,a100-sxm-40gb,A100,40GB,SXM,Ethernet,OnDemand,Interruptible,Spot,US-Central,US,DIF,T3IF,T1,1.8285,True,local-nvme,Available,v2.2.1
2026-06-25,gcp,a100-sxm-40gb,A100,40GB,SXM,Ethernet,OnDemand,Interruptible,Spot,US-East,US,DIF,T3IF,T1,1.8285,True,local-nvme,Available,v2.2.1
2026-06-25,jarvislabs,a100-sxm-40gb,A100,40GB,SXM,Unknown,OnDemand,NonInterruptible,OnDemand,APAC,APAC,IIF,T3IF,T2,0.8900,False,,Available,v2.2.1
2026-06-25,oci,a100-sxm-40gb,A100,40GB,SXM,RoCE-v2,OnDemand,NonInterruptible,OnDemand,US-East,US,HIF,T2IF,T1,3.0500,True,local-nvme;egress-capped;managed-ops-plane;support-tier;observability,Available,v2.2.1
2026-06-26,aws,a100-sxm-40gb,A100,40GB,SXM,EFA,OnDemand,NonInterruptible,OnDemand,US-East,US,HIF,T2IF,T1,2.7447,True,local-nvme;managed-ops-plane;support-tier;observability,Available,v2.2.1
2026-06-26,aws,a100-sxm-40gb,A100,40GB,SXM,EFA,1Y,NonInterruptible,Reserved,US-East,US,HIF,T2IF,T1,1.7401,True,local-nvme;managed-ops-plane;support-tier;observability,Available,v2.2.1
2026-06-26,aws,a100-sxm-40gb,A100,40GB,SXM,EFA,3Y,NonInterruptible,Reserved,US-East,US,HIF,T2IF,T1,1.1718,True,local-nvme;managed-ops-plane;support-tier;observability,Available,v2.2.1
2026-06-26,aws,a100-sxm-40gb,A100,40GB,SXM,EFA,OnDemand,Interruptible,Spot,US-East,US,DIF,T2IF,T1,1.8121,False,,Available,v2.2.1
2026-06-26,aws,a100-sxm-40gb,A100,40GB,SXM,EFA,OnDemand,Interruptible,Spot,US-West,US,DIF,T2IF,T1,1.2470,False,,Available,v2.2.1
2026-06-26,datacrunch,a100-sxm-40gb,A100,40GB,SXM,IB-HDR,OnDemand,NonInterruptible,OnDemand,EU,EU,SIF,T2IF,T2,1.2900,True,local-nvme,Available,v2.2.1
2026-06-26,datacrunch,a100-sxm-40gb,A100,40GB,SXM,IB-HDR,OnDemand,Interruptible,Spot,EU,EU,DIF,T2IF,T2,0.4515,True,local-nvme,Available,v2.2.1
2026-06-26,e2e,a100-sxm-40gb,A100,40GB,SXM,Unknown,OnDemand,NonInterruptible,OnDemand,APAC,APAC,IIF,T3IF,T2,1.9800,True,managed-ops-plane,Available,v2.2.1
2026-06-26,gcp,a100-sxm-40gb,A100,40GB,SXM,Ethernet,OnDemand,NonInterruptible,OnDemand,US-Central,US,HIF,T3IF,T1,3.4837,True,local-nvme,Available,v2.2.1
2026-06-26,gcp,a100-sxm-40gb,A100,40GB,SXM,Ethernet,OnDemand,NonInterruptible,OnDemand,US-East,US,HIF,T3IF,T1,3.4837,True,local-nvme,Available,v2.2.1
2026-06-26,gcp,a100-sxm-40gb,A100,40GB,SXM,Ethernet,OnDemand,NonInterruptible,OnDemand,US-West,US,HIF,T3IF,T1,3.4837,True,local-nvme,Available,v2.2.1
2026-06-26,gcp,a100-sxm-40gb,A100,40GB,SXM,Ethernet,OnDemand,NonInterruptible,OnDemand,US-South,US,HIF,T3IF,T1,4.1108,True,local-nvme,Available,v2.2.1
2026-06-26,gcp,a100-sxm-40gb,A100,40GB,SXM,Ethernet,1Y,NonInterruptible,Reserved,US-South,US,HIF,T3IF,T1,2.8298,True,local-nvme,Available,v2.2.1
2026-06-26,gcp,a100-sxm-40gb,A100,40GB,SXM,Ethernet,1Y,NonInterruptible,Reserved,US-East,US,HIF,T3IF,T1,2.3982,True,local-nvme,Available,v2.2.1
2026-06-26,gcp,a100-sxm-40gb,A100,40GB,SXM,Ethernet,1Y,NonInterruptible,Reserved,US-West,US,HIF,T3IF,T1,2.8448,True,local-nvme,Available,v2.2.1
2026-06-26,gcp,a100-sxm-40gb,A100,40GB,SXM,Ethernet,1Y,NonInterruptible,Reserved,US-Central,US,HIF,T3IF,T1,2.3982,True,local-nvme,Available,v2.2.1
2026-06-26,gcp,a100-sxm-40gb,A100,40GB,SXM,Ethernet,3Y,NonInterruptible,Reserved,US-West,US,HIF,T3IF,T1,1.8156,True,local-nvme,Available,v2.2.1
2026-06-26,gcp,a100-sxm-40gb,A100,40GB,SXM,Ethernet,3Y,NonInterruptible,Reserved,US-East,US,HIF,T3IF,T1,1.7102,True,local-nvme,Available,v2.2.1
2026-06-26,gcp,a100-sxm-40gb,A100,40GB,SXM,Ethernet,3Y,NonInterruptible,Reserved,US-South,US,HIF,T3IF,T1,1.8605,True,local-nvme,Available,v2.2.1
2026-06-26,gcp,a100-sxm-40gb,A100,40GB,SXM,Ethernet,3Y,NonInterruptible,Reserved,US-Central,US,HIF,T3IF,T1,1.5767,True,local-nvme,Available,v2.2.1
2026-06-26,gcp,a100-sxm-40gb,A100,40GB,SXM,Ethernet,OnDemand,Interruptible,Spot,US-South,US,DIF,T3IF,T1,0.4523,True,local-nvme,Available,v2.2.1
2026-06-26,gcp,a100-sxm-40gb,A100,40GB,SXM,Ethernet,OnDemand,Interruptible,Spot,US-West,US,DIF,T3IF,T1,0.3763,True,local-nvme,Available,v2.2.1
2026-06-26,gcp,a100-sxm-40gb,A100,40GB,SXM,Ethernet,OnDemand,Interruptible,Spot,US-Central,US,DIF,T3IF,T1,1.8285,True,local-nvme,Available,v2.2.1
2026-06-26,gcp,a100-sxm-40gb,A100,40GB,SXM,Ethernet,OnDemand,Interruptible,Spot,US-East,US,DIF,T3IF,T1,1.8285,True,local-nvme,Available,v2.2.1
2026-06-26,jarvislabs,a100-sxm-40gb,A100,40GB,SXM,Unknown,OnDemand,NonInterruptible,OnDemand,APAC,APAC,IIF,T3IF,T2,0.8900,False,,Available,v2.2.1
2026-06-26,oci,a100-sxm-40gb,A100,40GB,SXM,RoCE-v2,OnDemand,NonInterruptible,OnDemand,US-East,US,HIF,T2IF,T1,3.0500,True,local-nvme;egress-capped;managed-ops-plane;support-tier;observability,Available,v2.2.1
2026-06-27,aws,a100-sxm-40gb,A100,40GB,SXM,EFA,OnDemand,NonInterruptible,OnDemand,US-East,US,HIF,T2IF,T1,2.7447,True,local-nvme;managed-ops-plane;support-tier;observability,Available,v2.2.1
2026-06-27,aws,a100-sxm-40gb,A100,40GB,SXM,EFA,1Y,NonInterruptible,Reserved,US-East,US,HIF,T2IF,T1,1.7401,True,local-nvme;managed-ops-plane;support-tier;observability,Available,v2.2.1
2026-06-27,aws,a100-sxm-40gb,A100,40GB,SXM,EFA,3Y,NonInterruptible,Reserved,US-East,US,HIF,T2IF,T1,1.1718,True,local-nvme;managed-ops-plane;support-tier;observability,Available,v2.2.1
2026-06-27,aws,a100-sxm-40gb,A100,40GB,SXM,EFA,OnDemand,Interruptible,Spot,US-East,US,DIF,T2IF,T1,1.8342,False,,Available,v2.2.1
2026-06-27,aws,a100-sxm-40gb,A100,40GB,SXM,EFA,OnDemand,Interruptible,Spot,US-West,US,DIF,T2IF,T1,1.2244,False,,Available,v2.2.1
2026-06-27,datacrunch,a100-sxm-40gb,A100,40GB,SXM,IB-HDR,OnDemand,NonInterruptible,OnDemand,EU,EU,SIF,T2IF,T2,1.2900,True,local-nvme,Available,v2.2.1
2026-06-27,datacrunch,a100-sxm-40gb,A100,40GB,SXM,IB-HDR,OnDemand,Interruptible,Spot,EU,EU,DIF,T2IF,T2,0.4515,True,local-nvme,Available,v2.2.1
2026-06-27,e2e,a100-sxm-40gb,A100,40GB,SXM,Unknown,OnDemand,NonInterruptible,OnDemand,APAC,APAC,IIF,T3IF,T2,1.9800,True,managed-ops-plane,Available,v2.2.1
2026-06-27,gcp,a100-sxm-40gb,A100,40GB,SXM,Ethernet,OnDemand,NonInterruptible,OnDemand,US-Central,US,HIF,T3IF,T1,3.4837,True,local-nvme,Available,v2.2.1
2026-06-27,gcp,a100-sxm-40gb,A100,40GB,SXM,Ethernet,OnDemand,NonInterruptible,OnDemand,US-East,US,HIF,T3IF,T1,3.4837,True,local-nvme,Available,v2.2.1
2026-06-27,gcp,a100-sxm-40gb,A100,40GB,SXM,Ethernet,OnDemand,NonInterruptible,OnDemand,US-West,US,HIF,T3IF,T1,3.4837,True,local-nvme,Available,v2.2.1
2026-06-27,gcp,a100-sxm-40gb,A100,40GB,SXM,Ethernet,OnDemand,NonInterruptible,OnDemand,US-South,US,HIF,T3IF,T1,4.1108,True,local-nvme,Available,v2.2.1
2026-06-27,gcp,a100-sxm-40gb,A100,40GB,SXM,Ethernet,1Y,NonInterruptible,Reserved,US-South,US,HIF,T3IF,T1,2.8298,True,local-nvme,Available,v2.2.1
2026-06-27,gcp,a100-sxm-40gb,A100,40GB,SXM,Ethernet,1Y,NonInterruptible,Reserved,US-East,US,HIF,T3IF,T1,2.3982,True,local-nvme,Available,v2.2.1
2026-06-27,gcp,a100-sxm-40gb,A100,40GB,SXM,Ethernet,1Y,NonInterruptible,Reserved,US-West,US,HIF,T3IF,T1,2.8448,True,local-nvme,Available,v2.2.1
2026-06-27,gcp,a100-sxm-40gb,A100,40GB,SXM,Ethernet,1Y,NonInterruptible,Reserved,US-Central,US,HIF,T3IF,T1,2.3982,True,local-nvme,Available,v2.2.1
2026-06-27,gcp,a100-sxm-40gb,A100,40GB,SXM,Ethernet,3Y,NonInterruptible,Reserved,US-West,US,HIF,T3IF,T1,1.8156,True,local-nvme,Available,v2.2.1
2026-06-27,gcp,a100-sxm-40gb,A100,40GB,SXM,Ethernet,3Y,NonInterruptible,Reserved,US-East,US,HIF,T3IF,T1,1.7102,True,local-nvme,Available,v2.2.1
2026-06-27,gcp,a100-sxm-40gb,A100,40GB,SXM,Ethernet,3Y,NonInterruptible,Reserved,US-South,US,HIF,T3IF,T1,1.8605,True,local-nvme,Available,v2.2.1
2026-06-27,gcp,a100-sxm-40gb,A100,40GB,SXM,Ethernet,3Y,NonInterruptible,Reserved,US-Central,US,HIF,T3IF,T1,1.5767,True,local-nvme,Available,v2.2.1
2026-06-27,gcp,a100-sxm-40gb,A100,40GB,SXM,Ethernet,OnDemand,Interruptible,Spot,US-South,US,DIF,T3IF,T1,0.4523,True,local-nvme,Available,v2.2.1
2026-06-27,gcp,a100-sxm-40gb,A100,40GB,SXM,Ethernet,OnDemand,Interruptible,Spot,US-West,US,DIF,T3IF,T1,0.3763,True,local-nvme,Available,v2.2.1
2026-06-27,gcp,a100-sxm-40gb,A100,40GB,SXM,Ethernet,OnDemand,Interruptible,Spot,US-Central,US,DIF,T3IF,T1,1.8285,True,local-nvme,Available,v2.2.1
2026-06-27,gcp,a100-sxm-40gb,A100,40GB,SXM,Ethernet,OnDemand,Interruptible,Spot,US-East,US,DIF,T3IF,T1,1.8285,True,local-nvme,Available,v2.2.1
2026-06-27,jarvislabs,a100-sxm-40gb,A100,40GB,SXM,Unknown,OnDemand,NonInterruptible,OnDemand,APAC,APAC,IIF,T3IF,T2,0.8900,False,,Available,v2.2.1
2026-06-27,oci,a100-sxm-40gb,A100,40GB,SXM,RoCE-v2,OnDemand,NonInterruptible,OnDemand,US-East,US,HIF,T2IF,T1,3.0500,True,local-nvme;egress-capped;managed-ops-plane;support-tier;observability,Available,v2.2.1
2026-06-28,aws,a100-sxm-40gb,A100,40GB,SXM,EFA,OnDemand,NonInterruptible,OnDemand,US-East,US,HIF,T2IF,T1,2.7447,True,local-nvme;managed-ops-plane;support-tier;observability,Available,v2.2.1
2026-06-28,aws,a100-sxm-40gb,A100,40GB,SXM,EFA,1Y,NonInterruptible,Reserved,US-East,US,HIF,T2IF,T1,1.7401,True,local-nvme;managed-ops-plane;support-tier;observability,Available,v2.2.1
2026-06-28,aws,a100-sxm-40gb,A100,40GB,SXM,EFA,3Y,NonInterruptible,Reserved,US-East,US,HIF,T2IF,T1,1.1718,True,local-nvme;managed-ops-plane;support-tier;observability,Available,v2.2.1
2026-06-28,aws,a100-sxm-40gb,A100,40GB,SXM,EFA,OnDemand,Interruptible,Spot,US-East,US,DIF,T2IF,T1,1.8829,False,,Available,v2.2.1
2026-06-28,aws,a100-sxm-40gb,A100,40GB,SXM,EFA,OnDemand,Interruptible,Spot,US-West,US,DIF,T2IF,T1,1.2037,False,,Available,v2.2.1
2026-06-28,datacrunch,a100-sxm-40gb,A100,40GB,SXM,IB-HDR,OnDemand,NonInterruptible,OnDemand,EU,EU,SIF,T2IF,T2,1.2900,True,local-nvme,Available,v2.2.1
2026-06-28,datacrunch,a100-sxm-40gb,A100,40GB,SXM,IB-HDR,OnDemand,Interruptible,Spot,EU,EU,DIF,T2IF,T2,0.4515,True,local-nvme,Available,v2.2.1
2026-06-28,e2e,a100-sxm-40gb,A100,40GB,SXM,Unknown,OnDemand,NonInterruptible,OnDemand,APAC,APAC,IIF,T3IF,T2,1.9800,True,managed-ops-plane,Available,v2.2.1
2026-06-28,gcp,a100-sxm-40gb,A100,40GB,SXM,Ethernet,OnDemand,NonInterruptible,OnDemand,US-Central,US,HIF,T3IF,T1,3.4837,True,local-nvme,Available,v2.2.1
2026-06-28,gcp,a100-sxm-40gb,A100,40GB,SXM,Ethernet,OnDemand,NonInterruptible,OnDemand,US-East,US,HIF,T3IF,T1,3.4837,True,local-nvme,Available,v2.2.1
2026-06-28,gcp,a100-sxm-40gb,A100,40GB,SXM,Ethernet,OnDemand,NonInterruptible,OnDemand,US-West,US,HIF,T3IF,T1,3.4837,True,local-nvme,Available,v2.2.1
2026-06-28,gcp,a100-sxm-40gb,A100,40GB,SXM,Ethernet,OnDemand,NonInterruptible,OnDemand,US-South,US,HIF,T3IF,T1,4.1108,True,local-nvme,Available,v2.2.1
2026-06-28,gcp,a100-sxm-40gb,A100,40GB,SXM,Ethernet,1Y,NonInterruptible,Reserved,US-South,US,HIF,T3IF,T1,2.8298,True,local-nvme,Available,v2.2.1
2026-06-28,gcp,a100-sxm-40gb,A100,40GB,SXM,Ethernet,1Y,NonInterruptible,Reserved,US-East,US,HIF,T3IF,T1,2.3982,True,local-nvme,Available,v2.2.1
2026-06-28,gcp,a100-sxm-40gb,A100,40GB,SXM,Ethernet,1Y,NonInterruptible,Reserved,US-West,US,HIF,T3IF,T1,2.8448,True,local-nvme,Available,v2.2.1
2026-06-28,gcp,a100-sxm-40gb,A100,40GB,SXM,Ethernet,1Y,NonInterruptible,Reserved,US-Central,US,HIF,T3IF,T1,2.3982,True,local-nvme,Available,v2.2.1
2026-06-28,gcp,a100-sxm-40gb,A100,40GB,SXM,Ethernet,3Y,NonInterruptible,Reserved,US-West,US,HIF,T3IF,T1,1.8156,True,local-nvme,Available,v2.2.1
2026-06-28,gcp,a100-sxm-40gb,A100,40GB,SXM,Ethernet,3Y,NonInterruptible,Reserved,US-East,US,HIF,T3IF,T1,1.7102,True,local-nvme,Available,v2.2.1
2026-06-28,gcp,a100-sxm-40gb,A100,40GB,SXM,Ethernet,3Y,NonInterruptible,Reserved,US-South,US,HIF,T3IF,T1,1.8605,True,local-nvme,Available,v2.2.1
2026-06-28,gcp,a100-sxm-40gb,A100,40GB,SXM,Ethernet,3Y,NonInterruptible,Reserved,US-Central,US,HIF,T3IF,T1,1.5767,True,local-nvme,Available,v2.2.1
2026-06-28,gcp,a100-sxm-40gb,A100,40GB,SXM,Ethernet,OnDemand,Interruptible,Spot,US-South,US,DIF,T3IF,T1,0.4523,True,local-nvme,Available,v2.2.1
2026-06-28,gcp,a100-sxm-40gb,A100,40GB,SXM,Ethernet,OnDemand,Interruptible,Spot,US-West,US,DIF,T3IF,T1,0.3763,True,local-nvme,Available,v2.2.1
2026-06-28,gcp,a100-sxm-40gb,A100,40GB,SXM,Ethernet,OnDemand,Interruptible,Spot,US-Central,US,DIF,T3IF,T1,1.8285,True,local-nvme,Available,v2.2.1
2026-06-28,gcp,a100-sxm-40gb,A100,40GB,SXM,Ethernet,OnDemand,Interruptible,Spot,US-East,US,DIF,T3IF,T1,1.8285,True,local-nvme,Available,v2.2.1
2026-06-28,jarvislabs,a100-sxm-40gb,A100,40GB,SXM,Unknown,OnDemand,NonInterruptible,OnDemand,APAC,APAC,IIF,T3IF,T2,0.8900,False,,Available,v2.2.1
2026-06-28,oci,a100-sxm-40gb,A100,40GB,SXM,RoCE-v2,OnDemand,NonInterruptible,OnDemand,US-East,US,HIF,T2IF,T1,3.0500,True,local-nvme;egress-capped;managed-ops-plane;support-tier;observability,Available,v2.2.1
2026-06-29,aws,a100-sxm-40gb,A100,40GB,SXM,EFA,OnDemand,NonInterruptible,OnDemand,US-East,US,HIF,T2IF,T1,2.7447,True,local-nvme;managed-ops-plane;support-tier;observability,Available,v2.2.1
2026-06-29,aws,a100-sxm-40gb,A100,40GB,SXM,EFA,1Y,NonInterruptible,Reserved,US-East,US,HIF,T2IF,T1,1.7401,True,local-nvme;managed-ops-plane;support-tier;observability,Available,v2.2.1
2026-06-29,aws,a100-sxm-40gb,A100,40GB,SXM,EFA,3Y,NonInterruptible,Reserved,US-East,US,HIF,T2IF,T1,1.1718,True,local-nvme;managed-ops-plane;support-tier;observability,Available,v2.2.1
2026-06-29,aws,a100-sxm-40gb,A100,40GB,SXM,EFA,OnDemand,Interruptible,Spot,US-East,US,DIF,T2IF,T1,1.8932,False,,Available,v2.2.1
2026-06-29,aws,a100-sxm-40gb,A100,40GB,SXM,EFA,OnDemand,Interruptible,Spot,US-West,US,DIF,T2IF,T1,1.1929,False,,Available,v2.2.1
2026-06-29,datacrunch,a100-sxm-40gb,A100,40GB,SXM,IB-HDR,OnDemand,NonInterruptible,OnDemand,EU,EU,SIF,T2IF,T2,1.2900,True,local-nvme,Available,v2.2.1
2026-06-29,datacrunch,a100-sxm-40gb,A100,40GB,SXM,IB-HDR,OnDemand,Interruptible,Spot,EU,EU,DIF,T2IF,T2,0.4515,True,local-nvme,Available,v2.2.1
2026-06-29,e2e,a100-sxm-40gb,A100,40GB,SXM,Unknown,OnDemand,NonInterruptible,OnDemand,APAC,APAC,IIF,T3IF,T2,1.9800,True,managed-ops-plane,Available,v2.2.1
2026-06-29,gcp,a100-sxm-40gb,A100,40GB,SXM,Ethernet,OnDemand,NonInterruptible,OnDemand,US-Central,US,HIF,T3IF,T1,3.4837,True,local-nvme,Available,v2.2.1
2026-06-29,gcp,a100-sxm-40gb,A100,40GB,SXM,Ethernet,OnDemand,NonInterruptible,OnDemand,US-East,US,HIF,T3IF,T1,3.4837,True,local-nvme,Available,v2.2.1
2026-06-29,gcp,a100-sxm-40gb,A100,40GB,SXM,Ethernet,OnDemand,NonInterruptible,OnDemand,US-West,US,HIF,T3IF,T1,3.4837,True,local-nvme,Available,v2.2.1
2026-06-29,gcp,a100-sxm-40gb,A100,40GB,SXM,Ethernet,OnDemand,NonInterruptible,OnDemand,US-South,US,HIF,T3IF,T1,4.1108,True,local-nvme,Available,v2.2.1
2026-06-29,gcp,a100-sxm-40gb,A100,40GB,SXM,Ethernet,1Y,NonInterruptible,Reserved,US-South,US,HIF,T3IF,T1,2.8298,True,local-nvme,Available,v2.2.1
2026-06-29,gcp,a100-sxm-40gb,A100,40GB,SXM,Ethernet,1Y,NonInterruptible,Reserved,US-East,US,HIF,T3IF,T1,2.3982,True,local-nvme,Available,v2.2.1
2026-06-29,gcp,a100-sxm-40gb,A100,40GB,SXM,Ethernet,1Y,NonInterruptible,Reserved,US-West,US,HIF,T3IF,T1,2.8448,True,local-nvme,Available,v2.2.1
2026-06-29,gcp,a100-sxm-40gb,A100,40GB,SXM,Ethernet,1Y,NonInterruptible,Reserved,US-Central,US,HIF,T3IF,T1,2.3982,True,local-nvme,Available,v2.2.1
2026-06-29,gcp,a100-sxm-40gb,A100,40GB,SXM,Ethernet,3Y,NonInterruptible,Reserved,US-West,US,HIF,T3IF,T1,1.8156,True,local-nvme,Available,v2.2.1
2026-06-29,gcp,a100-sxm-40gb,A100,40GB,SXM,Ethernet,3Y,NonInterruptible,Reserved,US-East,US,HIF,T3IF,T1,1.7102,True,local-nvme,Available,v2.2.1
2026-06-29,gcp,a100-sxm-40gb,A100,40GB,SXM,Ethernet,3Y,NonInterruptible,Reserved,US-South,US,HIF,T3IF,T1,1.8605,True,local-nvme,Available,v2.2.1
2026-06-29,gcp,a100-sxm-40gb,A100,40GB,SXM,Ethernet,3Y,NonInterruptible,Reserved,US-Central,US,HIF,T3IF,T1,1.5767,True,local-nvme,Available,v2.2.1
2026-06-29,gcp,a100-sxm-40gb,A100,40GB,SXM,Ethernet,OnDemand,Interruptible,Spot,US-South,US,DIF,T3IF,T1,0.4523,True,local-nvme,Available,v2.2.1
2026-06-29,gcp,a100-sxm-40gb,A100,40GB,SXM,Ethernet,OnDemand,Interruptible,Spot,US-West,US,DIF,T3IF,T1,0.3763,True,local-nvme,Available,v2.2.1
2026-06-29,gcp,a100-sxm-40gb,A100,40GB,SXM,Ethernet,OnDemand,Interruptible,Spot,US-Central,US,DIF,T3IF,T1,1.8285,True,local-nvme,Available,v2.2.1
2026-06-29,gcp,a100-sxm-40gb,A100,40GB,SXM,Ethernet,OnDemand,Interruptible,Spot,US-East,US,DIF,T3IF,T1,1.8285,True,local-nvme,Available,v2.2.1
2026-06-29,jarvislabs,a100-sxm-40gb,A100,40GB,SXM,Unknown,OnDemand,NonInterruptible,OnDemand,APAC,APAC,IIF,T3IF,T2,0.8900,False,,Available,v2.2.1
2026-06-29,oci,a100-sxm-40gb,A100,40GB,SXM,RoCE-v2,OnDemand,NonInterruptible,OnDemand,US-East,US,HIF,T2IF,T1,3.0500,True,local-nvme;egress-capped;managed-ops-plane;support-tier;observability,Available,v2.2.1
2026-06-30,aws,a100-sxm-40gb,A100,40GB,SXM,EFA,OnDemand,NonInterruptible,OnDemand,US-East,US,HIF,T2IF,T1,2.7447,True,local-nvme;managed-ops-plane;support-tier;observability,Available,v2.2.1
2026-06-30,aws,a100-sxm-40gb,A100,40GB,SXM,EFA,1Y,NonInterruptible,Reserved,US-East,US,HIF,T2IF,T1,1.7401,True,local-nvme;managed-ops-plane;support-tier;observability,Available,v2.2.1
2026-06-30,aws,a100-sxm-40gb,A100,40GB,SXM,EFA,3Y,NonInterruptible,Reserved,US-East,US,HIF,T2IF,T1,1.1718,True,local-nvme;managed-ops-plane;support-tier;observability,Available,v2.2.1
2026-06-30,aws,a100-sxm-40gb,A100,40GB,SXM,EFA,OnDemand,Interruptible,Spot,US-East,US,DIF,T2IF,T1,1.8818,False,,Available,v2.2.1
2026-06-30,aws,a100-sxm-40gb,A100,40GB,SXM,EFA,OnDemand,Interruptible,Spot,US-West,US,DIF,T2IF,T1,1.1406,False,,Available,v2.2.1
2026-06-30,datacrunch,a100-sxm-40gb,A100,40GB,SXM,IB-HDR,OnDemand,NonInterruptible,OnDemand,EU,EU,SIF,T2IF,T2,1.2900,True,local-nvme,Available,v2.2.1
2026-06-30,datacrunch,a100-sxm-40gb,A100,40GB,SXM,IB-HDR,OnDemand,Interruptible,Spot,EU,EU,DIF,T2IF,T2,0.4515,True,local-nvme,Available,v2.2.1
2026-06-30,e2e,a100-sxm-40gb,A100,40GB,SXM,Unknown,OnDemand,NonInterruptible,OnDemand,APAC,APAC,IIF,T3IF,T2,1.9800,True,managed-ops-plane,Available,v2.2.1
2026-06-30,gcp,a100-sxm-40gb,A100,40GB,SXM,Ethernet,OnDemand,NonInterruptible,OnDemand,US-Central,US,HIF,T3IF,T1,3.4837,True,local-nvme,Available,v2.2.1
2026-06-30,gcp,a100-sxm-40gb,A100,40GB,SXM,Ethernet,OnDemand,NonInterruptible,OnDemand,US-East,US,HIF,T3IF,T1,3.4837,True,local-nvme,Available,v2.2.1
2026-06-30,gcp,a100-sxm-40gb,A100,40GB,SXM,Ethernet,OnDemand,NonInterruptible,OnDemand,US-West,US,HIF,T3IF,T1,3.4837,True,local-nvme,Available,v2.2.1
2026-06-30,gcp,a100-sxm-40gb,A100,40GB,SXM,Ethernet,OnDemand,NonInterruptible,OnDemand,US-South,US,HIF,T3IF,T1,4.1108,True,local-nvme,Available,v2.2.1
2026-06-30,gcp,a100-sxm-40gb,A100,40GB,SXM,Ethernet,1Y,NonInterruptible,Reserved,US-South,US,HIF,T3IF,T1,2.8298,True,local-nvme,Available,v2.2.1
2026-06-30,gcp,a100-sxm-40gb,A100,40GB,SXM,Ethernet,1Y,NonInterruptible,Reserved,US-East,US,HIF,T3IF,T1,2.3982,True,local-nvme,Available,v2.2.1
2026-06-30,gcp,a100-sxm-40gb,A100,40GB,SXM,Ethernet,1Y,NonInterruptible,Reserved,US-West,US,HIF,T3IF,T1,2.8448,True,local-nvme,Available,v2.2.1
2026-06-30,gcp,a100-sxm-40gb,A100,40GB,SXM,Ethernet,1Y,NonInterruptible,Reserved,US-Central,US,HIF,T3IF,T1,2.3982,True,local-nvme,Available,v2.2.1
2026-06-30,gcp,a100-sxm-40gb,A100,40GB,SXM,Ethernet,3Y,NonInterruptible,Reserved,US-West,US,HIF,T3IF,T1,1.8156,True,local-nvme,Available,v2.2.1
2026-06-30,gcp,a100-sxm-40gb,A100,40GB,SXM,Ethernet,3Y,NonInterruptible,Reserved,US-East,US,HIF,T3IF,T1,1.7102,True,local-nvme,Available,v2.2.1
2026-06-30,gcp,a100-sxm-40gb,A100,40GB,SXM,Ethernet,3Y,NonInterruptible,Reserved,US-South,US,HIF,T3IF,T1,1.8605,True,local-nvme,Available,v2.2.1
2026-06-30,gcp,a100-sxm-40gb,A100,40GB,SXM,Ethernet,3Y,NonInterruptible,Reserved,US-Central,US,HIF,T3IF,T1,1.5767,True,local-nvme,Available,v2.2.1
2026-06-30,gcp,a100-sxm-40gb,A100,40GB,SXM,Ethernet,OnDemand,Interruptible,Spot,US-South,US,DIF,T3IF,T1,0.4523,True,local-nvme,Available,v2.2.1
2026-06-30,gcp,a100-sxm-40gb,A100,40GB,SXM,Ethernet,OnDemand,Interruptible,Spot,US-West,US,DIF,T3IF,T1,0.3763,True,local-nvme,Available,v2.2.1
2026-06-30,gcp,a100-sxm-40gb,A100,40GB,SXM,Ethernet,OnDemand,Interruptible,Spot,US-Central,US,DIF,T3IF,T1,1.8285,True,local-nvme,Available,v2.2.1
2026-06-30,gcp,a100-sxm-40gb,A100,40GB,SXM,Ethernet,OnDemand,Interruptible,Spot,US-East,US,DIF,T3IF,T1,1.8285,True,local-nvme,Available,v2.2.1
2026-06-30,jarvislabs,a100-sxm-40gb,A100,40GB,SXM,Unknown,OnDemand,NonInterruptible,OnDemand,APAC,APAC,IIF,T3IF,T2,0.8900,False,,Available,v2.2.1
2026-06-30,oci,a100-sxm-40gb,A100,40GB,SXM,RoCE-v2,OnDemand,NonInterruptible,OnDemand,US-East,US,HIF,T2IF,T1,3.0500,True,local-nvme;egress-capped;managed-ops-plane;support-tier;observability,Available,v2.2.1
2026-07-01,aws,a100-sxm-40gb,A100,40GB,SXM,EFA,OnDemand,NonInterruptible,OnDemand,US-East,US,HIF,T2IF,T1,2.7447,True,local-nvme;managed-ops-plane;support-tier;observability,Available,v2.2.1
2026-07-01,aws,a100-sxm-40gb,A100,40GB,SXM,EFA,1Y,NonInterruptible,Reserved,US-East,US,HIF,T2IF,T1,1.7401,True,local-nvme;managed-ops-plane;support-tier;observability,Available,v2.2.1
2026-07-01,aws,a100-sxm-40gb,A100,40GB,SXM,EFA,3Y,NonInterruptible,Reserved,US-East,US,HIF,T2IF,T1,1.1718,True,local-nvme;managed-ops-plane;support-tier;observability,Available,v2.2.1
2026-07-01,aws,a100-sxm-40gb,A100,40GB,SXM,EFA,OnDemand,Interruptible,Spot,US-West,US,DIF,T2IF,T1,1.1322,False,,Available,v2.2.1
2026-07-01,aws,a100-sxm-40gb,A100,40GB,SXM,EFA,OnDemand,Interruptible,Spot,US-East,US,DIF,T2IF,T1,1.8973,False,,Available,v2.2.1
2026-07-01,datacrunch,a100-sxm-40gb,A100,40GB,SXM,IB-HDR,OnDemand,NonInterruptible,OnDemand,EU,EU,SIF,T2IF,T2,1.2900,True,local-nvme,Available,v2.2.1
2026-07-01,datacrunch,a100-sxm-40gb,A100,40GB,SXM,IB-HDR,OnDemand,Interruptible,Spot,EU,EU,DIF,T2IF,T2,0.4515,True,local-nvme,Available,v2.2.1
2026-07-01,e2e,a100-sxm-40gb,A100,40GB,SXM,Unknown,OnDemand,NonInterruptible,OnDemand,APAC,APAC,IIF,T3IF,T2,1.9800,True,managed-ops-plane,Available,v2.2.1
2026-07-01,gcp,a100-sxm-40gb,A100,40GB,SXM,Ethernet,OnDemand,NonInterruptible,OnDemand,US-Central,US,HIF,T3IF,T1,3.4837,True,local-nvme,Available,v2.2.1
2026-07-01,gcp,a100-sxm-40gb,A100,40GB,SXM,Ethernet,OnDemand,NonInterruptible,OnDemand,US-East,US,HIF,T3IF,T1,3.4837,True,local-nvme,Available,v2.2.1
2026-07-01,gcp,a100-sxm-40gb,A100,40GB,SXM,Ethernet,OnDemand,NonInterruptible,OnDemand,US-West,US,HIF,T3IF,T1,3.4837,True,local-nvme,Available,v2.2.1
2026-07-01,gcp,a100-sxm-40gb,A100,40GB,SXM,Ethernet,OnDemand,NonInterruptible,OnDemand,US-South,US,HIF,T3IF,T1,4.1108,True,local-nvme,Available,v2.2.1
2026-07-01,gcp,a100-sxm-40gb,A100,40GB,SXM,Ethernet,1Y,NonInterruptible,Reserved,US-South,US,HIF,T3IF,T1,2.8298,True,local-nvme,Available,v2.2.1
2026-07-01,gcp,a100-sxm-40gb,A100,40GB,SXM,Ethernet,1Y,NonInterruptible,Reserved,US-East,US,HIF,T3IF,T1,2.3982,True,local-nvme,Available,v2.2.1
2026-07-01,gcp,a100-sxm-40gb,A100,40GB,SXM,Ethernet,1Y,NonInterruptible,Reserved,US-West,US,HIF,T3IF,T1,2.8448,True,local-nvme,Available,v2.2.1
2026-07-01,gcp,a100-sxm-40gb,A100,40GB,SXM,Ethernet,1Y,NonInterruptible,Reserved,US-Central,US,HIF,T3IF,T1,2.3982,True,local-nvme,Available,v2.2.1
2026-07-01,gcp,a100-sxm-40gb,A100,40GB,SXM,Ethernet,3Y,NonInterruptible,Reserved,US-West,US,HIF,T3IF,T1,1.8156,True,local-nvme,Available,v2.2.1
2026-07-01,gcp,a100-sxm-40gb,A100,40GB,SXM,Ethernet,3Y,NonInterruptible,Reserved,US-East,US,HIF,T3IF,T1,1.7102,True,local-nvme,Available,v2.2.1
2026-07-01,gcp,a100-sxm-40gb,A100,40GB,SXM,Ethernet,3Y,NonInterruptible,Reserved,US-South,US,HIF,T3IF,T1,1.8605,True,local-nvme,Available,v2.2.1
2026-07-01,gcp,a100-sxm-40gb,A100,40GB,SXM,Ethernet,3Y,NonInterruptible,Reserved,US-Central,US,HIF,T3IF,T1,1.5767,True,local-nvme,Available,v2.2.1
2026-07-01,gcp,a100-sxm-40gb,A100,40GB,SXM,Ethernet,OnDemand,Interruptible,Spot,US-South,US,DIF,T3IF,T1,0.4523,True,local-nvme,Available,v2.2.1
2026-07-01,gcp,a100-sxm-40gb,A100,40GB,SXM,Ethernet,OnDemand,Interruptible,Spot,US-West,US,DIF,T3IF,T1,0.3763,True,local-nvme,Available,v2.2.1
2026-07-01,gcp,a100-sxm-40gb,A100,40GB,SXM,Ethernet,OnDemand,Interruptible,Spot,US-Central,US,DIF,T3IF,T1,1.8285,True,local-nvme,Available,v2.2.1
2026-07-01,gcp,a100-sxm-40gb,A100,40GB,SXM,Ethernet,OnDemand,Interruptible,Spot,US-East,US,DIF,T3IF,T1,1.8285,True,local-nvme,Available,v2.2.1
2026-07-01,jarvislabs,a100-sxm-40gb,A100,40GB,SXM,Unknown,OnDemand,NonInterruptible,OnDemand,APAC,APAC,IIF,T3IF,T2,0.8900,False,,Available,v2.2.1
2026-07-01,oci,a100-sxm-40gb,A100,40GB,SXM,RoCE-v2,OnDemand,NonInterruptible,OnDemand,US-East,US,HIF,T2IF,T1,3.0500,True,local-nvme;egress-capped;managed-ops-plane;support-tier;observability,Available,v2.2.1
2026-07-01,qubrid,a100-sxm-40gb,A100,40GB,SXM,Unknown,OnDemand,NonInterruptible,OnDemand,Other,Other,SIF,T2IF,T2,1.3800,False,,Available,v2.2.1
2026-07-01,qubrid,a100-sxm-40gb,A100,40GB,SXM,Unknown,1M,NonInterruptible,Reserved,Other,Other,SIF,T2IF,T2,1.2225,False,,Available,v2.2.1
2026-07-01,qubrid,a100-sxm-40gb,A100,40GB,SXM,Unknown,1Y,NonInterruptible,Reserved,Other,Other,SIF,T2IF,T2,0.9175,False,,Available,v2.2.1
2026-07-01,qubrid,a100-sxm-40gb,A100,40GB,SXM,Unknown,3M,NonInterruptible,Reserved,Other,Other,SIF,T2IF,T2,1.0700,False,,Available,v2.2.1
2026-07-01,sesterce,a100-sxm-40gb,A100,40GB,SXM,Unknown,OnDemand,NonInterruptible,OnDemand,Other,Other,IIF,T2IF,T2,1.4960,False,,Available,v2.2.1
2026-07-02,aws,a100-sxm-40gb,A100,40GB,SXM,EFA,OnDemand,NonInterruptible,OnDemand,US-East,US,HIF,T2IF,T1,2.7447,True,local-nvme;managed-ops-plane;support-tier;observability,Available,v2.2.1
2026-07-02,aws,a100-sxm-40gb,A100,40GB,SXM,EFA,1Y,NonInterruptible,Reserved,US-East,US,HIF,T2IF,T1,1.7401,True,local-nvme;managed-ops-plane;support-tier;observability,Available,v2.2.1
2026-07-02,aws,a100-sxm-40gb,A100,40GB,SXM,EFA,3Y,NonInterruptible,Reserved,US-East,US,HIF,T2IF,T1,1.1718,True,local-nvme;managed-ops-plane;support-tier;observability,Available,v2.2.1
2026-07-02,aws,a100-sxm-40gb,A100,40GB,SXM,EFA,OnDemand,Interruptible,Spot,US-West,US,DIF,T2IF,T1,1.7311,False,,Available,v2.2.1
2026-07-02,aws,a100-sxm-40gb,A100,40GB,SXM,EFA,OnDemand,Interruptible,Spot,US-East,US,DIF,T2IF,T1,1.0977,False,,Available,v2.2.1
2026-07-02,datacrunch,a100-sxm-40gb,A100,40GB,SXM,IB-HDR,OnDemand,NonInterruptible,OnDemand,EU,EU,SIF,T2IF,T2,1.2900,True,local-nvme,Available,v2.2.1
2026-07-02,datacrunch,a100-sxm-40gb,A100,40GB,SXM,IB-HDR,1M,NonInterruptible,Reserved,EU,EU,SIF,T2IF,T2,1.2642,True,local-nvme,Available,v2.2.1
2026-07-02,datacrunch,a100-sxm-40gb,A100,40GB,SXM,IB-HDR,1Y,NonInterruptible,Reserved,EU,EU,SIF,T2IF,T2,1.1868,True,local-nvme,Available,v2.2.1
2026-07-02,datacrunch,a100-sxm-40gb,A100,40GB,SXM,IB-HDR,2Y,NonInterruptible,Reserved,EU,EU,SIF,T2IF,T2,0.9675,True,local-nvme,Available,v2.2.1
2026-07-02,datacrunch,a100-sxm-40gb,A100,40GB,SXM,IB-HDR,3M,NonInterruptible,Reserved,EU,EU,SIF,T2IF,T2,1.2513,True,local-nvme,Available,v2.2.1
2026-07-02,datacrunch,a100-sxm-40gb,A100,40GB,SXM,IB-HDR,6M,NonInterruptible,Reserved,EU,EU,SIF,T2IF,T2,1.2384,True,local-nvme,Available,v2.2.1
2026-07-02,datacrunch,a100-sxm-40gb,A100,40GB,SXM,IB-HDR,OnDemand,Interruptible,Spot,EU,EU,DIF,T2IF,T2,0.4515,True,local-nvme,Available,v2.2.1
2026-07-02,e2e,a100-sxm-40gb,A100,40GB,SXM,Unknown,OnDemand,NonInterruptible,OnDemand,APAC,APAC,IIF,T3IF,T2,1.9800,True,managed-ops-plane,Available,v2.2.1
2026-07-02,e2e,a100-sxm-40gb,A100,40GB,SXM,Unknown,1M,NonInterruptible,Reserved,APAC,APAC,IIF,T3IF,T2,1.2542,True,managed-ops-plane,Available,v2.2.1
2026-07-02,e2e,a100-sxm-40gb,A100,40GB,SXM,Unknown,1Y,NonInterruptible,Reserved,APAC,APAC,IIF,T3IF,T2,1.1098,True,managed-ops-plane,Available,v2.2.1
2026-07-02,e2e,a100-sxm-40gb,A100,40GB,SXM,Unknown,3M,NonInterruptible,Reserved,APAC,APAC,IIF,T3IF,T2,1.2231,True,managed-ops-plane,Available,v2.2.1
2026-07-02,e2e,a100-sxm-40gb,A100,40GB,SXM,Unknown,6M,NonInterruptible,Reserved,APAC,APAC,IIF,T3IF,T2,1.1765,True,managed-ops-plane,Available,v2.2.1
2026-07-02,gcp,a100-sxm-40gb,A100,40GB,SXM,Ethernet,OnDemand,NonInterruptible,OnDemand,US-West,US,HIF,T3IF,T1,3.4837,True,local-nvme,Available,v2.2.1
2026-07-02,gcp,a100-sxm-40gb,A100,40GB,SXM,Ethernet,OnDemand,NonInterruptible,OnDemand,US-Central,US,HIF,T3IF,T1,3.4837,True,local-nvme,Available,v2.2.1
2026-07-02,gcp,a100-sxm-40gb,A100,40GB,SXM,Ethernet,OnDemand,NonInterruptible,OnDemand,US-East,US,HIF,T3IF,T1,3.4837,True,local-nvme,Available,v2.2.1
2026-07-02,gcp,a100-sxm-40gb,A100,40GB,SXM,Ethernet,OnDemand,NonInterruptible,OnDemand,US-South,US,HIF,T3IF,T1,4.1108,True,local-nvme,Available,v2.2.1
2026-07-02,gcp,a100-sxm-40gb,A100,40GB,SXM,Ethernet,1Y,NonInterruptible,Reserved,US-West,US,HIF,T3IF,T1,2.8448,True,local-nvme,Available,v2.2.1
2026-07-02,gcp,a100-sxm-40gb,A100,40GB,SXM,Ethernet,1Y,NonInterruptible,Reserved,US-Central,US,HIF,T3IF,T1,2.3982,True,local-nvme,Available,v2.2.1
2026-07-02,gcp,a100-sxm-40gb,A100,40GB,SXM,Ethernet,1Y,NonInterruptible,Reserved,US-East,US,HIF,T3IF,T1,2.3982,True,local-nvme,Available,v2.2.1
2026-07-02,gcp,a100-sxm-40gb,A100,40GB,SXM,Ethernet,1Y,NonInterruptible,Reserved,US-South,US,HIF,T3IF,T1,2.8298,True,local-nvme,Available,v2.2.1
2026-07-02,gcp,a100-sxm-40gb,A100,40GB,SXM,Ethernet,3Y,NonInterruptible,Reserved,US-South,US,HIF,T3IF,T1,1.8605,True,local-nvme,Available,v2.2.1
2026-07-02,gcp,a100-sxm-40gb,A100,40GB,SXM,Ethernet,3Y,NonInterruptible,Reserved,US-East,US,HIF,T3IF,T1,1.7102,True,local-nvme,Available,v2.2.1
2026-07-02,gcp,a100-sxm-40gb,A100,40GB,SXM,Ethernet,3Y,NonInterruptible,Reserved,US-West,US,HIF,T3IF,T1,1.8156,True,local-nvme,Available,v2.2.1
2026-07-02,gcp,a100-sxm-40gb,A100,40GB,SXM,Ethernet,3Y,NonInterruptible,Reserved,US-Central,US,HIF,T3IF,T1,1.5767,True,local-nvme,Available,v2.2.1
2026-07-02,gcp,a100-sxm-40gb,A100,40GB,SXM,Ethernet,OnDemand,Interruptible,Spot,US-West,US,DIF,T3IF,T1,0.3763,True,local-nvme,Available,v2.2.1
2026-07-02,gcp,a100-sxm-40gb,A100,40GB,SXM,Ethernet,OnDemand,Interruptible,Spot,US-South,US,DIF,T3IF,T1,0.4523,True,local-nvme,Available,v2.2.1
2026-07-02,gcp,a100-sxm-40gb,A100,40GB,SXM,Ethernet,OnDemand,Interruptible,Spot,US-Central,US,DIF,T3IF,T1,1.8285,True,local-nvme,Available,v2.2.1
2026-07-02,gcp,a100-sxm-40gb,A100,40GB,SXM,Ethernet,OnDemand,Interruptible,Spot,US-East,US,DIF,T3IF,T1,1.8285,True,local-nvme,Available,v2.2.1
2026-07-02,jarvislabs,a100-sxm-40gb,A100,40GB,SXM,Unknown,OnDemand,NonInterruptible,OnDemand,APAC,APAC,IIF,T3IF,T2,0.8900,False,,Available,v2.2.1
2026-07-02,oci,a100-sxm-40gb,A100,40GB,SXM,RoCE-v2,OnDemand,NonInterruptible,OnDemand,US-East,US,HIF,T2IF,T1,3.0500,True,local-nvme;egress-capped;managed-ops-plane;support-tier;observability,Available,v2.2.1
2026-07-02,qubrid,a100-sxm-40gb,A100,40GB,SXM,Unknown,OnDemand,NonInterruptible,OnDemand,Other,Other,SIF,T2IF,T2,1.3800,False,,Available,v2.2.1
2026-07-02,qubrid,a100-sxm-40gb,A100,40GB,SXM,Unknown,1M,NonInterruptible,Reserved,Other,Other,SIF,T2IF,T2,1.2225,False,,Available,v2.2.1
2026-07-02,qubrid,a100-sxm-40gb,A100,40GB,SXM,Unknown,1Y,NonInterruptible,Reserved,Other,Other,SIF,T2IF,T2,0.9175,False,,Available,v2.2.1
2026-07-02,qubrid,a100-sxm-40gb,A100,40GB,SXM,Unknown,3M,NonInterruptible,Reserved,Other,Other,SIF,T2IF,T2,1.0700,False,,Available,v2.2.1
2026-07-02,sesterce,a100-sxm-40gb,A100,40GB,SXM,Unknown,OnDemand,NonInterruptible,OnDemand,Other,Other,IIF,T2IF,T2,1.4960,False,,Available,v2.2.1
2026-07-03,aws,a100-sxm-40gb,A100,40GB,SXM,EFA,OnDemand,NonInterruptible,OnDemand,US-East,US,HIF,T2IF,T1,2.7447,True,local-nvme;managed-ops-plane;support-tier;observability,Available,v2.2.1
2026-07-03,aws,a100-sxm-40gb,A100,40GB,SXM,EFA,1Y,NonInterruptible,Reserved,US-East,US,HIF,T2IF,T1,1.7401,True,local-nvme;managed-ops-plane;support-tier;observability,Available,v2.2.1
2026-07-03,aws,a100-sxm-40gb,A100,40GB,SXM,EFA,3Y,NonInterruptible,Reserved,US-East,US,HIF,T2IF,T1,1.1718,True,local-nvme;managed-ops-plane;support-tier;observability,Available,v2.2.1
2026-07-03,aws,a100-sxm-40gb,A100,40GB,SXM,EFA,OnDemand,Interruptible,Spot,US-West,US,DIF,T2IF,T1,1.7121,False,,Available,v2.2.1
2026-07-03,aws,a100-sxm-40gb,A100,40GB,SXM,EFA,OnDemand,Interruptible,Spot,US-East,US,DIF,T2IF,T1,1.0636,False,,Available,v2.2.1
2026-07-03,datacrunch,a100-sxm-40gb,A100,40GB,SXM,IB-HDR,OnDemand,NonInterruptible,OnDemand,EU,EU,SIF,T2IF,T2,1.2900,True,local-nvme,Available,v2.2.1
2026-07-03,datacrunch,a100-sxm-40gb,A100,40GB,SXM,IB-HDR,1M,NonInterruptible,Reserved,EU,EU,SIF,T2IF,T2,1.2642,True,local-nvme,Available,v2.2.1
2026-07-03,datacrunch,a100-sxm-40gb,A100,40GB,SXM,IB-HDR,1Y,NonInterruptible,Reserved,EU,EU,SIF,T2IF,T2,1.1868,True,local-nvme,Available,v2.2.1
2026-07-03,datacrunch,a100-sxm-40gb,A100,40GB,SXM,IB-HDR,2Y,NonInterruptible,Reserved,EU,EU,SIF,T2IF,T2,0.9675,True,local-nvme,Available,v2.2.1
2026-07-03,datacrunch,a100-sxm-40gb,A100,40GB,SXM,IB-HDR,3M,NonInterruptible,Reserved,EU,EU,SIF,T2IF,T2,1.2513,True,local-nvme,Available,v2.2.1
2026-07-03,datacrunch,a100-sxm-40gb,A100,40GB,SXM,IB-HDR,6M,NonInterruptible,Reserved,EU,EU,SIF,T2IF,T2,1.2384,True,local-nvme,Available,v2.2.1
2026-07-03,datacrunch,a100-sxm-40gb,A100,40GB,SXM,IB-HDR,OnDemand,Interruptible,Spot,EU,EU,DIF,T2IF,T2,0.4515,True,local-nvme,Available,v2.2.1
2026-07-03,e2e,a100-sxm-40gb,A100,40GB,SXM,Unknown,OnDemand,NonInterruptible,OnDemand,APAC,APAC,IIF,T3IF,T2,1.9800,True,managed-ops-plane,Available,v2.2.1
2026-07-03,e2e,a100-sxm-40gb,A100,40GB,SXM,Unknown,1M,NonInterruptible,Reserved,APAC,APAC,IIF,T3IF,T2,1.2542,True,managed-ops-plane,Available,v2.2.1
2026-07-03,e2e,a100-sxm-40gb,A100,40GB,SXM,Unknown,1Y,NonInterruptible,Reserved,APAC,APAC,IIF,T3IF,T2,1.1098,True,managed-ops-plane,Available,v2.2.1
2026-07-03,e2e,a100-sxm-40gb,A100,40GB,SXM,Unknown,3M,NonInterruptible,Reserved,APAC,APAC,IIF,T3IF,T2,1.2231,True,managed-ops-plane,Available,v2.2.1
2026-07-03,e2e,a100-sxm-40gb,A100,40GB,SXM,Unknown,6M,NonInterruptible,Reserved,APAC,APAC,IIF,T3IF,T2,1.1765,True,managed-ops-plane,Available,v2.2.1
2026-07-03,gcp,a100-sxm-40gb,A100,40GB,SXM,Ethernet,OnDemand,NonInterruptible,OnDemand,US-East,US,HIF,T3IF,T1,3.4837,True,local-nvme,Available,v2.2.1
2026-07-03,gcp,a100-sxm-40gb,A100,40GB,SXM,Ethernet,OnDemand,NonInterruptible,OnDemand,US-West,US,HIF,T3IF,T1,3.4837,True,local-nvme,Available,v2.2.1
2026-07-03,gcp,a100-sxm-40gb,A100,40GB,SXM,Ethernet,OnDemand,NonInterruptible,OnDemand,US-South,US,HIF,T3IF,T1,4.1108,True,local-nvme,Available,v2.2.1
2026-07-03,gcp,a100-sxm-40gb,A100,40GB,SXM,Ethernet,OnDemand,NonInterruptible,OnDemand,US-Central,US,HIF,T3IF,T1,3.4837,True,local-nvme,Available,v2.2.1
2026-07-03,gcp,a100-sxm-40gb,A100,40GB,SXM,Ethernet,1Y,NonInterruptible,Reserved,US-South,US,HIF,T3IF,T1,2.8298,True,local-nvme,Available,v2.2.1
2026-07-03,gcp,a100-sxm-40gb,A100,40GB,SXM,Ethernet,1Y,NonInterruptible,Reserved,US-West,US,HIF,T3IF,T1,2.8448,True,local-nvme,Available,v2.2.1
2026-07-03,gcp,a100-sxm-40gb,A100,40GB,SXM,Ethernet,1Y,NonInterruptible,Reserved,US-East,US,HIF,T3IF,T1,2.3982,True,local-nvme,Available,v2.2.1
2026-07-03,gcp,a100-sxm-40gb,A100,40GB,SXM,Ethernet,1Y,NonInterruptible,Reserved,US-Central,US,HIF,T3IF,T1,2.3982,True,local-nvme,Available,v2.2.1
2026-07-03,gcp,a100-sxm-40gb,A100,40GB,SXM,Ethernet,3Y,NonInterruptible,Reserved,US-West,US,HIF,T3IF,T1,1.8156,True,local-nvme,Available,v2.2.1
2026-07-03,gcp,a100-sxm-40gb,A100,40GB,SXM,Ethernet,3Y,NonInterruptible,Reserved,US-East,US,HIF,T3IF,T1,1.7102,True,local-nvme,Available,v2.2.1
2026-07-03,gcp,a100-sxm-40gb,A100,40GB,SXM,Ethernet,3Y,NonInterruptible,Reserved,US-Central,US,HIF,T3IF,T1,1.5767,True,local-nvme,Available,v2.2.1
2026-07-03,gcp,a100-sxm-40gb,A100,40GB,SXM,Ethernet,3Y,NonInterruptible,Reserved,US-South,US,HIF,T3IF,T1,1.8605,True,local-nvme,Available,v2.2.1
2026-07-03,gcp,a100-sxm-40gb,A100,40GB,SXM,Ethernet,OnDemand,Interruptible,Spot,US-East,US,DIF,T3IF,T1,1.8285,True,local-nvme,Available,v2.2.1
2026-07-03,gcp,a100-sxm-40gb,A100,40GB,SXM,Ethernet,OnDemand,Interruptible,Spot,US-Central,US,DIF,T3IF,T1,1.8285,True,local-nvme,Available,v2.2.1
2026-07-03,gcp,a100-sxm-40gb,A100,40GB,SXM,Ethernet,OnDemand,Interruptible,Spot,US-West,US,DIF,T3IF,T1,0.3763,True,local-nvme,Available,v2.2.1
2026-07-03,gcp,a100-sxm-40gb,A100,40GB,SXM,Ethernet,OnDemand,Interruptible,Spot,US-South,US,DIF,T3IF,T1,0.4523,True,local-nvme,Available,v2.2.1
2026-07-03,jarvislabs,a100-sxm-40gb,A100,40GB,SXM,Unknown,OnDemand,NonInterruptible,OnDemand,APAC,APAC,IIF,T3IF,T2,0.8900,False,,Available,v2.2.1
2026-07-03,oci,a100-sxm-40gb,A100,40GB,SXM,RoCE-v2,OnDemand,NonInterruptible,OnDemand,US-East,US,HIF,T2IF,T1,3.0500,True,local-nvme;egress-capped;managed-ops-plane;support-tier;observability,Available,v2.2.1
2026-07-03,qubrid,a100-sxm-40gb,A100,40GB,SXM,Unknown,OnDemand,NonInterruptible,OnDemand,Other,Other,SIF,T2IF,T2,1.3800,False,,Available,v2.2.1
2026-07-03,qubrid,a100-sxm-40gb,A100,40GB,SXM,Unknown,1M,NonInterruptible,Reserved,Other,Other,SIF,T2IF,T2,1.2225,False,,Available,v2.2.1
2026-07-03,qubrid,a100-sxm-40gb,A100,40GB,SXM,Unknown,1Y,NonInterruptible,Reserved,Other,Other,SIF,T2IF,T2,0.9175,False,,Available,v2.2.1
2026-07-03,qubrid,a100-sxm-40gb,A100,40GB,SXM,Unknown,3M,NonInterruptible,Reserved,Other,Other,SIF,T2IF,T2,1.0700,False,,Available,v2.2.1
2026-07-03,sesterce,a100-sxm-40gb,A100,40GB,SXM,Unknown,OnDemand,NonInterruptible,OnDemand,Other,Other,IIF,T2IF,T2,1.4960,False,,Available,v2.2.1
2026-07-04,aws,a100-sxm-40gb,A100,40GB,SXM,EFA,OnDemand,NonInterruptible,OnDemand,US-East,US,HIF,T2IF,T1,2.7447,True,local-nvme;managed-ops-plane;support-tier;observability,Available,v2.2.1
2026-07-04,aws,a100-sxm-40gb,A100,40GB,SXM,EFA,1Y,NonInterruptible,Reserved,US-East,US,HIF,T2IF,T1,1.7401,True,local-nvme;managed-ops-plane;support-tier;observability,Available,v2.2.1
2026-07-04,aws,a100-sxm-40gb,A100,40GB,SXM,EFA,3Y,NonInterruptible,Reserved,US-East,US,HIF,T2IF,T1,1.1718,True,local-nvme;managed-ops-plane;support-tier;observability,Available,v2.2.1
2026-07-04,aws,a100-sxm-40gb,A100,40GB,SXM,EFA,OnDemand,Interruptible,Spot,US-East,US,DIF,T2IF,T1,1.0073,False,,Available,v2.2.1
2026-07-04,aws,a100-sxm-40gb,A100,40GB,SXM,EFA,OnDemand,Interruptible,Spot,US-West,US,DIF,T2IF,T1,1.7677,False,,Available,v2.2.1
2026-07-04,datacrunch,a100-sxm-40gb,A100,40GB,SXM,IB-HDR,OnDemand,NonInterruptible,OnDemand,EU,EU,SIF,T2IF,T2,1.2900,True,local-nvme,Available,v2.2.1
2026-07-04,datacrunch,a100-sxm-40gb,A100,40GB,SXM,IB-HDR,1M,NonInterruptible,Reserved,EU,EU,SIF,T2IF,T2,1.2642,True,local-nvme,Available,v2.2.1
2026-07-04,datacrunch,a100-sxm-40gb,A100,40GB,SXM,IB-HDR,1Y,NonInterruptible,Reserved,EU,EU,SIF,T2IF,T2,1.1868,True,local-nvme,Available,v2.2.1
2026-07-04,datacrunch,a100-sxm-40gb,A100,40GB,SXM,IB-HDR,2Y,NonInterruptible,Reserved,EU,EU,SIF,T2IF,T2,0.9675,True,local-nvme,Available,v2.2.1
2026-07-04,datacrunch,a100-sxm-40gb,A100,40GB,SXM,IB-HDR,3M,NonInterruptible,Reserved,EU,EU,SIF,T2IF,T2,1.2513,True,local-nvme,Available,v2.2.1
2026-07-04,datacrunch,a100-sxm-40gb,A100,40GB,SXM,IB-HDR,6M,NonInterruptible,Reserved,EU,EU,SIF,T2IF,T2,1.2384,True,local-nvme,Available,v2.2.1
2026-07-04,datacrunch,a100-sxm-40gb,A100,40GB,SXM,IB-HDR,OnDemand,Interruptible,Spot,EU,EU,DIF,T2IF,T2,0.4515,True,local-nvme,Available,v2.2.1
2026-07-04,e2e,a100-sxm-40gb,A100,40GB,SXM,Unknown,OnDemand,NonInterruptible,OnDemand,APAC,APAC,IIF,T3IF,T2,1.9800,True,managed-ops-plane,Available,v2.2.1
2026-07-04,e2e,a100-sxm-40gb,A100,40GB,SXM,Unknown,1M,NonInterruptible,Reserved,APAC,APAC,IIF,T3IF,T2,1.2542,True,managed-ops-plane,Available,v2.2.1
2026-07-04,e2e,a100-sxm-40gb,A100,40GB,SXM,Unknown,1Y,NonInterruptible,Reserved,APAC,APAC,IIF,T3IF,T2,1.1098,True,managed-ops-plane,Available,v2.2.1
2026-07-04,e2e,a100-sxm-40gb,A100,40GB,SXM,Unknown,3M,NonInterruptible,Reserved,APAC,APAC,IIF,T3IF,T2,1.2231,True,managed-ops-plane,Available,v2.2.1
2026-07-04,e2e,a100-sxm-40gb,A100,40GB,SXM,Unknown,6M,NonInterruptible,Reserved,APAC,APAC,IIF,T3IF,T2,1.1765,True,managed-ops-plane,Available,v2.2.1
2026-07-04,gcp,a100-sxm-40gb,A100,40GB,SXM,Ethernet,OnDemand,NonInterruptible,OnDemand,US-East,US,HIF,T3IF,T1,3.4837,True,local-nvme,Available,v2.2.1
2026-07-04,gcp,a100-sxm-40gb,A100,40GB,SXM,Ethernet,OnDemand,NonInterruptible,OnDemand,US-West,US,HIF,T3IF,T1,3.4837,True,local-nvme,Available,v2.2.1
2026-07-04,gcp,a100-sxm-40gb,A100,40GB,SXM,Ethernet,OnDemand,NonInterruptible,OnDemand,US-Central,US,HIF,T3IF,T1,3.4837,True,local-nvme,Available,v2.2.1
2026-07-04,gcp,a100-sxm-40gb,A100,40GB,SXM,Ethernet,OnDemand,NonInterruptible,OnDemand,US-South,US,HIF,T3IF,T1,4.1108,True,local-nvme,Available,v2.2.1
2026-07-04,gcp,a100-sxm-40gb,A100,40GB,SXM,Ethernet,1Y,NonInterruptible,Reserved,US-East,US,HIF,T3IF,T1,2.3982,True,local-nvme,Available,v2.2.1
2026-07-04,gcp,a100-sxm-40gb,A100,40GB,SXM,Ethernet,1Y,NonInterruptible,Reserved,US-South,US,HIF,T3IF,T1,2.8298,True,local-nvme,Available,v2.2.1
2026-07-04,gcp,a100-sxm-40gb,A100,40GB,SXM,Ethernet,1Y,NonInterruptible,Reserved,US-Central,US,HIF,T3IF,T1,2.3982,True,local-nvme,Available,v2.2.1
2026-07-04,gcp,a100-sxm-40gb,A100,40GB,SXM,Ethernet,1Y,NonInterruptible,Reserved,US-West,US,HIF,T3IF,T1,2.8448,True,local-nvme,Available,v2.2.1
2026-07-04,gcp,a100-sxm-40gb,A100,40GB,SXM,Ethernet,3Y,NonInterruptible,Reserved,US-Central,US,HIF,T3IF,T1,1.5767,True,local-nvme,Available,v2.2.1
2026-07-04,gcp,a100-sxm-40gb,A100,40GB,SXM,Ethernet,3Y,NonInterruptible,Reserved,US-South,US,HIF,T3IF,T1,1.8605,True,local-nvme,Available,v2.2.1
2026-07-04,gcp,a100-sxm-40gb,A100,40GB,SXM,Ethernet,3Y,NonInterruptible,Reserved,US-West,US,HIF,T3IF,T1,1.8156,True,local-nvme,Available,v2.2.1
2026-07-04,gcp,a100-sxm-40gb,A100,40GB,SXM,Ethernet,3Y,NonInterruptible,Reserved,US-East,US,HIF,T3IF,T1,1.7102,True,local-nvme,Available,v2.2.1
2026-07-04,gcp,a100-sxm-40gb,A100,40GB,SXM,Ethernet,OnDemand,Interruptible,Spot,US-West,US,DIF,T3IF,T1,0.3763,True,local-nvme,Available,v2.2.1
2026-07-04,gcp,a100-sxm-40gb,A100,40GB,SXM,Ethernet,OnDemand,Interruptible,Spot,US-Central,US,DIF,T3IF,T1,1.8285,True,local-nvme,Available,v2.2.1
2026-07-04,gcp,a100-sxm-40gb,A100,40GB,SXM,Ethernet,OnDemand,Interruptible,Spot,US-East,US,DIF,T3IF,T1,1.8285,True,local-nvme,Available,v2.2.1
2026-07-04,gcp,a100-sxm-40gb,A100,40GB,SXM,Ethernet,OnDemand,Interruptible,Spot,US-South,US,DIF,T3IF,T1,0.4523,True,local-nvme,Available,v2.2.1
2026-07-04,jarvislabs,a100-sxm-40gb,A100,40GB,SXM,Unknown,OnDemand,NonInterruptible,OnDemand,APAC,APAC,IIF,T3IF,T2,0.8900,False,,Available,v2.2.1
2026-07-04,oci,a100-sxm-40gb,A100,40GB,SXM,RoCE-v2,OnDemand,NonInterruptible,OnDemand,US-East,US,HIF,T2IF,T1,3.0500,True,local-nvme;egress-capped;managed-ops-plane;support-tier;observability,Available,v2.2.1
2026-07-04,qubrid,a100-sxm-40gb,A100,40GB,SXM,Unknown,OnDemand,NonInterruptible,OnDemand,Other,Other,SIF,T2IF,T2,1.3800,False,,Available,v2.2.1
2026-07-04,qubrid,a100-sxm-40gb,A100,40GB,SXM,Unknown,1M,NonInterruptible,Reserved,Other,Other,SIF,T2IF,T2,1.2225,False,,Available,v2.2.1
2026-07-04,qubrid,a100-sxm-40gb,A100,40GB,SXM,Unknown,1Y,NonInterruptible,Reserved,Other,Other,SIF,T2IF,T2,0.9175,False,,Available,v2.2.1
2026-07-04,qubrid,a100-sxm-40gb,A100,40GB,SXM,Unknown,3M,NonInterruptible,Reserved,Other,Other,SIF,T2IF,T2,1.0700,False,,Available,v2.2.1
2026-07-04,sesterce,a100-sxm-40gb,A100,40GB,SXM,Unknown,OnDemand,NonInterruptible,OnDemand,Other,Other,IIF,T2IF,T2,1.4960,False,,Available,v2.2.1
2026-07-05,aws,a100-sxm-40gb,A100,40GB,SXM,EFA,OnDemand,NonInterruptible,OnDemand,US-East,US,HIF,T2IF,T1,2.7447,True,local-nvme;managed-ops-plane;support-tier;observability,Available,v2.2.1
2026-07-05,aws,a100-sxm-40gb,A100,40GB,SXM,EFA,1Y,NonInterruptible,Reserved,US-East,US,HIF,T2IF,T1,1.7401,True,local-nvme;managed-ops-plane;support-tier;observability,Available,v2.2.1
2026-07-05,aws,a100-sxm-40gb,A100,40GB,SXM,EFA,3Y,NonInterruptible,Reserved,US-East,US,HIF,T2IF,T1,1.1718,True,local-nvme;managed-ops-plane;support-tier;observability,Available,v2.2.1
2026-07-05,aws,a100-sxm-40gb,A100,40GB,SXM,EFA,OnDemand,Interruptible,Spot,US-West,US,DIF,T2IF,T1,1.7957,False,,Available,v2.2.1
2026-07-05,aws,a100-sxm-40gb,A100,40GB,SXM,EFA,OnDemand,Interruptible,Spot,US-East,US,DIF,T2IF,T1,0.9317,False,,Available,v2.2.1
2026-07-05,datacrunch,a100-sxm-40gb,A100,40GB,SXM,IB-HDR,OnDemand,NonInterruptible,OnDemand,EU,EU,SIF,T2IF,T2,1.2900,True,local-nvme,Available,v2.2.1
2026-07-05,datacrunch,a100-sxm-40gb,A100,40GB,SXM,IB-HDR,1M,NonInterruptible,Reserved,EU,EU,SIF,T2IF,T2,1.2642,True,local-nvme,Available,v2.2.1
2026-07-05,datacrunch,a100-sxm-40gb,A100,40GB,SXM,IB-HDR,1Y,NonInterruptible,Reserved,EU,EU,SIF,T2IF,T2,1.1868,True,local-nvme,Available,v2.2.1
2026-07-05,datacrunch,a100-sxm-40gb,A100,40GB,SXM,IB-HDR,2Y,NonInterruptible,Reserved,EU,EU,SIF,T2IF,T2,0.9675,True,local-nvme,Available,v2.2.1
2026-07-05,datacrunch,a100-sxm-40gb,A100,40GB,SXM,IB-HDR,3M,NonInterruptible,Reserved,EU,EU,SIF,T2IF,T2,1.2513,True,local-nvme,Available,v2.2.1
2026-07-05,datacrunch,a100-sxm-40gb,A100,40GB,SXM,IB-HDR,6M,NonInterruptible,Reserved,EU,EU,SIF,T2IF,T2,1.2384,True,local-nvme,Available,v2.2.1
2026-07-05,datacrunch,a100-sxm-40gb,A100,40GB,SXM,IB-HDR,OnDemand,Interruptible,Spot,EU,EU,DIF,T2IF,T2,0.4515,True,local-nvme,Available,v2.2.1
2026-07-05,e2e,a100-sxm-40gb,A100,40GB,SXM,Unknown,OnDemand,NonInterruptible,OnDemand,APAC,APAC,IIF,T3IF,T2,1.9800,True,managed-ops-plane,Available,v2.2.1
2026-07-05,e2e,a100-sxm-40gb,A100,40GB,SXM,Unknown,1M,NonInterruptible,Reserved,APAC,APAC,IIF,T3IF,T2,1.2542,True,managed-ops-plane,Available,v2.2.1
2026-07-05,e2e,a100-sxm-40gb,A100,40GB,SXM,Unknown,1Y,NonInterruptible,Reserved,APAC,APAC,IIF,T3IF,T2,1.1098,True,managed-ops-plane,Available,v2.2.1
2026-07-05,e2e,a100-sxm-40gb,A100,40GB,SXM,Unknown,3M,NonInterruptible,Reserved,APAC,APAC,IIF,T3IF,T2,1.2231,True,managed-ops-plane,Available,v2.2.1
2026-07-05,e2e,a100-sxm-40gb,A100,40GB,SXM,Unknown,6M,NonInterruptible,Reserved,APAC,APAC,IIF,T3IF,T2,1.1765,True,managed-ops-plane,Available,v2.2.1
2026-07-05,gcp,a100-sxm-40gb,A100,40GB,SXM,Ethernet,OnDemand,NonInterruptible,OnDemand,US-South,US,HIF,T3IF,T1,4.1108,True,local-nvme,Available,v2.2.1
2026-07-05,gcp,a100-sxm-40gb,A100,40GB,SXM,Ethernet,OnDemand,NonInterruptible,OnDemand,US-Central,US,HIF,T3IF,T1,3.4837,True,local-nvme,Available,v2.2.1
2026-07-05,gcp,a100-sxm-40gb,A100,40GB,SXM,Ethernet,OnDemand,NonInterruptible,OnDemand,US-West,US,HIF,T3IF,T1,3.4837,True,local-nvme,Available,v2.2.1
2026-07-05,gcp,a100-sxm-40gb,A100,40GB,SXM,Ethernet,OnDemand,NonInterruptible,OnDemand,US-East,US,HIF,T3IF,T1,3.4837,True,local-nvme,Available,v2.2.1
2026-07-05,gcp,a100-sxm-40gb,A100,40GB,SXM,Ethernet,1Y,NonInterruptible,Reserved,US-West,US,HIF,T3IF,T1,2.8448,True,local-nvme,Available,v2.2.1
2026-07-05,gcp,a100-sxm-40gb,A100,40GB,SXM,Ethernet,1Y,NonInterruptible,Reserved,US-East,US,HIF,T3IF,T1,2.3982,True,local-nvme,Available,v2.2.1
2026-07-05,gcp,a100-sxm-40gb,A100,40GB,SXM,Ethernet,1Y,NonInterruptible,Reserved,US-Central,US,HIF,T3IF,T1,2.3982,True,local-nvme,Available,v2.2.1
2026-07-05,gcp,a100-sxm-40gb,A100,40GB,SXM,Ethernet,1Y,NonInterruptible,Reserved,US-South,US,HIF,T3IF,T1,2.8298,True,local-nvme,Available,v2.2.1
2026-07-05,gcp,a100-sxm-40gb,A100,40GB,SXM,Ethernet,3Y,NonInterruptible,Reserved,US-East,US,HIF,T3IF,T1,1.7102,True,local-nvme,Available,v2.2.1
2026-07-05,gcp,a100-sxm-40gb,A100,40GB,SXM,Ethernet,3Y,NonInterruptible,Reserved,US-West,US,HIF,T3IF,T1,1.8156,True,local-nvme,Available,v2.2.1
2026-07-05,gcp,a100-sxm-40gb,A100,40GB,SXM,Ethernet,3Y,NonInterruptible,Reserved,US-South,US,HIF,T3IF,T1,1.8605,True,local-nvme,Available,v2.2.1
2026-07-05,gcp,a100-sxm-40gb,A100,40GB,SXM,Ethernet,3Y,NonInterruptible,Reserved,US-Central,US,HIF,T3IF,T1,1.5767,True,local-nvme,Available,v2.2.1
2026-07-05,gcp,a100-sxm-40gb,A100,40GB,SXM,Ethernet,OnDemand,Interruptible,Spot,US-East,US,DIF,T3IF,T1,1.8285,True,local-nvme,Available,v2.2.1
2026-07-05,gcp,a100-sxm-40gb,A100,40GB,SXM,Ethernet,OnDemand,Interruptible,Spot,US-West,US,DIF,T3IF,T1,0.3763,True,local-nvme,Available,v2.2.1
2026-07-05,gcp,a100-sxm-40gb,A100,40GB,SXM,Ethernet,OnDemand,Interruptible,Spot,US-South,US,DIF,T3IF,T1,0.4523,True,local-nvme,Available,v2.2.1
2026-07-05,gcp,a100-sxm-40gb,A100,40GB,SXM,Ethernet,OnDemand,Interruptible,Spot,US-Central,US,DIF,T3IF,T1,1.8285,True,local-nvme,Available,v2.2.1
2026-07-05,jarvislabs,a100-sxm-40gb,A100,40GB,SXM,Unknown,OnDemand,NonInterruptible,OnDemand,APAC,APAC,IIF,T3IF,T2,0.8900,False,,Available,v2.2.1
2026-07-05,oci,a100-sxm-40gb,A100,40GB,SXM,RoCE-v2,OnDemand,NonInterruptible,OnDemand,US-East,US,HIF,T2IF,T1,3.0500,True,local-nvme;egress-capped;managed-ops-plane;support-tier;observability,Available,v2.2.1
2026-07-05,qubrid,a100-sxm-40gb,A100,40GB,SXM,Unknown,OnDemand,NonInterruptible,OnDemand,Other,Other,SIF,T2IF,T2,1.3800,False,,Available,v2.2.1
2026-07-05,qubrid,a100-sxm-40gb,A100,40GB,SXM,Unknown,1M,NonInterruptible,Reserved,Other,Other,SIF,T2IF,T2,1.2225,False,,Available,v2.2.1
2026-07-05,qubrid,a100-sxm-40gb,A100,40GB,SXM,Unknown,1Y,NonInterruptible,Reserved,Other,Other,SIF,T2IF,T2,0.9175,False,,Available,v2.2.1
2026-07-05,qubrid,a100-sxm-40gb,A100,40GB,SXM,Unknown,3M,NonInterruptible,Reserved,Other,Other,SIF,T2IF,T2,1.0700,False,,Available,v2.2.1
2026-07-05,sesterce,a100-sxm-40gb,A100,40GB,SXM,Unknown,OnDemand,NonInterruptible,OnDemand,Other,Other,IIF,T2IF,T2,1.5400,False,,Available,v2.2.1
2026-07-06,aws,a100-sxm-40gb,A100,40GB,SXM,EFA,OnDemand,NonInterruptible,OnDemand,US-East,US,HIF,T2IF,T1,2.7447,True,local-nvme;managed-ops-plane;support-tier;observability,Available,v2.2.1
2026-07-06,aws,a100-sxm-40gb,A100,40GB,SXM,EFA,1Y,NonInterruptible,Reserved,US-East,US,HIF,T2IF,T1,1.7401,True,local-nvme;managed-ops-plane;support-tier;observability,Available,v2.2.1
2026-07-06,aws,a100-sxm-40gb,A100,40GB,SXM,EFA,3Y,NonInterruptible,Reserved,US-East,US,HIF,T2IF,T1,1.1718,True,local-nvme;managed-ops-plane;support-tier;observability,Available,v2.2.1
2026-07-06,aws,a100-sxm-40gb,A100,40GB,SXM,EFA,OnDemand,Interruptible,Spot,US-West,US,DIF,T2IF,T1,1.7991,False,,Available,v2.2.1
2026-07-06,aws,a100-sxm-40gb,A100,40GB,SXM,EFA,OnDemand,Interruptible,Spot,US-East,US,DIF,T2IF,T1,0.9492,False,,Available,v2.2.1
2026-07-06,datacrunch,a100-sxm-40gb,A100,40GB,SXM,IB-HDR,OnDemand,NonInterruptible,OnDemand,EU,EU,SIF,T2IF,T2,1.2900,True,local-nvme,Available,v2.2.1
2026-07-06,datacrunch,a100-sxm-40gb,A100,40GB,SXM,IB-HDR,1M,NonInterruptible,Reserved,EU,EU,SIF,T2IF,T2,1.2642,True,local-nvme,Available,v2.2.1
2026-07-06,datacrunch,a100-sxm-40gb,A100,40GB,SXM,IB-HDR,1Y,NonInterruptible,Reserved,EU,EU,SIF,T2IF,T2,1.1868,True,local-nvme,Available,v2.2.1
2026-07-06,datacrunch,a100-sxm-40gb,A100,40GB,SXM,IB-HDR,2Y,NonInterruptible,Reserved,EU,EU,SIF,T2IF,T2,0.9675,True,local-nvme,Available,v2.2.1
2026-07-06,datacrunch,a100-sxm-40gb,A100,40GB,SXM,IB-HDR,3M,NonInterruptible,Reserved,EU,EU,SIF,T2IF,T2,1.2513,True,local-nvme,Available,v2.2.1
2026-07-06,datacrunch,a100-sxm-40gb,A100,40GB,SXM,IB-HDR,6M,NonInterruptible,Reserved,EU,EU,SIF,T2IF,T2,1.2384,True,local-nvme,Available,v2.2.1
2026-07-06,datacrunch,a100-sxm-40gb,A100,40GB,SXM,IB-HDR,OnDemand,Interruptible,Spot,EU,EU,DIF,T2IF,T2,0.4515,True,local-nvme,Available,v2.2.1
2026-07-06,e2e,a100-sxm-40gb,A100,40GB,SXM,Unknown,OnDemand,NonInterruptible,OnDemand,APAC,APAC,IIF,T3IF,T2,1.9800,True,managed-ops-plane,Available,v2.2.1
2026-07-06,e2e,a100-sxm-40gb,A100,40GB,SXM,Unknown,1M,NonInterruptible,Reserved,APAC,APAC,IIF,T3IF,T2,1.2542,True,managed-ops-plane,Available,v2.2.1
2026-07-06,e2e,a100-sxm-40gb,A100,40GB,SXM,Unknown,1Y,NonInterruptible,Reserved,APAC,APAC,IIF,T3IF,T2,1.1098,True,managed-ops-plane,Available,v2.2.1
2026-07-06,e2e,a100-sxm-40gb,A100,40GB,SXM,Unknown,3M,NonInterruptible,Reserved,APAC,APAC,IIF,T3IF,T2,1.2231,True,managed-ops-plane,Available,v2.2.1
2026-07-06,e2e,a100-sxm-40gb,A100,40GB,SXM,Unknown,6M,NonInterruptible,Reserved,APAC,APAC,IIF,T3IF,T2,1.1765,True,managed-ops-plane,Available,v2.2.1
2026-07-06,gcp,a100-sxm-40gb,A100,40GB,SXM,Ethernet,OnDemand,NonInterruptible,OnDemand,US-West,US,HIF,T3IF,T1,3.4837,True,local-nvme,Available,v2.2.1
2026-07-06,gcp,a100-sxm-40gb,A100,40GB,SXM,Ethernet,OnDemand,NonInterruptible,OnDemand,US-East,US,HIF,T3IF,T1,3.4837,True,local-nvme,Available,v2.2.1
2026-07-06,gcp,a100-sxm-40gb,A100,40GB,SXM,Ethernet,OnDemand,NonInterruptible,OnDemand,US-Central,US,HIF,T3IF,T1,3.4837,True,local-nvme,Available,v2.2.1
2026-07-06,gcp,a100-sxm-40gb,A100,40GB,SXM,Ethernet,OnDemand,NonInterruptible,OnDemand,US-South,US,HIF,T3IF,T1,4.1108,True,local-nvme,Available,v2.2.1
2026-07-06,gcp,a100-sxm-40gb,A100,40GB,SXM,Ethernet,1Y,NonInterruptible,Reserved,US-Central,US,HIF,T3IF,T1,2.3982,True,local-nvme,Available,v2.2.1
2026-07-06,gcp,a100-sxm-40gb,A100,40GB,SXM,Ethernet,1Y,NonInterruptible,Reserved,US-West,US,HIF,T3IF,T1,2.8448,True,local-nvme,Available,v2.2.1
2026-07-06,gcp,a100-sxm-40gb,A100,40GB,SXM,Ethernet,1Y,NonInterruptible,Reserved,US-South,US,HIF,T3IF,T1,2.8298,True,local-nvme,Available,v2.2.1
2026-07-06,gcp,a100-sxm-40gb,A100,40GB,SXM,Ethernet,1Y,NonInterruptible,Reserved,US-East,US,HIF,T3IF,T1,2.3982,True,local-nvme,Available,v2.2.1
2026-07-06,gcp,a100-sxm-40gb,A100,40GB,SXM,Ethernet,3Y,NonInterruptible,Reserved,US-East,US,HIF,T3IF,T1,1.7102,True,local-nvme,Available,v2.2.1
2026-07-06,gcp,a100-sxm-40gb,A100,40GB,SXM,Ethernet,3Y,NonInterruptible,Reserved,US-West,US,HIF,T3IF,T1,1.8156,True,local-nvme,Available,v2.2.1
2026-07-06,gcp,a100-sxm-40gb,A100,40GB,SXM,Ethernet,3Y,NonInterruptible,Reserved,US-South,US,HIF,T3IF,T1,1.8605,True,local-nvme,Available,v2.2.1
2026-07-06,gcp,a100-sxm-40gb,A100,40GB,SXM,Ethernet,3Y,NonInterruptible,Reserved,US-Central,US,HIF,T3IF,T1,1.5767,True,local-nvme,Available,v2.2.1
2026-07-06,gcp,a100-sxm-40gb,A100,40GB,SXM,Ethernet,OnDemand,Interruptible,Spot,US-South,US,DIF,T3IF,T1,0.4523,True,local-nvme,Available,v2.2.1
2026-07-06,gcp,a100-sxm-40gb,A100,40GB,SXM,Ethernet,OnDemand,Interruptible,Spot,US-East,US,DIF,T3IF,T1,1.8285,True,local-nvme,Available,v2.2.1
2026-07-06,gcp,a100-sxm-40gb,A100,40GB,SXM,Ethernet,OnDemand,Interruptible,Spot,US-Central,US,DIF,T3IF,T1,1.8285,True,local-nvme,Available,v2.2.1
2026-07-06,gcp,a100-sxm-40gb,A100,40GB,SXM,Ethernet,OnDemand,Interruptible,Spot,US-West,US,DIF,T3IF,T1,0.3763,True,local-nvme,Available,v2.2.1
2026-07-06,jarvislabs,a100-sxm-40gb,A100,40GB,SXM,Unknown,OnDemand,NonInterruptible,OnDemand,APAC,APAC,IIF,T3IF,T2,0.8900,False,,Available,v2.2.1
2026-07-06,oci,a100-sxm-40gb,A100,40GB,SXM,RoCE-v2,OnDemand,NonInterruptible,OnDemand,US-East,US,HIF,T2IF,T1,3.0500,True,local-nvme;egress-capped;managed-ops-plane;support-tier;observability,Available,v2.2.1
2026-07-06,qubrid,a100-sxm-40gb,A100,40GB,SXM,Unknown,OnDemand,NonInterruptible,OnDemand,Other,Other,SIF,T2IF,T2,1.3800,False,,Available,v2.2.1
2026-07-06,qubrid,a100-sxm-40gb,A100,40GB,SXM,Unknown,1M,NonInterruptible,Reserved,Other,Other,SIF,T2IF,T2,1.2225,False,,Available,v2.2.1
2026-07-06,qubrid,a100-sxm-40gb,A100,40GB,SXM,Unknown,1Y,NonInterruptible,Reserved,Other,Other,SIF,T2IF,T2,0.9175,False,,Available,v2.2.1
2026-07-06,qubrid,a100-sxm-40gb,A100,40GB,SXM,Unknown,3M,NonInterruptible,Reserved,Other,Other,SIF,T2IF,T2,1.0700,False,,Available,v2.2.1
2026-07-06,sesterce,a100-sxm-40gb,A100,40GB,SXM,Unknown,OnDemand,NonInterruptible,OnDemand,Other,Other,IIF,T2IF,T2,1.4960,False,,Available,v2.2.1
2026-07-07,aws,a100-sxm-40gb,A100,40GB,SXM,EFA,OnDemand,NonInterruptible,OnDemand,US-East,US,HIF,T2IF,T1,2.7447,True,local-nvme;managed-ops-plane;support-tier;observability,Available,v2.2.1
2026-07-07,aws,a100-sxm-40gb,A100,40GB,SXM,EFA,1Y,NonInterruptible,Reserved,US-East,US,HIF,T2IF,T1,1.7401,True,local-nvme;managed-ops-plane;support-tier;observability,Available,v2.2.1
2026-07-07,aws,a100-sxm-40gb,A100,40GB,SXM,EFA,3Y,NonInterruptible,Reserved,US-East,US,HIF,T2IF,T1,1.1718,True,local-nvme;managed-ops-plane;support-tier;observability,Available,v2.2.1
2026-07-07,aws,a100-sxm-40gb,A100,40GB,SXM,EFA,OnDemand,Interruptible,Spot,US-West,US,DIF,T2IF,T1,1.8210,False,,Available,v2.2.1
2026-07-07,aws,a100-sxm-40gb,A100,40GB,SXM,EFA,OnDemand,Interruptible,Spot,US-East,US,DIF,T2IF,T1,0.9680,False,,Available,v2.2.1
2026-07-07,datacrunch,a100-sxm-40gb,A100,40GB,SXM,IB-HDR,OnDemand,NonInterruptible,OnDemand,EU,EU,SIF,T2IF,T2,1.2900,True,local-nvme,Available,v2.2.1
2026-07-07,datacrunch,a100-sxm-40gb,A100,40GB,SXM,IB-HDR,1M,NonInterruptible,Reserved,EU,EU,SIF,T2IF,T2,1.2642,True,local-nvme,Available,v2.2.1
2026-07-07,datacrunch,a100-sxm-40gb,A100,40GB,SXM,IB-HDR,1Y,NonInterruptible,Reserved,EU,EU,SIF,T2IF,T2,1.1868,True,local-nvme,Available,v2.2.1
2026-07-07,datacrunch,a100-sxm-40gb,A100,40GB,SXM,IB-HDR,2Y,NonInterruptible,Reserved,EU,EU,SIF,T2IF,T2,0.9675,True,local-nvme,Available,v2.2.1
2026-07-07,datacrunch,a100-sxm-40gb,A100,40GB,SXM,IB-HDR,3M,NonInterruptible,Reserved,EU,EU,SIF,T2IF,T2,1.2513,True,local-nvme,Available,v2.2.1
2026-07-07,datacrunch,a100-sxm-40gb,A100,40GB,SXM,IB-HDR,6M,NonInterruptible,Reserved,EU,EU,SIF,T2IF,T2,1.2384,True,local-nvme,Available,v2.2.1
2026-07-07,datacrunch,a100-sxm-40gb,A100,40GB,SXM,IB-HDR,OnDemand,Interruptible,Spot,EU,EU,DIF,T2IF,T2,0.4515,True,local-nvme,Available,v2.2.1
2026-07-07,e2e,a100-sxm-40gb,A100,40GB,SXM,Unknown,OnDemand,NonInterruptible,OnDemand,APAC,APAC,IIF,T3IF,T2,1.9800,True,managed-ops-plane,Available,v2.2.1
2026-07-07,e2e,a100-sxm-40gb,A100,40GB,SXM,Unknown,1M,NonInterruptible,Reserved,APAC,APAC,IIF,T3IF,T2,1.2542,True,managed-ops-plane,Available,v2.2.1
2026-07-07,e2e,a100-sxm-40gb,A100,40GB,SXM,Unknown,1Y,NonInterruptible,Reserved,APAC,APAC,IIF,T3IF,T2,1.1098,True,managed-ops-plane,Available,v2.2.1
2026-07-07,e2e,a100-sxm-40gb,A100,40GB,SXM,Unknown,3M,NonInterruptible,Reserved,APAC,APAC,IIF,T3IF,T2,1.2231,True,managed-ops-plane,Available,v2.2.1
2026-07-07,e2e,a100-sxm-40gb,A100,40GB,SXM,Unknown,6M,NonInterruptible,Reserved,APAC,APAC,IIF,T3IF,T2,1.1765,True,managed-ops-plane,Available,v2.2.1
2026-07-07,gcp,a100-sxm-40gb,A100,40GB,SXM,Ethernet,OnDemand,NonInterruptible,OnDemand,US-East,US,HIF,T3IF,T1,3.4837,True,local-nvme,Available,v2.2.1
2026-07-07,gcp,a100-sxm-40gb,A100,40GB,SXM,Ethernet,OnDemand,NonInterruptible,OnDemand,US-South,US,HIF,T3IF,T1,4.1108,True,local-nvme,Available,v2.2.1
2026-07-07,gcp,a100-sxm-40gb,A100,40GB,SXM,Ethernet,OnDemand,NonInterruptible,OnDemand,US-West,US,HIF,T3IF,T1,3.4837,True,local-nvme,Available,v2.2.1
2026-07-07,gcp,a100-sxm-40gb,A100,40GB,SXM,Ethernet,OnDemand,NonInterruptible,OnDemand,US-Central,US,HIF,T3IF,T1,3.4837,True,local-nvme,Available,v2.2.1
2026-07-07,gcp,a100-sxm-40gb,A100,40GB,SXM,Ethernet,1Y,NonInterruptible,Reserved,US-East,US,HIF,T3IF,T1,2.3982,True,local-nvme,Available,v2.2.1
2026-07-07,gcp,a100-sxm-40gb,A100,40GB,SXM,Ethernet,1Y,NonInterruptible,Reserved,US-South,US,HIF,T3IF,T1,2.8298,True,local-nvme,Available,v2.2.1
2026-07-07,gcp,a100-sxm-40gb,A100,40GB,SXM,Ethernet,1Y,NonInterruptible,Reserved,US-Central,US,HIF,T3IF,T1,2.3982,True,local-nvme,Available,v2.2.1
2026-07-07,gcp,a100-sxm-40gb,A100,40GB,SXM,Ethernet,1Y,NonInterruptible,Reserved,US-West,US,HIF,T3IF,T1,2.8448,True,local-nvme,Available,v2.2.1
2026-07-07,gcp,a100-sxm-40gb,A100,40GB,SXM,Ethernet,3Y,NonInterruptible,Reserved,US-Central,US,HIF,T3IF,T1,1.5767,True,local-nvme,Available,v2.2.1
2026-07-07,gcp,a100-sxm-40gb,A100,40GB,SXM,Ethernet,3Y,NonInterruptible,Reserved,US-East,US,HIF,T3IF,T1,1.7102,True,local-nvme,Available,v2.2.1
2026-07-07,gcp,a100-sxm-40gb,A100,40GB,SXM,Ethernet,3Y,NonInterruptible,Reserved,US-South,US,HIF,T3IF,T1,1.8605,True,local-nvme,Available,v2.2.1
2026-07-07,gcp,a100-sxm-40gb,A100,40GB,SXM,Ethernet,3Y,NonInterruptible,Reserved,US-West,US,HIF,T3IF,T1,1.8156,True,local-nvme,Available,v2.2.1
2026-07-07,gcp,a100-sxm-40gb,A100,40GB,SXM,Ethernet,OnDemand,Interruptible,Spot,US-East,US,DIF,T3IF,T1,1.8285,True,local-nvme,Available,v2.2.1
2026-07-07,gcp,a100-sxm-40gb,A100,40GB,SXM,Ethernet,OnDemand,Interruptible,Spot,US-South,US,DIF,T3IF,T1,0.4296,True,local-nvme,Available,v2.2.1
2026-07-07,gcp,a100-sxm-40gb,A100,40GB,SXM,Ethernet,OnDemand,Interruptible,Spot,US-West,US,DIF,T3IF,T1,0.3688,True,local-nvme,Available,v2.2.1
2026-07-07,gcp,a100-sxm-40gb,A100,40GB,SXM,Ethernet,OnDemand,Interruptible,Spot,US-Central,US,DIF,T3IF,T1,1.8285,True,local-nvme,Available,v2.2.1
2026-07-07,jarvislabs,a100-sxm-40gb,A100,40GB,SXM,Unknown,OnDemand,NonInterruptible,OnDemand,APAC,APAC,IIF,T3IF,T2,0.8900,False,,Available,v2.2.1
2026-07-07,oci,a100-sxm-40gb,A100,40GB,SXM,RoCE-v2,OnDemand,NonInterruptible,OnDemand,US-East,US,HIF,T2IF,T1,3.0500,True,local-nvme;egress-capped;managed-ops-plane;support-tier;observability,Available,v2.2.1
2026-07-07,qubrid,a100-sxm-40gb,A100,40GB,SXM,Unknown,OnDemand,NonInterruptible,OnDemand,Other,Other,SIF,T2IF,T2,1.3800,False,,Available,v2.2.1
2026-07-07,qubrid,a100-sxm-40gb,A100,40GB,SXM,Unknown,1M,NonInterruptible,Reserved,Other,Other,SIF,T2IF,T2,1.2225,False,,Available,v2.2.1
2026-07-07,qubrid,a100-sxm-40gb,A100,40GB,SXM,Unknown,1Y,NonInterruptible,Reserved,Other,Other,SIF,T2IF,T2,0.9175,False,,Available,v2.2.1
2026-07-07,qubrid,a100-sxm-40gb,A100,40GB,SXM,Unknown,3M,NonInterruptible,Reserved,Other,Other,SIF,T2IF,T2,1.0700,False,,Available,v2.2.1
2026-07-07,sesterce,a100-sxm-40gb,A100,40GB,SXM,Unknown,OnDemand,NonInterruptible,OnDemand,Other,Other,IIF,T2IF,T2,1.4960,False,,Available,v2.2.1
2026-07-08,aws,a100-sxm-40gb,A100,40GB,SXM,EFA,OnDemand,NonInterruptible,OnDemand,US-East,US,HIF,T2IF,T1,2.7447,True,local-nvme;managed-ops-plane;support-tier;observability,Available,v2.2.1
2026-07-08,aws,a100-sxm-40gb,A100,40GB,SXM,EFA,1Y,NonInterruptible,Reserved,US-East,US,HIF,T2IF,T1,1.7401,True,local-nvme;managed-ops-plane;support-tier;observability,Available,v2.2.1
2026-07-08,aws,a100-sxm-40gb,A100,40GB,SXM,EFA,3Y,NonInterruptible,Reserved,US-East,US,HIF,T2IF,T1,1.1718,True,local-nvme;managed-ops-plane;support-tier;observability,Available,v2.2.1
2026-07-08,aws,a100-sxm-40gb,A100,40GB,SXM,EFA,OnDemand,Interruptible,Spot,US-East,US,DIF,T2IF,T1,1.0157,False,,Available,v2.2.1
2026-07-08,aws,a100-sxm-40gb,A100,40GB,SXM,EFA,OnDemand,Interruptible,Spot,US-West,US,DIF,T2IF,T1,1.8407,False,,Available,v2.2.1
2026-07-08,datacrunch,a100-sxm-40gb,A100,40GB,SXM,IB-HDR,OnDemand,NonInterruptible,OnDemand,EU,EU,SIF,T2IF,T2,1.2900,True,local-nvme,Available,v2.2.1
2026-07-08,datacrunch,a100-sxm-40gb,A100,40GB,SXM,IB-HDR,1M,NonInterruptible,Reserved,EU,EU,SIF,T2IF,T2,1.2642,True,local-nvme,Available,v2.2.1
2026-07-08,datacrunch,a100-sxm-40gb,A100,40GB,SXM,IB-HDR,1Y,NonInterruptible,Reserved,EU,EU,SIF,T2IF,T2,1.1868,True,local-nvme,Available,v2.2.1
2026-07-08,datacrunch,a100-sxm-40gb,A100,40GB,SXM,IB-HDR,2Y,NonInterruptible,Reserved,EU,EU,SIF,T2IF,T2,0.9675,True,local-nvme,Available,v2.2.1
2026-07-08,datacrunch,a100-sxm-40gb,A100,40GB,SXM,IB-HDR,3M,NonInterruptible,Reserved,EU,EU,SIF,T2IF,T2,1.2513,True,local-nvme,Available,v2.2.1
2026-07-08,datacrunch,a100-sxm-40gb,A100,40GB,SXM,IB-HDR,6M,NonInterruptible,Reserved,EU,EU,SIF,T2IF,T2,1.2384,True,local-nvme,Available,v2.2.1
2026-07-08,datacrunch,a100-sxm-40gb,A100,40GB,SXM,IB-HDR,OnDemand,Interruptible,Spot,EU,EU,DIF,T2IF,T2,0.4515,True,local-nvme,Available,v2.2.1
2026-07-08,e2e,a100-sxm-40gb,A100,40GB,SXM,Unknown,OnDemand,NonInterruptible,OnDemand,APAC,APAC,IIF,T3IF,T2,1.9800,True,managed-ops-plane,Available,v2.2.1
2026-07-08,e2e,a100-sxm-40gb,A100,40GB,SXM,Unknown,1M,NonInterruptible,Reserved,APAC,APAC,IIF,T3IF,T2,1.2542,True,managed-ops-plane,Available,v2.2.1
2026-07-08,e2e,a100-sxm-40gb,A100,40GB,SXM,Unknown,1Y,NonInterruptible,Reserved,APAC,APAC,IIF,T3IF,T2,1.1098,True,managed-ops-plane,Available,v2.2.1
2026-07-08,e2e,a100-sxm-40gb,A100,40GB,SXM,Unknown,3M,NonInterruptible,Reserved,APAC,APAC,IIF,T3IF,T2,1.2231,True,managed-ops-plane,Available,v2.2.1
2026-07-08,e2e,a100-sxm-40gb,A100,40GB,SXM,Unknown,6M,NonInterruptible,Reserved,APAC,APAC,IIF,T3IF,T2,1.1765,True,managed-ops-plane,Available,v2.2.1
2026-07-08,gcp,a100-sxm-40gb,A100,40GB,SXM,Ethernet,OnDemand,NonInterruptible,OnDemand,US-West,US,HIF,T3IF,T1,3.4837,True,local-nvme,Available,v2.2.1
2026-07-08,gcp,a100-sxm-40gb,A100,40GB,SXM,Ethernet,OnDemand,NonInterruptible,OnDemand,US-East,US,HIF,T3IF,T1,3.4837,True,local-nvme,Available,v2.2.1
2026-07-08,gcp,a100-sxm-40gb,A100,40GB,SXM,Ethernet,OnDemand,NonInterruptible,OnDemand,US-South,US,HIF,T3IF,T1,4.1108,True,local-nvme,Available,v2.2.1
2026-07-08,gcp,a100-sxm-40gb,A100,40GB,SXM,Ethernet,OnDemand,NonInterruptible,OnDemand,US-Central,US,HIF,T3IF,T1,3.4837,True,local-nvme,Available,v2.2.1
2026-07-08,gcp,a100-sxm-40gb,A100,40GB,SXM,Ethernet,1Y,NonInterruptible,Reserved,US-West,US,HIF,T3IF,T1,2.8448,True,local-nvme,Available,v2.2.1
2026-07-08,gcp,a100-sxm-40gb,A100,40GB,SXM,Ethernet,1Y,NonInterruptible,Reserved,US-South,US,HIF,T3IF,T1,2.8298,True,local-nvme,Available,v2.2.1
2026-07-08,gcp,a100-sxm-40gb,A100,40GB,SXM,Ethernet,1Y,NonInterruptible,Reserved,US-Central,US,HIF,T3IF,T1,2.3982,True,local-nvme,Available,v2.2.1
2026-07-08,gcp,a100-sxm-40gb,A100,40GB,SXM,Ethernet,1Y,NonInterruptible,Reserved,US-East,US,HIF,T3IF,T1,2.3982,True,local-nvme,Available,v2.2.1
2026-07-08,gcp,a100-sxm-40gb,A100,40GB,SXM,Ethernet,3Y,NonInterruptible,Reserved,US-West,US,HIF,T3IF,T1,1.8156,True,local-nvme,Available,v2.2.1
2026-07-08,gcp,a100-sxm-40gb,A100,40GB,SXM,Ethernet,3Y,NonInterruptible,Reserved,US-East,US,HIF,T3IF,T1,1.7102,True,local-nvme,Available,v2.2.1
2026-07-08,gcp,a100-sxm-40gb,A100,40GB,SXM,Ethernet,3Y,NonInterruptible,Reserved,US-South,US,HIF,T3IF,T1,1.8605,True,local-nvme,Available,v2.2.1
2026-07-08,gcp,a100-sxm-40gb,A100,40GB,SXM,Ethernet,3Y,NonInterruptible,Reserved,US-Central,US,HIF,T3IF,T1,1.5767,True,local-nvme,Available,v2.2.1
2026-07-08,gcp,a100-sxm-40gb,A100,40GB,SXM,Ethernet,OnDemand,Interruptible,Spot,US-Central,US,DIF,T3IF,T1,1.8285,True,local-nvme,Available,v2.2.1
2026-07-08,gcp,a100-sxm-40gb,A100,40GB,SXM,Ethernet,OnDemand,Interruptible,Spot,US-South,US,DIF,T3IF,T1,0.4296,True,local-nvme,Available,v2.2.1
2026-07-08,gcp,a100-sxm-40gb,A100,40GB,SXM,Ethernet,OnDemand,Interruptible,Spot,US-East,US,DIF,T3IF,T1,1.8285,True,local-nvme,Available,v2.2.1
2026-07-08,gcp,a100-sxm-40gb,A100,40GB,SXM,Ethernet,OnDemand,Interruptible,Spot,US-West,US,DIF,T3IF,T1,0.3688,True,local-nvme,Available,v2.2.1
2026-07-08,jarvislabs,a100-sxm-40gb,A100,40GB,SXM,Unknown,OnDemand,NonInterruptible,OnDemand,APAC,APAC,IIF,T3IF,T2,0.8900,False,,Available,v2.2.1
2026-07-08,oci,a100-sxm-40gb,A100,40GB,SXM,RoCE-v2,OnDemand,NonInterruptible,OnDemand,US-East,US,HIF,T2IF,T1,3.0500,True,local-nvme;egress-capped;managed-ops-plane;support-tier;observability,Available,v2.2.1
2026-07-08,qubrid,a100-sxm-40gb,A100,40GB,SXM,Unknown,OnDemand,NonInterruptible,OnDemand,Other,Other,SIF,T2IF,T2,1.3800,False,,Available,v2.2.1
2026-07-08,qubrid,a100-sxm-40gb,A100,40GB,SXM,Unknown,1M,NonInterruptible,Reserved,Other,Other,SIF,T2IF,T2,1.2225,False,,Available,v2.2.1
2026-07-08,qubrid,a100-sxm-40gb,A100,40GB,SXM,Unknown,1Y,NonInterruptible,Reserved,Other,Other,SIF,T2IF,T2,0.9175,False,,Available,v2.2.1
2026-07-08,qubrid,a100-sxm-40gb,A100,40GB,SXM,Unknown,3M,NonInterruptible,Reserved,Other,Other,SIF,T2IF,T2,1.0700,False,,Available,v2.2.1
2026-07-08,sesterce,a100-sxm-40gb,A100,40GB,SXM,Unknown,OnDemand,NonInterruptible,OnDemand,Other,Other,IIF,T2IF,T2,1.4960,False,,Available,v2.2.1
2026-07-09,aws,a100-sxm-40gb,A100,40GB,SXM,EFA,OnDemand,NonInterruptible,OnDemand,US-East,US,HIF,T2IF,T1,2.7447,True,local-nvme;managed-ops-plane;support-tier;observability,Available,v2.2.1
2026-07-09,aws,a100-sxm-40gb,A100,40GB,SXM,EFA,1Y,NonInterruptible,Reserved,US-East,US,HIF,T2IF,T1,1.7401,True,local-nvme;managed-ops-plane;support-tier;observability,Available,v2.2.1
2026-07-09,aws,a100-sxm-40gb,A100,40GB,SXM,EFA,3Y,NonInterruptible,Reserved,US-East,US,HIF,T2IF,T1,1.1718,True,local-nvme;managed-ops-plane;support-tier;observability,Available,v2.2.1
2026-07-09,aws,a100-sxm-40gb,A100,40GB,SXM,EFA,OnDemand,Interruptible,Spot,US-West,US,DIF,T2IF,T1,1.8301,False,,Available,v2.2.1
2026-07-09,aws,a100-sxm-40gb,A100,40GB,SXM,EFA,OnDemand,Interruptible,Spot,US-East,US,DIF,T2IF,T1,1.0221,False,,Available,v2.2.1
2026-07-09,datacrunch,a100-sxm-40gb,A100,40GB,SXM,IB-HDR,OnDemand,NonInterruptible,OnDemand,EU,EU,SIF,T2IF,T2,1.2900,True,local-nvme,Available,v2.2.1
2026-07-09,datacrunch,a100-sxm-40gb,A100,40GB,SXM,IB-HDR,1M,NonInterruptible,Reserved,EU,EU,SIF,T2IF,T2,1.2642,True,local-nvme,Available,v2.2.1
2026-07-09,datacrunch,a100-sxm-40gb,A100,40GB,SXM,IB-HDR,1Y,NonInterruptible,Reserved,EU,EU,SIF,T2IF,T2,1.1868,True,local-nvme,Available,v2.2.1
2026-07-09,datacrunch,a100-sxm-40gb,A100,40GB,SXM,IB-HDR,2Y,NonInterruptible,Reserved,EU,EU,SIF,T2IF,T2,0.9675,True,local-nvme,Available,v2.2.1
2026-07-09,datacrunch,a100-sxm-40gb,A100,40GB,SXM,IB-HDR,3M,NonInterruptible,Reserved,EU,EU,SIF,T2IF,T2,1.2513,True,local-nvme,Available,v2.2.1
2026-07-09,datacrunch,a100-sxm-40gb,A100,40GB,SXM,IB-HDR,6M,NonInterruptible,Reserved,EU,EU,SIF,T2IF,T2,1.2384,True,local-nvme,Available,v2.2.1
2026-07-09,datacrunch,a100-sxm-40gb,A100,40GB,SXM,IB-HDR,OnDemand,Interruptible,Spot,EU,EU,DIF,T2IF,T2,0.4515,True,local-nvme,Available,v2.2.1
2026-07-09,e2e,a100-sxm-40gb,A100,40GB,SXM,Unknown,OnDemand,NonInterruptible,OnDemand,APAC,APAC,IIF,T3IF,T2,1.9800,True,managed-ops-plane,Available,v2.2.1
2026-07-09,e2e,a100-sxm-40gb,A100,40GB,SXM,Unknown,1M,NonInterruptible,Reserved,APAC,APAC,IIF,T3IF,T2,1.2542,True,managed-ops-plane,Available,v2.2.1
2026-07-09,e2e,a100-sxm-40gb,A100,40GB,SXM,Unknown,1Y,NonInterruptible,Reserved,APAC,APAC,IIF,T3IF,T2,1.1098,True,managed-ops-plane,Available,v2.2.1
2026-07-09,e2e,a100-sxm-40gb,A100,40GB,SXM,Unknown,3M,NonInterruptible,Reserved,APAC,APAC,IIF,T3IF,T2,1.2231,True,managed-ops-plane,Available,v2.2.1
2026-07-09,e2e,a100-sxm-40gb,A100,40GB,SXM,Unknown,6M,NonInterruptible,Reserved,APAC,APAC,IIF,T3IF,T2,1.1765,True,managed-ops-plane,Available,v2.2.1
2026-07-09,gcp,a100-sxm-40gb,A100,40GB,SXM,Ethernet,OnDemand,NonInterruptible,OnDemand,US-West,US,HIF,T3IF,T1,3.4837,True,local-nvme,Available,v2.2.1
2026-07-09,gcp,a100-sxm-40gb,A100,40GB,SXM,Ethernet,OnDemand,NonInterruptible,OnDemand,US-Central,US,HIF,T3IF,T1,3.4837,True,local-nvme,Available,v2.2.1
2026-07-09,gcp,a100-sxm-40gb,A100,40GB,SXM,Ethernet,OnDemand,NonInterruptible,OnDemand,US-South,US,HIF,T3IF,T1,4.1108,True,local-nvme,Available,v2.2.1
2026-07-09,gcp,a100-sxm-40gb,A100,40GB,SXM,Ethernet,OnDemand,NonInterruptible,OnDemand,US-East,US,HIF,T3IF,T1,3.4837,True,local-nvme,Available,v2.2.1
2026-07-09,gcp,a100-sxm-40gb,A100,40GB,SXM,Ethernet,1Y,NonInterruptible,Reserved,US-South,US,HIF,T3IF,T1,2.8298,True,local-nvme,Available,v2.2.1
2026-07-09,gcp,a100-sxm-40gb,A100,40GB,SXM,Ethernet,1Y,NonInterruptible,Reserved,US-West,US,HIF,T3IF,T1,2.8448,True,local-nvme,Available,v2.2.1
2026-07-09,gcp,a100-sxm-40gb,A100,40GB,SXM,Ethernet,1Y,NonInterruptible,Reserved,US-Central,US,HIF,T3IF,T1,2.3982,True,local-nvme,Available,v2.2.1
2026-07-09,gcp,a100-sxm-40gb,A100,40GB,SXM,Ethernet,1Y,NonInterruptible,Reserved,US-East,US,HIF,T3IF,T1,2.3982,True,local-nvme,Available,v2.2.1
2026-07-09,gcp,a100-sxm-40gb,A100,40GB,SXM,Ethernet,3Y,NonInterruptible,Reserved,US-South,US,HIF,T3IF,T1,1.8605,True,local-nvme,Available,v2.2.1
2026-07-09,gcp,a100-sxm-40gb,A100,40GB,SXM,Ethernet,3Y,NonInterruptible,Reserved,US-West,US,HIF,T3IF,T1,1.8156,True,local-nvme,Available,v2.2.1
2026-07-09,gcp,a100-sxm-40gb,A100,40GB,SXM,Ethernet,3Y,NonInterruptible,Reserved,US-Central,US,HIF,T3IF,T1,1.5767,True,local-nvme,Available,v2.2.1
2026-07-09,gcp,a100-sxm-40gb,A100,40GB,SXM,Ethernet,3Y,NonInterruptible,Reserved,US-East,US,HIF,T3IF,T1,1.7102,True,local-nvme,Available,v2.2.1
2026-07-09,gcp,a100-sxm-40gb,A100,40GB,SXM,Ethernet,OnDemand,Interruptible,Spot,US-Central,US,DIF,T3IF,T1,1.8285,True,local-nvme,Available,v2.2.1
2026-07-09,gcp,a100-sxm-40gb,A100,40GB,SXM,Ethernet,OnDemand,Interruptible,Spot,US-South,US,DIF,T3IF,T1,0.4296,True,local-nvme,Available,v2.2.1
2026-07-09,gcp,a100-sxm-40gb,A100,40GB,SXM,Ethernet,OnDemand,Interruptible,Spot,US-East,US,DIF,T3IF,T1,1.8285,True,local-nvme,Available,v2.2.1
2026-07-09,gcp,a100-sxm-40gb,A100,40GB,SXM,Ethernet,OnDemand,Interruptible,Spot,US-West,US,DIF,T3IF,T1,0.3688,True,local-nvme,Available,v2.2.1
2026-07-09,jarvislabs,a100-sxm-40gb,A100,40GB,SXM,Unknown,OnDemand,NonInterruptible,OnDemand,APAC,APAC,IIF,T3IF,T2,0.8900,False,,Available,v2.2.1
2026-07-09,oci,a100-sxm-40gb,A100,40GB,SXM,RoCE-v2,OnDemand,NonInterruptible,OnDemand,US-East,US,HIF,T2IF,T1,3.0500,True,local-nvme;egress-capped;managed-ops-plane;support-tier;observability,Available,v2.2.1
2026-07-09,sesterce,a100-sxm-40gb,A100,40GB,SXM,Unknown,OnDemand,NonInterruptible,OnDemand,Other,Other,IIF,T2IF,T2,1.4960,False,,Available,v2.2.1
2026-07-10,aws,a100-sxm-40gb,A100,40GB,SXM,EFA,OnDemand,NonInterruptible,OnDemand,US-East,US,HIF,T2IF,T1,2.7447,True,local-nvme;managed-ops-plane;support-tier;observability,Available,v2.2.1
2026-07-10,aws,a100-sxm-40gb,A100,40GB,SXM,EFA,1Y,NonInterruptible,Reserved,US-East,US,HIF,T2IF,T1,1.7401,True,local-nvme;managed-ops-plane;support-tier;observability,Available,v2.2.1
2026-07-10,aws,a100-sxm-40gb,A100,40GB,SXM,EFA,3Y,NonInterruptible,Reserved,US-East,US,HIF,T2IF,T1,1.1718,True,local-nvme;managed-ops-plane;support-tier;observability,Available,v2.2.1
2026-07-10,aws,a100-sxm-40gb,A100,40GB,SXM,EFA,OnDemand,Interruptible,Spot,US-East,US,DIF,T2IF,T1,1.0253,False,,Available,v2.2.1
2026-07-10,aws,a100-sxm-40gb,A100,40GB,SXM,EFA,OnDemand,Interruptible,Spot,US-West,US,DIF,T2IF,T1,1.9189,False,,Available,v2.2.1
2026-07-10,datacrunch,a100-sxm-40gb,A100,40GB,SXM,IB-HDR,OnDemand,NonInterruptible,OnDemand,EU,EU,SIF,T2IF,T2,1.2900,True,local-nvme,Available,v2.2.1
2026-07-10,datacrunch,a100-sxm-40gb,A100,40GB,SXM,IB-HDR,1M,NonInterruptible,Reserved,EU,EU,SIF,T2IF,T2,1.2642,True,local-nvme,Available,v2.2.1
2026-07-10,datacrunch,a100-sxm-40gb,A100,40GB,SXM,IB-HDR,1Y,NonInterruptible,Reserved,EU,EU,SIF,T2IF,T2,1.1868,True,local-nvme,Available,v2.2.1
2026-07-10,datacrunch,a100-sxm-40gb,A100,40GB,SXM,IB-HDR,2Y,NonInterruptible,Reserved,EU,EU,SIF,T2IF,T2,0.9675,True,local-nvme,Available,v2.2.1
2026-07-10,datacrunch,a100-sxm-40gb,A100,40GB,SXM,IB-HDR,3M,NonInterruptible,Reserved,EU,EU,SIF,T2IF,T2,1.2513,True,local-nvme,Available,v2.2.1
2026-07-10,datacrunch,a100-sxm-40gb,A100,40GB,SXM,IB-HDR,6M,NonInterruptible,Reserved,EU,EU,SIF,T2IF,T2,1.2384,True,local-nvme,Available,v2.2.1
2026-07-10,datacrunch,a100-sxm-40gb,A100,40GB,SXM,IB-HDR,OnDemand,Interruptible,Spot,EU,EU,DIF,T2IF,T2,0.4515,True,local-nvme,Available,v2.2.1
2026-07-10,e2e,a100-sxm-40gb,A100,40GB,SXM,Unknown,OnDemand,NonInterruptible,OnDemand,APAC,APAC,IIF,T3IF,T2,1.9800,True,managed-ops-plane,Available,v2.2.1
2026-07-10,e2e,a100-sxm-40gb,A100,40GB,SXM,Unknown,1M,NonInterruptible,Reserved,APAC,APAC,IIF,T3IF,T2,1.2542,True,managed-ops-plane,Available,v2.2.1
2026-07-10,e2e,a100-sxm-40gb,A100,40GB,SXM,Unknown,1Y,NonInterruptible,Reserved,APAC,APAC,IIF,T3IF,T2,1.1098,True,managed-ops-plane,Available,v2.2.1
2026-07-10,e2e,a100-sxm-40gb,A100,40GB,SXM,Unknown,3M,NonInterruptible,Reserved,APAC,APAC,IIF,T3IF,T2,1.2231,True,managed-ops-plane,Available,v2.2.1
2026-07-10,e2e,a100-sxm-40gb,A100,40GB,SXM,Unknown,6M,NonInterruptible,Reserved,APAC,APAC,IIF,T3IF,T2,1.1765,True,managed-ops-plane,Available,v2.2.1
2026-07-10,gcp,a100-sxm-40gb,A100,40GB,SXM,Ethernet,OnDemand,NonInterruptible,OnDemand,US-West,US,HIF,T3IF,T1,3.4837,True,local-nvme,Available,v2.2.1
2026-07-10,gcp,a100-sxm-40gb,A100,40GB,SXM,Ethernet,OnDemand,NonInterruptible,OnDemand,US-East,US,HIF,T3IF,T1,3.4837,True,local-nvme,Available,v2.2.1
2026-07-10,gcp,a100-sxm-40gb,A100,40GB,SXM,Ethernet,OnDemand,NonInterruptible,OnDemand,US-Central,US,HIF,T3IF,T1,3.4837,True,local-nvme,Available,v2.2.1
2026-07-10,gcp,a100-sxm-40gb,A100,40GB,SXM,Ethernet,OnDemand,NonInterruptible,OnDemand,US-South,US,HIF,T3IF,T1,4.1108,True,local-nvme,Available,v2.2.1
2026-07-10,gcp,a100-sxm-40gb,A100,40GB,SXM,Ethernet,1Y,NonInterruptible,Reserved,US-East,US,HIF,T3IF,T1,2.3982,True,local-nvme,Available,v2.2.1
2026-07-10,gcp,a100-sxm-40gb,A100,40GB,SXM,Ethernet,1Y,NonInterruptible,Reserved,US-South,US,HIF,T3IF,T1,2.8298,True,local-nvme,Available,v2.2.1
2026-07-10,gcp,a100-sxm-40gb,A100,40GB,SXM,Ethernet,1Y,NonInterruptible,Reserved,US-Central,US,HIF,T3IF,T1,2.3982,True,local-nvme,Available,v2.2.1
2026-07-10,gcp,a100-sxm-40gb,A100,40GB,SXM,Ethernet,1Y,NonInterruptible,Reserved,US-West,US,HIF,T3IF,T1,2.8448,True,local-nvme,Available,v2.2.1
2026-07-10,gcp,a100-sxm-40gb,A100,40GB,SXM,Ethernet,3Y,NonInterruptible,Reserved,US-Central,US,HIF,T3IF,T1,1.5767,True,local-nvme,Available,v2.2.1
2026-07-10,gcp,a100-sxm-40gb,A100,40GB,SXM,Ethernet,3Y,NonInterruptible,Reserved,US-East,US,HIF,T3IF,T1,1.7102,True,local-nvme,Available,v2.2.1
2026-07-10,gcp,a100-sxm-40gb,A100,40GB,SXM,Ethernet,3Y,NonInterruptible,Reserved,US-West,US,HIF,T3IF,T1,1.8156,True,local-nvme,Available,v2.2.1
2026-07-10,gcp,a100-sxm-40gb,A100,40GB,SXM,Ethernet,3Y,NonInterruptible,Reserved,US-South,US,HIF,T3IF,T1,1.8605,True,local-nvme,Available,v2.2.1
2026-07-10,gcp,a100-sxm-40gb,A100,40GB,SXM,Ethernet,OnDemand,Interruptible,Spot,US-West,US,DIF,T3IF,T1,0.3688,True,local-nvme,Available,v2.2.1
2026-07-10,gcp,a100-sxm-40gb,A100,40GB,SXM,Ethernet,OnDemand,Interruptible,Spot,US-East,US,DIF,T3IF,T1,1.8285,True,local-nvme,Available,v2.2.1
2026-07-10,gcp,a100-sxm-40gb,A100,40GB,SXM,Ethernet,OnDemand,Interruptible,Spot,US-South,US,DIF,T3IF,T1,0.4296,True,local-nvme,Available,v2.2.1
2026-07-10,gcp,a100-sxm-40gb,A100,40GB,SXM,Ethernet,OnDemand,Interruptible,Spot,US-Central,US,DIF,T3IF,T1,1.8285,True,local-nvme,Available,v2.2.1
2026-07-10,jarvislabs,a100-sxm-40gb,A100,40GB,SXM,Unknown,OnDemand,NonInterruptible,OnDemand,APAC,APAC,IIF,T3IF,T2,0.8900,False,,Available,v2.2.1
2026-07-10,oci,a100-sxm-40gb,A100,40GB,SXM,RoCE-v2,OnDemand,NonInterruptible,OnDemand,US-East,US,HIF,T2IF,T1,3.0500,True,local-nvme;egress-capped;managed-ops-plane;support-tier;observability,Available,v2.2.1
2026-07-11,aws,a100-sxm-40gb,A100,40GB,SXM,EFA,OnDemand,NonInterruptible,OnDemand,US-East,US,HIF,T2IF,T1,2.7447,True,local-nvme;managed-ops-plane;support-tier;observability,Available,v2.2.1
2026-07-11,aws,a100-sxm-40gb,A100,40GB,SXM,EFA,1Y,NonInterruptible,Reserved,US-East,US,HIF,T2IF,T1,1.7401,True,local-nvme;managed-ops-plane;support-tier;observability,Available,v2.2.1
2026-07-11,aws,a100-sxm-40gb,A100,40GB,SXM,EFA,3Y,NonInterruptible,Reserved,US-East,US,HIF,T2IF,T1,1.1718,True,local-nvme;managed-ops-plane;support-tier;observability,Available,v2.2.1
2026-07-11,aws,a100-sxm-40gb,A100,40GB,SXM,EFA,OnDemand,Interruptible,Spot,US-West,US,DIF,T2IF,T1,1.9470,False,,Available,v2.2.1
2026-07-11,aws,a100-sxm-40gb,A100,40GB,SXM,EFA,OnDemand,Interruptible,Spot,US-East,US,DIF,T2IF,T1,1.0369,False,,Available,v2.2.1
2026-07-11,datacrunch,a100-sxm-40gb,A100,40GB,SXM,IB-HDR,OnDemand,NonInterruptible,OnDemand,EU,EU,SIF,T2IF,T2,1.2900,True,local-nvme,Available,v2.2.1
2026-07-11,datacrunch,a100-sxm-40gb,A100,40GB,SXM,IB-HDR,1M,NonInterruptible,Reserved,EU,EU,SIF,T2IF,T2,1.2642,True,local-nvme,Available,v2.2.1
2026-07-11,datacrunch,a100-sxm-40gb,A100,40GB,SXM,IB-HDR,1Y,NonInterruptible,Reserved,EU,EU,SIF,T2IF,T2,1.1868,True,local-nvme,Available,v2.2.1
2026-07-11,datacrunch,a100-sxm-40gb,A100,40GB,SXM,IB-HDR,2Y,NonInterruptible,Reserved,EU,EU,SIF,T2IF,T2,0.9675,True,local-nvme,Available,v2.2.1
2026-07-11,datacrunch,a100-sxm-40gb,A100,40GB,SXM,IB-HDR,3M,NonInterruptible,Reserved,EU,EU,SIF,T2IF,T2,1.2513,True,local-nvme,Available,v2.2.1
2026-07-11,datacrunch,a100-sxm-40gb,A100,40GB,SXM,IB-HDR,6M,NonInterruptible,Reserved,EU,EU,SIF,T2IF,T2,1.2384,True,local-nvme,Available,v2.2.1
2026-07-11,datacrunch,a100-sxm-40gb,A100,40GB,SXM,IB-HDR,OnDemand,Interruptible,Spot,EU,EU,DIF,T2IF,T2,0.4515,True,local-nvme,Available,v2.2.1
2026-07-11,e2e,a100-sxm-40gb,A100,40GB,SXM,Unknown,OnDemand,NonInterruptible,OnDemand,APAC,APAC,IIF,T3IF,T2,1.9800,True,managed-ops-plane,Available,v2.2.1
2026-07-11,e2e,a100-sxm-40gb,A100,40GB,SXM,Unknown,1M,NonInterruptible,Reserved,APAC,APAC,IIF,T3IF,T2,1.2542,True,managed-ops-plane,Available,v2.2.1
2026-07-11,e2e,a100-sxm-40gb,A100,40GB,SXM,Unknown,1Y,NonInterruptible,Reserved,APAC,APAC,IIF,T3IF,T2,1.1098,True,managed-ops-plane,Available,v2.2.1
2026-07-11,e2e,a100-sxm-40gb,A100,40GB,SXM,Unknown,3M,NonInterruptible,Reserved,APAC,APAC,IIF,T3IF,T2,1.2231,True,managed-ops-plane,Available,v2.2.1
2026-07-11,e2e,a100-sxm-40gb,A100,40GB,SXM,Unknown,6M,NonInterruptible,Reserved,APAC,APAC,IIF,T3IF,T2,1.1765,True,managed-ops-plane,Available,v2.2.1
2026-07-11,gcp,a100-sxm-40gb,A100,40GB,SXM,Ethernet,OnDemand,NonInterruptible,OnDemand,US-South,US,HIF,T3IF,T1,4.1108,True,local-nvme,Available,v2.2.1
2026-07-11,gcp,a100-sxm-40gb,A100,40GB,SXM,Ethernet,OnDemand,NonInterruptible,OnDemand,US-East,US,HIF,T3IF,T1,3.4837,True,local-nvme,Available,v2.2.1
2026-07-11,gcp,a100-sxm-40gb,A100,40GB,SXM,Ethernet,OnDemand,NonInterruptible,OnDemand,US-West,US,HIF,T3IF,T1,3.4837,True,local-nvme,Available,v2.2.1
2026-07-11,gcp,a100-sxm-40gb,A100,40GB,SXM,Ethernet,OnDemand,NonInterruptible,OnDemand,US-Central,US,HIF,T3IF,T1,3.4837,True,local-nvme,Available,v2.2.1
2026-07-11,gcp,a100-sxm-40gb,A100,40GB,SXM,Ethernet,1Y,NonInterruptible,Reserved,US-South,US,HIF,T3IF,T1,2.8298,True,local-nvme,Available,v2.2.1
2026-07-11,gcp,a100-sxm-40gb,A100,40GB,SXM,Ethernet,1Y,NonInterruptible,Reserved,US-Central,US,HIF,T3IF,T1,2.3982,True,local-nvme,Available,v2.2.1
2026-07-11,gcp,a100-sxm-40gb,A100,40GB,SXM,Ethernet,1Y,NonInterruptible,Reserved,US-West,US,HIF,T3IF,T1,2.8448,True,local-nvme,Available,v2.2.1
2026-07-11,gcp,a100-sxm-40gb,A100,40GB,SXM,Ethernet,1Y,NonInterruptible,Reserved,US-East,US,HIF,T3IF,T1,2.3982,True,local-nvme,Available,v2.2.1
2026-07-11,gcp,a100-sxm-40gb,A100,40GB,SXM,Ethernet,3Y,NonInterruptible,Reserved,US-East,US,HIF,T3IF,T1,1.7102,True,local-nvme,Available,v2.2.1
2026-07-11,gcp,a100-sxm-40gb,A100,40GB,SXM,Ethernet,3Y,NonInterruptible,Reserved,US-West,US,HIF,T3IF,T1,1.8156,True,local-nvme,Available,v2.2.1
2026-07-11,gcp,a100-sxm-40gb,A100,40GB,SXM,Ethernet,3Y,NonInterruptible,Reserved,US-South,US,HIF,T3IF,T1,1.8605,True,local-nvme,Available,v2.2.1
2026-07-11,gcp,a100-sxm-40gb,A100,40GB,SXM,Ethernet,3Y,NonInterruptible,Reserved,US-Central,US,HIF,T3IF,T1,1.5767,True,local-nvme,Available,v2.2.1
2026-07-11,gcp,a100-sxm-40gb,A100,40GB,SXM,Ethernet,OnDemand,Interruptible,Spot,US-South,US,DIF,T3IF,T1,0.4296,True,local-nvme,Available,v2.2.1
2026-07-11,gcp,a100-sxm-40gb,A100,40GB,SXM,Ethernet,OnDemand,Interruptible,Spot,US-Central,US,DIF,T3IF,T1,1.8285,True,local-nvme,Available,v2.2.1
2026-07-11,gcp,a100-sxm-40gb,A100,40GB,SXM,Ethernet,OnDemand,Interruptible,Spot,US-East,US,DIF,T3IF,T1,1.8285,True,local-nvme,Available,v2.2.1
2026-07-11,gcp,a100-sxm-40gb,A100,40GB,SXM,Ethernet,OnDemand,Interruptible,Spot,US-West,US,DIF,T3IF,T1,0.3688,True,local-nvme,Available,v2.2.1
2026-07-11,jarvislabs,a100-sxm-40gb,A100,40GB,SXM,Unknown,OnDemand,NonInterruptible,OnDemand,APAC,APAC,IIF,T3IF,T2,0.8900,False,,Available,v2.2.1
2026-07-11,oci,a100-sxm-40gb,A100,40GB,SXM,RoCE-v2,OnDemand,NonInterruptible,OnDemand,US-East,US,HIF,T2IF,T1,3.0500,True,local-nvme;egress-capped;managed-ops-plane;support-tier;observability,Available,v2.2.1
2026-07-11,sesterce,a100-sxm-40gb,A100,40GB,SXM,Unknown,OnDemand,NonInterruptible,OnDemand,Other,Other,IIF,T2IF,T2,1.5400,False,,Available,v2.2.1
2026-07-12,aws,a100-sxm-40gb,A100,40GB,SXM,EFA,OnDemand,NonInterruptible,OnDemand,US-East,US,HIF,T2IF,T1,2.7447,True,local-nvme;managed-ops-plane;support-tier;observability,Available,v2.2.1
2026-07-12,aws,a100-sxm-40gb,A100,40GB,SXM,EFA,1Y,NonInterruptible,Reserved,US-East,US,HIF,T2IF,T1,1.7401,True,local-nvme;managed-ops-plane;support-tier;observability,Available,v2.2.1
2026-07-12,aws,a100-sxm-40gb,A100,40GB,SXM,EFA,3Y,NonInterruptible,Reserved,US-East,US,HIF,T2IF,T1,1.1718,True,local-nvme;managed-ops-plane;support-tier;observability,Available,v2.2.1
2026-07-12,aws,a100-sxm-40gb,A100,40GB,SXM,EFA,OnDemand,Interruptible,Spot,US-West,US,DIF,T2IF,T1,2.0123,False,,Available,v2.2.1
2026-07-12,aws,a100-sxm-40gb,A100,40GB,SXM,EFA,OnDemand,Interruptible,Spot,US-East,US,DIF,T2IF,T1,1.0456,False,,Available,v2.2.1
2026-07-12,datacrunch,a100-sxm-40gb,A100,40GB,SXM,IB-HDR,OnDemand,NonInterruptible,OnDemand,EU,EU,SIF,T2IF,T2,1.2900,True,local-nvme,Available,v2.2.1
2026-07-12,datacrunch,a100-sxm-40gb,A100,40GB,SXM,IB-HDR,1M,NonInterruptible,Reserved,EU,EU,SIF,T2IF,T2,1.2642,True,local-nvme,Available,v2.2.1
2026-07-12,datacrunch,a100-sxm-40gb,A100,40GB,SXM,IB-HDR,1Y,NonInterruptible,Reserved,EU,EU,SIF,T2IF,T2,1.1868,True,local-nvme,Available,v2.2.1
2026-07-12,datacrunch,a100-sxm-40gb,A100,40GB,SXM,IB-HDR,2Y,NonInterruptible,Reserved,EU,EU,SIF,T2IF,T2,0.9675,True,local-nvme,Available,v2.2.1
2026-07-12,datacrunch,a100-sxm-40gb,A100,40GB,SXM,IB-HDR,3M,NonInterruptible,Reserved,EU,EU,SIF,T2IF,T2,1.2513,True,local-nvme,Available,v2.2.1
2026-07-12,datacrunch,a100-sxm-40gb,A100,40GB,SXM,IB-HDR,6M,NonInterruptible,Reserved,EU,EU,SIF,T2IF,T2,1.2384,True,local-nvme,Available,v2.2.1
2026-07-12,datacrunch,a100-sxm-40gb,A100,40GB,SXM,IB-HDR,OnDemand,Interruptible,Spot,EU,EU,DIF,T2IF,T2,0.4515,True,local-nvme,Available,v2.2.1
2026-07-12,e2e,a100-sxm-40gb,A100,40GB,SXM,Unknown,OnDemand,NonInterruptible,OnDemand,APAC,APAC,IIF,T3IF,T2,1.9800,True,managed-ops-plane,Available,v2.2.1
2026-07-12,e2e,a100-sxm-40gb,A100,40GB,SXM,Unknown,1M,NonInterruptible,Reserved,APAC,APAC,IIF,T3IF,T2,1.2542,True,managed-ops-plane,Available,v2.2.1
2026-07-12,e2e,a100-sxm-40gb,A100,40GB,SXM,Unknown,1Y,NonInterruptible,Reserved,APAC,APAC,IIF,T3IF,T2,1.1098,True,managed-ops-plane,Available,v2.2.1
2026-07-12,e2e,a100-sxm-40gb,A100,40GB,SXM,Unknown,3M,NonInterruptible,Reserved,APAC,APAC,IIF,T3IF,T2,1.2231,True,managed-ops-plane,Available,v2.2.1
2026-07-12,e2e,a100-sxm-40gb,A100,40GB,SXM,Unknown,6M,NonInterruptible,Reserved,APAC,APAC,IIF,T3IF,T2,1.1765,True,managed-ops-plane,Available,v2.2.1
2026-07-12,gcp,a100-sxm-40gb,A100,40GB,SXM,Ethernet,OnDemand,NonInterruptible,OnDemand,US-East,US,HIF,T3IF,T1,3.4837,True,local-nvme,Available,v2.2.1
2026-07-12,gcp,a100-sxm-40gb,A100,40GB,SXM,Ethernet,OnDemand,NonInterruptible,OnDemand,US-Central,US,HIF,T3IF,T1,3.4837,True,local-nvme,Available,v2.2.1
2026-07-12,gcp,a100-sxm-40gb,A100,40GB,SXM,Ethernet,OnDemand,NonInterruptible,OnDemand,US-South,US,HIF,T3IF,T1,4.1108,True,local-nvme,Available,v2.2.1
2026-07-12,gcp,a100-sxm-40gb,A100,40GB,SXM,Ethernet,OnDemand,NonInterruptible,OnDemand,US-West,US,HIF,T3IF,T1,3.4837,True,local-nvme,Available,v2.2.1
2026-07-12,gcp,a100-sxm-40gb,A100,40GB,SXM,Ethernet,1Y,NonInterruptible,Reserved,US-West,US,HIF,T3IF,T1,2.8448,True,local-nvme,Available,v2.2.1
2026-07-12,gcp,a100-sxm-40gb,A100,40GB,SXM,Ethernet,1Y,NonInterruptible,Reserved,US-Central,US,HIF,T3IF,T1,2.3982,True,local-nvme,Available,v2.2.1
2026-07-12,gcp,a100-sxm-40gb,A100,40GB,SXM,Ethernet,1Y,NonInterruptible,Reserved,US-South,US,HIF,T3IF,T1,2.8298,True,local-nvme,Available,v2.2.1
2026-07-12,gcp,a100-sxm-40gb,A100,40GB,SXM,Ethernet,1Y,NonInterruptible,Reserved,US-East,US,HIF,T3IF,T1,2.3982,True,local-nvme,Available,v2.2.1
2026-07-12,gcp,a100-sxm-40gb,A100,40GB,SXM,Ethernet,3Y,NonInterruptible,Reserved,US-Central,US,HIF,T3IF,T1,1.5767,True,local-nvme,Available,v2.2.1
2026-07-12,gcp,a100-sxm-40gb,A100,40GB,SXM,Ethernet,3Y,NonInterruptible,Reserved,US-West,US,HIF,T3IF,T1,1.8156,True,local-nvme,Available,v2.2.1
2026-07-12,gcp,a100-sxm-40gb,A100,40GB,SXM,Ethernet,3Y,NonInterruptible,Reserved,US-East,US,HIF,T3IF,T1,1.7102,True,local-nvme,Available,v2.2.1
2026-07-12,gcp,a100-sxm-40gb,A100,40GB,SXM,Ethernet,3Y,NonInterruptible,Reserved,US-South,US,HIF,T3IF,T1,1.8605,True,local-nvme,Available,v2.2.1
2026-07-12,gcp,a100-sxm-40gb,A100,40GB,SXM,Ethernet,OnDemand,Interruptible,Spot,US-East,US,DIF,T3IF,T1,1.8285,True,local-nvme,Available,v2.2.1
2026-07-12,gcp,a100-sxm-40gb,A100,40GB,SXM,Ethernet,OnDemand,Interruptible,Spot,US-Central,US,DIF,T3IF,T1,1.8285,True,local-nvme,Available,v2.2.1
2026-07-12,gcp,a100-sxm-40gb,A100,40GB,SXM,Ethernet,OnDemand,Interruptible,Spot,US-South,US,DIF,T3IF,T1,0.4296,True,local-nvme,Available,v2.2.1
2026-07-12,gcp,a100-sxm-40gb,A100,40GB,SXM,Ethernet,OnDemand,Interruptible,Spot,US-West,US,DIF,T3IF,T1,0.3688,True,local-nvme,Available,v2.2.1
2026-07-12,jarvislabs,a100-sxm-40gb,A100,40GB,SXM,Unknown,OnDemand,NonInterruptible,OnDemand,APAC,APAC,IIF,T3IF,T2,0.8900,False,,Available,v2.2.1
2026-07-12,oci,a100-sxm-40gb,A100,40GB,SXM,RoCE-v2,OnDemand,NonInterruptible,OnDemand,US-East,US,HIF,T2IF,T1,3.0500,True,local-nvme;egress-capped;managed-ops-plane;support-tier;observability,Available,v2.2.1
2026-07-12,sesterce,a100-sxm-40gb,A100,40GB,SXM,Unknown,OnDemand,NonInterruptible,OnDemand,Other,Other,IIF,T2IF,T2,1.5400,False,,Available,v2.2.1
2026-07-13,aws,a100-sxm-40gb,A100,40GB,SXM,EFA,OnDemand,NonInterruptible,OnDemand,US-East,US,HIF,T2IF,T1,2.7447,True,local-nvme;managed-ops-plane;support-tier;observability,Available,v2.2.1
2026-07-13,aws,a100-sxm-40gb,A100,40GB,SXM,EFA,1Y,NonInterruptible,Reserved,US-East,US,HIF,T2IF,T1,1.7401,True,local-nvme;managed-ops-plane;support-tier;observability,Available,v2.2.1
2026-07-13,aws,a100-sxm-40gb,A100,40GB,SXM,EFA,3Y,NonInterruptible,Reserved,US-East,US,HIF,T2IF,T1,1.1718,True,local-nvme;managed-ops-plane;support-tier;observability,Available,v2.2.1
2026-07-13,aws,a100-sxm-40gb,A100,40GB,SXM,EFA,OnDemand,Interruptible,Spot,US-East,US,DIF,T2IF,T1,1.0671,False,,Available,v2.2.1
2026-07-13,aws,a100-sxm-40gb,A100,40GB,SXM,EFA,OnDemand,Interruptible,Spot,US-West,US,DIF,T2IF,T1,2.0728,False,,Available,v2.2.1
2026-07-13,datacrunch,a100-sxm-40gb,A100,40GB,SXM,IB-HDR,OnDemand,NonInterruptible,OnDemand,EU,EU,SIF,T2IF,T2,1.2900,True,local-nvme,Available,v2.2.1
2026-07-13,datacrunch,a100-sxm-40gb,A100,40GB,SXM,IB-HDR,1M,NonInterruptible,Reserved,EU,EU,SIF,T2IF,T2,1.2642,True,local-nvme,Available,v2.2.1
2026-07-13,datacrunch,a100-sxm-40gb,A100,40GB,SXM,IB-HDR,1Y,NonInterruptible,Reserved,EU,EU,SIF,T2IF,T2,1.1868,True,local-nvme,Available,v2.2.1
2026-07-13,datacrunch,a100-sxm-40gb,A100,40GB,SXM,IB-HDR,2Y,NonInterruptible,Reserved,EU,EU,SIF,T2IF,T2,0.9675,True,local-nvme,Available,v2.2.1
2026-07-13,datacrunch,a100-sxm-40gb,A100,40GB,SXM,IB-HDR,3M,NonInterruptible,Reserved,EU,EU,SIF,T2IF,T2,1.2513,True,local-nvme,Available,v2.2.1
2026-07-13,datacrunch,a100-sxm-40gb,A100,40GB,SXM,IB-HDR,6M,NonInterruptible,Reserved,EU,EU,SIF,T2IF,T2,1.2384,True,local-nvme,Available,v2.2.1
2026-07-13,datacrunch,a100-sxm-40gb,A100,40GB,SXM,IB-HDR,OnDemand,Interruptible,Spot,EU,EU,DIF,T2IF,T2,0.4515,True,local-nvme,Available,v2.2.1
2026-07-13,e2e,a100-sxm-40gb,A100,40GB,SXM,Unknown,OnDemand,NonInterruptible,OnDemand,APAC,APAC,IIF,T3IF,T2,1.9800,True,managed-ops-plane,Available,v2.2.1
2026-07-13,e2e,a100-sxm-40gb,A100,40GB,SXM,Unknown,1M,NonInterruptible,Reserved,APAC,APAC,IIF,T3IF,T2,1.2542,True,managed-ops-plane,Available,v2.2.1
2026-07-13,e2e,a100-sxm-40gb,A100,40GB,SXM,Unknown,1Y,NonInterruptible,Reserved,APAC,APAC,IIF,T3IF,T2,1.1098,True,managed-ops-plane,Available,v2.2.1
2026-07-13,e2e,a100-sxm-40gb,A100,40GB,SXM,Unknown,3M,NonInterruptible,Reserved,APAC,APAC,IIF,T3IF,T2,1.2231,True,managed-ops-plane,Available,v2.2.1
2026-07-13,e2e,a100-sxm-40gb,A100,40GB,SXM,Unknown,6M,NonInterruptible,Reserved,APAC,APAC,IIF,T3IF,T2,1.1765,True,managed-ops-plane,Available,v2.2.1
2026-07-13,gcp,a100-sxm-40gb,A100,40GB,SXM,Ethernet,OnDemand,NonInterruptible,OnDemand,US-South,US,HIF,T3IF,T1,4.1108,True,local-nvme,Available,v2.2.1
2026-07-13,gcp,a100-sxm-40gb,A100,40GB,SXM,Ethernet,OnDemand,NonInterruptible,OnDemand,US-West,US,HIF,T3IF,T1,3.4837,True,local-nvme,Available,v2.2.1
2026-07-13,gcp,a100-sxm-40gb,A100,40GB,SXM,Ethernet,OnDemand,NonInterruptible,OnDemand,US-Central,US,HIF,T3IF,T1,3.4837,True,local-nvme,Available,v2.2.1
2026-07-13,gcp,a100-sxm-40gb,A100,40GB,SXM,Ethernet,OnDemand,NonInterruptible,OnDemand,US-East,US,HIF,T3IF,T1,3.4837,True,local-nvme,Available,v2.2.1
2026-07-13,gcp,a100-sxm-40gb,A100,40GB,SXM,Ethernet,1Y,NonInterruptible,Reserved,US-Central,US,HIF,T3IF,T1,2.3982,True,local-nvme,Available,v2.2.1
2026-07-13,gcp,a100-sxm-40gb,A100,40GB,SXM,Ethernet,1Y,NonInterruptible,Reserved,US-West,US,HIF,T3IF,T1,2.8448,True,local-nvme,Available,v2.2.1
2026-07-13,gcp,a100-sxm-40gb,A100,40GB,SXM,Ethernet,1Y,NonInterruptible,Reserved,US-East,US,HIF,T3IF,T1,2.3982,True,local-nvme,Available,v2.2.1
2026-07-13,gcp,a100-sxm-40gb,A100,40GB,SXM,Ethernet,1Y,NonInterruptible,Reserved,US-South,US,HIF,T3IF,T1,2.8298,True,local-nvme,Available,v2.2.1
2026-07-13,gcp,a100-sxm-40gb,A100,40GB,SXM,Ethernet,3Y,NonInterruptible,Reserved,US-South,US,HIF,T3IF,T1,1.8605,True,local-nvme,Available,v2.2.1
2026-07-13,gcp,a100-sxm-40gb,A100,40GB,SXM,Ethernet,3Y,NonInterruptible,Reserved,US-East,US,HIF,T3IF,T1,1.7102,True,local-nvme,Available,v2.2.1
2026-07-13,gcp,a100-sxm-40gb,A100,40GB,SXM,Ethernet,3Y,NonInterruptible,Reserved,US-West,US,HIF,T3IF,T1,1.8156,True,local-nvme,Available,v2.2.1
2026-07-13,gcp,a100-sxm-40gb,A100,40GB,SXM,Ethernet,3Y,NonInterruptible,Reserved,US-Central,US,HIF,T3IF,T1,1.5767,True,local-nvme,Available,v2.2.1
2026-07-13,gcp,a100-sxm-40gb,A100,40GB,SXM,Ethernet,OnDemand,Interruptible,Spot,US-South,US,DIF,T3IF,T1,0.4296,True,local-nvme,Available,v2.2.1
2026-07-13,gcp,a100-sxm-40gb,A100,40GB,SXM,Ethernet,OnDemand,Interruptible,Spot,US-West,US,DIF,T3IF,T1,0.3688,True,local-nvme,Available,v2.2.1
2026-07-13,gcp,a100-sxm-40gb,A100,40GB,SXM,Ethernet,OnDemand,Interruptible,Spot,US-Central,US,DIF,T3IF,T1,1.8285,True,local-nvme,Available,v2.2.1
2026-07-13,gcp,a100-sxm-40gb,A100,40GB,SXM,Ethernet,OnDemand,Interruptible,Spot,US-East,US,DIF,T3IF,T1,1.8285,True,local-nvme,Available,v2.2.1
2026-07-13,jarvislabs,a100-sxm-40gb,A100,40GB,SXM,Unknown,OnDemand,NonInterruptible,OnDemand,APAC,APAC,IIF,T3IF,T2,0.8900,False,,Available,v2.2.1
2026-07-13,oci,a100-sxm-40gb,A100,40GB,SXM,RoCE-v2,OnDemand,NonInterruptible,OnDemand,US-East,US,HIF,T2IF,T1,3.0500,True,local-nvme;egress-capped;managed-ops-plane;support-tier;observability,Available,v2.2.1
2026-07-14,aws,a100-sxm-40gb,A100,40GB,SXM,EFA,OnDemand,NonInterruptible,OnDemand,US-East,US,HIF,T2IF,T1,2.7447,True,local-nvme;managed-ops-plane;support-tier;observability,Available,v2.2.1
2026-07-14,aws,a100-sxm-40gb,A100,40GB,SXM,EFA,1Y,NonInterruptible,Reserved,US-East,US,HIF,T2IF,T1,1.7401,True,local-nvme;managed-ops-plane;support-tier;observability,Available,v2.2.1
2026-07-14,aws,a100-sxm-40gb,A100,40GB,SXM,EFA,3Y,NonInterruptible,Reserved,US-East,US,HIF,T2IF,T1,1.1718,True,local-nvme;managed-ops-plane;support-tier;observability,Available,v2.2.1
2026-07-14,aws,a100-sxm-40gb,A100,40GB,SXM,EFA,OnDemand,Interruptible,Spot,US-West,US,DIF,T2IF,T1,1.9646,False,,Available,v2.2.1
2026-07-14,aws,a100-sxm-40gb,A100,40GB,SXM,EFA,OnDemand,Interruptible,Spot,US-East,US,DIF,T2IF,T1,1.0978,False,,Available,v2.2.1
2026-07-14,datacrunch,a100-sxm-40gb,A100,40GB,SXM,IB-HDR,OnDemand,NonInterruptible,OnDemand,EU,EU,SIF,T2IF,T2,1.2900,True,local-nvme,Available,v2.2.1
2026-07-14,datacrunch,a100-sxm-40gb,A100,40GB,SXM,IB-HDR,1M,NonInterruptible,Reserved,EU,EU,SIF,T2IF,T2,1.2642,True,local-nvme,Available,v2.2.1
2026-07-14,datacrunch,a100-sxm-40gb,A100,40GB,SXM,IB-HDR,1Y,NonInterruptible,Reserved,EU,EU,SIF,T2IF,T2,1.1868,True,local-nvme,Available,v2.2.1
2026-07-14,datacrunch,a100-sxm-40gb,A100,40GB,SXM,IB-HDR,2Y,NonInterruptible,Reserved,EU,EU,SIF,T2IF,T2,0.9675,True,local-nvme,Available,v2.2.1
2026-07-14,datacrunch,a100-sxm-40gb,A100,40GB,SXM,IB-HDR,3M,NonInterruptible,Reserved,EU,EU,SIF,T2IF,T2,1.2513,True,local-nvme,Available,v2.2.1
2026-07-14,datacrunch,a100-sxm-40gb,A100,40GB,SXM,IB-HDR,6M,NonInterruptible,Reserved,EU,EU,SIF,T2IF,T2,1.2384,True,local-nvme,Available,v2.2.1
2026-07-14,datacrunch,a100-sxm-40gb,A100,40GB,SXM,IB-HDR,OnDemand,Interruptible,Spot,EU,EU,DIF,T2IF,T2,0.4515,True,local-nvme,Available,v2.2.1
2026-07-14,e2e,a100-sxm-40gb,A100,40GB,SXM,Unknown,OnDemand,NonInterruptible,OnDemand,APAC,APAC,IIF,T3IF,T2,1.9800,True,managed-ops-plane,Available,v2.2.1
2026-07-14,e2e,a100-sxm-40gb,A100,40GB,SXM,Unknown,1M,NonInterruptible,Reserved,APAC,APAC,IIF,T3IF,T2,1.2542,True,managed-ops-plane,Available,v2.2.1
2026-07-14,e2e,a100-sxm-40gb,A100,40GB,SXM,Unknown,1Y,NonInterruptible,Reserved,APAC,APAC,IIF,T3IF,T2,1.1098,True,managed-ops-plane,Available,v2.2.1
2026-07-14,e2e,a100-sxm-40gb,A100,40GB,SXM,Unknown,3M,NonInterruptible,Reserved,APAC,APAC,IIF,T3IF,T2,1.2231,True,managed-ops-plane,Available,v2.2.1
2026-07-14,e2e,a100-sxm-40gb,A100,40GB,SXM,Unknown,6M,NonInterruptible,Reserved,APAC,APAC,IIF,T3IF,T2,1.1765,True,managed-ops-plane,Available,v2.2.1
2026-07-14,gcp,a100-sxm-40gb,A100,40GB,SXM,Ethernet,OnDemand,NonInterruptible,OnDemand,US-Central,US,HIF,T3IF,T1,3.4837,True,local-nvme,Available,v2.2.1
2026-07-14,gcp,a100-sxm-40gb,A100,40GB,SXM,Ethernet,OnDemand,NonInterruptible,OnDemand,US-East,US,HIF,T3IF,T1,3.4837,True,local-nvme,Available,v2.2.1
2026-07-14,gcp,a100-sxm-40gb,A100,40GB,SXM,Ethernet,OnDemand,NonInterruptible,OnDemand,US-West,US,HIF,T3IF,T1,3.4837,True,local-nvme,Available,v2.2.1
2026-07-14,gcp,a100-sxm-40gb,A100,40GB,SXM,Ethernet,OnDemand,NonInterruptible,OnDemand,US-South,US,HIF,T3IF,T1,4.1108,True,local-nvme,Available,v2.2.1
2026-07-14,gcp,a100-sxm-40gb,A100,40GB,SXM,Ethernet,1Y,NonInterruptible,Reserved,US-Central,US,HIF,T3IF,T1,2.3982,True,local-nvme,Available,v2.2.1
2026-07-14,gcp,a100-sxm-40gb,A100,40GB,SXM,Ethernet,1Y,NonInterruptible,Reserved,US-East,US,HIF,T3IF,T1,2.3982,True,local-nvme,Available,v2.2.1
2026-07-14,gcp,a100-sxm-40gb,A100,40GB,SXM,Ethernet,1Y,NonInterruptible,Reserved,US-South,US,HIF,T3IF,T1,2.8298,True,local-nvme,Available,v2.2.1
2026-07-14,gcp,a100-sxm-40gb,A100,40GB,SXM,Ethernet,1Y,NonInterruptible,Reserved,US-West,US,HIF,T3IF,T1,2.8448,True,local-nvme,Available,v2.2.1
2026-07-14,gcp,a100-sxm-40gb,A100,40GB,SXM,Ethernet,3Y,NonInterruptible,Reserved,US-South,US,HIF,T3IF,T1,1.8605,True,local-nvme,Available,v2.2.1
2026-07-14,gcp,a100-sxm-40gb,A100,40GB,SXM,Ethernet,3Y,NonInterruptible,Reserved,US-West,US,HIF,T3IF,T1,1.8156,True,local-nvme,Available,v2.2.1
2026-07-14,gcp,a100-sxm-40gb,A100,40GB,SXM,Ethernet,3Y,NonInterruptible,Reserved,US-Central,US,HIF,T3IF,T1,1.5767,True,local-nvme,Available,v2.2.1
2026-07-14,gcp,a100-sxm-40gb,A100,40GB,SXM,Ethernet,3Y,NonInterruptible,Reserved,US-East,US,HIF,T3IF,T1,1.7102,True,local-nvme,Available,v2.2.1
2026-07-14,gcp,a100-sxm-40gb,A100,40GB,SXM,Ethernet,OnDemand,Interruptible,Spot,US-East,US,DIF,T3IF,T1,1.8285,True,local-nvme,Available,v2.2.1
2026-07-14,gcp,a100-sxm-40gb,A100,40GB,SXM,Ethernet,OnDemand,Interruptible,Spot,US-West,US,DIF,T3IF,T1,0.3688,True,local-nvme,Available,v2.2.1
2026-07-14,gcp,a100-sxm-40gb,A100,40GB,SXM,Ethernet,OnDemand,Interruptible,Spot,US-Central,US,DIF,T3IF,T1,1.8285,True,local-nvme,Available,v2.2.1
2026-07-14,gcp,a100-sxm-40gb,A100,40GB,SXM,Ethernet,OnDemand,Interruptible,Spot,US-South,US,DIF,T3IF,T1,0.4296,True,local-nvme,Available,v2.2.1
2026-07-14,jarvislabs,a100-sxm-40gb,A100,40GB,SXM,Unknown,OnDemand,NonInterruptible,OnDemand,APAC,APAC,IIF,T3IF,T2,0.8900,False,,Available,v2.2.1
2026-07-14,oci,a100-sxm-40gb,A100,40GB,SXM,RoCE-v2,OnDemand,NonInterruptible,OnDemand,US-East,US,HIF,T2IF,T1,3.0500,True,local-nvme;egress-capped;managed-ops-plane;support-tier;observability,Available,v2.2.1
2026-07-14,sesterce,a100-sxm-40gb,A100,40GB,SXM,Unknown,OnDemand,NonInterruptible,OnDemand,Other,Other,IIF,T2IF,T2,1.5400,False,,Available,v2.2.1
2026-07-15,aws,a100-sxm-40gb,A100,40GB,SXM,EFA,OnDemand,NonInterruptible,OnDemand,US-East,US,HIF,T2IF,T1,2.7447,True,local-nvme;managed-ops-plane;support-tier;observability,Available,v2.2.1
2026-07-15,aws,a100-sxm-40gb,A100,40GB,SXM,EFA,1Y,NonInterruptible,Reserved,US-East,US,HIF,T2IF,T1,1.7401,True,local-nvme;managed-ops-plane;support-tier;observability,Available,v2.2.1
2026-07-15,aws,a100-sxm-40gb,A100,40GB,SXM,EFA,3Y,NonInterruptible,Reserved,US-East,US,HIF,T2IF,T1,1.1718,True,local-nvme;managed-ops-plane;support-tier;observability,Available,v2.2.1
2026-07-15,aws,a100-sxm-40gb,A100,40GB,SXM,EFA,OnDemand,Interruptible,Spot,US-West,US,DIF,T2IF,T1,1.9564,False,,Available,v2.2.1
2026-07-15,aws,a100-sxm-40gb,A100,40GB,SXM,EFA,OnDemand,Interruptible,Spot,US-East,US,DIF,T2IF,T1,1.1098,False,,Available,v2.2.1
2026-07-15,azure_reservations,a100-sxm-40gb,A100,40GB,SXM,IB-HDR,OnDemand,NonInterruptible,OnDemand,US-East,US,HIF,T2IF,T1,3.3996,False,,Available,v2.2.1
2026-07-15,azure_reservations,a100-sxm-40gb,A100,40GB,SXM,IB-HDR,OnDemand,NonInterruptible,OnDemand,US-South,US,HIF,T2IF,T1,4.0788,False,,Available,v2.2.1
2026-07-15,azure_reservations,a100-sxm-40gb,A100,40GB,SXM,IB-HDR,OnDemand,NonInterruptible,OnDemand,US-West,US,HIF,T2IF,T1,3.3996,False,,Available,v2.2.1
2026-07-15,azure_reservations,a100-sxm-40gb,A100,40GB,SXM,IB-HDR,1Y,NonInterruptible,Reserved,US-South,US,HIF,T2IF,T1,2.8238,False,,Available,v2.2.1
2026-07-15,azure_reservations,a100-sxm-40gb,A100,40GB,SXM,IB-HDR,1Y,NonInterruptible,Reserved,US-East,US,HIF,T2IF,T1,2.3535,False,,Available,v2.2.1
2026-07-15,azure_reservations,a100-sxm-40gb,A100,40GB,SXM,IB-HDR,1Y,NonInterruptible,Reserved,US-West,US,HIF,T2IF,T1,2.3535,False,,Available,v2.2.1
2026-07-15,azure_reservations,a100-sxm-40gb,A100,40GB,SXM,IB-HDR,1Y,NonInterruptible,Reserved,Other,Other,HIF,T2IF,T1,3.0597,False,,Available,v2.2.1
2026-07-15,azure_reservations,a100-sxm-40gb,A100,40GB,SXM,IB-HDR,1Y,NonInterruptible,Reserved,EU,EU,HIF,T2IF,T1,3.0597,False,,Available,v2.2.1
2026-07-15,azure_reservations,a100-sxm-40gb,A100,40GB,SXM,IB-HDR,3Y,NonInterruptible,Reserved,EU,EU,HIF,T2IF,T1,1.7678,False,,Available,v2.2.1
2026-07-15,azure_reservations,a100-sxm-40gb,A100,40GB,SXM,IB-HDR,3Y,NonInterruptible,Reserved,US-East,US,HIF,T2IF,T1,1.3598,False,,Available,v2.2.1
2026-07-15,azure_reservations,a100-sxm-40gb,A100,40GB,SXM,IB-HDR,3Y,NonInterruptible,Reserved,US-South,US,HIF,T2IF,T1,1.6315,False,,Available,v2.2.1
2026-07-15,azure_reservations,a100-sxm-40gb,A100,40GB,SXM,IB-HDR,3Y,NonInterruptible,Reserved,Other,Other,HIF,T2IF,T1,1.7679,False,,Available,v2.2.1
2026-07-15,azure_reservations,a100-sxm-40gb,A100,40GB,SXM,IB-HDR,3Y,NonInterruptible,Reserved,US-West,US,HIF,T2IF,T1,1.3598,False,,Available,v2.2.1
2026-07-15,datacrunch,a100-sxm-40gb,A100,40GB,SXM,IB-HDR,OnDemand,NonInterruptible,OnDemand,EU,EU,SIF,T2IF,T2,1.2900,True,local-nvme,Available,v2.2.1
2026-07-15,datacrunch,a100-sxm-40gb,A100,40GB,SXM,IB-HDR,1M,NonInterruptible,Reserved,EU,EU,SIF,T2IF,T2,1.2642,True,local-nvme,Available,v2.2.1
2026-07-15,datacrunch,a100-sxm-40gb,A100,40GB,SXM,IB-HDR,1Y,NonInterruptible,Reserved,EU,EU,SIF,T2IF,T2,1.1868,True,local-nvme,Available,v2.2.1
2026-07-15,datacrunch,a100-sxm-40gb,A100,40GB,SXM,IB-HDR,2Y,NonInterruptible,Reserved,EU,EU,SIF,T2IF,T2,0.9675,True,local-nvme,Available,v2.2.1
2026-07-15,datacrunch,a100-sxm-40gb,A100,40GB,SXM,IB-HDR,3M,NonInterruptible,Reserved,EU,EU,SIF,T2IF,T2,1.2513,True,local-nvme,Available,v2.2.1
2026-07-15,datacrunch,a100-sxm-40gb,A100,40GB,SXM,IB-HDR,6M,NonInterruptible,Reserved,EU,EU,SIF,T2IF,T2,1.2384,True,local-nvme,Available,v2.2.1
2026-07-15,datacrunch,a100-sxm-40gb,A100,40GB,SXM,IB-HDR,OnDemand,Interruptible,Spot,EU,EU,DIF,T2IF,T2,0.4515,True,local-nvme,Available,v2.2.1
2026-07-15,e2e,a100-sxm-40gb,A100,40GB,SXM,Unknown,OnDemand,NonInterruptible,OnDemand,APAC,APAC,IIF,T3IF,T2,1.9800,True,managed-ops-plane,Available,v2.2.1
2026-07-15,e2e,a100-sxm-40gb,A100,40GB,SXM,Unknown,1M,NonInterruptible,Reserved,APAC,APAC,IIF,T3IF,T2,1.2542,True,managed-ops-plane,Available,v2.2.1
2026-07-15,e2e,a100-sxm-40gb,A100,40GB,SXM,Unknown,1Y,NonInterruptible,Reserved,APAC,APAC,IIF,T3IF,T2,1.1098,True,managed-ops-plane,Available,v2.2.1
2026-07-15,e2e,a100-sxm-40gb,A100,40GB,SXM,Unknown,3M,NonInterruptible,Reserved,APAC,APAC,IIF,T3IF,T2,1.2231,True,managed-ops-plane,Available,v2.2.1
2026-07-15,e2e,a100-sxm-40gb,A100,40GB,SXM,Unknown,6M,NonInterruptible,Reserved,APAC,APAC,IIF,T3IF,T2,1.1765,True,managed-ops-plane,Available,v2.2.1
2026-07-15,gcp,a100-sxm-40gb,A100,40GB,SXM,Ethernet,OnDemand,NonInterruptible,OnDemand,US-Central,US,HIF,T3IF,T1,3.4837,True,local-nvme,Available,v2.2.1
2026-07-15,gcp,a100-sxm-40gb,A100,40GB,SXM,Ethernet,OnDemand,NonInterruptible,OnDemand,US-West,US,HIF,T3IF,T1,3.4837,True,local-nvme,Available,v2.2.1
2026-07-15,gcp,a100-sxm-40gb,A100,40GB,SXM,Ethernet,OnDemand,NonInterruptible,OnDemand,US-East,US,HIF,T3IF,T1,3.4837,True,local-nvme,Available,v2.2.1
2026-07-15,gcp,a100-sxm-40gb,A100,40GB,SXM,Ethernet,OnDemand,NonInterruptible,OnDemand,US-South,US,HIF,T3IF,T1,4.1108,True,local-nvme,Available,v2.2.1
2026-07-15,gcp,a100-sxm-40gb,A100,40GB,SXM,Ethernet,1Y,NonInterruptible,Reserved,US-West,US,HIF,T3IF,T1,2.8448,True,local-nvme,Available,v2.2.1
2026-07-15,gcp,a100-sxm-40gb,A100,40GB,SXM,Ethernet,1Y,NonInterruptible,Reserved,US-Central,US,HIF,T3IF,T1,2.3982,True,local-nvme,Available,v2.2.1
2026-07-15,gcp,a100-sxm-40gb,A100,40GB,SXM,Ethernet,1Y,NonInterruptible,Reserved,US-East,US,HIF,T3IF,T1,2.3982,True,local-nvme,Available,v2.2.1
2026-07-15,gcp,a100-sxm-40gb,A100,40GB,SXM,Ethernet,1Y,NonInterruptible,Reserved,US-South,US,HIF,T3IF,T1,2.8298,True,local-nvme,Available,v2.2.1
2026-07-15,gcp,a100-sxm-40gb,A100,40GB,SXM,Ethernet,3Y,NonInterruptible,Reserved,US-South,US,HIF,T3IF,T1,1.8605,True,local-nvme,Available,v2.2.1
2026-07-15,gcp,a100-sxm-40gb,A100,40GB,SXM,Ethernet,3Y,NonInterruptible,Reserved,US-West,US,HIF,T3IF,T1,1.8156,True,local-nvme,Available,v2.2.1
2026-07-15,gcp,a100-sxm-40gb,A100,40GB,SXM,Ethernet,3Y,NonInterruptible,Reserved,US-East,US,HIF,T3IF,T1,1.7102,True,local-nvme,Available,v2.2.1
2026-07-15,gcp,a100-sxm-40gb,A100,40GB,SXM,Ethernet,3Y,NonInterruptible,Reserved,US-Central,US,HIF,T3IF,T1,1.5767,True,local-nvme,Available,v2.2.1
2026-07-15,gcp,a100-sxm-40gb,A100,40GB,SXM,Ethernet,OnDemand,Interruptible,Spot,US-East,US,DIF,T3IF,T1,1.8285,True,local-nvme,Available,v2.2.1
2026-07-15,gcp,a100-sxm-40gb,A100,40GB,SXM,Ethernet,OnDemand,Interruptible,Spot,US-West,US,DIF,T3IF,T1,0.3688,True,local-nvme,Available,v2.2.1
2026-07-15,gcp,a100-sxm-40gb,A100,40GB,SXM,Ethernet,OnDemand,Interruptible,Spot,US-South,US,DIF,T3IF,T1,0.4296,True,local-nvme,Available,v2.2.1
2026-07-15,gcp,a100-sxm-40gb,A100,40GB,SXM,Ethernet,OnDemand,Interruptible,Spot,US-Central,US,DIF,T3IF,T1,1.8285,True,local-nvme,Available,v2.2.1
2026-07-15,gcp_cud,a100-sxm-40gb,A100,40GB,SXM,Ethernet,1Y,NonInterruptible,Reserved,US-South,US,HIF,T2IF,T1,2.1811,False,,Available,v2.2.1
2026-07-15,gcp_cud,a100-sxm-40gb,A100,40GB,SXM,Ethernet,1Y,NonInterruptible,Reserved,US-West,US,HIF,T2IF,T1,2.1844,False,,Available,v2.2.1
2026-07-15,gcp_cud,a100-sxm-40gb,A100,40GB,SXM,Ethernet,1Y,NonInterruptible,Reserved,US-East,US,HIF,T2IF,T1,1.8484,False,,Available,v2.2.1
2026-07-15,gcp_cud,a100-sxm-40gb,A100,40GB,SXM,Ethernet,1Y,NonInterruptible,Reserved,US-Central,US,HIF,T2IF,T1,1.8484,False,,Available,v2.2.1
2026-07-15,gcp_cud,a100-sxm-40gb,A100,40GB,SXM,Ethernet,3Y,NonInterruptible,Reserved,US-West,US,HIF,T2IF,T1,1.1552,False,,Available,v2.2.1
2026-07-15,gcp_cud,a100-sxm-40gb,A100,40GB,SXM,Ethernet,3Y,NonInterruptible,Reserved,US-East,US,HIF,T2IF,T1,1.0911,False,,Available,v2.2.1
2026-07-15,gcp_cud,a100-sxm-40gb,A100,40GB,SXM,Ethernet,3Y,NonInterruptible,Reserved,US-South,US,HIF,T2IF,T1,1.2117,False,,Available,v2.2.1
2026-07-15,gcp_cud,a100-sxm-40gb,A100,40GB,SXM,Ethernet,3Y,NonInterruptible,Reserved,US-Central,US,HIF,T2IF,T1,1.0269,False,,Available,v2.2.1
2026-07-15,jarvislabs,a100-sxm-40gb,A100,40GB,SXM,Unknown,OnDemand,NonInterruptible,OnDemand,APAC,APAC,IIF,T3IF,T2,0.8900,False,,Available,v2.2.1
2026-07-15,oci,a100-sxm-40gb,A100,40GB,SXM,RoCE-v2,OnDemand,NonInterruptible,OnDemand,US-East,US,HIF,T2IF,T1,3.0500,True,local-nvme;egress-capped;managed-ops-plane;support-tier;observability,Available,v2.2.1
2026-07-15,sesterce,a100-sxm-40gb,A100,40GB,SXM,Unknown,OnDemand,NonInterruptible,OnDemand,Other,Other,IIF,T2IF,T2,1.5400,False,,Available,v2.2.1
2026-07-16,aws,a100-sxm-40gb,A100,40GB,SXM,EFA,OnDemand,NonInterruptible,OnDemand,US-East,US,HIF,T2IF,T1,2.7447,True,local-nvme;managed-ops-plane;support-tier;observability,Available,v2.2.1
2026-07-16,aws,a100-sxm-40gb,A100,40GB,SXM,EFA,1Y,NonInterruptible,Reserved,US-East,US,HIF,T2IF,T1,1.7401,True,local-nvme;managed-ops-plane;support-tier;observability,Available,v2.2.1
2026-07-16,aws,a100-sxm-40gb,A100,40GB,SXM,EFA,3Y,NonInterruptible,Reserved,US-East,US,HIF,T2IF,T1,1.1718,True,local-nvme;managed-ops-plane;support-tier;observability,Available,v2.2.1
2026-07-16,aws,a100-sxm-40gb,A100,40GB,SXM,EFA,OnDemand,Interruptible,Spot,US-West,US,DIF,T2IF,T1,2.0063,False,,Available,v2.2.1
2026-07-16,aws,a100-sxm-40gb,A100,40GB,SXM,EFA,OnDemand,Interruptible,Spot,US-East,US,DIF,T2IF,T1,1.1134,False,,Available,v2.2.1
2026-07-16,azure_reservations,a100-sxm-40gb,A100,40GB,SXM,IB-HDR,OnDemand,NonInterruptible,OnDemand,US-West,US,HIF,T2IF,T1,3.3996,False,,Available,v2.2.1
2026-07-16,azure_reservations,a100-sxm-40gb,A100,40GB,SXM,IB-HDR,OnDemand,NonInterruptible,OnDemand,US-East,US,HIF,T2IF,T1,3.3996,False,,Available,v2.2.1
2026-07-16,azure_reservations,a100-sxm-40gb,A100,40GB,SXM,IB-HDR,OnDemand,NonInterruptible,OnDemand,US-South,US,HIF,T2IF,T1,4.0788,False,,Available,v2.2.1
2026-07-16,azure_reservations,a100-sxm-40gb,A100,40GB,SXM,IB-HDR,1Y,NonInterruptible,Reserved,US-West,US,HIF,T2IF,T1,2.3535,False,,Available,v2.2.1
2026-07-16,azure_reservations,a100-sxm-40gb,A100,40GB,SXM,IB-HDR,1Y,NonInterruptible,Reserved,US-South,US,HIF,T2IF,T1,2.8238,False,,Available,v2.2.1
2026-07-16,azure_reservations,a100-sxm-40gb,A100,40GB,SXM,IB-HDR,1Y,NonInterruptible,Reserved,Other,Other,HIF,T2IF,T1,3.0597,False,,Available,v2.2.1
2026-07-16,azure_reservations,a100-sxm-40gb,A100,40GB,SXM,IB-HDR,1Y,NonInterruptible,Reserved,EU,EU,HIF,T2IF,T1,3.0597,False,,Available,v2.2.1
2026-07-16,azure_reservations,a100-sxm-40gb,A100,40GB,SXM,IB-HDR,1Y,NonInterruptible,Reserved,US-East,US,HIF,T2IF,T1,2.3535,False,,Available,v2.2.1
2026-07-16,azure_reservations,a100-sxm-40gb,A100,40GB,SXM,IB-HDR,3Y,NonInterruptible,Reserved,US-West,US,HIF,T2IF,T1,1.3598,False,,Available,v2.2.1
2026-07-16,azure_reservations,a100-sxm-40gb,A100,40GB,SXM,IB-HDR,3Y,NonInterruptible,Reserved,US-South,US,HIF,T2IF,T1,1.6315,False,,Available,v2.2.1
2026-07-16,azure_reservations,a100-sxm-40gb,A100,40GB,SXM,IB-HDR,3Y,NonInterruptible,Reserved,EU,EU,HIF,T2IF,T1,1.7678,False,,Available,v2.2.1
2026-07-16,azure_reservations,a100-sxm-40gb,A100,40GB,SXM,IB-HDR,3Y,NonInterruptible,Reserved,US-East,US,HIF,T2IF,T1,1.3598,False,,Available,v2.2.1
2026-07-16,azure_reservations,a100-sxm-40gb,A100,40GB,SXM,IB-HDR,3Y,NonInterruptible,Reserved,Other,Other,HIF,T2IF,T1,1.7679,False,,Available,v2.2.1
2026-07-16,datacrunch,a100-sxm-40gb,A100,40GB,SXM,IB-HDR,OnDemand,NonInterruptible,OnDemand,EU,EU,SIF,T2IF,T2,1.2900,True,local-nvme,Available,v2.2.1
2026-07-16,datacrunch,a100-sxm-40gb,A100,40GB,SXM,IB-HDR,1M,NonInterruptible,Reserved,EU,EU,SIF,T2IF,T2,1.2642,True,local-nvme,Available,v2.2.1
2026-07-16,datacrunch,a100-sxm-40gb,A100,40GB,SXM,IB-HDR,1Y,NonInterruptible,Reserved,EU,EU,SIF,T2IF,T2,1.1868,True,local-nvme,Available,v2.2.1
2026-07-16,datacrunch,a100-sxm-40gb,A100,40GB,SXM,IB-HDR,2Y,NonInterruptible,Reserved,EU,EU,SIF,T2IF,T2,0.9675,True,local-nvme,Available,v2.2.1
2026-07-16,datacrunch,a100-sxm-40gb,A100,40GB,SXM,IB-HDR,3M,NonInterruptible,Reserved,EU,EU,SIF,T2IF,T2,1.2513,True,local-nvme,Available,v2.2.1
2026-07-16,datacrunch,a100-sxm-40gb,A100,40GB,SXM,IB-HDR,6M,NonInterruptible,Reserved,EU,EU,SIF,T2IF,T2,1.2384,True,local-nvme,Available,v2.2.1
2026-07-16,datacrunch,a100-sxm-40gb,A100,40GB,SXM,IB-HDR,OnDemand,Interruptible,Spot,EU,EU,DIF,T2IF,T2,0.4515,True,local-nvme,Available,v2.2.1
2026-07-16,e2e,a100-sxm-40gb,A100,40GB,SXM,Unknown,OnDemand,NonInterruptible,OnDemand,APAC,APAC,IIF,T3IF,T2,1.9800,True,managed-ops-plane,Available,v2.2.1
2026-07-16,e2e,a100-sxm-40gb,A100,40GB,SXM,Unknown,1M,NonInterruptible,Reserved,APAC,APAC,IIF,T3IF,T2,1.2542,True,managed-ops-plane,Available,v2.2.1
2026-07-16,e2e,a100-sxm-40gb,A100,40GB,SXM,Unknown,1Y,NonInterruptible,Reserved,APAC,APAC,IIF,T3IF,T2,1.1098,True,managed-ops-plane,Available,v2.2.1
2026-07-16,e2e,a100-sxm-40gb,A100,40GB,SXM,Unknown,3M,NonInterruptible,Reserved,APAC,APAC,IIF,T3IF,T2,1.2231,True,managed-ops-plane,Available,v2.2.1
2026-07-16,e2e,a100-sxm-40gb,A100,40GB,SXM,Unknown,6M,NonInterruptible,Reserved,APAC,APAC,IIF,T3IF,T2,1.1765,True,managed-ops-plane,Available,v2.2.1
2026-07-16,gcp,a100-sxm-40gb,A100,40GB,SXM,Ethernet,OnDemand,NonInterruptible,OnDemand,US-East,US,HIF,T3IF,T1,3.4837,True,local-nvme,Available,v2.2.1
2026-07-16,gcp,a100-sxm-40gb,A100,40GB,SXM,Ethernet,OnDemand,NonInterruptible,OnDemand,US-West,US,HIF,T3IF,T1,3.4837,True,local-nvme,Available,v2.2.1
2026-07-16,gcp,a100-sxm-40gb,A100,40GB,SXM,Ethernet,OnDemand,NonInterruptible,OnDemand,US-Central,US,HIF,T3IF,T1,3.4837,True,local-nvme,Available,v2.2.1
2026-07-16,gcp,a100-sxm-40gb,A100,40GB,SXM,Ethernet,OnDemand,NonInterruptible,OnDemand,US-South,US,HIF,T3IF,T1,4.1108,True,local-nvme,Available,v2.2.1
2026-07-16,gcp,a100-sxm-40gb,A100,40GB,SXM,Ethernet,1Y,NonInterruptible,Reserved,US-South,US,HIF,T3IF,T1,2.8298,True,local-nvme,Available,v2.2.1
2026-07-16,gcp,a100-sxm-40gb,A100,40GB,SXM,Ethernet,1Y,NonInterruptible,Reserved,US-East,US,HIF,T3IF,T1,2.3982,True,local-nvme,Available,v2.2.1
2026-07-16,gcp,a100-sxm-40gb,A100,40GB,SXM,Ethernet,1Y,NonInterruptible,Reserved,US-Central,US,HIF,T3IF,T1,2.3982,True,local-nvme,Available,v2.2.1
2026-07-16,gcp,a100-sxm-40gb,A100,40GB,SXM,Ethernet,1Y,NonInterruptible,Reserved,US-West,US,HIF,T3IF,T1,2.8448,True,local-nvme,Available,v2.2.1
2026-07-16,gcp,a100-sxm-40gb,A100,40GB,SXM,Ethernet,3Y,NonInterruptible,Reserved,US-West,US,HIF,T3IF,T1,1.8156,True,local-nvme,Available,v2.2.1
2026-07-16,gcp,a100-sxm-40gb,A100,40GB,SXM,Ethernet,3Y,NonInterruptible,Reserved,US-South,US,HIF,T3IF,T1,1.8605,True,local-nvme,Available,v2.2.1
2026-07-16,gcp,a100-sxm-40gb,A100,40GB,SXM,Ethernet,3Y,NonInterruptible,Reserved,US-East,US,HIF,T3IF,T1,1.7102,True,local-nvme,Available,v2.2.1
2026-07-16,gcp,a100-sxm-40gb,A100,40GB,SXM,Ethernet,3Y,NonInterruptible,Reserved,US-Central,US,HIF,T3IF,T1,1.5767,True,local-nvme,Available,v2.2.1
2026-07-16,gcp,a100-sxm-40gb,A100,40GB,SXM,Ethernet,OnDemand,Interruptible,Spot,US-West,US,DIF,T3IF,T1,0.3688,True,local-nvme,Available,v2.2.1
2026-07-16,gcp,a100-sxm-40gb,A100,40GB,SXM,Ethernet,OnDemand,Interruptible,Spot,US-South,US,DIF,T3IF,T1,0.4296,True,local-nvme,Available,v2.2.1
2026-07-16,gcp,a100-sxm-40gb,A100,40GB,SXM,Ethernet,OnDemand,Interruptible,Spot,US-East,US,DIF,T3IF,T1,1.8285,True,local-nvme,Available,v2.2.1
2026-07-16,gcp,a100-sxm-40gb,A100,40GB,SXM,Ethernet,OnDemand,Interruptible,Spot,US-Central,US,DIF,T3IF,T1,1.8285,True,local-nvme,Available,v2.2.1
2026-07-16,gcp_cud,a100-sxm-40gb,A100,40GB,SXM,Ethernet,1Y,NonInterruptible,Reserved,US-South,US,HIF,T2IF,T1,2.1811,False,,Available,v2.2.1
2026-07-16,gcp_cud,a100-sxm-40gb,A100,40GB,SXM,Ethernet,1Y,NonInterruptible,Reserved,US-Central,US,HIF,T2IF,T1,1.8484,False,,Available,v2.2.1
2026-07-16,gcp_cud,a100-sxm-40gb,A100,40GB,SXM,Ethernet,1Y,NonInterruptible,Reserved,US-West,US,HIF,T2IF,T1,2.1844,False,,Available,v2.2.1
2026-07-16,gcp_cud,a100-sxm-40gb,A100,40GB,SXM,Ethernet,1Y,NonInterruptible,Reserved,US-East,US,HIF,T2IF,T1,1.8484,False,,Available,v2.2.1
2026-07-16,gcp_cud,a100-sxm-40gb,A100,40GB,SXM,Ethernet,3Y,NonInterruptible,Reserved,US-South,US,HIF,T2IF,T1,1.2117,False,,Available,v2.2.1
2026-07-16,gcp_cud,a100-sxm-40gb,A100,40GB,SXM,Ethernet,3Y,NonInterruptible,Reserved,US-Central,US,HIF,T2IF,T1,1.0269,False,,Available,v2.2.1
2026-07-16,gcp_cud,a100-sxm-40gb,A100,40GB,SXM,Ethernet,3Y,NonInterruptible,Reserved,US-West,US,HIF,T2IF,T1,1.1552,False,,Available,v2.2.1
2026-07-16,gcp_cud,a100-sxm-40gb,A100,40GB,SXM,Ethernet,3Y,NonInterruptible,Reserved,US-East,US,HIF,T2IF,T1,1.0911,False,,Available,v2.2.1
2026-07-16,jarvislabs,a100-sxm-40gb,A100,40GB,SXM,Unknown,OnDemand,NonInterruptible,OnDemand,APAC,APAC,IIF,T3IF,T2,0.8900,False,,Available,v2.2.1
2026-07-16,oci,a100-sxm-40gb,A100,40GB,SXM,RoCE-v2,OnDemand,NonInterruptible,OnDemand,US-East,US,HIF,T2IF,T1,3.0500,True,local-nvme;egress-capped;managed-ops-plane;support-tier;observability,Available,v2.2.1
2026-07-16,sesterce,a100-sxm-40gb,A100,40GB,SXM,Unknown,OnDemand,NonInterruptible,OnDemand,Other,Other,IIF,T2IF,T2,1.4960,False,,Available,v2.2.1
2026-07-17,aws,a100-sxm-40gb,A100,40GB,SXM,EFA,OnDemand,NonInterruptible,OnDemand,US-East,US,HIF,T2IF,T1,2.7447,True,local-nvme;managed-ops-plane;support-tier;observability,Available,v2.2.1
2026-07-17,aws,a100-sxm-40gb,A100,40GB,SXM,EFA,1Y,NonInterruptible,Reserved,US-East,US,HIF,T2IF,T1,1.7401,True,local-nvme;managed-ops-plane;support-tier;observability,Available,v2.2.1
2026-07-17,aws,a100-sxm-40gb,A100,40GB,SXM,EFA,3Y,NonInterruptible,Reserved,US-East,US,HIF,T2IF,T1,1.1718,True,local-nvme;managed-ops-plane;support-tier;observability,Available,v2.2.1
2026-07-17,aws,a100-sxm-40gb,A100,40GB,SXM,EFA,OnDemand,Interruptible,Spot,US-West,US,DIF,T2IF,T1,2.0353,False,,Available,v2.2.1
2026-07-17,aws,a100-sxm-40gb,A100,40GB,SXM,EFA,OnDemand,Interruptible,Spot,US-East,US,DIF,T2IF,T1,1.1173,False,,Available,v2.2.1
2026-07-17,azure_reservations,a100-sxm-40gb,A100,40GB,SXM,IB-HDR,OnDemand,NonInterruptible,OnDemand,US-South,US,HIF,T2IF,T1,4.0788,False,,Available,v2.2.1
2026-07-17,azure_reservations,a100-sxm-40gb,A100,40GB,SXM,IB-HDR,OnDemand,NonInterruptible,OnDemand,US-West,US,HIF,T2IF,T1,3.3996,False,,Available,v2.2.1
2026-07-17,azure_reservations,a100-sxm-40gb,A100,40GB,SXM,IB-HDR,OnDemand,NonInterruptible,OnDemand,US-East,US,HIF,T2IF,T1,3.3996,False,,Available,v2.2.1
2026-07-17,azure_reservations,a100-sxm-40gb,A100,40GB,SXM,IB-HDR,1Y,NonInterruptible,Reserved,EU,EU,HIF,T2IF,T1,3.0597,False,,Available,v2.2.1
2026-07-17,azure_reservations,a100-sxm-40gb,A100,40GB,SXM,IB-HDR,1Y,NonInterruptible,Reserved,Other,Other,HIF,T2IF,T1,3.0597,False,,Available,v2.2.1
2026-07-17,azure_reservations,a100-sxm-40gb,A100,40GB,SXM,IB-HDR,1Y,NonInterruptible,Reserved,US-West,US,HIF,T2IF,T1,2.3535,False,,Available,v2.2.1
2026-07-17,azure_reservations,a100-sxm-40gb,A100,40GB,SXM,IB-HDR,1Y,NonInterruptible,Reserved,US-East,US,HIF,T2IF,T1,2.3535,False,,Available,v2.2.1
2026-07-17,azure_reservations,a100-sxm-40gb,A100,40GB,SXM,IB-HDR,1Y,NonInterruptible,Reserved,US-South,US,HIF,T2IF,T1,2.8238,False,,Available,v2.2.1
2026-07-17,azure_reservations,a100-sxm-40gb,A100,40GB,SXM,IB-HDR,3Y,NonInterruptible,Reserved,EU,EU,HIF,T2IF,T1,1.7678,False,,Available,v2.2.1
2026-07-17,azure_reservations,a100-sxm-40gb,A100,40GB,SXM,IB-HDR,3Y,NonInterruptible,Reserved,US-East,US,HIF,T2IF,T1,1.3598,False,,Available,v2.2.1
2026-07-17,azure_reservations,a100-sxm-40gb,A100,40GB,SXM,IB-HDR,3Y,NonInterruptible,Reserved,Other,Other,HIF,T2IF,T1,1.7679,False,,Available,v2.2.1
2026-07-17,azure_reservations,a100-sxm-40gb,A100,40GB,SXM,IB-HDR,3Y,NonInterruptible,Reserved,US-South,US,HIF,T2IF,T1,1.6315,False,,Available,v2.2.1
2026-07-17,azure_reservations,a100-sxm-40gb,A100,40GB,SXM,IB-HDR,3Y,NonInterruptible,Reserved,US-West,US,HIF,T2IF,T1,1.3598,False,,Available,v2.2.1
2026-07-17,datacrunch,a100-sxm-40gb,A100,40GB,SXM,IB-HDR,OnDemand,NonInterruptible,OnDemand,EU,EU,SIF,T2IF,T2,1.2900,True,local-nvme,Available,v2.2.1
2026-07-17,datacrunch,a100-sxm-40gb,A100,40GB,SXM,IB-HDR,1M,NonInterruptible,Reserved,EU,EU,SIF,T2IF,T2,1.2642,True,local-nvme,Available,v2.2.1
2026-07-17,datacrunch,a100-sxm-40gb,A100,40GB,SXM,IB-HDR,1Y,NonInterruptible,Reserved,EU,EU,SIF,T2IF,T2,1.1868,True,local-nvme,Available,v2.2.1
2026-07-17,datacrunch,a100-sxm-40gb,A100,40GB,SXM,IB-HDR,2Y,NonInterruptible,Reserved,EU,EU,SIF,T2IF,T2,0.9675,True,local-nvme,Available,v2.2.1
2026-07-17,datacrunch,a100-sxm-40gb,A100,40GB,SXM,IB-HDR,3M,NonInterruptible,Reserved,EU,EU,SIF,T2IF,T2,1.2513,True,local-nvme,Available,v2.2.1
2026-07-17,datacrunch,a100-sxm-40gb,A100,40GB,SXM,IB-HDR,6M,NonInterruptible,Reserved,EU,EU,SIF,T2IF,T2,1.2384,True,local-nvme,Available,v2.2.1
2026-07-17,datacrunch,a100-sxm-40gb,A100,40GB,SXM,IB-HDR,OnDemand,Interruptible,Spot,EU,EU,DIF,T2IF,T2,0.4515,True,local-nvme,Available,v2.2.1
2026-07-17,e2e,a100-sxm-40gb,A100,40GB,SXM,Unknown,OnDemand,NonInterruptible,OnDemand,APAC,APAC,IIF,T3IF,T2,1.9800,True,managed-ops-plane,Available,v2.2.1
2026-07-17,e2e,a100-sxm-40gb,A100,40GB,SXM,Unknown,1M,NonInterruptible,Reserved,APAC,APAC,IIF,T3IF,T2,1.2542,True,managed-ops-plane,Available,v2.2.1
2026-07-17,e2e,a100-sxm-40gb,A100,40GB,SXM,Unknown,1Y,NonInterruptible,Reserved,APAC,APAC,IIF,T3IF,T2,1.1098,True,managed-ops-plane,Available,v2.2.1
2026-07-17,e2e,a100-sxm-40gb,A100,40GB,SXM,Unknown,3M,NonInterruptible,Reserved,APAC,APAC,IIF,T3IF,T2,1.2231,True,managed-ops-plane,Available,v2.2.1
2026-07-17,e2e,a100-sxm-40gb,A100,40GB,SXM,Unknown,6M,NonInterruptible,Reserved,APAC,APAC,IIF,T3IF,T2,1.1765,True,managed-ops-plane,Available,v2.2.1
2026-07-17,gcp,a100-sxm-40gb,A100,40GB,SXM,Ethernet,OnDemand,NonInterruptible,OnDemand,US-Central,US,HIF,T3IF,T1,3.4837,True,local-nvme,Available,v2.2.1
2026-07-17,gcp,a100-sxm-40gb,A100,40GB,SXM,Ethernet,OnDemand,NonInterruptible,OnDemand,US-South,US,HIF,T3IF,T1,4.1108,True,local-nvme,Available,v2.2.1
2026-07-17,gcp,a100-sxm-40gb,A100,40GB,SXM,Ethernet,OnDemand,NonInterruptible,OnDemand,US-West,US,HIF,T3IF,T1,3.4837,True,local-nvme,Available,v2.2.1
2026-07-17,gcp,a100-sxm-40gb,A100,40GB,SXM,Ethernet,OnDemand,NonInterruptible,OnDemand,US-East,US,HIF,T3IF,T1,3.4837,True,local-nvme,Available,v2.2.1
2026-07-17,gcp,a100-sxm-40gb,A100,40GB,SXM,Ethernet,1Y,NonInterruptible,Reserved,US-East,US,HIF,T3IF,T1,2.3982,True,local-nvme,Available,v2.2.1
2026-07-17,gcp,a100-sxm-40gb,A100,40GB,SXM,Ethernet,1Y,NonInterruptible,Reserved,US-South,US,HIF,T3IF,T1,2.8298,True,local-nvme,Available,v2.2.1
2026-07-17,gcp,a100-sxm-40gb,A100,40GB,SXM,Ethernet,1Y,NonInterruptible,Reserved,US-Central,US,HIF,T3IF,T1,2.3982,True,local-nvme,Available,v2.2.1
2026-07-17,gcp,a100-sxm-40gb,A100,40GB,SXM,Ethernet,1Y,NonInterruptible,Reserved,US-West,US,HIF,T3IF,T1,2.8448,True,local-nvme,Available,v2.2.1
2026-07-17,gcp,a100-sxm-40gb,A100,40GB,SXM,Ethernet,3Y,NonInterruptible,Reserved,US-Central,US,HIF,T3IF,T1,1.5767,True,local-nvme,Available,v2.2.1
2026-07-17,gcp,a100-sxm-40gb,A100,40GB,SXM,Ethernet,3Y,NonInterruptible,Reserved,US-East,US,HIF,T3IF,T1,1.7102,True,local-nvme,Available,v2.2.1
2026-07-17,gcp,a100-sxm-40gb,A100,40GB,SXM,Ethernet,3Y,NonInterruptible,Reserved,US-West,US,HIF,T3IF,T1,1.8156,True,local-nvme,Available,v2.2.1
2026-07-17,gcp,a100-sxm-40gb,A100,40GB,SXM,Ethernet,3Y,NonInterruptible,Reserved,US-South,US,HIF,T3IF,T1,1.8605,True,local-nvme,Available,v2.2.1
2026-07-17,gcp,a100-sxm-40gb,A100,40GB,SXM,Ethernet,OnDemand,Interruptible,Spot,US-South,US,DIF,T3IF,T1,0.4296,True,local-nvme,Available,v2.2.1
2026-07-17,gcp,a100-sxm-40gb,A100,40GB,SXM,Ethernet,OnDemand,Interruptible,Spot,US-West,US,DIF,T3IF,T1,0.3688,True,local-nvme,Available,v2.2.1
2026-07-17,gcp,a100-sxm-40gb,A100,40GB,SXM,Ethernet,OnDemand,Interruptible,Spot,US-Central,US,DIF,T3IF,T1,1.8285,True,local-nvme,Available,v2.2.1
2026-07-17,gcp,a100-sxm-40gb,A100,40GB,SXM,Ethernet,OnDemand,Interruptible,Spot,US-East,US,DIF,T3IF,T1,1.8285,True,local-nvme,Available,v2.2.1
2026-07-17,gcp_cud,a100-sxm-40gb,A100,40GB,SXM,Ethernet,1Y,NonInterruptible,Reserved,US-Central,US,HIF,T2IF,T1,1.8484,False,,Available,v2.2.1
2026-07-17,gcp_cud,a100-sxm-40gb,A100,40GB,SXM,Ethernet,1Y,NonInterruptible,Reserved,US-South,US,HIF,T2IF,T1,2.1811,False,,Available,v2.2.1
2026-07-17,gcp_cud,a100-sxm-40gb,A100,40GB,SXM,Ethernet,1Y,NonInterruptible,Reserved,US-East,US,HIF,T2IF,T1,1.8484,False,,Available,v2.2.1
2026-07-17,gcp_cud,a100-sxm-40gb,A100,40GB,SXM,Ethernet,1Y,NonInterruptible,Reserved,US-West,US,HIF,T2IF,T1,2.1844,False,,Available,v2.2.1
2026-07-17,gcp_cud,a100-sxm-40gb,A100,40GB,SXM,Ethernet,3Y,NonInterruptible,Reserved,US-Central,US,HIF,T2IF,T1,1.0269,False,,Available,v2.2.1
2026-07-17,gcp_cud,a100-sxm-40gb,A100,40GB,SXM,Ethernet,3Y,NonInterruptible,Reserved,US-East,US,HIF,T2IF,T1,1.0911,False,,Available,v2.2.1
2026-07-17,gcp_cud,a100-sxm-40gb,A100,40GB,SXM,Ethernet,3Y,NonInterruptible,Reserved,US-West,US,HIF,T2IF,T1,1.1552,False,,Available,v2.2.1
2026-07-17,gcp_cud,a100-sxm-40gb,A100,40GB,SXM,Ethernet,3Y,NonInterruptible,Reserved,US-South,US,HIF,T2IF,T1,1.2117,False,,Available,v2.2.1
2026-07-17,jarvislabs,a100-sxm-40gb,A100,40GB,SXM,Unknown,OnDemand,NonInterruptible,OnDemand,APAC,APAC,IIF,T3IF,T2,0.8900,False,,Available,v2.2.1
2026-07-17,oci,a100-sxm-40gb,A100,40GB,SXM,RoCE-v2,OnDemand,NonInterruptible,OnDemand,US-East,US,HIF,T2IF,T1,3.0500,True,local-nvme;egress-capped;managed-ops-plane;support-tier;observability,Available,v2.2.1
2026-07-17,sesterce,a100-sxm-40gb,A100,40GB,SXM,Unknown,OnDemand,NonInterruptible,OnDemand,Other,Other,IIF,T2IF,T2,1.4960,False,,Available,v2.2.1
2026-07-18,aws,a100-sxm-40gb,A100,40GB,SXM,EFA,OnDemand,NonInterruptible,OnDemand,US-East,US,HIF,T2IF,T1,2.7447,True,local-nvme;managed-ops-plane;support-tier;observability,Available,v2.2.1
2026-07-18,aws,a100-sxm-40gb,A100,40GB,SXM,EFA,1Y,NonInterruptible,Reserved,US-East,US,HIF,T2IF,T1,1.7401,True,local-nvme;managed-ops-plane;support-tier;observability,Available,v2.2.1
2026-07-18,aws,a100-sxm-40gb,A100,40GB,SXM,EFA,3Y,NonInterruptible,Reserved,US-East,US,HIF,T2IF,T1,1.1718,True,local-nvme;managed-ops-plane;support-tier;observability,Available,v2.2.1
2026-07-18,aws,a100-sxm-40gb,A100,40GB,SXM,EFA,OnDemand,Interruptible,Spot,US-East,US,DIF,T2IF,T1,1.0892,False,,Available,v2.2.1
2026-07-18,aws,a100-sxm-40gb,A100,40GB,SXM,EFA,OnDemand,Interruptible,Spot,US-West,US,DIF,T2IF,T1,2.0592,False,,Available,v2.2.1
2026-07-18,azure_reservations,a100-sxm-40gb,A100,40GB,SXM,IB-HDR,OnDemand,NonInterruptible,OnDemand,US-South,US,HIF,T2IF,T1,4.0788,False,,Available,v2.2.1
2026-07-18,azure_reservations,a100-sxm-40gb,A100,40GB,SXM,IB-HDR,OnDemand,NonInterruptible,OnDemand,US-West,US,HIF,T2IF,T1,3.3996,False,,Available,v2.2.1
2026-07-18,azure_reservations,a100-sxm-40gb,A100,40GB,SXM,IB-HDR,OnDemand,NonInterruptible,OnDemand,US-East,US,HIF,T2IF,T1,3.3996,False,,Available,v2.2.1
2026-07-18,azure_reservations,a100-sxm-40gb,A100,40GB,SXM,IB-HDR,1Y,NonInterruptible,Reserved,EU,EU,HIF,T2IF,T1,3.0597,False,,Available,v2.2.1
2026-07-18,azure_reservations,a100-sxm-40gb,A100,40GB,SXM,IB-HDR,1Y,NonInterruptible,Reserved,US-South,US,HIF,T2IF,T1,2.8238,False,,Available,v2.2.1
2026-07-18,azure_reservations,a100-sxm-40gb,A100,40GB,SXM,IB-HDR,1Y,NonInterruptible,Reserved,US-West,US,HIF,T2IF,T1,2.3535,False,,Available,v2.2.1
2026-07-18,azure_reservations,a100-sxm-40gb,A100,40GB,SXM,IB-HDR,1Y,NonInterruptible,Reserved,US-East,US,HIF,T2IF,T1,2.3535,False,,Available,v2.2.1
2026-07-18,azure_reservations,a100-sxm-40gb,A100,40GB,SXM,IB-HDR,1Y,NonInterruptible,Reserved,Other,Other,HIF,T2IF,T1,3.0597,False,,Available,v2.2.1
2026-07-18,azure_reservations,a100-sxm-40gb,A100,40GB,SXM,IB-HDR,3Y,NonInterruptible,Reserved,Other,Other,HIF,T2IF,T1,1.7679,False,,Available,v2.2.1
2026-07-18,azure_reservations,a100-sxm-40gb,A100,40GB,SXM,IB-HDR,3Y,NonInterruptible,Reserved,US-East,US,HIF,T2IF,T1,1.3598,False,,Available,v2.2.1
2026-07-18,azure_reservations,a100-sxm-40gb,A100,40GB,SXM,IB-HDR,3Y,NonInterruptible,Reserved,US-South,US,HIF,T2IF,T1,1.6315,False,,Available,v2.2.1
2026-07-18,azure_reservations,a100-sxm-40gb,A100,40GB,SXM,IB-HDR,3Y,NonInterruptible,Reserved,EU,EU,HIF,T2IF,T1,1.7678,False,,Available,v2.2.1
2026-07-18,azure_reservations,a100-sxm-40gb,A100,40GB,SXM,IB-HDR,3Y,NonInterruptible,Reserved,US-West,US,HIF,T2IF,T1,1.3598,False,,Available,v2.2.1
2026-07-18,datacrunch,a100-sxm-40gb,A100,40GB,SXM,IB-HDR,OnDemand,NonInterruptible,OnDemand,EU,EU,SIF,T2IF,T2,1.2900,True,local-nvme,Available,v2.2.1
2026-07-18,datacrunch,a100-sxm-40gb,A100,40GB,SXM,IB-HDR,1M,NonInterruptible,Reserved,EU,EU,SIF,T2IF,T2,1.2642,True,local-nvme,Available,v2.2.1
2026-07-18,datacrunch,a100-sxm-40gb,A100,40GB,SXM,IB-HDR,1Y,NonInterruptible,Reserved,EU,EU,SIF,T2IF,T2,1.1868,True,local-nvme,Available,v2.2.1
2026-07-18,datacrunch,a100-sxm-40gb,A100,40GB,SXM,IB-HDR,2Y,NonInterruptible,Reserved,EU,EU,SIF,T2IF,T2,0.9675,True,local-nvme,Available,v2.2.1
2026-07-18,datacrunch,a100-sxm-40gb,A100,40GB,SXM,IB-HDR,3M,NonInterruptible,Reserved,EU,EU,SIF,T2IF,T2,1.2513,True,local-nvme,Available,v2.2.1
2026-07-18,datacrunch,a100-sxm-40gb,A100,40GB,SXM,IB-HDR,6M,NonInterruptible,Reserved,EU,EU,SIF,T2IF,T2,1.2384,True,local-nvme,Available,v2.2.1
2026-07-18,datacrunch,a100-sxm-40gb,A100,40GB,SXM,IB-HDR,OnDemand,Interruptible,Spot,EU,EU,DIF,T2IF,T2,0.4515,True,local-nvme,Available,v2.2.1
2026-07-18,e2e,a100-sxm-40gb,A100,40GB,SXM,Unknown,OnDemand,NonInterruptible,OnDemand,APAC,APAC,IIF,T3IF,T2,1.9800,True,managed-ops-plane,Available,v2.2.1
2026-07-18,e2e,a100-sxm-40gb,A100,40GB,SXM,Unknown,1M,NonInterruptible,Reserved,APAC,APAC,IIF,T3IF,T2,1.2542,True,managed-ops-plane,Available,v2.2.1
2026-07-18,e2e,a100-sxm-40gb,A100,40GB,SXM,Unknown,1Y,NonInterruptible,Reserved,APAC,APAC,IIF,T3IF,T2,1.1098,True,managed-ops-plane,Available,v2.2.1
2026-07-18,e2e,a100-sxm-40gb,A100,40GB,SXM,Unknown,3M,NonInterruptible,Reserved,APAC,APAC,IIF,T3IF,T2,1.2231,True,managed-ops-plane,Available,v2.2.1
2026-07-18,e2e,a100-sxm-40gb,A100,40GB,SXM,Unknown,6M,NonInterruptible,Reserved,APAC,APAC,IIF,T3IF,T2,1.1765,True,managed-ops-plane,Available,v2.2.1
2026-07-18,gcp,a100-sxm-40gb,A100,40GB,SXM,Ethernet,OnDemand,NonInterruptible,OnDemand,US-Central,US,HIF,T3IF,T1,3.4837,True,local-nvme,Available,v2.2.1
2026-07-18,gcp,a100-sxm-40gb,A100,40GB,SXM,Ethernet,OnDemand,NonInterruptible,OnDemand,US-East,US,HIF,T3IF,T1,3.4837,True,local-nvme,Available,v2.2.1
2026-07-18,gcp,a100-sxm-40gb,A100,40GB,SXM,Ethernet,OnDemand,NonInterruptible,OnDemand,US-South,US,HIF,T3IF,T1,4.1108,True,local-nvme,Available,v2.2.1
2026-07-18,gcp,a100-sxm-40gb,A100,40GB,SXM,Ethernet,OnDemand,NonInterruptible,OnDemand,US-West,US,HIF,T3IF,T1,3.4837,True,local-nvme,Available,v2.2.1
2026-07-18,gcp,a100-sxm-40gb,A100,40GB,SXM,Ethernet,1Y,NonInterruptible,Reserved,US-East,US,HIF,T3IF,T1,2.3982,True,local-nvme,Available,v2.2.1
2026-07-18,gcp,a100-sxm-40gb,A100,40GB,SXM,Ethernet,1Y,NonInterruptible,Reserved,US-Central,US,HIF,T3IF,T1,2.3982,True,local-nvme,Available,v2.2.1
2026-07-18,gcp,a100-sxm-40gb,A100,40GB,SXM,Ethernet,1Y,NonInterruptible,Reserved,US-West,US,HIF,T3IF,T1,2.8448,True,local-nvme,Available,v2.2.1
2026-07-18,gcp,a100-sxm-40gb,A100,40GB,SXM,Ethernet,1Y,NonInterruptible,Reserved,US-South,US,HIF,T3IF,T1,2.8298,True,local-nvme,Available,v2.2.1
2026-07-18,gcp,a100-sxm-40gb,A100,40GB,SXM,Ethernet,3Y,NonInterruptible,Reserved,US-East,US,HIF,T3IF,T1,1.7102,True,local-nvme,Available,v2.2.1
2026-07-18,gcp,a100-sxm-40gb,A100,40GB,SXM,Ethernet,3Y,NonInterruptible,Reserved,US-Central,US,HIF,T3IF,T1,1.5767,True,local-nvme,Available,v2.2.1
2026-07-18,gcp,a100-sxm-40gb,A100,40GB,SXM,Ethernet,3Y,NonInterruptible,Reserved,US-South,US,HIF,T3IF,T1,1.8605,True,local-nvme,Available,v2.2.1
2026-07-18,gcp,a100-sxm-40gb,A100,40GB,SXM,Ethernet,3Y,NonInterruptible,Reserved,US-West,US,HIF,T3IF,T1,1.8156,True,local-nvme,Available,v2.2.1
2026-07-18,gcp,a100-sxm-40gb,A100,40GB,SXM,Ethernet,OnDemand,Interruptible,Spot,US-South,US,DIF,T3IF,T1,0.4296,True,local-nvme,Available,v2.2.1
2026-07-18,gcp,a100-sxm-40gb,A100,40GB,SXM,Ethernet,OnDemand,Interruptible,Spot,US-Central,US,DIF,T3IF,T1,1.8285,True,local-nvme,Available,v2.2.1
2026-07-18,gcp,a100-sxm-40gb,A100,40GB,SXM,Ethernet,OnDemand,Interruptible,Spot,US-East,US,DIF,T3IF,T1,1.8285,True,local-nvme,Available,v2.2.1
2026-07-18,gcp,a100-sxm-40gb,A100,40GB,SXM,Ethernet,OnDemand,Interruptible,Spot,US-West,US,DIF,T3IF,T1,0.3688,True,local-nvme,Available,v2.2.1
2026-07-18,gcp_cud,a100-sxm-40gb,A100,40GB,SXM,Ethernet,1Y,NonInterruptible,Reserved,US-East,US,HIF,T2IF,T1,1.8484,False,,Available,v2.2.1
2026-07-18,gcp_cud,a100-sxm-40gb,A100,40GB,SXM,Ethernet,1Y,NonInterruptible,Reserved,US-West,US,HIF,T2IF,T1,2.1844,False,,Available,v2.2.1
2026-07-18,gcp_cud,a100-sxm-40gb,A100,40GB,SXM,Ethernet,1Y,NonInterruptible,Reserved,US-South,US,HIF,T2IF,T1,2.1811,False,,Available,v2.2.1
2026-07-18,gcp_cud,a100-sxm-40gb,A100,40GB,SXM,Ethernet,1Y,NonInterruptible,Reserved,US-Central,US,HIF,T2IF,T1,1.8484,False,,Available,v2.2.1
2026-07-18,gcp_cud,a100-sxm-40gb,A100,40GB,SXM,Ethernet,3Y,NonInterruptible,Reserved,US-South,US,HIF,T2IF,T1,1.2117,False,,Available,v2.2.1
2026-07-18,gcp_cud,a100-sxm-40gb,A100,40GB,SXM,Ethernet,3Y,NonInterruptible,Reserved,US-East,US,HIF,T2IF,T1,1.0911,False,,Available,v2.2.1
2026-07-18,gcp_cud,a100-sxm-40gb,A100,40GB,SXM,Ethernet,3Y,NonInterruptible,Reserved,US-West,US,HIF,T2IF,T1,1.1552,False,,Available,v2.2.1
2026-07-18,gcp_cud,a100-sxm-40gb,A100,40GB,SXM,Ethernet,3Y,NonInterruptible,Reserved,US-Central,US,HIF,T2IF,T1,1.0269,False,,Available,v2.2.1
2026-07-18,jarvislabs,a100-sxm-40gb,A100,40GB,SXM,Unknown,OnDemand,NonInterruptible,OnDemand,APAC,APAC,IIF,T3IF,T2,0.8900,False,,Available,v2.2.1
2026-07-18,oci,a100-sxm-40gb,A100,40GB,SXM,RoCE-v2,OnDemand,NonInterruptible,OnDemand,US-East,US,HIF,T2IF,T1,3.0500,True,local-nvme;egress-capped;managed-ops-plane;support-tier;observability,Available,v2.2.1
2026-07-18,sesterce,a100-sxm-40gb,A100,40GB,SXM,Unknown,OnDemand,NonInterruptible,OnDemand,Other,Other,IIF,T2IF,T2,1.4960,False,,Available,v2.2.1
2026-07-19,aws,a100-sxm-40gb,A100,40GB,SXM,EFA,OnDemand,NonInterruptible,OnDemand,US-East,US,HIF,T2IF,T1,2.7447,True,local-nvme;managed-ops-plane;support-tier;observability,Available,v2.2.1
2026-07-19,aws,a100-sxm-40gb,A100,40GB,SXM,EFA,1Y,NonInterruptible,Reserved,US-East,US,HIF,T2IF,T1,1.7401,True,local-nvme;managed-ops-plane;support-tier;observability,Available,v2.2.1
2026-07-19,aws,a100-sxm-40gb,A100,40GB,SXM,EFA,3Y,NonInterruptible,Reserved,US-East,US,HIF,T2IF,T1,1.1718,True,local-nvme;managed-ops-plane;support-tier;observability,Available,v2.2.1
2026-07-19,aws,a100-sxm-40gb,A100,40GB,SXM,EFA,OnDemand,Interruptible,Spot,US-East,US,DIF,T2IF,T1,1.0459,False,,Available,v2.2.1
2026-07-19,aws,a100-sxm-40gb,A100,40GB,SXM,EFA,OnDemand,Interruptible,Spot,US-West,US,DIF,T2IF,T1,2.1009,False,,Available,v2.2.1
2026-07-19,azure_reservations,a100-sxm-40gb,A100,40GB,SXM,IB-HDR,OnDemand,NonInterruptible,OnDemand,US-West,US,HIF,T2IF,T1,3.3996,False,,Available,v2.2.1
2026-07-19,azure_reservations,a100-sxm-40gb,A100,40GB,SXM,IB-HDR,OnDemand,NonInterruptible,OnDemand,US-South,US,HIF,T2IF,T1,4.0788,False,,Available,v2.2.1
2026-07-19,azure_reservations,a100-sxm-40gb,A100,40GB,SXM,IB-HDR,OnDemand,NonInterruptible,OnDemand,US-East,US,HIF,T2IF,T1,3.3996,False,,Available,v2.2.1
2026-07-19,azure_reservations,a100-sxm-40gb,A100,40GB,SXM,IB-HDR,1Y,NonInterruptible,Reserved,US-East,US,HIF,T2IF,T1,2.3535,False,,Available,v2.2.1
2026-07-19,azure_reservations,a100-sxm-40gb,A100,40GB,SXM,IB-HDR,1Y,NonInterruptible,Reserved,EU,EU,HIF,T2IF,T1,3.0597,False,,Available,v2.2.1
2026-07-19,azure_reservations,a100-sxm-40gb,A100,40GB,SXM,IB-HDR,1Y,NonInterruptible,Reserved,US-West,US,HIF,T2IF,T1,2.3535,False,,Available,v2.2.1
2026-07-19,azure_reservations,a100-sxm-40gb,A100,40GB,SXM,IB-HDR,1Y,NonInterruptible,Reserved,Other,Other,HIF,T2IF,T1,3.0597,False,,Available,v2.2.1
2026-07-19,azure_reservations,a100-sxm-40gb,A100,40GB,SXM,IB-HDR,1Y,NonInterruptible,Reserved,US-South,US,HIF,T2IF,T1,2.8238,False,,Available,v2.2.1
2026-07-19,azure_reservations,a100-sxm-40gb,A100,40GB,SXM,IB-HDR,3Y,NonInterruptible,Reserved,Other,Other,HIF,T2IF,T1,1.7679,False,,Available,v2.2.1
2026-07-19,azure_reservations,a100-sxm-40gb,A100,40GB,SXM,IB-HDR,3Y,NonInterruptible,Reserved,US-West,US,HIF,T2IF,T1,1.3598,False,,Available,v2.2.1
2026-07-19,azure_reservations,a100-sxm-40gb,A100,40GB,SXM,IB-HDR,3Y,NonInterruptible,Reserved,EU,EU,HIF,T2IF,T1,1.7678,False,,Available,v2.2.1
2026-07-19,azure_reservations,a100-sxm-40gb,A100,40GB,SXM,IB-HDR,3Y,NonInterruptible,Reserved,US-South,US,HIF,T2IF,T1,1.6315,False,,Available,v2.2.1
2026-07-19,azure_reservations,a100-sxm-40gb,A100,40GB,SXM,IB-HDR,3Y,NonInterruptible,Reserved,US-East,US,HIF,T2IF,T1,1.3598,False,,Available,v2.2.1
2026-07-19,datacrunch,a100-sxm-40gb,A100,40GB,SXM,IB-HDR,OnDemand,NonInterruptible,OnDemand,EU,EU,SIF,T2IF,T2,1.2900,True,local-nvme,Available,v2.2.1
2026-07-19,datacrunch,a100-sxm-40gb,A100,40GB,SXM,IB-HDR,1M,NonInterruptible,Reserved,EU,EU,SIF,T2IF,T2,1.2642,True,local-nvme,Available,v2.2.1
2026-07-19,datacrunch,a100-sxm-40gb,A100,40GB,SXM,IB-HDR,1Y,NonInterruptible,Reserved,EU,EU,SIF,T2IF,T2,1.1868,True,local-nvme,Available,v2.2.1
2026-07-19,datacrunch,a100-sxm-40gb,A100,40GB,SXM,IB-HDR,2Y,NonInterruptible,Reserved,EU,EU,SIF,T2IF,T2,0.9675,True,local-nvme,Available,v2.2.1
2026-07-19,datacrunch,a100-sxm-40gb,A100,40GB,SXM,IB-HDR,3M,NonInterruptible,Reserved,EU,EU,SIF,T2IF,T2,1.2513,True,local-nvme,Available,v2.2.1
2026-07-19,datacrunch,a100-sxm-40gb,A100,40GB,SXM,IB-HDR,6M,NonInterruptible,Reserved,EU,EU,SIF,T2IF,T2,1.2384,True,local-nvme,Available,v2.2.1
2026-07-19,datacrunch,a100-sxm-40gb,A100,40GB,SXM,IB-HDR,OnDemand,Interruptible,Spot,EU,EU,DIF,T2IF,T2,0.4515,True,local-nvme,Available,v2.2.1
2026-07-19,e2e,a100-sxm-40gb,A100,40GB,SXM,Unknown,OnDemand,NonInterruptible,OnDemand,APAC,APAC,IIF,T3IF,T2,1.9800,True,managed-ops-plane,Available,v2.2.1
2026-07-19,e2e,a100-sxm-40gb,A100,40GB,SXM,Unknown,1M,NonInterruptible,Reserved,APAC,APAC,IIF,T3IF,T2,1.2542,True,managed-ops-plane,Available,v2.2.1
2026-07-19,e2e,a100-sxm-40gb,A100,40GB,SXM,Unknown,1Y,NonInterruptible,Reserved,APAC,APAC,IIF,T3IF,T2,1.1098,True,managed-ops-plane,Available,v2.2.1
2026-07-19,e2e,a100-sxm-40gb,A100,40GB,SXM,Unknown,3M,NonInterruptible,Reserved,APAC,APAC,IIF,T3IF,T2,1.2231,True,managed-ops-plane,Available,v2.2.1
2026-07-19,e2e,a100-sxm-40gb,A100,40GB,SXM,Unknown,6M,NonInterruptible,Reserved,APAC,APAC,IIF,T3IF,T2,1.1765,True,managed-ops-plane,Available,v2.2.1
2026-07-19,gcp,a100-sxm-40gb,A100,40GB,SXM,Ethernet,OnDemand,NonInterruptible,OnDemand,US-Central,US,HIF,T3IF,T1,3.4837,True,local-nvme,Available,v2.2.1
2026-07-19,gcp,a100-sxm-40gb,A100,40GB,SXM,Ethernet,OnDemand,NonInterruptible,OnDemand,US-West,US,HIF,T3IF,T1,3.4837,True,local-nvme,Available,v2.2.1
2026-07-19,gcp,a100-sxm-40gb,A100,40GB,SXM,Ethernet,OnDemand,NonInterruptible,OnDemand,US-East,US,HIF,T3IF,T1,3.4837,True,local-nvme,Available,v2.2.1
2026-07-19,gcp,a100-sxm-40gb,A100,40GB,SXM,Ethernet,OnDemand,NonInterruptible,OnDemand,US-South,US,HIF,T3IF,T1,4.1108,True,local-nvme,Available,v2.2.1
2026-07-19,gcp,a100-sxm-40gb,A100,40GB,SXM,Ethernet,1Y,NonInterruptible,Reserved,US-South,US,HIF,T3IF,T1,2.8298,True,local-nvme,Available,v2.2.1
2026-07-19,gcp,a100-sxm-40gb,A100,40GB,SXM,Ethernet,1Y,NonInterruptible,Reserved,US-West,US,HIF,T3IF,T1,2.8448,True,local-nvme,Available,v2.2.1
2026-07-19,gcp,a100-sxm-40gb,A100,40GB,SXM,Ethernet,1Y,NonInterruptible,Reserved,US-East,US,HIF,T3IF,T1,2.3982,True,local-nvme,Available,v2.2.1
2026-07-19,gcp,a100-sxm-40gb,A100,40GB,SXM,Ethernet,1Y,NonInterruptible,Reserved,US-Central,US,HIF,T3IF,T1,2.3982,True,local-nvme,Available,v2.2.1
2026-07-19,gcp,a100-sxm-40gb,A100,40GB,SXM,Ethernet,3Y,NonInterruptible,Reserved,US-Central,US,HIF,T3IF,T1,1.5767,True,local-nvme,Available,v2.2.1
2026-07-19,gcp,a100-sxm-40gb,A100,40GB,SXM,Ethernet,3Y,NonInterruptible,Reserved,US-South,US,HIF,T3IF,T1,1.8605,True,local-nvme,Available,v2.2.1
2026-07-19,gcp,a100-sxm-40gb,A100,40GB,SXM,Ethernet,3Y,NonInterruptible,Reserved,US-West,US,HIF,T3IF,T1,1.8156,True,local-nvme,Available,v2.2.1
2026-07-19,gcp,a100-sxm-40gb,A100,40GB,SXM,Ethernet,3Y,NonInterruptible,Reserved,US-East,US,HIF,T3IF,T1,1.7102,True,local-nvme,Available,v2.2.1
2026-07-19,gcp,a100-sxm-40gb,A100,40GB,SXM,Ethernet,OnDemand,Interruptible,Spot,US-Central,US,DIF,T3IF,T1,1.8285,True,local-nvme,Available,v2.2.1
2026-07-19,gcp,a100-sxm-40gb,A100,40GB,SXM,Ethernet,OnDemand,Interruptible,Spot,US-West,US,DIF,T3IF,T1,0.3688,True,local-nvme,Available,v2.2.1
2026-07-19,gcp,a100-sxm-40gb,A100,40GB,SXM,Ethernet,OnDemand,Interruptible,Spot,US-East,US,DIF,T3IF,T1,1.8285,True,local-nvme,Available,v2.2.1
2026-07-19,gcp,a100-sxm-40gb,A100,40GB,SXM,Ethernet,OnDemand,Interruptible,Spot,US-South,US,DIF,T3IF,T1,0.4296,True,local-nvme,Available,v2.2.1
2026-07-19,gcp_cud,a100-sxm-40gb,A100,40GB,SXM,Ethernet,1Y,NonInterruptible,Reserved,US-South,US,HIF,T2IF,T1,2.1811,False,,Available,v2.2.1
2026-07-19,gcp_cud,a100-sxm-40gb,A100,40GB,SXM,Ethernet,1Y,NonInterruptible,Reserved,US-Central,US,HIF,T2IF,T1,1.8484,False,,Available,v2.2.1
2026-07-19,gcp_cud,a100-sxm-40gb,A100,40GB,SXM,Ethernet,1Y,NonInterruptible,Reserved,US-West,US,HIF,T2IF,T1,2.1844,False,,Available,v2.2.1
2026-07-19,gcp_cud,a100-sxm-40gb,A100,40GB,SXM,Ethernet,1Y,NonInterruptible,Reserved,US-East,US,HIF,T2IF,T1,1.8484,False,,Available,v2.2.1
2026-07-19,gcp_cud,a100-sxm-40gb,A100,40GB,SXM,Ethernet,3Y,NonInterruptible,Reserved,US-Central,US,HIF,T2IF,T1,1.0269,False,,Available,v2.2.1
2026-07-19,gcp_cud,a100-sxm-40gb,A100,40GB,SXM,Ethernet,3Y,NonInterruptible,Reserved,US-West,US,HIF,T2IF,T1,1.1552,False,,Available,v2.2.1
2026-07-19,gcp_cud,a100-sxm-40gb,A100,40GB,SXM,Ethernet,3Y,NonInterruptible,Reserved,US-South,US,HIF,T2IF,T1,1.2117,False,,Available,v2.2.1
2026-07-19,gcp_cud,a100-sxm-40gb,A100,40GB,SXM,Ethernet,3Y,NonInterruptible,Reserved,US-East,US,HIF,T2IF,T1,1.0911,False,,Available,v2.2.1
2026-07-19,jarvislabs,a100-sxm-40gb,A100,40GB,SXM,Unknown,OnDemand,NonInterruptible,OnDemand,APAC,APAC,IIF,T3IF,T2,0.8900,False,,Available,v2.2.1
2026-07-19,oci,a100-sxm-40gb,A100,40GB,SXM,RoCE-v2,OnDemand,NonInterruptible,OnDemand,US-East,US,HIF,T2IF,T1,3.0500,True,local-nvme;egress-capped;managed-ops-plane;support-tier;observability,Available,v2.2.1
2026-07-19,sesterce,a100-sxm-40gb,A100,40GB,SXM,Unknown,OnDemand,NonInterruptible,OnDemand,Other,Other,IIF,T2IF,T2,1.4960,False,,Available,v2.2.1
2026-07-20,aws,a100-sxm-40gb,A100,40GB,SXM,EFA,OnDemand,NonInterruptible,OnDemand,US-East,US,HIF,T2IF,T1,2.7447,True,local-nvme;managed-ops-plane;support-tier;observability,Available,v2.2.1
2026-07-20,aws,a100-sxm-40gb,A100,40GB,SXM,EFA,1Y,NonInterruptible,Reserved,US-East,US,HIF,T2IF,T1,1.7401,True,local-nvme;managed-ops-plane;support-tier;observability,Available,v2.2.1
2026-07-20,aws,a100-sxm-40gb,A100,40GB,SXM,EFA,3Y,NonInterruptible,Reserved,US-East,US,HIF,T2IF,T1,1.1718,True,local-nvme;managed-ops-plane;support-tier;observability,Available,v2.2.1
2026-07-20,aws,a100-sxm-40gb,A100,40GB,SXM,EFA,OnDemand,Interruptible,Spot,US-East,US,DIF,T2IF,T1,1.0158,False,,Available,v2.2.1
2026-07-20,aws,a100-sxm-40gb,A100,40GB,SXM,EFA,OnDemand,Interruptible,Spot,US-West,US,DIF,T2IF,T1,2.1437,False,,Available,v2.2.1
2026-07-20,azure_reservations,a100-sxm-40gb,A100,40GB,SXM,IB-HDR,OnDemand,NonInterruptible,OnDemand,US-West,US,HIF,T2IF,T1,3.3996,False,,Available,v2.2.1
2026-07-20,azure_reservations,a100-sxm-40gb,A100,40GB,SXM,IB-HDR,OnDemand,NonInterruptible,OnDemand,US-East,US,HIF,T2IF,T1,3.3996,False,,Available,v2.2.1
2026-07-20,azure_reservations,a100-sxm-40gb,A100,40GB,SXM,IB-HDR,OnDemand,NonInterruptible,OnDemand,US-South,US,HIF,T2IF,T1,4.0788,False,,Available,v2.2.1
2026-07-20,azure_reservations,a100-sxm-40gb,A100,40GB,SXM,IB-HDR,1Y,NonInterruptible,Reserved,EU,EU,HIF,T2IF,T1,3.0597,False,,Available,v2.2.1
2026-07-20,azure_reservations,a100-sxm-40gb,A100,40GB,SXM,IB-HDR,1Y,NonInterruptible,Reserved,US-West,US,HIF,T2IF,T1,2.3535,False,,Available,v2.2.1
2026-07-20,azure_reservations,a100-sxm-40gb,A100,40GB,SXM,IB-HDR,1Y,NonInterruptible,Reserved,Other,Other,HIF,T2IF,T1,3.0597,False,,Available,v2.2.1
2026-07-20,azure_reservations,a100-sxm-40gb,A100,40GB,SXM,IB-HDR,1Y,NonInterruptible,Reserved,US-South,US,HIF,T2IF,T1,2.8238,False,,Available,v2.2.1
2026-07-20,azure_reservations,a100-sxm-40gb,A100,40GB,SXM,IB-HDR,1Y,NonInterruptible,Reserved,US-East,US,HIF,T2IF,T1,2.3535,False,,Available,v2.2.1
2026-07-20,azure_reservations,a100-sxm-40gb,A100,40GB,SXM,IB-HDR,3Y,NonInterruptible,Reserved,US-West,US,HIF,T2IF,T1,1.3598,False,,Available,v2.2.1
2026-07-20,azure_reservations,a100-sxm-40gb,A100,40GB,SXM,IB-HDR,3Y,NonInterruptible,Reserved,Other,Other,HIF,T2IF,T1,1.7679,False,,Available,v2.2.1
2026-07-20,azure_reservations,a100-sxm-40gb,A100,40GB,SXM,IB-HDR,3Y,NonInterruptible,Reserved,US-South,US,HIF,T2IF,T1,1.6315,False,,Available,v2.2.1
2026-07-20,azure_reservations,a100-sxm-40gb,A100,40GB,SXM,IB-HDR,3Y,NonInterruptible,Reserved,EU,EU,HIF,T2IF,T1,1.7678,False,,Available,v2.2.1
2026-07-20,azure_reservations,a100-sxm-40gb,A100,40GB,SXM,IB-HDR,3Y,NonInterruptible,Reserved,US-East,US,HIF,T2IF,T1,1.3598,False,,Available,v2.2.1
2026-07-20,datacrunch,a100-sxm-40gb,A100,40GB,SXM,IB-HDR,OnDemand,NonInterruptible,OnDemand,EU,EU,SIF,T2IF,T2,1.2900,True,local-nvme,Available,v2.2.1
2026-07-20,datacrunch,a100-sxm-40gb,A100,40GB,SXM,IB-HDR,1M,NonInterruptible,Reserved,EU,EU,SIF,T2IF,T2,1.2642,True,local-nvme,Available,v2.2.1
2026-07-20,datacrunch,a100-sxm-40gb,A100,40GB,SXM,IB-HDR,1Y,NonInterruptible,Reserved,EU,EU,SIF,T2IF,T2,1.1868,True,local-nvme,Available,v2.2.1
2026-07-20,datacrunch,a100-sxm-40gb,A100,40GB,SXM,IB-HDR,2Y,NonInterruptible,Reserved,EU,EU,SIF,T2IF,T2,0.9675,True,local-nvme,Available,v2.2.1
2026-07-20,datacrunch,a100-sxm-40gb,A100,40GB,SXM,IB-HDR,3M,NonInterruptible,Reserved,EU,EU,SIF,T2IF,T2,1.2513,True,local-nvme,Available,v2.2.1
2026-07-20,datacrunch,a100-sxm-40gb,A100,40GB,SXM,IB-HDR,6M,NonInterruptible,Reserved,EU,EU,SIF,T2IF,T2,1.2384,True,local-nvme,Available,v2.2.1
2026-07-20,datacrunch,a100-sxm-40gb,A100,40GB,SXM,IB-HDR,OnDemand,Interruptible,Spot,EU,EU,DIF,T2IF,T2,0.4515,True,local-nvme,Available,v2.2.1
2026-07-20,e2e,a100-sxm-40gb,A100,40GB,SXM,Unknown,OnDemand,NonInterruptible,OnDemand,APAC,APAC,IIF,T3IF,T2,1.9800,True,managed-ops-plane,Available,v2.2.1
2026-07-20,e2e,a100-sxm-40gb,A100,40GB,SXM,Unknown,1M,NonInterruptible,Reserved,APAC,APAC,IIF,T3IF,T2,1.2542,True,managed-ops-plane,Available,v2.2.1
2026-07-20,e2e,a100-sxm-40gb,A100,40GB,SXM,Unknown,1Y,NonInterruptible,Reserved,APAC,APAC,IIF,T3IF,T2,1.1098,True,managed-ops-plane,Available,v2.2.1
2026-07-20,e2e,a100-sxm-40gb,A100,40GB,SXM,Unknown,3M,NonInterruptible,Reserved,APAC,APAC,IIF,T3IF,T2,1.2231,True,managed-ops-plane,Available,v2.2.1
2026-07-20,e2e,a100-sxm-40gb,A100,40GB,SXM,Unknown,6M,NonInterruptible,Reserved,APAC,APAC,IIF,T3IF,T2,1.1765,True,managed-ops-plane,Available,v2.2.1
2026-07-20,gcp,a100-sxm-40gb,A100,40GB,SXM,Ethernet,OnDemand,NonInterruptible,OnDemand,US-Central,US,HIF,T3IF,T1,3.4837,True,local-nvme,Available,v2.2.1
2026-07-20,gcp,a100-sxm-40gb,A100,40GB,SXM,Ethernet,OnDemand,NonInterruptible,OnDemand,US-West,US,HIF,T3IF,T1,3.4837,True,local-nvme,Available,v2.2.1
2026-07-20,gcp,a100-sxm-40gb,A100,40GB,SXM,Ethernet,OnDemand,NonInterruptible,OnDemand,US-South,US,HIF,T3IF,T1,4.1108,True,local-nvme,Available,v2.2.1
2026-07-20,gcp,a100-sxm-40gb,A100,40GB,SXM,Ethernet,OnDemand,NonInterruptible,OnDemand,US-East,US,HIF,T3IF,T1,3.4837,True,local-nvme,Available,v2.2.1
2026-07-20,gcp,a100-sxm-40gb,A100,40GB,SXM,Ethernet,1Y,NonInterruptible,Reserved,US-South,US,HIF,T3IF,T1,2.8298,True,local-nvme,Available,v2.2.1
2026-07-20,gcp,a100-sxm-40gb,A100,40GB,SXM,Ethernet,1Y,NonInterruptible,Reserved,US-East,US,HIF,T3IF,T1,2.3982,True,local-nvme,Available,v2.2.1
2026-07-20,gcp,a100-sxm-40gb,A100,40GB,SXM,Ethernet,1Y,NonInterruptible,Reserved,US-Central,US,HIF,T3IF,T1,2.3982,True,local-nvme,Available,v2.2.1
2026-07-20,gcp,a100-sxm-40gb,A100,40GB,SXM,Ethernet,1Y,NonInterruptible,Reserved,US-West,US,HIF,T3IF,T1,2.8448,True,local-nvme,Available,v2.2.1
2026-07-20,gcp,a100-sxm-40gb,A100,40GB,SXM,Ethernet,3Y,NonInterruptible,Reserved,US-West,US,HIF,T3IF,T1,1.8156,True,local-nvme,Available,v2.2.1
2026-07-20,gcp,a100-sxm-40gb,A100,40GB,SXM,Ethernet,3Y,NonInterruptible,Reserved,US-Central,US,HIF,T3IF,T1,1.5767,True,local-nvme,Available,v2.2.1
2026-07-20,gcp,a100-sxm-40gb,A100,40GB,SXM,Ethernet,3Y,NonInterruptible,Reserved,US-East,US,HIF,T3IF,T1,1.7102,True,local-nvme,Available,v2.2.1
2026-07-20,gcp,a100-sxm-40gb,A100,40GB,SXM,Ethernet,3Y,NonInterruptible,Reserved,US-South,US,HIF,T3IF,T1,1.8605,True,local-nvme,Available,v2.2.1
2026-07-20,gcp,a100-sxm-40gb,A100,40GB,SXM,Ethernet,OnDemand,Interruptible,Spot,US-West,US,DIF,T3IF,T1,0.3688,True,local-nvme,Available,v2.2.1
2026-07-20,gcp,a100-sxm-40gb,A100,40GB,SXM,Ethernet,OnDemand,Interruptible,Spot,US-East,US,DIF,T3IF,T1,1.8285,True,local-nvme,Available,v2.2.1
2026-07-20,gcp,a100-sxm-40gb,A100,40GB,SXM,Ethernet,OnDemand,Interruptible,Spot,US-South,US,DIF,T3IF,T1,0.4296,True,local-nvme,Available,v2.2.1
2026-07-20,gcp,a100-sxm-40gb,A100,40GB,SXM,Ethernet,OnDemand,Interruptible,Spot,US-Central,US,DIF,T3IF,T1,1.8285,True,local-nvme,Available,v2.2.1
2026-07-20,gcp_cud,a100-sxm-40gb,A100,40GB,SXM,Ethernet,1Y,NonInterruptible,Reserved,US-Central,US,HIF,T2IF,T1,1.8484,False,,Available,v2.2.1
2026-07-20,gcp_cud,a100-sxm-40gb,A100,40GB,SXM,Ethernet,1Y,NonInterruptible,Reserved,US-East,US,HIF,T2IF,T1,1.8484,False,,Available,v2.2.1
2026-07-20,gcp_cud,a100-sxm-40gb,A100,40GB,SXM,Ethernet,1Y,NonInterruptible,Reserved,US-South,US,HIF,T2IF,T1,2.1811,False,,Available,v2.2.1
2026-07-20,gcp_cud,a100-sxm-40gb,A100,40GB,SXM,Ethernet,1Y,NonInterruptible,Reserved,US-West,US,HIF,T2IF,T1,2.1844,False,,Available,v2.2.1
2026-07-20,gcp_cud,a100-sxm-40gb,A100,40GB,SXM,Ethernet,3Y,NonInterruptible,Reserved,US-West,US,HIF,T2IF,T1,1.1552,False,,Available,v2.2.1
2026-07-20,gcp_cud,a100-sxm-40gb,A100,40GB,SXM,Ethernet,3Y,NonInterruptible,Reserved,US-South,US,HIF,T2IF,T1,1.2117,False,,Available,v2.2.1
2026-07-20,gcp_cud,a100-sxm-40gb,A100,40GB,SXM,Ethernet,3Y,NonInterruptible,Reserved,US-East,US,HIF,T2IF,T1,1.0911,False,,Available,v2.2.1
2026-07-20,gcp_cud,a100-sxm-40gb,A100,40GB,SXM,Ethernet,3Y,NonInterruptible,Reserved,US-Central,US,HIF,T2IF,T1,1.0269,False,,Available,v2.2.1
2026-07-20,jarvislabs,a100-sxm-40gb,A100,40GB,SXM,Unknown,OnDemand,NonInterruptible,OnDemand,APAC,APAC,IIF,T3IF,T2,0.8900,False,,Available,v2.2.1
2026-07-20,oci,a100-sxm-40gb,A100,40GB,SXM,RoCE-v2,OnDemand,NonInterruptible,OnDemand,US-East,US,HIF,T2IF,T1,3.0500,True,local-nvme;egress-capped;managed-ops-plane;support-tier;observability,Available,v2.2.1
2026-07-20,sesterce,a100-sxm-40gb,A100,40GB,SXM,Unknown,OnDemand,NonInterruptible,OnDemand,Other,Other,IIF,T2IF,T2,1.5400,False,,Available,v2.2.1
2026-07-21,aws,a100-sxm-40gb,A100,40GB,SXM,EFA,OnDemand,NonInterruptible,OnDemand,US-East,US,HIF,T2IF,T1,2.7447,True,local-nvme;managed-ops-plane;support-tier;observability,Available,v2.2.1
2026-07-21,aws,a100-sxm-40gb,A100,40GB,SXM,EFA,1Y,NonInterruptible,Reserved,US-East,US,HIF,T2IF,T1,1.7401,True,local-nvme;managed-ops-plane;support-tier;observability,Available,v2.2.1
2026-07-21,aws,a100-sxm-40gb,A100,40GB,SXM,EFA,3Y,NonInterruptible,Reserved,US-East,US,HIF,T2IF,T1,1.1718,True,local-nvme;managed-ops-plane;support-tier;observability,Available,v2.2.1
2026-07-21,aws,a100-sxm-40gb,A100,40GB,SXM,EFA,OnDemand,Interruptible,Spot,US-West,US,DIF,T2IF,T1,2.1830,False,,Available,v2.2.1
2026-07-21,aws,a100-sxm-40gb,A100,40GB,SXM,EFA,OnDemand,Interruptible,Spot,US-East,US,DIF,T2IF,T1,0.9924,False,,Available,v2.2.1
2026-07-21,azure_reservations,a100-sxm-40gb,A100,40GB,SXM,IB-HDR,OnDemand,NonInterruptible,OnDemand,US-West,US,HIF,T2IF,T1,3.3996,False,,Available,v2.2.1
2026-07-21,azure_reservations,a100-sxm-40gb,A100,40GB,SXM,IB-HDR,OnDemand,NonInterruptible,OnDemand,US-East,US,HIF,T2IF,T1,3.3996,False,,Available,v2.2.1
2026-07-21,azure_reservations,a100-sxm-40gb,A100,40GB,SXM,IB-HDR,OnDemand,NonInterruptible,OnDemand,US-South,US,HIF,T2IF,T1,4.0788,False,,Available,v2.2.1
2026-07-21,azure_reservations,a100-sxm-40gb,A100,40GB,SXM,IB-HDR,1Y,NonInterruptible,Reserved,EU,EU,HIF,T2IF,T1,3.0597,False,,Available,v2.2.1
2026-07-21,azure_reservations,a100-sxm-40gb,A100,40GB,SXM,IB-HDR,1Y,NonInterruptible,Reserved,US-West,US,HIF,T2IF,T1,2.3535,False,,Available,v2.2.1
2026-07-21,azure_reservations,a100-sxm-40gb,A100,40GB,SXM,IB-HDR,1Y,NonInterruptible,Reserved,US-South,US,HIF,T2IF,T1,2.8238,False,,Available,v2.2.1
2026-07-21,azure_reservations,a100-sxm-40gb,A100,40GB,SXM,IB-HDR,1Y,NonInterruptible,Reserved,Other,Other,HIF,T2IF,T1,3.0597,False,,Available,v2.2.1
2026-07-21,azure_reservations,a100-sxm-40gb,A100,40GB,SXM,IB-HDR,1Y,NonInterruptible,Reserved,US-East,US,HIF,T2IF,T1,2.3535,False,,Available,v2.2.1
2026-07-21,azure_reservations,a100-sxm-40gb,A100,40GB,SXM,IB-HDR,3Y,NonInterruptible,Reserved,EU,EU,HIF,T2IF,T1,1.7678,False,,Available,v2.2.1
2026-07-21,azure_reservations,a100-sxm-40gb,A100,40GB,SXM,IB-HDR,3Y,NonInterruptible,Reserved,US-West,US,HIF,T2IF,T1,1.3598,False,,Available,v2.2.1
2026-07-21,azure_reservations,a100-sxm-40gb,A100,40GB,SXM,IB-HDR,3Y,NonInterruptible,Reserved,US-East,US,HIF,T2IF,T1,1.3598,False,,Available,v2.2.1
2026-07-21,azure_reservations,a100-sxm-40gb,A100,40GB,SXM,IB-HDR,3Y,NonInterruptible,Reserved,Other,Other,HIF,T2IF,T1,1.7679,False,,Available,v2.2.1
2026-07-21,azure_reservations,a100-sxm-40gb,A100,40GB,SXM,IB-HDR,3Y,NonInterruptible,Reserved,US-South,US,HIF,T2IF,T1,1.6315,False,,Available,v2.2.1
2026-07-21,datacrunch,a100-sxm-40gb,A100,40GB,SXM,IB-HDR,OnDemand,NonInterruptible,OnDemand,EU,EU,SIF,T2IF,T2,1.2900,True,local-nvme,Available,v2.2.1
2026-07-21,datacrunch,a100-sxm-40gb,A100,40GB,SXM,IB-HDR,1M,NonInterruptible,Reserved,EU,EU,SIF,T2IF,T2,1.2642,True,local-nvme,Available,v2.2.1
2026-07-21,datacrunch,a100-sxm-40gb,A100,40GB,SXM,IB-HDR,1Y,NonInterruptible,Reserved,EU,EU,SIF,T2IF,T2,1.1868,True,local-nvme,Available,v2.2.1
2026-07-21,datacrunch,a100-sxm-40gb,A100,40GB,SXM,IB-HDR,2Y,NonInterruptible,Reserved,EU,EU,SIF,T2IF,T2,0.9675,True,local-nvme,Available,v2.2.1
2026-07-21,datacrunch,a100-sxm-40gb,A100,40GB,SXM,IB-HDR,3M,NonInterruptible,Reserved,EU,EU,SIF,T2IF,T2,1.2513,True,local-nvme,Available,v2.2.1
2026-07-21,datacrunch,a100-sxm-40gb,A100,40GB,SXM,IB-HDR,6M,NonInterruptible,Reserved,EU,EU,SIF,T2IF,T2,1.2384,True,local-nvme,Available,v2.2.1
2026-07-21,datacrunch,a100-sxm-40gb,A100,40GB,SXM,IB-HDR,OnDemand,Interruptible,Spot,EU,EU,DIF,T2IF,T2,0.4515,True,local-nvme,Available,v2.2.1
2026-07-21,e2e,a100-sxm-40gb,A100,40GB,SXM,Unknown,OnDemand,NonInterruptible,OnDemand,APAC,APAC,IIF,T3IF,T2,1.9800,True,managed-ops-plane,Available,v2.2.1
2026-07-21,e2e,a100-sxm-40gb,A100,40GB,SXM,Unknown,1M,NonInterruptible,Reserved,APAC,APAC,IIF,T3IF,T2,1.2542,True,managed-ops-plane,Available,v2.2.1
2026-07-21,e2e,a100-sxm-40gb,A100,40GB,SXM,Unknown,1Y,NonInterruptible,Reserved,APAC,APAC,IIF,T3IF,T2,1.1098,True,managed-ops-plane,Available,v2.2.1
2026-07-21,e2e,a100-sxm-40gb,A100,40GB,SXM,Unknown,3M,NonInterruptible,Reserved,APAC,APAC,IIF,T3IF,T2,1.2231,True,managed-ops-plane,Available,v2.2.1
2026-07-21,e2e,a100-sxm-40gb,A100,40GB,SXM,Unknown,6M,NonInterruptible,Reserved,APAC,APAC,IIF,T3IF,T2,1.1765,True,managed-ops-plane,Available,v2.2.1
2026-07-21,gcp,a100-sxm-40gb,A100,40GB,SXM,Ethernet,OnDemand,NonInterruptible,OnDemand,US-West,US,HIF,T3IF,T1,3.4837,True,local-nvme,Available,v2.2.1
2026-07-21,gcp,a100-sxm-40gb,A100,40GB,SXM,Ethernet,OnDemand,NonInterruptible,OnDemand,US-South,US,HIF,T3IF,T1,4.1108,True,local-nvme,Available,v2.2.1
2026-07-21,gcp,a100-sxm-40gb,A100,40GB,SXM,Ethernet,OnDemand,NonInterruptible,OnDemand,US-East,US,HIF,T3IF,T1,3.4837,True,local-nvme,Available,v2.2.1
2026-07-21,gcp,a100-sxm-40gb,A100,40GB,SXM,Ethernet,OnDemand,NonInterruptible,OnDemand,US-Central,US,HIF,T3IF,T1,3.4837,True,local-nvme,Available,v2.2.1
2026-07-21,gcp,a100-sxm-40gb,A100,40GB,SXM,Ethernet,1Y,NonInterruptible,Reserved,US-Central,US,HIF,T3IF,T1,2.3982,True,local-nvme,Available,v2.2.1
2026-07-21,gcp,a100-sxm-40gb,A100,40GB,SXM,Ethernet,1Y,NonInterruptible,Reserved,US-South,US,HIF,T3IF,T1,2.8298,True,local-nvme,Available,v2.2.1
2026-07-21,gcp,a100-sxm-40gb,A100,40GB,SXM,Ethernet,1Y,NonInterruptible,Reserved,US-East,US,HIF,T3IF,T1,2.3982,True,local-nvme,Available,v2.2.1
2026-07-21,gcp,a100-sxm-40gb,A100,40GB,SXM,Ethernet,1Y,NonInterruptible,Reserved,US-West,US,HIF,T3IF,T1,2.8448,True,local-nvme,Available,v2.2.1
2026-07-21,gcp,a100-sxm-40gb,A100,40GB,SXM,Ethernet,3Y,NonInterruptible,Reserved,US-West,US,HIF,T3IF,T1,1.8156,True,local-nvme,Available,v2.2.1
2026-07-21,gcp,a100-sxm-40gb,A100,40GB,SXM,Ethernet,3Y,NonInterruptible,Reserved,US-East,US,HIF,T3IF,T1,1.7102,True,local-nvme,Available,v2.2.1
2026-07-21,gcp,a100-sxm-40gb,A100,40GB,SXM,Ethernet,3Y,NonInterruptible,Reserved,US-South,US,HIF,T3IF,T1,1.8605,True,local-nvme,Available,v2.2.1
2026-07-21,gcp,a100-sxm-40gb,A100,40GB,SXM,Ethernet,3Y,NonInterruptible,Reserved,US-Central,US,HIF,T3IF,T1,1.5767,True,local-nvme,Available,v2.2.1
2026-07-21,gcp,a100-sxm-40gb,A100,40GB,SXM,Ethernet,OnDemand,Interruptible,Spot,US-Central,US,DIF,T3IF,T1,1.8285,True,local-nvme,Available,v2.2.1
2026-07-21,gcp,a100-sxm-40gb,A100,40GB,SXM,Ethernet,OnDemand,Interruptible,Spot,US-South,US,DIF,T3IF,T1,0.4078,True,local-nvme,Available,v2.2.1
2026-07-21,gcp,a100-sxm-40gb,A100,40GB,SXM,Ethernet,OnDemand,Interruptible,Spot,US-West,US,DIF,T3IF,T1,0.3688,True,local-nvme,Available,v2.2.1
2026-07-21,gcp,a100-sxm-40gb,A100,40GB,SXM,Ethernet,OnDemand,Interruptible,Spot,US-East,US,DIF,T3IF,T1,1.8285,True,local-nvme,Available,v2.2.1
2026-07-21,gcp_cud,a100-sxm-40gb,A100,40GB,SXM,Ethernet,1Y,NonInterruptible,Reserved,US-Central,US,HIF,T2IF,T1,1.8484,False,,Available,v2.2.1
2026-07-21,gcp_cud,a100-sxm-40gb,A100,40GB,SXM,Ethernet,1Y,NonInterruptible,Reserved,US-West,US,HIF,T2IF,T1,2.1844,False,,Available,v2.2.1
2026-07-21,gcp_cud,a100-sxm-40gb,A100,40GB,SXM,Ethernet,1Y,NonInterruptible,Reserved,US-South,US,HIF,T2IF,T1,2.1811,False,,Available,v2.2.1
2026-07-21,gcp_cud,a100-sxm-40gb,A100,40GB,SXM,Ethernet,1Y,NonInterruptible,Reserved,US-East,US,HIF,T2IF,T1,1.8484,False,,Available,v2.2.1
2026-07-21,gcp_cud,a100-sxm-40gb,A100,40GB,SXM,Ethernet,3Y,NonInterruptible,Reserved,US-West,US,HIF,T2IF,T1,1.1552,False,,Available,v2.2.1
2026-07-21,gcp_cud,a100-sxm-40gb,A100,40GB,SXM,Ethernet,3Y,NonInterruptible,Reserved,US-East,US,HIF,T2IF,T1,1.0911,False,,Available,v2.2.1
2026-07-21,gcp_cud,a100-sxm-40gb,A100,40GB,SXM,Ethernet,3Y,NonInterruptible,Reserved,US-Central,US,HIF,T2IF,T1,1.0269,False,,Available,v2.2.1
2026-07-21,gcp_cud,a100-sxm-40gb,A100,40GB,SXM,Ethernet,3Y,NonInterruptible,Reserved,US-South,US,HIF,T2IF,T1,1.2117,False,,Available,v2.2.1
2026-07-21,jarvislabs,a100-sxm-40gb,A100,40GB,SXM,Unknown,OnDemand,NonInterruptible,OnDemand,APAC,APAC,IIF,T3IF,T2,0.8900,False,,Available,v2.2.1
2026-07-21,oci,a100-sxm-40gb,A100,40GB,SXM,RoCE-v2,OnDemand,NonInterruptible,OnDemand,US-East,US,HIF,T2IF,T1,3.0500,True,local-nvme;egress-capped;managed-ops-plane;support-tier;observability,Available,v2.2.1
2026-07-22,aws,a100-sxm-40gb,A100,40GB,SXM,EFA,OnDemand,NonInterruptible,OnDemand,US-East,US,HIF,T2IF,T1,2.7447,True,local-nvme;managed-ops-plane;support-tier;observability,Available,v2.2.1
2026-07-22,aws,a100-sxm-40gb,A100,40GB,SXM,EFA,1Y,NonInterruptible,Reserved,US-East,US,HIF,T2IF,T1,1.7401,True,local-nvme;managed-ops-plane;support-tier;observability,Available,v2.2.1
2026-07-22,aws,a100-sxm-40gb,A100,40GB,SXM,EFA,3Y,NonInterruptible,Reserved,US-East,US,HIF,T2IF,T1,1.1718,True,local-nvme;managed-ops-plane;support-tier;observability,Available,v2.2.1
2026-07-22,aws,a100-sxm-40gb,A100,40GB,SXM,EFA,OnDemand,Interruptible,Spot,US-East,US,DIF,T2IF,T1,0.9399,False,,Available,v2.2.1
2026-07-22,aws,a100-sxm-40gb,A100,40GB,SXM,EFA,OnDemand,Interruptible,Spot,US-West,US,DIF,T2IF,T1,2.2377,False,,Available,v2.2.1
2026-07-22,azure_reservations,a100-sxm-40gb,A100,40GB,SXM,IB-HDR,OnDemand,NonInterruptible,OnDemand,US-East,US,HIF,T2IF,T1,3.3996,False,,Available,v2.2.1
2026-07-22,azure_reservations,a100-sxm-40gb,A100,40GB,SXM,IB-HDR,OnDemand,NonInterruptible,OnDemand,US-West,US,HIF,T2IF,T1,3.3996,False,,Available,v2.2.1
2026-07-22,azure_reservations,a100-sxm-40gb,A100,40GB,SXM,IB-HDR,OnDemand,NonInterruptible,OnDemand,US-South,US,HIF,T2IF,T1,4.0788,False,,Available,v2.2.1
2026-07-22,azure_reservations,a100-sxm-40gb,A100,40GB,SXM,IB-HDR,1Y,NonInterruptible,Reserved,Other,Other,HIF,T2IF,T1,3.0597,False,,Available,v2.2.1
2026-07-22,azure_reservations,a100-sxm-40gb,A100,40GB,SXM,IB-HDR,1Y,NonInterruptible,Reserved,US-East,US,HIF,T2IF,T1,2.3535,False,,Available,v2.2.1
2026-07-22,azure_reservations,a100-sxm-40gb,A100,40GB,SXM,IB-HDR,1Y,NonInterruptible,Reserved,US-West,US,HIF,T2IF,T1,2.3535,False,,Available,v2.2.1
2026-07-22,azure_reservations,a100-sxm-40gb,A100,40GB,SXM,IB-HDR,1Y,NonInterruptible,Reserved,US-South,US,HIF,T2IF,T1,2.8238,False,,Available,v2.2.1
2026-07-22,azure_reservations,a100-sxm-40gb,A100,40GB,SXM,IB-HDR,1Y,NonInterruptible,Reserved,EU,EU,HIF,T2IF,T1,3.0597,False,,Available,v2.2.1
2026-07-22,azure_reservations,a100-sxm-40gb,A100,40GB,SXM,IB-HDR,3Y,NonInterruptible,Reserved,EU,EU,HIF,T2IF,T1,1.7678,False,,Available,v2.2.1
2026-07-22,azure_reservations,a100-sxm-40gb,A100,40GB,SXM,IB-HDR,3Y,NonInterruptible,Reserved,Other,Other,HIF,T2IF,T1,1.7679,False,,Available,v2.2.1
2026-07-22,azure_reservations,a100-sxm-40gb,A100,40GB,SXM,IB-HDR,3Y,NonInterruptible,Reserved,US-South,US,HIF,T2IF,T1,1.6315,False,,Available,v2.2.1
2026-07-22,azure_reservations,a100-sxm-40gb,A100,40GB,SXM,IB-HDR,3Y,NonInterruptible,Reserved,US-East,US,HIF,T2IF,T1,1.3598,False,,Available,v2.2.1
2026-07-22,azure_reservations,a100-sxm-40gb,A100,40GB,SXM,IB-HDR,3Y,NonInterruptible,Reserved,US-West,US,HIF,T2IF,T1,1.3598,False,,Available,v2.2.1
2026-07-22,datacrunch,a100-sxm-40gb,A100,40GB,SXM,IB-HDR,OnDemand,NonInterruptible,OnDemand,EU,EU,SIF,T2IF,T2,1.2900,True,local-nvme,Available,v2.2.1
2026-07-22,datacrunch,a100-sxm-40gb,A100,40GB,SXM,IB-HDR,1M,NonInterruptible,Reserved,EU,EU,SIF,T2IF,T2,1.2642,True,local-nvme,Available,v2.2.1
2026-07-22,datacrunch,a100-sxm-40gb,A100,40GB,SXM,IB-HDR,1Y,NonInterruptible,Reserved,EU,EU,SIF,T2IF,T2,1.1868,True,local-nvme,Available,v2.2.1
2026-07-22,datacrunch,a100-sxm-40gb,A100,40GB,SXM,IB-HDR,2Y,NonInterruptible,Reserved,EU,EU,SIF,T2IF,T2,0.9675,True,local-nvme,Available,v2.2.1
2026-07-22,datacrunch,a100-sxm-40gb,A100,40GB,SXM,IB-HDR,3M,NonInterruptible,Reserved,EU,EU,SIF,T2IF,T2,1.2513,True,local-nvme,Available,v2.2.1
2026-07-22,datacrunch,a100-sxm-40gb,A100,40GB,SXM,IB-HDR,6M,NonInterruptible,Reserved,EU,EU,SIF,T2IF,T2,1.2384,True,local-nvme,Available,v2.2.1
2026-07-22,datacrunch,a100-sxm-40gb,A100,40GB,SXM,IB-HDR,OnDemand,Interruptible,Spot,EU,EU,DIF,T2IF,T2,0.4515,True,local-nvme,Available,v2.2.1
2026-07-22,e2e,a100-sxm-40gb,A100,40GB,SXM,Unknown,OnDemand,NonInterruptible,OnDemand,APAC,APAC,IIF,T3IF,T2,1.9800,True,managed-ops-plane,Available,v2.2.1
2026-07-22,e2e,a100-sxm-40gb,A100,40GB,SXM,Unknown,1M,NonInterruptible,Reserved,APAC,APAC,IIF,T3IF,T2,1.2542,True,managed-ops-plane,Available,v2.2.1
2026-07-22,e2e,a100-sxm-40gb,A100,40GB,SXM,Unknown,1Y,NonInterruptible,Reserved,APAC,APAC,IIF,T3IF,T2,1.1098,True,managed-ops-plane,Available,v2.2.1
2026-07-22,e2e,a100-sxm-40gb,A100,40GB,SXM,Unknown,3M,NonInterruptible,Reserved,APAC,APAC,IIF,T3IF,T2,1.2231,True,managed-ops-plane,Available,v2.2.1
2026-07-22,e2e,a100-sxm-40gb,A100,40GB,SXM,Unknown,6M,NonInterruptible,Reserved,APAC,APAC,IIF,T3IF,T2,1.1765,True,managed-ops-plane,Available,v2.2.1
2026-07-22,gcp,a100-sxm-40gb,A100,40GB,SXM,Ethernet,OnDemand,NonInterruptible,OnDemand,US-East,US,HIF,T3IF,T1,3.4837,True,local-nvme,Available,v2.2.1
2026-07-22,gcp,a100-sxm-40gb,A100,40GB,SXM,Ethernet,OnDemand,NonInterruptible,OnDemand,US-Central,US,HIF,T3IF,T1,3.4837,True,local-nvme,Available,v2.2.1
2026-07-22,gcp,a100-sxm-40gb,A100,40GB,SXM,Ethernet,OnDemand,NonInterruptible,OnDemand,US-South,US,HIF,T3IF,T1,4.1108,True,local-nvme,Available,v2.2.1
2026-07-22,gcp,a100-sxm-40gb,A100,40GB,SXM,Ethernet,OnDemand,NonInterruptible,OnDemand,US-West,US,HIF,T3IF,T1,3.4837,True,local-nvme,Available,v2.2.1
2026-07-22,gcp,a100-sxm-40gb,A100,40GB,SXM,Ethernet,1Y,NonInterruptible,Reserved,US-Central,US,HIF,T3IF,T1,2.3982,True,local-nvme,Available,v2.2.1
2026-07-22,gcp,a100-sxm-40gb,A100,40GB,SXM,Ethernet,1Y,NonInterruptible,Reserved,US-East,US,HIF,T3IF,T1,2.3982,True,local-nvme,Available,v2.2.1
2026-07-22,gcp,a100-sxm-40gb,A100,40GB,SXM,Ethernet,1Y,NonInterruptible,Reserved,US-South,US,HIF,T3IF,T1,2.8298,True,local-nvme,Available,v2.2.1
2026-07-22,gcp,a100-sxm-40gb,A100,40GB,SXM,Ethernet,1Y,NonInterruptible,Reserved,US-West,US,HIF,T3IF,T1,2.8448,True,local-nvme,Available,v2.2.1
2026-07-22,gcp,a100-sxm-40gb,A100,40GB,SXM,Ethernet,3Y,NonInterruptible,Reserved,US-West,US,HIF,T3IF,T1,1.8156,True,local-nvme,Available,v2.2.1
2026-07-22,gcp,a100-sxm-40gb,A100,40GB,SXM,Ethernet,3Y,NonInterruptible,Reserved,US-Central,US,HIF,T3IF,T1,1.5767,True,local-nvme,Available,v2.2.1
2026-07-22,gcp,a100-sxm-40gb,A100,40GB,SXM,Ethernet,3Y,NonInterruptible,Reserved,US-East,US,HIF,T3IF,T1,1.7102,True,local-nvme,Available,v2.2.1
2026-07-22,gcp,a100-sxm-40gb,A100,40GB,SXM,Ethernet,3Y,NonInterruptible,Reserved,US-South,US,HIF,T3IF,T1,1.8605,True,local-nvme,Available,v2.2.1
2026-07-22,gcp,a100-sxm-40gb,A100,40GB,SXM,Ethernet,OnDemand,Interruptible,Spot,US-West,US,DIF,T3IF,T1,0.3688,True,local-nvme,Available,v2.2.1
2026-07-22,gcp,a100-sxm-40gb,A100,40GB,SXM,Ethernet,OnDemand,Interruptible,Spot,US-South,US,DIF,T3IF,T1,0.4078,True,local-nvme,Available,v2.2.1
2026-07-22,gcp,a100-sxm-40gb,A100,40GB,SXM,Ethernet,OnDemand,Interruptible,Spot,US-Central,US,DIF,T3IF,T1,1.8285,True,local-nvme,Available,v2.2.1
2026-07-22,gcp,a100-sxm-40gb,A100,40GB,SXM,Ethernet,OnDemand,Interruptible,Spot,US-East,US,DIF,T3IF,T1,1.8285,True,local-nvme,Available,v2.2.1
2026-07-22,gcp_cud,a100-sxm-40gb,A100,40GB,SXM,Ethernet,1Y,NonInterruptible,Reserved,US-East,US,HIF,T2IF,T1,1.8484,False,,Available,v2.2.1
2026-07-22,gcp_cud,a100-sxm-40gb,A100,40GB,SXM,Ethernet,1Y,NonInterruptible,Reserved,US-West,US,HIF,T2IF,T1,2.1844,False,,Available,v2.2.1
2026-07-22,gcp_cud,a100-sxm-40gb,A100,40GB,SXM,Ethernet,1Y,NonInterruptible,Reserved,US-Central,US,HIF,T2IF,T1,1.8484,False,,Available,v2.2.1
2026-07-22,gcp_cud,a100-sxm-40gb,A100,40GB,SXM,Ethernet,1Y,NonInterruptible,Reserved,US-South,US,HIF,T2IF,T1,2.1811,False,,Available,v2.2.1
2026-07-22,gcp_cud,a100-sxm-40gb,A100,40GB,SXM,Ethernet,3Y,NonInterruptible,Reserved,US-South,US,HIF,T2IF,T1,1.2117,False,,Available,v2.2.1
2026-07-22,gcp_cud,a100-sxm-40gb,A100,40GB,SXM,Ethernet,3Y,NonInterruptible,Reserved,US-Central,US,HIF,T2IF,T1,1.0269,False,,Available,v2.2.1
2026-07-22,gcp_cud,a100-sxm-40gb,A100,40GB,SXM,Ethernet,3Y,NonInterruptible,Reserved,US-East,US,HIF,T2IF,T1,1.0911,False,,Available,v2.2.1
2026-07-22,gcp_cud,a100-sxm-40gb,A100,40GB,SXM,Ethernet,3Y,NonInterruptible,Reserved,US-West,US,HIF,T2IF,T1,1.1552,False,,Available,v2.2.1
2026-07-22,jarvislabs,a100-sxm-40gb,A100,40GB,SXM,Unknown,OnDemand,NonInterruptible,OnDemand,APAC,APAC,IIF,T3IF,T2,0.8900,False,,Available,v2.2.1
2026-07-22,oci,a100-sxm-40gb,A100,40GB,SXM,RoCE-v2,OnDemand,NonInterruptible,OnDemand,US-East,US,HIF,T2IF,T1,3.0500,True,local-nvme;egress-capped;managed-ops-plane;support-tier;observability,Available,v2.2.1
2026-07-23,aws,a100-sxm-40gb,A100,40GB,SXM,EFA,OnDemand,NonInterruptible,OnDemand,US-East,US,HIF,T2IF,T1,2.7447,True,local-nvme;managed-ops-plane;support-tier;observability,Available,v2.2.1
2026-07-23,aws,a100-sxm-40gb,A100,40GB,SXM,EFA,1Y,NonInterruptible,Reserved,US-East,US,HIF,T2IF,T1,1.7401,True,local-nvme;managed-ops-plane;support-tier;observability,Available,v2.2.1
2026-07-23,aws,a100-sxm-40gb,A100,40GB,SXM,EFA,3Y,NonInterruptible,Reserved,US-East,US,HIF,T2IF,T1,1.1718,True,local-nvme;managed-ops-plane;support-tier;observability,Available,v2.2.1
2026-07-23,aws,a100-sxm-40gb,A100,40GB,SXM,EFA,OnDemand,Interruptible,Spot,US-East,US,DIF,T2IF,T1,0.9104,False,,Available,v2.2.1
2026-07-23,aws,a100-sxm-40gb,A100,40GB,SXM,EFA,OnDemand,Interruptible,Spot,US-West,US,DIF,T2IF,T1,2.2613,False,,Available,v2.2.1
2026-07-23,azure_reservations,a100-sxm-40gb,A100,40GB,SXM,IB-HDR,OnDemand,NonInterruptible,OnDemand,US-East,US,HIF,T2IF,T1,3.3996,False,,Available,v2.2.1
2026-07-23,azure_reservations,a100-sxm-40gb,A100,40GB,SXM,IB-HDR,OnDemand,NonInterruptible,OnDemand,US-South,US,HIF,T2IF,T1,4.0788,False,,Available,v2.2.1
2026-07-23,azure_reservations,a100-sxm-40gb,A100,40GB,SXM,IB-HDR,OnDemand,NonInterruptible,OnDemand,US-West,US,HIF,T2IF,T1,3.3996,False,,Available,v2.2.1
2026-07-23,azure_reservations,a100-sxm-40gb,A100,40GB,SXM,IB-HDR,1Y,NonInterruptible,Reserved,US-West,US,HIF,T2IF,T1,2.3535,False,,Available,v2.2.1
2026-07-23,azure_reservations,a100-sxm-40gb,A100,40GB,SXM,IB-HDR,1Y,NonInterruptible,Reserved,US-East,US,HIF,T2IF,T1,2.3535,False,,Available,v2.2.1
2026-07-23,azure_reservations,a100-sxm-40gb,A100,40GB,SXM,IB-HDR,1Y,NonInterruptible,Reserved,US-South,US,HIF,T2IF,T1,2.8238,False,,Available,v2.2.1
2026-07-23,azure_reservations,a100-sxm-40gb,A100,40GB,SXM,IB-HDR,1Y,NonInterruptible,Reserved,EU,EU,HIF,T2IF,T1,3.0597,False,,Available,v2.2.1
2026-07-23,azure_reservations,a100-sxm-40gb,A100,40GB,SXM,IB-HDR,1Y,NonInterruptible,Reserved,Other,Other,HIF,T2IF,T1,3.0597,False,,Available,v2.2.1
2026-07-23,azure_reservations,a100-sxm-40gb,A100,40GB,SXM,IB-HDR,3Y,NonInterruptible,Reserved,US-South,US,HIF,T2IF,T1,1.6315,False,,Available,v2.2.1
2026-07-23,azure_reservations,a100-sxm-40gb,A100,40GB,SXM,IB-HDR,3Y,NonInterruptible,Reserved,US-West,US,HIF,T2IF,T1,1.3598,False,,Available,v2.2.1
2026-07-23,azure_reservations,a100-sxm-40gb,A100,40GB,SXM,IB-HDR,3Y,NonInterruptible,Reserved,US-East,US,HIF,T2IF,T1,1.3598,False,,Available,v2.2.1
2026-07-23,azure_reservations,a100-sxm-40gb,A100,40GB,SXM,IB-HDR,3Y,NonInterruptible,Reserved,Other,Other,HIF,T2IF,T1,1.7679,False,,Available,v2.2.1
2026-07-23,azure_reservations,a100-sxm-40gb,A100,40GB,SXM,IB-HDR,3Y,NonInterruptible,Reserved,EU,EU,HIF,T2IF,T1,1.7678,False,,Available,v2.2.1
2026-07-23,datacrunch,a100-sxm-40gb,A100,40GB,SXM,IB-HDR,OnDemand,NonInterruptible,OnDemand,EU,EU,SIF,T2IF,T2,1.2900,True,local-nvme,Available,v2.2.1
2026-07-23,datacrunch,a100-sxm-40gb,A100,40GB,SXM,IB-HDR,1M,NonInterruptible,Reserved,EU,EU,SIF,T2IF,T2,1.2642,True,local-nvme,Available,v2.2.1
2026-07-23,datacrunch,a100-sxm-40gb,A100,40GB,SXM,IB-HDR,1Y,NonInterruptible,Reserved,EU,EU,SIF,T2IF,T2,1.1868,True,local-nvme,Available,v2.2.1
2026-07-23,datacrunch,a100-sxm-40gb,A100,40GB,SXM,IB-HDR,2Y,NonInterruptible,Reserved,EU,EU,SIF,T2IF,T2,0.9675,True,local-nvme,Available,v2.2.1
2026-07-23,datacrunch,a100-sxm-40gb,A100,40GB,SXM,IB-HDR,3M,NonInterruptible,Reserved,EU,EU,SIF,T2IF,T2,1.2513,True,local-nvme,Available,v2.2.1
2026-07-23,datacrunch,a100-sxm-40gb,A100,40GB,SXM,IB-HDR,6M,NonInterruptible,Reserved,EU,EU,SIF,T2IF,T2,1.2384,True,local-nvme,Available,v2.2.1
2026-07-23,datacrunch,a100-sxm-40gb,A100,40GB,SXM,IB-HDR,OnDemand,Interruptible,Spot,EU,EU,DIF,T2IF,T2,0.4515,True,local-nvme,Available,v2.2.1
2026-07-23,e2e,a100-sxm-40gb,A100,40GB,SXM,Unknown,OnDemand,NonInterruptible,OnDemand,APAC,APAC,IIF,T3IF,T2,1.9800,True,managed-ops-plane,Available,v2.2.1
2026-07-23,e2e,a100-sxm-40gb,A100,40GB,SXM,Unknown,1M,NonInterruptible,Reserved,APAC,APAC,IIF,T3IF,T2,1.2542,True,managed-ops-plane,Available,v2.2.1
2026-07-23,e2e,a100-sxm-40gb,A100,40GB,SXM,Unknown,1Y,NonInterruptible,Reserved,APAC,APAC,IIF,T3IF,T2,1.1098,True,managed-ops-plane,Available,v2.2.1
2026-07-23,e2e,a100-sxm-40gb,A100,40GB,SXM,Unknown,3M,NonInterruptible,Reserved,APAC,APAC,IIF,T3IF,T2,1.2231,True,managed-ops-plane,Available,v2.2.1
2026-07-23,e2e,a100-sxm-40gb,A100,40GB,SXM,Unknown,6M,NonInterruptible,Reserved,APAC,APAC,IIF,T3IF,T2,1.1765,True,managed-ops-plane,Available,v2.2.1
2026-07-23,gcp,a100-sxm-40gb,A100,40GB,SXM,Ethernet,OnDemand,NonInterruptible,OnDemand,US-West,US,HIF,T3IF,T1,3.4837,True,local-nvme,Available,v2.2.1
2026-07-23,gcp,a100-sxm-40gb,A100,40GB,SXM,Ethernet,OnDemand,NonInterruptible,OnDemand,US-East,US,HIF,T3IF,T1,3.4837,True,local-nvme,Available,v2.2.1
2026-07-23,gcp,a100-sxm-40gb,A100,40GB,SXM,Ethernet,OnDemand,NonInterruptible,OnDemand,US-Central,US,HIF,T3IF,T1,3.4837,True,local-nvme,Available,v2.2.1
2026-07-23,gcp,a100-sxm-40gb,A100,40GB,SXM,Ethernet,OnDemand,NonInterruptible,OnDemand,US-South,US,HIF,T3IF,T1,4.1108,True,local-nvme,Available,v2.2.1
2026-07-23,gcp,a100-sxm-40gb,A100,40GB,SXM,Ethernet,1Y,NonInterruptible,Reserved,US-West,US,HIF,T3IF,T1,2.8448,True,local-nvme,Available,v2.2.1
2026-07-23,gcp,a100-sxm-40gb,A100,40GB,SXM,Ethernet,1Y,NonInterruptible,Reserved,US-East,US,HIF,T3IF,T1,2.3982,True,local-nvme,Available,v2.2.1
2026-07-23,gcp,a100-sxm-40gb,A100,40GB,SXM,Ethernet,1Y,NonInterruptible,Reserved,US-South,US,HIF,T3IF,T1,2.8298,True,local-nvme,Available,v2.2.1
2026-07-23,gcp,a100-sxm-40gb,A100,40GB,SXM,Ethernet,1Y,NonInterruptible,Reserved,US-Central,US,HIF,T3IF,T1,2.3982,True,local-nvme,Available,v2.2.1
2026-07-23,gcp,a100-sxm-40gb,A100,40GB,SXM,Ethernet,3Y,NonInterruptible,Reserved,US-East,US,HIF,T3IF,T1,1.7102,True,local-nvme,Available,v2.2.1
2026-07-23,gcp,a100-sxm-40gb,A100,40GB,SXM,Ethernet,3Y,NonInterruptible,Reserved,US-South,US,HIF,T3IF,T1,1.8605,True,local-nvme,Available,v2.2.1
2026-07-23,gcp,a100-sxm-40gb,A100,40GB,SXM,Ethernet,3Y,NonInterruptible,Reserved,US-West,US,HIF,T3IF,T1,1.8156,True,local-nvme,Available,v2.2.1
2026-07-23,gcp,a100-sxm-40gb,A100,40GB,SXM,Ethernet,3Y,NonInterruptible,Reserved,US-Central,US,HIF,T3IF,T1,1.5767,True,local-nvme,Available,v2.2.1
2026-07-23,gcp,a100-sxm-40gb,A100,40GB,SXM,Ethernet,OnDemand,Interruptible,Spot,US-East,US,DIF,T3IF,T1,1.8285,True,local-nvme,Available,v2.2.1
2026-07-23,gcp,a100-sxm-40gb,A100,40GB,SXM,Ethernet,OnDemand,Interruptible,Spot,US-West,US,DIF,T3IF,T1,0.3688,True,local-nvme,Available,v2.2.1
2026-07-23,gcp,a100-sxm-40gb,A100,40GB,SXM,Ethernet,OnDemand,Interruptible,Spot,US-South,US,DIF,T3IF,T1,0.4078,True,local-nvme,Available,v2.2.1
2026-07-23,gcp,a100-sxm-40gb,A100,40GB,SXM,Ethernet,OnDemand,Interruptible,Spot,US-Central,US,DIF,T3IF,T1,1.8285,True,local-nvme,Available,v2.2.1
2026-07-23,gcp_cud,a100-sxm-40gb,A100,40GB,SXM,Ethernet,1Y,NonInterruptible,Reserved,US-Central,US,HIF,T2IF,T1,1.8484,False,,Available,v2.2.1
2026-07-23,gcp_cud,a100-sxm-40gb,A100,40GB,SXM,Ethernet,1Y,NonInterruptible,Reserved,US-East,US,HIF,T2IF,T1,1.8484,False,,Available,v2.2.1
2026-07-23,gcp_cud,a100-sxm-40gb,A100,40GB,SXM,Ethernet,1Y,NonInterruptible,Reserved,US-South,US,HIF,T2IF,T1,2.1811,False,,Available,v2.2.1
2026-07-23,gcp_cud,a100-sxm-40gb,A100,40GB,SXM,Ethernet,1Y,NonInterruptible,Reserved,US-West,US,HIF,T2IF,T1,2.1844,False,,Available,v2.2.1
2026-07-23,gcp_cud,a100-sxm-40gb,A100,40GB,SXM,Ethernet,3Y,NonInterruptible,Reserved,US-West,US,HIF,T2IF,T1,1.1552,False,,Available,v2.2.1
2026-07-23,gcp_cud,a100-sxm-40gb,A100,40GB,SXM,Ethernet,3Y,NonInterruptible,Reserved,US-South,US,HIF,T2IF,T1,1.2117,False,,Available,v2.2.1
2026-07-23,gcp_cud,a100-sxm-40gb,A100,40GB,SXM,Ethernet,3Y,NonInterruptible,Reserved,US-Central,US,HIF,T2IF,T1,1.0269,False,,Available,v2.2.1
2026-07-23,gcp_cud,a100-sxm-40gb,A100,40GB,SXM,Ethernet,3Y,NonInterruptible,Reserved,US-East,US,HIF,T2IF,T1,1.0911,False,,Available,v2.2.1
2026-07-23,jarvislabs,a100-sxm-40gb,A100,40GB,SXM,Unknown,OnDemand,NonInterruptible,OnDemand,APAC,APAC,IIF,T3IF,T2,0.8900,False,,Available,v2.2.1
2026-07-23,oci,a100-sxm-40gb,A100,40GB,SXM,RoCE-v2,OnDemand,NonInterruptible,OnDemand,US-East,US,HIF,T2IF,T1,3.0500,True,local-nvme;egress-capped;managed-ops-plane;support-tier;observability,Available,v2.2.1
2026-07-23,paperspace,a100-sxm-40gb,A100,40GB,SXM,,OnDemand,NonInterruptible,OnDemand,Other,Other,SIF,T2IF,T2,3.0900,False,,Available,v2.2.1
2026-07-24,aws,a100-sxm-40gb,A100,40GB,SXM,EFA,OnDemand,NonInterruptible,OnDemand,US-East,US,HIF,T2IF,T1,2.7447,True,local-nvme;managed-ops-plane;support-tier;observability,Available,v2.2.1
2026-07-24,aws,a100-sxm-40gb,A100,40GB,SXM,EFA,1Y,NonInterruptible,Reserved,US-East,US,HIF,T2IF,T1,1.7401,True,local-nvme;managed-ops-plane;support-tier;observability,Available,v2.2.1
2026-07-24,aws,a100-sxm-40gb,A100,40GB,SXM,EFA,3Y,NonInterruptible,Reserved,US-East,US,HIF,T2IF,T1,1.1718,True,local-nvme;managed-ops-plane;support-tier;observability,Available,v2.2.1
2026-07-24,aws,a100-sxm-40gb,A100,40GB,SXM,EFA,OnDemand,Interruptible,Spot,US-East,US,DIF,T2IF,T1,0.8823,False,,Available,v2.2.1
2026-07-24,aws,a100-sxm-40gb,A100,40GB,SXM,EFA,OnDemand,Interruptible,Spot,US-West,US,DIF,T2IF,T1,2.2694,False,,Available,v2.2.1
2026-07-24,azure_reservations,a100-sxm-40gb,A100,40GB,SXM,IB-HDR,OnDemand,NonInterruptible,OnDemand,US-East,US,HIF,T2IF,T1,3.3996,False,,Available,v2.2.1
2026-07-24,azure_reservations,a100-sxm-40gb,A100,40GB,SXM,IB-HDR,OnDemand,NonInterruptible,OnDemand,US-West,US,HIF,T2IF,T1,3.3996,False,,Available,v2.2.1
2026-07-24,azure_reservations,a100-sxm-40gb,A100,40GB,SXM,IB-HDR,OnDemand,NonInterruptible,OnDemand,US-South,US,HIF,T2IF,T1,4.0788,False,,Available,v2.2.1
2026-07-24,azure_reservations,a100-sxm-40gb,A100,40GB,SXM,IB-HDR,1Y,NonInterruptible,Reserved,US-South,US,HIF,T2IF,T1,2.8238,False,,Available,v2.2.1
2026-07-24,azure_reservations,a100-sxm-40gb,A100,40GB,SXM,IB-HDR,1Y,NonInterruptible,Reserved,EU,EU,HIF,T2IF,T1,3.0597,False,,Available,v2.2.1
2026-07-24,azure_reservations,a100-sxm-40gb,A100,40GB,SXM,IB-HDR,1Y,NonInterruptible,Reserved,US-East,US,HIF,T2IF,T1,2.3535,False,,Available,v2.2.1
2026-07-24,azure_reservations,a100-sxm-40gb,A100,40GB,SXM,IB-HDR,1Y,NonInterruptible,Reserved,Other,Other,HIF,T2IF,T1,3.0597,False,,Available,v2.2.1
2026-07-24,azure_reservations,a100-sxm-40gb,A100,40GB,SXM,IB-HDR,1Y,NonInterruptible,Reserved,US-West,US,HIF,T2IF,T1,2.3535,False,,Available,v2.2.1
2026-07-24,azure_reservations,a100-sxm-40gb,A100,40GB,SXM,IB-HDR,3Y,NonInterruptible,Reserved,US-East,US,HIF,T2IF,T1,1.3598,False,,Available,v2.2.1
2026-07-24,azure_reservations,a100-sxm-40gb,A100,40GB,SXM,IB-HDR,3Y,NonInterruptible,Reserved,EU,EU,HIF,T2IF,T1,1.7678,False,,Available,v2.2.1
2026-07-24,azure_reservations,a100-sxm-40gb,A100,40GB,SXM,IB-HDR,3Y,NonInterruptible,Reserved,US-South,US,HIF,T2IF,T1,1.6315,False,,Available,v2.2.1
2026-07-24,azure_reservations,a100-sxm-40gb,A100,40GB,SXM,IB-HDR,3Y,NonInterruptible,Reserved,US-West,US,HIF,T2IF,T1,1.3598,False,,Available,v2.2.1
2026-07-24,azure_reservations,a100-sxm-40gb,A100,40GB,SXM,IB-HDR,3Y,NonInterruptible,Reserved,Other,Other,HIF,T2IF,T1,1.7679,False,,Available,v2.2.1
2026-07-24,datacrunch,a100-sxm-40gb,A100,40GB,SXM,IB-HDR,OnDemand,NonInterruptible,OnDemand,EU,EU,SIF,T2IF,T2,1.2900,True,local-nvme,Available,v2.2.1
2026-07-24,datacrunch,a100-sxm-40gb,A100,40GB,SXM,IB-HDR,1M,NonInterruptible,Reserved,EU,EU,SIF,T2IF,T2,1.2642,True,local-nvme,Available,v2.2.1
2026-07-24,datacrunch,a100-sxm-40gb,A100,40GB,SXM,IB-HDR,1Y,NonInterruptible,Reserved,EU,EU,SIF,T2IF,T2,1.1868,True,local-nvme,Available,v2.2.1
2026-07-24,datacrunch,a100-sxm-40gb,A100,40GB,SXM,IB-HDR,2Y,NonInterruptible,Reserved,EU,EU,SIF,T2IF,T2,0.9675,True,local-nvme,Available,v2.2.1
2026-07-24,datacrunch,a100-sxm-40gb,A100,40GB,SXM,IB-HDR,3M,NonInterruptible,Reserved,EU,EU,SIF,T2IF,T2,1.2513,True,local-nvme,Available,v2.2.1
2026-07-24,datacrunch,a100-sxm-40gb,A100,40GB,SXM,IB-HDR,6M,NonInterruptible,Reserved,EU,EU,SIF,T2IF,T2,1.2384,True,local-nvme,Available,v2.2.1
2026-07-24,datacrunch,a100-sxm-40gb,A100,40GB,SXM,IB-HDR,OnDemand,Interruptible,Spot,EU,EU,DIF,T2IF,T2,0.4515,True,local-nvme,Available,v2.2.1
2026-07-24,e2e,a100-sxm-40gb,A100,40GB,SXM,Unknown,OnDemand,NonInterruptible,OnDemand,APAC,APAC,IIF,T3IF,T2,1.9800,True,managed-ops-plane,Available,v2.2.1
2026-07-24,e2e,a100-sxm-40gb,A100,40GB,SXM,Unknown,1M,NonInterruptible,Reserved,APAC,APAC,IIF,T3IF,T2,1.2542,True,managed-ops-plane,Available,v2.2.1
2026-07-24,e2e,a100-sxm-40gb,A100,40GB,SXM,Unknown,1Y,NonInterruptible,Reserved,APAC,APAC,IIF,T3IF,T2,1.1098,True,managed-ops-plane,Available,v2.2.1
2026-07-24,e2e,a100-sxm-40gb,A100,40GB,SXM,Unknown,3M,NonInterruptible,Reserved,APAC,APAC,IIF,T3IF,T2,1.2231,True,managed-ops-plane,Available,v2.2.1
2026-07-24,e2e,a100-sxm-40gb,A100,40GB,SXM,Unknown,6M,NonInterruptible,Reserved,APAC,APAC,IIF,T3IF,T2,1.1765,True,managed-ops-plane,Available,v2.2.1
2026-07-24,gcp,a100-sxm-40gb,A100,40GB,SXM,Ethernet,OnDemand,NonInterruptible,OnDemand,US-East,US,HIF,T3IF,T1,3.4837,True,local-nvme,Available,v2.2.1
2026-07-24,gcp,a100-sxm-40gb,A100,40GB,SXM,Ethernet,OnDemand,NonInterruptible,OnDemand,US-South,US,HIF,T3IF,T1,4.1108,True,local-nvme,Available,v2.2.1
2026-07-24,gcp,a100-sxm-40gb,A100,40GB,SXM,Ethernet,OnDemand,NonInterruptible,OnDemand,US-Central,US,HIF,T3IF,T1,3.4837,True,local-nvme,Available,v2.2.1
2026-07-24,gcp,a100-sxm-40gb,A100,40GB,SXM,Ethernet,OnDemand,NonInterruptible,OnDemand,US-West,US,HIF,T3IF,T1,3.4837,True,local-nvme,Available,v2.2.1
2026-07-24,gcp,a100-sxm-40gb,A100,40GB,SXM,Ethernet,1Y,NonInterruptible,Reserved,US-East,US,HIF,T3IF,T1,2.3982,True,local-nvme,Available,v2.2.1
2026-07-24,gcp,a100-sxm-40gb,A100,40GB,SXM,Ethernet,1Y,NonInterruptible,Reserved,US-Central,US,HIF,T3IF,T1,2.3982,True,local-nvme,Available,v2.2.1
2026-07-24,gcp,a100-sxm-40gb,A100,40GB,SXM,Ethernet,1Y,NonInterruptible,Reserved,US-South,US,HIF,T3IF,T1,2.8298,True,local-nvme,Available,v2.2.1
2026-07-24,gcp,a100-sxm-40gb,A100,40GB,SXM,Ethernet,1Y,NonInterruptible,Reserved,US-West,US,HIF,T3IF,T1,2.8448,True,local-nvme,Available,v2.2.1
2026-07-24,gcp,a100-sxm-40gb,A100,40GB,SXM,Ethernet,3Y,NonInterruptible,Reserved,US-East,US,HIF,T3IF,T1,1.7102,True,local-nvme,Available,v2.2.1
2026-07-24,gcp,a100-sxm-40gb,A100,40GB,SXM,Ethernet,3Y,NonInterruptible,Reserved,US-Central,US,HIF,T3IF,T1,1.5767,True,local-nvme,Available,v2.2.1
2026-07-24,gcp,a100-sxm-40gb,A100,40GB,SXM,Ethernet,3Y,NonInterruptible,Reserved,US-West,US,HIF,T3IF,T1,1.8156,True,local-nvme,Available,v2.2.1
2026-07-24,gcp,a100-sxm-40gb,A100,40GB,SXM,Ethernet,3Y,NonInterruptible,Reserved,US-South,US,HIF,T3IF,T1,1.8605,True,local-nvme,Available,v2.2.1
2026-07-24,gcp,a100-sxm-40gb,A100,40GB,SXM,Ethernet,OnDemand,Interruptible,Spot,US-West,US,DIF,T3IF,T1,0.3688,True,local-nvme,Available,v2.2.1
2026-07-24,gcp,a100-sxm-40gb,A100,40GB,SXM,Ethernet,OnDemand,Interruptible,Spot,US-Central,US,DIF,T3IF,T1,1.8285,True,local-nvme,Available,v2.2.1
2026-07-24,gcp,a100-sxm-40gb,A100,40GB,SXM,Ethernet,OnDemand,Interruptible,Spot,US-South,US,DIF,T3IF,T1,0.4078,True,local-nvme,Available,v2.2.1
2026-07-24,gcp,a100-sxm-40gb,A100,40GB,SXM,Ethernet,OnDemand,Interruptible,Spot,US-East,US,DIF,T3IF,T1,1.8285,True,local-nvme,Available,v2.2.1
2026-07-24,gcp_cud,a100-sxm-40gb,A100,40GB,SXM,Ethernet,1Y,NonInterruptible,Reserved,US-East,US,HIF,T2IF,T1,1.8484,False,,Available,v2.2.1
2026-07-24,gcp_cud,a100-sxm-40gb,A100,40GB,SXM,Ethernet,1Y,NonInterruptible,Reserved,US-South,US,HIF,T2IF,T1,2.1811,False,,Available,v2.2.1
2026-07-24,gcp_cud,a100-sxm-40gb,A100,40GB,SXM,Ethernet,1Y,NonInterruptible,Reserved,US-West,US,HIF,T2IF,T1,2.1844,False,,Available,v2.2.1
2026-07-24,gcp_cud,a100-sxm-40gb,A100,40GB,SXM,Ethernet,1Y,NonInterruptible,Reserved,US-Central,US,HIF,T2IF,T1,1.8484,False,,Available,v2.2.1
2026-07-24,gcp_cud,a100-sxm-40gb,A100,40GB,SXM,Ethernet,3Y,NonInterruptible,Reserved,US-East,US,HIF,T2IF,T1,1.0911,False,,Available,v2.2.1
2026-07-24,gcp_cud,a100-sxm-40gb,A100,40GB,SXM,Ethernet,3Y,NonInterruptible,Reserved,US-West,US,HIF,T2IF,T1,1.1552,False,,Available,v2.2.1
2026-07-24,gcp_cud,a100-sxm-40gb,A100,40GB,SXM,Ethernet,3Y,NonInterruptible,Reserved,US-South,US,HIF,T2IF,T1,1.2117,False,,Available,v2.2.1
2026-07-24,gcp_cud,a100-sxm-40gb,A100,40GB,SXM,Ethernet,3Y,NonInterruptible,Reserved,US-Central,US,HIF,T2IF,T1,1.0269,False,,Available,v2.2.1
2026-07-24,jarvislabs,a100-sxm-40gb,A100,40GB,SXM,Unknown,OnDemand,NonInterruptible,OnDemand,APAC,APAC,IIF,T3IF,T2,0.8900,False,,Available,v2.2.1
2026-07-24,oci,a100-sxm-40gb,A100,40GB,SXM,RoCE-v2,OnDemand,NonInterruptible,OnDemand,US-East,US,HIF,T2IF,T1,3.0500,True,local-nvme;egress-capped;managed-ops-plane;support-tier;observability,Available,v2.2.1
2026-07-24,paperspace,a100-sxm-40gb,A100,40GB,SXM,,OnDemand,NonInterruptible,OnDemand,Other,Other,SIF,T2IF,T2,3.0900,False,,Available,v2.2.1
2026-07-24,sesterce,a100-sxm-40gb,A100,40GB,SXM,Unknown,OnDemand,NonInterruptible,OnDemand,Other,Other,IIF,T2IF,T2,1.5400,False,,Available,v2.2.1
2026-07-25,aws,a100-sxm-40gb,A100,40GB,SXM,EFA,OnDemand,NonInterruptible,OnDemand,US-East,US,HIF,T2IF,T1,2.7447,True,local-nvme;managed-ops-plane;support-tier;observability,Available,v2.2.1
2026-07-25,aws,a100-sxm-40gb,A100,40GB,SXM,EFA,1Y,NonInterruptible,Reserved,US-East,US,HIF,T2IF,T1,1.7401,True,local-nvme;managed-ops-plane;support-tier;observability,Available,v2.2.1
2026-07-25,aws,a100-sxm-40gb,A100,40GB,SXM,EFA,3Y,NonInterruptible,Reserved,US-East,US,HIF,T2IF,T1,1.1718,True,local-nvme;managed-ops-plane;support-tier;observability,Available,v2.2.1
2026-07-25,aws,a100-sxm-40gb,A100,40GB,SXM,EFA,OnDemand,Interruptible,Spot,US-West,US,DIF,T2IF,T1,2.2858,False,,Available,v2.2.1
2026-07-25,aws,a100-sxm-40gb,A100,40GB,SXM,EFA,OnDemand,Interruptible,Spot,US-East,US,DIF,T2IF,T1,0.8397,False,,Available,v2.2.1
2026-07-25,azure_reservations,a100-sxm-40gb,A100,40GB,SXM,IB-HDR,OnDemand,NonInterruptible,OnDemand,US-East,US,HIF,T2IF,T1,3.3996,False,,Available,v2.2.1
2026-07-25,azure_reservations,a100-sxm-40gb,A100,40GB,SXM,IB-HDR,OnDemand,NonInterruptible,OnDemand,US-South,US,HIF,T2IF,T1,4.0788,False,,Available,v2.2.1
2026-07-25,azure_reservations,a100-sxm-40gb,A100,40GB,SXM,IB-HDR,OnDemand,NonInterruptible,OnDemand,US-West,US,HIF,T2IF,T1,3.3996,False,,Available,v2.2.1
2026-07-25,azure_reservations,a100-sxm-40gb,A100,40GB,SXM,IB-HDR,1Y,NonInterruptible,Reserved,US-East,US,HIF,T2IF,T1,2.3535,False,,Available,v2.2.1
2026-07-25,azure_reservations,a100-sxm-40gb,A100,40GB,SXM,IB-HDR,1Y,NonInterruptible,Reserved,US-South,US,HIF,T2IF,T1,2.8238,False,,Available,v2.2.1
2026-07-25,azure_reservations,a100-sxm-40gb,A100,40GB,SXM,IB-HDR,1Y,NonInterruptible,Reserved,EU,EU,HIF,T2IF,T1,3.0597,False,,Available,v2.2.1
2026-07-25,azure_reservations,a100-sxm-40gb,A100,40GB,SXM,IB-HDR,1Y,NonInterruptible,Reserved,Other,Other,HIF,T2IF,T1,3.0597,False,,Available,v2.2.1
2026-07-25,azure_reservations,a100-sxm-40gb,A100,40GB,SXM,IB-HDR,1Y,NonInterruptible,Reserved,US-West,US,HIF,T2IF,T1,2.3535,False,,Available,v2.2.1
2026-07-25,azure_reservations,a100-sxm-40gb,A100,40GB,SXM,IB-HDR,3Y,NonInterruptible,Reserved,EU,EU,HIF,T2IF,T1,1.7678,False,,Available,v2.2.1
2026-07-25,azure_reservations,a100-sxm-40gb,A100,40GB,SXM,IB-HDR,3Y,NonInterruptible,Reserved,Other,Other,HIF,T2IF,T1,1.7679,False,,Available,v2.2.1
2026-07-25,azure_reservations,a100-sxm-40gb,A100,40GB,SXM,IB-HDR,3Y,NonInterruptible,Reserved,US-West,US,HIF,T2IF,T1,1.3598,False,,Available,v2.2.1
2026-07-25,azure_reservations,a100-sxm-40gb,A100,40GB,SXM,IB-HDR,3Y,NonInterruptible,Reserved,US-East,US,HIF,T2IF,T1,1.3598,False,,Available,v2.2.1
2026-07-25,azure_reservations,a100-sxm-40gb,A100,40GB,SXM,IB-HDR,3Y,NonInterruptible,Reserved,US-South,US,HIF,T2IF,T1,1.6315,False,,Available,v2.2.1
2026-07-25,datacrunch,a100-sxm-40gb,A100,40GB,SXM,IB-HDR,OnDemand,NonInterruptible,OnDemand,EU,EU,SIF,T2IF,T2,1.2900,True,local-nvme,Available,v2.2.1
2026-07-25,datacrunch,a100-sxm-40gb,A100,40GB,SXM,IB-HDR,1M,NonInterruptible,Reserved,EU,EU,SIF,T2IF,T2,1.2642,True,local-nvme,Available,v2.2.1
2026-07-25,datacrunch,a100-sxm-40gb,A100,40GB,SXM,IB-HDR,1Y,NonInterruptible,Reserved,EU,EU,SIF,T2IF,T2,1.1868,True,local-nvme,Available,v2.2.1
2026-07-25,datacrunch,a100-sxm-40gb,A100,40GB,SXM,IB-HDR,2Y,NonInterruptible,Reserved,EU,EU,SIF,T2IF,T2,0.9675,True,local-nvme,Available,v2.2.1
2026-07-25,datacrunch,a100-sxm-40gb,A100,40GB,SXM,IB-HDR,3M,NonInterruptible,Reserved,EU,EU,SIF,T2IF,T2,1.2513,True,local-nvme,Available,v2.2.1
2026-07-25,datacrunch,a100-sxm-40gb,A100,40GB,SXM,IB-HDR,6M,NonInterruptible,Reserved,EU,EU,SIF,T2IF,T2,1.2384,True,local-nvme,Available,v2.2.1
2026-07-25,datacrunch,a100-sxm-40gb,A100,40GB,SXM,IB-HDR,OnDemand,Interruptible,Spot,EU,EU,DIF,T2IF,T2,0.4515,True,local-nvme,Available,v2.2.1
2026-07-25,e2e,a100-sxm-40gb,A100,40GB,SXM,Unknown,OnDemand,NonInterruptible,OnDemand,APAC,APAC,IIF,T3IF,T2,1.9800,True,managed-ops-plane,Available,v2.2.1
2026-07-25,e2e,a100-sxm-40gb,A100,40GB,SXM,Unknown,1M,NonInterruptible,Reserved,APAC,APAC,IIF,T3IF,T2,1.2542,True,managed-ops-plane,Available,v2.2.1
2026-07-25,e2e,a100-sxm-40gb,A100,40GB,SXM,Unknown,1Y,NonInterruptible,Reserved,APAC,APAC,IIF,T3IF,T2,1.1098,True,managed-ops-plane,Available,v2.2.1
2026-07-25,e2e,a100-sxm-40gb,A100,40GB,SXM,Unknown,3M,NonInterruptible,Reserved,APAC,APAC,IIF,T3IF,T2,1.2231,True,managed-ops-plane,Available,v2.2.1
2026-07-25,e2e,a100-sxm-40gb,A100,40GB,SXM,Unknown,6M,NonInterruptible,Reserved,APAC,APAC,IIF,T3IF,T2,1.1765,True,managed-ops-plane,Available,v2.2.1
2026-07-25,gcp,a100-sxm-40gb,A100,40GB,SXM,Ethernet,OnDemand,NonInterruptible,OnDemand,US-West,US,HIF,T3IF,T1,3.4837,True,local-nvme,Available,v2.2.1
2026-07-25,gcp,a100-sxm-40gb,A100,40GB,SXM,Ethernet,OnDemand,NonInterruptible,OnDemand,US-Central,US,HIF,T3IF,T1,3.4837,True,local-nvme,Available,v2.2.1
2026-07-25,gcp,a100-sxm-40gb,A100,40GB,SXM,Ethernet,OnDemand,NonInterruptible,OnDemand,US-East,US,HIF,T3IF,T1,3.4837,True,local-nvme,Available,v2.2.1
2026-07-25,gcp,a100-sxm-40gb,A100,40GB,SXM,Ethernet,OnDemand,NonInterruptible,OnDemand,US-South,US,HIF,T3IF,T1,4.1108,True,local-nvme,Available,v2.2.1
2026-07-25,gcp,a100-sxm-40gb,A100,40GB,SXM,Ethernet,1Y,NonInterruptible,Reserved,US-East,US,HIF,T3IF,T1,2.3982,True,local-nvme,Available,v2.2.1
2026-07-25,gcp,a100-sxm-40gb,A100,40GB,SXM,Ethernet,1Y,NonInterruptible,Reserved,US-West,US,HIF,T3IF,T1,2.8448,True,local-nvme,Available,v2.2.1
2026-07-25,gcp,a100-sxm-40gb,A100,40GB,SXM,Ethernet,1Y,NonInterruptible,Reserved,US-South,US,HIF,T3IF,T1,2.8298,True,local-nvme,Available,v2.2.1
2026-07-25,gcp,a100-sxm-40gb,A100,40GB,SXM,Ethernet,1Y,NonInterruptible,Reserved,US-Central,US,HIF,T3IF,T1,2.3982,True,local-nvme,Available,v2.2.1
2026-07-25,gcp,a100-sxm-40gb,A100,40GB,SXM,Ethernet,3Y,NonInterruptible,Reserved,US-South,US,HIF,T3IF,T1,1.8605,True,local-nvme,Available,v2.2.1
2026-07-25,gcp,a100-sxm-40gb,A100,40GB,SXM,Ethernet,3Y,NonInterruptible,Reserved,US-East,US,HIF,T3IF,T1,1.7102,True,local-nvme,Available,v2.2.1
2026-07-25,gcp,a100-sxm-40gb,A100,40GB,SXM,Ethernet,3Y,NonInterruptible,Reserved,US-West,US,HIF,T3IF,T1,1.8156,True,local-nvme,Available,v2.2.1
2026-07-25,gcp,a100-sxm-40gb,A100,40GB,SXM,Ethernet,3Y,NonInterruptible,Reserved,US-Central,US,HIF,T3IF,T1,1.5767,True,local-nvme,Available,v2.2.1
2026-07-25,gcp,a100-sxm-40gb,A100,40GB,SXM,Ethernet,OnDemand,Interruptible,Spot,US-East,US,DIF,T3IF,T1,1.8285,True,local-nvme,Available,v2.2.1
2026-07-25,gcp,a100-sxm-40gb,A100,40GB,SXM,Ethernet,OnDemand,Interruptible,Spot,US-West,US,DIF,T3IF,T1,0.3688,True,local-nvme,Available,v2.2.1
2026-07-25,gcp,a100-sxm-40gb,A100,40GB,SXM,Ethernet,OnDemand,Interruptible,Spot,US-South,US,DIF,T3IF,T1,0.4078,True,local-nvme,Available,v2.2.1
2026-07-25,gcp,a100-sxm-40gb,A100,40GB,SXM,Ethernet,OnDemand,Interruptible,Spot,US-Central,US,DIF,T3IF,T1,1.8285,True,local-nvme,Available,v2.2.1
2026-07-25,gcp_cud,a100-sxm-40gb,A100,40GB,SXM,Ethernet,1Y,NonInterruptible,Reserved,US-West,US,HIF,T2IF,T1,2.1844,False,,Available,v2.2.1
2026-07-25,gcp_cud,a100-sxm-40gb,A100,40GB,SXM,Ethernet,1Y,NonInterruptible,Reserved,US-South,US,HIF,T2IF,T1,2.1811,False,,Available,v2.2.1
2026-07-25,gcp_cud,a100-sxm-40gb,A100,40GB,SXM,Ethernet,1Y,NonInterruptible,Reserved,US-Central,US,HIF,T2IF,T1,1.8484,False,,Available,v2.2.1
2026-07-25,gcp_cud,a100-sxm-40gb,A100,40GB,SXM,Ethernet,1Y,NonInterruptible,Reserved,US-East,US,HIF,T2IF,T1,1.8484,False,,Available,v2.2.1
2026-07-25,gcp_cud,a100-sxm-40gb,A100,40GB,SXM,Ethernet,3Y,NonInterruptible,Reserved,US-Central,US,HIF,T2IF,T1,1.0269,False,,Available,v2.2.1
2026-07-25,gcp_cud,a100-sxm-40gb,A100,40GB,SXM,Ethernet,3Y,NonInterruptible,Reserved,US-West,US,HIF,T2IF,T1,1.1552,False,,Available,v2.2.1
2026-07-25,gcp_cud,a100-sxm-40gb,A100,40GB,SXM,Ethernet,3Y,NonInterruptible,Reserved,US-South,US,HIF,T2IF,T1,1.2117,False,,Available,v2.2.1
2026-07-25,gcp_cud,a100-sxm-40gb,A100,40GB,SXM,Ethernet,3Y,NonInterruptible,Reserved,US-East,US,HIF,T2IF,T1,1.0911,False,,Available,v2.2.1
2026-07-25,jarvislabs,a100-sxm-40gb,A100,40GB,SXM,Unknown,OnDemand,NonInterruptible,OnDemand,APAC,APAC,IIF,T3IF,T2,0.8900,False,,Available,v2.2.1
2026-07-25,oci,a100-sxm-40gb,A100,40GB,SXM,RoCE-v2,OnDemand,NonInterruptible,OnDemand,US-East,US,HIF,T2IF,T1,3.0500,True,local-nvme;egress-capped;managed-ops-plane;support-tier;observability,Available,v2.2.1
2026-07-25,paperspace,a100-sxm-40gb,A100,40GB,SXM,,OnDemand,NonInterruptible,OnDemand,Other,Other,SIF,T2IF,T2,3.0900,False,,Available,v2.2.1
2026-07-25,sesterce,a100-sxm-40gb,A100,40GB,SXM,Unknown,OnDemand,NonInterruptible,OnDemand,Other,Other,IIF,T2IF,T2,1.5400,False,,Available,v2.2.1
2026-07-26,aws,a100-sxm-40gb,A100,40GB,SXM,EFA,OnDemand,NonInterruptible,OnDemand,US-East,US,HIF,T2IF,T1,2.7447,True,local-nvme;managed-ops-plane;support-tier;observability,Available,v2.2.1
2026-07-26,aws,a100-sxm-40gb,A100,40GB,SXM,EFA,1Y,NonInterruptible,Reserved,US-East,US,HIF,T2IF,T1,1.7401,True,local-nvme;managed-ops-plane;support-tier;observability,Available,v2.2.1
2026-07-26,aws,a100-sxm-40gb,A100,40GB,SXM,EFA,3Y,NonInterruptible,Reserved,US-East,US,HIF,T2IF,T1,1.1718,True,local-nvme;managed-ops-plane;support-tier;observability,Available,v2.2.1
2026-07-26,aws,a100-sxm-40gb,A100,40GB,SXM,EFA,OnDemand,Interruptible,Spot,US-East,US,DIF,T2IF,T1,0.8065,False,,Available,v2.2.1
2026-07-26,aws,a100-sxm-40gb,A100,40GB,SXM,EFA,OnDemand,Interruptible,Spot,US-West,US,DIF,T2IF,T1,2.2927,False,,Available,v2.2.1
2026-07-26,azure_reservations,a100-sxm-40gb,A100,40GB,SXM,IB-HDR,OnDemand,NonInterruptible,OnDemand,US-South,US,HIF,T2IF,T1,4.0788,False,,Available,v2.2.1
2026-07-26,azure_reservations,a100-sxm-40gb,A100,40GB,SXM,IB-HDR,OnDemand,NonInterruptible,OnDemand,US-East,US,HIF,T2IF,T1,3.3996,False,,Available,v2.2.1
2026-07-26,azure_reservations,a100-sxm-40gb,A100,40GB,SXM,IB-HDR,OnDemand,NonInterruptible,OnDemand,US-West,US,HIF,T2IF,T1,3.3996,False,,Available,v2.2.1
2026-07-26,azure_reservations,a100-sxm-40gb,A100,40GB,SXM,IB-HDR,1Y,NonInterruptible,Reserved,US-South,US,HIF,T2IF,T1,2.8238,False,,Available,v2.2.1
2026-07-26,azure_reservations,a100-sxm-40gb,A100,40GB,SXM,IB-HDR,1Y,NonInterruptible,Reserved,US-West,US,HIF,T2IF,T1,2.3535,False,,Available,v2.2.1
2026-07-26,azure_reservations,a100-sxm-40gb,A100,40GB,SXM,IB-HDR,1Y,NonInterruptible,Reserved,US-East,US,HIF,T2IF,T1,2.3535,False,,Available,v2.2.1
2026-07-26,azure_reservations,a100-sxm-40gb,A100,40GB,SXM,IB-HDR,1Y,NonInterruptible,Reserved,Other,Other,HIF,T2IF,T1,3.0597,False,,Available,v2.2.1
2026-07-26,azure_reservations,a100-sxm-40gb,A100,40GB,SXM,IB-HDR,1Y,NonInterruptible,Reserved,EU,EU,HIF,T2IF,T1,3.0597,False,,Available,v2.2.1
2026-07-26,azure_reservations,a100-sxm-40gb,A100,40GB,SXM,IB-HDR,3Y,NonInterruptible,Reserved,US-South,US,HIF,T2IF,T1,1.6315,False,,Available,v2.2.1
2026-07-26,azure_reservations,a100-sxm-40gb,A100,40GB,SXM,IB-HDR,3Y,NonInterruptible,Reserved,Other,Other,HIF,T2IF,T1,1.7679,False,,Available,v2.2.1
2026-07-26,azure_reservations,a100-sxm-40gb,A100,40GB,SXM,IB-HDR,3Y,NonInterruptible,Reserved,EU,EU,HIF,T2IF,T1,1.7678,False,,Available,v2.2.1
2026-07-26,azure_reservations,a100-sxm-40gb,A100,40GB,SXM,IB-HDR,3Y,NonInterruptible,Reserved,US-West,US,HIF,T2IF,T1,1.3598,False,,Available,v2.2.1
2026-07-26,azure_reservations,a100-sxm-40gb,A100,40GB,SXM,IB-HDR,3Y,NonInterruptible,Reserved,US-East,US,HIF,T2IF,T1,1.3598,False,,Available,v2.2.1
2026-07-26,datacrunch,a100-sxm-40gb,A100,40GB,SXM,IB-HDR,OnDemand,NonInterruptible,OnDemand,EU,EU,SIF,T2IF,T2,1.2900,True,local-nvme,Available,v2.2.1
2026-07-26,datacrunch,a100-sxm-40gb,A100,40GB,SXM,IB-HDR,1M,NonInterruptible,Reserved,EU,EU,SIF,T2IF,T2,1.2642,True,local-nvme,Available,v2.2.1
2026-07-26,datacrunch,a100-sxm-40gb,A100,40GB,SXM,IB-HDR,1Y,NonInterruptible,Reserved,EU,EU,SIF,T2IF,T2,1.1868,True,local-nvme,Available,v2.2.1
2026-07-26,datacrunch,a100-sxm-40gb,A100,40GB,SXM,IB-HDR,2Y,NonInterruptible,Reserved,EU,EU,SIF,T2IF,T2,0.9675,True,local-nvme,Available,v2.2.1
2026-07-26,datacrunch,a100-sxm-40gb,A100,40GB,SXM,IB-HDR,3M,NonInterruptible,Reserved,EU,EU,SIF,T2IF,T2,1.2513,True,local-nvme,Available,v2.2.1
2026-07-26,datacrunch,a100-sxm-40gb,A100,40GB,SXM,IB-HDR,6M,NonInterruptible,Reserved,EU,EU,SIF,T2IF,T2,1.2384,True,local-nvme,Available,v2.2.1
2026-07-26,datacrunch,a100-sxm-40gb,A100,40GB,SXM,IB-HDR,OnDemand,Interruptible,Spot,EU,EU,DIF,T2IF,T2,0.4515,True,local-nvme,Available,v2.2.1
2026-07-26,e2e,a100-sxm-40gb,A100,40GB,SXM,Unknown,OnDemand,NonInterruptible,OnDemand,APAC,APAC,IIF,T3IF,T2,1.9800,True,managed-ops-plane,Available,v2.2.1
2026-07-26,e2e,a100-sxm-40gb,A100,40GB,SXM,Unknown,1M,NonInterruptible,Reserved,APAC,APAC,IIF,T3IF,T2,1.2542,True,managed-ops-plane,Available,v2.2.1
2026-07-26,e2e,a100-sxm-40gb,A100,40GB,SXM,Unknown,1Y,NonInterruptible,Reserved,APAC,APAC,IIF,T3IF,T2,1.1098,True,managed-ops-plane,Available,v2.2.1
2026-07-26,e2e,a100-sxm-40gb,A100,40GB,SXM,Unknown,3M,NonInterruptible,Reserved,APAC,APAC,IIF,T3IF,T2,1.2231,True,managed-ops-plane,Available,v2.2.1
2026-07-26,e2e,a100-sxm-40gb,A100,40GB,SXM,Unknown,6M,NonInterruptible,Reserved,APAC,APAC,IIF,T3IF,T2,1.1765,True,managed-ops-plane,Available,v2.2.1
2026-07-26,gcp,a100-sxm-40gb,A100,40GB,SXM,Ethernet,OnDemand,NonInterruptible,OnDemand,US-East,US,HIF,T3IF,T1,3.4837,True,local-nvme,Available,v2.2.1
2026-07-26,gcp,a100-sxm-40gb,A100,40GB,SXM,Ethernet,OnDemand,NonInterruptible,OnDemand,US-Central,US,HIF,T3IF,T1,3.4837,True,local-nvme,Available,v2.2.1
2026-07-26,gcp,a100-sxm-40gb,A100,40GB,SXM,Ethernet,OnDemand,NonInterruptible,OnDemand,US-South,US,HIF,T3IF,T1,4.1108,True,local-nvme,Available,v2.2.1
2026-07-26,gcp,a100-sxm-40gb,A100,40GB,SXM,Ethernet,OnDemand,NonInterruptible,OnDemand,US-West,US,HIF,T3IF,T1,3.4837,True,local-nvme,Available,v2.2.1
2026-07-26,gcp,a100-sxm-40gb,A100,40GB,SXM,Ethernet,1Y,NonInterruptible,Reserved,US-West,US,HIF,T3IF,T1,2.8448,True,local-nvme,Available,v2.2.1
2026-07-26,gcp,a100-sxm-40gb,A100,40GB,SXM,Ethernet,1Y,NonInterruptible,Reserved,US-Central,US,HIF,T3IF,T1,2.3982,True,local-nvme,Available,v2.2.1
2026-07-26,gcp,a100-sxm-40gb,A100,40GB,SXM,Ethernet,1Y,NonInterruptible,Reserved,US-East,US,HIF,T3IF,T1,2.3982,True,local-nvme,Available,v2.2.1
2026-07-26,gcp,a100-sxm-40gb,A100,40GB,SXM,Ethernet,1Y,NonInterruptible,Reserved,US-South,US,HIF,T3IF,T1,2.8298,True,local-nvme,Available,v2.2.1
2026-07-26,gcp,a100-sxm-40gb,A100,40GB,SXM,Ethernet,3Y,NonInterruptible,Reserved,US-Central,US,HIF,T3IF,T1,1.5767,True,local-nvme,Available,v2.2.1
2026-07-26,gcp,a100-sxm-40gb,A100,40GB,SXM,Ethernet,3Y,NonInterruptible,Reserved,US-South,US,HIF,T3IF,T1,1.8605,True,local-nvme,Available,v2.2.1
2026-07-26,gcp,a100-sxm-40gb,A100,40GB,SXM,Ethernet,3Y,NonInterruptible,Reserved,US-West,US,HIF,T3IF,T1,1.8156,True,local-nvme,Available,v2.2.1
2026-07-26,gcp,a100-sxm-40gb,A100,40GB,SXM,Ethernet,3Y,NonInterruptible,Reserved,US-East,US,HIF,T3IF,T1,1.7102,True,local-nvme,Available,v2.2.1
2026-07-26,gcp,a100-sxm-40gb,A100,40GB,SXM,Ethernet,OnDemand,Interruptible,Spot,US-Central,US,DIF,T3IF,T1,1.8285,True,local-nvme,Available,v2.2.1
2026-07-26,gcp,a100-sxm-40gb,A100,40GB,SXM,Ethernet,OnDemand,Interruptible,Spot,US-East,US,DIF,T3IF,T1,1.8285,True,local-nvme,Available,v2.2.1
2026-07-26,gcp,a100-sxm-40gb,A100,40GB,SXM,Ethernet,OnDemand,Interruptible,Spot,US-West,US,DIF,T3IF,T1,0.3688,True,local-nvme,Available,v2.2.1
2026-07-26,gcp,a100-sxm-40gb,A100,40GB,SXM,Ethernet,OnDemand,Interruptible,Spot,US-South,US,DIF,T3IF,T1,0.4078,True,local-nvme,Available,v2.2.1
2026-07-26,gcp_cud,a100-sxm-40gb,A100,40GB,SXM,Ethernet,1Y,NonInterruptible,Reserved,US-South,US,HIF,T2IF,T1,2.1811,False,,Available,v2.2.1
2026-07-26,gcp_cud,a100-sxm-40gb,A100,40GB,SXM,Ethernet,1Y,NonInterruptible,Reserved,US-Central,US,HIF,T2IF,T1,1.8484,False,,Available,v2.2.1
2026-07-26,gcp_cud,a100-sxm-40gb,A100,40GB,SXM,Ethernet,1Y,NonInterruptible,Reserved,US-East,US,HIF,T2IF,T1,1.8484,False,,Available,v2.2.1
2026-07-26,gcp_cud,a100-sxm-40gb,A100,40GB,SXM,Ethernet,1Y,NonInterruptible,Reserved,US-West,US,HIF,T2IF,T1,2.1844,False,,Available,v2.2.1
2026-07-26,gcp_cud,a100-sxm-40gb,A100,40GB,SXM,Ethernet,3Y,NonInterruptible,Reserved,US-East,US,HIF,T2IF,T1,1.0911,False,,Available,v2.2.1
2026-07-26,gcp_cud,a100-sxm-40gb,A100,40GB,SXM,Ethernet,3Y,NonInterruptible,Reserved,US-West,US,HIF,T2IF,T1,1.1552,False,,Available,v2.2.1
2026-07-26,gcp_cud,a100-sxm-40gb,A100,40GB,SXM,Ethernet,3Y,NonInterruptible,Reserved,US-South,US,HIF,T2IF,T1,1.2117,False,,Available,v2.2.1
2026-07-26,gcp_cud,a100-sxm-40gb,A100,40GB,SXM,Ethernet,3Y,NonInterruptible,Reserved,US-Central,US,HIF,T2IF,T1,1.0269,False,,Available,v2.2.1
2026-07-26,jarvislabs,a100-sxm-40gb,A100,40GB,SXM,Unknown,OnDemand,NonInterruptible,OnDemand,APAC,APAC,IIF,T3IF,T2,0.8900,False,,Available,v2.2.1
2026-07-26,oci,a100-sxm-40gb,A100,40GB,SXM,RoCE-v2,OnDemand,NonInterruptible,OnDemand,US-East,US,HIF,T2IF,T1,3.0500,True,local-nvme;egress-capped;managed-ops-plane;support-tier;observability,Available,v2.2.1
2026-07-26,paperspace,a100-sxm-40gb,A100,40GB,SXM,,OnDemand,NonInterruptible,OnDemand,Other,Other,SIF,T2IF,T2,3.0900,False,,Available,v2.2.1
2026-07-26,sesterce,a100-sxm-40gb,A100,40GB,SXM,Unknown,OnDemand,NonInterruptible,OnDemand,Other,Other,IIF,T2IF,T2,1.5400,False,,Available,v2.2.1
2026-07-27,aws,a100-sxm-40gb,A100,40GB,SXM,EFA,OnDemand,NonInterruptible,OnDemand,US-East,US,HIF,T2IF,T1,2.7447,True,local-nvme;managed-ops-plane;support-tier;observability,Available,v2.2.1
2026-07-27,aws,a100-sxm-40gb,A100,40GB,SXM,EFA,1Y,NonInterruptible,Reserved,US-East,US,HIF,T2IF,T1,1.7401,True,local-nvme;managed-ops-plane;support-tier;observability,Available,v2.2.1
2026-07-27,aws,a100-sxm-40gb,A100,40GB,SXM,EFA,3Y,NonInterruptible,Reserved,US-East,US,HIF,T2IF,T1,1.1718,True,local-nvme;managed-ops-plane;support-tier;observability,Available,v2.2.1
2026-07-27,aws,a100-sxm-40gb,A100,40GB,SXM,EFA,OnDemand,Interruptible,Spot,US-West,US,DIF,T2IF,T1,2.3057,False,,Available,v2.2.1
2026-07-27,aws,a100-sxm-40gb,A100,40GB,SXM,EFA,OnDemand,Interruptible,Spot,US-East,US,DIF,T2IF,T1,0.8149,False,,Available,v2.2.1
2026-07-27,azure_reservations,a100-sxm-40gb,A100,40GB,SXM,IB-HDR,OnDemand,NonInterruptible,OnDemand,US-South,US,HIF,T2IF,T1,4.0788,False,,Available,v2.2.1
2026-07-27,azure_reservations,a100-sxm-40gb,A100,40GB,SXM,IB-HDR,OnDemand,NonInterruptible,OnDemand,US-East,US,HIF,T2IF,T1,3.3996,False,,Available,v2.2.1
2026-07-27,azure_reservations,a100-sxm-40gb,A100,40GB,SXM,IB-HDR,OnDemand,NonInterruptible,OnDemand,US-West,US,HIF,T2IF,T1,3.3996,False,,Available,v2.2.1
2026-07-27,azure_reservations,a100-sxm-40gb,A100,40GB,SXM,IB-HDR,1Y,NonInterruptible,Reserved,US-East,US,HIF,T2IF,T1,2.3535,False,,Available,v2.2.1
2026-07-27,azure_reservations,a100-sxm-40gb,A100,40GB,SXM,IB-HDR,1Y,NonInterruptible,Reserved,Other,Other,HIF,T2IF,T1,3.0597,False,,Available,v2.2.1
2026-07-27,azure_reservations,a100-sxm-40gb,A100,40GB,SXM,IB-HDR,1Y,NonInterruptible,Reserved,US-West,US,HIF,T2IF,T1,2.3535,False,,Available,v2.2.1
2026-07-27,azure_reservations,a100-sxm-40gb,A100,40GB,SXM,IB-HDR,1Y,NonInterruptible,Reserved,EU,EU,HIF,T2IF,T1,3.0597,False,,Available,v2.2.1
2026-07-27,azure_reservations,a100-sxm-40gb,A100,40GB,SXM,IB-HDR,1Y,NonInterruptible,Reserved,US-South,US,HIF,T2IF,T1,2.8238,False,,Available,v2.2.1
2026-07-27,azure_reservations,a100-sxm-40gb,A100,40GB,SXM,IB-HDR,3Y,NonInterruptible,Reserved,EU,EU,HIF,T2IF,T1,1.7678,False,,Available,v2.2.1
2026-07-27,azure_reservations,a100-sxm-40gb,A100,40GB,SXM,IB-HDR,3Y,NonInterruptible,Reserved,Other,Other,HIF,T2IF,T1,1.7679,False,,Available,v2.2.1
2026-07-27,azure_reservations,a100-sxm-40gb,A100,40GB,SXM,IB-HDR,3Y,NonInterruptible,Reserved,US-South,US,HIF,T2IF,T1,1.6315,False,,Available,v2.2.1
2026-07-27,azure_reservations,a100-sxm-40gb,A100,40GB,SXM,IB-HDR,3Y,NonInterruptible,Reserved,US-East,US,HIF,T2IF,T1,1.3598,False,,Available,v2.2.1
2026-07-27,azure_reservations,a100-sxm-40gb,A100,40GB,SXM,IB-HDR,3Y,NonInterruptible,Reserved,US-West,US,HIF,T2IF,T1,1.3598,False,,Available,v2.2.1
2026-07-27,datacrunch,a100-sxm-40gb,A100,40GB,SXM,IB-HDR,OnDemand,NonInterruptible,OnDemand,EU,EU,SIF,T2IF,T2,1.2900,True,local-nvme,Available,v2.2.1
2026-07-27,datacrunch,a100-sxm-40gb,A100,40GB,SXM,IB-HDR,1M,NonInterruptible,Reserved,EU,EU,SIF,T2IF,T2,1.2642,True,local-nvme,Available,v2.2.1
2026-07-27,datacrunch,a100-sxm-40gb,A100,40GB,SXM,IB-HDR,1Y,NonInterruptible,Reserved,EU,EU,SIF,T2IF,T2,1.1868,True,local-nvme,Available,v2.2.1
2026-07-27,datacrunch,a100-sxm-40gb,A100,40GB,SXM,IB-HDR,2Y,NonInterruptible,Reserved,EU,EU,SIF,T2IF,T2,0.9675,True,local-nvme,Available,v2.2.1
2026-07-27,datacrunch,a100-sxm-40gb,A100,40GB,SXM,IB-HDR,3M,NonInterruptible,Reserved,EU,EU,SIF,T2IF,T2,1.2513,True,local-nvme,Available,v2.2.1
2026-07-27,datacrunch,a100-sxm-40gb,A100,40GB,SXM,IB-HDR,6M,NonInterruptible,Reserved,EU,EU,SIF,T2IF,T2,1.2384,True,local-nvme,Available,v2.2.1
2026-07-27,datacrunch,a100-sxm-40gb,A100,40GB,SXM,IB-HDR,OnDemand,Interruptible,Spot,EU,EU,DIF,T2IF,T2,0.4515,True,local-nvme,Available,v2.2.1
2026-07-27,e2e,a100-sxm-40gb,A100,40GB,SXM,Unknown,OnDemand,NonInterruptible,OnDemand,APAC,APAC,IIF,T3IF,T2,1.9800,True,managed-ops-plane,Available,v2.2.1
2026-07-27,e2e,a100-sxm-40gb,A100,40GB,SXM,Unknown,1M,NonInterruptible,Reserved,APAC,APAC,IIF,T3IF,T2,1.2542,True,managed-ops-plane,Available,v2.2.1
2026-07-27,e2e,a100-sxm-40gb,A100,40GB,SXM,Unknown,1Y,NonInterruptible,Reserved,APAC,APAC,IIF,T3IF,T2,1.1098,True,managed-ops-plane,Available,v2.2.1
2026-07-27,e2e,a100-sxm-40gb,A100,40GB,SXM,Unknown,3M,NonInterruptible,Reserved,APAC,APAC,IIF,T3IF,T2,1.2231,True,managed-ops-plane,Available,v2.2.1
2026-07-27,e2e,a100-sxm-40gb,A100,40GB,SXM,Unknown,6M,NonInterruptible,Reserved,APAC,APAC,IIF,T3IF,T2,1.1765,True,managed-ops-plane,Available,v2.2.1
2026-07-27,gcp,a100-sxm-40gb,A100,40GB,SXM,Ethernet,OnDemand,NonInterruptible,OnDemand,US-East,US,HIF,T3IF,T1,3.4837,True,local-nvme,Available,v2.2.1
2026-07-27,gcp,a100-sxm-40gb,A100,40GB,SXM,Ethernet,OnDemand,NonInterruptible,OnDemand,US-Central,US,HIF,T3IF,T1,3.4837,True,local-nvme,Available,v2.2.1
2026-07-27,gcp,a100-sxm-40gb,A100,40GB,SXM,Ethernet,OnDemand,NonInterruptible,OnDemand,US-South,US,HIF,T3IF,T1,4.1108,True,local-nvme,Available,v2.2.1
2026-07-27,gcp,a100-sxm-40gb,A100,40GB,SXM,Ethernet,OnDemand,NonInterruptible,OnDemand,US-West,US,HIF,T3IF,T1,3.4837,True,local-nvme,Available,v2.2.1
2026-07-27,gcp,a100-sxm-40gb,A100,40GB,SXM,Ethernet,1Y,NonInterruptible,Reserved,US-Central,US,HIF,T3IF,T1,2.3982,True,local-nvme,Available,v2.2.1
2026-07-27,gcp,a100-sxm-40gb,A100,40GB,SXM,Ethernet,1Y,NonInterruptible,Reserved,US-East,US,HIF,T3IF,T1,2.3982,True,local-nvme,Available,v2.2.1
2026-07-27,gcp,a100-sxm-40gb,A100,40GB,SXM,Ethernet,1Y,NonInterruptible,Reserved,US-West,US,HIF,T3IF,T1,2.8448,True,local-nvme,Available,v2.2.1
2026-07-27,gcp,a100-sxm-40gb,A100,40GB,SXM,Ethernet,1Y,NonInterruptible,Reserved,US-South,US,HIF,T3IF,T1,2.8298,True,local-nvme,Available,v2.2.1
2026-07-27,gcp,a100-sxm-40gb,A100,40GB,SXM,Ethernet,3Y,NonInterruptible,Reserved,US-East,US,HIF,T3IF,T1,1.7102,True,local-nvme,Available,v2.2.1
2026-07-27,gcp,a100-sxm-40gb,A100,40GB,SXM,Ethernet,3Y,NonInterruptible,Reserved,US-South,US,HIF,T3IF,T1,1.8605,True,local-nvme,Available,v2.2.1
2026-07-27,gcp,a100-sxm-40gb,A100,40GB,SXM,Ethernet,3Y,NonInterruptible,Reserved,US-Central,US,HIF,T3IF,T1,1.5767,True,local-nvme,Available,v2.2.1
2026-07-27,gcp,a100-sxm-40gb,A100,40GB,SXM,Ethernet,3Y,NonInterruptible,Reserved,US-West,US,HIF,T3IF,T1,1.8156,True,local-nvme,Available,v2.2.1
2026-07-27,gcp,a100-sxm-40gb,A100,40GB,SXM,Ethernet,OnDemand,Interruptible,Spot,US-Central,US,DIF,T3IF,T1,1.8285,True,local-nvme,Available,v2.2.1
2026-07-27,gcp,a100-sxm-40gb,A100,40GB,SXM,Ethernet,OnDemand,Interruptible,Spot,US-West,US,DIF,T3IF,T1,0.3688,True,local-nvme,Available,v2.2.1
2026-07-27,gcp,a100-sxm-40gb,A100,40GB,SXM,Ethernet,OnDemand,Interruptible,Spot,US-East,US,DIF,T3IF,T1,1.8285,True,local-nvme,Available,v2.2.1
2026-07-27,gcp,a100-sxm-40gb,A100,40GB,SXM,Ethernet,OnDemand,Interruptible,Spot,US-South,US,DIF,T3IF,T1,0.4078,True,local-nvme,Available,v2.2.1
2026-07-27,gcp_cud,a100-sxm-40gb,A100,40GB,SXM,Ethernet,1Y,NonInterruptible,Reserved,US-Central,US,HIF,T2IF,T1,1.8484,False,,Available,v2.2.1
2026-07-27,gcp_cud,a100-sxm-40gb,A100,40GB,SXM,Ethernet,1Y,NonInterruptible,Reserved,US-East,US,HIF,T2IF,T1,1.8484,False,,Available,v2.2.1
2026-07-27,gcp_cud,a100-sxm-40gb,A100,40GB,SXM,Ethernet,1Y,NonInterruptible,Reserved,US-South,US,HIF,T2IF,T1,2.1811,False,,Available,v2.2.1
2026-07-27,gcp_cud,a100-sxm-40gb,A100,40GB,SXM,Ethernet,1Y,NonInterruptible,Reserved,US-West,US,HIF,T2IF,T1,2.1844,False,,Available,v2.2.1
2026-07-27,gcp_cud,a100-sxm-40gb,A100,40GB,SXM,Ethernet,3Y,NonInterruptible,Reserved,US-East,US,HIF,T2IF,T1,1.0911,False,,Available,v2.2.1
2026-07-27,gcp_cud,a100-sxm-40gb,A100,40GB,SXM,Ethernet,3Y,NonInterruptible,Reserved,US-Central,US,HIF,T2IF,T1,1.0269,False,,Available,v2.2.1
2026-07-27,gcp_cud,a100-sxm-40gb,A100,40GB,SXM,Ethernet,3Y,NonInterruptible,Reserved,US-South,US,HIF,T2IF,T1,1.2117,False,,Available,v2.2.1
2026-07-27,gcp_cud,a100-sxm-40gb,A100,40GB,SXM,Ethernet,3Y,NonInterruptible,Reserved,US-West,US,HIF,T2IF,T1,1.1552,False,,Available,v2.2.1
2026-07-27,jarvislabs,a100-sxm-40gb,A100,40GB,SXM,Unknown,OnDemand,NonInterruptible,OnDemand,APAC,APAC,IIF,T3IF,T2,0.8900,False,,Available,v2.2.1
2026-07-27,oci,a100-sxm-40gb,A100,40GB,SXM,RoCE-v2,OnDemand,NonInterruptible,OnDemand,US-East,US,HIF,T2IF,T1,3.0500,True,local-nvme;egress-capped;managed-ops-plane;support-tier;observability,Available,v2.2.1
2026-07-27,paperspace,a100-sxm-40gb,A100,40GB,SXM,,OnDemand,NonInterruptible,OnDemand,Other,Other,SIF,T2IF,T2,3.0900,False,,Available,v2.2.1
2026-07-27,sesterce,a100-sxm-40gb,A100,40GB,SXM,Unknown,OnDemand,NonInterruptible,OnDemand,Other,Other,IIF,T2IF,T2,1.4960,False,,Available,v2.2.1
2026-07-28,aws,a100-sxm-40gb,A100,40GB,SXM,EFA,OnDemand,NonInterruptible,OnDemand,US-East,US,HIF,T2IF,T1,2.7447,True,local-nvme;managed-ops-plane;support-tier;observability,Available,v2.2.1
2026-07-28,aws,a100-sxm-40gb,A100,40GB,SXM,EFA,1Y,NonInterruptible,Reserved,US-East,US,HIF,T2IF,T1,1.7401,True,local-nvme;managed-ops-plane;support-tier;observability,Available,v2.2.1
2026-07-28,aws,a100-sxm-40gb,A100,40GB,SXM,EFA,3Y,NonInterruptible,Reserved,US-East,US,HIF,T2IF,T1,1.1718,True,local-nvme;managed-ops-plane;support-tier;observability,Available,v2.2.1
2026-07-28,aws,a100-sxm-40gb,A100,40GB,SXM,EFA,OnDemand,Interruptible,Spot,US-West,US,DIF,T2IF,T1,2.3878,False,,Available,v2.2.1
2026-07-28,aws,a100-sxm-40gb,A100,40GB,SXM,EFA,OnDemand,Interruptible,Spot,US-East,US,DIF,T2IF,T1,0.8738,False,,Available,v2.2.1
2026-07-28,azure_reservations,a100-sxm-40gb,A100,40GB,SXM,IB-HDR,OnDemand,NonInterruptible,OnDemand,US-West,US,HIF,T2IF,T1,3.3996,False,,Available,v2.2.1
2026-07-28,azure_reservations,a100-sxm-40gb,A100,40GB,SXM,IB-HDR,OnDemand,NonInterruptible,OnDemand,US-South,US,HIF,T2IF,T1,4.0788,False,,Available,v2.2.1
2026-07-28,azure_reservations,a100-sxm-40gb,A100,40GB,SXM,IB-HDR,OnDemand,NonInterruptible,OnDemand,US-East,US,HIF,T2IF,T1,3.3996,False,,Available,v2.2.1
2026-07-28,azure_reservations,a100-sxm-40gb,A100,40GB,SXM,IB-HDR,1Y,NonInterruptible,Reserved,Other,Other,HIF,T2IF,T1,3.0597,False,,Available,v2.2.1
2026-07-28,azure_reservations,a100-sxm-40gb,A100,40GB,SXM,IB-HDR,1Y,NonInterruptible,Reserved,US-East,US,HIF,T2IF,T1,2.3535,False,,Available,v2.2.1
2026-07-28,azure_reservations,a100-sxm-40gb,A100,40GB,SXM,IB-HDR,1Y,NonInterruptible,Reserved,US-South,US,HIF,T2IF,T1,2.8238,False,,Available,v2.2.1
2026-07-28,azure_reservations,a100-sxm-40gb,A100,40GB,SXM,IB-HDR,1Y,NonInterruptible,Reserved,US-West,US,HIF,T2IF,T1,2.3535,False,,Available,v2.2.1
2026-07-28,azure_reservations,a100-sxm-40gb,A100,40GB,SXM,IB-HDR,1Y,NonInterruptible,Reserved,EU,EU,HIF,T2IF,T1,3.0597,False,,Available,v2.2.1
2026-07-28,azure_reservations,a100-sxm-40gb,A100,40GB,SXM,IB-HDR,3Y,NonInterruptible,Reserved,US-East,US,HIF,T2IF,T1,1.3598,False,,Available,v2.2.1
2026-07-28,azure_reservations,a100-sxm-40gb,A100,40GB,SXM,IB-HDR,3Y,NonInterruptible,Reserved,Other,Other,HIF,T2IF,T1,1.7679,False,,Available,v2.2.1
2026-07-28,azure_reservations,a100-sxm-40gb,A100,40GB,SXM,IB-HDR,3Y,NonInterruptible,Reserved,US-West,US,HIF,T2IF,T1,1.3598,False,,Available,v2.2.1
2026-07-28,azure_reservations,a100-sxm-40gb,A100,40GB,SXM,IB-HDR,3Y,NonInterruptible,Reserved,EU,EU,HIF,T2IF,T1,1.7678,False,,Available,v2.2.1
2026-07-28,azure_reservations,a100-sxm-40gb,A100,40GB,SXM,IB-HDR,3Y,NonInterruptible,Reserved,US-South,US,HIF,T2IF,T1,1.6315,False,,Available,v2.2.1
2026-07-28,datacrunch,a100-sxm-40gb,A100,40GB,SXM,IB-HDR,OnDemand,NonInterruptible,OnDemand,EU,EU,SIF,T2IF,T2,1.2900,True,local-nvme,Available,v2.2.1
2026-07-28,datacrunch,a100-sxm-40gb,A100,40GB,SXM,IB-HDR,1M,NonInterruptible,Reserved,EU,EU,SIF,T2IF,T2,1.2642,True,local-nvme,Available,v2.2.1
2026-07-28,datacrunch,a100-sxm-40gb,A100,40GB,SXM,IB-HDR,1Y,NonInterruptible,Reserved,EU,EU,SIF,T2IF,T2,1.1868,True,local-nvme,Available,v2.2.1
2026-07-28,datacrunch,a100-sxm-40gb,A100,40GB,SXM,IB-HDR,2Y,NonInterruptible,Reserved,EU,EU,SIF,T2IF,T2,0.9675,True,local-nvme,Available,v2.2.1
2026-07-28,datacrunch,a100-sxm-40gb,A100,40GB,SXM,IB-HDR,3M,NonInterruptible,Reserved,EU,EU,SIF,T2IF,T2,1.2513,True,local-nvme,Available,v2.2.1
2026-07-28,datacrunch,a100-sxm-40gb,A100,40GB,SXM,IB-HDR,6M,NonInterruptible,Reserved,EU,EU,SIF,T2IF,T2,1.2384,True,local-nvme,Available,v2.2.1
2026-07-28,datacrunch,a100-sxm-40gb,A100,40GB,SXM,IB-HDR,OnDemand,Interruptible,Spot,EU,EU,DIF,T2IF,T2,0.4515,True,local-nvme,Available,v2.2.1
2026-07-28,e2e,a100-sxm-40gb,A100,40GB,SXM,Unknown,OnDemand,NonInterruptible,OnDemand,APAC,APAC,IIF,T3IF,T2,1.9800,True,managed-ops-plane,Available,v2.2.1
2026-07-28,e2e,a100-sxm-40gb,A100,40GB,SXM,Unknown,1M,NonInterruptible,Reserved,APAC,APAC,IIF,T3IF,T2,1.2542,True,managed-ops-plane,Available,v2.2.1
2026-07-28,e2e,a100-sxm-40gb,A100,40GB,SXM,Unknown,1Y,NonInterruptible,Reserved,APAC,APAC,IIF,T3IF,T2,1.1098,True,managed-ops-plane,Available,v2.2.1
2026-07-28,e2e,a100-sxm-40gb,A100,40GB,SXM,Unknown,3M,NonInterruptible,Reserved,APAC,APAC,IIF,T3IF,T2,1.2231,True,managed-ops-plane,Available,v2.2.1
2026-07-28,e2e,a100-sxm-40gb,A100,40GB,SXM,Unknown,6M,NonInterruptible,Reserved,APAC,APAC,IIF,T3IF,T2,1.1765,True,managed-ops-plane,Available,v2.2.1
2026-07-28,gcp,a100-sxm-40gb,A100,40GB,SXM,Ethernet,OnDemand,NonInterruptible,OnDemand,US-South,US,HIF,T3IF,T1,4.1108,True,local-nvme,Available,v2.2.1
2026-07-28,gcp,a100-sxm-40gb,A100,40GB,SXM,Ethernet,OnDemand,NonInterruptible,OnDemand,US-Central,US,HIF,T3IF,T1,3.4837,True,local-nvme,Available,v2.2.1
2026-07-28,gcp,a100-sxm-40gb,A100,40GB,SXM,Ethernet,OnDemand,NonInterruptible,OnDemand,US-East,US,HIF,T3IF,T1,3.4837,True,local-nvme,Available,v2.2.1
2026-07-28,gcp,a100-sxm-40gb,A100,40GB,SXM,Ethernet,OnDemand,NonInterruptible,OnDemand,US-West,US,HIF,T3IF,T1,3.4837,True,local-nvme,Available,v2.2.1
2026-07-28,gcp,a100-sxm-40gb,A100,40GB,SXM,Ethernet,1Y,NonInterruptible,Reserved,US-East,US,HIF,T3IF,T1,2.3982,True,local-nvme,Available,v2.2.1
2026-07-28,gcp,a100-sxm-40gb,A100,40GB,SXM,Ethernet,1Y,NonInterruptible,Reserved,US-West,US,HIF,T3IF,T1,2.8448,True,local-nvme,Available,v2.2.1
2026-07-28,gcp,a100-sxm-40gb,A100,40GB,SXM,Ethernet,1Y,NonInterruptible,Reserved,US-South,US,HIF,T3IF,T1,2.8298,True,local-nvme,Available,v2.2.1
2026-07-28,gcp,a100-sxm-40gb,A100,40GB,SXM,Ethernet,1Y,NonInterruptible,Reserved,US-Central,US,HIF,T3IF,T1,2.3982,True,local-nvme,Available,v2.2.1
2026-07-28,gcp,a100-sxm-40gb,A100,40GB,SXM,Ethernet,3Y,NonInterruptible,Reserved,US-Central,US,HIF,T3IF,T1,1.5767,True,local-nvme,Available,v2.2.1
2026-07-28,gcp,a100-sxm-40gb,A100,40GB,SXM,Ethernet,3Y,NonInterruptible,Reserved,US-South,US,HIF,T3IF,T1,1.8605,True,local-nvme,Available,v2.2.1
2026-07-28,gcp,a100-sxm-40gb,A100,40GB,SXM,Ethernet,3Y,NonInterruptible,Reserved,US-West,US,HIF,T3IF,T1,1.8156,True,local-nvme,Available,v2.2.1
2026-07-28,gcp,a100-sxm-40gb,A100,40GB,SXM,Ethernet,3Y,NonInterruptible,Reserved,US-East,US,HIF,T3IF,T1,1.7102,True,local-nvme,Available,v2.2.1
2026-07-28,gcp,a100-sxm-40gb,A100,40GB,SXM,Ethernet,OnDemand,Interruptible,Spot,US-West,US,DIF,T3IF,T1,0.3688,True,local-nvme,Available,v2.2.1
2026-07-28,gcp,a100-sxm-40gb,A100,40GB,SXM,Ethernet,OnDemand,Interruptible,Spot,US-Central,US,DIF,T3IF,T1,1.8285,True,local-nvme,Available,v2.2.1
2026-07-28,gcp,a100-sxm-40gb,A100,40GB,SXM,Ethernet,OnDemand,Interruptible,Spot,US-East,US,DIF,T3IF,T1,1.8285,True,local-nvme,Available,v2.2.1
2026-07-28,gcp,a100-sxm-40gb,A100,40GB,SXM,Ethernet,OnDemand,Interruptible,Spot,US-South,US,DIF,T3IF,T1,0.4078,True,local-nvme,Available,v2.2.1
2026-07-28,gcp_cud,a100-sxm-40gb,A100,40GB,SXM,Ethernet,1Y,NonInterruptible,Reserved,US-East,US,HIF,T2IF,T1,1.8484,False,,Available,v2.2.1
2026-07-28,gcp_cud,a100-sxm-40gb,A100,40GB,SXM,Ethernet,1Y,NonInterruptible,Reserved,US-Central,US,HIF,T2IF,T1,1.8484,False,,Available,v2.2.1
2026-07-28,gcp_cud,a100-sxm-40gb,A100,40GB,SXM,Ethernet,1Y,NonInterruptible,Reserved,US-South,US,HIF,T2IF,T1,2.1811,False,,Available,v2.2.1
2026-07-28,gcp_cud,a100-sxm-40gb,A100,40GB,SXM,Ethernet,1Y,NonInterruptible,Reserved,US-West,US,HIF,T2IF,T1,2.1844,False,,Available,v2.2.1
2026-07-28,gcp_cud,a100-sxm-40gb,A100,40GB,SXM,Ethernet,3Y,NonInterruptible,Reserved,US-West,US,HIF,T2IF,T1,1.1552,False,,Available,v2.2.1
2026-07-28,gcp_cud,a100-sxm-40gb,A100,40GB,SXM,Ethernet,3Y,NonInterruptible,Reserved,US-South,US,HIF,T2IF,T1,1.2117,False,,Available,v2.2.1
2026-07-28,gcp_cud,a100-sxm-40gb,A100,40GB,SXM,Ethernet,3Y,NonInterruptible,Reserved,US-East,US,HIF,T2IF,T1,1.0911,False,,Available,v2.2.1
2026-07-28,gcp_cud,a100-sxm-40gb,A100,40GB,SXM,Ethernet,3Y,NonInterruptible,Reserved,US-Central,US,HIF,T2IF,T1,1.0269,False,,Available,v2.2.1
2026-07-28,jarvislabs,a100-sxm-40gb,A100,40GB,SXM,Unknown,OnDemand,NonInterruptible,OnDemand,APAC,APAC,IIF,T3IF,T2,0.8900,False,,Available,v2.2.1
2026-07-28,oci,a100-sxm-40gb,A100,40GB,SXM,RoCE-v2,OnDemand,NonInterruptible,OnDemand,US-East,US,HIF,T2IF,T1,3.0500,True,local-nvme;egress-capped;managed-ops-plane;support-tier;observability,Available,v2.2.1
2026-07-28,paperspace,a100-sxm-40gb,A100,40GB,SXM,,OnDemand,NonInterruptible,OnDemand,Other,Other,SIF,T2IF,T2,3.0900,False,,Available,v2.2.1
2026-07-28,sesterce,a100-sxm-40gb,A100,40GB,SXM,Unknown,OnDemand,NonInterruptible,OnDemand,Other,Other,IIF,T2IF,T2,1.4960,False,,Available,v2.2.1
2026-07-29,aws,a100-sxm-40gb,A100,40GB,SXM,EFA,OnDemand,NonInterruptible,OnDemand,US-East,US,HIF,T2IF,T1,2.7447,True,local-nvme;managed-ops-plane;support-tier;observability,Available,v2.2.1
2026-07-29,aws,a100-sxm-40gb,A100,40GB,SXM,EFA,1Y,NonInterruptible,Reserved,US-East,US,HIF,T2IF,T1,1.7401,True,local-nvme;managed-ops-plane;support-tier;observability,Available,v2.2.1
2026-07-29,aws,a100-sxm-40gb,A100,40GB,SXM,EFA,3Y,NonInterruptible,Reserved,US-East,US,HIF,T2IF,T1,1.1718,True,local-nvme;managed-ops-plane;support-tier;observability,Available,v2.2.1
2026-07-29,aws,a100-sxm-40gb,A100,40GB,SXM,EFA,OnDemand,Interruptible,Spot,US-East,US,DIF,T2IF,T1,0.9114,False,,Available,v2.2.1
2026-07-29,aws,a100-sxm-40gb,A100,40GB,SXM,EFA,OnDemand,Interruptible,Spot,US-West,US,DIF,T2IF,T1,2.4103,False,,Available,v2.2.1
2026-07-29,azure_reservations,a100-sxm-40gb,A100,40GB,SXM,IB-HDR,OnDemand,NonInterruptible,OnDemand,US-West,US,HIF,T2IF,T1,3.3996,False,,Available,v2.2.1
2026-07-29,azure_reservations,a100-sxm-40gb,A100,40GB,SXM,IB-HDR,OnDemand,NonInterruptible,OnDemand,US-South,US,HIF,T2IF,T1,4.0788,False,,Available,v2.2.1
2026-07-29,azure_reservations,a100-sxm-40gb,A100,40GB,SXM,IB-HDR,OnDemand,NonInterruptible,OnDemand,US-East,US,HIF,T2IF,T1,3.3996,False,,Available,v2.2.1
2026-07-29,azure_reservations,a100-sxm-40gb,A100,40GB,SXM,IB-HDR,1Y,NonInterruptible,Reserved,US-West,US,HIF,T2IF,T1,2.3535,False,,Available,v2.2.1
2026-07-29,azure_reservations,a100-sxm-40gb,A100,40GB,SXM,IB-HDR,1Y,NonInterruptible,Reserved,US-East,US,HIF,T2IF,T1,2.3535,False,,Available,v2.2.1
2026-07-29,azure_reservations,a100-sxm-40gb,A100,40GB,SXM,IB-HDR,1Y,NonInterruptible,Reserved,US-South,US,HIF,T2IF,T1,2.8238,False,,Available,v2.2.1
2026-07-29,azure_reservations,a100-sxm-40gb,A100,40GB,SXM,IB-HDR,1Y,NonInterruptible,Reserved,Other,Other,HIF,T2IF,T1,3.0597,False,,Available,v2.2.1
2026-07-29,azure_reservations,a100-sxm-40gb,A100,40GB,SXM,IB-HDR,1Y,NonInterruptible,Reserved,EU,EU,HIF,T2IF,T1,3.0597,False,,Available,v2.2.1
2026-07-29,azure_reservations,a100-sxm-40gb,A100,40GB,SXM,IB-HDR,3Y,NonInterruptible,Reserved,US-East,US,HIF,T2IF,T1,1.3598,False,,Available,v2.2.1
2026-07-29,azure_reservations,a100-sxm-40gb,A100,40GB,SXM,IB-HDR,3Y,NonInterruptible,Reserved,US-West,US,HIF,T2IF,T1,1.3598,False,,Available,v2.2.1
2026-07-29,azure_reservations,a100-sxm-40gb,A100,40GB,SXM,IB-HDR,3Y,NonInterruptible,Reserved,EU,EU,HIF,T2IF,T1,1.7678,False,,Available,v2.2.1
2026-07-29,azure_reservations,a100-sxm-40gb,A100,40GB,SXM,IB-HDR,3Y,NonInterruptible,Reserved,Other,Other,HIF,T2IF,T1,1.7679,False,,Available,v2.2.1
2026-07-29,azure_reservations,a100-sxm-40gb,A100,40GB,SXM,IB-HDR,3Y,NonInterruptible,Reserved,US-South,US,HIF,T2IF,T1,1.6315,False,,Available,v2.2.1
2026-07-29,datacrunch,a100-sxm-40gb,A100,40GB,SXM,IB-HDR,OnDemand,NonInterruptible,OnDemand,EU,EU,SIF,T2IF,T2,1.2900,True,local-nvme,Available,v2.2.1
2026-07-29,datacrunch,a100-sxm-40gb,A100,40GB,SXM,IB-HDR,1M,NonInterruptible,Reserved,EU,EU,SIF,T2IF,T2,1.2642,True,local-nvme,Available,v2.2.1
2026-07-29,datacrunch,a100-sxm-40gb,A100,40GB,SXM,IB-HDR,1Y,NonInterruptible,Reserved,EU,EU,SIF,T2IF,T2,1.1868,True,local-nvme,Available,v2.2.1
2026-07-29,datacrunch,a100-sxm-40gb,A100,40GB,SXM,IB-HDR,2Y,NonInterruptible,Reserved,EU,EU,SIF,T2IF,T2,0.9675,True,local-nvme,Available,v2.2.1
2026-07-29,datacrunch,a100-sxm-40gb,A100,40GB,SXM,IB-HDR,3M,NonInterruptible,Reserved,EU,EU,SIF,T2IF,T2,1.2513,True,local-nvme,Available,v2.2.1
2026-07-29,datacrunch,a100-sxm-40gb,A100,40GB,SXM,IB-HDR,6M,NonInterruptible,Reserved,EU,EU,SIF,T2IF,T2,1.2384,True,local-nvme,Available,v2.2.1
2026-07-29,datacrunch,a100-sxm-40gb,A100,40GB,SXM,IB-HDR,OnDemand,Interruptible,Spot,EU,EU,DIF,T2IF,T2,0.4515,True,local-nvme,Available,v2.2.1
2026-07-29,e2e,a100-sxm-40gb,A100,40GB,SXM,Unknown,OnDemand,NonInterruptible,OnDemand,APAC,APAC,IIF,T3IF,T2,1.9800,True,managed-ops-plane,Available,v2.2.1
2026-07-29,e2e,a100-sxm-40gb,A100,40GB,SXM,Unknown,1M,NonInterruptible,Reserved,APAC,APAC,IIF,T3IF,T2,1.2542,True,managed-ops-plane,Available,v2.2.1
2026-07-29,e2e,a100-sxm-40gb,A100,40GB,SXM,Unknown,1Y,NonInterruptible,Reserved,APAC,APAC,IIF,T3IF,T2,1.1098,True,managed-ops-plane,Available,v2.2.1
2026-07-29,e2e,a100-sxm-40gb,A100,40GB,SXM,Unknown,3M,NonInterruptible,Reserved,APAC,APAC,IIF,T3IF,T2,1.2231,True,managed-ops-plane,Available,v2.2.1
2026-07-29,e2e,a100-sxm-40gb,A100,40GB,SXM,Unknown,6M,NonInterruptible,Reserved,APAC,APAC,IIF,T3IF,T2,1.1765,True,managed-ops-plane,Available,v2.2.1
2026-07-29,gcp,a100-sxm-40gb,A100,40GB,SXM,Ethernet,OnDemand,NonInterruptible,OnDemand,US-West,US,HIF,T3IF,T1,3.4837,True,local-nvme,Available,v2.2.1
2026-07-29,gcp,a100-sxm-40gb,A100,40GB,SXM,Ethernet,OnDemand,NonInterruptible,OnDemand,US-Central,US,HIF,T3IF,T1,3.4837,True,local-nvme,Available,v2.2.1
2026-07-29,gcp,a100-sxm-40gb,A100,40GB,SXM,Ethernet,OnDemand,NonInterruptible,OnDemand,US-East,US,HIF,T3IF,T1,3.4837,True,local-nvme,Available,v2.2.1
2026-07-29,gcp,a100-sxm-40gb,A100,40GB,SXM,Ethernet,OnDemand,NonInterruptible,OnDemand,US-South,US,HIF,T3IF,T1,4.1108,True,local-nvme,Available,v2.2.1
2026-07-29,gcp,a100-sxm-40gb,A100,40GB,SXM,Ethernet,1Y,NonInterruptible,Reserved,US-South,US,HIF,T3IF,T1,2.8298,True,local-nvme,Available,v2.2.1
2026-07-29,gcp,a100-sxm-40gb,A100,40GB,SXM,Ethernet,1Y,NonInterruptible,Reserved,US-East,US,HIF,T3IF,T1,2.3982,True,local-nvme,Available,v2.2.1
2026-07-29,gcp,a100-sxm-40gb,A100,40GB,SXM,Ethernet,1Y,NonInterruptible,Reserved,US-Central,US,HIF,T3IF,T1,2.3982,True,local-nvme,Available,v2.2.1
2026-07-29,gcp,a100-sxm-40gb,A100,40GB,SXM,Ethernet,1Y,NonInterruptible,Reserved,US-West,US,HIF,T3IF,T1,2.8448,True,local-nvme,Available,v2.2.1
2026-07-29,gcp,a100-sxm-40gb,A100,40GB,SXM,Ethernet,3Y,NonInterruptible,Reserved,US-Central,US,HIF,T3IF,T1,1.5767,True,local-nvme,Available,v2.2.1
2026-07-29,gcp,a100-sxm-40gb,A100,40GB,SXM,Ethernet,3Y,NonInterruptible,Reserved,US-East,US,HIF,T3IF,T1,1.7102,True,local-nvme,Available,v2.2.1
2026-07-29,gcp,a100-sxm-40gb,A100,40GB,SXM,Ethernet,3Y,NonInterruptible,Reserved,US-West,US,HIF,T3IF,T1,1.8156,True,local-nvme,Available,v2.2.1
2026-07-29,gcp,a100-sxm-40gb,A100,40GB,SXM,Ethernet,3Y,NonInterruptible,Reserved,US-South,US,HIF,T3IF,T1,1.8605,True,local-nvme,Available,v2.2.1
2026-07-29,gcp,a100-sxm-40gb,A100,40GB,SXM,Ethernet,OnDemand,Interruptible,Spot,US-Central,US,DIF,T3IF,T1,1.8285,True,local-nvme,Available,v2.2.1
2026-07-29,gcp,a100-sxm-40gb,A100,40GB,SXM,Ethernet,OnDemand,Interruptible,Spot,US-East,US,DIF,T3IF,T1,1.8285,True,local-nvme,Available,v2.2.1
2026-07-29,gcp,a100-sxm-40gb,A100,40GB,SXM,Ethernet,OnDemand,Interruptible,Spot,US-West,US,DIF,T3IF,T1,0.3688,True,local-nvme,Available,v2.2.1
2026-07-29,gcp,a100-sxm-40gb,A100,40GB,SXM,Ethernet,OnDemand,Interruptible,Spot,US-South,US,DIF,T3IF,T1,0.4078,True,local-nvme,Available,v2.2.1
2026-07-29,gcp_cud,a100-sxm-40gb,A100,40GB,SXM,Ethernet,1Y,NonInterruptible,Reserved,US-East,US,HIF,T2IF,T1,1.8484,False,,Available,v2.2.1
2026-07-29,gcp_cud,a100-sxm-40gb,A100,40GB,SXM,Ethernet,1Y,NonInterruptible,Reserved,US-West,US,HIF,T2IF,T1,2.1844,False,,Available,v2.2.1
2026-07-29,gcp_cud,a100-sxm-40gb,A100,40GB,SXM,Ethernet,1Y,NonInterruptible,Reserved,US-South,US,HIF,T2IF,T1,2.1811,False,,Available,v2.2.1
2026-07-29,gcp_cud,a100-sxm-40gb,A100,40GB,SXM,Ethernet,1Y,NonInterruptible,Reserved,US-Central,US,HIF,T2IF,T1,1.8484,False,,Available,v2.2.1
2026-07-29,gcp_cud,a100-sxm-40gb,A100,40GB,SXM,Ethernet,3Y,NonInterruptible,Reserved,US-East,US,HIF,T2IF,T1,1.0911,False,,Available,v2.2.1
2026-07-29,gcp_cud,a100-sxm-40gb,A100,40GB,SXM,Ethernet,3Y,NonInterruptible,Reserved,US-South,US,HIF,T2IF,T1,1.2117,False,,Available,v2.2.1
2026-07-29,gcp_cud,a100-sxm-40gb,A100,40GB,SXM,Ethernet,3Y,NonInterruptible,Reserved,US-West,US,HIF,T2IF,T1,1.1552,False,,Available,v2.2.1
2026-07-29,gcp_cud,a100-sxm-40gb,A100,40GB,SXM,Ethernet,3Y,NonInterruptible,Reserved,US-Central,US,HIF,T2IF,T1,1.0269,False,,Available,v2.2.1
2026-07-29,jarvislabs,a100-sxm-40gb,A100,40GB,SXM,Unknown,OnDemand,NonInterruptible,OnDemand,APAC,APAC,IIF,T3IF,T2,0.8900,False,,Available,v2.2.1
2026-07-29,oci,a100-sxm-40gb,A100,40GB,SXM,RoCE-v2,OnDemand,NonInterruptible,OnDemand,US-East,US,HIF,T2IF,T1,3.0500,True,local-nvme;egress-capped;managed-ops-plane;support-tier;observability,Available,v2.2.1
2026-07-29,paperspace,a100-sxm-40gb,A100,40GB,SXM,,OnDemand,NonInterruptible,OnDemand,Other,Other,SIF,T2IF,T2,3.0900,False,,Available,v2.2.1
2026-07-29,sesterce,a100-sxm-40gb,A100,40GB,SXM,Unknown,OnDemand,NonInterruptible,OnDemand,Other,Other,IIF,T2IF,T2,2.1890,False,,Available,v2.2.1
2026-07-30,aws,a100-sxm-40gb,A100,40GB,SXM,EFA,OnDemand,NonInterruptible,OnDemand,US-East,US,HIF,T2IF,T1,2.7447,True,local-nvme;managed-ops-plane;support-tier;observability,Available,v2.2.1
2026-07-30,aws,a100-sxm-40gb,A100,40GB,SXM,EFA,1Y,NonInterruptible,Reserved,US-East,US,HIF,T2IF,T1,1.7401,True,local-nvme;managed-ops-plane;support-tier;observability,Available,v2.2.1
2026-07-30,aws,a100-sxm-40gb,A100,40GB,SXM,EFA,3Y,NonInterruptible,Reserved,US-East,US,HIF,T2IF,T1,1.1718,True,local-nvme;managed-ops-plane;support-tier;observability,Available,v2.2.1
2026-07-30,aws,a100-sxm-40gb,A100,40GB,SXM,EFA,OnDemand,Interruptible,Spot,US-East,US,DIF,T2IF,T1,0.9925,False,,Available,v2.2.1
2026-07-30,aws,a100-sxm-40gb,A100,40GB,SXM,EFA,OnDemand,Interruptible,Spot,US-West,US,DIF,T2IF,T1,2.4119,False,,Available,v2.2.1
2026-07-30,azure_reservations,a100-sxm-40gb,A100,40GB,SXM,IB-HDR,OnDemand,NonInterruptible,OnDemand,US-East,US,HIF,T2IF,T1,3.3996,False,,Available,v2.2.1
2026-07-30,azure_reservations,a100-sxm-40gb,A100,40GB,SXM,IB-HDR,OnDemand,NonInterruptible,OnDemand,US-West,US,HIF,T2IF,T1,3.3996,False,,Available,v2.2.1
2026-07-30,azure_reservations,a100-sxm-40gb,A100,40GB,SXM,IB-HDR,OnDemand,NonInterruptible,OnDemand,US-South,US,HIF,T2IF,T1,4.0788,False,,Available,v2.2.1
2026-07-30,azure_reservations,a100-sxm-40gb,A100,40GB,SXM,IB-HDR,1Y,NonInterruptible,Reserved,Other,Other,HIF,T2IF,T1,3.0597,False,,Available,v2.2.1
2026-07-30,azure_reservations,a100-sxm-40gb,A100,40GB,SXM,IB-HDR,1Y,NonInterruptible,Reserved,US-East,US,HIF,T2IF,T1,2.3535,False,,Available,v2.2.1
2026-07-30,azure_reservations,a100-sxm-40gb,A100,40GB,SXM,IB-HDR,1Y,NonInterruptible,Reserved,EU,EU,HIF,T2IF,T1,3.0597,False,,Available,v2.2.1
2026-07-30,azure_reservations,a100-sxm-40gb,A100,40GB,SXM,IB-HDR,1Y,NonInterruptible,Reserved,US-West,US,HIF,T2IF,T1,2.3535,False,,Available,v2.2.1
2026-07-30,azure_reservations,a100-sxm-40gb,A100,40GB,SXM,IB-HDR,1Y,NonInterruptible,Reserved,US-South,US,HIF,T2IF,T1,2.8238,False,,Available,v2.2.1
2026-07-30,azure_reservations,a100-sxm-40gb,A100,40GB,SXM,IB-HDR,3Y,NonInterruptible,Reserved,US-East,US,HIF,T2IF,T1,1.3598,False,,Available,v2.2.1
2026-07-30,azure_reservations,a100-sxm-40gb,A100,40GB,SXM,IB-HDR,3Y,NonInterruptible,Reserved,US-South,US,HIF,T2IF,T1,1.6315,False,,Available,v2.2.1
2026-07-30,azure_reservations,a100-sxm-40gb,A100,40GB,SXM,IB-HDR,3Y,NonInterruptible,Reserved,US-West,US,HIF,T2IF,T1,1.3598,False,,Available,v2.2.1
2026-07-30,azure_reservations,a100-sxm-40gb,A100,40GB,SXM,IB-HDR,3Y,NonInterruptible,Reserved,Other,Other,HIF,T2IF,T1,1.7679,False,,Available,v2.2.1
2026-07-30,azure_reservations,a100-sxm-40gb,A100,40GB,SXM,IB-HDR,3Y,NonInterruptible,Reserved,EU,EU,HIF,T2IF,T1,1.7678,False,,Available,v2.2.1
2026-07-30,datacrunch,a100-sxm-40gb,A100,40GB,SXM,IB-HDR,OnDemand,NonInterruptible,OnDemand,EU,EU,SIF,T2IF,T2,1.2900,True,local-nvme,Available,v2.2.1
2026-07-30,datacrunch,a100-sxm-40gb,A100,40GB,SXM,IB-HDR,1M,NonInterruptible,Reserved,EU,EU,SIF,T2IF,T2,1.2642,True,local-nvme,Available,v2.2.1
2026-07-30,datacrunch,a100-sxm-40gb,A100,40GB,SXM,IB-HDR,1Y,NonInterruptible,Reserved,EU,EU,SIF,T2IF,T2,1.1868,True,local-nvme,Available,v2.2.1
2026-07-30,datacrunch,a100-sxm-40gb,A100,40GB,SXM,IB-HDR,2Y,NonInterruptible,Reserved,EU,EU,SIF,T2IF,T2,0.9675,True,local-nvme,Available,v2.2.1
2026-07-30,datacrunch,a100-sxm-40gb,A100,40GB,SXM,IB-HDR,3M,NonInterruptible,Reserved,EU,EU,SIF,T2IF,T2,1.2513,True,local-nvme,Available,v2.2.1
2026-07-30,datacrunch,a100-sxm-40gb,A100,40GB,SXM,IB-HDR,6M,NonInterruptible,Reserved,EU,EU,SIF,T2IF,T2,1.2384,True,local-nvme,Available,v2.2.1
2026-07-30,datacrunch,a100-sxm-40gb,A100,40GB,SXM,IB-HDR,OnDemand,Interruptible,Spot,EU,EU,DIF,T2IF,T2,0.4515,True,local-nvme,Available,v2.2.1
2026-07-30,e2e,a100-sxm-40gb,A100,40GB,SXM,Unknown,OnDemand,NonInterruptible,OnDemand,APAC,APAC,IIF,T3IF,T2,1.9800,True,managed-ops-plane,Available,v2.2.1
2026-07-30,e2e,a100-sxm-40gb,A100,40GB,SXM,Unknown,1M,NonInterruptible,Reserved,APAC,APAC,IIF,T3IF,T2,1.2542,True,managed-ops-plane,Available,v2.2.1
2026-07-30,e2e,a100-sxm-40gb,A100,40GB,SXM,Unknown,1Y,NonInterruptible,Reserved,APAC,APAC,IIF,T3IF,T2,1.1098,True,managed-ops-plane,Available,v2.2.1
2026-07-30,e2e,a100-sxm-40gb,A100,40GB,SXM,Unknown,3M,NonInterruptible,Reserved,APAC,APAC,IIF,T3IF,T2,1.2231,True,managed-ops-plane,Available,v2.2.1
2026-07-30,e2e,a100-sxm-40gb,A100,40GB,SXM,Unknown,6M,NonInterruptible,Reserved,APAC,APAC,IIF,T3IF,T2,1.1765,True,managed-ops-plane,Available,v2.2.1
2026-07-30,gcp,a100-sxm-40gb,A100,40GB,SXM,Ethernet,OnDemand,NonInterruptible,OnDemand,US-West,US,HIF,T3IF,T1,3.4837,True,local-nvme,Available,v2.2.1
2026-07-30,gcp,a100-sxm-40gb,A100,40GB,SXM,Ethernet,OnDemand,NonInterruptible,OnDemand,US-Central,US,HIF,T3IF,T1,3.4837,True,local-nvme,Available,v2.2.1
2026-07-30,gcp,a100-sxm-40gb,A100,40GB,SXM,Ethernet,OnDemand,NonInterruptible,OnDemand,US-South,US,HIF,T3IF,T1,4.1108,True,local-nvme,Available,v2.2.1
2026-07-30,gcp,a100-sxm-40gb,A100,40GB,SXM,Ethernet,OnDemand,NonInterruptible,OnDemand,US-East,US,HIF,T3IF,T1,3.4837,True,local-nvme,Available,v2.2.1
2026-07-30,gcp,a100-sxm-40gb,A100,40GB,SXM,Ethernet,1Y,NonInterruptible,Reserved,US-East,US,HIF,T3IF,T1,2.3982,True,local-nvme,Available,v2.2.1
2026-07-30,gcp,a100-sxm-40gb,A100,40GB,SXM,Ethernet,1Y,NonInterruptible,Reserved,US-South,US,HIF,T3IF,T1,2.8298,True,local-nvme,Available,v2.2.1
2026-07-30,gcp,a100-sxm-40gb,A100,40GB,SXM,Ethernet,1Y,NonInterruptible,Reserved,US-Central,US,HIF,T3IF,T1,2.3982,True,local-nvme,Available,v2.2.1
2026-07-30,gcp,a100-sxm-40gb,A100,40GB,SXM,Ethernet,1Y,NonInterruptible,Reserved,US-West,US,HIF,T3IF,T1,2.8448,True,local-nvme,Available,v2.2.1
2026-07-30,gcp,a100-sxm-40gb,A100,40GB,SXM,Ethernet,3Y,NonInterruptible,Reserved,US-Central,US,HIF,T3IF,T1,1.5767,True,local-nvme,Available,v2.2.1
2026-07-30,gcp,a100-sxm-40gb,A100,40GB,SXM,Ethernet,3Y,NonInterruptible,Reserved,US-West,US,HIF,T3IF,T1,1.8156,True,local-nvme,Available,v2.2.1
2026-07-30,gcp,a100-sxm-40gb,A100,40GB,SXM,Ethernet,3Y,NonInterruptible,Reserved,US-South,US,HIF,T3IF,T1,1.8605,True,local-nvme,Available,v2.2.1
2026-07-30,gcp,a100-sxm-40gb,A100,40GB,SXM,Ethernet,3Y,NonInterruptible,Reserved,US-East,US,HIF,T3IF,T1,1.7102,True,local-nvme,Available,v2.2.1
2026-07-30,gcp,a100-sxm-40gb,A100,40GB,SXM,Ethernet,OnDemand,Interruptible,Spot,US-South,US,DIF,T3IF,T1,0.4078,True,local-nvme,Available,v2.2.1
2026-07-30,gcp,a100-sxm-40gb,A100,40GB,SXM,Ethernet,OnDemand,Interruptible,Spot,US-West,US,DIF,T3IF,T1,0.3688,True,local-nvme,Available,v2.2.1
2026-07-30,gcp,a100-sxm-40gb,A100,40GB,SXM,Ethernet,OnDemand,Interruptible,Spot,US-Central,US,DIF,T3IF,T1,1.8285,True,local-nvme,Available,v2.2.1
2026-07-30,gcp,a100-sxm-40gb,A100,40GB,SXM,Ethernet,OnDemand,Interruptible,Spot,US-East,US,DIF,T3IF,T1,1.8285,True,local-nvme,Available,v2.2.1
2026-07-30,gcp_cud,a100-sxm-40gb,A100,40GB,SXM,Ethernet,1Y,NonInterruptible,Reserved,US-Central,US,HIF,T2IF,T1,1.8484,False,,Available,v2.2.1
2026-07-30,gcp_cud,a100-sxm-40gb,A100,40GB,SXM,Ethernet,1Y,NonInterruptible,Reserved,US-West,US,HIF,T2IF,T1,2.1844,False,,Available,v2.2.1
2026-07-30,gcp_cud,a100-sxm-40gb,A100,40GB,SXM,Ethernet,1Y,NonInterruptible,Reserved,US-South,US,HIF,T2IF,T1,2.1811,False,,Available,v2.2.1
2026-07-30,gcp_cud,a100-sxm-40gb,A100,40GB,SXM,Ethernet,1Y,NonInterruptible,Reserved,US-East,US,HIF,T2IF,T1,1.8484,False,,Available,v2.2.1
2026-07-30,gcp_cud,a100-sxm-40gb,A100,40GB,SXM,Ethernet,3Y,NonInterruptible,Reserved,US-Central,US,HIF,T2IF,T1,1.0269,False,,Available,v2.2.1
2026-07-30,gcp_cud,a100-sxm-40gb,A100,40GB,SXM,Ethernet,3Y,NonInterruptible,Reserved,US-East,US,HIF,T2IF,T1,1.0911,False,,Available,v2.2.1
2026-07-30,gcp_cud,a100-sxm-40gb,A100,40GB,SXM,Ethernet,3Y,NonInterruptible,Reserved,US-South,US,HIF,T2IF,T1,1.2117,False,,Available,v2.2.1
2026-07-30,gcp_cud,a100-sxm-40gb,A100,40GB,SXM,Ethernet,3Y,NonInterruptible,Reserved,US-West,US,HIF,T2IF,T1,1.1552,False,,Available,v2.2.1
2026-07-30,jarvislabs,a100-sxm-40gb,A100,40GB,SXM,Unknown,OnDemand,NonInterruptible,OnDemand,APAC,APAC,IIF,T3IF,T2,0.8900,False,,Available,v2.2.1
2026-07-30,oci,a100-sxm-40gb,A100,40GB,SXM,RoCE-v2,OnDemand,NonInterruptible,OnDemand,US-East,US,HIF,T2IF,T1,3.0500,True,local-nvme;egress-capped;managed-ops-plane;support-tier;observability,Available,v2.2.1
2026-07-30,paperspace,a100-sxm-40gb,A100,40GB,SXM,,OnDemand,NonInterruptible,OnDemand,Other,Other,SIF,T2IF,T2,3.0900,False,,Available,v2.2.1
2026-07-30,sesterce,a100-sxm-40gb,A100,40GB,SXM,Unknown,OnDemand,NonInterruptible,OnDemand,Other,Other,IIF,T2IF,T2,1.4960,False,,Available,v2.2.1
2026-07-31,aws,a100-sxm-40gb,A100,40GB,SXM,EFA,OnDemand,NonInterruptible,OnDemand,US-East,US,HIF,T2IF,T1,2.7447,True,local-nvme;managed-ops-plane;support-tier;observability,Available,v2.2.1
2026-07-31,aws,a100-sxm-40gb,A100,40GB,SXM,EFA,1Y,NonInterruptible,Reserved,US-East,US,HIF,T2IF,T1,1.7401,True,local-nvme;managed-ops-plane;support-tier;observability,Available,v2.2.1
2026-07-31,aws,a100-sxm-40gb,A100,40GB,SXM,EFA,3Y,NonInterruptible,Reserved,US-East,US,HIF,T2IF,T1,1.1718,True,local-nvme;managed-ops-plane;support-tier;observability,Available,v2.2.1
2026-07-31,aws,a100-sxm-40gb,A100,40GB,SXM,EFA,OnDemand,Interruptible,Spot,US-East,US,DIF,T2IF,T1,1.0420,False,,Available,v2.2.1
2026-07-31,aws,a100-sxm-40gb,A100,40GB,SXM,EFA,OnDemand,Interruptible,Spot,US-West,US,DIF,T2IF,T1,2.4225,False,,Available,v2.2.1
2026-07-31,azure_reservations,a100-sxm-40gb,A100,40GB,SXM,IB-HDR,OnDemand,NonInterruptible,OnDemand,US-West,US,HIF,T2IF,T1,3.3996,False,,Available,v2.2.1
2026-07-31,azure_reservations,a100-sxm-40gb,A100,40GB,SXM,IB-HDR,OnDemand,NonInterruptible,OnDemand,US-South,US,HIF,T2IF,T1,4.0788,False,,Available,v2.2.1
2026-07-31,azure_reservations,a100-sxm-40gb,A100,40GB,SXM,IB-HDR,OnDemand,NonInterruptible,OnDemand,US-East,US,HIF,T2IF,T1,3.3996,False,,Available,v2.2.1
2026-07-31,azure_reservations,a100-sxm-40gb,A100,40GB,SXM,IB-HDR,1Y,NonInterruptible,Reserved,US-West,US,HIF,T2IF,T1,2.3535,False,,Available,v2.2.1
2026-07-31,azure_reservations,a100-sxm-40gb,A100,40GB,SXM,IB-HDR,1Y,NonInterruptible,Reserved,US-South,US,HIF,T2IF,T1,2.8238,False,,Available,v2.2.1
2026-07-31,azure_reservations,a100-sxm-40gb,A100,40GB,SXM,IB-HDR,1Y,NonInterruptible,Reserved,Other,Other,HIF,T2IF,T1,3.0597,False,,Available,v2.2.1
2026-07-31,azure_reservations,a100-sxm-40gb,A100,40GB,SXM,IB-HDR,1Y,NonInterruptible,Reserved,EU,EU,HIF,T2IF,T1,3.0597,False,,Available,v2.2.1
2026-07-31,azure_reservations,a100-sxm-40gb,A100,40GB,SXM,IB-HDR,1Y,NonInterruptible,Reserved,US-East,US,HIF,T2IF,T1,2.3535,False,,Available,v2.2.1
2026-07-31,azure_reservations,a100-sxm-40gb,A100,40GB,SXM,IB-HDR,3Y,NonInterruptible,Reserved,EU,EU,HIF,T2IF,T1,1.7678,False,,Available,v2.2.1
2026-07-31,azure_reservations,a100-sxm-40gb,A100,40GB,SXM,IB-HDR,3Y,NonInterruptible,Reserved,US-South,US,HIF,T2IF,T1,1.6315,False,,Available,v2.2.1
2026-07-31,azure_reservations,a100-sxm-40gb,A100,40GB,SXM,IB-HDR,3Y,NonInterruptible,Reserved,US-West,US,HIF,T2IF,T1,1.3598,False,,Available,v2.2.1
2026-07-31,azure_reservations,a100-sxm-40gb,A100,40GB,SXM,IB-HDR,3Y,NonInterruptible,Reserved,Other,Other,HIF,T2IF,T1,1.7679,False,,Available,v2.2.1
2026-07-31,azure_reservations,a100-sxm-40gb,A100,40GB,SXM,IB-HDR,3Y,NonInterruptible,Reserved,US-East,US,HIF,T2IF,T1,1.3598,False,,Available,v2.2.1
2026-07-31,datacrunch,a100-sxm-40gb,A100,40GB,SXM,IB-HDR,OnDemand,NonInterruptible,OnDemand,EU,EU,SIF,T2IF,T2,1.2900,True,local-nvme,Available,v2.2.1
2026-07-31,datacrunch,a100-sxm-40gb,A100,40GB,SXM,IB-HDR,1M,NonInterruptible,Reserved,EU,EU,SIF,T2IF,T2,1.2642,True,local-nvme,Available,v2.2.1
2026-07-31,datacrunch,a100-sxm-40gb,A100,40GB,SXM,IB-HDR,1Y,NonInterruptible,Reserved,EU,EU,SIF,T2IF,T2,1.1868,True,local-nvme,Available,v2.2.1
2026-07-31,datacrunch,a100-sxm-40gb,A100,40GB,SXM,IB-HDR,2Y,NonInterruptible,Reserved,EU,EU,SIF,T2IF,T2,0.9675,True,local-nvme,Available,v2.2.1
2026-07-31,datacrunch,a100-sxm-40gb,A100,40GB,SXM,IB-HDR,3M,NonInterruptible,Reserved,EU,EU,SIF,T2IF,T2,1.2513,True,local-nvme,Available,v2.2.1
2026-07-31,datacrunch,a100-sxm-40gb,A100,40GB,SXM,IB-HDR,6M,NonInterruptible,Reserved,EU,EU,SIF,T2IF,T2,1.2384,True,local-nvme,Available,v2.2.1
2026-07-31,datacrunch,a100-sxm-40gb,A100,40GB,SXM,IB-HDR,OnDemand,Interruptible,Spot,EU,EU,DIF,T2IF,T2,0.4515,True,local-nvme,Available,v2.2.1
2026-07-31,e2e,a100-sxm-40gb,A100,40GB,SXM,Unknown,OnDemand,NonInterruptible,OnDemand,APAC,APAC,IIF,T3IF,T2,1.9800,True,managed-ops-plane,Available,v2.2.1
2026-07-31,e2e,a100-sxm-40gb,A100,40GB,SXM,Unknown,1M,NonInterruptible,Reserved,APAC,APAC,IIF,T3IF,T2,1.2542,True,managed-ops-plane,Available,v2.2.1
2026-07-31,e2e,a100-sxm-40gb,A100,40GB,SXM,Unknown,1Y,NonInterruptible,Reserved,APAC,APAC,IIF,T3IF,T2,1.1098,True,managed-ops-plane,Available,v2.2.1
2026-07-31,e2e,a100-sxm-40gb,A100,40GB,SXM,Unknown,3M,NonInterruptible,Reserved,APAC,APAC,IIF,T3IF,T2,1.2231,True,managed-ops-plane,Available,v2.2.1
2026-07-31,e2e,a100-sxm-40gb,A100,40GB,SXM,Unknown,6M,NonInterruptible,Reserved,APAC,APAC,IIF,T3IF,T2,1.1765,True,managed-ops-plane,Available,v2.2.1
2026-07-31,gcp,a100-sxm-40gb,A100,40GB,SXM,Ethernet,OnDemand,NonInterruptible,OnDemand,US-East,US,HIF,T3IF,T1,3.4837,True,local-nvme,Available,v2.2.1
2026-07-31,gcp,a100-sxm-40gb,A100,40GB,SXM,Ethernet,OnDemand,NonInterruptible,OnDemand,US-Central,US,HIF,T3IF,T1,3.4837,True,local-nvme,Available,v2.2.1
2026-07-31,gcp,a100-sxm-40gb,A100,40GB,SXM,Ethernet,OnDemand,NonInterruptible,OnDemand,US-South,US,HIF,T3IF,T1,4.1108,True,local-nvme,Available,v2.2.1
2026-07-31,gcp,a100-sxm-40gb,A100,40GB,SXM,Ethernet,OnDemand,NonInterruptible,OnDemand,US-West,US,HIF,T3IF,T1,3.4837,True,local-nvme,Available,v2.2.1
2026-07-31,gcp,a100-sxm-40gb,A100,40GB,SXM,Ethernet,1Y,NonInterruptible,Reserved,US-South,US,HIF,T3IF,T1,2.8298,True,local-nvme,Available,v2.2.1
2026-07-31,gcp,a100-sxm-40gb,A100,40GB,SXM,Ethernet,1Y,NonInterruptible,Reserved,US-East,US,HIF,T3IF,T1,2.3982,True,local-nvme,Available,v2.2.1
2026-07-31,gcp,a100-sxm-40gb,A100,40GB,SXM,Ethernet,1Y,NonInterruptible,Reserved,US-Central,US,HIF,T3IF,T1,2.3982,True,local-nvme,Available,v2.2.1
2026-07-31,gcp,a100-sxm-40gb,A100,40GB,SXM,Ethernet,1Y,NonInterruptible,Reserved,US-West,US,HIF,T3IF,T1,2.8448,True,local-nvme,Available,v2.2.1
2026-07-31,gcp,a100-sxm-40gb,A100,40GB,SXM,Ethernet,3Y,NonInterruptible,Reserved,US-Central,US,HIF,T3IF,T1,1.5767,True,local-nvme,Available,v2.2.1
2026-07-31,gcp,a100-sxm-40gb,A100,40GB,SXM,Ethernet,3Y,NonInterruptible,Reserved,US-West,US,HIF,T3IF,T1,1.8156,True,local-nvme,Available,v2.2.1
2026-07-31,gcp,a100-sxm-40gb,A100,40GB,SXM,Ethernet,3Y,NonInterruptible,Reserved,US-South,US,HIF,T3IF,T1,1.8605,True,local-nvme,Available,v2.2.1
2026-07-31,gcp,a100-sxm-40gb,A100,40GB,SXM,Ethernet,3Y,NonInterruptible,Reserved,US-East,US,HIF,T3IF,T1,1.7102,True,local-nvme,Available,v2.2.1
2026-07-31,gcp,a100-sxm-40gb,A100,40GB,SXM,Ethernet,OnDemand,Interruptible,Spot,US-East,US,DIF,T3IF,T1,1.8285,True,local-nvme,Available,v2.2.1
2026-07-31,gcp,a100-sxm-40gb,A100,40GB,SXM,Ethernet,OnDemand,Interruptible,Spot,US-Central,US,DIF,T3IF,T1,1.8285,True,local-nvme,Available,v2.2.1
2026-07-31,gcp,a100-sxm-40gb,A100,40GB,SXM,Ethernet,OnDemand,Interruptible,Spot,US-West,US,DIF,T3IF,T1,0.3688,True,local-nvme,Available,v2.2.1
2026-07-31,gcp,a100-sxm-40gb,A100,40GB,SXM,Ethernet,OnDemand,Interruptible,Spot,US-South,US,DIF,T3IF,T1,0.4078,True,local-nvme,Available,v2.2.1
2026-07-31,gcp_cud,a100-sxm-40gb,A100,40GB,SXM,Ethernet,1Y,NonInterruptible,Reserved,US-Central,US,HIF,T2IF,T1,1.8484,False,,Available,v2.2.1
2026-07-31,gcp_cud,a100-sxm-40gb,A100,40GB,SXM,Ethernet,1Y,NonInterruptible,Reserved,US-South,US,HIF,T2IF,T1,2.1811,False,,Available,v2.2.1
2026-07-31,gcp_cud,a100-sxm-40gb,A100,40GB,SXM,Ethernet,1Y,NonInterruptible,Reserved,US-West,US,HIF,T2IF,T1,2.1844,False,,Available,v2.2.1
2026-07-31,gcp_cud,a100-sxm-40gb,A100,40GB,SXM,Ethernet,1Y,NonInterruptible,Reserved,US-East,US,HIF,T2IF,T1,1.8484,False,,Available,v2.2.1
2026-07-31,gcp_cud,a100-sxm-40gb,A100,40GB,SXM,Ethernet,3Y,NonInterruptible,Reserved,US-South,US,HIF,T2IF,T1,1.2117,False,,Available,v2.2.1
2026-07-31,gcp_cud,a100-sxm-40gb,A100,40GB,SXM,Ethernet,3Y,NonInterruptible,Reserved,US-West,US,HIF,T2IF,T1,1.1552,False,,Available,v2.2.1
2026-07-31,gcp_cud,a100-sxm-40gb,A100,40GB,SXM,Ethernet,3Y,NonInterruptible,Reserved,US-Central,US,HIF,T2IF,T1,1.0269,False,,Available,v2.2.1
2026-07-31,gcp_cud,a100-sxm-40gb,A100,40GB,SXM,Ethernet,3Y,NonInterruptible,Reserved,US-East,US,HIF,T2IF,T1,1.0911,False,,Available,v2.2.1
2026-07-31,jarvislabs,a100-sxm-40gb,A100,40GB,SXM,Unknown,OnDemand,NonInterruptible,OnDemand,APAC,APAC,IIF,T3IF,T2,0.8900,False,,Available,v2.2.1
2026-07-31,oci,a100-sxm-40gb,A100,40GB,SXM,RoCE-v2,OnDemand,NonInterruptible,OnDemand,US-East,US,HIF,T2IF,T1,3.0500,True,local-nvme;egress-capped;managed-ops-plane;support-tier;observability,Available,v2.2.1
2026-07-31,paperspace,a100-sxm-40gb,A100,40GB,SXM,,OnDemand,NonInterruptible,OnDemand,Other,Other,SIF,T2IF,T2,3.0900,False,,Available,v2.2.1
2026-07-31,sesterce,a100-sxm-40gb,A100,40GB,SXM,Unknown,OnDemand,NonInterruptible,OnDemand,Other,Other,IIF,T2IF,T2,1.4960,False,,Available,v2.2.1
2026-08-01,aws,a100-sxm-40gb,A100,40GB,SXM,EFA,OnDemand,NonInterruptible,OnDemand,US-East,US,HIF,T2IF,T1,2.7447,True,local-nvme;managed-ops-plane;support-tier;observability,Available,v2.2.1
2026-08-01,aws,a100-sxm-40gb,A100,40GB,SXM,EFA,1Y,NonInterruptible,Reserved,US-East,US,HIF,T2IF,T1,1.7401,True,local-nvme;managed-ops-plane;support-tier;observability,Available,v2.2.1
2026-08-01,aws,a100-sxm-40gb,A100,40GB,SXM,EFA,3Y,NonInterruptible,Reserved,US-East,US,HIF,T2IF,T1,1.1718,True,local-nvme;managed-ops-plane;support-tier;observability,Available,v2.2.1
2026-08-01,aws,a100-sxm-40gb,A100,40GB,SXM,EFA,OnDemand,Interruptible,Spot,US-West,US,DIF,T2IF,T1,2.4296,False,,Available,v2.2.1
2026-08-01,aws,a100-sxm-40gb,A100,40GB,SXM,EFA,OnDemand,Interruptible,Spot,US-East,US,DIF,T2IF,T1,1.1198,False,,Available,v2.2.1
2026-08-01,azure_reservations,a100-sxm-40gb,A100,40GB,SXM,IB-HDR,OnDemand,NonInterruptible,OnDemand,US-South,US,HIF,T2IF,T1,4.0788,False,,Available,v2.2.1
2026-08-01,azure_reservations,a100-sxm-40gb,A100,40GB,SXM,IB-HDR,OnDemand,NonInterruptible,OnDemand,US-East,US,HIF,T2IF,T1,3.3996,False,,Available,v2.2.1
2026-08-01,azure_reservations,a100-sxm-40gb,A100,40GB,SXM,IB-HDR,OnDemand,NonInterruptible,OnDemand,US-West,US,HIF,T2IF,T1,3.3996,False,,Available,v2.2.1
2026-08-01,azure_reservations,a100-sxm-40gb,A100,40GB,SXM,IB-HDR,1Y,NonInterruptible,Reserved,US-West,US,HIF,T2IF,T1,2.3535,False,,Available,v2.2.1
2026-08-01,azure_reservations,a100-sxm-40gb,A100,40GB,SXM,IB-HDR,1Y,NonInterruptible,Reserved,EU,EU,HIF,T2IF,T1,3.0597,False,,Available,v2.2.1
2026-08-01,azure_reservations,a100-sxm-40gb,A100,40GB,SXM,IB-HDR,1Y,NonInterruptible,Reserved,US-East,US,HIF,T2IF,T1,2.3535,False,,Available,v2.2.1
2026-08-01,azure_reservations,a100-sxm-40gb,A100,40GB,SXM,IB-HDR,1Y,NonInterruptible,Reserved,Other,Other,HIF,T2IF,T1,3.0597,False,,Available,v2.2.1
2026-08-01,azure_reservations,a100-sxm-40gb,A100,40GB,SXM,IB-HDR,1Y,NonInterruptible,Reserved,US-South,US,HIF,T2IF,T1,2.8238,False,,Available,v2.2.1
2026-08-01,azure_reservations,a100-sxm-40gb,A100,40GB,SXM,IB-HDR,3Y,NonInterruptible,Reserved,US-South,US,HIF,T2IF,T1,1.6315,False,,Available,v2.2.1
2026-08-01,azure_reservations,a100-sxm-40gb,A100,40GB,SXM,IB-HDR,3Y,NonInterruptible,Reserved,US-West,US,HIF,T2IF,T1,1.3598,False,,Available,v2.2.1
2026-08-01,azure_reservations,a100-sxm-40gb,A100,40GB,SXM,IB-HDR,3Y,NonInterruptible,Reserved,US-East,US,HIF,T2IF,T1,1.3598,False,,Available,v2.2.1
2026-08-01,azure_reservations,a100-sxm-40gb,A100,40GB,SXM,IB-HDR,3Y,NonInterruptible,Reserved,Other,Other,HIF,T2IF,T1,1.7679,False,,Available,v2.2.1
2026-08-01,azure_reservations,a100-sxm-40gb,A100,40GB,SXM,IB-HDR,3Y,NonInterruptible,Reserved,EU,EU,HIF,T2IF,T1,1.7678,False,,Available,v2.2.1
2026-08-01,datacrunch,a100-sxm-40gb,A100,40GB,SXM,IB-HDR,OnDemand,NonInterruptible,OnDemand,EU,EU,SIF,T2IF,T2,1.2900,True,local-nvme,Available,v2.2.1
2026-08-01,datacrunch,a100-sxm-40gb,A100,40GB,SXM,IB-HDR,1M,NonInterruptible,Reserved,EU,EU,SIF,T2IF,T2,1.2642,True,local-nvme,Available,v2.2.1
2026-08-01,datacrunch,a100-sxm-40gb,A100,40GB,SXM,IB-HDR,1Y,NonInterruptible,Reserved,EU,EU,SIF,T2IF,T2,1.1868,True,local-nvme,Available,v2.2.1
2026-08-01,datacrunch,a100-sxm-40gb,A100,40GB,SXM,IB-HDR,2Y,NonInterruptible,Reserved,EU,EU,SIF,T2IF,T2,0.9675,True,local-nvme,Available,v2.2.1
2026-08-01,datacrunch,a100-sxm-40gb,A100,40GB,SXM,IB-HDR,3M,NonInterruptible,Reserved,EU,EU,SIF,T2IF,T2,1.2513,True,local-nvme,Available,v2.2.1
2026-08-01,datacrunch,a100-sxm-40gb,A100,40GB,SXM,IB-HDR,6M,NonInterruptible,Reserved,EU,EU,SIF,T2IF,T2,1.2384,True,local-nvme,Available,v2.2.1
2026-08-01,datacrunch,a100-sxm-40gb,A100,40GB,SXM,IB-HDR,OnDemand,Interruptible,Spot,EU,EU,DIF,T2IF,T2,0.4515,True,local-nvme,Available,v2.2.1
2026-08-01,e2e,a100-sxm-40gb,A100,40GB,SXM,Unknown,OnDemand,NonInterruptible,OnDemand,APAC,APAC,IIF,T3IF,T2,1.9800,True,managed-ops-plane,Available,v2.2.1
2026-08-01,e2e,a100-sxm-40gb,A100,40GB,SXM,Unknown,1M,NonInterruptible,Reserved,APAC,APAC,IIF,T3IF,T2,1.2542,True,managed-ops-plane,Available,v2.2.1
2026-08-01,e2e,a100-sxm-40gb,A100,40GB,SXM,Unknown,1Y,NonInterruptible,Reserved,APAC,APAC,IIF,T3IF,T2,1.1098,True,managed-ops-plane,Available,v2.2.1
2026-08-01,e2e,a100-sxm-40gb,A100,40GB,SXM,Unknown,3M,NonInterruptible,Reserved,APAC,APAC,IIF,T3IF,T2,1.2231,True,managed-ops-plane,Available,v2.2.1
2026-08-01,e2e,a100-sxm-40gb,A100,40GB,SXM,Unknown,6M,NonInterruptible,Reserved,APAC,APAC,IIF,T3IF,T2,1.1765,True,managed-ops-plane,Available,v2.2.1
2026-08-01,gcp,a100-sxm-40gb,A100,40GB,SXM,Ethernet,OnDemand,NonInterruptible,OnDemand,US-West,US,HIF,T3IF,T1,3.4837,True,local-nvme,Available,v2.2.1
2026-08-01,gcp,a100-sxm-40gb,A100,40GB,SXM,Ethernet,OnDemand,NonInterruptible,OnDemand,US-East,US,HIF,T3IF,T1,3.4837,True,local-nvme,Available,v2.2.1
2026-08-01,gcp,a100-sxm-40gb,A100,40GB,SXM,Ethernet,OnDemand,NonInterruptible,OnDemand,US-South,US,HIF,T3IF,T1,4.1108,True,local-nvme,Available,v2.2.1
2026-08-01,gcp,a100-sxm-40gb,A100,40GB,SXM,Ethernet,OnDemand,NonInterruptible,OnDemand,US-Central,US,HIF,T3IF,T1,3.4837,True,local-nvme,Available,v2.2.1
2026-08-01,gcp,a100-sxm-40gb,A100,40GB,SXM,Ethernet,1Y,NonInterruptible,Reserved,US-East,US,HIF,T3IF,T1,2.3982,True,local-nvme,Available,v2.2.1
2026-08-01,gcp,a100-sxm-40gb,A100,40GB,SXM,Ethernet,1Y,NonInterruptible,Reserved,US-South,US,HIF,T3IF,T1,2.8298,True,local-nvme,Available,v2.2.1
2026-08-01,gcp,a100-sxm-40gb,A100,40GB,SXM,Ethernet,1Y,NonInterruptible,Reserved,US-West,US,HIF,T3IF,T1,2.8448,True,local-nvme,Available,v2.2.1
2026-08-01,gcp,a100-sxm-40gb,A100,40GB,SXM,Ethernet,1Y,NonInterruptible,Reserved,US-Central,US,HIF,T3IF,T1,2.3982,True,local-nvme,Available,v2.2.1
2026-08-01,gcp,a100-sxm-40gb,A100,40GB,SXM,Ethernet,3Y,NonInterruptible,Reserved,US-South,US,HIF,T3IF,T1,1.8605,True,local-nvme,Available,v2.2.1
2026-08-01,gcp,a100-sxm-40gb,A100,40GB,SXM,Ethernet,3Y,NonInterruptible,Reserved,US-West,US,HIF,T3IF,T1,1.8156,True,local-nvme,Available,v2.2.1
2026-08-01,gcp,a100-sxm-40gb,A100,40GB,SXM,Ethernet,3Y,NonInterruptible,Reserved,US-East,US,HIF,T3IF,T1,1.7102,True,local-nvme,Available,v2.2.1
2026-08-01,gcp,a100-sxm-40gb,A100,40GB,SXM,Ethernet,3Y,NonInterruptible,Reserved,US-Central,US,HIF,T3IF,T1,1.5767,True,local-nvme,Available,v2.2.1
2026-08-01,gcp,a100-sxm-40gb,A100,40GB,SXM,Ethernet,OnDemand,Interruptible,Spot,US-West,US,DIF,T3IF,T1,0.3688,True,local-nvme,Available,v2.2.1
2026-08-01,gcp,a100-sxm-40gb,A100,40GB,SXM,Ethernet,OnDemand,Interruptible,Spot,US-East,US,DIF,T3IF,T1,1.8285,True,local-nvme,Available,v2.2.1
2026-08-01,gcp,a100-sxm-40gb,A100,40GB,SXM,Ethernet,OnDemand,Interruptible,Spot,US-Central,US,DIF,T3IF,T1,1.8285,True,local-nvme,Available,v2.2.1
2026-08-01,gcp,a100-sxm-40gb,A100,40GB,SXM,Ethernet,OnDemand,Interruptible,Spot,US-South,US,DIF,T3IF,T1,0.4078,True,local-nvme,Available,v2.2.1
2026-08-01,gcp_cud,a100-sxm-40gb,A100,40GB,SXM,Ethernet,1Y,NonInterruptible,Reserved,US-East,US,HIF,T2IF,T1,1.8484,False,,Available,v2.2.1
2026-08-01,gcp_cud,a100-sxm-40gb,A100,40GB,SXM,Ethernet,1Y,NonInterruptible,Reserved,US-Central,US,HIF,T2IF,T1,1.8484,False,,Available,v2.2.1
2026-08-01,gcp_cud,a100-sxm-40gb,A100,40GB,SXM,Ethernet,1Y,NonInterruptible,Reserved,US-South,US,HIF,T2IF,T1,2.1811,False,,Available,v2.2.1
2026-08-01,gcp_cud,a100-sxm-40gb,A100,40GB,SXM,Ethernet,1Y,NonInterruptible,Reserved,US-West,US,HIF,T2IF,T1,2.1844,False,,Available,v2.2.1
2026-08-01,gcp_cud,a100-sxm-40gb,A100,40GB,SXM,Ethernet,3Y,NonInterruptible,Reserved,US-Central,US,HIF,T2IF,T1,1.0269,False,,Available,v2.2.1
2026-08-01,gcp_cud,a100-sxm-40gb,A100,40GB,SXM,Ethernet,3Y,NonInterruptible,Reserved,US-West,US,HIF,T2IF,T1,1.1552,False,,Available,v2.2.1
2026-08-01,gcp_cud,a100-sxm-40gb,A100,40GB,SXM,Ethernet,3Y,NonInterruptible,Reserved,US-East,US,HIF,T2IF,T1,1.0911,False,,Available,v2.2.1
2026-08-01,gcp_cud,a100-sxm-40gb,A100,40GB,SXM,Ethernet,3Y,NonInterruptible,Reserved,US-South,US,HIF,T2IF,T1,1.2117,False,,Available,v2.2.1
2026-08-01,jarvislabs,a100-sxm-40gb,A100,40GB,SXM,Unknown,OnDemand,NonInterruptible,OnDemand,APAC,APAC,IIF,T3IF,T2,0.8900,False,,Available,v2.2.1
2026-08-01,oci,a100-sxm-40gb,A100,40GB,SXM,RoCE-v2,OnDemand,NonInterruptible,OnDemand,US-East,US,HIF,T2IF,T1,3.0500,True,local-nvme;egress-capped;managed-ops-plane;support-tier;observability,Available,v2.2.1
2026-08-01,paperspace,a100-sxm-40gb,A100,40GB,SXM,,OnDemand,NonInterruptible,OnDemand,Other,Other,SIF,T2IF,T2,3.0900,False,,Available,v2.2.1
2026-08-01,sesterce,a100-sxm-40gb,A100,40GB,SXM,Unknown,OnDemand,NonInterruptible,OnDemand,Other,Other,IIF,T2IF,T2,1.4960,False,,Available,v2.2.1
2026-08-02,aws,a100-sxm-40gb,A100,40GB,SXM,EFA,OnDemand,NonInterruptible,OnDemand,US-East,US,HIF,T2IF,T1,2.7447,True,local-nvme;managed-ops-plane;support-tier;observability,Available,v2.2.1
2026-08-02,aws,a100-sxm-40gb,A100,40GB,SXM,EFA,1Y,NonInterruptible,Reserved,US-East,US,HIF,T2IF,T1,1.7401,True,local-nvme;managed-ops-plane;support-tier;observability,Available,v2.2.1
2026-08-02,aws,a100-sxm-40gb,A100,40GB,SXM,EFA,3Y,NonInterruptible,Reserved,US-East,US,HIF,T2IF,T1,1.1718,True,local-nvme;managed-ops-plane;support-tier;observability,Available,v2.2.1
2026-08-02,aws,a100-sxm-40gb,A100,40GB,SXM,EFA,OnDemand,Interruptible,Spot,US-East,US,DIF,T2IF,T1,1.1778,False,,Available,v2.2.1
2026-08-02,aws,a100-sxm-40gb,A100,40GB,SXM,EFA,OnDemand,Interruptible,Spot,US-West,US,DIF,T2IF,T1,2.4451,False,,Available,v2.2.1
2026-08-02,azure_reservations,a100-sxm-40gb,A100,40GB,SXM,IB-HDR,OnDemand,NonInterruptible,OnDemand,US-West,US,HIF,T2IF,T1,3.3996,False,,Available,v2.2.1
2026-08-02,azure_reservations,a100-sxm-40gb,A100,40GB,SXM,IB-HDR,OnDemand,NonInterruptible,OnDemand,US-East,US,HIF,T2IF,T1,3.3996,False,,Available,v2.2.1
2026-08-02,azure_reservations,a100-sxm-40gb,A100,40GB,SXM,IB-HDR,OnDemand,NonInterruptible,OnDemand,US-South,US,HIF,T2IF,T1,4.0788,False,,Available,v2.2.1
2026-08-02,azure_reservations,a100-sxm-40gb,A100,40GB,SXM,IB-HDR,1Y,NonInterruptible,Reserved,US-East,US,HIF,T2IF,T1,2.3535,False,,Available,v2.2.1
2026-08-02,azure_reservations,a100-sxm-40gb,A100,40GB,SXM,IB-HDR,1Y,NonInterruptible,Reserved,Other,Other,HIF,T2IF,T1,3.0597,False,,Available,v2.2.1
2026-08-02,azure_reservations,a100-sxm-40gb,A100,40GB,SXM,IB-HDR,1Y,NonInterruptible,Reserved,US-South,US,HIF,T2IF,T1,2.8238,False,,Available,v2.2.1
2026-08-02,azure_reservations,a100-sxm-40gb,A100,40GB,SXM,IB-HDR,1Y,NonInterruptible,Reserved,EU,EU,HIF,T2IF,T1,3.0597,False,,Available,v2.2.1
2026-08-02,azure_reservations,a100-sxm-40gb,A100,40GB,SXM,IB-HDR,1Y,NonInterruptible,Reserved,US-West,US,HIF,T2IF,T1,2.3535,False,,Available,v2.2.1
2026-08-02,azure_reservations,a100-sxm-40gb,A100,40GB,SXM,IB-HDR,3Y,NonInterruptible,Reserved,US-South,US,HIF,T2IF,T1,1.6315,False,,Available,v2.2.1
2026-08-02,azure_reservations,a100-sxm-40gb,A100,40GB,SXM,IB-HDR,3Y,NonInterruptible,Reserved,US-East,US,HIF,T2IF,T1,1.3598,False,,Available,v2.2.1
2026-08-02,azure_reservations,a100-sxm-40gb,A100,40GB,SXM,IB-HDR,3Y,NonInterruptible,Reserved,US-West,US,HIF,T2IF,T1,1.3598,False,,Available,v2.2.1
2026-08-02,azure_reservations,a100-sxm-40gb,A100,40GB,SXM,IB-HDR,3Y,NonInterruptible,Reserved,Other,Other,HIF,T2IF,T1,1.7679,False,,Available,v2.2.1
2026-08-02,azure_reservations,a100-sxm-40gb,A100,40GB,SXM,IB-HDR,3Y,NonInterruptible,Reserved,EU,EU,HIF,T2IF,T1,1.7678,False,,Available,v2.2.1
2026-08-02,datacrunch,a100-sxm-40gb,A100,40GB,SXM,IB-HDR,OnDemand,NonInterruptible,OnDemand,EU,EU,SIF,T2IF,T2,1.2900,True,local-nvme,Available,v2.2.1
2026-08-02,datacrunch,a100-sxm-40gb,A100,40GB,SXM,IB-HDR,1M,NonInterruptible,Reserved,EU,EU,SIF,T2IF,T2,1.2642,True,local-nvme,Available,v2.2.1
2026-08-02,datacrunch,a100-sxm-40gb,A100,40GB,SXM,IB-HDR,1Y,NonInterruptible,Reserved,EU,EU,SIF,T2IF,T2,1.1868,True,local-nvme,Available,v2.2.1
2026-08-02,datacrunch,a100-sxm-40gb,A100,40GB,SXM,IB-HDR,2Y,NonInterruptible,Reserved,EU,EU,SIF,T2IF,T2,0.9675,True,local-nvme,Available,v2.2.1
2026-08-02,datacrunch,a100-sxm-40gb,A100,40GB,SXM,IB-HDR,3M,NonInterruptible,Reserved,EU,EU,SIF,T2IF,T2,1.2513,True,local-nvme,Available,v2.2.1
2026-08-02,datacrunch,a100-sxm-40gb,A100,40GB,SXM,IB-HDR,6M,NonInterruptible,Reserved,EU,EU,SIF,T2IF,T2,1.2384,True,local-nvme,Available,v2.2.1
2026-08-02,datacrunch,a100-sxm-40gb,A100,40GB,SXM,IB-HDR,OnDemand,Interruptible,Spot,EU,EU,DIF,T2IF,T2,0.4515,True,local-nvme,Available,v2.2.1
2026-08-02,e2e,a100-sxm-40gb,A100,40GB,SXM,Unknown,OnDemand,NonInterruptible,OnDemand,APAC,APAC,IIF,T3IF,T2,1.9800,True,managed-ops-plane,Available,v2.2.1
2026-08-02,e2e,a100-sxm-40gb,A100,40GB,SXM,Unknown,1M,NonInterruptible,Reserved,APAC,APAC,IIF,T3IF,T2,1.2542,True,managed-ops-plane,Available,v2.2.1
2026-08-02,e2e,a100-sxm-40gb,A100,40GB,SXM,Unknown,1Y,NonInterruptible,Reserved,APAC,APAC,IIF,T3IF,T2,1.1098,True,managed-ops-plane,Available,v2.2.1
2026-08-02,e2e,a100-sxm-40gb,A100,40GB,SXM,Unknown,3M,NonInterruptible,Reserved,APAC,APAC,IIF,T3IF,T2,1.2231,True,managed-ops-plane,Available,v2.2.1
2026-08-02,e2e,a100-sxm-40gb,A100,40GB,SXM,Unknown,6M,NonInterruptible,Reserved,APAC,APAC,IIF,T3IF,T2,1.1765,True,managed-ops-plane,Available,v2.2.1
2026-08-02,gcp,a100-sxm-40gb,A100,40GB,SXM,Ethernet,OnDemand,NonInterruptible,OnDemand,US-Central,US,HIF,T3IF,T1,3.4837,True,local-nvme,Available,v2.2.1
2026-08-02,gcp,a100-sxm-40gb,A100,40GB,SXM,Ethernet,OnDemand,NonInterruptible,OnDemand,US-East,US,HIF,T3IF,T1,3.4837,True,local-nvme,Available,v2.2.1
2026-08-02,gcp,a100-sxm-40gb,A100,40GB,SXM,Ethernet,OnDemand,NonInterruptible,OnDemand,US-West,US,HIF,T3IF,T1,3.4837,True,local-nvme,Available,v2.2.1
2026-08-02,gcp,a100-sxm-40gb,A100,40GB,SXM,Ethernet,OnDemand,NonInterruptible,OnDemand,US-South,US,HIF,T3IF,T1,4.1108,True,local-nvme,Available,v2.2.1
2026-08-02,gcp,a100-sxm-40gb,A100,40GB,SXM,Ethernet,1Y,NonInterruptible,Reserved,US-Central,US,HIF,T3IF,T1,2.3982,True,local-nvme,Available,v2.2.1
2026-08-02,gcp,a100-sxm-40gb,A100,40GB,SXM,Ethernet,1Y,NonInterruptible,Reserved,US-South,US,HIF,T3IF,T1,2.8298,True,local-nvme,Available,v2.2.1
2026-08-02,gcp,a100-sxm-40gb,A100,40GB,SXM,Ethernet,1Y,NonInterruptible,Reserved,US-West,US,HIF,T3IF,T1,2.8448,True,local-nvme,Available,v2.2.1
2026-08-02,gcp,a100-sxm-40gb,A100,40GB,SXM,Ethernet,1Y,NonInterruptible,Reserved,US-East,US,HIF,T3IF,T1,2.3982,True,local-nvme,Available,v2.2.1
2026-08-02,gcp,a100-sxm-40gb,A100,40GB,SXM,Ethernet,3Y,NonInterruptible,Reserved,US-Central,US,HIF,T3IF,T1,1.5767,True,local-nvme,Available,v2.2.1
2026-08-02,gcp,a100-sxm-40gb,A100,40GB,SXM,Ethernet,3Y,NonInterruptible,Reserved,US-West,US,HIF,T3IF,T1,1.8156,True,local-nvme,Available,v2.2.1
2026-08-02,gcp,a100-sxm-40gb,A100,40GB,SXM,Ethernet,3Y,NonInterruptible,Reserved,US-East,US,HIF,T3IF,T1,1.7102,True,local-nvme,Available,v2.2.1
2026-08-02,gcp,a100-sxm-40gb,A100,40GB,SXM,Ethernet,3Y,NonInterruptible,Reserved,US-South,US,HIF,T3IF,T1,1.8605,True,local-nvme,Available,v2.2.1
2026-08-02,gcp,a100-sxm-40gb,A100,40GB,SXM,Ethernet,OnDemand,Interruptible,Spot,US-East,US,DIF,T3IF,T1,1.8285,True,local-nvme,Available,v2.2.1
2026-08-02,gcp,a100-sxm-40gb,A100,40GB,SXM,Ethernet,OnDemand,Interruptible,Spot,US-West,US,DIF,T3IF,T1,0.3688,True,local-nvme,Available,v2.2.1
2026-08-02,gcp,a100-sxm-40gb,A100,40GB,SXM,Ethernet,OnDemand,Interruptible,Spot,US-Central,US,DIF,T3IF,T1,1.8285,True,local-nvme,Available,v2.2.1
2026-08-02,gcp,a100-sxm-40gb,A100,40GB,SXM,Ethernet,OnDemand,Interruptible,Spot,US-South,US,DIF,T3IF,T1,0.4078,True,local-nvme,Available,v2.2.1
2026-08-02,gcp_cud,a100-sxm-40gb,A100,40GB,SXM,Ethernet,1Y,NonInterruptible,Reserved,US-West,US,HIF,T2IF,T1,2.1844,False,,Available,v2.2.1
2026-08-02,gcp_cud,a100-sxm-40gb,A100,40GB,SXM,Ethernet,1Y,NonInterruptible,Reserved,US-Central,US,HIF,T2IF,T1,1.8484,False,,Available,v2.2.1
2026-08-02,gcp_cud,a100-sxm-40gb,A100,40GB,SXM,Ethernet,1Y,NonInterruptible,Reserved,US-South,US,HIF,T2IF,T1,2.1811,False,,Available,v2.2.1
2026-08-02,gcp_cud,a100-sxm-40gb,A100,40GB,SXM,Ethernet,1Y,NonInterruptible,Reserved,US-East,US,HIF,T2IF,T1,1.8484,False,,Available,v2.2.1
2026-08-02,gcp_cud,a100-sxm-40gb,A100,40GB,SXM,Ethernet,3Y,NonInterruptible,Reserved,US-West,US,HIF,T2IF,T1,1.1552,False,,Available,v2.2.1
2026-08-02,gcp_cud,a100-sxm-40gb,A100,40GB,SXM,Ethernet,3Y,NonInterruptible,Reserved,US-East,US,HIF,T2IF,T1,1.0911,False,,Available,v2.2.1
2026-08-02,gcp_cud,a100-sxm-40gb,A100,40GB,SXM,Ethernet,3Y,NonInterruptible,Reserved,US-Central,US,HIF,T2IF,T1,1.0269,False,,Available,v2.2.1
2026-08-02,gcp_cud,a100-sxm-40gb,A100,40GB,SXM,Ethernet,3Y,NonInterruptible,Reserved,US-South,US,HIF,T2IF,T1,1.2117,False,,Available,v2.2.1
2026-08-02,jarvislabs,a100-sxm-40gb,A100,40GB,SXM,Unknown,OnDemand,NonInterruptible,OnDemand,APAC,APAC,IIF,T3IF,T2,0.8900,False,,Available,v2.2.1
2026-08-02,oci,a100-sxm-40gb,A100,40GB,SXM,RoCE-v2,OnDemand,NonInterruptible,OnDemand,US-East,US,HIF,T2IF,T1,3.0500,True,local-nvme;egress-capped;managed-ops-plane;support-tier;observability,Available,v2.2.1
2026-08-02,paperspace,a100-sxm-40gb,A100,40GB,SXM,,OnDemand,NonInterruptible,OnDemand,Other,Other,SIF,T2IF,T2,3.0900,False,,Available,v2.2.1
2026-08-03,aws,a100-sxm-40gb,A100,40GB,SXM,EFA,OnDemand,NonInterruptible,OnDemand,US-East,US,HIF,T2IF,T1,2.7447,True,local-nvme;managed-ops-plane;support-tier;observability,Available,v2.2.1
2026-08-03,aws,a100-sxm-40gb,A100,40GB,SXM,EFA,1Y,NonInterruptible,Reserved,US-East,US,HIF,T2IF,T1,1.7401,True,local-nvme;managed-ops-plane;support-tier;observability,Available,v2.2.1
2026-08-03,aws,a100-sxm-40gb,A100,40GB,SXM,EFA,3Y,NonInterruptible,Reserved,US-East,US,HIF,T2IF,T1,1.1718,True,local-nvme;managed-ops-plane;support-tier;observability,Available,v2.2.1
2026-08-03,aws,a100-sxm-40gb,A100,40GB,SXM,EFA,OnDemand,Interruptible,Spot,US-East,US,DIF,T2IF,T1,1.2736,False,,Available,v2.2.1
2026-08-03,aws,a100-sxm-40gb,A100,40GB,SXM,EFA,OnDemand,Interruptible,Spot,US-West,US,DIF,T2IF,T1,2.4274,False,,Available,v2.2.1
2026-08-03,azure_reservations,a100-sxm-40gb,A100,40GB,SXM,IB-HDR,OnDemand,NonInterruptible,OnDemand,US-South,US,HIF,T2IF,T1,4.0788,False,,Available,v2.2.1
2026-08-03,azure_reservations,a100-sxm-40gb,A100,40GB,SXM,IB-HDR,OnDemand,NonInterruptible,OnDemand,US-West,US,HIF,T2IF,T1,3.3996,False,,Available,v2.2.1
2026-08-03,azure_reservations,a100-sxm-40gb,A100,40GB,SXM,IB-HDR,OnDemand,NonInterruptible,OnDemand,US-East,US,HIF,T2IF,T1,3.3996,False,,Available,v2.2.1
2026-08-03,azure_reservations,a100-sxm-40gb,A100,40GB,SXM,IB-HDR,1Y,NonInterruptible,Reserved,US-East,US,HIF,T2IF,T1,2.3535,False,,Available,v2.2.1
2026-08-03,azure_reservations,a100-sxm-40gb,A100,40GB,SXM,IB-HDR,1Y,NonInterruptible,Reserved,EU,EU,HIF,T2IF,T1,3.0597,False,,Available,v2.2.1
2026-08-03,azure_reservations,a100-sxm-40gb,A100,40GB,SXM,IB-HDR,1Y,NonInterruptible,Reserved,US-South,US,HIF,T2IF,T1,2.8238,False,,Available,v2.2.1
2026-08-03,azure_reservations,a100-sxm-40gb,A100,40GB,SXM,IB-HDR,1Y,NonInterruptible,Reserved,US-West,US,HIF,T2IF,T1,2.3535,False,,Available,v2.2.1
2026-08-03,azure_reservations,a100-sxm-40gb,A100,40GB,SXM,IB-HDR,1Y,NonInterruptible,Reserved,Other,Other,HIF,T2IF,T1,3.0597,False,,Available,v2.2.1
2026-08-03,azure_reservations,a100-sxm-40gb,A100,40GB,SXM,IB-HDR,3Y,NonInterruptible,Reserved,Other,Other,HIF,T2IF,T1,1.7679,False,,Available,v2.2.1
2026-08-03,azure_reservations,a100-sxm-40gb,A100,40GB,SXM,IB-HDR,3Y,NonInterruptible,Reserved,US-South,US,HIF,T2IF,T1,1.6315,False,,Available,v2.2.1
2026-08-03,azure_reservations,a100-sxm-40gb,A100,40GB,SXM,IB-HDR,3Y,NonInterruptible,Reserved,EU,EU,HIF,T2IF,T1,1.7678,False,,Available,v2.2.1
2026-08-03,azure_reservations,a100-sxm-40gb,A100,40GB,SXM,IB-HDR,3Y,NonInterruptible,Reserved,US-East,US,HIF,T2IF,T1,1.3598,False,,Available,v2.2.1
2026-08-03,azure_reservations,a100-sxm-40gb,A100,40GB,SXM,IB-HDR,3Y,NonInterruptible,Reserved,US-West,US,HIF,T2IF,T1,1.3598,False,,Available,v2.2.1
2026-08-03,datacrunch,a100-sxm-40gb,A100,40GB,SXM,IB-HDR,OnDemand,NonInterruptible,OnDemand,EU,EU,SIF,T2IF,T2,1.2900,True,local-nvme,Available,v2.2.1
2026-08-03,datacrunch,a100-sxm-40gb,A100,40GB,SXM,IB-HDR,1M,NonInterruptible,Reserved,EU,EU,SIF,T2IF,T2,1.2642,True,local-nvme,Available,v2.2.1
2026-08-03,datacrunch,a100-sxm-40gb,A100,40GB,SXM,IB-HDR,1Y,NonInterruptible,Reserved,EU,EU,SIF,T2IF,T2,1.1868,True,local-nvme,Available,v2.2.1
2026-08-03,datacrunch,a100-sxm-40gb,A100,40GB,SXM,IB-HDR,2Y,NonInterruptible,Reserved,EU,EU,SIF,T2IF,T2,0.9675,True,local-nvme,Available,v2.2.1
2026-08-03,datacrunch,a100-sxm-40gb,A100,40GB,SXM,IB-HDR,3M,NonInterruptible,Reserved,EU,EU,SIF,T2IF,T2,1.2513,True,local-nvme,Available,v2.2.1
2026-08-03,datacrunch,a100-sxm-40gb,A100,40GB,SXM,IB-HDR,6M,NonInterruptible,Reserved,EU,EU,SIF,T2IF,T2,1.2384,True,local-nvme,Available,v2.2.1
2026-08-03,datacrunch,a100-sxm-40gb,A100,40GB,SXM,IB-HDR,OnDemand,Interruptible,Spot,EU,EU,DIF,T2IF,T2,0.4515,True,local-nvme,Available,v2.2.1
2026-08-03,e2e,a100-sxm-40gb,A100,40GB,SXM,Unknown,OnDemand,NonInterruptible,OnDemand,APAC,APAC,IIF,T3IF,T2,1.9800,True,managed-ops-plane,Available,v2.2.1
2026-08-03,e2e,a100-sxm-40gb,A100,40GB,SXM,Unknown,1M,NonInterruptible,Reserved,APAC,APAC,IIF,T3IF,T2,1.2542,True,managed-ops-plane,Available,v2.2.1
2026-08-03,e2e,a100-sxm-40gb,A100,40GB,SXM,Unknown,1Y,NonInterruptible,Reserved,APAC,APAC,IIF,T3IF,T2,1.1098,True,managed-ops-plane,Available,v2.2.1
2026-08-03,e2e,a100-sxm-40gb,A100,40GB,SXM,Unknown,3M,NonInterruptible,Reserved,APAC,APAC,IIF,T3IF,T2,1.2231,True,managed-ops-plane,Available,v2.2.1
2026-08-03,e2e,a100-sxm-40gb,A100,40GB,SXM,Unknown,6M,NonInterruptible,Reserved,APAC,APAC,IIF,T3IF,T2,1.1765,True,managed-ops-plane,Available,v2.2.1
2026-08-03,gcp,a100-sxm-40gb,A100,40GB,SXM,Ethernet,OnDemand,NonInterruptible,OnDemand,US-East,US,HIF,T3IF,T1,3.4837,True,local-nvme,Available,v2.2.1
2026-08-03,gcp,a100-sxm-40gb,A100,40GB,SXM,Ethernet,OnDemand,NonInterruptible,OnDemand,US-Central,US,HIF,T3IF,T1,3.4837,True,local-nvme,Available,v2.2.1
2026-08-03,gcp,a100-sxm-40gb,A100,40GB,SXM,Ethernet,OnDemand,NonInterruptible,OnDemand,US-West,US,HIF,T3IF,T1,3.4837,True,local-nvme,Available,v2.2.1
2026-08-03,gcp,a100-sxm-40gb,A100,40GB,SXM,Ethernet,OnDemand,NonInterruptible,OnDemand,US-South,US,HIF,T3IF,T1,4.1108,True,local-nvme,Available,v2.2.1
2026-08-03,gcp,a100-sxm-40gb,A100,40GB,SXM,Ethernet,1Y,NonInterruptible,Reserved,US-East,US,HIF,T3IF,T1,2.3982,True,local-nvme,Available,v2.2.1
2026-08-03,gcp,a100-sxm-40gb,A100,40GB,SXM,Ethernet,1Y,NonInterruptible,Reserved,US-West,US,HIF,T3IF,T1,2.8448,True,local-nvme,Available,v2.2.1
2026-08-03,gcp,a100-sxm-40gb,A100,40GB,SXM,Ethernet,1Y,NonInterruptible,Reserved,US-South,US,HIF,T3IF,T1,2.8298,True,local-nvme,Available,v2.2.1
2026-08-03,gcp,a100-sxm-40gb,A100,40GB,SXM,Ethernet,1Y,NonInterruptible,Reserved,US-Central,US,HIF,T3IF,T1,2.3982,True,local-nvme,Available,v2.2.1
2026-08-03,gcp,a100-sxm-40gb,A100,40GB,SXM,Ethernet,3Y,NonInterruptible,Reserved,US-East,US,HIF,T3IF,T1,1.7102,True,local-nvme,Available,v2.2.1
2026-08-03,gcp,a100-sxm-40gb,A100,40GB,SXM,Ethernet,3Y,NonInterruptible,Reserved,US-Central,US,HIF,T3IF,T1,1.5767,True,local-nvme,Available,v2.2.1
2026-08-03,gcp,a100-sxm-40gb,A100,40GB,SXM,Ethernet,3Y,NonInterruptible,Reserved,US-West,US,HIF,T3IF,T1,1.8156,True,local-nvme,Available,v2.2.1
2026-08-03,gcp,a100-sxm-40gb,A100,40GB,SXM,Ethernet,3Y,NonInterruptible,Reserved,US-South,US,HIF,T3IF,T1,1.8605,True,local-nvme,Available,v2.2.1
2026-08-03,gcp,a100-sxm-40gb,A100,40GB,SXM,Ethernet,OnDemand,Interruptible,Spot,US-West,US,DIF,T3IF,T1,0.3688,True,local-nvme,Available,v2.2.1
2026-08-03,gcp,a100-sxm-40gb,A100,40GB,SXM,Ethernet,OnDemand,Interruptible,Spot,US-East,US,DIF,T3IF,T1,2.0113,True,local-nvme,Available,v2.2.1
2026-08-03,gcp,a100-sxm-40gb,A100,40GB,SXM,Ethernet,OnDemand,Interruptible,Spot,US-Central,US,DIF,T3IF,T1,2.0113,True,local-nvme,Available,v2.2.1
2026-08-03,gcp,a100-sxm-40gb,A100,40GB,SXM,Ethernet,OnDemand,Interruptible,Spot,US-South,US,DIF,T3IF,T1,0.3874,True,local-nvme,Available,v2.2.1
2026-08-03,gcp_cud,a100-sxm-40gb,A100,40GB,SXM,Ethernet,1Y,NonInterruptible,Reserved,US-South,US,HIF,T2IF,T1,2.1811,False,,Available,v2.2.1
2026-08-03,gcp_cud,a100-sxm-40gb,A100,40GB,SXM,Ethernet,1Y,NonInterruptible,Reserved,US-East,US,HIF,T2IF,T1,1.8484,False,,Available,v2.2.1
2026-08-03,gcp_cud,a100-sxm-40gb,A100,40GB,SXM,Ethernet,1Y,NonInterruptible,Reserved,US-Central,US,HIF,T2IF,T1,1.8484,False,,Available,v2.2.1
2026-08-03,gcp_cud,a100-sxm-40gb,A100,40GB,SXM,Ethernet,1Y,NonInterruptible,Reserved,US-West,US,HIF,T2IF,T1,2.1844,False,,Available,v2.2.1
2026-08-03,gcp_cud,a100-sxm-40gb,A100,40GB,SXM,Ethernet,3Y,NonInterruptible,Reserved,US-East,US,HIF,T2IF,T1,1.0911,False,,Available,v2.2.1
2026-08-03,gcp_cud,a100-sxm-40gb,A100,40GB,SXM,Ethernet,3Y,NonInterruptible,Reserved,US-Central,US,HIF,T2IF,T1,1.0269,False,,Available,v2.2.1
2026-08-03,gcp_cud,a100-sxm-40gb,A100,40GB,SXM,Ethernet,3Y,NonInterruptible,Reserved,US-West,US,HIF,T2IF,T1,1.1552,False,,Available,v2.2.1
2026-08-03,gcp_cud,a100-sxm-40gb,A100,40GB,SXM,Ethernet,3Y,NonInterruptible,Reserved,US-South,US,HIF,T2IF,T1,1.2117,False,,Available,v2.2.1
2026-08-03,oci,a100-sxm-40gb,A100,40GB,SXM,RoCE-v2,OnDemand,NonInterruptible,OnDemand,US-East,US,HIF,T2IF,T1,3.0500,True,local-nvme;egress-capped;managed-ops-plane;support-tier;observability,Available,v2.2.1
2026-08-03,paperspace,a100-sxm-40gb,A100,40GB,SXM,,OnDemand,NonInterruptible,OnDemand,Other,Other,SIF,T2IF,T2,3.0900,False,,Available,v2.2.1
2026-08-03,sesterce,a100-sxm-40gb,A100,40GB,SXM,Unknown,OnDemand,NonInterruptible,OnDemand,Other,Other,IIF,T2IF,T2,1.5400,False,,Available,v2.2.1
2026-08-04,aws,a100-sxm-40gb,A100,40GB,SXM,EFA,OnDemand,NonInterruptible,OnDemand,US-East,US,HIF,T2IF,T1,2.7447,True,local-nvme;managed-ops-plane;support-tier;observability,Available,v2.2.1
2026-08-04,aws,a100-sxm-40gb,A100,40GB,SXM,EFA,1Y,NonInterruptible,Reserved,US-East,US,HIF,T2IF,T1,1.7401,True,local-nvme;managed-ops-plane;support-tier;observability,Available,v2.2.1
2026-08-04,aws,a100-sxm-40gb,A100,40GB,SXM,EFA,3Y,NonInterruptible,Reserved,US-East,US,HIF,T2IF,T1,1.1718,True,local-nvme;managed-ops-plane;support-tier;observability,Available,v2.2.1
2026-08-04,aws,a100-sxm-40gb,A100,40GB,SXM,EFA,OnDemand,Interruptible,Spot,US-East,US,DIF,T2IF,T1,1.3652,False,,Available,v2.2.1
2026-08-04,aws,a100-sxm-40gb,A100,40GB,SXM,EFA,OnDemand,Interruptible,Spot,US-West,US,DIF,T2IF,T1,2.4276,False,,Available,v2.2.1
2026-08-04,azure_reservations,a100-sxm-40gb,A100,40GB,SXM,IB-HDR,OnDemand,NonInterruptible,OnDemand,US-East,US,HIF,T2IF,T1,3.3996,False,,Available,v2.2.1
2026-08-04,azure_reservations,a100-sxm-40gb,A100,40GB,SXM,IB-HDR,OnDemand,NonInterruptible,OnDemand,US-West,US,HIF,T2IF,T1,3.3996,False,,Available,v2.2.1
2026-08-04,azure_reservations,a100-sxm-40gb,A100,40GB,SXM,IB-HDR,OnDemand,NonInterruptible,OnDemand,US-South,US,HIF,T2IF,T1,4.0788,False,,Available,v2.2.1
2026-08-04,azure_reservations,a100-sxm-40gb,A100,40GB,SXM,IB-HDR,1Y,NonInterruptible,Reserved,Other,Other,HIF,T2IF,T1,3.0597,False,,Available,v2.2.1
2026-08-04,azure_reservations,a100-sxm-40gb,A100,40GB,SXM,IB-HDR,1Y,NonInterruptible,Reserved,US-East,US,HIF,T2IF,T1,2.3535,False,,Available,v2.2.1
2026-08-04,azure_reservations,a100-sxm-40gb,A100,40GB,SXM,IB-HDR,1Y,NonInterruptible,Reserved,EU,EU,HIF,T2IF,T1,3.0597,False,,Available,v2.2.1
2026-08-04,azure_reservations,a100-sxm-40gb,A100,40GB,SXM,IB-HDR,1Y,NonInterruptible,Reserved,US-South,US,HIF,T2IF,T1,2.8238,False,,Available,v2.2.1
2026-08-04,azure_reservations,a100-sxm-40gb,A100,40GB,SXM,IB-HDR,1Y,NonInterruptible,Reserved,US-West,US,HIF,T2IF,T1,2.3535,False,,Available,v2.2.1
2026-08-04,azure_reservations,a100-sxm-40gb,A100,40GB,SXM,IB-HDR,3Y,NonInterruptible,Reserved,EU,EU,HIF,T2IF,T1,1.7678,False,,Available,v2.2.1
2026-08-04,azure_reservations,a100-sxm-40gb,A100,40GB,SXM,IB-HDR,3Y,NonInterruptible,Reserved,US-West,US,HIF,T2IF,T1,1.3598,False,,Available,v2.2.1
2026-08-04,azure_reservations,a100-sxm-40gb,A100,40GB,SXM,IB-HDR,3Y,NonInterruptible,Reserved,US-South,US,HIF,T2IF,T1,1.6315,False,,Available,v2.2.1
2026-08-04,azure_reservations,a100-sxm-40gb,A100,40GB,SXM,IB-HDR,3Y,NonInterruptible,Reserved,Other,Other,HIF,T2IF,T1,1.7679,False,,Available,v2.2.1
2026-08-04,azure_reservations,a100-sxm-40gb,A100,40GB,SXM,IB-HDR,3Y,NonInterruptible,Reserved,US-East,US,HIF,T2IF,T1,1.3598,False,,Available,v2.2.1
2026-08-04,datacrunch,a100-sxm-40gb,A100,40GB,SXM,IB-HDR,OnDemand,NonInterruptible,OnDemand,EU,EU,SIF,T2IF,T2,1.2900,True,local-nvme,Available,v2.2.1
2026-08-04,datacrunch,a100-sxm-40gb,A100,40GB,SXM,IB-HDR,1M,NonInterruptible,Reserved,EU,EU,SIF,T2IF,T2,1.2642,True,local-nvme,Available,v2.2.1
2026-08-04,datacrunch,a100-sxm-40gb,A100,40GB,SXM,IB-HDR,1Y,NonInterruptible,Reserved,EU,EU,SIF,T2IF,T2,1.1868,True,local-nvme,Available,v2.2.1
2026-08-04,datacrunch,a100-sxm-40gb,A100,40GB,SXM,IB-HDR,2Y,NonInterruptible,Reserved,EU,EU,SIF,T2IF,T2,0.9675,True,local-nvme,Available,v2.2.1
2026-08-04,datacrunch,a100-sxm-40gb,A100,40GB,SXM,IB-HDR,3M,NonInterruptible,Reserved,EU,EU,SIF,T2IF,T2,1.2513,True,local-nvme,Available,v2.2.1
2026-08-04,datacrunch,a100-sxm-40gb,A100,40GB,SXM,IB-HDR,6M,NonInterruptible,Reserved,EU,EU,SIF,T2IF,T2,1.2384,True,local-nvme,Available,v2.2.1
2026-08-04,datacrunch,a100-sxm-40gb,A100,40GB,SXM,IB-HDR,OnDemand,Interruptible,Spot,EU,EU,DIF,T2IF,T2,0.4515,True,local-nvme,Available,v2.2.1
2026-08-04,e2e,a100-sxm-40gb,A100,40GB,SXM,Unknown,OnDemand,NonInterruptible,OnDemand,APAC,APAC,IIF,T3IF,T2,1.9800,True,managed-ops-plane,Available,v2.2.1
2026-08-04,e2e,a100-sxm-40gb,A100,40GB,SXM,Unknown,1M,NonInterruptible,Reserved,APAC,APAC,IIF,T3IF,T2,1.2542,True,managed-ops-plane,Available,v2.2.1
2026-08-04,e2e,a100-sxm-40gb,A100,40GB,SXM,Unknown,1Y,NonInterruptible,Reserved,APAC,APAC,IIF,T3IF,T2,1.1098,True,managed-ops-plane,Available,v2.2.1
2026-08-04,e2e,a100-sxm-40gb,A100,40GB,SXM,Unknown,3M,NonInterruptible,Reserved,APAC,APAC,IIF,T3IF,T2,1.2231,True,managed-ops-plane,Available,v2.2.1
2026-08-04,e2e,a100-sxm-40gb,A100,40GB,SXM,Unknown,6M,NonInterruptible,Reserved,APAC,APAC,IIF,T3IF,T2,1.1765,True,managed-ops-plane,Available,v2.2.1
2026-08-04,gcp,a100-sxm-40gb,A100,40GB,SXM,Ethernet,OnDemand,NonInterruptible,OnDemand,US-West,US,HIF,T3IF,T1,3.4837,True,local-nvme,Available,v2.2.1
2026-08-04,gcp,a100-sxm-40gb,A100,40GB,SXM,Ethernet,OnDemand,NonInterruptible,OnDemand,US-Central,US,HIF,T3IF,T1,3.4837,True,local-nvme,Available,v2.2.1
2026-08-04,gcp,a100-sxm-40gb,A100,40GB,SXM,Ethernet,OnDemand,NonInterruptible,OnDemand,US-South,US,HIF,T3IF,T1,4.1108,True,local-nvme,Available,v2.2.1
2026-08-04,gcp,a100-sxm-40gb,A100,40GB,SXM,Ethernet,OnDemand,NonInterruptible,OnDemand,US-East,US,HIF,T3IF,T1,3.4837,True,local-nvme,Available,v2.2.1
2026-08-04,gcp,a100-sxm-40gb,A100,40GB,SXM,Ethernet,1Y,NonInterruptible,Reserved,US-East,US,HIF,T3IF,T1,2.3982,True,local-nvme,Available,v2.2.1
2026-08-04,gcp,a100-sxm-40gb,A100,40GB,SXM,Ethernet,1Y,NonInterruptible,Reserved,US-South,US,HIF,T3IF,T1,2.8298,True,local-nvme,Available,v2.2.1
2026-08-04,gcp,a100-sxm-40gb,A100,40GB,SXM,Ethernet,1Y,NonInterruptible,Reserved,US-Central,US,HIF,T3IF,T1,2.3982,True,local-nvme,Available,v2.2.1
2026-08-04,gcp,a100-sxm-40gb,A100,40GB,SXM,Ethernet,1Y,NonInterruptible,Reserved,US-West,US,HIF,T3IF,T1,2.8448,True,local-nvme,Available,v2.2.1
2026-08-04,gcp,a100-sxm-40gb,A100,40GB,SXM,Ethernet,3Y,NonInterruptible,Reserved,US-Central,US,HIF,T3IF,T1,1.5767,True,local-nvme,Available,v2.2.1
2026-08-04,gcp,a100-sxm-40gb,A100,40GB,SXM,Ethernet,3Y,NonInterruptible,Reserved,US-East,US,HIF,T3IF,T1,1.7102,True,local-nvme,Available,v2.2.1
2026-08-04,gcp,a100-sxm-40gb,A100,40GB,SXM,Ethernet,3Y,NonInterruptible,Reserved,US-West,US,HIF,T3IF,T1,1.8156,True,local-nvme,Available,v2.2.1
2026-08-04,gcp,a100-sxm-40gb,A100,40GB,SXM,Ethernet,3Y,NonInterruptible,Reserved,US-South,US,HIF,T3IF,T1,1.8605,True,local-nvme,Available,v2.2.1
2026-08-04,gcp,a100-sxm-40gb,A100,40GB,SXM,Ethernet,OnDemand,Interruptible,Spot,US-South,US,DIF,T3IF,T1,0.3874,True,local-nvme,Available,v2.2.1
2026-08-04,gcp,a100-sxm-40gb,A100,40GB,SXM,Ethernet,OnDemand,Interruptible,Spot,US-Central,US,DIF,T3IF,T1,2.0113,True,local-nvme,Available,v2.2.1
2026-08-04,gcp,a100-sxm-40gb,A100,40GB,SXM,Ethernet,OnDemand,Interruptible,Spot,US-East,US,DIF,T3IF,T1,2.0113,True,local-nvme,Available,v2.2.1
2026-08-04,gcp,a100-sxm-40gb,A100,40GB,SXM,Ethernet,OnDemand,Interruptible,Spot,US-West,US,DIF,T3IF,T1,0.3688,True,local-nvme,Available,v2.2.1
2026-08-04,gcp_cud,a100-sxm-40gb,A100,40GB,SXM,Ethernet,1Y,NonInterruptible,Reserved,US-South,US,HIF,T2IF,T1,2.1811,False,,Available,v2.2.1
2026-08-04,gcp_cud,a100-sxm-40gb,A100,40GB,SXM,Ethernet,1Y,NonInterruptible,Reserved,US-West,US,HIF,T2IF,T1,2.1844,False,,Available,v2.2.1
2026-08-04,gcp_cud,a100-sxm-40gb,A100,40GB,SXM,Ethernet,1Y,NonInterruptible,Reserved,US-Central,US,HIF,T2IF,T1,1.8484,False,,Available,v2.2.1
2026-08-04,gcp_cud,a100-sxm-40gb,A100,40GB,SXM,Ethernet,1Y,NonInterruptible,Reserved,US-East,US,HIF,T2IF,T1,1.8484,False,,Available,v2.2.1
2026-08-04,gcp_cud,a100-sxm-40gb,A100,40GB,SXM,Ethernet,3Y,NonInterruptible,Reserved,US-Central,US,HIF,T2IF,T1,1.0269,False,,Available,v2.2.1
2026-08-04,gcp_cud,a100-sxm-40gb,A100,40GB,SXM,Ethernet,3Y,NonInterruptible,Reserved,US-West,US,HIF,T2IF,T1,1.1552,False,,Available,v2.2.1
2026-08-04,gcp_cud,a100-sxm-40gb,A100,40GB,SXM,Ethernet,3Y,NonInterruptible,Reserved,US-South,US,HIF,T2IF,T1,1.2117,False,,Available,v2.2.1
2026-08-04,gcp_cud,a100-sxm-40gb,A100,40GB,SXM,Ethernet,3Y,NonInterruptible,Reserved,US-East,US,HIF,T2IF,T1,1.0911,False,,Available,v2.2.1
2026-08-04,gcp_dws,a100-sxm-40gb,A100,40GB,SXM,Ethernet,FlexStart,NonInterruptible,Reserved,US-Central,US,HIF,T2IF,T1,2.0000,False,,Available,v2.2.1
2026-08-04,oci,a100-sxm-40gb,A100,40GB,SXM,RoCE-v2,OnDemand,NonInterruptible,OnDemand,US-East,US,HIF,T2IF,T1,3.0500,True,local-nvme;egress-capped;managed-ops-plane;support-tier;observability,Available,v2.2.1
2026-08-04,paperspace,a100-sxm-40gb,A100,40GB,SXM,,OnDemand,NonInterruptible,OnDemand,Other,Other,SIF,T2IF,T2,3.0900,False,,Available,v2.2.1
2026-08-05,aws,a100-sxm-40gb,A100,40GB,SXM,EFA,OnDemand,NonInterruptible,OnDemand,US-East,US,HIF,T2IF,T1,2.7447,True,local-nvme;managed-ops-plane;support-tier;observability,Available,v2.2.1
2026-08-05,aws,a100-sxm-40gb,A100,40GB,SXM,EFA,1Y,NonInterruptible,Reserved,US-East,US,HIF,T2IF,T1,1.7401,True,local-nvme;managed-ops-plane;support-tier;observability,Available,v2.2.1
2026-08-05,aws,a100-sxm-40gb,A100,40GB,SXM,EFA,3Y,NonInterruptible,Reserved,US-East,US,HIF,T2IF,T1,1.1718,True,local-nvme;managed-ops-plane;support-tier;observability,Available,v2.2.1
2026-08-05,aws,a100-sxm-40gb,A100,40GB,SXM,EFA,OnDemand,Interruptible,Spot,US-West,US,DIF,T2IF,T1,2.4089,False,,Available,v2.2.1
2026-08-05,aws,a100-sxm-40gb,A100,40GB,SXM,EFA,OnDemand,Interruptible,Spot,US-East,US,DIF,T2IF,T1,1.4118,False,,Available,v2.2.1
2026-08-05,azure_reservations,a100-sxm-40gb,A100,40GB,SXM,IB-HDR,OnDemand,NonInterruptible,OnDemand,US-East,US,HIF,T2IF,T1,3.3996,False,,Available,v2.2.1
2026-08-05,azure_reservations,a100-sxm-40gb,A100,40GB,SXM,IB-HDR,OnDemand,NonInterruptible,OnDemand,US-West,US,HIF,T2IF,T1,3.3996,False,,Available,v2.2.1
2026-08-05,azure_reservations,a100-sxm-40gb,A100,40GB,SXM,IB-HDR,OnDemand,NonInterruptible,OnDemand,US-South,US,HIF,T2IF,T1,4.0788,False,,Available,v2.2.1
2026-08-05,azure_reservations,a100-sxm-40gb,A100,40GB,SXM,IB-HDR,1Y,NonInterruptible,Reserved,US-South,US,HIF,T2IF,T1,2.8238,False,,Available,v2.2.1
2026-08-05,azure_reservations,a100-sxm-40gb,A100,40GB,SXM,IB-HDR,1Y,NonInterruptible,Reserved,US-West,US,HIF,T2IF,T1,2.3535,False,,Available,v2.2.1
2026-08-05,azure_reservations,a100-sxm-40gb,A100,40GB,SXM,IB-HDR,1Y,NonInterruptible,Reserved,US-East,US,HIF,T2IF,T1,2.3535,False,,Available,v2.2.1
2026-08-05,azure_reservations,a100-sxm-40gb,A100,40GB,SXM,IB-HDR,1Y,NonInterruptible,Reserved,Other,Other,HIF,T2IF,T1,3.0597,False,,Available,v2.2.1
2026-08-05,azure_reservations,a100-sxm-40gb,A100,40GB,SXM,IB-HDR,1Y,NonInterruptible,Reserved,EU,EU,HIF,T2IF,T1,3.0597,False,,Available,v2.2.1
2026-08-05,azure_reservations,a100-sxm-40gb,A100,40GB,SXM,IB-HDR,3Y,NonInterruptible,Reserved,US-South,US,HIF,T2IF,T1,1.6315,False,,Available,v2.2.1
2026-08-05,azure_reservations,a100-sxm-40gb,A100,40GB,SXM,IB-HDR,3Y,NonInterruptible,Reserved,US-West,US,HIF,T2IF,T1,1.3598,False,,Available,v2.2.1
2026-08-05,azure_reservations,a100-sxm-40gb,A100,40GB,SXM,IB-HDR,3Y,NonInterruptible,Reserved,US-East,US,HIF,T2IF,T1,1.3598,False,,Available,v2.2.1
2026-08-05,azure_reservations,a100-sxm-40gb,A100,40GB,SXM,IB-HDR,3Y,NonInterruptible,Reserved,EU,EU,HIF,T2IF,T1,1.7678,False,,Available,v2.2.1
2026-08-05,azure_reservations,a100-sxm-40gb,A100,40GB,SXM,IB-HDR,3Y,NonInterruptible,Reserved,Other,Other,HIF,T2IF,T1,1.7679,False,,Available,v2.2.1
2026-08-05,datacrunch,a100-sxm-40gb,A100,40GB,SXM,IB-HDR,OnDemand,NonInterruptible,OnDemand,EU,EU,SIF,T2IF,T2,1.2900,True,local-nvme,Available,v2.2.1
2026-08-05,datacrunch,a100-sxm-40gb,A100,40GB,SXM,IB-HDR,1M,NonInterruptible,Reserved,EU,EU,SIF,T2IF,T2,1.2642,True,local-nvme,Available,v2.2.1
2026-08-05,datacrunch,a100-sxm-40gb,A100,40GB,SXM,IB-HDR,1Y,NonInterruptible,Reserved,EU,EU,SIF,T2IF,T2,1.1868,True,local-nvme,Available,v2.2.1
2026-08-05,datacrunch,a100-sxm-40gb,A100,40GB,SXM,IB-HDR,2Y,NonInterruptible,Reserved,EU,EU,SIF,T2IF,T2,0.9675,True,local-nvme,Available,v2.2.1
2026-08-05,datacrunch,a100-sxm-40gb,A100,40GB,SXM,IB-HDR,3M,NonInterruptible,Reserved,EU,EU,SIF,T2IF,T2,1.2513,True,local-nvme,Available,v2.2.1
2026-08-05,datacrunch,a100-sxm-40gb,A100,40GB,SXM,IB-HDR,6M,NonInterruptible,Reserved,EU,EU,SIF,T2IF,T2,1.2384,True,local-nvme,Available,v2.2.1
2026-08-05,datacrunch,a100-sxm-40gb,A100,40GB,SXM,IB-HDR,OnDemand,Interruptible,Spot,EU,EU,DIF,T2IF,T2,0.4515,True,local-nvme,Available,v2.2.1
2026-08-05,e2e,a100-sxm-40gb,A100,40GB,SXM,Unknown,OnDemand,NonInterruptible,OnDemand,APAC,APAC,IIF,T3IF,T2,1.9800,True,managed-ops-plane,Available,v2.2.1
2026-08-05,e2e,a100-sxm-40gb,A100,40GB,SXM,Unknown,1M,NonInterruptible,Reserved,APAC,APAC,IIF,T3IF,T2,1.2542,True,managed-ops-plane,Available,v2.2.1
2026-08-05,e2e,a100-sxm-40gb,A100,40GB,SXM,Unknown,1Y,NonInterruptible,Reserved,APAC,APAC,IIF,T3IF,T2,1.1098,True,managed-ops-plane,Available,v2.2.1
2026-08-05,e2e,a100-sxm-40gb,A100,40GB,SXM,Unknown,3M,NonInterruptible,Reserved,APAC,APAC,IIF,T3IF,T2,1.2231,True,managed-ops-plane,Available,v2.2.1
2026-08-05,e2e,a100-sxm-40gb,A100,40GB,SXM,Unknown,6M,NonInterruptible,Reserved,APAC,APAC,IIF,T3IF,T2,1.1765,True,managed-ops-plane,Available,v2.2.1
2026-08-05,gcp,a100-sxm-40gb,A100,40GB,SXM,Ethernet,OnDemand,NonInterruptible,OnDemand,US-South,US,HIF,T3IF,T1,4.1108,True,local-nvme,Available,v2.2.1
2026-08-05,gcp,a100-sxm-40gb,A100,40GB,SXM,Ethernet,OnDemand,NonInterruptible,OnDemand,US-East,US,HIF,T3IF,T1,3.4837,True,local-nvme,Available,v2.2.1
2026-08-05,gcp,a100-sxm-40gb,A100,40GB,SXM,Ethernet,OnDemand,NonInterruptible,OnDemand,US-Central,US,HIF,T3IF,T1,3.4837,True,local-nvme,Available,v2.2.1
2026-08-05,gcp,a100-sxm-40gb,A100,40GB,SXM,Ethernet,OnDemand,NonInterruptible,OnDemand,US-West,US,HIF,T3IF,T1,3.4837,True,local-nvme,Available,v2.2.1
2026-08-05,gcp,a100-sxm-40gb,A100,40GB,SXM,Ethernet,1Y,NonInterruptible,Reserved,US-West,US,HIF,T3IF,T1,2.8448,True,local-nvme,Available,v2.2.1
2026-08-05,gcp,a100-sxm-40gb,A100,40GB,SXM,Ethernet,1Y,NonInterruptible,Reserved,US-East,US,HIF,T3IF,T1,2.3982,True,local-nvme,Available,v2.2.1
2026-08-05,gcp,a100-sxm-40gb,A100,40GB,SXM,Ethernet,1Y,NonInterruptible,Reserved,US-South,US,HIF,T3IF,T1,2.8298,True,local-nvme,Available,v2.2.1
2026-08-05,gcp,a100-sxm-40gb,A100,40GB,SXM,Ethernet,1Y,NonInterruptible,Reserved,US-Central,US,HIF,T3IF,T1,2.3982,True,local-nvme,Available,v2.2.1
2026-08-05,gcp,a100-sxm-40gb,A100,40GB,SXM,Ethernet,3Y,NonInterruptible,Reserved,US-West,US,HIF,T3IF,T1,1.8156,True,local-nvme,Available,v2.2.1
2026-08-05,gcp,a100-sxm-40gb,A100,40GB,SXM,Ethernet,3Y,NonInterruptible,Reserved,US-East,US,HIF,T3IF,T1,1.7102,True,local-nvme,Available,v2.2.1
2026-08-05,gcp,a100-sxm-40gb,A100,40GB,SXM,Ethernet,3Y,NonInterruptible,Reserved,US-South,US,HIF,T3IF,T1,1.8605,True,local-nvme,Available,v2.2.1
2026-08-05,gcp,a100-sxm-40gb,A100,40GB,SXM,Ethernet,3Y,NonInterruptible,Reserved,US-Central,US,HIF,T3IF,T1,1.5767,True,local-nvme,Available,v2.2.1
2026-08-05,gcp,a100-sxm-40gb,A100,40GB,SXM,Ethernet,OnDemand,Interruptible,Spot,US-South,US,DIF,T3IF,T1,0.3874,True,local-nvme,Available,v2.2.1
2026-08-05,gcp,a100-sxm-40gb,A100,40GB,SXM,Ethernet,OnDemand,Interruptible,Spot,US-East,US,DIF,T3IF,T1,2.0113,True,local-nvme,Available,v2.2.1
2026-08-05,gcp,a100-sxm-40gb,A100,40GB,SXM,Ethernet,OnDemand,Interruptible,Spot,US-Central,US,DIF,T3IF,T1,2.0113,True,local-nvme,Available,v2.2.1
2026-08-05,gcp,a100-sxm-40gb,A100,40GB,SXM,Ethernet,OnDemand,Interruptible,Spot,US-West,US,DIF,T3IF,T1,0.3688,True,local-nvme,Available,v2.2.1
2026-08-05,gcp_cud,a100-sxm-40gb,A100,40GB,SXM,Ethernet,1Y,NonInterruptible,Reserved,US-East,US,HIF,T2IF,T1,1.8484,False,,Available,v2.2.1
2026-08-05,gcp_cud,a100-sxm-40gb,A100,40GB,SXM,Ethernet,1Y,NonInterruptible,Reserved,US-South,US,HIF,T2IF,T1,2.1811,False,,Available,v2.2.1
2026-08-05,gcp_cud,a100-sxm-40gb,A100,40GB,SXM,Ethernet,1Y,NonInterruptible,Reserved,US-West,US,HIF,T2IF,T1,2.1844,False,,Available,v2.2.1
2026-08-05,gcp_cud,a100-sxm-40gb,A100,40GB,SXM,Ethernet,1Y,NonInterruptible,Reserved,US-Central,US,HIF,T2IF,T1,1.8484,False,,Available,v2.2.1
2026-08-05,gcp_cud,a100-sxm-40gb,A100,40GB,SXM,Ethernet,3Y,NonInterruptible,Reserved,US-East,US,HIF,T2IF,T1,1.0911,False,,Available,v2.2.1
2026-08-05,gcp_cud,a100-sxm-40gb,A100,40GB,SXM,Ethernet,3Y,NonInterruptible,Reserved,US-Central,US,HIF,T2IF,T1,1.0269,False,,Available,v2.2.1
2026-08-05,gcp_cud,a100-sxm-40gb,A100,40GB,SXM,Ethernet,3Y,NonInterruptible,Reserved,US-West,US,HIF,T2IF,T1,1.1552,False,,Available,v2.2.1
2026-08-05,gcp_cud,a100-sxm-40gb,A100,40GB,SXM,Ethernet,3Y,NonInterruptible,Reserved,US-South,US,HIF,T2IF,T1,1.2117,False,,Available,v2.2.1
2026-08-05,gcp_dws,a100-sxm-40gb,A100,40GB,SXM,Ethernet,FlexStart,NonInterruptible,Reserved,US-Central,US,HIF,T2IF,T1,2.0000,False,,Available,v2.2.1
2026-08-05,oci,a100-sxm-40gb,A100,40GB,SXM,RoCE-v2,OnDemand,NonInterruptible,OnDemand,US-East,US,HIF,T2IF,T1,3.0500,True,local-nvme;egress-capped;managed-ops-plane;support-tier;observability,Available,v2.2.1
2026-08-05,paperspace,a100-sxm-40gb,A100,40GB,SXM,,OnDemand,NonInterruptible,OnDemand,Other,Other,SIF,T2IF,T2,3.0900,False,,Available,v2.2.1
2026-08-05,sesterce,a100-sxm-40gb,A100,40GB,SXM,Unknown,OnDemand,NonInterruptible,OnDemand,Other,Other,IIF,T2IF,T2,1.5400,False,,Available,v2.2.1
