observation_date,provider,gpu,variant,price_usd_per_gpu_hr,term,currency,per_gpu_derivation,archive,source_ref,notes
2017-10-20,Paperspace,V100,16GB,2.30,on-demand,USD,per-machine hourly; 1 GPU per machine,wayback,https://web.archive.org/web/20171020032416/https://www.paperspace.com/pricing,FIRST APPEARANCE of V100 (absent in 2017-09-11 snapshot); $980/mo subscription alternative also posted; +$5/mo storage fee
2017-12-07,Paperspace,V100,16GB,2.30,on-demand,USD,per-machine hourly; 1 GPU per machine,wayback,https://web.archive.org/web/20171207080114/https://www.paperspace.com/pricing,monthly plan $980/mo; P6000 $0.90/hr; P5000 $0.65/hr
2018-03-08,Paperspace,V100,16GB,2.30,on-demand,USD,per-machine hourly; 1 GPU per machine,wayback,https://web.archive.org/web/20180308111724/https://www.paperspace.com/pricing,unchanged; monthly $980
2018-06-08,AWS,V100,16GB (p3.2xlarge),3.0600,on-demand,USD,p3.2xlarge $3.06/hr / 1 GPU,wayback,https://web.archive.org/web/20180608204946/https://aws.amazon.com/ec2/instance-types/p3/,"US East (N. Virginia), Linux; launch (Oct 2017) list price unchanged"
2018-06-08,AWS,V100,16GB (p3.2xlarge),1.9900,reserved-1yr,USD,p3.2xlarge $1.99/hr / 1 GPU,wayback,https://web.archive.org/web/20180608204946/https://aws.amazon.com/ec2/instance-types/p3/,"1-yr Reserved Instance effective hourly, US East (N. Virginia), Linux"
2018-06-08,AWS,V100,16GB (p3.2xlarge),1.23,reserved-3yr,USD,p3.2xlarge $1.23/hr / 1 GPU,wayback,https://web.archive.org/web/20180608204946/https://aws.amazon.com/ec2/instance-types/p3/,"3-yr Reserved Instance effective hourly, US East (N. Virginia), Linux; 3-yr effective dropped $1.23->$1.05 between Jun 2018 and Jan 2019"
2018-06-08,AWS,V100,16GB (p3.16xlarge),3.0600,on-demand,USD,p3.16xlarge $24.48/hr / 8 GPUs,wayback,https://web.archive.org/web/20180608204946/https://aws.amazon.com/ec2/instance-types/p3/,"US East (N. Virginia), Linux; exactly 8x the p3.2xlarge rate (linear per-GPU pricing)"
2018-09-04,Paperspace,V100,16GB,2.30,on-demand,USD,per-machine hourly; 1 GPU per machine,wayback,https://web.archive.org/web/20180904095746/https://www.paperspace.com/pricing,CORE VM rate; monthly plan rose $980->$1343; Gradient section separately lists V100 $2.89/hr and V100x8 $20.99/hr (=$2.62/GPU derived)
2018-09-04,Paperspace,V100,16GB Gradient x8,2.62,on-demand,USD,derived: V100x8 machine $20.99/hr / 8 GPUs,wayback,https://web.archive.org/web/20180904095746/https://www.paperspace.com/pricing,Gradient (ML platform) instance; single-GPU Gradient V100 posted $2.89/hr; multi-GPU per-GPU rate differs from 1x
2019-01-04,AWS,V100,16GB (p3.2xlarge),3.0600,on-demand,USD,p3.2xlarge $3.06/hr / 1 GPU,wayback,https://web.archive.org/web/20190104034419/https://aws.amazon.com/ec2/instance-types/p3/,"US East (N. Virginia), Linux; launch (Oct 2017) list price unchanged"
2019-01-04,AWS,V100,16GB (p3.2xlarge),1.9900,reserved-1yr,USD,p3.2xlarge $1.99/hr / 1 GPU,wayback,https://web.archive.org/web/20190104034419/https://aws.amazon.com/ec2/instance-types/p3/,"1-yr Reserved Instance effective hourly, US East (N. Virginia), Linux"
2019-01-04,AWS,V100,16GB (p3.2xlarge),1.05,reserved-3yr,USD,p3.2xlarge $1.05/hr / 1 GPU,wayback,https://web.archive.org/web/20190104034419/https://aws.amazon.com/ec2/instance-types/p3/,"3-yr Reserved Instance effective hourly, US East (N. Virginia), Linux; 3-yr effective dropped $1.23->$1.05 between Jun 2018 and Jan 2019"
2019-01-04,AWS,V100,32GB (p3dn.24xlarge),3.9023,on-demand,USD,p3dn.24xlarge $31.218/hr / 8 GPUs,wayback,https://web.archive.org/web/20190104034419/https://aws.amazon.com/ec2/instance-types/p3/,"US East (N. Virginia), Linux; page shows 3 decimals for this SKU"
2019-03-05,Paperspace,V100,16GB,2.30,on-demand,USD,per-machine hourly; 1 GPU per machine,wayback,https://web.archive.org/web/20190305041812/https://www.paperspace.com/pricing,unchanged
2019-06-21,OVHcloud,V100,"PCIe 16GB (t1-45, 1x V100)",2.661,on-demand,USD,"posted per-instance, 1 GPU = per-GPU",wayback,https://web.archive.org/web/20190621091038/https://www.ovh.com/world/public-cloud/prices/,posted in USD on ovh.com/world international site
2019-06-21,OVHcloud,V100,"PCIe 16GB (t1-180, 4x V100)",2.72,on-demand,USD,derived: $10.88/hr instance / 4 GPUs,wayback,https://web.archive.org/web/20190621091038/https://www.ovh.com/world/public-cloud/prices/,t1-90 (2x) $5.44 = $2.72/GPU; slight multi-GPU premium vs t1-45
2019-07-16,GenesisCloud,GTX 1080 Ti,11GB,0.60,on-demand,USD,per-GPU (1x instance; up to 10x linear),wayback,https://web.archive.org/web/20190716030514/https://www.genesiscloud.com/pricing/,GC.GPU.2 instance; $0.30/h with monthly commitment; $0.15/h preemptible; no A100/V100 - lineup was RX470 $0.18 / 1080Ti $0.60 / AMD MI25 $1.60
2019-09-17,Paperspace,V100,16GB,2.30,on-demand,USD,per-machine hourly; 1 GPU per machine,wayback,https://web.archive.org/web/20190917195703/https://www.paperspace.com/pricing,unchanged
2019-09-30,AWS,V100,16GB (p3.2xlarge),3.0600,on-demand,USD,p3.2xlarge $3.06/hr / 1 GPU,wayback,https://web.archive.org/web/20190930191221/https://aws.amazon.com/ec2/instance-types/p3/,"US East (N. Virginia), Linux; launch (Oct 2017) list price unchanged"
2019-09-30,AWS,V100,16GB (p3.2xlarge),1.9900,reserved-1yr,USD,p3.2xlarge $1.99/hr / 1 GPU,wayback,https://web.archive.org/web/20190930191221/https://aws.amazon.com/ec2/instance-types/p3/,"1-yr Reserved Instance effective hourly, US East (N. Virginia), Linux"
2019-09-30,AWS,V100,16GB (p3.2xlarge),1.05,reserved-3yr,USD,p3.2xlarge $1.05/hr / 1 GPU,wayback,https://web.archive.org/web/20190930191221/https://aws.amazon.com/ec2/instance-types/p3/,"3-yr Reserved Instance effective hourly, US East (N. Virginia), Linux; 3-yr effective dropped $1.23->$1.05 between Jun 2018 and Jan 2019"
2019-12-06,GenesisCloud,GTX 1080 Ti,11GB,0.15,on-demand,USD,per-GPU (1x instance),wayback,https://web.archive.org/web/20191206234305/https://www.genesiscloud.com/pricing/,'75% beta discount' applied on page; implied list $0.60
2020-04-06,Paperspace,V100,16GB,2.30,on-demand,USD,per-machine hourly; 1 GPU per machine,wayback,https://web.archive.org/web/20200406134246/https://www.paperspace.com/pricing,unchanged
2020-04-07,AWS,V100,16GB (p3.2xlarge),3.0600,on-demand,USD,p3.2xlarge $3.06/hr / 1 GPU,wayback,https://web.archive.org/web/20200407155638/https://aws.amazon.com/ec2/instance-types/p3/,"US East (N. Virginia), Linux; launch (Oct 2017) list price unchanged"
2020-04-07,AWS,V100,16GB (p3.2xlarge),1.9900,reserved-1yr,USD,p3.2xlarge $1.99/hr / 1 GPU,wayback,https://web.archive.org/web/20200407155638/https://aws.amazon.com/ec2/instance-types/p3/,"1-yr Reserved Instance effective hourly, US East (N. Virginia), Linux"
2020-04-07,AWS,V100,16GB (p3.2xlarge),1.05,reserved-3yr,USD,p3.2xlarge $1.05/hr / 1 GPU,wayback,https://web.archive.org/web/20200407155638/https://aws.amazon.com/ec2/instance-types/p3/,"3-yr Reserved Instance effective hourly, US East (N. Virginia), Linux; 3-yr effective dropped $1.23->$1.05 between Jun 2018 and Jan 2019"
2020-06-11,Lambda,V100,16GB NVLink,1.50,on-demand,USD,instance $12.00/hr / 8 GPUs,wayback,https://web.archive.org/web/20200611063415/https://lambdalabs.com/service/gpu-cloud,"First V100 appearance on page, 8-GPU instance marked NEW"
2020-06-11,OVHcloud,V100,"PCIe 16GB (t1-45, 1x V100)",2.661,on-demand,USD,"posted per-instance, 1 GPU = per-GPU",wayback,https://web.archive.org/web/20200611003758/https://www.ovhcloud.com/en/public-cloud/prices/,unchanged from 2019
2020-08-09,Paperspace,V100,16GB,2.30,on-demand,USD,per-machine hourly; 1 GPU per machine,wayback,https://web.archive.org/web/20200809200121/https://www.paperspace.com/pricing,unchanged
2020-08-11,GenesisCloud,GTX 1080 Ti,11GB,0.30,on-demand,USD,per-GPU (1x row of table; 2x-10x scale linearly e.g. 8x $2.40),wayback,https://web.archive.org/web/20200811223242/https://www.genesiscloud.com/pricing/,table headed 'Beta Discount (50% Off)' so $0.30 is discounted from $0.60 list; long-term $109.50/mo (~$0.15/h equivalent)
2020-09-16,Lambda,V100,16GB NVLink,1.50,on-demand,USD,instance $12.00/hr / 8 GPUs,wayback,https://web.archive.org/web/20200916213745/https://lambdalabs.com/service/gpu-cloud,
2020-09-19,OCI,P100,"P100 16GB (BM.GPU2.2, 2x P100)",1.275,on-demand,USD,posted per-GPU (US$1.275),wayback,https://web.archive.org/web/20200919010616/https://www.oracle.com/cloud/compute/pricing.html,VM.GPU2.1 same price
2020-09-19,OCI,V100,"SXM2 16GB (BM.GPU3.8, 8x V100)",2.95,on-demand,USD,posted per-GPU (column 'Price (GPU/hr)': US$2.95),wayback,https://web.archive.org/web/20200919010616/https://www.oracle.com/cloud/compute/pricing.html,same US$2.95/GPU across VM.GPU3.1/.2/.4; page is compute pricing.html
2020-09-27,DataCrunch,V100,Tesla 16GB,0.65,on-demand,USD,1V100.6V 1x instance $0.65/h,wayback,https://web.archive.org/web/20200927172556/https://datacrunch.io/,launch-era V100-only lineup; $3 setup fee; 8x NVLink instance $5.20/h = 0.65/GPU
2020-11-02,AWS,A100,SXM4 40GB (p4d.24xlarge),4.0963,on-demand,USD,p4d.24xlarge $32.77/hr / 8 GPUs,wayback,https://web.archive.org/web/20201102215643/https://aws.amazon.com/ec2/instance-types/p4/,"US East (N. Virginia), Linux; page rounds to nearest cent (unrounded list $32.7726 => $4.0966/GPU-hr)"
2020-11-02,AWS,A100,SXM4 40GB (p4d.24xlarge),2.4025,reserved-1yr,USD,p4d.24xlarge $19.22/hr / 8 GPUs,wayback,https://web.archive.org/web/20201102215643/https://aws.amazon.com/ec2/instance-types/p4/,"1-yr Reserved Instance effective hourly, US East (N. Virginia), Linux"
2020-11-02,AWS,A100,SXM4 40GB (p4d.24xlarge),1.4463,reserved-3yr,USD,p4d.24xlarge $11.57/hr / 8 GPUs,wayback,https://web.archive.org/web/20201102215643/https://aws.amazon.com/ec2/instance-types/p4/,"3-yr Reserved Instance effective hourly, US East (N. Virginia), Linux"
2020-11-11,AWS,V100,16GB (p3.2xlarge),3.0600,on-demand,USD,p3.2xlarge $3.06/hr / 1 GPU,wayback,https://web.archive.org/web/20201111205638/https://aws.amazon.com/ec2/instance-types/p3/,"US East (N. Virginia), Linux; launch (Oct 2017) list price unchanged"
2020-11-11,AWS,V100,16GB (p3.2xlarge),1.9900,reserved-1yr,USD,p3.2xlarge $1.99/hr / 1 GPU,wayback,https://web.archive.org/web/20201111205638/https://aws.amazon.com/ec2/instance-types/p3/,"1-yr Reserved Instance effective hourly, US East (N. Virginia), Linux"
2020-11-11,AWS,V100,16GB (p3.2xlarge),1.05,reserved-3yr,USD,p3.2xlarge $1.05/hr / 1 GPU,wayback,https://web.archive.org/web/20201111205638/https://aws.amazon.com/ec2/instance-types/p3/,"3-yr Reserved Instance effective hourly, US East (N. Virginia), Linux; 3-yr effective dropped $1.23->$1.05 between Jun 2018 and Jan 2019"
2020-11-12,Paperspace,V100,16GB,2.30,on-demand,USD,per-machine hourly; 1 GPU per machine,wayback,https://web.archive.org/web/20201112032210/https://www.paperspace.com/pricing,unchanged; no A100 listed
2020-12-02,CoreWeave,V100,NVLink 16GB,1.00,on-demand,USD,as_posted_per_gpu,wayback,https://web.archive.org/web/20201202190207/https://coreweave.com/pricing,$/GPU/Hour column; rate bundles 4 vCPU + 32GB RAM + 450GB storage; extra CPU core+8GB RAM $0.07/hr; no A100 listed yet
2020-12-02,CoreWeave,V100,PCIe 16GB,0.60,on-demand,USD,as_posted_per_gpu,wayback,https://web.archive.org/web/20201202190207/https://coreweave.com/pricing,$/GPU/Hour column; rate bundles 3 vCPU + 20GB RAM + 64GB storage; no A100 listed yet
2020-12-18,DataCrunch,V100,Tesla 16GB,0.60,on-demand,USD,1V100.6V 1x instance $0.60/h,wayback,https://web.archive.org/web/20201218045637/https://datacrunch.io/,8V100.48M $5.00/h = 0.625/GPU; $5 setup fee
2021-01-19,AWS,A100,SXM4 40GB (p4d.24xlarge),4.0963,on-demand,USD,p4d.24xlarge $32.77/hr / 8 GPUs,wayback,https://web.archive.org/web/20210119175031/https://aws.amazon.com/ec2/instance-types/p4/,"US East (N. Virginia), Linux; page rounds to nearest cent (unrounded list $32.7726 => $4.0966/GPU-hr)"
2021-01-19,AWS,A100,SXM4 40GB (p4d.24xlarge),2.4025,reserved-1yr,USD,p4d.24xlarge $19.22/hr / 8 GPUs,wayback,https://web.archive.org/web/20210119175031/https://aws.amazon.com/ec2/instance-types/p4/,"1-yr Reserved Instance effective hourly, US East (N. Virginia), Linux"
2021-01-19,AWS,A100,SXM4 40GB (p4d.24xlarge),1.4463,reserved-3yr,USD,p4d.24xlarge $11.57/hr / 8 GPUs,wayback,https://web.archive.org/web/20210119175031/https://aws.amazon.com/ec2/instance-types/p4/,"3-yr Reserved Instance effective hourly, US East (N. Virginia), Linux"
2021-01-21,Lambda,V100,16GB NVLink,1.50,on-demand,USD,instance $12.00/hr / 8 GPUs,wayback,https://web.archive.org/web/20210121210121/https://lambdalabs.com/service/gpu-cloud,
2021-01-22,Paperspace,V100,16GB,2.30,on-demand,USD,per-machine hourly; 1 GPU per machine,wayback,https://web.archive.org/web/20210122122226/https://www.paperspace.com/pricing,unchanged; no A100 listed
2021-02-27,DataCrunch,V100,Tesla 16GB,0.65,on-demand,USD,1V100.6V 1x instance $0.65/h,wayback,https://web.archive.org/web/20210227041539/https://datacrunch.io/,8V100.48M $5.50/h = 0.6875/GPU
2021-03-05,CoreWeave,A100,NVLink 40GB,2.06,on-demand,USD,as_posted_per_gpu,wayback,https://web.archive.org/web/20210305195443/https://docs.coreweave.com/resources/resource-based-pricing,GPU component only; vCPU $0.005-0.01/hr and RAM $0.005/GB-hr billed separately; first archived A100 rate (A100 absent from Dec 2020 pricing page); source docs.coreweave.com
2021-03-05,CoreWeave,V100,NVLink 16GB,0.80,on-demand,USD,as_posted_per_gpu,wayback,https://web.archive.org/web/20210305195443/https://docs.coreweave.com/resources/resource-based-pricing,GPU component only; CPU/RAM billed separately; down from $1.00 bundled rate of Dec 2020 (basis change to componentized)
2021-03-05,CoreWeave,V100,PCIe 16GB,0.47,on-demand,USD,as_posted_per_gpu,wayback,https://web.archive.org/web/20210305195443/https://docs.coreweave.com/resources/resource-based-pricing,GPU component only; CPU/RAM billed separately
2021-04-11,AWS,A100,SXM4 40GB (p4d.24xlarge),4.0963,on-demand,USD,p4d.24xlarge $32.77/hr / 8 GPUs,wayback,https://web.archive.org/web/20210411051122/https://aws.amazon.com/ec2/instance-types/p4/,"US East (N. Virginia), Linux; page rounds to nearest cent (unrounded list $32.7726 => $4.0966/GPU-hr)"
2021-04-11,AWS,A100,SXM4 40GB (p4d.24xlarge),2.4025,reserved-1yr,USD,p4d.24xlarge $19.22/hr / 8 GPUs,wayback,https://web.archive.org/web/20210411051122/https://aws.amazon.com/ec2/instance-types/p4/,"1-yr Reserved Instance effective hourly, US East (N. Virginia), Linux"
2021-04-11,AWS,A100,SXM4 40GB (p4d.24xlarge),1.4463,reserved-3yr,USD,p4d.24xlarge $11.57/hr / 8 GPUs,wayback,https://web.archive.org/web/20210411051122/https://aws.amazon.com/ec2/instance-types/p4/,"3-yr Reserved Instance effective hourly, US East (N. Virginia), Linux"
2021-04-16,CoreWeave,A100,NVLink 40GB,2.06,on-demand,USD,as_posted_per_gpu,wayback,https://web.archive.org/web/20210416000044/https://docs.coreweave.com/resources/resource-based-pricing,GPU component only; CPU/RAM billed separately; source docs.coreweave.com
2021-04-16,CoreWeave,V100,NVLink 16GB,0.80,on-demand,USD,as_posted_per_gpu,wayback,https://web.archive.org/web/20210416000044/https://docs.coreweave.com/resources/resource-based-pricing,GPU component only; CPU/RAM billed separately
2021-04-16,CoreWeave,V100,PCIe 16GB,0.47,on-demand,USD,as_posted_per_gpu,wayback,https://web.archive.org/web/20210416000044/https://docs.coreweave.com/resources/resource-based-pricing,GPU component only; CPU/RAM billed separately
2021-04-17,Lambda,V100,16GB NVLink,1.50,on-demand,USD,instance $12.00/hr / 8 GPUs,wayback,https://web.archive.org/web/20210417233615/https://lambdalabs.com/service/gpu-cloud,
2021-04-17,Paperspace,V100,16GB,2.30,on-demand,USD,per-machine hourly; 1 GPU per machine,wayback,https://web.archive.org/web/20210417081150/https://www.paperspace.com/pricing,unchanged; monthly $1343 ($1.84 effective); no A100 on pricing page
2021-05-06,Lambda,V100,16GB NVLink,1.50,on-demand,USD,instance $12.00/hr / 8 GPUs,wayback,https://web.archive.org/web/20210506071040/https://lambdalabs.com/service/gpu-cloud/pricing,Pricing moved to /service/gpu-cloud/pricing subpage
2021-06-17,GenesisCloud,RTX 3080,10GB,1.10,on-demand,USD,per-GPU (1x row; 8x $8.80),wayback,https://web.archive.org/web/20210617001209/https://www.genesiscloud.com/pricing/,long-term $642.40/mo; 1080 Ti back to $0.60 list
2021-06-17,GenesisCloud,RTX 3090,24GB,1.70,on-demand,USD,per-GPU (1x row; 8x $13.60 = same per-GPU),wayback,https://web.archive.org/web/20210617001209/https://www.genesiscloud.com/pricing/,long-term $992.80/mo (~$1.36/h); no beta-discount label; no A100/V100/HGX offered
2021-06-18,OVHcloud,V100,"PCIe 16GB (t1-45, 1x V100)",1.7925,on-demand,USD,"posted per-instance, 1 GPU = per-GPU",wayback,https://web.archive.org/web/20210618125045/https://www.ovhcloud.com/en/public-cloud/prices/,price cut ~33% vs 2020 ($2.661 -> $1.7925); t1-180 $7.17 = $1.7925/GPU exactly
2021-06-18,OVHcloud,V100S,"PCIe 32GB (ai1-1-GPU, 1x V100S, AI Training)",1.97,on-demand,USD,"posted per-instance, 1 GPU = per-GPU",wayback,https://web.archive.org/web/20210618125045/https://www.ovhcloud.com/en/public-cloud/prices/,AI Training product line
2021-06-20,DataCrunch,V100,Tesla 16GB,0.85,on-demand,USD,1V100.6V 1x instance $0.85/h,wayback,https://web.archive.org/web/20210620134211/https://datacrunch.io/,price step up 0.65 to 0.85 between Feb and Jun 2021; RTX A6000 added at $1.1/h
2021-06-30,AWS,V100,16GB (p3.2xlarge),3.0600,on-demand,USD,p3.2xlarge $3.06/hr / 1 GPU,wayback,https://web.archive.org/web/20210630132745/https://aws.amazon.com/ec2/instance-types/p3/,"US East (N. Virginia), Linux; launch (Oct 2017) list price unchanged"
2021-06-30,AWS,V100,16GB (p3.2xlarge),1.9900,reserved-1yr,USD,p3.2xlarge $1.99/hr / 1 GPU,wayback,https://web.archive.org/web/20210630132745/https://aws.amazon.com/ec2/instance-types/p3/,"1-yr Reserved Instance effective hourly, US East (N. Virginia), Linux"
2021-06-30,AWS,V100,16GB (p3.2xlarge),1.05,reserved-3yr,USD,p3.2xlarge $1.05/hr / 1 GPU,wayback,https://web.archive.org/web/20210630132745/https://aws.amazon.com/ec2/instance-types/p3/,"3-yr Reserved Instance effective hourly, US East (N. Virginia), Linux; 3-yr effective dropped $1.23->$1.05 between Jun 2018 and Jan 2019"
2021-06-30,AWS,V100,16GB (p3.16xlarge),3.0600,on-demand,USD,p3.16xlarge $24.48/hr / 8 GPUs,wayback,https://web.archive.org/web/20210630132745/https://aws.amazon.com/ec2/instance-types/p3/,"US East (N. Virginia), Linux; exactly 8x the p3.2xlarge rate (linear per-GPU pricing)"
2021-07-18,AWS,A100,SXM4 40GB (p4d.24xlarge),4.0963,on-demand,USD,p4d.24xlarge $32.77/hr / 8 GPUs,wayback,https://web.archive.org/web/20210718151723/https://aws.amazon.com/ec2/instance-types/p4/,"US East (N. Virginia), Linux; page rounds to nearest cent (unrounded list $32.7726 => $4.0966/GPU-hr)"
2021-07-18,AWS,A100,SXM4 40GB (p4d.24xlarge),2.4025,reserved-1yr,USD,p4d.24xlarge $19.22/hr / 8 GPUs,wayback,https://web.archive.org/web/20210718151723/https://aws.amazon.com/ec2/instance-types/p4/,"1-yr Reserved Instance effective hourly, US East (N. Virginia), Linux"
2021-07-18,AWS,A100,SXM4 40GB (p4d.24xlarge),1.4463,reserved-3yr,USD,p4d.24xlarge $11.57/hr / 8 GPUs,wayback,https://web.archive.org/web/20210718151723/https://aws.amazon.com/ec2/instance-types/p4/,"3-yr Reserved Instance effective hourly, US East (N. Virginia), Linux"
2021-07-23,CoreWeave,A100,NVLink 40GB,2.06,on-demand,USD,as_posted_per_gpu,wayback,https://web.archive.org/web/20210723210511/https://docs.coreweave.com/resources/resource-based-pricing,GPU component only; CPU/RAM billed separately; source docs.coreweave.com
2021-07-23,CoreWeave,V100,NVLink 16GB,0.80,on-demand,USD,as_posted_per_gpu,wayback,https://web.archive.org/web/20210723210511/https://docs.coreweave.com/resources/resource-based-pricing,GPU component only; CPU/RAM billed separately
2021-07-23,CoreWeave,V100,PCIe 16GB,0.47,on-demand,USD,as_posted_per_gpu,wayback,https://web.archive.org/web/20210723210511/https://docs.coreweave.com/resources/resource-based-pricing,GPU component only; CPU/RAM billed separately
2021-08-03,Lambda,V100,16GB NVLink,1.50,on-demand,USD,instance $12.00/hr / 8 GPUs,wayback,https://web.archive.org/web/20210803212741/https://lambdalabs.com/service/gpu-cloud/pricing,
2021-09-17,DataCrunch,A100,SXM4 80GB,2.20,on-demand,USD,1A100.22V 1x instance $2.20/h,wayback,https://web.archive.org/web/20210917181017/https://datacrunch.io/,first A100 listing; weekly $1.98 monthly $1.76; 8x rows Coming Soon
2021-09-17,DataCrunch,V100,Tesla 16GB,0.85,on-demand,USD,1V100.6V 1x instance $0.85/h,wayback,https://web.archive.org/web/20210917181017/https://datacrunch.io/,weekly $0.77 monthly $0.68
2021-10-02,Paperspace,V100,16GB,2.30,on-demand,USD,per-machine hourly; 1 GPU per machine,wayback,https://web.archive.org/web/20211002230640/https://www.paperspace.com/pricing,unchanged; A100 still absent
2021-10-11,AWS,A100,SXM4 40GB (p4d.24xlarge),4.0963,on-demand,USD,p4d.24xlarge $32.77/hr / 8 GPUs,wayback,https://web.archive.org/web/20211011234920/https://aws.amazon.com/ec2/instance-types/p4/,"US East (N. Virginia), Linux; page rounds to nearest cent (unrounded list $32.7726 => $4.0966/GPU-hr)"
2021-10-11,AWS,A100,SXM4 40GB (p4d.24xlarge),2.4025,reserved-1yr,USD,p4d.24xlarge $19.22/hr / 8 GPUs,wayback,https://web.archive.org/web/20211011234920/https://aws.amazon.com/ec2/instance-types/p4/,"1-yr Reserved Instance effective hourly, US East (N. Virginia), Linux"
2021-10-11,AWS,A100,SXM4 40GB (p4d.24xlarge),1.4463,reserved-3yr,USD,p4d.24xlarge $11.57/hr / 8 GPUs,wayback,https://web.archive.org/web/20211011234920/https://aws.amazon.com/ec2/instance-types/p4/,"3-yr Reserved Instance effective hourly, US East (N. Virginia), Linux"
2021-10-16,Lambda,V100,16GB NVLink,1.50,on-demand,USD,instance $12.00/hr / 8 GPUs,wayback,https://web.archive.org/web/20211016031047/https://lambdalabs.com/service/gpu-cloud/pricing,
2021-10-19,CoreWeave,A100,NVLink 40GB,2.06,on-demand,USD,as_posted_per_gpu,wayback,https://web.archive.org/web/20211019071104/https://docs.coreweave.com/resources/resource-based-pricing,GPU component only; CPU/RAM billed separately; source docs.coreweave.com
2021-10-19,CoreWeave,A100,PCIe 40GB,2.06,on-demand,USD,as_posted_per_gpu,wayback,https://web.archive.org/web/20211019071104/https://docs.coreweave.com/resources/resource-based-pricing,GPU component only; CPU/RAM billed separately; first archived listing of A100 PCIe variant (absent Jul 2021)
2021-10-19,CoreWeave,V100,NVLink 16GB,0.80,on-demand,USD,as_posted_per_gpu,wayback,https://web.archive.org/web/20211019071104/https://docs.coreweave.com/resources/resource-based-pricing,GPU component only; CPU/RAM billed separately
2021-10-19,CoreWeave,V100,PCIe 16GB,0.47,on-demand,USD,as_posted_per_gpu,wayback,https://web.archive.org/web/20211019071104/https://docs.coreweave.com/resources/resource-based-pricing,GPU component only; CPU/RAM billed separately
2021-10-24,GenesisCloud,RTX 3080,10GB,1.10,on-demand,USD,per-GPU (1x row),wayback,https://web.archive.org/web/20211024040101/https://www.genesiscloud.com/pricing/,unchanged; 1080 Ti $0.60 / MI25 $0.80 also posted
2021-10-24,GenesisCloud,RTX 3090,24GB,1.70,on-demand,USD,per-GPU (1x row),wayback,https://web.archive.org/web/20211024040101/https://www.genesiscloud.com/pricing/,unchanged vs Jun-2021; last table-format snapshot before Next.js redesign
2021-12-06,Paperspace,A100,40GB (page says only 'NVIDIA A100 GPU'; A100-80G listed separately from 2024),3.09,on-demand,USD,per-machine hourly; 1 GPU per machine,wayback,https://web.archive.org/web/20211206144027/https://www.paperspace.com/pricing,FIRST APPEARANCE of A100 on /pricing (absent 2021-10-02) marked 'New'; A100x2/x4/x8 multi-GPU listed with per-GPU rate unchanged (page: multiply price by GPU count); Ampere A4000 $0.76 A5000 $1.38 A6000 $1.89 also new
2021-12-09,DataCrunch,A100,SXM4 80GB,2.20,on-demand,USD,1A100.22V 1x instance $2.20/h,wayback,https://web.archive.org/web/20211209111534/https://datacrunch.io/,
2021-12-09,DataCrunch,V100,Tesla 16GB,0.85,on-demand,USD,1V100.6V 1x instance $0.85/h,wayback,https://web.archive.org/web/20211209111534/https://datacrunch.io/,
2021-12-13,AWS,V100,16GB (p3.2xlarge),3.0600,on-demand,USD,p3.2xlarge $3.06/hr / 1 GPU,wayback,https://web.archive.org/web/20211213194506/https://aws.amazon.com/ec2/instance-types/p3/,"US East (N. Virginia), Linux; launch (Oct 2017) list price unchanged"
2021-12-13,AWS,V100,16GB (p3.2xlarge),1.9900,reserved-1yr,USD,p3.2xlarge $1.99/hr / 1 GPU,wayback,https://web.archive.org/web/20211213194506/https://aws.amazon.com/ec2/instance-types/p3/,"1-yr Reserved Instance effective hourly, US East (N. Virginia), Linux"
2021-12-13,AWS,V100,16GB (p3.2xlarge),1.05,reserved-3yr,USD,p3.2xlarge $1.05/hr / 1 GPU,wayback,https://web.archive.org/web/20211213194506/https://aws.amazon.com/ec2/instance-types/p3/,"3-yr Reserved Instance effective hourly, US East (N. Virginia), Linux; 3-yr effective dropped $1.23->$1.05 between Jun 2018 and Jan 2019"
2021-12-13,AWS,V100,32GB (p3dn.24xlarge),3.9023,on-demand,USD,p3dn.24xlarge $31.218/hr / 8 GPUs,wayback,https://web.archive.org/web/20211213194506/https://aws.amazon.com/ec2/instance-types/p3/,"US East (N. Virginia), Linux; page shows 3 decimals for this SKU"
2022-01-11,DataCrunch,A100,SXM4 80GB,2.20,on-demand,USD,1A100.22V 1x instance $2.20/h,wayback,https://web.archive.org/web/20220111211402/https://datacrunch.io/,8A100.176V $17.60/h = 2.20/GPU
2022-01-11,DataCrunch,V100,Tesla 16GB,0.85,on-demand,USD,1V100.6V 1x instance $0.85/h,wayback,https://web.archive.org/web/20220111211402/https://datacrunch.io/,
2022-01-20,AWS,A100,SXM4 40GB (p4d.24xlarge),4.0963,on-demand,USD,p4d.24xlarge $32.77/hr / 8 GPUs,wayback,https://web.archive.org/web/20220120021856/https://aws.amazon.com/ec2/instance-types/p4/,"US East (N. Virginia), Linux; page rounds to nearest cent (unrounded list $32.7726 => $4.0966/GPU-hr)"
2022-01-20,AWS,A100,SXM4 40GB (p4d.24xlarge),2.4025,reserved-1yr,USD,p4d.24xlarge $19.22/hr / 8 GPUs,wayback,https://web.archive.org/web/20220120021856/https://aws.amazon.com/ec2/instance-types/p4/,"1-yr Reserved Instance effective hourly, US East (N. Virginia), Linux"
2022-01-20,AWS,A100,SXM4 40GB (p4d.24xlarge),1.4463,reserved-3yr,USD,p4d.24xlarge $11.57/hr / 8 GPUs,wayback,https://web.archive.org/web/20220120021856/https://aws.amazon.com/ec2/instance-types/p4/,"3-yr Reserved Instance effective hourly, US East (N. Virginia), Linux"
2022-01-22,CoreWeave,A100,NVLink 40GB,2.06,on-demand,USD,as_posted_per_gpu,wayback,https://web.archive.org/web/20220122103958/https://docs.coreweave.com/resources/resource-based-pricing,GPU component only; CPU/RAM billed separately; source docs.coreweave.com
2022-01-22,CoreWeave,A100,PCIe 40GB,2.06,on-demand,USD,as_posted_per_gpu,wayback,https://web.archive.org/web/20220122103958/https://docs.coreweave.com/resources/resource-based-pricing,GPU component only; CPU/RAM billed separately
2022-01-22,CoreWeave,V100,NVLink 16GB,0.80,on-demand,USD,as_posted_per_gpu,wayback,https://web.archive.org/web/20220122103958/https://docs.coreweave.com/resources/resource-based-pricing,GPU component only; CPU/RAM billed separately
2022-01-22,CoreWeave,V100,PCIe 16GB,0.47,on-demand,USD,as_posted_per_gpu,wayback,https://web.archive.org/web/20220122103958/https://docs.coreweave.com/resources/resource-based-pricing,GPU component only; CPU/RAM billed separately; last archived appearance of V100 PCIe (dropped by May 2022)
2022-01-27,Paperspace,A100,40GB (unlabeled),3.09,on-demand,USD,per-machine hourly; 1 GPU per machine,wayback,https://web.archive.org/web/20220127042757/https://www.paperspace.com/pricing,A100 monthly plan $1994/mo; V100 $2.30 unchanged
2022-01-27,Paperspace,V100,16GB,2.30,on-demand,USD,per-machine hourly; 1 GPU per machine,wayback,https://web.archive.org/web/20220127042757/https://www.paperspace.com/pricing,unchanged
2022-01-28,Lambda,V100,16GB NVLink,1.50,on-demand,USD,instance $12.00/hr / 8 GPUs,wayback,https://web.archive.org/web/20220128090007/https://lambdalabs.com/service/gpu-cloud/pricing,No A100 anywhere on pricing page as of this date
2022-03-08,OCI,A100,"SXM4 40GB (BM.GPU4.8, 8x A100)",3.05,on-demand,USD,posted per-GPU (US$3.05),wayback,https://web.archive.org/web/20220308091555/https://www.oracle.com/cloud/compute/gpu/,VM.GPU4.1/.2/.4 listed with no price; anchor $3.05/40GB VERIFIES
2022-03-08,OCI,V100,"SXM2 16GB (BM.GPU3.8, 8x V100)",2.95,on-demand,USD,posted per-GPU (US$2.95),wayback,https://web.archive.org/web/20220308091555/https://www.oracle.com/cloud/compute/gpu/,
2022-03-31,DataCrunch,A100,SXM4 80GB,1.95,on-demand,USD,1A100.22V 1x instance $1.95/h,wayback,https://web.archive.org/web/20220331072734/https://datacrunch.io/,"page headlines ""A100 80GB 400W SXM4""; cut from 2.20 between Jan and Mar 2022; weekly $1.76 monthly $1.56"
2022-03-31,DataCrunch,V100,Tesla 16GB,0.85,on-demand,USD,1V100.6V 1x instance $0.85/h,wayback,https://web.archive.org/web/20220331072734/https://datacrunch.io/,
2022-04-01,OVHcloud,V100,"PCIe 16GB (t1-45, 1x V100)",1.7925,on-demand,USD,"posted per-instance, 1 GPU = per-GPU",wayback,https://web.archive.org/web/20220401232712/https://www.ovhcloud.com/en/public-cloud/prices/,
2022-04-01,OVHcloud,V100S,"PCIe 32GB (t2-45, 1x V100S)",1.992,on-demand,USD,"posted per-instance, 1 GPU = per-GPU",wayback,https://web.archive.org/web/20220401232712/https://www.ovhcloud.com/en/public-cloud/prices/,t2 (V100S) line new vs 2021 snapshot; t2-180 $7.966 = $1.99/GPU
2022-04-14,AWS,A100,SXM4 40GB (p4d.24xlarge),4.0963,on-demand,USD,p4d.24xlarge $32.77/hr / 8 GPUs,wayback,https://web.archive.org/web/20220414142209/https://aws.amazon.com/ec2/instance-types/p4/,"US East (N. Virginia), Linux; page rounds to nearest cent (unrounded list $32.7726 => $4.0966/GPU-hr)"
2022-04-14,AWS,A100,SXM4 40GB (p4d.24xlarge),2.4025,reserved-1yr,USD,p4d.24xlarge $19.22/hr / 8 GPUs,wayback,https://web.archive.org/web/20220414142209/https://aws.amazon.com/ec2/instance-types/p4/,"1-yr Reserved Instance effective hourly, US East (N. Virginia), Linux"
2022-04-14,AWS,A100,SXM4 40GB (p4d.24xlarge),1.4463,reserved-3yr,USD,p4d.24xlarge $11.57/hr / 8 GPUs,wayback,https://web.archive.org/web/20220414142209/https://aws.amazon.com/ec2/instance-types/p4/,"3-yr Reserved Instance effective hourly, US East (N. Virginia), Linux"
2022-05-07,Lambda,A100,80GB NVLink,1.7763,reserved-1yr,USD,instance $14.21/hr / 8 GPUs,wayback,https://web.archive.org/web/20220507191434/https://lambdalabs.com/service/gpu-cloud/pricing,"FIRST A100 appearance on page (reserved-only, marked NEW); form factor not stated, NVLink yes"
2022-05-07,Lambda,A100,80GB NVLink,1.3325,reserved-3yr,USD,instance $10.66/hr / 8 GPUs,wayback,https://web.archive.org/web/20220507191434/https://lambdalabs.com/service/gpu-cloud/pricing,
2022-05-07,Lambda,A100,40GB NVLink,1.44,reserved-1yr,USD,instance $11.52/hr / 8 GPUs,wayback,https://web.archive.org/web/20220507191434/https://lambdalabs.com/service/gpu-cloud/pricing,
2022-05-07,Lambda,A100,40GB NVLink,1.08,reserved-3yr,USD,instance $8.64/hr / 8 GPUs,wayback,https://web.archive.org/web/20220507191434/https://lambdalabs.com/service/gpu-cloud/pricing,
2022-05-07,Lambda,V100,16GB NVLink,0.85,on-demand,USD,instance $6.80/hr / 8 GPUs,wayback,https://web.archive.org/web/20220507191434/https://lambdalabs.com/service/gpu-cloud/pricing,OD cut from $12.00 to $6.80 per 8-GPU instance between 2022-01-28 and 2022-05-07
2022-05-07,Lambda,V100,16GB NVLink,0.68,reserved-1yr,USD,instance $5.44/hr / 8 GPUs,wayback,https://web.archive.org/web/20220507191434/https://lambdalabs.com/service/gpu-cloud/pricing,
2022-05-07,Lambda,V100,16GB NVLink,0.51,reserved-3yr,USD,instance $4.08/hr / 8 GPUs,wayback,https://web.archive.org/web/20220507191434/https://lambdalabs.com/service/gpu-cloud/pricing,
2022-05-16,Paperspace,A100,40GB (unlabeled),3.09,on-demand,USD,per-machine hourly; 1 GPU per machine,wayback,https://web.archive.org/web/20220516082412/https://www.paperspace.com/pricing,banner: 'Paperspace rolls out eight NVIDIA Ampere A100 configurations'
2022-05-23,CoreWeave,A100,NVLink 40GB,2.06,on-demand,USD,as_posted_per_gpu,wayback,https://web.archive.org/web/20220523163701/https://docs.coreweave.com/resources/resource-based-pricing,GPU component only; CPU/RAM billed separately; source docs.coreweave.com
2022-05-23,CoreWeave,A100,PCIe 40GB,2.06,on-demand,USD,as_posted_per_gpu,wayback,https://web.archive.org/web/20220523163701/https://docs.coreweave.com/resources/resource-based-pricing,GPU component only; CPU/RAM billed separately
2022-05-23,CoreWeave,A100,PCIe 80GB,2.21,on-demand,USD,as_posted_per_gpu,wayback,https://web.archive.org/web/20220523163701/https://docs.coreweave.com/resources/resource-based-pricing,GPU component only; CPU/RAM billed separately; first archived 80GB A100 listing (absent Jan 2022; introduced between 2022-01-22 and 2022-05-23; no archive snapshots in between)
2022-05-23,CoreWeave,V100,NVLink 16GB,0.80,on-demand,USD,as_posted_per_gpu,wayback,https://web.archive.org/web/20220523163701/https://docs.coreweave.com/resources/resource-based-pricing,GPU component only; CPU/RAM billed separately; V100 PCIe no longer listed
2022-06-13,Lambda,A100,40GB,1.10,on-demand,USD,as posted per-GPU (1x instance $1.10/hr),wayback,https://web.archive.org/web/20220613014840/https://lambdalabs.com/service/gpu-cloud/pricing,FIRST A100 on-demand appearance (between 2022-05-07 and 2022-06-13); 2x $2.20 and 4x $4.40 scale linearly; form factor not stated on page (1x-4x later labeled PCIe)
2022-06-13,Lambda,A100,80GB,1.25,reserved-3mo-min,USD,instance $10.00/hr / 8 GPUs,wayback,https://web.archive.org/web/20220613014840/https://lambdalabs.com/service/gpu-cloud/pricing,"Reserved reworked: minimum 3-month commitment, no tenor split; NVLink included"
2022-06-13,Lambda,A100,40GB,1.00,reserved-3mo-min,USD,instance $8.00/hr / 8 GPUs,wayback,https://web.archive.org/web/20220613014840/https://lambdalabs.com/service/gpu-cloud/pricing,
2022-06-13,Lambda,V100,16GB,0.55,on-demand,USD,instance $4.40/hr / 8 GPUs,wayback,https://web.archive.org/web/20220613014840/https://lambdalabs.com/service/gpu-cloud/pricing,Second V100 OD cut in ~5 weeks ($6.80 to $4.40 per instance)
2022-06-13,Lambda,V100,16GB,0.40,reserved-3mo-min,USD,instance $3.20/hr / 8 GPUs,wayback,https://web.archive.org/web/20220613014840/https://lambdalabs.com/service/gpu-cloud/pricing,
2022-07-01,AWS,A100,SXM4 40GB (p4d.24xlarge),4.0963,on-demand,USD,p4d.24xlarge $32.77/hr / 8 GPUs,wayback,https://web.archive.org/web/20220701064648/https://aws.amazon.com/ec2/instance-types/p4/,"US East (N. Virginia), Linux; page rounds to nearest cent (unrounded list $32.7726 => $4.0966/GPU-hr)"
2022-07-01,AWS,A100,SXM4 40GB (p4d.24xlarge),2.4025,reserved-1yr,USD,p4d.24xlarge $19.22/hr / 8 GPUs,wayback,https://web.archive.org/web/20220701064648/https://aws.amazon.com/ec2/instance-types/p4/,"1-yr Reserved Instance effective hourly, US East (N. Virginia), Linux"
2022-07-01,AWS,A100,SXM4 40GB (p4d.24xlarge),1.4463,reserved-3yr,USD,p4d.24xlarge $11.57/hr / 8 GPUs,wayback,https://web.archive.org/web/20220701064648/https://aws.amazon.com/ec2/instance-types/p4/,"3-yr Reserved Instance effective hourly, US East (N. Virginia), Linux"
2022-07-01,AWS,A100,SXM4 80GB (p4de.24xlarge),5.1200,on-demand,USD,p4de.24xlarge $40.96/hr / 8 GPUs,wayback,https://web.archive.org/web/20220701064648/https://aws.amazon.com/ec2/instance-types/p4/,"US East (N. Virginia), Linux; p4de GA May 2022, first on quarterly grid 2022-07-01"
2022-07-01,AWS,A100,SXM4 80GB (p4de.24xlarge),3.0013,reserved-1yr,USD,p4de.24xlarge $24.01/hr / 8 GPUs,wayback,https://web.archive.org/web/20220701064648/https://aws.amazon.com/ec2/instance-types/p4/,"1-yr Reserved Instance effective hourly, US East (N. Virginia), Linux"
2022-07-01,AWS,A100,SXM4 80GB (p4de.24xlarge),1.8075,reserved-3yr,USD,p4de.24xlarge $14.46/hr / 8 GPUs,wayback,https://web.archive.org/web/20220701064648/https://aws.amazon.com/ec2/instance-types/p4/,"3-yr Reserved Instance effective hourly, US East (N. Virginia), Linux"
2022-07-01,Lambda,A100,40GB,1.10,on-demand,USD,as posted per-GPU (1x instance $1.10/hr),wayback,https://web.archive.org/web/20220701112242/https://lambdalabs.com/service/gpu-cloud/pricing,Site banner: 'NVIDIA A100s now available on-demand for $1.10/hr vs. $4.10/hr with AWS (73% savings!)'
2022-07-01,Lambda,A100,80GB,1.25,reserved-3mo-min,USD,instance $10.00/hr / 8 GPUs,wayback,https://web.archive.org/web/20220701112242/https://lambdalabs.com/service/gpu-cloud/pricing,
2022-07-01,Lambda,A100,40GB,1.00,reserved-3mo-min,USD,instance $8.00/hr / 8 GPUs,wayback,https://web.archive.org/web/20220701112242/https://lambdalabs.com/service/gpu-cloud/pricing,
2022-07-01,Lambda,V100,16GB,0.55,on-demand,USD,instance $4.40/hr / 8 GPUs,wayback,https://web.archive.org/web/20220701112242/https://lambdalabs.com/service/gpu-cloud/pricing,
2022-07-01,Lambda,V100,16GB,0.40,reserved-3mo-min,USD,instance $3.20/hr / 8 GPUs,wayback,https://web.archive.org/web/20220701112242/https://lambdalabs.com/service/gpu-cloud/pricing,
2022-07-03,OCI,A100,"SXM4 40GB (BM.GPU4.8, 8x A100)",3.05,on-demand,USD,posted per-GPU (US$3.05),wayback,https://web.archive.org/web/20220703220234/https://www.oracle.com/cloud/compute/gpu/,V100 $2.95 and P100 $1.275 unchanged
2022-07-29,RunPod,A100,PCIe 80GB,1.368,on-demand-secure,USD,1x row of per-instance table,wayback,https://web.archive.org/web/20220729171751/https://www.runpod.io/gpu-instance/pricing,Secure Cloud table; multi-GPU rows scale linearly
2022-07-29,RunPod,A100,PCIe 80GB,0.442,spot-secure,USD,1x row of per-instance table,wayback,https://web.archive.org/web/20220729171751/https://www.runpod.io/gpu-instance/pricing,Secure Cloud spot column
2022-07-29,RunPod,V100,FHHL 16GB,0.210,on-demand-community,USD,1x row of per-instance table,wayback,https://web.archive.org/web/20220729171751/https://www.runpod.io/gpu-instance/pricing,Community Cloud
2022-07-29,RunPod,V100,FHHL 16GB,0.163,spot-community,USD,1x row of per-instance table,wayback,https://web.archive.org/web/20220729171751/https://www.runpod.io/gpu-instance/pricing,Community Cloud spot
2022-07-29,RunPod,V100,Tesla V100 16GB,0.320,on-demand-community,USD,1x row of per-instance table,wayback,https://web.archive.org/web/20220729171751/https://www.runpod.io/gpu-instance/pricing,spot column showed Reserved (unavailable)
2022-07-29,RunPod,V100,SXM2 16GB,0.320,on-demand-community,USD,1x row of per-instance table,wayback,https://web.archive.org/web/20220729171751/https://www.runpod.io/gpu-instance/pricing,Community Cloud
2022-07-29,RunPod,V100,SXM2 16GB,0.250,spot-community,USD,1x row of per-instance table,wayback,https://web.archive.org/web/20220729171751/https://www.runpod.io/gpu-instance/pricing,Community Cloud spot
2022-08-10,CoreWeave,A100,NVLink 80GB,2.21,on-demand,USD,as_posted_per_gpu,wayback,https://web.archive.org/web/20220810202104/https://coreweave.com/gpu-cloud-pricing,GPU component only (a la carte: vCPU $0.01/hr and RAM $0.005/GB-hr billed separately); first /gpu-cloud-pricing snapshot; first archived NVLink 80GB listing
2022-08-10,CoreWeave,A100,PCIe 80GB,2.21,on-demand,USD,as_posted_per_gpu,wayback,https://web.archive.org/web/20220810202104/https://coreweave.com/gpu-cloud-pricing,GPU component only; CPU/RAM billed separately
2022-08-10,CoreWeave,A100,NVLink 40GB,2.06,on-demand,USD,as_posted_per_gpu,wayback,https://web.archive.org/web/20220810202104/https://coreweave.com/gpu-cloud-pricing,GPU component only; CPU/RAM billed separately
2022-08-10,CoreWeave,A100,PCIe 40GB,2.06,on-demand,USD,as_posted_per_gpu,wayback,https://web.archive.org/web/20220810202104/https://coreweave.com/gpu-cloud-pricing,GPU component only; CPU/RAM billed separately
2022-08-10,CoreWeave,V100,NVLink 16GB,0.80,on-demand,USD,as_posted_per_gpu,wayback,https://web.archive.org/web/20220810202104/https://coreweave.com/gpu-cloud-pricing,GPU component only; CPU/RAM billed separately; no H100 listed yet
2022-08-13,RunPod,A100,PCIe 80GB,1.368,on-demand-secure,USD,1x row of per-instance table,wayback,https://web.archive.org/web/20220813091813/https://www.runpod.io/gpu-instance/pricing,unchanged from 2022-07-29
2022-08-13,RunPod,A100,PCIe 80GB,0.442,spot-secure,USD,1x row of per-instance table,wayback,https://web.archive.org/web/20220813091813/https://www.runpod.io/gpu-instance/pricing,unchanged from 2022-07-29
2022-09-16,Paperspace,A100,40GB (unlabeled),3.09,on-demand,USD,per-machine hourly; 1 GPU per machine,wayback,https://web.archive.org/web/20220916184153/https://www.paperspace.com/pricing,unchanged; V100 $2.30 unchanged
2022-09-18,RunPod,V100,FHHL 16GB,0.275,on-demand-community,USD,1x row of per-instance table,wayback,https://web.archive.org/web/20220918041326/https://www.runpod.io/gpu-instance/pricing,A100 rows showed Reserved (sold out) in both Secure and Community this date
2022-09-18,RunPod,V100,FHHL 16GB,0.163,spot-community,USD,1x row of per-instance table,wayback,https://web.archive.org/web/20220918041326/https://www.runpod.io/gpu-instance/pricing,
2022-09-18,RunPod,V100,Tesla V100 16GB,0.275,on-demand-community,USD,1x row of per-instance table,wayback,https://web.archive.org/web/20220918041326/https://www.runpod.io/gpu-instance/pricing,spot 0.200
2022-09-18,RunPod,V100,SXM2 16GB,0.300,on-demand-community,USD,1x row of per-instance table,wayback,https://web.archive.org/web/20220918041326/https://www.runpod.io/gpu-instance/pricing,spot 0.250
2022-10-17,AWS,A100,SXM4 40GB (p4d.24xlarge),4.0963,on-demand,USD,p4d.24xlarge $32.77/hr / 8 GPUs,wayback,https://web.archive.org/web/20221017161905/https://aws.amazon.com/ec2/instance-types/p4/,"US East (N. Virginia), Linux; page rounds to nearest cent (unrounded list $32.7726 => $4.0966/GPU-hr)"
2022-10-17,AWS,A100,SXM4 40GB (p4d.24xlarge),2.4025,reserved-1yr,USD,p4d.24xlarge $19.22/hr / 8 GPUs,wayback,https://web.archive.org/web/20221017161905/https://aws.amazon.com/ec2/instance-types/p4/,"1-yr Reserved Instance effective hourly, US East (N. Virginia), Linux"
2022-10-17,AWS,A100,SXM4 40GB (p4d.24xlarge),1.4463,reserved-3yr,USD,p4d.24xlarge $11.57/hr / 8 GPUs,wayback,https://web.archive.org/web/20221017161905/https://aws.amazon.com/ec2/instance-types/p4/,"3-yr Reserved Instance effective hourly, US East (N. Virginia), Linux"
2022-10-17,AWS,A100,SXM4 80GB (p4de.24xlarge),5.1200,on-demand,USD,p4de.24xlarge $40.96/hr / 8 GPUs,wayback,https://web.archive.org/web/20221017161905/https://aws.amazon.com/ec2/instance-types/p4/,"US East (N. Virginia), Linux; p4de GA May 2022, first on quarterly grid 2022-07-01"
2022-10-17,AWS,A100,SXM4 80GB (p4de.24xlarge),3.0013,reserved-1yr,USD,p4de.24xlarge $24.01/hr / 8 GPUs,wayback,https://web.archive.org/web/20221017161905/https://aws.amazon.com/ec2/instance-types/p4/,"1-yr Reserved Instance effective hourly, US East (N. Virginia), Linux"
2022-10-17,AWS,A100,SXM4 80GB (p4de.24xlarge),1.8075,reserved-3yr,USD,p4de.24xlarge $14.46/hr / 8 GPUs,wayback,https://web.archive.org/web/20221017161905/https://aws.amazon.com/ec2/instance-types/p4/,"3-yr Reserved Instance effective hourly, US East (N. Virginia), Linux"
2022-10-19,RunPod,A100,PCIe 80GB,2.020,on-demand-secure,USD,1x row of per-instance table,wayback,https://web.archive.org/web/20221019191456/https://www.runpod.io/gpu-instance/pricing,price step up from 1.368; spot column dropped from page this era
2022-10-19,RunPod,V100,FHHL 16GB,0.280,on-demand-community,USD,1x row of per-instance table,wayback,https://web.archive.org/web/20221019191456/https://www.runpod.io/gpu-instance/pricing,
2022-10-19,RunPod,V100,Tesla V100 16GB,0.280,on-demand-community,USD,1x row of per-instance table,wayback,https://web.archive.org/web/20221019191456/https://www.runpod.io/gpu-instance/pricing,
2022-10-19,RunPod,V100,SXM2 16GB,0.290,on-demand-community,USD,1x row of per-instance table,wayback,https://web.archive.org/web/20221019191456/https://www.runpod.io/gpu-instance/pricing,
2022-11-20,CoreWeave,A100,NVLink 80GB,2.21,on-demand,USD,as_posted_per_gpu,wayback,https://web.archive.org/web/20221120163150/https://coreweave.com/gpu-cloud-pricing,GPU component only; CPU/RAM billed separately
2022-11-20,CoreWeave,A100,PCIe 80GB,2.21,on-demand,USD,as_posted_per_gpu,wayback,https://web.archive.org/web/20221120163150/https://coreweave.com/gpu-cloud-pricing,GPU component only; CPU/RAM billed separately
2022-11-20,CoreWeave,A100,NVLink 40GB,2.06,on-demand,USD,as_posted_per_gpu,wayback,https://web.archive.org/web/20221120163150/https://coreweave.com/gpu-cloud-pricing,GPU component only; CPU/RAM billed separately
2022-11-20,CoreWeave,A100,PCIe 40GB,2.06,on-demand,USD,as_posted_per_gpu,wayback,https://web.archive.org/web/20221120163150/https://coreweave.com/gpu-cloud-pricing,GPU component only; CPU/RAM billed separately
2022-11-20,CoreWeave,H100,HGX SXM 80GB,2.23,teaser,USD,as_posted_per_gpu,wayback,https://web.archive.org/web/20221120163150/https://coreweave.com/gpu-cloud-pricing,Banner: NVIDIA HGX H100s are here starting at $2.23/hr (reserved/committed teaser); table row shows Reserve Now with no on-demand price
2022-11-20,CoreWeave,V100,NVLink 16GB,0.80,on-demand,USD,as_posted_per_gpu,wayback,https://web.archive.org/web/20221120163150/https://coreweave.com/gpu-cloud-pricing,GPU component only; CPU/RAM billed separately
2022-11-29,Lambda,A100,40GB,1.10,on-demand,USD,as posted per-GPU (1x $1.10; 8x instance $8.80/hr / 8 GPUs),wayback,https://web.archive.org/web/20221129212646/https://lambdalabs.com/service/gpu-cloud/pricing,8x A100 40GB OD row added between 2022-07-01 and 2022-11-29 (no snapshots in gap); no 80GB OD yet
2022-11-29,Lambda,A100,80GB,1.4288,reserved-6mo,USD,instance $11.43/hr / 8 GPUs,wayback,https://web.archive.org/web/20221129212646/https://lambdalabs.com/service/gpu-cloud/pricing,Reserved cluster (32+ GPUs); 80GB marked 'Coming soon'; tenors now 6mo/1yr/3yr
2022-11-29,Lambda,A100,80GB,1.3575,reserved-1yr,USD,instance $10.86/hr / 8 GPUs,wayback,https://web.archive.org/web/20221129212646/https://lambdalabs.com/service/gpu-cloud/pricing,
2022-11-29,Lambda,A100,80GB,1.315,reserved-3yr,USD,instance $10.52/hr / 8 GPUs,wayback,https://web.archive.org/web/20221129212646/https://lambdalabs.com/service/gpu-cloud/pricing,
2022-11-29,Lambda,A100,40GB,1.10,reserved-6mo,USD,instance $8.80/hr / 8 GPUs,wayback,https://web.archive.org/web/20221129212646/https://lambdalabs.com/service/gpu-cloud/pricing,
2022-11-29,Lambda,A100,40GB,1.045,reserved-1yr,USD,instance $8.36/hr / 8 GPUs,wayback,https://web.archive.org/web/20221129212646/https://lambdalabs.com/service/gpu-cloud/pricing,
2022-11-29,Lambda,A100,40GB,1.0125,reserved-3yr,USD,instance $8.10/hr / 8 GPUs,wayback,https://web.archive.org/web/20221129212646/https://lambdalabs.com/service/gpu-cloud/pricing,
2022-11-29,Lambda,V100,16GB,0.55,on-demand,USD,instance $4.40/hr / 8 GPUs,wayback,https://web.archive.org/web/20221129212646/https://lambdalabs.com/service/gpu-cloud/pricing,
2022-12-01,CoreWeave,A100,NVLink 80GB,2.21,on-demand,USD,as_posted_per_gpu,wayback,https://web.archive.org/web/20221201061437/https://coreweave.com/gpu-cloud-pricing,GPU component only; CPU/RAM billed separately; H100 PCIe still absent
2022-12-03,OCI,A100,"SXM4 80GB (BM.GPU.GM4.8, 8x A100 80GB)",4.00,on-demand,USD,derived: server price $32/hr / 8 GPUs,wayback,https://web.archive.org/web/20221203013552/https://www.oracle.com/cloud/compute/gpu/,first 80GB appearance in this snapshot series; table shows Server Price Per Hour; anchor $4.00/80GB VERIFIES
2022-12-03,OCI,A100,"SXM4 40GB (BM.GPU4.8, 8x A100)",3.05,on-demand,USD,derived: server price $24.4/hr / 8 GPUs,wayback,https://web.archive.org/web/20221203013552/https://www.oracle.com/cloud/compute/gpu/,page format switched from per-GPU to per-server display; old per-GPU US$ values remain in HTML comments
2022-12-03,OCI,V100,"SXM2 16GB (BM.GPU3.8, 8x V100)",2.95,on-demand,USD,derived: server price $23.6/hr / 8 GPUs,wayback,https://web.archive.org/web/20221203013552/https://www.oracle.com/cloud/compute/gpu/,
2022-12-06,AWS,V100,16GB (p3.2xlarge),3.0600,on-demand,USD,p3.2xlarge $3.06/hr / 1 GPU,wayback,https://web.archive.org/web/20221206111157/https://aws.amazon.com/ec2/instance-types/p3/,"US East (N. Virginia), Linux; launch (Oct 2017) list price unchanged"
2022-12-06,AWS,V100,16GB (p3.2xlarge),1.9900,reserved-1yr,USD,p3.2xlarge $1.99/hr / 1 GPU,wayback,https://web.archive.org/web/20221206111157/https://aws.amazon.com/ec2/instance-types/p3/,"1-yr Reserved Instance effective hourly, US East (N. Virginia), Linux"
2022-12-06,AWS,V100,16GB (p3.2xlarge),1.05,reserved-3yr,USD,p3.2xlarge $1.05/hr / 1 GPU,wayback,https://web.archive.org/web/20221206111157/https://aws.amazon.com/ec2/instance-types/p3/,"3-yr Reserved Instance effective hourly, US East (N. Virginia), Linux; 3-yr effective dropped $1.23->$1.05 between Jun 2018 and Jan 2019"
2022-12-06,Paperspace,A100,40GB (unlabeled),3.09,on-demand,USD,per-machine hourly; 1 GPU per machine,wayback,https://web.archive.org/web/20221206102323/https://www.paperspace.com/pricing,H100 card appears marked New/'Reserve Now' with $3.09 price cell but spec text reads 'NVIDIA A100 GPU' - template duplicate of A100 row; NOT a reliable H100 rate
2022-12-12,RunPod,A100,PCIe 80GB,2.090,on-demand-secure,USD,1x row of per-instance table,wayback,https://web.archive.org/web/20221212022820/https://www.runpod.io/gpu-instance/pricing,
2022-12-12,RunPod,A100,PCIe 80GB,2.040,on-demand-community,USD,1x row of per-instance table,wayback,https://web.archive.org/web/20221212022820/https://www.runpod.io/gpu-instance/pricing,first appearance of A100 in Community Cloud
2022-12-12,RunPod,V100,FHHL 16GB,0.280,on-demand-community,USD,1x row of per-instance table,wayback,https://web.archive.org/web/20221212022820/https://www.runpod.io/gpu-instance/pricing,
2022-12-12,RunPod,V100,SXM2 16GB,0.290,on-demand-community,USD,1x row of per-instance table,wayback,https://web.archive.org/web/20221212022820/https://www.runpod.io/gpu-instance/pricing,
2023-01-02,Lambda,A100,40GB,1.10,on-demand,USD,as posted per-GPU (1x $1.10; 8x instance $8.80/hr / 8 GPUs),wayback,https://web.archive.org/web/20230102213232/https://lambdalabs.com/service/gpu-cloud,
2023-01-02,Lambda,A100,80GB,1.4288,reserved-6mo,USD,instance $11.43/hr / 8 GPUs,wayback,https://web.archive.org/web/20230102213232/https://lambdalabs.com/service/gpu-cloud,Bare-metal cluster 32+ GPUs; 80GB still 'Coming soon'
2023-01-02,Lambda,A100,80GB,1.3575,reserved-1yr,USD,instance $10.86/hr / 8 GPUs,wayback,https://web.archive.org/web/20230102213232/https://lambdalabs.com/service/gpu-cloud,
2023-01-02,Lambda,A100,80GB,1.315,reserved-3yr,USD,instance $10.52/hr / 8 GPUs,wayback,https://web.archive.org/web/20230102213232/https://lambdalabs.com/service/gpu-cloud,
2023-01-02,Lambda,A100,40GB,1.10,reserved-6mo,USD,instance $8.80/hr / 8 GPUs,wayback,https://web.archive.org/web/20230102213232/https://lambdalabs.com/service/gpu-cloud,
2023-01-02,Lambda,A100,40GB,1.045,reserved-1yr,USD,instance $8.36/hr / 8 GPUs,wayback,https://web.archive.org/web/20230102213232/https://lambdalabs.com/service/gpu-cloud,
2023-01-02,Lambda,A100,40GB,1.0125,reserved-3yr,USD,instance $8.10/hr / 8 GPUs,wayback,https://web.archive.org/web/20230102213232/https://lambdalabs.com/service/gpu-cloud,
2023-01-02,Lambda,V100,16GB,0.55,on-demand,USD,instance $4.40/hr / 8 GPUs,wayback,https://web.archive.org/web/20230102213232/https://lambdalabs.com/service/gpu-cloud,
2023-01-04,OVHcloud,V100,"PCIe 16GB (t1-45, 1x V100)",1.97,on-demand,USD,"posted per-instance, 1 GPU = per-GPU",wayback,https://web.archive.org/web/20230104184537/https://www.ovhcloud.com/en/public-cloud/prices/,price RAISED ~10% vs 2022 ($1.7925 -> $1.97)
2023-01-04,OVHcloud,V100S,"PCIe 32GB (t2-45, 1x V100S)",2.19,on-demand,USD,"posted per-instance, 1 GPU = per-GPU",wayback,https://web.archive.org/web/20230104184537/https://www.ovhcloud.com/en/public-cloud/prices/,raised from $1.992
2023-01-19,CoreWeave,A100,NVLink 80GB,2.21,on-demand,USD,as_posted_per_gpu,wayback,https://web.archive.org/web/20230119104731/https://coreweave.com/gpu-cloud-pricing,GPU component only; CPU/RAM billed separately
2023-01-19,CoreWeave,A100,PCIe 80GB,2.21,on-demand,USD,as_posted_per_gpu,wayback,https://web.archive.org/web/20230119104731/https://coreweave.com/gpu-cloud-pricing,GPU component only; CPU/RAM billed separately
2023-01-19,CoreWeave,A100,NVLink 40GB,2.06,on-demand,USD,as_posted_per_gpu,wayback,https://web.archive.org/web/20230119104731/https://coreweave.com/gpu-cloud-pricing,GPU component only; CPU/RAM billed separately
2023-01-19,CoreWeave,A100,PCIe 40GB,2.06,on-demand,USD,as_posted_per_gpu,wayback,https://web.archive.org/web/20230119104731/https://coreweave.com/gpu-cloud-pricing,GPU component only; CPU/RAM billed separately
2023-01-19,CoreWeave,H100,PCIe 80GB,4.25,on-demand,USD,as_posted_per_gpu,wayback,https://web.archive.org/web/20230119104731/https://coreweave.com/gpu-cloud-pricing,GPU component only; CPU/RAM billed separately; first archived H100 PCIe on-demand rate (appeared between 2022-12-01 and 2023-01-19)
2023-01-19,CoreWeave,H100,HGX SXM 80GB,2.23,teaser,USD,as_posted_per_gpu,wayback,https://web.archive.org/web/20230119104731/https://coreweave.com/gpu-cloud-pricing,Starting-at banner persists; HGX table row still Reserve Now with no on-demand price
2023-01-19,CoreWeave,V100,NVLink 16GB,0.80,on-demand,USD,as_posted_per_gpu,wayback,https://web.archive.org/web/20230119104731/https://coreweave.com/gpu-cloud-pricing,GPU component only; CPU/RAM billed separately
2023-02-03,Paperspace,A100,40GB (unlabeled),3.09,on-demand,USD,per-machine hourly; 1 GPU per machine,wayback,https://web.archive.org/web/20230203064304/https://www.paperspace.com/pricing,A100x2/x4/x8 available at same per-GPU rate; monthly $1994; H100 still 'Reserve Now' placeholder
2023-02-03,Paperspace,V100,16GB,2.30,on-demand,USD,per-machine hourly; 1 GPU per machine,wayback,https://web.archive.org/web/20230203064304/https://www.paperspace.com/pricing,unchanged since 2017; A4000 $0.76 A5000 $1.38 A6000 $1.89 RTX4000 $0.56 RTX5000 $0.82
2023-02-13,Lambda,A100,80GB,1.50,on-demand,USD,instance $12.00/hr / 8 GPUs,wayback,https://web.archive.org/web/20230213073306/https://lambdalabs.com/service/gpu-cloud/pricing,FIRST 8x A100 80GB on-demand appearance (between 2023-01-02 and 2023-02-13)
2023-02-13,Lambda,A100,40GB,1.10,on-demand,USD,as posted per-GPU (1x $1.10; 8x instance $8.80/hr / 8 GPUs),wayback,https://web.archive.org/web/20230213073306/https://lambdalabs.com/service/gpu-cloud/pricing,
2023-02-13,Lambda,V100,16GB,0.55,on-demand,USD,instance $4.40/hr / 8 GPUs,wayback,https://web.archive.org/web/20230213073306/https://lambdalabs.com/service/gpu-cloud/pricing,
2023-03-06,OCI,A100,"SXM4 80GB (BM.GPU.GM4.8, 8x A100 80GB)",4.00,on-demand,USD,derived: server price $32/hr / 8 GPUs,wayback,https://web.archive.org/web/20230306001033/https://www.oracle.com/cloud/compute/gpu/,
2023-03-06,OCI,A100,"SXM4 40GB (BM.GPU4.8, 8x A100)",3.05,on-demand,USD,derived: server price $24.4/hr / 8 GPUs,wayback,https://web.archive.org/web/20230306001033/https://www.oracle.com/cloud/compute/gpu/,
2023-03-10,AWS,A100,SXM4 40GB (p4d.24xlarge),4.0963,on-demand,USD,p4d.24xlarge $32.77/hr / 8 GPUs,wayback,https://web.archive.org/web/20230310060753/https://aws.amazon.com/ec2/instance-types/p4/,"US East (N. Virginia), Linux; page rounds to nearest cent (unrounded list $32.7726 => $4.0966/GPU-hr)"
2023-03-10,AWS,A100,SXM4 40GB (p4d.24xlarge),2.4025,reserved-1yr,USD,p4d.24xlarge $19.22/hr / 8 GPUs,wayback,https://web.archive.org/web/20230310060753/https://aws.amazon.com/ec2/instance-types/p4/,"1-yr Reserved Instance effective hourly, US East (N. Virginia), Linux"
2023-03-10,AWS,A100,SXM4 40GB (p4d.24xlarge),1.4463,reserved-3yr,USD,p4d.24xlarge $11.57/hr / 8 GPUs,wayback,https://web.archive.org/web/20230310060753/https://aws.amazon.com/ec2/instance-types/p4/,"3-yr Reserved Instance effective hourly, US East (N. Virginia), Linux"
2023-03-10,AWS,A100,SXM4 80GB (p4de.24xlarge),5.1200,on-demand,USD,p4de.24xlarge $40.96/hr / 8 GPUs,wayback,https://web.archive.org/web/20230310060753/https://aws.amazon.com/ec2/instance-types/p4/,"US East (N. Virginia), Linux; p4de GA May 2022, first on quarterly grid 2022-07-01"
2023-03-10,AWS,A100,SXM4 80GB (p4de.24xlarge),3.0013,reserved-1yr,USD,p4de.24xlarge $24.01/hr / 8 GPUs,wayback,https://web.archive.org/web/20230310060753/https://aws.amazon.com/ec2/instance-types/p4/,"1-yr Reserved Instance effective hourly, US East (N. Virginia), Linux"
2023-03-10,AWS,A100,SXM4 80GB (p4de.24xlarge),1.8075,reserved-3yr,USD,p4de.24xlarge $14.46/hr / 8 GPUs,wayback,https://web.archive.org/web/20230310060753/https://aws.amazon.com/ec2/instance-types/p4/,"3-yr Reserved Instance effective hourly, US East (N. Virginia), Linux"
2023-03-18,RunPod,A100,PCIe 80GB,2.090,on-demand-secure,USD,1x row of per-instance table,wayback,https://web.archive.org/web/20230318164740/https://www.runpod.io/gpu-instance/pricing,
2023-03-18,RunPod,A100,PCIe 80GB,1.890,on-demand-community,USD,1x row of per-instance table,wayback,https://web.archive.org/web/20230318164740/https://www.runpod.io/gpu-instance/pricing,
2023-03-18,RunPod,A100,40GB,0.890,on-demand-community,USD,1x row of per-instance table,wayback,https://web.archive.org/web/20230318164740/https://www.runpod.io/gpu-instance/pricing,first appearance of A100 40GB
2023-03-18,RunPod,V100,FHHL 16GB,0.280,on-demand-community,USD,1x row of per-instance table,wayback,https://web.archive.org/web/20230318164740/https://www.runpod.io/gpu-instance/pricing,
2023-03-18,RunPod,V100,SXM2 16GB,0.290,on-demand-community,USD,1x row of per-instance table,wayback,https://web.archive.org/web/20230318164740/https://www.runpod.io/gpu-instance/pricing,
2023-04-01,CoreWeave,H100,HGX SXM 80GB,4.76,on-demand,USD,as_posted_per_gpu,wayback,https://web.archive.org/web/20230401080558/https://coreweave.com/gpu-cloud-pricing,GPU component only; CPU/RAM billed separately; first archived HGX H100 posted rate (appeared between 2023-03-14 and 2023-04-01); Reserve Now link still adjacent
2023-04-01,CoreWeave,H100,PCIe 80GB,4.25,on-demand,USD,as_posted_per_gpu,wayback,https://web.archive.org/web/20230401080558/https://coreweave.com/gpu-cloud-pricing,GPU component only; CPU/RAM billed separately
2023-04-08,Lambda,A100,80GB,1.50,on-demand,USD,instance $12.00/hr / 8 GPUs,wayback,https://web.archive.org/web/20230408024507/https://lambdalabs.com/service/gpu-cloud,
2023-04-08,Lambda,A100,40GB,1.10,on-demand,USD,as posted per-GPU (1x $1.10; 8x instance $8.80/hr / 8 GPUs),wayback,https://web.archive.org/web/20230408024507/https://lambdalabs.com/service/gpu-cloud,
2023-04-08,Lambda,A100,80GB,1.4288,reserved-6mo,USD,instance $11.43/hr / 8 GPUs,wayback,https://web.archive.org/web/20230408024507/https://lambdalabs.com/service/gpu-cloud,Reserved table unchanged since Nov 2022 (also 1yr $10.86 / 3yr $10.52; 40GB $8.80/$8.36/$8.10)
2023-04-08,Lambda,V100,16GB,0.55,on-demand,USD,instance $4.40/hr / 8 GPUs,wayback,https://web.archive.org/web/20230408024507/https://lambdalabs.com/service/gpu-cloud,
2023-05-13,CoreWeave,A100,NVLink 80GB,2.21,on-demand,USD,as_posted_per_gpu,wayback,https://web.archive.org/web/20230513204518/https://coreweave.com/gpu-cloud-pricing,GPU component only; CPU/RAM billed separately
2023-05-13,CoreWeave,A100,PCIe 80GB,2.21,on-demand,USD,as_posted_per_gpu,wayback,https://web.archive.org/web/20230513204518/https://coreweave.com/gpu-cloud-pricing,GPU component only; CPU/RAM billed separately
2023-05-13,CoreWeave,A100,NVLink 40GB,2.06,on-demand,USD,as_posted_per_gpu,wayback,https://web.archive.org/web/20230513204518/https://coreweave.com/gpu-cloud-pricing,GPU component only; CPU/RAM billed separately
2023-05-13,CoreWeave,A100,PCIe 40GB,2.06,on-demand,USD,as_posted_per_gpu,wayback,https://web.archive.org/web/20230513204518/https://coreweave.com/gpu-cloud-pricing,GPU component only; CPU/RAM billed separately
2023-05-13,CoreWeave,H100,HGX SXM 80GB,4.76,on-demand,USD,as_posted_per_gpu,wayback,https://web.archive.org/web/20230513204518/https://coreweave.com/gpu-cloud-pricing,GPU component only; CPU/RAM billed separately
2023-05-13,CoreWeave,H100,PCIe 80GB,4.25,on-demand,USD,as_posted_per_gpu,wayback,https://web.archive.org/web/20230513204518/https://coreweave.com/gpu-cloud-pricing,GPU component only; CPU/RAM billed separately
2023-05-13,CoreWeave,V100,NVLink 16GB,0.80,on-demand,USD,as_posted_per_gpu,wayback,https://web.archive.org/web/20230513204518/https://coreweave.com/gpu-cloud-pricing,GPU component only; CPU/RAM billed separately
2023-06-07,DataCrunch,A100,SXM4 80GB,2.20,on-demand,USD,1A100.22V 1x instance embedded JSON price_per_hour,wayback,https://web.archive.org/web/20230607163918/https://datacrunch.io/,80GB back at 2.20 with 40GB tier at 1.95
2023-06-07,DataCrunch,A100,SXM4 80GB,0.45,spot,USD,1A100.22V 1x instance embedded JSON spot_price,wayback,https://web.archive.org/web/20230607163918/https://datacrunch.io/,
2023-06-07,DataCrunch,A100,SXM4 40GB,1.95,on-demand,USD,1A100.40S.22V 1x instance embedded JSON,wayback,https://web.archive.org/web/20230607163918/https://datacrunch.io/,spot 0.40
2023-06-07,DataCrunch,V100,Tesla 16GB,0.89,on-demand,USD,1V100.6V 1x instance embedded JSON,wayback,https://web.archive.org/web/20230607163918/https://datacrunch.io/,spot 0.25; 8V100.48V $7.12/h = 0.89/GPU
2023-06-14,AWS,A100,SXM4 40GB (p4d.24xlarge),4.0963,on-demand,USD,p4d.24xlarge $32.77/hr / 8 GPUs,wayback,https://web.archive.org/web/20230614172614/https://aws.amazon.com/ec2/instance-types/p4/,"US East (N. Virginia), Linux; page rounds to nearest cent (unrounded list $32.7726 => $4.0966/GPU-hr)"
2023-06-14,AWS,A100,SXM4 40GB (p4d.24xlarge),2.4025,reserved-1yr,USD,p4d.24xlarge $19.22/hr / 8 GPUs,wayback,https://web.archive.org/web/20230614172614/https://aws.amazon.com/ec2/instance-types/p4/,"1-yr Reserved Instance effective hourly, US East (N. Virginia), Linux"
2023-06-14,AWS,A100,SXM4 40GB (p4d.24xlarge),1.4463,reserved-3yr,USD,p4d.24xlarge $11.57/hr / 8 GPUs,wayback,https://web.archive.org/web/20230614172614/https://aws.amazon.com/ec2/instance-types/p4/,"3-yr Reserved Instance effective hourly, US East (N. Virginia), Linux"
2023-06-14,AWS,A100,SXM4 80GB (p4de.24xlarge),5.1200,on-demand,USD,p4de.24xlarge $40.96/hr / 8 GPUs,wayback,https://web.archive.org/web/20230614172614/https://aws.amazon.com/ec2/instance-types/p4/,"US East (N. Virginia), Linux; p4de GA May 2022, first on quarterly grid 2022-07-01"
2023-06-14,AWS,A100,SXM4 80GB (p4de.24xlarge),3.0013,reserved-1yr,USD,p4de.24xlarge $24.01/hr / 8 GPUs,wayback,https://web.archive.org/web/20230614172614/https://aws.amazon.com/ec2/instance-types/p4/,"1-yr Reserved Instance effective hourly, US East (N. Virginia), Linux"
2023-06-14,AWS,A100,SXM4 80GB (p4de.24xlarge),1.8075,reserved-3yr,USD,p4de.24xlarge $14.46/hr / 8 GPUs,wayback,https://web.archive.org/web/20230614172614/https://aws.amazon.com/ec2/instance-types/p4/,"3-yr Reserved Instance effective hourly, US East (N. Virginia), Linux"
2023-07-02,OCI,A100,"SXM4 80GB (BM.GPU.A100-v2.8, 8x A100 80GB)",4.00,on-demand,USD,derived: server price $32/hr / 8 GPUs,wayback,https://web.archive.org/web/20230702055410/https://www.oracle.com/cloud/compute/gpu/,"shape renamed BM.GPU.GM4.8 -> BM.GPU.A100-v2.8, price unchanged"
2023-07-02,OCI,A100,"SXM4 40GB (BM.GPU4.8, 8x A100)",3.05,on-demand,USD,derived: server price $24.4/hr / 8 GPUs,wayback,https://web.archive.org/web/20230702055410/https://www.oracle.com/cloud/compute/gpu/,
2023-07-06,Lambda,A100,80GB,1.50,on-demand,USD,instance $12.00/hr / 8 GPUs,wayback,https://web.archive.org/web/20230706175916/https://lambdalabs.com/service/gpu-cloud/pricing,
2023-07-06,Lambda,A100,40GB,1.10,on-demand,USD,as posted per-GPU (1x $1.10; 8x instance $8.80/hr / 8 GPUs),wayback,https://web.archive.org/web/20230706175916/https://lambdalabs.com/service/gpu-cloud/pricing,
2023-07-06,Lambda,A100,80GB,1.3575,reserved-1yr,USD,instance $10.86/hr / 8 GPUs,wayback,https://web.archive.org/web/20230706175916/https://lambdalabs.com/service/gpu-cloud/pricing,Reserved table unchanged (6mo $11.43 / 3yr $10.52; 40GB $8.80/$8.36/$8.10)
2023-07-06,Lambda,H100,PCIe 80GB,1.99,on-demand,USD,as posted per-GPU (1x instance $1.99/hr),wayback,https://web.archive.org/web/20230706175916/https://lambdalabs.com/service/gpu-cloud/pricing,"FIRST H100 appearance observed (PCIe, marked New); not present 2023-04-09, so launched between 2023-04-09 and 2023-07-03"
2023-07-06,Lambda,V100,16GB,0.55,on-demand,USD,instance $4.40/hr / 8 GPUs,wayback,https://web.archive.org/web/20230706175916/https://lambdalabs.com/service/gpu-cloud/pricing,
2023-07-06,OVHcloud,V100S,"PCIe 32GB (t2-45, 1x V100S)",2.19,on-demand,USD,"posted per-instance, 1 GPU = per-GPU",wayback,https://web.archive.org/web/20230706175920/https://www.ovhcloud.com/en/public-cloud/prices/,NO A100 instances on price page yet as of 2023-07
2023-07-09,RunPod,A100,PCIe 80GB,1.790,on-demand-secure,USD,1x row of per-instance table,wayback,https://web.archive.org/web/20230709173002/https://www.runpod.io/gpu-instance/pricing,secure price cut from 2.09
2023-07-09,RunPod,A100,SXM 80GB,1.840,on-demand-secure,USD,1x row of per-instance table,wayback,https://web.archive.org/web/20230709173002/https://www.runpod.io/gpu-instance/pricing,first appearance of A100 SXM as separate line
2023-07-09,RunPod,A100,PCIe 80GB,1.690,on-demand-community,USD,1x row of per-instance table,wayback,https://web.archive.org/web/20230709173002/https://www.runpod.io/gpu-instance/pricing,
2023-07-09,RunPod,A100,40GB,0.790,on-demand-community,USD,1x row of per-instance table,wayback,https://web.archive.org/web/20230709173002/https://www.runpod.io/gpu-instance/pricing,
2023-07-09,RunPod,H100,SXM5 80GB,4.490,on-demand-community,USD,1x row of per-instance table,wayback,https://web.archive.org/web/20230709173002/https://www.runpod.io/gpu-instance/pricing,first H100 appearance (Community section)
2023-07-09,RunPod,V100,FHHL 16GB,0.280,on-demand-community,USD,1x row of per-instance table,wayback,https://web.archive.org/web/20230709173002/https://www.runpod.io/gpu-instance/pricing,
2023-07-09,RunPod,V100,SXM2 16GB,0.290,on-demand-community,USD,1x row of per-instance table,wayback,https://web.archive.org/web/20230709173002/https://www.runpod.io/gpu-instance/pricing,
2023-08-23,CoreWeave,A100,NVLink 80GB,2.21,on-demand,USD,as_posted_per_gpu,wayback,https://web.archive.org/web/20230823150618/https://coreweave.com/gpu-cloud-pricing,GPU component only; CPU/RAM billed separately
2023-08-23,CoreWeave,A100,PCIe 80GB,2.21,on-demand,USD,as_posted_per_gpu,wayback,https://web.archive.org/web/20230823150618/https://coreweave.com/gpu-cloud-pricing,GPU component only; CPU/RAM billed separately
2023-08-23,CoreWeave,A100,NVLink 40GB,2.06,on-demand,USD,as_posted_per_gpu,wayback,https://web.archive.org/web/20230823150618/https://coreweave.com/gpu-cloud-pricing,GPU component only; CPU/RAM billed separately
2023-08-23,CoreWeave,A100,PCIe 40GB,2.06,on-demand,USD,as_posted_per_gpu,wayback,https://web.archive.org/web/20230823150618/https://coreweave.com/gpu-cloud-pricing,GPU component only; CPU/RAM billed separately
2023-08-23,CoreWeave,H100,HGX SXM 80GB,4.76,on-demand,USD,as_posted_per_gpu,wayback,https://web.archive.org/web/20230823150618/https://coreweave.com/gpu-cloud-pricing,GPU component only; CPU/RAM billed separately
2023-08-23,CoreWeave,H100,PCIe 80GB,4.25,on-demand,USD,as_posted_per_gpu,wayback,https://web.archive.org/web/20230823150618/https://coreweave.com/gpu-cloud-pricing,GPU component only; CPU/RAM billed separately
2023-08-23,CoreWeave,V100,NVLink 16GB,0.80,on-demand,USD,as_posted_per_gpu,wayback,https://web.archive.org/web/20230823150618/https://coreweave.com/gpu-cloud-pricing,GPU component only; CPU/RAM billed separately
2023-09-20,AWS,A100,SXM4 40GB (p4d.24xlarge),4.0963,on-demand,USD,p4d.24xlarge $32.77/hr / 8 GPUs,wayback,https://web.archive.org/web/20230920172327/https://aws.amazon.com/ec2/instance-types/p4/,"US East (N. Virginia), Linux; page rounds to nearest cent (unrounded list $32.7726 => $4.0966/GPU-hr)"
2023-09-20,AWS,A100,SXM4 40GB (p4d.24xlarge),2.4025,reserved-1yr,USD,p4d.24xlarge $19.22/hr / 8 GPUs,wayback,https://web.archive.org/web/20230920172327/https://aws.amazon.com/ec2/instance-types/p4/,"1-yr Reserved Instance effective hourly, US East (N. Virginia), Linux"
2023-09-20,AWS,A100,SXM4 40GB (p4d.24xlarge),1.4463,reserved-3yr,USD,p4d.24xlarge $11.57/hr / 8 GPUs,wayback,https://web.archive.org/web/20230920172327/https://aws.amazon.com/ec2/instance-types/p4/,"3-yr Reserved Instance effective hourly, US East (N. Virginia), Linux"
2023-09-20,AWS,A100,SXM4 80GB (p4de.24xlarge),5.1200,on-demand,USD,p4de.24xlarge $40.96/hr / 8 GPUs,wayback,https://web.archive.org/web/20230920172327/https://aws.amazon.com/ec2/instance-types/p4/,"US East (N. Virginia), Linux; p4de GA May 2022, first on quarterly grid 2022-07-01"
2023-09-20,AWS,A100,SXM4 80GB (p4de.24xlarge),3.0013,reserved-1yr,USD,p4de.24xlarge $24.01/hr / 8 GPUs,wayback,https://web.archive.org/web/20230920172327/https://aws.amazon.com/ec2/instance-types/p4/,"1-yr Reserved Instance effective hourly, US East (N. Virginia), Linux"
2023-09-20,AWS,A100,SXM4 80GB (p4de.24xlarge),1.8075,reserved-3yr,USD,p4de.24xlarge $14.46/hr / 8 GPUs,wayback,https://web.archive.org/web/20230920172327/https://aws.amazon.com/ec2/instance-types/p4/,"3-yr Reserved Instance effective hourly, US East (N. Virginia), Linux"
2023-09-23,DataCrunch,A100,SXM4 80GB,2.20,on-demand,USD,1A100.22V 1x instance embedded JSON,wayback,https://web.archive.org/web/20230923051347/https://datacrunch.io/,spot 0.45
2023-09-23,DataCrunch,A100,SXM4 40GB,1.95,on-demand,USD,1A100.40S.22V 1x instance embedded JSON,wayback,https://web.archive.org/web/20230923051347/https://datacrunch.io/,spot 0.40
2023-09-23,DataCrunch,H100,SXM5 80GB,3.50,on-demand,USD,1H100.80S.45V 1x instance embedded JSON,wayback,https://web.archive.org/web/20230923051347/https://datacrunch.io/,first H100 listing
2023-09-23,DataCrunch,H100,SXM5 80GB,1.50,spot,USD,1H100.80S.45V 1x instance embedded JSON,wayback,https://web.archive.org/web/20230923051347/https://datacrunch.io/,
2023-09-23,DataCrunch,V100,Tesla 16GB,0.89,on-demand,USD,1V100.6V 1x instance embedded JSON,wayback,https://web.archive.org/web/20230923051347/https://datacrunch.io/,spot 0.25
2023-10-01,RunPod,A100,PCIe 80GB,1.99,on-demand-secure,USD,1x GPU column of pricing card,wayback,https://web.archive.org/web/20231001140201/https://www.runpod.io/gpu-instance/pricing,new card layout; secure spot not posted for A100/H100
2023-10-01,RunPod,A100,SXM 80GB,2.19,on-demand-secure,USD,1x GPU column of pricing card,wayback,https://web.archive.org/web/20231001140201/https://www.runpod.io/gpu-instance/pricing,
2023-10-01,RunPod,A100,PCIe 80GB,1.69,on-demand-community,USD,1x GPU column of pricing card,wayback,https://web.archive.org/web/20231001140201/https://www.runpod.io/gpu-instance/pricing,
2023-10-01,RunPod,A100,PCIe 80GB,0.89,spot-community,USD,1x GPU column of pricing card,wayback,https://web.archive.org/web/20231001140201/https://www.runpod.io/gpu-instance/pricing,
2023-10-01,RunPod,A100,40GB,0.79,on-demand-community,USD,1x GPU column of pricing card,wayback,https://web.archive.org/web/20231001140201/https://www.runpod.io/gpu-instance/pricing,spot 0.49
2023-10-01,RunPod,H100,SXM5 80GB,4.49,on-demand-secure,USD,1x GPU column of pricing card,wayback,https://web.archive.org/web/20231001140201/https://www.runpod.io/gpu-instance/pricing,
2023-10-01,RunPod,H100,PCIe 80GB,4.29,on-demand-secure,USD,1x GPU column of pricing card,wayback,https://web.archive.org/web/20231001140201/https://www.runpod.io/gpu-instance/pricing,
2023-10-01,RunPod,H100,SXM5 80GB,4.09,on-demand-community,USD,1x GPU column of pricing card,wayback,https://web.archive.org/web/20231001140201/https://www.runpod.io/gpu-instance/pricing,
2023-10-01,RunPod,H100,SXM5 80GB,2.49,spot-community,USD,1x GPU column of pricing card,wayback,https://web.archive.org/web/20231001140201/https://www.runpod.io/gpu-instance/pricing,
2023-10-01,RunPod,H100,PCIe 80GB,3.99,on-demand-community,USD,1x GPU column of pricing card,wayback,https://web.archive.org/web/20231001140201/https://www.runpod.io/gpu-instance/pricing,spot 2.49
2023-10-01,RunPod,V100,FHHL 16GB,0.28,on-demand-community,USD,1x GPU column of pricing card,wayback,https://web.archive.org/web/20231001140201/https://www.runpod.io/gpu-instance/pricing,spot 0.19
2023-10-01,RunPod,V100,Tesla V100 16GB,0.28,on-demand-community,USD,1x GPU column of pricing card,wayback,https://web.archive.org/web/20231001140201/https://www.runpod.io/gpu-instance/pricing,spot 0.19
2023-10-02,Lambda,A100,80GB,1.50,on-demand,USD,instance $12.00/hr / 8 GPUs,wayback,https://web.archive.org/web/20231002085913/https://lambdalabs.com/service/gpu-cloud,
2023-10-02,Lambda,A100,40GB,1.10,on-demand,USD,as posted per-GPU (1x $1.10; 8x instance $8.80/hr / 8 GPUs),wayback,https://web.archive.org/web/20231002085913/https://lambdalabs.com/service/gpu-cloud,
2023-10-02,Lambda,H100,SXM 80GB,2.59,on-demand,USD,instance $20.72/hr / 8 GPUs,wayback,https://web.archive.org/web/20231002085913/https://lambdalabs.com/service/gpu-cloud,8x H100 SXM OD added; page banner explicitly says 'only $2.59/hr/GPU'
2023-10-02,Lambda,H100,PCIe 80GB,1.99,on-demand,USD,as posted per-GPU (1x instance $1.99/hr),wayback,https://web.archive.org/web/20231002085913/https://lambdalabs.com/service/gpu-cloud,
2023-10-02,Lambda,H100,SXM 80GB,1.89,reserved-3yr,USD,as posted $1.89/H100/hour,wayback,https://web.archive.org/web/20231002085913/https://lambdalabs.com/service/gpu-cloud,Reserved cluster 64-60000 GPUs
2023-10-02,Lambda,H100,SXM 80GB,4.85,reserved-3mo,USD,as posted $4.85/H100/hour,wayback,https://web.archive.org/web/20231002085913/https://lambdalabs.com/service/gpu-cloud,"'Sprint' 3-month cluster, 248 GPUs"
2023-10-02,Lambda,V100,16GB,0.55,on-demand,USD,instance $4.40/hr / 8 GPUs,wayback,https://web.archive.org/web/20231002085913/https://lambdalabs.com/service/gpu-cloud,
2023-10-02,coreweave,A100,,2.06,on-demand,USD,,commoncrawl,https://docs.coreweave.com/welcome-to-coreweave/resource-based-pricing,resource-based per-GPU compute rate (PCIe 40GB); excludes vCPU/RAM/storage
2023-10-02,coreweave,A100,,2.21,on-demand,USD,,commoncrawl,https://docs.coreweave.com/welcome-to-coreweave/resource-based-pricing,resource-based per-GPU compute rate (PCIe 80GB); excludes vCPU/RAM/storage
2023-10-02,coreweave,A100,,2.21,on-demand,USD,,commoncrawl,https://docs.coreweave.com/welcome-to-coreweave/resource-based-pricing,resource-based per-GPU compute rate (SXM/NVLINK 80GB); excludes vCPU/RAM/storage
2023-10-02,coreweave,H100,,4.78,on-demand,USD,,commoncrawl,https://docs.coreweave.com/welcome-to-coreweave/resource-based-pricing,resource-based per-GPU compute rate (SXM/NVLINK 80GB); excludes vCPU/RAM/storage
2023-10-03,OCI,A100,"SXM4 80GB (BM.GPU.A100-v2.8, 8x A100 80GB)",4.00,on-demand,USD,derived: server price $32/hr / 8 GPUs,wayback,https://web.archive.org/web/20231003081745/https://www.oracle.com/cloud/compute/gpu/,no H100 row in pricing table despite H100 GA announced Sep 2023
2023-10-03,OCI,A100,"SXM4 40GB (BM.GPU4.8, 8x A100)",3.05,on-demand,USD,derived: server price $24.4/hr / 8 GPUs,wayback,https://web.archive.org/web/20231003081745/https://www.oracle.com/cloud/compute/gpu/,last snapshot with a pricing table; 2024 snapshots (Jan/Jun/Dec) dropped the price table entirely
2023-10-03,lambda,H100,,4.85,3M,USD,,commoncrawl,https://lambdalabs.com/service/gpu-cloud/reserved,reserve '$4.85/H100/hour 3-months 248 AI SOFTWARE INSTALLED Pre-'
2023-10-03,lambda,H100,,1.89,3Y,USD,,commoncrawl,https://lambdalabs.com/service/gpu-cloud/reserved,"reserve '$1.89/H100/hour 3-years 64 - 60,000 Sprint 8x NVIDIA H1'"
2023-11-26,CoreWeave,A100,NVLink 80GB,2.21,on-demand,USD,as_posted_per_gpu,wayback,https://web.archive.org/web/20231126215533/https://coreweave.com/gpu-cloud-pricing,GPU component only; CPU/RAM billed separately
2023-11-26,CoreWeave,A100,PCIe 80GB,2.21,on-demand,USD,as_posted_per_gpu,wayback,https://web.archive.org/web/20231126215533/https://coreweave.com/gpu-cloud-pricing,GPU component only; CPU/RAM billed separately
2023-11-26,CoreWeave,A100,NVLink 40GB,2.06,on-demand,USD,as_posted_per_gpu,wayback,https://web.archive.org/web/20231126215533/https://coreweave.com/gpu-cloud-pricing,GPU component only; CPU/RAM billed separately
2023-11-26,CoreWeave,A100,PCIe 40GB,2.06,on-demand,USD,as_posted_per_gpu,wayback,https://web.archive.org/web/20231126215533/https://coreweave.com/gpu-cloud-pricing,GPU component only; CPU/RAM billed separately
2023-11-26,CoreWeave,H100,HGX SXM 80GB,4.76,on-demand,USD,as_posted_per_gpu,wayback,https://web.archive.org/web/20231126215533/https://coreweave.com/gpu-cloud-pricing,GPU component only; CPU/RAM billed separately
2023-11-26,CoreWeave,H100,PCIe 80GB,4.25,on-demand,USD,as_posted_per_gpu,wayback,https://web.archive.org/web/20231126215533/https://coreweave.com/gpu-cloud-pricing,GPU component only; CPU/RAM billed separately
2023-11-26,CoreWeave,V100,NVLink 16GB,0.80,on-demand,USD,as_posted_per_gpu,wayback,https://web.archive.org/web/20231126215533/https://coreweave.com/gpu-cloud-pricing,GPU component only; CPU/RAM billed separately
2023-12-03,Lambda,A100,SXM 80GB,1.50,on-demand,USD,instance $12.00/hr / 8 GPUs,wayback,https://web.archive.org/web/20231203205050/https://lambdalabs.com/service/gpu-cloud,
2023-12-03,Lambda,A100,SXM 40GB,1.10,on-demand,USD,as posted per-GPU (1x $1.10; 8x instance $8.80/hr / 8 GPUs),wayback,https://web.archive.org/web/20231203205050/https://lambdalabs.com/service/gpu-cloud,
2023-12-03,Lambda,A100,PCIe 40GB,1.10,on-demand,USD,as posted per-GPU (1x $1.10; 2x/4x scale linearly),wayback,https://web.archive.org/web/20231203205050/https://lambdalabs.com/service/gpu-cloud,
2023-12-03,Lambda,H100,SXM 80GB,2.59,on-demand,USD,instance $20.72/hr / 8 GPUs,wayback,https://web.archive.org/web/20231203205050/https://lambdalabs.com/service/gpu-cloud,OD table now labels A100 form factors SXM vs PCIe
2023-12-03,Lambda,H100,PCIe 80GB,1.99,on-demand,USD,as posted per-GPU (1x instance $1.99/hr),wayback,https://web.archive.org/web/20231203205050/https://lambdalabs.com/service/gpu-cloud,
2023-12-03,Lambda,H100,SXM 80GB,1.89,reserved-3yr,USD,as posted $1.89/H100/hour,wayback,https://web.archive.org/web/20231203205050/https://lambdalabs.com/service/gpu-cloud,Reserved cluster 64-32000 GPUs; H200 listed Contact Sales; GH200 $5.99/GPU/hr 3-12mo
2023-12-03,Lambda,V100,16GB,0.55,on-demand,USD,instance $4.40/hr / 8 GPUs,wayback,https://web.archive.org/web/20231203205050/https://lambdalabs.com/service/gpu-cloud,
2023-12-03,lambda,GH200,,5.99,1Y,USD,,commoncrawl,https://lambdalabs.com/service/gpu-cloud/reserved,reserve '1-Year Reservation: $5.99/hr/GH200'
2023-12-03,lambda,GH200,,5.99,3-12M,USD,,commoncrawl,https://lambdalabs.com/service/gpu-cloud/reserved,reserve '$5.99 /GH200/hour 3-12 months 10 or 20 AI SOFTWARE INST'
2023-12-03,lambda,H100,,1.89,3Y,USD,,commoncrawl,https://lambdalabs.com/service/gpu-cloud/reserved,"reserve '$1.89/H100/hour 3 years 64 - 32,000 NVIDIA H200 8x NVID'"
2023-12-05,AWS,A100,SXM4 40GB (p4d.24xlarge),4.0963,on-demand,USD,p4d.24xlarge $32.77/hr / 8 GPUs,wayback,https://web.archive.org/web/20231205000506/https://aws.amazon.com/ec2/instance-types/p4/,"US East (N. Virginia), Linux; page rounds to nearest cent (unrounded list $32.7726 => $4.0966/GPU-hr)"
2023-12-05,AWS,A100,SXM4 40GB (p4d.24xlarge),2.4025,reserved-1yr,USD,p4d.24xlarge $19.22/hr / 8 GPUs,wayback,https://web.archive.org/web/20231205000506/https://aws.amazon.com/ec2/instance-types/p4/,"1-yr Reserved Instance effective hourly, US East (N. Virginia), Linux"
2023-12-05,AWS,A100,SXM4 40GB (p4d.24xlarge),1.4463,reserved-3yr,USD,p4d.24xlarge $11.57/hr / 8 GPUs,wayback,https://web.archive.org/web/20231205000506/https://aws.amazon.com/ec2/instance-types/p4/,"3-yr Reserved Instance effective hourly, US East (N. Virginia), Linux"
2023-12-05,AWS,A100,SXM4 80GB (p4de.24xlarge),5.1200,on-demand,USD,p4de.24xlarge $40.96/hr / 8 GPUs,wayback,https://web.archive.org/web/20231205000506/https://aws.amazon.com/ec2/instance-types/p4/,"US East (N. Virginia), Linux; p4de GA May 2022, first on quarterly grid 2022-07-01"
2023-12-05,AWS,A100,SXM4 80GB (p4de.24xlarge),3.0013,reserved-1yr,USD,p4de.24xlarge $24.01/hr / 8 GPUs,wayback,https://web.archive.org/web/20231205000506/https://aws.amazon.com/ec2/instance-types/p4/,"1-yr Reserved Instance effective hourly, US East (N. Virginia), Linux"
2023-12-05,AWS,A100,SXM4 80GB (p4de.24xlarge),1.8075,reserved-3yr,USD,p4de.24xlarge $14.46/hr / 8 GPUs,wayback,https://web.archive.org/web/20231205000506/https://aws.amazon.com/ec2/instance-types/p4/,"3-yr Reserved Instance effective hourly, US East (N. Virginia), Linux"
2023-12-09,DataCrunch,A100,SXM4 80GB,2.20,on-demand,USD,1A100.22V 1x instance embedded JSON,wayback,https://web.archive.org/web/20231209222258/https://datacrunch.io/,spot 1.32
2023-12-09,DataCrunch,A100,SXM4 40GB,1.95,on-demand,USD,1A100.40S.22V 1x instance embedded JSON,wayback,https://web.archive.org/web/20231209222258/https://datacrunch.io/,spot 1.17
2023-12-09,DataCrunch,H100,SXM5 80GB,3.95,on-demand,USD,1H100.80S.30V 1x instance embedded JSON,wayback,https://web.archive.org/web/20231209222258/https://datacrunch.io/,spot 2.37; dynamic pricing era begins around here
2023-12-09,DataCrunch,V100,Tesla 16GB,0.89,on-demand,USD,1V100.6V 1x instance embedded JSON,wayback,https://web.archive.org/web/20231209222258/https://datacrunch.io/,spot 0.53
2023-12-11,Paperspace,A100,40GB (unlabeled),3.09,on-demand,USD,per-machine hourly; 1 GPU per machine,wayback,https://web.archive.org/web/20231211153408/https://www.paperspace.com/pricing,H100 waitlist banner ('Claim your spot on the waitlist'); no A100-80G variant yet
2023-12-11,Paperspace,V100,16GB,2.30,on-demand,USD,per-machine hourly; 1 GPU per machine,wayback,https://web.archive.org/web/20231211153408/https://www.paperspace.com/pricing,unchanged
2023-12-16,OVHcloud,A100,"PCIe 80GB (a100-180, 1x A100 80GB)",3.07,on-demand,USD,"posted per-instance, 1 GPU = per-GPU",wayback,https://web.archive.org/web/20231216023451/https://www.ovhcloud.com/en/public-cloud/prices/,A100 first appears between 2023-07 and 2023-12 snapshots; OVH never posted 40GB variant
2023-12-16,OVHcloud,A100,"PCIe 80GB (a100-720, 4x A100 80GB)",3.0725,on-demand,USD,derived: $12.29/hr instance / 4 GPUs,wayback,https://web.archive.org/web/20231216023451/https://www.ovhcloud.com/en/public-cloud/prices/,a100-360 (2x) $6.15 = $3.075/GPU
2023-12-16,OVHcloud,A100,"PCIe 80GB (a100-1-gpu, AI Training)",3.35,on-demand,USD,"posted per-instance, 1 GPU = per-GPU",wayback,https://web.archive.org/web/20231216023451/https://www.ovhcloud.com/en/public-cloud/prices/,"AI Training managed product line, premium over raw instance"
2024-01-01,Lambda,A100,SXM 80GB,1.79,on-demand,USD,instance $14.32/hr / 8 GPUs,wayback,https://web.archive.org/web/20240101073433/https://lambdalabs.com/service/gpu-cloud,Up from $12.00/instance ($1.50/GPU) effective 1/1/2024
2024-01-01,Lambda,A100,SXM 40GB,1.29,on-demand,USD,as posted per-GPU (1x $1.29; 8x instance $10.32/hr / 8 GPUs),wayback,https://web.archive.org/web/20240101073433/https://lambdalabs.com/service/gpu-cloud,Up from $1.10/GPU effective 1/1/2024
2024-01-01,Lambda,A100,PCIe 40GB,1.29,on-demand,USD,as posted per-GPU (1x $1.29; 2x $2.58 / 4x $5.16 scale linearly),wayback,https://web.archive.org/web/20240101073433/https://lambdalabs.com/service/gpu-cloud,
2024-01-01,Lambda,H100,SXM 80GB,3.49,on-demand,USD,instance $27.92/hr / 8 GPUs,wayback,https://web.archive.org/web/20240101073433/https://lambdalabs.com/service/gpu-cloud,PRICE INCREASE effective 1/1/2024 (2023 price $20.72/instance shown alongside)
2024-01-01,Lambda,H100,PCIe 80GB,2.49,on-demand,USD,as posted per-GPU (1x instance $2.49/hr),wayback,https://web.archive.org/web/20240101073433/https://lambdalabs.com/service/gpu-cloud,Up from $1.99 effective 1/1/2024
2024-01-01,Lambda,H100,SXM 80GB,1.89,reserved-3yr,USD,as posted $1.89/H100/hour,wayback,https://web.archive.org/web/20240101073433/https://lambdalabs.com/service/gpu-cloud,Reserved cluster 64-32000 GPUs; GH200 $5.99/GPU/hr 3-12mo also listed
2024-01-01,Lambda,V100,16GB,0.55,on-demand,USD,instance $4.40/hr / 8 GPUs,wayback,https://web.archive.org/web/20240101073433/https://lambdalabs.com/service/gpu-cloud,V100 and A6000 prices NOT raised in 1/1/2024 increase
2024-01-01,RunPod,A100,PCIe 80GB,1.99,on-demand-secure,USD,1x GPU column of pricing card,wayback,https://web.archive.org/web/20240101225009/https://www.runpod.io/gpu-instance/pricing,
2024-01-01,RunPod,A100,SXM 80GB,2.29,on-demand-secure,USD,1x GPU column of pricing card,wayback,https://web.archive.org/web/20240101225009/https://www.runpod.io/gpu-instance/pricing,
2024-01-01,RunPod,A100,PCIe 80GB,1.69,on-demand-community,USD,1x GPU column of pricing card,wayback,https://web.archive.org/web/20240101225009/https://www.runpod.io/gpu-instance/pricing,spot 0.89
2024-01-01,RunPod,H100,SXM5 80GB,4.69,on-demand-secure,USD,1x GPU column of pricing card,wayback,https://web.archive.org/web/20240101225009/https://www.runpod.io/gpu-instance/pricing,
2024-01-01,RunPod,H100,PCIe 80GB,4.49,on-demand-secure,USD,1x GPU column of pricing card,wayback,https://web.archive.org/web/20240101225009/https://www.runpod.io/gpu-instance/pricing,
2024-01-01,RunPod,H100,SXM5 80GB,3.89,on-demand-community,USD,1x GPU column of pricing card,wayback,https://web.archive.org/web/20240101225009/https://www.runpod.io/gpu-instance/pricing,spot 2.49
2024-01-01,RunPod,H100,PCIe 80GB,3.69,on-demand-community,USD,1x GPU column of pricing card,wayback,https://web.archive.org/web/20240101225009/https://www.runpod.io/gpu-instance/pricing,spot 2.49
2024-01-01,RunPod,V100,SXM2 32GB,0.39,on-demand-community,USD,1x GPU column of pricing card,wayback,https://web.archive.org/web/20240101225009/https://www.runpod.io/gpu-instance/pricing,spot not posted
2024-01-01,RunPod,V100,FHHL 16GB,0.28,on-demand-community,USD,1x GPU column of pricing card,wayback,https://web.archive.org/web/20240101225009/https://www.runpod.io/gpu-instance/pricing,spot 0.19
2024-01-01,RunPod,V100,SXM2 16GB,0.29,on-demand-community,USD,1x GPU column of pricing card,wayback,https://web.archive.org/web/20240101225009/https://www.runpod.io/gpu-instance/pricing,spot 0.15
2024-01-02,AWS,V100,16GB (p3.2xlarge),3.0600,on-demand,USD,p3.2xlarge $3.06/hr / 1 GPU,wayback,https://web.archive.org/web/20240102055252/https://aws.amazon.com/ec2/instance-types/p3/,"US East (N. Virginia), Linux; launch (Oct 2017) list price unchanged"
2024-01-02,AWS,V100,16GB (p3.2xlarge),1.9900,reserved-1yr,USD,p3.2xlarge $1.99/hr / 1 GPU,wayback,https://web.archive.org/web/20240102055252/https://aws.amazon.com/ec2/instance-types/p3/,"1-yr Reserved Instance effective hourly, US East (N. Virginia), Linux"
2024-01-02,AWS,V100,16GB (p3.2xlarge),1.05,reserved-3yr,USD,p3.2xlarge $1.05/hr / 1 GPU,wayback,https://web.archive.org/web/20240102055252/https://aws.amazon.com/ec2/instance-types/p3/,"3-yr Reserved Instance effective hourly, US East (N. Virginia), Linux; 3-yr effective dropped $1.23->$1.05 between Jun 2018 and Jan 2019"
2024-01-15,Paperspace,A100,80GB (A100-80G),3.18,on-demand,USD,per-machine hourly; 1 GPU per machine,wayback,https://web.archive.org/web/20240115131920/https://www.paperspace.com/pricing,FIRST APPEARANCE of A100-80G variant as distinct card; 40GB-era A100 $3.09 row also still on page
2024-01-15,Paperspace,H100,HGX 80GB,2.24,reserved-3yr,USD,per-GPU (HGX node; 1x and 8x offered),wayback,https://web.archive.org/web/20240115131920/https://www.paperspace.com/pricing,FIRST H100 price (absent 2023-12-11); footnote: '$2.24/hour pricing is for a 3-year commitment. On-demand pricing for H100 is $8.96 per hour'
2024-01-15,Paperspace,H100,HGX 80GB,8.96,on-demand,USD,per-GPU per footnote,wayback,https://web.archive.org/web/20240115131920/https://www.paperspace.com/pricing,initial H100 on-demand rate; cut to $5.95 promo by 2024-02-03
2024-02-03,Paperspace,A100,80GB (A100-80G),1.15,reserved-3yr,USD,per-GPU,wayback,https://web.archive.org/web/20240203164157/https://www.paperspace.com/pricing,A100-80G card switched from $3.18 OD to $1.15** 3-year-commitment display; footnote '**$1.15/hour pricing is for a 3-year commitment'; plain A100 $3.09 OD row still present
2024-02-03,Paperspace,H100,HGX 80GB,2.24,reserved-3yr,USD,per-GPU (HGX node),wayback,https://web.archive.org/web/20240203164157/https://www.paperspace.com/pricing,footnote now: on-demand H100 $5.95/hour 'under our special promo price' (cut from $8.96)
2024-02-03,Paperspace,H100,HGX 80GB,5.95,on-demand-promo,USD,per-GPU per footnote,wayback,https://web.archive.org/web/20240203164157/https://www.paperspace.com/pricing,'special promo price'
2024-02-05,CoreWeave,A100,NVLink 80GB,2.21,on-demand,USD,as_posted_per_gpu,wayback,https://web.archive.org/web/20240205004831/https://coreweave.com/gpu-cloud-pricing,GPU component only; CPU/RAM billed separately
2024-02-05,CoreWeave,A100,PCIe 80GB,2.21,on-demand,USD,as_posted_per_gpu,wayback,https://web.archive.org/web/20240205004831/https://coreweave.com/gpu-cloud-pricing,GPU component only; CPU/RAM billed separately
2024-02-05,CoreWeave,A100,NVLink 40GB,2.06,on-demand,USD,as_posted_per_gpu,wayback,https://web.archive.org/web/20240205004831/https://coreweave.com/gpu-cloud-pricing,GPU component only; CPU/RAM billed separately
2024-02-05,CoreWeave,A100,PCIe 40GB,2.06,on-demand,USD,as_posted_per_gpu,wayback,https://web.archive.org/web/20240205004831/https://coreweave.com/gpu-cloud-pricing,GPU component only; CPU/RAM billed separately
2024-02-05,CoreWeave,H100,HGX SXM 80GB,4.76,on-demand,USD,as_posted_per_gpu,wayback,https://web.archive.org/web/20240205004831/https://coreweave.com/gpu-cloud-pricing,GPU component only; CPU/RAM billed separately
2024-02-05,CoreWeave,H100,PCIe 80GB,4.25,on-demand,USD,as_posted_per_gpu,wayback,https://web.archive.org/web/20240205004831/https://coreweave.com/gpu-cloud-pricing,GPU component only; CPU/RAM billed separately
2024-02-05,CoreWeave,V100,NVLink 16GB,0.80,on-demand,USD,as_posted_per_gpu,wayback,https://web.archive.org/web/20240205004831/https://coreweave.com/gpu-cloud-pricing,GPU component only; CPU/RAM billed separately
2024-02-22,DataCrunch,A100,SXM4 80GB,2.34,on-demand,USD,1A100.22V 1x instance embedded JSON,wayback,https://web.archive.org/web/20240222045038/https://datacrunch.io/products,spot 1.17
2024-02-22,DataCrunch,A100,SXM4 40GB,2.10,on-demand,USD,1A100.40S.22V 1x instance embedded JSON,wayback,https://web.archive.org/web/20240222045038/https://datacrunch.io/products,spot 1.05
2024-02-22,DataCrunch,H100,SXM5 80GB,4.57,on-demand,USD,1H100.80S.30V 1x instance embedded JSON,wayback,https://web.archive.org/web/20240222045038/https://datacrunch.io/products,spot 2.29; H100 peak in this series
2024-02-22,DataCrunch,V100,Tesla 16GB,0.88,on-demand,USD,1V100.6V 1x instance embedded JSON,wayback,https://web.archive.org/web/20240222045038/https://datacrunch.io/products,spot 0.44
2024-02-23,hyperstack,A100,PCIe,2.75,on-demand,USD,,commoncrawl,https://www.hyperstack.cloud/gpu-pricing,era-A name='A100 80GB PCIe' '$ 2.75 per GPU'
2024-02-23,hyperstack,H100,PCIe,4.3,on-demand,USD,,commoncrawl,https://www.hyperstack.cloud/gpu-pricing,era-A name='H100 PCIe' '$ 4.30 per GPU'
2024-02-24,crusoe,A100,,1.45,on-demand,USD,,commoncrawl,https://crusoe.ai/cloud/pricing/index.html,A100 40GB PCIe on-demand per-GPU
2024-02-24,crusoe,A100,,1.65,on-demand,USD,,commoncrawl,https://crusoe.ai/cloud/pricing/index.html,A100 80GB PCIe on-demand per-GPU
2024-02-24,crusoe,A100,,1.95,on-demand,USD,,commoncrawl,https://crusoe.ai/cloud/pricing/index.html,A100 80GB SXM on-demand per-GPU
2024-02-26,lambda,A100,PCIe 40GB,1.29,on-demand,USD,,commoncrawl,https://lambdalabs.com/service/gpu-cloud?ref=drishtikone.com,"table 4x 'style=""height: 60px; border-bottom: 1px solid #e5e7eb;""' (instance/4)"
2024-02-26,lambda,A100,SXM 40GB,1.29,on-demand,USD,,commoncrawl,https://lambdalabs.com/service/gpu-cloud?ref=drishtikone.com,"table 8x 'style=""height: 60px; border-bottom: 1px solid #e5e7eb;""' (instance/8)"
2024-02-26,lambda,A100,SXM 80GB,1.79,on-demand,USD,,commoncrawl,https://lambdalabs.com/service/gpu-cloud?ref=drishtikone.com,"table 8x 'style=""height: 60px;""> 8x NVIDIA A100 SXM 80 GB 240 180' (instance/8)"
2024-02-26,lambda,GH200,,5.99,3-12M,USD,,commoncrawl,https://lambdalabs.com/service/gpu-cloud?ref=drishtikone.com,reserve '$5.99 /GH200/hour 3-12 months 10 or 20 Learn more .foot'
2024-02-26,lambda,H100,,1.89,3Y,USD,,commoncrawl,https://lambdalabs.com/service/gpu-cloud?ref=drishtikone.com,"reserve '$1.89/H100/hour 3 years 64 - 32,000 NVIDIA H200 8x NVID'"
2024-02-26,lambda,H100,PCIe 80GB,2.49,on-demand,USD,,commoncrawl,https://lambdalabs.com/service/gpu-cloud?ref=drishtikone.com,"table 1x 'style=""height: 60px; border-bottom: 1px solid #e5e7eb;""' (instance/1)"
2024-02-26,lambda,H100,SXM 80GB,3.49,on-demand,USD,,commoncrawl,https://lambdalabs.com/service/gpu-cloud?ref=drishtikone.com,"table 8x 'style=""height: 60px; border-bottom: 1px solid #e5e7eb;""' (instance/8)"
2024-03-02,Paperspace,H100,HGX 80GB,2.24,reserved-3yr,USD,per-GPU (8x multi-GPU offered; price multiplies by count),wayback,https://web.archive.org/web/20240302230938/https://www.paperspace.com/pricing,OD promo $5.95 in footnote; A100 $3.09 OD; A100-80G $1.15 3yr; V100 $2.30
2024-03-09,RunPod,A100,PCIe 80GB,1.89,on-demand-secure,USD,1x GPU column of pricing card,wayback,https://web.archive.org/web/20240309193702/https://www.runpod.io/gpu-instance/pricing,
2024-03-09,RunPod,A100,SXM 80GB,2.29,on-demand-secure,USD,1x GPU column of pricing card,wayback,https://web.archive.org/web/20240309193702/https://www.runpod.io/gpu-instance/pricing,
2024-03-09,RunPod,A100,PCIe 80GB,1.59,on-demand-community,USD,1x GPU column of pricing card,wayback,https://web.archive.org/web/20240309193702/https://www.runpod.io/gpu-instance/pricing,spot 0.89
2024-03-09,RunPod,H100,SXM5 80GB,4.69,on-demand-secure,USD,1x GPU column of pricing card,wayback,https://web.archive.org/web/20240309193702/https://www.runpod.io/gpu-instance/pricing,
2024-03-09,RunPod,H100,PCIe 80GB,3.89,on-demand-secure,USD,1x GPU column of pricing card,wayback,https://web.archive.org/web/20240309193702/https://www.runpod.io/gpu-instance/pricing,cut from 4.49
2024-03-09,RunPod,H100,SXM5 80GB,3.89,on-demand-community,USD,1x GPU column of pricing card,wayback,https://web.archive.org/web/20240309193702/https://www.runpod.io/gpu-instance/pricing,spot 2.49
2024-03-09,RunPod,H100,PCIe 80GB,3.39,on-demand-community,USD,1x GPU column of pricing card,wayback,https://web.archive.org/web/20240309193702/https://www.runpod.io/gpu-instance/pricing,spot 2.49
2024-03-09,RunPod,V100,SXM2 32GB,0.39,on-demand-community,USD,1x GPU column of pricing card,wayback,https://web.archive.org/web/20240309193702/https://www.runpod.io/gpu-instance/pricing,
2024-03-09,RunPod,V100,FHHL 16GB,0.24,on-demand-community,USD,1x GPU column of pricing card,wayback,https://web.archive.org/web/20240309193702/https://www.runpod.io/gpu-instance/pricing,spot 0.19
2024-03-09,RunPod,V100,SXM2 16GB,0.29,on-demand-community,USD,1x GPU column of pricing card,wayback,https://web.archive.org/web/20240309193702/https://www.runpod.io/gpu-instance/pricing,spot 0.15
2024-03-25,GenesisCloud,H100,HGX (8x node),1.99,teaser,USD,per-GPU stated ('per GPU component per hour' footnote on later pages),wayback,https://web.archive.org/web/20240325125129/https://www.genesiscloud.com/pricing,TEASER FLOOR: 'Pricing starts at $1.99/h' + 'Reserve here' - known Genesis teaser trap; L40S 'starts at $0.99/h'; no on-demand rate posted
2024-04-01,Lambda,A100,SXM 80GB,1.79,on-demand,USD,instance $14.32/hr / 8 GPUs,wayback,https://web.archive.org/web/20240401123621/https://lambdalabs.com/service/gpu-cloud,
2024-04-01,Lambda,A100,SXM 40GB,1.29,on-demand,USD,as posted per-GPU (1x $1.29; 8x instance $10.32/hr / 8 GPUs),wayback,https://web.archive.org/web/20240401123621/https://lambdalabs.com/service/gpu-cloud,
2024-04-01,Lambda,A100,PCIe 40GB,1.29,on-demand,USD,as posted per-GPU (1x $1.29; 2x/4x scale linearly),wayback,https://web.archive.org/web/20240401123621/https://lambdalabs.com/service/gpu-cloud,
2024-04-01,Lambda,H100,SXM 80GB,3.49,on-demand,USD,instance $27.92/hr / 8 GPUs,wayback,https://web.archive.org/web/20240401123621/https://lambdalabs.com/service/gpu-cloud,
2024-04-01,Lambda,H100,PCIe 80GB,2.49,on-demand,USD,as posted per-GPU (1x instance $2.49/hr),wayback,https://web.archive.org/web/20240401123621/https://lambdalabs.com/service/gpu-cloud,
2024-04-01,Lambda,H100,SXM 80GB,1.89,reserved-3yr,USD,as posted $1.89/H100/hour,wayback,https://web.archive.org/web/20240401123621/https://lambdalabs.com/service/gpu-cloud,
2024-04-01,Lambda,V100,16GB,0.55,on-demand,USD,instance $4.40/hr / 8 GPUs,wayback,https://web.archive.org/web/20240401123621/https://lambdalabs.com/service/gpu-cloud,
2024-04-02,AWS,A100,SXM4 40GB (p4d.24xlarge),4.0963,on-demand,USD,p4d.24xlarge $32.77/hr / 8 GPUs,wayback,https://web.archive.org/web/20240402175315/https://aws.amazon.com/ec2/instance-types/p4/,"US East (N. Virginia), Linux; page rounds to nearest cent (unrounded list $32.7726 => $4.0966/GPU-hr)"
2024-04-02,AWS,A100,SXM4 40GB (p4d.24xlarge),2.4025,reserved-1yr,USD,p4d.24xlarge $19.22/hr / 8 GPUs,wayback,https://web.archive.org/web/20240402175315/https://aws.amazon.com/ec2/instance-types/p4/,"1-yr Reserved Instance effective hourly, US East (N. Virginia), Linux"
2024-04-02,AWS,A100,SXM4 40GB (p4d.24xlarge),1.4463,reserved-3yr,USD,p4d.24xlarge $11.57/hr / 8 GPUs,wayback,https://web.archive.org/web/20240402175315/https://aws.amazon.com/ec2/instance-types/p4/,"3-yr Reserved Instance effective hourly, US East (N. Virginia), Linux"
2024-04-02,AWS,A100,SXM4 80GB (p4de.24xlarge),5.1200,on-demand,USD,p4de.24xlarge $40.96/hr / 8 GPUs,wayback,https://web.archive.org/web/20240402175315/https://aws.amazon.com/ec2/instance-types/p4/,"US East (N. Virginia), Linux; p4de GA May 2022, first on quarterly grid 2022-07-01"
2024-04-02,AWS,A100,SXM4 80GB (p4de.24xlarge),3.0013,reserved-1yr,USD,p4de.24xlarge $24.01/hr / 8 GPUs,wayback,https://web.archive.org/web/20240402175315/https://aws.amazon.com/ec2/instance-types/p4/,"1-yr Reserved Instance effective hourly, US East (N. Virginia), Linux"
2024-04-02,AWS,A100,SXM4 80GB (p4de.24xlarge),1.8075,reserved-3yr,USD,p4de.24xlarge $14.46/hr / 8 GPUs,wayback,https://web.archive.org/web/20240402175315/https://aws.amazon.com/ec2/instance-types/p4/,"3-yr Reserved Instance effective hourly, US East (N. Virginia), Linux"
2024-04-15,DataCrunch,A100,SXM4 80GB,1.95,on-demand,USD,1A100.22V 1x instance embedded JSON,wayback,https://web.archive.org/web/20240415094157/https://datacrunch.io/products,spot 0.98
2024-04-15,DataCrunch,A100,SXM4 40GB,1.75,on-demand,USD,1A100.40S.22V 1x instance embedded JSON,wayback,https://web.archive.org/web/20240415094157/https://datacrunch.io/products,spot 0.88
2024-04-15,DataCrunch,H100,SXM5 80GB,3.81,on-demand,USD,1H100.80S.30V 1x instance embedded JSON,wayback,https://web.archive.org/web/20240415094157/https://datacrunch.io/products,spot 1.91
2024-04-15,DataCrunch,V100,Tesla 16GB,0.66,on-demand,USD,1V100.6V 1x instance embedded JSON,wayback,https://web.archive.org/web/20240415094157/https://datacrunch.io/products,spot 0.33
2024-04-17,coreweave,A100,,2.06,on-demand,USD,,commoncrawl,https://docs.coreweave.com/welcome-to-coreweave/resource-based-pricing,resource-based per-GPU compute rate (PCIe 40GB); excludes vCPU/RAM/storage
2024-04-17,coreweave,A100,,2.21,on-demand,USD,,commoncrawl,https://docs.coreweave.com/welcome-to-coreweave/resource-based-pricing,resource-based per-GPU compute rate (PCIe 80GB); excludes vCPU/RAM/storage
2024-04-17,coreweave,A100,,2.21,on-demand,USD,,commoncrawl,https://docs.coreweave.com/welcome-to-coreweave/resource-based-pricing,resource-based per-GPU compute rate (SXM/NVLINK 80GB); excludes vCPU/RAM/storage
2024-04-17,coreweave,H100,,4.76,on-demand,USD,,commoncrawl,https://docs.coreweave.com/welcome-to-coreweave/resource-based-pricing,resource-based per-GPU compute rate (SXM/NVLINK 80GB); excludes vCPU/RAM/storage
2024-04-17,crusoe,A100,,1.45,on-demand,USD,,commoncrawl,https://crusoe.ai/cloud/pricing/index.html,A100 40GB PCIe on-demand per-GPU
2024-04-17,crusoe,A100,,1.65,on-demand,USD,,commoncrawl,https://crusoe.ai/cloud/pricing/index.html,A100 80GB PCIe on-demand per-GPU
2024-04-17,crusoe,A100,,1.95,on-demand,USD,,commoncrawl,https://crusoe.ai/cloud/pricing/index.html,A100 80GB SXM on-demand per-GPU
2024-04-20,lambda,A100,PCIe 40GB,1.29,on-demand,USD,,commoncrawl,https://lambdalabs.com/service/gpu-cloud?utm_source=gpus-dot-com&utm_medium=billboard&utm_campaign=billboard-11-2023,"table 4x 'style=""height: 60px; border-bottom: 1px solid #e5e7eb; ' (instance/4)"
2024-04-20,lambda,A100,SXM 40GB,1.29,on-demand,USD,,commoncrawl,https://lambdalabs.com/service/gpu-cloud?utm_source=gpus-dot-com&utm_medium=billboard&utm_campaign=billboard-11-2023,"table 8x 'style=""height: 60px; border-bottom: 1px solid #e5e7eb; ' (instance/8)"
2024-04-20,lambda,A100,SXM 80GB,1.79,on-demand,USD,,commoncrawl,https://lambdalabs.com/service/gpu-cloud?utm_source=gpus-dot-com&utm_medium=billboard&utm_campaign=billboard-11-2023,"table 8x 'style=""height: 60px; text-align: right;""> 8x NVIDIA A10' (instance/8)"
2024-04-20,lambda,GH200,,5.99,3-12M,USD,,commoncrawl,https://lambdalabs.com/service/gpu-cloud?utm_source=gpus-dot-com&utm_medium=billboard&utm_campaign=billboard-11-2023,reserve '$5.99 /GH200/hour 3-12 months 10 or 20 Learn more .foot'
2024-04-20,lambda,H100,,1.89,3Y,USD,,commoncrawl,https://lambdalabs.com/service/gpu-cloud?utm_source=gpus-dot-com&utm_medium=billboard&utm_campaign=billboard-11-2023,"reserve '$1.89/H100/hour 3 years 64 - 32,000 NVIDIA H200 8x NVID'"
2024-04-20,lambda,H100,PCIe 80GB,2.49,on-demand,USD,,commoncrawl,https://lambdalabs.com/service/gpu-cloud?utm_source=gpus-dot-com&utm_medium=billboard&utm_campaign=billboard-11-2023,"table 1x 'style=""height: 60px; border-bottom: 1px solid #e5e7eb; ' (instance/1)"
2024-04-20,lambda,H100,SXM 80GB,3.49,on-demand,USD,,commoncrawl,https://lambdalabs.com/service/gpu-cloud?utm_source=gpus-dot-com&utm_medium=billboard&utm_campaign=billboard-11-2023,"table 8x 'style=""height: 60px; border-bottom: 1px solid #e5e7eb; ' (instance/8)"
2024-04-23,hyperstack,A100,PCIe,2.75,on-demand,USD,,commoncrawl,https://www.hyperstack.cloud/gpu-pricing,era-A name='A100 80GB PCIe' '$ 2.75 per GPU'
2024-04-23,hyperstack,H100,PCIe,4.3,on-demand,USD,,commoncrawl,https://www.hyperstack.cloud/gpu-pricing,era-A name='H100 PCIe' '$ 4.30 per GPU'
2024-05-04,CoreWeave,A100,NVLink 80GB,2.21,on-demand,USD,as_posted_per_gpu,wayback,https://web.archive.org/web/20240504090418/https://coreweave.com/gpu-cloud-pricing,GPU component only; CPU/RAM billed separately
2024-05-04,CoreWeave,A100,PCIe 80GB,2.21,on-demand,USD,as_posted_per_gpu,wayback,https://web.archive.org/web/20240504090418/https://coreweave.com/gpu-cloud-pricing,GPU component only; CPU/RAM billed separately
2024-05-04,CoreWeave,A100,NVLink 40GB,2.06,on-demand,USD,as_posted_per_gpu,wayback,https://web.archive.org/web/20240504090418/https://coreweave.com/gpu-cloud-pricing,GPU component only; CPU/RAM billed separately
2024-05-04,CoreWeave,A100,PCIe 40GB,2.06,on-demand,USD,as_posted_per_gpu,wayback,https://web.archive.org/web/20240504090418/https://coreweave.com/gpu-cloud-pricing,GPU component only; CPU/RAM billed separately
2024-05-04,CoreWeave,H100,HGX SXM 80GB,4.76,on-demand,USD,as_posted_per_gpu,wayback,https://web.archive.org/web/20240504090418/https://coreweave.com/gpu-cloud-pricing,GPU component only; CPU/RAM billed separately; $2.23 starting-at HGX banner still present (last seen this snapshot)
2024-05-04,CoreWeave,H100,PCIe 80GB,4.25,on-demand,USD,as_posted_per_gpu,wayback,https://web.archive.org/web/20240504090418/https://coreweave.com/gpu-cloud-pricing,GPU component only; CPU/RAM billed separately
2024-05-04,CoreWeave,V100,NVLink 16GB,0.80,on-demand,USD,as_posted_per_gpu,wayback,https://web.archive.org/web/20240504090418/https://coreweave.com/gpu-cloud-pricing,GPU component only; CPU/RAM billed separately
2024-05-18,crusoe,A100,,1.45,on-demand,USD,,commoncrawl,https://crusoe.ai/cloud/pricing/,A100 40GB PCIe on-demand per-GPU
2024-05-18,crusoe,A100,,1.65,on-demand,USD,,commoncrawl,https://crusoe.ai/cloud/pricing/,A100 80GB PCIe on-demand per-GPU
2024-05-18,crusoe,A100,,1.95,on-demand,USD,,commoncrawl,https://crusoe.ai/cloud/pricing/,A100 80GB SXM on-demand per-GPU
2024-05-19,lambda,A100,PCIe 40GB,1.29,on-demand,USD,,commoncrawl,https://lambdalabs.com/service/gpu-cloud?utm_source=gpus-dot-com&utm_medium=billboard&utm_campaign=billboard-11-2023,"table 4x 'style=""height: 60px; border-bottom: 1px solid #e5e7eb; ' (instance/4)"
2024-05-19,lambda,A100,SXM 40GB,1.29,on-demand,USD,,commoncrawl,https://lambdalabs.com/service/gpu-cloud?utm_source=gpus-dot-com&utm_medium=billboard&utm_campaign=billboard-11-2023,"table 8x 'style=""height: 60px; border-bottom: 1px solid #e5e7eb; ' (instance/8)"
2024-05-19,lambda,A100,SXM 80GB,1.79,on-demand,USD,,commoncrawl,https://lambdalabs.com/service/gpu-cloud?utm_source=gpus-dot-com&utm_medium=billboard&utm_campaign=billboard-11-2023,"table 8x 'style=""height: 60px; text-align: right;""> 8x NVIDIA A10' (instance/8)"
2024-05-19,lambda,GH200,,5.99,3-12M,USD,,commoncrawl,https://lambdalabs.com/service/gpu-cloud?utm_source=gpus-dot-com&utm_medium=billboard&utm_campaign=billboard-11-2023,reserve '$5.99 /GH200/hour 3-12 months 10 or 20 Learn more .foot'
2024-05-19,lambda,H100,,1.89,3Y,USD,,commoncrawl,https://lambdalabs.com/service/gpu-cloud?utm_source=gpus-dot-com&utm_medium=billboard&utm_campaign=billboard-11-2023,"reserve '$1.89/H100/hour 3 years 64 - 32,000 NVIDIA H200 8x NVID'"
2024-05-19,lambda,H100,PCIe 80GB,2.49,on-demand,USD,,commoncrawl,https://lambdalabs.com/service/gpu-cloud?utm_source=gpus-dot-com&utm_medium=billboard&utm_campaign=billboard-11-2023,"table 1x 'style=""height: 60px; border-bottom: 1px solid #e5e7eb; ' (instance/1)"
2024-05-19,lambda,H100,SXM 80GB,3.49,on-demand,USD,,commoncrawl,https://lambdalabs.com/service/gpu-cloud?utm_source=gpus-dot-com&utm_medium=billboard&utm_campaign=billboard-11-2023,"table 8x 'style=""height: 60px; border-bottom: 1px solid #e5e7eb; ' (instance/8)"
2024-05-29,runpod,A100,SXM 80GB,2.29,on-demand,USD,,commoncrawl,https://www.runpod.io/gpu-instance/pricing,"secure cloud on-demand, per-GPU"
2024-05-29,runpod,A100,SXM 80GB,1.69,on-demand,USD,,commoncrawl,https://www.runpod.io/gpu-instance/pricing,"community cloud on-demand, per-GPU"
2024-05-29,runpod,H100,SXM 80GB,4.49,1mo,USD,,commoncrawl,https://www.runpod.io/gpu-instance/pricing,"savings plan 1-month, per-GPU"
2024-05-29,runpod,H100,SXM 80GB,4.23,3mo,USD,,commoncrawl,https://www.runpod.io/gpu-instance/pricing,"savings plan 3-month, per-GPU"
2024-05-29,runpod,H100,SXM 80GB,3.98,6mo,USD,,commoncrawl,https://www.runpod.io/gpu-instance/pricing,"savings plan 6-month, per-GPU"
2024-05-29,runpod,H100,SXM 80GB,4.69,on-demand,USD,,commoncrawl,https://www.runpod.io/gpu-instance/pricing,"secure cloud on-demand, per-GPU"
2024-05-29,runpod,H100,SXM 80GB,3.89,on-demand,USD,,commoncrawl,https://www.runpod.io/gpu-instance/pricing,"community cloud on-demand, per-GPU"
2024-06-06,Paperspace,H100,HGX 80GB,2.24,reserved-3yr,USD,per-GPU,wayback,https://web.archive.org/web/20240606224112/https://www.paperspace.com/pricing,unchanged; OD promo $5.95; A100-80G $1.15 3yr; A100 $3.09 OD; V100 $2.30
2024-06-13,RunPod,A100,PCIe 80GB,1.89,on-demand-secure,USD,per-GPU card price,wayback,https://web.archive.org/web/20240613104312/https://www.runpod.io/gpu-instance/pricing,new card layout; spot no longer shown on page
2024-06-13,RunPod,A100,PCIe 80GB,1.59,on-demand-community,USD,per-GPU card price,wayback,https://web.archive.org/web/20240613104312/https://www.runpod.io/gpu-instance/pricing,
2024-06-13,RunPod,A100,SXM 80GB,2.29,on-demand-secure,USD,per-GPU card price,wayback,https://web.archive.org/web/20240613104312/https://www.runpod.io/gpu-instance/pricing,no community price
2024-06-13,RunPod,H100,PCIe 80GB,3.89,on-demand-secure,USD,per-GPU card price,wayback,https://web.archive.org/web/20240613104312/https://www.runpod.io/gpu-instance/pricing,
2024-06-13,RunPod,H100,PCIe 80GB,3.39,on-demand-community,USD,per-GPU card price,wayback,https://web.archive.org/web/20240613104312/https://www.runpod.io/gpu-instance/pricing,
2024-06-13,RunPod,H100,SXM 80GB,4.69,on-demand-secure,USD,per-GPU card price,wayback,https://web.archive.org/web/20240613104312/https://www.runpod.io/gpu-instance/pricing,
2024-06-13,RunPod,H100,SXM 80GB,3.89,on-demand-community,USD,per-GPU card price,wayback,https://web.archive.org/web/20240613104312/https://www.runpod.io/gpu-instance/pricing,V100 no longer listed on page
2024-06-13,RunPod,MI300X,192GB,4.89,on-demand-secure,USD,per-GPU card price,wayback,https://web.archive.org/web/20240613104312/https://www.runpod.io/gpu-instance/pricing,optional non-target GPU
2024-06-13,lambda,A100,PCIe 40GB,1.29,on-demand,USD,,commoncrawl,https://lambdalabs.com/service/gpu-cloud?utm_source=gpus-dot-com&utm_medium=billboard&utm_campaign=billboard-11-2023,"table 4x 'style=""height: 60px; border-bottom: 1px solid #e5e7eb; ' (instance/4)"
2024-06-13,lambda,A100,SXM 40GB,1.29,on-demand,USD,,commoncrawl,https://lambdalabs.com/service/gpu-cloud?utm_source=gpus-dot-com&utm_medium=billboard&utm_campaign=billboard-11-2023,"table 8x 'style=""height: 60px; border-bottom: 1px solid #e5e7eb; ' (instance/8)"
2024-06-13,lambda,A100,SXM 80GB,1.79,on-demand,USD,,commoncrawl,https://lambdalabs.com/service/gpu-cloud?utm_source=gpus-dot-com&utm_medium=billboard&utm_campaign=billboard-11-2023,"table 8x 'style=""height: 60px; text-align: right;""> 8x NVIDIA A10' (instance/8)"
2024-06-13,lambda,GH200,,5.99,1Y,USD,,commoncrawl,https://lambdalabs.com/service/gpu-cloud/1-click-clusters,reserve '1-Year Reservation: $5.99/hr/GH200'
2024-06-13,lambda,GH200,,5.99,3-12M,USD,,commoncrawl,https://lambdalabs.com/service/gpu-cloud?utm_source=gpus-dot-com&utm_medium=billboard&utm_campaign=billboard-11-2023,reserve '$5.99 /GH200/hour 3-12 months 10 or 20 Learn more .foot'
2024-06-13,lambda,H100,,4.49,1CC-cluster,USD,,commoncrawl,https://lambdalabs.com/service/gpu-cloud/1-click-clusters,1-Click-Cluster on-demand cluster rate (per-GPU); 1cc-OD-cluster 'GPUs + 3.2Tb/s InfiniBand Networking for just'
2024-06-13,lambda,H100,,1.89,3Y,USD,,commoncrawl,https://lambdalabs.com/service/gpu-cloud?utm_source=gpus-dot-com&utm_medium=billboard&utm_campaign=billboard-11-2023,"reserve '$1.89/H100/hour 3 years 64 - 32,000 NVIDIA H200 8x NVID'"
2024-06-13,lambda,H100,PCIe 80GB,2.49,on-demand,USD,,commoncrawl,https://lambdalabs.com/service/gpu-cloud?utm_source=gpus-dot-com&utm_medium=billboard&utm_campaign=billboard-11-2023,"table 1x 'style=""height: 60px; border-bottom: 1px solid #e5e7eb; ' (instance/1)"
2024-06-13,lambda,H100,SXM 80GB,3.49,on-demand,USD,,commoncrawl,https://lambdalabs.com/service/gpu-cloud?utm_source=gpus-dot-com&utm_medium=billboard&utm_campaign=billboard-11-2023,"table 8x 'style=""height: 60px; border-bottom: 1px solid #e5e7eb; ' (instance/8)"
2024-06-14,DataCrunch,A100,SXM4 80GB,1.75,on-demand,USD,1A100.22V 1x instance embedded JSON,wayback,https://web.archive.org/web/20240614162637/https://datacrunch.io/,
2024-06-14,DataCrunch,A100,SXM4 40GB,1.29,on-demand,USD,1A100.40S.22V 1x instance embedded JSON,wayback,https://web.archive.org/web/20240614162637/https://datacrunch.io/,
2024-06-14,DataCrunch,H100,SXM5 80GB,3.17,on-demand,USD,1H100.80S.30V 1x instance embedded JSON price_per_hour,wayback,https://web.archive.org/web/20240614162637/https://datacrunch.io/,long-term tiers: 3mo 3.07 / 6mo 3.04 / 12mo 2.92 / 24mo 2.38
2024-06-14,DataCrunch,V100,Tesla 16GB,0.62,on-demand,USD,1V100.6V 1x instance embedded JSON,wayback,https://web.archive.org/web/20240614162637/https://datacrunch.io/,
2024-06-19,OVHcloud,A100,"PCIe 80GB (a100-180, 1x A100 80GB)",3.07,on-demand,USD,"posted per-instance, 1 GPU = per-GPU",wayback,https://web.archive.org/web/20240619181906/https://www.ovhcloud.com/en/public-cloud/prices/,unchanged since launch
2024-06-19,OVHcloud,H100,"PCIe 80GB (h100-380, 1x H100)",2.99,on-demand,USD,"posted per-instance, 1 GPU = per-GPU",wayback,https://web.archive.org/web/20240619181906/https://www.ovhcloud.com/en/public-cloud/prices/,H100 posted BELOW A100 ($2.99 vs $3.07); h100-1520 (4x) $11.97 = $2.99/GPU; PCIe not SXM
2024-06-20,crusoe,A100,,1.45,on-demand,USD,,commoncrawl,https://crusoe.ai/cloud/pricing/index.html,A100 40GB PCIe on-demand per-GPU
2024-06-20,crusoe,A100,,1.65,on-demand,USD,,commoncrawl,https://crusoe.ai/cloud/pricing/index.html,A100 80GB PCIe on-demand per-GPU
2024-06-20,crusoe,A100,,1.95,on-demand,USD,,commoncrawl,https://crusoe.ai/cloud/pricing/index.html,A100 80GB SXM on-demand per-GPU
2024-06-21,runpod,A100,SXM 80GB,2.09,1mo,USD,,commoncrawl,https://www.runpod.io/gpu-instance/pricing,"savings plan 1-month, per-GPU"
2024-06-21,runpod,A100,SXM 80GB,1.97,3mo,USD,,commoncrawl,https://www.runpod.io/gpu-instance/pricing,"savings plan 3-month, per-GPU"
2024-06-21,runpod,A100,SXM 80GB,2.19,on-demand,USD,,commoncrawl,https://www.runpod.io/gpu-cloud,"secure cloud on-demand, per-GPU"
2024-06-21,runpod,A100,SXM 80GB,1.59,on-demand,USD,,commoncrawl,https://www.runpod.io/gpu-cloud,"community cloud on-demand, per-GPU"
2024-06-21,runpod,H100,SXM 80GB,4.45,1mo,USD,,commoncrawl,https://www.runpod.io/gpu-instance/pricing,"savings plan 1-month, per-GPU"
2024-06-21,runpod,H100,SXM 80GB,4.22,3mo,USD,,commoncrawl,https://www.runpod.io/gpu-instance/pricing,"savings plan 3-month, per-GPU"
2024-06-21,runpod,H100,SXM 80GB,3.98,6mo,USD,,commoncrawl,https://www.runpod.io/gpu-instance/pricing,"savings plan 6-month, per-GPU"
2024-06-21,runpod,H100,SXM 80GB,4.69,on-demand,USD,,commoncrawl,https://www.runpod.io/gpu-cloud,"secure cloud on-demand, per-GPU"
2024-06-21,runpod,H100,SXM 80GB,3.89,on-demand,USD,,commoncrawl,https://www.runpod.io/gpu-cloud,"community cloud on-demand, per-GPU"
2024-06-22,coreweave,A100,,2.06,on-demand,USD,,commoncrawl,https://docs.coreweave.com/welcome-to-coreweave/resource-based-pricing,resource-based per-GPU compute rate (PCIe 40GB); excludes vCPU/RAM/storage
2024-06-22,coreweave,A100,,2.21,on-demand,USD,,commoncrawl,https://docs.coreweave.com/welcome-to-coreweave/resource-based-pricing,resource-based per-GPU compute rate (PCIe 80GB); excludes vCPU/RAM/storage
2024-06-22,coreweave,A100,,2.21,on-demand,USD,,commoncrawl,https://docs.coreweave.com/welcome-to-coreweave/resource-based-pricing,resource-based per-GPU compute rate (SXM/NVLINK 80GB); excludes vCPU/RAM/storage
2024-06-22,coreweave,H100,,4.76,on-demand,USD,,commoncrawl,https://docs.coreweave.com/welcome-to-coreweave/resource-based-pricing,resource-based per-GPU compute rate (SXM/NVLINK 80GB); excludes vCPU/RAM/storage
2024-07-11,Lambda,A100,SXM 80GB,1.79,on-demand,USD,instance $14.32/hr / 8 GPUs,wayback,https://web.archive.org/web/20240711213314/https://lambdalabs.com/service/gpu-cloud,
2024-07-11,Lambda,A100,SXM 40GB,1.29,on-demand,USD,as posted per-GPU (1x $1.29; 8x instance $10.32/hr / 8 GPUs),wayback,https://web.archive.org/web/20240711213314/https://lambdalabs.com/service/gpu-cloud,
2024-07-11,Lambda,A100,PCIe 40GB,1.29,on-demand,USD,as posted per-GPU (1x $1.29; 2x/4x scale linearly),wayback,https://web.archive.org/web/20240711213314/https://lambdalabs.com/service/gpu-cloud,
2024-07-11,Lambda,H100,SXM 80GB,3.49,on-demand,USD,instance $27.92/hr / 8 GPUs,wayback,https://web.archive.org/web/20240711213314/https://lambdalabs.com/service/gpu-cloud,
2024-07-11,Lambda,H100,PCIe 80GB,2.49,on-demand,USD,as posted per-GPU (1x instance $2.49/hr),wayback,https://web.archive.org/web/20240711213314/https://lambdalabs.com/service/gpu-cloud,
2024-07-11,Lambda,H100,SXM 80GB,1.89,reserved-3yr,USD,as posted $1.89/H100/hour,wayback,https://web.archive.org/web/20240711213314/https://lambdalabs.com/service/gpu-cloud,
2024-07-11,Lambda,V100,16GB,0.55,on-demand,USD,instance $4.40/hr / 8 GPUs,wayback,https://web.archive.org/web/20240711213314/https://lambdalabs.com/service/gpu-cloud,
2024-07-12,crusoe,A100,,1.45,on-demand,USD,,commoncrawl,https://crusoe.ai/cloud/pricing/index.html,A100 40GB PCIe on-demand per-GPU
2024-07-12,crusoe,A100,,1.65,on-demand,USD,,commoncrawl,https://crusoe.ai/cloud/pricing/index.html,A100 80GB PCIe on-demand per-GPU
2024-07-12,crusoe,A100,,1.95,on-demand,USD,,commoncrawl,https://crusoe.ai/cloud/pricing/index.html,A100 80GB SXM on-demand per-GPU
2024-07-13,AWS,A100,SXM4 40GB (p4d.24xlarge),4.0963,on-demand,USD,p4d.24xlarge $32.77/hr / 8 GPUs,wayback,https://web.archive.org/web/20240713034247/https://aws.amazon.com/ec2/instance-types/p4/,"US East (N. Virginia), Linux; page rounds to nearest cent (unrounded list $32.7726 => $4.0966/GPU-hr)"
2024-07-13,AWS,A100,SXM4 40GB (p4d.24xlarge),2.4025,reserved-1yr,USD,p4d.24xlarge $19.22/hr / 8 GPUs,wayback,https://web.archive.org/web/20240713034247/https://aws.amazon.com/ec2/instance-types/p4/,"1-yr Reserved Instance effective hourly, US East (N. Virginia), Linux"
2024-07-13,AWS,A100,SXM4 40GB (p4d.24xlarge),1.4463,reserved-3yr,USD,p4d.24xlarge $11.57/hr / 8 GPUs,wayback,https://web.archive.org/web/20240713034247/https://aws.amazon.com/ec2/instance-types/p4/,"3-yr Reserved Instance effective hourly, US East (N. Virginia), Linux"
2024-07-13,AWS,A100,SXM4 80GB (p4de.24xlarge),5.1200,on-demand,USD,p4de.24xlarge $40.96/hr / 8 GPUs,wayback,https://web.archive.org/web/20240713034247/https://aws.amazon.com/ec2/instance-types/p4/,"US East (N. Virginia), Linux; p4de GA May 2022, first on quarterly grid 2022-07-01"
2024-07-13,AWS,A100,SXM4 80GB (p4de.24xlarge),3.0013,reserved-1yr,USD,p4de.24xlarge $24.01/hr / 8 GPUs,wayback,https://web.archive.org/web/20240713034247/https://aws.amazon.com/ec2/instance-types/p4/,"1-yr Reserved Instance effective hourly, US East (N. Virginia), Linux"
2024-07-13,AWS,A100,SXM4 80GB (p4de.24xlarge),1.8075,reserved-3yr,USD,p4de.24xlarge $14.46/hr / 8 GPUs,wayback,https://web.archive.org/web/20240713034247/https://aws.amazon.com/ec2/instance-types/p4/,"3-yr Reserved Instance effective hourly, US East (N. Virginia), Linux"
2024-07-14,hyperstack,A100,PCIe,2.2,on-demand,USD,,commoncrawl,https://www.hyperstack.cloud/gpu-pricing,era-C name='A100 PCIe 80GB 80 28 120' OD
2024-07-14,hyperstack,A100,PCIe,2.3,on-demand,USD,,commoncrawl,https://www.hyperstack.cloud/gpu-pricing,era-C name='A100 80GB PCIe NVLink 80 31 240' OD
2024-07-14,hyperstack,A100,PCIe,1.32,reservation,USD,,commoncrawl,https://www.hyperstack.cloud/gpu-pricing,"reservation 'starts-from' floor (longer-term contract, invoiced monthly); era-C name='A100 PCIe 80GB 80 28 120' reserve-from"
2024-07-14,hyperstack,A100,PCIe,1.38,reservation,USD,,commoncrawl,https://www.hyperstack.cloud/gpu-pricing,"reservation 'starts-from' floor (longer-term contract, invoiced monthly); era-C name='A100 80GB PCIe NVLink 80 31 240' reserve-from"
2024-07-14,hyperstack,H100,PCIe,3.44,on-demand,USD,,commoncrawl,https://www.hyperstack.cloud/gpu-pricing,era-C name='H100 PCIe 80GB 80 28 180' OD
2024-07-14,hyperstack,H100,PCIe,3.54,on-demand,USD,,commoncrawl,https://www.hyperstack.cloud/gpu-pricing,era-C name='H100 PCIe NVLink 80GB 80 31 180' OD
2024-07-14,hyperstack,H100,PCIe,2.06,reservation,USD,,commoncrawl,https://www.hyperstack.cloud/gpu-pricing,"reservation 'starts-from' floor (longer-term contract, invoiced monthly); era-C name='H100 PCIe 80GB 80 28 180' reserve-from"
2024-07-14,hyperstack,H100,PCIe,2.12,reservation,USD,,commoncrawl,https://www.hyperstack.cloud/gpu-pricing,"reservation 'starts-from' floor (longer-term contract, invoiced monthly); era-C name='H100 PCIe NVLink 80GB 80 31 180' reserve-from"
2024-07-14,hyperstack,H100,SXM,3.75,on-demand,USD,,commoncrawl,https://www.hyperstack.cloud/gpu-pricing,era-C name='H100 SXM 80GB 80 24 240' OD
2024-07-14,hyperstack,H100,SXM,2.25,reservation,USD,,commoncrawl,https://www.hyperstack.cloud/gpu-pricing,"reservation 'starts-from' floor (longer-term contract, invoiced monthly); era-C name='H100 SXM 80GB 80 24 240' reserve-from"
2024-07-17,GenesisCloud,H100,HGX (8x node min),2.00,teaser,USD,per-GPU ('*Prices are indicated per GPU component per hour'),wayback,https://web.archive.org/web/20240717023948/https://www.genesiscloud.com/pricing,TEASER: 'Starting at $2.00/h'; min rental one 8-GPU node; Gaudi2 teaser $1.50/h; H200/B100/B200/GB200 all 'RFQ'; teaser rose from $1.99 (Mar) to $2.00
2024-07-24,lambda,A100,PCIe 40GB,1.29,on-demand,USD,,commoncrawl,https://lambdalabs.com/service/gpu-cloud?utm_source=gpus-dot-com&utm_medium=billboard&utm_campaign=billboard-11-2023,"table 4x 'style=""height: 60px; border-bottom: 1px solid #e5e7eb; ' (instance/4)"
2024-07-24,lambda,A100,SXM 40GB,1.29,on-demand,USD,,commoncrawl,https://lambdalabs.com/service/gpu-cloud?utm_source=gpus-dot-com&utm_medium=billboard&utm_campaign=billboard-11-2023,"table 8x 'style=""height: 60px; border-bottom: 1px solid #e5e7eb; ' (instance/8)"
2024-07-24,lambda,A100,SXM 80GB,1.79,on-demand,USD,,commoncrawl,https://lambdalabs.com/service/gpu-cloud?utm_source=gpus-dot-com&utm_medium=billboard&utm_campaign=billboard-11-2023,"table 8x 'style=""height: 60px; text-align: right;""> 8x NVIDIA A10' (instance/8)"
2024-07-24,lambda,GH200,,5.99,1Y,USD,,commoncrawl,https://lambdalabs.com/service/gpu-cloud/1-click-clusters,reserve '1-Year Reservation: $5.99/hr/GH200'
2024-07-24,lambda,GH200,,5.99,3-12M,USD,,commoncrawl,https://lambdalabs.com/service/gpu-cloud?utm_source=gpus-dot-com&utm_medium=billboard&utm_campaign=billboard-11-2023,reserve '$5.99 /GH200/hour 3-12 months 10 or 20 Learn more .foot'
2024-07-24,lambda,H100,,1.89,3Y,USD,,commoncrawl,https://lambdalabs.com/service/gpu-cloud?utm_source=gpus-dot-com&utm_medium=billboard&utm_campaign=billboard-11-2023,"reserve '$1.89/H100/hour 3 years 64 - 32,000 NVIDIA H200 8x NVID'"
2024-07-24,lambda,H100,PCIe 80GB,2.49,on-demand,USD,,commoncrawl,https://lambdalabs.com/service/gpu-cloud?utm_source=gpus-dot-com&utm_medium=billboard&utm_campaign=billboard-11-2023,"table 1x 'style=""height: 60px; border-bottom: 1px solid #e5e7eb; ' (instance/1)"
2024-07-24,lambda,H100,SXM 80GB,3.49,on-demand,USD,,commoncrawl,https://lambdalabs.com/service/gpu-cloud?utm_source=gpus-dot-com&utm_medium=billboard&utm_campaign=billboard-11-2023,"table 8x 'style=""height: 60px; border-bottom: 1px solid #e5e7eb; ' (instance/8)"
2024-08-04,tensordock,A100,SXM 80GB,1.63,on-demand,USD,,commoncrawl,https://tensordock.com/gpu-a100,"gpu-a100.html landing ""from $1.63/hr on-demand"" (spot $0.67); STALE: identical across all 2024-2026 snapshots = hardcoded template"
2024-08-05,tensordock,H100,SXM 80GB,2.3,1Y,USD,,commoncrawl,https://tensordock.com/gpu-h100,"Annual reserved, per-GPU 8x-min"
2024-08-05,tensordock,H100,SXM 80GB,3.0,1mo,USD,,commoncrawl,https://tensordock.com/gpu-h100,"Monthly reserved, per-GPU 8x-min (spot bid $1.91)"
2024-08-05,tensordock,H100,SXM 80GB,2.0,3Y,USD,,commoncrawl,https://tensordock.com/gpu-h100,"3-Year reserved, per-GPU 8x-min"
2024-08-05,tensordock,H100,SXM 80GB,3.0,on-demand,USD,,commoncrawl,https://tensordock.com/gpu-h100,"gpu-h100.html table, Hourly, per-GPU 8x-min"
2024-08-06,CoreWeave,A100,NVLink 80GB,2.21,on-demand,USD,as_posted_per_gpu,wayback,https://web.archive.org/web/20240806202622/https://coreweave.com/gpu-cloud-pricing,GPU component only; CPU/RAM billed separately
2024-08-06,CoreWeave,A100,PCIe 80GB,2.21,on-demand,USD,as_posted_per_gpu,wayback,https://web.archive.org/web/20240806202622/https://coreweave.com/gpu-cloud-pricing,GPU component only; CPU/RAM billed separately
2024-08-06,CoreWeave,A100,NVLink 40GB,2.06,on-demand,USD,as_posted_per_gpu,wayback,https://web.archive.org/web/20240806202622/https://coreweave.com/gpu-cloud-pricing,GPU component only; CPU/RAM billed separately
2024-08-06,CoreWeave,A100,PCIe 40GB,2.06,on-demand,USD,as_posted_per_gpu,wayback,https://web.archive.org/web/20240806202622/https://coreweave.com/gpu-cloud-pricing,GPU component only; CPU/RAM billed separately
2024-08-06,CoreWeave,H100,HGX SXM 80GB,4.76,on-demand,USD,as_posted_per_gpu,wayback,https://web.archive.org/web/20240806202622/https://coreweave.com/gpu-cloud-pricing,GPU component only; CPU/RAM billed separately; $2.23 teaser banner removed by this snapshot
2024-08-06,CoreWeave,H100,PCIe 80GB,4.25,on-demand,USD,as_posted_per_gpu,wayback,https://web.archive.org/web/20240806202622/https://coreweave.com/gpu-cloud-pricing,GPU component only; CPU/RAM billed separately
2024-08-06,CoreWeave,V100,NVLink 16GB,0.80,on-demand,USD,as_posted_per_gpu,wayback,https://web.archive.org/web/20240806202622/https://coreweave.com/gpu-cloud-pricing,GPU component only; CPU/RAM billed separately
2024-08-13,DataCrunch,A100,SXM4 80GB,1.75,on-demand,USD,1A100.22V fixedPrice in embedded JSON,wayback,https://web.archive.org/web/20240813091930/https://datacrunch.io/products,spot 0.88; dynamic max 2.63
2024-08-13,DataCrunch,A100,SXM4 40GB,1.29,on-demand,USD,1A100.40S.22V fixedPrice in embedded JSON,wayback,https://web.archive.org/web/20240813091930/https://datacrunch.io/products,spot 0.65
2024-08-13,DataCrunch,H100,SXM5 80GB,3.17,on-demand,USD,1H100.80S.30V fixedPrice in embedded JSON,wayback,https://web.archive.org/web/20240813091930/https://datacrunch.io/products,spot 1.59; dynamic max 4.76
2024-08-13,DataCrunch,V100,Tesla 16GB,0.39,on-demand,USD,1V100.6V fixedPrice in embedded JSON,wayback,https://web.archive.org/web/20240813091930/https://datacrunch.io/products,spot 0.20; V100 cut 0.62 to 0.39 between Jun and Aug 2024
2024-08-13,runpod,A100,SXM 80GB,1.75,1mo,USD,,commoncrawl,https://www.runpod.io/pricing,"savings plan 1-month, per-GPU"
2024-08-13,runpod,A100,SXM 80GB,1.65,3mo,USD,,commoncrawl,https://www.runpod.io/pricing,"savings plan 3-month, per-GPU"
2024-08-13,runpod,A100,SXM 80GB,1.94,on-demand,USD,,commoncrawl,https://www.runpod.io/pricing,"secure cloud on-demand, per-GPU"
2024-08-13,runpod,A100,SXM 80GB,1.59,on-demand,USD,,commoncrawl,https://www.runpod.io/pricing,"community cloud on-demand, per-GPU"
2024-08-13,runpod,H100,SXM 80GB,3.59,1mo,USD,,commoncrawl,https://www.runpod.io/pricing,"savings plan 1-month, per-GPU"
2024-08-13,runpod,H100,SXM 80GB,3.39,3mo,USD,,commoncrawl,https://www.runpod.io/pricing,"savings plan 3-month, per-GPU"
2024-08-13,runpod,H100,SXM 80GB,3.99,on-demand,USD,,commoncrawl,https://www.runpod.io/pricing,"secure cloud on-demand, per-GPU"
2024-08-13,runpod,H100,SXM 80GB,2.99,on-demand,USD,,commoncrawl,https://www.runpod.io/pricing,"community cloud on-demand, per-GPU"
2024-08-16,crusoe,A100,,1.45,on-demand,USD,,commoncrawl,https://crusoe.ai/cloud/pricing/index.html,A100 40GB PCIe on-demand per-GPU
2024-08-16,crusoe,A100,,1.65,on-demand,USD,,commoncrawl,https://crusoe.ai/cloud/pricing/index.html,A100 80GB PCIe on-demand per-GPU
2024-08-16,crusoe,A100,,1.95,on-demand,USD,,commoncrawl,https://crusoe.ai/cloud/pricing/index.html,A100 80GB SXM on-demand per-GPU
2024-09-01,Lambda,A100,SXM 80GB,1.79,on-demand,USD,as posted $1.79/GPU/hr (8x),wayback,https://web.archive.org/web/20240901231348/https://lambdalabs.com/service/gpu-cloud,
2024-09-01,Lambda,A100,SXM 40GB,1.29,on-demand,USD,as posted $1.29/GPU/hr (1x and 8x),wayback,https://web.archive.org/web/20240901231348/https://lambdalabs.com/service/gpu-cloud,
2024-09-01,Lambda,A100,PCIe 40GB,1.29,on-demand,USD,as posted $1.29/GPU/hr (1x/2x/4x),wayback,https://web.archive.org/web/20240901231348/https://lambdalabs.com/service/gpu-cloud,
2024-09-01,Lambda,H100,SXM 80GB,2.99,on-demand,USD,as posted $2.99/GPU/hr (8x),wayback,https://web.archive.org/web/20240901231348/https://lambdalabs.com/service/gpu-cloud,"PRICE CUT from $3.49/GPU between 2024-07-11 and 2024-09-01, row marked 'New Price'; table switched to per-GPU display; 8x reserved row now CONTACT SALES"
2024-09-01,Lambda,H100,PCIe 80GB,2.49,on-demand,USD,as posted $2.49/GPU/hr (1x),wayback,https://web.archive.org/web/20240901231348/https://lambdalabs.com/service/gpu-cloud,
2024-09-01,Lambda,H100,SXM 80GB,1.89,reserved-3yr,USD,as posted $1.89/H100/hour,wayback,https://web.archive.org/web/20240901231348/https://lambdalabs.com/service/gpu-cloud,
2024-09-01,Lambda,V100,16GB,0.55,on-demand,USD,as posted $0.55/GPU/hr (8x),wayback,https://web.archive.org/web/20240901231348/https://lambdalabs.com/service/gpu-cloud,
2024-09-02,Paperspace,A100,40GB (unlabeled),3.09,on-demand,USD,per-machine hourly; 1 GPU per machine,wayback,https://web.archive.org/web/20240902033034/https://www.paperspace.com/pricing,H100 $2.24 3yr / $5.95 OD promo unchanged
2024-09-02,Paperspace,V100,16GB,2.30,on-demand,USD,per-machine hourly; 1 GPU per machine,wayback,https://web.archive.org/web/20240902033034/https://www.paperspace.com/pricing,$2.30 posted continuously 2017-10 through 2024-12 (also verified 2024-12-02)
2024-09-06,DataCrunch,A100,SXM4 80GB,1.89,on-demand,USD,1A100.22V fixedPrice in embedded JSON,wayback,https://web.archive.org/web/20240906083047/https://datacrunch.io/,spot 0.95
2024-09-06,DataCrunch,A100,SXM4 40GB,1.29,on-demand,USD,1A100.40S.22V fixedPrice in embedded JSON,wayback,https://web.archive.org/web/20240906083047/https://datacrunch.io/,spot 0.65
2024-09-06,DataCrunch,H100,SXM5 80GB,3.35,on-demand,USD,1H100.80S.30V fixedPrice in embedded JSON,wayback,https://web.archive.org/web/20240906083047/https://datacrunch.io/,spot 1.68; dynamic max 5.03
2024-09-06,DataCrunch,V100,Tesla 16GB,0.39,on-demand,USD,1V100.6V fixedPrice in embedded JSON,wayback,https://web.archive.org/web/20240906083047/https://datacrunch.io/,spot 0.20
2024-09-10,crusoe,A100,,1.45,on-demand,USD,,commoncrawl,https://crusoe.ai/cloud/pricing/index.html,A100 40GB PCIe on-demand per-GPU
2024-09-10,crusoe,A100,,1.65,on-demand,USD,,commoncrawl,https://crusoe.ai/cloud/pricing/index.html,A100 80GB PCIe on-demand per-GPU
2024-09-10,crusoe,A100,,1.95,on-demand,USD,,commoncrawl,https://crusoe.ai/cloud/pricing/index.html,A100 80GB SXM on-demand per-GPU
2024-09-12,runpod,A100,SXM 80GB,1.7,1mo,USD,,commoncrawl,https://www.runpod.io/pricing,"savings plan 1-month, per-GPU"
2024-09-12,runpod,A100,SXM 80GB,1.51,3mo,USD,,commoncrawl,https://www.runpod.io/pricing,"savings plan 3-month, per-GPU"
2024-09-12,runpod,A100,SXM 80GB,1.89,on-demand,USD,,commoncrawl,https://www.runpod.io/pricing,"secure cloud on-demand, per-GPU"
2024-09-12,runpod,A100,SXM 80GB,1.59,on-demand,USD,,commoncrawl,https://www.runpod.io/pricing,"community cloud on-demand, per-GPU"
2024-09-12,runpod,H100,SXM 80GB,3.14,1mo,USD,,commoncrawl,https://www.runpod.io/pricing,"savings plan 1-month, per-GPU"
2024-09-12,runpod,H100,SXM 80GB,2.79,3mo,USD,,commoncrawl,https://www.runpod.io/pricing,"savings plan 3-month, per-GPU"
2024-09-12,runpod,H100,SXM 80GB,3.49,on-demand,USD,,commoncrawl,https://www.runpod.io/pricing,"secure cloud on-demand, per-GPU"
2024-09-12,runpod,H100,SXM 80GB,2.99,on-demand,USD,,commoncrawl,https://www.runpod.io/pricing,"community cloud on-demand, per-GPU"
2024-09-16,coreweave,A100,,2.06,on-demand,USD,,commoncrawl,https://docs.coreweave.com/welcome-to-coreweave/resource-based-pricing,resource-based per-GPU compute rate (PCIe 40GB); excludes vCPU/RAM/storage
2024-09-16,coreweave,A100,,2.21,on-demand,USD,,commoncrawl,https://docs.coreweave.com/welcome-to-coreweave/resource-based-pricing,resource-based per-GPU compute rate (PCIe 80GB); excludes vCPU/RAM/storage
2024-09-16,coreweave,A100,,2.21,on-demand,USD,,commoncrawl,https://docs.coreweave.com/welcome-to-coreweave/resource-based-pricing,resource-based per-GPU compute rate (SXM/NVLINK 80GB); excludes vCPU/RAM/storage
2024-09-16,coreweave,H100,,4.76,on-demand,USD,,commoncrawl,https://docs.coreweave.com/welcome-to-coreweave/resource-based-pricing,resource-based per-GPU compute rate (SXM/NVLINK 80GB); excludes vCPU/RAM/storage
2024-09-17,lambda,A100,PCIe 40GB,1.29,on-demand,USD,,commoncrawl,https://lambdalabs.com/service/gpu-cloud?utm_source=gpus-dot-com&utm_medium=billboard&utm_campaign=billboard-11-2023,"table 4x 'style=""height: 60px; border-bottom: 1px solid #e5e7eb; ' (instance/4)"
2024-09-17,lambda,A100,SXM 40GB,1.29,on-demand,USD,,commoncrawl,https://lambdalabs.com/service/gpu-cloud?utm_source=gpus-dot-com&utm_medium=billboard&utm_campaign=billboard-11-2023,"table 8x 'style=""height: 60px; border-bottom: 1px solid #e5e7eb; ' (instance/8)"
2024-09-17,lambda,A100,SXM 80GB,1.79,on-demand,USD,,commoncrawl,https://lambdalabs.com/service/gpu-cloud?utm_source=gpus-dot-com&utm_medium=billboard&utm_campaign=billboard-11-2023,"table 8x 'style=""height: 60px; text-align: right;""> On-demand 8x ' (instance/8)"
2024-09-17,lambda,GH200,,5.99,1Y,USD,,commoncrawl,https://lambdalabs.com/service/gpu-cloud/1-click-clusters,reserve '1-Year Reservation: $5.99/hr/GH200'
2024-09-17,lambda,GH200,,5.99,3-12M,USD,,commoncrawl,https://lambdalabs.com/service/gpu-cloud?utm_source=gpus-dot-com&utm_medium=billboard&utm_campaign=billboard-11-2023,reserve '$5.99 /GH200/hour 3-12 months 10 or 20 Learn more .foot'
2024-09-17,lambda,H100,,1.89,3Y,USD,,commoncrawl,https://lambdalabs.com/service/gpu-cloud?utm_source=gpus-dot-com&utm_medium=billboard&utm_campaign=billboard-11-2023,"reserve '$1.89/H100/hour 3 years 64 - 32,000 NVIDIA H200 8x NVID'"
2024-09-17,lambda,H100,PCIe 80GB,2.49,on-demand,USD,,commoncrawl,https://lambdalabs.com/service/gpu-cloud?utm_source=gpus-dot-com&utm_medium=billboard&utm_campaign=billboard-11-2023,"table 1x 'style=""height: 60px; border-bottom: 1px solid #e5e7eb; ' (instance/1)"
2024-09-17,lambda,H100,SXM 80GB,2.99,on-demand,USD,,commoncrawl,https://lambdalabs.com/service/gpu-cloud?utm_source=gpus-dot-com&utm_medium=billboard&utm_campaign=billboard-11-2023,"table 8x 'style=""height: 60px; border-bottom: 1px solid #e5e7eb; ' (instance/8)"
2024-10-01,AWS,A100,SXM4 40GB (p4d.24xlarge),4.0963,on-demand,USD,p4d.24xlarge $32.77/hr / 8 GPUs,wayback,https://web.archive.org/web/20241001020509/https://aws.amazon.com/ec2/instance-types/p4/,"US East (N. Virginia), Linux; page rounds to nearest cent (unrounded list $32.7726 => $4.0966/GPU-hr)"
2024-10-01,AWS,A100,SXM4 40GB (p4d.24xlarge),2.4025,reserved-1yr,USD,p4d.24xlarge $19.22/hr / 8 GPUs,wayback,https://web.archive.org/web/20241001020509/https://aws.amazon.com/ec2/instance-types/p4/,"1-yr Reserved Instance effective hourly, US East (N. Virginia), Linux"
2024-10-01,AWS,A100,SXM4 40GB (p4d.24xlarge),1.4463,reserved-3yr,USD,p4d.24xlarge $11.57/hr / 8 GPUs,wayback,https://web.archive.org/web/20241001020509/https://aws.amazon.com/ec2/instance-types/p4/,"3-yr Reserved Instance effective hourly, US East (N. Virginia), Linux"
2024-10-01,AWS,A100,SXM4 80GB (p4de.24xlarge),5.1200,on-demand,USD,p4de.24xlarge $40.96/hr / 8 GPUs,wayback,https://web.archive.org/web/20241001020509/https://aws.amazon.com/ec2/instance-types/p4/,"US East (N. Virginia), Linux; p4de GA May 2022, first on quarterly grid 2022-07-01"
2024-10-01,AWS,A100,SXM4 80GB (p4de.24xlarge),3.0013,reserved-1yr,USD,p4de.24xlarge $24.01/hr / 8 GPUs,wayback,https://web.archive.org/web/20241001020509/https://aws.amazon.com/ec2/instance-types/p4/,"1-yr Reserved Instance effective hourly, US East (N. Virginia), Linux"
2024-10-01,AWS,A100,SXM4 80GB (p4de.24xlarge),1.8075,reserved-3yr,USD,p4de.24xlarge $14.46/hr / 8 GPUs,wayback,https://web.archive.org/web/20241001020509/https://aws.amazon.com/ec2/instance-types/p4/,"3-yr Reserved Instance effective hourly, US East (N. Virginia), Linux"
2024-10-05,crusoe,A100,,1.45,on-demand,USD,,commoncrawl,https://crusoe.ai/cloud/pricing/,A100 40GB PCIe on-demand per-GPU
2024-10-05,crusoe,A100,,1.65,on-demand,USD,,commoncrawl,https://crusoe.ai/cloud/pricing/,A100 80GB PCIe on-demand per-GPU
2024-10-05,crusoe,A100,,1.95,on-demand,USD,,commoncrawl,https://crusoe.ai/cloud/pricing/,A100 80GB SXM on-demand per-GPU
2024-10-06,hyperstack,A100,PCIe,1.4,on-demand,USD,,commoncrawl,https://www.hyperstack.cloud/gpu-pricing,era-C name='A100 80GB PCIe NVLink 80 31 240' OD
2024-10-06,hyperstack,A100,PCIe,1.35,on-demand,USD,,commoncrawl,https://www.hyperstack.cloud/gpu-pricing,era-C name='A100 PCIe 80GB 80 28 120' OD
2024-10-06,hyperstack,A100,PCIe,0.98,reservation,USD,,commoncrawl,https://www.hyperstack.cloud/gpu-pricing,"reservation 'starts-from' floor (longer-term contract, invoiced monthly); era-C name='A100 80GB PCIe NVLink 80 31 240' reserve-from"
2024-10-06,hyperstack,A100,PCIe,0.95,reservation,USD,,commoncrawl,https://www.hyperstack.cloud/gpu-pricing,"reservation 'starts-from' floor (longer-term contract, invoiced monthly); era-C name='A100 PCIe 80GB 80 28 120' reserve-from"
2024-10-06,hyperstack,H100,PCIe,1.95,on-demand,USD,,commoncrawl,https://www.hyperstack.cloud/gpu-pricing,era-C name='H100 PCIe NVLink 80GB 80 31 180' OD
2024-10-06,hyperstack,H100,PCIe,1.9,on-demand,USD,,commoncrawl,https://www.hyperstack.cloud/gpu-pricing,era-C name='H100 PCIe 80GB 80 28 180' OD
2024-10-06,hyperstack,H100,PCIe,1.37,reservation,USD,,commoncrawl,https://www.hyperstack.cloud/gpu-pricing,"reservation 'starts-from' floor (longer-term contract, invoiced monthly); era-C name='H100 PCIe NVLink 80GB 80 31 180' reserve-from"
2024-10-06,hyperstack,H100,PCIe,1.33,reservation,USD,,commoncrawl,https://www.hyperstack.cloud/gpu-pricing,"reservation 'starts-from' floor (longer-term contract, invoiced monthly); era-C name='H100 PCIe 80GB 80 28 180' reserve-from"
2024-10-06,hyperstack,H100,SXM,3.0,on-demand,USD,,commoncrawl,https://www.hyperstack.cloud/gpu-pricing,era-C name='H100 SXM 80GB 80 24 240' OD
2024-10-06,hyperstack,H100,SXM,2.25,reservation,USD,,commoncrawl,https://www.hyperstack.cloud/gpu-pricing,"reservation 'starts-from' floor (longer-term contract, invoiced monthly); era-C name='H100 SXM 80GB 80 24 240' reserve-from"
2024-10-07,Lambda,A100,SXM 80GB,1.79,on-demand,USD,as posted $1.79/GPU/hr (8x),wayback,https://web.archive.org/web/20241007220259/https://lambdalabs.com/service/gpu-cloud,
2024-10-07,Lambda,A100,SXM 40GB,1.29,on-demand,USD,as posted $1.29/GPU/hr (1x and 8x),wayback,https://web.archive.org/web/20241007220259/https://lambdalabs.com/service/gpu-cloud,
2024-10-07,Lambda,A100,PCIe 40GB,1.29,on-demand,USD,as posted $1.29/GPU/hr (1x/2x/4x),wayback,https://web.archive.org/web/20241007220259/https://lambdalabs.com/service/gpu-cloud,
2024-10-07,Lambda,H100,SXM 80GB,2.99,on-demand,USD,as posted $2.99/GPU/hr (8x),wayback,https://web.archive.org/web/20241007220259/https://lambdalabs.com/service/gpu-cloud,Smaller H100 SXM sizes added with per-GPU premium
2024-10-07,Lambda,H100,SXM 80GB (4x),3.09,on-demand,USD,as posted $3.09/GPU/hr (4x),wayback,https://web.archive.org/web/20241007220259/https://lambdalabs.com/service/gpu-cloud,
2024-10-07,Lambda,H100,SXM 80GB (2x),3.19,on-demand,USD,as posted $3.19/GPU/hr (2x),wayback,https://web.archive.org/web/20241007220259/https://lambdalabs.com/service/gpu-cloud,
2024-10-07,Lambda,H100,SXM 80GB (1x),3.29,on-demand,USD,as posted $3.29/GPU/hr (1x),wayback,https://web.archive.org/web/20241007220259/https://lambdalabs.com/service/gpu-cloud,
2024-10-07,Lambda,H100,PCIe 80GB,2.49,on-demand,USD,as posted $2.49/GPU/hr (1x),wayback,https://web.archive.org/web/20241007220259/https://lambdalabs.com/service/gpu-cloud,
2024-10-07,Lambda,H100,SXM 80GB,1.89,reserved-3yr,USD,as posted $1.89/H100/hour,wayback,https://web.archive.org/web/20241007220259/https://lambdalabs.com/service/gpu-cloud,Reserved cluster 64-32000 GPUs
2024-10-07,Lambda,V100,16GB,0.55,on-demand,USD,as posted $0.55/GPU/hr (8x),wayback,https://web.archive.org/web/20241007220259/https://lambdalabs.com/service/gpu-cloud,
2024-10-09,tensordock,A100,SXM 80GB,1.63,on-demand,USD,,commoncrawl,https://tensordock.com/gpu-a100,"gpu-a100.html landing ""from $1.63/hr on-demand"" (spot $0.67); STALE: identical across all 2024-2026 snapshots = hardcoded template"
2024-10-09,tensordock,H100,SXM 80GB,2.3,1Y,USD,,commoncrawl,https://tensordock.com/gpu-h100,"Annual reserved, per-GPU 8x-min"
2024-10-09,tensordock,H100,SXM 80GB,3.0,1mo,USD,,commoncrawl,https://tensordock.com/gpu-h100,"Monthly reserved, per-GPU 8x-min (spot bid $1.91)"
2024-10-09,tensordock,H100,SXM 80GB,2.0,3Y,USD,,commoncrawl,https://tensordock.com/gpu-h100,"3-Year reserved, per-GPU 8x-min"
2024-10-09,tensordock,H100,SXM 80GB,3.0,on-demand,USD,,commoncrawl,https://tensordock.com/gpu-h100,"gpu-h100.html table, Hourly, per-GPU 8x-min"
2024-10-10,digitalocean,H100,SXM 80GB,2.5,1Y,USD,,commoncrawl,https://www.digitalocean.com/products/gpu-droplets,"extras.commitment, 12-month, per-GPU (8x)"
2024-10-10,digitalocean,H100,SXM 80GB,6.74,on-demand,USD,,commoncrawl,https://www.digitalocean.com/products/gpu-droplets,slug h100x1; total $6.74/hr per 1GPU; promo $3.39/GPU-hr
2024-10-10,digitalocean,H100,SXM 80GB,5.95,on-demand,USD,,commoncrawl,https://www.digitalocean.com/products/gpu-droplets,slug h100x8; total $47.6/hr per 8GPU; promo $2.99/GPU-hr
2024-10-10,together,A100,,1.3,on-demand,USD,,commoncrawl,https://www.together.ai/pricing,on_demand cluster (starting-at floor)
2024-10-10,together,H100,,1.99,on-demand,USD,,commoncrawl,https://www.together.ai/pricing,on_demand cluster (starting-at floor)
2024-10-10,together,H200,,2.2,on-demand,USD,,commoncrawl,https://www.together.ai/pricing,on_demand cluster (starting-at floor)
2024-10-11,lambda,A100,PCIe 40GB,1.29,on-demand,USD,,commoncrawl,https://lambdalabs.com/service/gpu-cloud,"table 4x 'style=""height: 60px; border-bottom: 1px solid #e5e7eb; ' (instance/4)"
2024-10-11,lambda,A100,SXM 40GB,1.29,on-demand,USD,,commoncrawl,https://lambdalabs.com/service/gpu-cloud,"table 8x 'style=""height: 60px; border-bottom: 1px solid #e5e7eb; ' (instance/8)"
2024-10-11,lambda,A100,SXM 80GB,1.79,on-demand,USD,,commoncrawl,https://lambdalabs.com/service/gpu-cloud,"table 8x 'style=""height: 60px; text-align: right;""> On-demand 8x ' (instance/8)"
2024-10-11,lambda,GH200,,5.99,3-12M,USD,,commoncrawl,https://lambdalabs.com/service/gpu-cloud,reserve '$5.99 /GH200/hour 3-12 months 10 or 20 Learn more .foot'
2024-10-11,lambda,H100,,1.89,3Y,USD,,commoncrawl,https://lambdalabs.com/service/gpu-cloud,"reserve '$1.89/H100/hour 3 years 64 - 32,000 NVIDIA H200 8x NVID'"
2024-10-11,lambda,H100,PCIe 80GB,2.49,on-demand,USD,,commoncrawl,https://lambdalabs.com/service/gpu-cloud,"table 1x 'style=""height: 60px; border-bottom: 1px solid #e5e7eb; ' (instance/1)"
2024-10-11,lambda,H100,SXM 80GB,2.99,on-demand,USD,,commoncrawl,https://lambdalabs.com/service/gpu-cloud,"table 8x 'style=""height: 60px; border-bottom: 1px solid #e5e7eb; ' (instance/8)"
2024-10-12,digitalocean,H100,SXM 80GB,2.5,1Y,USD,,commoncrawl,https://www.digitalocean.com/pricing/gpu-droplets,"extras.commitment, 12-month, per-GPU (8x)"
2024-10-12,digitalocean,H100,SXM 80GB,6.74,on-demand,USD,,commoncrawl,https://www.digitalocean.com/pricing/gpu-droplets,slug h100x1; total $6.74/hr per 1GPU; promo $3.39/GPU-hr
2024-10-12,digitalocean,H100,SXM 80GB,5.95,on-demand,USD,,commoncrawl,https://www.digitalocean.com/pricing/gpu-droplets,slug h100x8; total $47.6/hr per 8GPU; promo $2.99/GPU-hr
2024-11-04,together,A100,,1.3,on-demand,USD,,commoncrawl,https://www.together.ai/pricing,on_demand cluster (starting-at floor)
2024-11-04,together,H100,,1.99,on-demand,USD,,commoncrawl,https://www.together.ai/pricing,on_demand cluster (starting-at floor)
2024-11-04,together,H200,,2.2,on-demand,USD,,commoncrawl,https://www.together.ai/pricing,on_demand cluster (starting-at floor)
2024-11-06,digitalocean,H100,SXM 80GB,2.5,1Y,USD,,commoncrawl,https://www.digitalocean.com/products/gpu-droplets,"extras.commitment, 12-month, per-GPU (8x)"
2024-11-06,digitalocean,H100,SXM 80GB,6.74,on-demand,USD,,commoncrawl,https://www.digitalocean.com/products/gpu-droplets,slug h100x1; total $6.74/hr per 1GPU; promo $3.39/GPU-hr
2024-11-06,digitalocean,H100,SXM 80GB,5.95,on-demand,USD,,commoncrawl,https://www.digitalocean.com/products/gpu-droplets,slug h100x8; total $47.6/hr per 8GPU; promo $2.99/GPU-hr
2024-11-06,lambda,A100,PCIe 40GB,1.29,on-demand,USD,,commoncrawl,https://lambdalabs.com/service/gpu-cloud?utm_source=gpus-dot-com&utm_medium=billboard&utm_campaign=billboard-11-2023,table 4x '> On-demand 4x NVIDIA A100 PCIe 40 GB 120 900 GiB 1 TiB' (instance/4)
2024-11-06,lambda,A100,SXM 40GB,1.29,on-demand,USD,,commoncrawl,https://lambdalabs.com/service/gpu-cloud?utm_source=gpus-dot-com&utm_medium=billboard&utm_campaign=billboard-11-2023,table 8x '> On-demand 8x NVIDIA A100 SXM 40 GB 124 1800 GiB 5.8 T' (instance/8)
2024-11-06,lambda,A100,SXM 80GB,1.79,on-demand,USD,,commoncrawl,https://lambdalabs.com/service/gpu-cloud?utm_source=gpus-dot-com&utm_medium=billboard&utm_campaign=billboard-11-2023,table 8x '> On-demand 8x NVIDIA A100 SXM 80 GB 240 1800 GiB 19.5 ' (instance/8)
2024-11-06,lambda,H100,PCIe 80GB,2.49,on-demand,USD,,commoncrawl,https://lambdalabs.com/service/gpu-cloud?utm_source=gpus-dot-com&utm_medium=billboard&utm_campaign=billboard-11-2023,table 1x '> On-demand 1x NVIDIA H100 PCIe 80 GB 26 225 GiB 1 TiB ' (instance/1)
2024-11-06,lambda,H100,SXM 80GB,2.99,on-demand,USD,,commoncrawl,https://lambdalabs.com/service/gpu-cloud?utm_source=gpus-dot-com&utm_medium=billboard&utm_campaign=billboard-11-2023,table 8x '> On-demand 8x NVIDIA H100 SXM 80 GB 208 1800 GiB 22 Ti' (instance/8)
2024-11-06,runpod,A100,SXM 80GB,1.7,1mo,USD,,commoncrawl,https://www.runpod.io/pricing,"savings plan 1-month, per-GPU"
2024-11-06,runpod,A100,SXM 80GB,1.51,3mo,USD,,commoncrawl,https://www.runpod.io/pricing,"savings plan 3-month, per-GPU"
2024-11-06,runpod,A100,SXM 80GB,1.89,on-demand,USD,,commoncrawl,https://www.runpod.io/pricing,"secure cloud on-demand, per-GPU"
2024-11-06,runpod,A100,SXM 80GB,1.59,on-demand,USD,,commoncrawl,https://www.runpod.io/pricing,"community cloud on-demand, per-GPU"
2024-11-06,runpod,H100,SXM 80GB,2.85,1mo,USD,,commoncrawl,https://www.runpod.io/pricing,"savings plan 1-month, per-GPU"
2024-11-06,runpod,H100,SXM 80GB,2.79,3mo,USD,,commoncrawl,https://www.runpod.io/pricing,"savings plan 3-month, per-GPU"
2024-11-06,runpod,H100,SXM 80GB,2.49,6mo,USD,,commoncrawl,https://www.runpod.io/pricing,"savings plan 6-month, per-GPU"
2024-11-06,runpod,H100,SXM 80GB,2.99,on-demand,USD,,commoncrawl,https://www.runpod.io/pricing,"secure cloud on-demand, per-GPU"
2024-11-06,runpod,H200,,3.99,on-demand,USD,,commoncrawl,https://www.runpod.io/pricing,"secure cloud on-demand, per-GPU"
2024-12-02,AWS,A100,SXM4 40GB (p4d.24xlarge),4.0963,on-demand,USD,p4d.24xlarge $32.77/hr / 8 GPUs,wayback,https://web.archive.org/web/20241202055223/https://aws.amazon.com/ec2/instance-types/p4/,"US East (N. Virginia), Linux; page rounds to nearest cent (unrounded list $32.7726 => $4.0966/GPU-hr)"
2024-12-02,AWS,A100,SXM4 40GB (p4d.24xlarge),2.4025,reserved-1yr,USD,p4d.24xlarge $19.22/hr / 8 GPUs,wayback,https://web.archive.org/web/20241202055223/https://aws.amazon.com/ec2/instance-types/p4/,"1-yr Reserved Instance effective hourly, US East (N. Virginia), Linux"
2024-12-02,AWS,A100,SXM4 40GB (p4d.24xlarge),1.4463,reserved-3yr,USD,p4d.24xlarge $11.57/hr / 8 GPUs,wayback,https://web.archive.org/web/20241202055223/https://aws.amazon.com/ec2/instance-types/p4/,"3-yr Reserved Instance effective hourly, US East (N. Virginia), Linux"
2024-12-02,AWS,A100,SXM4 80GB (p4de.24xlarge),5.1200,on-demand,USD,p4de.24xlarge $40.96/hr / 8 GPUs,wayback,https://web.archive.org/web/20241202055223/https://aws.amazon.com/ec2/instance-types/p4/,"US East (N. Virginia), Linux; p4de GA May 2022, first on quarterly grid 2022-07-01"
2024-12-02,AWS,A100,SXM4 80GB (p4de.24xlarge),3.0013,reserved-1yr,USD,p4de.24xlarge $24.01/hr / 8 GPUs,wayback,https://web.archive.org/web/20241202055223/https://aws.amazon.com/ec2/instance-types/p4/,"1-yr Reserved Instance effective hourly, US East (N. Virginia), Linux"
2024-12-02,AWS,A100,SXM4 80GB (p4de.24xlarge),1.8075,reserved-3yr,USD,p4de.24xlarge $14.46/hr / 8 GPUs,wayback,https://web.archive.org/web/20241202055223/https://aws.amazon.com/ec2/instance-types/p4/,"3-yr Reserved Instance effective hourly, US East (N. Virginia), Linux"
2024-12-02,DataCrunch,A100,SXM4 80GB,1.65,on-demand,USD,1A100.22V fixedPrice in embedded JSON,wayback,https://web.archive.org/web/20241202144656/https://datacrunch.io/,spot 0.39
2024-12-02,DataCrunch,A100,SXM4 40GB,1.29,on-demand,USD,1A100.40S.22V fixedPrice in embedded JSON,wayback,https://web.archive.org/web/20241202144656/https://datacrunch.io/,spot 0.15
2024-12-02,DataCrunch,H100,SXM5 80GB,2.65,on-demand,USD,1H100.80S.30V fixedPrice in embedded JSON,wayback,https://web.archive.org/web/20241202144656/https://datacrunch.io/,spot 0.69; dynamic max 3.98
2024-12-02,DataCrunch,H200,SXM5 141GB,3.03,on-demand,USD,1H200.141S.44V fixedPrice in embedded JSON,wayback,https://web.archive.org/web/20241202144656/https://datacrunch.io/,spot 0.52; dynamic max 4.55; 24mo term 2.27
2024-12-02,DataCrunch,V100,Tesla 16GB,0.39,on-demand,USD,1V100.6V fixedPrice in embedded JSON,wayback,https://web.archive.org/web/20241202144656/https://datacrunch.io/,spot 0.09
2024-12-02,Paperspace,H100,HGX 80GB,2.24,reserved-3yr,USD,per-GPU,wayback,https://web.archive.org/web/20241202185350/https://www.paperspace.com/pricing,unchanged; A100-80G $1.15 3yr; A100 $3.09 OD; V100 $2.30 all unchanged
2024-12-03,GenesisCloud,H100,HGX (8x node min),2.00,teaser,USD,per-GPU ('*Prices are indicated per GPU component per hour'),wayback,https://web.archive.org/web/20241203120932/https://www.genesiscloud.com/pricing,TEASER: H100 and H200 both 'Starting at $2.00/h'; B200/GB200 RFQ; meta text 'starting from $2 per hour'
2024-12-03,GenesisCloud,H200,HGX 141GB (8x node min),2.00,teaser,USD,per-GPU,wayback,https://web.archive.org/web/20241203120932/https://www.genesiscloud.com/pricing,TEASER floor same as H100
2024-12-03,coreweave,A100,,2.06,on-demand,USD,,commoncrawl,https://docs.coreweave.com/welcome-to-coreweave/resource-based-pricing,resource-based per-GPU compute rate (PCIe 40GB); excludes vCPU/RAM/storage
2024-12-03,coreweave,A100,,2.21,on-demand,USD,,commoncrawl,https://docs.coreweave.com/welcome-to-coreweave/resource-based-pricing,resource-based per-GPU compute rate (PCIe 80GB); excludes vCPU/RAM/storage
2024-12-03,coreweave,A100,,2.21,on-demand,USD,,commoncrawl,https://docs.coreweave.com/welcome-to-coreweave/resource-based-pricing,resource-based per-GPU compute rate (SXM/NVLINK 80GB); excludes vCPU/RAM/storage
2024-12-03,coreweave,H100,,4.76,on-demand,USD,,commoncrawl,https://docs.coreweave.com/welcome-to-coreweave/resource-based-pricing,resource-based per-GPU compute rate (SXM/NVLINK 80GB); excludes vCPU/RAM/storage
2024-12-04,Lambda,A100,SXM 80GB,1.79,on-demand,USD,as posted $1.79/GPU/hr (8x),wayback,https://web.archive.org/web/20241204052806/https://lambdalabs.com/service/gpu-cloud,
2024-12-04,Lambda,A100,SXM 40GB,1.29,on-demand,USD,as posted $1.29/GPU/hr (1x and 8x),wayback,https://web.archive.org/web/20241204052806/https://lambdalabs.com/service/gpu-cloud,
2024-12-04,Lambda,A100,PCIe 40GB,1.29,on-demand,USD,as posted $1.29/GPU/hr (1x/2x/4x),wayback,https://web.archive.org/web/20241204052806/https://lambdalabs.com/service/gpu-cloud,
2024-12-04,Lambda,GH200,96GB,3.19,on-demand,USD,as posted $3.19/GPU/hr (1x),wayback,https://web.archive.org/web/20241204052806/https://lambdalabs.com/service/gpu-cloud,GH200 OD added
2024-12-04,Lambda,H100,SXM 80GB,2.99,on-demand,USD,as posted $2.99/GPU/hr (8x),wayback,https://web.archive.org/web/20241204052806/https://lambdalabs.com/service/gpu-cloud,
2024-12-04,Lambda,H100,SXM 80GB (4x),3.09,on-demand,USD,as posted $3.09/GPU/hr (4x),wayback,https://web.archive.org/web/20241204052806/https://lambdalabs.com/service/gpu-cloud,
2024-12-04,Lambda,H100,SXM 80GB (2x),3.19,on-demand,USD,as posted $3.19/GPU/hr (2x),wayback,https://web.archive.org/web/20241204052806/https://lambdalabs.com/service/gpu-cloud,
2024-12-04,Lambda,H100,SXM 80GB (1x),3.29,on-demand,USD,as posted $3.29/GPU/hr (1x),wayback,https://web.archive.org/web/20241204052806/https://lambdalabs.com/service/gpu-cloud,
2024-12-04,Lambda,H100,PCIe 80GB,2.49,on-demand,USD,as posted $2.49/GPU/hr (1x),wayback,https://web.archive.org/web/20241204052806/https://lambdalabs.com/service/gpu-cloud,
2024-12-04,Lambda,V100,16GB,0.55,on-demand,USD,as posted $0.55/GPU/hr (8x),wayback,https://web.archive.org/web/20241204052806/https://lambdalabs.com/service/gpu-cloud,
2024-12-05,tensordock,A100,SXM 80GB,1.63,on-demand,USD,,commoncrawl,https://tensordock.com/gpu-a100,"gpu-a100.html landing ""from $1.63/hr on-demand"" (spot $0.67); STALE: identical across all 2024-2026 snapshots = hardcoded template"
2024-12-06,CoreWeave,A100,NVLink 80GB,2.21,on-demand,USD,as_posted_per_gpu,wayback,https://web.archive.org/web/20241206151408/https://coreweave.com/gpu-cloud-pricing,GPU component only; CPU/RAM billed separately; unchanged since May 2022 introduction
2024-12-06,CoreWeave,A100,PCIe 80GB,2.21,on-demand,USD,as_posted_per_gpu,wayback,https://web.archive.org/web/20241206151408/https://coreweave.com/gpu-cloud-pricing,GPU component only; CPU/RAM billed separately
2024-12-06,CoreWeave,A100,NVLink 40GB,2.06,on-demand,USD,as_posted_per_gpu,wayback,https://web.archive.org/web/20241206151408/https://coreweave.com/gpu-cloud-pricing,GPU component only; CPU/RAM billed separately; unchanged since Mar 2021
2024-12-06,CoreWeave,A100,PCIe 40GB,2.06,on-demand,USD,as_posted_per_gpu,wayback,https://web.archive.org/web/20241206151408/https://coreweave.com/gpu-cloud-pricing,GPU component only; CPU/RAM billed separately
2024-12-06,CoreWeave,H100,HGX SXM 80GB,4.76,on-demand,USD,as_posted_per_gpu,wayback,https://web.archive.org/web/20241206151408/https://coreweave.com/gpu-cloud-pricing,GPU component only; CPU/RAM billed separately; unchanged since Apr 2023
2024-12-06,CoreWeave,H100,PCIe 80GB,4.25,on-demand,USD,as_posted_per_gpu,wayback,https://web.archive.org/web/20241206151408/https://coreweave.com/gpu-cloud-pricing,GPU component only; CPU/RAM billed separately; unchanged since Jan 2023
2024-12-06,CoreWeave,V100,NVLink 16GB,0.80,on-demand,USD,as_posted_per_gpu,wayback,https://web.archive.org/web/20241206151408/https://coreweave.com/gpu-cloud-pricing,GPU component only; CPU/RAM billed separately; unchanged since Mar 2021
2024-12-09,lambda,A100,PCIe 40GB,1.29,on-demand,USD,,commoncrawl,https://lambdalabs.com/service/gpu-cloud?utm_source=gpus-dot-com&utm_medium=billboard&utm_campaign=billboard-11-2023,"table 4x 'style=""height: 71.3906px;""> On-demand 4x NVIDIA A100 PC' (instance/4)"
2024-12-09,lambda,A100,SXM 40GB,1.29,on-demand,USD,,commoncrawl,https://lambdalabs.com/service/gpu-cloud?utm_source=gpus-dot-com&utm_medium=billboard&utm_campaign=billboard-11-2023,"table 8x 'style=""height: 71.3906px;""> On-demand 8x NVIDIA A100 SX' (instance/8)"
2024-12-09,lambda,A100,SXM 80GB,1.79,on-demand,USD,,commoncrawl,https://lambdalabs.com/service/gpu-cloud?utm_source=gpus-dot-com&utm_medium=billboard&utm_campaign=billboard-11-2023,"table 8x 'style=""height: 71.3906px;""> On-demand 8x NVIDIA A100 SX' (instance/8)"
2024-12-09,lambda,GH200,96GB,3.19,on-demand,USD,,commoncrawl,https://lambdalabs.com/service/gpu-cloud?utm_source=gpus-dot-com&utm_medium=billboard&utm_campaign=billboard-11-2023,table 1x '> On-demand 1x NVIDIA GH200 96 GB 64 432 GiB 4 TiB SSD ' (instance/1)
2024-12-09,lambda,H100,,4.49,1CC-cluster,USD,,commoncrawl,https://lambdalabs.com/service/gpu-cloud/1-click-clusters,1-Click-Cluster on-demand cluster rate (per-GPU); 1cc-OD-cluster 'GPUs + 3.2Tb/s InfiniBand Networking for just'
2024-12-09,lambda,H100,PCIe 80GB,2.49,on-demand,USD,,commoncrawl,https://lambdalabs.com/service/gpu-cloud?utm_source=gpus-dot-com&utm_medium=billboard&utm_campaign=billboard-11-2023,"table 1x 'style=""height: 71.3906px;""> On-demand 1x NVIDIA H100 PC' (instance/1)"
2024-12-09,lambda,H100,SXM 80GB,2.99,on-demand,USD,,commoncrawl,https://lambdalabs.com/service/gpu-cloud?utm_source=gpus-dot-com&utm_medium=billboard&utm_campaign=billboard-11-2023,"table 8x 'style=""height: 71.3906px;""> On-demand 8x NVIDIA H100 SX' (instance/8)"
2024-12-11,digitalocean,H100,SXM 80GB,2.5,1Y,USD,,commoncrawl,https://www.digitalocean.com/products/gpu-droplets,"extras.commitment, 12-month, per-GPU (8x)"
2024-12-11,digitalocean,H100,SXM 80GB,6.74,on-demand,USD,,commoncrawl,https://www.digitalocean.com/products/gpu-droplets,slug h100x1; total $6.74/hr per 1GPU; promo $3.39/GPU-hr
2024-12-11,digitalocean,H100,SXM 80GB,5.95,on-demand,USD,,commoncrawl,https://www.digitalocean.com/products/gpu-droplets,slug h100x8; total $47.6/hr per 8GPU; promo $2.99/GPU-hr
2024-12-13,OVHcloud,A100,"PCIe 80GB (a100-180, 1x A100 80GB)",3.07,on-demand,USD,"posted per-instance, 1 GPU = per-GPU",wayback,https://web.archive.org/web/20241213042103/https://www.ovhcloud.com/en/public-cloud/prices/,flat $3.07 from Dec-2023 through Dec-2024
2024-12-13,OVHcloud,H100,"PCIe 80GB (h100-380, 1x H100)",2.99,on-demand,USD,"posted per-instance, 1 GPU = per-GPU",wayback,https://web.archive.org/web/20241213042103/https://www.ovhcloud.com/en/public-cloud/prices/,AI Training line h100-1-gpu $3.39
2024-12-13,OVHcloud,L40S,"PCIe 48GB (l40s-90, 1x L40S)",1.80,on-demand,USD,"posted per-instance, 1 GPU = per-GPU",wayback,https://web.archive.org/web/20241213042103/https://www.ovhcloud.com/en/public-cloud/prices/,L40S new vs Jun-2024 snapshot; L4 $1.00/GPU also posted
2024-12-13,OVHcloud,V100,"PCIe 16GB (t1-45, 1x V100)",1.97,on-demand,USD,"posted per-instance, 1 GPU = per-GPU",wayback,https://web.archive.org/web/20241213042103/https://www.ovhcloud.com/en/public-cloud/prices/,V100 price flat 2023-2024; t1-le (300GB disk) discount line $0.77/GPU exists
2024-12-13,runpod,A100,SXM 80GB,1.7,1mo,USD,,commoncrawl,https://www.runpod.io/pricing,"savings plan 1-month, per-GPU"
2024-12-13,runpod,A100,SXM 80GB,1.51,3mo,USD,,commoncrawl,https://www.runpod.io/pricing,"savings plan 3-month, per-GPU"
2024-12-13,runpod,A100,SXM 80GB,1.89,on-demand,USD,,commoncrawl,https://www.runpod.io/gpu-cloud,"secure cloud on-demand, per-GPU"
2024-12-13,runpod,A100,SXM 80GB,1.59,on-demand,USD,,commoncrawl,https://www.runpod.io/gpu-cloud,"community cloud on-demand, per-GPU"
2024-12-13,runpod,H100,SXM 80GB,2.85,1mo,USD,,commoncrawl,https://www.runpod.io/pricing,"savings plan 1-month, per-GPU"
2024-12-13,runpod,H100,SXM 80GB,2.79,3mo,USD,,commoncrawl,https://www.runpod.io/pricing,"savings plan 3-month, per-GPU"
2024-12-13,runpod,H100,SXM 80GB,2.49,6mo,USD,,commoncrawl,https://www.runpod.io/pricing,"savings plan 6-month, per-GPU"
2024-12-13,runpod,H100,SXM 80GB,2.99,on-demand,USD,,commoncrawl,https://www.runpod.io/gpu-cloud,"secure cloud on-demand, per-GPU"
2024-12-13,runpod,H100,SXM 80GB,2.69,on-demand,USD,,commoncrawl,https://www.runpod.io/gpu-cloud,"community cloud on-demand, per-GPU"
2024-12-13,runpod,H200,,3.99,on-demand,USD,,commoncrawl,https://www.runpod.io/gpu-cloud,"secure cloud on-demand, per-GPU"
2024-12-13,together,A100,,1.3,on-demand,USD,,commoncrawl,https://www.together.ai/pricing,on_demand cluster (starting-at floor)
2024-12-13,together,H100,,1.75,on-demand,USD,,commoncrawl,https://www.together.ai/pricing,on_demand cluster (starting-at floor)
2024-12-13,together,H200,,2.09,on-demand,USD,,commoncrawl,https://www.together.ai/pricing,on_demand cluster (starting-at floor)
2025-01-01,CoreWeave,A100,NVLink 40GB,2.06,on-demand,USD,GPU component rate as posted,wayback,https://web.archive.org/web/20250101002525/https://coreweave.com/pricing,GPU-component-only billing (vCPU/RAM billed separately)
2025-01-01,CoreWeave,A100,NVLink 80GB,2.21,on-demand,USD,GPU component rate as posted,wayback,https://web.archive.org/web/20250101002525/https://coreweave.com/pricing,GPU-component-only billing (vCPU/RAM billed separately)
2025-01-01,CoreWeave,A100,PCIe 40GB,2.06,on-demand,USD,GPU component rate as posted,wayback,https://web.archive.org/web/20250101002525/https://coreweave.com/pricing,GPU-component-only billing (vCPU/RAM billed separately)
2025-01-01,CoreWeave,A100,PCIe 80GB,2.21,on-demand,USD,GPU component rate as posted,wayback,https://web.archive.org/web/20250101002525/https://coreweave.com/pricing,GPU-component-only billing (vCPU/RAM billed separately)
2025-01-01,CoreWeave,GH200,96GB,6.5,on-demand,USD,1-GPU instance $6.5/hr / 1 GPUs,wayback,https://web.archive.org/web/20250101002525/https://coreweave.com/pricing,instance price incl. CPU/RAM/storage (on-demand instance table)
2025-01-01,CoreWeave,H100,HGX SXM5 80GB,6.155,on-demand,USD,8-GPU instance $49.24/hr / 8 GPUs,wayback,https://web.archive.org/web/20250101002525/https://coreweave.com/pricing,instance price incl. CPU/RAM/storage (on-demand instance table)
2025-01-01,CoreWeave,H100,HGX SXM5 80GB (GPU component),4.76,on-demand,USD,GPU component rate as posted,wayback,https://web.archive.org/web/20250101002525/https://coreweave.com/pricing,GPU-component-only billing (vCPU/RAM billed separately)
2025-01-01,CoreWeave,H100,PCIe 80GB,4.25,on-demand,USD,GPU component rate as posted,wayback,https://web.archive.org/web/20250101002525/https://coreweave.com/pricing,GPU-component-only billing (vCPU/RAM billed separately)
2025-01-01,CoreWeave,H200,HGX SXM5 141GB,6.305,on-demand,USD,8-GPU instance $50.44/hr / 8 GPUs,wayback,https://web.archive.org/web/20250101002525/https://coreweave.com/pricing,instance price incl. CPU/RAM/storage (on-demand instance table)
2025-01-01,CoreWeave,V100,NVLink 16GB,0.8,on-demand,USD,GPU component rate as posted,wayback,https://web.archive.org/web/20250101002525/https://coreweave.com/pricing,GPU-component-only billing (vCPU/RAM billed separately)
2025-01-01,Lambda,A100,A100 PCIe 40GB,1.29,on-demand,USD,as posted $/GPU/hr (4x config),wayback,https://web.archive.org/web/20250101080209/https://lambdalabs.com/service/gpu-cloud,
2025-01-01,Lambda,A100,A100 SXM 40GB,1.29,on-demand,USD,as posted $/GPU/hr (8x config),wayback,https://web.archive.org/web/20250101080209/https://lambdalabs.com/service/gpu-cloud,
2025-01-01,Lambda,A100,A100 SXM 80GB,1.79,on-demand,USD,as posted $/GPU/hr (8x config),wayback,https://web.archive.org/web/20250101080209/https://lambdalabs.com/service/gpu-cloud,
2025-01-01,Lambda,GH200,GH200 96GB,1.49,on-demand,USD,as posted $/GPU/hr (1x config),wayback,https://web.archive.org/web/20250101080209/https://lambdalabs.com/service/gpu-cloud,
2025-01-01,Lambda,H100,H100 PCIe 80GB,2.49,on-demand,USD,as posted $/GPU/hr (1x config),wayback,https://web.archive.org/web/20250101080209/https://lambdalabs.com/service/gpu-cloud,
2025-01-01,Lambda,H100,H100 SXM 80GB,2.99,on-demand,USD,as posted $/GPU/hr (8x config),wayback,https://web.archive.org/web/20250101080209/https://lambdalabs.com/service/gpu-cloud,
2025-01-01,Lambda,V100,Tesla V100 16GB,0.55,on-demand,USD,as posted $/GPU/hr (8x config),wayback,https://web.archive.org/web/20250101080209/https://lambdalabs.com/service/gpu-cloud,
2025-01-02,AWS,A100,SXM4 40GB (p4d.24xlarge),4.0963,on-demand,USD,p4d.24xlarge $32.77/hr / 8 GPUs,wayback,https://web.archive.org/web/20250102085310/https://aws.amazon.com/ec2/instance-types/p4/,"US East (N. Virginia), Linux"
2025-01-02,AWS,A100,SXM4 40GB (p4d.24xlarge),2.4025,reserved-1yr,USD,p4d.24xlarge $19.22/hr / 8 GPUs,wayback,https://web.archive.org/web/20250102085310/https://aws.amazon.com/ec2/instance-types/p4/,"US East (N. Virginia), Linux; effective hourly RI"
2025-01-02,AWS,A100,SXM4 40GB (p4d.24xlarge),1.4463,reserved-3yr,USD,p4d.24xlarge $11.57/hr / 8 GPUs,wayback,https://web.archive.org/web/20250102085310/https://aws.amazon.com/ec2/instance-types/p4/,"US East (N. Virginia), Linux; effective hourly RI"
2025-01-02,AWS,A100,SXM4 80GB (p4de.24xlarge),5.12,on-demand,USD,p4de.24xlarge $40.96/hr / 8 GPUs,wayback,https://web.archive.org/web/20250102085310/https://aws.amazon.com/ec2/instance-types/p4/,"US East (N. Virginia), Linux"
2025-01-02,AWS,A100,SXM4 80GB (p4de.24xlarge),3.0013,reserved-1yr,USD,p4de.24xlarge $24.01/hr / 8 GPUs,wayback,https://web.archive.org/web/20250102085310/https://aws.amazon.com/ec2/instance-types/p4/,"US East (N. Virginia), Linux; effective hourly RI"
2025-01-02,AWS,A100,SXM4 80GB (p4de.24xlarge),1.8075,reserved-3yr,USD,p4de.24xlarge $14.46/hr / 8 GPUs,wayback,https://web.archive.org/web/20250102085310/https://aws.amazon.com/ec2/instance-types/p4/,"US East (N. Virginia), Linux; effective hourly RI"
2025-01-05,DataCrunch,A100,A100 SXM4 40GB,1.29,on-demand,USD,1A100.40S.22V 1x instance fixedPrice in embedded JSON,wayback,https://web.archive.org/web/20250105133621/https://datacrunch.io/,"spot 0.41; same per-GPU across [1, 2, 4, 8]x sizes"
2025-01-05,DataCrunch,A100,A100 SXM4 80GB,1.75,on-demand,USD,1A100.22V 1x instance fixedPrice in embedded JSON,wayback,https://web.archive.org/web/20250105133621/https://datacrunch.io/,"spot 0.47; same per-GPU across [1, 2, 4, 8]x sizes"
2025-01-05,DataCrunch,H100,H100 SXM5 80GB,2.65,on-demand,USD,1H100.80S.30V 1x instance fixedPrice in embedded JSON,wayback,https://web.archive.org/web/20250105133621/https://datacrunch.io/,"spot 0.61; same per-GPU across [1, 2, 4, 8]x sizes"
2025-01-05,DataCrunch,H200,H200 SXM5 141GB,3.25,on-demand,USD,1H200.141S.44V 1x instance fixedPrice in embedded JSON,wayback,https://web.archive.org/web/20250105133621/https://datacrunch.io/,"spot 0.94; same per-GPU across [1, 2, 4, 8]x sizes"
2025-01-05,DataCrunch,V100,NVIDIA Tesla V100 16GB,0.32,on-demand,USD,1V100.6V 1x instance fixedPrice in embedded JSON,wayback,https://web.archive.org/web/20250105133621/https://datacrunch.io/,"spot 0.07; same per-GPU across [1, 2, 4, 8]x sizes"
2025-01-05,RunPod,A100,PCIe 80GB,1.19,on-demand-community,USD,1x GPU price as posted,wayback,https://web.archive.org/web/20250105052136/https://www.runpod.io/pricing,
2025-01-05,RunPod,A100,PCIe 80GB,1.64,on-demand-secure,USD,1x GPU price as posted,wayback,https://web.archive.org/web/20250105052136/https://www.runpod.io/pricing,
2025-01-05,RunPod,A100,SXM 80GB,1.89,on-demand-secure,USD,1x GPU price as posted,wayback,https://web.archive.org/web/20250105052136/https://www.runpod.io/pricing,
2025-01-05,RunPod,H100,NVL 94GB,2.59,on-demand-community,USD,1x GPU price as posted,wayback,https://web.archive.org/web/20250105052136/https://www.runpod.io/pricing,
2025-01-05,RunPod,H100,NVL 94GB,2.79,on-demand-secure,USD,1x GPU price as posted,wayback,https://web.archive.org/web/20250105052136/https://www.runpod.io/pricing,
2025-01-05,RunPod,H100,PCIe 80GB,2.49,on-demand-community,USD,1x GPU price as posted,wayback,https://web.archive.org/web/20250105052136/https://www.runpod.io/pricing,
2025-01-05,RunPod,H100,PCIe 80GB,2.69,on-demand-secure,USD,1x GPU price as posted,wayback,https://web.archive.org/web/20250105052136/https://www.runpod.io/pricing,
2025-01-05,RunPod,H100,SXM 80GB,2.69,on-demand-community,USD,1x GPU price as posted,wayback,https://web.archive.org/web/20250105052136/https://www.runpod.io/pricing,
2025-01-05,RunPod,H100,SXM 80GB,2.99,on-demand-secure,USD,1x GPU price as posted,wayback,https://web.archive.org/web/20250105052136/https://www.runpod.io/pricing,
2025-01-05,RunPod,H200,SXM 141GB,3.99,on-demand-secure,USD,1x GPU price as posted,wayback,https://web.archive.org/web/20250105052136/https://www.runpod.io/pricing,
2025-01-15,OVHcloud,A100,"PCIe 80GB (a100-180, 1x A100)",3.07,on-demand,USD,"posted per-instance, 1 GPU = per-GPU",wayback,https://web.archive.org/web/20250115004218/https://www.ovhcloud.com/en/public-cloud/prices/,1x/2x/4x sizes ~same per-GPU
2025-01-15,OVHcloud,H100,"PCIe 80GB (h100-380, 1x H100)",2.99,on-demand,USD,"posted per-instance, 1 GPU = per-GPU",wayback,https://web.archive.org/web/20250115004218/https://www.ovhcloud.com/en/public-cloud/prices/,1x/2x/4x sizes ~same per-GPU
2025-01-15,OVHcloud,V100,"PCIe 16GB (t1-45, 1x V100)",1.97,on-demand,USD,"posted per-instance, 1 GPU = per-GPU",wayback,https://web.archive.org/web/20250115004218/https://www.ovhcloud.com/en/public-cloud/prices/,1x/2x/4x sizes ~same per-GPU
2025-01-15,OVHcloud,V100,"PCIe 16GB (t1-le-45, 1x V100)",0.77,on-demand,USD,"posted per-instance, 1 GPU = per-GPU",wayback,https://web.archive.org/web/20250115004218/https://www.ovhcloud.com/en/public-cloud/prices/,reduced-storage t1-le line; 1x/2x/4x sizes ~same per-GPU
2025-01-15,OVHcloud,V100,"PCIe 32GB (t2-45, 1x V100)",2.19,on-demand,USD,"posted per-instance, 1 GPU = per-GPU",wayback,https://web.archive.org/web/20250115004218/https://www.ovhcloud.com/en/public-cloud/prices/,1x/2x/4x sizes ~same per-GPU
2025-01-15,OVHcloud,V100,"PCIe 32GB (t2-le-45, 1x V100)",0.88,on-demand,USD,"posted per-instance, 1 GPU = per-GPU",wayback,https://web.archive.org/web/20250115004218/https://www.ovhcloud.com/en/public-cloud/prices/,reduced-storage t2-le line; 1x/2x/4x sizes ~same per-GPU
2025-01-16,RunPod,A100,PCIe 80GB,1.48,1-month savings plan,USD,posted per-GPU,commoncrawl,CC-MAIN-2025-05 crawl-data/CC-MAIN-2025-05/segments/1736703362307.30/warc/CC-MAIN-20250116171527-20250116201527-00566.warc.gz#1008153726,secure; __NEXT_DATA__ gpu[NVIDIA A100 80GB PCIe].oneMonthPrice
2025-01-16,RunPod,A100,SXM4 80GB,1.7,1-month savings plan,USD,posted per-GPU,commoncrawl,CC-MAIN-2025-05 crawl-data/CC-MAIN-2025-05/segments/1736703362307.30/warc/CC-MAIN-20250116171527-20250116201527-00566.warc.gz#1008153726,secure; __NEXT_DATA__ gpu[NVIDIA A100-SXM4-80GB].oneMonthPrice
2025-01-16,RunPod,A100,PCIe 80GB,1.39,3-month savings plan,USD,posted per-GPU,commoncrawl,CC-MAIN-2025-05 crawl-data/CC-MAIN-2025-05/segments/1736703362307.30/warc/CC-MAIN-20250116171527-20250116201527-00566.warc.gz#1008153726,secure; __NEXT_DATA__ gpu[NVIDIA A100 80GB PCIe].threeMonthPrice
2025-01-16,RunPod,A100,SXM4 80GB,1.51,3-month savings plan,USD,posted per-GPU,commoncrawl,CC-MAIN-2025-05 crawl-data/CC-MAIN-2025-05/segments/1736703362307.30/warc/CC-MAIN-20250116171527-20250116201527-00566.warc.gz#1008153726,secure; __NEXT_DATA__ gpu[NVIDIA A100-SXM4-80GB].threeMonthPrice
2025-01-16,RunPod,A100,PCIe 80GB,1.64,on-demand,USD,posted per-GPU,commoncrawl,CC-MAIN-2025-05 crawl-data/CC-MAIN-2025-05/segments/1736703362307.30/warc/CC-MAIN-20250116171527-20250116201527-00566.warc.gz#1008153726,secure cloud; __NEXT_DATA__ gpu[NVIDIA A100 80GB PCIe].securePrice
2025-01-16,RunPod,A100,PCIe 80GB,1.19,on-demand,USD,posted per-GPU,commoncrawl,CC-MAIN-2025-05 crawl-data/CC-MAIN-2025-05/segments/1736703362307.30/warc/CC-MAIN-20250116171527-20250116201527-00566.warc.gz#1008153726,community cloud; __NEXT_DATA__ gpu[NVIDIA A100 80GB PCIe].communityPrice
2025-01-16,RunPod,A100,SXM4 80GB,1.89,on-demand,USD,posted per-GPU,commoncrawl,CC-MAIN-2025-05 crawl-data/CC-MAIN-2025-05/segments/1736703362307.30/warc/CC-MAIN-20250116171527-20250116201527-00566.warc.gz#1008153726,secure cloud; __NEXT_DATA__ gpu[NVIDIA A100-SXM4-80GB].securePrice
2025-01-16,RunPod,A100,SXM4 80GB,1.59,on-demand,USD,posted per-GPU,commoncrawl,CC-MAIN-2025-05 crawl-data/CC-MAIN-2025-05/segments/1736703362307.30/warc/CC-MAIN-20250116171527-20250116201527-00566.warc.gz#1008153726,community cloud; __NEXT_DATA__ gpu[NVIDIA A100-SXM4-80GB].communityPrice
2025-01-16,RunPod,A100,PCIe 80GB,0.82,spot,USD,posted per-GPU,commoncrawl,CC-MAIN-2025-05 crawl-data/CC-MAIN-2025-05/segments/1736703362307.30/warc/CC-MAIN-20250116171527-20250116201527-00566.warc.gz#1008153726,secure spot; __NEXT_DATA__ gpu[NVIDIA A100 80GB PCIe].secureSpotPrice
2025-01-16,RunPod,A100,PCIe 80GB,0.6,spot,USD,posted per-GPU,commoncrawl,CC-MAIN-2025-05 crawl-data/CC-MAIN-2025-05/segments/1736703362307.30/warc/CC-MAIN-20250116171527-20250116201527-00566.warc.gz#1008153726,community spot; __NEXT_DATA__ gpu[NVIDIA A100 80GB PCIe].communitySpotPrice
2025-01-16,RunPod,A100,SXM4 80GB,0.95,spot,USD,posted per-GPU,commoncrawl,CC-MAIN-2025-05 crawl-data/CC-MAIN-2025-05/segments/1736703362307.30/warc/CC-MAIN-20250116171527-20250116201527-00566.warc.gz#1008153726,secure spot; __NEXT_DATA__ gpu[NVIDIA A100-SXM4-80GB].secureSpotPrice
2025-01-16,RunPod,A100,SXM4 80GB,0.89,spot,USD,posted per-GPU,commoncrawl,CC-MAIN-2025-05 crawl-data/CC-MAIN-2025-05/segments/1736703362307.30/warc/CC-MAIN-20250116171527-20250116201527-00566.warc.gz#1008153726,community spot; __NEXT_DATA__ gpu[NVIDIA A100-SXM4-80GB].communitySpotPrice
2025-01-16,RunPod,V100,SXM2 32GB,0.44,1-month savings plan,USD,posted per-GPU,commoncrawl,CC-MAIN-2025-05 crawl-data/CC-MAIN-2025-05/segments/1736703362307.30/warc/CC-MAIN-20250116171527-20250116201527-00566.warc.gz#1008153726,secure; __NEXT_DATA__ gpu[Tesla V100-SXM2-32GB].oneMonthPrice
2025-01-16,RunPod,V100,SXM2 32GB,0.42,3-month savings plan,USD,posted per-GPU,commoncrawl,CC-MAIN-2025-05 crawl-data/CC-MAIN-2025-05/segments/1736703362307.30/warc/CC-MAIN-20250116171527-20250116201527-00566.warc.gz#1008153726,secure; __NEXT_DATA__ gpu[Tesla V100-SXM2-32GB].threeMonthPrice
2025-01-16,RunPod,V100,FHHL 16GB,0.19,on-demand,USD,posted per-GPU,commoncrawl,CC-MAIN-2025-05 crawl-data/CC-MAIN-2025-05/segments/1736703362307.30/warc/CC-MAIN-20250116171527-20250116201527-00566.warc.gz#1008153726,community cloud; __NEXT_DATA__ gpu[Tesla V100-FHHL-16GB].communityPrice
2025-01-16,RunPod,V100,PCIe 16GB,0.19,on-demand,USD,posted per-GPU,commoncrawl,CC-MAIN-2025-05 crawl-data/CC-MAIN-2025-05/segments/1736703362307.30/warc/CC-MAIN-20250116171527-20250116201527-00566.warc.gz#1008153726,community cloud; __NEXT_DATA__ gpu[Tesla V100-PCIE-16GB].communityPrice
2025-01-16,RunPod,V100,SXM2 16GB,0.23,on-demand,USD,posted per-GPU,commoncrawl,CC-MAIN-2025-05 crawl-data/CC-MAIN-2025-05/segments/1736703362307.30/warc/CC-MAIN-20250116171527-20250116201527-00566.warc.gz#1008153726,community cloud; __NEXT_DATA__ gpu[Tesla V100-SXM2-16GB].communityPrice
2025-01-16,RunPod,V100,SXM2 32GB,0.49,on-demand,USD,posted per-GPU,commoncrawl,CC-MAIN-2025-05 crawl-data/CC-MAIN-2025-05/segments/1736703362307.30/warc/CC-MAIN-20250116171527-20250116201527-00566.warc.gz#1008153726,secure cloud; __NEXT_DATA__ gpu[Tesla V100-SXM2-32GB].securePrice
2025-01-16,RunPod,V100,SXM2 32GB,0.33,on-demand,USD,posted per-GPU,commoncrawl,CC-MAIN-2025-05 crawl-data/CC-MAIN-2025-05/segments/1736703362307.30/warc/CC-MAIN-20250116171527-20250116201527-00566.warc.gz#1008153726,community cloud; __NEXT_DATA__ gpu[Tesla V100-SXM2-32GB].communityPrice
2025-01-16,RunPod,V100,FHHL 16GB,0.1,spot,USD,posted per-GPU,commoncrawl,CC-MAIN-2025-05 crawl-data/CC-MAIN-2025-05/segments/1736703362307.30/warc/CC-MAIN-20250116171527-20250116201527-00566.warc.gz#1008153726,community spot; __NEXT_DATA__ gpu[Tesla V100-FHHL-16GB].communitySpotPrice
2025-01-16,RunPod,V100,PCIe 16GB,0.1,spot,USD,posted per-GPU,commoncrawl,CC-MAIN-2025-05 crawl-data/CC-MAIN-2025-05/segments/1736703362307.30/warc/CC-MAIN-20250116171527-20250116201527-00566.warc.gz#1008153726,community spot; __NEXT_DATA__ gpu[Tesla V100-PCIE-16GB].communitySpotPrice
2025-01-16,RunPod,V100,SXM2 16GB,0.12,spot,USD,posted per-GPU,commoncrawl,CC-MAIN-2025-05 crawl-data/CC-MAIN-2025-05/segments/1736703362307.30/warc/CC-MAIN-20250116171527-20250116201527-00566.warc.gz#1008153726,community spot; __NEXT_DATA__ gpu[Tesla V100-SXM2-16GB].communitySpotPrice
2025-01-16,RunPod,V100,SXM2 32GB,0.25,spot,USD,posted per-GPU,commoncrawl,CC-MAIN-2025-05 crawl-data/CC-MAIN-2025-05/segments/1736703362307.30/warc/CC-MAIN-20250116171527-20250116201527-00566.warc.gz#1008153726,secure spot; __NEXT_DATA__ gpu[Tesla V100-SXM2-32GB].secureSpotPrice
2025-01-16,RunPod,V100,SXM2 32GB,0.17,spot,USD,posted per-GPU,commoncrawl,CC-MAIN-2025-05 crawl-data/CC-MAIN-2025-05/segments/1736703362307.30/warc/CC-MAIN-20250116171527-20250116201527-00566.warc.gz#1008153726,community spot; __NEXT_DATA__ gpu[Tesla V100-SXM2-32GB].communitySpotPrice
2025-01-16,runpod,A100,SXM 80GB,1.7,1mo,USD,,commoncrawl,https://www.runpod.io/pricing,"savings plan 1-month, per-GPU"
2025-01-16,runpod,A100,SXM 80GB,1.51,3mo,USD,,commoncrawl,https://www.runpod.io/pricing,"savings plan 3-month, per-GPU"
2025-01-16,runpod,A100,SXM 80GB,1.89,on-demand,USD,,commoncrawl,https://www.runpod.io/pricing,"secure cloud on-demand, per-GPU"
2025-01-16,runpod,A100,SXM 80GB,1.59,on-demand,USD,,commoncrawl,https://www.runpod.io/pricing,"community cloud on-demand, per-GPU"
2025-01-16,runpod,H100,SXM 80GB,2.85,1mo,USD,,commoncrawl,https://www.runpod.io/pricing,"savings plan 1-month, per-GPU"
2025-01-16,runpod,H100,SXM 80GB,2.79,3mo,USD,,commoncrawl,https://www.runpod.io/pricing,"savings plan 3-month, per-GPU"
2025-01-16,runpod,H100,SXM 80GB,2.49,6mo,USD,,commoncrawl,https://www.runpod.io/pricing,"savings plan 6-month, per-GPU"
2025-01-16,runpod,H100,SXM 80GB,2.99,on-demand,USD,,commoncrawl,https://www.runpod.io/pricing,"secure cloud on-demand, per-GPU"
2025-01-16,runpod,H100,SXM 80GB,2.69,on-demand,USD,,commoncrawl,https://www.runpod.io/pricing,"community cloud on-demand, per-GPU"
2025-01-16,runpod,H200,,3.99,on-demand,USD,,commoncrawl,https://www.runpod.io/pricing,"secure cloud on-demand, per-GPU"
2025-01-17,Paperspace,A100,40GB (card labeled H100; spec text NVIDIA A100 GPU),3.09,on-demand,USD,hourly rate as posted,wayback,https://web.archive.org/web/20250117134430/https://www.paperspace.com/pricing,known template bug: H100 header on A100 card; treat as A100 rate; page content unchanged since 2024 (frozen under DigitalOcean); posted list may be stale
2025-01-17,Paperspace,A100,80GB,1.15,reserved-3yr,USD,hourly rate as posted,wayback,https://web.archive.org/web/20250117134430/https://www.paperspace.com/pricing,footnote: 3-year commitment pricing; page content unchanged since 2024 (frozen under DigitalOcean); posted list may be stale
2025-01-17,Paperspace,H100,HGX 80GB,5.95,on-demand-promo,USD,footnote text,wayback,https://web.archive.org/web/20250117134430/https://www.paperspace.com/pricing,'special promo price' per footnote; page content unchanged since 2024 (frozen under DigitalOcean); posted list may be stale
2025-01-17,Paperspace,H100,HGX 80GB,2.24,reserved-3yr,USD,hourly rate as posted,wayback,https://web.archive.org/web/20250117134430/https://www.paperspace.com/pricing,footnote: 3-year commitment pricing; on-demand H100 $5.95 promo per same footnote; page content unchanged since 2024 (frozen under DigitalOcean); posted list may be stale
2025-01-17,Paperspace,V100,16GB,2.3,on-demand,USD,hourly rate as posted,wayback,https://web.archive.org/web/20250117134430/https://www.paperspace.com/pricing,page content unchanged since 2024 (frozen under DigitalOcean); posted list may be stale
2025-01-18,DataCrunch,A100,SXM4 40GB,0.97,2-year,USD,posted per-GPU,commoncrawl,CC-MAIN-2025-05 crawl-data/CC-MAIN-2025-05/segments/1736703362422.1/warc/CC-MAIN-20250118191507-20250118221507-00063.warc.gz#191079467,a100-sxm4 page 2-year contract
2025-01-18,DataCrunch,A100,SXM4 80GB,1.31,2-year,USD,posted per-GPU,commoncrawl,CC-MAIN-2025-05 crawl-data/CC-MAIN-2025-05/segments/1736703362422.1/warc/CC-MAIN-20250118191507-20250118221507-00063.warc.gz#191079467,a100-sxm4 page 2-year contract
2025-01-18,DataCrunch,A100,SXM4 80GB,1.3125,2-year,USD,instance 4A100 total/hr / 4 GPUs,commoncrawl,CC-MAIN-2025-05 crawl-data/CC-MAIN-2025-05/segments/1736703362422.1/warc/CC-MAIN-20250118191507-20250118221507-00730.warc.gz#190673466,products instance table (2-year col); posted $5.25/h for 4x
2025-01-18,DataCrunch,A100,SXM4 80GB,1.315,2-year,USD,instance 2A100 total/hr / 2 GPUs,commoncrawl,CC-MAIN-2025-05 crawl-data/CC-MAIN-2025-05/segments/1736703362422.1/warc/CC-MAIN-20250118191507-20250118221507-00730.warc.gz#190673466,products instance table (2-year col); posted $2.63/h for 2x
2025-01-18,DataCrunch,A100,SXM4 80GB,1.31,2-year,USD,instance 1A100 total/hr / 1 GPUs,commoncrawl,CC-MAIN-2025-05 crawl-data/CC-MAIN-2025-05/segments/1736703362422.1/warc/CC-MAIN-20250118191507-20250118221507-00730.warc.gz#190673466,products instance table (2-year col); posted $1.31/h for 1x
2025-01-18,DataCrunch,A100,SXM4 80GB,1.68,6-month,USD,instance 1A100 total/hr / 1 GPUs,commoncrawl,CC-MAIN-2025-05 crawl-data/CC-MAIN-2025-05/segments/1736703362422.1/warc/CC-MAIN-20250118191507-20250118221507-00730.warc.gz#190673466,products instance table (6-month col); posted $1.68/h for 1x
2025-01-18,DataCrunch,A100,SXM4 40GB,1.29,on-demand,USD,posted per-GPU,commoncrawl,CC-MAIN-2025-05 crawl-data/CC-MAIN-2025-05/segments/1736703362422.1/warc/CC-MAIN-20250118191507-20250118221507-00063.warc.gz#191079467,a100-sxm4 page Pay-As-You-Go instance
2025-01-18,DataCrunch,A100,SXM4 80GB,1.75,on-demand,USD,posted per-GPU,commoncrawl,CC-MAIN-2025-05 crawl-data/CC-MAIN-2025-05/segments/1736703362422.1/warc/CC-MAIN-20250118191507-20250118221507-00063.warc.gz#191079467,a100-sxm4 page Pay-As-You-Go instance
2025-01-18,DataCrunch,A100,SXM4 80GB,1.75,on-demand,USD,instance 1A100 total/hr / 1 GPUs,commoncrawl,CC-MAIN-2025-05 crawl-data/CC-MAIN-2025-05/segments/1736703362422.1/warc/CC-MAIN-20250118191507-20250118221507-00730.warc.gz#190673466,products instance table (on-demand col); posted $1.75/h for 1x
2025-01-21,CoreWeave,A100,NVLINK 40GB,2.06,on-demand,USD,posted per-GPU component rate,commoncrawl,CC-MAIN-2025-05 crawl-data/CC-MAIN-2025-05/segments/1736703363294.36/warc/CC-MAIN-20250121134838-20250121164838-00264.warc.gz#179100361,"cw-pricing-classic; GPU-component rate, excludes vCPU/RAM/storage"
2025-01-21,CoreWeave,A100,NVLINK 40GB,2.06,on-demand,USD,posted per-GPU component rate,commoncrawl,CC-MAIN-2025-05 crawl-data/CC-MAIN-2025-05/segments/1736703363294.36/warc/CC-MAIN-20250121134838-20250121164838-00469.warc.gz#175998607,"cw-pricing; GPU-component rate, excludes vCPU/RAM/storage"
2025-01-21,CoreWeave,A100,PCIe 40GB,2.06,on-demand,USD,posted per-GPU component rate,commoncrawl,CC-MAIN-2025-05 crawl-data/CC-MAIN-2025-05/segments/1736703363294.36/warc/CC-MAIN-20250121134838-20250121164838-00264.warc.gz#179100361,"cw-pricing-classic; GPU-component rate, excludes vCPU/RAM/storage"
2025-01-21,CoreWeave,A100,PCIe 40GB,2.06,on-demand,USD,posted per-GPU component rate,commoncrawl,CC-MAIN-2025-05 crawl-data/CC-MAIN-2025-05/segments/1736703363294.36/warc/CC-MAIN-20250121134838-20250121164838-00469.warc.gz#175998607,"cw-pricing; GPU-component rate, excludes vCPU/RAM/storage"
2025-01-21,CoreWeave,A100,PCIe 80GB,2.21,on-demand,USD,posted per-GPU component rate,commoncrawl,CC-MAIN-2025-05 crawl-data/CC-MAIN-2025-05/segments/1736703363294.36/warc/CC-MAIN-20250121134838-20250121164838-00264.warc.gz#179100361,"cw-pricing-classic; GPU-component rate, excludes vCPU/RAM/storage"
2025-01-21,CoreWeave,A100,PCIe 80GB,2.21,on-demand,USD,posted per-GPU component rate,commoncrawl,CC-MAIN-2025-05 crawl-data/CC-MAIN-2025-05/segments/1736703363294.36/warc/CC-MAIN-20250121134838-20250121164838-00469.warc.gz#175998607,"cw-pricing; GPU-component rate, excludes vCPU/RAM/storage"
2025-01-21,CoreWeave,A100,SXM/NVLINK 80GB,2.21,on-demand,USD,posted per-GPU component rate,commoncrawl,CC-MAIN-2025-05 crawl-data/CC-MAIN-2025-05/segments/1736703363294.36/warc/CC-MAIN-20250121134838-20250121164838-00264.warc.gz#179100361,"cw-pricing-classic; GPU-component rate, excludes vCPU/RAM/storage"
2025-01-21,CoreWeave,A100,SXM/NVLINK 80GB,2.21,on-demand,USD,posted per-GPU component rate,commoncrawl,CC-MAIN-2025-05 crawl-data/CC-MAIN-2025-05/segments/1736703363294.36/warc/CC-MAIN-20250121134838-20250121164838-00469.warc.gz#175998607,"cw-pricing; GPU-component rate, excludes vCPU/RAM/storage"
2025-01-21,Together,A100,PCIe 80GB,3.0,on-demand,USD,posted $0.05/min x 60,commoncrawl,CC-MAIN-2025-05 crawl-data/CC-MAIN-2025-05/segments/1736703363098.34/warc/CC-MAIN-20250121002054-20250121032054-00612.warc.gz#1071317048,dedicated-endpoint hosting rate (per-minute table)
2025-01-21,Together,A100,SXM 40GB,3.0,on-demand,USD,posted $0.05/min x 60,commoncrawl,CC-MAIN-2025-05 crawl-data/CC-MAIN-2025-05/segments/1736703363098.34/warc/CC-MAIN-20250121002054-20250121032054-00612.warc.gz#1071317048,dedicated-endpoint hosting rate (per-minute table)
2025-01-21,Together,A100,SXM 80GB,3.24,on-demand,USD,posted $0.054/min x 60,commoncrawl,CC-MAIN-2025-05 crawl-data/CC-MAIN-2025-05/segments/1736703363098.34/warc/CC-MAIN-20250121002054-20250121032054-00612.warc.gz#1071317048,dedicated-endpoint hosting rate (per-minute table)
2025-01-21,coreweave,A100,,2.06,on-demand,USD,,commoncrawl,https://coreweave.com/pricing,resource-based per-GPU compute rate (NVLINK 40GB); excludes vCPU/RAM/storage
2025-01-21,coreweave,A100,,2.06,on-demand,USD,,commoncrawl,https://coreweave.com/pricing,resource-based per-GPU compute rate (PCIe 40GB); excludes vCPU/RAM/storage
2025-01-21,coreweave,A100,,2.21,on-demand,USD,,commoncrawl,https://coreweave.com/pricing,resource-based per-GPU compute rate (PCIe 80GB); excludes vCPU/RAM/storage
2025-01-21,coreweave,A100,,2.21,on-demand,USD,,commoncrawl,https://coreweave.com/pricing,resource-based per-GPU compute rate (SXM/NVLINK 80GB); excludes vCPU/RAM/storage
2025-01-21,coreweave,H100,,6.155,on-demand,USD,,commoncrawl,https://coreweave.com/pricing,instance bundle HGX H100 8xGPU total $49.24/hr (incl vCPU/RAM/IB); per-GPU
2025-01-21,coreweave,H100,,4.25,on-demand,USD,,commoncrawl,https://coreweave.com/pricing,resource-based per-GPU compute rate (PCIe 80GB); excludes vCPU/RAM/storage
2025-01-21,coreweave,H100,,4.76,on-demand,USD,,commoncrawl,https://coreweave.com/pricing,resource-based per-GPU compute rate (SXM/HGX 80GB); excludes vCPU/RAM/storage
2025-01-21,coreweave,H200,,6.305,on-demand,USD,,commoncrawl,https://coreweave.com/pricing,instance bundle HGX H200 8xGPU total $50.44/hr (incl vCPU/RAM/IB); per-GPU
2025-01-21,together,A100,,1.3,on-demand,USD,,commoncrawl,https://www.together.ai/pricing,on_demand cluster (starting-at floor)
2025-01-21,together,H100,,1.75,on-demand,USD,,commoncrawl,https://www.together.ai/pricing,on_demand cluster (starting-at floor)
2025-01-21,together,H200,,2.09,on-demand,USD,,commoncrawl,https://www.together.ai/pricing,on_demand cluster (starting-at floor)
2025-01-22,lambda,H100,,4.49,1CC-cluster,USD,,commoncrawl,https://lambdalabs.com/service/gpu-cloud/1-click-clusters,1-Click-Cluster on-demand cluster rate (per-GPU); 1cc-OD-cluster 'GPUs + 3.2Tb/s InfiniBand Networking for just'
2025-01-23,Lambda,A100,PCIe 40GB,1.29,on-demand,USD,posted per-GPU (4x instance row),commoncrawl,CC-MAIN-2025-05 crawl-data/CC-MAIN-2025-05/segments/1736703363479.62/warc/CC-MAIN-20250122231100-20250123021100-00523.warc.gz#355864137,lambda-gpu-cloud; 4x NVIDIA A100 PCIe 40GB instance
2025-01-23,Lambda,A100,PCIe 40GB,1.29,on-demand,USD,posted per-GPU (2x instance row),commoncrawl,CC-MAIN-2025-05 crawl-data/CC-MAIN-2025-05/segments/1736703363479.62/warc/CC-MAIN-20250122231100-20250123021100-00523.warc.gz#355864137,lambda-gpu-cloud; 2x NVIDIA A100 PCIe 40GB instance
2025-01-23,Lambda,A100,PCIe 40GB,1.29,on-demand,USD,posted per-GPU (1x instance row),commoncrawl,CC-MAIN-2025-05 crawl-data/CC-MAIN-2025-05/segments/1736703363479.62/warc/CC-MAIN-20250122231100-20250123021100-00523.warc.gz#355864137,lambda-gpu-cloud; 1x NVIDIA A100 PCIe 40GB instance
2025-01-23,Lambda,A100,SXM 40GB,1.29,on-demand,USD,posted per-GPU (8x instance row),commoncrawl,CC-MAIN-2025-05 crawl-data/CC-MAIN-2025-05/segments/1736703363479.62/warc/CC-MAIN-20250122231100-20250123021100-00523.warc.gz#355864137,lambda-gpu-cloud; 8x NVIDIA A100 SXM 40GB instance
2025-01-23,Lambda,A100,SXM 40GB,1.29,on-demand,USD,posted per-GPU (1x instance row),commoncrawl,CC-MAIN-2025-05 crawl-data/CC-MAIN-2025-05/segments/1736703363479.62/warc/CC-MAIN-20250122231100-20250123021100-00523.warc.gz#355864137,lambda-gpu-cloud; 1x NVIDIA A100 SXM 40GB instance
2025-01-23,Lambda,A100,SXM 80GB,1.79,on-demand,USD,posted per-GPU (8x instance row),commoncrawl,CC-MAIN-2025-05 crawl-data/CC-MAIN-2025-05/segments/1736703363479.62/warc/CC-MAIN-20250122231100-20250123021100-00523.warc.gz#355864137,lambda-gpu-cloud; 8x NVIDIA A100 SXM 80GB instance
2025-01-23,Lambda,V100,SXM2 16GB,0.55,on-demand,USD,posted per-GPU (8x instance row),commoncrawl,CC-MAIN-2025-05 crawl-data/CC-MAIN-2025-05/segments/1736703363479.62/warc/CC-MAIN-20250122231100-20250123021100-00523.warc.gz#355864137,lambda-gpu-cloud; 8x NVIDIA Tesla V100 16GB instance
2025-01-23,lambda,A100,PCIe 40GB,1.29,on-demand,USD,,commoncrawl,https://lambdalabs.com/service/gpu-cloud,"table 4x 'style=""height: 71.3906px;""> On-demand 4x NVIDIA A100 PC' (instance/4)"
2025-01-23,lambda,A100,SXM 40GB,1.29,on-demand,USD,,commoncrawl,https://lambdalabs.com/service/gpu-cloud,"table 8x 'style=""height: 71.3906px;""> On-demand 8x NVIDIA A100 SX' (instance/8)"
2025-01-23,lambda,A100,SXM 80GB,1.79,on-demand,USD,,commoncrawl,https://lambdalabs.com/service/gpu-cloud,"table 8x 'style=""height: 71.3906px;""> On-demand 8x NVIDIA A100 SX' (instance/8)"
2025-01-23,lambda,GH200,96GB,1.49,on-demand,USD,,commoncrawl,https://lambdalabs.com/service/gpu-cloud,table 1x '> On-demand 1x NVIDIA GH200 96 GB 64 432 GiB 4 TiB SSD ' (instance/1)
2025-01-23,lambda,H100,PCIe 80GB,2.49,on-demand,USD,,commoncrawl,https://lambdalabs.com/service/gpu-cloud,"table 1x 'style=""height: 71.3906px;""> On-demand 1x NVIDIA H100 PC' (instance/1)"
2025-01-23,lambda,H100,SXM 80GB,2.99,on-demand,USD,,commoncrawl,https://lambdalabs.com/service/gpu-cloud,"table 8x 'style=""height: 71.3906px;""> On-demand 8x NVIDIA H100 SX' (instance/8)"
2025-02-02,Paperspace,A100,40GB (card labeled H100; spec text NVIDIA A100 GPU),3.09,on-demand,USD,hourly rate as posted,wayback,https://web.archive.org/web/20250202135356/https://www.paperspace.com/pricing,known template bug: H100 header on A100 card; treat as A100 rate; page content unchanged since 2024 (frozen under DigitalOcean); posted list may be stale
2025-02-02,Paperspace,A100,80GB,1.15,reserved-3yr,USD,hourly rate as posted,wayback,https://web.archive.org/web/20250202135356/https://www.paperspace.com/pricing,footnote: 3-year commitment pricing; page content unchanged since 2024 (frozen under DigitalOcean); posted list may be stale
2025-02-02,Paperspace,H100,HGX 80GB,5.95,on-demand-promo,USD,footnote text,wayback,https://web.archive.org/web/20250202135356/https://www.paperspace.com/pricing,'special promo price' per footnote; page content unchanged since 2024 (frozen under DigitalOcean); posted list may be stale
2025-02-02,Paperspace,H100,HGX 80GB,2.24,reserved-3yr,USD,hourly rate as posted,wayback,https://web.archive.org/web/20250202135356/https://www.paperspace.com/pricing,footnote: 3-year commitment pricing; on-demand H100 $5.95 promo per same footnote; page content unchanged since 2024 (frozen under DigitalOcean); posted list may be stale
2025-02-02,Paperspace,V100,16GB,2.3,on-demand,USD,hourly rate as posted,wayback,https://web.archive.org/web/20250202135356/https://www.paperspace.com/pricing,page content unchanged since 2024 (frozen under DigitalOcean); posted list may be stale
2025-02-03,RunPod,A100,PCIe 80GB,1.19,on-demand-community,USD,1x GPU price as posted,wayback,https://web.archive.org/web/20250203222908/https://www.runpod.io/pricing,
2025-02-03,RunPod,A100,PCIe 80GB,1.64,on-demand-secure,USD,1x GPU price as posted,wayback,https://web.archive.org/web/20250203222908/https://www.runpod.io/pricing,
2025-02-03,RunPod,A100,SXM 80GB,1.89,on-demand-secure,USD,1x GPU price as posted,wayback,https://web.archive.org/web/20250203222908/https://www.runpod.io/pricing,
2025-02-03,RunPod,H100,NVL 94GB,2.59,on-demand-community,USD,1x GPU price as posted,wayback,https://web.archive.org/web/20250203222908/https://www.runpod.io/pricing,
2025-02-03,RunPod,H100,NVL 94GB,2.79,on-demand-secure,USD,1x GPU price as posted,wayback,https://web.archive.org/web/20250203222908/https://www.runpod.io/pricing,
2025-02-03,RunPod,H100,PCIe 80GB,1.99,on-demand-community,USD,1x GPU price as posted,wayback,https://web.archive.org/web/20250203222908/https://www.runpod.io/pricing,
2025-02-03,RunPod,H100,PCIe 80GB,2.39,on-demand-secure,USD,1x GPU price as posted,wayback,https://web.archive.org/web/20250203222908/https://www.runpod.io/pricing,
2025-02-03,RunPod,H100,SXM 80GB,2.69,on-demand-community,USD,1x GPU price as posted,wayback,https://web.archive.org/web/20250203222908/https://www.runpod.io/pricing,
2025-02-03,RunPod,H100,SXM 80GB,2.99,on-demand-secure,USD,1x GPU price as posted,wayback,https://web.archive.org/web/20250203222908/https://www.runpod.io/pricing,
2025-02-03,RunPod,H200,SXM 141GB,3.99,on-demand-secure,USD,1x GPU price as posted,wayback,https://web.archive.org/web/20250203222908/https://www.runpod.io/pricing,
2025-02-05,Lambda,A100,A100 PCIe 40GB,1.29,on-demand,USD,as posted $/GPU/hr (4x config),wayback,https://web.archive.org/web/20250205150624/https://lambdalabs.com/service/gpu-cloud,
2025-02-05,Lambda,A100,A100 SXM 40GB,1.29,on-demand,USD,as posted $/GPU/hr (8x config),wayback,https://web.archive.org/web/20250205150624/https://lambdalabs.com/service/gpu-cloud,
2025-02-05,Lambda,A100,A100 SXM 80GB,1.79,on-demand,USD,as posted $/GPU/hr (8x config),wayback,https://web.archive.org/web/20250205150624/https://lambdalabs.com/service/gpu-cloud,
2025-02-05,Lambda,GH200,GH200 96GB,1.49,on-demand,USD,as posted $/GPU/hr (1x config),wayback,https://web.archive.org/web/20250205150624/https://lambdalabs.com/service/gpu-cloud,
2025-02-05,Lambda,H100,H100 PCIe 80GB,2.49,on-demand,USD,as posted $/GPU/hr (1x config),wayback,https://web.archive.org/web/20250205150624/https://lambdalabs.com/service/gpu-cloud,
2025-02-05,Lambda,H100,H100 SXM 80GB,2.99,on-demand,USD,as posted $/GPU/hr (8x config),wayback,https://web.archive.org/web/20250205150624/https://lambdalabs.com/service/gpu-cloud,
2025-02-05,Lambda,V100,Tesla V100 16GB,0.55,on-demand,USD,as posted $/GPU/hr (8x config),wayback,https://web.archive.org/web/20250205150624/https://lambdalabs.com/service/gpu-cloud,
2025-02-08,AWS,A100,SXM4 40GB (p4d.24xlarge),4.0963,on-demand,USD,p4d.24xlarge $32.77/hr / 8 GPUs,wayback,https://web.archive.org/web/20250208110553/https://aws.amazon.com/ec2/instance-types/p4/,"US East (N. Virginia), Linux"
2025-02-08,AWS,A100,SXM4 40GB (p4d.24xlarge),2.4025,reserved-1yr,USD,p4d.24xlarge $19.22/hr / 8 GPUs,wayback,https://web.archive.org/web/20250208110553/https://aws.amazon.com/ec2/instance-types/p4/,"US East (N. Virginia), Linux; effective hourly RI"
2025-02-08,AWS,A100,SXM4 40GB (p4d.24xlarge),1.4463,reserved-3yr,USD,p4d.24xlarge $11.57/hr / 8 GPUs,wayback,https://web.archive.org/web/20250208110553/https://aws.amazon.com/ec2/instance-types/p4/,"US East (N. Virginia), Linux; effective hourly RI"
2025-02-08,AWS,A100,SXM4 80GB (p4de.24xlarge),5.12,on-demand,USD,p4de.24xlarge $40.96/hr / 8 GPUs,wayback,https://web.archive.org/web/20250208110553/https://aws.amazon.com/ec2/instance-types/p4/,"US East (N. Virginia), Linux"
2025-02-08,AWS,A100,SXM4 80GB (p4de.24xlarge),3.0013,reserved-1yr,USD,p4de.24xlarge $24.01/hr / 8 GPUs,wayback,https://web.archive.org/web/20250208110553/https://aws.amazon.com/ec2/instance-types/p4/,"US East (N. Virginia), Linux; effective hourly RI"
2025-02-08,AWS,A100,SXM4 80GB (p4de.24xlarge),1.8075,reserved-3yr,USD,p4de.24xlarge $14.46/hr / 8 GPUs,wayback,https://web.archive.org/web/20250208110553/https://aws.amazon.com/ec2/instance-types/p4/,"US East (N. Virginia), Linux; effective hourly RI"
2025-02-09,CoreWeave,A100,NVLink 40GB,2.06,on-demand,USD,GPU component rate as posted,wayback,https://web.archive.org/web/20250209162626/https://coreweave.com/pricing,GPU-component-only billing (vCPU/RAM billed separately)
2025-02-09,CoreWeave,A100,NVLink 80GB,2.21,on-demand,USD,GPU component rate as posted,wayback,https://web.archive.org/web/20250209162626/https://coreweave.com/pricing,GPU-component-only billing (vCPU/RAM billed separately)
2025-02-09,CoreWeave,A100,PCIe 40GB,2.06,on-demand,USD,GPU component rate as posted,wayback,https://web.archive.org/web/20250209162626/https://coreweave.com/pricing,GPU-component-only billing (vCPU/RAM billed separately)
2025-02-09,CoreWeave,A100,PCIe 80GB,2.21,on-demand,USD,GPU component rate as posted,wayback,https://web.archive.org/web/20250209162626/https://coreweave.com/pricing,GPU-component-only billing (vCPU/RAM billed separately)
2025-02-09,CoreWeave,GB200,NVL72 (4-GPU instance),10.5,on-demand,USD,4-GPU instance $42.0/hr / 4 GPUs,wayback,https://web.archive.org/web/20250209162626/https://coreweave.com/pricing,instance price incl. CPU/RAM/storage (on-demand instance table); 4-GPU (Grace-paired) instance slice of NVL72
2025-02-09,CoreWeave,GH200,96GB,6.5,on-demand,USD,1-GPU instance $6.5/hr / 1 GPUs,wayback,https://web.archive.org/web/20250209162626/https://coreweave.com/pricing,instance price incl. CPU/RAM/storage (on-demand instance table)
2025-02-09,CoreWeave,H100,HGX SXM5 80GB,6.155,on-demand,USD,8-GPU instance $49.24/hr / 8 GPUs,wayback,https://web.archive.org/web/20250209162626/https://coreweave.com/pricing,instance price incl. CPU/RAM/storage (on-demand instance table)
2025-02-09,CoreWeave,H100,HGX SXM5 80GB (GPU component),4.76,on-demand,USD,GPU component rate as posted,wayback,https://web.archive.org/web/20250209162626/https://coreweave.com/pricing,GPU-component-only billing (vCPU/RAM billed separately)
2025-02-09,CoreWeave,H100,PCIe 80GB,4.25,on-demand,USD,GPU component rate as posted,wayback,https://web.archive.org/web/20250209162626/https://coreweave.com/pricing,GPU-component-only billing (vCPU/RAM billed separately)
2025-02-09,CoreWeave,H200,HGX SXM5 141GB,6.305,on-demand,USD,8-GPU instance $50.44/hr / 8 GPUs,wayback,https://web.archive.org/web/20250209162626/https://coreweave.com/pricing,instance price incl. CPU/RAM/storage (on-demand instance table)
2025-02-09,CoreWeave,V100,NVLink 16GB,0.8,on-demand,USD,GPU component rate as posted,wayback,https://web.archive.org/web/20250209162626/https://coreweave.com/pricing,GPU-component-only billing (vCPU/RAM billed separately)
2025-02-10,Hyperstack,A100,80GB PCIe NVLink,1.4,on-demand,USD,posted per-GPU,commoncrawl,CC-MAIN-2025-08 crawl-data/CC-MAIN-2025-08/segments/1738831951628.13/warc/CC-MAIN-20250209230119-20250210020119-00420.warc.gz#758587844,on-demand rate card
2025-02-10,Hyperstack,A100,PCIe 80GB,1.35,on-demand,USD,posted per-GPU,commoncrawl,CC-MAIN-2025-08 crawl-data/CC-MAIN-2025-08/segments/1738831951628.13/warc/CC-MAIN-20250209230119-20250210020119-00420.warc.gz#758587844,on-demand rate card
2025-02-10,Hyperstack,A100,80GB PCIe NVLink,0.98,reservation (starts-from),USD,posted per-GPU,commoncrawl,CC-MAIN-2025-08 crawl-data/CC-MAIN-2025-08/segments/1738831951628.13/warc/CC-MAIN-20250209230119-20250210020119-00420.warc.gz#758587844,TEASER reservation 'starts from' floor
2025-02-10,Hyperstack,A100,PCIe 80GB,0.95,reservation (starts-from),USD,posted per-GPU,commoncrawl,CC-MAIN-2025-08 crawl-data/CC-MAIN-2025-08/segments/1738831951628.13/warc/CC-MAIN-20250209230119-20250210020119-00420.warc.gz#758587844,TEASER reservation 'starts from' floor
2025-02-10,hyperstack,A100,PCIe,1.4,on-demand,USD,,commoncrawl,https://www.hyperstack.cloud/gpu-pricing,era-C name='A100 80GB PCIe NVLink 80 31 240' OD
2025-02-10,hyperstack,A100,PCIe,1.35,on-demand,USD,,commoncrawl,https://www.hyperstack.cloud/gpu-pricing,era-C name='A100 PCIe 80GB 80 28 120' OD
2025-02-10,hyperstack,A100,PCIe,0.98,reservation,USD,,commoncrawl,https://www.hyperstack.cloud/gpu-pricing,"reservation 'starts-from' floor (longer-term contract, invoiced monthly); era-C name='A100 80GB PCIe NVLink 80 31 240' reserve-from"
2025-02-10,hyperstack,A100,PCIe,0.95,reservation,USD,,commoncrawl,https://www.hyperstack.cloud/gpu-pricing,"reservation 'starts-from' floor (longer-term contract, invoiced monthly); era-C name='A100 PCIe 80GB 80 28 120' reserve-from"
2025-02-10,hyperstack,H100,PCIe,1.95,on-demand,USD,,commoncrawl,https://www.hyperstack.cloud/gpu-pricing,era-C name='H100 PCIe NVLink 80GB 80 31 180' OD
2025-02-10,hyperstack,H100,PCIe,1.9,on-demand,USD,,commoncrawl,https://www.hyperstack.cloud/gpu-pricing,era-C name='H100 PCIe 80GB 80 28 180' OD
2025-02-10,hyperstack,H100,PCIe,1.37,reservation,USD,,commoncrawl,https://www.hyperstack.cloud/gpu-pricing,"reservation 'starts-from' floor (longer-term contract, invoiced monthly); era-C name='H100 PCIe NVLink 80GB 80 31 180' reserve-from"
2025-02-10,hyperstack,H100,PCIe,1.33,reservation,USD,,commoncrawl,https://www.hyperstack.cloud/gpu-pricing,"reservation 'starts-from' floor (longer-term contract, invoiced monthly); era-C name='H100 PCIe 80GB 80 28 180' reserve-from"
2025-02-10,hyperstack,H100,SXM,3.0,on-demand,USD,,commoncrawl,https://www.hyperstack.cloud/gpu-pricing,era-C name='H100 SXM 80GB 80 24 240' OD
2025-02-10,hyperstack,H100,SXM,1.9,reservation,USD,,commoncrawl,https://www.hyperstack.cloud/gpu-pricing,"reservation 'starts-from' floor (longer-term contract, invoiced monthly); era-C name='H100 SXM 80GB 80 24 240' reserve-from"
2025-02-12,CoreWeave,A100,NVLINK 40GB,2.06,on-demand,USD,posted per-GPU component rate,commoncrawl,CC-MAIN-2025-08 crawl-data/CC-MAIN-2025-08/segments/1738831951744.76/warc/CC-MAIN-20250211233741-20250212023741-00469.warc.gz#158647106,"cw-pricing; GPU-component rate, excludes vCPU/RAM/storage"
2025-02-12,CoreWeave,A100,PCIe 40GB,2.06,on-demand,USD,posted per-GPU component rate,commoncrawl,CC-MAIN-2025-08 crawl-data/CC-MAIN-2025-08/segments/1738831951744.76/warc/CC-MAIN-20250211233741-20250212023741-00469.warc.gz#158647106,"cw-pricing; GPU-component rate, excludes vCPU/RAM/storage"
2025-02-12,CoreWeave,A100,PCIe 80GB,2.21,on-demand,USD,posted per-GPU component rate,commoncrawl,CC-MAIN-2025-08 crawl-data/CC-MAIN-2025-08/segments/1738831951744.76/warc/CC-MAIN-20250211233741-20250212023741-00469.warc.gz#158647106,"cw-pricing; GPU-component rate, excludes vCPU/RAM/storage"
2025-02-12,CoreWeave,A100,SXM/NVLINK 80GB,2.21,on-demand,USD,posted per-GPU component rate,commoncrawl,CC-MAIN-2025-08 crawl-data/CC-MAIN-2025-08/segments/1738831951744.76/warc/CC-MAIN-20250211233741-20250212023741-00469.warc.gz#158647106,"cw-pricing; GPU-component rate, excludes vCPU/RAM/storage"
2025-02-12,DataCrunch,A100,A100 SXM4 40GB,1.29,on-demand,USD,1A100.40S.22V 1x instance fixedPrice in embedded JSON,wayback,https://web.archive.org/web/20250212145924/https://datacrunch.io/,"spot 0.41; same per-GPU across [1, 2, 4, 8]x sizes"
2025-02-12,DataCrunch,A100,A100 SXM4 80GB,1.75,on-demand,USD,1A100.22V 1x instance fixedPrice in embedded JSON,wayback,https://web.archive.org/web/20250212145924/https://datacrunch.io/,"spot 0.48; same per-GPU across [1, 2, 4, 8]x sizes"
2025-02-12,DataCrunch,A100,SXM4 80GB,1.3125,2-year,USD,instance 4A100 total/hr / 4 GPUs,commoncrawl,CC-MAIN-2025-08 crawl-data/CC-MAIN-2025-08/segments/1738831951754.36/warc/CC-MAIN-20250212124130-20250212154130-00730.warc.gz#171398264,products instance table (2-year col); posted $5.25/h for 4x
2025-02-12,DataCrunch,A100,SXM4 80GB,1.315,2-year,USD,instance 2A100 total/hr / 2 GPUs,commoncrawl,CC-MAIN-2025-08 crawl-data/CC-MAIN-2025-08/segments/1738831951754.36/warc/CC-MAIN-20250212124130-20250212154130-00730.warc.gz#171398264,products instance table (2-year col); posted $2.63/h for 2x
2025-02-12,DataCrunch,A100,SXM4 80GB,1.31,2-year,USD,instance 1A100 total/hr / 1 GPUs,commoncrawl,CC-MAIN-2025-08 crawl-data/CC-MAIN-2025-08/segments/1738831951754.36/warc/CC-MAIN-20250212124130-20250212154130-00730.warc.gz#171398264,products instance table (2-year col); posted $1.31/h for 1x
2025-02-12,DataCrunch,A100,SXM4 80GB,1.68,6-month,USD,instance 1A100 total/hr / 1 GPUs,commoncrawl,CC-MAIN-2025-08 crawl-data/CC-MAIN-2025-08/segments/1738831951754.36/warc/CC-MAIN-20250212124130-20250212154130-00730.warc.gz#171398264,products instance table (6-month col); posted $1.68/h for 1x
2025-02-12,DataCrunch,A100,SXM4 80GB,1.75,on-demand,USD,instance 1A100 total/hr / 1 GPUs,commoncrawl,CC-MAIN-2025-08 crawl-data/CC-MAIN-2025-08/segments/1738831951754.36/warc/CC-MAIN-20250212124130-20250212154130-00730.warc.gz#171398264,products instance table (on-demand col); posted $1.75/h for 1x
2025-02-12,DataCrunch,H100,H100 SXM5 80GB,2.19,on-demand,USD,1H100.80S.30V 1x instance fixedPrice in embedded JSON,wayback,https://web.archive.org/web/20250212145924/https://datacrunch.io/,"spot 0.61; same per-GPU across [1, 2, 4, 8]x sizes"
2025-02-12,DataCrunch,H200,H200 SXM5 141GB,3.72,on-demand,USD,1H200.141S.44V 1x instance fixedPrice in embedded JSON,wayback,https://web.archive.org/web/20250212145924/https://datacrunch.io/,"spot 1.25; same per-GPU across [1, 2, 4, 8]x sizes"
2025-02-12,DataCrunch,V100,NVIDIA Tesla V100 16GB,0.32,on-demand,USD,1V100.6V 1x instance fixedPrice in embedded JSON,wayback,https://web.archive.org/web/20250212145924/https://datacrunch.io/,"spot 0.12; same per-GPU across [1, 2, 4, 8]x sizes"
2025-02-12,coreweave,A100,,2.06,on-demand,USD,,commoncrawl,https://coreweave.com/pricing,resource-based per-GPU compute rate (NVLINK 40GB); excludes vCPU/RAM/storage
2025-02-12,coreweave,A100,,2.06,on-demand,USD,,commoncrawl,https://coreweave.com/pricing,resource-based per-GPU compute rate (PCIe 40GB); excludes vCPU/RAM/storage
2025-02-12,coreweave,A100,,2.21,on-demand,USD,,commoncrawl,https://coreweave.com/pricing,resource-based per-GPU compute rate (PCIe 80GB); excludes vCPU/RAM/storage
2025-02-12,coreweave,A100,,2.21,on-demand,USD,,commoncrawl,https://coreweave.com/pricing,resource-based per-GPU compute rate (SXM/NVLINK 80GB); excludes vCPU/RAM/storage
2025-02-12,coreweave,H100,,6.155,on-demand,USD,,commoncrawl,https://coreweave.com/pricing,instance bundle HGX H100 8xGPU total $49.24/hr (incl vCPU/RAM/IB); per-GPU
2025-02-12,coreweave,H100,,4.25,on-demand,USD,,commoncrawl,https://coreweave.com/pricing,resource-based per-GPU compute rate (PCIe 80GB); excludes vCPU/RAM/storage
2025-02-12,coreweave,H100,,4.76,on-demand,USD,,commoncrawl,https://coreweave.com/pricing,resource-based per-GPU compute rate (SXM/HGX 80GB); excludes vCPU/RAM/storage
2025-02-12,coreweave,H200,,6.305,on-demand,USD,,commoncrawl,https://coreweave.com/pricing,instance bundle HGX H200 8xGPU total $50.44/hr (incl vCPU/RAM/IB); per-GPU
2025-02-16,Together,A100,PCIe 80GB,3.0,on-demand,USD,posted $0.05/min x 60,commoncrawl,CC-MAIN-2025-08 crawl-data/CC-MAIN-2025-08/segments/1738831952786.23/warc/CC-MAIN-20250216202943-20250216232943-00240.warc.gz#946196276,dedicated-endpoint hosting rate (per-minute table)
2025-02-16,Together,A100,SXM 40GB,3.0,on-demand,USD,posted $0.05/min x 60,commoncrawl,CC-MAIN-2025-08 crawl-data/CC-MAIN-2025-08/segments/1738831952786.23/warc/CC-MAIN-20250216202943-20250216232943-00240.warc.gz#946196276,dedicated-endpoint hosting rate (per-minute table)
2025-02-16,Together,A100,SXM 80GB,3.24,on-demand,USD,posted $0.054/min x 60,commoncrawl,CC-MAIN-2025-08 crawl-data/CC-MAIN-2025-08/segments/1738831952786.23/warc/CC-MAIN-20250216202943-20250216232943-00240.warc.gz#946196276,dedicated-endpoint hosting rate (per-minute table)
2025-02-16,together,A100,,1.3,on-demand,USD,,commoncrawl,https://www.together.ai/pricing,on_demand cluster (starting-at floor)
2025-02-16,together,H100,,1.75,on-demand,USD,,commoncrawl,https://www.together.ai/pricing,on_demand cluster (starting-at floor)
2025-02-16,together,H200,,2.09,on-demand,USD,,commoncrawl,https://www.together.ai/pricing,on_demand cluster (starting-at floor)
2025-02-24,OVHcloud,A100,"PCIe 80GB (a100-180, 1x A100)",3.07,on-demand,USD,"posted per-instance, 1 GPU = per-GPU",wayback,https://web.archive.org/web/20250224100113/https://www.ovhcloud.com/en/public-cloud/prices/,1x/2x/4x sizes ~same per-GPU
2025-02-24,OVHcloud,H100,"PCIe 80GB (h100-380, 1x H100)",2.99,on-demand,USD,"posted per-instance, 1 GPU = per-GPU",wayback,https://web.archive.org/web/20250224100113/https://www.ovhcloud.com/en/public-cloud/prices/,1x/2x/4x sizes ~same per-GPU
2025-02-24,OVHcloud,V100,"PCIe 16GB (t1-45, 1x V100)",1.97,on-demand,USD,"posted per-instance, 1 GPU = per-GPU",wayback,https://web.archive.org/web/20250224100113/https://www.ovhcloud.com/en/public-cloud/prices/,1x/2x/4x sizes ~same per-GPU
2025-02-24,OVHcloud,V100,"PCIe 16GB (t1-le-45, 1x V100)",0.77,on-demand,USD,"posted per-instance, 1 GPU = per-GPU",wayback,https://web.archive.org/web/20250224100113/https://www.ovhcloud.com/en/public-cloud/prices/,reduced-storage t1-le line; 1x/2x/4x sizes ~same per-GPU
2025-02-24,OVHcloud,V100,"PCIe 32GB (t2-45, 1x V100)",2.19,on-demand,USD,"posted per-instance, 1 GPU = per-GPU",wayback,https://web.archive.org/web/20250224100113/https://www.ovhcloud.com/en/public-cloud/prices/,1x/2x/4x sizes ~same per-GPU
2025-02-24,OVHcloud,V100,"PCIe 32GB (t2-le-45, 1x V100)",0.88,on-demand,USD,"posted per-instance, 1 GPU = per-GPU",wayback,https://web.archive.org/web/20250224100113/https://www.ovhcloud.com/en/public-cloud/prices/,reduced-storage t2-le line; 1x/2x/4x sizes ~same per-GPU
2025-03-02,AWS,A100,SXM4 40GB (p4d.24xlarge),4.0963,on-demand,USD,p4d.24xlarge $32.77/hr / 8 GPUs,wayback,https://web.archive.org/web/20250302190228/https://aws.amazon.com/ec2/instance-types/p4/,"US East (N. Virginia), Linux"
2025-03-02,AWS,A100,SXM4 40GB (p4d.24xlarge),2.4025,reserved-1yr,USD,p4d.24xlarge $19.22/hr / 8 GPUs,wayback,https://web.archive.org/web/20250302190228/https://aws.amazon.com/ec2/instance-types/p4/,"US East (N. Virginia), Linux; effective hourly RI"
2025-03-02,AWS,A100,SXM4 40GB (p4d.24xlarge),1.4463,reserved-3yr,USD,p4d.24xlarge $11.57/hr / 8 GPUs,wayback,https://web.archive.org/web/20250302190228/https://aws.amazon.com/ec2/instance-types/p4/,"US East (N. Virginia), Linux; effective hourly RI"
2025-03-02,AWS,A100,SXM4 80GB (p4de.24xlarge),5.12,on-demand,USD,p4de.24xlarge $40.96/hr / 8 GPUs,wayback,https://web.archive.org/web/20250302190228/https://aws.amazon.com/ec2/instance-types/p4/,"US East (N. Virginia), Linux"
2025-03-02,AWS,A100,SXM4 80GB (p4de.24xlarge),3.0013,reserved-1yr,USD,p4de.24xlarge $24.01/hr / 8 GPUs,wayback,https://web.archive.org/web/20250302190228/https://aws.amazon.com/ec2/instance-types/p4/,"US East (N. Virginia), Linux; effective hourly RI"
2025-03-02,AWS,A100,SXM4 80GB (p4de.24xlarge),1.8075,reserved-3yr,USD,p4de.24xlarge $14.46/hr / 8 GPUs,wayback,https://web.archive.org/web/20250302190228/https://aws.amazon.com/ec2/instance-types/p4/,"US East (N. Virginia), Linux; effective hourly RI"
2025-03-02,DataCrunch,A100,A100 SXM4 40GB,1.29,on-demand,USD,1A100.40S.22V 1x instance fixedPrice in embedded JSON,wayback,https://web.archive.org/web/20250302090440/https://datacrunch.io/,"spot 0.22; same per-GPU across [1, 2, 4, 8]x sizes"
2025-03-02,DataCrunch,A100,A100 SXM4 80GB,1.75,on-demand,USD,1A100.22V 1x instance fixedPrice in embedded JSON,wayback,https://web.archive.org/web/20250302090440/https://datacrunch.io/,"spot 0.38; same per-GPU across [1, 2, 4, 8]x sizes"
2025-03-02,DataCrunch,H100,H100 SXM5 80GB,2.19,on-demand,USD,1H100.80S.30V 1x instance fixedPrice in embedded JSON,wayback,https://web.archive.org/web/20250302090440/https://datacrunch.io/,"spot 0.52; same per-GPU across [1, 2, 4, 8]x sizes"
2025-03-02,DataCrunch,H200,H200 SXM5 141GB,3.72,on-demand,USD,1H200.141S.44V 1x instance fixedPrice in embedded JSON,wayback,https://web.archive.org/web/20250302090440/https://datacrunch.io/,"spot 1.08; same per-GPU across [1, 2, 4, 8]x sizes"
2025-03-02,DataCrunch,V100,NVIDIA Tesla V100 16GB,0.32,on-demand,USD,1V100.6V 1x instance fixedPrice in embedded JSON,wayback,https://web.archive.org/web/20250302090440/https://datacrunch.io/,"spot 0.12; same per-GPU across [1, 2, 4, 8]x sizes"
2025-03-03,RunPod,A100,PCIe 80GB,1.19,on-demand-community,USD,1x GPU price as posted,wayback,https://web.archive.org/web/20250303172225/https://www.runpod.io/pricing,
2025-03-03,RunPod,A100,PCIe 80GB,1.64,on-demand-secure,USD,1x GPU price as posted,wayback,https://web.archive.org/web/20250303172225/https://www.runpod.io/pricing,
2025-03-03,RunPod,A100,SXM 80GB,1.89,on-demand-secure,USD,1x GPU price as posted,wayback,https://web.archive.org/web/20250303172225/https://www.runpod.io/pricing,
2025-03-03,RunPod,H100,NVL 94GB,2.59,on-demand-community,USD,1x GPU price as posted,wayback,https://web.archive.org/web/20250303172225/https://www.runpod.io/pricing,
2025-03-03,RunPod,H100,NVL 94GB,2.79,on-demand-secure,USD,1x GPU price as posted,wayback,https://web.archive.org/web/20250303172225/https://www.runpod.io/pricing,
2025-03-03,RunPod,H100,PCIe 80GB,1.99,on-demand-community,USD,1x GPU price as posted,wayback,https://web.archive.org/web/20250303172225/https://www.runpod.io/pricing,
2025-03-03,RunPod,H100,PCIe 80GB,2.39,on-demand-secure,USD,1x GPU price as posted,wayback,https://web.archive.org/web/20250303172225/https://www.runpod.io/pricing,
2025-03-03,RunPod,H100,SXM 80GB,2.69,on-demand-community,USD,1x GPU price as posted,wayback,https://web.archive.org/web/20250303172225/https://www.runpod.io/pricing,
2025-03-03,RunPod,H100,SXM 80GB,2.99,on-demand-secure,USD,1x GPU price as posted,wayback,https://web.archive.org/web/20250303172225/https://www.runpod.io/pricing,
2025-03-03,RunPod,H200,SXM 141GB,3.99,on-demand-secure,USD,1x GPU price as posted,wayback,https://web.archive.org/web/20250303172225/https://www.runpod.io/pricing,
2025-03-05,CoreWeave,A100,NVLink 40GB,2.06,on-demand,USD,GPU component rate as posted,wayback,https://web.archive.org/web/20250305013810/https://coreweave.com/pricing,GPU-component-only billing (vCPU/RAM billed separately)
2025-03-05,CoreWeave,A100,NVLink 80GB,2.21,on-demand,USD,GPU component rate as posted,wayback,https://web.archive.org/web/20250305013810/https://coreweave.com/pricing,GPU-component-only billing (vCPU/RAM billed separately)
2025-03-05,CoreWeave,A100,PCIe 40GB,2.06,on-demand,USD,GPU component rate as posted,wayback,https://web.archive.org/web/20250305013810/https://coreweave.com/pricing,GPU-component-only billing (vCPU/RAM billed separately)
2025-03-05,CoreWeave,A100,PCIe 80GB,2.21,on-demand,USD,GPU component rate as posted,wayback,https://web.archive.org/web/20250305013810/https://coreweave.com/pricing,GPU-component-only billing (vCPU/RAM billed separately)
2025-03-05,CoreWeave,GB200,NVL72 (4-GPU instance),10.5,on-demand,USD,4-GPU instance $42.0/hr / 4 GPUs,wayback,https://web.archive.org/web/20250305013810/https://coreweave.com/pricing,instance price incl. CPU/RAM/storage (on-demand instance table); 4-GPU (Grace-paired) instance slice of NVL72
2025-03-05,CoreWeave,GH200,96GB,6.5,on-demand,USD,1-GPU instance $6.5/hr / 1 GPUs,wayback,https://web.archive.org/web/20250305013810/https://coreweave.com/pricing,instance price incl. CPU/RAM/storage (on-demand instance table)
2025-03-05,CoreWeave,H100,HGX SXM5 80GB,6.155,on-demand,USD,8-GPU instance $49.24/hr / 8 GPUs,wayback,https://web.archive.org/web/20250305013810/https://coreweave.com/pricing,instance price incl. CPU/RAM/storage (on-demand instance table)
2025-03-05,CoreWeave,H100,HGX SXM5 80GB (GPU component),4.76,on-demand,USD,GPU component rate as posted,wayback,https://web.archive.org/web/20250305013810/https://coreweave.com/pricing,GPU-component-only billing (vCPU/RAM billed separately)
2025-03-05,CoreWeave,H100,PCIe 80GB,4.25,on-demand,USD,GPU component rate as posted,wayback,https://web.archive.org/web/20250305013810/https://coreweave.com/pricing,GPU-component-only billing (vCPU/RAM billed separately)
2025-03-05,CoreWeave,H200,HGX SXM5 141GB,6.305,on-demand,USD,8-GPU instance $50.44/hr / 8 GPUs,wayback,https://web.archive.org/web/20250305013810/https://coreweave.com/pricing,instance price incl. CPU/RAM/storage (on-demand instance table)
2025-03-05,CoreWeave,V100,NVLink 16GB,0.8,on-demand,USD,GPU component rate as posted,wayback,https://web.archive.org/web/20250305013810/https://coreweave.com/pricing,GPU-component-only billing (vCPU/RAM billed separately)
2025-03-10,OVHcloud,A100,"PCIe 80GB (a100-180, 1x A100)",3.07,on-demand,USD,"posted per-instance, 1 GPU = per-GPU",wayback,https://web.archive.org/web/20250310040851/https://www.ovhcloud.com/en/public-cloud/prices/,1x/2x/4x sizes ~same per-GPU
2025-03-10,OVHcloud,H100,"PCIe 80GB (h100-380, 1x H100)",2.99,on-demand,USD,"posted per-instance, 1 GPU = per-GPU",wayback,https://web.archive.org/web/20250310040851/https://www.ovhcloud.com/en/public-cloud/prices/,1x/2x/4x sizes ~same per-GPU
2025-03-10,OVHcloud,V100,"PCIe 16GB (t1-45, 1x V100)",1.97,on-demand,USD,"posted per-instance, 1 GPU = per-GPU",wayback,https://web.archive.org/web/20250310040851/https://www.ovhcloud.com/en/public-cloud/prices/,1x/2x/4x sizes ~same per-GPU
2025-03-10,OVHcloud,V100,"PCIe 16GB (t1-le-45, 1x V100)",0.77,on-demand,USD,"posted per-instance, 1 GPU = per-GPU",wayback,https://web.archive.org/web/20250310040851/https://www.ovhcloud.com/en/public-cloud/prices/,reduced-storage t1-le line; 1x/2x/4x sizes ~same per-GPU
2025-03-10,OVHcloud,V100,"PCIe 32GB (t2-45, 1x V100)",2.19,on-demand,USD,"posted per-instance, 1 GPU = per-GPU",wayback,https://web.archive.org/web/20250310040851/https://www.ovhcloud.com/en/public-cloud/prices/,1x/2x/4x sizes ~same per-GPU
2025-03-10,OVHcloud,V100,"PCIe 32GB (t2-le-45, 1x V100)",0.88,on-demand,USD,"posted per-instance, 1 GPU = per-GPU",wayback,https://web.archive.org/web/20250310040851/https://www.ovhcloud.com/en/public-cloud/prices/,reduced-storage t2-le line; 1x/2x/4x sizes ~same per-GPU
2025-03-14,Paperspace,A100,40GB (card labeled H100; spec text NVIDIA A100 GPU),3.09,on-demand,USD,hourly rate as posted,wayback,https://web.archive.org/web/20250314094203/https://www.paperspace.com/pricing,known template bug: H100 header on A100 card; treat as A100 rate; page content unchanged since 2024 (frozen under DigitalOcean); posted list may be stale
2025-03-14,Paperspace,A100,80GB,1.15,reserved-3yr,USD,hourly rate as posted,wayback,https://web.archive.org/web/20250314094203/https://www.paperspace.com/pricing,footnote: 3-year commitment pricing; page content unchanged since 2024 (frozen under DigitalOcean); posted list may be stale
2025-03-14,Paperspace,H100,HGX 80GB,5.95,on-demand-promo,USD,footnote text,wayback,https://web.archive.org/web/20250314094203/https://www.paperspace.com/pricing,'special promo price' per footnote; page content unchanged since 2024 (frozen under DigitalOcean); posted list may be stale
2025-03-14,Paperspace,H100,HGX 80GB,2.24,reserved-3yr,USD,hourly rate as posted,wayback,https://web.archive.org/web/20250314094203/https://www.paperspace.com/pricing,footnote: 3-year commitment pricing; on-demand H100 $5.95 promo per same footnote; page content unchanged since 2024 (frozen under DigitalOcean); posted list may be stale
2025-03-14,Paperspace,V100,16GB,2.3,on-demand,USD,hourly rate as posted,wayback,https://web.archive.org/web/20250314094203/https://www.paperspace.com/pricing,page content unchanged since 2024 (frozen under DigitalOcean); posted list may be stale
2025-03-16,Lambda,A100,A100 PCIe 40GB,1.29,on-demand,USD,as posted $/GPU/hr (4x config),wayback,https://web.archive.org/web/20250316063514/https://lambdalabs.com/service/gpu-cloud,
2025-03-16,Lambda,A100,A100 SXM 40GB,1.29,on-demand,USD,as posted $/GPU/hr (8x config),wayback,https://web.archive.org/web/20250316063514/https://lambdalabs.com/service/gpu-cloud,
2025-03-16,Lambda,A100,A100 SXM 80GB,1.79,on-demand,USD,as posted $/GPU/hr (8x config),wayback,https://web.archive.org/web/20250316063514/https://lambdalabs.com/service/gpu-cloud,
2025-03-16,Lambda,GH200,GH200 96GB,1.49,on-demand,USD,as posted $/GPU/hr (1x config),wayback,https://web.archive.org/web/20250316063514/https://lambdalabs.com/service/gpu-cloud,
2025-03-16,Lambda,H100,H100 PCIe 80GB,2.49,on-demand,USD,as posted $/GPU/hr (1x config),wayback,https://web.archive.org/web/20250316063514/https://lambdalabs.com/service/gpu-cloud,
2025-03-16,Lambda,H100,H100 SXM 80GB,2.99,on-demand,USD,as posted $/GPU/hr (8x config),wayback,https://web.archive.org/web/20250316063514/https://lambdalabs.com/service/gpu-cloud,
2025-03-16,Lambda,V100,Tesla V100 16GB,0.55,on-demand,USD,as posted $/GPU/hr (8x config),wayback,https://web.archive.org/web/20250316063514/https://lambdalabs.com/service/gpu-cloud,
2025-03-19,digitalocean,H100,SXM 80GB,2.5,1Y,USD,,commoncrawl,https://www.digitalocean.com/products/gpu-droplets,"extras.commitment, 12-month, per-GPU (8x)"
2025-03-19,digitalocean,H100,SXM 80GB,6.74,on-demand,USD,,commoncrawl,https://www.digitalocean.com/products/gpu-droplets,slug h100x1; total $6.74/hr per 1GPU; promo $3.39/GPU-hr
2025-03-19,digitalocean,H100,SXM 80GB,5.95,on-demand,USD,,commoncrawl,https://www.digitalocean.com/products/gpu-droplets,slug h100x8; total $47.6/hr per 8GPU; promo $2.99/GPU-hr
2025-03-20,RunPod,A100,PCIe 80GB,1.48,1-month savings plan,USD,posted per-GPU,commoncrawl,CC-MAIN-2025-13 crawl-data/CC-MAIN-2025-13/segments/1742004433132.75/warc/CC-MAIN-20250320101927-20250320131927-00922.warc.gz#930887329,secure; __NEXT_DATA__ gpu[NVIDIA A100 80GB PCIe].oneMonthPrice
2025-03-20,RunPod,A100,SXM4 80GB,1.7,1-month savings plan,USD,posted per-GPU,commoncrawl,CC-MAIN-2025-13 crawl-data/CC-MAIN-2025-13/segments/1742004433132.75/warc/CC-MAIN-20250320101927-20250320131927-00922.warc.gz#930887329,secure; __NEXT_DATA__ gpu[NVIDIA A100-SXM4-80GB].oneMonthPrice
2025-03-20,RunPod,A100,PCIe 80GB,1.39,3-month savings plan,USD,posted per-GPU,commoncrawl,CC-MAIN-2025-13 crawl-data/CC-MAIN-2025-13/segments/1742004433132.75/warc/CC-MAIN-20250320101927-20250320131927-00922.warc.gz#930887329,secure; __NEXT_DATA__ gpu[NVIDIA A100 80GB PCIe].threeMonthPrice
2025-03-20,RunPod,A100,SXM4 80GB,1.51,3-month savings plan,USD,posted per-GPU,commoncrawl,CC-MAIN-2025-13 crawl-data/CC-MAIN-2025-13/segments/1742004433132.75/warc/CC-MAIN-20250320101927-20250320131927-00922.warc.gz#930887329,secure; __NEXT_DATA__ gpu[NVIDIA A100-SXM4-80GB].threeMonthPrice
2025-03-20,RunPod,A100,PCIe 80GB,1.64,on-demand,USD,posted per-GPU,commoncrawl,CC-MAIN-2025-13 crawl-data/CC-MAIN-2025-13/segments/1742004433132.75/warc/CC-MAIN-20250320101927-20250320131927-00922.warc.gz#930887329,secure cloud; __NEXT_DATA__ gpu[NVIDIA A100 80GB PCIe].securePrice
2025-03-20,RunPod,A100,PCIe 80GB,1.19,on-demand,USD,posted per-GPU,commoncrawl,CC-MAIN-2025-13 crawl-data/CC-MAIN-2025-13/segments/1742004433132.75/warc/CC-MAIN-20250320101927-20250320131927-00922.warc.gz#930887329,community cloud; __NEXT_DATA__ gpu[NVIDIA A100 80GB PCIe].communityPrice
2025-03-20,RunPod,A100,SXM4 80GB,1.89,on-demand,USD,posted per-GPU,commoncrawl,CC-MAIN-2025-13 crawl-data/CC-MAIN-2025-13/segments/1742004433132.75/warc/CC-MAIN-20250320101927-20250320131927-00922.warc.gz#930887329,secure cloud; __NEXT_DATA__ gpu[NVIDIA A100-SXM4-80GB].securePrice
2025-03-20,RunPod,A100,SXM4 80GB,1.59,on-demand,USD,posted per-GPU,commoncrawl,CC-MAIN-2025-13 crawl-data/CC-MAIN-2025-13/segments/1742004433132.75/warc/CC-MAIN-20250320101927-20250320131927-00922.warc.gz#930887329,community cloud; __NEXT_DATA__ gpu[NVIDIA A100-SXM4-80GB].communityPrice
2025-03-20,RunPod,A100,PCIe 80GB,0.82,spot,USD,posted per-GPU,commoncrawl,CC-MAIN-2025-13 crawl-data/CC-MAIN-2025-13/segments/1742004433132.75/warc/CC-MAIN-20250320101927-20250320131927-00922.warc.gz#930887329,secure spot; __NEXT_DATA__ gpu[NVIDIA A100 80GB PCIe].secureSpotPrice
2025-03-20,RunPod,A100,PCIe 80GB,0.6,spot,USD,posted per-GPU,commoncrawl,CC-MAIN-2025-13 crawl-data/CC-MAIN-2025-13/segments/1742004433132.75/warc/CC-MAIN-20250320101927-20250320131927-00922.warc.gz#930887329,community spot; __NEXT_DATA__ gpu[NVIDIA A100 80GB PCIe].communitySpotPrice
2025-03-20,RunPod,A100,SXM4 80GB,0.95,spot,USD,posted per-GPU,commoncrawl,CC-MAIN-2025-13 crawl-data/CC-MAIN-2025-13/segments/1742004433132.75/warc/CC-MAIN-20250320101927-20250320131927-00922.warc.gz#930887329,secure spot; __NEXT_DATA__ gpu[NVIDIA A100-SXM4-80GB].secureSpotPrice
2025-03-20,RunPod,A100,SXM4 80GB,0.89,spot,USD,posted per-GPU,commoncrawl,CC-MAIN-2025-13 crawl-data/CC-MAIN-2025-13/segments/1742004433132.75/warc/CC-MAIN-20250320101927-20250320131927-00922.warc.gz#930887329,community spot; __NEXT_DATA__ gpu[NVIDIA A100-SXM4-80GB].communitySpotPrice
2025-03-20,RunPod,V100,SXM2 32GB,0.44,1-month savings plan,USD,posted per-GPU,commoncrawl,CC-MAIN-2025-13 crawl-data/CC-MAIN-2025-13/segments/1742004433132.75/warc/CC-MAIN-20250320101927-20250320131927-00922.warc.gz#930887329,secure; __NEXT_DATA__ gpu[Tesla V100-SXM2-32GB].oneMonthPrice
2025-03-20,RunPod,V100,SXM2 32GB,0.42,3-month savings plan,USD,posted per-GPU,commoncrawl,CC-MAIN-2025-13 crawl-data/CC-MAIN-2025-13/segments/1742004433132.75/warc/CC-MAIN-20250320101927-20250320131927-00922.warc.gz#930887329,secure; __NEXT_DATA__ gpu[Tesla V100-SXM2-32GB].threeMonthPrice
2025-03-20,RunPod,V100,FHHL 16GB,0.19,on-demand,USD,posted per-GPU,commoncrawl,CC-MAIN-2025-13 crawl-data/CC-MAIN-2025-13/segments/1742004433132.75/warc/CC-MAIN-20250320101927-20250320131927-00922.warc.gz#930887329,community cloud; __NEXT_DATA__ gpu[Tesla V100-FHHL-16GB].communityPrice
2025-03-20,RunPod,V100,PCIe 16GB,0.19,on-demand,USD,posted per-GPU,commoncrawl,CC-MAIN-2025-13 crawl-data/CC-MAIN-2025-13/segments/1742004433132.75/warc/CC-MAIN-20250320101927-20250320131927-00922.warc.gz#930887329,community cloud; __NEXT_DATA__ gpu[Tesla V100-PCIE-16GB].communityPrice
2025-03-20,RunPod,V100,SXM2 16GB,0.23,on-demand,USD,posted per-GPU,commoncrawl,CC-MAIN-2025-13 crawl-data/CC-MAIN-2025-13/segments/1742004433132.75/warc/CC-MAIN-20250320101927-20250320131927-00922.warc.gz#930887329,community cloud; __NEXT_DATA__ gpu[Tesla V100-SXM2-16GB].communityPrice
2025-03-20,RunPod,V100,SXM2 32GB,0.49,on-demand,USD,posted per-GPU,commoncrawl,CC-MAIN-2025-13 crawl-data/CC-MAIN-2025-13/segments/1742004433132.75/warc/CC-MAIN-20250320101927-20250320131927-00922.warc.gz#930887329,secure cloud; __NEXT_DATA__ gpu[Tesla V100-SXM2-32GB].securePrice
2025-03-20,RunPod,V100,SXM2 32GB,0.33,on-demand,USD,posted per-GPU,commoncrawl,CC-MAIN-2025-13 crawl-data/CC-MAIN-2025-13/segments/1742004433132.75/warc/CC-MAIN-20250320101927-20250320131927-00922.warc.gz#930887329,community cloud; __NEXT_DATA__ gpu[Tesla V100-SXM2-32GB].communityPrice
2025-03-20,RunPod,V100,FHHL 16GB,0.1,spot,USD,posted per-GPU,commoncrawl,CC-MAIN-2025-13 crawl-data/CC-MAIN-2025-13/segments/1742004433132.75/warc/CC-MAIN-20250320101927-20250320131927-00922.warc.gz#930887329,community spot; __NEXT_DATA__ gpu[Tesla V100-FHHL-16GB].communitySpotPrice
2025-03-20,RunPod,V100,PCIe 16GB,0.1,spot,USD,posted per-GPU,commoncrawl,CC-MAIN-2025-13 crawl-data/CC-MAIN-2025-13/segments/1742004433132.75/warc/CC-MAIN-20250320101927-20250320131927-00922.warc.gz#930887329,community spot; __NEXT_DATA__ gpu[Tesla V100-PCIE-16GB].communitySpotPrice
2025-03-20,RunPod,V100,SXM2 16GB,0.12,spot,USD,posted per-GPU,commoncrawl,CC-MAIN-2025-13 crawl-data/CC-MAIN-2025-13/segments/1742004433132.75/warc/CC-MAIN-20250320101927-20250320131927-00922.warc.gz#930887329,community spot; __NEXT_DATA__ gpu[Tesla V100-SXM2-16GB].communitySpotPrice
2025-03-20,RunPod,V100,SXM2 32GB,0.25,spot,USD,posted per-GPU,commoncrawl,CC-MAIN-2025-13 crawl-data/CC-MAIN-2025-13/segments/1742004433132.75/warc/CC-MAIN-20250320101927-20250320131927-00922.warc.gz#930887329,secure spot; __NEXT_DATA__ gpu[Tesla V100-SXM2-32GB].secureSpotPrice
2025-03-20,RunPod,V100,SXM2 32GB,0.17,spot,USD,posted per-GPU,commoncrawl,CC-MAIN-2025-13 crawl-data/CC-MAIN-2025-13/segments/1742004433132.75/warc/CC-MAIN-20250320101927-20250320131927-00922.warc.gz#930887329,community spot; __NEXT_DATA__ gpu[Tesla V100-SXM2-32GB].communitySpotPrice
2025-03-20,runpod,A100,SXM 80GB,1.7,1mo,USD,,commoncrawl,https://www.runpod.io/pricing,"savings plan 1-month, per-GPU"
2025-03-20,runpod,A100,SXM 80GB,1.51,3mo,USD,,commoncrawl,https://www.runpod.io/pricing,"savings plan 3-month, per-GPU"
2025-03-20,runpod,A100,SXM 80GB,1.89,on-demand,USD,,commoncrawl,https://www.runpod.io/pricing,"secure cloud on-demand, per-GPU"
2025-03-20,runpod,A100,SXM 80GB,1.59,on-demand,USD,,commoncrawl,https://www.runpod.io/pricing,"community cloud on-demand, per-GPU"
2025-03-20,runpod,B200,,6.99,1mo,USD,,commoncrawl,https://www.runpod.io/pricing,"savings plan 1-month, per-GPU"
2025-03-20,runpod,B200,,7.99,on-demand,USD,,commoncrawl,https://www.runpod.io/pricing,"secure cloud on-demand, per-GPU"
2025-03-20,runpod,H100,SXM 80GB,2.85,1mo,USD,,commoncrawl,https://www.runpod.io/pricing,"savings plan 1-month, per-GPU"
2025-03-20,runpod,H100,SXM 80GB,2.79,3mo,USD,,commoncrawl,https://www.runpod.io/pricing,"savings plan 3-month, per-GPU"
2025-03-20,runpod,H100,SXM 80GB,2.49,6mo,USD,,commoncrawl,https://www.runpod.io/pricing,"savings plan 6-month, per-GPU"
2025-03-20,runpod,H100,SXM 80GB,2.99,on-demand,USD,,commoncrawl,https://www.runpod.io/pricing,"secure cloud on-demand, per-GPU"
2025-03-20,runpod,H100,SXM 80GB,2.69,on-demand,USD,,commoncrawl,https://www.runpod.io/pricing,"community cloud on-demand, per-GPU"
2025-03-20,runpod,H200,,3.99,on-demand,USD,,commoncrawl,https://www.runpod.io/pricing,"secure cloud on-demand, per-GPU"
2025-03-20,runpod,H200,,3.59,on-demand,USD,,commoncrawl,https://www.runpod.io/pricing,"community cloud on-demand, per-GPU"
2025-03-21,CoreWeave,A100,NVLINK 40GB,2.06,on-demand,USD,posted per-GPU component rate,commoncrawl,CC-MAIN-2025-13 crawl-data/CC-MAIN-2025-13/segments/1742004433170.5/warc/CC-MAIN-20250320232630-20250321022630-00869.warc.gz#180654442,"cw-pricing; GPU-component rate, excludes vCPU/RAM/storage"
2025-03-21,CoreWeave,A100,PCIe 40GB,2.06,on-demand,USD,posted per-GPU component rate,commoncrawl,CC-MAIN-2025-13 crawl-data/CC-MAIN-2025-13/segments/1742004433170.5/warc/CC-MAIN-20250320232630-20250321022630-00869.warc.gz#180654442,"cw-pricing; GPU-component rate, excludes vCPU/RAM/storage"
2025-03-21,CoreWeave,A100,PCIe 80GB,2.21,on-demand,USD,posted per-GPU component rate,commoncrawl,CC-MAIN-2025-13 crawl-data/CC-MAIN-2025-13/segments/1742004433170.5/warc/CC-MAIN-20250320232630-20250321022630-00869.warc.gz#180654442,"cw-pricing; GPU-component rate, excludes vCPU/RAM/storage"
2025-03-21,CoreWeave,A100,SXM/NVLINK 80GB,2.21,on-demand,USD,posted per-GPU component rate,commoncrawl,CC-MAIN-2025-13 crawl-data/CC-MAIN-2025-13/segments/1742004433170.5/warc/CC-MAIN-20250320232630-20250321022630-00869.warc.gz#180654442,"cw-pricing; GPU-component rate, excludes vCPU/RAM/storage"
2025-03-21,coreweave,A100,,2.06,on-demand,USD,,commoncrawl,https://coreweave.com/pricing,resource-based per-GPU compute rate (NVLINK 40GB); excludes vCPU/RAM/storage
2025-03-21,coreweave,A100,,2.06,on-demand,USD,,commoncrawl,https://coreweave.com/pricing,resource-based per-GPU compute rate (PCIe 40GB); excludes vCPU/RAM/storage
2025-03-21,coreweave,A100,,2.21,on-demand,USD,,commoncrawl,https://coreweave.com/pricing,resource-based per-GPU compute rate (PCIe 80GB); excludes vCPU/RAM/storage
2025-03-21,coreweave,A100,,2.21,on-demand,USD,,commoncrawl,https://coreweave.com/pricing,resource-based per-GPU compute rate (SXM/NVLINK 80GB); excludes vCPU/RAM/storage
2025-03-21,coreweave,H100,,6.155,on-demand,USD,,commoncrawl,https://coreweave.com/pricing,instance bundle HGX H100 8xGPU total $49.24/hr (incl vCPU/RAM/IB); per-GPU
2025-03-21,coreweave,H100,,4.25,on-demand,USD,,commoncrawl,https://coreweave.com/pricing,resource-based per-GPU compute rate (PCIe 80GB); excludes vCPU/RAM/storage
2025-03-21,coreweave,H100,,4.76,on-demand,USD,,commoncrawl,https://coreweave.com/pricing,resource-based per-GPU compute rate (SXM/HGX 80GB); excludes vCPU/RAM/storage
2025-03-21,coreweave,H200,,6.305,on-demand,USD,,commoncrawl,https://coreweave.com/pricing,instance bundle HGX H200 8xGPU total $50.44/hr (incl vCPU/RAM/IB); per-GPU
2025-03-26,DataCrunch,A100,SXM4 80GB,1.3125,2-year,USD,instance 4A100 total/hr / 4 GPUs,commoncrawl,CC-MAIN-2025-13 crawl-data/CC-MAIN-2025-13/segments/1742004754647.73/warc/CC-MAIN-20250326131248-20250326161248-00630.warc.gz#165737198,products instance table (2-year col); posted $5.25/h for 4x
2025-03-26,DataCrunch,A100,SXM4 80GB,1.315,2-year,USD,instance 2A100 total/hr / 2 GPUs,commoncrawl,CC-MAIN-2025-13 crawl-data/CC-MAIN-2025-13/segments/1742004754647.73/warc/CC-MAIN-20250326131248-20250326161248-00630.warc.gz#165737198,products instance table (2-year col); posted $2.63/h for 2x
2025-03-26,DataCrunch,A100,SXM4 80GB,1.31,2-year,USD,instance 1A100 total/hr / 1 GPUs,commoncrawl,CC-MAIN-2025-13 crawl-data/CC-MAIN-2025-13/segments/1742004754647.73/warc/CC-MAIN-20250326131248-20250326161248-00630.warc.gz#165737198,products instance table (2-year col); posted $1.31/h for 1x
2025-03-26,DataCrunch,A100,SXM4 80GB,1.68,6-month,USD,instance 1A100 total/hr / 1 GPUs,commoncrawl,CC-MAIN-2025-13 crawl-data/CC-MAIN-2025-13/segments/1742004754647.73/warc/CC-MAIN-20250326131248-20250326161248-00630.warc.gz#165737198,products instance table (6-month col); posted $1.68/h for 1x
2025-03-26,DataCrunch,A100,SXM4 80GB,1.75,on-demand,USD,instance 1A100 total/hr / 1 GPUs,commoncrawl,CC-MAIN-2025-13 crawl-data/CC-MAIN-2025-13/segments/1742004754647.73/warc/CC-MAIN-20250326131248-20250326161248-00630.warc.gz#165737198,products instance table (on-demand col); posted $1.75/h for 1x
2025-03-26,GenesisCloud,B200,HGX (8-GPU node min),3.75,teaser,USD,per-GPU per hour ('prices indicated per GPU component per hour' footnote),wayback,https://web.archive.org/web/20250326152233/https://www.genesiscloud.com/pricing,teaser floor ('Starting at'); 8x node minimum
2025-03-26,GenesisCloud,H100,HGX (8-GPU node min),1.8,teaser,USD,per-GPU per hour ('prices indicated per GPU component per hour' footnote),wayback,https://web.archive.org/web/20250326152233/https://www.genesiscloud.com/pricing,teaser floor ('Starting at'); 8x node minimum
2025-03-26,GenesisCloud,H200,HGX (8-GPU node min),2.45,teaser,USD,per-GPU per hour ('prices indicated per GPU component per hour' footnote),wayback,https://web.archive.org/web/20250326152233/https://www.genesiscloud.com/pricing,teaser floor ('Starting at'); 8x node minimum
2025-03-28,Lambda,A100,A100 PCIe 40GB,1.29,on-demand,USD,as posted $/GPU/hr (4x config),wayback,https://web.archive.org/web/20250328114330/https://lambda.ai/service/gpu-cloud,
2025-03-28,Lambda,A100,A100 SXM 40GB,1.29,on-demand,USD,as posted $/GPU/hr (8x config),wayback,https://web.archive.org/web/20250328114330/https://lambda.ai/service/gpu-cloud,
2025-03-28,Lambda,A100,A100 SXM 80GB,1.79,on-demand,USD,as posted $/GPU/hr (8x config),wayback,https://web.archive.org/web/20250328114330/https://lambda.ai/service/gpu-cloud,
2025-03-28,Lambda,GH200,GH200 96GB,1.49,on-demand,USD,as posted $/GPU/hr (1x config),wayback,https://web.archive.org/web/20250328114330/https://lambda.ai/service/gpu-cloud,
2025-03-28,Lambda,H100,H100 PCIe 80GB,2.49,on-demand,USD,as posted $/GPU/hr (1x config),wayback,https://web.archive.org/web/20250328114330/https://lambda.ai/service/gpu-cloud,
2025-03-28,Lambda,H100,H100 SXM 80GB,2.99,on-demand,USD,as posted $/GPU/hr (8x config),wayback,https://web.archive.org/web/20250328114330/https://lambda.ai/service/gpu-cloud,
2025-03-28,Lambda,V100,Tesla V100 16GB,0.55,on-demand,USD,as posted $/GPU/hr (8x config),wayback,https://web.archive.org/web/20250328114330/https://lambda.ai/service/gpu-cloud,
2025-04-02,AWS,A100,SXM4 40GB (p4d.24xlarge),4.0963,on-demand,USD,p4d.24xlarge $32.77/hr / 8 GPUs,wayback,https://web.archive.org/web/20250402063528/https://aws.amazon.com/ec2/instance-types/p4/,"US East (N. Virginia), Linux"
2025-04-02,AWS,A100,SXM4 40GB (p4d.24xlarge),2.4025,reserved-1yr,USD,p4d.24xlarge $19.22/hr / 8 GPUs,wayback,https://web.archive.org/web/20250402063528/https://aws.amazon.com/ec2/instance-types/p4/,"US East (N. Virginia), Linux; effective hourly RI"
2025-04-02,AWS,A100,SXM4 40GB (p4d.24xlarge),1.4463,reserved-3yr,USD,p4d.24xlarge $11.57/hr / 8 GPUs,wayback,https://web.archive.org/web/20250402063528/https://aws.amazon.com/ec2/instance-types/p4/,"US East (N. Virginia), Linux; effective hourly RI"
2025-04-02,AWS,A100,SXM4 80GB (p4de.24xlarge),5.12,on-demand,USD,p4de.24xlarge $40.96/hr / 8 GPUs,wayback,https://web.archive.org/web/20250402063528/https://aws.amazon.com/ec2/instance-types/p4/,"US East (N. Virginia), Linux"
2025-04-02,AWS,A100,SXM4 80GB (p4de.24xlarge),3.0013,reserved-1yr,USD,p4de.24xlarge $24.01/hr / 8 GPUs,wayback,https://web.archive.org/web/20250402063528/https://aws.amazon.com/ec2/instance-types/p4/,"US East (N. Virginia), Linux; effective hourly RI"
2025-04-02,AWS,A100,SXM4 80GB (p4de.24xlarge),1.8075,reserved-3yr,USD,p4de.24xlarge $14.46/hr / 8 GPUs,wayback,https://web.archive.org/web/20250402063528/https://aws.amazon.com/ec2/instance-types/p4/,"US East (N. Virginia), Linux; effective hourly RI"
2025-04-02,DataCrunch,A100,A100 SXM4 40GB,1.29,on-demand,USD,1A100.40S.22V 1x instance fixedPrice in embedded JSON,wayback,https://web.archive.org/web/20250402035020/https://datacrunch.io/,"spot 0.27; same per-GPU across [1, 2, 4, 8]x sizes"
2025-04-02,DataCrunch,A100,A100 SXM4 80GB,1.75,on-demand,USD,1A100.22V 1x instance fixedPrice in embedded JSON,wayback,https://web.archive.org/web/20250402035020/https://datacrunch.io/,"spot 0.36; same per-GPU across [1, 2, 4, 8]x sizes"
2025-04-02,DataCrunch,B200,B200 SXM5 180GB,4.9,on-demand,USD,1B200.31V 1x instance fixedPrice in embedded JSON,wayback,https://web.archive.org/web/20250402035020/https://datacrunch.io/,"spot 1.37; same per-GPU across [1, 2, 4, 8]x sizes"
2025-04-02,DataCrunch,H100,H100 SXM5 80GB,2.19,on-demand,USD,1H100.80S.30V 1x instance fixedPrice in embedded JSON,wayback,https://web.archive.org/web/20250402035020/https://datacrunch.io/,"spot 0.47; same per-GPU across [1, 2, 4, 8]x sizes"
2025-04-02,DataCrunch,H200,H200 SXM5 141GB,3.3,on-demand,USD,1H200.141S.44V 1x instance fixedPrice in embedded JSON,wayback,https://web.archive.org/web/20250402035020/https://datacrunch.io/,"spot 0.84; same per-GPU across [1, 2, 4, 8]x sizes"
2025-04-02,DataCrunch,V100,Tesla V100 16GB,0.24,on-demand,USD,1V100.6V 1x instance fixedPrice in embedded JSON,wayback,https://web.archive.org/web/20250402035020/https://datacrunch.io/,"spot 0.08; same per-GPU across [1, 2, 4, 8]x sizes"
2025-04-05,RunPod,A100,PCIe 80GB,1.19,on-demand-community,USD,1x GPU price as posted,wayback,https://web.archive.org/web/20250405144116/https://www.runpod.io/pricing,
2025-04-05,RunPod,A100,PCIe 80GB,1.64,on-demand-secure,USD,1x GPU price as posted,wayback,https://web.archive.org/web/20250405144116/https://www.runpod.io/pricing,
2025-04-05,RunPod,A100,SXM 80GB,1.89,on-demand-secure,USD,1x GPU price as posted,wayback,https://web.archive.org/web/20250405144116/https://www.runpod.io/pricing,
2025-04-05,RunPod,H100,NVL 94GB,2.59,on-demand-community,USD,1x GPU price as posted,wayback,https://web.archive.org/web/20250405144116/https://www.runpod.io/pricing,
2025-04-05,RunPod,H100,NVL 94GB,2.79,on-demand-secure,USD,1x GPU price as posted,wayback,https://web.archive.org/web/20250405144116/https://www.runpod.io/pricing,
2025-04-05,RunPod,H100,PCIe 80GB,1.99,on-demand-community,USD,1x GPU price as posted,wayback,https://web.archive.org/web/20250405144116/https://www.runpod.io/pricing,
2025-04-05,RunPod,H100,PCIe 80GB,2.39,on-demand-secure,USD,1x GPU price as posted,wayback,https://web.archive.org/web/20250405144116/https://www.runpod.io/pricing,
2025-04-05,RunPod,H100,SXM 80GB,2.69,on-demand-community,USD,1x GPU price as posted,wayback,https://web.archive.org/web/20250405144116/https://www.runpod.io/pricing,
2025-04-05,RunPod,H100,SXM 80GB,2.99,on-demand-secure,USD,1x GPU price as posted,wayback,https://web.archive.org/web/20250405144116/https://www.runpod.io/pricing,
2025-04-05,RunPod,H200,SXM 141GB,3.59,on-demand-community,USD,1x GPU price as posted,wayback,https://web.archive.org/web/20250405144116/https://www.runpod.io/pricing,
2025-04-05,RunPod,H200,SXM 141GB,3.99,on-demand-secure,USD,1x GPU price as posted,wayback,https://web.archive.org/web/20250405144116/https://www.runpod.io/pricing,
2025-04-07,Lambda,A100,A100 PCIe 40GB,1.29,on-demand,USD,as posted $/GPU/hr (4x config),wayback,https://web.archive.org/web/20250407203919/https://lambda.ai/service/gpu-cloud,
2025-04-07,Lambda,A100,A100 SXM 40GB,1.29,on-demand,USD,as posted $/GPU/hr (8x config),wayback,https://web.archive.org/web/20250407203919/https://lambda.ai/service/gpu-cloud,
2025-04-07,Lambda,A100,A100 SXM 80GB,1.79,on-demand,USD,as posted $/GPU/hr (8x config),wayback,https://web.archive.org/web/20250407203919/https://lambda.ai/service/gpu-cloud,
2025-04-07,Lambda,GH200,GH200 96GB,1.49,on-demand,USD,as posted $/GPU/hr (1x config),wayback,https://web.archive.org/web/20250407203919/https://lambda.ai/service/gpu-cloud,
2025-04-07,Lambda,H100,H100 PCIe 80GB,2.49,on-demand,USD,as posted $/GPU/hr (1x config),wayback,https://web.archive.org/web/20250407203919/https://lambda.ai/service/gpu-cloud,
2025-04-07,Lambda,H100,H100 SXM 80GB,2.99,on-demand,USD,as posted $/GPU/hr (8x config),wayback,https://web.archive.org/web/20250407203919/https://lambda.ai/service/gpu-cloud,
2025-04-07,Lambda,V100,Tesla V100 16GB,0.55,on-demand,USD,as posted $/GPU/hr (8x config),wayback,https://web.archive.org/web/20250407203919/https://lambda.ai/service/gpu-cloud,
2025-04-09,OVHcloud,A100,"PCIe 80GB (a100-180, 1x A100)",3.07,on-demand,USD,"posted per-instance, 1 GPU = per-GPU",wayback,https://web.archive.org/web/20250409172048/https://www.ovhcloud.com/en/public-cloud/prices/,1x/2x/4x sizes ~same per-GPU
2025-04-09,OVHcloud,H100,"PCIe 80GB (h100-380, 1x H100)",2.99,on-demand,USD,"posted per-instance, 1 GPU = per-GPU",wayback,https://web.archive.org/web/20250409172048/https://www.ovhcloud.com/en/public-cloud/prices/,1x/2x/4x sizes ~same per-GPU
2025-04-09,OVHcloud,V100,"PCIe 16GB (t1-45, 1x V100)",1.97,on-demand,USD,"posted per-instance, 1 GPU = per-GPU",wayback,https://web.archive.org/web/20250409172048/https://www.ovhcloud.com/en/public-cloud/prices/,1x/2x/4x sizes ~same per-GPU
2025-04-09,OVHcloud,V100,"PCIe 16GB (t1-le-45, 1x V100)",0.77,on-demand,USD,"posted per-instance, 1 GPU = per-GPU",wayback,https://web.archive.org/web/20250409172048/https://www.ovhcloud.com/en/public-cloud/prices/,reduced-storage t1-le line; 1x/2x/4x sizes ~same per-GPU
2025-04-09,OVHcloud,V100,"PCIe 32GB (t2-45, 1x V100)",2.19,on-demand,USD,"posted per-instance, 1 GPU = per-GPU",wayback,https://web.archive.org/web/20250409172048/https://www.ovhcloud.com/en/public-cloud/prices/,1x/2x/4x sizes ~same per-GPU
2025-04-09,OVHcloud,V100,"PCIe 32GB (t2-le-45, 1x V100)",0.88,on-demand,USD,"posted per-instance, 1 GPU = per-GPU",wayback,https://web.archive.org/web/20250409172048/https://www.ovhcloud.com/en/public-cloud/prices/,reduced-storage t2-le line; 1x/2x/4x sizes ~same per-GPU
2025-04-16,CoreWeave,A100,NVLink 40GB,2.06,on-demand,USD,GPU component rate as posted,wayback,https://web.archive.org/web/20250416205610/https://coreweave.com/pricing,GPU-component-only billing (vCPU/RAM billed separately)
2025-04-16,CoreWeave,A100,NVLink 80GB,2.21,on-demand,USD,GPU component rate as posted,wayback,https://web.archive.org/web/20250416205610/https://coreweave.com/pricing,GPU-component-only billing (vCPU/RAM billed separately)
2025-04-16,CoreWeave,A100,PCIe 40GB,2.06,on-demand,USD,GPU component rate as posted,wayback,https://web.archive.org/web/20250416205610/https://coreweave.com/pricing,GPU-component-only billing (vCPU/RAM billed separately)
2025-04-16,CoreWeave,A100,PCIe 80GB,2.21,on-demand,USD,GPU component rate as posted,wayback,https://web.archive.org/web/20250416205610/https://coreweave.com/pricing,GPU-component-only billing (vCPU/RAM billed separately)
2025-04-16,CoreWeave,GB200,NVL72 (4-GPU instance),10.5,on-demand,USD,4-GPU instance $42.0/hr / 4 GPUs,wayback,https://web.archive.org/web/20250416205610/https://coreweave.com/pricing,instance price incl. CPU/RAM/storage (on-demand instance table); 4-GPU (Grace-paired) instance slice of NVL72
2025-04-16,CoreWeave,GH200,96GB,6.5,on-demand,USD,1-GPU instance $6.5/hr / 1 GPUs,wayback,https://web.archive.org/web/20250416205610/https://coreweave.com/pricing,instance price incl. CPU/RAM/storage (on-demand instance table)
2025-04-16,CoreWeave,H100,HGX SXM5 80GB,6.155,on-demand,USD,8-GPU instance $49.24/hr / 8 GPUs,wayback,https://web.archive.org/web/20250416205610/https://coreweave.com/pricing,instance price incl. CPU/RAM/storage (on-demand instance table)
2025-04-16,CoreWeave,H100,HGX SXM5 80GB (GPU component),4.76,on-demand,USD,GPU component rate as posted,wayback,https://web.archive.org/web/20250416205610/https://coreweave.com/pricing,GPU-component-only billing (vCPU/RAM billed separately)
2025-04-16,CoreWeave,H100,PCIe 80GB,4.25,on-demand,USD,GPU component rate as posted,wayback,https://web.archive.org/web/20250416205610/https://coreweave.com/pricing,GPU-component-only billing (vCPU/RAM billed separately)
2025-04-16,CoreWeave,H200,HGX SXM5 141GB,6.305,on-demand,USD,8-GPU instance $50.44/hr / 8 GPUs,wayback,https://web.archive.org/web/20250416205610/https://coreweave.com/pricing,instance price incl. CPU/RAM/storage (on-demand instance table)
2025-04-16,CoreWeave,V100,NVLink 16GB,0.8,on-demand,USD,GPU component rate as posted,wayback,https://web.archive.org/web/20250416205610/https://coreweave.com/pricing,GPU-component-only billing (vCPU/RAM billed separately)
2025-04-18,CoreWeave,A100,NVLINK 40GB,2.06,on-demand,USD,posted per-GPU component rate,commoncrawl,CC-MAIN-2025-18 crawl-data/CC-MAIN-2025-18/segments/1744889135690.27/warc/CC-MAIN-20250418214300-20250419004300-00064.warc.gz#182590383,"cw-pricing-classic; GPU-component rate, excludes vCPU/RAM/storage"
2025-04-18,CoreWeave,A100,NVLINK 40GB,2.06,on-demand,USD,posted per-GPU component rate,commoncrawl,CC-MAIN-2025-18 crawl-data/CC-MAIN-2025-18/segments/1744889135690.27/warc/CC-MAIN-20250418214300-20250419004300-00869.warc.gz#162528438,"cw-pricing; GPU-component rate, excludes vCPU/RAM/storage"
2025-04-18,CoreWeave,A100,PCIe 40GB,2.06,on-demand,USD,posted per-GPU component rate,commoncrawl,CC-MAIN-2025-18 crawl-data/CC-MAIN-2025-18/segments/1744889135690.27/warc/CC-MAIN-20250418214300-20250419004300-00064.warc.gz#182590383,"cw-pricing-classic; GPU-component rate, excludes vCPU/RAM/storage"
2025-04-18,CoreWeave,A100,PCIe 40GB,2.06,on-demand,USD,posted per-GPU component rate,commoncrawl,CC-MAIN-2025-18 crawl-data/CC-MAIN-2025-18/segments/1744889135690.27/warc/CC-MAIN-20250418214300-20250419004300-00869.warc.gz#162528438,"cw-pricing; GPU-component rate, excludes vCPU/RAM/storage"
2025-04-18,CoreWeave,A100,PCIe 80GB,2.21,on-demand,USD,posted per-GPU component rate,commoncrawl,CC-MAIN-2025-18 crawl-data/CC-MAIN-2025-18/segments/1744889135690.27/warc/CC-MAIN-20250418214300-20250419004300-00064.warc.gz#182590383,"cw-pricing-classic; GPU-component rate, excludes vCPU/RAM/storage"
2025-04-18,CoreWeave,A100,PCIe 80GB,2.21,on-demand,USD,posted per-GPU component rate,commoncrawl,CC-MAIN-2025-18 crawl-data/CC-MAIN-2025-18/segments/1744889135690.27/warc/CC-MAIN-20250418214300-20250419004300-00869.warc.gz#162528438,"cw-pricing; GPU-component rate, excludes vCPU/RAM/storage"
2025-04-18,CoreWeave,A100,SXM/NVLINK 80GB,2.21,on-demand,USD,posted per-GPU component rate,commoncrawl,CC-MAIN-2025-18 crawl-data/CC-MAIN-2025-18/segments/1744889135690.27/warc/CC-MAIN-20250418214300-20250419004300-00064.warc.gz#182590383,"cw-pricing-classic; GPU-component rate, excludes vCPU/RAM/storage"
2025-04-18,CoreWeave,A100,SXM/NVLINK 80GB,2.21,on-demand,USD,posted per-GPU component rate,commoncrawl,CC-MAIN-2025-18 crawl-data/CC-MAIN-2025-18/segments/1744889135690.27/warc/CC-MAIN-20250418214300-20250419004300-00869.warc.gz#162528438,"cw-pricing; GPU-component rate, excludes vCPU/RAM/storage"
2025-04-18,coreweave,A100,,2.06,on-demand,USD,,commoncrawl,https://coreweave.com/pricing,resource-based per-GPU compute rate (NVLINK 40GB); excludes vCPU/RAM/storage
2025-04-18,coreweave,A100,,2.06,on-demand,USD,,commoncrawl,https://coreweave.com/pricing,resource-based per-GPU compute rate (PCIe 40GB); excludes vCPU/RAM/storage
2025-04-18,coreweave,A100,,2.21,on-demand,USD,,commoncrawl,https://coreweave.com/pricing,resource-based per-GPU compute rate (PCIe 80GB); excludes vCPU/RAM/storage
2025-04-18,coreweave,A100,,2.21,on-demand,USD,,commoncrawl,https://coreweave.com/pricing,resource-based per-GPU compute rate (SXM/NVLINK 80GB); excludes vCPU/RAM/storage
2025-04-18,coreweave,GB200,,10.5,on-demand,USD,,commoncrawl,https://coreweave.com/pricing,instance bundle GB200 NVL72 4xGPU total $42.00/hr (incl vCPU/RAM/IB); per-GPU
2025-04-18,coreweave,H100,,6.155,on-demand,USD,,commoncrawl,https://coreweave.com/pricing,instance bundle HGX H100 8xGPU total $49.24/hr (incl vCPU/RAM/IB); per-GPU
2025-04-18,coreweave,H100,,4.25,on-demand,USD,,commoncrawl,https://coreweave.com/pricing,resource-based per-GPU compute rate (PCIe 80GB); excludes vCPU/RAM/storage
2025-04-18,coreweave,H100,,4.76,on-demand,USD,,commoncrawl,https://coreweave.com/pricing,resource-based per-GPU compute rate (SXM/HGX 80GB); excludes vCPU/RAM/storage
2025-04-18,coreweave,H200,,6.305,on-demand,USD,,commoncrawl,https://coreweave.com/pricing,instance bundle HGX H200 8xGPU total $50.44/hr (incl vCPU/RAM/IB); per-GPU
2025-04-20,DataCrunch,A100,SXM4 40GB,0.97,2-year,USD,posted per-GPU,commoncrawl,CC-MAIN-2025-18 crawl-data/CC-MAIN-2025-18/segments/1744889135754.45/warc/CC-MAIN-20250420150543-20250420180543-00663.warc.gz#191128185,a100-sxm4 page 2-year contract
2025-04-20,DataCrunch,A100,SXM4 80GB,1.31,2-year,USD,posted per-GPU,commoncrawl,CC-MAIN-2025-18 crawl-data/CC-MAIN-2025-18/segments/1744889135754.45/warc/CC-MAIN-20250420150543-20250420180543-00663.warc.gz#191128185,a100-sxm4 page 2-year contract
2025-04-20,DataCrunch,A100,SXM4 80GB,1.3125,2-year,USD,instance 4A100 total/hr / 4 GPUs,commoncrawl,CC-MAIN-2025-18 crawl-data/CC-MAIN-2025-18/segments/1744889135754.45/warc/CC-MAIN-20250420150543-20250420180543-00630.warc.gz#168833883,products instance table (2-year col); posted $5.25/h for 4x
2025-04-20,DataCrunch,A100,SXM4 80GB,1.315,2-year,USD,instance 2A100 total/hr / 2 GPUs,commoncrawl,CC-MAIN-2025-18 crawl-data/CC-MAIN-2025-18/segments/1744889135754.45/warc/CC-MAIN-20250420150543-20250420180543-00630.warc.gz#168833883,products instance table (2-year col); posted $2.63/h for 2x
2025-04-20,DataCrunch,A100,SXM4 80GB,1.31,2-year,USD,instance 1A100 total/hr / 1 GPUs,commoncrawl,CC-MAIN-2025-18 crawl-data/CC-MAIN-2025-18/segments/1744889135754.45/warc/CC-MAIN-20250420150543-20250420180543-00630.warc.gz#168833883,products instance table (2-year col); posted $1.31/h for 1x
2025-04-20,DataCrunch,A100,SXM4 80GB,1.68,6-month,USD,instance 1A100 total/hr / 1 GPUs,commoncrawl,CC-MAIN-2025-18 crawl-data/CC-MAIN-2025-18/segments/1744889135754.45/warc/CC-MAIN-20250420150543-20250420180543-00630.warc.gz#168833883,products instance table (6-month col); posted $1.68/h for 1x
2025-04-20,DataCrunch,A100,SXM4 40GB,1.29,on-demand,USD,posted per-GPU,commoncrawl,CC-MAIN-2025-18 crawl-data/CC-MAIN-2025-18/segments/1744889135754.45/warc/CC-MAIN-20250420150543-20250420180543-00663.warc.gz#191128185,a100-sxm4 page Pay-As-You-Go instance
2025-04-20,DataCrunch,A100,SXM4 80GB,1.75,on-demand,USD,posted per-GPU,commoncrawl,CC-MAIN-2025-18 crawl-data/CC-MAIN-2025-18/segments/1744889135754.45/warc/CC-MAIN-20250420150543-20250420180543-00663.warc.gz#191128185,a100-sxm4 page Pay-As-You-Go instance
2025-04-20,DataCrunch,A100,SXM4 80GB,1.75,on-demand,USD,instance 1A100 total/hr / 1 GPUs,commoncrawl,CC-MAIN-2025-18 crawl-data/CC-MAIN-2025-18/segments/1744889135754.45/warc/CC-MAIN-20250420150543-20250420180543-00630.warc.gz#168833883,products instance table (on-demand col); posted $1.75/h for 1x
2025-04-20,DataCrunch,V100,SXM2 16GB,0.18,2-year,USD,instance 1V100 total/hr / 1 GPUs,commoncrawl,CC-MAIN-2025-18 crawl-data/CC-MAIN-2025-18/segments/1744889135754.45/warc/CC-MAIN-20250420150543-20250420180543-00630.warc.gz#168833883,products instance table (2-year col); posted $0.18/h for 1x
2025-04-20,DataCrunch,V100,SXM2 16GB,0.23,6-month,USD,instance 1V100 total/hr / 1 GPUs,commoncrawl,CC-MAIN-2025-18 crawl-data/CC-MAIN-2025-18/segments/1744889135754.45/warc/CC-MAIN-20250420150543-20250420180543-00630.warc.gz#168833883,products instance table (6-month col); posted $0.23/h for 1x
2025-04-20,DataCrunch,V100,SXM2 16GB,0.24,on-demand,USD,instance 1V100 total/hr / 1 GPUs,commoncrawl,CC-MAIN-2025-18 crawl-data/CC-MAIN-2025-18/segments/1744889135754.45/warc/CC-MAIN-20250420150543-20250420180543-00630.warc.gz#168833883,products instance table (on-demand col); posted $0.24/h for 1x
2025-04-22,lambda,GH200,,5.99,3-12M,USD,,commoncrawl,https://lambda.ai/service/gpu-cloud/reserved-cloud-pricing,reserve '$5.99 /GH200/hour 3-12 months 10 or 20'
2025-04-22,lambda,H100,,4.49,1CC-cluster,USD,,commoncrawl,https://lambda.ai/service/gpu-cloud/1-click-clusters,1-Click-Cluster on-demand cluster rate (per-GPU); 1cc-OD-cluster ' 16 to 512 NVIDIA H100 GPUs On-demand 1 week+'
2025-04-22,lambda,H100,,1.89,3Y,USD,,commoncrawl,https://lambda.ai/service/gpu-cloud/reserved-cloud-pricing,"reserve '$1.89/H100/hour 3 years 64 - 32,000 NVIDIA H200 8x NVID'"
2025-04-23,RunPod,A100,PCIe 80GB,1.64,on-demand,USD,posted per-GPU,commoncrawl,CC-MAIN-2025-18 crawl-data/CC-MAIN-2025-18/segments/1744889135857.51/warc/CC-MAIN-20250423164554-20250423194554-00242.warc.gz#947154058,secure cloud; __NEXT_DATA__ gpu[A100 PCIe].securePrice
2025-04-23,RunPod,A100,PCIe 80GB,1.19,on-demand,USD,posted per-GPU,commoncrawl,CC-MAIN-2025-18 crawl-data/CC-MAIN-2025-18/segments/1744889135857.51/warc/CC-MAIN-20250423164554-20250423194554-00242.warc.gz#947154058,community cloud; __NEXT_DATA__ gpu[A100 PCIe].communityPrice
2025-04-23,RunPod,A100,SXM4 80GB,1.89,on-demand,USD,posted per-GPU,commoncrawl,CC-MAIN-2025-18 crawl-data/CC-MAIN-2025-18/segments/1744889135857.51/warc/CC-MAIN-20250423164554-20250423194554-00242.warc.gz#947154058,secure cloud; __NEXT_DATA__ gpu[A100 SXM].securePrice
2025-04-23,RunPod,A100,SXM4 80GB,1.59,on-demand,USD,posted per-GPU,commoncrawl,CC-MAIN-2025-18 crawl-data/CC-MAIN-2025-18/segments/1744889135857.51/warc/CC-MAIN-20250423164554-20250423194554-00242.warc.gz#947154058,community cloud; __NEXT_DATA__ gpu[A100 SXM].communityPrice
2025-04-23,RunPod,V100,FHHL 16GB,0.19,on-demand,USD,posted per-GPU,commoncrawl,CC-MAIN-2025-18 crawl-data/CC-MAIN-2025-18/segments/1744889135857.51/warc/CC-MAIN-20250423164554-20250423194554-00242.warc.gz#947154058,community cloud; __NEXT_DATA__ gpu[V100 FHHL].communityPrice
2025-04-23,RunPod,V100,PCIe 16GB,0.19,on-demand,USD,posted per-GPU,commoncrawl,CC-MAIN-2025-18 crawl-data/CC-MAIN-2025-18/segments/1744889135857.51/warc/CC-MAIN-20250423164554-20250423194554-00242.warc.gz#947154058,community cloud; __NEXT_DATA__ gpu[Tesla V100].communityPrice
2025-04-23,RunPod,V100,SXM2 16GB,0.23,on-demand,USD,posted per-GPU,commoncrawl,CC-MAIN-2025-18 crawl-data/CC-MAIN-2025-18/segments/1744889135857.51/warc/CC-MAIN-20250423164554-20250423194554-00242.warc.gz#947154058,community cloud; __NEXT_DATA__ gpu[V100 SXM2].communityPrice
2025-04-23,RunPod,V100,SXM2 32GB,0.49,on-demand,USD,posted per-GPU,commoncrawl,CC-MAIN-2025-18 crawl-data/CC-MAIN-2025-18/segments/1744889135857.51/warc/CC-MAIN-20250423164554-20250423194554-00242.warc.gz#947154058,secure cloud; __NEXT_DATA__ gpu[V100 SXM2 32GB].securePrice
2025-04-23,RunPod,V100,SXM2 32GB,0.33,on-demand,USD,posted per-GPU,commoncrawl,CC-MAIN-2025-18 crawl-data/CC-MAIN-2025-18/segments/1744889135857.51/warc/CC-MAIN-20250423164554-20250423194554-00242.warc.gz#947154058,community cloud; __NEXT_DATA__ gpu[V100 SXM2 32GB].communityPrice
2025-04-23,runpod,A100,SXM 80GB,1.89,on-demand,USD,,commoncrawl,https://www.runpod.io/gpu-cloud,"secure cloud on-demand, per-GPU"
2025-04-23,runpod,A100,SXM 80GB,1.59,on-demand,USD,,commoncrawl,https://www.runpod.io/gpu-cloud,"community cloud on-demand, per-GPU"
2025-04-23,runpod,B200,,7.99,on-demand,USD,,commoncrawl,https://www.runpod.io/gpu-cloud,"secure cloud on-demand, per-GPU"
2025-04-23,runpod,H100,SXM 80GB,2.99,on-demand,USD,,commoncrawl,https://www.runpod.io/gpu-cloud,"secure cloud on-demand, per-GPU"
2025-04-23,runpod,H100,SXM 80GB,2.69,on-demand,USD,,commoncrawl,https://www.runpod.io/gpu-cloud,"community cloud on-demand, per-GPU"
2025-04-23,runpod,H200,,3.99,on-demand,USD,,commoncrawl,https://www.runpod.io/gpu-cloud,"secure cloud on-demand, per-GPU"
2025-04-23,runpod,H200,,3.59,on-demand,USD,,commoncrawl,https://www.runpod.io/gpu-cloud,"community cloud on-demand, per-GPU"
2025-04-24,RunPod,A100,PCIe 80GB,1.48,1-month savings plan,USD,posted per-GPU,commoncrawl,CC-MAIN-2025-18 crawl-data/CC-MAIN-2025-18/segments/1744889135879.56/warc/CC-MAIN-20250424022518-20250424052518-00957.warc.gz#921879903,secure; __NEXT_DATA__ gpu[NVIDIA A100 80GB PCIe].oneMonthPrice
2025-04-24,RunPod,A100,SXM4 80GB,1.7,1-month savings plan,USD,posted per-GPU,commoncrawl,CC-MAIN-2025-18 crawl-data/CC-MAIN-2025-18/segments/1744889135879.56/warc/CC-MAIN-20250424022518-20250424052518-00957.warc.gz#921879903,secure; __NEXT_DATA__ gpu[NVIDIA A100-SXM4-80GB].oneMonthPrice
2025-04-24,RunPod,A100,PCIe 80GB,1.39,3-month savings plan,USD,posted per-GPU,commoncrawl,CC-MAIN-2025-18 crawl-data/CC-MAIN-2025-18/segments/1744889135879.56/warc/CC-MAIN-20250424022518-20250424052518-00957.warc.gz#921879903,secure; __NEXT_DATA__ gpu[NVIDIA A100 80GB PCIe].threeMonthPrice
2025-04-24,RunPod,A100,SXM4 80GB,1.51,3-month savings plan,USD,posted per-GPU,commoncrawl,CC-MAIN-2025-18 crawl-data/CC-MAIN-2025-18/segments/1744889135879.56/warc/CC-MAIN-20250424022518-20250424052518-00957.warc.gz#921879903,secure; __NEXT_DATA__ gpu[NVIDIA A100-SXM4-80GB].threeMonthPrice
2025-04-24,RunPod,A100,PCIe 80GB,1.64,on-demand,USD,posted per-GPU,commoncrawl,CC-MAIN-2025-18 crawl-data/CC-MAIN-2025-18/segments/1744889135879.56/warc/CC-MAIN-20250424022518-20250424052518-00957.warc.gz#921879903,secure cloud; __NEXT_DATA__ gpu[NVIDIA A100 80GB PCIe].securePrice
2025-04-24,RunPod,A100,PCIe 80GB,1.19,on-demand,USD,posted per-GPU,commoncrawl,CC-MAIN-2025-18 crawl-data/CC-MAIN-2025-18/segments/1744889135879.56/warc/CC-MAIN-20250424022518-20250424052518-00957.warc.gz#921879903,community cloud; __NEXT_DATA__ gpu[NVIDIA A100 80GB PCIe].communityPrice
2025-04-24,RunPod,A100,SXM4 80GB,1.89,on-demand,USD,posted per-GPU,commoncrawl,CC-MAIN-2025-18 crawl-data/CC-MAIN-2025-18/segments/1744889135879.56/warc/CC-MAIN-20250424022518-20250424052518-00957.warc.gz#921879903,secure cloud; __NEXT_DATA__ gpu[NVIDIA A100-SXM4-80GB].securePrice
2025-04-24,RunPod,A100,SXM4 80GB,1.59,on-demand,USD,posted per-GPU,commoncrawl,CC-MAIN-2025-18 crawl-data/CC-MAIN-2025-18/segments/1744889135879.56/warc/CC-MAIN-20250424022518-20250424052518-00957.warc.gz#921879903,community cloud; __NEXT_DATA__ gpu[NVIDIA A100-SXM4-80GB].communityPrice
2025-04-24,RunPod,A100,PCIe 80GB,0.82,spot,USD,posted per-GPU,commoncrawl,CC-MAIN-2025-18 crawl-data/CC-MAIN-2025-18/segments/1744889135879.56/warc/CC-MAIN-20250424022518-20250424052518-00957.warc.gz#921879903,secure spot; __NEXT_DATA__ gpu[NVIDIA A100 80GB PCIe].secureSpotPrice
2025-04-24,RunPod,A100,PCIe 80GB,0.6,spot,USD,posted per-GPU,commoncrawl,CC-MAIN-2025-18 crawl-data/CC-MAIN-2025-18/segments/1744889135879.56/warc/CC-MAIN-20250424022518-20250424052518-00957.warc.gz#921879903,community spot; __NEXT_DATA__ gpu[NVIDIA A100 80GB PCIe].communitySpotPrice
2025-04-24,RunPod,A100,SXM4 80GB,0.95,spot,USD,posted per-GPU,commoncrawl,CC-MAIN-2025-18 crawl-data/CC-MAIN-2025-18/segments/1744889135879.56/warc/CC-MAIN-20250424022518-20250424052518-00957.warc.gz#921879903,secure spot; __NEXT_DATA__ gpu[NVIDIA A100-SXM4-80GB].secureSpotPrice
2025-04-24,RunPod,A100,SXM4 80GB,0.89,spot,USD,posted per-GPU,commoncrawl,CC-MAIN-2025-18 crawl-data/CC-MAIN-2025-18/segments/1744889135879.56/warc/CC-MAIN-20250424022518-20250424052518-00957.warc.gz#921879903,community spot; __NEXT_DATA__ gpu[NVIDIA A100-SXM4-80GB].communitySpotPrice
2025-04-24,RunPod,V100,SXM2 32GB,0.44,1-month savings plan,USD,posted per-GPU,commoncrawl,CC-MAIN-2025-18 crawl-data/CC-MAIN-2025-18/segments/1744889135879.56/warc/CC-MAIN-20250424022518-20250424052518-00957.warc.gz#921879903,secure; __NEXT_DATA__ gpu[Tesla V100-SXM2-32GB].oneMonthPrice
2025-04-24,RunPod,V100,SXM2 32GB,0.42,3-month savings plan,USD,posted per-GPU,commoncrawl,CC-MAIN-2025-18 crawl-data/CC-MAIN-2025-18/segments/1744889135879.56/warc/CC-MAIN-20250424022518-20250424052518-00957.warc.gz#921879903,secure; __NEXT_DATA__ gpu[Tesla V100-SXM2-32GB].threeMonthPrice
2025-04-24,RunPod,V100,FHHL 16GB,0.19,on-demand,USD,posted per-GPU,commoncrawl,CC-MAIN-2025-18 crawl-data/CC-MAIN-2025-18/segments/1744889135879.56/warc/CC-MAIN-20250424022518-20250424052518-00957.warc.gz#921879903,community cloud; __NEXT_DATA__ gpu[Tesla V100-FHHL-16GB].communityPrice
2025-04-24,RunPod,V100,PCIe 16GB,0.19,on-demand,USD,posted per-GPU,commoncrawl,CC-MAIN-2025-18 crawl-data/CC-MAIN-2025-18/segments/1744889135879.56/warc/CC-MAIN-20250424022518-20250424052518-00957.warc.gz#921879903,community cloud; __NEXT_DATA__ gpu[Tesla V100-PCIE-16GB].communityPrice
2025-04-24,RunPod,V100,SXM2 16GB,0.23,on-demand,USD,posted per-GPU,commoncrawl,CC-MAIN-2025-18 crawl-data/CC-MAIN-2025-18/segments/1744889135879.56/warc/CC-MAIN-20250424022518-20250424052518-00957.warc.gz#921879903,community cloud; __NEXT_DATA__ gpu[Tesla V100-SXM2-16GB].communityPrice
2025-04-24,RunPod,V100,SXM2 32GB,0.49,on-demand,USD,posted per-GPU,commoncrawl,CC-MAIN-2025-18 crawl-data/CC-MAIN-2025-18/segments/1744889135879.56/warc/CC-MAIN-20250424022518-20250424052518-00957.warc.gz#921879903,secure cloud; __NEXT_DATA__ gpu[Tesla V100-SXM2-32GB].securePrice
2025-04-24,RunPod,V100,SXM2 32GB,0.33,on-demand,USD,posted per-GPU,commoncrawl,CC-MAIN-2025-18 crawl-data/CC-MAIN-2025-18/segments/1744889135879.56/warc/CC-MAIN-20250424022518-20250424052518-00957.warc.gz#921879903,community cloud; __NEXT_DATA__ gpu[Tesla V100-SXM2-32GB].communityPrice
2025-04-24,RunPod,V100,FHHL 16GB,0.1,spot,USD,posted per-GPU,commoncrawl,CC-MAIN-2025-18 crawl-data/CC-MAIN-2025-18/segments/1744889135879.56/warc/CC-MAIN-20250424022518-20250424052518-00957.warc.gz#921879903,community spot; __NEXT_DATA__ gpu[Tesla V100-FHHL-16GB].communitySpotPrice
2025-04-24,RunPod,V100,PCIe 16GB,0.1,spot,USD,posted per-GPU,commoncrawl,CC-MAIN-2025-18 crawl-data/CC-MAIN-2025-18/segments/1744889135879.56/warc/CC-MAIN-20250424022518-20250424052518-00957.warc.gz#921879903,community spot; __NEXT_DATA__ gpu[Tesla V100-PCIE-16GB].communitySpotPrice
2025-04-24,RunPod,V100,SXM2 16GB,0.12,spot,USD,posted per-GPU,commoncrawl,CC-MAIN-2025-18 crawl-data/CC-MAIN-2025-18/segments/1744889135879.56/warc/CC-MAIN-20250424022518-20250424052518-00957.warc.gz#921879903,community spot; __NEXT_DATA__ gpu[Tesla V100-SXM2-16GB].communitySpotPrice
2025-04-24,RunPod,V100,SXM2 32GB,0.25,spot,USD,posted per-GPU,commoncrawl,CC-MAIN-2025-18 crawl-data/CC-MAIN-2025-18/segments/1744889135879.56/warc/CC-MAIN-20250424022518-20250424052518-00957.warc.gz#921879903,secure spot; __NEXT_DATA__ gpu[Tesla V100-SXM2-32GB].secureSpotPrice
2025-04-24,RunPod,V100,SXM2 32GB,0.17,spot,USD,posted per-GPU,commoncrawl,CC-MAIN-2025-18 crawl-data/CC-MAIN-2025-18/segments/1744889135879.56/warc/CC-MAIN-20250424022518-20250424052518-00957.warc.gz#921879903,community spot; __NEXT_DATA__ gpu[Tesla V100-SXM2-32GB].communitySpotPrice
2025-04-24,runpod,A100,SXM 80GB,1.7,1mo,USD,,commoncrawl,https://www.runpod.io/pricing,"savings plan 1-month, per-GPU"
2025-04-24,runpod,A100,SXM 80GB,1.51,3mo,USD,,commoncrawl,https://www.runpod.io/pricing,"savings plan 3-month, per-GPU"
2025-04-24,runpod,A100,SXM 80GB,1.89,on-demand,USD,,commoncrawl,https://www.runpod.io/pricing,"secure cloud on-demand, per-GPU"
2025-04-24,runpod,A100,SXM 80GB,1.59,on-demand,USD,,commoncrawl,https://www.runpod.io/pricing,"community cloud on-demand, per-GPU"
2025-04-24,runpod,B200,,6.99,1mo,USD,,commoncrawl,https://www.runpod.io/pricing,"savings plan 1-month, per-GPU"
2025-04-24,runpod,B200,,7.99,on-demand,USD,,commoncrawl,https://www.runpod.io/pricing,"secure cloud on-demand, per-GPU"
2025-04-24,runpod,H100,SXM 80GB,2.85,1mo,USD,,commoncrawl,https://www.runpod.io/pricing,"savings plan 1-month, per-GPU"
2025-04-24,runpod,H100,SXM 80GB,2.79,3mo,USD,,commoncrawl,https://www.runpod.io/pricing,"savings plan 3-month, per-GPU"
2025-04-24,runpod,H100,SXM 80GB,2.49,6mo,USD,,commoncrawl,https://www.runpod.io/pricing,"savings plan 6-month, per-GPU"
2025-04-24,runpod,H100,SXM 80GB,2.99,on-demand,USD,,commoncrawl,https://www.runpod.io/pricing,"secure cloud on-demand, per-GPU"
2025-04-24,runpod,H100,SXM 80GB,2.69,on-demand,USD,,commoncrawl,https://www.runpod.io/pricing,"community cloud on-demand, per-GPU"
2025-04-24,runpod,H200,,3.99,on-demand,USD,,commoncrawl,https://www.runpod.io/pricing,"secure cloud on-demand, per-GPU"
2025-04-24,runpod,H200,,3.59,on-demand,USD,,commoncrawl,https://www.runpod.io/pricing,"community cloud on-demand, per-GPU"
2025-04-26,digitalocean,H100,SXM 80GB,1.99,1Y,USD,,commoncrawl,https://www.digitalocean.com/products/gpu-droplets,"extras.commitment, 12-month, per-GPU (8x)"
2025-04-26,digitalocean,H100,SXM 80GB,6.74,on-demand,USD,,commoncrawl,https://www.digitalocean.com/products/gpu-droplets,slug h100x1; total $6.74/hr per 1GPU; promo $3.39/GPU-hr
2025-04-26,digitalocean,H100,SXM 80GB,5.95,on-demand,USD,,commoncrawl,https://www.digitalocean.com/products/gpu-droplets,slug h100x8; total $47.6/hr per 8GPU; promo $2.99/GPU-hr
2025-04-27,digitalocean,H100,SXM 80GB,1.99,1Y,USD,,commoncrawl,https://www.digitalocean.com/pricing/gpu-droplets,"extras.commitment, 12-month, per-GPU (8x)"
2025-04-27,digitalocean,H100,SXM 80GB,6.74,on-demand,USD,,commoncrawl,https://www.digitalocean.com/pricing/gpu-droplets,slug h100x1; total $6.74/hr per 1GPU; promo $3.39/GPU-hr
2025-04-27,digitalocean,H100,SXM 80GB,5.95,on-demand,USD,,commoncrawl,https://www.digitalocean.com/pricing/gpu-droplets,slug h100x8; total $47.6/hr per 8GPU; promo $2.99/GPU-hr
2025-04-28,Hyperstack,A100,80GB PCIe NVLink,1.4,on-demand,USD,posted per-GPU,commoncrawl,CC-MAIN-2025-18 crawl-data/CC-MAIN-2025-18/segments/1744889457968.76/warc/CC-MAIN-20250428205407-20250428235407-00320.warc.gz#823866165,on-demand rate card
2025-04-28,Hyperstack,A100,PCIe 80GB,1.35,on-demand,USD,posted per-GPU,commoncrawl,CC-MAIN-2025-18 crawl-data/CC-MAIN-2025-18/segments/1744889457968.76/warc/CC-MAIN-20250428205407-20250428235407-00320.warc.gz#823866165,on-demand rate card
2025-04-28,Hyperstack,A100,80GB PCIe NVLink,0.98,reservation (starts-from),USD,posted per-GPU,commoncrawl,CC-MAIN-2025-18 crawl-data/CC-MAIN-2025-18/segments/1744889457968.76/warc/CC-MAIN-20250428205407-20250428235407-00320.warc.gz#823866165,TEASER reservation 'starts from' floor
2025-04-28,Hyperstack,A100,PCIe 80GB,0.95,reservation (starts-from),USD,posted per-GPU,commoncrawl,CC-MAIN-2025-18 crawl-data/CC-MAIN-2025-18/segments/1744889457968.76/warc/CC-MAIN-20250428205407-20250428235407-00320.warc.gz#823866165,TEASER reservation 'starts from' floor
2025-04-28,hyperstack,A100,PCIe,1.4,on-demand,USD,,commoncrawl,https://www.hyperstack.cloud/gpu-pricing,era-C name='A100 80GB PCIe NVLink 80 31 240' OD
2025-04-28,hyperstack,A100,PCIe,1.35,on-demand,USD,,commoncrawl,https://www.hyperstack.cloud/gpu-pricing,era-C name='A100 PCIe 80GB 80 28 120' OD
2025-04-28,hyperstack,A100,PCIe,0.98,reservation,USD,,commoncrawl,https://www.hyperstack.cloud/gpu-pricing,"reservation 'starts-from' floor (longer-term contract, invoiced monthly); era-C name='A100 80GB PCIe NVLink 80 31 240' reserve-from"
2025-04-28,hyperstack,A100,PCIe,0.95,reservation,USD,,commoncrawl,https://www.hyperstack.cloud/gpu-pricing,"reservation 'starts-from' floor (longer-term contract, invoiced monthly); era-C name='A100 PCIe 80GB 80 28 120' reserve-from"
2025-04-28,hyperstack,H100,PCIe,1.95,on-demand,USD,,commoncrawl,https://www.hyperstack.cloud/gpu-pricing,era-C name='H100 PCIe NVLink 80GB 80 31 180' OD
2025-04-28,hyperstack,H100,PCIe,1.9,on-demand,USD,,commoncrawl,https://www.hyperstack.cloud/gpu-pricing,era-C name='H100 PCIe 80GB 80 28 180' OD
2025-04-28,hyperstack,H100,PCIe,1.37,reservation,USD,,commoncrawl,https://www.hyperstack.cloud/gpu-pricing,"reservation 'starts-from' floor (longer-term contract, invoiced monthly); era-C name='H100 PCIe NVLink 80GB 80 31 180' reserve-from"
2025-04-28,hyperstack,H100,PCIe,1.33,reservation,USD,,commoncrawl,https://www.hyperstack.cloud/gpu-pricing,"reservation 'starts-from' floor (longer-term contract, invoiced monthly); era-C name='H100 PCIe 80GB 80 28 180' reserve-from"
2025-04-28,hyperstack,H100,SXM,2.4,on-demand,USD,,commoncrawl,https://www.hyperstack.cloud/gpu-pricing,era-C name='H100 SXM 80GB 80 24 240' OD
2025-04-28,hyperstack,H100,SXM,1.9,reservation,USD,,commoncrawl,https://www.hyperstack.cloud/gpu-pricing,"reservation 'starts-from' floor (longer-term contract, invoiced monthly); era-C name='H100 SXM 80GB 80 24 240' reserve-from"
2025-05-01,AWS,A100,SXM4 40GB (p4d.24xlarge),4.0963,on-demand,USD,p4d.24xlarge $32.77/hr / 8 GPUs,wayback,https://web.archive.org/web/20250501150413/https://aws.amazon.com/ec2/instance-types/p4/,"US East (N. Virginia), Linux"
2025-05-01,AWS,A100,SXM4 40GB (p4d.24xlarge),2.4025,reserved-1yr,USD,p4d.24xlarge $19.22/hr / 8 GPUs,wayback,https://web.archive.org/web/20250501150413/https://aws.amazon.com/ec2/instance-types/p4/,"US East (N. Virginia), Linux; effective hourly RI"
2025-05-01,AWS,A100,SXM4 40GB (p4d.24xlarge),1.4463,reserved-3yr,USD,p4d.24xlarge $11.57/hr / 8 GPUs,wayback,https://web.archive.org/web/20250501150413/https://aws.amazon.com/ec2/instance-types/p4/,"US East (N. Virginia), Linux; effective hourly RI"
2025-05-01,AWS,A100,SXM4 80GB (p4de.24xlarge),5.12,on-demand,USD,p4de.24xlarge $40.96/hr / 8 GPUs,wayback,https://web.archive.org/web/20250501150413/https://aws.amazon.com/ec2/instance-types/p4/,"US East (N. Virginia), Linux"
2025-05-01,AWS,A100,SXM4 80GB (p4de.24xlarge),3.0013,reserved-1yr,USD,p4de.24xlarge $24.01/hr / 8 GPUs,wayback,https://web.archive.org/web/20250501150413/https://aws.amazon.com/ec2/instance-types/p4/,"US East (N. Virginia), Linux; effective hourly RI"
2025-05-01,AWS,A100,SXM4 80GB (p4de.24xlarge),1.8075,reserved-3yr,USD,p4de.24xlarge $14.46/hr / 8 GPUs,wayback,https://web.archive.org/web/20250501150413/https://aws.amazon.com/ec2/instance-types/p4/,"US East (N. Virginia), Linux; effective hourly RI"
2025-05-02,RunPod,A100,PCIe 80GB,1.19,on-demand-community,USD,1x GPU price as posted,wayback,https://web.archive.org/web/20250502180710/https://www.runpod.io/pricing,
2025-05-02,RunPod,A100,PCIe 80GB,1.64,on-demand-secure,USD,1x GPU price as posted,wayback,https://web.archive.org/web/20250502180710/https://www.runpod.io/pricing,
2025-05-02,RunPod,A100,SXM 80GB,1.89,on-demand-secure,USD,1x GPU price as posted,wayback,https://web.archive.org/web/20250502180710/https://www.runpod.io/pricing,
2025-05-02,RunPod,H100,NVL 94GB,2.59,on-demand-community,USD,1x GPU price as posted,wayback,https://web.archive.org/web/20250502180710/https://www.runpod.io/pricing,
2025-05-02,RunPod,H100,NVL 94GB,2.79,on-demand-secure,USD,1x GPU price as posted,wayback,https://web.archive.org/web/20250502180710/https://www.runpod.io/pricing,
2025-05-02,RunPod,H100,PCIe 80GB,1.99,on-demand-community,USD,1x GPU price as posted,wayback,https://web.archive.org/web/20250502180710/https://www.runpod.io/pricing,
2025-05-02,RunPod,H100,PCIe 80GB,2.39,on-demand-secure,USD,1x GPU price as posted,wayback,https://web.archive.org/web/20250502180710/https://www.runpod.io/pricing,
2025-05-02,RunPod,H100,SXM 80GB,2.69,on-demand-community,USD,1x GPU price as posted,wayback,https://web.archive.org/web/20250502180710/https://www.runpod.io/pricing,
2025-05-02,RunPod,H100,SXM 80GB,2.99,on-demand-secure,USD,1x GPU price as posted,wayback,https://web.archive.org/web/20250502180710/https://www.runpod.io/pricing,
2025-05-02,RunPod,H200,SXM 141GB,3.59,on-demand-community,USD,1x GPU price as posted,wayback,https://web.archive.org/web/20250502180710/https://www.runpod.io/pricing,
2025-05-02,RunPod,H200,SXM 141GB,3.99,on-demand-secure,USD,1x GPU price as posted,wayback,https://web.archive.org/web/20250502180710/https://www.runpod.io/pricing,
2025-05-05,Lambda,A100,A100 PCIe 40GB,1.29,on-demand,USD,as posted $/GPU/hr (4x config),wayback,https://web.archive.org/web/20250505010805/https://lambda.ai/service/gpu-cloud,
2025-05-05,Lambda,A100,A100 SXM 40GB,1.29,on-demand,USD,as posted $/GPU/hr (8x config),wayback,https://web.archive.org/web/20250505010805/https://lambda.ai/service/gpu-cloud,
2025-05-05,Lambda,A100,A100 SXM 80GB,1.79,on-demand,USD,as posted $/GPU/hr (8x config),wayback,https://web.archive.org/web/20250505010805/https://lambda.ai/service/gpu-cloud,
2025-05-05,Lambda,GH200,GH200 96GB,1.49,on-demand,USD,as posted $/GPU/hr (1x config),wayback,https://web.archive.org/web/20250505010805/https://lambda.ai/service/gpu-cloud,
2025-05-05,Lambda,H100,H100 PCIe 80GB,2.49,on-demand,USD,as posted $/GPU/hr (1x config),wayback,https://web.archive.org/web/20250505010805/https://lambda.ai/service/gpu-cloud,
2025-05-05,Lambda,H100,H100 SXM 80GB,2.99,on-demand,USD,as posted $/GPU/hr (8x config),wayback,https://web.archive.org/web/20250505010805/https://lambda.ai/service/gpu-cloud,
2025-05-05,Lambda,V100,Tesla V100 16GB,0.55,on-demand,USD,as posted $/GPU/hr (8x config),wayback,https://web.archive.org/web/20250505010805/https://lambda.ai/service/gpu-cloud,
2025-05-07,OVHcloud,A100,"PCIe 80GB (a100-180, 1x A100)",3.07,on-demand,USD,"posted per-instance, 1 GPU = per-GPU",wayback,https://web.archive.org/web/20250507135548/https://www.ovhcloud.com/en/public-cloud/prices/,1x/2x/4x sizes ~same per-GPU
2025-05-07,OVHcloud,H100,"PCIe 80GB (h100-380, 1x H100)",2.99,on-demand,USD,"posted per-instance, 1 GPU = per-GPU",wayback,https://web.archive.org/web/20250507135548/https://www.ovhcloud.com/en/public-cloud/prices/,1x/2x/4x sizes ~same per-GPU
2025-05-07,OVHcloud,V100,"PCIe 16GB (t1-45, 1x V100)",1.97,on-demand,USD,"posted per-instance, 1 GPU = per-GPU",wayback,https://web.archive.org/web/20250507135548/https://www.ovhcloud.com/en/public-cloud/prices/,1x/2x/4x sizes ~same per-GPU
2025-05-07,OVHcloud,V100,"PCIe 16GB (t1-le-45, 1x V100)",0.77,on-demand,USD,"posted per-instance, 1 GPU = per-GPU",wayback,https://web.archive.org/web/20250507135548/https://www.ovhcloud.com/en/public-cloud/prices/,reduced-storage t1-le line; 1x/2x/4x sizes ~same per-GPU
2025-05-07,OVHcloud,V100,"PCIe 32GB (t2-45, 1x V100)",2.19,on-demand,USD,"posted per-instance, 1 GPU = per-GPU",wayback,https://web.archive.org/web/20250507135548/https://www.ovhcloud.com/en/public-cloud/prices/,1x/2x/4x sizes ~same per-GPU
2025-05-07,OVHcloud,V100,"PCIe 32GB (t2-le-45, 1x V100)",0.88,on-demand,USD,"posted per-instance, 1 GPU = per-GPU",wayback,https://web.archive.org/web/20250507135548/https://www.ovhcloud.com/en/public-cloud/prices/,reduced-storage t2-le line; 1x/2x/4x sizes ~same per-GPU
2025-05-11,CoreWeave,A100,HGX 80GB,2.7,on-demand,USD,8-GPU instance $21.6/hr / 8 GPUs,wayback,https://web.archive.org/web/20250511175459/https://coreweave.com/pricing,instance price incl. CPU/RAM/storage (on-demand instance table)
2025-05-11,CoreWeave,A100,NVLink 40GB,2.06,on-demand,USD,GPU component rate as posted,wayback,https://web.archive.org/web/20250511175459/https://coreweave.com/pricing,GPU-component-only billing (vCPU/RAM billed separately)
2025-05-11,CoreWeave,A100,NVLink 80GB,2.21,on-demand,USD,GPU component rate as posted,wayback,https://web.archive.org/web/20250511175459/https://coreweave.com/pricing,GPU-component-only billing (vCPU/RAM billed separately)
2025-05-11,CoreWeave,A100,PCIe 40GB,2.06,on-demand,USD,GPU component rate as posted,wayback,https://web.archive.org/web/20250511175459/https://coreweave.com/pricing,GPU-component-only billing (vCPU/RAM billed separately)
2025-05-11,CoreWeave,A100,PCIe 80GB,2.21,on-demand,USD,GPU component rate as posted,wayback,https://web.archive.org/web/20250511175459/https://coreweave.com/pricing,GPU-component-only billing (vCPU/RAM billed separately)
2025-05-11,CoreWeave,GB200,NVL72 (4-GPU instance),10.5,on-demand,USD,4-GPU instance $42.0/hr / 4 GPUs,wayback,https://web.archive.org/web/20250511175459/https://coreweave.com/pricing,instance price incl. CPU/RAM/storage (on-demand instance table); 4-GPU (Grace-paired) instance slice of NVL72
2025-05-11,CoreWeave,GH200,96GB,6.5,on-demand,USD,1-GPU instance $6.5/hr / 1 GPUs,wayback,https://web.archive.org/web/20250511175459/https://coreweave.com/pricing,instance price incl. CPU/RAM/storage (on-demand instance table)
2025-05-11,CoreWeave,H100,HGX SXM5 80GB,6.155,on-demand,USD,8-GPU instance $49.24/hr / 8 GPUs,wayback,https://web.archive.org/web/20250511175459/https://coreweave.com/pricing,instance price incl. CPU/RAM/storage (on-demand instance table)
2025-05-11,CoreWeave,H100,HGX SXM5 80GB (GPU component),4.76,on-demand,USD,GPU component rate as posted,wayback,https://web.archive.org/web/20250511175459/https://coreweave.com/pricing,GPU-component-only billing (vCPU/RAM billed separately)
2025-05-11,CoreWeave,H100,PCIe 80GB,4.25,on-demand,USD,GPU component rate as posted,wayback,https://web.archive.org/web/20250511175459/https://coreweave.com/pricing,GPU-component-only billing (vCPU/RAM billed separately)
2025-05-11,CoreWeave,H200,HGX SXM5 141GB,6.305,on-demand,USD,8-GPU instance $50.44/hr / 8 GPUs,wayback,https://web.archive.org/web/20250511175459/https://coreweave.com/pricing,instance price incl. CPU/RAM/storage (on-demand instance table)
2025-05-11,CoreWeave,V100,NVLink 16GB,0.8,on-demand,USD,GPU component rate as posted,wayback,https://web.archive.org/web/20250511175459/https://coreweave.com/pricing,GPU-component-only billing (vCPU/RAM billed separately)
2025-05-14,CoreWeave,A100,NVLINK 40GB,2.06,on-demand,USD,posted per-GPU component rate,commoncrawl,CC-MAIN-2025-21 crawl-data/CC-MAIN-2025-21/segments/1746990412415.74/warc/CC-MAIN-20250514070302-20250514100302-00897.warc.gz#562550160,"cw-pricing-classic; GPU-component rate, excludes vCPU/RAM/storage"
2025-05-14,CoreWeave,A100,PCIe 40GB,2.06,on-demand,USD,posted per-GPU component rate,commoncrawl,CC-MAIN-2025-21 crawl-data/CC-MAIN-2025-21/segments/1746990412415.74/warc/CC-MAIN-20250514070302-20250514100302-00897.warc.gz#562550160,"cw-pricing-classic; GPU-component rate, excludes vCPU/RAM/storage"
2025-05-14,CoreWeave,A100,PCIe 80GB,2.21,on-demand,USD,posted per-GPU component rate,commoncrawl,CC-MAIN-2025-21 crawl-data/CC-MAIN-2025-21/segments/1746990412415.74/warc/CC-MAIN-20250514070302-20250514100302-00897.warc.gz#562550160,"cw-pricing-classic; GPU-component rate, excludes vCPU/RAM/storage"
2025-05-14,CoreWeave,A100,SXM/NVLINK 80GB,2.21,on-demand,USD,posted per-GPU component rate,commoncrawl,CC-MAIN-2025-21 crawl-data/CC-MAIN-2025-21/segments/1746990412415.74/warc/CC-MAIN-20250514070302-20250514100302-00897.warc.gz#562550160,"cw-pricing-classic; GPU-component rate, excludes vCPU/RAM/storage"
2025-05-14,DataCrunch,A100,A100 SXM4 40GB,1.29,on-demand,USD,1A100.40S.22V 1x instance fixedPrice in embedded JSON,wayback,https://web.archive.org/web/20250514023045/https://datacrunch.io/,"spot 0.32; same per-GPU across [1, 8]x sizes"
2025-05-14,DataCrunch,A100,A100 SXM4 80GB,1.75,on-demand,USD,1A100.22V 1x instance fixedPrice in embedded JSON,wayback,https://web.archive.org/web/20250514023045/https://datacrunch.io/,"spot 0.36; same per-GPU across [1, 2, 4, 8]x sizes"
2025-05-14,DataCrunch,B200,B200 SXM6 180GB,4.49,on-demand,USD,1B200.31V 1x instance fixedPrice in embedded JSON,wayback,https://web.archive.org/web/20250514023045/https://datacrunch.io/,"spot 2.36; same per-GPU across [1, 2, 4, 8]x sizes"
2025-05-14,DataCrunch,H100,H100 SXM5 80GB,2.19,on-demand,USD,1H100.80S.30V 1x instance fixedPrice in embedded JSON,wayback,https://web.archive.org/web/20250514023045/https://datacrunch.io/,"spot 1.17; same per-GPU across [1, 2, 4, 8]x sizes"
2025-05-14,DataCrunch,H200,H200 SXM5 141GB,3.3,on-demand,USD,1H200.141S.44V 1x instance fixedPrice in embedded JSON,wayback,https://web.archive.org/web/20250514023045/https://datacrunch.io/,"spot 1.55; same per-GPU across [1, 2, 4, 8]x sizes"
2025-05-14,DataCrunch,V100,Tesla V100 16GB,0.24,on-demand,USD,1V100.6V 1x instance fixedPrice in embedded JSON,wayback,https://web.archive.org/web/20250514023045/https://datacrunch.io/,"spot 0.1; same per-GPU across [1, 2, 4, 8]x sizes"
2025-05-14,RunPod,A100,PCIe 80GB,1.48,1-month savings plan,USD,posted per-GPU,commoncrawl,CC-MAIN-2025-21 crawl-data/CC-MAIN-2025-21/segments/1746990412443.21/warc/CC-MAIN-20250514163508-20250514193508-00566.warc.gz#862173156,secure; __NEXT_DATA__ gpu[NVIDIA A100 80GB PCIe].oneMonthPrice
2025-05-14,RunPod,A100,SXM4 80GB,1.7,1-month savings plan,USD,posted per-GPU,commoncrawl,CC-MAIN-2025-21 crawl-data/CC-MAIN-2025-21/segments/1746990412443.21/warc/CC-MAIN-20250514163508-20250514193508-00566.warc.gz#862173156,secure; __NEXT_DATA__ gpu[NVIDIA A100-SXM4-80GB].oneMonthPrice
2025-05-14,RunPod,A100,PCIe 80GB,1.39,3-month savings plan,USD,posted per-GPU,commoncrawl,CC-MAIN-2025-21 crawl-data/CC-MAIN-2025-21/segments/1746990412443.21/warc/CC-MAIN-20250514163508-20250514193508-00566.warc.gz#862173156,secure; __NEXT_DATA__ gpu[NVIDIA A100 80GB PCIe].threeMonthPrice
2025-05-14,RunPod,A100,SXM4 80GB,1.51,3-month savings plan,USD,posted per-GPU,commoncrawl,CC-MAIN-2025-21 crawl-data/CC-MAIN-2025-21/segments/1746990412443.21/warc/CC-MAIN-20250514163508-20250514193508-00566.warc.gz#862173156,secure; __NEXT_DATA__ gpu[NVIDIA A100-SXM4-80GB].threeMonthPrice
2025-05-14,RunPod,A100,PCIe 80GB,1.64,on-demand,USD,posted per-GPU,commoncrawl,CC-MAIN-2025-21 crawl-data/CC-MAIN-2025-21/segments/1746990412443.21/warc/CC-MAIN-20250514163508-20250514193508-00960.warc.gz#909468772,secure cloud; __NEXT_DATA__ gpu[A100 PCIe].securePrice
2025-05-14,RunPod,A100,PCIe 80GB,1.19,on-demand,USD,posted per-GPU,commoncrawl,CC-MAIN-2025-21 crawl-data/CC-MAIN-2025-21/segments/1746990412443.21/warc/CC-MAIN-20250514163508-20250514193508-00960.warc.gz#909468772,community cloud; __NEXT_DATA__ gpu[A100 PCIe].communityPrice
2025-05-14,RunPod,A100,PCIe 80GB,1.64,on-demand,USD,posted per-GPU,commoncrawl,CC-MAIN-2025-21 crawl-data/CC-MAIN-2025-21/segments/1746990412443.21/warc/CC-MAIN-20250514163508-20250514193508-00566.warc.gz#862173156,secure cloud; __NEXT_DATA__ gpu[NVIDIA A100 80GB PCIe].securePrice
2025-05-14,RunPod,A100,PCIe 80GB,1.19,on-demand,USD,posted per-GPU,commoncrawl,CC-MAIN-2025-21 crawl-data/CC-MAIN-2025-21/segments/1746990412443.21/warc/CC-MAIN-20250514163508-20250514193508-00566.warc.gz#862173156,community cloud; __NEXT_DATA__ gpu[NVIDIA A100 80GB PCIe].communityPrice
2025-05-14,RunPod,A100,SXM4 80GB,1.89,on-demand,USD,posted per-GPU,commoncrawl,CC-MAIN-2025-21 crawl-data/CC-MAIN-2025-21/segments/1746990412443.21/warc/CC-MAIN-20250514163508-20250514193508-00960.warc.gz#909468772,secure cloud; __NEXT_DATA__ gpu[A100 SXM].securePrice
2025-05-14,RunPod,A100,SXM4 80GB,1.59,on-demand,USD,posted per-GPU,commoncrawl,CC-MAIN-2025-21 crawl-data/CC-MAIN-2025-21/segments/1746990412443.21/warc/CC-MAIN-20250514163508-20250514193508-00960.warc.gz#909468772,community cloud; __NEXT_DATA__ gpu[A100 SXM].communityPrice
2025-05-14,RunPod,A100,SXM4 80GB,1.89,on-demand,USD,posted per-GPU,commoncrawl,CC-MAIN-2025-21 crawl-data/CC-MAIN-2025-21/segments/1746990412443.21/warc/CC-MAIN-20250514163508-20250514193508-00566.warc.gz#862173156,secure cloud; __NEXT_DATA__ gpu[NVIDIA A100-SXM4-80GB].securePrice
2025-05-14,RunPod,A100,SXM4 80GB,1.59,on-demand,USD,posted per-GPU,commoncrawl,CC-MAIN-2025-21 crawl-data/CC-MAIN-2025-21/segments/1746990412443.21/warc/CC-MAIN-20250514163508-20250514193508-00566.warc.gz#862173156,community cloud; __NEXT_DATA__ gpu[NVIDIA A100-SXM4-80GB].communityPrice
2025-05-14,RunPod,A100,PCIe 80GB,0.82,spot,USD,posted per-GPU,commoncrawl,CC-MAIN-2025-21 crawl-data/CC-MAIN-2025-21/segments/1746990412443.21/warc/CC-MAIN-20250514163508-20250514193508-00566.warc.gz#862173156,secure spot; __NEXT_DATA__ gpu[NVIDIA A100 80GB PCIe].secureSpotPrice
2025-05-14,RunPod,A100,PCIe 80GB,0.6,spot,USD,posted per-GPU,commoncrawl,CC-MAIN-2025-21 crawl-data/CC-MAIN-2025-21/segments/1746990412443.21/warc/CC-MAIN-20250514163508-20250514193508-00566.warc.gz#862173156,community spot; __NEXT_DATA__ gpu[NVIDIA A100 80GB PCIe].communitySpotPrice
2025-05-14,RunPod,A100,SXM4 80GB,0.95,spot,USD,posted per-GPU,commoncrawl,CC-MAIN-2025-21 crawl-data/CC-MAIN-2025-21/segments/1746990412443.21/warc/CC-MAIN-20250514163508-20250514193508-00566.warc.gz#862173156,secure spot; __NEXT_DATA__ gpu[NVIDIA A100-SXM4-80GB].secureSpotPrice
2025-05-14,RunPod,A100,SXM4 80GB,0.89,spot,USD,posted per-GPU,commoncrawl,CC-MAIN-2025-21 crawl-data/CC-MAIN-2025-21/segments/1746990412443.21/warc/CC-MAIN-20250514163508-20250514193508-00566.warc.gz#862173156,community spot; __NEXT_DATA__ gpu[NVIDIA A100-SXM4-80GB].communitySpotPrice
2025-05-14,RunPod,V100,SXM2 32GB,0.44,1-month savings plan,USD,posted per-GPU,commoncrawl,CC-MAIN-2025-21 crawl-data/CC-MAIN-2025-21/segments/1746990412443.21/warc/CC-MAIN-20250514163508-20250514193508-00566.warc.gz#862173156,secure; __NEXT_DATA__ gpu[Tesla V100-SXM2-32GB].oneMonthPrice
2025-05-14,RunPod,V100,SXM2 32GB,0.42,3-month savings plan,USD,posted per-GPU,commoncrawl,CC-MAIN-2025-21 crawl-data/CC-MAIN-2025-21/segments/1746990412443.21/warc/CC-MAIN-20250514163508-20250514193508-00566.warc.gz#862173156,secure; __NEXT_DATA__ gpu[Tesla V100-SXM2-32GB].threeMonthPrice
2025-05-14,RunPod,V100,FHHL 16GB,0.19,on-demand,USD,posted per-GPU,commoncrawl,CC-MAIN-2025-21 crawl-data/CC-MAIN-2025-21/segments/1746990412443.21/warc/CC-MAIN-20250514163508-20250514193508-00960.warc.gz#909468772,community cloud; __NEXT_DATA__ gpu[V100 FHHL].communityPrice
2025-05-14,RunPod,V100,FHHL 16GB,0.19,on-demand,USD,posted per-GPU,commoncrawl,CC-MAIN-2025-21 crawl-data/CC-MAIN-2025-21/segments/1746990412443.21/warc/CC-MAIN-20250514163508-20250514193508-00566.warc.gz#862173156,community cloud; __NEXT_DATA__ gpu[Tesla V100-FHHL-16GB].communityPrice
2025-05-14,RunPod,V100,PCIe 16GB,0.19,on-demand,USD,posted per-GPU,commoncrawl,CC-MAIN-2025-21 crawl-data/CC-MAIN-2025-21/segments/1746990412443.21/warc/CC-MAIN-20250514163508-20250514193508-00566.warc.gz#862173156,community cloud; __NEXT_DATA__ gpu[Tesla V100-PCIE-16GB].communityPrice
2025-05-14,RunPod,V100,SXM2 16GB,0.23,on-demand,USD,posted per-GPU,commoncrawl,CC-MAIN-2025-21 crawl-data/CC-MAIN-2025-21/segments/1746990412443.21/warc/CC-MAIN-20250514163508-20250514193508-00960.warc.gz#909468772,community cloud; __NEXT_DATA__ gpu[V100 SXM2].communityPrice
2025-05-14,RunPod,V100,SXM2 16GB,0.23,on-demand,USD,posted per-GPU,commoncrawl,CC-MAIN-2025-21 crawl-data/CC-MAIN-2025-21/segments/1746990412443.21/warc/CC-MAIN-20250514163508-20250514193508-00566.warc.gz#862173156,community cloud; __NEXT_DATA__ gpu[Tesla V100-SXM2-16GB].communityPrice
2025-05-14,RunPod,V100,SXM2 32GB,0.49,on-demand,USD,posted per-GPU,commoncrawl,CC-MAIN-2025-21 crawl-data/CC-MAIN-2025-21/segments/1746990412443.21/warc/CC-MAIN-20250514163508-20250514193508-00960.warc.gz#909468772,secure cloud; __NEXT_DATA__ gpu[V100 SXM2 32GB].securePrice
2025-05-14,RunPod,V100,SXM2 32GB,0.33,on-demand,USD,posted per-GPU,commoncrawl,CC-MAIN-2025-21 crawl-data/CC-MAIN-2025-21/segments/1746990412443.21/warc/CC-MAIN-20250514163508-20250514193508-00960.warc.gz#909468772,community cloud; __NEXT_DATA__ gpu[V100 SXM2 32GB].communityPrice
2025-05-14,RunPod,V100,SXM2 32GB,0.49,on-demand,USD,posted per-GPU,commoncrawl,CC-MAIN-2025-21 crawl-data/CC-MAIN-2025-21/segments/1746990412443.21/warc/CC-MAIN-20250514163508-20250514193508-00566.warc.gz#862173156,secure cloud; __NEXT_DATA__ gpu[Tesla V100-SXM2-32GB].securePrice
2025-05-14,RunPod,V100,SXM2 32GB,0.33,on-demand,USD,posted per-GPU,commoncrawl,CC-MAIN-2025-21 crawl-data/CC-MAIN-2025-21/segments/1746990412443.21/warc/CC-MAIN-20250514163508-20250514193508-00566.warc.gz#862173156,community cloud; __NEXT_DATA__ gpu[Tesla V100-SXM2-32GB].communityPrice
2025-05-14,RunPod,V100,FHHL 16GB,0.1,spot,USD,posted per-GPU,commoncrawl,CC-MAIN-2025-21 crawl-data/CC-MAIN-2025-21/segments/1746990412443.21/warc/CC-MAIN-20250514163508-20250514193508-00566.warc.gz#862173156,community spot; __NEXT_DATA__ gpu[Tesla V100-FHHL-16GB].communitySpotPrice
2025-05-14,RunPod,V100,PCIe 16GB,0.1,spot,USD,posted per-GPU,commoncrawl,CC-MAIN-2025-21 crawl-data/CC-MAIN-2025-21/segments/1746990412443.21/warc/CC-MAIN-20250514163508-20250514193508-00566.warc.gz#862173156,community spot; __NEXT_DATA__ gpu[Tesla V100-PCIE-16GB].communitySpotPrice
2025-05-14,RunPod,V100,SXM2 16GB,0.12,spot,USD,posted per-GPU,commoncrawl,CC-MAIN-2025-21 crawl-data/CC-MAIN-2025-21/segments/1746990412443.21/warc/CC-MAIN-20250514163508-20250514193508-00566.warc.gz#862173156,community spot; __NEXT_DATA__ gpu[Tesla V100-SXM2-16GB].communitySpotPrice
2025-05-14,RunPod,V100,SXM2 32GB,0.25,spot,USD,posted per-GPU,commoncrawl,CC-MAIN-2025-21 crawl-data/CC-MAIN-2025-21/segments/1746990412443.21/warc/CC-MAIN-20250514163508-20250514193508-00566.warc.gz#862173156,secure spot; __NEXT_DATA__ gpu[Tesla V100-SXM2-32GB].secureSpotPrice
2025-05-14,RunPod,V100,SXM2 32GB,0.17,spot,USD,posted per-GPU,commoncrawl,CC-MAIN-2025-21 crawl-data/CC-MAIN-2025-21/segments/1746990412443.21/warc/CC-MAIN-20250514163508-20250514193508-00566.warc.gz#862173156,community spot; __NEXT_DATA__ gpu[Tesla V100-SXM2-32GB].communitySpotPrice
2025-05-14,coreweave,A100,,2.06,on-demand,USD,,commoncrawl,https://wf.coreweave.com/pricing/classic,resource-based per-GPU compute rate (NVLINK 40GB); excludes vCPU/RAM/storage
2025-05-14,coreweave,A100,,2.06,on-demand,USD,,commoncrawl,https://wf.coreweave.com/pricing/classic,resource-based per-GPU compute rate (PCIe 40GB); excludes vCPU/RAM/storage
2025-05-14,coreweave,A100,,2.21,on-demand,USD,,commoncrawl,https://wf.coreweave.com/pricing/classic,resource-based per-GPU compute rate (PCIe 80GB); excludes vCPU/RAM/storage
2025-05-14,coreweave,A100,,2.21,on-demand,USD,,commoncrawl,https://wf.coreweave.com/pricing/classic,resource-based per-GPU compute rate (SXM/NVLINK 80GB); excludes vCPU/RAM/storage
2025-05-14,coreweave,H100,,4.25,on-demand,USD,,commoncrawl,https://wf.coreweave.com/pricing/classic,resource-based per-GPU compute rate (PCIe 80GB); excludes vCPU/RAM/storage
2025-05-14,coreweave,H100,,4.76,on-demand,USD,,commoncrawl,https://wf.coreweave.com/pricing/classic,resource-based per-GPU compute rate (SXM/HGX 80GB); excludes vCPU/RAM/storage
2025-05-14,runpod,A100,SXM 80GB,1.7,1mo,USD,,commoncrawl,https://www.runpod.io/pricing,"savings plan 1-month, per-GPU"
2025-05-14,runpod,A100,SXM 80GB,1.51,3mo,USD,,commoncrawl,https://www.runpod.io/pricing,"savings plan 3-month, per-GPU"
2025-05-14,runpod,A100,SXM 80GB,1.89,on-demand,USD,,commoncrawl,https://www.runpod.io/gpu-cloud,"secure cloud on-demand, per-GPU"
2025-05-14,runpod,A100,SXM 80GB,1.59,on-demand,USD,,commoncrawl,https://www.runpod.io/gpu-cloud,"community cloud on-demand, per-GPU"
2025-05-14,runpod,B200,,6.99,1mo,USD,,commoncrawl,https://www.runpod.io/pricing,"savings plan 1-month, per-GPU"
2025-05-14,runpod,B200,,7.99,on-demand,USD,,commoncrawl,https://www.runpod.io/gpu-cloud,"secure cloud on-demand, per-GPU"
2025-05-14,runpod,H100,SXM 80GB,2.85,1mo,USD,,commoncrawl,https://www.runpod.io/pricing,"savings plan 1-month, per-GPU"
2025-05-14,runpod,H100,SXM 80GB,2.79,3mo,USD,,commoncrawl,https://www.runpod.io/pricing,"savings plan 3-month, per-GPU"
2025-05-14,runpod,H100,SXM 80GB,2.49,6mo,USD,,commoncrawl,https://www.runpod.io/pricing,"savings plan 6-month, per-GPU"
2025-05-14,runpod,H100,SXM 80GB,2.99,on-demand,USD,,commoncrawl,https://www.runpod.io/gpu-cloud,"secure cloud on-demand, per-GPU"
2025-05-14,runpod,H100,SXM 80GB,2.69,on-demand,USD,,commoncrawl,https://www.runpod.io/gpu-cloud,"community cloud on-demand, per-GPU"
2025-05-14,runpod,H200,,3.99,on-demand,USD,,commoncrawl,https://www.runpod.io/gpu-cloud,"secure cloud on-demand, per-GPU"
2025-05-14,runpod,H200,,3.59,on-demand,USD,,commoncrawl,https://www.runpod.io/gpu-cloud,"community cloud on-demand, per-GPU"
2025-05-19,CoreWeave,A100,80GB (8x instance),2.7,on-demand,USD,instance total $21.6/hr / 8 GPUs,commoncrawl,CC-MAIN-2025-21 crawl-data/CC-MAIN-2025-21/segments/1746990412711.16/warc/CC-MAIN-20250519102016-20250519132016-00421.warc.gz#23674506,cw-pricing; instance bundle incl vCPU/RAM
2025-05-19,CoreWeave,A100,NVLINK 40GB,2.06,on-demand,USD,posted per-GPU component rate,commoncrawl,CC-MAIN-2025-21 crawl-data/CC-MAIN-2025-21/segments/1746990412711.16/warc/CC-MAIN-20250519102016-20250519132016-00421.warc.gz#23674506,"cw-pricing; GPU-component rate, excludes vCPU/RAM/storage"
2025-05-19,CoreWeave,A100,PCIe 40GB,2.06,on-demand,USD,posted per-GPU component rate,commoncrawl,CC-MAIN-2025-21 crawl-data/CC-MAIN-2025-21/segments/1746990412711.16/warc/CC-MAIN-20250519102016-20250519132016-00421.warc.gz#23674506,"cw-pricing; GPU-component rate, excludes vCPU/RAM/storage"
2025-05-19,CoreWeave,A100,PCIe 80GB,2.21,on-demand,USD,posted per-GPU component rate,commoncrawl,CC-MAIN-2025-21 crawl-data/CC-MAIN-2025-21/segments/1746990412711.16/warc/CC-MAIN-20250519102016-20250519132016-00421.warc.gz#23674506,"cw-pricing; GPU-component rate, excludes vCPU/RAM/storage"
2025-05-19,CoreWeave,A100,SXM/NVLINK 80GB,2.21,on-demand,USD,posted per-GPU component rate,commoncrawl,CC-MAIN-2025-21 crawl-data/CC-MAIN-2025-21/segments/1746990412711.16/warc/CC-MAIN-20250519102016-20250519132016-00421.warc.gz#23674506,"cw-pricing; GPU-component rate, excludes vCPU/RAM/storage"
2025-05-19,coreweave,A100,,2.7,on-demand,USD,,commoncrawl,http://www.coreweave.com/pricing,instance bundle A100 8xGPU total $21.60/hr (incl vCPU/RAM/IB); per-GPU
2025-05-19,coreweave,A100,,2.06,on-demand,USD,,commoncrawl,http://www.coreweave.com/pricing,resource-based per-GPU compute rate (NVLINK 40GB); excludes vCPU/RAM/storage
2025-05-19,coreweave,A100,,2.06,on-demand,USD,,commoncrawl,http://www.coreweave.com/pricing,resource-based per-GPU compute rate (PCIe 40GB); excludes vCPU/RAM/storage
2025-05-19,coreweave,A100,,2.21,on-demand,USD,,commoncrawl,http://www.coreweave.com/pricing,resource-based per-GPU compute rate (PCIe 80GB); excludes vCPU/RAM/storage
2025-05-19,coreweave,A100,,2.21,on-demand,USD,,commoncrawl,http://www.coreweave.com/pricing,resource-based per-GPU compute rate (SXM/NVLINK 80GB); excludes vCPU/RAM/storage
2025-05-19,coreweave,GB200,,10.5,on-demand,USD,,commoncrawl,http://www.coreweave.com/pricing,instance bundle GB200 NVL72 4xGPU total $42.00/hr (incl vCPU/RAM/IB); per-GPU
2025-05-19,coreweave,H100,,6.155,on-demand,USD,,commoncrawl,http://www.coreweave.com/pricing,instance bundle HGX H100 8xGPU total $49.24/hr (incl vCPU/RAM/IB); per-GPU
2025-05-19,coreweave,H100,,4.25,on-demand,USD,,commoncrawl,http://www.coreweave.com/pricing,resource-based per-GPU compute rate (PCIe 80GB); excludes vCPU/RAM/storage
2025-05-19,coreweave,H100,,4.76,on-demand,USD,,commoncrawl,http://www.coreweave.com/pricing,resource-based per-GPU compute rate (SXM/HGX 80GB); excludes vCPU/RAM/storage
2025-05-19,coreweave,H200,,6.305,on-demand,USD,,commoncrawl,http://www.coreweave.com/pricing,instance bundle HGX H200 8xGPU total $50.44/hr (incl vCPU/RAM/IB); per-GPU
2025-05-20,DataCrunch,A100,SXM4 80GB,1.1975,2-year,USD,instance 4A100 total/hr / 4 GPUs,commoncrawl,CC-MAIN-2025-21 crawl-data/CC-MAIN-2025-21/segments/1746990412770.23/warc/CC-MAIN-20250520021547-20250520051547-00630.warc.gz#148838162,products instance table (2-year col); posted $4.79/h for 4x
2025-05-20,DataCrunch,A100,SXM4 80GB,1.2,2-year,USD,instance 1A100 total/hr / 1 GPUs,commoncrawl,CC-MAIN-2025-21 crawl-data/CC-MAIN-2025-21/segments/1746990412770.23/warc/CC-MAIN-20250520021547-20250520051547-00630.warc.gz#148838162,products instance table (2-year col); posted $1.2/h for 1x
2025-05-20,DataCrunch,A100,SXM4 80GB,1.5337,6-month,USD,instance 8A100 total/hr / 8 GPUs,commoncrawl,CC-MAIN-2025-21 crawl-data/CC-MAIN-2025-21/segments/1746990412770.23/warc/CC-MAIN-20250520021547-20250520051547-00630.warc.gz#148838162,products instance table (6-month col); posted $12.27/h for 8x
2025-05-20,DataCrunch,A100,SXM4 80GB,1.5325,6-month,USD,instance 4A100 total/hr / 4 GPUs,commoncrawl,CC-MAIN-2025-21 crawl-data/CC-MAIN-2025-21/segments/1746990412770.23/warc/CC-MAIN-20250520021547-20250520051547-00630.warc.gz#148838162,products instance table (6-month col); posted $6.13/h for 4x
2025-05-20,DataCrunch,A100,SXM4 80GB,1.535,6-month,USD,instance 2A100 total/hr / 2 GPUs,commoncrawl,CC-MAIN-2025-21 crawl-data/CC-MAIN-2025-21/segments/1746990412770.23/warc/CC-MAIN-20250520021547-20250520051547-00630.warc.gz#148838162,products instance table (6-month col); posted $3.07/h for 2x
2025-05-20,DataCrunch,A100,SXM4 80GB,1.54,6-month,USD,instance 1A100 total/hr / 1 GPUs,commoncrawl,CC-MAIN-2025-21 crawl-data/CC-MAIN-2025-21/segments/1746990412770.23/warc/CC-MAIN-20250520021547-20250520051547-00630.warc.gz#148838162,products instance table (6-month col); posted $1.54/h for 1x
2025-05-20,DataCrunch,A100,SXM4 80GB,1.5975,on-demand,USD,instance 4A100 total/hr / 4 GPUs,commoncrawl,CC-MAIN-2025-21 crawl-data/CC-MAIN-2025-21/segments/1746990412770.23/warc/CC-MAIN-20250520021547-20250520051547-00630.warc.gz#148838162,products instance table (on-demand col); posted $6.39/h for 4x
2025-05-20,DataCrunch,A100,SXM4 80GB,1.6,on-demand,USD,instance 1A100 total/hr / 1 GPUs,commoncrawl,CC-MAIN-2025-21 crawl-data/CC-MAIN-2025-21/segments/1746990412770.23/warc/CC-MAIN-20250520021547-20250520051547-00630.warc.gz#148838162,products instance table (on-demand col); posted $1.6/h for 1x
2025-05-20,DataCrunch,V100,SXM2 16GB,0.17,2-year,USD,instance 1V100 total/hr / 1 GPUs,commoncrawl,CC-MAIN-2025-21 crawl-data/CC-MAIN-2025-21/segments/1746990412770.23/warc/CC-MAIN-20250520021547-20250520051547-00630.warc.gz#148838162,products instance table (2-year col); posted $0.17/h for 1x
2025-05-20,DataCrunch,V100,SXM2 16GB,0.175,2-year,USD,instance 2V100 total/hr / 2 GPUs,commoncrawl,CC-MAIN-2025-21 crawl-data/CC-MAIN-2025-21/segments/1746990412770.23/warc/CC-MAIN-20250520021547-20250520051547-00630.warc.gz#148838162,products instance table (2-year col); posted $0.35/h for 2x
2025-05-20,DataCrunch,V100,SXM2 16GB,0.2188,6-month,USD,instance 8V100 total/hr / 8 GPUs,commoncrawl,CC-MAIN-2025-21 crawl-data/CC-MAIN-2025-21/segments/1746990412770.23/warc/CC-MAIN-20250520021547-20250520051547-00630.warc.gz#148838162,products instance table (6-month col); posted $1.75/h for 8x
2025-05-20,DataCrunch,V100,SXM2 16GB,0.2175,6-month,USD,instance 4V100 total/hr / 4 GPUs,commoncrawl,CC-MAIN-2025-21 crawl-data/CC-MAIN-2025-21/segments/1746990412770.23/warc/CC-MAIN-20250520021547-20250520051547-00630.warc.gz#148838162,products instance table (6-month col); posted $0.87/h for 4x
2025-05-20,DataCrunch,V100,SXM2 16GB,0.22,6-month,USD,instance 1V100 total/hr / 1 GPUs,commoncrawl,CC-MAIN-2025-21 crawl-data/CC-MAIN-2025-21/segments/1746990412770.23/warc/CC-MAIN-20250520021547-20250520051547-00630.warc.gz#148838162,products instance table (6-month col); posted $0.22/h for 1x
2025-05-20,DataCrunch,V100,SXM2 16GB,0.2275,on-demand,USD,instance 4V100 total/hr / 4 GPUs,commoncrawl,CC-MAIN-2025-21 crawl-data/CC-MAIN-2025-21/segments/1746990412770.23/warc/CC-MAIN-20250520021547-20250520051547-00630.warc.gz#148838162,products instance table (on-demand col); posted $0.91/h for 4x
2025-05-20,DataCrunch,V100,SXM2 16GB,0.23,on-demand,USD,instance 1V100 total/hr / 1 GPUs,commoncrawl,CC-MAIN-2025-21 crawl-data/CC-MAIN-2025-21/segments/1746990412770.23/warc/CC-MAIN-20250520021547-20250520051547-00630.warc.gz#148838162,products instance table (on-demand col); posted $0.23/h for 1x
2025-05-20,digitalocean,H100,SXM 80GB,1.99,1Y,USD,,commoncrawl,https://www.digitalocean.com/products/gpu-droplets,"extras.commitment, 12-month, per-GPU (8x)"
2025-05-20,digitalocean,H100,SXM 80GB,6.74,on-demand,USD,,commoncrawl,https://www.digitalocean.com/products/gpu-droplets,slug h100x1; total $6.74/hr per 1GPU; promo $3.39/GPU-hr
2025-05-20,digitalocean,H100,SXM 80GB,5.95,on-demand,USD,,commoncrawl,https://www.digitalocean.com/products/gpu-droplets,slug h100x8; total $47.6/hr per 8GPU; promo $2.99/GPU-hr
2025-06-02,OVHcloud,A100,"PCIe 80GB (a100-180, 1x A100)",3.07,on-demand,USD,"posted per-instance, 1 GPU = per-GPU",wayback,https://web.archive.org/web/20250602021424/https://www.ovhcloud.com/en/public-cloud/prices/,1x/2x/4x sizes ~same per-GPU
2025-06-02,OVHcloud,H100,"PCIe 80GB (h100-380, 1x H100)",2.99,on-demand,USD,"posted per-instance, 1 GPU = per-GPU",wayback,https://web.archive.org/web/20250602021424/https://www.ovhcloud.com/en/public-cloud/prices/,1x/2x/4x sizes ~same per-GPU
2025-06-02,OVHcloud,V100,"PCIe 16GB (t1-45, 1x V100)",1.97,on-demand,USD,"posted per-instance, 1 GPU = per-GPU",wayback,https://web.archive.org/web/20250602021424/https://www.ovhcloud.com/en/public-cloud/prices/,1x/2x/4x sizes ~same per-GPU
2025-06-02,OVHcloud,V100,"PCIe 16GB (t1-le-45, 1x V100)",0.77,on-demand,USD,"posted per-instance, 1 GPU = per-GPU",wayback,https://web.archive.org/web/20250602021424/https://www.ovhcloud.com/en/public-cloud/prices/,reduced-storage t1-le line; 1x/2x/4x sizes ~same per-GPU
2025-06-02,OVHcloud,V100,"PCIe 32GB (t2-45, 1x V100)",2.19,on-demand,USD,"posted per-instance, 1 GPU = per-GPU",wayback,https://web.archive.org/web/20250602021424/https://www.ovhcloud.com/en/public-cloud/prices/,1x/2x/4x sizes ~same per-GPU
2025-06-02,OVHcloud,V100,"PCIe 32GB (t2-le-45, 1x V100)",0.88,on-demand,USD,"posted per-instance, 1 GPU = per-GPU",wayback,https://web.archive.org/web/20250602021424/https://www.ovhcloud.com/en/public-cloud/prices/,reduced-storage t2-le line; 1x/2x/4x sizes ~same per-GPU
2025-06-03,Paperspace,A100,40GB (card labeled H100; spec text NVIDIA A100 GPU),3.09,on-demand,USD,hourly rate as posted,wayback,https://web.archive.org/web/20250603223641/https://www.paperspace.com/pricing,known template bug: H100 header on A100 card; treat as A100 rate; page content unchanged since 2024 (frozen under DigitalOcean); posted list may be stale
2025-06-03,Paperspace,A100,80GB,1.15,reserved-3yr,USD,hourly rate as posted,wayback,https://web.archive.org/web/20250603223641/https://www.paperspace.com/pricing,footnote: 3-year commitment pricing; page content unchanged since 2024 (frozen under DigitalOcean); posted list may be stale
2025-06-03,Paperspace,H100,HGX 80GB,5.95,on-demand-promo,USD,footnote text,wayback,https://web.archive.org/web/20250603223641/https://www.paperspace.com/pricing,'special promo price' per footnote; page content unchanged since 2024 (frozen under DigitalOcean); posted list may be stale
2025-06-03,Paperspace,H100,HGX 80GB,2.24,reserved-3yr,USD,hourly rate as posted,wayback,https://web.archive.org/web/20250603223641/https://www.paperspace.com/pricing,footnote: 3-year commitment pricing; on-demand H100 $5.95 promo per same footnote; page content unchanged since 2024 (frozen under DigitalOcean); posted list may be stale
2025-06-03,Paperspace,V100,16GB,2.3,on-demand,USD,hourly rate as posted,wayback,https://web.archive.org/web/20250603223641/https://www.paperspace.com/pricing,page content unchanged since 2024 (frozen under DigitalOcean); posted list may be stale
2025-06-04,Lambda,A100,A100 PCIe 40GB,1.29,on-demand,USD,as posted $/GPU/hr (4x config),wayback,https://web.archive.org/web/20250604191644/https://lambda.ai/pricing,
2025-06-04,Lambda,A100,A100 SXM 40GB,1.29,on-demand,USD,as posted $/GPU/hr (8x config),wayback,https://web.archive.org/web/20250604191644/https://lambda.ai/pricing,
2025-06-04,Lambda,A100,A100 SXM 80GB,1.79,on-demand,USD,as posted $/GPU/hr (8x config),wayback,https://web.archive.org/web/20250604191644/https://lambda.ai/pricing,
2025-06-04,Lambda,B200,"HGX SXM (1-Click Cluster, 16+ GPUs)",3.79,teaser,USD,'As low as (per GPU-hour)' cluster floor as posted,wayback,https://web.archive.org/web/20250604191644/https://lambda.ai/pricing,1-Click Clusters floor; On-demand 1 week+
2025-06-04,Lambda,B200,"HGX SXM (1-Click Cluster, 16+ GPUs)",3.49,teaser,USD,'As low as (per GPU-hour)' cluster floor as posted,wayback,https://web.archive.org/web/20250604191644/https://lambda.ai/pricing,1-Click Clusters floor; Reserved 1 year
2025-06-04,Lambda,B200,"HGX SXM (1-Click Cluster, 16+ GPUs)",3.29,teaser,USD,'As low as (per GPU-hour)' cluster floor as posted,wayback,https://web.archive.org/web/20250604191644/https://lambda.ai/pricing,1-Click Clusters floor; Reserved 2 years
2025-06-04,Lambda,B200,"HGX SXM (1-Click Cluster, 16+ GPUs)",2.99,teaser,USD,'As low as (per GPU-hour)' cluster floor as posted,wayback,https://web.archive.org/web/20250604191644/https://lambda.ai/pricing,1-Click Clusters floor; Reserved 3 years
2025-06-04,Lambda,GH200,GH200 96GB,1.49,on-demand,USD,as posted $/GPU/hr (1x config),wayback,https://web.archive.org/web/20250604191644/https://lambda.ai/pricing,
2025-06-04,Lambda,H100,H100 PCIe 80GB,2.49,on-demand,USD,as posted $/GPU/hr (1x config),wayback,https://web.archive.org/web/20250604191644/https://lambda.ai/pricing,
2025-06-04,Lambda,H100,H100 SXM 80GB,2.99,on-demand,USD,as posted $/GPU/hr (8x config),wayback,https://web.archive.org/web/20250604191644/https://lambda.ai/pricing,
2025-06-04,Lambda,H100,"HGX SXM (1-Click Cluster, 16+ GPUs)",2.69,teaser,USD,'As low as (per GPU-hour)' cluster floor as posted,wayback,https://web.archive.org/web/20250604191644/https://lambda.ai/pricing,1-Click Clusters floor; On Demand 1 week-3 months
2025-06-04,Lambda,H100,"HGX SXM (1-Click Cluster, 16+ GPUs)",2.29,teaser,USD,'As low as (per GPU-hour)' cluster floor as posted,wayback,https://web.archive.org/web/20250604191644/https://lambda.ai/pricing,1-Click Clusters floor; Reserved 3-6 months
2025-06-04,Lambda,H100,"HGX SXM (1-Click Cluster, 16+ GPUs)",2.19,teaser,USD,'As low as (per GPU-hour)' cluster floor as posted,wayback,https://web.archive.org/web/20250604191644/https://lambda.ai/pricing,1-Click Clusters floor; Reserved 6-12 months
2025-06-04,Lambda,H100,"HGX SXM (1-Click Cluster, 16+ GPUs)",1.85,teaser,USD,'As low as (per GPU-hour)' cluster floor as posted,wayback,https://web.archive.org/web/20250604191644/https://lambda.ai/pricing,1-Click Clusters floor; Reserved 1 year
2025-06-04,Lambda,V100,Tesla V100 16GB,0.55,on-demand,USD,as posted $/GPU/hr (8x config),wayback,https://web.archive.org/web/20250604191644/https://lambda.ai/pricing,
2025-06-09,CoreWeave,A100,HGX 80GB,2.7,on-demand,USD,8-GPU instance $21.6/hr / 8 GPUs,wayback,https://web.archive.org/web/20250609162833/https://coreweave.com/pricing,instance price incl. CPU/RAM/storage (on-demand instance table)
2025-06-09,CoreWeave,A100,NVLink 40GB,2.06,on-demand,USD,GPU component rate as posted,wayback,https://web.archive.org/web/20250609162833/https://coreweave.com/pricing,GPU-component-only billing (vCPU/RAM billed separately)
2025-06-09,CoreWeave,A100,NVLink 80GB,2.21,on-demand,USD,GPU component rate as posted,wayback,https://web.archive.org/web/20250609162833/https://coreweave.com/pricing,GPU-component-only billing (vCPU/RAM billed separately)
2025-06-09,CoreWeave,A100,PCIe 40GB,2.06,on-demand,USD,GPU component rate as posted,wayback,https://web.archive.org/web/20250609162833/https://coreweave.com/pricing,GPU-component-only billing (vCPU/RAM billed separately)
2025-06-09,CoreWeave,A100,PCIe 80GB,2.21,on-demand,USD,GPU component rate as posted,wayback,https://web.archive.org/web/20250609162833/https://coreweave.com/pricing,GPU-component-only billing (vCPU/RAM billed separately)
2025-06-09,CoreWeave,B200,HGX SXM6 180GB,8.6,on-demand,USD,8-GPU instance $68.8/hr / 8 GPUs,wayback,https://web.archive.org/web/20250609162833/https://coreweave.com/pricing,instance price incl. CPU/RAM/storage (on-demand instance table)
2025-06-09,CoreWeave,GB200,NVL72 (4-GPU instance),10.5,on-demand,USD,4-GPU instance $42.0/hr / 4 GPUs,wayback,https://web.archive.org/web/20250609162833/https://coreweave.com/pricing,instance price incl. CPU/RAM/storage (on-demand instance table); 4-GPU (Grace-paired) instance slice of NVL72
2025-06-09,CoreWeave,GH200,96GB,6.5,on-demand,USD,1-GPU instance $6.5/hr / 1 GPUs,wayback,https://web.archive.org/web/20250609162833/https://coreweave.com/pricing,instance price incl. CPU/RAM/storage (on-demand instance table)
2025-06-09,CoreWeave,H100,HGX SXM5 80GB,6.155,on-demand,USD,8-GPU instance $49.24/hr / 8 GPUs,wayback,https://web.archive.org/web/20250609162833/https://coreweave.com/pricing,instance price incl. CPU/RAM/storage (on-demand instance table)
2025-06-09,CoreWeave,H100,HGX SXM5 80GB (GPU component),4.76,on-demand,USD,GPU component rate as posted,wayback,https://web.archive.org/web/20250609162833/https://coreweave.com/pricing,GPU-component-only billing (vCPU/RAM billed separately)
2025-06-09,CoreWeave,H100,PCIe 80GB,4.25,on-demand,USD,GPU component rate as posted,wayback,https://web.archive.org/web/20250609162833/https://coreweave.com/pricing,GPU-component-only billing (vCPU/RAM billed separately)
2025-06-09,CoreWeave,H200,HGX SXM5 141GB,6.305,on-demand,USD,8-GPU instance $50.44/hr / 8 GPUs,wayback,https://web.archive.org/web/20250609162833/https://coreweave.com/pricing,instance price incl. CPU/RAM/storage (on-demand instance table)
2025-06-09,CoreWeave,V100,NVLink 16GB,0.8,on-demand,USD,GPU component rate as posted,wayback,https://web.archive.org/web/20250609162833/https://coreweave.com/pricing,GPU-component-only billing (vCPU/RAM billed separately)
2025-06-09,RunPod,A100,PCIe 80GB,1.19,on-demand-community,USD,1x GPU price as posted,wayback,https://web.archive.org/web/20250609041325/https://www.runpod.io/pricing,
2025-06-09,RunPod,A100,PCIe 80GB,1.64,on-demand-secure,USD,1x GPU price as posted,wayback,https://web.archive.org/web/20250609041325/https://www.runpod.io/pricing,
2025-06-09,RunPod,A100,SXM 80GB,1.39,on-demand-community,USD,1x GPU price as posted,wayback,https://web.archive.org/web/20250609041325/https://www.runpod.io/pricing,
2025-06-09,RunPod,A100,SXM 80GB,1.89,on-demand-secure,USD,1x GPU price as posted,wayback,https://web.archive.org/web/20250609041325/https://www.runpod.io/pricing,
2025-06-09,RunPod,H100,NVL 94GB,2.59,on-demand-community,USD,1x GPU price as posted,wayback,https://web.archive.org/web/20250609041325/https://www.runpod.io/pricing,
2025-06-09,RunPod,H100,NVL 94GB,2.79,on-demand-secure,USD,1x GPU price as posted,wayback,https://web.archive.org/web/20250609041325/https://www.runpod.io/pricing,
2025-06-09,RunPod,H100,PCIe 80GB,1.99,on-demand-community,USD,1x GPU price as posted,wayback,https://web.archive.org/web/20250609041325/https://www.runpod.io/pricing,
2025-06-09,RunPod,H100,PCIe 80GB,2.39,on-demand-secure,USD,1x GPU price as posted,wayback,https://web.archive.org/web/20250609041325/https://www.runpod.io/pricing,
2025-06-09,RunPod,H100,SXM 80GB,2.69,on-demand-community,USD,1x GPU price as posted,wayback,https://web.archive.org/web/20250609041325/https://www.runpod.io/pricing,
2025-06-09,RunPod,H100,SXM 80GB,2.99,on-demand-secure,USD,1x GPU price as posted,wayback,https://web.archive.org/web/20250609041325/https://www.runpod.io/pricing,
2025-06-09,RunPod,H200,SXM 141GB,3.59,on-demand-community,USD,1x GPU price as posted,wayback,https://web.archive.org/web/20250609041325/https://www.runpod.io/pricing,
2025-06-09,RunPod,H200,SXM 141GB,3.99,on-demand-secure,USD,1x GPU price as posted,wayback,https://web.archive.org/web/20250609041325/https://www.runpod.io/pricing,
2025-06-13,DataCrunch,A100,A100 SXM4 40GB,0.89,on-demand,USD,1A100.40S.22V 1x instance fixedPrice in embedded JSON,wayback,https://web.archive.org/web/20250613183152/https://datacrunch.io/,"spot 0.13; same per-GPU across [1, 8]x sizes"
2025-06-13,DataCrunch,A100,A100 SXM4 80GB,1.23,on-demand,USD,1A100.22V 1x instance fixedPrice in embedded JSON,wayback,https://web.archive.org/web/20250613183152/https://datacrunch.io/,"spot 0.55; same per-GPU across [1, 2, 4, 8]x sizes"
2025-06-13,DataCrunch,B200,B200 SXM6 180GB,5.25,on-demand,USD,1B200.31V 1x instance fixedPrice in embedded JSON,wayback,https://web.archive.org/web/20250613183152/https://datacrunch.io/,"spot 3.3; per-GPU varies by size: [5.245, 5.25]"
2025-06-13,DataCrunch,H100,H100 SXM5 80GB,2.19,on-demand,USD,1H100.80S.30V 1x instance fixedPrice in embedded JSON,wayback,https://web.archive.org/web/20250613183152/https://datacrunch.io/,"spot 1.03; same per-GPU across [1, 2, 4, 8]x sizes"
2025-06-13,DataCrunch,H200,H200 SXM5 141GB,3.13,on-demand,USD,1H200.141S.44V 1x instance fixedPrice in embedded JSON,wayback,https://web.archive.org/web/20250613183152/https://datacrunch.io/,"spot 1.63; per-GPU varies by size: [3.13, 3.1338, 3.135]"
2025-06-13,DataCrunch,V100,Tesla V100 16GB,0.17,on-demand,USD,1V100.6V 1x instance fixedPrice in embedded JSON,wayback,https://web.archive.org/web/20250613183152/https://datacrunch.io/,"spot 0.06; same per-GPU across [1, 2, 4, 8]x sizes"
2025-06-17,Crusoe,A100,PCIe 40GB,1.45,on-demand,USD,posted per-GPU,commoncrawl,CC-MAIN-2025-26 crawl-data/CC-MAIN-2025-26/segments/1749709481437.39/warc/CC-MAIN-20250617001152-20250617031152-00441.warc.gz#461800918,support FAQ rate card (per-GPU col; instance-total col skipped)
2025-06-17,Crusoe,A100,PCIe 80GB,1.65,on-demand,USD,posted per-GPU,commoncrawl,CC-MAIN-2025-26 crawl-data/CC-MAIN-2025-26/segments/1749709481437.39/warc/CC-MAIN-20250617001152-20250617031152-00441.warc.gz#461800918,support FAQ rate card (per-GPU col; instance-total col skipped)
2025-06-17,Crusoe,A100,SXM 80GB,1.95,on-demand,USD,posted per-GPU,commoncrawl,CC-MAIN-2025-26 crawl-data/CC-MAIN-2025-26/segments/1749709481437.39/warc/CC-MAIN-20250617001152-20250617031152-00441.warc.gz#461800918,support FAQ rate card (per-GPU col; instance-total col skipped)
2025-06-17,crusoe,A100,,1.45,on-demand,USD,,commoncrawl,https://support.crusoecloud.com/hc/en-us/articles/37421109850907-FAQ-Determining-On-Demand-Pricing-for-Crusoe-Offerings,A100 40GB PCIe on-demand per-GPU
2025-06-17,crusoe,A100,,1.65,on-demand,USD,,commoncrawl,https://support.crusoecloud.com/hc/en-us/articles/37421109850907-FAQ-Determining-On-Demand-Pricing-for-Crusoe-Offerings,A100 80GB PCIe on-demand per-GPU
2025-06-17,crusoe,A100,,1.95,on-demand,USD,,commoncrawl,https://support.crusoecloud.com/hc/en-us/articles/37421109850907-FAQ-Determining-On-Demand-Pricing-for-Crusoe-Offerings,A100 80GB SXM on-demand per-GPU
2025-06-17,crusoe,H100,,3.9,on-demand,USD,,commoncrawl,https://support.crusoecloud.com/hc/en-us/articles/37421109850907-FAQ-Determining-On-Demand-Pricing-for-Crusoe-Offerings,H100 80GB SXM on-demand per-GPU
2025-06-17,crusoe,H200,,4.29,on-demand,USD,,commoncrawl,https://support.crusoecloud.com/hc/en-us/articles/37421109850907-FAQ-Determining-On-Demand-Pricing-for-Crusoe-Offerings,H200 141GB SXM on-demand per-GPU
2025-06-20,AWS,A100,SXM4 40GB (p4d.24xlarge),4.0963,on-demand,USD,p4d.24xlarge $32.77/hr / 8 GPUs,wayback,https://web.archive.org/web/20250620022019/https://aws.amazon.com/ec2/instance-types/p4/,"US East (N. Virginia), Linux; server-embedded JSON pricing table (page rebuild mid-2025)"
2025-06-20,AWS,A100,SXM4 40GB (p4d.24xlarge),2.4025,reserved-1yr,USD,p4d.24xlarge $19.22/hr / 8 GPUs,wayback,https://web.archive.org/web/20250620022019/https://aws.amazon.com/ec2/instance-types/p4/,"US East (N. Virginia), Linux; effective hourly RI; server-embedded JSON pricing table (page rebuild mid-2025)"
2025-06-20,AWS,A100,SXM4 40GB (p4d.24xlarge),1.4463,reserved-3yr,USD,p4d.24xlarge $11.57/hr / 8 GPUs,wayback,https://web.archive.org/web/20250620022019/https://aws.amazon.com/ec2/instance-types/p4/,"US East (N. Virginia), Linux; effective hourly RI; server-embedded JSON pricing table (page rebuild mid-2025)"
2025-06-20,AWS,A100,SXM4 80GB (p4de.24xlarge),5.12,on-demand,USD,p4de.24xlarge $40.96/hr / 8 GPUs,wayback,https://web.archive.org/web/20250620022019/https://aws.amazon.com/ec2/instance-types/p4/,"US East (N. Virginia), Linux; server-embedded JSON pricing table (page rebuild mid-2025)"
2025-06-20,AWS,A100,SXM4 80GB (p4de.24xlarge),3.0013,reserved-1yr,USD,p4de.24xlarge $24.01/hr / 8 GPUs,wayback,https://web.archive.org/web/20250620022019/https://aws.amazon.com/ec2/instance-types/p4/,"US East (N. Virginia), Linux; effective hourly RI; server-embedded JSON pricing table (page rebuild mid-2025)"
2025-06-20,AWS,A100,SXM4 80GB (p4de.24xlarge),1.8075,reserved-3yr,USD,p4de.24xlarge $14.46/hr / 8 GPUs,wayback,https://web.archive.org/web/20250620022019/https://aws.amazon.com/ec2/instance-types/p4/,"US East (N. Virginia), Linux; effective hourly RI; server-embedded JSON pricing table (page rebuild mid-2025)"
2025-06-20,Lambda,A100,PCIe 40GB,1.29,on-demand,USD,posted per-GPU (4x instance row),commoncrawl,CC-MAIN-2025-26 crawl-data/CC-MAIN-2025-26/segments/1749709481586.11/warc/CC-MAIN-20250620153012-20250620183012-00874.warc.gz#273628121,lambda-gpu-cloud; 4x NVIDIA A100 PCIe 40GB instance
2025-06-20,Lambda,A100,PCIe 40GB,1.29,on-demand,USD,posted per-GPU (2x instance row),commoncrawl,CC-MAIN-2025-26 crawl-data/CC-MAIN-2025-26/segments/1749709481586.11/warc/CC-MAIN-20250620153012-20250620183012-00874.warc.gz#273628121,lambda-gpu-cloud; 2x NVIDIA A100 PCIe 40GB instance
2025-06-20,Lambda,A100,PCIe 40GB,1.29,on-demand,USD,posted per-GPU (1x instance row),commoncrawl,CC-MAIN-2025-26 crawl-data/CC-MAIN-2025-26/segments/1749709481586.11/warc/CC-MAIN-20250620153012-20250620183012-00874.warc.gz#273628121,lambda-gpu-cloud; 1x NVIDIA A100 PCIe 40GB instance
2025-06-20,Lambda,A100,SXM 40GB,1.29,on-demand,USD,posted per-GPU (8x instance row),commoncrawl,CC-MAIN-2025-26 crawl-data/CC-MAIN-2025-26/segments/1749709481586.11/warc/CC-MAIN-20250620153012-20250620183012-00874.warc.gz#273628121,lambda-gpu-cloud; 8x NVIDIA A100 SXM 40GB instance
2025-06-20,Lambda,A100,SXM 40GB,1.29,on-demand,USD,posted per-GPU (1x instance row),commoncrawl,CC-MAIN-2025-26 crawl-data/CC-MAIN-2025-26/segments/1749709481586.11/warc/CC-MAIN-20250620153012-20250620183012-00874.warc.gz#273628121,lambda-gpu-cloud; 1x NVIDIA A100 SXM 40GB instance
2025-06-20,Lambda,A100,SXM 80GB,1.79,on-demand,USD,posted per-GPU (8x instance row),commoncrawl,CC-MAIN-2025-26 crawl-data/CC-MAIN-2025-26/segments/1749709481586.11/warc/CC-MAIN-20250620153012-20250620183012-00874.warc.gz#273628121,lambda-gpu-cloud; 8x NVIDIA A100 SXM 80GB instance
2025-06-20,Lambda,V100,SXM2 16GB,0.55,on-demand,USD,posted per-GPU (8x instance row),commoncrawl,CC-MAIN-2025-26 crawl-data/CC-MAIN-2025-26/segments/1749709481586.11/warc/CC-MAIN-20250620153012-20250620183012-00874.warc.gz#273628121,lambda-gpu-cloud; 8x NVIDIA Tesla V100 16GB instance
2025-06-20,lambda,A100,PCIe 40GB,1.29,on-demand,USD,,commoncrawl,https://lambda.ai/service/gpu-cloud,table 4x '> On-demand 4x NVIDIA A100 PCIe 40 GB 120 900 GiB 1 TiB' (instance/4)
2025-06-20,lambda,A100,SXM 40GB,1.29,on-demand,USD,,commoncrawl,https://lambda.ai/service/gpu-cloud,table 8x '> On-demand 8x NVIDIA A100 SXM 40 GB 124 1800 GiB 5.8 T' (instance/8)
2025-06-20,lambda,A100,SXM 80GB,1.79,on-demand,USD,,commoncrawl,https://lambda.ai/service/gpu-cloud,table 8x '> On-demand 8x NVIDIA A100 SXM 80 GB 240 1800 GiB 19.5 ' (instance/8)
2025-06-20,lambda,GH200,96GB,1.49,on-demand,USD,,commoncrawl,https://lambda.ai/service/gpu-cloud,table 1x '> On-demand 1x NVIDIA GH200 96 GB 64 432 GiB 4 TiB SSD ' (instance/1)
2025-06-20,lambda,H100,PCIe 80GB,2.49,on-demand,USD,,commoncrawl,https://lambda.ai/service/gpu-cloud,table 1x '> On-demand 1x NVIDIA H100 PCIe 80 GB 26 225 GiB 1 TiB ' (instance/1)
2025-06-20,lambda,H100,SXM 80GB,2.99,on-demand,USD,,commoncrawl,https://lambda.ai/service/gpu-cloud,table 8x '> On-demand 8x NVIDIA H100 SXM 80 GB 208 1800 GiB 22 Ti' (instance/8)
2025-06-21,CoreWeave,A100,80GB (8x instance),2.7,on-demand,USD,instance total $21.6/hr / 8 GPUs,commoncrawl,CC-MAIN-2025-26 crawl-data/CC-MAIN-2025-26/segments/1749709481673.38/warc/CC-MAIN-20250621100227-20250621130227-00869.warc.gz#156303500,cw-pricing; instance bundle incl vCPU/RAM
2025-06-21,CoreWeave,A100,NVLINK 40GB,2.06,on-demand,USD,posted per-GPU component rate,commoncrawl,CC-MAIN-2025-26 crawl-data/CC-MAIN-2025-26/segments/1749709481673.38/warc/CC-MAIN-20250621100227-20250621130227-00869.warc.gz#156303500,"cw-pricing; GPU-component rate, excludes vCPU/RAM/storage"
2025-06-21,CoreWeave,A100,PCIe 40GB,2.06,on-demand,USD,posted per-GPU component rate,commoncrawl,CC-MAIN-2025-26 crawl-data/CC-MAIN-2025-26/segments/1749709481673.38/warc/CC-MAIN-20250621100227-20250621130227-00869.warc.gz#156303500,"cw-pricing; GPU-component rate, excludes vCPU/RAM/storage"
2025-06-21,CoreWeave,A100,PCIe 80GB,2.21,on-demand,USD,posted per-GPU component rate,commoncrawl,CC-MAIN-2025-26 crawl-data/CC-MAIN-2025-26/segments/1749709481673.38/warc/CC-MAIN-20250621100227-20250621130227-00869.warc.gz#156303500,"cw-pricing; GPU-component rate, excludes vCPU/RAM/storage"
2025-06-21,CoreWeave,A100,SXM/NVLINK 80GB,2.21,on-demand,USD,posted per-GPU component rate,commoncrawl,CC-MAIN-2025-26 crawl-data/CC-MAIN-2025-26/segments/1749709481673.38/warc/CC-MAIN-20250621100227-20250621130227-00869.warc.gz#156303500,"cw-pricing; GPU-component rate, excludes vCPU/RAM/storage"
2025-06-21,coreweave,A100,,2.7,on-demand,USD,,commoncrawl,https://coreweave.com/pricing,instance bundle A100 8xGPU total $21.60/hr (incl vCPU/RAM/IB); per-GPU
2025-06-21,coreweave,A100,,2.06,on-demand,USD,,commoncrawl,https://coreweave.com/pricing,resource-based per-GPU compute rate (NVLINK 40GB); excludes vCPU/RAM/storage
2025-06-21,coreweave,A100,,2.06,on-demand,USD,,commoncrawl,https://coreweave.com/pricing,resource-based per-GPU compute rate (PCIe 40GB); excludes vCPU/RAM/storage
2025-06-21,coreweave,A100,,2.21,on-demand,USD,,commoncrawl,https://coreweave.com/pricing,resource-based per-GPU compute rate (PCIe 80GB); excludes vCPU/RAM/storage
2025-06-21,coreweave,A100,,2.21,on-demand,USD,,commoncrawl,https://coreweave.com/pricing,resource-based per-GPU compute rate (SXM/NVLINK 80GB); excludes vCPU/RAM/storage
2025-06-21,coreweave,B200,,8.6,on-demand,USD,,commoncrawl,https://coreweave.com/pricing,instance bundle B200 8xGPU total $68.80/hr (incl vCPU/RAM/IB); per-GPU
2025-06-21,coreweave,GB200,,10.5,on-demand,USD,,commoncrawl,https://coreweave.com/pricing,instance bundle GB200 NVL72 4xGPU total $42.00/hr (incl vCPU/RAM/IB); per-GPU
2025-06-21,coreweave,H100,,6.155,on-demand,USD,,commoncrawl,https://coreweave.com/pricing,instance bundle HGX H100 8xGPU total $49.24/hr (incl vCPU/RAM/IB); per-GPU
2025-06-21,coreweave,H100,,4.25,on-demand,USD,,commoncrawl,https://coreweave.com/pricing,resource-based per-GPU compute rate (PCIe 80GB); excludes vCPU/RAM/storage
2025-06-21,coreweave,H100,,4.76,on-demand,USD,,commoncrawl,https://coreweave.com/pricing,resource-based per-GPU compute rate (SXM/HGX 80GB); excludes vCPU/RAM/storage
2025-06-21,coreweave,H200,,6.305,on-demand,USD,,commoncrawl,https://coreweave.com/pricing,instance bundle HGX H200 8xGPU total $50.44/hr (incl vCPU/RAM/IB); per-GPU
2025-06-23,CoreWeave,A100,NVLINK 40GB,2.06,on-demand,USD,posted per-GPU component rate,commoncrawl,CC-MAIN-2025-26 crawl-data/CC-MAIN-2025-26/segments/1749709775819.97/warc/CC-MAIN-20250623143503-20250623173503-00905.warc.gz#578461353,"cw-pricing-classic; GPU-component rate, excludes vCPU/RAM/storage"
2025-06-23,CoreWeave,A100,PCIe 40GB,2.06,on-demand,USD,posted per-GPU component rate,commoncrawl,CC-MAIN-2025-26 crawl-data/CC-MAIN-2025-26/segments/1749709775819.97/warc/CC-MAIN-20250623143503-20250623173503-00905.warc.gz#578461353,"cw-pricing-classic; GPU-component rate, excludes vCPU/RAM/storage"
2025-06-23,CoreWeave,A100,PCIe 80GB,2.21,on-demand,USD,posted per-GPU component rate,commoncrawl,CC-MAIN-2025-26 crawl-data/CC-MAIN-2025-26/segments/1749709775819.97/warc/CC-MAIN-20250623143503-20250623173503-00905.warc.gz#578461353,"cw-pricing-classic; GPU-component rate, excludes vCPU/RAM/storage"
2025-06-23,CoreWeave,A100,SXM/NVLINK 80GB,2.21,on-demand,USD,posted per-GPU component rate,commoncrawl,CC-MAIN-2025-26 crawl-data/CC-MAIN-2025-26/segments/1749709775819.97/warc/CC-MAIN-20250623143503-20250623173503-00905.warc.gz#578461353,"cw-pricing-classic; GPU-component rate, excludes vCPU/RAM/storage"
2025-06-23,TensorDock,A100,80GB,1.42,teaser,USD,posted marketplace floor,commoncrawl,CC-MAIN-2025-26 crawl-data/CC-MAIN-2025-26/segments/1749709775819.97/warc/CC-MAIN-20250623143503-20250623173503-00106.warc.gz#836428173,gpu-a100 page; TEASER 'from $/hr' marketplace floor
2025-06-23,TensorDock,A100,80GB,1.63,teaser,USD,posted marketplace floor,commoncrawl,CC-MAIN-2025-26 crawl-data/CC-MAIN-2025-26/segments/1749709775819.97/warc/CC-MAIN-20250623143503-20250623173503-00106.warc.gz#836428173,gpu-a100 page; TEASER 'deploy from' marketplace floor
2025-06-23,coreweave,A100,,2.06,on-demand,USD,,commoncrawl,https://www.coreweave.com/pricing/classic,resource-based per-GPU compute rate (NVLINK 40GB); excludes vCPU/RAM/storage
2025-06-23,coreweave,A100,,2.06,on-demand,USD,,commoncrawl,https://www.coreweave.com/pricing/classic,resource-based per-GPU compute rate (PCIe 40GB); excludes vCPU/RAM/storage
2025-06-23,coreweave,A100,,2.21,on-demand,USD,,commoncrawl,https://www.coreweave.com/pricing/classic,resource-based per-GPU compute rate (PCIe 80GB); excludes vCPU/RAM/storage
2025-06-23,coreweave,A100,,2.21,on-demand,USD,,commoncrawl,https://www.coreweave.com/pricing/classic,resource-based per-GPU compute rate (SXM/NVLINK 80GB); excludes vCPU/RAM/storage
2025-06-23,coreweave,H100,,4.25,on-demand,USD,,commoncrawl,https://www.coreweave.com/pricing/classic,resource-based per-GPU compute rate (PCIe 80GB); excludes vCPU/RAM/storage
2025-06-23,coreweave,H100,,4.76,on-demand,USD,,commoncrawl,https://www.coreweave.com/pricing/classic,resource-based per-GPU compute rate (SXM/HGX 80GB); excludes vCPU/RAM/storage
2025-06-30,GenesisCloud,B200,HGX (8-GPU node min),2.8,teaser,USD,per-GPU per hour ('prices indicated per GPU component per hour' footnote),wayback,https://web.archive.org/web/20250630060828/https://www.genesiscloud.com/pricing,teaser floor ('Starting at'); 8x node minimum
2025-06-30,GenesisCloud,H100,HGX (8-GPU node min),1.6,teaser,USD,per-GPU per hour ('prices indicated per GPU component per hour' footnote),wayback,https://web.archive.org/web/20250630060828/https://www.genesiscloud.com/pricing,teaser floor ('Starting at'); 8x node minimum
2025-06-30,GenesisCloud,H200,HGX (8-GPU node min),2.95,on-demand,USD,per-GPU per hour ('prices indicated per GPU component per hour' footnote),wayback,https://web.archive.org/web/20250630060828/https://www.genesiscloud.com/pricing,posted flat 'Only' rate; 8x node minimum
2025-07-01,AWS,A100,SXM4 40GB (p4d.24xlarge),4.0963,on-demand,USD,p4d.24xlarge $32.77/hr / 8 GPUs,wayback,https://web.archive.org/web/20250701172124/https://aws.amazon.com/ec2/instance-types/p4/,"US East (N. Virginia), Linux; server-embedded JSON pricing table (page rebuild mid-2025)"
2025-07-01,AWS,A100,SXM4 40GB (p4d.24xlarge),2.4025,reserved-1yr,USD,p4d.24xlarge $19.22/hr / 8 GPUs,wayback,https://web.archive.org/web/20250701172124/https://aws.amazon.com/ec2/instance-types/p4/,"US East (N. Virginia), Linux; effective hourly RI; server-embedded JSON pricing table (page rebuild mid-2025)"
2025-07-01,AWS,A100,SXM4 40GB (p4d.24xlarge),1.4463,reserved-3yr,USD,p4d.24xlarge $11.57/hr / 8 GPUs,wayback,https://web.archive.org/web/20250701172124/https://aws.amazon.com/ec2/instance-types/p4/,"US East (N. Virginia), Linux; effective hourly RI; server-embedded JSON pricing table (page rebuild mid-2025)"
2025-07-01,AWS,A100,SXM4 80GB (p4de.24xlarge),5.12,on-demand,USD,p4de.24xlarge $40.96/hr / 8 GPUs,wayback,https://web.archive.org/web/20250701172124/https://aws.amazon.com/ec2/instance-types/p4/,"US East (N. Virginia), Linux; server-embedded JSON pricing table (page rebuild mid-2025)"
2025-07-01,AWS,A100,SXM4 80GB (p4de.24xlarge),3.0013,reserved-1yr,USD,p4de.24xlarge $24.01/hr / 8 GPUs,wayback,https://web.archive.org/web/20250701172124/https://aws.amazon.com/ec2/instance-types/p4/,"US East (N. Virginia), Linux; effective hourly RI; server-embedded JSON pricing table (page rebuild mid-2025)"
2025-07-01,AWS,A100,SXM4 80GB (p4de.24xlarge),1.8075,reserved-3yr,USD,p4de.24xlarge $14.46/hr / 8 GPUs,wayback,https://web.archive.org/web/20250701172124/https://aws.amazon.com/ec2/instance-types/p4/,"US East (N. Virginia), Linux; effective hourly RI; server-embedded JSON pricing table (page rebuild mid-2025)"
2025-07-01,DataCrunch,A100,A100 SXM4 40GB,0.72,on-demand,USD,1A100.40S.22V 1x instance fixedPrice in embedded JSON,wayback,https://web.archive.org/web/20250701121537/https://datacrunch.io/,"spot 0.15; per-GPU varies by size: [0.72, 0.7212]"
2025-07-01,DataCrunch,A100,A100 SXM4 80GB,1.12,on-demand,USD,1A100.22V 1x instance fixedPrice in embedded JSON,wayback,https://web.archive.org/web/20250701121537/https://datacrunch.io/,"spot 0.5; per-GPU varies by size: [1.115, 1.12]"
2025-07-01,DataCrunch,B200,B200 SXM6 180GB,4.49,on-demand,USD,1B200.31V 1x instance fixedPrice in embedded JSON,wayback,https://web.archive.org/web/20250701121537/https://datacrunch.io/,"spot 1.45; same per-GPU across [1, 2, 4, 8]x sizes"
2025-07-01,DataCrunch,H100,H100 SXM5 80GB,2.19,on-demand,USD,1H100.80S.30V 1x instance fixedPrice in embedded JSON,wayback,https://web.archive.org/web/20250701121537/https://datacrunch.io/,"spot 0.89; same per-GPU across [1, 2, 4, 8]x sizes"
2025-07-01,DataCrunch,H200,H200 SXM5 141GB,3.13,on-demand,USD,1H200.141S.44V 1x instance fixedPrice in embedded JSON,wayback,https://web.archive.org/web/20250701121537/https://datacrunch.io/,"spot 1.09; per-GPU varies by size: [3.13, 3.1338, 3.135]"
2025-07-01,DataCrunch,V100,Tesla V100 16GB,0.14,on-demand,USD,1V100.6V 1x instance fixedPrice in embedded JSON,wayback,https://web.archive.org/web/20250701121537/https://datacrunch.io/,"spot 0.05; per-GPU varies by size: [0.1375, 0.14]"
2025-07-01,GenesisCloud,B200,HGX (8-GPU node min),2.8,teaser,USD,per-GPU per hour ('prices indicated per GPU component per hour' footnote),wayback,https://web.archive.org/web/20250701222916/https://www.genesiscloud.com/pricing,teaser floor ('Starting at'); 8x node minimum
2025-07-01,GenesisCloud,H100,HGX (8-GPU node min),1.6,teaser,USD,per-GPU per hour ('prices indicated per GPU component per hour' footnote),wayback,https://web.archive.org/web/20250701222916/https://www.genesiscloud.com/pricing,teaser floor ('Starting at'); 8x node minimum
2025-07-01,GenesisCloud,H200,HGX (8-GPU node min),2.8,on-demand,USD,per-GPU per hour ('prices indicated per GPU component per hour' footnote),wayback,https://web.archive.org/web/20250701222916/https://www.genesiscloud.com/pricing,posted flat 'Only' rate; 8x node minimum
2025-07-07,OVHcloud,A100,"PCIe 80GB (a100-180, 1x A100)",3.07,on-demand,USD,"posted per-instance, 1 GPU = per-GPU",wayback,https://web.archive.org/web/20250707141142/https://www.ovhcloud.com/en/public-cloud/prices/,1x/2x/4x sizes ~same per-GPU
2025-07-07,OVHcloud,H100,"PCIe 80GB (h100-380, 1x H100)",2.99,on-demand,USD,"posted per-instance, 1 GPU = per-GPU",wayback,https://web.archive.org/web/20250707141142/https://www.ovhcloud.com/en/public-cloud/prices/,1x/2x/4x sizes ~same per-GPU
2025-07-07,OVHcloud,V100,"PCIe 16GB (t1-45, 1x V100)",1.97,on-demand,USD,"posted per-instance, 1 GPU = per-GPU",wayback,https://web.archive.org/web/20250707141142/https://www.ovhcloud.com/en/public-cloud/prices/,1x/2x/4x sizes ~same per-GPU
2025-07-07,OVHcloud,V100,"PCIe 16GB (t1-le-45, 1x V100)",0.77,on-demand,USD,"posted per-instance, 1 GPU = per-GPU",wayback,https://web.archive.org/web/20250707141142/https://www.ovhcloud.com/en/public-cloud/prices/,reduced-storage t1-le line; 1x/2x/4x sizes ~same per-GPU
2025-07-07,OVHcloud,V100,"PCIe 32GB (t2-45, 1x V100)",2.19,on-demand,USD,"posted per-instance, 1 GPU = per-GPU",wayback,https://web.archive.org/web/20250707141142/https://www.ovhcloud.com/en/public-cloud/prices/,1x/2x/4x sizes ~same per-GPU
2025-07-07,OVHcloud,V100,"PCIe 32GB (t2-le-45, 1x V100)",0.88,on-demand,USD,"posted per-instance, 1 GPU = per-GPU",wayback,https://web.archive.org/web/20250707141142/https://www.ovhcloud.com/en/public-cloud/prices/,reduced-storage t2-le line; 1x/2x/4x sizes ~same per-GPU
2025-07-08,Paperspace,A100,40GB (card labeled H100; spec text NVIDIA A100 GPU),3.09,on-demand,USD,hourly rate as posted,wayback,https://web.archive.org/web/20250708111241/https://www.paperspace.com/pricing,known template bug: H100 header on A100 card; treat as A100 rate; page content unchanged since 2024 (frozen under DigitalOcean); posted list may be stale
2025-07-08,Paperspace,A100,80GB,1.15,reserved-3yr,USD,hourly rate as posted,wayback,https://web.archive.org/web/20250708111241/https://www.paperspace.com/pricing,footnote: 3-year commitment pricing; page content unchanged since 2024 (frozen under DigitalOcean); posted list may be stale
2025-07-08,Paperspace,H100,HGX 80GB,5.95,on-demand-promo,USD,footnote text,wayback,https://web.archive.org/web/20250708111241/https://www.paperspace.com/pricing,'special promo price' per footnote; page content unchanged since 2024 (frozen under DigitalOcean); posted list may be stale
2025-07-08,Paperspace,H100,HGX 80GB,2.24,reserved-3yr,USD,hourly rate as posted,wayback,https://web.archive.org/web/20250708111241/https://www.paperspace.com/pricing,footnote: 3-year commitment pricing; on-demand H100 $5.95 promo per same footnote; page content unchanged since 2024 (frozen under DigitalOcean); posted list may be stale
2025-07-08,Paperspace,V100,16GB,2.3,on-demand,USD,hourly rate as posted,wayback,https://web.archive.org/web/20250708111241/https://www.paperspace.com/pricing,page content unchanged since 2024 (frozen under DigitalOcean); posted list may be stale
2025-07-12,Lambda,A100,A100 PCIe 40GB,1.29,on-demand,USD,as posted $/GPU/hr (4x config),wayback,https://web.archive.org/web/20250712004630/https://lambda.ai/pricing,
2025-07-12,Lambda,A100,A100 SXM 40GB,1.29,on-demand,USD,as posted $/GPU/hr (8x config),wayback,https://web.archive.org/web/20250712004630/https://lambda.ai/pricing,
2025-07-12,Lambda,A100,A100 SXM 80GB,1.79,on-demand,USD,as posted $/GPU/hr (8x config),wayback,https://web.archive.org/web/20250712004630/https://lambda.ai/pricing,
2025-07-12,Lambda,B200,"HGX SXM (1-Click Cluster, 16+ GPUs)",3.79,teaser,USD,'As low as (per GPU-hour)' cluster floor as posted,wayback,https://web.archive.org/web/20250712004630/https://lambda.ai/pricing,1-Click Clusters floor; On-demand 1 week+
2025-07-12,Lambda,B200,"HGX SXM (1-Click Cluster, 16+ GPUs)",3.49,teaser,USD,'As low as (per GPU-hour)' cluster floor as posted,wayback,https://web.archive.org/web/20250712004630/https://lambda.ai/pricing,1-Click Clusters floor; Reserved 1 year
2025-07-12,Lambda,B200,"HGX SXM (1-Click Cluster, 16+ GPUs)",3.29,teaser,USD,'As low as (per GPU-hour)' cluster floor as posted,wayback,https://web.archive.org/web/20250712004630/https://lambda.ai/pricing,1-Click Clusters floor; Reserved 2 years
2025-07-12,Lambda,B200,"HGX SXM (1-Click Cluster, 16+ GPUs)",2.99,teaser,USD,'As low as (per GPU-hour)' cluster floor as posted,wayback,https://web.archive.org/web/20250712004630/https://lambda.ai/pricing,1-Click Clusters floor; Reserved 3 years
2025-07-12,Lambda,GH200,GH200 96GB,1.49,on-demand,USD,as posted $/GPU/hr (1x config),wayback,https://web.archive.org/web/20250712004630/https://lambda.ai/pricing,
2025-07-12,Lambda,H100,H100 PCIe 80GB,2.49,on-demand,USD,as posted $/GPU/hr (1x config),wayback,https://web.archive.org/web/20250712004630/https://lambda.ai/pricing,
2025-07-12,Lambda,H100,H100 SXM 80GB,2.99,on-demand,USD,as posted $/GPU/hr (8x config),wayback,https://web.archive.org/web/20250712004630/https://lambda.ai/pricing,
2025-07-12,Lambda,H100,"HGX SXM (1-Click Cluster, 16+ GPUs)",2.69,teaser,USD,'As low as (per GPU-hour)' cluster floor as posted,wayback,https://web.archive.org/web/20250712004630/https://lambda.ai/pricing,1-Click Clusters floor; On Demand 1 week-3 months
2025-07-12,Lambda,H100,"HGX SXM (1-Click Cluster, 16+ GPUs)",2.29,teaser,USD,'As low as (per GPU-hour)' cluster floor as posted,wayback,https://web.archive.org/web/20250712004630/https://lambda.ai/pricing,1-Click Clusters floor; Reserved 3-6 months
2025-07-12,Lambda,H100,"HGX SXM (1-Click Cluster, 16+ GPUs)",2.19,teaser,USD,'As low as (per GPU-hour)' cluster floor as posted,wayback,https://web.archive.org/web/20250712004630/https://lambda.ai/pricing,1-Click Clusters floor; Reserved 6-12 months
2025-07-12,Lambda,H100,"HGX SXM (1-Click Cluster, 16+ GPUs)",1.85,teaser,USD,'As low as (per GPU-hour)' cluster floor as posted,wayback,https://web.archive.org/web/20250712004630/https://lambda.ai/pricing,1-Click Clusters floor; Reserved 1 year
2025-07-12,Lambda,V100,Tesla V100 16GB,0.55,on-demand,USD,as posted $/GPU/hr (8x config),wayback,https://web.archive.org/web/20250712004630/https://lambda.ai/pricing,
2025-07-14,coreweave,A100,,2.7,on-demand,USD,,commoncrawl,https://docs.coreweave.com/docs/pricing/pricing-instances,instance gd-8xa100-i128: 8xGPU bundle total $21.60/hr (incl vCPU/RAM/net); per-GPU
2025-07-14,coreweave,B200,,8.6,on-demand,USD,,commoncrawl,https://docs.coreweave.com/docs/pricing/pricing-instances,instance b200-8x: 8xGPU bundle total $68.80/hr (incl vCPU/RAM/InfiniBand); per-GPU
2025-07-14,coreweave,GB200,,10.5,on-demand,USD,,commoncrawl,https://docs.coreweave.com/docs/pricing/pricing-instances,instance gb200-4x: 4xGPU bundle total $42.00/hr (incl vCPU/RAM/NVL72); per-GPU
2025-07-14,coreweave,H100,,6.155,on-demand,USD,,commoncrawl,https://docs.coreweave.com/docs/pricing/pricing-instances,instance gd-8xh100ib-i128: 8xGPU bundle total $49.24/hr (incl vCPU/RAM/InfiniBand); per-GPU
2025-07-14,coreweave,H200,,6.305,on-demand,USD,,commoncrawl,https://docs.coreweave.com/docs/pricing/pricing-instances,instance gd-8xh200ib-i128: 8xGPU bundle total $50.44/hr (incl vCPU/RAM/InfiniBand); per-GPU
2025-07-18,CoreWeave,A100,80GB (8x instance),2.7,on-demand,USD,instance total $21.6/hr / 8 GPUs,commoncrawl,CC-MAIN-2025-30 crawl-data/CC-MAIN-2025-30/segments/1751905934611.62/warc/CC-MAIN-20250718031256-20250718061256-00950.warc.gz#616095749,cw-pricing; instance bundle incl vCPU/RAM
2025-07-18,CoreWeave,A100,NVLINK 40GB,2.06,on-demand,USD,posted per-GPU component rate,commoncrawl,CC-MAIN-2025-30 crawl-data/CC-MAIN-2025-30/segments/1751905934611.62/warc/CC-MAIN-20250718031256-20250718061256-00950.warc.gz#616095749,"cw-pricing; GPU-component rate, excludes vCPU/RAM/storage"
2025-07-18,CoreWeave,A100,PCIe 40GB,2.06,on-demand,USD,posted per-GPU component rate,commoncrawl,CC-MAIN-2025-30 crawl-data/CC-MAIN-2025-30/segments/1751905934611.62/warc/CC-MAIN-20250718031256-20250718061256-00950.warc.gz#616095749,"cw-pricing; GPU-component rate, excludes vCPU/RAM/storage"
2025-07-18,CoreWeave,A100,PCIe 80GB,2.21,on-demand,USD,posted per-GPU component rate,commoncrawl,CC-MAIN-2025-30 crawl-data/CC-MAIN-2025-30/segments/1751905934611.62/warc/CC-MAIN-20250718031256-20250718061256-00950.warc.gz#616095749,"cw-pricing; GPU-component rate, excludes vCPU/RAM/storage"
2025-07-18,CoreWeave,A100,SXM/NVLINK 80GB,2.21,on-demand,USD,posted per-GPU component rate,commoncrawl,CC-MAIN-2025-30 crawl-data/CC-MAIN-2025-30/segments/1751905934611.62/warc/CC-MAIN-20250718031256-20250718061256-00950.warc.gz#616095749,"cw-pricing; GPU-component rate, excludes vCPU/RAM/storage"
2025-07-18,Paperspace,A100,80GB,1.15,3-year commitment,USD,posted per-GPU,commoncrawl,CC-MAIN-2025-30 crawl-data/CC-MAIN-2025-30/segments/1751906231606.97/warc/CC-MAIN-20250718215916-20250719005916-00987.warc.gz#786545836,pricing page GPU card; page footnote: $1.15/hour pricing is for a 3-year commitment
2025-07-18,Paperspace,A100,40GB,3.09,on-demand,USD,posted per-GPU,commoncrawl,CC-MAIN-2025-30 crawl-data/CC-MAIN-2025-30/segments/1751906231606.97/warc/CC-MAIN-20250718215916-20250719005916-00987.warc.gz#786545836,pricing page GPU card; CAUTION card titled 'H100' but spec reads 'NVIDIA A100 GPU' (known template bug; price matches legacy A100 card)
2025-07-18,Paperspace,V100,16GB,2.3,on-demand,USD,posted per-GPU,commoncrawl,CC-MAIN-2025-30 crawl-data/CC-MAIN-2025-30/segments/1751906231606.97/warc/CC-MAIN-20250718215916-20250719005916-00987.warc.gz#786545836,pricing page GPU card
2025-07-18,coreweave,A100,,2.7,on-demand,USD,,commoncrawl,https://www.coreweave.com/pricing,instance bundle A100 8xGPU total $21.60/hr (incl vCPU/RAM/IB); per-GPU
2025-07-18,coreweave,A100,,2.06,on-demand,USD,,commoncrawl,https://www.coreweave.com/pricing,resource-based per-GPU compute rate (NVLINK 40GB); excludes vCPU/RAM/storage
2025-07-18,coreweave,A100,,2.06,on-demand,USD,,commoncrawl,https://www.coreweave.com/pricing,resource-based per-GPU compute rate (PCIe 40GB); excludes vCPU/RAM/storage
2025-07-18,coreweave,A100,,2.21,on-demand,USD,,commoncrawl,https://www.coreweave.com/pricing,resource-based per-GPU compute rate (PCIe 80GB); excludes vCPU/RAM/storage
2025-07-18,coreweave,A100,,2.21,on-demand,USD,,commoncrawl,https://www.coreweave.com/pricing,resource-based per-GPU compute rate (SXM/NVLINK 80GB); excludes vCPU/RAM/storage
2025-07-18,coreweave,B200,,8.6,on-demand,USD,,commoncrawl,https://www.coreweave.com/pricing,instance bundle B200 8xGPU total $68.80/hr (incl vCPU/RAM/IB); per-GPU
2025-07-18,coreweave,GB200,,10.5,on-demand,USD,,commoncrawl,https://www.coreweave.com/pricing,instance bundle GB200 NVL72 4xGPU total $42.00/hr (incl vCPU/RAM/IB); per-GPU
2025-07-18,coreweave,H100,,6.155,on-demand,USD,,commoncrawl,https://www.coreweave.com/pricing,instance bundle HGX H100 8xGPU total $49.24/hr (incl vCPU/RAM/IB); per-GPU
2025-07-18,coreweave,H100,,4.25,on-demand,USD,,commoncrawl,https://www.coreweave.com/pricing,resource-based per-GPU compute rate (PCIe 80GB); excludes vCPU/RAM/storage
2025-07-18,coreweave,H100,,4.76,on-demand,USD,,commoncrawl,https://www.coreweave.com/pricing,resource-based per-GPU compute rate (SXM/HGX 80GB); excludes vCPU/RAM/storage
2025-07-18,coreweave,H200,,6.305,on-demand,USD,,commoncrawl,https://www.coreweave.com/pricing,instance bundle HGX H200 8xGPU total $50.44/hr (incl vCPU/RAM/IB); per-GPU
2025-07-19,DataCrunch,A100,SXM4 40GB,0.54,2-year,USD,posted per-GPU,commoncrawl,CC-MAIN-2025-30 crawl-data/CC-MAIN-2025-30/segments/1751906231904.78/warc/CC-MAIN-20250719010736-20250719040736-00663.warc.gz#150376869,a100-sxm4 page 2-year contract
2025-07-19,DataCrunch,A100,SXM4 80GB,0.84,2-year,USD,posted per-GPU,commoncrawl,CC-MAIN-2025-30 crawl-data/CC-MAIN-2025-30/segments/1751906231904.78/warc/CC-MAIN-20250719010736-20250719040736-00663.warc.gz#150376869,a100-sxm4 page 2-year contract
2025-07-19,DataCrunch,A100,SXM4 40GB,0.72,on-demand,USD,posted per-GPU,commoncrawl,CC-MAIN-2025-30 crawl-data/CC-MAIN-2025-30/segments/1751906231904.78/warc/CC-MAIN-20250719010736-20250719040736-00663.warc.gz#150376869,a100-sxm4 page Pay-As-You-Go instance
2025-07-19,DataCrunch,A100,SXM4 80GB,1.12,on-demand,USD,posted per-GPU,commoncrawl,CC-MAIN-2025-30 crawl-data/CC-MAIN-2025-30/segments/1751906231904.78/warc/CC-MAIN-20250719010736-20250719040736-00663.warc.gz#150376869,a100-sxm4 page Pay-As-You-Go instance
2025-07-24,CoreWeave,A100,HGX 80GB,2.7,on-demand,USD,8-GPU instance $21.6/hr / 8 GPUs,wayback,https://web.archive.org/web/20250724224401/https://coreweave.com/pricing,instance price incl. CPU/RAM/storage (on-demand instance table)
2025-07-24,CoreWeave,A100,NVLink 40GB,2.06,on-demand,USD,GPU component rate as posted,wayback,https://web.archive.org/web/20250724224401/https://coreweave.com/pricing,GPU-component-only billing (vCPU/RAM billed separately)
2025-07-24,CoreWeave,A100,NVLink 80GB,2.21,on-demand,USD,GPU component rate as posted,wayback,https://web.archive.org/web/20250724224401/https://coreweave.com/pricing,GPU-component-only billing (vCPU/RAM billed separately)
2025-07-24,CoreWeave,A100,PCIe 40GB,2.06,on-demand,USD,GPU component rate as posted,wayback,https://web.archive.org/web/20250724224401/https://coreweave.com/pricing,GPU-component-only billing (vCPU/RAM billed separately)
2025-07-24,CoreWeave,A100,PCIe 80GB,2.21,on-demand,USD,GPU component rate as posted,wayback,https://web.archive.org/web/20250724224401/https://coreweave.com/pricing,GPU-component-only billing (vCPU/RAM billed separately)
2025-07-24,CoreWeave,B200,HGX SXM6 180GB,8.6,on-demand,USD,8-GPU instance $68.8/hr / 8 GPUs,wayback,https://web.archive.org/web/20250724224401/https://coreweave.com/pricing,instance price incl. CPU/RAM/storage (on-demand instance table)
2025-07-24,CoreWeave,GB200,NVL72 (4-GPU instance),10.5,on-demand,USD,4-GPU instance $42.0/hr / 4 GPUs,wayback,https://web.archive.org/web/20250724224401/https://coreweave.com/pricing,instance price incl. CPU/RAM/storage (on-demand instance table); 4-GPU (Grace-paired) instance slice of NVL72
2025-07-24,CoreWeave,GH200,96GB,6.5,on-demand,USD,1-GPU instance $6.5/hr / 1 GPUs,wayback,https://web.archive.org/web/20250724224401/https://coreweave.com/pricing,instance price incl. CPU/RAM/storage (on-demand instance table)
2025-07-24,CoreWeave,H100,HGX SXM5 80GB,6.155,on-demand,USD,8-GPU instance $49.24/hr / 8 GPUs,wayback,https://web.archive.org/web/20250724224401/https://coreweave.com/pricing,instance price incl. CPU/RAM/storage (on-demand instance table)
2025-07-24,CoreWeave,H100,HGX SXM5 80GB (GPU component),4.76,on-demand,USD,GPU component rate as posted,wayback,https://web.archive.org/web/20250724224401/https://coreweave.com/pricing,GPU-component-only billing (vCPU/RAM billed separately)
2025-07-24,CoreWeave,H100,PCIe 80GB,4.25,on-demand,USD,GPU component rate as posted,wayback,https://web.archive.org/web/20250724224401/https://coreweave.com/pricing,GPU-component-only billing (vCPU/RAM billed separately)
2025-07-24,CoreWeave,H200,HGX SXM5 141GB,6.305,on-demand,USD,8-GPU instance $50.44/hr / 8 GPUs,wayback,https://web.archive.org/web/20250724224401/https://coreweave.com/pricing,instance price incl. CPU/RAM/storage (on-demand instance table)
2025-07-24,CoreWeave,V100,NVLink 16GB,0.8,on-demand,USD,GPU component rate as posted,wayback,https://web.archive.org/web/20250724224401/https://coreweave.com/pricing,GPU-component-only billing (vCPU/RAM billed separately)
2025-08-05,AWS,A100,SXM4 40GB (p4d.24xlarge),4.0963,on-demand,USD,p4d.24xlarge $32.77/hr / 8 GPUs,wayback,https://web.archive.org/web/20250805012042/https://aws.amazon.com/ec2/instance-types/p4/,"US East (N. Virginia), Linux; server-embedded JSON pricing table (page rebuild mid-2025)"
2025-08-05,AWS,A100,SXM4 40GB (p4d.24xlarge),2.4025,reserved-1yr,USD,p4d.24xlarge $19.22/hr / 8 GPUs,wayback,https://web.archive.org/web/20250805012042/https://aws.amazon.com/ec2/instance-types/p4/,"US East (N. Virginia), Linux; effective hourly RI; server-embedded JSON pricing table (page rebuild mid-2025)"
2025-08-05,AWS,A100,SXM4 40GB (p4d.24xlarge),1.4463,reserved-3yr,USD,p4d.24xlarge $11.57/hr / 8 GPUs,wayback,https://web.archive.org/web/20250805012042/https://aws.amazon.com/ec2/instance-types/p4/,"US East (N. Virginia), Linux; effective hourly RI; server-embedded JSON pricing table (page rebuild mid-2025)"
2025-08-05,AWS,A100,SXM4 80GB (p4de.24xlarge),5.12,on-demand,USD,p4de.24xlarge $40.96/hr / 8 GPUs,wayback,https://web.archive.org/web/20250805012042/https://aws.amazon.com/ec2/instance-types/p4/,"US East (N. Virginia), Linux; server-embedded JSON pricing table (page rebuild mid-2025)"
2025-08-05,AWS,A100,SXM4 80GB (p4de.24xlarge),3.0013,reserved-1yr,USD,p4de.24xlarge $24.01/hr / 8 GPUs,wayback,https://web.archive.org/web/20250805012042/https://aws.amazon.com/ec2/instance-types/p4/,"US East (N. Virginia), Linux; effective hourly RI; server-embedded JSON pricing table (page rebuild mid-2025)"
2025-08-05,AWS,A100,SXM4 80GB (p4de.24xlarge),1.8075,reserved-3yr,USD,p4de.24xlarge $14.46/hr / 8 GPUs,wayback,https://web.archive.org/web/20250805012042/https://aws.amazon.com/ec2/instance-types/p4/,"US East (N. Virginia), Linux; effective hourly RI; server-embedded JSON pricing table (page rebuild mid-2025)"
2025-08-05,Lambda,A100,PCIe 40GB,1.29,on-demand,USD,posted per-GPU (4x instance row),commoncrawl,CC-MAIN-2025-33 crawl-data/CC-MAIN-2025-33/segments/1754151279847.20/warc/CC-MAIN-20250805032822-20250805062822-00222.warc.gz#299449609,lambda-gpu-cloud; 4x NVIDIA A100 PCIe 40GB instance
2025-08-05,Lambda,A100,PCIe 40GB,1.29,on-demand,USD,posted per-GPU (2x instance row),commoncrawl,CC-MAIN-2025-33 crawl-data/CC-MAIN-2025-33/segments/1754151279847.20/warc/CC-MAIN-20250805032822-20250805062822-00222.warc.gz#299449609,lambda-gpu-cloud; 2x NVIDIA A100 PCIe 40GB instance
2025-08-05,Lambda,A100,PCIe 40GB,1.29,on-demand,USD,posted per-GPU (1x instance row),commoncrawl,CC-MAIN-2025-33 crawl-data/CC-MAIN-2025-33/segments/1754151279847.20/warc/CC-MAIN-20250805032822-20250805062822-00222.warc.gz#299449609,lambda-gpu-cloud; 1x NVIDIA A100 PCIe 40GB instance
2025-08-05,Lambda,A100,SXM 40GB,1.29,on-demand,USD,posted per-GPU (8x instance row),commoncrawl,CC-MAIN-2025-33 crawl-data/CC-MAIN-2025-33/segments/1754151279847.20/warc/CC-MAIN-20250805032822-20250805062822-00222.warc.gz#299449609,lambda-gpu-cloud; 8x NVIDIA A100 SXM 40GB instance
2025-08-05,Lambda,A100,SXM 40GB,1.29,on-demand,USD,posted per-GPU (1x instance row),commoncrawl,CC-MAIN-2025-33 crawl-data/CC-MAIN-2025-33/segments/1754151279847.20/warc/CC-MAIN-20250805032822-20250805062822-00222.warc.gz#299449609,lambda-gpu-cloud; 1x NVIDIA A100 SXM 40GB instance
2025-08-05,Lambda,A100,SXM 80GB,1.79,on-demand,USD,posted per-GPU (8x instance row),commoncrawl,CC-MAIN-2025-33 crawl-data/CC-MAIN-2025-33/segments/1754151279847.20/warc/CC-MAIN-20250805032822-20250805062822-00222.warc.gz#299449609,lambda-gpu-cloud; 8x NVIDIA A100 SXM 80GB instance
2025-08-05,Lambda,V100,SXM2 16GB,0.55,on-demand,USD,posted per-GPU (8x instance row),commoncrawl,CC-MAIN-2025-33 crawl-data/CC-MAIN-2025-33/segments/1754151279847.20/warc/CC-MAIN-20250805032822-20250805062822-00222.warc.gz#299449609,lambda-gpu-cloud; 8x NVIDIA Tesla V100 16GB instance
2025-08-05,Paperspace,A100,40GB (card labeled H100; spec text NVIDIA A100 GPU),3.09,on-demand,USD,hourly rate as posted,wayback,https://web.archive.org/web/20250805145230/https://www.paperspace.com/pricing,known template bug: H100 header on A100 card; treat as A100 rate; page content unchanged since 2024 (frozen under DigitalOcean); posted list may be stale
2025-08-05,Paperspace,A100,80GB,1.15,reserved-3yr,USD,hourly rate as posted,wayback,https://web.archive.org/web/20250805145230/https://www.paperspace.com/pricing,footnote: 3-year commitment pricing; page content unchanged since 2024 (frozen under DigitalOcean); posted list may be stale
2025-08-05,Paperspace,H100,HGX 80GB,5.95,on-demand-promo,USD,footnote text,wayback,https://web.archive.org/web/20250805145230/https://www.paperspace.com/pricing,'special promo price' per footnote; page content unchanged since 2024 (frozen under DigitalOcean); posted list may be stale
2025-08-05,Paperspace,H100,HGX 80GB,2.24,reserved-3yr,USD,hourly rate as posted,wayback,https://web.archive.org/web/20250805145230/https://www.paperspace.com/pricing,footnote: 3-year commitment pricing; on-demand H100 $5.95 promo per same footnote; page content unchanged since 2024 (frozen under DigitalOcean); posted list may be stale
2025-08-05,Paperspace,V100,16GB,2.3,on-demand,USD,hourly rate as posted,wayback,https://web.archive.org/web/20250805145230/https://www.paperspace.com/pricing,page content unchanged since 2024 (frozen under DigitalOcean); posted list may be stale
2025-08-05,lambda,A100,PCIe 40GB,1.29,on-demand,USD,,commoncrawl,https://lambda.ai/service/gpu-cloud?matchtype=e&adgroup=139570741638&feeditemid=&loc_interest_ms=&loc_physical_ms=9021564&network=g&device=c&devicemodel=&adposition=&utm_source=google&utm_campaign=Google_Search_Cloud-Brand&utm_medium=search&utm_term=lambda%20cloud&utm_content=663507124275&hsa_acc=1731978716&hsa_cam=17699749392&hsa_grp=139570741638&hsa_ad=663507124275&hsa_src=g&hsa_tgt=kwd-471840650836&hsa_kw=lambda%20cloud&hsa_mt=e&hsa_net=adwords&hsa_ver=3&gad_source=1&gclid=CjwKCAiAzc2tBhA6EiwArv-i6Qal7rFSaHaFluXZ138JnzKGiPvWS27zcbsMeentVUm7b7N7uAUGThoCTWgQAvD_BwE,table 4x '> On-demand 4x NVIDIA A100 PCIe 40 GB 120 900 GiB 1 TiB' (instance/4)
2025-08-05,lambda,A100,SXM 40GB,1.29,on-demand,USD,,commoncrawl,https://lambda.ai/service/gpu-cloud?matchtype=e&adgroup=139570741638&feeditemid=&loc_interest_ms=&loc_physical_ms=9021564&network=g&device=c&devicemodel=&adposition=&utm_source=google&utm_campaign=Google_Search_Cloud-Brand&utm_medium=search&utm_term=lambda%20cloud&utm_content=663507124275&hsa_acc=1731978716&hsa_cam=17699749392&hsa_grp=139570741638&hsa_ad=663507124275&hsa_src=g&hsa_tgt=kwd-471840650836&hsa_kw=lambda%20cloud&hsa_mt=e&hsa_net=adwords&hsa_ver=3&gad_source=1&gclid=CjwKCAiAzc2tBhA6EiwArv-i6Qal7rFSaHaFluXZ138JnzKGiPvWS27zcbsMeentVUm7b7N7uAUGThoCTWgQAvD_BwE,table 8x '> On-demand 8x NVIDIA A100 SXM 40 GB 124 1800 GiB 5.8 T' (instance/8)
2025-08-05,lambda,A100,SXM 80GB,1.79,on-demand,USD,,commoncrawl,https://lambda.ai/service/gpu-cloud?matchtype=e&adgroup=139570741638&feeditemid=&loc_interest_ms=&loc_physical_ms=9021564&network=g&device=c&devicemodel=&adposition=&utm_source=google&utm_campaign=Google_Search_Cloud-Brand&utm_medium=search&utm_term=lambda%20cloud&utm_content=663507124275&hsa_acc=1731978716&hsa_cam=17699749392&hsa_grp=139570741638&hsa_ad=663507124275&hsa_src=g&hsa_tgt=kwd-471840650836&hsa_kw=lambda%20cloud&hsa_mt=e&hsa_net=adwords&hsa_ver=3&gad_source=1&gclid=CjwKCAiAzc2tBhA6EiwArv-i6Qal7rFSaHaFluXZ138JnzKGiPvWS27zcbsMeentVUm7b7N7uAUGThoCTWgQAvD_BwE,table 8x '> On-demand 8x NVIDIA A100 SXM 80 GB 240 1800 GiB 19.5 ' (instance/8)
2025-08-05,lambda,GH200,96GB,1.49,on-demand,USD,,commoncrawl,https://lambda.ai/service/gpu-cloud?matchtype=e&adgroup=139570741638&feeditemid=&loc_interest_ms=&loc_physical_ms=9021564&network=g&device=c&devicemodel=&adposition=&utm_source=google&utm_campaign=Google_Search_Cloud-Brand&utm_medium=search&utm_term=lambda%20cloud&utm_content=663507124275&hsa_acc=1731978716&hsa_cam=17699749392&hsa_grp=139570741638&hsa_ad=663507124275&hsa_src=g&hsa_tgt=kwd-471840650836&hsa_kw=lambda%20cloud&hsa_mt=e&hsa_net=adwords&hsa_ver=3&gad_source=1&gclid=CjwKCAiAzc2tBhA6EiwArv-i6Qal7rFSaHaFluXZ138JnzKGiPvWS27zcbsMeentVUm7b7N7uAUGThoCTWgQAvD_BwE,table 1x '> On-demand 1x NVIDIA GH200 96 GB 64 432 GiB 4 TiB SSD ' (instance/1)
2025-08-05,lambda,H100,PCIe 80GB,2.49,on-demand,USD,,commoncrawl,https://lambda.ai/service/gpu-cloud?matchtype=e&adgroup=139570741638&feeditemid=&loc_interest_ms=&loc_physical_ms=9021564&network=g&device=c&devicemodel=&adposition=&utm_source=google&utm_campaign=Google_Search_Cloud-Brand&utm_medium=search&utm_term=lambda%20cloud&utm_content=663507124275&hsa_acc=1731978716&hsa_cam=17699749392&hsa_grp=139570741638&hsa_ad=663507124275&hsa_src=g&hsa_tgt=kwd-471840650836&hsa_kw=lambda%20cloud&hsa_mt=e&hsa_net=adwords&hsa_ver=3&gad_source=1&gclid=CjwKCAiAzc2tBhA6EiwArv-i6Qal7rFSaHaFluXZ138JnzKGiPvWS27zcbsMeentVUm7b7N7uAUGThoCTWgQAvD_BwE,table 1x '> On-demand 1x NVIDIA H100 PCIe 80 GB 26 225 GiB 1 TiB ' (instance/1)
2025-08-05,lambda,H100,SXM 80GB,2.99,on-demand,USD,,commoncrawl,https://lambda.ai/service/gpu-cloud?matchtype=e&adgroup=139570741638&feeditemid=&loc_interest_ms=&loc_physical_ms=9021564&network=g&device=c&devicemodel=&adposition=&utm_source=google&utm_campaign=Google_Search_Cloud-Brand&utm_medium=search&utm_term=lambda%20cloud&utm_content=663507124275&hsa_acc=1731978716&hsa_cam=17699749392&hsa_grp=139570741638&hsa_ad=663507124275&hsa_src=g&hsa_tgt=kwd-471840650836&hsa_kw=lambda%20cloud&hsa_mt=e&hsa_net=adwords&hsa_ver=3&gad_source=1&gclid=CjwKCAiAzc2tBhA6EiwArv-i6Qal7rFSaHaFluXZ138JnzKGiPvWS27zcbsMeentVUm7b7N7uAUGThoCTWgQAvD_BwE,table 8x '> On-demand 8x NVIDIA H100 SXM 80 GB 208 1800 GiB 22 Ti' (instance/8)
2025-08-05,tensordock,H100,SXM 80GB,1.9,1Y,USD,,commoncrawl,https://www.tensordock.com/gpu-h100,"Annual reserved, per-GPU 8x-min"
2025-08-05,tensordock,H100,SXM 80GB,2.0,1mo,USD,,commoncrawl,https://www.tensordock.com/gpu-h100,"Monthly reserved, per-GPU 8x-min (spot bid $1.91)"
2025-08-05,tensordock,H100,SXM 80GB,1.5,3Y,USD,,commoncrawl,https://www.tensordock.com/gpu-h100,"3-Year reserved, per-GPU 8x-min"
2025-08-05,tensordock,H100,SXM 80GB,2.25,on-demand,USD,,commoncrawl,https://www.tensordock.com/gpu-h100,"gpu-h100.html table, Hourly, per-GPU 8x-min"
2025-08-06,DataCrunch,A100,A100 SXM4 40GB,0.72,on-demand,USD,1A100.40S.22V 1x instance fixedPrice in embedded JSON,wayback,https://web.archive.org/web/20250806141636/https://datacrunch.io/,"spot 0.19; per-GPU varies by size: [0.72, 0.7212]"
2025-08-06,DataCrunch,A100,A100 SXM4 80GB,1.12,on-demand,USD,1A100.22V 1x instance fixedPrice in embedded JSON,wayback,https://web.archive.org/web/20250806141636/https://datacrunch.io/,"spot 0.58; per-GPU varies by size: [1.115, 1.12]"
2025-08-06,DataCrunch,B200,B200 SXM6 180GB,3.64,on-demand,USD,1B200.30V 1x instance fixedPrice in embedded JSON,wayback,https://web.archive.org/web/20250806141636/https://datacrunch.io/,"spot 0.8; per-GPU varies by size: [3.635, 3.6375, 3.64]"
2025-08-06,DataCrunch,H100,H100 SXM5 80GB,1.77,on-demand,USD,1H100.80S.30V 1x instance fixedPrice in embedded JSON,wayback,https://web.archive.org/web/20250806141636/https://datacrunch.io/,"spot 0.71; per-GPU varies by size: [1.77, 1.7737, 1.775]"
2025-08-06,DataCrunch,H200,H200 SXM5 141GB,2.0,on-demand,USD,1H200.141S.44V 1x instance fixedPrice in embedded JSON,wayback,https://web.archive.org/web/20250806141636/https://datacrunch.io/,"spot 0.83; per-GPU varies by size: [1.995, 1.9963, 2.0]"
2025-08-06,DataCrunch,V100,Tesla V100 16GB,0.14,on-demand,USD,1V100.6V 1x instance fixedPrice in embedded JSON,wayback,https://web.archive.org/web/20250806141636/https://datacrunch.io/,"spot 0.06; per-GPU varies by size: [0.1375, 0.14]"
2025-08-07,CoreWeave,A100,HGX 80GB,2.7,on-demand,USD,8-GPU instance $21.6/hr / 8 GPUs,wayback,https://web.archive.org/web/20250807194512/https://coreweave.com/pricing,instance price incl. CPU/RAM/storage (on-demand instance table)
2025-08-07,CoreWeave,A100,NVLink 40GB,2.06,on-demand,USD,GPU component rate as posted,wayback,https://web.archive.org/web/20250807194512/https://coreweave.com/pricing,GPU-component-only billing (vCPU/RAM billed separately)
2025-08-07,CoreWeave,A100,NVLink 80GB,2.21,on-demand,USD,GPU component rate as posted,wayback,https://web.archive.org/web/20250807194512/https://coreweave.com/pricing,GPU-component-only billing (vCPU/RAM billed separately)
2025-08-07,CoreWeave,A100,PCIe 40GB,2.06,on-demand,USD,GPU component rate as posted,wayback,https://web.archive.org/web/20250807194512/https://coreweave.com/pricing,GPU-component-only billing (vCPU/RAM billed separately)
2025-08-07,CoreWeave,A100,PCIe 80GB,2.21,on-demand,USD,GPU component rate as posted,wayback,https://web.archive.org/web/20250807194512/https://coreweave.com/pricing,GPU-component-only billing (vCPU/RAM billed separately)
2025-08-07,CoreWeave,A100,80GB (8x instance),2.7,on-demand,USD,instance total $21.6/hr / 8 GPUs,commoncrawl,CC-MAIN-2025-33 crawl-data/CC-MAIN-2025-33/segments/1754151279971.34/warc/CC-MAIN-20250807182135-20250807212135-00869.warc.gz#131977013,cw-pricing; instance bundle incl vCPU/RAM
2025-08-07,CoreWeave,A100,NVLINK 40GB,2.06,on-demand,USD,posted per-GPU component rate,commoncrawl,CC-MAIN-2025-33 crawl-data/CC-MAIN-2025-33/segments/1754151279971.34/warc/CC-MAIN-20250807182135-20250807212135-00064.warc.gz#149757351,"cw-pricing-classic; GPU-component rate, excludes vCPU/RAM/storage"
2025-08-07,CoreWeave,A100,NVLINK 40GB,2.06,on-demand,USD,posted per-GPU component rate,commoncrawl,CC-MAIN-2025-33 crawl-data/CC-MAIN-2025-33/segments/1754151279971.34/warc/CC-MAIN-20250807182135-20250807212135-00869.warc.gz#131977013,"cw-pricing; GPU-component rate, excludes vCPU/RAM/storage"
2025-08-07,CoreWeave,A100,PCIe 40GB,2.06,on-demand,USD,posted per-GPU component rate,commoncrawl,CC-MAIN-2025-33 crawl-data/CC-MAIN-2025-33/segments/1754151279971.34/warc/CC-MAIN-20250807182135-20250807212135-00064.warc.gz#149757351,"cw-pricing-classic; GPU-component rate, excludes vCPU/RAM/storage"
2025-08-07,CoreWeave,A100,PCIe 40GB,2.06,on-demand,USD,posted per-GPU component rate,commoncrawl,CC-MAIN-2025-33 crawl-data/CC-MAIN-2025-33/segments/1754151279971.34/warc/CC-MAIN-20250807182135-20250807212135-00869.warc.gz#131977013,"cw-pricing; GPU-component rate, excludes vCPU/RAM/storage"
2025-08-07,CoreWeave,A100,PCIe 80GB,2.21,on-demand,USD,posted per-GPU component rate,commoncrawl,CC-MAIN-2025-33 crawl-data/CC-MAIN-2025-33/segments/1754151279971.34/warc/CC-MAIN-20250807182135-20250807212135-00064.warc.gz#149757351,"cw-pricing-classic; GPU-component rate, excludes vCPU/RAM/storage"
2025-08-07,CoreWeave,A100,PCIe 80GB,2.21,on-demand,USD,posted per-GPU component rate,commoncrawl,CC-MAIN-2025-33 crawl-data/CC-MAIN-2025-33/segments/1754151279971.34/warc/CC-MAIN-20250807182135-20250807212135-00869.warc.gz#131977013,"cw-pricing; GPU-component rate, excludes vCPU/RAM/storage"
2025-08-07,CoreWeave,A100,SXM/NVLINK 80GB,2.21,on-demand,USD,posted per-GPU component rate,commoncrawl,CC-MAIN-2025-33 crawl-data/CC-MAIN-2025-33/segments/1754151279971.34/warc/CC-MAIN-20250807182135-20250807212135-00064.warc.gz#149757351,"cw-pricing-classic; GPU-component rate, excludes vCPU/RAM/storage"
2025-08-07,CoreWeave,A100,SXM/NVLINK 80GB,2.21,on-demand,USD,posted per-GPU component rate,commoncrawl,CC-MAIN-2025-33 crawl-data/CC-MAIN-2025-33/segments/1754151279971.34/warc/CC-MAIN-20250807182135-20250807212135-00869.warc.gz#131977013,"cw-pricing; GPU-component rate, excludes vCPU/RAM/storage"
2025-08-07,CoreWeave,B200,HGX SXM6 180GB,8.6,on-demand,USD,8-GPU instance $68.8/hr / 8 GPUs,wayback,https://web.archive.org/web/20250807194512/https://coreweave.com/pricing,instance price incl. CPU/RAM/storage (on-demand instance table)
2025-08-07,CoreWeave,GB200,NVL72 (4-GPU instance),10.5,on-demand,USD,4-GPU instance $42.0/hr / 4 GPUs,wayback,https://web.archive.org/web/20250807194512/https://coreweave.com/pricing,instance price incl. CPU/RAM/storage (on-demand instance table); 4-GPU (Grace-paired) instance slice of NVL72
2025-08-07,CoreWeave,GH200,96GB,6.5,on-demand,USD,1-GPU instance $6.5/hr / 1 GPUs,wayback,https://web.archive.org/web/20250807194512/https://coreweave.com/pricing,instance price incl. CPU/RAM/storage (on-demand instance table)
2025-08-07,CoreWeave,H100,HGX SXM5 80GB,6.155,on-demand,USD,8-GPU instance $49.24/hr / 8 GPUs,wayback,https://web.archive.org/web/20250807194512/https://coreweave.com/pricing,instance price incl. CPU/RAM/storage (on-demand instance table)
2025-08-07,CoreWeave,H100,HGX SXM5 80GB (GPU component),4.76,on-demand,USD,GPU component rate as posted,wayback,https://web.archive.org/web/20250807194512/https://coreweave.com/pricing,GPU-component-only billing (vCPU/RAM billed separately)
2025-08-07,CoreWeave,H100,PCIe 80GB,4.25,on-demand,USD,GPU component rate as posted,wayback,https://web.archive.org/web/20250807194512/https://coreweave.com/pricing,GPU-component-only billing (vCPU/RAM billed separately)
2025-08-07,CoreWeave,H200,HGX SXM5 141GB,6.305,on-demand,USD,8-GPU instance $50.44/hr / 8 GPUs,wayback,https://web.archive.org/web/20250807194512/https://coreweave.com/pricing,instance price incl. CPU/RAM/storage (on-demand instance table)
2025-08-07,CoreWeave,V100,NVLink 16GB,0.8,on-demand,USD,GPU component rate as posted,wayback,https://web.archive.org/web/20250807194512/https://coreweave.com/pricing,GPU-component-only billing (vCPU/RAM billed separately)
2025-08-07,coreweave,A100,,2.7,on-demand,USD,,commoncrawl,https://coreweave.com/pricing,instance bundle A100 8xGPU total $21.60/hr (incl vCPU/RAM/IB); per-GPU
2025-08-07,coreweave,A100,,2.06,on-demand,USD,,commoncrawl,https://coreweave.com/pricing,resource-based per-GPU compute rate (NVLINK 40GB); excludes vCPU/RAM/storage
2025-08-07,coreweave,A100,,2.06,on-demand,USD,,commoncrawl,https://coreweave.com/pricing,resource-based per-GPU compute rate (PCIe 40GB); excludes vCPU/RAM/storage
2025-08-07,coreweave,A100,,2.21,on-demand,USD,,commoncrawl,https://coreweave.com/pricing,resource-based per-GPU compute rate (PCIe 80GB); excludes vCPU/RAM/storage
2025-08-07,coreweave,A100,,2.21,on-demand,USD,,commoncrawl,https://coreweave.com/pricing,resource-based per-GPU compute rate (SXM/NVLINK 80GB); excludes vCPU/RAM/storage
2025-08-07,coreweave,B200,,8.6,on-demand,USD,,commoncrawl,https://coreweave.com/pricing,instance bundle B200 8xGPU total $68.80/hr (incl vCPU/RAM/IB); per-GPU
2025-08-07,coreweave,GB200,,10.5,on-demand,USD,,commoncrawl,https://coreweave.com/pricing,instance bundle GB200 NVL72 4xGPU total $42.00/hr (incl vCPU/RAM/IB); per-GPU
2025-08-07,coreweave,H100,,6.155,on-demand,USD,,commoncrawl,https://coreweave.com/pricing,instance bundle HGX H100 8xGPU total $49.24/hr (incl vCPU/RAM/IB); per-GPU
2025-08-07,coreweave,H100,,4.25,on-demand,USD,,commoncrawl,https://coreweave.com/pricing,resource-based per-GPU compute rate (PCIe 80GB); excludes vCPU/RAM/storage
2025-08-07,coreweave,H100,,4.76,on-demand,USD,,commoncrawl,https://coreweave.com/pricing,resource-based per-GPU compute rate (SXM/HGX 80GB); excludes vCPU/RAM/storage
2025-08-07,coreweave,H200,,6.305,on-demand,USD,,commoncrawl,https://coreweave.com/pricing,instance bundle HGX H200 8xGPU total $50.44/hr (incl vCPU/RAM/IB); per-GPU
2025-08-08,Crusoe,A100,PCIe 40GB,1.09,1-year reserved,USD,posted per-GPU,commoncrawl,CC-MAIN-2025-33 crawl-data/CC-MAIN-2025-33/segments/1754151280022.18/warc/CC-MAIN-20250808100457-20250808130457-00366.warc.gz#676072835,cloud pricing table; spot column = contact sales
2025-08-08,Crusoe,A100,PCIe 40GB,1.09,1-year reserved,USD,posted per-GPU,commoncrawl,CC-MAIN-2025-33 crawl-data/CC-MAIN-2025-33/segments/1754151280022.18/warc/CC-MAIN-20250808100457-20250808130457-00366.warc.gz#676072835,cloud pricing table
2025-08-08,Crusoe,A100,PCIe 80GB,1.24,1-year reserved,USD,posted per-GPU,commoncrawl,CC-MAIN-2025-33 crawl-data/CC-MAIN-2025-33/segments/1754151280022.18/warc/CC-MAIN-20250808100457-20250808130457-00366.warc.gz#676072835,cloud pricing table; spot column = contact sales
2025-08-08,Crusoe,A100,PCIe 80GB,1.24,1-year reserved,USD,posted per-GPU,commoncrawl,CC-MAIN-2025-33 crawl-data/CC-MAIN-2025-33/segments/1754151280022.18/warc/CC-MAIN-20250808100457-20250808130457-00366.warc.gz#676072835,cloud pricing table
2025-08-08,Crusoe,A100,SXM 80GB,1.46,1-year reserved,USD,posted per-GPU,commoncrawl,CC-MAIN-2025-33 crawl-data/CC-MAIN-2025-33/segments/1754151280022.18/warc/CC-MAIN-20250808100457-20250808130457-00366.warc.gz#676072835,cloud pricing table; spot column = contact sales
2025-08-08,Crusoe,A100,SXM 80GB,1.46,1-year reserved,USD,posted per-GPU,commoncrawl,CC-MAIN-2025-33 crawl-data/CC-MAIN-2025-33/segments/1754151280022.18/warc/CC-MAIN-20250808100457-20250808130457-00366.warc.gz#676072835,cloud pricing table
2025-08-08,Crusoe,A100,PCIe 40GB,0.94,3-year reserved,USD,posted per-GPU,commoncrawl,CC-MAIN-2025-33 crawl-data/CC-MAIN-2025-33/segments/1754151280022.18/warc/CC-MAIN-20250808100457-20250808130457-00366.warc.gz#676072835,cloud pricing table; spot column = contact sales
2025-08-08,Crusoe,A100,PCIe 40GB,0.94,3-year reserved,USD,posted per-GPU,commoncrawl,CC-MAIN-2025-33 crawl-data/CC-MAIN-2025-33/segments/1754151280022.18/warc/CC-MAIN-20250808100457-20250808130457-00366.warc.gz#676072835,cloud pricing table
2025-08-08,Crusoe,A100,PCIe 80GB,1.07,3-year reserved,USD,posted per-GPU,commoncrawl,CC-MAIN-2025-33 crawl-data/CC-MAIN-2025-33/segments/1754151280022.18/warc/CC-MAIN-20250808100457-20250808130457-00366.warc.gz#676072835,cloud pricing table; spot column = contact sales
2025-08-08,Crusoe,A100,PCIe 80GB,1.07,3-year reserved,USD,posted per-GPU,commoncrawl,CC-MAIN-2025-33 crawl-data/CC-MAIN-2025-33/segments/1754151280022.18/warc/CC-MAIN-20250808100457-20250808130457-00366.warc.gz#676072835,cloud pricing table
2025-08-08,Crusoe,A100,SXM 80GB,1.27,3-year reserved,USD,posted per-GPU,commoncrawl,CC-MAIN-2025-33 crawl-data/CC-MAIN-2025-33/segments/1754151280022.18/warc/CC-MAIN-20250808100457-20250808130457-00366.warc.gz#676072835,cloud pricing table; spot column = contact sales
2025-08-08,Crusoe,A100,SXM 80GB,1.27,3-year reserved,USD,posted per-GPU,commoncrawl,CC-MAIN-2025-33 crawl-data/CC-MAIN-2025-33/segments/1754151280022.18/warc/CC-MAIN-20250808100457-20250808130457-00366.warc.gz#676072835,cloud pricing table
2025-08-08,Crusoe,A100,PCIe 40GB,1.16,6-month reserved,USD,posted per-GPU,commoncrawl,CC-MAIN-2025-33 crawl-data/CC-MAIN-2025-33/segments/1754151280022.18/warc/CC-MAIN-20250808100457-20250808130457-00366.warc.gz#676072835,cloud pricing table; spot column = contact sales
2025-08-08,Crusoe,A100,PCIe 40GB,1.16,6-month reserved,USD,posted per-GPU,commoncrawl,CC-MAIN-2025-33 crawl-data/CC-MAIN-2025-33/segments/1754151280022.18/warc/CC-MAIN-20250808100457-20250808130457-00366.warc.gz#676072835,cloud pricing table
2025-08-08,Crusoe,A100,PCIe 80GB,1.32,6-month reserved,USD,posted per-GPU,commoncrawl,CC-MAIN-2025-33 crawl-data/CC-MAIN-2025-33/segments/1754151280022.18/warc/CC-MAIN-20250808100457-20250808130457-00366.warc.gz#676072835,cloud pricing table; spot column = contact sales
2025-08-08,Crusoe,A100,PCIe 80GB,1.32,6-month reserved,USD,posted per-GPU,commoncrawl,CC-MAIN-2025-33 crawl-data/CC-MAIN-2025-33/segments/1754151280022.18/warc/CC-MAIN-20250808100457-20250808130457-00366.warc.gz#676072835,cloud pricing table
2025-08-08,Crusoe,A100,SXM 80GB,1.56,6-month reserved,USD,posted per-GPU,commoncrawl,CC-MAIN-2025-33 crawl-data/CC-MAIN-2025-33/segments/1754151280022.18/warc/CC-MAIN-20250808100457-20250808130457-00366.warc.gz#676072835,cloud pricing table; spot column = contact sales
2025-08-08,Crusoe,A100,SXM 80GB,1.56,6-month reserved,USD,posted per-GPU,commoncrawl,CC-MAIN-2025-33 crawl-data/CC-MAIN-2025-33/segments/1754151280022.18/warc/CC-MAIN-20250808100457-20250808130457-00366.warc.gz#676072835,cloud pricing table
2025-08-08,Crusoe,A100,PCIe 40GB,1.45,on-demand,USD,posted per-GPU,commoncrawl,CC-MAIN-2025-33 crawl-data/CC-MAIN-2025-33/segments/1754151280022.18/warc/CC-MAIN-20250808100457-20250808130457-00366.warc.gz#676072835,cloud pricing table; spot column = contact sales
2025-08-08,Crusoe,A100,PCIe 40GB,1.45,on-demand,USD,posted per-GPU,commoncrawl,CC-MAIN-2025-33 crawl-data/CC-MAIN-2025-33/segments/1754151280022.18/warc/CC-MAIN-20250808100457-20250808130457-00366.warc.gz#676072835,cloud pricing table
2025-08-08,Crusoe,A100,PCIe 80GB,1.65,on-demand,USD,posted per-GPU,commoncrawl,CC-MAIN-2025-33 crawl-data/CC-MAIN-2025-33/segments/1754151280022.18/warc/CC-MAIN-20250808100457-20250808130457-00366.warc.gz#676072835,cloud pricing table; spot column = contact sales
2025-08-08,Crusoe,A100,PCIe 80GB,1.65,on-demand,USD,posted per-GPU,commoncrawl,CC-MAIN-2025-33 crawl-data/CC-MAIN-2025-33/segments/1754151280022.18/warc/CC-MAIN-20250808100457-20250808130457-00366.warc.gz#676072835,cloud pricing table
2025-08-08,Crusoe,A100,SXM 80GB,1.95,on-demand,USD,posted per-GPU,commoncrawl,CC-MAIN-2025-33 crawl-data/CC-MAIN-2025-33/segments/1754151280022.18/warc/CC-MAIN-20250808100457-20250808130457-00366.warc.gz#676072835,cloud pricing table; spot column = contact sales
2025-08-08,Crusoe,A100,SXM 80GB,1.95,on-demand,USD,posted per-GPU,commoncrawl,CC-MAIN-2025-33 crawl-data/CC-MAIN-2025-33/segments/1754151280022.18/warc/CC-MAIN-20250808100457-20250808130457-00366.warc.gz#676072835,cloud pricing table
2025-08-08,DataCrunch,A100,SXM4 80GB,1.13,dynamic,USD,instance 1A100 total/hr / 1 GPUs,commoncrawl,CC-MAIN-2025-33 crawl-data/CC-MAIN-2025-33/segments/1754151280022.17/warc/CC-MAIN-20250808065623-20250808095623-00630.warc.gz#151015564,products instance table (dynamic col); posted $1.13/h for 1x
2025-08-08,DataCrunch,A100,SXM4 80GB,1.135,dynamic,USD,instance 2A100 total/hr / 2 GPUs,commoncrawl,CC-MAIN-2025-33 crawl-data/CC-MAIN-2025-33/segments/1754151280022.17/warc/CC-MAIN-20250808065623-20250808095623-00630.warc.gz#151015564,products instance table (dynamic col); posted $2.27/h for 2x
2025-08-08,DataCrunch,A100,SXM4 80GB,1.1325,dynamic,USD,instance 8A100 total/hr / 8 GPUs,commoncrawl,CC-MAIN-2025-33 crawl-data/CC-MAIN-2025-33/segments/1754151280022.17/warc/CC-MAIN-20250808065623-20250808095623-00630.warc.gz#151015564,products instance table (dynamic col); posted $9.06/h for 8x
2025-08-08,DataCrunch,A100,SXM4 80GB,1.12,on-demand,USD,instance 1A100 total/hr / 1 GPUs,commoncrawl,CC-MAIN-2025-33 crawl-data/CC-MAIN-2025-33/segments/1754151280022.17/warc/CC-MAIN-20250808065623-20250808095623-00630.warc.gz#151015564,products instance table (on-demand col); posted $1.12/h for 1x
2025-08-08,DataCrunch,A100,SXM4 80GB,1.115,on-demand,USD,instance 8A100 total/hr / 8 GPUs,commoncrawl,CC-MAIN-2025-33 crawl-data/CC-MAIN-2025-33/segments/1754151280022.17/warc/CC-MAIN-20250808065623-20250808095623-00630.warc.gz#151015564,products instance table (on-demand col); posted $8.92/h for 8x
2025-08-08,DataCrunch,A100,SXM4 80GB,0.57,spot,USD,instance 1A100 total/hr / 1 GPUs,commoncrawl,CC-MAIN-2025-33 crawl-data/CC-MAIN-2025-33/segments/1754151280022.17/warc/CC-MAIN-20250808065623-20250808095623-00630.warc.gz#151015564,products instance table (spot col); posted $0.57/h for 1x
2025-08-08,DataCrunch,A100,SXM4 80GB,0.565,spot,USD,instance 2A100 total/hr / 2 GPUs,commoncrawl,CC-MAIN-2025-33 crawl-data/CC-MAIN-2025-33/segments/1754151280022.17/warc/CC-MAIN-20250808065623-20250808095623-00630.warc.gz#151015564,products instance table (spot col); posted $1.13/h for 2x
2025-08-08,DataCrunch,A100,SXM4 80GB,0.5675,spot,USD,instance 4A100 total/hr / 4 GPUs,commoncrawl,CC-MAIN-2025-33 crawl-data/CC-MAIN-2025-33/segments/1754151280022.17/warc/CC-MAIN-20250808065623-20250808095623-00630.warc.gz#151015564,products instance table (spot col); posted $2.27/h for 4x
2025-08-08,DataCrunch,A100,SXM4 80GB,0.5663,spot,USD,instance 8A100 total/hr / 8 GPUs,commoncrawl,CC-MAIN-2025-33 crawl-data/CC-MAIN-2025-33/segments/1754151280022.17/warc/CC-MAIN-20250808065623-20250808095623-00630.warc.gz#151015564,products instance table (spot col); posted $4.53/h for 8x
2025-08-08,DataCrunch,V100,SXM2 16GB,0.12,dynamic,USD,instance 1V100 total/hr / 1 GPUs,commoncrawl,CC-MAIN-2025-33 crawl-data/CC-MAIN-2025-33/segments/1754151280022.17/warc/CC-MAIN-20250808065623-20250808095623-00630.warc.gz#151015564,products instance table (dynamic col); posted $0.12/h for 1x
2025-08-08,DataCrunch,V100,SXM2 16GB,0.115,dynamic,USD,instance 4V100 total/hr / 4 GPUs,commoncrawl,CC-MAIN-2025-33 crawl-data/CC-MAIN-2025-33/segments/1754151280022.17/warc/CC-MAIN-20250808065623-20250808095623-00630.warc.gz#151015564,products instance table (dynamic col); posted $0.46/h for 4x
2025-08-08,DataCrunch,V100,SXM2 16GB,0.1163,dynamic,USD,instance 8V100 total/hr / 8 GPUs,commoncrawl,CC-MAIN-2025-33 crawl-data/CC-MAIN-2025-33/segments/1754151280022.17/warc/CC-MAIN-20250808065623-20250808095623-00630.warc.gz#151015564,products instance table (dynamic col); posted $0.93/h for 8x
2025-08-08,DataCrunch,V100,SXM2 16GB,0.14,on-demand,USD,instance 2V100 total/hr / 2 GPUs,commoncrawl,CC-MAIN-2025-33 crawl-data/CC-MAIN-2025-33/segments/1754151280022.17/warc/CC-MAIN-20250808065623-20250808095623-00630.warc.gz#151015564,products instance table (on-demand col); posted $0.28/h for 2x
2025-08-08,DataCrunch,V100,SXM2 16GB,0.1375,on-demand,USD,instance 8V100 total/hr / 8 GPUs,commoncrawl,CC-MAIN-2025-33 crawl-data/CC-MAIN-2025-33/segments/1754151280022.17/warc/CC-MAIN-20250808065623-20250808095623-00630.warc.gz#151015564,products instance table (on-demand col); posted $1.1/h for 8x
2025-08-08,DataCrunch,V100,SXM2 16GB,0.06,spot,USD,instance 2V100 total/hr / 2 GPUs,commoncrawl,CC-MAIN-2025-33 crawl-data/CC-MAIN-2025-33/segments/1754151280022.17/warc/CC-MAIN-20250808065623-20250808095623-00630.warc.gz#151015564,products instance table (spot col); posted $0.12/h for 2x
2025-08-08,DataCrunch,V100,SXM2 16GB,0.0575,spot,USD,instance 8V100 total/hr / 8 GPUs,commoncrawl,CC-MAIN-2025-33 crawl-data/CC-MAIN-2025-33/segments/1754151280022.17/warc/CC-MAIN-20250808065623-20250808095623-00630.warc.gz#151015564,products instance table (spot col); posted $0.46/h for 8x
2025-08-08,crusoe,A100,,1.45,on-demand,USD,,commoncrawl,https://www.crusoe.ai/cloud/pricing?instance=0&numOfGpus=0&term=0,A100 40GB PCIe on-demand per-GPU
2025-08-08,crusoe,A100,,1.65,on-demand,USD,,commoncrawl,https://www.crusoe.ai/cloud/pricing?instance=0&numOfGpus=0&term=0,A100 80GB PCIe on-demand per-GPU
2025-08-08,crusoe,A100,,1.95,on-demand,USD,,commoncrawl,https://www.crusoe.ai/cloud/pricing?instance=0&numOfGpus=0&term=0,A100 80GB SXM on-demand per-GPU
2025-08-08,crusoe,H100,,3.9,on-demand,USD,,commoncrawl,https://www.crusoe.ai/cloud/pricing?instance=0&numOfGpus=0&term=0,H100 80GB SXM on-demand per-GPU
2025-08-08,crusoe,H200,,4.29,on-demand,USD,,commoncrawl,https://www.crusoe.ai/cloud/pricing?instance=0&numOfGpus=0&term=0,H200 141GB SXM on-demand per-GPU
2025-08-09,Hyperstack,A100,A100,1.35,on-demand,USD,posted per-GPU,commoncrawl,CC-MAIN-2025-33 crawl-data/CC-MAIN-2025-33/segments/1754151280068.24/warc/CC-MAIN-20250809014329-20250809044329-00320.warc.gz#706418518,on-demand rate card
2025-08-09,Hyperstack,A100,NVLink,1.4,on-demand,USD,posted per-GPU,commoncrawl,CC-MAIN-2025-33 crawl-data/CC-MAIN-2025-33/segments/1754151280068.24/warc/CC-MAIN-20250809014329-20250809044329-00320.warc.gz#706418518,on-demand rate card
2025-08-09,Hyperstack,A100,SXM,1.6,on-demand,USD,posted per-GPU,commoncrawl,CC-MAIN-2025-33 crawl-data/CC-MAIN-2025-33/segments/1754151280068.24/warc/CC-MAIN-20250809014329-20250809044329-00320.warc.gz#706418518,on-demand rate card
2025-08-09,Hyperstack,A100,A100,0.95,reservation (starts-from),USD,posted per-GPU,commoncrawl,CC-MAIN-2025-33 crawl-data/CC-MAIN-2025-33/segments/1754151280068.24/warc/CC-MAIN-20250809014329-20250809044329-00320.warc.gz#706418518,TEASER reservation 'starting from' floor
2025-08-09,Hyperstack,A100,NVLink,0.98,reservation (starts-from),USD,posted per-GPU,commoncrawl,CC-MAIN-2025-33 crawl-data/CC-MAIN-2025-33/segments/1754151280068.24/warc/CC-MAIN-20250809014329-20250809044329-00320.warc.gz#706418518,TEASER reservation 'starting from' floor
2025-08-09,Hyperstack,A100,SXM,1.36,reservation (starts-from),USD,posted per-GPU,commoncrawl,CC-MAIN-2025-33 crawl-data/CC-MAIN-2025-33/segments/1754151280068.24/warc/CC-MAIN-20250809014329-20250809044329-00320.warc.gz#706418518,TEASER reservation 'starting from' floor
2025-08-09,Hyperstack,A100,A100,1.08,spot,USD,posted per-GPU,commoncrawl,CC-MAIN-2025-33 crawl-data/CC-MAIN-2025-33/segments/1754151280068.24/warc/CC-MAIN-20250809014329-20250809044329-00320.warc.gz#706418518,spot VM rate
2025-08-09,hyperstack,A100,,1.4,on-demand,USD,,commoncrawl,https://www.hyperstack.cloud/gpu-pricing,"era-B card='df sb""> On-Demand GPU Pricing ' name='NVIDIA A100 NVLink'"
2025-08-09,hyperstack,A100,,1.35,on-demand,USD,,commoncrawl,https://www.hyperstack.cloud/gpu-pricing,"era-B card='df sb""> On-Demand GPU Pricing ' name='NVIDIA A100'"
2025-08-09,hyperstack,A100,,0.98,reservation,USD,,commoncrawl,https://www.hyperstack.cloud/gpu-pricing,"reservation 'starts-from' floor (longer-term contract, invoiced monthly); era-B card='df sb""> Reservation Pricing GP' name='NVIDIA A100 NVLink'"
2025-08-09,hyperstack,A100,,0.95,reservation,USD,,commoncrawl,https://www.hyperstack.cloud/gpu-pricing,"reservation 'starts-from' floor (longer-term contract, invoiced monthly); era-B card='df sb""> Reservation Pricing GP' name='NVIDIA A100'"
2025-08-09,hyperstack,A100,SXM,1.6,on-demand,USD,,commoncrawl,https://www.hyperstack.cloud/gpu-pricing,"era-B card='df sb""> On-Demand GPU Pricing ' name='NVIDIA A100 SXM'"
2025-08-09,hyperstack,A100,SXM,1.36,reservation,USD,,commoncrawl,https://www.hyperstack.cloud/gpu-pricing,"reservation 'starts-from' floor (longer-term contract, invoiced monthly); era-B card='df sb""> Reservation Pricing GP' name='NVIDIA A100 SXM'"
2025-08-09,hyperstack,H100,,1.95,on-demand,USD,,commoncrawl,https://www.hyperstack.cloud/gpu-pricing,"era-B card='df sb""> On-Demand GPU Pricing ' name='NVIDIA H100 NVLink'"
2025-08-09,hyperstack,H100,,1.9,on-demand,USD,,commoncrawl,https://www.hyperstack.cloud/gpu-pricing,"era-B card='df sb""> On-Demand GPU Pricing ' name='NVIDIA H100'"
2025-08-09,hyperstack,H100,,1.37,reservation,USD,,commoncrawl,https://www.hyperstack.cloud/gpu-pricing,"reservation 'starts-from' floor (longer-term contract, invoiced monthly); era-B card='df sb""> Reservation Pricing GP' name='NVIDIA H100 NVLink'"
2025-08-09,hyperstack,H100,,1.33,reservation,USD,,commoncrawl,https://www.hyperstack.cloud/gpu-pricing,"reservation 'starts-from' floor (longer-term contract, invoiced monthly); era-B card='df sb""> Reservation Pricing GP' name='NVIDIA H100'"
2025-08-09,hyperstack,H100,SXM,2.4,on-demand,USD,,commoncrawl,https://www.hyperstack.cloud/gpu-pricing,"era-B card='df sb""> On-Demand GPU Pricing ' name='NVIDIA H100 SXM'"
2025-08-09,hyperstack,H100,SXM,2.04,reservation,USD,,commoncrawl,https://www.hyperstack.cloud/gpu-pricing,"reservation 'starts-from' floor (longer-term contract, invoiced monthly); era-B card='df sb""> Reservation Pricing GP' name='NVIDIA H100 SXM'"
2025-08-09,hyperstack,H200,SXM,3.5,on-demand,USD,,commoncrawl,https://www.hyperstack.cloud/gpu-pricing,"era-B card='df sb""> On-Demand GPU Pricing ' name='NVIDIA H200 SXM'"
2025-08-09,hyperstack,H200,SXM,2.45,reservation,USD,,commoncrawl,https://www.hyperstack.cloud/gpu-pricing,"reservation 'starts-from' floor (longer-term contract, invoiced monthly); era-B card='df sb""> Reservation Pricing GP' name='NVIDIA H200 SXM'"
2025-08-11,OVHcloud,A100,"PCIe 80GB (a100-180, 1x A100)",3.07,on-demand,USD,"posted per-instance, 1 GPU = per-GPU",wayback,https://web.archive.org/web/20250811083654/https://www.ovhcloud.com/en/public-cloud/prices/,1x/2x/4x sizes ~same per-GPU
2025-08-11,OVHcloud,H100,"PCIe 80GB (h100-380, 1x H100)",2.99,on-demand,USD,"posted per-instance, 1 GPU = per-GPU",wayback,https://web.archive.org/web/20250811083654/https://www.ovhcloud.com/en/public-cloud/prices/,1x/2x/4x sizes ~same per-GPU
2025-08-11,OVHcloud,V100,"PCIe 16GB (t1-45, 1x V100)",1.97,on-demand,USD,"posted per-instance, 1 GPU = per-GPU",wayback,https://web.archive.org/web/20250811083654/https://www.ovhcloud.com/en/public-cloud/prices/,1x/2x/4x sizes ~same per-GPU
2025-08-11,OVHcloud,V100,"PCIe 16GB (t1-le-45, 1x V100)",0.77,on-demand,USD,"posted per-instance, 1 GPU = per-GPU",wayback,https://web.archive.org/web/20250811083654/https://www.ovhcloud.com/en/public-cloud/prices/,reduced-storage t1-le line; 1x/2x/4x sizes ~same per-GPU
2025-08-11,OVHcloud,V100,"PCIe 32GB (t2-45, 1x V100)",2.19,on-demand,USD,"posted per-instance, 1 GPU = per-GPU",wayback,https://web.archive.org/web/20250811083654/https://www.ovhcloud.com/en/public-cloud/prices/,1x/2x/4x sizes ~same per-GPU
2025-08-11,OVHcloud,V100,"PCIe 32GB (t2-le-45, 1x V100)",0.88,on-demand,USD,"posted per-instance, 1 GPU = per-GPU",wayback,https://web.archive.org/web/20250811083654/https://www.ovhcloud.com/en/public-cloud/prices/,reduced-storage t2-le line; 1x/2x/4x sizes ~same per-GPU
2025-08-11,digitalocean,H100,SXM 80GB,1.99,1Y,USD,,commoncrawl,https://www.digitalocean.com/pricing/gpu-droplets,"extras.commitment, 12-month, per-GPU (8x)"
2025-08-11,digitalocean,H100,SXM 80GB,6.74,on-demand,USD,,commoncrawl,https://www.digitalocean.com/pricing/gpu-droplets,slug h100x1; total $6.74/hr per 1GPU; promo $3.39/GPU-hr
2025-08-11,digitalocean,H100,SXM 80GB,2.99,on-demand,USD,,commoncrawl,https://www.digitalocean.com/pricing/gpu-droplets,slug h100x8; total $23.92/hr per 8GPU; promo $2.99/GPU-hr
2025-08-11,together,A100,,1.3,reserved,USD,,commoncrawl,https://www.together.ai/pricing,committed cluster (starting-at floor)
2025-08-11,together,H100,,1.75,reserved,USD,,commoncrawl,https://www.together.ai/pricing,committed cluster (starting-at floor)
2025-08-11,together,H200,,2.09,reserved,USD,,commoncrawl,https://www.together.ai/pricing,committed cluster (starting-at floor)
2025-08-12,Lambda,A100,A100 PCIe 40GB,1.29,on-demand,USD,as posted $/GPU/hr (4x config),wayback,https://web.archive.org/web/20250812162642/https://lambda.ai/pricing,
2025-08-12,Lambda,A100,A100 SXM 40GB,1.29,on-demand,USD,as posted $/GPU/hr (8x config),wayback,https://web.archive.org/web/20250812162642/https://lambda.ai/pricing,
2025-08-12,Lambda,A100,A100 SXM 80GB,1.79,on-demand,USD,as posted $/GPU/hr (8x config),wayback,https://web.archive.org/web/20250812162642/https://lambda.ai/pricing,
2025-08-12,Lambda,B200,"HGX SXM (1-Click Cluster, 16+ GPUs)",3.79,teaser,USD,'As low as (per GPU-hour)' cluster floor as posted,wayback,https://web.archive.org/web/20250812162642/https://lambda.ai/pricing,1-Click Clusters floor; On-demand 1 week+
2025-08-12,Lambda,B200,"HGX SXM (1-Click Cluster, 16+ GPUs)",3.49,teaser,USD,'As low as (per GPU-hour)' cluster floor as posted,wayback,https://web.archive.org/web/20250812162642/https://lambda.ai/pricing,1-Click Clusters floor; Reserved 1 week-3 months
2025-08-12,Lambda,GH200,GH200 96GB,1.49,on-demand,USD,as posted $/GPU/hr (1x config),wayback,https://web.archive.org/web/20250812162642/https://lambda.ai/pricing,
2025-08-12,Lambda,H100,H100 PCIe 80GB,2.49,on-demand,USD,as posted $/GPU/hr (1x config),wayback,https://web.archive.org/web/20250812162642/https://lambda.ai/pricing,
2025-08-12,Lambda,H100,H100 SXM 80GB,2.99,on-demand,USD,as posted $/GPU/hr (8x config),wayback,https://web.archive.org/web/20250812162642/https://lambda.ai/pricing,
2025-08-12,Lambda,H100,"HGX SXM (1-Click Cluster, 16+ GPUs)",2.69,teaser,USD,'As low as (per GPU-hour)' cluster floor as posted,wayback,https://web.archive.org/web/20250812162642/https://lambda.ai/pricing,1-Click Clusters floor; On Demand 1 week-3 months
2025-08-12,Lambda,V100,Tesla V100 16GB,0.55,on-demand,USD,as posted $/GPU/hr (8x config),wayback,https://web.archive.org/web/20250812162642/https://lambda.ai/pricing,
2025-09-02,DataCrunch,A100,A100 SXM4 40GB,0.72,on-demand,USD,1A100.40S.22V 1x instance fixedPrice in embedded JSON,wayback,https://web.archive.org/web/20250902053245/https://datacrunch.io/,"spot 0.25; per-GPU varies by size: [0.72, 0.7212]"
2025-09-02,DataCrunch,A100,A100 SXM4 80GB,1.16,on-demand,USD,1A100.22V 1x instance fixedPrice in embedded JSON,wayback,https://web.archive.org/web/20250902053245/https://datacrunch.io/,"spot 0.56; same per-GPU across [1, 2, 4, 8]x sizes"
2025-09-02,DataCrunch,B200,B200 SXM6 180GB,3.99,on-demand,USD,1B200.30V 1x instance fixedPrice in embedded JSON,wayback,https://web.archive.org/web/20250902053245/https://datacrunch.io/,"spot 0.91; same per-GPU across [1, 2, 4, 8]x sizes"
2025-09-02,DataCrunch,H100,H100 SXM5 80GB,1.99,on-demand,USD,1H100.80S.30V 1x instance fixedPrice in embedded JSON,wayback,https://web.archive.org/web/20250902053245/https://datacrunch.io/,"spot 0.82; same per-GPU across [1, 2, 4, 8]x sizes"
2025-09-02,DataCrunch,H200,H200 SXM5 141GB,2.29,on-demand,USD,1H200.141S.44V 1x instance fixedPrice in embedded JSON,wayback,https://web.archive.org/web/20250902053245/https://datacrunch.io/,"spot 1.1; same per-GPU across [1, 2, 4, 8]x sizes"
2025-09-02,DataCrunch,V100,Tesla V100 16GB,0.14,on-demand,USD,1V100.6V 1x instance fixedPrice in embedded JSON,wayback,https://web.archive.org/web/20250902053245/https://datacrunch.io/,"spot 0.06; per-GPU varies by size: [0.1375, 0.14]"
2025-09-03,CoreWeave,A100,HGX 80GB,2.7,on-demand,USD,8-GPU instance $21.6/hr / 8 GPUs,wayback,https://web.archive.org/web/20250903111658/https://coreweave.com/pricing,instance price incl. CPU/RAM/storage (on-demand instance table)
2025-09-03,CoreWeave,A100,NVLink 40GB,2.06,on-demand,USD,GPU component rate as posted,wayback,https://web.archive.org/web/20250903111658/https://coreweave.com/pricing,GPU-component-only billing (vCPU/RAM billed separately)
2025-09-03,CoreWeave,A100,NVLink 80GB,2.21,on-demand,USD,GPU component rate as posted,wayback,https://web.archive.org/web/20250903111658/https://coreweave.com/pricing,GPU-component-only billing (vCPU/RAM billed separately)
2025-09-03,CoreWeave,A100,PCIe 40GB,2.06,on-demand,USD,GPU component rate as posted,wayback,https://web.archive.org/web/20250903111658/https://coreweave.com/pricing,GPU-component-only billing (vCPU/RAM billed separately)
2025-09-03,CoreWeave,A100,PCIe 80GB,2.21,on-demand,USD,GPU component rate as posted,wayback,https://web.archive.org/web/20250903111658/https://coreweave.com/pricing,GPU-component-only billing (vCPU/RAM billed separately)
2025-09-03,CoreWeave,B200,HGX SXM6 180GB,8.6,on-demand,USD,8-GPU instance $68.8/hr / 8 GPUs,wayback,https://web.archive.org/web/20250903111658/https://coreweave.com/pricing,instance price incl. CPU/RAM/storage (on-demand instance table)
2025-09-03,CoreWeave,GB200,NVL72 (4-GPU instance),10.5,on-demand,USD,4-GPU instance $42.0/hr / 4 GPUs,wayback,https://web.archive.org/web/20250903111658/https://coreweave.com/pricing,instance price incl. CPU/RAM/storage (on-demand instance table); 4-GPU (Grace-paired) instance slice of NVL72
2025-09-03,CoreWeave,GH200,96GB,6.5,on-demand,USD,1-GPU instance $6.5/hr / 1 GPUs,wayback,https://web.archive.org/web/20250903111658/https://coreweave.com/pricing,instance price incl. CPU/RAM/storage (on-demand instance table)
2025-09-03,CoreWeave,H100,HGX SXM5 80GB,6.155,on-demand,USD,8-GPU instance $49.24/hr / 8 GPUs,wayback,https://web.archive.org/web/20250903111658/https://coreweave.com/pricing,instance price incl. CPU/RAM/storage (on-demand instance table)
2025-09-03,CoreWeave,H100,HGX SXM5 80GB (GPU component),4.76,on-demand,USD,GPU component rate as posted,wayback,https://web.archive.org/web/20250903111658/https://coreweave.com/pricing,GPU-component-only billing (vCPU/RAM billed separately)
2025-09-03,CoreWeave,H100,PCIe 80GB,4.25,on-demand,USD,GPU component rate as posted,wayback,https://web.archive.org/web/20250903111658/https://coreweave.com/pricing,GPU-component-only billing (vCPU/RAM billed separately)
2025-09-03,CoreWeave,H200,HGX SXM5 141GB,6.305,on-demand,USD,8-GPU instance $50.44/hr / 8 GPUs,wayback,https://web.archive.org/web/20250903111658/https://coreweave.com/pricing,instance price incl. CPU/RAM/storage (on-demand instance table)
2025-09-03,CoreWeave,V100,NVLink 16GB,0.8,on-demand,USD,GPU component rate as posted,wayback,https://web.archive.org/web/20250903111658/https://coreweave.com/pricing,GPU-component-only billing (vCPU/RAM billed separately)
2025-09-05,AWS,A100,SXM4 40GB (p4d.24xlarge),4.0963,on-demand,USD,p4d.24xlarge $32.77/hr / 8 GPUs,wayback,https://web.archive.org/web/20250905010828/https://aws.amazon.com/ec2/instance-types/p4/,"US East (N. Virginia), Linux; server-embedded JSON pricing table (page rebuild mid-2025)"
2025-09-05,AWS,A100,SXM4 40GB (p4d.24xlarge),2.4025,reserved-1yr,USD,p4d.24xlarge $19.22/hr / 8 GPUs,wayback,https://web.archive.org/web/20250905010828/https://aws.amazon.com/ec2/instance-types/p4/,"US East (N. Virginia), Linux; effective hourly RI; server-embedded JSON pricing table (page rebuild mid-2025)"
2025-09-05,AWS,A100,SXM4 40GB (p4d.24xlarge),1.4463,reserved-3yr,USD,p4d.24xlarge $11.57/hr / 8 GPUs,wayback,https://web.archive.org/web/20250905010828/https://aws.amazon.com/ec2/instance-types/p4/,"US East (N. Virginia), Linux; effective hourly RI; server-embedded JSON pricing table (page rebuild mid-2025)"
2025-09-05,AWS,A100,SXM4 80GB (p4de.24xlarge),5.12,on-demand,USD,p4de.24xlarge $40.96/hr / 8 GPUs,wayback,https://web.archive.org/web/20250905010828/https://aws.amazon.com/ec2/instance-types/p4/,"US East (N. Virginia), Linux; server-embedded JSON pricing table (page rebuild mid-2025)"
2025-09-05,AWS,A100,SXM4 80GB (p4de.24xlarge),3.0013,reserved-1yr,USD,p4de.24xlarge $24.01/hr / 8 GPUs,wayback,https://web.archive.org/web/20250905010828/https://aws.amazon.com/ec2/instance-types/p4/,"US East (N. Virginia), Linux; effective hourly RI; server-embedded JSON pricing table (page rebuild mid-2025)"
2025-09-05,AWS,A100,SXM4 80GB (p4de.24xlarge),1.8075,reserved-3yr,USD,p4de.24xlarge $14.46/hr / 8 GPUs,wayback,https://web.archive.org/web/20250905010828/https://aws.amazon.com/ec2/instance-types/p4/,"US East (N. Virginia), Linux; effective hourly RI; server-embedded JSON pricing table (page rebuild mid-2025)"
2025-09-05,OVHcloud,A100,"PCIe 80GB (a100-180, 1x A100)",3.07,on-demand,USD,"posted per-instance, 1 GPU = per-GPU",wayback,https://web.archive.org/web/20250905012332/https://www.ovhcloud.com/en/public-cloud/prices/,1x/2x/4x sizes ~same per-GPU
2025-09-05,OVHcloud,H100,"PCIe 80GB (h100-380, 1x H100)",2.99,on-demand,USD,"posted per-instance, 1 GPU = per-GPU",wayback,https://web.archive.org/web/20250905012332/https://www.ovhcloud.com/en/public-cloud/prices/,1x/2x/4x sizes ~same per-GPU
2025-09-05,OVHcloud,V100,"PCIe 16GB (t1-45, 1x V100)",1.97,on-demand,USD,"posted per-instance, 1 GPU = per-GPU",wayback,https://web.archive.org/web/20250905012332/https://www.ovhcloud.com/en/public-cloud/prices/,1x/2x/4x sizes ~same per-GPU
2025-09-05,OVHcloud,V100,"PCIe 16GB (t1-le-45, 1x V100)",0.77,on-demand,USD,"posted per-instance, 1 GPU = per-GPU",wayback,https://web.archive.org/web/20250905012332/https://www.ovhcloud.com/en/public-cloud/prices/,reduced-storage t1-le line; 1x/2x/4x sizes ~same per-GPU
2025-09-05,OVHcloud,V100,"PCIe 32GB (t2-45, 1x V100)",2.19,on-demand,USD,"posted per-instance, 1 GPU = per-GPU",wayback,https://web.archive.org/web/20250905012332/https://www.ovhcloud.com/en/public-cloud/prices/,1x/2x/4x sizes ~same per-GPU
2025-09-05,OVHcloud,V100,"PCIe 32GB (t2-le-45, 1x V100)",0.88,on-demand,USD,"posted per-instance, 1 GPU = per-GPU",wayback,https://web.archive.org/web/20250905012332/https://www.ovhcloud.com/en/public-cloud/prices/,reduced-storage t2-le line; 1x/2x/4x sizes ~same per-GPU
2025-09-05,Together,A100,PCIe 80GB,2.4,on-demand,USD,posted per-GPU (1x instance),commoncrawl,CC-MAIN-2025-38 crawl-data/CC-MAIN-2025-38/segments/1757047532709.6/warc/CC-MAIN-20250905235037-20250906025037-00940.warc.gz#929558698,GPU cluster on-demand 1x instance
2025-09-05,Together,A100,SXM 40GB,2.4,on-demand,USD,posted per-GPU (1x instance),commoncrawl,CC-MAIN-2025-38 crawl-data/CC-MAIN-2025-38/segments/1757047532709.6/warc/CC-MAIN-20250905235037-20250906025037-00940.warc.gz#929558698,GPU cluster on-demand 1x instance
2025-09-05,Together,A100,SXM 80GB,2.56,on-demand,USD,posted per-GPU (1x instance),commoncrawl,CC-MAIN-2025-38 crawl-data/CC-MAIN-2025-38/segments/1757047532709.6/warc/CC-MAIN-20250905235037-20250906025037-00940.warc.gz#929558698,GPU cluster on-demand 1x instance
2025-09-05,Together,A100,80GB,1.3,teaser,USD,posted 'Starting at' per-GPU,commoncrawl,CC-MAIN-2025-38 crawl-data/CC-MAIN-2025-38/segments/1757047532709.6/warc/CC-MAIN-20250905235037-20250906025037-00940.warc.gz#929558698,TEASER starting-at rate; floor not a quote
2025-09-05,together,A100,,2.56,on-demand,USD,,commoncrawl,https://www.together.ai/pricing,on_demand single instance (1x) [Price/Hour]
2025-09-05,together,A100,,2.4,on-demand,USD,,commoncrawl,https://www.together.ai/pricing,on_demand single instance (1x) [Price/Hour]
2025-09-05,together,A100,,1.3,reserved,USD,,commoncrawl,https://www.together.ai/pricing,committed cluster (starting-at floor)
2025-09-05,together,B200,,4.5,1 - 6 Days,USD,,commoncrawl,https://www.together.ai/pricing,committed cluster (HGX) [1 - 6 Days]
2025-09-05,together,B200,,4.0,1 Week - 3 Months,USD,,commoncrawl,https://www.together.ai/pricing,committed cluster (HGX) [1 Week - 3 Months]
2025-09-05,together,B200,,5.5,on-demand,USD,,commoncrawl,https://www.together.ai/pricing,on_demand cluster (HGX) [Hourly]
2025-09-05,together,H100,,2.0,1 - 6 Days,USD,,commoncrawl,https://www.together.ai/pricing,committed inference [1 - 6 Days]
2025-09-05,together,H100,,2.5,1 - 6 Days,USD,,commoncrawl,https://www.together.ai/pricing,committed cluster (HGX) [1 - 6 Days]
2025-09-05,together,H100,,1.76,1 Week - 3 Months,USD,,commoncrawl,https://www.together.ai/pricing,committed inference [1 Week - 3 Months]
2025-09-05,together,H100,,2.2,1 Week - 3 Months,USD,,commoncrawl,https://www.together.ai/pricing,committed cluster (HGX) [1 Week - 3 Months]
2025-09-05,together,H100,,3.36,on-demand,USD,,commoncrawl,https://www.together.ai/pricing,on_demand single instance (1x) [Price/Hour]
2025-09-05,together,H100,,2.39,on-demand,USD,,commoncrawl,https://www.together.ai/pricing,on_demand inference [Hourly]
2025-09-05,together,H100,,2.99,on-demand,USD,,commoncrawl,https://www.together.ai/pricing,on_demand cluster (HGX) [Hourly]
2025-09-05,together,H100,,1.75,reserved,USD,,commoncrawl,https://www.together.ai/pricing,committed cluster (starting-at floor)
2025-09-05,together,H200,,3.45,1 - 6 Days,USD,,commoncrawl,https://www.together.ai/pricing,committed cluster (HGX) [1 - 6 Days]
2025-09-05,together,H200,,3.15,1 Week - 3 Months,USD,,commoncrawl,https://www.together.ai/pricing,committed cluster (HGX) [1 Week - 3 Months]
2025-09-05,together,H200,,4.99,on-demand,USD,,commoncrawl,https://www.together.ai/pricing,on_demand single instance (1x) [Price/Hour]
2025-09-05,together,H200,,3.79,on-demand,USD,,commoncrawl,https://www.together.ai/pricing,on_demand cluster (HGX) [Hourly]
2025-09-05,together,H200,,2.09,reserved,USD,,commoncrawl,https://www.together.ai/pricing,committed cluster (starting-at floor)
2025-09-06,CoreWeave,A100,80GB (8x instance),2.7,on-demand,USD,instance total $21.6/hr / 8 GPUs,commoncrawl,CC-MAIN-2025-38 crawl-data/CC-MAIN-2025-38/segments/1757047532737.2/warc/CC-MAIN-20250906060821-20250906090821-00869.warc.gz#144041770,cw-pricing; instance bundle incl vCPU/RAM
2025-09-06,CoreWeave,A100,NVLINK 40GB,2.06,on-demand,USD,posted per-GPU component rate,commoncrawl,CC-MAIN-2025-38 crawl-data/CC-MAIN-2025-38/segments/1757047532798.44/warc/CC-MAIN-20250906184126-20250906214126-00905.warc.gz#639228898,"cw-pricing-classic; GPU-component rate, excludes vCPU/RAM/storage"
2025-09-06,CoreWeave,A100,NVLINK 40GB,2.06,on-demand,USD,posted per-GPU component rate,commoncrawl,CC-MAIN-2025-38 crawl-data/CC-MAIN-2025-38/segments/1757047532737.2/warc/CC-MAIN-20250906060821-20250906090821-00869.warc.gz#144041770,"cw-pricing; GPU-component rate, excludes vCPU/RAM/storage"
2025-09-06,CoreWeave,A100,PCIe 40GB,2.06,on-demand,USD,posted per-GPU component rate,commoncrawl,CC-MAIN-2025-38 crawl-data/CC-MAIN-2025-38/segments/1757047532798.44/warc/CC-MAIN-20250906184126-20250906214126-00905.warc.gz#639228898,"cw-pricing-classic; GPU-component rate, excludes vCPU/RAM/storage"
2025-09-06,CoreWeave,A100,PCIe 40GB,2.06,on-demand,USD,posted per-GPU component rate,commoncrawl,CC-MAIN-2025-38 crawl-data/CC-MAIN-2025-38/segments/1757047532737.2/warc/CC-MAIN-20250906060821-20250906090821-00869.warc.gz#144041770,"cw-pricing; GPU-component rate, excludes vCPU/RAM/storage"
2025-09-06,CoreWeave,A100,PCIe 80GB,2.21,on-demand,USD,posted per-GPU component rate,commoncrawl,CC-MAIN-2025-38 crawl-data/CC-MAIN-2025-38/segments/1757047532798.44/warc/CC-MAIN-20250906184126-20250906214126-00905.warc.gz#639228898,"cw-pricing-classic; GPU-component rate, excludes vCPU/RAM/storage"
2025-09-06,CoreWeave,A100,PCIe 80GB,2.21,on-demand,USD,posted per-GPU component rate,commoncrawl,CC-MAIN-2025-38 crawl-data/CC-MAIN-2025-38/segments/1757047532737.2/warc/CC-MAIN-20250906060821-20250906090821-00869.warc.gz#144041770,"cw-pricing; GPU-component rate, excludes vCPU/RAM/storage"
2025-09-06,CoreWeave,A100,SXM/NVLINK 80GB,2.21,on-demand,USD,posted per-GPU component rate,commoncrawl,CC-MAIN-2025-38 crawl-data/CC-MAIN-2025-38/segments/1757047532798.44/warc/CC-MAIN-20250906184126-20250906214126-00905.warc.gz#639228898,"cw-pricing-classic; GPU-component rate, excludes vCPU/RAM/storage"
2025-09-06,CoreWeave,A100,SXM/NVLINK 80GB,2.21,on-demand,USD,posted per-GPU component rate,commoncrawl,CC-MAIN-2025-38 crawl-data/CC-MAIN-2025-38/segments/1757047532737.2/warc/CC-MAIN-20250906060821-20250906090821-00869.warc.gz#144041770,"cw-pricing; GPU-component rate, excludes vCPU/RAM/storage"
2025-09-06,coreweave,A100,,2.7,on-demand,USD,,commoncrawl,https://coreweave.com/pricing,instance bundle A100 8xGPU total $21.60/hr (incl vCPU/RAM/IB); per-GPU
2025-09-06,coreweave,A100,,2.06,on-demand,USD,,commoncrawl,https://coreweave.com/pricing,resource-based per-GPU compute rate (NVLINK 40GB); excludes vCPU/RAM/storage
2025-09-06,coreweave,A100,,2.06,on-demand,USD,,commoncrawl,https://coreweave.com/pricing,resource-based per-GPU compute rate (PCIe 40GB); excludes vCPU/RAM/storage
2025-09-06,coreweave,A100,,2.21,on-demand,USD,,commoncrawl,https://coreweave.com/pricing,resource-based per-GPU compute rate (PCIe 80GB); excludes vCPU/RAM/storage
2025-09-06,coreweave,A100,,2.21,on-demand,USD,,commoncrawl,https://coreweave.com/pricing,resource-based per-GPU compute rate (SXM/NVLINK 80GB); excludes vCPU/RAM/storage
2025-09-06,coreweave,B200,,8.6,on-demand,USD,,commoncrawl,https://coreweave.com/pricing,instance bundle B200 8xGPU total $68.80/hr (incl vCPU/RAM/IB); per-GPU
2025-09-06,coreweave,GB200,,10.5,on-demand,USD,,commoncrawl,https://coreweave.com/pricing,instance bundle GB200 NVL72 4xGPU total $42.00/hr (incl vCPU/RAM/IB); per-GPU
2025-09-06,coreweave,H100,,6.155,on-demand,USD,,commoncrawl,https://coreweave.com/pricing,instance bundle HGX H100 8xGPU total $49.24/hr (incl vCPU/RAM/IB); per-GPU
2025-09-06,coreweave,H100,,4.25,on-demand,USD,,commoncrawl,https://coreweave.com/pricing,resource-based per-GPU compute rate (PCIe 80GB); excludes vCPU/RAM/storage
2025-09-06,coreweave,H100,,4.76,on-demand,USD,,commoncrawl,https://coreweave.com/pricing,resource-based per-GPU compute rate (SXM/HGX 80GB); excludes vCPU/RAM/storage
2025-09-06,coreweave,H200,,6.305,on-demand,USD,,commoncrawl,https://coreweave.com/pricing,instance bundle HGX H200 8xGPU total $50.44/hr (incl vCPU/RAM/IB); per-GPU
2025-09-08,Hyperstack,A100,A100,1.35,on-demand,USD,posted per-GPU,commoncrawl,CC-MAIN-2025-38 crawl-data/CC-MAIN-2025-38/segments/1757047532982.74/warc/CC-MAIN-20250908112111-20250908142111-00320.warc.gz#724352836,on-demand rate card
2025-09-08,Hyperstack,A100,NVLink,1.4,on-demand,USD,posted per-GPU,commoncrawl,CC-MAIN-2025-38 crawl-data/CC-MAIN-2025-38/segments/1757047532982.74/warc/CC-MAIN-20250908112111-20250908142111-00320.warc.gz#724352836,on-demand rate card
2025-09-08,Hyperstack,A100,SXM,1.6,on-demand,USD,posted per-GPU,commoncrawl,CC-MAIN-2025-38 crawl-data/CC-MAIN-2025-38/segments/1757047532982.74/warc/CC-MAIN-20250908112111-20250908142111-00320.warc.gz#724352836,on-demand rate card
2025-09-08,Hyperstack,A100,A100,0.95,reservation (starts-from),USD,posted per-GPU,commoncrawl,CC-MAIN-2025-38 crawl-data/CC-MAIN-2025-38/segments/1757047532982.74/warc/CC-MAIN-20250908112111-20250908142111-00320.warc.gz#724352836,TEASER reservation 'starting from' floor
2025-09-08,Hyperstack,A100,NVLink,0.98,reservation (starts-from),USD,posted per-GPU,commoncrawl,CC-MAIN-2025-38 crawl-data/CC-MAIN-2025-38/segments/1757047532982.74/warc/CC-MAIN-20250908112111-20250908142111-00320.warc.gz#724352836,TEASER reservation 'starting from' floor
2025-09-08,Hyperstack,A100,SXM,1.36,reservation (starts-from),USD,posted per-GPU,commoncrawl,CC-MAIN-2025-38 crawl-data/CC-MAIN-2025-38/segments/1757047532982.74/warc/CC-MAIN-20250908112111-20250908142111-00320.warc.gz#724352836,TEASER reservation 'starting from' floor
2025-09-08,Hyperstack,A100,A100,1.08,spot,USD,posted per-GPU,commoncrawl,CC-MAIN-2025-38 crawl-data/CC-MAIN-2025-38/segments/1757047532982.74/warc/CC-MAIN-20250908112111-20250908142111-00320.warc.gz#724352836,spot VM rate
2025-09-08,hyperstack,A100,,1.4,on-demand,USD,,commoncrawl,https://www.hyperstack.cloud/gpu-pricing,"era-B card='df sb""> On-Demand GPU Pricing ' name='NVIDIA A100 NVLink'"
2025-09-08,hyperstack,A100,,1.35,on-demand,USD,,commoncrawl,https://www.hyperstack.cloud/gpu-pricing,"era-B card='df sb""> On-Demand GPU Pricing ' name='NVIDIA A100'"
2025-09-08,hyperstack,A100,,0.98,reservation,USD,,commoncrawl,https://www.hyperstack.cloud/gpu-pricing,"reservation 'starts-from' floor (longer-term contract, invoiced monthly); era-B card='df sb""> Reservation Pricing GP' name='NVIDIA A100 NVLink'"
2025-09-08,hyperstack,A100,,0.95,reservation,USD,,commoncrawl,https://www.hyperstack.cloud/gpu-pricing,"reservation 'starts-from' floor (longer-term contract, invoiced monthly); era-B card='df sb""> Reservation Pricing GP' name='NVIDIA A100'"
2025-09-08,hyperstack,A100,SXM,1.6,on-demand,USD,,commoncrawl,https://www.hyperstack.cloud/gpu-pricing,"era-B card='df sb""> On-Demand GPU Pricing ' name='NVIDIA A100 SXM'"
2025-09-08,hyperstack,A100,SXM,1.36,reservation,USD,,commoncrawl,https://www.hyperstack.cloud/gpu-pricing,"reservation 'starts-from' floor (longer-term contract, invoiced monthly); era-B card='df sb""> Reservation Pricing GP' name='NVIDIA A100 SXM'"
2025-09-08,hyperstack,H100,,1.95,on-demand,USD,,commoncrawl,https://www.hyperstack.cloud/gpu-pricing,"era-B card='df sb""> On-Demand GPU Pricing ' name='NVIDIA H100 NVLink'"
2025-09-08,hyperstack,H100,,1.9,on-demand,USD,,commoncrawl,https://www.hyperstack.cloud/gpu-pricing,"era-B card='df sb""> On-Demand GPU Pricing ' name='NVIDIA H100'"
2025-09-08,hyperstack,H100,,1.37,reservation,USD,,commoncrawl,https://www.hyperstack.cloud/gpu-pricing,"reservation 'starts-from' floor (longer-term contract, invoiced monthly); era-B card='df sb""> Reservation Pricing GP' name='NVIDIA H100 NVLink'"
2025-09-08,hyperstack,H100,,1.33,reservation,USD,,commoncrawl,https://www.hyperstack.cloud/gpu-pricing,"reservation 'starts-from' floor (longer-term contract, invoiced monthly); era-B card='df sb""> Reservation Pricing GP' name='NVIDIA H100'"
2025-09-08,hyperstack,H100,SXM,2.4,on-demand,USD,,commoncrawl,https://www.hyperstack.cloud/gpu-pricing,"era-B card='df sb""> On-Demand GPU Pricing ' name='NVIDIA H100 SXM'"
2025-09-08,hyperstack,H100,SXM,2.04,reservation,USD,,commoncrawl,https://www.hyperstack.cloud/gpu-pricing,"reservation 'starts-from' floor (longer-term contract, invoiced monthly); era-B card='df sb""> Reservation Pricing GP' name='NVIDIA H100 SXM'"
2025-09-08,hyperstack,H200,SXM,3.5,on-demand,USD,,commoncrawl,https://www.hyperstack.cloud/gpu-pricing,"era-B card='df sb""> On-Demand GPU Pricing ' name='NVIDIA H200 SXM'"
2025-09-08,hyperstack,H200,SXM,2.45,reservation,USD,,commoncrawl,https://www.hyperstack.cloud/gpu-pricing,"reservation 'starts-from' floor (longer-term contract, invoiced monthly); era-B card='df sb""> Reservation Pricing GP' name='NVIDIA H200 SXM'"
2025-09-10,Paperspace,A100,40GB (card labeled H100; spec text NVIDIA A100 GPU),3.09,on-demand,USD,hourly rate as posted,wayback,https://web.archive.org/web/20250910154155/https://www.paperspace.com/pricing,known template bug: H100 header on A100 card; treat as A100 rate; page content unchanged since 2024 (frozen under DigitalOcean); posted list may be stale
2025-09-10,Paperspace,A100,80GB,1.15,reserved-3yr,USD,hourly rate as posted,wayback,https://web.archive.org/web/20250910154155/https://www.paperspace.com/pricing,footnote: 3-year commitment pricing; page content unchanged since 2024 (frozen under DigitalOcean); posted list may be stale
2025-09-10,Paperspace,H100,HGX 80GB,5.95,on-demand-promo,USD,footnote text,wayback,https://web.archive.org/web/20250910154155/https://www.paperspace.com/pricing,'special promo price' per footnote; page content unchanged since 2024 (frozen under DigitalOcean); posted list may be stale
2025-09-10,Paperspace,H100,HGX 80GB,2.24,reserved-3yr,USD,hourly rate as posted,wayback,https://web.archive.org/web/20250910154155/https://www.paperspace.com/pricing,footnote: 3-year commitment pricing; on-demand H100 $5.95 promo per same footnote; page content unchanged since 2024 (frozen under DigitalOcean); posted list may be stale
2025-09-10,Paperspace,V100,16GB,2.3,on-demand,USD,hourly rate as posted,wayback,https://web.archive.org/web/20250910154155/https://www.paperspace.com/pricing,page content unchanged since 2024 (frozen under DigitalOcean); posted list may be stale
2025-09-11,Lambda,A100,A100 PCIe 40GB,1.29,on-demand,USD,as posted $/GPU/hr (4x config),wayback,https://web.archive.org/web/20250911191244/https://lambda.ai/pricing,
2025-09-11,Lambda,A100,A100 SXM 40GB,1.29,on-demand,USD,as posted $/GPU/hr (8x config),wayback,https://web.archive.org/web/20250911191244/https://lambda.ai/pricing,
2025-09-11,Lambda,A100,A100 SXM 80GB,1.79,on-demand,USD,as posted $/GPU/hr (8x config),wayback,https://web.archive.org/web/20250911191244/https://lambda.ai/pricing,
2025-09-11,Lambda,B200,B200 SXM6 180GB,4.99,on-demand,USD,as posted $/GPU/hr (8x config),wayback,https://web.archive.org/web/20250911191244/https://lambda.ai/pricing,
2025-09-11,Lambda,B200,"HGX SXM (1-Click Cluster, 16+ GPUs)",3.79,teaser,USD,'As low as (per GPU-hour)' cluster floor as posted,wayback,https://web.archive.org/web/20250911191244/https://lambda.ai/pricing,1-Click Clusters floor; On-Demand 1 week+
2025-09-11,Lambda,B200,"HGX SXM (1-Click Cluster, 16+ GPUs)",3.49,teaser,USD,'As low as (per GPU-hour)' cluster floor as posted,wayback,https://web.archive.org/web/20250911191244/https://lambda.ai/pricing,1-Click Clusters floor; Reserved 1 year
2025-09-11,Lambda,B200,"HGX SXM (1-Click Cluster, 16+ GPUs)",3.29,teaser,USD,'As low as (per GPU-hour)' cluster floor as posted,wayback,https://web.archive.org/web/20250911191244/https://lambda.ai/pricing,1-Click Clusters floor; Reserved 2 years
2025-09-11,Lambda,B200,"HGX SXM (1-Click Cluster, 16+ GPUs)",2.99,teaser,USD,'As low as (per GPU-hour)' cluster floor as posted,wayback,https://web.archive.org/web/20250911191244/https://lambda.ai/pricing,1-Click Clusters floor; Reserved 3 years
2025-09-11,Lambda,GH200,GH200 96GB,1.49,on-demand,USD,as posted $/GPU/hr (1x config),wayback,https://web.archive.org/web/20250911191244/https://lambda.ai/pricing,
2025-09-11,Lambda,H100,H100 PCIe 80GB,2.49,on-demand,USD,as posted $/GPU/hr (1x config),wayback,https://web.archive.org/web/20250911191244/https://lambda.ai/pricing,
2025-09-11,Lambda,H100,H100 SXM 80GB,2.99,on-demand,USD,as posted $/GPU/hr (8x config),wayback,https://web.archive.org/web/20250911191244/https://lambda.ai/pricing,
2025-09-11,Lambda,H100,"HGX SXM (1-Click Cluster, 16+ GPUs)",2.0,teaser,USD,'As low as (per GPU-hour)' cluster floor as posted,wayback,https://web.archive.org/web/20250911191244/https://lambda.ai/pricing,1-Click Clusters floor; On-Demand 1 week-3 months
2025-09-11,Lambda,H100,"HGX SXM (1-Click Cluster, 16+ GPUs)",2.29,teaser,USD,'As low as (per GPU-hour)' cluster floor as posted,wayback,https://web.archive.org/web/20250911191244/https://lambda.ai/pricing,1-Click Clusters floor; Reserved 3 months-3 years
2025-09-11,Lambda,V100,Tesla V100 16GB,0.55,on-demand,USD,as posted $/GPU/hr (8x config),wayback,https://web.archive.org/web/20250911191244/https://lambda.ai/pricing,
2025-09-15,Paperspace,A100,80GB,1.15,3-year commitment,USD,posted per-GPU,commoncrawl,CC-MAIN-2025-38 crawl-data/CC-MAIN-2025-38/segments/1757047533992.1/warc/CC-MAIN-20250915175310-20250915205310-00987.warc.gz#789182017,pricing page GPU card; page footnote: $1.15/hour pricing is for a 3-year commitment
2025-09-15,Paperspace,A100,40GB,3.09,on-demand,USD,posted per-GPU,commoncrawl,CC-MAIN-2025-38 crawl-data/CC-MAIN-2025-38/segments/1757047533992.1/warc/CC-MAIN-20250915175310-20250915205310-00987.warc.gz#789182017,pricing page GPU card; CAUTION card titled 'H100' but spec reads 'NVIDIA A100 GPU' (known template bug; price matches legacy A100 card)
2025-09-15,Paperspace,V100,16GB,2.3,on-demand,USD,posted per-GPU,commoncrawl,CC-MAIN-2025-38 crawl-data/CC-MAIN-2025-38/segments/1757047533992.1/warc/CC-MAIN-20250915175310-20250915205310-00987.warc.gz#789182017,pricing page GPU card
2025-10-03,CoreWeave,A100,HGX 80GB,2.7,on-demand,USD,8-GPU instance $21.6/hr / 8 GPUs,wayback,https://web.archive.org/web/20251003103002/https://coreweave.com/pricing,instance price incl. CPU/RAM/storage (on-demand instance table)
2025-10-03,CoreWeave,A100,NVLink 40GB,2.06,on-demand,USD,GPU component rate as posted,wayback,https://web.archive.org/web/20251003103002/https://coreweave.com/pricing,GPU-component-only billing (vCPU/RAM billed separately)
2025-10-03,CoreWeave,A100,NVLink 80GB,2.21,on-demand,USD,GPU component rate as posted,wayback,https://web.archive.org/web/20251003103002/https://coreweave.com/pricing,GPU-component-only billing (vCPU/RAM billed separately)
2025-10-03,CoreWeave,A100,PCIe 40GB,2.06,on-demand,USD,GPU component rate as posted,wayback,https://web.archive.org/web/20251003103002/https://coreweave.com/pricing,GPU-component-only billing (vCPU/RAM billed separately)
2025-10-03,CoreWeave,A100,PCIe 80GB,2.21,on-demand,USD,GPU component rate as posted,wayback,https://web.archive.org/web/20251003103002/https://coreweave.com/pricing,GPU-component-only billing (vCPU/RAM billed separately)
2025-10-03,CoreWeave,B200,HGX SXM6 180GB,8.6,on-demand,USD,8-GPU instance $68.8/hr / 8 GPUs,wayback,https://web.archive.org/web/20251003103002/https://coreweave.com/pricing,instance price incl. CPU/RAM/storage (on-demand instance table)
2025-10-03,CoreWeave,GB200,NVL72 (4-GPU instance),10.5,on-demand,USD,4-GPU instance $42.0/hr / 4 GPUs,wayback,https://web.archive.org/web/20251003103002/https://coreweave.com/pricing,instance price incl. CPU/RAM/storage (on-demand instance table); 4-GPU (Grace-paired) instance slice of NVL72
2025-10-03,CoreWeave,GH200,96GB,6.5,on-demand,USD,1-GPU instance $6.5/hr / 1 GPUs,wayback,https://web.archive.org/web/20251003103002/https://coreweave.com/pricing,instance price incl. CPU/RAM/storage (on-demand instance table)
2025-10-03,CoreWeave,H100,HGX SXM5 80GB,6.155,on-demand,USD,8-GPU instance $49.24/hr / 8 GPUs,wayback,https://web.archive.org/web/20251003103002/https://coreweave.com/pricing,instance price incl. CPU/RAM/storage (on-demand instance table)
2025-10-03,CoreWeave,H100,HGX SXM5 80GB (GPU component),4.76,on-demand,USD,GPU component rate as posted,wayback,https://web.archive.org/web/20251003103002/https://coreweave.com/pricing,GPU-component-only billing (vCPU/RAM billed separately)
2025-10-03,CoreWeave,H100,PCIe 80GB,4.25,on-demand,USD,GPU component rate as posted,wayback,https://web.archive.org/web/20251003103002/https://coreweave.com/pricing,GPU-component-only billing (vCPU/RAM billed separately)
2025-10-03,CoreWeave,H200,HGX SXM5 141GB,6.305,on-demand,USD,8-GPU instance $50.44/hr / 8 GPUs,wayback,https://web.archive.org/web/20251003103002/https://coreweave.com/pricing,instance price incl. CPU/RAM/storage (on-demand instance table)
2025-10-03,CoreWeave,V100,NVLink 16GB,0.8,on-demand,USD,GPU component rate as posted,wayback,https://web.archive.org/web/20251003103002/https://coreweave.com/pricing,GPU-component-only billing (vCPU/RAM billed separately)
2025-10-07,CoreWeave,A100,80GB (8x instance),2.7,on-demand,USD,instance total $21.6/hr / 8 GPUs,commoncrawl,CC-MAIN-2025-43 crawl-data/CC-MAIN-2025-43/segments/1759648358298.19/warc/CC-MAIN-20251007105715-20251007135715-00869.warc.gz#191682461,cw-pricing; instance bundle incl vCPU/RAM
2025-10-07,CoreWeave,A100,NVLINK 40GB,2.06,on-demand,USD,posted per-GPU component rate,commoncrawl,CC-MAIN-2025-43 crawl-data/CC-MAIN-2025-43/segments/1759648358298.19/warc/CC-MAIN-20251007105715-20251007135715-00869.warc.gz#191682461,"cw-pricing; GPU-component rate, excludes vCPU/RAM/storage"
2025-10-07,CoreWeave,A100,PCIe 40GB,2.06,on-demand,USD,posted per-GPU component rate,commoncrawl,CC-MAIN-2025-43 crawl-data/CC-MAIN-2025-43/segments/1759648358298.19/warc/CC-MAIN-20251007105715-20251007135715-00869.warc.gz#191682461,"cw-pricing; GPU-component rate, excludes vCPU/RAM/storage"
2025-10-07,CoreWeave,A100,PCIe 80GB,2.21,on-demand,USD,posted per-GPU component rate,commoncrawl,CC-MAIN-2025-43 crawl-data/CC-MAIN-2025-43/segments/1759648358298.19/warc/CC-MAIN-20251007105715-20251007135715-00869.warc.gz#191682461,"cw-pricing; GPU-component rate, excludes vCPU/RAM/storage"
2025-10-07,CoreWeave,A100,SXM/NVLINK 80GB,2.21,on-demand,USD,posted per-GPU component rate,commoncrawl,CC-MAIN-2025-43 crawl-data/CC-MAIN-2025-43/segments/1759648358298.19/warc/CC-MAIN-20251007105715-20251007135715-00869.warc.gz#191682461,"cw-pricing; GPU-component rate, excludes vCPU/RAM/storage"
2025-10-07,coreweave,A100,,2.7,on-demand,USD,,commoncrawl,https://coreweave.com/pricing,instance bundle A100 8xGPU total $21.60/hr (incl vCPU/RAM/IB); per-GPU
2025-10-07,coreweave,A100,,2.06,on-demand,USD,,commoncrawl,https://coreweave.com/pricing,resource-based per-GPU compute rate (NVLINK 40GB); excludes vCPU/RAM/storage
2025-10-07,coreweave,A100,,2.06,on-demand,USD,,commoncrawl,https://coreweave.com/pricing,resource-based per-GPU compute rate (PCIe 40GB); excludes vCPU/RAM/storage
2025-10-07,coreweave,A100,,2.21,on-demand,USD,,commoncrawl,https://coreweave.com/pricing,resource-based per-GPU compute rate (PCIe 80GB); excludes vCPU/RAM/storage
2025-10-07,coreweave,A100,,2.21,on-demand,USD,,commoncrawl,https://coreweave.com/pricing,resource-based per-GPU compute rate (SXM/NVLINK 80GB); excludes vCPU/RAM/storage
2025-10-07,coreweave,B200,,8.6,on-demand,USD,,commoncrawl,https://coreweave.com/pricing,instance bundle B200 8xGPU total $68.80/hr (incl vCPU/RAM/IB); per-GPU
2025-10-07,coreweave,GB200,,10.5,on-demand,USD,,commoncrawl,https://coreweave.com/pricing,instance bundle GB200 NVL72 4xGPU total $42.00/hr (incl vCPU/RAM/IB); per-GPU
2025-10-07,coreweave,H100,,6.155,on-demand,USD,,commoncrawl,https://coreweave.com/pricing,instance bundle HGX H100 8xGPU total $49.24/hr (incl vCPU/RAM/IB); per-GPU
2025-10-07,coreweave,H100,,4.25,on-demand,USD,,commoncrawl,https://coreweave.com/pricing,resource-based per-GPU compute rate (PCIe 80GB); excludes vCPU/RAM/storage
2025-10-07,coreweave,H100,,4.76,on-demand,USD,,commoncrawl,https://coreweave.com/pricing,resource-based per-GPU compute rate (SXM/HGX 80GB); excludes vCPU/RAM/storage
2025-10-07,coreweave,H200,,6.305,on-demand,USD,,commoncrawl,https://coreweave.com/pricing,instance bundle HGX H200 8xGPU total $50.44/hr (incl vCPU/RAM/IB); per-GPU
2025-10-10,Crusoe,A100,PCIe 40GB,1.45,on-demand,USD,posted per-GPU,commoncrawl,CC-MAIN-2025-43 crawl-data/CC-MAIN-2025-43/segments/1759648358549.68/warc/CC-MAIN-20251010111432-20251010141432-00441.warc.gz#516900109,support FAQ rate card (per-GPU col; instance-total col skipped)
2025-10-10,Crusoe,A100,PCIe 80GB,1.65,on-demand,USD,posted per-GPU,commoncrawl,CC-MAIN-2025-43 crawl-data/CC-MAIN-2025-43/segments/1759648358549.68/warc/CC-MAIN-20251010111432-20251010141432-00441.warc.gz#516900109,support FAQ rate card (per-GPU col; instance-total col skipped)
2025-10-10,Crusoe,A100,SXM 80GB,1.95,on-demand,USD,posted per-GPU,commoncrawl,CC-MAIN-2025-43 crawl-data/CC-MAIN-2025-43/segments/1759648358549.68/warc/CC-MAIN-20251010111432-20251010141432-00441.warc.gz#516900109,support FAQ rate card (per-GPU col; instance-total col skipped)
2025-10-10,Lambda,A100,A100 PCIe 40GB,1.29,on-demand,USD,as posted $/GPU/hr (4x config),wayback,https://web.archive.org/web/20251010223149/https://lambda.ai/pricing,
2025-10-10,Lambda,A100,A100 SXM 40GB,1.29,on-demand,USD,as posted $/GPU/hr (8x config),wayback,https://web.archive.org/web/20251010223149/https://lambda.ai/pricing,
2025-10-10,Lambda,A100,A100 SXM 80GB,1.79,on-demand,USD,as posted $/GPU/hr (8x config),wayback,https://web.archive.org/web/20251010223149/https://lambda.ai/pricing,
2025-10-10,Lambda,B200,B200 SXM6 180GB,4.99,on-demand,USD,as posted $/GPU/hr (8x config),wayback,https://web.archive.org/web/20251010223149/https://lambda.ai/pricing,
2025-10-10,Lambda,B200,"HGX SXM (1-Click Cluster, 16+ GPUs)",3.79,teaser,USD,'As low as (per GPU-hour)' cluster floor as posted,wayback,https://web.archive.org/web/20251010223149/https://lambda.ai/pricing,1-Click Clusters floor; On-Demand 2 weeks-12 months
2025-10-10,Lambda,B200,"HGX SXM (1-Click Cluster, 16+ GPUs)",3.49,teaser,USD,'As low as (per GPU-hour)' cluster floor as posted,wayback,https://web.archive.org/web/20251010223149/https://lambda.ai/pricing,1-Click Clusters floor; Reserved 1 year
2025-10-10,Lambda,GH200,GH200 96GB,1.49,on-demand,USD,as posted $/GPU/hr (1x config),wayback,https://web.archive.org/web/20251010223149/https://lambda.ai/pricing,
2025-10-10,Lambda,H100,H100 PCIe 80GB,2.49,on-demand,USD,as posted $/GPU/hr (1x config),wayback,https://web.archive.org/web/20251010223149/https://lambda.ai/pricing,
2025-10-10,Lambda,H100,H100 SXM 80GB,2.99,on-demand,USD,as posted $/GPU/hr (8x config),wayback,https://web.archive.org/web/20251010223149/https://lambda.ai/pricing,
2025-10-10,Lambda,H100,"HGX SXM (1-Click Cluster, 16+ GPUs)",2.4,teaser,USD,'As low as (per GPU-hour)' cluster floor as posted,wayback,https://web.archive.org/web/20251010223149/https://lambda.ai/pricing,1-Click Clusters floor; On-Demand 1 week-3 months
2025-10-10,Lambda,V100,Tesla V100 16GB,0.55,on-demand,USD,as posted $/GPU/hr (8x config),wayback,https://web.archive.org/web/20251010223149/https://lambda.ai/pricing,
2025-10-10,crusoe,A100,,1.45,on-demand,USD,,commoncrawl,https://support.crusoecloud.com/hc/en-us/articles/37421109850907-FAQ-Determining-On-Demand-Pricing-for-Crusoe-Offerings,A100 40GB PCIe on-demand per-GPU
2025-10-10,crusoe,A100,,1.65,on-demand,USD,,commoncrawl,https://support.crusoecloud.com/hc/en-us/articles/37421109850907-FAQ-Determining-On-Demand-Pricing-for-Crusoe-Offerings,A100 80GB PCIe on-demand per-GPU
2025-10-10,crusoe,A100,,1.95,on-demand,USD,,commoncrawl,https://support.crusoecloud.com/hc/en-us/articles/37421109850907-FAQ-Determining-On-Demand-Pricing-for-Crusoe-Offerings,A100 80GB SXM on-demand per-GPU
2025-10-10,crusoe,H100,,3.9,on-demand,USD,,commoncrawl,https://support.crusoecloud.com/hc/en-us/articles/37421109850907-FAQ-Determining-On-Demand-Pricing-for-Crusoe-Offerings,H100 80GB SXM on-demand per-GPU
2025-10-10,crusoe,H200,,4.29,on-demand,USD,,commoncrawl,https://support.crusoecloud.com/hc/en-us/articles/37421109850907-FAQ-Determining-On-Demand-Pricing-for-Crusoe-Offerings,H200 141GB SXM on-demand per-GPU
2025-10-12,DataCrunch,A100,A100 SXM4 40GB,0.72,on-demand,USD,1A100.40S.22V 1x instance fixedPrice in embedded JSON,wayback,https://web.archive.org/web/20251012140749/https://datacrunch.io/,"spot 0.2; per-GPU varies by size: [0.72, 0.7212]"
2025-10-12,DataCrunch,A100,A100 SXM4 80GB,1.16,on-demand,USD,1A100.22V 1x instance fixedPrice in embedded JSON,wayback,https://web.archive.org/web/20251012140749/https://datacrunch.io/,"spot 0.64; same per-GPU across [1, 2, 4, 8]x sizes"
2025-10-12,DataCrunch,B200,B200 SXM6 180GB,3.99,on-demand,USD,1B200.30V 1x instance fixedPrice in embedded JSON,wayback,https://web.archive.org/web/20251012140749/https://datacrunch.io/,"spot 1.34; same per-GPU across [1, 2, 4, 8]x sizes"
2025-10-12,DataCrunch,B300,B300 SXM6 262GB,4.95,on-demand,USD,1B300.30V 1x instance fixedPrice in embedded JSON,wayback,https://web.archive.org/web/20251012140749/https://datacrunch.io/,"spot 1.24; same per-GPU across [1, 2, 4, 8]x sizes"
2025-10-12,DataCrunch,H100,H100 SXM5 80GB,1.99,on-demand,USD,1H100.80S.30V 1x instance fixedPrice in embedded JSON,wayback,https://web.archive.org/web/20251012140749/https://datacrunch.io/,"spot 0.97; same per-GPU across [1, 2, 4, 8]x sizes"
2025-10-12,DataCrunch,H200,H200 SXM5 141GB,2.59,on-demand,USD,1H200.141S.44V 1x instance fixedPrice in embedded JSON,wayback,https://web.archive.org/web/20251012140749/https://datacrunch.io/,"spot 1.22; same per-GPU across [1, 2, 4, 8]x sizes"
2025-10-12,DataCrunch,V100,Tesla V100 16GB,0.14,on-demand,USD,1V100.6V 1x instance fixedPrice in embedded JSON,wayback,https://web.archive.org/web/20251012140749/https://datacrunch.io/,"spot 0.07; per-GPU varies by size: [0.1375, 0.14]"
2025-10-14,coreweave,A100,,2.7,on-demand,USD,,commoncrawl,https://docs.coreweave.com/docs/pricing/pricing-instances,instance gd-8xa100-i128: 8xGPU bundle total $21.60/hr (incl vCPU/RAM/net); per-GPU
2025-10-14,coreweave,B200,,8.6,on-demand,USD,,commoncrawl,https://docs.coreweave.com/docs/pricing/pricing-instances,instance b200-8x: 8xGPU bundle total $68.80/hr (incl vCPU/RAM/InfiniBand); per-GPU
2025-10-14,coreweave,GB200,,10.5,on-demand,USD,,commoncrawl,https://docs.coreweave.com/docs/pricing/pricing-instances,instance gb200-4x: 4xGPU bundle total $42.00/hr (incl vCPU/RAM/NVL72); per-GPU
2025-10-14,coreweave,H100,,6.155,on-demand,USD,,commoncrawl,https://docs.coreweave.com/docs/pricing/pricing-instances,instance gd-8xh100ib-i128: 8xGPU bundle total $49.24/hr (incl vCPU/RAM/InfiniBand); per-GPU
2025-10-14,coreweave,H200,,6.305,on-demand,USD,,commoncrawl,https://docs.coreweave.com/docs/pricing/pricing-instances,instance gd-8xh200ib-i128: 8xGPU bundle total $50.44/hr (incl vCPU/RAM/InfiniBand); per-GPU
2025-10-16,OVHcloud,A100,"PCIe 80GB (a100-180, 1x A100)",3.07,on-demand,USD,"posted per-instance, 1 GPU = per-GPU",wayback,https://web.archive.org/web/20251016083424/https://www.ovhcloud.com/en/public-cloud/prices/,1x/2x/4x sizes ~same per-GPU
2025-10-16,OVHcloud,H100,"PCIe 80GB (h100-380, 1x H100)",2.99,on-demand,USD,"posted per-instance, 1 GPU = per-GPU",wayback,https://web.archive.org/web/20251016083424/https://www.ovhcloud.com/en/public-cloud/prices/,1x/2x/4x sizes ~same per-GPU
2025-10-16,OVHcloud,V100,"PCIe 16GB (t1-45, 1x V100)",1.97,on-demand,USD,"posted per-instance, 1 GPU = per-GPU",wayback,https://web.archive.org/web/20251016083424/https://www.ovhcloud.com/en/public-cloud/prices/,1x/2x/4x sizes ~same per-GPU
2025-10-16,OVHcloud,V100,"PCIe 16GB (t1-le-45, 1x V100)",0.77,on-demand,USD,"posted per-instance, 1 GPU = per-GPU",wayback,https://web.archive.org/web/20251016083424/https://www.ovhcloud.com/en/public-cloud/prices/,reduced-storage t1-le line; 1x/2x/4x sizes ~same per-GPU
2025-10-16,OVHcloud,V100,"PCIe 32GB (t2-45, 1x V100)",2.19,on-demand,USD,"posted per-instance, 1 GPU = per-GPU",wayback,https://web.archive.org/web/20251016083424/https://www.ovhcloud.com/en/public-cloud/prices/,1x/2x/4x sizes ~same per-GPU
2025-10-16,OVHcloud,V100,"PCIe 32GB (t2-le-45, 1x V100)",0.88,on-demand,USD,"posted per-instance, 1 GPU = per-GPU",wayback,https://web.archive.org/web/20251016083424/https://www.ovhcloud.com/en/public-cloud/prices/,reduced-storage t2-le line; 1x/2x/4x sizes ~same per-GPU
2025-10-19,GenesisCloud,B200,HGX (8-GPU node min),2.8,teaser,USD,per-GPU per hour ('prices indicated per GPU component per hour' footnote),wayback,https://web.archive.org/web/20251019001006/https://www.genesiscloud.com/pricing,teaser floor ('Starting at'); 8x node minimum
2025-10-19,GenesisCloud,H100,HGX (8-GPU node min),1.6,teaser,USD,per-GPU per hour ('prices indicated per GPU component per hour' footnote),wayback,https://web.archive.org/web/20251019001006/https://www.genesiscloud.com/pricing,teaser floor ('Starting at'); 8x node minimum
2025-10-19,GenesisCloud,H200,HGX (8-GPU node min),2.8,on-demand,USD,per-GPU per hour ('prices indicated per GPU component per hour' footnote),wayback,https://web.archive.org/web/20251019001006/https://www.genesiscloud.com/pricing,posted flat 'Only' rate; 8x node minimum
2025-11-01,CoreWeave,A100,HGX 80GB,2.7,on-demand,USD,8-GPU instance $21.6/hr / 8 GPUs,wayback,https://web.archive.org/web/20251101141755/https://coreweave.com/pricing,instance price incl. CPU/RAM/storage (on-demand instance table)
2025-11-01,CoreWeave,A100,NVLink 40GB,2.06,on-demand,USD,GPU component rate as posted,wayback,https://web.archive.org/web/20251101141755/https://coreweave.com/pricing,GPU-component-only billing (vCPU/RAM billed separately)
2025-11-01,CoreWeave,A100,NVLink 80GB,2.21,on-demand,USD,GPU component rate as posted,wayback,https://web.archive.org/web/20251101141755/https://coreweave.com/pricing,GPU-component-only billing (vCPU/RAM billed separately)
2025-11-01,CoreWeave,A100,PCIe 40GB,2.06,on-demand,USD,GPU component rate as posted,wayback,https://web.archive.org/web/20251101141755/https://coreweave.com/pricing,GPU-component-only billing (vCPU/RAM billed separately)
2025-11-01,CoreWeave,A100,PCIe 80GB,2.21,on-demand,USD,GPU component rate as posted,wayback,https://web.archive.org/web/20251101141755/https://coreweave.com/pricing,GPU-component-only billing (vCPU/RAM billed separately)
2025-11-01,CoreWeave,B200,HGX SXM6 180GB,8.6,on-demand,USD,8-GPU instance $68.8/hr / 8 GPUs,wayback,https://web.archive.org/web/20251101141755/https://coreweave.com/pricing,instance price incl. CPU/RAM/storage (on-demand instance table)
2025-11-01,CoreWeave,GB200,NVL72 (4-GPU instance),10.5,on-demand,USD,4-GPU instance $42.0/hr / 4 GPUs,wayback,https://web.archive.org/web/20251101141755/https://coreweave.com/pricing,instance price incl. CPU/RAM/storage (on-demand instance table); 4-GPU (Grace-paired) instance slice of NVL72
2025-11-01,CoreWeave,GH200,96GB,6.5,on-demand,USD,1-GPU instance $6.5/hr / 1 GPUs,wayback,https://web.archive.org/web/20251101141755/https://coreweave.com/pricing,instance price incl. CPU/RAM/storage (on-demand instance table)
2025-11-01,CoreWeave,H100,HGX SXM5 80GB,6.155,on-demand,USD,8-GPU instance $49.24/hr / 8 GPUs,wayback,https://web.archive.org/web/20251101141755/https://coreweave.com/pricing,instance price incl. CPU/RAM/storage (on-demand instance table)
2025-11-01,CoreWeave,H100,HGX SXM5 80GB (GPU component),4.76,on-demand,USD,GPU component rate as posted,wayback,https://web.archive.org/web/20251101141755/https://coreweave.com/pricing,GPU-component-only billing (vCPU/RAM billed separately)
2025-11-01,CoreWeave,H100,PCIe 80GB,4.25,on-demand,USD,GPU component rate as posted,wayback,https://web.archive.org/web/20251101141755/https://coreweave.com/pricing,GPU-component-only billing (vCPU/RAM billed separately)
2025-11-01,CoreWeave,H200,HGX SXM5 141GB,6.305,on-demand,USD,8-GPU instance $50.44/hr / 8 GPUs,wayback,https://web.archive.org/web/20251101141755/https://coreweave.com/pricing,instance price incl. CPU/RAM/storage (on-demand instance table)
2025-11-01,CoreWeave,V100,NVLink 16GB,0.8,on-demand,USD,GPU component rate as posted,wayback,https://web.archive.org/web/20251101141755/https://coreweave.com/pricing,GPU-component-only billing (vCPU/RAM billed separately)
2025-11-03,OVHcloud,A100,"PCIe 80GB (a100-180, 1x A100)",3.07,on-demand,USD,"posted per-instance, 1 GPU = per-GPU",wayback,https://web.archive.org/web/20251103154105/https://www.ovhcloud.com/en/public-cloud/prices/,1x/2x/4x sizes ~same per-GPU
2025-11-03,OVHcloud,H100,"PCIe 80GB (h100-380, 1x H100)",2.99,on-demand,USD,"posted per-instance, 1 GPU = per-GPU",wayback,https://web.archive.org/web/20251103154105/https://www.ovhcloud.com/en/public-cloud/prices/,1x/2x/4x sizes ~same per-GPU
2025-11-03,OVHcloud,V100,"PCIe 16GB (t1-45, 1x V100)",1.97,on-demand,USD,"posted per-instance, 1 GPU = per-GPU",wayback,https://web.archive.org/web/20251103154105/https://www.ovhcloud.com/en/public-cloud/prices/,1x/2x/4x sizes ~same per-GPU
2025-11-03,OVHcloud,V100,"PCIe 16GB (t1-le-45, 1x V100)",0.77,on-demand,USD,"posted per-instance, 1 GPU = per-GPU",wayback,https://web.archive.org/web/20251103154105/https://www.ovhcloud.com/en/public-cloud/prices/,reduced-storage t1-le line; 1x/2x/4x sizes ~same per-GPU
2025-11-03,OVHcloud,V100,"PCIe 32GB (t2-45, 1x V100)",2.19,on-demand,USD,"posted per-instance, 1 GPU = per-GPU",wayback,https://web.archive.org/web/20251103154105/https://www.ovhcloud.com/en/public-cloud/prices/,1x/2x/4x sizes ~same per-GPU
2025-11-03,OVHcloud,V100,"PCIe 32GB (t2-le-45, 1x V100)",0.88,on-demand,USD,"posted per-instance, 1 GPU = per-GPU",wayback,https://web.archive.org/web/20251103154105/https://www.ovhcloud.com/en/public-cloud/prices/,reduced-storage t2-le line; 1x/2x/4x sizes ~same per-GPU
2025-11-04,AWS,A100,SXM4 40GB (p4d.24xlarge),4.0963,on-demand,USD,p4d.24xlarge $32.77/hr / 8 GPUs,wayback,https://web.archive.org/web/20251104102629/https://aws.amazon.com/ec2/instance-types/p4/,"US East (N. Virginia), Linux; server-embedded JSON pricing table (page rebuild mid-2025)"
2025-11-04,AWS,A100,SXM4 40GB (p4d.24xlarge),2.4025,reserved-1yr,USD,p4d.24xlarge $19.22/hr / 8 GPUs,wayback,https://web.archive.org/web/20251104102629/https://aws.amazon.com/ec2/instance-types/p4/,"US East (N. Virginia), Linux; effective hourly RI; server-embedded JSON pricing table (page rebuild mid-2025)"
2025-11-04,AWS,A100,SXM4 40GB (p4d.24xlarge),1.4463,reserved-3yr,USD,p4d.24xlarge $11.57/hr / 8 GPUs,wayback,https://web.archive.org/web/20251104102629/https://aws.amazon.com/ec2/instance-types/p4/,"US East (N. Virginia), Linux; effective hourly RI; server-embedded JSON pricing table (page rebuild mid-2025)"
2025-11-04,AWS,A100,SXM4 80GB (p4de.24xlarge),5.12,on-demand,USD,p4de.24xlarge $40.96/hr / 8 GPUs,wayback,https://web.archive.org/web/20251104102629/https://aws.amazon.com/ec2/instance-types/p4/,"US East (N. Virginia), Linux; server-embedded JSON pricing table (page rebuild mid-2025)"
2025-11-04,AWS,A100,SXM4 80GB (p4de.24xlarge),3.0013,reserved-1yr,USD,p4de.24xlarge $24.01/hr / 8 GPUs,wayback,https://web.archive.org/web/20251104102629/https://aws.amazon.com/ec2/instance-types/p4/,"US East (N. Virginia), Linux; effective hourly RI; server-embedded JSON pricing table (page rebuild mid-2025)"
2025-11-04,AWS,A100,SXM4 80GB (p4de.24xlarge),1.8075,reserved-3yr,USD,p4de.24xlarge $14.46/hr / 8 GPUs,wayback,https://web.archive.org/web/20251104102629/https://aws.amazon.com/ec2/instance-types/p4/,"US East (N. Virginia), Linux; effective hourly RI; server-embedded JSON pricing table (page rebuild mid-2025)"
2025-11-05,Lambda,A100,A100 PCIe 40GB,1.29,on-demand,USD,as posted $/GPU/hr (4x config),wayback,https://web.archive.org/web/20251105190524/https://lambda.ai/pricing,
2025-11-05,Lambda,A100,A100 SXM 40GB,1.29,on-demand,USD,as posted $/GPU/hr (8x config),wayback,https://web.archive.org/web/20251105190524/https://lambda.ai/pricing,
2025-11-05,Lambda,A100,A100 SXM 80GB,1.79,on-demand,USD,as posted $/GPU/hr (8x config),wayback,https://web.archive.org/web/20251105190524/https://lambda.ai/pricing,
2025-11-05,Lambda,B200,B200 SXM6 180GB,4.99,on-demand,USD,as posted $/GPU/hr (8x config),wayback,https://web.archive.org/web/20251105190524/https://lambda.ai/pricing,
2025-11-05,Lambda,B200,"HGX SXM (1-Click Cluster, 16+ GPUs)",3.79,teaser,USD,'As low as (per GPU-hour)' cluster floor as posted,wayback,https://web.archive.org/web/20251105190524/https://lambda.ai/pricing,1-Click Clusters floor; On-Demand 2 weeks-12 months
2025-11-05,Lambda,B200,"HGX SXM (1-Click Cluster, 16+ GPUs)",3.49,teaser,USD,'As low as (per GPU-hour)' cluster floor as posted,wayback,https://web.archive.org/web/20251105190524/https://lambda.ai/pricing,1-Click Clusters floor; Reserved 1 year
2025-11-05,Lambda,GH200,GH200 96GB,1.49,on-demand,USD,as posted $/GPU/hr (1x config),wayback,https://web.archive.org/web/20251105190524/https://lambda.ai/pricing,
2025-11-05,Lambda,H100,H100 PCIe 80GB,2.49,on-demand,USD,as posted $/GPU/hr (1x config),wayback,https://web.archive.org/web/20251105190524/https://lambda.ai/pricing,
2025-11-05,Lambda,H100,H100 SXM 80GB,2.99,on-demand,USD,as posted $/GPU/hr (8x config),wayback,https://web.archive.org/web/20251105190524/https://lambda.ai/pricing,
2025-11-05,Lambda,H100,"HGX SXM (1-Click Cluster, 16+ GPUs)",2.4,teaser,USD,'As low as (per GPU-hour)' cluster floor as posted,wayback,https://web.archive.org/web/20251105190524/https://lambda.ai/pricing,1-Click Clusters floor; On-Demand 1 week-3 months
2025-11-05,Lambda,V100,Tesla V100 16GB,0.55,on-demand,USD,as posted $/GPU/hr (8x config),wayback,https://web.archive.org/web/20251105190524/https://lambda.ai/pricing,
2025-11-09,DataCrunch,A100,A100 SXM4 40GB,0.72,on-demand,USD,1A100.40S.22V 1x instance fixedPrice in embedded JSON,wayback,https://web.archive.org/web/20251109104149/https://datacrunch.io/,"spot 0.24; per-GPU varies by size: [0.72, 0.7212]"
2025-11-09,DataCrunch,A100,A100 SXM4 80GB,1.16,on-demand,USD,1A100.22V 1x instance fixedPrice in embedded JSON,wayback,https://web.archive.org/web/20251109104149/https://datacrunch.io/,"spot 0.52; same per-GPU across [1, 2, 4, 8]x sizes"
2025-11-09,DataCrunch,A100,SXM4 80GB,1.04,dynamic,USD,instance 4A100 total/hr / 4 GPUs,commoncrawl,CC-MAIN-2025-47 crawl-data/CC-MAIN-2025-47/segments/1762439342694.80/warc/CC-MAIN-20251109090337-20251109120337-00380.warc.gz#150737721,products instance table (dynamic col); posted $4.16/h for 4x
2025-11-09,DataCrunch,A100,SXM4 80GB,1.0388,dynamic,USD,instance 8A100 total/hr / 8 GPUs,commoncrawl,CC-MAIN-2025-47 crawl-data/CC-MAIN-2025-47/segments/1762439342694.80/warc/CC-MAIN-20251109090337-20251109120337-00380.warc.gz#150737721,products instance table (dynamic col); posted $8.31/h for 8x
2025-11-09,DataCrunch,A100,SXM4 80GB,1.16,on-demand,USD,instance 8A100 total/hr / 8 GPUs,commoncrawl,CC-MAIN-2025-47 crawl-data/CC-MAIN-2025-47/segments/1762439342694.80/warc/CC-MAIN-20251109090337-20251109120337-00380.warc.gz#150737721,products instance table (on-demand col); posted $9.28/h for 8x
2025-11-09,DataCrunch,A100,SXM4 80GB,0.52,spot,USD,instance 8A100 total/hr / 8 GPUs,commoncrawl,CC-MAIN-2025-47 crawl-data/CC-MAIN-2025-47/segments/1762439342694.80/warc/CC-MAIN-20251109090337-20251109120337-00380.warc.gz#150737721,products instance table (spot col); posted $4.16/h for 8x
2025-11-09,DataCrunch,B200,B200 SXM6 180GB,3.99,on-demand,USD,1B200.30V 1x instance fixedPrice in embedded JSON,wayback,https://web.archive.org/web/20251109104149/https://datacrunch.io/,"spot 1.55; same per-GPU across [1, 2, 4, 8]x sizes"
2025-11-09,DataCrunch,B300,B300 SXM6 262GB,4.95,on-demand,USD,1B300.30V 1x instance fixedPrice in embedded JSON,wayback,https://web.archive.org/web/20251109104149/https://datacrunch.io/,"spot 1.24; same per-GPU across [1, 2, 4, 8]x sizes"
2025-11-09,DataCrunch,H100,H100 SXM5 80GB,1.99,on-demand,USD,1H100.80S.30V 1x instance fixedPrice in embedded JSON,wayback,https://web.archive.org/web/20251109104149/https://datacrunch.io/,"spot 0.99; same per-GPU across [1, 2, 4, 8]x sizes"
2025-11-09,DataCrunch,H200,H200 SXM5 141GB,2.59,on-demand,USD,1H200.141S.44V 1x instance fixedPrice in embedded JSON,wayback,https://web.archive.org/web/20251109104149/https://datacrunch.io/,"spot 1.26; same per-GPU across [1, 2, 4, 8]x sizes"
2025-11-09,DataCrunch,V100,Tesla V100 16GB,0.14,on-demand,USD,1V100.6V 1x instance fixedPrice in embedded JSON,wayback,https://web.archive.org/web/20251109104149/https://datacrunch.io/,"spot 0.07; per-GPU varies by size: [0.1375, 0.14]"
2025-11-09,DataCrunch,V100,SXM2 16GB,0.14,dynamic,USD,instance 1V100 total/hr / 1 GPUs,commoncrawl,CC-MAIN-2025-47 crawl-data/CC-MAIN-2025-47/segments/1762439342694.80/warc/CC-MAIN-20251109090337-20251109120337-00380.warc.gz#150737721,products instance table (dynamic col); posted $0.14/h for 1x
2025-11-09,DataCrunch,V100,SXM2 16GB,0.145,dynamic,USD,instance 4V100 total/hr / 4 GPUs,commoncrawl,CC-MAIN-2025-47 crawl-data/CC-MAIN-2025-47/segments/1762439342694.80/warc/CC-MAIN-20251109090337-20251109120337-00380.warc.gz#150737721,products instance table (dynamic col); posted $0.58/h for 4x
2025-11-09,DataCrunch,V100,SXM2 16GB,0.1437,dynamic,USD,instance 8V100 total/hr / 8 GPUs,commoncrawl,CC-MAIN-2025-47 crawl-data/CC-MAIN-2025-47/segments/1762439342694.80/warc/CC-MAIN-20251109090337-20251109120337-00380.warc.gz#150737721,products instance table (dynamic col); posted $1.15/h for 8x
2025-11-09,DataCrunch,V100,SXM2 16GB,0.14,on-demand,USD,instance 2V100 total/hr / 2 GPUs,commoncrawl,CC-MAIN-2025-47 crawl-data/CC-MAIN-2025-47/segments/1762439342694.80/warc/CC-MAIN-20251109090337-20251109120337-00380.warc.gz#150737721,products instance table (on-demand col); posted $0.28/h for 2x
2025-11-09,DataCrunch,V100,SXM2 16GB,0.1375,on-demand,USD,instance 8V100 total/hr / 8 GPUs,commoncrawl,CC-MAIN-2025-47 crawl-data/CC-MAIN-2025-47/segments/1762439342694.80/warc/CC-MAIN-20251109090337-20251109120337-00380.warc.gz#150737721,products instance table (on-demand col); posted $1.1/h for 8x
2025-11-09,DataCrunch,V100,SXM2 16GB,0.07,spot,USD,instance 2V100 total/hr / 2 GPUs,commoncrawl,CC-MAIN-2025-47 crawl-data/CC-MAIN-2025-47/segments/1762439342694.80/warc/CC-MAIN-20251109090337-20251109120337-00380.warc.gz#150737721,products instance table (spot col); posted $0.14/h for 2x
2025-11-09,DataCrunch,V100,SXM2 16GB,0.0725,spot,USD,instance 8V100 total/hr / 8 GPUs,commoncrawl,CC-MAIN-2025-47 crawl-data/CC-MAIN-2025-47/segments/1762439342694.80/warc/CC-MAIN-20251109090337-20251109120337-00380.warc.gz#150737721,products instance table (spot col); posted $0.58/h for 8x
2025-11-09,Lambda,A100,PCIe 40GB,1.29,on-demand,USD,posted per-GPU (4x instance row),commoncrawl,CC-MAIN-2025-47 crawl-data/CC-MAIN-2025-47/segments/1762439342730.48/warc/CC-MAIN-20251109181307-20251109211307-00548.warc.gz#290927743,lambda-gpu-cloud; 4x NVIDIA A100 PCIe 40GB instance
2025-11-09,Lambda,A100,PCIe 40GB,1.29,on-demand,USD,posted per-GPU (2x instance row),commoncrawl,CC-MAIN-2025-47 crawl-data/CC-MAIN-2025-47/segments/1762439342730.48/warc/CC-MAIN-20251109181307-20251109211307-00548.warc.gz#290927743,lambda-gpu-cloud; 2x NVIDIA A100 PCIe 40GB instance
2025-11-09,Lambda,A100,PCIe 40GB,1.29,on-demand,USD,posted per-GPU (1x instance row),commoncrawl,CC-MAIN-2025-47 crawl-data/CC-MAIN-2025-47/segments/1762439342730.48/warc/CC-MAIN-20251109181307-20251109211307-00548.warc.gz#290927743,lambda-gpu-cloud; 1x NVIDIA A100 PCIe 40GB instance
2025-11-09,Lambda,A100,SXM 40GB,1.29,on-demand,USD,posted per-GPU (8x instance row),commoncrawl,CC-MAIN-2025-47 crawl-data/CC-MAIN-2025-47/segments/1762439342730.48/warc/CC-MAIN-20251109181307-20251109211307-00548.warc.gz#290927743,lambda-gpu-cloud; 8x NVIDIA A100 SXM 40GB instance
2025-11-09,Lambda,A100,SXM 40GB,1.29,on-demand,USD,posted per-GPU (1x instance row),commoncrawl,CC-MAIN-2025-47 crawl-data/CC-MAIN-2025-47/segments/1762439342730.48/warc/CC-MAIN-20251109181307-20251109211307-00548.warc.gz#290927743,lambda-gpu-cloud; 1x NVIDIA A100 SXM 40GB instance
2025-11-09,Lambda,A100,SXM 80GB,1.79,on-demand,USD,posted per-GPU (8x instance row),commoncrawl,CC-MAIN-2025-47 crawl-data/CC-MAIN-2025-47/segments/1762439342730.48/warc/CC-MAIN-20251109181307-20251109211307-00548.warc.gz#290927743,lambda-gpu-cloud; 8x NVIDIA A100 SXM 80GB instance
2025-11-09,Lambda,V100,SXM2 16GB,0.55,on-demand,USD,posted per-GPU (8x instance row),commoncrawl,CC-MAIN-2025-47 crawl-data/CC-MAIN-2025-47/segments/1762439342730.48/warc/CC-MAIN-20251109181307-20251109211307-00548.warc.gz#290927743,lambda-gpu-cloud; 8x NVIDIA Tesla V100 16GB instance
2025-11-14,CoreWeave,A100,80GB (8x instance),2.7,on-demand,USD,instance total $21.6/hr / 8 GPUs,commoncrawl,CC-MAIN-2025-47 crawl-data/CC-MAIN-2025-47/segments/1762439343932.66/warc/CC-MAIN-20251114104301-20251114134301-00869.warc.gz#155217349,cw-pricing; instance bundle incl vCPU/RAM
2025-11-14,CoreWeave,A100,NVLINK 40GB,2.06,on-demand,USD,posted per-GPU component rate,commoncrawl,CC-MAIN-2025-47 crawl-data/CC-MAIN-2025-47/segments/1762439343932.66/warc/CC-MAIN-20251114104301-20251114134301-00869.warc.gz#155217349,"cw-pricing; GPU-component rate, excludes vCPU/RAM/storage"
2025-11-14,CoreWeave,A100,PCIe 40GB,2.06,on-demand,USD,posted per-GPU component rate,commoncrawl,CC-MAIN-2025-47 crawl-data/CC-MAIN-2025-47/segments/1762439343932.66/warc/CC-MAIN-20251114104301-20251114134301-00869.warc.gz#155217349,"cw-pricing; GPU-component rate, excludes vCPU/RAM/storage"
2025-11-14,CoreWeave,A100,PCIe 80GB,2.21,on-demand,USD,posted per-GPU component rate,commoncrawl,CC-MAIN-2025-47 crawl-data/CC-MAIN-2025-47/segments/1762439343932.66/warc/CC-MAIN-20251114104301-20251114134301-00869.warc.gz#155217349,"cw-pricing; GPU-component rate, excludes vCPU/RAM/storage"
2025-11-14,CoreWeave,A100,SXM/NVLINK 80GB,2.21,on-demand,USD,posted per-GPU component rate,commoncrawl,CC-MAIN-2025-47 crawl-data/CC-MAIN-2025-47/segments/1762439343932.66/warc/CC-MAIN-20251114104301-20251114134301-00869.warc.gz#155217349,"cw-pricing; GPU-component rate, excludes vCPU/RAM/storage"
2025-11-14,coreweave,A100,,2.7,on-demand,USD,,commoncrawl,https://coreweave.com/pricing,instance bundle A100 8xGPU total $21.60/hr (incl vCPU/RAM/IB); per-GPU
2025-11-14,coreweave,A100,,2.06,on-demand,USD,,commoncrawl,https://coreweave.com/pricing,resource-based per-GPU compute rate (NVLINK 40GB); excludes vCPU/RAM/storage
2025-11-14,coreweave,A100,,2.06,on-demand,USD,,commoncrawl,https://coreweave.com/pricing,resource-based per-GPU compute rate (PCIe 40GB); excludes vCPU/RAM/storage
2025-11-14,coreweave,A100,,2.21,on-demand,USD,,commoncrawl,https://coreweave.com/pricing,resource-based per-GPU compute rate (PCIe 80GB); excludes vCPU/RAM/storage
2025-11-14,coreweave,A100,,2.21,on-demand,USD,,commoncrawl,https://coreweave.com/pricing,resource-based per-GPU compute rate (SXM/NVLINK 80GB); excludes vCPU/RAM/storage
2025-11-14,coreweave,B200,,8.6,on-demand,USD,,commoncrawl,https://coreweave.com/pricing,instance bundle B200 8xGPU total $68.80/hr (incl vCPU/RAM/IB); per-GPU
2025-11-14,coreweave,GB200,,10.5,on-demand,USD,,commoncrawl,https://coreweave.com/pricing,instance bundle GB200 NVL72 4xGPU total $42.00/hr (incl vCPU/RAM/IB); per-GPU
2025-11-14,coreweave,H100,,6.155,on-demand,USD,,commoncrawl,https://coreweave.com/pricing,instance bundle HGX H100 8xGPU total $49.24/hr (incl vCPU/RAM/IB); per-GPU
2025-11-14,coreweave,H100,,4.25,on-demand,USD,,commoncrawl,https://coreweave.com/pricing,resource-based per-GPU compute rate (PCIe 80GB); excludes vCPU/RAM/storage
2025-11-14,coreweave,H100,,4.76,on-demand,USD,,commoncrawl,https://coreweave.com/pricing,resource-based per-GPU compute rate (SXM/HGX 80GB); excludes vCPU/RAM/storage
2025-11-14,coreweave,H200,,6.305,on-demand,USD,,commoncrawl,https://coreweave.com/pricing,instance bundle HGX H200 8xGPU total $50.44/hr (incl vCPU/RAM/IB); per-GPU
2025-11-17,DataCrunch,A100,A100 SXM4 40GB,0.72,on-demand,USD,1A100.40S.22V 1x instance fixedPrice in embedded JSON,wayback,https://web.archive.org/web/20251117071207/https://datacrunch.io/,"spot 0.25; per-GPU varies by size: [0.72, 0.7212]"
2025-11-17,DataCrunch,A100,A100 SXM4 80GB,1.16,on-demand,USD,1A100.22V 1x instance fixedPrice in embedded JSON,wayback,https://web.archive.org/web/20251117071207/https://datacrunch.io/,"spot 0.55; same per-GPU across [1, 2, 4, 8]x sizes"
2025-11-17,DataCrunch,B200,B200 SXM6 180GB,3.99,on-demand,USD,1B200.30V 1x instance fixedPrice in embedded JSON,wayback,https://web.archive.org/web/20251117071207/https://datacrunch.io/,"spot 1.9; same per-GPU across [1, 2, 4, 8]x sizes"
2025-11-17,DataCrunch,B300,B300 SXM6 262GB,4.95,on-demand,USD,1B300.30V 1x instance fixedPrice in embedded JSON,wayback,https://web.archive.org/web/20251117071207/https://datacrunch.io/,"spot 1.24; same per-GPU across [1, 2, 4, 8]x sizes"
2025-11-17,DataCrunch,H100,H100 SXM5 80GB,1.99,on-demand,USD,1H100.80S.30V 1x instance fixedPrice in embedded JSON,wayback,https://web.archive.org/web/20251117071207/https://datacrunch.io/,"spot 1.09; same per-GPU across [1, 2, 4, 8]x sizes"
2025-11-17,DataCrunch,H200,H200 SXM5 141GB,2.59,on-demand,USD,1H200.141S.44V 1x instance fixedPrice in embedded JSON,wayback,https://web.archive.org/web/20251117071207/https://datacrunch.io/,"spot 1.27; same per-GPU across [1, 2, 4, 8]x sizes"
2025-11-17,DataCrunch,V100,Tesla V100 16GB,0.14,on-demand,USD,1V100.6V 1x instance fixedPrice in embedded JSON,wayback,https://web.archive.org/web/20251117071207/https://datacrunch.io/,"spot 0.07; per-GPU varies by size: [0.1375, 0.14]"
2025-12-01,AWS,A100,SXM4 40GB (p4d.24xlarge),4.0963,on-demand,USD,p4d.24xlarge $32.77/hr / 8 GPUs,wayback,https://web.archive.org/web/20251201120752/https://aws.amazon.com/ec2/instance-types/p4/,"US East (N. Virginia), Linux; server-embedded JSON pricing table (page rebuild mid-2025)"
2025-12-01,AWS,A100,SXM4 40GB (p4d.24xlarge),2.4025,reserved-1yr,USD,p4d.24xlarge $19.22/hr / 8 GPUs,wayback,https://web.archive.org/web/20251201120752/https://aws.amazon.com/ec2/instance-types/p4/,"US East (N. Virginia), Linux; effective hourly RI; server-embedded JSON pricing table (page rebuild mid-2025)"
2025-12-01,AWS,A100,SXM4 40GB (p4d.24xlarge),1.4463,reserved-3yr,USD,p4d.24xlarge $11.57/hr / 8 GPUs,wayback,https://web.archive.org/web/20251201120752/https://aws.amazon.com/ec2/instance-types/p4/,"US East (N. Virginia), Linux; effective hourly RI; server-embedded JSON pricing table (page rebuild mid-2025)"
2025-12-01,AWS,A100,SXM4 80GB (p4de.24xlarge),5.12,on-demand,USD,p4de.24xlarge $40.96/hr / 8 GPUs,wayback,https://web.archive.org/web/20251201120752/https://aws.amazon.com/ec2/instance-types/p4/,"US East (N. Virginia), Linux; server-embedded JSON pricing table (page rebuild mid-2025)"
2025-12-01,AWS,A100,SXM4 80GB (p4de.24xlarge),3.0013,reserved-1yr,USD,p4de.24xlarge $24.01/hr / 8 GPUs,wayback,https://web.archive.org/web/20251201120752/https://aws.amazon.com/ec2/instance-types/p4/,"US East (N. Virginia), Linux; effective hourly RI; server-embedded JSON pricing table (page rebuild mid-2025)"
2025-12-01,AWS,A100,SXM4 80GB (p4de.24xlarge),1.8075,reserved-3yr,USD,p4de.24xlarge $14.46/hr / 8 GPUs,wayback,https://web.archive.org/web/20251201120752/https://aws.amazon.com/ec2/instance-types/p4/,"US East (N. Virginia), Linux; effective hourly RI; server-embedded JSON pricing table (page rebuild mid-2025)"
2025-12-02,DataCrunch,A100,A100 SXM4 40GB,0.72,on-demand,USD,1A100.40S.22V 1x instance fixedPrice in embedded JSON,wayback,https://web.archive.org/web/20251202194900/https://verda.com/,"spot 0.22; per-GPU varies by size: [0.72, 0.7212]; site rebranded to Verda (verda.com) ~Dec 2025; datacrunch.io 301s there; same embedded-JSON pricing"
2025-12-02,DataCrunch,A100,A100 SXM4 80GB,1.16,on-demand,USD,1A100.22V 1x instance fixedPrice in embedded JSON,wayback,https://web.archive.org/web/20251202194900/https://verda.com/,"spot 0.58; same per-GPU across [1, 2, 4, 8]x sizes; site rebranded to Verda (verda.com) ~Dec 2025; datacrunch.io 301s there; same embedded-JSON pricing"
2025-12-02,DataCrunch,B200,B200 SXM6 180GB,3.79,on-demand,USD,1B200.30V 1x instance fixedPrice in embedded JSON,wayback,https://web.archive.org/web/20251202194900/https://verda.com/,"spot 0.95; same per-GPU across [1, 2, 4, 8]x sizes; site rebranded to Verda (verda.com) ~Dec 2025; datacrunch.io 301s there; same embedded-JSON pricing"
2025-12-02,DataCrunch,B300,B300 SXM6 262GB,4.95,on-demand,USD,1B300.30V 1x instance fixedPrice in embedded JSON,wayback,https://web.archive.org/web/20251202194900/https://verda.com/,"spot 1.24; same per-GPU across [1, 2, 4, 8]x sizes; site rebranded to Verda (verda.com) ~Dec 2025; datacrunch.io 301s there; same embedded-JSON pricing"
2025-12-02,DataCrunch,H100,H100 SXM5 80GB,1.99,on-demand,USD,1H100.80S.30V 1x instance fixedPrice in embedded JSON,wayback,https://web.archive.org/web/20251202194900/https://verda.com/,"spot 1.0; same per-GPU across [1, 2, 4, 8]x sizes; site rebranded to Verda (verda.com) ~Dec 2025; datacrunch.io 301s there; same embedded-JSON pricing"
2025-12-02,DataCrunch,H200,H200 SXM5 141GB,2.59,on-demand,USD,1H200.141S.44V 1x instance fixedPrice in embedded JSON,wayback,https://web.archive.org/web/20251202194900/https://verda.com/,"spot 1.3; same per-GPU across [1, 2, 4, 8]x sizes; site rebranded to Verda (verda.com) ~Dec 2025; datacrunch.io 301s there; same embedded-JSON pricing"
2025-12-02,DataCrunch,V100,Tesla V100 16GB,0.14,on-demand,USD,1V100.6V 1x instance fixedPrice in embedded JSON,wayback,https://web.archive.org/web/20251202194900/https://verda.com/,"spot 0.07; per-GPU varies by size: [0.1375, 0.14]; site rebranded to Verda (verda.com) ~Dec 2025; datacrunch.io 301s there; same embedded-JSON pricing"
2025-12-04,GenesisCloud,B200,HGX (8-GPU node min),2.8,teaser,USD,per-GPU per hour ('prices indicated per GPU component per hour' footnote),wayback,https://web.archive.org/web/20251204221224/https://www.genesiscloud.com/pricing,teaser floor ('Starting at'); 8x node minimum
2025-12-04,GenesisCloud,H100,HGX (8-GPU node min),1.6,teaser,USD,per-GPU per hour ('prices indicated per GPU component per hour' footnote),wayback,https://web.archive.org/web/20251204221224/https://www.genesiscloud.com/pricing,teaser floor ('Starting at'); 8x node minimum
2025-12-04,GenesisCloud,H200,HGX (8-GPU node min),2.8,on-demand,USD,per-GPU per hour ('prices indicated per GPU component per hour' footnote),wayback,https://web.archive.org/web/20251204221224/https://www.genesiscloud.com/pricing,posted flat 'Only' rate; 8x node minimum
2025-12-05,Lambda,A100,A100 PCIe 40GB,1.29,on-demand,USD,as posted $/GPU/hr (largest listed config),wayback,https://web.archive.org/web/20251205232122/https://lambda.ai/pricing,
2025-12-05,Lambda,A100,A100 SXM 40GB,1.29,on-demand,USD,as posted $/GPU/hr (largest listed config),wayback,https://web.archive.org/web/20251205232122/https://lambda.ai/pricing,
2025-12-05,Lambda,A100,A100 SXM 80GB,1.79,on-demand,USD,as posted $/GPU/hr (largest listed config),wayback,https://web.archive.org/web/20251205232122/https://lambda.ai/pricing,
2025-12-05,Lambda,B200,B200 SXM6 180GB,4.99,on-demand,USD,as posted $/GPU/hr (largest listed config),wayback,https://web.archive.org/web/20251205232122/https://lambda.ai/pricing,
2025-12-05,Lambda,B200,"HGX SXM (1-Click Cluster, 16+ GPUs)",3.79,teaser,USD,'As low as (per GPU-hour)' cluster floor as posted,wayback,https://web.archive.org/web/20251205232122/https://lambda.ai/pricing,1-Click Clusters floor; On-Demand 2 weeks-12 months
2025-12-05,Lambda,B200,"HGX SXM (1-Click Cluster, 16+ GPUs)",3.49,teaser,USD,'As low as (per GPU-hour)' cluster floor as posted,wayback,https://web.archive.org/web/20251205232122/https://lambda.ai/pricing,1-Click Clusters floor; Reserved 1 year
2025-12-05,Lambda,GH200,GH200 96GB,1.49,on-demand,USD,as posted $/GPU/hr (largest listed config),wayback,https://web.archive.org/web/20251205232122/https://lambda.ai/pricing,
2025-12-05,Lambda,H100,H100 PCIe 80GB,2.49,on-demand,USD,as posted $/GPU/hr (largest listed config),wayback,https://web.archive.org/web/20251205232122/https://lambda.ai/pricing,
2025-12-05,Lambda,H100,H100 SXM 80GB,2.99,on-demand,USD,as posted $/GPU/hr (largest listed config),wayback,https://web.archive.org/web/20251205232122/https://lambda.ai/pricing,
2025-12-05,Lambda,H100,"HGX SXM (1-Click Cluster, 16+ GPUs)",2.29,teaser,USD,'As low as (per GPU-hour)' cluster floor as posted,wayback,https://web.archive.org/web/20251205232122/https://lambda.ai/pricing,1-Click Clusters floor; On-Demand 1 week-3 months
2025-12-05,Lambda,H100,"HGX SXM (1-Click Cluster, 16+ GPUs)",2.19,teaser,USD,'As low as (per GPU-hour)' cluster floor as posted,wayback,https://web.archive.org/web/20251205232122/https://lambda.ai/pricing,1-Click Clusters floor; Reserved 3 months-3 years
2025-12-05,Lambda,V100,Tesla V100 16GB,0.55,on-demand,USD,as posted $/GPU/hr (largest listed config),wayback,https://web.archive.org/web/20251205232122/https://lambda.ai/pricing,
2025-12-05,OVHcloud,A100,"PCIe 80GB (a100-180, 1x A100)",3.07,on-demand,USD,"posted per-instance, 1 GPU = per-GPU",wayback,https://web.archive.org/web/20251205011109/https://www.ovhcloud.com/en/public-cloud/prices/,1x/2x/4x sizes ~same per-GPU
2025-12-05,OVHcloud,H100,"PCIe 80GB (h100-380, 1x H100)",2.99,on-demand,USD,"posted per-instance, 1 GPU = per-GPU",wayback,https://web.archive.org/web/20251205011109/https://www.ovhcloud.com/en/public-cloud/prices/,1x/2x/4x sizes ~same per-GPU
2025-12-05,OVHcloud,V100,"PCIe 16GB (t1-le-45, 1x V100)",0.77,on-demand,USD,"posted per-instance, 1 GPU = per-GPU",wayback,https://web.archive.org/web/20251205011109/https://www.ovhcloud.com/en/public-cloud/prices/,reduced-storage t1-le line; 1x/2x/4x sizes ~same per-GPU
2025-12-05,OVHcloud,V100,"PCIe 32GB (t2-le-45, 1x V100)",0.88,on-demand,USD,"posted per-instance, 1 GPU = per-GPU",wayback,https://web.archive.org/web/20251205011109/https://www.ovhcloud.com/en/public-cloud/prices/,reduced-storage t2-le line; 1x/2x/4x sizes ~same per-GPU
2025-12-13,CoreWeave,A100,NVLINK 40GB,2.06,on-demand,USD,posted per-GPU component rate,commoncrawl,CC-MAIN-2025-51 crawl-data/CC-MAIN-2025-51/segments/1764871307743.66/warc/CC-MAIN-20251213090347-20251213120347-00897.warc.gz#437523969,"cw-pricing-classic; GPU-component rate, excludes vCPU/RAM/storage"
2025-12-13,CoreWeave,A100,PCIe 40GB,2.06,on-demand,USD,posted per-GPU component rate,commoncrawl,CC-MAIN-2025-51 crawl-data/CC-MAIN-2025-51/segments/1764871307743.66/warc/CC-MAIN-20251213090347-20251213120347-00897.warc.gz#437523969,"cw-pricing-classic; GPU-component rate, excludes vCPU/RAM/storage"
2025-12-13,CoreWeave,A100,PCIe 80GB,2.21,on-demand,USD,posted per-GPU component rate,commoncrawl,CC-MAIN-2025-51 crawl-data/CC-MAIN-2025-51/segments/1764871307743.66/warc/CC-MAIN-20251213090347-20251213120347-00897.warc.gz#437523969,"cw-pricing-classic; GPU-component rate, excludes vCPU/RAM/storage"
2025-12-13,CoreWeave,A100,SXM/NVLINK 80GB,2.21,on-demand,USD,posted per-GPU component rate,commoncrawl,CC-MAIN-2025-51 crawl-data/CC-MAIN-2025-51/segments/1764871307743.66/warc/CC-MAIN-20251213090347-20251213120347-00897.warc.gz#437523969,"cw-pricing-classic; GPU-component rate, excludes vCPU/RAM/storage"
2025-12-13,Together,A100,PCIe 80GB,2.4,on-demand,USD,posted per-GPU (1x instance),commoncrawl,CC-MAIN-2025-51 crawl-data/CC-MAIN-2025-51/segments/1764871307735.89/warc/CC-MAIN-20251213055909-20251213085909-00504.warc.gz#804666245,GPU cluster on-demand 1x instance
2025-12-13,Together,A100,SXM 40GB,2.4,on-demand,USD,posted per-GPU (1x instance),commoncrawl,CC-MAIN-2025-51 crawl-data/CC-MAIN-2025-51/segments/1764871307735.89/warc/CC-MAIN-20251213055909-20251213085909-00504.warc.gz#804666245,GPU cluster on-demand 1x instance
2025-12-13,Together,A100,SXM 80GB,2.56,on-demand,USD,posted per-GPU (1x instance),commoncrawl,CC-MAIN-2025-51 crawl-data/CC-MAIN-2025-51/segments/1764871307735.89/warc/CC-MAIN-20251213055909-20251213085909-00504.warc.gz#804666245,GPU cluster on-demand 1x instance
2025-12-13,Together,A100,80GB,1.3,teaser,USD,posted 'Starting at' per-GPU,commoncrawl,CC-MAIN-2025-51 crawl-data/CC-MAIN-2025-51/segments/1764871307735.89/warc/CC-MAIN-20251213055909-20251213085909-00504.warc.gz#804666245,TEASER starting-at rate; floor not a quote
2025-12-13,coreweave,A100,,2.7,on-demand,USD,,commoncrawl,https://docs.coreweave.com/docs/pricing/pricing-instances,instance gd-8xa100-i128: 8xGPU bundle total $21.60/hr (incl vCPU/RAM/net); per-GPU
2025-12-13,coreweave,A100,,2.06,on-demand,USD,,commoncrawl,https://wf.coreweave.com/pricing/classic,resource-based per-GPU compute rate (NVLINK 40GB); excludes vCPU/RAM/storage
2025-12-13,coreweave,A100,,2.06,on-demand,USD,,commoncrawl,https://wf.coreweave.com/pricing/classic,resource-based per-GPU compute rate (PCIe 40GB); excludes vCPU/RAM/storage
2025-12-13,coreweave,A100,,2.21,on-demand,USD,,commoncrawl,https://wf.coreweave.com/pricing/classic,resource-based per-GPU compute rate (PCIe 80GB); excludes vCPU/RAM/storage
2025-12-13,coreweave,A100,,2.21,on-demand,USD,,commoncrawl,https://wf.coreweave.com/pricing/classic,resource-based per-GPU compute rate (SXM/NVLINK 80GB); excludes vCPU/RAM/storage
2025-12-13,coreweave,B200,,8.6,on-demand,USD,,commoncrawl,https://docs.coreweave.com/docs/pricing/pricing-instances,instance b200-8x: 8xGPU bundle total $68.80/hr (incl vCPU/RAM/InfiniBand); per-GPU
2025-12-13,coreweave,GB200,,10.5,on-demand,USD,,commoncrawl,https://docs.coreweave.com/docs/pricing/pricing-instances,instance gb200-4x: 4xGPU bundle total $42.00/hr (incl vCPU/RAM/NVL72); per-GPU
2025-12-13,coreweave,H100,,6.155,on-demand,USD,,commoncrawl,https://docs.coreweave.com/docs/pricing/pricing-instances,instance gd-8xh100ib-i128: 8xGPU bundle total $49.24/hr (incl vCPU/RAM/InfiniBand); per-GPU
2025-12-13,coreweave,H100,,4.25,on-demand,USD,,commoncrawl,https://wf.coreweave.com/pricing/classic,resource-based per-GPU compute rate (PCIe 80GB); excludes vCPU/RAM/storage
2025-12-13,coreweave,H100,,4.76,on-demand,USD,,commoncrawl,https://wf.coreweave.com/pricing/classic,resource-based per-GPU compute rate (SXM/HGX 80GB); excludes vCPU/RAM/storage
2025-12-13,coreweave,H200,,6.305,on-demand,USD,,commoncrawl,https://docs.coreweave.com/docs/pricing/pricing-instances,instance gd-8xh200ib-i128: 8xGPU bundle total $50.44/hr (incl vCPU/RAM/InfiniBand); per-GPU
2025-12-13,together,A100,,2.56,on-demand,USD,,commoncrawl,https://www.together.ai/pricing,on_demand single instance (1x) [Price/Hour]
2025-12-13,together,A100,,2.4,on-demand,USD,,commoncrawl,https://www.together.ai/pricing,on_demand single instance (1x) [Price/Hour]
2025-12-13,together,A100,,1.3,reserved,USD,,commoncrawl,https://www.together.ai/pricing,committed cluster (starting-at floor)
2025-12-13,together,B200,,4.5,1 - 6 Days,USD,,commoncrawl,https://www.together.ai/pricing,committed cluster (HGX) [1 - 6 Days]
2025-12-13,together,B200,,4.0,1 Week - 3 Months,USD,,commoncrawl,https://www.together.ai/pricing,committed cluster (HGX) [1 Week - 3 Months]
2025-12-13,together,B200,,5.5,on-demand,USD,,commoncrawl,https://www.together.ai/pricing,on_demand cluster (HGX) [Hourly]
2025-12-13,together,H100,,2.5,1 - 6 Days,USD,,commoncrawl,https://www.together.ai/pricing,committed cluster (HGX) [1 - 6 Days]
2025-12-13,together,H100,,2.2,1 Week - 3 Months,USD,,commoncrawl,https://www.together.ai/pricing,committed cluster (HGX) [1 Week - 3 Months]
2025-12-13,together,H100,,3.36,on-demand,USD,,commoncrawl,https://www.together.ai/pricing,on_demand single instance (1x) [Price/Hour]
2025-12-13,together,H100,,2.99,on-demand,USD,,commoncrawl,https://www.together.ai/pricing,on_demand cluster (HGX) [Hourly]
2025-12-13,together,H100,,1.75,reserved,USD,,commoncrawl,https://www.together.ai/pricing,committed cluster (starting-at floor)
2025-12-13,together,H200,,3.45,1 - 6 Days,USD,,commoncrawl,https://www.together.ai/pricing,committed cluster (HGX) [1 - 6 Days]
2025-12-13,together,H200,,3.15,1 Week - 3 Months,USD,,commoncrawl,https://www.together.ai/pricing,committed cluster (HGX) [1 Week - 3 Months]
2025-12-13,together,H200,,4.99,on-demand,USD,,commoncrawl,https://www.together.ai/pricing,on_demand single instance (1x) [Price/Hour]
2025-12-13,together,H200,,3.79,on-demand,USD,,commoncrawl,https://www.together.ai/pricing,on_demand cluster (HGX) [Hourly]
2025-12-13,together,H200,,2.09,reserved,USD,,commoncrawl,https://www.together.ai/pricing,committed cluster (starting-at floor)
2025-12-15,Hyperstack,A100,A100,1.35,on-demand,USD,posted per-GPU,commoncrawl,CC-MAIN-2025-51 crawl-data/CC-MAIN-2025-51/segments/1764871654453.92/warc/CC-MAIN-20251215192629-20251215222629-00320.warc.gz#650825857,on-demand rate card
2025-12-15,Hyperstack,A100,NVLink,1.4,on-demand,USD,posted per-GPU,commoncrawl,CC-MAIN-2025-51 crawl-data/CC-MAIN-2025-51/segments/1764871654453.92/warc/CC-MAIN-20251215192629-20251215222629-00320.warc.gz#650825857,on-demand rate card
2025-12-15,Hyperstack,A100,SXM,1.6,on-demand,USD,posted per-GPU,commoncrawl,CC-MAIN-2025-51 crawl-data/CC-MAIN-2025-51/segments/1764871654453.92/warc/CC-MAIN-20251215192629-20251215222629-00320.warc.gz#650825857,on-demand rate card
2025-12-15,Hyperstack,A100,A100,0.95,reservation (starts-from),USD,posted per-GPU,commoncrawl,CC-MAIN-2025-51 crawl-data/CC-MAIN-2025-51/segments/1764871654453.92/warc/CC-MAIN-20251215192629-20251215222629-00320.warc.gz#650825857,TEASER reservation 'starting from' floor
2025-12-15,Hyperstack,A100,NVLink,0.98,reservation (starts-from),USD,posted per-GPU,commoncrawl,CC-MAIN-2025-51 crawl-data/CC-MAIN-2025-51/segments/1764871654453.92/warc/CC-MAIN-20251215192629-20251215222629-00320.warc.gz#650825857,TEASER reservation 'starting from' floor
2025-12-15,Hyperstack,A100,SXM,1.36,reservation (starts-from),USD,posted per-GPU,commoncrawl,CC-MAIN-2025-51 crawl-data/CC-MAIN-2025-51/segments/1764871654453.92/warc/CC-MAIN-20251215192629-20251215222629-00320.warc.gz#650825857,TEASER reservation 'starting from' floor
2025-12-15,Hyperstack,A100,A100,1.08,spot,USD,posted per-GPU,commoncrawl,CC-MAIN-2025-51 crawl-data/CC-MAIN-2025-51/segments/1764871654453.92/warc/CC-MAIN-20251215192629-20251215222629-00320.warc.gz#650825857,spot VM rate
2025-12-15,hyperstack,A100,,1.4,on-demand,USD,,commoncrawl,https://www.hyperstack.cloud/gpu-pricing,"era-B card='df sb""> On-Demand GPU Pricing ' name='NVIDIA A100 NVLink'"
2025-12-15,hyperstack,A100,,1.35,on-demand,USD,,commoncrawl,https://www.hyperstack.cloud/gpu-pricing,"era-B card='df sb""> On-Demand GPU Pricing ' name='NVIDIA A100'"
2025-12-15,hyperstack,A100,,0.98,reservation,USD,,commoncrawl,https://www.hyperstack.cloud/gpu-pricing,"reservation 'starts-from' floor (longer-term contract, invoiced monthly); era-B card='df sb""> Reservation Pricing GP' name='NVIDIA A100 NVLink'"
2025-12-15,hyperstack,A100,,0.95,reservation,USD,,commoncrawl,https://www.hyperstack.cloud/gpu-pricing,"reservation 'starts-from' floor (longer-term contract, invoiced monthly); era-B card='df sb""> Reservation Pricing GP' name='NVIDIA A100'"
2025-12-15,hyperstack,A100,SXM,1.6,on-demand,USD,,commoncrawl,https://www.hyperstack.cloud/gpu-pricing,"era-B card='df sb""> On-Demand GPU Pricing ' name='NVIDIA A100 SXM'"
2025-12-15,hyperstack,A100,SXM,1.36,reservation,USD,,commoncrawl,https://www.hyperstack.cloud/gpu-pricing,"reservation 'starts-from' floor (longer-term contract, invoiced monthly); era-B card='df sb""> Reservation Pricing GP' name='NVIDIA A100 SXM'"
2025-12-15,hyperstack,H100,,1.95,on-demand,USD,,commoncrawl,https://www.hyperstack.cloud/gpu-pricing,"era-B card='df sb""> On-Demand GPU Pricing ' name='NVIDIA H100 NVLink'"
2025-12-15,hyperstack,H100,,1.9,on-demand,USD,,commoncrawl,https://www.hyperstack.cloud/gpu-pricing,"era-B card='df sb""> On-Demand GPU Pricing ' name='NVIDIA H100'"
2025-12-15,hyperstack,H100,,1.37,reservation,USD,,commoncrawl,https://www.hyperstack.cloud/gpu-pricing,"reservation 'starts-from' floor (longer-term contract, invoiced monthly); era-B card='df sb""> Reservation Pricing GP' name='NVIDIA H100 NVLink'"
2025-12-15,hyperstack,H100,,1.33,reservation,USD,,commoncrawl,https://www.hyperstack.cloud/gpu-pricing,"reservation 'starts-from' floor (longer-term contract, invoiced monthly); era-B card='df sb""> Reservation Pricing GP' name='NVIDIA H100'"
2025-12-15,hyperstack,H100,SXM,2.4,on-demand,USD,,commoncrawl,https://www.hyperstack.cloud/gpu-pricing,"era-B card='df sb""> On-Demand GPU Pricing ' name='NVIDIA H100 SXM'"
2025-12-15,hyperstack,H100,SXM,2.04,reservation,USD,,commoncrawl,https://www.hyperstack.cloud/gpu-pricing,"reservation 'starts-from' floor (longer-term contract, invoiced monthly); era-B card='df sb""> Reservation Pricing GP' name='NVIDIA H100 SXM'"
2025-12-15,hyperstack,H200,SXM,3.5,on-demand,USD,,commoncrawl,https://www.hyperstack.cloud/gpu-pricing,"era-B card='df sb""> On-Demand GPU Pricing ' name='NVIDIA H200 SXM'"
2025-12-15,hyperstack,H200,SXM,2.45,reservation,USD,,commoncrawl,https://www.hyperstack.cloud/gpu-pricing,"reservation 'starts-from' floor (longer-term contract, invoiced monthly); era-B card='df sb""> Reservation Pricing GP' name='NVIDIA H200 SXM'"
2025-12-16,CoreWeave,A100,HGX 80GB,2.7,on-demand,USD,8-GPU instance $21.6/hr / 8 GPUs,wayback,https://web.archive.org/web/20251216064621/https://coreweave.com/pricing,instance price incl. CPU/RAM/storage (on-demand instance table)
2025-12-16,CoreWeave,B200,HGX SXM6 180GB,8.6,on-demand,USD,8-GPU instance $68.8/hr / 8 GPUs,wayback,https://web.archive.org/web/20251216064621/https://coreweave.com/pricing,instance price incl. CPU/RAM/storage (on-demand instance table)
2025-12-16,CoreWeave,GB200,NVL72 (4-GPU instance),10.5,on-demand,USD,4-GPU instance $42.0/hr / 4 GPUs,wayback,https://web.archive.org/web/20251216064621/https://coreweave.com/pricing,instance price incl. CPU/RAM/storage (on-demand instance table); 4-GPU (Grace-paired) instance slice of NVL72
2025-12-16,CoreWeave,GH200,96GB,6.5,on-demand,USD,1-GPU instance $6.5/hr / 1 GPUs,wayback,https://web.archive.org/web/20251216064621/https://coreweave.com/pricing,instance price incl. CPU/RAM/storage (on-demand instance table)
2025-12-16,CoreWeave,H100,HGX SXM5 80GB,6.155,on-demand,USD,8-GPU instance $49.24/hr / 8 GPUs,wayback,https://web.archive.org/web/20251216064621/https://coreweave.com/pricing,instance price incl. CPU/RAM/storage (on-demand instance table)
2025-12-16,CoreWeave,H200,HGX SXM5 141GB,6.305,on-demand,USD,8-GPU instance $50.44/hr / 8 GPUs,wayback,https://web.archive.org/web/20251216064621/https://coreweave.com/pricing,instance price incl. CPU/RAM/storage (on-demand instance table)
2025-12-16,coreweave,A100,,2.7,on-demand,USD,,commoncrawl,https://coreweave.com/pricing,instance bundle A100 8xGPU total $21.60/hr (incl vCPU/RAM/IB); per-GPU
2025-12-16,coreweave,B200,,8.6,on-demand,USD,,commoncrawl,https://coreweave.com/pricing,instance bundle B200 8xGPU total $68.80/hr (incl vCPU/RAM/IB); per-GPU
2025-12-16,coreweave,GB200,,10.5,on-demand,USD,,commoncrawl,https://coreweave.com/pricing,instance bundle GB200 NVL72 4xGPU total $42.00/hr (incl vCPU/RAM/IB); per-GPU
2025-12-16,coreweave,H100,,6.155,on-demand,USD,,commoncrawl,https://coreweave.com/pricing,instance bundle HGX H100 8xGPU total $49.24/hr (incl vCPU/RAM/IB); per-GPU
2025-12-16,coreweave,H200,,6.305,on-demand,USD,,commoncrawl,https://coreweave.com/pricing,instance bundle HGX H200 8xGPU total $50.44/hr (incl vCPU/RAM/IB); per-GPU
2025-12-17,Paperspace,A100,40GB (card labeled H100; spec text NVIDIA A100 GPU),3.09,on-demand,USD,hourly rate as posted,wayback,https://web.archive.org/web/20251217155338/https://www.paperspace.com/pricing,known template bug: H100 header on A100 card; treat as A100 rate; page content unchanged since 2024 (frozen under DigitalOcean); posted list may be stale
2025-12-17,Paperspace,A100,80GB,1.15,reserved-3yr,USD,hourly rate as posted,wayback,https://web.archive.org/web/20251217155338/https://www.paperspace.com/pricing,footnote: 3-year commitment pricing; page content unchanged since 2024 (frozen under DigitalOcean); posted list may be stale
2025-12-17,Paperspace,H100,HGX 80GB,5.95,on-demand-promo,USD,footnote text,wayback,https://web.archive.org/web/20251217155338/https://www.paperspace.com/pricing,'special promo price' per footnote; page content unchanged since 2024 (frozen under DigitalOcean); posted list may be stale
2025-12-17,Paperspace,H100,HGX 80GB,2.24,reserved-3yr,USD,hourly rate as posted,wayback,https://web.archive.org/web/20251217155338/https://www.paperspace.com/pricing,footnote: 3-year commitment pricing; on-demand H100 $5.95 promo per same footnote; page content unchanged since 2024 (frozen under DigitalOcean); posted list may be stale
2025-12-17,Paperspace,V100,16GB,2.3,on-demand,USD,hourly rate as posted,wayback,https://web.archive.org/web/20251217155338/https://www.paperspace.com/pricing,page content unchanged since 2024 (frozen under DigitalOcean); posted list may be stale
2026-01-01,AWS,A100,SXM4 40GB (p4d.24xlarge),4.0963,on-demand,USD,p4d.24xlarge $32.77/hr / 8 GPUs,wayback,https://web.archive.org/web/20260101040616/https://aws.amazon.com/ec2/instance-types/p4/,"US East (N. Virginia), Linux; server-embedded JSON pricing table (page rebuild mid-2025)"
2026-01-01,AWS,A100,SXM4 40GB (p4d.24xlarge),2.4025,reserved-1yr,USD,p4d.24xlarge $19.22/hr / 8 GPUs,wayback,https://web.archive.org/web/20260101040616/https://aws.amazon.com/ec2/instance-types/p4/,"US East (N. Virginia), Linux; effective hourly RI; server-embedded JSON pricing table (page rebuild mid-2025)"
2026-01-01,AWS,A100,SXM4 40GB (p4d.24xlarge),1.4463,reserved-3yr,USD,p4d.24xlarge $11.57/hr / 8 GPUs,wayback,https://web.archive.org/web/20260101040616/https://aws.amazon.com/ec2/instance-types/p4/,"US East (N. Virginia), Linux; effective hourly RI; server-embedded JSON pricing table (page rebuild mid-2025)"
2026-01-01,AWS,A100,SXM4 80GB (p4de.24xlarge),5.12,on-demand,USD,p4de.24xlarge $40.96/hr / 8 GPUs,wayback,https://web.archive.org/web/20260101040616/https://aws.amazon.com/ec2/instance-types/p4/,"US East (N. Virginia), Linux; server-embedded JSON pricing table (page rebuild mid-2025)"
2026-01-01,AWS,A100,SXM4 80GB (p4de.24xlarge),3.0013,reserved-1yr,USD,p4de.24xlarge $24.01/hr / 8 GPUs,wayback,https://web.archive.org/web/20260101040616/https://aws.amazon.com/ec2/instance-types/p4/,"US East (N. Virginia), Linux; effective hourly RI; server-embedded JSON pricing table (page rebuild mid-2025)"
2026-01-01,AWS,A100,SXM4 80GB (p4de.24xlarge),1.8075,reserved-3yr,USD,p4de.24xlarge $14.46/hr / 8 GPUs,wayback,https://web.archive.org/web/20260101040616/https://aws.amazon.com/ec2/instance-types/p4/,"US East (N. Virginia), Linux; effective hourly RI; server-embedded JSON pricing table (page rebuild mid-2025)"
2026-01-01,Paperspace,A100,40GB (card labeled H100; spec text NVIDIA A100 GPU),3.09,on-demand,USD,hourly rate as posted,wayback,https://web.archive.org/web/20260101000403/https://www.paperspace.com/pricing,known template bug: H100 header on A100 card; treat as A100 rate; page content unchanged since 2024 (frozen under DigitalOcean); posted list may be stale
2026-01-01,Paperspace,A100,80GB,1.15,reserved-3yr,USD,hourly rate as posted,wayback,https://web.archive.org/web/20260101000403/https://www.paperspace.com/pricing,footnote: 3-year commitment pricing; page content unchanged since 2024 (frozen under DigitalOcean); posted list may be stale
2026-01-01,Paperspace,H100,HGX 80GB,5.95,on-demand-promo,USD,footnote text,wayback,https://web.archive.org/web/20260101000403/https://www.paperspace.com/pricing,'special promo price' per footnote; page content unchanged since 2024 (frozen under DigitalOcean); posted list may be stale
2026-01-01,Paperspace,H100,HGX 80GB,2.24,reserved-3yr,USD,hourly rate as posted,wayback,https://web.archive.org/web/20260101000403/https://www.paperspace.com/pricing,footnote: 3-year commitment pricing; on-demand H100 $5.95 promo per same footnote; page content unchanged since 2024 (frozen under DigitalOcean); posted list may be stale
2026-01-01,Paperspace,V100,16GB,2.3,on-demand,USD,hourly rate as posted,wayback,https://web.archive.org/web/20260101000403/https://www.paperspace.com/pricing,page content unchanged since 2024 (frozen under DigitalOcean); posted list may be stale
2026-01-05,OVHcloud,A100,"PCIe 80GB (a100-180, 1x A100)",3.07,on-demand,USD,"posted per-instance, 1 GPU = per-GPU",wayback,https://web.archive.org/web/20260105063909/https://www.ovhcloud.com/en/public-cloud/prices/,1x/2x/4x sizes ~same per-GPU
2026-01-05,OVHcloud,H100,"PCIe 80GB (h100-380, 1x H100)",2.99,on-demand,USD,"posted per-instance, 1 GPU = per-GPU",wayback,https://web.archive.org/web/20260105063909/https://www.ovhcloud.com/en/public-cloud/prices/,1x/2x/4x sizes ~same per-GPU
2026-01-05,OVHcloud,V100,"PCIe 16GB (t1-le-45, 1x V100)",0.77,on-demand,USD,"posted per-instance, 1 GPU = per-GPU",wayback,https://web.archive.org/web/20260105063909/https://www.ovhcloud.com/en/public-cloud/prices/,reduced-storage t1-le line; 1x/2x/4x sizes ~same per-GPU
2026-01-05,OVHcloud,V100,"PCIe 32GB (t2-le-45, 1x V100)",0.88,on-demand,USD,"posted per-instance, 1 GPU = per-GPU",wayback,https://web.archive.org/web/20260105063909/https://www.ovhcloud.com/en/public-cloud/prices/,reduced-storage t2-le line; 1x/2x/4x sizes ~same per-GPU
2026-01-06,CoreWeave,A100,HGX 80GB,2.7,on-demand,USD,8-GPU instance $21.6/hr / 8 GPUs,wayback,https://web.archive.org/web/20260106014605/https://coreweave.com/pricing,instance price incl. CPU/RAM/storage (on-demand instance table)
2026-01-06,CoreWeave,B200,HGX SXM6 180GB,8.6,on-demand,USD,8-GPU instance $68.8/hr / 8 GPUs,wayback,https://web.archive.org/web/20260106014605/https://coreweave.com/pricing,instance price incl. CPU/RAM/storage (on-demand instance table)
2026-01-06,CoreWeave,GB200,NVL72 (4-GPU instance),10.5,on-demand,USD,4-GPU instance $42.0/hr / 4 GPUs,wayback,https://web.archive.org/web/20260106014605/https://coreweave.com/pricing,instance price incl. CPU/RAM/storage (on-demand instance table); 4-GPU (Grace-paired) instance slice of NVL72
2026-01-06,CoreWeave,GH200,96GB,6.5,on-demand,USD,1-GPU instance $6.5/hr / 1 GPUs,wayback,https://web.archive.org/web/20260106014605/https://coreweave.com/pricing,instance price incl. CPU/RAM/storage (on-demand instance table)
2026-01-06,CoreWeave,H100,HGX SXM5 80GB,6.155,on-demand,USD,8-GPU instance $49.24/hr / 8 GPUs,wayback,https://web.archive.org/web/20260106014605/https://coreweave.com/pricing,instance price incl. CPU/RAM/storage (on-demand instance table)
2026-01-06,CoreWeave,H200,HGX SXM5 141GB,6.305,on-demand,USD,8-GPU instance $50.44/hr / 8 GPUs,wayback,https://web.archive.org/web/20260106014605/https://coreweave.com/pricing,instance price incl. CPU/RAM/storage (on-demand instance table)
2026-01-07,DataCrunch,A100,A100 SXM4 40GB,0.7211,on-demand,USD,1A100.40S.22V 1x instance fixedPrice in embedded JSON,wayback,https://web.archive.org/web/20260107194729/https://verda.com/,"spot 0.2163; same per-GPU across [1, 8]x sizes; site rebranded to Verda (verda.com) ~Dec 2025; datacrunch.io 301s there; same embedded-JSON pricing"
2026-01-07,DataCrunch,A100,A100 SXM4 80GB,1.29,on-demand,USD,1A100.22V 1x instance fixedPrice in embedded JSON,wayback,https://web.archive.org/web/20260107194729/https://verda.com/,"spot 0.58; same per-GPU across [1, 2, 4, 8]x sizes; site rebranded to Verda (verda.com) ~Dec 2025; datacrunch.io 301s there; same embedded-JSON pricing"
2026-01-07,DataCrunch,B200,B200 SXM6 180GB,3.79,on-demand,USD,1B200.30V 1x instance fixedPrice in embedded JSON,wayback,https://web.archive.org/web/20260107194729/https://verda.com/,"spot 0.9475; same per-GPU across [1, 2, 4, 8]x sizes; site rebranded to Verda (verda.com) ~Dec 2025; datacrunch.io 301s there; same embedded-JSON pricing"
2026-01-07,DataCrunch,B300,B300 SXM6 262GB,4.95,on-demand,USD,1B300.30V 1x instance fixedPrice in embedded JSON,wayback,https://web.archive.org/web/20260107194729/https://verda.com/,"spot 1.238; same per-GPU across [1, 2, 4, 8]x sizes; site rebranded to Verda (verda.com) ~Dec 2025; datacrunch.io 301s there; same embedded-JSON pricing"
2026-01-07,DataCrunch,GB300,GB300 SXM6 288GB,5.45,on-demand,USD,1GB300.36V 1x instance fixedPrice in embedded JSON,wayback,https://web.archive.org/web/20260107194729/https://verda.com/,"spot 1.363; same per-GPU across [1, 2, 4]x sizes; site rebranded to Verda (verda.com) ~Dec 2025; datacrunch.io 301s there; same embedded-JSON pricing"
2026-01-07,DataCrunch,H100,H100 SXM5 80GB,2.29,on-demand,USD,1H100.80S.30V 1x instance fixedPrice in embedded JSON,wayback,https://web.archive.org/web/20260107194729/https://verda.com/,"spot 0.995; same per-GPU across [1, 2, 4, 8]x sizes; site rebranded to Verda (verda.com) ~Dec 2025; datacrunch.io 301s there; same embedded-JSON pricing"
2026-01-07,DataCrunch,H200,H200 SXM5 141GB,2.99,on-demand,USD,1H200.141S.44V 1x instance fixedPrice in embedded JSON,wayback,https://web.archive.org/web/20260107194729/https://verda.com/,"spot 1.495; same per-GPU across [1, 2, 4, 8]x sizes; site rebranded to Verda (verda.com) ~Dec 2025; datacrunch.io 301s there; same embedded-JSON pricing"
2026-01-07,DataCrunch,V100,Tesla V100 16GB,0.1381,on-demand,USD,1V100.6V 1x instance fixedPrice in embedded JSON,wayback,https://web.archive.org/web/20260107194729/https://verda.com/,"spot 0.0691; same per-GPU across [1, 2, 4, 8]x sizes; site rebranded to Verda (verda.com) ~Dec 2025; datacrunch.io 301s there; same embedded-JSON pricing"
2026-01-09,Lambda,A100,A100 PCIe 40GB,1.29,on-demand,USD,as posted $/GPU/hr (largest listed config),wayback,https://web.archive.org/web/20260109103934/https://lambda.ai/pricing,
2026-01-09,Lambda,A100,A100 SXM 40GB,1.29,on-demand,USD,as posted $/GPU/hr (largest listed config),wayback,https://web.archive.org/web/20260109103934/https://lambda.ai/pricing,
2026-01-09,Lambda,A100,A100 SXM 80GB,1.79,on-demand,USD,as posted $/GPU/hr (largest listed config),wayback,https://web.archive.org/web/20260109103934/https://lambda.ai/pricing,
2026-01-09,Lambda,B200,B200 SXM6 180GB,4.99,on-demand,USD,as posted $/GPU/hr (largest listed config),wayback,https://web.archive.org/web/20260109103934/https://lambda.ai/pricing,
2026-01-09,Lambda,B200,"HGX SXM (1-Click Cluster, 16+ GPUs)",3.79,teaser,USD,'As low as (per GPU-hour)' cluster floor as posted,wayback,https://web.archive.org/web/20260109103934/https://lambda.ai/pricing,1-Click Clusters floor; On-Demand 2 weeks-12 months
2026-01-09,Lambda,B200,"HGX SXM (1-Click Cluster, 16+ GPUs)",3.49,teaser,USD,'As low as (per GPU-hour)' cluster floor as posted,wayback,https://web.archive.org/web/20260109103934/https://lambda.ai/pricing,1-Click Clusters floor; Reserved 1 year
2026-01-09,Lambda,GH200,GH200 96GB,1.49,on-demand,USD,as posted $/GPU/hr (largest listed config),wayback,https://web.archive.org/web/20260109103934/https://lambda.ai/pricing,
2026-01-09,Lambda,H100,H100 PCIe 80GB,2.49,on-demand,USD,as posted $/GPU/hr (largest listed config),wayback,https://web.archive.org/web/20260109103934/https://lambda.ai/pricing,
2026-01-09,Lambda,H100,H100 SXM 80GB,2.99,on-demand,USD,as posted $/GPU/hr (largest listed config),wayback,https://web.archive.org/web/20260109103934/https://lambda.ai/pricing,
2026-01-09,Lambda,H100,"HGX SXM (1-Click Cluster, 16+ GPUs)",2.29,teaser,USD,'As low as (per GPU-hour)' cluster floor as posted,wayback,https://web.archive.org/web/20260109103934/https://lambda.ai/pricing,1-Click Clusters floor; On-Demand 1 week-3 months
2026-01-09,Lambda,H100,"HGX SXM (1-Click Cluster, 16+ GPUs)",2.19,teaser,USD,'As low as (per GPU-hour)' cluster floor as posted,wayback,https://web.archive.org/web/20260109103934/https://lambda.ai/pricing,1-Click Clusters floor; Reserved 3 months-3 years
2026-01-09,Lambda,V100,Tesla V100 16GB,0.55,on-demand,USD,as posted $/GPU/hr (largest listed config),wayback,https://web.archive.org/web/20260109103934/https://lambda.ai/pricing,
2026-01-12,RunPod,A100,SXM 80GB (Instant Cluster),1.79,on-demand,USD,per-GPU-hr as posted (Instant Clusters table),wayback,https://web.archive.org/web/20260112162804/https://www.runpod.io/pricing,Instant Clusters multi-node section; only server-rendered rows captured (other rows JS-hydrated); pod pricing table JS-only on this capture
2026-01-12,RunPod,H200,SXM 141GB (Instant Cluster),4.31,on-demand,USD,per-GPU-hr as posted (Instant Clusters table),wayback,https://web.archive.org/web/20260112162804/https://www.runpod.io/pricing,Instant Clusters multi-node section; only server-rendered rows captured (other rows JS-hydrated); pod pricing table JS-only on this capture
2026-01-16,RunPod,A100,SXM 80GB,1.79,on-demand,USD,posted per-GPU,commoncrawl,CC-MAIN-2026-04 crawl-data/CC-MAIN-2026-04/segments/1768220469271.12/warc/CC-MAIN-20260116015924-20260116045924-00566.warc.gz#839370392,reserved-vs-on-demand comparison table (reserved col = contact sales)
2026-01-17,OVHcloud,A100,80GB,2.75,on-demand,EUR,posted per-GPU (1x instance),commoncrawl,CC-MAIN-2026-04 crawl-data/CC-MAIN-2026-04/segments/1768220469354.41/warc/CC-MAIN-20260117151209-20260117181209-00151.warc.gz#763262294,"public-cloud prices page (nl locale), EUR excl. VAT; instance a100-180"
2026-01-17,OVHcloud,A100,80GB,2.75,on-demand,EUR,instance EUR 5.5/hr / 2 GPUs,commoncrawl,CC-MAIN-2026-04 crawl-data/CC-MAIN-2026-04/segments/1768220469354.41/warc/CC-MAIN-20260117151209-20260117181209-00151.warc.gz#763262294,"public-cloud prices page (nl locale), EUR excl. VAT; instance a100-360"
2026-01-17,OVHcloud,A100,80GB,2.75,on-demand,EUR,instance EUR 11.0/hr / 4 GPUs,commoncrawl,CC-MAIN-2026-04 crawl-data/CC-MAIN-2026-04/segments/1768220469354.41/warc/CC-MAIN-20260117151209-20260117181209-00151.warc.gz#763262294,"public-cloud prices page (nl locale), EUR excl. VAT; instance a100-720"
2026-01-17,OVHcloud,V100,16GB,0.7,on-demand,EUR,posted per-GPU (1x instance),commoncrawl,CC-MAIN-2026-04 crawl-data/CC-MAIN-2026-04/segments/1768220469354.41/warc/CC-MAIN-20260117151209-20260117181209-00151.warc.gz#763262294,"public-cloud prices page (nl locale), EUR excl. VAT; instance t1-le-45; LE reduced-storage line"
2026-01-17,OVHcloud,V100,16GB,0.7,on-demand,EUR,instance EUR 1.4/hr / 2 GPUs,commoncrawl,CC-MAIN-2026-04 crawl-data/CC-MAIN-2026-04/segments/1768220469354.41/warc/CC-MAIN-20260117151209-20260117181209-00151.warc.gz#763262294,"public-cloud prices page (nl locale), EUR excl. VAT; instance t1-le-90; LE reduced-storage line"
2026-01-17,OVHcloud,V100,16GB,0.7,on-demand,EUR,instance EUR 2.8/hr / 4 GPUs,commoncrawl,CC-MAIN-2026-04 crawl-data/CC-MAIN-2026-04/segments/1768220469354.41/warc/CC-MAIN-20260117151209-20260117181209-00151.warc.gz#763262294,"public-cloud prices page (nl locale), EUR excl. VAT; instance t1-le-180; LE reduced-storage line"
2026-01-17,OVHcloud,V100S,32GB,0.8,on-demand,EUR,posted per-GPU (1x instance),commoncrawl,CC-MAIN-2026-04 crawl-data/CC-MAIN-2026-04/segments/1768220469354.41/warc/CC-MAIN-20260117151209-20260117181209-00151.warc.gz#763262294,"public-cloud prices page (nl locale), EUR excl. VAT; instance t2-le-45; LE reduced-storage line"
2026-01-17,OVHcloud,V100S,32GB,0.8,on-demand,EUR,instance EUR 1.6/hr / 2 GPUs,commoncrawl,CC-MAIN-2026-04 crawl-data/CC-MAIN-2026-04/segments/1768220469354.41/warc/CC-MAIN-20260117151209-20260117181209-00151.warc.gz#763262294,"public-cloud prices page (nl locale), EUR excl. VAT; instance t2-le-90; LE reduced-storage line"
2026-01-17,OVHcloud,V100S,32GB,0.8,on-demand,EUR,instance EUR 3.2/hr / 4 GPUs,commoncrawl,CC-MAIN-2026-04 crawl-data/CC-MAIN-2026-04/segments/1768220469354.41/warc/CC-MAIN-20260117151209-20260117181209-00151.warc.gz#763262294,"public-cloud prices page (nl locale), EUR excl. VAT; instance t2-le-180; LE reduced-storage line"
2026-01-18,coreweave,A100,,2.7,on-demand,USD,,commoncrawl,https://www.coreweave.com/pricing,instance bundle A100 8xGPU total $21.60/hr (incl vCPU/RAM/IB); per-GPU
2026-01-18,coreweave,B200,,8.6,on-demand,USD,,commoncrawl,https://www.coreweave.com/pricing,instance bundle B200 8xGPU total $68.80/hr (incl vCPU/RAM/IB); per-GPU
2026-01-18,coreweave,GB200,,10.5,on-demand,USD,,commoncrawl,https://www.coreweave.com/pricing,instance bundle GB200 NVL72 4xGPU total $42.00/hr (incl vCPU/RAM/IB); per-GPU
2026-01-18,coreweave,H100,,6.155,on-demand,USD,,commoncrawl,https://www.coreweave.com/pricing,instance bundle HGX H100 8xGPU total $49.24/hr (incl vCPU/RAM/IB); per-GPU
2026-01-18,coreweave,H200,,6.305,on-demand,USD,,commoncrawl,https://www.coreweave.com/pricing,instance bundle HGX H200 8xGPU total $50.44/hr (incl vCPU/RAM/IB); per-GPU
2026-01-20,CoreWeave,A100,NVLINK 40GB,2.06,on-demand,USD,posted per-GPU component rate,commoncrawl,CC-MAIN-2026-04 crawl-data/CC-MAIN-2026-04/segments/1768220469512.27/warc/CC-MAIN-20260120014810-20260120044810-00064.warc.gz#143441523,"cw-pricing-classic; GPU-component rate, excludes vCPU/RAM/storage"
2026-01-20,CoreWeave,A100,PCIe 40GB,2.06,on-demand,USD,posted per-GPU component rate,commoncrawl,CC-MAIN-2026-04 crawl-data/CC-MAIN-2026-04/segments/1768220469512.27/warc/CC-MAIN-20260120014810-20260120044810-00064.warc.gz#143441523,"cw-pricing-classic; GPU-component rate, excludes vCPU/RAM/storage"
2026-01-20,CoreWeave,A100,PCIe 80GB,2.21,on-demand,USD,posted per-GPU component rate,commoncrawl,CC-MAIN-2026-04 crawl-data/CC-MAIN-2026-04/segments/1768220469512.27/warc/CC-MAIN-20260120014810-20260120044810-00064.warc.gz#143441523,"cw-pricing-classic; GPU-component rate, excludes vCPU/RAM/storage"
2026-01-20,CoreWeave,A100,SXM/NVLINK 80GB,2.21,on-demand,USD,posted per-GPU component rate,commoncrawl,CC-MAIN-2026-04 crawl-data/CC-MAIN-2026-04/segments/1768220469512.27/warc/CC-MAIN-20260120014810-20260120044810-00064.warc.gz#143441523,"cw-pricing-classic; GPU-component rate, excludes vCPU/RAM/storage"
2026-01-20,coreweave,A100,,2.06,on-demand,USD,,commoncrawl,https://coreweave.com/pricing/classic,resource-based per-GPU compute rate (NVLINK 40GB); excludes vCPU/RAM/storage
2026-01-20,coreweave,A100,,2.06,on-demand,USD,,commoncrawl,https://coreweave.com/pricing/classic,resource-based per-GPU compute rate (PCIe 40GB); excludes vCPU/RAM/storage
2026-01-20,coreweave,A100,,2.21,on-demand,USD,,commoncrawl,https://coreweave.com/pricing/classic,resource-based per-GPU compute rate (PCIe 80GB); excludes vCPU/RAM/storage
2026-01-20,coreweave,A100,,2.21,on-demand,USD,,commoncrawl,https://coreweave.com/pricing/classic,resource-based per-GPU compute rate (SXM/NVLINK 80GB); excludes vCPU/RAM/storage
2026-01-20,coreweave,H100,,4.25,on-demand,USD,,commoncrawl,https://coreweave.com/pricing/classic,resource-based per-GPU compute rate (PCIe 80GB); excludes vCPU/RAM/storage
2026-01-20,coreweave,H100,,4.76,on-demand,USD,,commoncrawl,https://coreweave.com/pricing/classic,resource-based per-GPU compute rate (SXM/HGX 80GB); excludes vCPU/RAM/storage
2026-01-21,Lambda,A100,PCIe 40GB,1.29,on-demand,USD,posted per-GPU (PRICE/GPU/HR col),commoncrawl,CC-MAIN-2026-04 crawl-data/CC-MAIN-2026-04/segments/1768220469725.43/warc/CC-MAIN-20260121144900-20260121174900-00926.warc.gz#262453414,lambda.ai/pricing instances table; A100 PCIe 40GB; tabbed 8x/4x/2x/1x grid
2026-01-21,Lambda,A100,SXM 40GB,1.29,on-demand,USD,posted per-GPU (PRICE/GPU/HR col),commoncrawl,CC-MAIN-2026-04 crawl-data/CC-MAIN-2026-04/segments/1768220469725.43/warc/CC-MAIN-20260121144900-20260121174900-00926.warc.gz#262453414,lambda.ai/pricing instances table; A100 SXM 40GB; tabbed 8x/4x/2x/1x grid
2026-01-21,Lambda,A100,SXM 80GB,1.79,on-demand,USD,posted per-GPU (PRICE/GPU/HR col),commoncrawl,CC-MAIN-2026-04 crawl-data/CC-MAIN-2026-04/segments/1768220469725.43/warc/CC-MAIN-20260121144900-20260121174900-00926.warc.gz#262453414,lambda.ai/pricing instances table; A100 SXM 80GB; tabbed 8x/4x/2x/1x grid
2026-01-21,Lambda,V100,SXM2 16GB,0.55,on-demand,USD,posted per-GPU (PRICE/GPU/HR col),commoncrawl,CC-MAIN-2026-04 crawl-data/CC-MAIN-2026-04/segments/1768220469725.43/warc/CC-MAIN-20260121144900-20260121174900-00926.warc.gz#262453414,lambda.ai/pricing instances table; Tesla V100 16GB; tabbed 8x/4x/2x/1x grid
2026-01-21,Together,A100,PCIe 80GB,2.4,on-demand,USD,posted per-GPU (1x instance),commoncrawl,CC-MAIN-2026-04 crawl-data/CC-MAIN-2026-04/segments/1768220469726.25/warc/CC-MAIN-20260121175607-20260121205607-00233.warc.gz#893788891,GPU cluster on-demand 1x instance
2026-01-21,Together,A100,SXM 40GB,2.4,on-demand,USD,posted per-GPU (1x instance),commoncrawl,CC-MAIN-2026-04 crawl-data/CC-MAIN-2026-04/segments/1768220469726.25/warc/CC-MAIN-20260121175607-20260121205607-00233.warc.gz#893788891,GPU cluster on-demand 1x instance
2026-01-21,Together,A100,SXM 80GB,2.56,on-demand,USD,posted per-GPU (1x instance),commoncrawl,CC-MAIN-2026-04 crawl-data/CC-MAIN-2026-04/segments/1768220469726.25/warc/CC-MAIN-20260121175607-20260121205607-00233.warc.gz#893788891,GPU cluster on-demand 1x instance
2026-01-21,Together,A100,80GB,1.3,teaser,USD,posted 'Starting at' per-GPU,commoncrawl,CC-MAIN-2026-04 crawl-data/CC-MAIN-2026-04/segments/1768220469726.25/warc/CC-MAIN-20260121175607-20260121205607-00233.warc.gz#893788891,TEASER starting-at rate; floor not a quote
2026-01-21,together,A100,,2.56,on-demand,USD,,commoncrawl,https://www.together.ai/pricing,on_demand single instance (1x) [Price/Hour]
2026-01-21,together,A100,,2.4,on-demand,USD,,commoncrawl,https://www.together.ai/pricing,on_demand single instance (1x) [Price/Hour]
2026-01-21,together,A100,,1.3,reserved,USD,,commoncrawl,https://www.together.ai/pricing,committed cluster (starting-at floor)
2026-01-21,together,B200,,4.9,1 - 6 Days,USD,,commoncrawl,https://www.together.ai/pricing,committed cluster (HGX) [1 - 6 Days]
2026-01-21,together,B200,,4.5,1 Week - 3 Months,USD,,commoncrawl,https://www.together.ai/pricing,committed cluster (HGX) [1 Week - 3 Months]
2026-01-21,together,B200,,5.5,on-demand,USD,,commoncrawl,https://www.together.ai/pricing,on_demand cluster (HGX) [Hourly]
2026-01-21,together,H100,,2.5,1 - 6 Days,USD,,commoncrawl,https://www.together.ai/pricing,committed cluster (HGX) [1 - 6 Days]
2026-01-21,together,H100,,2.2,1 Week - 3 Months,USD,,commoncrawl,https://www.together.ai/pricing,committed cluster (HGX) [1 Week - 3 Months]
2026-01-21,together,H100,,3.36,on-demand,USD,,commoncrawl,https://www.together.ai/pricing,on_demand single instance (1x) [Price/Hour]
2026-01-21,together,H100,,2.99,on-demand,USD,,commoncrawl,https://www.together.ai/pricing,on_demand cluster (HGX) [Hourly]
2026-01-21,together,H100,,1.75,reserved,USD,,commoncrawl,https://www.together.ai/pricing,committed cluster (starting-at floor)
2026-01-21,together,H200,,3.45,1 - 6 Days,USD,,commoncrawl,https://www.together.ai/pricing,committed cluster (HGX) [1 - 6 Days]
2026-01-21,together,H200,,3.15,1 Week - 3 Months,USD,,commoncrawl,https://www.together.ai/pricing,committed cluster (HGX) [1 Week - 3 Months]
2026-01-21,together,H200,,4.99,on-demand,USD,,commoncrawl,https://www.together.ai/pricing,on_demand single instance (1x) [Price/Hour]
2026-01-21,together,H200,,3.79,on-demand,USD,,commoncrawl,https://www.together.ai/pricing,on_demand cluster (HGX) [Hourly]
2026-01-21,together,H200,,2.09,reserved,USD,,commoncrawl,https://www.together.ai/pricing,committed cluster (starting-at floor)
2026-01-29,GenesisCloud,B200,HGX (8-GPU node min),2.8,teaser,USD,per-GPU per hour ('prices indicated per GPU component per hour' footnote),wayback,https://web.archive.org/web/20260129141655/https://www.genesiscloud.com/pricing,teaser floor ('Starting at'); 8x node minimum
2026-01-29,GenesisCloud,H100,HGX (8-GPU node min),1.6,teaser,USD,per-GPU per hour ('prices indicated per GPU component per hour' footnote),wayback,https://web.archive.org/web/20260129141655/https://www.genesiscloud.com/pricing,teaser floor ('Starting at'); 8x node minimum
2026-01-29,GenesisCloud,H200,HGX (8-GPU node min),2.8,on-demand,USD,per-GPU per hour ('prices indicated per GPU component per hour' footnote),wayback,https://web.archive.org/web/20260129141655/https://www.genesiscloud.com/pricing,posted flat 'Only' rate; 8x node minimum
2026-02-01,DataCrunch,A100,A100 SXM4 40GB,0.7211,on-demand,USD,1A100.40S.22V 1x instance fixedPrice in embedded JSON,wayback,https://web.archive.org/web/20260201125618/https://verda.com/,"spot 0.2524; same per-GPU across [1, 8]x sizes; site rebranded to Verda (verda.com) ~Dec 2025; datacrunch.io 301s there; same embedded-JSON pricing"
2026-02-01,DataCrunch,A100,A100 SXM4 80GB,1.29,on-demand,USD,1A100.22V 1x instance fixedPrice in embedded JSON,wayback,https://web.archive.org/web/20260201125618/https://verda.com/,"spot 0.4515; same per-GPU across [1, 2, 4, 8]x sizes; site rebranded to Verda (verda.com) ~Dec 2025; datacrunch.io 301s there; same embedded-JSON pricing"
2026-02-01,DataCrunch,B200,B200 SXM6 180GB,3.99,on-demand,USD,1B200.30V 1x instance fixedPrice in embedded JSON,wayback,https://web.archive.org/web/20260201125618/https://verda.com/,"spot 1.397; same per-GPU across [1, 2, 4, 8]x sizes; site rebranded to Verda (verda.com) ~Dec 2025; datacrunch.io 301s there; same embedded-JSON pricing"
2026-02-01,DataCrunch,B300,B300 SXM6 262GB,4.95,on-demand,USD,1B300.30V 1x instance fixedPrice in embedded JSON,wayback,https://web.archive.org/web/20260201125618/https://verda.com/,"spot 1.733; same per-GPU across [1, 2, 4, 8]x sizes; site rebranded to Verda (verda.com) ~Dec 2025; datacrunch.io 301s there; same embedded-JSON pricing"
2026-02-01,DataCrunch,GB300,GB300 SXM6 288GB,5.45,on-demand,USD,1GB300.32V 1x instance fixedPrice in embedded JSON,wayback,https://web.archive.org/web/20260201125618/https://verda.com/,"spot 1.908; same per-GPU across [1, 2, 4]x sizes; site rebranded to Verda (verda.com) ~Dec 2025; datacrunch.io 301s there; same embedded-JSON pricing"
2026-02-01,DataCrunch,H100,H100 SXM5 80GB,2.29,on-demand,USD,1H100.80S.30V 1x instance fixedPrice in embedded JSON,wayback,https://web.archive.org/web/20260201125618/https://verda.com/,"spot 0.8015; same per-GPU across [1, 2, 4, 8]x sizes; site rebranded to Verda (verda.com) ~Dec 2025; datacrunch.io 301s there; same embedded-JSON pricing"
2026-02-01,DataCrunch,H200,H200 SXM5 141GB,2.99,on-demand,USD,1H200.141S.44V 1x instance fixedPrice in embedded JSON,wayback,https://web.archive.org/web/20260201125618/https://verda.com/,"spot 1.047; same per-GPU across [1, 2, 4, 8]x sizes; site rebranded to Verda (verda.com) ~Dec 2025; datacrunch.io 301s there; same embedded-JSON pricing"
2026-02-01,DataCrunch,V100,Tesla V100 16GB,0.1381,on-demand,USD,1V100.6V 1x instance fixedPrice in embedded JSON,wayback,https://web.archive.org/web/20260201125618/https://verda.com/,"spot 0.0483; same per-GPU across [1, 2, 4, 8]x sizes; site rebranded to Verda (verda.com) ~Dec 2025; datacrunch.io 301s there; same embedded-JSON pricing"
2026-02-01,OVHcloud,A100,"PCIe 80GB (a100-180, 1x A100)",3.07,on-demand,USD,"posted per-instance, 1 GPU = per-GPU",wayback,https://web.archive.org/web/20260201032132/https://www.ovhcloud.com/en/public-cloud/prices/,1x/2x/4x sizes ~same per-GPU
2026-02-01,OVHcloud,H100,"PCIe 80GB (h100-380, 1x H100)",2.99,on-demand,USD,"posted per-instance, 1 GPU = per-GPU",wayback,https://web.archive.org/web/20260201032132/https://www.ovhcloud.com/en/public-cloud/prices/,1x/2x/4x sizes ~same per-GPU
2026-02-01,OVHcloud,V100,"PCIe 16GB (t1-le-45, 1x V100)",0.77,on-demand,USD,"posted per-instance, 1 GPU = per-GPU",wayback,https://web.archive.org/web/20260201032132/https://www.ovhcloud.com/en/public-cloud/prices/,reduced-storage t1-le line; 1x/2x/4x sizes ~same per-GPU
2026-02-01,OVHcloud,V100,"PCIe 32GB (t2-le-45, 1x V100)",0.88,on-demand,USD,"posted per-instance, 1 GPU = per-GPU",wayback,https://web.archive.org/web/20260201032132/https://www.ovhcloud.com/en/public-cloud/prices/,reduced-storage t2-le line; 1x/2x/4x sizes ~same per-GPU
2026-02-02,AWS,A100,SXM4 40GB (p4d.24xlarge),4.0963,on-demand,USD,p4d.24xlarge $32.77/hr / 8 GPUs,wayback,https://web.archive.org/web/20260202015456/https://aws.amazon.com/ec2/instance-types/p4/,"US East (N. Virginia), Linux; server-embedded JSON pricing table (page rebuild mid-2025)"
2026-02-02,AWS,A100,SXM4 40GB (p4d.24xlarge),2.4025,reserved-1yr,USD,p4d.24xlarge $19.22/hr / 8 GPUs,wayback,https://web.archive.org/web/20260202015456/https://aws.amazon.com/ec2/instance-types/p4/,"US East (N. Virginia), Linux; effective hourly RI; server-embedded JSON pricing table (page rebuild mid-2025)"
2026-02-02,AWS,A100,SXM4 40GB (p4d.24xlarge),1.4463,reserved-3yr,USD,p4d.24xlarge $11.57/hr / 8 GPUs,wayback,https://web.archive.org/web/20260202015456/https://aws.amazon.com/ec2/instance-types/p4/,"US East (N. Virginia), Linux; effective hourly RI; server-embedded JSON pricing table (page rebuild mid-2025)"
2026-02-02,AWS,A100,SXM4 80GB (p4de.24xlarge),5.12,on-demand,USD,p4de.24xlarge $40.96/hr / 8 GPUs,wayback,https://web.archive.org/web/20260202015456/https://aws.amazon.com/ec2/instance-types/p4/,"US East (N. Virginia), Linux; server-embedded JSON pricing table (page rebuild mid-2025)"
2026-02-02,AWS,A100,SXM4 80GB (p4de.24xlarge),3.0013,reserved-1yr,USD,p4de.24xlarge $24.01/hr / 8 GPUs,wayback,https://web.archive.org/web/20260202015456/https://aws.amazon.com/ec2/instance-types/p4/,"US East (N. Virginia), Linux; effective hourly RI; server-embedded JSON pricing table (page rebuild mid-2025)"
2026-02-02,AWS,A100,SXM4 80GB (p4de.24xlarge),1.8075,reserved-3yr,USD,p4de.24xlarge $14.46/hr / 8 GPUs,wayback,https://web.archive.org/web/20260202015456/https://aws.amazon.com/ec2/instance-types/p4/,"US East (N. Virginia), Linux; effective hourly RI; server-embedded JSON pricing table (page rebuild mid-2025)"
2026-02-03,Lambda,A100,A100 PCIe 40GB,1.29,on-demand,USD,as posted $/GPU/hr (largest listed config),wayback,https://web.archive.org/web/20260203015539/https://lambda.ai/pricing,
2026-02-03,Lambda,A100,A100 SXM 40GB,1.29,on-demand,USD,as posted $/GPU/hr (largest listed config),wayback,https://web.archive.org/web/20260203015539/https://lambda.ai/pricing,
2026-02-03,Lambda,A100,A100 SXM 80GB,1.79,on-demand,USD,as posted $/GPU/hr (largest listed config),wayback,https://web.archive.org/web/20260203015539/https://lambda.ai/pricing,
2026-02-03,Lambda,B200,B200 SXM6 180GB,4.99,on-demand,USD,as posted $/GPU/hr (largest listed config),wayback,https://web.archive.org/web/20260203015539/https://lambda.ai/pricing,
2026-02-03,Lambda,B200,"HGX SXM (1-Click Cluster, 16+ GPUs)",3.79,teaser,USD,'As low as (per GPU-hour)' cluster floor as posted,wayback,https://web.archive.org/web/20260203015539/https://lambda.ai/pricing,1-Click Clusters floor; On-Demand 2 weeks-12 months
2026-02-03,Lambda,B200,"HGX SXM (1-Click Cluster, 16+ GPUs)",3.49,teaser,USD,'As low as (per GPU-hour)' cluster floor as posted,wayback,https://web.archive.org/web/20260203015539/https://lambda.ai/pricing,1-Click Clusters floor; Reserved 1 year
2026-02-03,Lambda,GH200,GH200 96GB,1.99,on-demand,USD,as posted $/GPU/hr (largest listed config),wayback,https://web.archive.org/web/20260203015539/https://lambda.ai/pricing,
2026-02-03,Lambda,H100,H100 PCIe 80GB,2.49,on-demand,USD,as posted $/GPU/hr (largest listed config),wayback,https://web.archive.org/web/20260203015539/https://lambda.ai/pricing,
2026-02-03,Lambda,H100,H100 SXM 80GB,2.99,on-demand,USD,as posted $/GPU/hr (largest listed config),wayback,https://web.archive.org/web/20260203015539/https://lambda.ai/pricing,
2026-02-03,Lambda,H100,"HGX SXM (1-Click Cluster, 16+ GPUs)",2.29,teaser,USD,'As low as (per GPU-hour)' cluster floor as posted,wayback,https://web.archive.org/web/20260203015539/https://lambda.ai/pricing,1-Click Clusters floor; On-Demand 1 week-3 months
2026-02-03,Lambda,H100,"HGX SXM (1-Click Cluster, 16+ GPUs)",2.19,teaser,USD,'As low as (per GPU-hour)' cluster floor as posted,wayback,https://web.archive.org/web/20260203015539/https://lambda.ai/pricing,1-Click Clusters floor; Reserved 3 months-3 years
2026-02-03,Lambda,V100,Tesla V100 16GB,0.55,on-demand,USD,as posted $/GPU/hr (largest listed config),wayback,https://web.archive.org/web/20260203015539/https://lambda.ai/pricing,
2026-02-08,Hyperstack,A100,A100,1.35,on-demand,USD,posted per-GPU,commoncrawl,CC-MAIN-2026-08 crawl-data/CC-MAIN-2026-08/segments/1770395505905.71/warc/CC-MAIN-20260208155937-20260208185937-00320.warc.gz#620062191,on-demand rate card
2026-02-08,Hyperstack,A100,NVLink,1.4,on-demand,USD,posted per-GPU,commoncrawl,CC-MAIN-2026-08 crawl-data/CC-MAIN-2026-08/segments/1770395505905.71/warc/CC-MAIN-20260208155937-20260208185937-00320.warc.gz#620062191,on-demand rate card
2026-02-08,Hyperstack,A100,SXM,1.6,on-demand,USD,posted per-GPU,commoncrawl,CC-MAIN-2026-08 crawl-data/CC-MAIN-2026-08/segments/1770395505905.71/warc/CC-MAIN-20260208155937-20260208185937-00320.warc.gz#620062191,on-demand rate card
2026-02-08,Hyperstack,A100,A100,0.95,reservation (starts-from),USD,posted per-GPU,commoncrawl,CC-MAIN-2026-08 crawl-data/CC-MAIN-2026-08/segments/1770395505905.71/warc/CC-MAIN-20260208155937-20260208185937-00320.warc.gz#620062191,TEASER reservation 'starting from' floor
2026-02-08,Hyperstack,A100,NVLink,0.98,reservation (starts-from),USD,posted per-GPU,commoncrawl,CC-MAIN-2026-08 crawl-data/CC-MAIN-2026-08/segments/1770395505905.71/warc/CC-MAIN-20260208155937-20260208185937-00320.warc.gz#620062191,TEASER reservation 'starting from' floor
2026-02-08,Hyperstack,A100,SXM,1.36,reservation (starts-from),USD,posted per-GPU,commoncrawl,CC-MAIN-2026-08 crawl-data/CC-MAIN-2026-08/segments/1770395505905.71/warc/CC-MAIN-20260208155937-20260208185937-00320.warc.gz#620062191,TEASER reservation 'starting from' floor
2026-02-08,Hyperstack,A100,A100,1.08,spot,USD,posted per-GPU,commoncrawl,CC-MAIN-2026-08 crawl-data/CC-MAIN-2026-08/segments/1770395505905.71/warc/CC-MAIN-20260208155937-20260208185937-00320.warc.gz#620062191,spot VM rate
2026-02-08,RunPod,A100,SXM 80GB (Instant Cluster),1.79,on-demand,USD,per-GPU-hr as posted (Instant Clusters table),wayback,https://web.archive.org/web/20260208082330/https://www.runpod.io/pricing,Instant Clusters multi-node section; only server-rendered rows captured (other rows JS-hydrated); pod pricing table JS-only on this capture
2026-02-08,RunPod,A100,SXM 80GB,1.79,on-demand,USD,posted per-GPU,commoncrawl,CC-MAIN-2026-08 crawl-data/CC-MAIN-2026-08/segments/1770395505897.13/warc/CC-MAIN-20260208065224-20260208095224-00922.warc.gz#787618164,reserved-vs-on-demand comparison table (reserved col = contact sales)
2026-02-08,RunPod,H200,SXM 141GB (Instant Cluster),4.31,on-demand,USD,per-GPU-hr as posted (Instant Clusters table),wayback,https://web.archive.org/web/20260208082330/https://www.runpod.io/pricing,Instant Clusters multi-node section; only server-rendered rows captured (other rows JS-hydrated); pod pricing table JS-only on this capture
2026-02-08,hyperstack,A100,,1.4,on-demand,USD,,commoncrawl,https://www.hyperstack.cloud/gpu-pricing,"era-B card='df sb""> On-Demand GPU Pricing ' name='NVIDIA A100 NVLink'"
2026-02-08,hyperstack,A100,,1.35,on-demand,USD,,commoncrawl,https://www.hyperstack.cloud/gpu-pricing,"era-B card='df sb""> On-Demand GPU Pricing ' name='NVIDIA A100'"
2026-02-08,hyperstack,A100,,0.98,reservation,USD,,commoncrawl,https://www.hyperstack.cloud/gpu-pricing,"reservation 'starts-from' floor (longer-term contract, invoiced monthly); era-B card='df sb""> Reservation Pricing GP' name='NVIDIA A100 NVLink'"
2026-02-08,hyperstack,A100,,0.95,reservation,USD,,commoncrawl,https://www.hyperstack.cloud/gpu-pricing,"reservation 'starts-from' floor (longer-term contract, invoiced monthly); era-B card='df sb""> Reservation Pricing GP' name='NVIDIA A100'"
2026-02-08,hyperstack,A100,SXM,1.6,on-demand,USD,,commoncrawl,https://www.hyperstack.cloud/gpu-pricing,"era-B card='df sb""> On-Demand GPU Pricing ' name='NVIDIA A100 SXM'"
2026-02-08,hyperstack,A100,SXM,1.36,reservation,USD,,commoncrawl,https://www.hyperstack.cloud/gpu-pricing,"reservation 'starts-from' floor (longer-term contract, invoiced monthly); era-B card='df sb""> Reservation Pricing GP' name='NVIDIA A100 SXM'"
2026-02-08,hyperstack,H100,,1.95,on-demand,USD,,commoncrawl,https://www.hyperstack.cloud/gpu-pricing,"era-B card='df sb""> On-Demand GPU Pricing ' name='NVIDIA H100 NVLink'"
2026-02-08,hyperstack,H100,,1.9,on-demand,USD,,commoncrawl,https://www.hyperstack.cloud/gpu-pricing,"era-B card='df sb""> On-Demand GPU Pricing ' name='NVIDIA H100'"
2026-02-08,hyperstack,H100,,1.37,reservation,USD,,commoncrawl,https://www.hyperstack.cloud/gpu-pricing,"reservation 'starts-from' floor (longer-term contract, invoiced monthly); era-B card='df sb""> Reservation Pricing GP' name='NVIDIA H100 NVLink'"
2026-02-08,hyperstack,H100,,1.33,reservation,USD,,commoncrawl,https://www.hyperstack.cloud/gpu-pricing,"reservation 'starts-from' floor (longer-term contract, invoiced monthly); era-B card='df sb""> Reservation Pricing GP' name='NVIDIA H100'"
2026-02-08,hyperstack,H100,SXM,2.4,on-demand,USD,,commoncrawl,https://www.hyperstack.cloud/gpu-pricing,"era-B card='df sb""> On-Demand GPU Pricing ' name='NVIDIA H100 SXM'"
2026-02-08,hyperstack,H100,SXM,2.04,reservation,USD,,commoncrawl,https://www.hyperstack.cloud/gpu-pricing,"reservation 'starts-from' floor (longer-term contract, invoiced monthly); era-B card='df sb""> Reservation Pricing GP' name='NVIDIA H100 SXM'"
2026-02-08,hyperstack,H200,SXM,3.5,on-demand,USD,,commoncrawl,https://www.hyperstack.cloud/gpu-pricing,"era-B card='df sb""> On-Demand GPU Pricing ' name='NVIDIA H200 SXM'"
2026-02-08,hyperstack,H200,SXM,2.45,reservation,USD,,commoncrawl,https://www.hyperstack.cloud/gpu-pricing,"reservation 'starts-from' floor (longer-term contract, invoiced monthly); era-B card='df sb""> Reservation Pricing GP' name='NVIDIA H200 SXM'"
2026-02-11,OVHcloud,A100,80GB,2.75,on-demand,EUR,posted per-GPU (1x instance),commoncrawl,CC-MAIN-2026-08 crawl-data/CC-MAIN-2026-08/segments/1770395506135.63/warc/CC-MAIN-20260211021735-20260211051735-00689.warc.gz#732010402,"public-cloud prices page (pt locale), EUR excl. VAT; instance a100-180"
2026-02-11,OVHcloud,A100,80GB,2.75,on-demand,EUR,instance EUR 5.5/hr / 2 GPUs,commoncrawl,CC-MAIN-2026-08 crawl-data/CC-MAIN-2026-08/segments/1770395506135.63/warc/CC-MAIN-20260211021735-20260211051735-00689.warc.gz#732010402,"public-cloud prices page (pt locale), EUR excl. VAT; instance a100-360"
2026-02-11,OVHcloud,A100,80GB,2.75,on-demand,EUR,instance EUR 11.0/hr / 4 GPUs,commoncrawl,CC-MAIN-2026-08 crawl-data/CC-MAIN-2026-08/segments/1770395506135.63/warc/CC-MAIN-20260211021735-20260211051735-00689.warc.gz#732010402,"public-cloud prices page (pt locale), EUR excl. VAT; instance a100-720"
2026-02-11,OVHcloud,V100,16GB,0.7,on-demand,EUR,posted per-GPU (1x instance),commoncrawl,CC-MAIN-2026-08 crawl-data/CC-MAIN-2026-08/segments/1770395506135.63/warc/CC-MAIN-20260211021735-20260211051735-00689.warc.gz#732010402,"public-cloud prices page (pt locale), EUR excl. VAT; instance t1-le-45; LE reduced-storage line"
2026-02-11,OVHcloud,V100,16GB,0.7,on-demand,EUR,instance EUR 1.4/hr / 2 GPUs,commoncrawl,CC-MAIN-2026-08 crawl-data/CC-MAIN-2026-08/segments/1770395506135.63/warc/CC-MAIN-20260211021735-20260211051735-00689.warc.gz#732010402,"public-cloud prices page (pt locale), EUR excl. VAT; instance t1-le-90; LE reduced-storage line"
2026-02-11,OVHcloud,V100,16GB,0.7,on-demand,EUR,instance EUR 2.8/hr / 4 GPUs,commoncrawl,CC-MAIN-2026-08 crawl-data/CC-MAIN-2026-08/segments/1770395506135.63/warc/CC-MAIN-20260211021735-20260211051735-00689.warc.gz#732010402,"public-cloud prices page (pt locale), EUR excl. VAT; instance t1-le-180; LE reduced-storage line"
2026-02-11,OVHcloud,V100S,32GB,0.8,on-demand,EUR,posted per-GPU (1x instance),commoncrawl,CC-MAIN-2026-08 crawl-data/CC-MAIN-2026-08/segments/1770395506135.63/warc/CC-MAIN-20260211021735-20260211051735-00689.warc.gz#732010402,"public-cloud prices page (pt locale), EUR excl. VAT; instance t2-le-45; LE reduced-storage line"
2026-02-11,OVHcloud,V100S,32GB,0.8,on-demand,EUR,instance EUR 1.6/hr / 2 GPUs,commoncrawl,CC-MAIN-2026-08 crawl-data/CC-MAIN-2026-08/segments/1770395506135.63/warc/CC-MAIN-20260211021735-20260211051735-00689.warc.gz#732010402,"public-cloud prices page (pt locale), EUR excl. VAT; instance t2-le-90; LE reduced-storage line"
2026-02-11,OVHcloud,V100S,32GB,0.8,on-demand,EUR,instance EUR 3.2/hr / 4 GPUs,commoncrawl,CC-MAIN-2026-08 crawl-data/CC-MAIN-2026-08/segments/1770395506135.63/warc/CC-MAIN-20260211021735-20260211051735-00689.warc.gz#732010402,"public-cloud prices page (pt locale), EUR excl. VAT; instance t2-le-180; LE reduced-storage line"
2026-02-11,Paperspace,A100,40GB (card labeled H100; spec text NVIDIA A100 GPU),3.09,on-demand,USD,hourly rate as posted,wayback,https://web.archive.org/web/20260211054712/https://www.paperspace.com/pricing,known template bug: H100 header on A100 card; treat as A100 rate; page content unchanged since 2024 (frozen under DigitalOcean); posted list may be stale
2026-02-11,Paperspace,A100,80GB,1.15,reserved-3yr,USD,hourly rate as posted,wayback,https://web.archive.org/web/20260211054712/https://www.paperspace.com/pricing,footnote: 3-year commitment pricing; page content unchanged since 2024 (frozen under DigitalOcean); posted list may be stale
2026-02-11,Paperspace,H100,HGX 80GB,5.95,on-demand-promo,USD,footnote text,wayback,https://web.archive.org/web/20260211054712/https://www.paperspace.com/pricing,'special promo price' per footnote; page content unchanged since 2024 (frozen under DigitalOcean); posted list may be stale
2026-02-11,Paperspace,H100,HGX 80GB,2.24,reserved-3yr,USD,hourly rate as posted,wayback,https://web.archive.org/web/20260211054712/https://www.paperspace.com/pricing,footnote: 3-year commitment pricing; on-demand H100 $5.95 promo per same footnote; page content unchanged since 2024 (frozen under DigitalOcean); posted list may be stale
2026-02-11,Paperspace,V100,16GB,2.3,on-demand,USD,hourly rate as posted,wayback,https://web.archive.org/web/20260211054712/https://www.paperspace.com/pricing,page content unchanged since 2024 (frozen under DigitalOcean); posted list may be stale
2026-02-11,Verda (ex-DataCrunch),A100,SXM4 80GB,1.29,on-demand,USD,instance 8A100 $10.32/h / 8 GPUs,commoncrawl,CC-MAIN-2026-08 crawl-data/CC-MAIN-2026-08/segments/1770395506154.34/warc/CC-MAIN-20260211112802-20260211142802-00136.warc.gz#436581152,"products instance table, Pay-As-You-Go col"
2026-02-11,Verda (ex-DataCrunch),A100,SXM4 80GB,1.29,on-demand,USD,instance 4A100 $5.16/h / 4 GPUs,commoncrawl,CC-MAIN-2026-08 crawl-data/CC-MAIN-2026-08/segments/1770395506154.34/warc/CC-MAIN-20260211112802-20260211142802-00136.warc.gz#436581152,"products instance table, Pay-As-You-Go col"
2026-02-11,Verda (ex-DataCrunch),A100,SXM4 80GB,1.29,on-demand,USD,instance 2A100 $2.58/h / 2 GPUs,commoncrawl,CC-MAIN-2026-08 crawl-data/CC-MAIN-2026-08/segments/1770395506154.34/warc/CC-MAIN-20260211112802-20260211142802-00136.warc.gz#436581152,"products instance table, Pay-As-You-Go col"
2026-02-11,Verda (ex-DataCrunch),A100,SXM4 80GB,1.29,on-demand,USD,instance 1A100 $1.29/h / 1 GPUs,commoncrawl,CC-MAIN-2026-08 crawl-data/CC-MAIN-2026-08/segments/1770395506154.34/warc/CC-MAIN-20260211112802-20260211142802-00136.warc.gz#436581152,"products instance table, Pay-As-You-Go col"
2026-02-11,Verda (ex-DataCrunch),V100,SXM2 16GB,0.1375,on-demand,USD,instance 8V100 $1.1/h / 8 GPUs,commoncrawl,CC-MAIN-2026-08 crawl-data/CC-MAIN-2026-08/segments/1770395506154.34/warc/CC-MAIN-20260211112802-20260211142802-00136.warc.gz#436581152,"products instance table, Pay-As-You-Go col"
2026-02-11,Verda (ex-DataCrunch),V100,SXM2 16GB,0.1375,on-demand,USD,instance 4V100 $0.55/h / 4 GPUs,commoncrawl,CC-MAIN-2026-08 crawl-data/CC-MAIN-2026-08/segments/1770395506154.34/warc/CC-MAIN-20260211112802-20260211142802-00136.warc.gz#436581152,"products instance table, Pay-As-You-Go col"
2026-02-11,Verda (ex-DataCrunch),V100,SXM2 16GB,0.14,on-demand,USD,instance 2V100 $0.28/h / 2 GPUs,commoncrawl,CC-MAIN-2026-08 crawl-data/CC-MAIN-2026-08/segments/1770395506154.34/warc/CC-MAIN-20260211112802-20260211142802-00136.warc.gz#436581152,"products instance table, Pay-As-You-Go col"
2026-02-11,Verda (ex-DataCrunch),V100,SXM2 16GB,0.14,on-demand,USD,instance 1V100 $0.14/h / 1 GPUs,commoncrawl,CC-MAIN-2026-08 crawl-data/CC-MAIN-2026-08/segments/1770395506154.34/warc/CC-MAIN-20260211112802-20260211142802-00136.warc.gz#436581152,"products instance table, Pay-As-You-Go col"
2026-02-12,Verda (ex-DataCrunch),A100,SXM4 40GB,0.72,on-demand,USD,posted per-GPU,commoncrawl,CC-MAIN-2026-08 crawl-data/CC-MAIN-2026-08/segments/1770395506241.21/warc/CC-MAIN-20260212210112-20260213000112-00957.warc.gz#435243478,a100-sxm4 page Pay-As-You-Go card
2026-02-12,Verda (ex-DataCrunch),A100,SXM4 80GB,1.29,on-demand,USD,instance 8A100 $10.32/h / 8 GPUs,commoncrawl,CC-MAIN-2026-08 crawl-data/CC-MAIN-2026-08/segments/1770395506241.21/warc/CC-MAIN-20260212210112-20260213000112-00957.warc.gz#435243478,"products instance table, Pay-As-You-Go col"
2026-02-12,Verda (ex-DataCrunch),A100,SXM4 80GB,1.29,on-demand,USD,instance 4A100 $5.16/h / 4 GPUs,commoncrawl,CC-MAIN-2026-08 crawl-data/CC-MAIN-2026-08/segments/1770395506241.21/warc/CC-MAIN-20260212210112-20260213000112-00957.warc.gz#435243478,"products instance table, Pay-As-You-Go col"
2026-02-12,Verda (ex-DataCrunch),A100,SXM4 80GB,1.29,on-demand,USD,instance 2A100 $2.58/h / 2 GPUs,commoncrawl,CC-MAIN-2026-08 crawl-data/CC-MAIN-2026-08/segments/1770395506241.21/warc/CC-MAIN-20260212210112-20260213000112-00957.warc.gz#435243478,"products instance table, Pay-As-You-Go col"
2026-02-12,Verda (ex-DataCrunch),A100,SXM4 80GB,1.29,on-demand,USD,instance 1A100 $1.29/h / 1 GPUs,commoncrawl,CC-MAIN-2026-08 crawl-data/CC-MAIN-2026-08/segments/1770395506241.21/warc/CC-MAIN-20260212210112-20260213000112-00957.warc.gz#435243478,"products instance table, Pay-As-You-Go col"
2026-02-12,Verda (ex-DataCrunch),A100,SXM4 80GB,1.29,on-demand,USD,posted per-GPU,commoncrawl,CC-MAIN-2026-08 crawl-data/CC-MAIN-2026-08/segments/1770395506241.21/warc/CC-MAIN-20260212210112-20260213000112-00957.warc.gz#435243478,a100-sxm4 page Pay-As-You-Go card
2026-02-12,Verda (ex-DataCrunch),A100,SXM4 40GB,0.25,spot,USD,posted per-GPU,commoncrawl,CC-MAIN-2026-08 crawl-data/CC-MAIN-2026-08/segments/1770395506241.21/warc/CC-MAIN-20260212210112-20260213000112-00957.warc.gz#435243478,a100-sxm4 page spot card
2026-02-12,Verda (ex-DataCrunch),A100,SXM4 80GB,0.45,spot,USD,posted per-GPU,commoncrawl,CC-MAIN-2026-08 crawl-data/CC-MAIN-2026-08/segments/1770395506241.21/warc/CC-MAIN-20260212210112-20260213000112-00957.warc.gz#435243478,a100-sxm4 page spot card
2026-02-16,Together,A100,PCIe 80GB,2.4,on-demand,USD,posted per-GPU (1x instance),commoncrawl,CC-MAIN-2026-08 crawl-data/CC-MAIN-2026-08/segments/1770395507113.91/warc/CC-MAIN-20260216101950-20260216131950-00479.warc.gz#772564598,GPU cluster on-demand 1x instance
2026-02-16,Together,A100,SXM 40GB,2.4,on-demand,USD,posted per-GPU (1x instance),commoncrawl,CC-MAIN-2026-08 crawl-data/CC-MAIN-2026-08/segments/1770395507113.91/warc/CC-MAIN-20260216101950-20260216131950-00479.warc.gz#772564598,GPU cluster on-demand 1x instance
2026-02-16,Together,A100,SXM 80GB,2.56,on-demand,USD,posted per-GPU (1x instance),commoncrawl,CC-MAIN-2026-08 crawl-data/CC-MAIN-2026-08/segments/1770395507113.91/warc/CC-MAIN-20260216101950-20260216131950-00479.warc.gz#772564598,GPU cluster on-demand 1x instance
2026-02-16,Together,A100,80GB,1.3,teaser,USD,posted 'Starting at' per-GPU,commoncrawl,CC-MAIN-2026-08 crawl-data/CC-MAIN-2026-08/segments/1770395507113.91/warc/CC-MAIN-20260216101950-20260216131950-00479.warc.gz#772564598,TEASER starting-at rate; floor not a quote
2026-02-16,together,A100,,2.56,on-demand,USD,,commoncrawl,https://www.together.ai/pricing,on_demand single instance (1x) [Price/Hour]
2026-02-16,together,A100,,2.4,on-demand,USD,,commoncrawl,https://www.together.ai/pricing,on_demand single instance (1x) [Price/Hour]
2026-02-16,together,A100,,1.3,reserved,USD,,commoncrawl,https://www.together.ai/pricing,committed cluster (starting-at floor)
2026-02-16,together,B200,,4.9,1 - 6 Days,USD,,commoncrawl,https://www.together.ai/pricing,committed cluster (HGX) [1 - 6 Days]
2026-02-16,together,B200,,4.5,1 Week - 3 Months,USD,,commoncrawl,https://www.together.ai/pricing,committed cluster (HGX) [1 Week - 3 Months]
2026-02-16,together,B200,,5.5,on-demand,USD,,commoncrawl,https://www.together.ai/pricing,on_demand cluster (HGX) [Hourly]
2026-02-16,together,H100,,2.5,1 - 6 Days,USD,,commoncrawl,https://www.together.ai/pricing,committed cluster (HGX) [1 - 6 Days]
2026-02-16,together,H100,,2.2,1 Week - 3 Months,USD,,commoncrawl,https://www.together.ai/pricing,committed cluster (HGX) [1 Week - 3 Months]
2026-02-16,together,H100,,3.36,on-demand,USD,,commoncrawl,https://www.together.ai/pricing,on_demand single instance (1x) [Price/Hour]
2026-02-16,together,H100,,2.99,on-demand,USD,,commoncrawl,https://www.together.ai/pricing,on_demand cluster (HGX) [Hourly]
2026-02-16,together,H100,,1.75,reserved,USD,,commoncrawl,https://www.together.ai/pricing,committed cluster (starting-at floor)
2026-02-16,together,H200,,3.45,1 - 6 Days,USD,,commoncrawl,https://www.together.ai/pricing,committed cluster (HGX) [1 - 6 Days]
2026-02-16,together,H200,,3.15,1 Week - 3 Months,USD,,commoncrawl,https://www.together.ai/pricing,committed cluster (HGX) [1 Week - 3 Months]
2026-02-16,together,H200,,4.99,on-demand,USD,,commoncrawl,https://www.together.ai/pricing,on_demand single instance (1x) [Price/Hour]
2026-02-16,together,H200,,3.79,on-demand,USD,,commoncrawl,https://www.together.ai/pricing,on_demand cluster (HGX) [Hourly]
2026-02-16,together,H200,,2.09,reserved,USD,,commoncrawl,https://www.together.ai/pricing,committed cluster (starting-at floor)
2026-02-19,Lambda,A100,PCIe 40GB,1.48,on-demand,USD,posted per-GPU (PRICE/GPU/HR col),commoncrawl,CC-MAIN-2026-08 crawl-data/CC-MAIN-2026-08/segments/1770395866930.93/warc/CC-MAIN-20260219082733-20260219112733-00926.warc.gz#267121858,lambda.ai/pricing instances table; A100 PCIe 40GB; tabbed 8x/4x/2x/1x grid
2026-02-19,Lambda,A100,SXM 40GB,1.48,on-demand,USD,posted per-GPU (PRICE/GPU/HR col),commoncrawl,CC-MAIN-2026-08 crawl-data/CC-MAIN-2026-08/segments/1770395866930.93/warc/CC-MAIN-20260219082733-20260219112733-00926.warc.gz#267121858,lambda.ai/pricing instances table; A100 SXM 40GB; tabbed 8x/4x/2x/1x grid
2026-02-19,Lambda,A100,SXM 80GB,2.06,on-demand,USD,posted per-GPU (PRICE/GPU/HR col),commoncrawl,CC-MAIN-2026-08 crawl-data/CC-MAIN-2026-08/segments/1770395866930.93/warc/CC-MAIN-20260219082733-20260219112733-00926.warc.gz#267121858,lambda.ai/pricing instances table; A100 SXM 80GB; tabbed 8x/4x/2x/1x grid
2026-02-19,Lambda,V100,SXM2 16GB,0.63,on-demand,USD,posted per-GPU (PRICE/GPU/HR col),commoncrawl,CC-MAIN-2026-08 crawl-data/CC-MAIN-2026-08/segments/1770395866930.93/warc/CC-MAIN-20260219082733-20260219112733-00926.warc.gz#267121858,lambda.ai/pricing instances table; Tesla V100 16GB; tabbed 8x/4x/2x/1x grid
2026-02-25,CoreWeave,A100,HGX 80GB,2.7,on-demand,USD,8-GPU instance $21.6/hr / 8 GPUs,wayback,https://web.archive.org/web/20260225001139/https://coreweave.com/pricing,instance price incl. CPU/RAM/storage (on-demand instance table)
2026-02-25,CoreWeave,B200,HGX SXM6 180GB,8.6,on-demand,USD,8-GPU instance $68.8/hr / 8 GPUs,wayback,https://web.archive.org/web/20260225001139/https://coreweave.com/pricing,instance price incl. CPU/RAM/storage (on-demand instance table)
2026-02-25,CoreWeave,GB200,NVL72 (4-GPU instance),10.5,on-demand,USD,4-GPU instance $42.0/hr / 4 GPUs,wayback,https://web.archive.org/web/20260225001139/https://coreweave.com/pricing,instance price incl. CPU/RAM/storage (on-demand instance table); 4-GPU (Grace-paired) instance slice of NVL72
2026-02-25,CoreWeave,GH200,96GB,6.5,on-demand,USD,1-GPU instance $6.5/hr / 1 GPUs,wayback,https://web.archive.org/web/20260225001139/https://coreweave.com/pricing,instance price incl. CPU/RAM/storage (on-demand instance table)
2026-02-25,CoreWeave,H100,HGX SXM5 80GB,6.155,on-demand,USD,8-GPU instance $49.24/hr / 8 GPUs,wayback,https://web.archive.org/web/20260225001139/https://coreweave.com/pricing,instance price incl. CPU/RAM/storage (on-demand instance table)
2026-02-25,CoreWeave,H200,HGX SXM5 141GB,6.305,on-demand,USD,8-GPU instance $50.44/hr / 8 GPUs,wayback,https://web.archive.org/web/20260225001139/https://coreweave.com/pricing,instance price incl. CPU/RAM/storage (on-demand instance table)
2026-03-01,OVHcloud,A100,"PCIe 80GB (a100-180, 1x A100)",3.07,on-demand,USD,"posted per-instance, 1 GPU = per-GPU",wayback,https://web.archive.org/web/20260301191742/https://www.ovhcloud.com/en/public-cloud/prices/,1x/2x/4x sizes ~same per-GPU
2026-03-01,OVHcloud,H100,"PCIe 80GB (h100-380, 1x H100)",2.99,on-demand,USD,"posted per-instance, 1 GPU = per-GPU",wayback,https://web.archive.org/web/20260301191742/https://www.ovhcloud.com/en/public-cloud/prices/,1x/2x/4x sizes ~same per-GPU
2026-03-01,OVHcloud,V100,"PCIe 16GB (t1-le-45, 1x V100)",0.77,on-demand,USD,"posted per-instance, 1 GPU = per-GPU",wayback,https://web.archive.org/web/20260301191742/https://www.ovhcloud.com/en/public-cloud/prices/,reduced-storage t1-le line; 1x/2x/4x sizes ~same per-GPU
2026-03-01,OVHcloud,V100,"PCIe 32GB (t2-le-45, 1x V100)",0.88,on-demand,USD,"posted per-instance, 1 GPU = per-GPU",wayback,https://web.archive.org/web/20260301191742/https://www.ovhcloud.com/en/public-cloud/prices/,reduced-storage t2-le line; 1x/2x/4x sizes ~same per-GPU
2026-03-02,Paperspace,A100,40GB (card labeled H100; spec text NVIDIA A100 GPU),3.09,on-demand,USD,hourly rate as posted,wayback,https://web.archive.org/web/20260302134004/https://www.paperspace.com/pricing,known template bug: H100 header on A100 card; treat as A100 rate; page content unchanged since 2024 (frozen under DigitalOcean); posted list may be stale
2026-03-02,Paperspace,A100,80GB,1.15,reserved-3yr,USD,hourly rate as posted,wayback,https://web.archive.org/web/20260302134004/https://www.paperspace.com/pricing,footnote: 3-year commitment pricing; page content unchanged since 2024 (frozen under DigitalOcean); posted list may be stale
2026-03-02,Paperspace,H100,HGX 80GB,5.95,on-demand-promo,USD,footnote text,wayback,https://web.archive.org/web/20260302134004/https://www.paperspace.com/pricing,'special promo price' per footnote; page content unchanged since 2024 (frozen under DigitalOcean); posted list may be stale
2026-03-02,Paperspace,H100,HGX 80GB,2.24,reserved-3yr,USD,hourly rate as posted,wayback,https://web.archive.org/web/20260302134004/https://www.paperspace.com/pricing,footnote: 3-year commitment pricing; on-demand H100 $5.95 promo per same footnote; page content unchanged since 2024 (frozen under DigitalOcean); posted list may be stale
2026-03-02,Paperspace,V100,16GB,2.3,on-demand,USD,hourly rate as posted,wayback,https://web.archive.org/web/20260302134004/https://www.paperspace.com/pricing,page content unchanged since 2024 (frozen under DigitalOcean); posted list may be stale
2026-03-05,DataCrunch,A100,A100 SXM4 40GB,0.7211,on-demand,USD,1A100.40S.22V 1x instance fixedPrice in embedded JSON,wayback,https://web.archive.org/web/20260305233831/https://verda.com/,"spot 0.2524; same per-GPU across [1, 8]x sizes; site rebranded to Verda (verda.com) ~Dec 2025; datacrunch.io 301s there; same embedded-JSON pricing"
2026-03-05,DataCrunch,A100,A100 SXM4 80GB,1.29,on-demand,USD,1A100.22V 1x instance fixedPrice in embedded JSON,wayback,https://web.archive.org/web/20260305233831/https://verda.com/,"spot 0.4515; same per-GPU across [1, 2, 4, 8]x sizes; site rebranded to Verda (verda.com) ~Dec 2025; datacrunch.io 301s there; same embedded-JSON pricing"
2026-03-05,DataCrunch,B200,B200 SXM6 180GB,4.89,on-demand,USD,1B200.30V 1x instance fixedPrice in embedded JSON,wayback,https://web.archive.org/web/20260305233831/https://verda.com/,"spot 1.669; same per-GPU across [1, 2, 4, 8]x sizes; site rebranded to Verda (verda.com) ~Dec 2025; datacrunch.io 301s there; same embedded-JSON pricing"
2026-03-05,DataCrunch,B300,B300 SXM6 262GB,5.74,on-demand,USD,1B300.30V 1x instance fixedPrice in embedded JSON,wayback,https://web.archive.org/web/20260305233831/https://verda.com/,"spot 2.453; same per-GPU across [1, 2, 4, 8]x sizes; site rebranded to Verda (verda.com) ~Dec 2025; datacrunch.io 301s there; same embedded-JSON pricing"
2026-03-05,DataCrunch,GB300,GB300 SXM6 288GB,5.45,on-demand,USD,1GB300.32V 1x instance fixedPrice in embedded JSON,wayback,https://web.archive.org/web/20260305233831/https://verda.com/,"spot 1.908; same per-GPU across [1, 2, 4]x sizes; site rebranded to Verda (verda.com) ~Dec 2025; datacrunch.io 301s there; same embedded-JSON pricing"
2026-03-05,DataCrunch,H100,H100 SXM5 80GB,2.29,on-demand,USD,1H100.80S.30V 1x instance fixedPrice in embedded JSON,wayback,https://web.archive.org/web/20260305233831/https://verda.com/,"spot 0.8015; same per-GPU across [1, 2, 4, 8]x sizes; site rebranded to Verda (verda.com) ~Dec 2025; datacrunch.io 301s there; same embedded-JSON pricing"
2026-03-05,DataCrunch,H200,H200 SXM5 141GB,3.39,on-demand,USD,1H200.141S.44V 1x instance fixedPrice in embedded JSON,wayback,https://web.archive.org/web/20260305233831/https://verda.com/,"spot 1.428; same per-GPU across [1, 2, 4, 8]x sizes; site rebranded to Verda (verda.com) ~Dec 2025; datacrunch.io 301s there; same embedded-JSON pricing"
2026-03-05,DataCrunch,V100,Tesla V100 16GB,0.1381,on-demand,USD,1V100.6V 1x instance fixedPrice in embedded JSON,wayback,https://web.archive.org/web/20260305233831/https://verda.com/,"spot 0.0483; same per-GPU across [1, 2, 4, 8]x sizes; site rebranded to Verda (verda.com) ~Dec 2025; datacrunch.io 301s there; same embedded-JSON pricing"
2026-03-06,TensorDock,A100,80GB,1.42,teaser,USD,posted marketplace floor,commoncrawl,CC-MAIN-2026-12 crawl-data/CC-MAIN-2026-12/segments/1772687277431.41/warc/CC-MAIN-20260306165305-20260306195305-00087.warc.gz#784413086,td_a100; TEASER 'from $/hr' marketplace floor
2026-03-06,TensorDock,A100,80GB,1.63,teaser,USD,posted marketplace floor,commoncrawl,CC-MAIN-2026-12 crawl-data/CC-MAIN-2026-12/segments/1772687277431.41/warc/CC-MAIN-20260306165305-20260306195305-00087.warc.gz#784413086,td_a100; TEASER 'deploy from' marketplace floor
2026-03-06,digitalocean,H100,SXM 80GB,2.5,1Y,USD,,commoncrawl,https://www.digitalocean.com/pricing/gpu-droplets,"extras.commitment, 12-month, per-GPU (8x)"
2026-03-06,digitalocean,H100,SXM 80GB,3.39,on-demand,USD,,commoncrawl,https://www.digitalocean.com/pricing/gpu-droplets,slug h100x1; total $3.39/hr per 1GPU
2026-03-06,digitalocean,H100,SXM 80GB,2.99,on-demand,USD,,commoncrawl,https://www.digitalocean.com/pricing/gpu-droplets,slug h100x8; total $23.92/hr per 8GPU
2026-03-06,digitalocean,H200,SXM,3.44,on-demand,USD,,commoncrawl,https://www.digitalocean.com/pricing/gpu-droplets,slug h200x1; total $3.44/hr per 1GPU
2026-03-06,digitalocean,H200,SXM,3.44,on-demand,USD,,commoncrawl,https://www.digitalocean.com/pricing/gpu-droplets,slug h200x8; total $27.52/hr per 8GPU
2026-03-06,tensordock,A100,SXM 80GB,1.63,on-demand,USD,,commoncrawl,https://www.tensordock.com/gpu-a100.html,"gpu-a100.html landing ""from $1.63/hr on-demand"" (spot $0.67); STALE: identical across all 2024-2026 snapshots = hardcoded template"
2026-03-08,GenesisCloud,B200,HGX (8-GPU node min),2.8,teaser,USD,per-GPU per hour ('prices indicated per GPU component per hour' footnote),wayback,https://web.archive.org/web/20260308141533/https://www.genesiscloud.com/pricing,teaser floor ('Starting at'); 8x node minimum
2026-03-08,GenesisCloud,H100,HGX (8-GPU node min),1.6,teaser,USD,per-GPU per hour ('prices indicated per GPU component per hour' footnote),wayback,https://web.archive.org/web/20260308141533/https://www.genesiscloud.com/pricing,teaser floor ('Starting at'); 8x node minimum
2026-03-08,GenesisCloud,H200,HGX (8-GPU node min),2.8,on-demand,USD,per-GPU per hour ('prices indicated per GPU component per hour' footnote),wayback,https://web.archive.org/web/20260308141533/https://www.genesiscloud.com/pricing,posted flat 'Only' rate; 8x node minimum
2026-03-09,together,B200,,9.95,on-demand,USD,,commoncrawl,https://www.together.ai/pricing,on_demand single instance (1x) [Price/hour]
2026-03-09,together,B200,,7.49,on-demand,USD,,commoncrawl,https://www.together.ai/pricing,on_demand cluster (HGX) [Hourly]
2026-03-09,together,B200,,5.49,reserved,USD,,commoncrawl,https://www.together.ai/pricing,committed cluster (HGX) (starting-at floor)
2026-03-09,together,H100,,2.69,1 Week - 1 Month,USD,,commoncrawl,https://www.together.ai/pricing,committed cluster (HGX) [1 Week - 1 Month]
2026-03-09,together,H100,,2.39,2 - 3 Months,USD,,commoncrawl,https://www.together.ai/pricing,committed cluster (HGX) [2 - 3 Months]
2026-03-09,together,H100,,2.25,4 - 6 Months,USD,,commoncrawl,https://www.together.ai/pricing,committed cluster (HGX) [4 - 6 Months]
2026-03-09,together,H100,,3.99,on-demand,USD,,commoncrawl,https://www.together.ai/pricing,on_demand single instance (1x) [Price/hour]
2026-03-09,together,H100,,3.49,on-demand,USD,,commoncrawl,https://www.together.ai/pricing,on_demand cluster (HGX) [Hourly]
2026-03-09,together,H200,,3.19,1 Week - 1 Month,USD,,commoncrawl,https://www.together.ai/pricing,committed cluster (HGX) [1 Week - 1 Month]
2026-03-09,together,H200,,2.79,2 - 3 Months,USD,,commoncrawl,https://www.together.ai/pricing,committed cluster (HGX) [2 - 3 Months]
2026-03-09,together,H200,,2.59,4 - 6 Months,USD,,commoncrawl,https://www.together.ai/pricing,committed cluster (HGX) [4 - 6 Months]
2026-03-09,together,H200,,5.49,on-demand,USD,,commoncrawl,https://www.together.ai/pricing,on_demand single instance (1x) [Price/hour]
2026-03-09,together,H200,,4.19,on-demand,USD,,commoncrawl,https://www.together.ai/pricing,on_demand cluster (HGX) [Hourly]
2026-03-10,AWS,A100,SXM4 40GB (p4d.24xlarge),4.0963,on-demand,USD,p4d.24xlarge $32.77/hr / 8 GPUs,wayback,https://web.archive.org/web/20260310162218/https://aws.amazon.com/ec2/instance-types/p4/,"US East (N. Virginia), Linux; server-embedded JSON pricing table (page rebuild mid-2025)"
2026-03-10,AWS,A100,SXM4 40GB (p4d.24xlarge),2.4025,reserved-1yr,USD,p4d.24xlarge $19.22/hr / 8 GPUs,wayback,https://web.archive.org/web/20260310162218/https://aws.amazon.com/ec2/instance-types/p4/,"US East (N. Virginia), Linux; effective hourly RI; server-embedded JSON pricing table (page rebuild mid-2025)"
2026-03-10,AWS,A100,SXM4 40GB (p4d.24xlarge),1.4463,reserved-3yr,USD,p4d.24xlarge $11.57/hr / 8 GPUs,wayback,https://web.archive.org/web/20260310162218/https://aws.amazon.com/ec2/instance-types/p4/,"US East (N. Virginia), Linux; effective hourly RI; server-embedded JSON pricing table (page rebuild mid-2025)"
2026-03-10,AWS,A100,SXM4 80GB (p4de.24xlarge),5.12,on-demand,USD,p4de.24xlarge $40.96/hr / 8 GPUs,wayback,https://web.archive.org/web/20260310162218/https://aws.amazon.com/ec2/instance-types/p4/,"US East (N. Virginia), Linux; server-embedded JSON pricing table (page rebuild mid-2025)"
2026-03-10,AWS,A100,SXM4 80GB (p4de.24xlarge),3.0013,reserved-1yr,USD,p4de.24xlarge $24.01/hr / 8 GPUs,wayback,https://web.archive.org/web/20260310162218/https://aws.amazon.com/ec2/instance-types/p4/,"US East (N. Virginia), Linux; effective hourly RI; server-embedded JSON pricing table (page rebuild mid-2025)"
2026-03-10,AWS,A100,SXM4 80GB (p4de.24xlarge),1.8075,reserved-3yr,USD,p4de.24xlarge $14.46/hr / 8 GPUs,wayback,https://web.archive.org/web/20260310162218/https://aws.amazon.com/ec2/instance-types/p4/,"US East (N. Virginia), Linux; effective hourly RI; server-embedded JSON pricing table (page rebuild mid-2025)"
2026-03-10,Lambda,A100,A100 PCIe 40GB,1.48,on-demand,USD,as posted $/GPU/hr (largest listed config),wayback,https://web.archive.org/web/20260310143253/https://lambda.ai/pricing,
2026-03-10,Lambda,A100,A100 SXM 40GB,1.48,on-demand,USD,as posted $/GPU/hr (largest listed config),wayback,https://web.archive.org/web/20260310143253/https://lambda.ai/pricing,
2026-03-10,Lambda,A100,A100 SXM 80GB,2.06,on-demand,USD,as posted $/GPU/hr (largest listed config),wayback,https://web.archive.org/web/20260310143253/https://lambda.ai/pricing,
2026-03-10,Lambda,B200,B200 SXM6 180GB,5.74,on-demand,USD,as posted $/GPU/hr (largest listed config),wayback,https://web.archive.org/web/20260310143253/https://lambda.ai/pricing,
2026-03-10,Lambda,B200,"HGX SXM (1-Click Cluster, 16+ GPUs)",4.62,teaser,USD,'As low as (per GPU-hour)' cluster floor as posted,wayback,https://web.archive.org/web/20260310143253/https://lambda.ai/pricing,1-Click Clusters floor; On-Demand 2 weeks-12 months
2026-03-10,Lambda,GH200,GH200 96GB,1.99,on-demand,USD,as posted $/GPU/hr (largest listed config),wayback,https://web.archive.org/web/20260310143253/https://lambda.ai/pricing,
2026-03-10,Lambda,H100,H100 PCIe 80GB,2.86,on-demand,USD,as posted $/GPU/hr (largest listed config),wayback,https://web.archive.org/web/20260310143253/https://lambda.ai/pricing,
2026-03-10,Lambda,H100,H100 SXM 80GB,3.44,on-demand,USD,as posted $/GPU/hr (largest listed config),wayback,https://web.archive.org/web/20260310143253/https://lambda.ai/pricing,
2026-03-10,Lambda,H100,"HGX SXM (1-Click Cluster, 16+ GPUs)",2.76,teaser,USD,'As low as (per GPU-hour)' cluster floor as posted,wayback,https://web.archive.org/web/20260310143253/https://lambda.ai/pricing,1-Click Clusters floor; On-Demand 2 weeks-12 months
2026-03-10,Lambda,V100,Tesla V100 16GB,0.63,on-demand,USD,as posted $/GPU/hr (largest listed config),wayback,https://web.archive.org/web/20260310143253/https://lambda.ai/pricing,
2026-03-11,Verda (ex-DataCrunch),A100,SXM4 40GB,0.72,on-demand,USD,posted per-GPU,commoncrawl,CC-MAIN-2026-12 crawl-data/CC-MAIN-2026-12/segments/1772687277908.9/warc/CC-MAIN-20260311000306-20260311030306-00957.warc.gz#413133669,a100-sxm4 page Pay-As-You-Go card
2026-03-11,Verda (ex-DataCrunch),A100,SXM4 80GB,1.29,on-demand,USD,instance 8A100 $10.32/h / 8 GPUs,commoncrawl,CC-MAIN-2026-12 crawl-data/CC-MAIN-2026-12/segments/1772687277908.9/warc/CC-MAIN-20260311000306-20260311030306-00957.warc.gz#413133669,"products instance table, Pay-As-You-Go col"
2026-03-11,Verda (ex-DataCrunch),A100,SXM4 80GB,1.29,on-demand,USD,instance 4A100 $5.16/h / 4 GPUs,commoncrawl,CC-MAIN-2026-12 crawl-data/CC-MAIN-2026-12/segments/1772687277908.9/warc/CC-MAIN-20260311000306-20260311030306-00957.warc.gz#413133669,"products instance table, Pay-As-You-Go col"
2026-03-11,Verda (ex-DataCrunch),A100,SXM4 80GB,1.29,on-demand,USD,instance 2A100 $2.58/h / 2 GPUs,commoncrawl,CC-MAIN-2026-12 crawl-data/CC-MAIN-2026-12/segments/1772687277908.9/warc/CC-MAIN-20260311000306-20260311030306-00957.warc.gz#413133669,"products instance table, Pay-As-You-Go col"
2026-03-11,Verda (ex-DataCrunch),A100,SXM4 80GB,1.29,on-demand,USD,instance 1A100 $1.29/h / 1 GPUs,commoncrawl,CC-MAIN-2026-12 crawl-data/CC-MAIN-2026-12/segments/1772687277908.9/warc/CC-MAIN-20260311000306-20260311030306-00957.warc.gz#413133669,"products instance table, Pay-As-You-Go col"
2026-03-11,Verda (ex-DataCrunch),A100,SXM4 80GB,1.29,on-demand,USD,posted per-GPU,commoncrawl,CC-MAIN-2026-12 crawl-data/CC-MAIN-2026-12/segments/1772687277908.9/warc/CC-MAIN-20260311000306-20260311030306-00957.warc.gz#413133669,a100-sxm4 page Pay-As-You-Go card
2026-03-11,Verda (ex-DataCrunch),A100,SXM4 40GB,0.25,spot,USD,posted per-GPU,commoncrawl,CC-MAIN-2026-12 crawl-data/CC-MAIN-2026-12/segments/1772687277908.9/warc/CC-MAIN-20260311000306-20260311030306-00957.warc.gz#413133669,a100-sxm4 page spot card
2026-03-11,Verda (ex-DataCrunch),A100,SXM4 80GB,0.45,spot,USD,posted per-GPU,commoncrawl,CC-MAIN-2026-12 crawl-data/CC-MAIN-2026-12/segments/1772687277908.9/warc/CC-MAIN-20260311000306-20260311030306-00957.warc.gz#413133669,a100-sxm4 page spot card
2026-03-13,CoreWeave,A100,HGX 80GB,2.7,on-demand,USD,8-GPU instance $21.6/hr / 8 GPUs,wayback,https://web.archive.org/web/20260313081744/https://coreweave.com/pricing,instance price incl. CPU/RAM/storage (on-demand instance table)
2026-03-13,CoreWeave,B200,HGX SXM6 180GB,8.6,on-demand,USD,8-GPU instance $68.8/hr / 8 GPUs,wayback,https://web.archive.org/web/20260313081744/https://coreweave.com/pricing,instance price incl. CPU/RAM/storage (on-demand instance table)
2026-03-13,CoreWeave,GB200,NVL72 (4-GPU instance),10.5,on-demand,USD,4-GPU instance $42.0/hr / 4 GPUs,wayback,https://web.archive.org/web/20260313081744/https://coreweave.com/pricing,instance price incl. CPU/RAM/storage (on-demand instance table); 4-GPU (Grace-paired) instance slice of NVL72
2026-03-13,CoreWeave,GH200,96GB,6.5,on-demand,USD,1-GPU instance $6.5/hr / 1 GPUs,wayback,https://web.archive.org/web/20260313081744/https://coreweave.com/pricing,instance price incl. CPU/RAM/storage (on-demand instance table)
2026-03-13,CoreWeave,H100,HGX SXM5 80GB,6.155,on-demand,USD,8-GPU instance $49.24/hr / 8 GPUs,wayback,https://web.archive.org/web/20260313081744/https://coreweave.com/pricing,instance price incl. CPU/RAM/storage (on-demand instance table)
2026-03-13,CoreWeave,H200,HGX SXM5 141GB,6.305,on-demand,USD,8-GPU instance $50.44/hr / 8 GPUs,wayback,https://web.archive.org/web/20260313081744/https://coreweave.com/pricing,instance price incl. CPU/RAM/storage (on-demand instance table)
2026-03-13,RunPod,A100,SXM 80GB (Instant Cluster),1.79,on-demand,USD,per-GPU-hr as posted (Instant Clusters table),wayback,https://web.archive.org/web/20260313111731/https://www.runpod.io/pricing,Instant Clusters multi-node section; only server-rendered rows captured (other rows JS-hydrated); pod pricing table JS-only on this capture
2026-03-13,RunPod,A100,SXM 80GB,1.79,on-demand,USD,posted per-GPU,commoncrawl,CC-MAIN-2026-12 crawl-data/CC-MAIN-2026-12/segments/1772687278506.48/warc/CC-MAIN-20260313101102-20260313131102-00744.warc.gz#725842740,reserved-vs-on-demand comparison table (reserved col = contact sales)
2026-03-13,RunPod,H200,SXM 141GB (Instant Cluster),4.31,on-demand,USD,per-GPU-hr as posted (Instant Clusters table),wayback,https://web.archive.org/web/20260313111731/https://www.runpod.io/pricing,Instant Clusters multi-node section; only server-rendered rows captured (other rows JS-hydrated); pod pricing table JS-only on this capture
2026-03-14,Lambda,A100,PCIe 40GB,1.48,on-demand,USD,posted per-GPU (PRICE/GPU/HR col),commoncrawl,CC-MAIN-2026-12 crawl-data/CC-MAIN-2026-12/segments/1772687278897.73/warc/CC-MAIN-20260314074049-20260314104049-00926.warc.gz#250836889,lambda.ai/pricing instances table; A100 PCIe 40GB; tabbed 8x/4x/2x/1x grid
2026-03-14,Lambda,A100,SXM 40GB,1.48,on-demand,USD,posted per-GPU (PRICE/GPU/HR col),commoncrawl,CC-MAIN-2026-12 crawl-data/CC-MAIN-2026-12/segments/1772687278897.73/warc/CC-MAIN-20260314074049-20260314104049-00926.warc.gz#250836889,lambda.ai/pricing instances table; A100 SXM 40GB; tabbed 8x/4x/2x/1x grid
2026-03-14,Lambda,A100,SXM 80GB,2.06,on-demand,USD,posted per-GPU (PRICE/GPU/HR col),commoncrawl,CC-MAIN-2026-12 crawl-data/CC-MAIN-2026-12/segments/1772687278897.73/warc/CC-MAIN-20260314074049-20260314104049-00926.warc.gz#250836889,lambda.ai/pricing instances table; A100 SXM 80GB; tabbed 8x/4x/2x/1x grid
2026-03-14,Lambda,V100,SXM2 16GB,0.63,on-demand,USD,posted per-GPU (PRICE/GPU/HR col),commoncrawl,CC-MAIN-2026-12 crawl-data/CC-MAIN-2026-12/segments/1772687278897.73/warc/CC-MAIN-20260314074049-20260314104049-00926.warc.gz#250836889,lambda.ai/pricing instances table; Tesla V100 16GB; tabbed 8x/4x/2x/1x grid
2026-04-01,AWS,A100,SXM4 40GB (p4d.24xlarge),4.0963,on-demand,USD,p4d.24xlarge $32.77/hr / 8 GPUs,wayback,https://web.archive.org/web/20260401001836/https://aws.amazon.com/ec2/instance-types/p4/,"US East (N. Virginia), Linux; server-embedded JSON pricing table (page rebuild mid-2025)"
2026-04-01,AWS,A100,SXM4 40GB (p4d.24xlarge),2.4025,reserved-1yr,USD,p4d.24xlarge $19.22/hr / 8 GPUs,wayback,https://web.archive.org/web/20260401001836/https://aws.amazon.com/ec2/instance-types/p4/,"US East (N. Virginia), Linux; effective hourly RI; server-embedded JSON pricing table (page rebuild mid-2025)"
2026-04-01,AWS,A100,SXM4 40GB (p4d.24xlarge),1.4463,reserved-3yr,USD,p4d.24xlarge $11.57/hr / 8 GPUs,wayback,https://web.archive.org/web/20260401001836/https://aws.amazon.com/ec2/instance-types/p4/,"US East (N. Virginia), Linux; effective hourly RI; server-embedded JSON pricing table (page rebuild mid-2025)"
2026-04-01,AWS,A100,SXM4 80GB (p4de.24xlarge),5.12,on-demand,USD,p4de.24xlarge $40.96/hr / 8 GPUs,wayback,https://web.archive.org/web/20260401001836/https://aws.amazon.com/ec2/instance-types/p4/,"US East (N. Virginia), Linux; server-embedded JSON pricing table (page rebuild mid-2025)"
2026-04-01,AWS,A100,SXM4 80GB (p4de.24xlarge),3.0013,reserved-1yr,USD,p4de.24xlarge $24.01/hr / 8 GPUs,wayback,https://web.archive.org/web/20260401001836/https://aws.amazon.com/ec2/instance-types/p4/,"US East (N. Virginia), Linux; effective hourly RI; server-embedded JSON pricing table (page rebuild mid-2025)"
2026-04-01,AWS,A100,SXM4 80GB (p4de.24xlarge),1.8075,reserved-3yr,USD,p4de.24xlarge $14.46/hr / 8 GPUs,wayback,https://web.archive.org/web/20260401001836/https://aws.amazon.com/ec2/instance-types/p4/,"US East (N. Virginia), Linux; effective hourly RI; server-embedded JSON pricing table (page rebuild mid-2025)"
2026-04-01,Lambda,A100,A100 PCIe 40GB,1.99,on-demand,USD,as posted $/GPU/hr (largest listed config),wayback,https://web.archive.org/web/20260401163040/https://lambda.ai/pricing,
2026-04-01,Lambda,A100,A100 SXM 40GB,1.99,on-demand,USD,as posted $/GPU/hr (largest listed config),wayback,https://web.archive.org/web/20260401163040/https://lambda.ai/pricing,
2026-04-01,Lambda,A100,A100 SXM 80GB,2.79,on-demand,USD,as posted $/GPU/hr (largest listed config),wayback,https://web.archive.org/web/20260401163040/https://lambda.ai/pricing,
2026-04-01,Lambda,B200,B200 SXM6 180GB,6.69,on-demand,USD,as posted $/GPU/hr (largest listed config),wayback,https://web.archive.org/web/20260401163040/https://lambda.ai/pricing,
2026-04-01,Lambda,B200,"HGX SXM (1-Click Cluster, 16+ GPUs)",4.62,teaser,USD,'As low as (per GPU-hour)' cluster floor as posted,wayback,https://web.archive.org/web/20260401163040/https://lambda.ai/pricing,1-Click Clusters floor; On-Demand 2 weeks-12 months
2026-04-01,Lambda,GH200,GH200 96GB,2.29,on-demand,USD,as posted $/GPU/hr (largest listed config),wayback,https://web.archive.org/web/20260401163040/https://lambda.ai/pricing,
2026-04-01,Lambda,H100,H100 PCIe 80GB,3.29,on-demand,USD,as posted $/GPU/hr (largest listed config),wayback,https://web.archive.org/web/20260401163040/https://lambda.ai/pricing,
2026-04-01,Lambda,H100,H100 SXM 80GB,3.99,on-demand,USD,as posted $/GPU/hr (largest listed config),wayback,https://web.archive.org/web/20260401163040/https://lambda.ai/pricing,
2026-04-01,Lambda,H100,"HGX SXM (1-Click Cluster, 16+ GPUs)",2.76,teaser,USD,'As low as (per GPU-hour)' cluster floor as posted,wayback,https://web.archive.org/web/20260401163040/https://lambda.ai/pricing,1-Click Clusters floor; On-Demand 2 weeks-12 months
2026-04-01,Lambda,V100,Tesla V100 16GB,0.79,on-demand,USD,as posted $/GPU/hr (largest listed config),wayback,https://web.archive.org/web/20260401163040/https://lambda.ai/pricing,
2026-04-01,OVHcloud,A100,"PCIe 80GB (a100-180, 1x A100)",3.07,on-demand,USD,"posted per-instance, 1 GPU = per-GPU",wayback,https://web.archive.org/web/20260401002122/https://www.ovhcloud.com/en/public-cloud/prices/,1x/2x/4x sizes ~same per-GPU
2026-04-01,OVHcloud,H100,"PCIe 80GB (h100-380, 1x H100)",2.99,on-demand,USD,"posted per-instance, 1 GPU = per-GPU",wayback,https://web.archive.org/web/20260401002122/https://www.ovhcloud.com/en/public-cloud/prices/,1x/2x/4x sizes ~same per-GPU
2026-04-01,OVHcloud,V100,"PCIe 16GB (t1-le-45, 1x V100)",0.77,on-demand,USD,"posted per-instance, 1 GPU = per-GPU",wayback,https://web.archive.org/web/20260401002122/https://www.ovhcloud.com/en/public-cloud/prices/,reduced-storage t1-le line; 1x/2x/4x sizes ~same per-GPU
2026-04-01,OVHcloud,V100,"PCIe 32GB (t2-le-45, 1x V100)",0.88,on-demand,USD,"posted per-instance, 1 GPU = per-GPU",wayback,https://web.archive.org/web/20260401002122/https://www.ovhcloud.com/en/public-cloud/prices/,reduced-storage t2-le line; 1x/2x/4x sizes ~same per-GPU
2026-04-02,RunPod,A100,SXM 80GB (Instant Cluster),1.79,on-demand,USD,per-GPU-hr as posted (Instant Clusters table),wayback,https://web.archive.org/web/20260402173747/https://www.runpod.io/pricing,Instant Clusters multi-node section; only server-rendered rows captured (other rows JS-hydrated); pod pricing table JS-only on this capture
2026-04-02,RunPod,H200,SXM 141GB (Instant Cluster),4.31,on-demand,USD,per-GPU-hr as posted (Instant Clusters table),wayback,https://web.archive.org/web/20260402173747/https://www.runpod.io/pricing,Instant Clusters multi-node section; only server-rendered rows captured (other rows JS-hydrated); pod pricing table JS-only on this capture
2026-04-09,Paperspace,A100,40GB (card labeled H100; spec text NVIDIA A100 GPU),3.09,on-demand,USD,hourly rate as posted,wayback,https://web.archive.org/web/20260409163540/https://www.paperspace.com/pricing,known template bug: H100 header on A100 card; treat as A100 rate; page content unchanged since 2024 (frozen under DigitalOcean); posted list may be stale
2026-04-09,Paperspace,A100,80GB,1.15,reserved-3yr,USD,hourly rate as posted,wayback,https://web.archive.org/web/20260409163540/https://www.paperspace.com/pricing,footnote: 3-year commitment pricing; page content unchanged since 2024 (frozen under DigitalOcean); posted list may be stale
2026-04-09,Paperspace,H100,HGX 80GB,5.95,on-demand-promo,USD,footnote text,wayback,https://web.archive.org/web/20260409163540/https://www.paperspace.com/pricing,'special promo price' per footnote; page content unchanged since 2024 (frozen under DigitalOcean); posted list may be stale
2026-04-09,Paperspace,H100,HGX 80GB,2.24,reserved-3yr,USD,hourly rate as posted,wayback,https://web.archive.org/web/20260409163540/https://www.paperspace.com/pricing,footnote: 3-year commitment pricing; on-demand H100 $5.95 promo per same footnote; page content unchanged since 2024 (frozen under DigitalOcean); posted list may be stale
2026-04-09,Paperspace,V100,16GB,2.3,on-demand,USD,hourly rate as posted,wayback,https://web.archive.org/web/20260409163540/https://www.paperspace.com/pricing,page content unchanged since 2024 (frozen under DigitalOcean); posted list may be stale
2026-04-13,RunPod,A100,SXM 80GB,1.79,on-demand,USD,posted per-GPU,commoncrawl,CC-MAIN-2026-17 crawl-data/CC-MAIN-2026-17/segments/1775805908721.20/warc/CC-MAIN-20260413040425-20260413070425-00482.warc.gz#815939409,reserved-vs-on-demand comparison table (reserved col = contact sales)
2026-04-15,CoreWeave,A100,HGX 80GB,2.7,on-demand,USD,8-GPU instance $21.6/hr / 8 GPUs,wayback,https://web.archive.org/web/20260415105017/https://coreweave.com/pricing,instance price incl. CPU/RAM/storage (on-demand instance table)
2026-04-15,CoreWeave,GB200,NVL72 (4-GPU instance),10.5,on-demand,USD,4-GPU instance $42.0/hr / 4 GPUs,wayback,https://web.archive.org/web/20260415105017/https://coreweave.com/pricing,instance price incl. CPU/RAM/storage (on-demand instance table); 4-GPU (Grace-paired) instance slice of NVL72
2026-04-15,CoreWeave,GH200,96GB,6.5,on-demand,USD,1-GPU instance $6.5/hr / 1 GPUs,wayback,https://web.archive.org/web/20260415105017/https://coreweave.com/pricing,instance price incl. CPU/RAM/storage (on-demand instance table)
2026-04-15,CoreWeave,H100,HGX SXM5 80GB,6.155,on-demand,USD,8-GPU instance $49.24/hr / 8 GPUs,wayback,https://web.archive.org/web/20260415105017/https://coreweave.com/pricing,instance price incl. CPU/RAM/storage (on-demand instance table)
2026-04-15,CoreWeave,H200,HGX SXM5 141GB,6.305,on-demand,USD,8-GPU instance $50.44/hr / 8 GPUs,wayback,https://web.archive.org/web/20260415105017/https://coreweave.com/pricing,instance price incl. CPU/RAM/storage (on-demand instance table)
2026-04-15,DataCrunch,A100,A100 SXM4 40GB,0.7211,on-demand,USD,1A100.40S.22V 1x instance fixedPrice in embedded JSON,wayback,https://web.archive.org/web/20260415015734/https://verda.com/,"spot 0.2524; same per-GPU across [1, 8]x sizes; site rebranded to Verda (verda.com) ~Dec 2025; datacrunch.io 301s there; same embedded-JSON pricing"
2026-04-15,DataCrunch,A100,A100 SXM4 80GB,1.29,on-demand,USD,1A100.22V 1x instance fixedPrice in embedded JSON,wayback,https://web.archive.org/web/20260415015734/https://verda.com/,"spot 0.4515; same per-GPU across [1, 2, 4, 8]x sizes; site rebranded to Verda (verda.com) ~Dec 2025; datacrunch.io 301s there; same embedded-JSON pricing"
2026-04-15,DataCrunch,B200,B200 SXM6 180GB,4.89,on-demand,USD,1B200.30V 1x instance fixedPrice in embedded JSON,wayback,https://web.archive.org/web/20260415015734/https://verda.com/,"spot 1.712; same per-GPU across [1, 2, 4, 8]x sizes; site rebranded to Verda (verda.com) ~Dec 2025; datacrunch.io 301s there; same embedded-JSON pricing"
2026-04-15,DataCrunch,B300,B300 SXM6 262GB,6.99,on-demand,USD,1B300.30V 1x instance fixedPrice in embedded JSON,wayback,https://web.archive.org/web/20260415015734/https://verda.com/,"spot 2.447; same per-GPU across [1, 2, 4, 8]x sizes; site rebranded to Verda (verda.com) ~Dec 2025; datacrunch.io 301s there; same embedded-JSON pricing"
2026-04-15,DataCrunch,GB300,GB300 SXM6 288GB,7.99,on-demand,USD,1GB300.32V 1x instance fixedPrice in embedded JSON,wayback,https://web.archive.org/web/20260415015734/https://verda.com/,"spot 2.797; same per-GPU across [1, 2, 4]x sizes; site rebranded to Verda (verda.com) ~Dec 2025; datacrunch.io 301s there; same embedded-JSON pricing"
2026-04-15,DataCrunch,H100,H100 SXM5 80GB,2.29,on-demand,USD,1H100.80S.30V 1x instance fixedPrice in embedded JSON,wayback,https://web.archive.org/web/20260415015734/https://verda.com/,"spot 0.8015; same per-GPU across [1, 2, 4, 8]x sizes; site rebranded to Verda (verda.com) ~Dec 2025; datacrunch.io 301s there; same embedded-JSON pricing"
2026-04-15,DataCrunch,H200,H200 SXM5 141GB,3.39,on-demand,USD,1H200.141S.44V 1x instance fixedPrice in embedded JSON,wayback,https://web.archive.org/web/20260415015734/https://verda.com/,"spot 1.187; same per-GPU across [1, 2, 4, 8]x sizes; site rebranded to Verda (verda.com) ~Dec 2025; datacrunch.io 301s there; same embedded-JSON pricing"
2026-04-15,DataCrunch,V100,Tesla V100 16GB,0.1381,on-demand,USD,1V100.6V 1x instance fixedPrice in embedded JSON,wayback,https://web.archive.org/web/20260415015734/https://verda.com/,"spot 0.0483; same per-GPU across [1, 2, 4, 8]x sizes; site rebranded to Verda (verda.com) ~Dec 2025; datacrunch.io 301s there; same embedded-JSON pricing"
2026-04-15,together,B200,,9.95,on-demand,USD,,commoncrawl,https://www.together.ai/pricing,on_demand single instance (1x) [Price/hour]
2026-04-15,together,B200,,7.49,on-demand,USD,,commoncrawl,https://www.together.ai/pricing,on_demand cluster (HGX) [Hourly]
2026-04-15,together,B200,,7.15,reserved,USD,,commoncrawl,https://www.together.ai/pricing,committed cluster (HGX) (starting-at floor)
2026-04-15,together,H100,,2.99,1 Week - 1 Month,USD,,commoncrawl,https://www.together.ai/pricing,committed cluster (HGX) [1 Week - 1 Month]
2026-04-15,together,H100,,2.69,2 - 3 Months,USD,,commoncrawl,https://www.together.ai/pricing,committed cluster (HGX) [2 - 3 Months]
2026-04-15,together,H100,,2.55,4 - 6 Months,USD,,commoncrawl,https://www.together.ai/pricing,committed cluster (HGX) [4 - 6 Months]
2026-04-15,together,H100,,3.99,on-demand,USD,,commoncrawl,https://www.together.ai/pricing,on_demand single instance (1x) [Price/hour]
2026-04-15,together,H100,,3.49,on-demand,USD,,commoncrawl,https://www.together.ai/pricing,on_demand cluster (HGX) [Hourly]
2026-04-15,together,H200,,3.49,1 Week - 1 Month,USD,,commoncrawl,https://www.together.ai/pricing,committed cluster (HGX) [1 Week - 1 Month]
2026-04-15,together,H200,,3.19,2 - 3 Months,USD,,commoncrawl,https://www.together.ai/pricing,committed cluster (HGX) [2 - 3 Months]
2026-04-15,together,H200,,2.89,4 - 6 Months,USD,,commoncrawl,https://www.together.ai/pricing,committed cluster (HGX) [4 - 6 Months]
2026-04-15,together,H200,,5.49,on-demand,USD,,commoncrawl,https://www.together.ai/pricing,on_demand single instance (1x) [Price/hour]
2026-04-15,together,H200,,4.19,on-demand,USD,,commoncrawl,https://www.together.ai/pricing,on_demand cluster (HGX) [Hourly]
2026-04-20,Verda (ex-DataCrunch),A100,SXM4 40GB,0.72,on-demand,USD,posted per-GPU,commoncrawl,CC-MAIN-2026-17 crawl-data/CC-MAIN-2026-17/segments/1775806205726.52/warc/CC-MAIN-20260420210113-20260421000113-00957.warc.gz#484324534,a100-sxm4 page Pay-As-You-Go card
2026-04-20,Verda (ex-DataCrunch),A100,SXM4 80GB,1.29,on-demand,USD,instance 8A100 $10.32/h / 8 GPUs,commoncrawl,CC-MAIN-2026-17 crawl-data/CC-MAIN-2026-17/segments/1775806205726.52/warc/CC-MAIN-20260420210113-20260421000113-00957.warc.gz#484324534,"products instance table, Pay-As-You-Go col"
2026-04-20,Verda (ex-DataCrunch),A100,SXM4 80GB,1.29,on-demand,USD,instance 4A100 $5.16/h / 4 GPUs,commoncrawl,CC-MAIN-2026-17 crawl-data/CC-MAIN-2026-17/segments/1775806205726.52/warc/CC-MAIN-20260420210113-20260421000113-00957.warc.gz#484324534,"products instance table, Pay-As-You-Go col"
2026-04-20,Verda (ex-DataCrunch),A100,SXM4 80GB,1.29,on-demand,USD,instance 2A100 $2.58/h / 2 GPUs,commoncrawl,CC-MAIN-2026-17 crawl-data/CC-MAIN-2026-17/segments/1775806205726.52/warc/CC-MAIN-20260420210113-20260421000113-00957.warc.gz#484324534,"products instance table, Pay-As-You-Go col"
2026-04-20,Verda (ex-DataCrunch),A100,SXM4 80GB,1.29,on-demand,USD,instance 1A100 $1.29/h / 1 GPUs,commoncrawl,CC-MAIN-2026-17 crawl-data/CC-MAIN-2026-17/segments/1775806205726.52/warc/CC-MAIN-20260420210113-20260421000113-00957.warc.gz#484324534,"products instance table, Pay-As-You-Go col"
2026-04-20,Verda (ex-DataCrunch),A100,SXM4 80GB,1.29,on-demand,USD,posted per-GPU,commoncrawl,CC-MAIN-2026-17 crawl-data/CC-MAIN-2026-17/segments/1775806205726.52/warc/CC-MAIN-20260420210113-20260421000113-00957.warc.gz#484324534,a100-sxm4 page Pay-As-You-Go card
2026-04-20,Verda (ex-DataCrunch),A100,SXM4 40GB,0.25,spot,USD,posted per-GPU,commoncrawl,CC-MAIN-2026-17 crawl-data/CC-MAIN-2026-17/segments/1775806205726.52/warc/CC-MAIN-20260420210113-20260421000113-00957.warc.gz#484324534,a100-sxm4 page spot card
2026-04-20,Verda (ex-DataCrunch),A100,SXM4 80GB,0.45,spot,USD,posted per-GPU,commoncrawl,CC-MAIN-2026-17 crawl-data/CC-MAIN-2026-17/segments/1775806205726.52/warc/CC-MAIN-20260420210113-20260421000113-00957.warc.gz#484324534,a100-sxm4 page spot card
2026-05-08,Crusoe,A100,PCIe 40GB,1.45,on-demand,USD,posted per-GPU,commoncrawl,CC-MAIN-2026-21 crawl-data/CC-MAIN-2026-21/segments/1778213376840.35/warc/CC-MAIN-20260508134831-20260508164831-00659.warc.gz#603841116,GPU instances pricing table (On-demand / Current spot cols)
2026-05-08,Crusoe,A100,PCIe 80GB,1.65,on-demand,USD,posted per-GPU,commoncrawl,CC-MAIN-2026-21 crawl-data/CC-MAIN-2026-21/segments/1778213376840.35/warc/CC-MAIN-20260508134831-20260508164831-00659.warc.gz#603841116,GPU instances pricing table (On-demand / Current spot cols)
2026-05-08,Crusoe,A100,SXM 80GB,1.95,on-demand,USD,posted per-GPU,commoncrawl,CC-MAIN-2026-21 crawl-data/CC-MAIN-2026-21/segments/1778213376840.35/warc/CC-MAIN-20260508134831-20260508164831-00659.warc.gz#603841116,GPU instances pricing table (On-demand / Current spot cols)
2026-05-08,Crusoe,A100,PCIe 40GB,1.0,spot,USD,posted per-GPU,commoncrawl,CC-MAIN-2026-21 crawl-data/CC-MAIN-2026-21/segments/1778213376840.35/warc/CC-MAIN-20260508134831-20260508164831-00659.warc.gz#603841116,GPU instances pricing table (On-demand / Current spot cols)
2026-05-08,Crusoe,A100,PCIe 80GB,1.2,spot,USD,posted per-GPU,commoncrawl,CC-MAIN-2026-21 crawl-data/CC-MAIN-2026-21/segments/1778213376840.35/warc/CC-MAIN-20260508134831-20260508164831-00659.warc.gz#603841116,GPU instances pricing table (On-demand / Current spot cols)
2026-05-08,Crusoe,A100,SXM 80GB,1.3,spot,USD,posted per-GPU,commoncrawl,CC-MAIN-2026-21 crawl-data/CC-MAIN-2026-21/segments/1778213376840.35/warc/CC-MAIN-20260508134831-20260508164831-00659.warc.gz#603841116,GPU instances pricing table (On-demand / Current spot cols)
2026-05-11,RunPod,A100,SXM 80GB,1.79,on-demand,USD,posted per-GPU,commoncrawl,CC-MAIN-2026-21 crawl-data/CC-MAIN-2026-21/segments/1778213377372.85/warc/CC-MAIN-20260511171202-20260511201202-00957.warc.gz#846116074,reserved-vs-on-demand comparison table (reserved col = contact sales)
2026-05-11,digitalocean,H100,SXM 80GB,2.5,1Y,USD,,commoncrawl,https://www.digitalocean.com/pricing/gpu-droplets,"extras.commitment, 12-month, per-GPU (8x)"
2026-05-11,digitalocean,H100,SXM 80GB,3.39,on-demand,USD,,commoncrawl,https://www.digitalocean.com/pricing/gpu-droplets,slug h100x1; total $3.39/hr per 1GPU
2026-05-11,digitalocean,H100,SXM 80GB,2.99,on-demand,USD,,commoncrawl,https://www.digitalocean.com/pricing/gpu-droplets,slug h100x8; total $23.92/hr per 8GPU
2026-05-11,digitalocean,H200,SXM,3.44,on-demand,USD,,commoncrawl,https://www.digitalocean.com/pricing/gpu-droplets,slug h200x1; total $3.44/hr per 1GPU
2026-05-11,digitalocean,H200,SXM,3.44,on-demand,USD,,commoncrawl,https://www.digitalocean.com/pricing/gpu-droplets,slug h200x8; total $27.52/hr per 8GPU
2026-05-16,Lambda,A100,PCIe 40GB,1.99,on-demand,USD,posted per-GPU (PRICE/GPU/HR col),commoncrawl,CC-MAIN-2026-21 crawl-data/CC-MAIN-2026-21/segments/1778213378195.55/warc/CC-MAIN-20260516011452-20260516041452-00926.warc.gz#277225176,lambda.ai/pricing instances table; A100 PCIe 40GB; tabbed 8x/4x/2x/1x grid
2026-05-16,Lambda,A100,SXM 40GB,1.99,on-demand,USD,posted per-GPU (PRICE/GPU/HR col),commoncrawl,CC-MAIN-2026-21 crawl-data/CC-MAIN-2026-21/segments/1778213378195.55/warc/CC-MAIN-20260516011452-20260516041452-00926.warc.gz#277225176,lambda.ai/pricing instances table; A100 SXM 40GB; tabbed 8x/4x/2x/1x grid
2026-05-16,Lambda,A100,SXM 80GB,2.79,on-demand,USD,posted per-GPU (PRICE/GPU/HR col),commoncrawl,CC-MAIN-2026-21 crawl-data/CC-MAIN-2026-21/segments/1778213378195.55/warc/CC-MAIN-20260516011452-20260516041452-00926.warc.gz#277225176,lambda.ai/pricing instances table; A100 SXM 80GB; tabbed 8x/4x/2x/1x grid
2026-05-16,Lambda,V100,SXM2 16GB,0.79,on-demand,USD,posted per-GPU (PRICE/GPU/HR col),commoncrawl,CC-MAIN-2026-21 crawl-data/CC-MAIN-2026-21/segments/1778213378195.55/warc/CC-MAIN-20260516011452-20260516041452-00926.warc.gz#277225176,lambda.ai/pricing instances table; Tesla V100 16GB; tabbed 8x/4x/2x/1x grid
2026-05-21,Verda (ex-DataCrunch),A100,SXM4 80GB,1.29,on-demand,USD,instance 8A100 $10.32/h / 8 GPUs,commoncrawl,CC-MAIN-2026-21 crawl-data/CC-MAIN-2026-21/segments/1778213377132.38/warc/CC-MAIN-20260521065334-20260521095334-00136.warc.gz#497754368,"products instance table, Pay-As-You-Go col"
2026-05-21,Verda (ex-DataCrunch),A100,SXM4 80GB,1.29,on-demand,USD,instance 4A100 $5.16/h / 4 GPUs,commoncrawl,CC-MAIN-2026-21 crawl-data/CC-MAIN-2026-21/segments/1778213377132.38/warc/CC-MAIN-20260521065334-20260521095334-00136.warc.gz#497754368,"products instance table, Pay-As-You-Go col"
2026-05-21,Verda (ex-DataCrunch),A100,SXM4 80GB,1.29,on-demand,USD,instance 2A100 $2.58/h / 2 GPUs,commoncrawl,CC-MAIN-2026-21 crawl-data/CC-MAIN-2026-21/segments/1778213377132.38/warc/CC-MAIN-20260521065334-20260521095334-00136.warc.gz#497754368,"products instance table, Pay-As-You-Go col"
2026-05-21,Verda (ex-DataCrunch),A100,SXM4 80GB,1.29,on-demand,USD,instance 1A100 $1.29/h / 1 GPUs,commoncrawl,CC-MAIN-2026-21 crawl-data/CC-MAIN-2026-21/segments/1778213377132.38/warc/CC-MAIN-20260521065334-20260521095334-00136.warc.gz#497754368,"products instance table, Pay-As-You-Go col"
2026-05-21,Verda (ex-DataCrunch),V100,SXM2 16GB,0.1375,on-demand,USD,instance 8V100 $1.1/h / 8 GPUs,commoncrawl,CC-MAIN-2026-21 crawl-data/CC-MAIN-2026-21/segments/1778213377132.38/warc/CC-MAIN-20260521065334-20260521095334-00136.warc.gz#497754368,"products instance table, Pay-As-You-Go col"
2026-05-21,Verda (ex-DataCrunch),V100,SXM2 16GB,0.1375,on-demand,USD,instance 4V100 $0.55/h / 4 GPUs,commoncrawl,CC-MAIN-2026-21 crawl-data/CC-MAIN-2026-21/segments/1778213377132.38/warc/CC-MAIN-20260521065334-20260521095334-00136.warc.gz#497754368,"products instance table, Pay-As-You-Go col"
2026-05-21,Verda (ex-DataCrunch),V100,SXM2 16GB,0.14,on-demand,USD,instance 2V100 $0.28/h / 2 GPUs,commoncrawl,CC-MAIN-2026-21 crawl-data/CC-MAIN-2026-21/segments/1778213377132.38/warc/CC-MAIN-20260521065334-20260521095334-00136.warc.gz#497754368,"products instance table, Pay-As-You-Go col"
2026-05-21,Verda (ex-DataCrunch),V100,SXM2 16GB,0.14,on-demand,USD,instance 1V100 $0.14/h / 1 GPUs,commoncrawl,CC-MAIN-2026-21 crawl-data/CC-MAIN-2026-21/segments/1778213377132.38/warc/CC-MAIN-20260521065334-20260521095334-00136.warc.gz#497754368,"products instance table, Pay-As-You-Go col"
2026-05-21,together,B200,,9.35,31-90 days,USD,,commoncrawl,https://www.together.ai/pricing,committed cluster (HGX) [31-90 days]
2026-05-21,together,B200,,9.65,7-30 days,USD,,commoncrawl,https://www.together.ai/pricing,committed cluster (HGX) [7-30 days]
2026-05-21,together,B200,,9.09,91-180 days,USD,,commoncrawl,https://www.together.ai/pricing,committed cluster (HGX) [91-180 days]
2026-05-21,together,B200,,11.95,on-demand,USD,,commoncrawl,https://www.together.ai/pricing,on_demand single instance (1x) (starting-at)
2026-05-21,together,B200,,9.95,on-demand,USD,,commoncrawl,https://www.together.ai/pricing,on_demand cluster (HGX) [Hourly]
2026-05-21,together,H100,,4.49,31-90 days,USD,,commoncrawl,https://www.together.ai/pricing,committed cluster (HGX) [31-90 days]
2026-05-21,together,H100,,4.99,7-30 days,USD,,commoncrawl,https://www.together.ai/pricing,committed cluster (HGX) [7-30 days]
2026-05-21,together,H100,,3.99,91-180 days,USD,,commoncrawl,https://www.together.ai/pricing,committed cluster (HGX) [91-180 days]
2026-05-21,together,H100,,6.49,on-demand,USD,,commoncrawl,https://www.together.ai/pricing,on_demand single instance (1x) (starting-at)
2026-05-21,together,H100,,5.49,on-demand,USD,,commoncrawl,https://www.together.ai/pricing,on_demand cluster (HGX) [Hourly]
2026-05-21,together,H200,,4.99,31-90 days,USD,,commoncrawl,https://www.together.ai/pricing,committed cluster (HGX) [31-90 days]
2026-05-21,together,H200,,5.95,7-30 days,USD,,commoncrawl,https://www.together.ai/pricing,committed cluster (HGX) [7-30 days]
2026-05-21,together,H200,,4.55,91-180 days,USD,,commoncrawl,https://www.together.ai/pricing,committed cluster (HGX) [91-180 days]
2026-05-21,together,H200,,6.79,on-demand,USD,,commoncrawl,https://www.together.ai/pricing,on_demand cluster (HGX) [Hourly]
2026-06-09,Lambda,A100,PCIe 40GB,1.99,on-demand,USD,posted per-GPU (PRICE/GPU/HR col),commoncrawl,CC-MAIN-2026-25 crawl-data/CC-MAIN-2026-25/segments/1780687572428.74/warc/CC-MAIN-20260608224308-20260609014308-00926.warc.gz#302327736,lambda.ai/pricing instances table; A100 PCIe 40GB; tabbed 8x/4x/2x/1x grid
2026-06-09,Lambda,A100,SXM 40GB,1.99,on-demand,USD,posted per-GPU (PRICE/GPU/HR col),commoncrawl,CC-MAIN-2026-25 crawl-data/CC-MAIN-2026-25/segments/1780687572428.74/warc/CC-MAIN-20260608224308-20260609014308-00926.warc.gz#302327736,lambda.ai/pricing instances table; A100 SXM 40GB; tabbed 8x/4x/2x/1x grid
2026-06-09,Lambda,A100,SXM 80GB,2.79,on-demand,USD,posted per-GPU (PRICE/GPU/HR col),commoncrawl,CC-MAIN-2026-25 crawl-data/CC-MAIN-2026-25/segments/1780687572428.74/warc/CC-MAIN-20260608224308-20260609014308-00926.warc.gz#302327736,lambda.ai/pricing instances table; A100 SXM 80GB; tabbed 8x/4x/2x/1x grid
2026-06-09,Lambda,V100,SXM2 16GB,0.79,on-demand,USD,posted per-GPU (PRICE/GPU/HR col),commoncrawl,CC-MAIN-2026-25 crawl-data/CC-MAIN-2026-25/segments/1780687572428.74/warc/CC-MAIN-20260608224308-20260609014308-00926.warc.gz#302327736,lambda.ai/pricing instances table; Tesla V100 16GB; tabbed 8x/4x/2x/1x grid
2026-06-11,RunPod,A100,PCIe 80GB,1.39,on-demand,USD,posted per-GPU,commoncrawl,CC-MAIN-2026-25 crawl-data/CC-MAIN-2026-25/segments/1780687572613.18/warc/CC-MAIN-20260611030515-20260611060515-00654.warc.gz#835849833,post-Next.js static card grid (cloud tier not labeled)
2026-06-11,RunPod,A100,SXM 80GB,1.49,on-demand,USD,posted per-GPU,commoncrawl,CC-MAIN-2026-25 crawl-data/CC-MAIN-2026-25/segments/1780687572613.18/warc/CC-MAIN-20260611030515-20260611060515-00654.warc.gz#835849833,post-Next.js static card grid (cloud tier not labeled)
2026-06-11,runpod,A100,SXM 80GB,1.49,on-demand,USD,,commoncrawl,https://www.runpod.io/pricing,secure on-demand (card grid)
2026-06-11,runpod,B200,,5.89,on-demand,USD,,commoncrawl,https://www.runpod.io/pricing,secure on-demand (card grid)
2026-06-11,runpod,H100,SXM 80GB,3.29,on-demand,USD,,commoncrawl,https://www.runpod.io/pricing,secure on-demand (card grid)
2026-06-11,runpod,H200,,4.39,on-demand,USD,,commoncrawl,https://www.runpod.io/pricing,secure on-demand (card grid)
2026-06-14,Verda (ex-DataCrunch),A100,SXM4 40GB,1.29,on-demand,USD,posted per-GPU,commoncrawl,CC-MAIN-2026-25 crawl-data/CC-MAIN-2026-25/segments/1780687573258.12/warc/CC-MAIN-20260614215252-20260615005252-00957.warc.gz#447603597,a100-sxm4 page Pay-As-You-Go card
2026-06-14,Verda (ex-DataCrunch),A100,SXM4 80GB,1.79,on-demand,USD,instance 8A100 $14.32/h / 8 GPUs,commoncrawl,CC-MAIN-2026-25 crawl-data/CC-MAIN-2026-25/segments/1780687573258.12/warc/CC-MAIN-20260614215252-20260615005252-00957.warc.gz#447603597,"products instance table, Pay-As-You-Go col"
2026-06-14,Verda (ex-DataCrunch),A100,SXM4 80GB,1.79,on-demand,USD,instance 4A100 $7.16/h / 4 GPUs,commoncrawl,CC-MAIN-2026-25 crawl-data/CC-MAIN-2026-25/segments/1780687573258.12/warc/CC-MAIN-20260614215252-20260615005252-00957.warc.gz#447603597,"products instance table, Pay-As-You-Go col"
2026-06-14,Verda (ex-DataCrunch),A100,SXM4 80GB,1.79,on-demand,USD,instance 2A100 $3.58/h / 2 GPUs,commoncrawl,CC-MAIN-2026-25 crawl-data/CC-MAIN-2026-25/segments/1780687573258.12/warc/CC-MAIN-20260614215252-20260615005252-00957.warc.gz#447603597,"products instance table, Pay-As-You-Go col"
2026-06-14,Verda (ex-DataCrunch),A100,SXM4 80GB,1.79,on-demand,USD,instance 1A100 $1.79/h / 1 GPUs,commoncrawl,CC-MAIN-2026-25 crawl-data/CC-MAIN-2026-25/segments/1780687573258.12/warc/CC-MAIN-20260614215252-20260615005252-00957.warc.gz#447603597,"products instance table, Pay-As-You-Go col"
2026-06-14,Verda (ex-DataCrunch),A100,SXM4 80GB,1.79,on-demand,USD,posted per-GPU,commoncrawl,CC-MAIN-2026-25 crawl-data/CC-MAIN-2026-25/segments/1780687573258.12/warc/CC-MAIN-20260614215252-20260615005252-00957.warc.gz#447603597,a100-sxm4 page Pay-As-You-Go card
2026-06-14,Verda (ex-DataCrunch),A100,SXM4 40GB,0.45,spot,USD,posted per-GPU,commoncrawl,CC-MAIN-2026-25 crawl-data/CC-MAIN-2026-25/segments/1780687573258.12/warc/CC-MAIN-20260614215252-20260615005252-00957.warc.gz#447603597,a100-sxm4 page spot card
2026-06-14,Verda (ex-DataCrunch),A100,SXM4 80GB,0.63,spot,USD,posted per-GPU,commoncrawl,CC-MAIN-2026-25 crawl-data/CC-MAIN-2026-25/segments/1780687573258.12/warc/CC-MAIN-20260614215252-20260615005252-00957.warc.gz#447603597,a100-sxm4 page spot card
2026-06-14,digitalocean,H100,SXM 80GB,2.5,1Y,USD,,commoncrawl,https://www.digitalocean.com/pricing/gpu-droplets,"NVIDIA HGX H100x8, 12 Month Reserved, per-GPU"
2026-06-14,digitalocean,H100,SXM 80GB,3.39,on-demand,USD,,commoncrawl,https://www.digitalocean.com/pricing/gpu-droplets,"NVIDIA HGX H100, On-Demand, per-GPU"
2026-06-14,digitalocean,H200,SXM,3.44,on-demand,USD,,commoncrawl,https://www.digitalocean.com/pricing/gpu-droplets,"NVIDIA HGX H200, On-Demand, per-GPU"
2026-06-14,together,B200,,9.35,31-90 days,USD,,commoncrawl,https://www.together.ai/pricing,committed cluster (HGX) [31-90 days]
2026-06-14,together,B200,,9.65,7-30 days,USD,,commoncrawl,https://www.together.ai/pricing,committed cluster (HGX) [7-30 days]
2026-06-14,together,B200,,9.09,91-180 days,USD,,commoncrawl,https://www.together.ai/pricing,committed cluster (HGX) [91-180 days]
2026-06-14,together,B200,,11.95,on-demand,USD,,commoncrawl,https://www.together.ai/pricing,on_demand single instance (1x) (starting-at)
2026-06-14,together,B200,,9.95,on-demand,USD,,commoncrawl,https://www.together.ai/pricing,on_demand cluster (HGX) [Hourly]
2026-06-14,together,H100,,4.49,31-90 days,USD,,commoncrawl,https://www.together.ai/pricing,committed cluster (HGX) [31-90 days]
2026-06-14,together,H100,,4.99,7-30 days,USD,,commoncrawl,https://www.together.ai/pricing,committed cluster (HGX) [7-30 days]
2026-06-14,together,H100,,3.99,91-180 days,USD,,commoncrawl,https://www.together.ai/pricing,committed cluster (HGX) [91-180 days]
2026-06-14,together,H100,,6.49,on-demand,USD,,commoncrawl,https://www.together.ai/pricing,on_demand single instance (1x) (starting-at)
2026-06-14,together,H100,,5.49,on-demand,USD,,commoncrawl,https://www.together.ai/pricing,on_demand cluster (HGX) [Hourly]
2026-06-14,together,H200,,4.99,31-90 days,USD,,commoncrawl,https://www.together.ai/pricing,committed cluster (HGX) [31-90 days]
2026-06-14,together,H200,,5.95,7-30 days,USD,,commoncrawl,https://www.together.ai/pricing,committed cluster (HGX) [7-30 days]
2026-06-14,together,H200,,4.55,91-180 days,USD,,commoncrawl,https://www.together.ai/pricing,committed cluster (HGX) [91-180 days]
2026-06-14,together,H200,,6.79,on-demand,USD,,commoncrawl,https://www.together.ai/pricing,on_demand cluster (HGX) [Hourly]
2026-06-18,TensorDock,A100,80GB,1.42,teaser,USD,posted marketplace floor,commoncrawl,CC-MAIN-2026-25 crawl-data/CC-MAIN-2026-25/segments/1780687866462.92/warc/CC-MAIN-20260618132354-20260618162354-00087.warc.gz#850268672,td_a100; TEASER 'from $/hr' marketplace floor
2026-06-18,TensorDock,A100,80GB,1.63,teaser,USD,posted marketplace floor,commoncrawl,CC-MAIN-2026-25 crawl-data/CC-MAIN-2026-25/segments/1780687866462.92/warc/CC-MAIN-20260618132354-20260618162354-00087.warc.gz#850268672,td_a100; TEASER 'deploy from' marketplace floor
2026-06-18,tensordock,A100,SXM 80GB,1.63,on-demand,USD,,commoncrawl,https://www.tensordock.com/gpu-a100.html,"gpu-a100.html landing ""from $1.63/hr on-demand"" (spot $0.67); STALE: identical across all 2024-2026 snapshots = hardcoded template"
