geolocation,n_offers,median_per_gpu_dph
", US",13,8.422149122807017
"Saudi Arabia, SA",9,7.8691520467836265
"Japan, JP",7,15.950801169590642
"Czechia, CZ",4,23.691337719298243
"Italy, IT",4,4.737390350877193
", CA",3,9.211622807017545
"France, FR",3,3.684484649122806
"Iceland, IS",3,8.09265350877193
"California, US",1,3.816246345029239
