geolocation,n_offers,median_per_gpu_dph
"Virginia, US",17,14.50486111111111
"Ohio, US",10,13.504861111111111
"Oregon, US",8,19.377604166666668
", US",5,7.750260416666666
"Mexico, MX",4,16.87673611111111
"Maryland, US",3,31.205555555555552
"India, IN",2,11.253038194444446
"Slovenia, SI",1,4.875260416666666
