geolocation,n_offers,median_per_gpu_dph
", US",19,8.422149122807017
"Japan, JP",8,10.215961257309942
"Czechia, CZ",4,9.461074561403509
"Saudi Arabia, SA",4,9.08077485380117
"France, FR",3,6.5796052631578945
", CA",2,5.711211622807017
"Iceland, IS",2,4.474232456140351
"Italy, IT",2,5.855902777777779
"Georgia, US",1,1.3172514619883042
