geolocation,n_offers,median_per_gpu_dph
"Japan, JP",17,0.6003703703703703
", US",16,0.8571851851851853
"Texas, US",7,0.934074074074074
"Taiwan, TW",6,2.13537037037037
"Slovenia, SI",4,2.4027777777777777
"Quebec, CA",3,0.9616666666666667
"Brazil, BR",2,0.6009259259259259
"Türkiye, TR",2,1.3349074074074072
"California, US",1,0.6288888888888888
"Finland, FI",1,0.8004629629629629
"Spain, ES",1,0.6677777777777777
"Sweden, SE",1,0.5337777777777778
