geolocation,n_offers,median_per_gpu_dph
", US",15,7.501096491228071
"Japan, JP",8,9.022540204678362
", CA",5,7.106359649122807
"France, FR",5,6.5796052631578945
"Czechia, CZ",4,14.213706140350878
"Saudi Arabia, SA",4,9.08077485380117
"Iceland, IS",2,3.8821271929824563
"Italy, IT",2,3.585891812865497
