geolocation,n_offers,median_per_gpu_dph
"Japan, JP",20,0.800648148148148
", US",13,1.0675925925925926
"Taiwan, TW",7,3.2029629629629626
"Texas, US",6,1.228148148148148
"Slovenia, SI",4,2.4027777777777777
"Türkiye, TR",4,1.6018518518518516
"Finland, FI",3,4.007407407407407
"Quebec, CA",3,0.9616666666666667
"Spain, ES",2,1.0018518518518518
"Brazil, BR",1,0.4003703703703703
"South Korea, KR",1,0.7744444444444444
"Sweden, SE",1,0.5336296296296297
