geolocation,n_offers,median_per_gpu_dph
", US",17,8.422149122807017
"Japan, JP",8,12.914645467836259
"Saudi Arabia, SA",8,11.251827485380119
"France, FR",7,3.684374999999999
", CA",3,8.158991228070176
"Iceland, IS",3,5.921600877192981
"Italy, IT",3,7.632309941520467
"Czechia, CZ",2,39.49791666666666
"California, US",1,7.895010964912278
