geolocation,n_offers,median_per_gpu_dph
", US",16,8.422149122807017
"Japan, JP",12,11.493592836257312
"France, FR",8,3.2910179093567247
"Saudi Arabia, SA",8,11.251827485380119
"Iceland, IS",3,9.408442982456142
"Italy, IT",3,7.632309941520467
", CA",2,6.6454221491228065
"Czechia, CZ",2,39.49791666666666
"California, US",1,3.816246345029239
