geolocation,n_offers,median_per_gpu_dph
", US",11,2.4037037037037035
"Virginia, US",11,1.1214814814814815
"Japan, JP",10,0.9344444444444444
"Taiwan, TW",8,1.7227777777777777
"Slovenia, SI",4,2.202777777777778
"Texas, US",4,0.6739814814814814
"Finland, FI",3,2.4074074074074074
"Oregon, US",3,1.2014814814814814
"Quebec, CA",3,0.9616666666666667
"Spain, ES",2,0.8024691358024691
"Sweden, SE",1,0.45362962962962966
"Türkiye, TR",1,0.5335185185185185
