geolocation,n_offers,median_per_gpu_dph
"Japan, JP",20,3.8694444444444445
", US",13,5.320444444444445
"Washington, US",10,4.002222222222223
"Czechia, CZ",6,4.469333333333333
"The Netherlands, NL",6,8.001851851851852
"France, FR",5,3.4239506172839516
"Oregon, US",4,6.401851851851852
"Taiwan, TW",4,2.2377037037037035
"India, IN",3,8.164444444444444
"Montana, US",3,3.211111111111111
"Beijing, CN",2,3.500694444444445
"Idaho, US",2,1.5355555555555553
"Slovenia, SI",2,2.3335185185185185
