geolocation,n_offers,median_per_gpu_dph
"Japan, JP",20,0.934074074074074
", US",14,0.8571851851851853
"Texas, US",8,1.228148148148148
"Taiwan, TW",7,2.6696296296296294
"Slovenia, SI",4,2.4027777777777777
"Türkiye, TR",4,1.6018518518518516
"Finland, FI",3,3.2074074074074073
"Quebec, CA",3,0.9616666666666667
"Spain, ES",3,1.3362962962962963
"Brazil, BR",1,0.4003703703703703
"South Korea, KR",1,0.7744444444444444
"Sweden, SE",1,0.5336296296296297
