geolocation,n_offers,median_per_gpu_dph
", US",26,6.968817204301075
"Sweden, SE",9,8.5168458781362
"Japan, JP",8,10.566093189964157
"Czechia, CZ",4,13.94247311827957
"Oregon, US",4,13.937275985663083
"Washington, US",4,12.002688172043012
"Iceland, IS",3,5.806989247311828
"Italy, IT",1,6.4521505376344095
"Michigan, US",1,3.7433691756272403
"Texas, US",1,32.01720430107527
