geolocation,n_offers,median_per_gpu_dph
"Virginia, US",15,14.151041666666668
"Ohio, US",10,15.629861111111111
"Oregon, US",7,20.004166666666666
"Maryland, US",4,19.212152777777778
", US",3,8.126215277777778
"Mexico, MX",3,22.502777777777776
"Slovenia, SI",1,4.812760416666666
