geolocation,n_offers,median_per_gpu_dph
"Vietnam, VN",7,0.6827777777777778
"Finland, FI",4,1.7255555555555557
"Kansas, US",1,0.5414814814814815
"Poland, PL",1,0.4540740740740741
