geolocation,n_offers,median_per_gpu_dph
"Japan, JP",23,4.001111111111111
", US",13,5.322222222222223
"Washington, US",11,4.002222222222223
"The Netherlands, NL",7,5.334444444444444
"Czechia, CZ",6,4.736
"France, FR",4,4.280586419753087
"Oregon, US",4,6.401851851851852
"Taiwan, TW",4,2.2292592592592593
"India, IN",3,8.164444444444444
"Montana, US",3,3.211111111111111
"Beijing, CN",2,3.500694444444445
"Slovenia, SI",2,2.3335185185185185
"Idaho, US",1,1.5355555555555553
