geolocation,n_offers,median_per_gpu_dph
", US",18,1.1009259259259259
"Japan, JP",18,0.934074074074074
"Texas, US",9,1.2007407407407407
"Taiwan, TW",7,2.6711111111111108
"Slovenia, SI",4,2.4027777777777777
"Finland, FI",3,3.2074074074074073
"Quebec, CA",3,0.9616666666666667
"Türkiye, TR",3,1.0674074074074074
"Brazil, BR",2,0.6009259259259259
"Spain, ES",2,1.0018518518518518
"Sweden, SE",1,0.5336296296296297
