geolocation,n_offers,median_per_gpu_dph
", US",12,2.27037037037037
"Taiwan, TW",12,1.8427777777777778
"Virginia, US",8,1.1214814814814815
"Japan, JP",7,0.934074074074074
"Texas, US",6,0.948148148148148
"Ohio, US",5,0.5182222222222223
"Slovenia, SI",4,2.202777777777778
"Finland, FI",3,2.4074074074074074
"Quebec, CA",3,0.9816666666666666
"Spain, ES",3,0.6011111111111112
"Türkiye, TR",3,1.0674074074074074
"California, US",1,0.6288888888888888
