geolocation,n_offers,median_per_gpu_dph
"Alabama, US",37,8.125694444444445
"Japan, JP",16,7.251041666666666
"Oregon, US",9,15.754166666666663
"Ohio, US",7,15.005555555555558
", US",6,9.875868055555555
"United Kingdom, GB",4,16.127604166666664
"Maryland, US",3,9.701041666666667
"California, US",2,5.345920138888889
"Virginia, US",2,9.195138888888888
"Netherlands, NL",1,5.863888888888888
"Slovenia, SI",1,3.7502604166666673
