geolocation,n_offers,median_per_gpu_dph
"Japan, JP",17,0.934074074074074
", US",16,1.1675925925925925
"Taiwan, TW",7,1.334074074074074
"Texas, US",5,1.2007407407407407
"Slovenia, SI",4,2.4027777777777777
"Türkiye, TR",4,1.6018518518518516
"Finland, FI",3,3.2074074074074073
"Quebec, CA",3,0.9616666666666667
"Spain, ES",3,1.3362962962962963
"Brazil, BR",2,0.6009259259259259
"South Korea, KR",1,1.551111111111111
"Sweden, SE",1,0.5336296296296297
