geolocation,n_offers,median_per_gpu_dph
", US",19,6.710752688172043
"Japan, JP",8,10.211252688172044
"Sweden, SE",6,5.710125448028673
"Czechia, CZ",4,11.232078853046595
"Iceland, IS",4,5.290860215053764
"California, US",1,3.4841397849462368
"Italy, IT",1,3.677956989247311
"Michigan, US",1,3.2272401433691753
"Oregon, US",1,3.2259856630824375
