geolocation,n_offers,median_per_gpu_dph
", US",19,6.968817204301075
"Japan, JP",8,10.408249462365593
"Sweden, SE",6,5.710125448028673
"Iceland, IS",4,5.806989247311828
"Czechia, CZ",3,14.977777777777778
"California, US",2,5.226478494623656
"Italy, IT",1,3.806989247311827
"Michigan, US",1,3.2272401433691753
