geolocation,n_offers,median_per_gpu_dph
"Alabama, US",33,10.000694444444445
"Japan, JP",16,7.275260416666666
"Oregon, US",10,11.815104166666664
"Ohio, US",9,15.005555555555558
", US",8,7.189756944444444
"Maryland, US",3,9.701041666666667
"United Kingdom, GB",3,10.751041666666666
"Virginia, US",2,9.195138888888888
"Netherlands, NL",1,5.863888888888888
"Slovenia, SI",1,3.7502604166666673
