geolocation,n_offers,median_per_gpu_dph
", US",15,8.158991228070176
"Japan, JP",8,9.955434941520469
", CA",5,8.106359649122805
"France, FR",5,6.5796052631578945
"Czechia, CZ",4,23.691337719298243
"Italy, IT",3,7.632309941520467
"Iceland, IS",1,3.8821271929824563
