geolocation,n_offers,median_per_gpu_dph
", US",22,7.369517543859649
"Japan, JP",9,6.665331871345029
"France, FR",5,3.9480135823429543
"Sweden, SE",4,11.251827485380119
"Saudi Arabia, SA",3,12.845029239766081
"Czechia, CZ",2,24.695285087719295
"Iceland, IS",2,3.2242324561403506
"Italy, IT",2,5.428271198830409
", CA",1,7.106359649122807
"New Jersey, US",1,1.3172514619883042
