geolocation,n_offers,median_per_gpu_dph
", US",14,0.8571851851851853
"Japan, JP",12,0.7338888888888888
"Texas, US",8,1.0014814814814814
"Taiwan, TW",7,1.601111111111111
"Slovenia, SI",4,2.4027777777777777
"Quebec, CA",3,0.9616666666666667
"Türkiye, TR",3,1.0674074074074074
"Brazil, BR",2,0.6027777777777777
"California, US",1,0.6288888888888888
"Finland, FI",1,0.8004629629629629
"India, IN",1,2.442222222222222
"Sweden, SE",1,0.5337777777777778
"Virginia, US",1,0.8762962962962964
