geolocation,n_offers,median_per_gpu_dph
", US",13,8.422149122807017
"Saudi Arabia, SA",10,11.804459064327487
"Japan, JP",7,16.340274853801173
"Czechia, CZ",4,23.691337719298243
"Italy, IT",4,4.671600877192983
", CA",3,9.211622807017545
"France, FR",3,3.684484649122806
"Iceland, IS",3,8.684758771929824
