geolocation,n_offers,median_per_gpu_dph
"Virginia, US",15,9.90486111111111
"Ohio, US",8,10.167361111111111
"Oregon, US",8,14.377604166666668
", US",4,7.690060763888889
"Maryland, US",4,12.493576388888886
"Slovenia, SI",1,4.375173611111111
