geolocation,n_offers,median_per_gpu_dph
"Alabama, US",33,11.878472222222221
"Virginia, US",14,4.423177083333334
"Oregon, US",7,17.154166666666665
"Maryland, US",4,12.340104166666666
"Ohio, US",4,14.974652777777777
", US",3,5.000260416666666
"Slovenia, SI",1,4.375260416666666
