geolocation,n_offers,median_per_gpu_dph
"Ohio, US",9,14.50486111111111
"Virginia, US",9,8.126215277777778
"Oregon, US",8,19.377604166666668
", US",7,7.500260416666667
"Mexico, MX",4,16.87673611111111
"India, IN",3,18.75486111111111
"Maryland, US",3,31.205555555555552
"Slovenia, SI",1,4.875260416666666
