geolocation,n_offers,median_per_gpu_dph
"Japan, JP",17,3.737777777777777
", US",15,4.351111111111111
"The Netherlands, NL",11,4.400740740740741
"Czechia, CZ",9,4.536
"Washington, US",8,3.468888888888889
"Taiwan, TW",5,2.1765617167879316
"France, FR",4,4.280586419753087
"India, IN",4,5.766851851851852
"Malaysia, MY",3,2.402222222222222
", RU",2,2.602777777777778
"Slovenia, SI",2,2.3335185185185185
"Germany, DE",1,2.600277777777778
"Idaho, US",1,1.7355555555555555
