geolocation,n_offers,median_per_gpu_dph
"Alabama, US",38,8.063194444444445
"Ohio, US",15,13.755555555555556
", US",6,7.189756944444444
"Japan, JP",6,7.251041666666666
"Oregon, US",6,11.815104166666664
"Netherlands, NL",3,15.005555555555558
"Maryland, US",2,6.450651041666667
"Slovenia, SI",1,4.12517361111111
"Virginia, US",1,7.038888888888889
