geolocation,n_offers,median_per_gpu_dph
"Virginia, US",16,13.59045138888889
"Ohio, US",10,12.504861111111111
"Oregon, US",8,19.377604166666668
"Mexico, MX",4,16.87673611111111
"Maryland, US",3,31.205555555555552
", US",2,5.875737847222222
"Slovenia, SI",1,4.812760416666666
