geolocation,n_offers,median_per_gpu_dph
", US",14,0.8571851851851853
"Japan, JP",14,0.5337037037037037
"Taiwan, TW",8,1.6009259259259259
"Texas, US",8,1.0948148148148147
"Slovenia, SI",4,2.4027777777777777
"Türkiye, TR",4,1.6018518518518516
"Finland, FI",3,3.2074074074074073
"Quebec, CA",3,0.9616666666666667
"Brazil, BR",2,0.6009259259259259
"Spain, ES",1,0.6674074074074073
"Sweden, SE",1,0.5336296296296297
