geolocation,n_offers,median_per_gpu_dph
", US",21,6.45268817204301
"Japan, JP",8,11.036636559139787
"Sweden, SE",6,5.710125448028673
"Czechia, CZ",3,18.59182795698925
"Iceland, IS",3,4.7747311827956995
"California, US",1,6.968817204301075
"Italy, IT",1,4.6456989247311835
"Michigan, US",1,3.2272401433691753
"Oregon, US",1,12.906093189964157
