geolocation,n_offers,median_per_gpu_dph
"Alabama, US",40,9.000694444444445
"Ohio, US",15,15.005555555555558
"Japan, JP",6,7.251041666666666
", US",5,7.128472222222222
"Maryland, US",2,6.450651041666667
"Netherlands, NL",2,18.761805555555558
"Oregon, US",2,5.906901041666666
"Australia, AU",1,6.240972222222222
"Slovenia, SI",1,4.1252604166666655
"Virginia, US",1,6.826388888888888
