geolocation,n_offers,median_per_gpu_dph
"Japan, JP",18,3.603333333333333
", US",13,5.106962962962963
"Washington, US",13,4.002222222222223
"Czechia, CZ",10,4.652296296296296
"The Netherlands, NL",7,4.401111111111111
"Germany, DE",4,9.002777777777778
"India, IN",4,5.767870370370371
"Taiwan, TW",4,2.402480029729655
"France, FR",3,5.137222222222222
"Montana, US",3,3.211111111111111
"Malaysia, MY",2,12.009444444444444
"Slovenia, SI",2,2.3335185185185185
"Idaho, US",1,1.7355555555555555
