geolocation,n_offers,median_per_gpu_dph
", US",25,6.968817204301075
"Sweden, SE",9,8.5168458781362
"Japan, JP",8,5.713655913978494
"Oregon, US",4,12.38888888888889
"Iceland, IS",3,6.4521505376344095
"Czechia, CZ",2,23.24956989247312
"Michigan, US",1,3.7433691756272403
