geolocation,n_offers,median_per_gpu_dph
"Vietnam, VN",6,0.5246296296296297
"Finland, FI",4,1.7255555555555557
"New York, US",2,0.791851851851852
"Poland, PL",1,0.4540740740740741
