geolocation,n_offers,median_per_gpu_dph
", US",17,7.895833333333332
"Japan, JP",8,10.526487573099416
"Saudi Arabia, SA",8,9.633406432748536
"France, FR",5,3.9480135823429543
"Sweden, SE",4,11.251827485380119
", CA",3,6.843201754385965
"Czechia, CZ",2,35.54947916666666
"Iceland, IS",2,3.158442982456141
"Italy, IT",2,3.487207602339181
"New Jersey, US",1,1.3172514619883042
