geolocation,n_offers,median_per_gpu_dph
", US",19,6.45268817204301
"Japan, JP",7,13.452843010752689
"Sweden, SE",6,5.710125448028673
"Czechia, CZ",3,18.59182795698925
"Iceland, IS",3,5.806989247311828
"Italy, IT",2,5.161827956989248
"California, US",1,6.968817204301075
"Michigan, US",1,3.2272401433691753
