geolocation,n_offers,median_per_gpu_dph
", US",12,2.27037037037037
"Taiwan, TW",12,1.8427777777777778
"Japan, JP",9,0.934074074074074
"Texas, US",7,0.8007407407407406
"Virginia, US",5,1.1214814814814815
"Slovenia, SI",4,2.202777777777778
"Finland, FI",3,2.4074074074074074
"Oregon, US",3,1.1214814814814815
"Quebec, CA",3,0.9816666666666666
"Spain, ES",3,0.6011111111111112
"Türkiye, TR",3,1.0674074074074074
"Ohio, US",2,0.5182222222222223
"California, US",1,0.6288888888888888
