geolocation,n_offers,median_per_gpu_dph
", US",20,6.775268817204301
"Japan, JP",8,11.306313978494625
"Sweden, SE",6,5.710125448028673
"Iceland, IS",4,5.290860215053764
"Czechia, CZ",3,14.977777777777778
"Oregon, US",2,4.839157706093189
"Italy, IT",1,3.677956989247311
"Michigan, US",1,3.2272401433691753
