geolocation,n_offers,median_per_gpu_dph
"Taiwan, TW",12,1.7227777777777777
", US",11,2.4037037037037035
"Virginia, US",9,1.1214814814814815
"Japan, JP",6,0.8139814814814814
"Texas, US",5,0.8007407407407406
"Slovenia, SI",4,2.202777777777778
"Finland, FI",3,2.4074074074074074
"Quebec, CA",3,0.9616666666666667
"Spain, ES",2,0.8024691358024691
"Türkiye, TR",2,1.3349074074074072
"California, US",1,0.6288888888888888
"Oregon, US",1,2.405925925925926
