geolocation,n_offers,median_per_gpu_dph
"Ohio, US",10,14.50486111111111
"Virginia, US",10,7.239149305555555
", US",8,7.375737847222222
"Oregon, US",7,25.004166666666666
"Mexico, MX",4,16.87673611111111
"India, IN",3,18.75486111111111
"Maryland, US",3,31.205555555555552
"Missouri, US",1,5.002083333333333
"Slovenia, SI",1,4.812673611111111
