geolocation,n_offers,median_per_gpu_dph
", US",12,0.962388888888889
"Japan, JP",12,0.5337037037037037
"Taiwan, TW",8,2.13537037037037
"Texas, US",6,1.0014814814814814
"Slovenia, SI",4,2.4027777777777777
"Quebec, CA",3,0.9616666666666667
"Türkiye, TR",3,2.136296296296296
"Brazil, BR",2,0.6027777777777777
"Finland, FI",2,1.1011574074074075
"California, US",1,0.6288888888888888
"Spain, ES",1,0.6677777777777777
"Sweden, SE",1,0.5337777777777778
