geolocation,n_offers,median_per_gpu_dph
", US",15,8.158991228070176
"Japan, JP",8,10.556750730994153
", CA",5,8.106359649122805
"France, FR",5,6.5796052631578945
"Czechia, CZ",4,23.691337719298243
"Iceland, IS",2,4.243969298245614
"Italy, IT",2,5.921692251461987
