geolocation,n_offers,median_per_gpu_dph
", US",15,7.501096491228071
"Japan, JP",12,9.555434941520467
", CA",5,7.106359649122807
"France, FR",5,3.9480135823429543
"Czechia, CZ",4,11.241337719298244
"Saudi Arabia, SA",4,7.9360380116959055
"Iceland, IS",3,3.618969298245614
"Italy, IT",2,5.592744883040936
