geolocation,n_offers,median_per_gpu_dph
", US",21,6.710752688172043
"Japan, JP",7,13.452843010752689
"Sweden, SE",6,5.710125448028673
"Czechia, CZ",4,10.94247311827957
"Iceland, IS",3,5.806989247311828
"Italy, IT",2,5.161827956989248
"Michigan, US",1,3.2272401433691753
"Oregon, US",1,25.817921146953402
