geolocation,n_offers,median_per_gpu_dph
", US",15,6.45268817204301
"Washington, US",11,7.743010752688171
"Japan, JP",8,7.166659139784946
"Sweden, SE",6,5.710125448028673
"California, US",5,6.968817204301075
"Czechia, CZ",3,18.59182795698925
"Iceland, IS",3,5.806989247311828
"Oregon, US",3,7.742652329749103
"Texas, US",2,19.36397849462365
"Italy, IT",1,5.161827956989248
"Michigan, US",1,3.2272401433691753
