geolocation,n_offers,median_per_gpu_dph
", US",16,7.43530701754386
"Japan, JP",8,8.95017178362573
"France, FR",5,6.5796052631578945
", CA",4,7.106359649122807
"Czechia, CZ",4,11.241337719298244
"Saudi Arabia, SA",4,9.08077485380117
"Iceland, IS",3,3.8821271929824563
"Italy, IT",2,3.5529970760233915
