geolocation,n_offers,median_per_gpu_dph
", US",17,7.369517543859649
"Japan, JP",13,6.665331871345029
", CA",5,7.106359649122807
"France, FR",5,3.9480135823429543
"Czechia, CZ",4,11.84923245614035
"Sweden, SE",4,11.251827485380119
"Saudi Arabia, SA",3,12.845029239766081
"Iceland, IS",2,3.2242324561403506
"Italy, IT",2,3.5201023391812862
