geolocation,n_offers,median_per_gpu_dph
"Alabama, US",30,7.663194444444443
"Ohio, US",17,12.480555555555556
", US",7,7.128472222222222
"Oregon, US",6,11.815104166666664
"Japan, JP",3,7.251041666666666
"Netherlands, NL",3,12.480555555555556
"Maryland, US",2,6.450651041666667
"Slovenia, SI",1,4.1252604166666655
"Virginia, US",1,7.238888888888889
