geolocation,n_offers,median_per_gpu_dph
", US",13,8.158991228070176
", CA",5,9.211622807017545
"France, FR",5,6.5796052631578945
"Czechia, CZ",4,23.691337719298243
"Japan, JP",4,10.237013888888889
"Saudi Arabia, SA",4,9.08077485380117
"Italy, IT",3,7.632309941520467
"Iceland, IS",2,5.329495614035087
"Georgia, US",1,1.3172514619883042
