geolocation,n_offers,median_per_gpu_dph
", US",14,8.290570175438596
"Japan, JP",8,10.515961257309941
", CA",6,7.869517543859647
"France, FR",5,6.5796052631578945
"Czechia, CZ",4,23.691337719298243
"Iceland, IS",2,4.013706140350877
"Italy, IT",2,5.888797514619883
"Georgia, US",1,1.7119883040935673
