geolocation,n_offers,median_per_gpu_dph
"Virginia, US",15,7.126215277777778
"Ohio, US",8,16.25486111111111
"Oregon, US",7,20.004166666666666
"Maryland, US",4,19.212152777777778
"Mexico, MX",4,16.87673611111111
", US",3,8.126215277777778
"Slovenia, SI",1,4.812673611111111
