geolocation,n_offers,median_per_gpu_dph
", US",25,3.9605555555555565
"Japan, JP",17,3.737777777777777
"The Netherlands, NL",10,4.400925925925925
"Czechia, CZ",8,4.612296296296297
"Washington, US",8,3.468888888888889
"India, IN",7,7.684444444444445
"France, FR",4,4.280586419753087
"Taiwan, TW",4,8.114777777777778
"Malaysia, MY",3,9.072592592592592
"Montana, US",3,2.9702222222222225
"Slovenia, SI",2,2.3335185185185185
"Thailand, TH",2,2.6813888888888893
"Idaho, US",1,2.002222222222222
