geolocation,n_offers,median_per_gpu_dph
", US",28,3.143888888888889
"Japan, JP",14,3.4733333333333327
"The Netherlands, NL",8,4.400925925925925
"Washington, US",8,3.468888888888889
"Czechia, CZ",7,9.336592592592593
"India, IN",7,3.8431481481481486
"Taiwan, TW",6,12.010666666666667
"France, FR",4,4.280586419753087
"Montana, US",3,2.9711111111111115
"Malaysia, MY",2,11.345925925925926
"Slovenia, SI",2,2.3335185185185185
"Thailand, TH",2,2.6813888888888893
"Idaho, US",1,2.002222222222222
