geolocation,n_offers,median_per_gpu_dph
"Alabama, US",36,12.821180555555555
"Virginia, US",13,8.679861111111112
"Maryland, US",4,12.493576388888886
"Ohio, US",4,13.887152777777779
"Slovenia, SI",1,4.375173611111111
