geolocation,n_offers,median_per_gpu_dph
"Japan, JP",25,3.737777777777777
", US",15,4.920444444444445
"Czechia, CZ",10,6.9399999999999995
"Washington, US",9,4.002222222222223
"India, IN",7,3.8431481481481486
"The Netherlands, NL",7,4.800740740740741
"France, FR",4,4.280586419753087
"Montana, US",3,3.211111111111111
"Beijing, CN",2,3.500694444444445
"Idaho, US",2,1.8688888888888888
"Malaysia, MY",2,3.4006944444444445
"Slovenia, SI",2,2.3335185185185185
"Taiwan, TW",2,2.095452251951877
