geolocation,n_offers,median_per_gpu_dph
", US",21,7.226881720430106
"Japan, JP",6,8.261720430107527
"Sweden, SE",6,6.387544802867383
"Czechia, CZ",4,13.94247311827957
"France, FR",4,5.808064516129032
"Oregon, US",4,13.937275985663083
"Washington, US",4,12.196236559139784
"Iceland, IS",3,6.06505376344086
", CN",2,5.613575268817205
"Italy, IT",1,6.4521505376344095
"Michigan, US",1,3.7433691756272403
"Texas, US",1,32.53333333333333
