geolocation,n_offers,median_per_gpu_dph
"Japan, JP",12,7.173016812865497
"Saudi Arabia, SA",8,9.08077485380117
", US",7,6.319444444444445
"France, FR",5,6.5796052631578945
"Czechia, CZ",4,23.691337719298243
", CA",3,7.106359649122807
"Italy, IT",2,5.329586988304094
"Iceland, IS",1,3.618969298245614
