geolocation,n_offers,median_per_gpu_dph
"Japan, JP",28,3.8694444444444445
", US",12,5.254333333333333
"Washington, US",11,4.002222222222223
"Czechia, CZ",10,4.6693333333333324
"The Netherlands, NL",6,6.668703703703703
"France, FR",4,4.280586419753087
"India, IN",4,5.766851851851852
"Montana, US",3,3.211111111111111
"Beijing, CN",2,3.500694444444445
"Idaho, US",2,1.8688888888888888
"Slovenia, SI",2,2.3335185185185185
"Taiwan, TW",2,2.156160619888764
