geolocation,n_offers,median_per_gpu_dph
"Alabama, US",32,11.250694444444445
"Japan, JP",22,4.502630208333333
", US",7,7.128472222222222
"Ohio, US",7,22.020833333333332
"Oregon, US",7,7.876041666666665
"United Kingdom, GB",4,16.127604166666664
"Australia, AU",2,5.6267361111111125
"Maryland, US",2,6.450651041666667
"Netherlands, NL",2,17.199305555555554
"Slovenia, SI",1,4.12517361111111
"Virginia, US",1,6.251388888888889
