geolocation,n_offers,median_per_gpu_dph
"Virginia, US",18,9.917361111111111
"Ohio, US",9,10.379861111111111
"Oregon, US",7,18.754166666666666
", US",4,8.251128472222224
"Maryland, US",4,12.493576388888886
"Slovenia, SI",1,4.75017361111111
