geolocation,n_offers,median_per_gpu_dph
", US",15,8.422149122807017
"Japan, JP",8,9.155427631578947
", CA",6,8.106359649122805
"France, FR",5,6.5796052631578945
"Czechia, CZ",4,23.691337719298243
"Iceland, IS",2,4.145285087719298
"Italy, IT",2,5.855902777777779
