geolocation,n_offers,median_per_gpu_dph
", US",15,8.422149122807017
"Japan, JP",8,10.584382309941521
"France, FR",5,6.5796052631578945
", CA",4,9.211622807017545
"Italy, IT",4,6.053271198830409
"Saudi Arabia, SA",4,11.251827485380119
"Czechia, CZ",3,15.792324561403506
"Iceland, IS",2,7.171600877192981
