geolocation,n_offers,median_per_gpu_dph
", US",16,8.422149122807017
"Japan, JP",8,11.515961257309941
"France, FR",5,6.5796052631578945
", CA",4,8.106359649122805
"Czechia, CZ",4,23.691337719298243
"Iceland, IS",2,3.9808114035087714
"Italy, IT",2,5.921692251461987
