geolocation,n_offers,median_per_gpu_dph
", US",14,8.290570175438596
"Japan, JP",8,11.4528033625731
"Saudi Arabia, SA",8,9.08077485380117
", CA",5,7.106359649122807
"France, FR",5,6.5796052631578945
"Czechia, CZ",4,11.04002192982456
"Indonesia, ID",4,10.26498538011696
"Italy, IT",3,7.632309941520467
"Iceland, IS",2,5.000548245614035
