geolocation,n_offers,median_per_gpu_dph
", US",11,2.4037037037037035
"Virginia, US",10,1.1214814814814815
"Taiwan, TW",8,1.7227777777777777
"Japan, JP",6,0.8139814814814814
"Türkiye, TR",5,1.0674074074074074
"Slovenia, SI",4,2.202777777777778
"Texas, US",4,0.7006481481481481
"Finland, FI",3,2.4074074074074074
"Quebec, CA",3,0.9816666666666666
"Spain, ES",3,0.6011111111111112
"Ohio, US",2,0.5182222222222223
"California, US",1,0.6288888888888888
"Sweden, SE",1,0.45362962962962966
