geolocation,n_offers,median_per_gpu_dph
"Alabama, US",33,10.000694444444445
"Japan, JP",17,3.6252604166666664
"Ohio, US",8,22.020833333333332
", US",7,7.128472222222222
"Oregon, US",5,7.876041666666665
"United Kingdom, GB",4,16.127604166666664
"Australia, AU",2,5.6267361111111125
"Maryland, US",2,6.450651041666667
"Netherlands, NL",2,17.199305555555554
"Slovenia, SI",1,4.1252604166666655
"Virginia, US",1,6.251388888888889
