geolocation,n_offers,median_per_gpu_dph
"Japan, JP",13,0.6003703703703703
", US",12,0.962388888888889
"Texas, US",9,1.2555555555555553
"Taiwan, TW",8,2.135185185185185
"Slovenia, SI",4,2.4027777777777777
"Türkiye, TR",4,1.6018518518518516
"Quebec, CA",3,0.9616666666666667
"Brazil, BR",2,0.6027777777777777
"Finland, FI",1,0.8004629629629629
"Spain, ES",1,0.6677777777777777
"Sweden, SE",1,0.5337777777777778
