geolocation,n_offers,median_per_gpu_dph
"Virginia, US",11,10.002083333333333
"Ohio, US",8,14.50486111111111
"Oregon, US",7,25.004166666666666
", US",6,7.625260416666666
"Mexico, MX",4,16.87673611111111
"Maryland, US",3,31.205555555555552
"India, IN",1,8.001215277777778
"Missouri, US",1,5.002083333333333
"Slovenia, SI",1,4.875260416666666
