geolocation,n_offers,median_per_gpu_dph
"Japan, JP",20,3.7358309259259257
", US",19,3.6734444444444443
"The Netherlands, NL",10,4.400925925925925
"India, IN",9,5.337777777777777
"Taiwan, TW",9,3.0006666666666666
"Washington, US",9,3.468888888888889
"Czechia, CZ",8,4.601740740740741
"France, FR",4,4.280586419753087
"Montana, US",3,2.6235555555555554
"Malaysia, MY",2,11.345925925925926
"Slovenia, SI",2,2.3335185185185185
"Thailand, TH",2,2.6813888888888893
"Idaho, US",1,2.002222222222222
