geolocation,n_offers,median_per_gpu_dph
", US",15,6.45268817204301
"Japan, JP",8,10.408249462365593
"Washington, US",8,7.743010752688171
"Sweden, SE",6,5.710125448028673
"California, US",5,6.45268817204301
"Oregon, US",4,12.582437275985662
"Texas, US",4,11.61559139784946
"Czechia, CZ",3,18.59182795698925
"Iceland, IS",3,5.806989247311828
"Italy, IT",1,4.7102150537634415
"Michigan, US",1,3.2272401433691753
