geolocation,n_offers,median_per_gpu_dph
"Virginia, US",17,14.254861111111111
"Ohio, US",11,16.25486111111111
"Oregon, US",8,15.002604166666668
"Maryland, US",4,19.212152777777778
"Mexico, MX",4,16.87673611111111
", US",3,8.126215277777778
"Slovenia, SI",1,4.812760416666666
