geolocation,n_offers,median_per_gpu_dph
"Virginia, US",12,9.378125
"Ohio, US",8,11.754861111111111
"Oregon, US",7,20.004166666666666
"Maryland, US",4,15.793576388888887
", US",2,8.815538194444445
"Slovenia, SI",1,4.812673611111111
