geolocation,n_offers,median_per_gpu_dph
", US",20,5.734
"Japan, JP",18,3.8694444444444445
"Czechia, CZ",11,4.802666666666666
"Washington, US",8,3.468888888888889
"The Netherlands, NL",7,4.401111111111111
"France, FR",5,3.4239506172839516
"Taiwan, TW",5,2.2117726098191213
"India, IN",3,3.8431481481481486
", RU",2,5.002777777777778
"Malaysia, MY",2,7.2027777777777775
"Slovenia, SI",2,2.3335185185185185
"Germany, DE",1,2.600277777777778
"Idaho, US",1,1.7355555555555555
