geolocation,n_offers,median_per_gpu_dph
"Alabama, US",34,11.878472222222221
"Virginia, US",12,4.488715277777779
"Oregon, US",8,12.952617521367522
"Maryland, US",4,12.490104166666663
"Ohio, US",4,17.974652777777777
", US",3,5.000260416666666
"Slovenia, SI",1,4.375173611111111
