geolocation,n_offers,median_per_gpu_dph
"Japan, JP",22,4.135
", US",14,5.981333333333334
"Washington, US",12,4.002222222222223
"The Netherlands, NL",7,5.334444444444444
"Czechia, CZ",6,4.736
"France, FR",4,4.280586419753087
"India, IN",4,6.1237962962962955
"Oregon, US",4,6.401851851851852
"Taiwan, TW",4,2.158666666666667
"Montana, US",3,3.211111111111111
"Beijing, CN",2,3.500694444444445
"Slovenia, SI",2,2.3335185185185185
"Thailand, TH",2,2.301388888888889
