geolocation,n_offers,median_per_gpu_dph
", US",19,4.404444444444444
"Japan, JP",19,3.2288888888888887
"The Netherlands, NL",9,4.401111111111111
"Czechia, CZ",8,4.601740740740741
"Washington, US",8,3.468888888888889
"Taiwan, TW",6,2.5967777777777776
"France, FR",5,3.4239506172839516
"India, IN",4,5.763796296296297
"Malaysia, MY",3,8.539259259259259
"Montana, US",3,3.602222222222222
", RU",2,2.0027777777777773
"Slovenia, SI",2,2.3335185185185185
"Idaho, US",1,2.002222222222222
