geolocation,n_offers,median_per_gpu_dph
", US",24,7.097849462365591
"Sweden, SE",9,8.5168458781362
"Japan, JP",8,5.43010752688172
"Oregon, US",4,12.38888888888889
"Iceland, IS",3,5.806989247311828
"Washington, US",3,7.743010752688171
"Czechia, CZ",2,23.24956989247312
"Texas, US",2,18.718817204301075
"Michigan, US",1,3.7433691756272403
