geolocation,n_offers,median_per_gpu_dph
", US",29,3.468888888888889
"Japan, JP",18,3.633830925925926
"Czechia, CZ",8,4.469333333333333
"The Netherlands, NL",7,4.401111111111111
"Taiwan, TW",5,2.934
"Washington, US",5,3.468888888888889
"France, FR",4,4.280586419753087
"India, IN",3,7.684444444444445
"Malaysia, MY",3,8.539259259259259
"Montana, US",3,3.210222222222222
", RU",2,2.0027777777777773
"Slovenia, SI",2,2.3335185185185185
"Thailand, TH",2,2.6813888888888893
