geolocation,n_offers,median_per_gpu_dph
", US",15,8.422149122807017
"Japan, JP",12,10.558066520467836
"Saudi Arabia, SA",8,11.251827485380119
"France, FR",5,6.5796052631578945
", CA",4,9.211622807017545
"Czechia, CZ",3,15.792324561403506
"Italy, IT",3,7.632309941520467
"Moscow Oblast, RU",3,2.6337719298245617
"Iceland, IS",2,6.612390350877192
