geolocation,n_offers,median_per_gpu_dph
", US",16,8.422149122807017
"France, FR",8,3.2910179093567247
"Saudi Arabia, SA",8,11.251827485380119
"Japan, JP",7,14.819222222222225
"Italy, IT",4,5.888797514619883
"Iceland, IS",3,8.29002192982456
", CA",2,6.382264254385966
"Czechia, CZ",2,39.49791666666666
"California, US",1,3.816246345029239
