geolocation,n_offers,median_per_gpu_dph
"Japan, JP",14,0.6003703703703703
", US",12,0.962388888888889
"Taiwan, TW",8,2.135185185185185
"Texas, US",6,1.228148148148148
"Slovenia, SI",4,2.4027777777777777
"Finland, FI",3,4.007407407407407
"Quebec, CA",3,0.9616666666666667
"Brazil, BR",2,0.6009259259259259
"Türkiye, TR",2,1.3349074074074072
"California, US",1,0.6288888888888888
"Spain, ES",1,0.6674074074074073
"Sweden, SE",1,0.5336296296296297
