geolocation,n_offers,median_per_gpu_dph
", US",24,3.341166666666666
"Japan, JP",16,3.5098309259259253
"Czechia, CZ",8,4.469333333333333
"Washington, US",8,3.468888888888889
"India, IN",7,7.684444444444445
"The Netherlands, NL",6,6.602037037037036
"France, FR",5,3.4239506172839516
"Montana, US",3,2.9702222222222225
"Taiwan, TW",3,12.010666666666667
"Malaysia, MY",2,11.345925925925926
"Slovenia, SI",2,2.3335185185185185
"Thailand, TH",2,2.6813888888888893
"Idaho, US",1,2.002222222222222
