geolocation,n_offers,median_per_gpu_dph
", US",22,4.965833333333334
"Japan, JP",19,3.737777777777777
"Washington, US",12,3.468888888888889
"The Netherlands, NL",9,4.401111111111111
"Czechia, CZ",8,4.469333333333333
"India, IN",7,3.8431481481481486
"Taiwan, TW",6,2.6512823309934967
"France, FR",5,3.4239506172839516
"Montana, US",3,2.090222222222222
"Malaysia, MY",2,10.679259259259258
"Slovenia, SI",2,2.3335185185185185
"Thailand, TH",2,2.6813888888888893
"Virginia, US",1,1.788888888888889
