geolocation,n_offers,median_per_gpu_dph
"Virginia, US",15,14.151041666666668
"Oregon, US",12,15.002604166666668
"Ohio, US",8,15.004861111111113
"Maryland, US",4,18.312152777777776
"Mexico, MX",4,16.87673611111111
", US",2,11.253038194444446
"Slovenia, SI",1,4.812673611111111
