geolocation,n_offers,median_per_gpu_dph
", US",19,7.369517543859649
"Japan, JP",9,6.665331871345029
"Czechia, CZ",4,8.868969298245613
"France, FR",4,5.9226655348047546
"Sweden, SE",4,11.251827485380119
", CA",3,7.106359649122807
"Saudi Arabia, SA",3,6.421783625730994
"Iceland, IS",2,3.158442982456141
"Italy, IT",2,3.487207602339181
"New Jersey, US",1,1.3172514619883042
