geolocation,n_offers,median_per_gpu_dph
"Virginia, US",14,10.690538194444445
"Ohio, US",9,15.004861111111113
"Oregon, US",8,15.002604166666668
"Maryland, US",4,17.146180555555556
", US",2,11.253038194444446
"Mexico, MX",1,6.6877604166666655
"Slovenia, SI",1,4.812760416666666
