geolocation,n_offers,median_per_gpu_dph
"Virginia, US",12,10.190972222222221
", US",11,12.501041666666667
"Ohio, US",8,14.50486111111111
"Mexico, MX",5,11.250694444444445
"Maryland, US",4,25.287152777777777
"Oregon, US",4,18.752604166666668
"India, IN",1,8.751215277777778
"Slovenia, SI",1,4.812673611111111
