geolocation,n_offers,median_per_gpu_dph
", US",16,1.1675925925925925
"Japan, JP",16,0.934074074074074
"Texas, US",8,1.2348148148148148
"Taiwan, TW",7,3.204444444444444
"Slovenia, SI",4,2.4027777777777777
"Finland, FI",3,3.2074074074074073
"Quebec, CA",3,0.9616666666666667
"Türkiye, TR",3,1.0674074074074074
"Brazil, BR",2,0.6009259259259259
"Spain, ES",2,1.6729629629629628
"South Korea, KR",1,1.5496296296296297
"Sweden, SE",1,0.5336296296296297
"Virginia, US",1,0.2688888888888889
