geolocation,n_offers,median_per_gpu_dph
"Vietnam, VN",5,0.5627777777777778
"Finland, FI",4,1.7255555555555557
"New York, US",2,0.7818518518518519
"Belarus, BY",1,0.2674074074074074
