geolocation,n_offers,median_per_gpu_dph
", US",11,2.4037037037037035
"Japan, JP",8,0.8139814814814814
"Taiwan, TW",8,1.682777777777778
"Texas, US",8,0.948148148148148
"Virginia, US",8,1.1214814814814815
"Finland, FI",4,1.8046296296296296
"Slovenia, SI",4,2.202777777777778
"Quebec, CA",3,0.9416666666666665
"Oregon, US",2,0.9009259259259259
"Spain, ES",2,0.8024691358024691
"Sweden, SE",1,0.45362962962962966
"Türkiye, TR",1,0.5335185185185185
