geolocation,n_offers,median_per_gpu_dph
"Virginia, US",14,14.254861111111111
"Ohio, US",7,15.004861111111113
"Oregon, US",7,20.004166666666666
"Maryland, US",4,15.793576388888887
", US",3,7.501215277777779
"Slovenia, SI",1,4.812673611111111
