geolocation,n_offers,median_per_gpu_dph
", US",13,8.422149122807017
"Saudi Arabia, SA",8,11.804459064327487
"Japan, JP",7,15.850801169590643
"Czechia, CZ",4,23.691337719298243
"Italy, IT",4,5.954495614035087
", CA",3,9.211622807017545
"France, FR",3,3.684484649122806
"Iceland, IS",2,6.875548245614034
