geolocation,n_offers,median_per_gpu_dph
", US",18,1.1009259259259259
"Japan, JP",18,0.934074074074074
"Texas, US",9,1.2555555555555553
"Taiwan, TW",8,2.135185185185185
"Slovenia, SI",4,2.4027777777777777
"Finland, FI",3,3.2074074074074073
"Quebec, CA",3,0.9616666666666667
"Spain, ES",3,1.3362962962962963
"Türkiye, TR",3,1.0674074074074074
"Brazil, BR",1,0.4003703703703703
"South Korea, KR",1,0.7744444444444444
"Sweden, SE",1,0.5336296296296297
