geolocation,n_offers,median_per_gpu_dph
", US",27,6.973118279569893
"Sweden, SE",9,8.5168458781362
"Japan, JP",8,5.713655913978494
"Czechia, CZ",4,13.94247311827957
"Oregon, US",4,12.38888888888889
"Iceland, IS",3,5.806989247311828
"Michigan, US",1,3.7433691756272403
