geolocation,n_offers,median_per_gpu_dph
"Alabama, US",40,10.000694444444445
"Japan, JP",17,3.5049999999999994
", US",5,7.128472222222222
"Ohio, US",5,27.522222222222222
"Virginia, US",5,7.500694444444445
"United Kingdom, GB",4,16.127604166666664
"Australia, AU",3,6.3438888888888885
"Maryland, US",2,6.450651041666667
"Netherlands, NL",2,17.199305555555554
"Oregon, US",2,5.906901041666666
"Slovenia, SI",1,4.1252604166666655
