geolocation,n_offers,median_per_gpu_dph
", US",13,1.0675925925925926
"Japan, JP",13,0.6003703703703703
"Taiwan, TW",8,2.4018518518518515
"Texas, US",6,1.0774814814814815
"Slovenia, SI",4,2.4027777777777777
"Türkiye, TR",4,1.6018518518518516
"Quebec, CA",3,0.9616666666666667
"Brazil, BR",2,0.6009259259259259
"Finland, FI",1,1.0004629629629629
"Spain, ES",1,0.6677777777777777
"Sweden, SE",1,0.5337777777777778
