geolocation,n_offers,median_per_gpu_dph
", US",20,7.355913978494623
"Japan, JP",8,11.03663799283154
"Sweden, SE",6,6.387544802867383
"Czechia, CZ",4,13.94247311827957
"France, FR",4,5.808064516129032
"Oregon, US",4,13.937275985663083
"Washington, US",4,11.61559139784946
"Iceland, IS",3,6.4521505376344095
"Texas, US",2,19.36397849462365
"Italy, IT",1,6.4521505376344095
"Michigan, US",1,3.872401433691756
