geolocation,n_offers,median_per_gpu_dph
"Alabama, US",36,7.850694444444445
"Japan, JP",17,2.505
"Ohio, US",16,21.26388888888889
", US",5,7.128472222222222
"United Kingdom, GB",4,16.127604166666664
"Virginia, US",4,10.814583333333335
"Australia, AU",3,6.240972222222222
"Maryland, US",2,6.450651041666667
"Netherlands, NL",2,18.761805555555558
"Oregon, US",2,5.906901041666666
"Slovenia, SI",1,4.1252604166666655
