geolocation,n_offers,median_per_gpu_dph
", US",11,2.4037037037037035
"Texas, US",9,1.0955555555555554
"Virginia, US",9,1.1214814814814815
"Taiwan, TW",8,1.682777777777778
"Japan, JP",7,0.6938888888888889
"Finland, FI",4,1.8046296296296296
"Slovenia, SI",4,2.202777777777778
"Quebec, CA",3,0.9416666666666665
,3,1.2014814814814814
"Spain, ES",2,0.8024691358024691
"Türkiye, TR",2,1.3349074074074072
"Sweden, SE",1,0.45362962962962966
