geolocation,n_offers,median_per_gpu_dph
"Vietnam, VN",7,0.6827777777777778
"Poland, PL",6,0.6178703703703703
"Finland, FI",4,1.7255555555555557
"New York, US",2,0.8218518518518518
