geolocation,n_offers,median_per_gpu_dph
"Alabama, US",38,9.000694444444445
"Japan, JP",18,2.628125
"Ohio, US",9,15.005208333333336
", US",5,7.128472222222222
"United Kingdom, GB",4,16.127604166666664
"Virginia, US",4,11.251736111111112
"Australia, AU",3,6.240972222222222
"Netherlands, NL",3,27.522222222222222
"Maryland, US",2,6.450651041666667
"Oregon, US",2,5.906901041666666
"Slovenia, SI",1,4.1252604166666655
