geolocation,n_offers,median_per_gpu_dph
"Taiwan, TW",11,1.2277777777777779
", US",9,2.137037037037037
"Japan, JP",8,0.9344444444444444
"Virginia, US",8,1.1208518518518518
"Texas, US",6,0.6739814814814814
"Finland, FI",5,2.4074074074074074
"Ohio, US",4,0.5182222222222223
"Slovenia, SI",4,2.202777777777778
"Quebec, CA",3,0.9816666666666666
"Spain, ES",3,0.6011111111111112
"Türkiye, TR",3,1.0674074074074074
"California, US",1,0.6288888888888888
