geolocation,n_offers,median_per_gpu_dph
"Japan, JP",21,0.934074074074074
", US",18,1.1009259259259259
"Taiwan, TW",7,3.2029629629629626
"Texas, US",5,1.2007407407407407
"Slovenia, SI",4,2.4027777777777777
"Türkiye, TR",4,1.6018518518518516
"Finland, FI",3,3.2074074074074073
"Quebec, CA",3,0.9616666666666667
"Spain, ES",2,1.0018518518518518
"Brazil, BR",1,0.4003703703703703
"South Korea, KR",1,0.7744444444444444
"Sweden, SE",1,0.5336296296296297
