geolocation,n_offers,median_per_gpu_dph
", US",12,0.962388888888889
"Japan, JP",12,0.7672222222222221
"Texas, US",9,1.202222222222222
"Taiwan, TW",8,2.135185185185185
"Slovenia, SI",4,2.4027777777777777
"Quebec, CA",3,0.9616666666666667
"Türkiye, TR",3,1.0674074074074074
"Brazil, BR",2,0.6027777777777777
"California, US",1,0.6288888888888888
"Finland, FI",1,0.8004629629629629
"India, IN",1,2.442222222222222
"Spain, ES",1,0.6677777777777777
"Sweden, SE",1,0.5337777777777778
