geolocation,n_offers,median_per_gpu_dph
"Alabama, US",35,7.625694444444443
"Ohio, US",17,13.755555555555556
"Oregon, US",7,7.876041666666665
", US",5,7.128472222222222
"Japan, JP",3,7.251041666666666
"Maryland, US",2,6.450651041666667
"Netherlands, NL",2,15.605555555555554
"Slovenia, SI",1,4.1252604166666655
"Virginia, US",1,7.238888888888889
