geolocation,n_offers,median_per_gpu_dph
", US",15,7.369517543859649
"Japan, JP",8,8.898855994152047
", CA",5,7.106359649122807
"France, FR",5,6.5796052631578945
"Czechia, CZ",4,23.691337719298243
"Saudi Arabia, SA",4,9.08077485380117
"Iceland, IS",2,3.9479166666666656
"Italy, IT",2,3.618786549707602
