geolocation,n_offers,median_per_gpu_dph
", US",29,3.927222222222222
"Japan, JP",13,3.737777777777777
"Czechia, CZ",8,4.735074074074074
"India, IN",8,5.763796296296297
"Washington, US",8,3.468888888888889
"The Netherlands, NL",7,4.401111111111111
"Taiwan, TW",6,12.010666666666667
"France, FR",5,3.4239506172839516
"Malaysia, MY",4,6.803703703703704
"Montana, US",3,2.9702222222222225
"Slovenia, SI",2,2.3335185185185185
"Thailand, TH",2,2.6813888888888893
"Idaho, US",1,2.002222222222222
