geolocation,n_offers,median_per_gpu_dph
", US",17,8.422149122807017
"France, FR",8,3.2910179093567247
"Japan, JP",8,13.090961257309942
", CA",4,8.68530701754386
"Saudi Arabia, SA",4,11.251827485380119
"Iceland, IS",3,6.053179824561404
"Italy, IT",3,4.474232456140351
"Czechia, CZ",2,39.49791666666666
"California, US",1,3.94782529239766
