geolocation,n_offers,median_per_gpu_dph
"Japan, JP",19,0.934074074074074
", US",18,1.1009259259259259
"Taiwan, TW",6,2.936296296296296
"Texas, US",5,1.2007407407407407
"Slovenia, SI",4,2.4027777777777777
"Finland, FI",3,3.2074074074074073
"Quebec, CA",3,0.9616666666666667
"Spain, ES",3,1.3362962962962963
"Türkiye, TR",3,1.0674074074074074
"Brazil, BR",1,0.4003703703703703
"California, US",1,0.6288888888888888
"Sweden, SE",1,0.5336296296296297
