geolocation,n_offers,median_per_gpu_dph
"Japan, JP",18,3.8694444444444445
", US",14,4.989111111111111
"Czechia, CZ",12,4.705629629629629
"Washington, US",8,3.468888888888889
"The Netherlands, NL",7,4.401111111111111
"Taiwan, TW",5,2.2724444444444445
"France, FR",4,4.280586419753087
"India, IN",3,3.8431481481481486
", RU",2,3.0027777777777778
"Idaho, US",2,1.8688888888888888
"Malaysia, MY",2,3.6006944444444446
"Slovenia, SI",2,2.3335185185185185
"Germany, DE",1,2.600277777777778
