geolocation,n_offers,median_per_gpu_dph
"Japan, JP",21,0.934074074074074
", US",8,0.6421111111111112
"Texas, US",8,1.228148148148148
"Taiwan, TW",7,2.6696296296296294
"Slovenia, SI",4,2.4027777777777777
"Türkiye, TR",4,1.6018518518518516
"Finland, FI",3,4.007407407407407
"Quebec, CA",3,0.9616666666666667
"Brazil, BR",2,0.6009259259259259
"California, US",1,0.6288888888888888
"Spain, ES",1,0.6674074074074073
"Sweden, SE",1,0.5336296296296297
