geolocation,n_offers,median_per_gpu_dph
", US",17,8.422149122807017
"Japan, JP",11,14.819222222222225
"Saudi Arabia, SA",8,12.041301169590644
"France, FR",5,7.369078947368421
"Italy, IT",4,4.474232456140351
"Iceland, IS",3,10.461074561403509
"Czechia, CZ",2,39.49791666666666
", CA",1,9.211622807017545
"California, US",1,3.816246345029239
