geolocation,n_offers,median_per_gpu_dph
"Virginia, US",10,11.115972222222222
"Ohio, US",9,14.50486111111111
"Oregon, US",8,18.752604166666668
", US",5,7.750260416666666
"Mexico, MX",4,16.87673611111111
"Maryland, US",3,31.205555555555552
"India, IN",1,8.001215277777778
"Slovenia, SI",1,4.875260416666666
