geolocation,n_offers,median_per_gpu_dph
"Japan, JP",17,0.934074074074074
", US",16,1.1675925925925925
"Taiwan, TW",8,2.0018518518518515
"Texas, US",6,1.228148148148148
"Slovenia, SI",4,2.4027777777777777
"Türkiye, TR",4,1.6018518518518516
"Finland, FI",3,4.007407407407407
"Quebec, CA",3,0.9616666666666667
"Spain, ES",3,1.3362962962962963
"Brazil, BR",1,0.4003703703703703
"Sweden, SE",1,0.5336296296296297
