geolocation,n_offers,median_per_gpu_dph
", US",11,2.4037037037037035
"Virginia, US",10,1.1214814814814815
"Japan, JP",9,0.934074074074074
"Taiwan, TW",9,1.1211111111111112
"Texas, US",8,0.948148148148148
"Finland, FI",4,1.8046296296296296
"Slovenia, SI",4,2.202777777777778
"Quebec, CA",3,0.9416666666666665
"California, US",1,0.6288888888888888
"Sweden, SE",1,0.45362962962962966
"Türkiye, TR",1,0.46685185185185185
