geolocation,n_offers,median_per_gpu_dph
"Japan, JP",11,11.061327485380117
"Saudi Arabia, SA",8,9.08077485380117
", CA",5,7.106359649122807
"Czechia, CZ",4,15.007127192982455
"Indonesia, ID",4,11.844846491228068
"Iceland, IS",2,4.243969298245615
"Italy, IT",2,5.790113304093566
", US",1,6.319444444444445
"France, FR",1,2.8976608187134505
