geolocation,n_offers,median_per_gpu_dph
", US",11,2.4037037037037035
"Taiwan, TW",10,1.1211111111111112
"Virginia, US",10,1.1214814814814815
"Japan, JP",9,1.2014814814814814
"Texas, US",7,1.0955555555555554
"Finland, FI",4,1.8046296296296296
"Slovenia, SI",4,2.202777777777778
"Quebec, CA",3,0.9416666666666665
"Türkiye, TR",2,0.7004629629629628
"Sweden, SE",1,0.45362962962962966
