geolocation,n_offers,median_per_gpu_dph
"Virginia, US",12,14.254861111111111
"Ohio, US",8,15.004861111111113
"Oregon, US",7,20.004166666666666
"Maryland, US",4,15.793576388888887
", US",2,11.253038194444446
"Slovenia, SI",1,4.812673611111111
