geolocation,n_offers,median_per_gpu_dph
"Japan, JP",19,3.737777777777777
", US",13,5.040444444444445
"Czechia, CZ",9,8.544
"Washington, US",8,3.468888888888889
"The Netherlands, NL",7,4.401111111111111
"Taiwan, TW",4,2.4206250346035536
"France, FR",3,5.137222222222222
"India, IN",3,3.8411111111111116
"Malaysia, MY",3,4.801111111111111
"Montana, US",3,3.211111111111111
"Idaho, US",2,1.8688888888888888
"Slovenia, SI",2,2.3335185185185185
"Germany, DE",1,3.000277777777778
