geolocation,n_offers,median_per_gpu_dph
", US",25,3.311111111111111
"Japan, JP",16,3.7358309259259257
"Czechia, CZ",7,4.402666666666666
"India, IN",6,5.767870370370371
"Taiwan, TW",6,12.010666666666667
"The Netherlands, NL",6,6.601851851851851
"France, FR",5,3.4239506172839516
"Washington, US",5,3.468888888888889
"Malaysia, MY",3,9.072592592592592
"Montana, US",3,2.9711111111111115
"Slovenia, SI",2,2.3335185185185185
"Thailand, TH",2,2.6813888888888893
"Idaho, US",1,2.002222222222222
