geolocation,n_offers,median_per_gpu_dph
"Japan, JP",19,3.3618840740740743
", US",16,5.474
"The Netherlands, NL",10,4.400925925925925
"Washington, US",10,3.468888888888889
"Czechia, CZ",9,8.810666666666666
"France, FR",5,3.4239506172839516
"Taiwan, TW",5,2.2724444444444445
"India, IN",4,5.767870370370371
"Malaysia, MY",3,4.801111111111111
"Slovenia, SI",2,2.3335185185185185
"Germany, DE",1,3.000277777777778
"Idaho, US",1,1.7355555555555555
