geolocation,n_offers,median_per_gpu_dph
", US",22,2.922361111111111
"Japan, JP",17,3.737777777777777
"The Netherlands, NL",11,4.400740740740741
"Czechia, CZ",8,4.814962962962962
"Washington, US",8,3.468888888888889
"India, IN",7,7.684444444444445
"France, FR",4,4.280586419753087
"Montana, US",3,2.9702222222222225
"Taiwan, TW",3,12.010666666666667
"Malaysia, MY",2,11.345925925925926
"Slovenia, SI",2,2.3335185185185185
"Thailand, TH",2,2.6813888888888893
"Idaho, US",1,2.002222222222222
