geolocation,n_offers,median_per_gpu_dph
"Alabama, US",37,8.000694444444445
"Ohio, US",15,15.005555555555558
"Oregon, US",7,7.876041666666665
", US",6,7.189756944444444
"Japan, JP",6,7.251041666666666
"Maryland, US",2,6.450651041666667
"Netherlands, NL",2,18.761805555555558
"Slovenia, SI",1,4.12517361111111
"Virginia, US",1,6.826388888888888
