geolocation,n_offers,median_per_gpu_dph
"Japan, JP",16,0.934074074074074
"Taiwan, TW",9,1.6007407407407406
"Texas, US",9,1.2555555555555553
", US",8,0.6421111111111112
"Slovenia, SI",4,2.4027777777777777
"Finland, FI",3,3.2074074074074073
"Quebec, CA",3,0.9616666666666667
"Brazil, BR",2,0.6009259259259259
"Türkiye, TR",2,0.8004629629629629
"South Korea, KR",1,1.551111111111111
"Spain, ES",1,0.6674074074074073
"Sweden, SE",1,0.5336296296296297
