geolocation,n_offers,median_per_gpu_dph
"Japan, JP",20,3.483333333333333
", US",18,4.516
"Czechia, CZ",8,4.46962962962963
"The Netherlands, NL",8,4.400925925925925
"Taiwan, TW",5,2.140016115139896
"France, FR",4,4.280586419753087
"India, IN",4,5.763796296296297
"Washington, US",4,3.468888888888889
", RU",2,2.0027777777777773
"Idaho, US",2,2.002222222222222
"Malaysia, MY",2,6.4037037037037035
"Slovenia, SI",2,2.3335185185185185
