geolocation,n_offers,median_per_gpu_dph
", US",18,7.369517543859649
"Japan, JP",13,6.665331871345029
"Czechia, CZ",4,12.630811403508773
"France, FR",4,5.9226655348047546
"Iceland, IS",4,3.553179824561404
"Sweden, SE",4,11.251827485380119
", CA",3,7.106359649122807
"Saudi Arabia, SA",3,6.421783625730994
"Italy, IT",2,5.5269554093567255
