geolocation,n_offers,median_per_gpu_dph
", US",20,6.904301075268817
"Sweden, SE",10,8.5168458781362
"Japan, JP",8,11.281797849462366
"Oregon, US",5,8.362007168458781
"California, US",4,9.68010752688172
"Czechia, CZ",3,18.59182795698925
"Iceland, IS",3,5.677956989247313
"Italy, IT",1,5.226344086021506
"Michigan, US",1,3.7433691756272403
