geolocation,n_offers,median_per_gpu_dph
"Taiwan, TW",12,1.7227777777777777
", US",11,2.4037037037037035
"Virginia, US",11,1.1214814814814815
"Japan, JP",6,0.9344444444444444
"Texas, US",6,0.948148148148148
"Finland, FI",4,1.8046296296296296
"Slovenia, SI",4,2.202777777777778
"Quebec, CA",3,0.9816666666666666
"Spain, ES",3,0.6011111111111112
"Türkiye, TR",2,0.8004629629629629
"California, US",1,0.6288888888888888
