geolocation,n_offers,median_per_gpu_dph
", US",11,2.4037037037037035
"Taiwan, TW",10,1.1211111111111112
"Virginia, US",10,1.1214814814814815
"Texas, US",9,1.1222222222222222
"Japan, JP",7,1.2014814814814814
"Slovenia, SI",4,2.202777777777778
"Finland, FI",3,2.4074074074074074
"Quebec, CA",3,0.9416666666666665
"Türkiye, TR",2,0.7004629629629628
"California, US",1,0.6288888888888888
"Sweden, SE",1,0.45362962962962966
