geolocation,n_offers,median_per_gpu_dph
", US",20,8.422149122807017
"Japan, JP",6,7.02191081871345
", CA",5,8.027412280701755
"France, FR",5,6.5796052631578945
"Czechia, CZ",4,23.691337719298243
"Saudi Arabia, SA",4,9.08077485380117
"Italy, IT",3,7.632309941520467
"Iceland, IS",2,4.704495614035087
"Georgia, US",1,1.3172514619883042
