geolocation,n_offers,median_per_gpu_dph
"Virginia, US",15,9.90486111111111
"Ohio, US",10,9.96736111111111
"Oregon, US",8,14.377604166666668
"Maryland, US",4,12.493576388888886
", US",2,7.409288194444445
"Slovenia, SI",1,4.375173611111111
