geolocation,n_offers,median_per_gpu_dph
", US",16,8.158991228070176
"Japan, JP",8,10.833066520467835
"France, FR",5,6.5796052631578945
"Czechia, CZ",4,23.691337719298243
"Saudi Arabia, SA",4,9.08077485380117
", CA",2,6.04015899122807
"Iceland, IS",2,4.2110745614035086
"Italy, IT",2,5.954586988304094
"Georgia, US",1,1.3172514619883042
