geolocation,n_offers,median_per_gpu_dph
"Vietnam, VN",6,0.5912962962962963
"Finland, FI",4,1.7255555555555557
"New York, US",2,0.791851851851852
"Kansas, US",1,0.40148148148148144
"Poland, PL",1,0.4540740740740741
