geolocation,n_offers,median_per_gpu_dph
", US",18,1.1009259259259259
"Japan, JP",18,0.800648148148148
"Taiwan, TW",7,2.6696296296296294
"Texas, US",5,1.2007407407407407
"Türkiye, TR",5,1.0674074074074074
"Slovenia, SI",4,2.4027777777777777
"Finland, FI",3,3.2074074074074073
"Quebec, CA",3,0.9616666666666667
"Brazil, BR",1,0.4003703703703703
"South Korea, KR",1,1.551111111111111
"Spain, ES",1,0.6674074074074073
"Sweden, SE",1,0.5336296296296297
