geolocation,n_offers,median_per_gpu_dph
", US",16,4.795999999999999
"Japan, JP",16,3.4699999999999998
"Czechia, CZ",9,4.802666666666666
"The Netherlands, NL",6,6.602037037037036
"France, FR",5,3.4239506172839516
"Taiwan, TW",5,2.2591111111111113
"Washington, US",5,3.468888888888889
"India, IN",4,5.763796296296297
"Malaysia, MY",3,8.539259259259259
", RU",2,2.0027777777777773
"Idaho, US",2,1.8688888888888888
"Slovenia, SI",2,2.3335185185185185
"Germany, DE",1,2.600277777777778
