geolocation,n_offers,median_per_gpu_dph
"Virginia, US",12,7.440538194444445
"Ohio, US",10,9.96736111111111
"Oregon, US",7,18.754166666666666
"Maryland, US",4,12.493576388888886
", US",2,7.409288194444445
"Slovenia, SI",1,4.375260416666666
