geolocation,n_offers,median_per_gpu_dph
", US",19,8.422149122807017
"Japan, JP",12,10.667277046783626
"France, FR",5,6.5796052631578945
"Czechia, CZ",4,23.691337719298243
"Saudi Arabia, SA",4,9.08077485380117
", CA",2,6.04015899122807
"Iceland, IS",2,4.540021929824562
"Italy, IT",2,6.382218567251462
"Georgia, US",1,1.3172514619883042
