geolocation,n_offers,median_per_gpu_dph
", US",21,6.968817204301075
"Japan, JP",8,5.938594623655913
"Sweden, SE",8,8.5168458781362
"California, US",4,9.68010752688172
"Oregon, US",4,12.38888888888889
"Czechia, CZ",3,18.59182795698925
"Iceland, IS",3,5.4844086021505385
"Italy, IT",1,5.290860215053764
"Michigan, US",1,3.7433691756272403
