geolocation,n_offers,median_per_gpu_dph
"Japan, JP",16,8.9778033625731
", US",15,7.369517543859649
"France, FR",5,6.5796052631578945
"Czechia, CZ",4,23.691337719298243
", CA",3,7.106359649122807
"Saudi Arabia, SA",3,12.108187134502923
"Iceland, IS",2,3.3558114035087723
"Italy, IT",2,5.494060672514619
