geolocation,n_offers,median_per_gpu_dph
"Alabama, US",40,12.821180555555555
"Virginia, US",9,8.17986111111111
"Oregon, US",8,12.952617521367522
"Maryland, US",4,12.490104166666663
", US",3,5.000260416666666
"Ohio, US",3,19.969444444444445
"Slovenia, SI",1,4.375173611111111
