geolocation,n_offers,median_per_gpu_dph
"Japan, JP",12,9.322540204678363
", CA",5,7.106359649122807
"Czechia, CZ",4,23.691337719298243
"Indonesia, ID",4,11.844846491228068
"Saudi Arabia, SA",4,9.08077485380117
"Iceland, IS",2,3.947916666666667
"Italy, IT",2,5.55985014619883
", US",1,6.319444444444445
"France, FR",1,2.8976608187134505
