geolocation,n_offers,median_per_gpu_dph
"Alabama, US",32,12.821180555555555
"Virginia, US",19,8.679861111111112
"Maryland, US",4,12.493576388888886
"Ohio, US",4,13.887152777777779
"Oregon, US",2,6.563167735042736
"Slovenia, SI",1,4.375173611111111
