geolocation,n_offers,median_per_gpu_dph
"Japan, JP",15,0.6003703703703703
", US",14,0.8571851851851853
"Texas, US",9,1.2555555555555553
"Taiwan, TW",7,1.601111111111111
"Slovenia, SI",4,2.4027777777777777
"Türkiye, TR",4,1.6018518518518516
"Quebec, CA",3,0.9616666666666667
"Brazil, BR",2,0.6009259259259259
"Finland, FI",1,0.8004629629629629
"Spain, ES",1,0.6677777777777777
"Sweden, SE",1,0.5337777777777778
