geolocation,n_offers,median_per_gpu_dph
", US",15,8.422149122807017
"Japan, JP",7,14.535011695906432
"France, FR",5,6.5796052631578945
"Italy, IT",4,6.18485014619883
"Saudi Arabia, SA",4,11.251827485380119
"Moscow Oblast, RU",3,2.6337719298245617
", CA",2,6.908580043859649
"Czechia, CZ",2,39.49791666666666
"Iceland, IS",2,7.105811403508772
