geolocation,n_offers,median_per_gpu_dph
", US",19,7.369517543859649
"Japan, JP",9,7.025858187134503
"Saudi Arabia, SA",8,10.225511695906432
"France, FR",5,3.9480135823429543
"Sweden, SE",4,11.251827485380119
", CA",3,6.843201754385965
"Czechia, CZ",2,39.49791666666666
"Iceland, IS",2,3.2242324561403506
"Italy, IT",2,3.487207602339181
"New Jersey, US",1,1.3172514619883042
