geolocation,n_offers,median_per_gpu_dph
"Alabama, US",32,11.250694444444445
"Japan, JP",18,12.47625
"Ohio, US",10,17.888194444444444
", US",7,7.128472222222222
"Oregon, US",7,7.876041666666665
"United Kingdom, GB",4,16.127604166666664
"Australia, AU",2,5.6267361111111125
"Maryland, US",2,6.450651041666667
"Netherlands, NL",2,17.199305555555554
"Slovenia, SI",2,4.1252170138888875
"Virginia, US",1,6.251388888888889
