geolocation,n_offers,median_per_gpu_dph
"Taiwan, TW",14,1.1211111111111112
", US",11,2.4037037037037035
"Texas, US",9,1.1222222222222222
"Japan, JP",7,0.934074074074074
"Virginia, US",7,1.1214814814814815
"Finland, FI",4,1.8046296296296296
"Slovenia, SI",4,2.202777777777778
"Quebec, CA",3,0.9416666666666665
"Sweden, SE",1,0.45362962962962966
"Türkiye, TR",1,0.46685185185185185
