geolocation,n_offers,median_per_gpu_dph
"Virginia, US",11,7.126215277777778
"Ohio, US",10,14.50486111111111
", US",5,7.750260416666666
"Mexico, MX",5,11.250694444444445
"Oregon, US",4,18.752604166666668
"Maryland, US",3,16.855555555555554
"India, IN",1,9.376215277777778
"Slovenia, SI",1,4.875260416666666
