geolocation,n_offers,median_per_gpu_dph
"Japan, JP",16,3.8694444444444445
", US",13,5.520296296296296
"Czechia, CZ",9,9.077333333333334
"Washington, US",8,3.468888888888889
"The Netherlands, NL",6,6.602037037037036
"France, FR",5,3.4239506172839516
"Taiwan, TW",5,2.2191111111111113
"India, IN",4,5.767870370370371
"Malaysia, MY",2,12.009444444444444
"Montana, US",2,2.9013888888888895
"Slovenia, SI",2,2.3335185185185185
"Germany, DE",1,3.000277777777778
"Idaho, US",1,1.7355555555555555
