geolocation,n_offers,median_per_gpu_dph
"Virginia, US",17,15.004861111111113
"Oregon, US",8,19.377604166666668
"Ohio, US",7,13.504861111111111
"Mexico, MX",4,16.87673611111111
", US",3,6.751215277777778
"Maryland, US",3,31.205555555555552
,2,11.253038194444446
"Slovenia, SI",1,4.812673611111111
