geolocation,n_offers,median_per_gpu_dph
"Virginia, US",19,9.95486111111111
"Ohio, US",10,9.96736111111111
"Oregon, US",7,18.754166666666666
"Maryland, US",4,12.493576388888886
", US",2,7.690060763888889
"Slovenia, SI",1,4.375260416666666
