geolocation,n_offers,median_per_gpu_dph
", US",16,8.422149122807017
"Japan, JP",8,9.419908625730994
"Saudi Arabia, SA",8,11.251827485380119
"France, FR",5,6.5796052631578945
", CA",4,9.211622807017545
"Italy, IT",3,7.632309941520467
"Czechia, CZ",2,18.747916666666665
"Iceland, IS",2,6.776864035087719
