geolocation,n_offers,median_per_gpu_dph
"Alabama, US",34,7.650694444444444
"Ohio, US",15,13.755555555555556
"Oregon, US",7,15.754166666666663
", US",6,7.189756944444444
"Japan, JP",3,7.251041666666666
"Maryland, US",2,6.450651041666667
"Netherlands, NL",2,15.605555555555554
"Slovenia, SI",1,4.12517361111111
"Virginia, US",1,7.238888888888889
