geolocation,n_offers,median_per_gpu_dph
"Taiwan, TW",14,1.1211111111111112
", US",11,2.4037037037037035
"Virginia, US",11,1.1214814814814815
"Japan, JP",8,1.0677777777777777
"Texas, US",8,1.0955555555555554
"Finland, FI",4,1.8046296296296296
"Slovenia, SI",4,2.202777777777778
"Quebec, CA",3,0.9416666666666665
"Sweden, SE",1,0.45362962962962966
"Türkiye, TR",1,0.46685185185185185
