geolocation,n_offers,median_per_gpu_dph
"Virginia, US",16,9.917361111111111
"Ohio, US",10,10.692361111111111
"Oregon, US",7,18.754166666666666
"Maryland, US",4,12.493576388888886
", US",2,8.252560763888889
"Slovenia, SI",1,4.75017361111111
