geolocation,n_offers,median_per_gpu_dph
", US",11,2.4037037037037035
"Taiwan, TW",10,1.1211111111111112
"Virginia, US",9,1.1214814814814815
"Japan, JP",8,0.9344444444444444
"Texas, US",8,1.0955555555555554
"Slovenia, SI",4,2.202777777777778
"Finland, FI",3,2.4074074074074074
"Quebec, CA",3,0.9416666666666665
"Sweden, SE",1,0.45362962962962966
"Türkiye, TR",1,0.46685185185185185
