geolocation,n_offers,median_per_gpu_dph
"Virginia, US",13,14.254861111111111
"Ohio, US",8,15.004861111111113
"Oregon, US",7,20.004166666666666
"Maryland, US",4,17.146180555555556
", US",2,11.253038194444446
"Mexico, MX",1,6.6877604166666655
"Slovenia, SI",1,4.812760416666666
