geolocation,n_offers,median_per_gpu_dph
"Japan, JP",16,0.7672222222222221
", US",14,0.8571851851851853
"Taiwan, TW",8,2.135185185185185
"Texas, US",6,1.0948148148148147
"Slovenia, SI",4,2.4027777777777777
"Finland, FI",3,4.007407407407407
"Quebec, CA",3,0.9616666666666667
"Türkiye, TR",3,1.0674074074074074
"Brazil, BR",2,0.6009259259259259
"Spain, ES",1,0.6677777777777777
"Sweden, SE",1,0.5336296296296297
