geolocation,n_offers,median_per_gpu_dph
"Taiwan, TW",12,1.7227777777777777
", US",11,2.4037037037037035
"Virginia, US",8,1.1214814814814815
"Japan, JP",7,0.934074074074074
"Texas, US",5,0.8007407407407406
"Finland, FI",4,1.8046296296296296
"Slovenia, SI",4,2.202777777777778
"Quebec, CA",3,0.9616666666666667
"Spain, ES",3,0.6011111111111112
"California, US",1,0.6288888888888888
"Oregon, US",1,2.405925925925926
"Türkiye, TR",1,0.5335185185185185
