geolocation,n_offers,median_per_gpu_dph
"Japan, JP",19,3.2288888888888887
", US",12,6.114888888888888
"Czechia, CZ",9,9.077333333333334
"The Netherlands, NL",9,4.400740740740741
"Washington, US",8,3.468888888888889
"Taiwan, TW",6,2.5541528123813313
"France, FR",5,3.4239506172839516
"India, IN",4,5.762777777777778
"Malaysia, MY",3,4.801111111111111
", RU",2,3.0027777777777778
"Idaho, US",2,1.8688888888888888
"Slovenia, SI",2,2.3335185185185185
"Germany, DE",1,2.600277777777778
