geolocation,n_offers,median_per_gpu_dph
"Virginia, US",16,7.440538194444445
"Ohio, US",9,9.979861111111111
"Oregon, US",7,18.754166666666666
"Maryland, US",4,12.493576388888886
", US",3,5.500260416666666
"Slovenia, SI",1,4.375173611111111
