geolocation,n_offers,median_per_gpu_dph
"Virginia, US",10,11.190538194444445
"Ohio, US",8,14.50486111111111
"Oregon, US",7,25.004166666666666
", US",5,7.750260416666666
"Mexico, MX",4,16.87673611111111
"Maryland, US",3,31.205555555555552
"India, IN",1,8.001215277777778
"Slovenia, SI",1,4.812673611111111
