geolocation,n_offers,median_per_gpu_dph
"Ohio, US",10,14.50486111111111
"Virginia, US",9,7.352083333333333
"Oregon, US",7,25.004166666666666
", US",6,7.375737847222222
"Mexico, MX",4,16.87673611111111
"India, IN",3,18.75486111111111
"Maryland, US",3,31.205555555555552
"Slovenia, SI",1,4.875260416666666
