geolocation,n_offers,median_per_gpu_dph
", US",22,5.045694444444445
"Japan, JP",14,3.4733333333333327
"The Netherlands, NL",11,4.400740740740741
"Washington, US",11,3.468888888888889
"Taiwan, TW",9,3.0006666666666666
"Czechia, CZ",8,4.745629629629629
"India, IN",8,5.763796296296297
"France, FR",4,4.280586419753087
"Montana, US",3,2.9702222222222225
"Slovenia, SI",2,2.3335185185185185
"Thailand, TH",2,2.6813888888888893
"Malaysia, MY",1,4.534814814814815
