geolocation,n_offers,median_per_gpu_dph
"Virginia, US",14,9.90486111111111
"Ohio, US",10,10.242361111111112
"Oregon, US",10,9.952951388888888
", US",6,7.940060763888889
"Maryland, US",4,12.493576388888886
"Slovenia, SI",1,4.375173611111111
