geolocation,n_offers,median_per_gpu_dph
"Japan, JP",14,0.7672222222222221
", US",12,0.962388888888889
"Taiwan, TW",7,3.2029629629629626
"Texas, US",5,0.8007407407407406
"Slovenia, SI",4,2.4027777777777777
"Quebec, CA",3,0.9616666666666667
"Türkiye, TR",3,1.0674074074074074
"Brazil, BR",2,0.6027777777777777
"California, US",1,0.6288888888888888
"Finland, FI",1,0.7337962962962964
"Spain, ES",1,0.6677777777777777
"Sweden, SE",1,0.5337777777777778
