geolocation,n_offers,median_per_gpu_dph
", US",11,2.4037037037037035
"Taiwan, TW",8,1.7227777777777777
"Virginia, US",8,1.1214814814814815
"Japan, JP",5,0.6938888888888889
"Texas, US",5,0.8007407407407406
"Finland, FI",4,1.8046296296296296
"Slovenia, SI",4,2.202777777777778
"Oregon, US",3,1.2014814814814814
"Quebec, CA",3,0.9616666666666667
"Spain, ES",2,0.8024691358024691
"Türkiye, TR",2,1.3349074074074072
"California, US",1,0.6288888888888888
"Sweden, SE",1,0.45362962962962966
