geolocation,n_offers,median_per_gpu_dph
", US",12,0.962388888888889
"Japan, JP",12,0.6003703703703703
"Taiwan, TW",8,2.13537037037037
"Texas, US",6,1.0014814814814814
"Slovenia, SI",4,2.4027777777777777
"Türkiye, TR",4,1.6018518518518516
"Quebec, CA",3,0.9616666666666667
"Brazil, BR",2,0.6027777777777777
"California, US",1,0.6288888888888888
"Finland, FI",1,0.8004629629629629
"Spain, ES",1,0.6677777777777777
"Sweden, SE",1,0.5337777777777778
