geolocation,n_offers,median_per_gpu_dph
", US",15,8.158991228070176
"Japan, JP",8,11.201487573099413
"Saudi Arabia, SA",7,12.108187134502923
", CA",5,8.106359649122805
"France, FR",5,6.5796052631578945
"Czechia, CZ",4,23.691337719298243
"Indonesia, ID",4,10.26498538011696
"Iceland, IS",2,4.40844298245614
"Italy, IT",2,6.151955409356724
