geolocation,n_offers,median_per_gpu_dph
"Japan, JP",28,4.001111111111111
", US",13,4.948888888888889
"Washington, US",10,4.002222222222223
"Czechia, CZ",9,8.544
"France, FR",4,4.280586419753087
"India, IN",4,5.763796296296297
"The Netherlands, NL",4,7.201851851851852
"Idaho, US",3,2.002222222222222
"Montana, US",3,3.211111111111111
"Taiwan, TW",3,2.0528888888888885
"Beijing, CN",2,3.500694444444445
"Slovenia, SI",2,2.3335185185185185
"Malaysia, MY",1,4.801111111111111
