geolocation,n_offers,median_per_gpu_dph
", US",16,7.369517543859649
"Japan, JP",8,8.798855994152046
"Germany, DE",6,8.488669590643275
"France, FR",5,3.9480135823429543
"Czechia, CZ",4,23.691337719298243
"Sweden, SE",4,11.251827485380119
", CA",3,6.843201754385965
"Saudi Arabia, SA",3,15.21345029239766
"Iceland, IS",2,3.4216008771929824
"Italy, IT",1,3.0926535087719293
"Kansas, US",1,4.353216374269006
"Oregon, US",1,31.590643274853797
