geolocation,n_offers,median_per_gpu_dph
", US",11,2.4037037037037035
"Taiwan, TW",10,1.1211111111111112
"Japan, JP",7,0.6938888888888889
"Virginia, US",7,1.1214814814814815
"Texas, US",6,0.948148148148148
"Slovenia, SI",4,2.202777777777778
"Türkiye, TR",4,1.4018518518518517
"Finland, FI",3,2.4074074074074074
"Quebec, CA",3,0.9416666666666665
"California, US",1,0.6288888888888888
"Sweden, SE",1,0.45362962962962966
