geolocation,n_offers,median_per_gpu_dph
", US",16,8.290570175438596
"Japan, JP",8,10.544908625730994
"Saudi Arabia, SA",8,9.08077485380117
"France, FR",5,6.5796052631578945
"Czechia, CZ",4,13.42423245614035
", CA",2,6.079632675438594
"Iceland, IS",2,4.211074561403509
"Italy, IT",2,5.658534356725145
"Georgia, US",1,1.3172514619883042
