geolocation,n_offers,median_per_gpu_dph
", US",14,8.158991228070176
"Saudi Arabia, SA",9,15.739766081871347
"Japan, JP",8,13.767277046783626
"Czechia, CZ",4,23.691337719298243
"France, FR",3,3.684484649122806
"Iceland, IS",3,7.040021929824562
"Italy, IT",3,4.40844298245614
", CA",2,6.908580043859649
"California, US",1,3.816246345029239
