geolocation,n_offers,median_per_gpu_dph
"Japan, JP",17,0.6003703703703703
", US",15,0.8571851851851853
"Taiwan, TW",7,2.6696296296296294
"Texas, US",5,1.0407407407407407
"Slovenia, SI",4,2.4027777777777777
"Türkiye, TR",4,1.6018518518518516
"Quebec, CA",3,0.9616666666666667
"Brazil, BR",2,0.6027777777777777
"Finland, FI",1,0.7337962962962964
"Spain, ES",1,0.6677777777777777
"Sweden, SE",1,0.5337777777777778
"Virginia, US",1,0.40148148148148144
