geolocation,n_offers,median_per_gpu_dph
", US",16,8.422149122807017
"Japan, JP",8,11.352803362573098
"Saudi Arabia, SA",7,7.500730994152048
", CA",5,8.158991228070176
"France, FR",5,7.369078947368421
"Iceland, IS",3,5.000548245614035
"Italy, IT",3,6.382127192982455
"Czechia, CZ",2,39.49791666666666
,1,2.5021929824561404
"California, US",1,7.895010964912278
