geolocation,n_offers,median_per_gpu_dph
", US",15,8.422149122807017
"Saudi Arabia, SA",8,11.251827485380119
"Japan, JP",7,15.26132748538012
"France, FR",5,7.369078947368421
"Italy, IT",4,5.724232456140351
", CA",2,6.119106359649123
"Czechia, CZ",2,39.49791666666666
"Iceland, IS",2,4.474232456140351
"California, US",1,7.895010964912278
