geolocation,n_offers,median_per_gpu_dph
", US",13,7.369517543859649
"Japan, JP",12,9.63438230994152
", CA",5,7.106359649122807
"France, FR",5,6.5796052631578945
"Czechia, CZ",4,23.691337719298243
"Saudi Arabia, SA",4,9.08077485380117
"Iceland, IS",2,3.2900219298245617
"Italy, IT",2,5.362481725146198
