geolocation,n_offers,median_per_gpu_dph
", US",15,8.422149122807017
"Japan, JP",8,11.038329678362572
"Saudi Arabia, SA",7,7.500730994152048
", CA",5,9.211622807017545
"France, FR",5,6.5796052631578945
"Indonesia, ID",4,9.871162280701753
"Czechia, CZ",3,31.59035087719298
"Italy, IT",3,7.632309941520467
"Moscow Oblast, RU",3,2.6337719298245617
"Iceland, IS",2,6.875548245614035
