geolocation,n_offers,median_per_gpu_dph
", US",14,6.841756272401433
"California, US",8,7.033333333333332
"Sweden, SE",8,7.613620071684587
"Japan, JP",7,13.452843010752689
"Washington, US",5,7.743010752688171
"Oregon, US",4,12.582437275985662
"Czechia, CZ",3,18.59182795698925
"Iceland, IS",2,5.9037634408602155
"Italy, IT",2,4.323118279569893
"Texas, US",2,19.36397849462365
"Michigan, US",1,3.549820788530466
