geolocation,n_offers,median_per_gpu_dph
", US",22,5.933999999999999
"Japan, JP",16,3.4699999999999998
"Czechia, CZ",10,4.490962962962962
"Washington, US",8,3.468888888888889
"Taiwan, TW",6,2.537008057569948
"The Netherlands, NL",6,6.602037037037036
"France, FR",5,3.4239506172839516
"India, IN",4,5.766851851851852
"Malaysia, MY",3,2.402222222222222
", RU",2,2.602777777777778
"Slovenia, SI",2,2.3335185185185185
"Germany, DE",1,2.600277777777778
"Idaho, US",1,1.7355555555555555
