geolocation,n_offers,median_per_gpu_dph
", US",16,8.290570175438596
"Saudi Arabia, SA",10,12.041301169590644
"Japan, JP",8,12.065961257309944
"Italy, IT",3,7.632309941520467
", CA",2,6.6717379385964914
"Czechia, CZ",2,39.49791666666666
"Iceland, IS",2,8.322916666666664
"France, FR",1,2.8976608187134505
