geolocation,n_offers,median_per_gpu_dph
"Virginia, US",15,14.254861111111111
"Ohio, US",14,15.004861111111113
"Oregon, US",7,20.004166666666666
"Maryland, US",4,19.212152777777778
"Mexico, MX",3,22.502777777777776
", US",2,12.190538194444445
"Slovenia, SI",1,4.812673611111111
