geolocation,n_offers,median_per_gpu_dph
"Alabama, US",28,9.125694444444445
"Japan, JP",15,7.251041666666666
"Ohio, US",10,14.880555555555558
"Oregon, US",10,11.815104166666664
", US",8,7.189756944444444
"United Kingdom, GB",4,16.127604166666664
"Maryland, US",3,9.701041666666667
"Virginia, US",2,9.195138888888888
"Netherlands, NL",1,5.863888888888888
"Slovenia, SI",1,4.12517361111111
