geolocation,n_offers,median_per_gpu_dph
", US",21,6.714695340501792
"Japan, JP",8,10.244378494623657
"Sweden, SE",6,5.710125448028673
"Czechia, CZ",3,18.59182795698925
"Iceland, IS",3,5.548924731182796
"California, US",2,5.226478494623656
"Italy, IT",1,4.7747311827956995
"Michigan, US",1,3.2272401433691753
