geolocation,n_offers,median_per_gpu_dph
"Alabama, US",38,8.656684027777777
"Japan, JP",16,7.251041666666666
"Oregon, US",10,11.065104166666666
", US",7,12.500694444444445
"Ohio, US",4,10.434722222222224
"United Kingdom, GB",4,16.127604166666664
"Maryland, US",3,9.701041666666667
"California, US",2,5.345920138888889
"Virginia, US",2,9.195138888888888
"Netherlands, NL",1,5.863888888888888
"Slovenia, SI",1,3.7502604166666673
