geolocation,n_offers,median_per_gpu_dph
", US",18,1.1009259259259259
"Japan, JP",16,0.800648148148148
"Taiwan, TW",8,2.0018518518518515
"Texas, US",6,1.188148148148148
"Türkiye, TR",5,1.0674074074074074
"Slovenia, SI",4,2.4027777777777777
"Finland, FI",3,4.007407407407407
"Quebec, CA",3,0.9616666666666667
"Spain, ES",2,1.6729629629629628
"Brazil, BR",1,0.4003703703703703
"South Korea, KR",1,1.551111111111111
"Sweden, SE",1,0.5336296296296297
