geolocation,n_offers,median_per_gpu_dph
", US",12,2.27037037037037
"Taiwan, TW",12,1.7227777777777777
"Virginia, US",12,1.1214814814814815
"Japan, JP",8,0.8139814814814814
"Texas, US",5,0.8007407407407406
"Slovenia, SI",4,2.202777777777778
"Finland, FI",3,2.4074074074074074
"Quebec, CA",3,0.9816666666666666
"Spain, ES",3,0.6011111111111112
"Türkiye, TR",3,1.0674074074074074
"Ohio, US",2,0.5182222222222223
