geolocation,n_offers,median_per_gpu_dph
"Vietnam, VN",7,0.6827777777777778
"Poland, PL",6,0.7016666666666667
"Finland, FI",4,1.7255555555555557
"New York, US",2,0.791851851851852
