geolocation,n_offers,median_per_gpu_dph
", US",13,0.8571851851851853
"Japan, JP",13,0.467037037037037
"Texas, US",8,1.0014814814814814
"Taiwan, TW",6,2.4020370370370365
"Slovenia, SI",4,2.4027777777777777
"Türkiye, TR",4,1.6018518518518516
"Quebec, CA",3,0.9616666666666667
"Brazil, BR",2,0.6027777777777777
"Finland, FI",2,1.8372685185185187
"California, US",1,0.6288888888888888
"India, IN",1,2.442222222222222
"Spain, ES",1,0.6677777777777777
"Sweden, SE",1,0.5337777777777778
