geolocation,n_offers,median_per_gpu_dph
", US",13,8.422149122807017
"Saudi Arabia, SA",10,11.804459064327487
"Japan, JP",8,12.88438230994152
"Czechia, CZ",4,23.691337719298243
"France, FR",3,3.684484649122806
"Iceland, IS",3,6.513706140350878
"Italy, IT",3,4.40844298245614
", CA",2,6.908580043859649
"California, US",1,3.816246345029239
