geolocation,n_offers,median_per_gpu_dph
"Alabama, US",39,11.878472222222221
"Virginia, US",19,8.17986111111111
"Oregon, US",7,17.504273504273506
"Maryland, US",4,16.652604166666666
"Ohio, US",4,14.974652777777777
", US",3,5.000260416666666
"Slovenia, SI",1,4.375260416666666
