geolocation,n_offers,median_per_gpu_dph
", US",21,7.226881720430106
"Japan, JP",6,7.199784946236559
"Sweden, SE",6,6.387544802867383
"Czechia, CZ",4,13.94247311827957
"Oregon, US",4,12.38888888888889
"Washington, US",4,12.002688172043012
"Iceland, IS",3,5.806989247311828
"Texas, US",2,20.009139784946235
"Italy, IT",1,6.4521505376344095
"Michigan, US",1,3.7433691756272403
