geolocation,n_offers,median_per_gpu_dph
", US",20,4.377777777777777
"Japan, JP",16,3.483333333333333
"The Netherlands, NL",10,4.400925925925925
"Czechia, CZ",9,4.667481481481482
"Washington, US",8,3.468888888888889
"Taiwan, TW",5,2.934
"France, FR",4,4.280586419753087
"India, IN",4,5.762777777777778
", RU",2,2.0027777777777773
"Malaysia, MY",2,10.679259259259258
"Slovenia, SI",2,2.3335185185185185
"Germany, DE",1,2.600277777777778
"Idaho, US",1,1.7355555555555555
