geolocation,n_offers,median_per_gpu_dph
", US",26,6.970967741935484
"Sweden, SE",9,8.5168458781362
"Japan, JP",8,5.293433691756272
"Oregon, US",4,12.4921146953405
"Iceland, IS",3,3.548924731182795
"Czechia, CZ",2,23.24956989247312
"Michigan, US",1,3.7433691756272403
"Texas, US",1,29.95268817204301
