geolocation,n_offers,median_per_gpu_dph
"Japan, JP",14,0.7005555555555555
", US",13,1.0675925925925926
"Taiwan, TW",12,2.13537037037037
"Texas, US",6,1.228148148148148
"Slovenia, SI",4,2.4027777777777777
"Quebec, CA",3,0.9616666666666667
"Türkiye, TR",3,2.136296296296296
"Brazil, BR",2,0.6009259259259259
"Finland, FI",2,3.715046296296296
"California, US",1,0.6288888888888888
"South Korea, KR",1,0.7744444444444444
"Spain, ES",1,0.6674074074074073
