geolocation,n_offers,median_per_gpu_dph
", US",15,8.426535087719298
"Japan, JP",8,11.269908625730993
", CA",5,8.106359649122805
"France, FR",5,6.5796052631578945
"Czechia, CZ",4,23.691337719298243
"Italy, IT",2,5.823008040935672
"Iceland, IS",1,3.816337719298245
