geolocation,n_offers,median_per_gpu_dph
", US",20,6.581720430107527
"Sweden, SE",9,8.5168458781362
"Japan, JP",8,6.591397849462365
"Oregon, US",6,12.38888888888889
"California, US",4,9.68010752688172
"Czechia, CZ",3,18.59182795698925
"Iceland, IS",3,5.419892473118281
"Michigan, US",1,3.7433691756272403
