geolocation,n_offers,median_per_gpu_dph
", US",20,7.632675438596491
"Japan, JP",8,8.704119152046783
"France, FR",5,3.9480135823429543
"Saudi Arabia, SA",4,9.633406432748536
"Sweden, SE",4,11.251827485380119
", CA",2,8.554961622807017
"Czechia, CZ",2,19.254742324561402
"Iceland, IS",2,3.7834429824561404
"Italy, IT",2,3.5201023391812862
"New Jersey, US",1,1.3172514619883042
