geolocation,n_offers,median_per_gpu_dph
", US",22,7.097849462365591
"Sweden, SE",9,8.5168458781362
"Japan, JP",7,13.4528458781362
"Czechia, CZ",4,13.94247311827957
"Oregon, US",4,12.38888888888889
"Washington, US",4,12.002688172043012
"Iceland, IS",3,5.161827956989248
"Texas, US",2,20.009139784946235
"Italy, IT",1,6.4521505376344095
"Michigan, US",1,3.7433691756272403
