geolocation,n_offers,median_per_gpu_dph
"Alabama, US",30,10.000694444444445
"Japan, JP",15,7.275312499999999
"Oregon, US",7,7.876041666666665
", US",6,6.558680555555555
"Ohio, US",5,15.005555555555558
"Maryland, US",3,9.701041666666667
"Netherlands, NL",3,13.755555555555556
"United Kingdom, GB",3,10.751041666666666
"Australia, AU",2,5.6267361111111125
"Slovenia, SI",2,4.1252170138888875
"Virginia, US",1,5.888888888888888
