geolocation,n_offers,median_per_gpu_dph
", US",18,5.367666666666667
"Japan, JP",17,3.737777777777777
"Czechia, CZ",8,4.866962962962963
"The Netherlands, NL",7,4.401111111111111
"Taiwan, TW",6,2.569888888888889
"Washington, US",5,3.468888888888889
"France, FR",4,4.280586419753087
"India, IN",4,5.767870370370371
"Idaho, US",3,2.002222222222222
", RU",2,2.0027777777777773
"Malaysia, MY",2,6.4037037037037035
"Slovenia, SI",2,2.3335185185185185
