geolocation,n_offers,median_per_gpu_dph
"Japan, JP",18,3.603333333333333
", US",14,5.320592592592592
"Washington, US",10,3.468888888888889
"Czechia, CZ",9,4.536
"The Netherlands, NL",6,6.602037037037036
"Taiwan, TW",5,2.174305624762663
"France, FR",4,4.280586419753087
"India, IN",4,5.766851851851852
"Montana, US",3,3.211111111111111
"Malaysia, MY",2,12.009444444444444
"Slovenia, SI",2,2.3335185185185185
"Germany, DE",1,3.000277777777778
"Idaho, US",1,1.7355555555555555
