geolocation,n_offers,median_per_gpu_dph
", US",16,7.369517543859649
"Japan, JP",9,0.015331871345029238
"France, FR",5,3.9480135823429543
"Czechia, CZ",4,23.691337719298243
"Saudi Arabia, SA",4,9.633406432748536
"Iceland, IS",3,3.7505482456140355
", CA",2,5.329632675438597
"Italy, IT",2,5.55985014619883
