geolocation,n_offers,median_per_gpu_dph
", US",24,6.968817204301075
"Sweden, SE",9,8.5168458781362
"Japan, JP",8,5.713655913978494
"Czechia, CZ",4,13.94247311827957
"Oregon, US",4,12.38888888888889
"Iceland, IS",3,5.7424731182795705
"Michigan, US",1,3.7433691756272403
