geolocation,n_offers,median_per_gpu_dph
", US",16,8.290570175438596
"Japan, JP",11,13.377116959064328
"Saudi Arabia, SA",8,11.251827485380119
", CA",5,8.158991228070176
"France, FR",5,6.5796052631578945
"Italy, IT",3,7.632309941520467
"Czechia, CZ",2,39.49791666666666
"Iceland, IS",2,6.184758771929824
