geolocation,n_offers,median_per_gpu_dph
", US",17,8.158991228070176
"Japan, JP",8,13.25543494152047
"Saudi Arabia, SA",8,11.251827485380119
"Italy, IT",3,4.868969298245614
", CA",2,6.119106359649123
"Czechia, CZ",2,39.49791666666666
"Iceland, IS",2,6.776864035087718
"France, FR",1,2.8976608187134505
