geolocation,n_offers,median_per_gpu_dph
"Alabama, US",33,10.000694444444445
"Japan, JP",15,7.251041666666666
", US",6,6.558680555555555
"Ohio, US",6,15.005555555555558
"Oregon, US",6,11.815104166666664
"United Kingdom, GB",4,16.127604166666664
"Maryland, US",3,9.701041666666667
"Netherlands, NL",3,13.755555555555556
"Australia, AU",2,5.6267361111111125
"Slovenia, SI",2,4.1252170138888875
"Virginia, US",1,5.888888888888888
