geolocation,n_offers,median_per_gpu_dph
", US",16,8.290570175438596
"Japan, JP",8,10.235811403508771
"Saudi Arabia, SA",8,11.251827485380119
", CA",5,8.158991228070176
"France, FR",5,6.5796052631578945
"Italy, IT",3,3.8821271929824563
"Czechia, CZ",2,39.49791666666666
"Iceland, IS",2,5.855811403508772
