geolocation,n_offers,median_per_gpu_dph
", US",16,7.43530701754386
"Japan, JP",8,8.863329678362573
"Saudi Arabia, SA",8,10.225511695906432
"France, FR",5,3.9480135823429543
"Sweden, SE",4,11.251827485380119
", CA",3,6.843201754385965
"Czechia, CZ",3,20.01140350877193
"Iceland, IS",3,3.158442982456141
"Italy, IT",2,3.487207602339181
"New Jersey, US",1,1.3172514619883042
