geolocation,n_offers,median_per_gpu_dph
"Japan, JP",20,0.934074074074074
"Texas, US",8,1.228148148148148
"Taiwan, TW",7,2.6696296296296294
", US",6,0.6421111111111112
"Slovenia, SI",4,2.4027777777777777
"Türkiye, TR",4,1.6018518518518516
"Finland, FI",3,3.2074074074074073
"Quebec, CA",3,0.9616666666666667
"Brazil, BR",2,0.6009259259259259
"South Korea, KR",1,1.551111111111111
"Spain, ES",1,0.6674074074074073
"Sweden, SE",1,0.5336296296296297
