geolocation,n_offers,median_per_gpu_dph
", US",15,8.422149122807017
"Japan, JP",8,11.826487573099417
"Saudi Arabia, SA",8,11.251827485380119
"France, FR",5,7.369078947368421
"Italy, IT",3,7.632309941520467
", CA",2,6.645422149122808
"Czechia, CZ",2,22.386074561403504
"Iceland, IS",2,4.605811403508772
"California, US",1,7.895010964912278
