geolocation,n_offers,median_per_gpu_dph
", US",16,1.1675925925925925
"Japan, JP",15,0.934074074074074
"Texas, US",9,1.2007407407407407
"Taiwan, TW",6,2.4020370370370365
"Slovenia, SI",4,2.4027777777777777
"Türkiye, TR",4,1.6018518518518516
"Finland, FI",3,4.007407407407407
"Quebec, CA",3,0.9416666666666665
"Brazil, BR",2,0.6009259259259259
"Spain, ES",2,1.3396296296296295
"Sweden, SE",1,0.5336296296296297
