geolocation,n_offers,median_per_gpu_dph
", US",11,2.4037037037037035
"Japan, JP",9,0.9348148148148148
"Taiwan, TW",8,1.7227777777777777
"Virginia, US",8,1.1208518518518518
"Texas, US",5,0.8007407407407406
"Slovenia, SI",4,2.202777777777778
"Finland, FI",3,2.4074074074074074
"Quebec, CA",3,0.9816666666666666
"Spain, ES",3,0.6011111111111112
"Türkiye, TR",2,0.8004629629629629
"Sweden, SE",1,0.45362962962962966
