geolocation,n_offers,median_per_gpu_dph
", US",18,5.914333333333333
"Japan, JP",18,3.8694444444444445
"The Netherlands, NL",12,4.400740740740741
"Washington, US",10,3.468888888888889
"Czechia, CZ",8,6.806666666666667
"Taiwan, TW",5,2.174305624762663
"France, FR",4,4.280586419753087
"India, IN",3,3.8431481481481486
"Malaysia, MY",3,9.604444444444445
"Slovenia, SI",2,2.3335185185185185
"Germany, DE",1,3.000277777777778
"Idaho, US",1,1.7355555555555555
