geolocation,n_offers,median_per_gpu_dph
"Alabama, US",32,12.821180555555555
"Virginia, US",15,8.679861111111112
"Oregon, US",7,17.154166666666665
"Maryland, US",4,12.493576388888886
"Ohio, US",4,13.887152777777779
", US",3,5.000260416666666
"Slovenia, SI",1,4.375260416666666
