geolocation,n_offers,median_per_gpu_dph
"Japan, JP",18,3.615
", US",16,4.377777777777777
"Czechia, CZ",10,4.469333333333333
"Taiwan, TW",7,2.2591111111111113
"The Netherlands, NL",6,6.602037037037036
"France, FR",5,3.4239506172839516
"Washington, US",5,3.468888888888889
"India, IN",4,5.766851851851852
", RU",2,2.0027777777777773
"Malaysia, MY",2,10.679259259259258
"Slovenia, SI",2,2.3335185185185185
"Idaho, US",1,2.002222222222222
