geolocation,n_offers,median_per_gpu_dph
", US",13,8.158991228070176
"Japan, JP",12,8.151692982456138
"Germany, DE",8,8.488669590643275
"Saudi Arabia, SA",7,6.421783625730994
"France, FR",5,3.9480135823429543
"Sweden, SE",5,7.500730994152048
"Czechia, CZ",4,23.691337719298243
"Oregon, US",3,7.895467836257309
"Iceland, IS",2,3.2900219298245617
", CA",1,13.68859649122807
"Italy, IT",1,3.2900219298245617
"Kansas, US",1,4.353216374269006
