geolocation,n_offers,median_per_gpu_dph
"Alabama, US",32,11.250694444444445
"Japan, JP",20,10.988645833333333
"Ohio, US",10,17.888194444444444
", US",7,7.128472222222222
"Oregon, US",6,11.815104166666664
"United Kingdom, GB",4,16.127604166666664
"Netherlands, NL",3,13.755555555555556
"Australia, AU",2,5.6267361111111125
"Maryland, US",2,6.450651041666667
"Slovenia, SI",1,4.1252604166666655
"Virginia, US",1,6.251388888888889
