as_of_date,collected_at,collection_window_id,offer_id,machine_id,host_id,cluster_id,gpu_name,silicon_id,gpu_model,form_factor,num_gpus,gpu_frac,dph_total,min_bid,per_gpu_dph,is_bid,storage_cost_per_gb_mo,internet_down_cost_per_tb,internet_up_cost_per_tb,vram_cost_per_hour,dlperf,dlperf_per_dphtotal,total_flops,score,verification,reliability,rentable,rented,hosting_type,is_vm_deverified,inet_down_mbps,inet_up_mbps,static_ip,gpu_max_power_w,gpu_mem_bw_gbps,compute_cap,bw_nvlink_gbps,pci_gen,cpu_cores,cpu_ram_mb,disk_bw_mbps,disk_space_gb,geolocation,driver_version,duration_seconds
2026-09-13,2026-09-13T18:02:35.103981+00:00,2026-09-13-1000,47176980,146068,619828,,RTX 3090,3090-pcie-24gb,3090,PCIe,2,0.5,0.16148148148148148,0.18666666666666668,0.08074074074074074,False,0.1333333333333333,0.013333333333333334,0.013333333333333334,0.004111111111111111,76.02649577861195,470.8062811978263,70.53312,224.76555964895206,unverified,0.9946231,False,False,0,False,134.8,45.7,True,225.0,805.6,860,0.0,3.0,48,64403,2982.4,31.5,"Australia, AU",595.84,12769320.922394037
2026-09-13,2026-09-13T18:02:35.103981+00:00,2026-09-13-1000,47176984,146068,619828,,RTX 3090,3090-pcie-24gb,3090,PCIe,1,0.25,0.08148148148148149,0.09333333333333334,0.08148148148148149,False,0.1333333333333333,0.013333333333333334,0.013333333333333334,0.004111111111111111,39.40389546233311,483.59326249226996,35.518464,249.10974391473857,unverified,0.9946231,True,False,0,False,134.8,45.7,True,225.0,805.2,860,0.0,3.0,48,32201,2982.4,15.75,"Australia, AU",595.84,12769320.922394037
2026-09-13,2026-09-13T18:02:35.103981+00:00,2026-09-13-1000,50258202,18680,78246,,RTX 3090,3090-pcie-24gb,3090,PCIe,2,1.0,0.1748148148148148,0.174,0.0874074074074074,False,0.1333333333333333,9.0,9.0,0.0036111111111111114,87.61835831895081,501.20671072281186,70.53312,398.82541079956957,deverified,0.9990112,False,False,0,False,904.4,931.3,False,350.0,802.5,860,0.0,4.0,12,48093,1598.0,701.0,"Poland, PL",535.154.05,1958243.9223940372
2026-09-13,2026-09-13T18:02:35.103981+00:00,2026-09-13-1000,50258201,18680,78246,,RTX 3090,3090-pcie-24gb,3090,PCIe,1,0.5,0.08814814814814816,0.087,0.08814814814814816,False,0.1333333333333333,9.0,9.0,0.0036111111111111114,44.32649286458205,502.8635745141661,35.26656,382.29048967220564,deverified,0.9990112,False,False,0,False,904.4,931.3,False,350.0,802.5,860,0.0,4.0,12,24046,1598.0,350.5,"Poland, PL",535.154.05,1958243.9223940372
2026-09-13,2026-09-13T18:02:35.103981+00:00,2026-09-13-1000,50176223,148324,530871,,RTX 3090,3090-pcie-24gb,3090,PCIe,4,0.6666666666666666,0.3755555555555556,0.37333333333333335,0.0938888888888889,False,0.19999999999999998,2.6666666666666665,4.0,0.003888888888888889,92.71813930217334,246.8826194436568,142.073856,146.68914304563472,unverified,0.9665543,False,False,0,False,784.9,424.9,True,350.0,805.6,860,0.0,3.0,64,85856,2655.7,1786.5333333333333,"Romania, RO",595.84,2066472.9223940372
2026-09-13,2026-09-13T18:02:35.103981+00:00,2026-09-13-1000,32302039,42748,299337,,RTX 3090,3090-pcie-24gb,3090,PCIe,4,1.0,0.37851851851851853,0.37333333333333335,0.09462962962962963,False,0.46666666666666673,16.0,16.0,0.003888888888888889,133.36364020474556,352.33055631390704,142.073856,296.3443917643647,deverified,0.9930662,False,False,0,True,1702.5,1443.3,False,370.0,805.5,860,0.0,3.0,72,193274,2791.0,2515.0,"United States, US",570.158.01,49928626.92239404
2026-09-13,2026-09-13T18:02:35.103981+00:00,2026-09-13-1000,50176222,148324,530871,,RTX 3090,3090-pcie-24gb,3090,PCIe,1,0.16666666666666666,0.09555555555555556,0.09333333333333334,0.09555555555555556,False,0.19999999999999998,2.6666666666666665,4.0,0.003888888888888889,43.60533695882171,456.33492166208765,35.770368,262.81542343438844,unverified,0.9665543,False,False,0,False,784.9,424.9,True,350.0,805.2,860,0.0,3.0,64,21464,2655.7,446.6333333333333,"Romania, RO",595.84,2066472.9223940372
2026-09-13,2026-09-13T18:02:35.103981+00:00,2026-09-13-1000,32302042,42748,299337,,RTX 3090,3090-pcie-24gb,3090,PCIe,2,0.5,0.19185185185185186,0.18666666666666668,0.09592592592592593,False,0.46666666666666673,16.0,16.0,0.003888888888888889,80.74673963283577,420.8806892059007,70.53312,336.5034161541698,deverified,0.9930662,False,False,0,True,1702.5,1443.3,False,350.0,805.5,860,0.0,3.0,72,96637,2791.0,1257.5,"United States, US",570.158.01,49928626.92239404
2026-09-13,2026-09-13T18:02:35.103981+00:00,2026-09-13-1000,32302038,42748,299337,,RTX 3090,3090-pcie-24gb,3090,PCIe,1,0.25,0.09851851851851852,0.09333333333333334,0.09851851851851852,False,0.46666666666666673,16.0,16.0,0.003888888888888889,44.84703325786723,455.21424735429144,35.770368,328.57821026841543,deverified,0.9930662,False,False,0,True,1702.5,1443.3,False,350.0,805.5,860,0.0,3.0,72,48318,2791.0,628.75,"United States, US",570.158.01,49928626.92239404
2026-09-13,2026-09-13T18:02:35.103981+00:00,2026-09-13-1000,50726439,147517,513108,,RTX 3090,3090-pcie-24gb,3090,PCIe,8,1.0,0.8555555555555556,0.8533333333333334,0.10694444444444445,False,0.19999999999999998,2.6666666666666665,4.0,0.0044444444444444444,185.40510874352205,216.70726995996083,282.13248,101.4991474526434,deverified,0.9250352,False,False,0,False,586.6,333.3,False,289.0,805.0,860,0.0,3.0,80,257795,1390.15,6400.8,"California, US",580.173.02,15523057.922394037
2026-09-13,2026-09-13T18:02:35.103981+00:00,2026-09-13-1000,50125338,68094,344939,,RTX 3090,3090-pcie-24gb,3090,PCIe,8,1.0,0.857037037037037,0.8533333333333334,0.10712962962962963,False,0.3333333333333333,2.6666666666666665,4.0,0.0044444444444444444,195.11790418967317,227.66566175977422,282.13248,174.13274325274602,deverified,0.9891362,True,False,0,False,587.4,511.4,False,310.0,805.1,860,0.0,3.0,80,322306,617.0,1278.8000000000002,"Delaware, US",580.126.09,14818284.922394037
2026-09-13,2026-09-13T18:02:35.103981+00:00,2026-09-13-1000,48331145,148112,658452,,RTX 3090,3090-pcie-24gb,3090,PCIe,1,1.0,0.10740740740740741,0.09333333,0.10740740740740741,False,0.06666666666666665,2.6666666666666665,2.6666666666666665,0.0044444444444444444,44.60426813632625,415.28111713131335,35.518464,266.0732355948909,unverified,0.9902078,False,False,0,False,932.0,92.7,True,370.0,805.3,860,0.0,4.0,12,31194,10854.4,1626.7,"Australia, AU",595.84,3283040.9223940372
2026-09-13,2026-09-13T18:02:35.103981+00:00,2026-09-13-1000,43824382,43503,155125,,RTX 3090,3090-pcie-24gb,3090,PCIe,8,1.0,0.862962962962963,0.856,0.10787037037037038,False,0.8666666666666666,16.0,17.333333333333332,0.0044444444444444444,210.70755098263254,244.1675483489733,282.13248,157.23496111905996,verified,0.9958689,False,False,0,True,410.2,119.5,False,220.0,805.7,860,0.0,3.0,72,257801,2135.5,988.7970698716672,"United States, US",580.159.03,9675478.922394037
2026-09-13,2026-09-13T18:02:35.103981+00:00,2026-09-13-1000,45866029,51342,344939,,RTX 3090,3090-pcie-24gb,3090,PCIe,2,0.5,0.21703703703703706,0.26666666666666666,0.10851851851851853,False,0.3333333333333333,2.6666666666666665,4.0,0.0044444444444444444,86.68965793984168,399.42333863066983,70.53312,310.2792852973077,verified,0.9966997,False,False,0,True,723.8,544.0,False,350.0,805.0,860,0.0,4.0,96,56259,1357.0,1082.0,"United States, US",580.95.05,2634000.9223940372
2026-09-13,2026-09-13T18:02:35.103981+00:00,2026-09-13-1000,49641426,116486,344939,,RTX 3090,3090-pcie-24gb,3090,PCIe,1,0.25,0.1088888888888889,0.107,0.1088888888888889,False,0.19999999999999998,2.6666666666666665,4.0,0.0044444444444444444,43.79150131449525,402.166848806589,35.770368,262.9374213893919,verified,0.9855781,False,False,0,False,680.7,546.5,False,390.0,804.9,860,0.0,4.0,96,64393,2210.9,643.75,"Yunnan, CN",580.126.20,14665330.922394037
2026-09-13,2026-09-13T18:02:35.103981+00:00,2026-09-13-1000,50726425,147517,513108,,RTX 3090,3090-pcie-24gb,3090,PCIe,1,0.125,0.1088888888888889,0.10666666666666667,0.1088888888888889,False,0.19999999999999998,2.6666666666666665,4.0,0.0044444444444444444,44.35944547585151,407.3826625333302,35.26656,167.61900865672501,deverified,0.9250352,True,False,0,False,586.6,333.3,False,289.0,805.0,860,0.0,3.0,80,32224,1390.15,800.1,"California, US",580.173.02,15523057.922394037
2026-09-13,2026-09-13T18:02:35.103981+00:00,2026-09-13-1000,43824371,43503,155125,,RTX 3090,3090-pcie-24gb,3090,PCIe,4,0.5,0.43629629629629635,0.428,0.10907407407407409,False,0.8666666666666666,16.0,17.333333333333332,0.0044444444444444444,139.74710639981114,320.30321500805604,141.06624,197.84216194895288,verified,0.9958689,False,False,0,True,410.2,119.5,False,220.0,805.4,860,0.0,3.0,72,128900,2135.5,494.3985349358336,"United States, US",580.159.03,9675478.922394037
2026-09-13,2026-09-13T18:02:35.103981+00:00,2026-09-13-1000,47202420,146854,299337,,RTX 3090,3090-pcie-24gb,3090,PCIe,2,0.5,0.21851851851851853,0.21333333333333335,0.10925925925925926,False,0.46666666666666673,16.0,17.333333333333332,0.0044444444444444444,83.82172470458718,383.59094356336504,71.540736,194.22280951219557,unverified,0.9936053,False,False,0,False,411.5,73.4,False,390.0,805.4,860,0.0,3.0,72,96637,2555.737479904764,1648.3,", US",580.173.02,63161759.92239404
2026-09-13,2026-09-13T18:02:35.103981+00:00,2026-09-13-1000,45866028,51342,344939,,RTX 3090,3090-pcie-24gb,3090,PCIe,1,0.25,0.11037037037037038,0.13333333333333333,0.11037037037037038,False,0.3333333333333333,2.6666666666666665,4.0,0.0044444444444444444,44.35944547585151,401.91443887516465,35.26656,293.6704392416722,verified,0.9966997,False,False,0,True,723.8,544.0,False,350.0,805.0,860,0.0,4.0,96,28129,1357.0,541.0,"United States, US",580.95.05,2634000.9223940372
2026-09-13,2026-09-13T18:02:35.103981+00:00,2026-09-13-1000,48952845,57121,53225,,RTX 3090,3090-pcie-24gb,3090,PCIe,2,0.5,0.22540740740740742,0.16,0.11270370370370371,False,0.3666666666666667,2.6666666666666665,4.0,0.004611111111111112,74.77569924735387,331.73576728204966,71.036928,258.5814577316423,verified,0.9902033,False,False,0,False,836.4,869.3,False,350.0,805.3,860,0.0,3.0,32,64322,2358.4,780.5,"Quebec, CA",590.48.01,14455115.922394037
2026-09-13,2026-09-13T18:02:35.103981+00:00,2026-09-13-1000,44563747,141180,344939,,RTX 3090,3090-pcie-24gb,3090,PCIe,8,1.0,0.9103703703703702,0.9066666666666667,0.11379629629629627,False,0.3333333333333333,2.6666666666666665,4.0,0.004722222222222221,186.36438438770307,204.7127086439375,282.13248,157.0693707388501,verified,0.9918161,False,False,0,False,803.3,744.9,True,300.0,805.1,860,0.0,3.0,72,225542,1398.9,1467.7306472781127,"Delaware, US",580.159.03,10396631.922394037
2026-09-13,2026-09-13T18:02:35.103981+00:00,2026-09-13-1000,32975889,55194,53225,,RTX 3090,3090-pcie-24gb,3090,PCIe,2,1.0,0.22807407407407407,0.1333333,0.11403703703703703,False,0.3666666666666667,2.6666666666666665,4.0,0.004666666666666667,74.7733447339997,327.846753461837,71.036928,280.25539467116505,verified,0.9986473,False,False,0,False,871.0,892.4,False,325.0,805.0,860,0.0,3.0,12,64185,2854.1,210.0,"Quebec, CA",590.48.01,265455.92239403725
2026-09-13,2026-09-13T18:02:35.103981+00:00,2026-09-13-1000,43824380,43503,155125,,RTX 3090,3090-pcie-24gb,3090,PCIe,1,0.125,0.1162962962962963,0.107,0.1162962962962963,False,0.8666666666666666,16.0,17.333333333333332,0.0044444444444444444,44.35155071308448,381.3668373418092,35.26656,194.4866075157912,verified,0.9958689,False,False,0,True,410.2,119.5,False,220.0,804.4,860,0.0,3.0,72,32225,2135.5,123.5996337339584,"United States, US",580.159.03,9675478.922394037
2026-09-13,2026-09-13T18:02:35.103981+00:00,2026-09-13-1000,39611035,89217,507801,,RTX 3090,3090-pcie-24gb,3090,PCIe,1,1.0,0.12044444444444445,0.1133333,0.12044444444444445,False,0.04000000000000001,2.6666666666666665,4.0,0.005,42.80714360547917,355.4098638831296,36.274176000000004,249.9535071777869,unverified,0.9876638,False,False,0,False,638.0,303.1,False,350.0,805.4,860,0.0,3.0,4,32014,51.7,637.9,"Latvia, LV",580.142,7160268.922394037
2026-09-13,2026-09-13T18:02:35.103981+00:00,2026-09-13-1000,40887481,47340,344939,,RTX 3090,3090-pcie-24gb,3090,PCIe,8,1.0,0.9637037037037037,0.96,0.12046296296296297,False,0.3333333333333333,4.0,4.0,0.005,195.83296147134305,203.2086840786419,282.13248,173.4189349908727,verified,0.996668,False,False,0,True,894.3,807.2,False,350.0,804.7,860,0.0,3.0,72,257607,1617.0,896.5182722864022,"United States, US",580.95.05,22695695.922394037
2026-09-13,2026-09-13T18:02:35.103981+00:00,2026-09-13-1000,26660618,40761,80012,,RTX 3090,3090-pcie-24gb,3090,PCIe,4,0.6666666666666666,0.4822222222222223,0.48,0.12055555555555557,False,0.19999999999999998,0.0026666666666666666,0.004,0.005,99.40658021381621,206.1426778627525,141.06624,124.75279214748421,unverified,0.9953089,True,False,0,True,919.3,48.3,False,350.0,804.8,860,0.0,3.0,64,85843,3226.8,488.66666666666663,"Finland, FI",535.247.01,9370460.922394037
2026-09-13,2026-09-13T18:02:35.103981+00:00,2026-09-13-1000,36690985,110498,344939,,RTX 3090,3090-pcie-24gb,3090,PCIe,4,1.0,0.482962962962963,0.48,0.12074074074074075,False,0.2666666666666666,4.0,4.0,0.005,161.87269869656083,335.1658638655784,141.06624,247.42570502527954,verified,0.994318,False,False,0,False,666.5,526.1,False,350.0,805.4,860,0.0,4.0,96,257572,2383.0,2503.0,"Yunnan, CN",580.126.20,5181084.922394037
2026-09-13,2026-09-13T18:02:35.103981+00:00,2026-09-13-1000,47781249,147302,584330,,RTX 3090,3090-pcie-24gb,3090,PCIe,1,1.0,0.12088888888888888,0.11866666666666666,0.12088888888888888,False,0.19999999999999998,2.6666666666666665,4.0,0.004944444444444444,44.28182157136877,366.3018328513961,35.26656,327.79727310580205,unverified,0.9943571,False,False,0,False,1149.4,1916.2,False,280.0,805.4,860,0.0,4.0,12,32004,1385.0,638.7627338537013,"Vietnam, VN",595.84,9390380.922394037
2026-09-13,2026-09-13T18:02:35.103981+00:00,2026-09-13-1000,38849860,16146,85323,,RTX 3090,3090-pcie-24gb,3090,PCIe,2,1.0,0.24222222222222223,0.18666666666666668,0.12111111111111111,False,0.19999999999999998,13.333333333333334,13.333333333333334,0.005,82.95090204098804,342.4578524627947,70.53312,298.1652200195887,deverified,0.9939511,True,False,0,True,1142.7,2303.8,False,350.0,827.6,860,0.0,3.0,32,257856,1971.1399999999999,1224.0,"Quebec, CA",570.181,6761400.922394037
2026-09-13,2026-09-13T18:02:35.103981+00:00,2026-09-13-1000,38607384,24988,68880,,RTX 3090,3090-pcie-24gb,3090,PCIe,1,0.5,0.12222222222222223,0.12666666666666668,0.12222222222222223,False,0.19999999999999998,2.6666666666666665,4.0,0.005,44.817454527242205,366.68826431379983,35.770368,323.5372927328486,unverified,0.9985155,False,False,0,True,925.4,923.7,False,350.0,803.3,860,0.0,3.0,72,15976,1447.5814733257475,189.0,"Quebec, CA",550.78,6738995.922394037
2026-09-13,2026-09-13T18:02:35.103981+00:00,2026-09-13-1000,38849861,16146,85323,,RTX 3090,3090-pcie-24gb,3090,PCIe,1,0.5,0.12222222222222223,0.09333333333333334,0.12222222222222223,False,0.19999999999999998,13.333333333333334,13.333333333333334,0.005,44.650584011387366,365.32296009316934,35.26656,274.3136652833965,deverified,0.9939511,True,False,0,True,1142.7,2303.8,False,350.0,827.6,860,0.0,3.0,32,128928,1971.1399999999999,612.0,"Quebec, CA",570.181,6761400.922394037
2026-09-13,2026-09-13T18:02:35.103981+00:00,2026-09-13-1000,49251120,147334,237003,,RTX 3090,3090-pcie-24gb,3090,PCIe,1,1.0,0.12222222222222223,0.10666666666666667,0.12222222222222223,False,0.19999999999999998,36.0,33.333333333333336,0.005,44.597623631977896,364.88964789800093,35.518464,183.63702350992943,unverified,0.9940246,False,False,0,False,573.6,567.9,False,215.0,804.8,860,0.0,3.0,12,32003,54.7,138.39999999999998,"India, IN",580.173.02,14430440.922394037
2026-09-13,2026-09-13T18:02:35.103981+00:00,2026-09-13-1000,44527583,39772,155125,,RTX 3090,3090-pcie-24gb,3090,PCIe,2,0.25,0.24962962962962965,0.276,0.12481481481481482,False,0.8666666666666666,16.0,17.333333333333332,0.005,82.71147211245696,331.3367577205249,70.53312,191.69936900462642,verified,0.9513078,False,False,0,False,1395.9,1250.1,False,240.0,804.3,860,0.0,3.0,72,40258,2013.0,656.75,"United States, US",580.173.02,9671003.922394037
2026-09-13,2026-09-13T18:02:35.103981+00:00,2026-09-13-1000,48634663,47014,344939,,RTX 3090,3090-pcie-24gb,3090,PCIe,1,0.25,0.1251851851851852,0.12,0.1251851851851852,False,0.46666666666666673,1.3333333333333333,1.3333333333333333,0.005,43.510300492107376,347.5674891381358,35.518464,273.58976380399673,verified,0.9953261,False,False,0,False,927.0,834.8,False,330.0,805.6,860,0.0,3.0,80,32189,221.0,102.75,"United States, US",580.159.03,12745264.922394037
2026-09-13,2026-09-13T18:02:35.103981+00:00,2026-09-13-1000,41406018,140828,368262,,RTX 3090,3090-pcie-24gb,3090,PCIe,8,1.0,1.0063703703703704,1.0,0.1257962962962963,False,0.3333333333333333,4.0,4.0,0.005222222222222222,215.584630886993,214.21997033522786,282.13248,127.90778794356392,unverified,0.9979603,False,False,0,False,931.9,35.7,True,245.0,804.9,860,0.0,4.0,64,515582,2241.0,2382.0,"Michigan, US",580.159.03,1495340.9223940372
2026-09-13,2026-09-13T18:02:35.103981+00:00,2026-09-13-1000,41406007,140828,368262,,RTX 3090,3090-pcie-24gb,3090,PCIe,4,0.5,0.5050370370370371,0.5,0.12625925925925927,False,0.3333333333333333,4.0,4.0,0.005222222222222223,138.11283187378356,273.47069966208244,141.06624,164.28544547850615,unverified,0.9979603,False,False,0,False,931.9,35.7,True,245.0,805.2,860,0.0,4.0,64,257791,2241.0,1191.0,"Michigan, US",580.159.03,1495340.9223940372
2026-09-13,2026-09-13T18:02:35.103981+00:00,2026-09-13-1000,43979794,53867,344939,,RTX 3090,3090-pcie-24gb,3090,PCIe,4,1.0,0.5111111111111111,0.508,0.12777777777777777,False,0.39999999999999997,2.6666666666666665,2.6666666666666665,0.005277777777777777,133.29113497026162,260.7870032026858,141.06624,224.69816074347295,verified,0.9970955,False,False,0,True,884.7,728.6,False,350.0,805.4,860,0.0,3.0,64,193275,1874.9,1145.4,"United States, US",580.126.09,23145915.922394037
2026-09-13,2026-09-13T18:02:35.103981+00:00,2026-09-13-1000,43691161,136633,399360,,RTX 3090,3090-pcie-24gb,3090,PCIe,2,0.25,0.2577777777777777,0.25333333333333335,0.12888888888888886,False,0.39999999999999997,2.6666666666666665,4.0,0.005277777777777777,81.17062574146655,314.8860481349996,70.53312,244.27901790206383,deverified,0.9909005,True,False,0,False,886.8,794.4,False,320.0,805.7,860,0.0,3.0,80,64448,1679.0,291.0,"United States, US",595.71.05,6603494.922394037
2026-09-13,2026-09-13T18:02:35.103981+00:00,2026-09-13-1000,41406014,140828,368262,,RTX 3090,3090-pcie-24gb,3090,PCIe,1,0.125,0.12903703703703706,0.125,0.12903703703703706,False,0.3333333333333333,4.0,4.0,0.005222222222222223,44.2587950770407,342.9929584041615,35.26656,192.960999774848,unverified,0.9979603,False,False,0,False,931.9,35.7,True,245.0,797.4,860,0.0,4.0,64,64447,2241.0,297.75,"Michigan, US",580.159.03,1495340.9223940372
2026-09-13,2026-09-13T18:02:35.103981+00:00,2026-09-13-1000,50559389,150519,483833,,RTX 3090,3090-pcie-24gb,3090,PCIe,1,0.25,0.12962962962962965,0.10666666666666667,0.12962962962962965,False,0.8666666666666666,16.0,17.333333333333332,0.005,44.35549918675223,342.1709937263743,35.26656,146.09881394526835,unverified,0.9351547,True,False,0,False,823.0,763.2,True,300.0,804.7,860,0.0,3.0,56,48351,3093.0,418.95,"United States, US",580.178.04,15422680.922394037
2026-09-13,2026-09-13T18:02:35.103981+00:00,2026-09-13-1000,43861050,123712,208874,,RTX 3090,3090-pcie-24gb,3090,PCIe,1,0.125,0.1311111111111111,0.12666666666666668,0.1311111111111111,False,0.39999999999999997,2.6666666666666665,4.0,0.005277777777777777,43.49601518012706,331.74926832300304,35.26656,262.5134807074893,verified,0.9963833,True,False,0,False,864.8,828.9,False,300.0,805.4,860,0.0,3.0,80,32224,1259.0,312.0,"Hong Kong, HK",580.126.20,9790411.922394037
2026-09-13,2026-09-13T18:02:35.103981+00:00,2026-09-13-1000,43691162,136633,399360,,RTX 3090,3090-pcie-24gb,3090,PCIe,1,0.125,0.1311111111111111,0.12666666666666668,0.1311111111111111,False,0.39999999999999997,2.6666666666666665,4.0,0.005277777777777777,44.36470379958797,338.37485948838287,35.26656,246.01811620539394,deverified,0.9909005,False,False,0,False,886.8,794.4,False,320.0,805.4,860,0.0,3.0,80,32224,1679.0,145.5,"United States, US",595.71.05,6603494.922394037
2026-09-13,2026-09-13T18:02:35.103981+00:00,2026-09-13-1000,44256449,42628,207261,,RTX 3090,3090-pcie-24gb,3090,PCIe,2,0.5,0.2647407407407408,0.24,0.1323703703703704,False,0.06666666666666665,5.333333333333333,5.333333333333333,0.0055000000000000005,86.36842125683069,326.2377411771724,70.53312,231.54354711333585,verified,0.9885582,False,False,0,True,1632.8,153.0,False,250.0,804.9,860,0.0,4.0,32,128775,5858.0,1022.8000000000004,"British Columbia, CA",570.181,10128133.922394037
2026-09-13,2026-09-13T18:02:35.103981+00:00,2026-09-13-1000,50071810,54625,344939,,RTX 3090,3090-pcie-24gb,3090,PCIe,8,1.0,1.0688888888888888,1.0666666666666667,0.1336111111111111,False,0.19999999999999998,2.6666666666666665,4.0,0.005555555555555556,200.25728335434084,187.3508887930424,282.13248,136.30097546073685,deverified,0.9851321,False,False,0,True,752.1,685.5,False,350.0,805.5,860,0.0,3.0,80,322304,3357.0,2876.6000000000004,"United States, US",580.126.09,15023560.922394037
2026-09-13,2026-09-13T18:02:35.103981+00:00,2026-09-13-1000,46173767,137710,566066,,RTX 3090,3090-pcie-24gb,3090,PCIe,4,1.0,0.5352592592592592,0.612,0.1338148148148148,False,0.17333333333333334,2.6666666666666665,4.0,0.005555555555555556,121.05053036622868,226.15308053474777,143.081472,175.40389541586288,verified,0.9874483,False,False,0,False,937.4,690.4,False,230.0,802.9,860,0.0,4.0,64,128664,282.0,457.60000000000014,"France, FR",595.84,38372373.92239404
2026-09-13,2026-09-13T18:02:35.103981+00:00,2026-09-13-1000,48366922,67866,108684,,RTX 3090,3090-pcie-24gb,3090,PCIe,4,1.0,0.5355555555555556,0.5333333333333333,0.1338888888888889,False,0.19999999999999998,2.6666666666666665,4.0,0.005555555555555556,162.92776509752406,304.2219680244225,142.073856,285.92348490490133,verified,0.9956921,False,False,0,True,1330.3,1359.9,False,200.0,805.0,860,0.0,4.0,64,128658,2569.0,2309.8100211611754,"Shanghai, CN",580.142,17435000.922394037
2026-09-13,2026-09-13T18:02:35.103981+00:00,2026-09-13-1000,46300722,145663,110015,,RTX 3090,3090-pcie-24gb,3090,PCIe,4,1.0,0.5355555555555556,0.5866666666666667,0.1338888888888889,False,0.19999999999999998,2.6666666666666665,4.0,0.005555555555555556,159.81340160830266,298.4067664885319,141.06624,225.0177903482714,unverified,0.991023,False,False,0,False,820.7,705.6,False,420.0,802.1,860,0.0,4.0,128,64117,3632.0,556.0,"Quebec, CA",580.173.02,19692380.922394037
2026-09-13,2026-09-13T18:02:35.103981+00:00,2026-09-13-1000,48236334,148134,70317,,RTX 3090,3090-pcie-24gb,3090,PCIe,4,1.0,0.5355555555555556,0.4266666666666667,0.1338888888888889,False,0.19999999999999998,2.6666666666666665,4.0,0.005555555555555556,144.83034904962125,270.43011233331765,141.06624,112.05633600751142,deverified,0.8625713,False,False,0,False,864.3,842.1,True,350.0,804.2,860,0.0,3.0,64,64151,1813.0,3117.0,"Argentina, AR",595.71.05,610165.9223940372
2026-09-13,2026-09-13T18:02:35.103981+00:00,2026-09-13-1000,33137672,19748,67844,,RTX 3090,3090-pcie-24gb,3090,PCIe,3,1.0,0.40222222222222226,0.28,0.1340740740740741,False,0.19999999999999998,0.0013333333333333333,0.0013333333333333333,0.005555555555555556,111.30834198168034,276.73344691577984,106.55539200000001,146.6784979445769,verified,0.9957444,False,False,0,True,84.8,92.4,True,370.0,826.5,860,0.0,3.0,12,104517,3035.0,2702.0,"Kuwait, KW",560.35.03,9392000.922394037
2026-09-13,2026-09-13T18:02:35.103981+00:00,2026-09-13-1000,48366925,67866,108684,,RTX 3090,3090-pcie-24gb,3090,PCIe,2,0.5,0.2688888888888889,0.26666666666666666,0.13444444444444445,False,0.19999999999999998,2.6666666666666665,4.0,0.005555555555555556,89.14966705699558,331.54834855907444,71.036928,297.42588919533176,verified,0.9956921,False,False,0,True,1330.3,1359.9,False,200.0,805.0,860,0.0,4.0,64,64329,2569.0,1154.9050105805877,"Shanghai, CN",580.142,17435000.922394037
2026-09-13,2026-09-13T18:02:35.103981+00:00,2026-09-13-1000,46662730,141364,113195,,RTX 3090,3090-pcie-24gb,3090,PCIe,2,1.0,0.2688888888888889,0.32,0.13444444444444445,False,0.19999999999999998,2.6666666666666665,4.0,0.005555555555555556,81.6241132260629,303.5607516671761,71.540736,235.60325296499704,unverified,0.9907946,True,False,0,False,625.8,774.8,False,350.0,804.0,860,0.0,3.0,72,64155,3386.0,707.0,"Quebec, CA",580.173.02,23358380.922394037
2026-09-13,2026-09-13T18:02:35.103981+00:00,2026-09-13-1000,47770191,23401,133266,,RTX 3090,3090-pcie-24gb,3090,PCIe,2,1.0,0.2688888888888889,0.2133333,0.13444444444444445,False,0.19999999999999998,2.6666666666666665,4.0,0.005555555555555556,83.17111709889241,309.314071855385,70.53312,225.22207788355195,deverified,0.9943155,False,False,0,False,711.8,376.3,False,370.0,825.2,860,0.0,3.0,28,64138,771.3208749267542,1419.0,"South Korea, KR",555.58.02,6646112.922394037
2026-09-13,2026-09-13T18:02:35.103981+00:00,2026-09-13-1000,50071803,54625,344939,,RTX 3090,3090-pcie-24gb,3090,PCIe,2,0.25,0.2688888888888889,0.26666666666666666,0.13444444444444445,False,0.19999999999999998,2.6666666666666665,4.0,0.005555555555555556,80.28076510482556,298.5648289022438,70.53312,218.2072849338563,deverified,0.9851321,False,False,0,True,752.1,685.5,False,350.0,805.6,860,0.0,3.0,80,80576,3357.0,719.1500000000001,"United States, US",580.126.09,15023560.922394037
2026-09-13,2026-09-13T18:02:35.103981+00:00,2026-09-13-1000,50029763,55942,90507,,RTX 3090,3090-pcie-24gb,3090,PCIe,2,1.0,0.2688888888888889,0.26666666666666666,0.13444444444444445,False,0.19999999999999998,4.0,4.0,0.005555555555555556,73.89040289512567,274.7990190314591,70.53312,161.54240001535777,unverified,0.9985509,False,False,0,False,831.5,38.9,False,250.0,805.7,860,0.0,3.0,28,96238,288.0,711.8,"Michigan, US",595.84,19735504.922394037
2026-09-13,2026-09-13T18:02:35.103981+00:00,2026-09-13-1000,33137674,19748,67844,,RTX 3090,3090-pcie-24gb,3090,PCIe,2,0.6666666666666666,0.2688888888888889,0.1866667,0.13444444444444445,False,0.19999999999999998,0.0013333333333333333,0.0013333333333333333,0.005555555555555556,81.33579321013531,302.4884871451313,71.036928,151.11506744000064,verified,0.9957444,False,False,0,True,84.8,92.4,True,370.0,826.5,860,0.0,3.0,12,69678,3035.0,1801.3333333333333,"Kuwait, KW",560.35.03,9392000.922394037
2026-09-13,2026-09-13T18:02:35.103981+00:00,2026-09-13-1000,48236333,148134,70317,,RTX 3090,3090-pcie-24gb,3090,PCIe,2,0.5,0.2688888888888889,0.21333333333333335,0.13444444444444445,False,0.19999999999999998,2.6666666666666665,4.0,0.005555555555555556,83.60334592197059,310.9215344205518,70.53312,126.25547595165261,deverified,0.8625713,False,False,0,False,864.3,842.1,True,350.0,804.2,860,0.0,3.0,64,32075,1813.0,1558.5,"Argentina, AR",595.71.05,610165.9223940372
2026-09-13,2026-09-13T18:02:35.103981+00:00,2026-09-13-1000,50861993,150239,483833,,RTX 3090,3090-pcie-24gb,3090,PCIe,8,1.0,1.0762962962962963,0.96,0.13453703703703704,False,0.8666666666666666,16.0,17.333333333333332,0.005555555555555556,261.19700880084605,242.68132269865256,286.162944,152.80486265655446,unverified,0.9678909,False,False,0,False,745.4,656.6,True,280.0,803.7,860,0.0,4.0,192,515787,2499.0,2899.9,"United States, US",580.178.04,15174781.922394037
2026-09-13,2026-09-13T18:02:35.103981+00:00,2026-09-13-1000,39693769,138211,410852,,RTX 3090,3090-pcie-24gb,3090,PCIe,8,1.0,1.0762962962962963,0.7466666666666667,0.13453703703703704,False,0.8666666666666665,16.0,17.333333333333332,0.005555555555555556,141.6291180685184,131.58933887990355,286.162944,58.8838760062533,verified,0.9945504,False,False,0,False,70.1,33.8,False,210.0,805.3,860,0.0,3.0,80,193284,2332.0,2850.0,"United States, US",580.159.03,7212537.922394037
2026-09-13,2026-09-13T18:02:35.103981+00:00,2026-09-13-1000,48128968,55303,57427,,RTX 3090,3090-pcie-24gb,3090,PCIe,1,1.0,0.1348148148148148,0.06666667,0.1348148148148148,False,0.1333333333333333,1.3333333333333333,1.3333333333333333,0.005555555555555556,44.84837490551634,332.6665171563025,35.770368,257.02774783881296,deverified,0.9984406,False,False,0,False,434.7,365.3,True,390.0,805.6,860,0.0,4.0,8,31855,5632.0,627.0,"Japan, JP",580.173.02,4049840.9223940372
2026-09-13,2026-09-13T18:02:35.103981+00:00,2026-09-13-1000,48128914,10441,57427,,RTX 3090,3090-pcie-24gb,3090,PCIe,1,1.0,0.1348148148148148,0.06666667,0.1348148148148148,False,0.1333333333333333,1.3333333333333333,1.3333333333333333,0.005555555555555556,44.608251904692125,330.8853850073317,35.518464,249.71057291940193,verified,0.9975654,False,False,0,False,351.3,487.7,False,370.0,805.6,860,0.0,4.0,12,31905,752.0,641.0,"Japan, JP",580.173.02,4049840.9223940372
2026-09-13,2026-09-13T18:02:35.103981+00:00,2026-09-13-1000,47905871,147804,653719,,RTX 3090,3090-pcie-24gb,3090,PCIe,1,1.0,0.1348148148148148,0.08,0.1348148148148148,False,0.1333333333333333,27.30666666666667,27.30666666666667,0.005555555555555556,45.29055309799214,335.9464103422494,36.274176000000004,138.19502751740657,unverified,0.9936204,False,False,0,False,547.5,46.2,False,300.0,803.0,860,0.0,3.0,12,64188,2800.9,244.60000000000002,"Australia, AU",580.159.04,2588979.54205513
2026-09-13,2026-09-13T18:02:35.103981+00:00,2026-09-13-1000,33731290,32831,50627,,RTX 3090,3090-pcie-24gb,3090,PCIe,2,1.0,0.2707407407407407,0.2133333,0.13537037037037036,False,0.3666666666666667,0.0026666666666666666,0.004,0.005555555555555556,84.65261258949786,312.6703884974613,71.036928,260.0754173957308,verified,0.9954091,False,False,0,False,905.3,920.2,False,350.0,826.3,860,0.0,3.0,12,64079,588.6999999999999,657.7,"Quebec, CA",560.35.03,1299531.9223940372
2026-09-13,2026-09-13T18:02:35.103981+00:00,2026-09-13-1000,35032967,70185,50627,,RTX 3090,3090-pcie-24gb,3090,PCIe,2,1.0,0.2707407407407407,0.266,0.13537037037037036,False,0.3666666666666667,0.0026666666666666666,0.004,0.005555555555555556,74.77648380982271,276.1922110622727,71.036928,217.85394406122435,verified,0.9920059,False,False,0,False,850.7,884.6,False,350.0,805.4,860,0.0,3.0,12,64166,1301.0,427.0,"Quebec, CA",590.48.01,1498101.9223940372
2026-09-13,2026-09-13T18:02:35.103981+00:00,2026-09-13-1000,11997120,14338,50627,,RTX 3090,3090-pcie-24gb,3090,PCIe,2,1.0,0.2707407407407407,0.21333333333333335,0.13537037037037036,False,0.3666666666666667,0.0026666666666666666,0.0026666666666666666,0.005555555555555556,82.08816737158153,303.19842941623824,71.036928,160.90996861705213,verified,0.9974307,True,False,0,False,164.5,49.2,True,350.0,804.7,860,0.0,3.0,12,64143,708.0,433.0,"Quebec, CA",535.113.01,1469769.9223940372
2026-09-13,2026-09-13T18:02:35.103981+00:00,2026-09-13-1000,49567360,34868,185772,,RTX 3090,3090-pcie-24gb,3090,PCIe,1,0.5,0.13555555555555554,0.13333333333333333,0.13555555555555554,False,0.19999999999999998,0.0026666666666666666,0.004,0.005555555555555556,44.650584011387366,329.3895541823658,35.26656,291.28475603784085,verified,0.998673,False,False,0,False,940.8,913.4,False,350.0,827.6,860,0.0,3.0,28,48203,3344.0,269.0,"Hungary, HU",565.57.01,1482992.9223940372
2026-09-13,2026-09-13T18:02:35.103981+00:00,2026-09-13-1000,47211799,139809,496400,,RTX 3090,3090-pcie-24gb,3090,PCIe,1,1.0,0.13555555555555554,0.13333333333333333,0.13555555555555554,False,0.19999999999999998,2.6666666666666665,4.0,0.005555555555555556,44.840321320964975,330.78925564646295,35.770368,244.1383547377536,unverified,0.9881261,False,False,0,False,881.4,908.5,False,390.0,805.0,860,0.0,4.0,24,64180,3494.7,622.6814892796517,"Ontario, CA",595.84,6595615.54205513
2026-09-13,2026-09-13T18:02:35.103981+00:00,2026-09-13-1000,47770190,23401,133266,,RTX 3090,3090-pcie-24gb,3090,PCIe,1,0.5,0.13555555555555554,0.10666666666666667,0.13555555555555554,False,0.19999999999999998,2.6666666666666665,4.0,0.005555555555555556,44.62023184467269,329.1656447557822,35.26656,237.1301588364169,deverified,0.9943155,True,False,0,False,711.8,376.3,False,370.0,825.2,860,0.0,3.0,28,32069,771.3208749267542,709.5,"South Korea, KR",555.58.02,6646112.922394037
2026-09-13,2026-09-13T18:02:35.103981+00:00,2026-09-13-1000,50861983,150239,483833,,RTX 3090,3090-pcie-24gb,3090,PCIe,4,0.5,0.542962962962963,0.48,0.13574074074074075,False,0.8666666666666666,16.0,17.333333333333332,0.005555555555555556,158.82487450764194,292.51511676032277,143.081472,173.85356956852164,unverified,0.9678909,False,False,0,False,745.4,656.6,True,280.0,803.7,860,0.0,4.0,192,257893,2499.0,1449.95,"United States, US",580.178.04,15174781.922394037
2026-09-13,2026-09-13T18:02:35.103981+00:00,2026-09-13-1000,33731289,32831,50627,,RTX 3090,3090-pcie-24gb,3090,PCIe,1,0.5,0.1374074074074074,0.1066667,0.1374074074074074,False,0.3666666666666667,0.0026666666666666666,0.004,0.005555555555555556,44.87792116065432,326.60481707214734,35.518464,279.41787809288047,verified,0.9954091,False,False,0,False,905.3,920.2,False,350.0,826.3,860,0.0,3.0,12,32039,588.6999999999999,328.85,"Quebec, CA",560.35.03,1299531.9223940372
2026-09-13,2026-09-13T18:02:35.103981+00:00,2026-09-13-1000,41191670,33061,116365,,RTX 3090,3090-pcie-24gb,3090,PCIe,8,1.0,1.1115555555555556,0.6826667,0.13894444444444445,False,0.20000000000000004,2.6666666666666665,4.0,0.005777777777777778,250.53244148478058,225.38904171961465,286.162944,167.14798232553562,verified,0.9982628,False,False,0,True,818.3,141.3,False,200.0,425.1,860,0.0,4.0,96,257566,1237.0,947.0,"Taiwan, TW",580.159.04,2759184.9223940372
2026-09-13,2026-09-13T18:02:35.103981+00:00,2026-09-13-1000,49685727,33953,116365,,RTX 3090,3090-pcie-24gb,3090,PCIe,8,1.0,1.1122962962962966,0.8533333333333334,0.13903703703703707,False,0.2666666666666666,0.0013333333333333333,0.0013333333333333333,0.006111111111111112,194.80489979547383,175.13759637978796,282.13248,149.4604685243462,deverified,0.9917389,True,False,0,False,885.4,875.2,False,200.0,425.0,860,0.0,4.0,128,257554,1082.0,603.0,"Taiwan, TW",580.126.09,2759184.9223940372
2026-09-13,2026-09-13T18:02:35.103981+00:00,2026-09-13-1000,37083758,5855,38488,,RTX 3090,3090-pcie-24gb,3090,PCIe,4,1.0,0.5583703703703703,0.32,0.13959259259259257,False,0.3333333333333333,2.6666666666666665,4.0,0.0057777777777777775,160.11289932501893,286.75035034329477,141.06624,208.43900504948712,verified,0.9983288,False,False,0,False,427.7,444.3,False,285.0,802.8,860,0.0,4.0,32,128673,4435.4,1004.0,"Hungary, HU",580.173.02,3071774.54205513
2026-09-13,2026-09-13T18:02:35.103981+00:00,2026-09-13-1000,37083762,5855,38488,,RTX 3090,3090-pcie-24gb,3090,PCIe,2,0.5,0.28103703703703703,0.16,0.14051851851851851,False,0.3333333333333333,2.6666666666666665,4.0,0.0057777777777777775,88.48106804298862,314.83774870330694,70.53312,246.2643307626375,verified,0.9983288,False,False,0,False,427.7,444.3,False,350.0,802.6,860,0.0,4.0,32,64336,4435.4,502.0,"Hungary, HU",580.173.02,3071774.54205513
2026-09-13,2026-09-13T18:02:35.103981+00:00,2026-09-13-1000,31183842,25813,135723,,RTX 3090,3090-pcie-24gb,3090,PCIe,2,0.3333333333333333,0.2856296296296296,0.2133333,0.1428148148148148,False,0.2666666666666666,26.666666666666668,2.6666666666666665,0.007944444444444443,88.73728999691363,310.6725661198999,70.53312,215.88980847710602,verified,0.9948053,False,False,0,False,652.1,599.2,False,350.0,805.7,860,0.0,4.0,64,85864,1558.0,168.33333333333331,"Czechia, CZ",590.48.01,59331860.92239404
2026-09-13,2026-09-13T18:02:35.103981+00:00,2026-09-13-1000,50861989,150239,483833,,RTX 3090,3090-pcie-24gb,3090,PCIe,1,0.125,0.14296296296296296,0.12,0.14296296296296296,False,0.8666666666666666,16.0,17.333333333333332,0.005555555555555556,44.825533326809655,313.5464766383059,35.770368,158.93687109406363,unverified,0.9678909,False,False,0,False,745.4,656.6,True,280.0,803.9,860,0.0,4.0,192,64473,2499.0,362.4875,"United States, US",580.178.04,15174781.922394037
2026-09-13,2026-09-13T18:02:35.103981+00:00,2026-09-13-1000,7479857,9962,3483,,RTX 3090,3090-pcie-24gb,3090,PCIe,1,1.0,0.14500740740740742,0.16,0.14500740740740742,False,0.4506666666666668,40.0,40.0,0.005833333333333334,44.33441537199424,305.7389699233358,35.26656,169.29971520895694,verified,0.9984266,False,False,0,False,810.0,841.4,False,280.0,803.1,860,0.0,4.0,12,15663,1950.8,9937.0,"Quebec, CA",580.82.09,72611449.92239404
2026-09-13,2026-09-13T18:02:35.103981+00:00,2026-09-13-1000,50087699,33622,207261,,RTX 3090,3090-pcie-24gb,3090,PCIe,8,1.0,1.1740740740740743,0.5333333,0.14675925925925928,False,0.06666666666666665,2.6666666666666665,4.0,0.006111111111111112,167.53445127190164,142.69495849657235,282.13248,82.12975576727429,deverified,0.9596503,False,False,0,True,1630.1,171.5,False,250.0,804.5,860,0.0,4.0,64,515633,355.32462716889137,4182.709360956423,"British Columbia, CA",610.57.04,15036251.922394037
2026-09-13,2026-09-13T18:02:35.103981+00:00,2026-09-13-1000,50092478,150100,203531,,RTX 3090,3090-pcie-24gb,3090,PCIe,19,1.0,2.7888888888888883,22.8,0.14678362573099413,False,0.19999999999999998,2.6666666666666665,4.0,0.00611111111111111,314.4607403625764,112.7548471419597,670.0646399999999,77.21118579734029,deverified,0.9529512,False,False,0,False,1171.9,2372.7,True,350.0,805.1,860,0.0,4.0,128,515778,4581.9,6346.0,"Bulgaria, BG",595.84,3449614.54205513
2026-09-13,2026-09-13T18:02:35.103981+00:00,2026-09-13-1000,36865589,49870,203531,,RTX 3090,3090-pcie-24gb,3090,PCIe,16,0.8421052631578947,2.348888888888889,13.866666666666667,0.14680555555555555,False,0.19999999999999998,1.3333333333333333,1.3333333333333333,0.006111111111111111,287.78366540734277,122.51906285080818,564.26496,84.22893340929743,verified,0.9390919,False,False,0,False,2147.4,2390.1,False,350.0,805.5,860,0.0,4.0,128,434339,4179.0,2977.684210526316,"Bulgaria, BG",570.195.03,12223750.922394037
2026-09-13,2026-09-13T18:02:35.103981+00:00,2026-09-13-1000,49474223,39873,207261,,RTX 3090,3090-pcie-24gb,3090,PCIe,8,1.0,1.174651851851852,0.7466667,0.1468314814814815,False,0.11866666666666664,2.6666666666666665,4.0,0.006111111111111112,217.96412274947764,185.5563607258225,282.13248,114.02169659359618,verified,0.9731549,False,False,0,False,885.8,173.0,False,250.0,804.2,860,0.0,4.0,128,257751,617.2465357542144,2715.0,"British Columbia, CA",595.71.05,6775965.922394037
2026-09-13,2026-09-13T18:02:35.103981+00:00,2026-09-13-1000,50092485,150100,203531,,RTX 3090,3090-pcie-24gb,3090,PCIe,8,0.42105263157894735,1.1755555555555557,9.6,0.14694444444444446,False,0.19999999999999998,2.6666666666666665,4.0,0.006111111111111112,228.02882001071475,193.97536673879324,284.147712,133.30475308806143,deverified,0.9529512,True,False,0,False,1171.9,2372.7,True,370.0,805.2,860,0.0,4.0,128,217169,4581.9,2672.0,"Bulgaria, BG",595.84,3449614.54205513
2026-09-13,2026-09-13T18:02:35.103981+00:00,2026-09-13-1000,36865594,49870,203531,,RTX 3090,3090-pcie-24gb,3090,PCIe,8,0.42105263157894735,1.1755555555555557,6.933333333333334,0.14694444444444446,False,0.19999999999999998,1.3333333333333333,1.3333333333333333,0.006111111111111112,223.110718424551,189.79172644810575,282.13248,130.7465768235205,verified,0.9390919,False,False,0,False,2147.4,2390.1,False,350.0,804.6,860,0.0,4.0,128,217169,4179.0,1488.842105263158,"Bulgaria, BG",570.195.03,12223750.922394037
2026-09-13,2026-09-13T18:02:35.103981+00:00,2026-09-13-1000,49922924,141738,467312,,RTX 3090,3090-pcie-24gb,3090,PCIe,8,1.0,1.1755555555555557,1.1733333333333333,0.14694444444444446,False,0.19999999999999998,2.6666666666666665,4.0,0.006111111111111112,196.26024491722865,166.9510590033136,282.13248,128.64499950437877,verified,0.9822617,False,False,0,True,823.7,774.9,False,320.0,805.2,860,0.0,3.0,80,386819,3000.4100000000003,3400.6,"United States, US",580.159.03,14893091.922394037
2026-09-13,2026-09-13T18:02:35.103981+00:00,2026-09-13-1000,39627672,92165,443275,,RTX 3090,3090-pcie-24gb,3090,PCIe,8,1.0,1.1755555555555557,2.026666666666667,0.14694444444444446,False,0.19999999999999998,0.004,0.004,0.006111111111111112,223.91714841268373,190.47772549283113,282.13248,114.24961960780408,unverified,0.9967455,False,False,0,False,529.3,34.7,False,350.0,805.5,860,0.0,4.0,64,257783,3297.0,3242.6,"Pennsylvania, US",595.58.03,1552459.9223940372
2026-09-13,2026-09-13T18:02:35.103981+00:00,2026-09-13-1000,50087697,33622,207261,,RTX 3090,3090-pcie-24gb,3090,PCIe,2,0.25,0.2940740740740741,0.1333333,0.14703703703703705,False,0.06666666666666665,2.6666666666666665,4.0,0.006111111111111111,61.09809698598413,207.76430965007197,70.53312,112.14671849807056,deverified,0.9596503,False,False,0,True,1630.1,171.5,False,250.0,804.5,860,0.0,4.0,64,128908,355.32462716889137,1045.6773402391057,"British Columbia, CA",610.57.04,15036251.922394037
2026-09-13,2026-09-13T18:02:35.103981+00:00,2026-09-13-1000,50208766,140747,48012,,RTX 3090,3090-pcie-24gb,3090,PCIe,4,1.0,0.5888888888888889,0.4266667,0.14722222222222223,False,0.19999999999999998,2.6666666666666665,4.0,0.006111111111111111,144.77278463286302,245.84057767844664,141.06624,235.1647137299513,verified,0.9943617,False,False,0,False,1989.4,2150.8,False,420.0,805.4,860,0.0,3.0,24,216230,108.0,1527.0,"British Columbia, CA",570.211.01,2089820.9223940372
2026-09-13,2026-09-13T18:02:35.103981+00:00,2026-09-13-1000,50314543,54785,48012,,RTX 3090,3090-pcie-24gb,3090,PCIe,4,1.0,0.5888888888888889,0.676,0.14722222222222223,False,0.19999999999999998,2.6666666666666665,4.0,0.006111111111111111,145.79412981318956,247.57493741862376,142.073856,231.5874243579938,verified,0.9864653,False,False,0,False,1501.9,2637.9,False,350.0,805.8,860,0.0,3.0,48,94256,406.0,2027.1,"British Columbia, CA",570.211.01,2171953.9223940372
2026-09-13,2026-09-13T18:02:35.103981+00:00,2026-09-13-1000,46771993,146403,637065,,RTX 3090,3090-pcie-24gb,3090,PCIe,4,1.0,0.5888888888888889,0.588,0.14722222222222223,False,0.19999999999999998,2.6666666666666665,4.0,0.006111111111111111,147.21254965746965,249.9835748900428,143.081472,222.18820563579132,verified,0.9957107,False,False,0,False,905.1,785.6,False,420.0,805.6,860,0.0,3.0,24,257586,6098.0,1145.0,"Croatia, HR",580.173.02,1516340.9223940372
2026-09-13,2026-09-13T18:02:35.103981+00:00,2026-09-13-1000,35961800,59159,155385,,RTX 3090,3090-pcie-24gb,3090,PCIe,4,1.0,0.5888888888888889,0.588,0.14722222222222223,False,0.19999999999999998,1.33332992,1.33332992,0.006111111111111111,145.10494652004422,246.40462616611282,142.073856,213.2428482715993,deverified,0.9867079,False,False,0,True,1348.1,1325.4,False,180.0,803.4,860,0.0,4.0,64,128660,2823.0,960.9522226741135,"California, US",580.142,8048223.922394037
2026-09-13,2026-09-13T18:02:35.103981+00:00,2026-09-13-1000,49720469,95613,5477,,RTX 3090,3090-pcie-24gb,3090,PCIe,4,1.0,0.5888888888888889,0.4266667,0.14722222222222223,False,0.19999999999999998,26.666666666666668,26.666666666666668,0.006111111111111111,138.72905411009629,235.57763905488048,141.06624,181.2090445589134,verified,0.9934256,False,False,0,False,867.4,920.2,False,300.0,805.7,860,56.24800109863281,3.0,128,128635,347.0,2391.26061664597,"Spain, ES",595.71.05,10368386.54205513
2026-09-13,2026-09-13T18:02:35.103981+00:00,2026-09-13-1000,50092468,150100,203531,,RTX 3090,3090-pcie-24gb,3090,PCIe,4,0.21052631578947367,0.5888888888888889,4.8,0.14722222222222223,False,0.19999999999999998,2.6666666666666665,4.0,0.006111111111111111,135.59986232071174,230.26391714837843,141.06624,151.2542710760867,deverified,0.9529512,True,False,0,False,1171.9,2372.7,True,350.0,804.6,860,0.0,4.0,128,108584,4581.9,1336.0,"Bulgaria, BG",595.84,3449614.54205513
2026-09-13,2026-09-13T18:02:35.103981+00:00,2026-09-13-1000,50443910,84216,443829,,RTX 3090,3090-pcie-24gb,3090,PCIe,14,1.0,2.0629629629629633,1.866667,0.14735449735449738,False,0.8666666666666666,16.0,17.333333333333332,0.006111111111111112,264.03226679859085,127.98691568333845,493.73184,107.22542106652749,verified,0.985862,False,False,0,True,1630.3,1300.9,False,220.0,805.7,860,0.0,4.0,192,515783,2184.0,2158.0,"United States, US",580.159.03,15316681.922394037
2026-09-13,2026-09-13T18:02:35.103981+00:00,2026-09-13-1000,49828258,149609,483833,,RTX 3090,3090-pcie-24gb,3090,PCIe,14,1.0,2.0629629629629633,2.058,0.14735449735449738,False,0.8666666666666666,16.0,17.333333333333332,0.006111111111111112,261.66802491776264,126.84087383805368,493.73184,89.98749194479198,verified,0.9827388,False,False,0,False,584.6,482.3,False,260.0,805.4,860,0.0,4.0,192,515782,1739.0,2412.7514937105348,"California, US",580.173.02,14817019.922394037
2026-09-13,2026-09-13T18:02:35.103981+00:00,2026-09-13-1000,44672699,20505,86962,,RTX 3090,3090-pcie-24gb,3090,PCIe,1,0.5,0.1474074074074074,0.09,0.1474074074074074,False,0.06666666666666665,1.3333333333333333,1.3333333333333333,0.006111111111111111,44.63921737691689,302.8288616022,35.26656,247.02970747664952,verified,0.9908692,True,False,0,True,897.7,729.3,False,350.0,826.7,860,0.0,3.0,32,32115,520.2,411.5,"Argentina, AR",560.35.03,9376826.922394037
2026-09-13,2026-09-13T18:02:35.103981+00:00,2026-09-13-1000,33461587,16399,97174,,RTX 3090,3090-pcie-24gb,3090,PCIe,2,1.0,0.2948148148148148,0.16,0.1474074074074074,False,0.1333333333333333,0.013333333333333334,0.013333333333333334,0.006111111111111111,85.16331910971283,288.87055476912644,71.540736,216.7326226154114,deverified,0.9880216,True,False,0,True,592.3,394.2,True,350.0,826.7,860,0.0,4.0,24,31995,1663.0,479.0,"Bulgaria, BG",560.35.05,6903144.922394037
2026-09-13,2026-09-13T18:02:35.103981+00:00,2026-09-13-1000,49003380,28229,143846,,RTX 3090,3090-pcie-24gb,3090,PCIe,2,0.5,0.2948148148148148,0.24,0.1474074074074074,False,0.1333333333333333,2.6666666666666665,0.14666666666666667,0.006111111111111111,88.89105728391561,301.5148927972012,71.036928,163.30394619041448,deverified,0.98974,False,False,0,True,218.0,107.2,True,350.0,802.1,860,0.0,4.0,48,64336,3831.0,214.5,"Germany, DE",595.84,1540725.9223940372
2026-09-13,2026-09-13T18:02:35.103981+00:00,2026-09-13-1000,50550904,149932,603373,,RTX 3090,3090-pcie-24gb,3090,PCIe,1,1.0,0.14755555555555555,0.1453333,0.14755555555555555,False,0.19999999999999998,26.666666666666668,26.666666666666668,0.006055555555555556,44.36864499845682,300.6911182124333,35.26656,96.47747450535101,unverified,0.9543764,True,False,0,False,260.9,153.7,True,350.0,805.7,860,0.0,4.0,12,31628,3477.460681262667,261.0,"India, IN",595.84,2368436.9223940372
2026-09-13,2026-09-13T18:02:35.103981+00:00,2026-09-13-1000,26558025,15032,48012,,RTX 3090,3090-pcie-24gb,3090,PCIe,2,0.5,0.29555555555555557,0.294,0.14777777777777779,False,0.19999999999999998,2.6666666666666665,4.0,0.006111111111111111,83.62878237187724,282.954526822141,70.53312,259.12128844990116,verified,0.9954821,False,False,0,False,1373.0,1906.1,False,350.0,805.6,860,0.0,3.0,32,128767,6662.0,1080.8000000000004,"British Columbia, CA",570.172.08,4129460.9223940372
2026-09-13,2026-09-13T18:02:35.103981+00:00,2026-09-13-1000,35580416,78080,155385,,RTX 3090,3090-pcie-24gb,3090,PCIe,2,0.25,0.29555555555555557,0.294,0.14777777777777779,False,0.19999999999999998,1.33332992,1.33332992,0.006111111111111111,83.9239774655463,283.9533072142544,70.53312,258.6041760873042,verified,0.9937899,False,False,0,True,1404.6,1362.6,False,180.0,805.5,860,0.0,4.0,96,64391,2527.0,497.44726653101543,"Yunnan, CN",580.142,7664589.922394037
2026-09-13,2026-09-13T18:02:35.103981+00:00,2026-09-13-1000,34108489,60926,155385,,RTX 3090,3090-pcie-24gb,3090,PCIe,2,0.5,0.29555555555555557,0.2933333,0.14777777777777779,False,0.19999999999999998,1.3333333333333333,1.3333333333333333,0.006111111111111111,80.15764856089311,271.2100891158037,70.53312,248.95762924278725,deverified,0.9978656,True,False,0,True,1353.1,1356.8,False,350.0,805.5,860,0.0,3.0,80,96452,1979.0,493.34297022389666,"Fujian, CN",580.142,7112162.922394037
2026-09-13,2026-09-13T18:02:35.103981+00:00,2026-09-13-1000,35961798,59159,155385,,RTX 3090,3090-pcie-24gb,3090,PCIe,2,0.5,0.29555555555555557,0.294,0.14777777777777779,False,0.19999999999999998,1.33332992,1.33332992,0.006111111111111111,89.21384845253026,301.8513669446512,71.036928,243.65629449255545,deverified,0.9867079,False,False,0,True,1348.1,1325.4,False,180.0,805.5,860,0.0,4.0,64,64330,2823.0,480.47611133705675,"California, US",580.142,8048223.922394037
2026-09-13,2026-09-13T18:02:35.103981+00:00,2026-09-13-1000,50780307,137472,97174,,RTX 3090,3090-pcie-24gb,3090,PCIe,2,1.0,0.29555555555555557,0.164,0.14777777777777779,False,0.19999999999999998,0.013333333333333334,0.013333333333333334,0.006111111111111111,84.34630782543118,285.3822445221356,71.036928,223.12348779805086,unverified,0.9975516,True,False,0,False,589.8,394.3,True,370.0,805.2,860,0.0,4.0,24,31998,3817.0,605.0,"Bulgaria, BG",595.71.05,15555681.922394037
2026-09-13,2026-09-13T18:02:35.103981+00:00,2026-09-13-1000,48784117,148733,668766,,RTX 3090,3090-pcie-24gb,3090,PCIe,2,1.0,0.29555555555555557,0.2666667,0.14777777777777779,False,0.19999999999999998,2.6666666666666665,4.0,0.006111111111111111,84.27624314090619,285.145183559457,71.036928,220.13899660474056,verified,0.9913119,False,False,0,False,615.5,604.1,True,350.0,805.4,860,0.0,4.0,32,127935,3601.5,1369.0,"North Carolina, US",595.84,2588492.54205513
2026-09-13,2026-09-13T18:02:35.103981+00:00,2026-09-13-1000,35376209,78466,155385,,RTX 3090,3090-pcie-24gb,3090,PCIe,2,0.5,0.29555555555555557,0.29333333333333333,0.14777777777777779,False,0.19999999999999998,1.33332992,1.33332992,0.006111111111111111,86.88035885588877,293.95610139210487,70.53312,211.92407724584731,deverified,0.9726221,True,False,0,False,1382.2,1344.0,False,350.0,803.6,860,0.0,4.0,96,80406,2157.0,447.5,"Guangxi Zhuangzu, CN",535.288.01,8048192.922394037
2026-09-13,2026-09-13T18:02:35.103981+00:00,2026-09-13-1000,50092449,150100,203531,,RTX 3090,3090-pcie-24gb,3090,PCIe,2,0.10526315789473684,0.29555555555555557,2.4,0.14777777777777779,False,0.19999999999999998,2.6666666666666665,4.0,0.006111111111111111,83.15251946893758,281.34311098512717,70.53312,191.48496043978403,deverified,0.9529512,True,False,0,False,1171.9,2372.7,True,350.0,805.4,860,0.0,4.0,128,54292,4581.9,668.0,"Bulgaria, BG",595.84,3449614.54205513
2026-09-13,2026-09-13T18:02:35.103981+00:00,2026-09-13-1000,50525562,148546,70317,,RTX 3090,3090-pcie-24gb,3090,PCIe,2,0.5,0.29555555555555557,0.18666666666666668,0.14777777777777779,False,0.19999999999999998,2.6666666666666665,4.0,0.006111111111111111,83.54689134911578,282.6774519330985,70.53312,181.80250391388515,deverified,0.9620205,True,False,0,False,884.2,849.3,True,350.0,805.3,860,0.0,4.0,128,64320,3923.0,731.5,"Argentina, AR",595.71.05,2343287.9223940372
2026-09-13,2026-09-13T18:02:35.103981+00:00,2026-09-13-1000,50847292,19376,111477,,RTX 3090,3090-pcie-24gb,3090,PCIe,2,1.0,0.29555555555555557,0.294,0.14777777777777779,False,0.19999999999999998,0.0026666666666666666,0.004,0.006166666666666667,68.23042595615563,230.85482466368444,70.53312,151.17198370617976,verified,0.9625708,False,False,0,False,812.4,813.3,False,250.0,805.5,860,0.0,3.0,8,48086,186.56989006893983,224.0,"Japan, JP",580.126.09,5183850.922394037
2026-09-13,2026-09-13T18:02:35.103981+00:00,2026-09-13-1000,50856550,150539,598858,,RTX 3090,3090-pcie-24gb,3090,PCIe,2,1.0,0.29555555555555557,0.18666666666666668,0.14777777777777779,False,0.19999999999999998,2.6666666666666665,4.0,0.006111111111111111,64.10110149872138,216.88342612349336,71.036928,114.05171856444812,unverified,0.9287522,True,False,0,False,838.8,834.1,True,250.0,805.4,860,0.0,3.0,8,48176,411.0,413.0,"Greece, GR",580.173.02,4106480.9223940372
2026-09-13,2026-09-13T18:02:35.103981+00:00,2026-09-13-1000,48395517,145134,597106,,RTX 3090,3090-pcie-24gb,3090,PCIe,1,0.5,0.14785185185185185,0.1066667,0.14785185185185185,False,0.10666666666666667,1.3333333333333333,1.3333333333333333,0.006111111111111111,44.060444775568925,298.0040102556015,35.770368,214.83415917611632,verified,0.996295,False,False,0,False,398.6,694.2,True,350.0,805.5,860,0.0,3.0,16,32080,1964.0,686.5,"Norway, NO",595.71.05,1450400.9223940372
2026-09-13,2026-09-13T18:02:35.103981+00:00,2026-09-13-1000,50443909,84216,443829,,RTX 3090,3090-pcie-24gb,3090,PCIe,8,0.5714285714285714,1.1829629629629632,1.066667,0.1478703703703704,False,0.8666666666666666,16.0,17.333333333333332,0.006111111111111112,213.81513564610134,180.74541836082452,284.147712,142.98561210775182,verified,0.985862,False,False,0,True,1630.3,1300.9,False,220.0,804.8,860,0.0,4.0,192,294733,2184.0,1233.142857142857,"United States, US",580.159.03,15316681.922394037
2026-09-13,2026-09-13T18:02:35.103981+00:00,2026-09-13-1000,49828257,149609,483833,,RTX 3090,3090-pcie-24gb,3090,PCIe,8,0.5714285714285714,1.1829629629629632,1.176,0.1478703703703704,False,0.8666666666666666,16.0,17.333333333333332,0.006111111111111112,211.67251486479523,178.93418601595084,286.162944,122.20817972369814,verified,0.9827388,False,False,0,False,584.6,482.3,False,260.0,805.7,860,0.0,4.0,192,294732,1739.0,1378.7151392631627,"California, US",580.173.02,14817019.922394037
2026-09-13,2026-09-13T18:02:35.103981+00:00,2026-09-13-1000,48317504,57777,410852,,RTX 3090,3090-pcie-24gb,3090,PCIe,7,1.0,1.0362962962962965,1.029,0.14804232804232806,False,0.8666666666666665,16.0,17.333333333333332,0.006111111111111112,196.14397489504069,189.27402866926724,246.86592,71.25844817531139,verified,0.9892635,False,False,0,False,28.0,34.2,False,210.0,805.4,860,0.0,3.0,80,386823,2017.9,2392.0,", US",580.159.03,5833110.922394037
2026-09-13,2026-09-13T18:02:35.103981+00:00,2026-09-13-1000,49003378,28229,143846,,RTX 3090,3090-pcie-24gb,3090,PCIe,1,0.25,0.14814814814814814,0.12,0.14814814814814814,False,0.1333333333333333,2.6666666666666665,0.14666666666666667,0.006111111111111111,44.214849071890484,298.4502312352608,35.518464,166.2326378068067,deverified,0.98974,True,False,0,True,218.0,107.2,True,350.0,805.3,860,0.0,3.0,48,32168,3831.0,107.25,"Germany, DE",595.84,1540725.9223940372
2026-09-13,2026-09-13T18:02:35.103981+00:00,2026-09-13-1000,49745141,27610,50627,,RTX 3090,3090-pcie-24gb,3090,PCIe,2,1.0,0.2974074074074074,0.2133333,0.1487037037037037,False,0.3666666666666667,2.6666666666666665,4.0,0.006111111111111111,83.9204605770758,282.1734041819485,71.036928,142.26679184761764,verified,0.9965698,False,False,0,False,207.0,49.0,True,350.0,826.1,860,0.0,3.0,12,60152,2542.0,247.0,"Quebec, CA",555.58.02,14755102.922394037
2026-09-13,2026-09-13T18:02:35.103981+00:00,2026-09-13-1000,49745115,25199,50627,,RTX 3090,3090-pcie-24gb,3090,PCIe,2,1.0,0.2974074074074074,0.2133333,0.1487037037037037,False,0.3666666666666667,2.6666666666666665,4.0,0.006111111111111111,76.20853392636818,256.24289115964393,71.036928,125.52024306991028,verified,0.9955845,False,False,0,True,136.2,51.5,True,350.0,802.1,860,0.0,3.0,12,64183,397.00000000000006,682.0,"Quebec, CA",535.183.01,14755102.922394037
2026-09-13,2026-09-13T18:02:35.103981+00:00,2026-09-13-1000,34161227,63480,155385,,RTX 3090,3090-pcie-24gb,3090,PCIe,1,0.25,0.14888888888888888,0.147,0.14888888888888888,False,0.19999999999999998,1.33332992,1.33332992,0.006111111111111111,44.82822427859303,301.0850884383114,35.770368,282.9442459355349,verified,0.9975847,False,False,0,True,1321.8,1321.6,False,350.0,804.1,860,0.0,4.0,64,32175,2767.0,173.0,"Yunnan, CN",580.142,7664592.922394037
2026-09-13,2026-09-13T18:02:35.103981+00:00,2026-09-13-1000,47598977,41847,74292,,RTX 3090,3090-pcie-24gb,3090,PCIe,1,1.0,0.14888888888888888,0.147,0.14888888888888888,False,0.19999999999999998,4.0,4.0,0.006111111111111111,44.3633895822079,297.9630643581128,35.26656,258.0412103082944,verified,0.9973405,False,False,0,False,906.5,919.2,False,350.0,805.3,860,0.0,4.0,12,31952,3540.327831018971,815.0,"Nevada, US",580.173.02,22957927.54205513
2026-09-13,2026-09-13T18:02:35.103981+00:00,2026-09-13-1000,44127787,17422,43746,,RTX 3090,3090-pcie-24gb,3090,PCIe,1,0.25,0.14888888888888888,0.147,0.14888888888888888,False,0.19999999999999998,2.6666666666666665,4.0,0.006111111111111111,44.35944547585151,297.93657409154,35.26656,251.60333388346942,verified,0.9968413,False,False,0,False,840.0,765.6,False,350.0,805.0,860,0.0,4.0,64,64396,2987.0,718.5,"Pennsylvania, US",550.144.03,1455233.9223940372
2026-09-13,2026-09-13T18:02:35.103981+00:00,2026-09-13-1000,43499101,51641,74292,,RTX 3090,3090-pcie-24gb,3090,PCIe,1,1.0,0.14888888888888888,0.08,0.14888888888888888,False,0.19999999999999998,4.0,4.0,0.006111111111111111,44.36470379958797,297.9718911912625,35.26656,245.67134041774466,verified,0.9992331,False,False,0,True,919.2,927.2,False,325.0,805.4,860,0.0,4.0,12,64161,2509.0,1184.0,"Nevada, US",580.173.02,33364769.54205513
2026-09-13,2026-09-13T18:02:35.103981+00:00,2026-09-13-1000,45073277,143878,74292,,RTX 3090,3090-pcie-24gb,3090,PCIe,1,1.0,0.14888888888888888,0.08,0.14888888888888888,False,0.19999999999999998,4.0,4.0,0.006111111111111111,44.36601777471118,297.9807163973139,35.26656,243.01047886376685,verified,0.9964279,False,False,0,False,879.2,919.2,False,350.0,805.5,860,0.0,4.0,12,31890,3885.0,1315.0,"Nevada, US",580.173.02,15898086.54205513
2026-09-13,2026-09-13T18:02:35.103981+00:00,2026-09-13-1000,35961801,59159,155385,,RTX 3090,3090-pcie-24gb,3090,PCIe,1,0.25,0.14888888888888888,0.14666666666666667,0.14888888888888888,False,0.19999999999999998,1.33332992,1.33332992,0.006111111111111111,44.60692422626513,299.5987448032733,35.518464,242.17855219011628,deverified,0.9867079,True,False,0,True,1348.1,1325.4,False,180.0,805.5,860,0.0,4.0,64,32165,2823.0,240.23805566852838,"California, US",580.142,8048223.922394037
2026-09-13,2026-09-13T18:02:35.103981+00:00,2026-09-13-1000,35376203,78466,155385,,RTX 3090,3090-pcie-24gb,3090,PCIe,1,0.25,0.14888888888888888,0.1466667,0.14888888888888888,False,0.19999999999999998,1.33332992,1.33332992,0.006111111111111111,44.33837333327138,297.79504477570333,35.26656,223.76037358025877,deverified,0.9726221,True,False,0,False,1382.2,1344.0,False,350.0,803.4,860,0.0,4.0,96,40203,2157.0,223.75,"Guangxi Zhuangzu, CN",535.288.01,8048192.922394037
2026-09-13,2026-09-13T18:02:35.103981+00:00,2026-09-13-1000,50780306,137472,97174,,RTX 3090,3090-pcie-24gb,3090,PCIe,1,0.5,0.14888888888888888,0.082,0.14888888888888888,False,0.19999999999999998,0.013333333333333334,0.013333333333333334,0.006111111111111111,44.60293972467846,299.57198322545236,35.518464,222.77740774033433,unverified,0.9975516,True,False,0,False,589.8,394.3,True,370.0,805.2,860,0.0,4.0,24,15999,3817.0,302.5,"Bulgaria, BG",595.71.05,15555681.922394037
2026-09-13,2026-09-13T18:02:35.103981+00:00,2026-09-13-1000,48945910,34391,85323,,RTX 3090,3090-pcie-24gb,3090,PCIe,1,1.0,0.14888888888888888,0.1333333,0.14888888888888888,False,0.19999999999999998,26.666666666666668,26.666666666666668,0.006111111111111111,45.071279698257555,302.7175502121776,35.770368,218.3161786300982,verified,0.9966103,False,False,0,False,1027.6,1903.7,False,390.0,826.1,860,0.0,3.0,6,64207,1217.4,382.10000000000065,"Quebec, CA",560.35.03,14448466.922394037
2026-09-13,2026-09-13T18:02:35.103981+00:00,2026-09-13-1000,49995276,149983,627553,,RTX 3090,3090-pcie-24gb,3090,PCIe,1,1.0,0.14888888888888888,0.29388800000000004,0.14888888888888888,False,0.19999999999999998,2.6666666666666665,4.0,0.006111111111111111,44.362075122503484,297.9542358974115,35.26656,192.0100170934695,unverified,0.9762824,True,False,0,False,489.2,497.1,True,350.0,805.2,860,0.0,4.0,24,30716,6326.239129512643,1380.6,"Norway, NO",580.173.02,14957732.922394037
2026-09-13,2026-09-13T18:02:35.103981+00:00,2026-09-13-1000,50092462,150100,203531,,RTX 3090,3090-pcie-24gb,3090,PCIe,1,0.05263157894736842,0.14888888888888888,1.2,0.14888888888888888,False,0.19999999999999998,2.6666666666666665,4.0,0.006111111111111111,44.35944547585151,297.93657409154,35.26656,190.7842455251027,deverified,0.9529512,True,False,0,False,1171.9,2372.7,True,350.0,805.0,860,0.0,4.0,128,27146,4581.9,334.0,"Bulgaria, BG",595.84,3449614.54205513
2026-09-13,2026-09-13T18:02:35.103981+00:00,2026-09-13-1000,50525563,148546,70317,,RTX 3090,3090-pcie-24gb,3090,PCIe,1,0.25,0.14888888888888888,0.09333333,0.14888888888888888,False,0.19999999999999998,2.6666666666666665,4.0,0.006111111111111111,44.35813028876885,297.9277407454624,35.26656,182.66457115772351,deverified,0.9620205,True,False,0,False,884.2,849.3,True,350.0,804.9,860,0.0,4.0,128,32160,3923.0,365.75,"Argentina, AR",595.71.05,2343287.9223940372
2026-09-13,2026-09-13T18:02:35.103981+00:00,2026-09-13-1000,50760387,147245,647252,,RTX 3090,3090-pcie-24gb,3090,PCIe,1,1.0,0.14888888888888888,0.06666666666666667,0.14888888888888888,False,0.19999999999999998,2.6666666666666665,4.0,0.006111111111111111,43.59536328897539,292.8046788065512,35.26656,170.21087586820133,deverified,0.951974,False,False,0,False,643.2,922.0,True,350.0,805.4,860,0.0,3.0,8,23980,405.40000000000003,323.0,"Texas, US",595.84,2495682.9223940372
2026-09-13,2026-09-13T18:02:35.103981+00:00,2026-09-13-1000,50503424,150473,85323,,RTX 3090,3090-pcie-24gb,3090,PCIe,1,1.0,0.14888888888888888,0.13333333333333333,0.14888888888888888,False,0.19999999999999998,26.666666666666668,26.666666666666668,0.006111111111111111,44.3607604204072,297.9454058087051,35.26656,130.4070518749731,unverified,0.9476111,True,False,0,False,846.7,798.9,False,350.0,805.1,860,0.0,3.0,8,32027,6459.0,1533.6,"Quebec, CA",595.99.02,15374255.922394037
2026-09-13,2026-09-13T18:02:35.103981+00:00,2026-09-13-1000,49832048,29678,135676,,RTX 3090,3090-pcie-24gb,3090,PCIe,8,1.0,1.196888888888889,0.8533333,0.1496111111111111,False,0.19999999999999998,4.0,4.0,0.006222222222222223,210.56599908979558,175.92777495434092,282.13248,150.36631830276983,deverified,0.9970821,False,False,0,False,858.4,870.1,False,350.0,802.8,860,0.0,4.0,96,515625,450.56000000000006,1441.0,"California, US",560.35.05,9408538.922394037
2026-09-13,2026-09-13T18:02:35.103981+00:00,2026-09-13-1000,26477567,44589,135723,,RTX 3090,3090-pcie-24gb,3090,PCIe,6,1.0,0.8988148148148148,0.64,0.14980246913580247,False,0.25333333333333335,26.666666666666668,1.3333333333333333,0.006333333333333333,228.8492214523007,254.61220451673475,211.59936,180.19613139443723,deverified,0.9933413,True,False,0,True,592.4,590.7,True,350.0,805.4,860,0.0,4.0,96,257578,2296.0,1196.0,"Czechia, CZ",595.71.05,27737180.922394037
2026-09-13,2026-09-13T18:02:35.103981+00:00,2026-09-13-1000,49832049,29678,135676,,RTX 3090,3090-pcie-24gb,3090,PCIe,4,0.5,0.5995555555555556,0.4266667,0.1498888888888889,False,0.19999999999999998,4.0,4.0,0.006222222222222223,135.04737824694365,225.24581249490228,141.06624,193.92996168322514,deverified,0.9970821,False,False,0,False,858.4,870.1,False,350.0,802.8,860,0.0,4.0,96,257812,450.56000000000006,720.5,"California, US",560.35.05,9408538.922394037
2026-09-13,2026-09-13T18:02:35.103981+00:00,2026-09-13-1000,26477564,44589,135723,,RTX 3090,3090-pcie-24gb,3090,PCIe,4,0.6666666666666666,0.6001481481481482,0.4266666666666667,0.15003703703703705,False,0.25333333333333335,26.666666666666668,1.3333333333333333,0.006333333333333333,165.21173483224285,275.28491980193513,142.073856,201.88285723278082,deverified,0.9933413,True,False,0,True,592.4,590.7,True,370.0,805.0,860,0.0,4.0,96,171718,2296.0,797.3333333333333,"Czechia, CZ",595.71.05,27737180.922394037
2026-09-13,2026-09-13T18:02:35.103981+00:00,2026-09-13-1000,46552246,38353,233824,,RTX 3090,3090-pcie-24gb,3090,PCIe,1,0.5,0.15037037037037038,0.16,0.15037037037037038,False,0.3333333333333333,13.333333333333334,13.333333333333334,0.006111111111111111,44.362075122503484,295.0187261841365,35.26656,188.01125973818571,verified,0.9962901,False,False,0,True,594.4,497.7,True,350.0,805.2,860,0.0,4.0,32,48187,2589.0,743.95,"Texas, US",595.80,11255277.922394037
2026-09-13,2026-09-13T18:02:35.103981+00:00,2026-09-13-1000,26477562,44589,135723,,RTX 3090,3090-pcie-24gb,3090,PCIe,2,0.3333333333333333,0.3014814814814815,0.21333333333333335,0.15074074074074076,False,0.25333333333333335,26.666666666666668,1.3333333333333333,0.006333333333333333,88.7267791644158,294.3025844519934,70.53312,187.38801905611464,deverified,0.9933413,True,False,0,True,592.4,590.7,True,350.0,805.3,860,0.0,4.0,96,85859,2296.0,398.66666666666663,"Czechia, CZ",595.71.05,27737180.922394037
2026-09-13,2026-09-13T18:02:35.103981+00:00,2026-09-13-1000,49342565,148461,432420,,RTX 3090,3090-pcie-24gb,3090,PCIe,1,1.0,0.1511111111111111,0.06666667,0.1511111111111111,False,0.39999999999999997,6.653333333333333,6.653333333333333,0.006111111111111111,43.90291614754514,290.53400391757816,35.26656,200.85695453828592,verified,0.9877945,False,False,0,False,737.8,726.8,False,250.0,804.8,860,0.0,4.0,12,31220,997.0,167.0,"Argentina, AR",595.71.05,10451022.54205513
2026-09-13,2026-09-13T18:02:35.103981+00:00,2026-09-13-1000,25325622,40935,135723,,RTX 3090,3090-pcie-24gb,3090,PCIe,4,0.6666666666666666,0.6056296296296295,0.4266666666666667,0.15140740740740738,False,0.2666666666666666,18.666666666666668,13.333333333333334,0.006388888888888889,163.58691964071403,270.1104959820988,141.06624,202.8052552381233,deverified,0.993411,True,False,0,True,608.9,583.2,True,350.0,805.7,860,0.0,4.0,64,171734,1939.0,882.6666666666666,"Czechia, CZ",590.48.01,27736820.922394037
2026-09-13,2026-09-13T18:02:35.103981+00:00,2026-09-13-1000,35599501,81795,3483,,RTX 3090,3090-pcie-24gb,3090,PCIe,1,1.0,0.15155555555555555,0.147,0.15155555555555555,False,0.44,40.0,40.0,0.006111111111111111,44.335734936144746,292.5378404877586,35.26656,166.35817321296096,verified,0.9951824,False,False,0,False,946.3,931.7,False,280.0,803.2,860,0.0,4.0,12,31769,1950.8,1481.8,"Quebec, CA",580.126.09,72597348.92239404
2026-09-13,2026-09-13T18:02:35.103981+00:00,2026-09-13-1000,38666261,136980,203531,,RTX 3090,3090-pcie-24gb,3090,PCIe,19,1.0,2.9155555555555557,16.46666666666667,0.15345029239766084,False,0.19999999999999998,1.3333333333333333,1.3333333333333333,0.006388888888888889,320.41368523694086,109.8979865523044,670.0646399999999,113.10543685651784,deverified,0.9943863,False,False,0,False,2133.9,2447.0,False,350.0,805.8,860,0.0,4.0,128,515778,4720.3,3849.0,"Bulgaria, BG",580.95.05,3085059.54205513
2026-09-13,2026-09-13T18:02:35.103981+00:00,2026-09-13-1000,36760625,108820,203531,,RTX 3090,3090-pcie-24gb,3090,PCIe,16,0.8421052631578947,2.4555555555555557,2.448,0.15347222222222223,False,0.19999999999999998,1.3333333333333333,1.3333333333333333,0.006388888888888889,308.5363998067277,125.6483076135995,564.26496,118.91420167228961,verified,0.9832115,False,False,0,True,2267.7,2410.3,False,350.0,806.4,860,0.0,4.0,128,217036,3881.506963112661,2327.578947368421,"Bulgaria, BG",580.126.09,2699767.54205513
2026-09-13,2026-09-13T18:02:35.103981+00:00,2026-09-13-1000,29555920,49903,203531,,RTX 3090,3090-pcie-24gb,3090,PCIe,16,0.8421052631578947,2.4555555555555557,2.133333,0.15347222222222223,False,0.19999999999999998,6.666666666666667,6.666666666666667,0.006388888888888889,296.3571420104005,120.68842887301376,564.26496,115.89235707440616,deverified,0.9896938,False,False,0,True,2341.1,2438.9,False,350.0,805.4,860,0.0,4.0,128,434339,4613.0,2533.894736842105,"Bulgaria, BG",580.95.05,11080839.922394037
2026-09-13,2026-09-13T18:02:35.103981+00:00,2026-09-13-1000,38666269,136980,203531,,RTX 3090,3090-pcie-24gb,3090,PCIe,8,0.42105263157894735,1.228888888888889,6.933333333333334,0.15361111111111111,False,0.19999999999999998,1.3333333333333333,1.3333333333333333,0.006388888888888889,222.33183629066693,180.92102410632933,282.13248,185.47773614199463,deverified,0.9943863,False,False,0,False,2133.9,2447.0,False,370.0,805.5,860,0.0,4.0,128,217169,4720.3,1620.6315789473683,"Bulgaria, BG",580.95.05,3085059.54205513
2026-09-13,2026-09-13T18:02:35.103981+00:00,2026-09-13-1000,36757262,108924,203531,,RTX 3090,3090-pcie-24gb,3090,PCIe,8,0.42105263157894735,1.228888888888889,6.933333333333334,0.15361111111111111,False,0.19999999999999998,1.3333333333333333,1.3333333333333333,0.006388888888888889,221.2600330622944,180.04885149734625,282.13248,179.30638369441843,verified,0.9940801,False,False,0,False,2210.2,2327.2,False,350.0,623.5,860,0.0,4.0,128,108521,5075.0,1622.3157894736842,"Bulgaria, BG",580.126.09,2554849.54205513
2026-09-13,2026-09-13T18:02:35.103981+00:00,2026-09-13-1000,29555904,49903,203531,,RTX 3090,3090-pcie-24gb,3090,PCIe,8,0.42105263157894735,1.228888888888889,1.066667,0.15361111111111111,False,0.19999999999999998,6.666666666666667,6.666666666666667,0.006388888888888889,218.7076490406681,177.97186630795775,282.13248,177.28866789589316,deverified,0.9896938,False,False,0,True,2341.1,2438.9,False,350.0,805.6,860,0.0,4.0,128,217169,4613.0,1266.9473684210525,"Bulgaria, BG",580.95.05,11080839.922394037
2026-09-13,2026-09-13T18:02:35.103981+00:00,2026-09-13-1000,25325626,40935,135723,,RTX 3090,3090-pcie-24gb,3090,PCIe,1,0.16666666666666666,0.15362962962962962,0.10666666666666667,0.15362962962962962,False,0.2666666666666666,18.666666666666668,13.333333333333334,0.006388888888888889,44.895547581380605,292.2323492519953,35.518464,181.22844335845414,deverified,0.993411,True,False,0,True,608.9,583.2,True,370.0,804.7,860,0.0,4.0,64,42933,1939.0,220.66666666666666,"Czechia, CZ",590.48.01,27736820.922394037
2026-09-13,2026-09-13T18:02:35.103981+00:00,2026-09-13-1000,38666241,136980,203531,,RTX 3090,3090-pcie-24gb,3090,PCIe,4,0.21052631578947367,0.6155555555555556,3.466666666666667,0.1538888888888889,False,0.19999999999999998,1.3333333333333333,1.3333333333333333,0.006388888888888889,144.2735410334181,234.3793987907514,143.081472,233.0471617116675,deverified,0.9943863,False,False,0,False,2133.9,2447.0,False,350.0,805.4,860,0.0,4.0,128,108584,4720.3,810.3157894736842,"Bulgaria, BG",580.95.05,3085059.54205513
2026-09-13,2026-09-13T18:02:35.103981+00:00,2026-09-13-1000,29555919,49903,203531,,RTX 3090,3090-pcie-24gb,3090,PCIe,4,0.21052631578947367,0.6155555555555556,0.5333333,0.1538888888888889,False,0.19999999999999998,6.666666666666667,6.666666666666667,0.006388888888888889,144.12434770053065,234.13702695032052,141.06624,217.08600565979037,deverified,0.9896938,False,False,0,True,2341.1,2438.9,False,350.0,805.5,860,0.0,4.0,128,108584,4613.0,633.4736842105262,"Bulgaria, BG",580.95.05,11080839.922394037
2026-09-13,2026-09-13T18:02:35.103981+00:00,2026-09-13-1000,36760607,108820,203531,,RTX 3090,3090-pcie-24gb,3090,PCIe,4,0.21052631578947367,0.6155555555555556,0.56,0.1538888888888889,False,0.19999999999999998,1.3333333333333333,1.3333333333333333,0.006388888888888889,145.20425479860967,235.89138866200125,141.06624,215.495418804103,verified,0.9832115,False,False,0,True,2267.7,2410.3,False,350.0,805.7,860,0.0,4.0,128,54259,3881.506963112661,581.8947368421052,"Bulgaria, BG",580.126.09,2699767.54205513
2026-09-13,2026-09-13T18:02:35.103981+00:00,2026-09-13-1000,34387011,13815,69403,,RTX 3090,3090-pcie-24gb,3090,PCIe,4,0.6666666666666666,0.6155555555555556,0.5333333,0.1538888888888889,False,0.19999999999999998,2.0,2.0,0.006388888888888889,145.13187976146605,235.77381188685817,142.073856,194.30499686475062,verified,0.9951042,False,False,0,False,924.1,860.3,True,370.0,805.6,860,0.0,4.0,128,128705,4124.6,3943.333333333333,"Taiwan, TW",590.48.01,9409946.922394037
2026-09-13,2026-09-13T18:02:35.103981+00:00,2026-09-13-1000,29555907,49903,203531,,RTX 3090,3090-pcie-24gb,3090,PCIe,3,0.15789473684210525,0.4622222222222223,0.4,0.1540740740740741,False,0.19999999999999998,6.666666666666667,6.666666666666667,0.00638888888888889,116.82585168842616,252.74823682592194,105.79968,239.39174306253256,deverified,0.9896938,False,False,0,True,2341.1,2438.9,False,350.0,804.7,860,0.0,4.0,128,81438,4613.0,475.1052631578947,"Bulgaria, BG",580.95.05,11080839.922394037
2026-09-13,2026-09-13T18:02:35.103981+00:00,2026-09-13-1000,38666248,136980,203531,,RTX 3090,3090-pcie-24gb,3090,PCIe,2,0.10526315789473684,0.30888888888888894,1.7333333333333334,0.15444444444444447,False,0.19999999999999998,1.3333333333333333,1.3333333333333333,0.006388888888888889,83.55596552167725,270.50492435075364,70.53312,269.80795876768343,deverified,0.9943863,False,False,0,False,2133.9,2447.0,False,350.0,805.8,860,0.0,4.0,128,54292,4720.3,405.1578947368421,"Bulgaria, BG",580.95.05,3085059.54205513
2026-09-13,2026-09-13T18:02:35.103981+00:00,2026-09-13-1000,36757232,108924,203531,,RTX 3090,3090-pcie-24gb,3090,PCIe,2,0.10526315789473684,0.30888888888888894,1.7333333333333334,0.15444444444444447,False,0.19999999999999998,1.3333333333333333,1.3333333333333333,0.006388888888888889,83.77538127302199,271.2152631140999,70.53312,268.1685214494489,verified,0.9940801,False,False,0,False,2210.2,2327.2,False,350.0,805.4,860,0.0,4.0,128,27130,5075.0,405.57894736842104,"Bulgaria, BG",580.126.09,2554849.54205513
2026-09-13,2026-09-13T18:02:35.103981+00:00,2026-09-13-1000,29555924,49903,203531,,RTX 3090,3090-pcie-24gb,3090,PCIe,2,0.10526315789473684,0.30888888888888894,0.2666667,0.15444444444444447,False,0.19999999999999998,6.666666666666667,6.666666666666667,0.006388888888888889,83.55777940920021,270.5107966484898,70.53312,244.958938520175,deverified,0.9896938,False,False,0,True,2341.1,2438.9,False,350.0,805.9,860,0.0,4.0,128,54292,4613.0,316.7368421052631,"Bulgaria, BG",580.95.05,11080839.922394037
2026-09-13,2026-09-13T18:02:35.103981+00:00,2026-09-13-1000,34387013,13815,69403,,RTX 3090,3090-pcie-24gb,3090,PCIe,2,0.3333333333333333,0.30888888888888894,0.2666667,0.15444444444444447,False,0.19999999999999998,2.0,2.0,0.006388888888888889,83.57784056542224,270.5757428376978,71.036928,231.93210084320242,verified,0.9951042,False,False,0,False,924.1,860.3,True,370.0,805.7,860,0.0,3.0,128,64352,4124.6,1971.6666666666665,"Taiwan, TW",590.48.01,9409946.922394037
2026-09-13,2026-09-13T18:02:35.103981+00:00,2026-09-13-1000,38666273,136980,203531,,RTX 3090,3090-pcie-24gb,3090,PCIe,1,0.05263157894736842,0.15555555555555556,0.8666666666666667,0.15555555555555556,False,0.19999999999999998,1.3333333333333333,1.3333333333333333,0.006388888888888889,44.362075122503484,285.18476864466527,35.26656,269.8796081470982,deverified,0.9943863,False,False,0,False,2133.9,2447.0,False,350.0,805.2,860,0.0,4.0,128,27146,4720.3,202.57894736842104,"Bulgaria, BG",580.95.05,3085059.54205513
2026-09-13,2026-09-13T18:02:35.103981+00:00,2026-09-13-1000,29555910,49903,203531,,RTX 3090,3090-pcie-24gb,3090,PCIe,1,0.05263157894736842,0.15555555555555556,0.1333333,0.15555555555555556,False,0.19999999999999998,6.666666666666667,6.666666666666667,0.006388888888888889,44.36864499845682,285.2270035615081,35.26656,248.10696083056064,deverified,0.9896938,False,False,0,True,2341.1,2438.9,False,350.0,805.7,860,0.0,4.0,128,27146,4613.0,158.36842105263156,"Bulgaria, BG",580.95.05,11080839.922394037
2026-09-13,2026-09-13T18:02:35.103981+00:00,2026-09-13-1000,50075964,32584,151422,,RTX 3090,3090-pcie-24gb,3090,PCIe,1,1.0,0.15555555555555556,0.15333333333333335,0.15555555555555556,False,0.19999999999999998,2.6666666666666665,4.0,0.006388888888888889,41.39875740359541,266.13486902311337,35.26656,158.4017333115641,verified,0.9464542,False,False,0,False,923.9,927.4,False,420.0,802.5,860,0.0,3.0,4,32053,338.0,274.0,"Indiana, US",550.163.01,40950500.92239404
2026-09-13,2026-09-13T18:02:35.103981+00:00,2026-09-13-1000,29538899,34353,197411,,RTX 3090,3090-pcie-24gb,3090,PCIe,2,0.5,0.3161481481481481,0.26666666666666666,0.15807407407407406,False,0.1333333333333333,1.3333333333333333,1.3333333333333333,0.006555555555555555,89.30116802277473,282.4662062576052,70.53312,289.48248695184606,verified,0.9968409,False,False,0,False,2223.1,2218.1,False,280.0,827.6,860,0.0,4.0,32,64330,5940.0,1162.5,"British Columbia, CA",570.153.02,15612895.54205513
2026-09-13,2026-09-13T18:02:35.103981+00:00,2026-09-13-1000,29538903,34353,197411,,RTX 3090,3090-pcie-24gb,3090,PCIe,1,0.25,0.1588148148148148,0.13333333333333333,0.1588148148148148,False,0.1333333333333333,1.3333333333333333,1.3333333333333333,0.006555555555555555,44.64300830877848,281.10103179501374,35.26656,292.25121650178954,verified,0.9968409,False,False,0,False,2223.1,2218.1,False,280.0,827.0,860,0.0,4.0,32,32165,5940.0,581.25,"British Columbia, CA",570.153.02,15612895.54205513
2026-09-13,2026-09-13T18:02:35.103981+00:00,2026-09-13-1000,27177901,40933,135723,,RTX 3090,3090-pcie-24gb,3090,PCIe,2,0.3333333333333333,0.3176296296296296,0.322,0.1588148148148148,False,0.2666666666666666,20.0,1.3333333333333333,0.006388888888888889,88.73466301528995,279.36519372817503,70.53312,184.6702406712881,verified,0.9921258,False,False,0,False,554.3,501.4,True,350.0,805.6,860,0.0,4.0,64,85867,3908.7000000000003,345.1803627002023,"Czechia, CZ",575.51.02,27739820.922394037
2026-09-13,2026-09-13T18:02:35.103981+00:00,2026-09-13-1000,50458289,52126,24953,,RTX 3090,3090-pcie-24gb,3090,PCIe,8,1.0,1.2822222222222222,0.8533333,0.16027777777777777,False,0.19999999999999998,1.3653333333333333,1.3653333333333333,0.006666666666666667,287.63410009859115,224.3246881184853,282.13248,197.2290104772607,verified,0.9979925,False,False,0,False,758.2,877.7,True,350.0,805.2,860,0.0,4.0,128,257564,5348.96,1805.1321422640028,"Oregon, US",580.95.05,4021040.9223940372
2026-09-13,2026-09-13T18:02:35.103981+00:00,2026-09-13-1000,48354461,138719,477535,,RTX 3090,3090-pcie-24gb,3090,PCIe,8,1.0,1.2822222222222222,1.28,0.16027777777777777,False,0.19999999999999998,4.0,5.333333333333333,0.006666666666666667,223.91611911086443,174.63128873464296,282.13248,143.42604957407778,verified,0.9974242,False,False,0,False,936.3,559.4,False,350.0,805.2,860,0.0,4.0,64,515643,1513.0,1076.3,"Argentina, AR",580.159.03,2278670.9223940372
2026-09-13,2026-09-13T18:02:35.103981+00:00,2026-09-13-1000,50158986,137429,54814,,RTX 3090,3090-pcie-24gb,3090,PCIe,4,0.6666666666666666,0.6422222222222222,0.9066666666666667,0.16055555555555556,False,0.19999999999999998,2.6666666666666665,4.0,0.006666666666666667,162.83478010723155,253.54896556489342,141.06624,234.64635091212884,unverified,0.9900414,False,False,0,False,4222.2,1366.1,True,350.0,805.1,860,0.0,4.0,64,85776,2743.0,2156.0,"Czechia, CZ",580.159.03,15104904.922394037
2026-09-13,2026-09-13T18:02:35.103981+00:00,2026-09-13-1000,50139497,136704,185086,,RTX 3090,3090-pcie-24gb,3090,PCIe,8,1.0,1.2844444444444445,1.28,0.16055555555555556,False,0.39999999999999997,2.6666666666666665,4.0,0.006666666666666667,192.3069884685058,149.71997372115504,282.13248,127.75356753797719,verified,0.9950822,False,False,0,False,887.6,848.7,False,350.0,805.6,860,0.0,3.0,80,225539,1404.1000000000001,1439.0,"United States, US",595.71.05,6642074.922394037
2026-09-13,2026-09-13T18:02:35.103981+00:00,2026-09-13-1000,47063497,136635,399360,,RTX 3090,3090-pcie-24gb,3090,PCIe,8,1.0,1.2844444444444445,1.28,0.16055555555555556,False,0.39999999999999997,2.6666666666666665,2.6666666666666665,0.006666666666666667,198.0710733712167,154.20758307447667,282.13248,127.66114385106896,deverified,0.9933032,False,False,0,True,877.5,793.3,False,300.0,805.3,860,0.0,3.0,80,257795,1747.98,1270.1,"United States, US",595.71.05,6603494.922394037
2026-09-13,2026-09-13T18:02:35.103981+00:00,2026-09-13-1000,50893110,41710,229807,,RTX 3090,3090-pcie-24gb,3090,PCIe,5,1.0,0.8037037037037037,0.8,0.16074074074074074,False,0.3333333333333333,26.666666666666668,26.666666666666668,0.006666666666666667,168.95607562496923,210.22184524765757,177.59232,145.67777758070943,deverified,0.9879057,False,False,0,True,528.4,811.5,True,350.0,805.5,860,0.0,4.0,64,144693,2405.0,2577.9,"Estonia, EE",590.48.01,15627561.922394037
2026-09-13,2026-09-13T18:02:35.103981+00:00,2026-09-13-1000,38997600,31746,139807,,RTX 3090,3090-pcie-24gb,3090,PCIe,1,0.2,0.16088888888888886,0.1533333,0.16088888888888886,False,0.19999999999999998,6.666666666666667,6.666666666666667,0.00661111111111111,44.63415960266933,277.4222627237735,35.26656,232.7875714467939,verified,0.9979098,False,False,0,True,901.9,864.8,True,275.0,826.3,860,0.0,3.0,72,51562,2235.9,149.01999999999998,"Quebec, CA",560.35.03,43152376.92239404
2026-09-13,2026-09-13T18:02:35.103981+00:00,2026-09-13-1000,50893105,41710,229807,,RTX 3090,3090-pcie-24gb,3090,PCIe,4,0.8,0.6437037037037037,0.64,0.16092592592592592,False,0.3333333333333333,26.666666666666668,26.666666666666668,0.006666666666666667,145.85157362925062,226.58184625948027,142.073856,163.17445583689286,deverified,0.9879057,False,False,0,True,528.4,811.5,True,350.0,805.5,860,0.0,4.0,64,115754,2405.0,2062.32,"Estonia, EE",590.48.01,15627561.922394037
2026-09-13,2026-09-13T18:02:35.103981+00:00,2026-09-13-1000,50458282,52126,24953,,RTX 3090,3090-pcie-24gb,3090,PCIe,2,0.25,0.32222222222222224,0.2133333,0.16111111111111112,False,0.19999999999999998,1.3653333333333333,1.3653333333333333,0.006666666666666667,83.92216231531599,260.4480899440841,70.53312,212.18594246899625,verified,0.9979925,False,False,0,False,758.2,877.7,True,350.0,805.4,860,0.0,4.0,128,64391,5348.96,451.2830355660007,"Oregon, US",580.95.05,4021040.9223940372
2026-09-13,2026-09-13T18:02:35.103981+00:00,2026-09-13-1000,35413601,68099,296571,,RTX 3090,3090-pcie-24gb,3090,PCIe,4,1.0,0.6444444444444445,0.64,0.16111111111111112,False,0.39999999999999997,2.6666666666666665,2.6666666666666665,0.006666666666666667,163.23619674768435,253.2975466774412,143.081472,211.1167554043657,verified,0.9962916,False,False,0,True,682.2,638.0,False,350.0,804.4,860,0.0,4.0,96,128643,1831.8999999999999,1209.0,"United States, US",580.126.09,3332716.9223940372
2026-09-13,2026-09-13T18:02:35.103981+00:00,2026-09-13-1000,47063498,136635,399360,,RTX 3090,3090-pcie-24gb,3090,PCIe,4,0.5,0.6444444444444445,0.64,0.16111111111111112,False,0.39999999999999997,2.6666666666666665,2.6666666666666665,0.006666666666666667,135.04538749567703,209.55318749329194,141.06624,173.39080320495708,deverified,0.9933032,False,False,0,True,877.5,793.3,False,300.0,805.3,860,0.0,3.0,80,128897,1747.98,635.05,"United States, US",595.71.05,6603494.922394037
2026-09-13,2026-09-13T18:02:35.103981+00:00,2026-09-13-1000,50658532,139996,361582,,RTX 3090,3090-pcie-24gb,3090,PCIe,2,1.0,0.32222222222222224,0.2933333,0.16111111111111112,False,0.19999999999999998,6.666666666666667,6.666666666666667,0.006666666666666667,83.07400040064097,257.81586331233405,70.53312,116.05111510651778,verified,0.909092,False,False,0,False,907.3,664.5,False,270.0,805.6,860,0.0,3.0,48,386411,2648.11,1416.0,"India, IN",595.84,196886.92239403725
2026-09-13,2026-09-13T18:02:35.103981+00:00,2026-09-13-1000,50525499,144321,70317,,RTX 3090,3090-pcie-24gb,3090,PCIe,2,0.4,0.32222222222222224,0.13333333333333333,0.16111111111111112,False,0.19999999999999998,2.6666666666666665,4.0,0.006666666666666667,56.497548704876905,175.33722011858347,70.53312,78.0263928173454,deverified,0.9814939,True,False,0,False,91.5,90.7,True,350.0,805.4,860,0.0,3.0,64,103120,2315.7000000000003,524.0,"Argentina, AR",595.71.05,2343253.9223940372
2026-09-13,2026-09-13T18:02:35.103981+00:00,2026-09-13-1000,50743745,150616,483833,,RTX 3090,3090-pcie-24gb,3090,PCIe,8,1.0,1.2896296296296297,1.0666666666666667,0.1612037037037037,False,0.8666666666666666,16.0,17.333333333333332,0.006666666666666667,222.80082926795615,172.7634230394835,282.13248,66.97055465997937,unverified,0.8723883,True,False,0,False,927.8,824.1,False,280.0,805.5,860,0.0,4.0,64,257783,1472.0,1623.6,"United States, US",580.178.04,15526056.922394037
2026-09-13,2026-09-13T18:02:35.103981+00:00,2026-09-13-1000,50613891,14413,53387,,RTX 3090,3090-pcie-24gb,3090,PCIe,8,1.0,1.291111111111111,0.7466667,0.1613888888888889,False,1.0,53.333333333333336,53.333333333333336,0.006666666666666667,227.14737643411678,175.93170291799063,282.13248,95.55297422157268,verified,0.9671851,False,False,0,False,504.7,524.0,False,350.0,803.6,860,0.0,4.0,128,193056,4670.600000000001,1402.5,"Germany, DE",590.48.01,2851044.9223940372
2026-09-13,2026-09-13T18:02:35.103981+00:00,2026-09-13-1000,46116611,85002,513695,,RTX 3090,3090-pcie-24gb,3090,PCIe,1,0.5,0.16148148148148148,0.1066667,0.16148148148148148,False,0.1333333333333333,1.3333333333333333,1.3333333333333333,0.006666666666666667,44.8430068357311,277.6975193955825,35.770368,232.46876262020442,verified,0.9977236,False,False,0,False,935.6,928.1,False,300.0,805.2,860,0.0,3.0,56,64404,3363.0,456.2500000000001,"Hungary, HU",580.159.03,3679040.9223940372
2026-09-13,2026-09-13T18:02:35.103981+00:00,2026-09-13-1000,50189109,148649,667362,,RTX 3090,3090-pcie-24gb,3090,PCIe,1,1.0,0.16148148148148148,0.09999999999999999,0.16148148148148148,False,0.1333333333333333,3.5555556010666667,5.333333333333333,0.006666666666666667,44.1199615546015,273.2199454069359,35.518464,183.5222060485069,unverified,0.9877532,True,False,0,False,518.7,522.5,True,200.0,805.6,860,0.0,4.0,8,64237,679.0,40.0,"Norway, NO",580.173.02,219823040.92239404
2026-09-13,2026-09-13T18:02:35.103981+00:00,2026-09-13-1000,27741147,40937,135723,,RTX 3090,3090-pcie-24gb,3090,PCIe,6,1.0,0.970962962962963,0.64,0.16182716049382717,False,0.2666666666666666,24.0,1.3333333333333333,0.006555555555555555,230.19364582577478,237.0776791766829,211.59936,174.58779632478422,verified,0.9965294,False,False,0,False,439.0,520.0,True,350.0,805.4,860,0.0,4.0,96,257578,4267.0,1095.8000000000002,"Czechia, CZ",575.64.03,27720920.922394037
2026-09-13,2026-09-13T18:02:35.103981+00:00,2026-09-13-1000,50893109,41710,229807,,RTX 3090,3090-pcie-24gb,3090,PCIe,2,0.4,0.3237037037037037,0.32,0.16185185185185186,False,0.3333333333333333,26.666666666666668,26.666666666666668,0.006666666666666667,84.1280340957979,259.89209617695,71.036928,177.26071143325902,deverified,0.9879057,True,False,0,True,528.4,811.5,True,350.0,805.5,860,0.0,4.0,64,57877,2405.0,1031.16,"Estonia, EE",590.48.01,15627561.922394037
2026-09-13,2026-09-13T18:02:35.103981+00:00,2026-09-13-1000,50158991,137429,54814,,RTX 3090,3090-pcie-24gb,3090,PCIe,1,0.16666666666666666,0.1622222222222222,0.2266667,0.1622222222222222,False,0.19999999999999998,2.6666666666666665,4.0,0.006666666666666667,44.35549918675223,273.424310055322,35.26656,265.89117259670803,unverified,0.9900414,True,False,0,False,4222.2,1366.1,True,350.0,804.7,860,0.0,4.0,64,21444,2743.0,539.0,"Czechia, CZ",580.159.03,15104904.922394037
2026-09-13,2026-09-13T18:02:35.103981+00:00,2026-09-13-1000,36535438,53744,96250,,RTX 3090,3090-pcie-24gb,3090,PCIe,1,1.0,0.1622222222222222,0.1333333,0.1622222222222222,False,0.19999999999999998,2.6666666666666665,4.0,0.006666666666666667,44.581651834160596,274.81840171742834,35.518464,251.95280183694217,verified,0.9990846,False,False,0,False,934.0,924.4,False,325.0,803.6,860,0.0,3.0,8,31792,505.0,592.9140684053397,"Spain, ES",580.95.05,6789478.922394037
2026-09-13,2026-09-13T18:02:35.103981+00:00,2026-09-13-1000,35846868,51970,96250,,RTX 3090,3090-pcie-24gb,3090,PCIe,1,1.0,0.1622222222222222,0.1333333,0.1622222222222222,False,0.19999999999999998,2.6666666666666665,4.0,0.006666666666666667,44.30664809843181,273.12317320951115,35.26656,245.64628883239484,verified,0.9990418,False,False,0,False,933.8,936.4,False,325.0,801.0,860,0.0,3.0,8,31973,361.0,479.79999999999995,"Spain, ES",580.95.05,6789478.922394037
2026-09-13,2026-09-13T18:02:35.103981+00:00,2026-09-13-1000,43628590,51577,74292,,RTX 3090,3090-pcie-24gb,3090,PCIe,1,1.0,0.1622222222222222,0.09333333333333334,0.1622222222222222,False,0.19999999999999998,4.0,4.0,0.006666666666666667,44.362075122503484,273.4648466455694,35.26656,227.88884036973184,unverified,0.9989028,False,False,0,False,896.3,904.6,False,350.0,805.2,860,0.0,4.0,12,31921,955.4021345888614,268.5000000000001,"Nevada, US",580.95.05,25759397.922394037
2026-09-13,2026-09-13T18:02:35.103981+00:00,2026-09-13-1000,50196288,45075,297758,,RTX 3090,3090-pcie-24gb,3090,PCIe,1,1.0,0.1622222222222222,0.1466667,0.1622222222222222,False,0.19999999999999998,1.5999999999999999,1.7333333333333334,0.006666666666666667,43.30944318780608,266.9760196508594,35.26656,221.65448005254805,verified,0.9987383,False,False,0,False,749.1,451.8,False,315.0,805.7,860,0.0,3.0,8,31952,2977.0,266.60000000000014,"Austria, AT",595.71.05,2080615.9223940372
2026-09-13,2026-09-13T18:02:35.103981+00:00,2026-09-13-1000,48867996,148813,505166,,RTX 3090,3090-pcie-24gb,3090,PCIe,1,1.0,0.1622222222222222,0.1333333,0.1622222222222222,False,0.19999999999999998,2.6666666666666665,4.0,0.006666666666666667,44.362075122503484,273.4648466455694,35.26656,197.96580658209024,unverified,0.9909928,False,False,0,True,692.7,655.0,True,350.0,805.2,860,0.0,3.0,12,64224,1734.5,287.0,"South Korea, KR",595.84,15548969.54205513
2026-09-13,2026-09-13T18:02:35.103981+00:00,2026-09-13-1000,48193995,142396,594304,,RTX 3090,3090-pcie-24gb,3090,PCIe,2,1.0,0.3274074074074074,0.26666666666666666,0.1637037037037037,False,0.6666666666666666,9.333333333333334,9.333333333333334,0.006666666666666667,82.32930332111877,251.45827937445776,71.540736,242.9597803662669,deverified,0.9911599,False,False,0,False,4170.0,1590.1,False,300.0,805.5,860,0.0,4.0,24,127883,5660.3,1226.0,"France, FR",595.71.05,44450309.56077814
2026-09-13,2026-09-13T18:02:35.103981+00:00,2026-09-13-1000,50893102,41710,229807,,RTX 3090,3090-pcie-24gb,3090,PCIe,1,0.2,0.1637037037037037,0.16,0.1637037037037037,False,0.3333333333333333,26.666666666666668,26.666666666666668,0.006666666666666667,44.60692422626513,272.4857362237915,35.518464,149.98781228945947,deverified,0.9879057,True,False,0,True,528.4,811.5,True,350.0,805.5,860,0.0,4.0,64,28938,2405.0,515.58,"Estonia, EE",590.48.01,15627561.922394037
2026-09-13,2026-09-13T18:02:35.103981+00:00,2026-09-13-1000,48640186,44052,124072,,RTX 3090,3090-pcie-24gb,3090,PCIe,8,1.0,1.3142222222222222,1.312,0.16427777777777777,False,0.19999999999999998,4.0,4.0,0.006833333333333334,257.99622418981164,196.31095854821652,282.13248,156.60756582274732,verified,0.9959312,False,False,0,False,802.4,570.5,True,350.0,803.1,860,0.0,4.0,112,515598,2396.0,2606.0627338537015,"California, US",580.126.09,12487564.922394037
2026-09-13,2026-09-13T18:02:35.103981+00:00,2026-09-13-1000,50043684,27908,124072,,RTX 3090,3090-pcie-24gb,3090,PCIe,4,0.5,0.6582222222222223,0.5333333,0.16455555555555557,False,0.19999999999999998,4.0,4.0,0.006833333333333334,162.15363092801965,246.35089101150857,141.06624,219.46344088133011,verified,0.9983004,False,False,0,False,904.2,762.5,True,350.0,803.2,860,0.0,4.0,128,225645,4493.0,2781.15,"Japan, JP",580.173.02,14998849.922394037
2026-09-13,2026-09-13T18:02:35.103981+00:00,2026-09-13-1000,40556911,37162,124072,,RTX 3090,3090-pcie-24gb,3090,PCIe,8,1.0,1.3355555555555554,1.066667,0.16694444444444442,False,0.19999999999999998,4.0,4.0,0.006944444444444444,272.04942877064025,203.69757561861584,282.13248,181.5664932148175,verified,0.9982157,False,False,0,False,829.7,750.4,False,350.0,823.7,860,0.0,4.0,112,515597,2391.0,2942.0,"Japan, JP",570.144,4782139.922394037
2026-09-13,2026-09-13T18:02:35.103981+00:00,2026-09-13-1000,34631950,51795,124072,,RTX 3090,3090-pcie-24gb,3090,PCIe,8,1.0,1.3355555555555554,1.0666666666666667,0.16694444444444442,False,0.19999999999999998,5.333333333333333,5.333333333333333,0.006944444444444444,173.8328588184175,130.15771458949732,282.13248,108.23891858612355,verified,0.997846,False,False,0,False,699.6,679.4,True,350.0,803.6,860,0.0,3.0,96,385570,2561.0,1982.0,"Japan, JP",580.159.03,1449122.9223940372
2026-09-13,2026-09-13T18:02:35.103981+00:00,2026-09-13-1000,48902778,51793,124072,,RTX 3090,3090-pcie-24gb,3090,PCIe,8,1.0,1.3355555555555554,0.96,0.16694444444444442,False,0.19999999999999998,4.0,4.0,0.006944444444444444,174.40597320122305,130.5868351756246,282.13248,92.08021785780888,verified,0.9953533,False,False,0,False,499.3,194.3,True,350.0,827.7,860,0.0,3.0,96,515350,2557.7000000000003,2663.0,"California, US",570.195.03,14415550.922394037
2026-09-13,2026-09-13T18:02:35.103981+00:00,2026-09-13-1000,40556913,37162,124072,,RTX 3090,3090-pcie-24gb,3090,PCIe,4,0.5,0.6688888888888889,0.5333333,0.16722222222222222,False,0.19999999999999998,4.0,4.0,0.006944444444444444,156.84419295154333,234.48467384782228,141.06624,197.210974171368,verified,0.9982157,False,False,0,False,829.7,750.4,False,350.0,824.9,860,0.0,4.0,112,257798,2391.0,1471.0,"Japan, JP",570.144,4782139.922394037
2026-09-13,2026-09-13T18:02:35.103981+00:00,2026-09-13-1000,49108668,10590,51345,,RTX 3090,3090-pcie-24gb,3090,PCIe,2,1.0,0.34355555555555556,0.2933333,0.17177777777777778,False,0.19999999999999998,0.13333333333333333,0.13333333333333333,0.007111111111111111,82.48466512562442,240.09119861921727,70.53312,210.53506983454338,verified,0.9948363,False,False,0,False,869.3,914.1,False,350.0,805.0,860,0.0,4.0,12,32010,1548.0,1231.0,"Poland, PL",580.173.02,1455927.9223940372
2026-09-13,2026-09-13T18:02:35.103981+00:00,2026-09-13-1000,47676615,4749,24953,,RTX 3090,3090-pcie-24gb,3090,PCIe,8,1.0,1.3888888888888888,0.8533333,0.1736111111111111,False,0.19999999999999998,1.3653333333333333,1.3653333333333333,0.007222222222222223,280.6230144038299,202.04857037075755,284.147712,179.43239022180927,verified,0.9980572,False,False,0,True,645.1,762.5,False,244.0,803.6,860,0.0,4.0,192,257720,6769.0,2147.0,"Oregon, US",595.71.05,4021040.9223940372
2026-09-13,2026-09-13T18:02:35.103981+00:00,2026-09-13-1000,26678438,26176,86962,,RTX 3090,3090-pcie-24gb,3090,PCIe,1,1.0,0.17407407407407408,0.06666667,0.17407407407407408,False,0.06666666666666665,1.3333333333333333,1.3333333333333333,0.007222222222222223,45.126056205874505,259.23479096991736,35.770368,222.20351837561108,verified,0.9988518,False,False,0,False,913.0,711.2,False,390.0,826.7,860,0.0,4.0,12,32003,5724.5,1260.0,"Argentina, AR",555.58.02,9402786.922394037
2026-09-13,2026-09-13T18:02:35.103981+00:00,2026-09-13-1000,19335627,33419,148689,,RTX 3090,3090-pcie-24gb,3090,PCIe,2,1.0,0.34814814814814815,0.1333333,0.17407407407407408,False,0.1333333333333333,40.0,40.0,0.007222222222222223,89.27084877821503,256.41626776721336,70.53312,191.62251318492315,verified,0.9992693,False,False,0,True,742.9,863.2,True,350.0,826.4,860,0.0,4.0,64,128673,3405.0,1275.4,"Belgium, BE",565.57.01,15808007.54205513
2026-09-13,2026-09-13T18:02:35.103981+00:00,2026-09-13-1000,50877698,150170,654469,,RTX 3090,3090-pcie-24gb,3090,PCIe,1,1.0,0.17407407407407408,0.14666666666666667,0.17407407407407408,False,0.06666666666666665,2.6666666666666665,4.0,0.007222222222222223,44.60161106848776,256.2220210317382,35.518464,172.1186943329173,deverified,0.9677785,True,False,0,False,905.0,902.4,False,370.0,805.1,860,0.0,4.0,12,31931,3777.2000000000003,740.0,"Thailand, TH",595.84,4126040.9223940372
2026-09-13,2026-09-13T18:02:35.103981+00:00,2026-09-13-1000,48234345,43178,310671,,RTX 3090,3090-pcie-24gb,3090,PCIe,2,0.5,0.34814814814814815,0.2666667,0.17407407407407408,False,0.1333333333333333,2.6666666666666665,4.0,0.007222222222222223,68.52767896120955,196.83482254815507,70.53312,170.01009577355904,deverified,0.9966638,False,False,0,False,864.3,909.1,False,420.0,356.5,860,0.0,4.0,32,128802,1842.0,745.5,"Quebec, CA",595.84,4064395.9223940372
2026-09-13,2026-09-13T18:02:35.103981+00:00,2026-09-13-1000,30783284,34345,148689,,RTX 3090,3090-pcie-24gb,3090,PCIe,1,0.5,0.1748148148148148,0.06666667,0.1748148148148148,False,0.1333333333333333,40.0,40.0,0.007222222222222223,44.64048124922626,255.35868511209938,35.26656,151.06282066238646,verified,0.9990094,False,False,0,True,862.3,896.2,True,350.0,826.8,860,0.0,4.0,32,64344,3449.0,276.0,"Belgium, BE",565.57.01,15807919.54205513
2026-09-13,2026-09-13T18:02:35.103981+00:00,2026-09-13-1000,49061016,118794,446310,,RTX 3090,3090-pcie-24gb,3090,PCIe,2,1.0,0.3503703703703704,0.2666667,0.1751851851851852,False,0.3333333333333333,4.0,6.266666666666667,0.007222222222222223,71.46056165460526,203.95720556811224,71.036928,152.66194301935496,verified,0.997555,False,False,0,False,924.2,281.8,False,280.0,805.6,860,0.0,3.0,8,64243,3167.2000000000003,579.5000000000013,"Oregon, US",595.84,2416398.9223940372
2026-09-13,2026-09-13T18:02:35.103981+00:00,2026-09-13-1000,50834702,139490,53226,,RTX 3090,3090-pcie-24gb,3090,PCIe,1,1.0,0.17555555555555555,0.1733333,0.17555555555555555,False,0.19999999999999998,0.0,0.0,0.007222222222222223,41.08625997372846,234.0356580782001,35.26656,88.30762457399015,deverified,0.9638193,True,False,0,False,92.3,92.3,False,250.0,759.9,860,0.0,3.0,24,32023,4149.531184208879,38.0,"Ukraine, UA",550.142,1151643.9223940372
2026-09-13,2026-09-13T18:02:35.103981+00:00,2026-09-13-1000,50918677,149783,53226,,RTX 3090,3090-pcie-24gb,3090,PCIe,1,1.0,0.17555555555555555,0.17333333333333334,0.17555555555555555,False,0.19999999999999998,0.0,0.0,0.007222222222222223,9.978207245661828,56.83788937402307,35.26656,29.01435716108366,deverified,0.9643056,True,False,0,False,240.8,262.3,True,300.0,805.1,860,0.0,3.0,,31990,188.02770301181087,364.5,"Ukraine, UA",595.84,1208183.9223940372
2026-09-13,2026-09-13T18:02:35.103981+00:00,2026-09-13-1000,50886663,143934,53226,,RTX 3090,3090-pcie-24gb,3090,PCIe,1,1.0,0.17555555555555555,0.1733333,0.17555555555555555,False,0.19999999999999998,0.0,0.0,0.007222222222222223,28.621813717977695,163.03564776063246,40.052735999999996,13.150259769256552,deverified,0.7017655,False,False,0,False,0.0,0.0,False,280.0,252.1,860,0.0,3.0,16,15929,4450.0,63.0,"Sverdlovskaya oblast', RU",580.178.04,1190763.9223940372
2026-09-13,2026-09-13T18:02:35.103981+00:00,2026-09-13-1000,50874503,150822,53226,,RTX 3090,3090-pcie-24gb,3090,PCIe,1,1.0,0.17555555555555555,0.17333333333333334,0.17555555555555555,False,0.19999999999999998,0.0,0.0,0.007222222222222223,6.314000000000001,35.965822784810136,35.26656,10.87422091018596,deverified,0.9454008,True,False,0,False,44.8,44.8,True,350.0,58.5,860,0.0,3.0,,15862,418.5,352.8,"Ukraine, UA",550.142,1182351.9223940372
2026-09-13,2026-09-13T18:02:35.103981+00:00,2026-09-13-1000,50874510,150818,53226,,RTX 3090,3090-pcie-24gb,3090,PCIe,1,1.0,0.17555555555555555,0.17333333333333334,0.17555555555555555,False,0.19999999999999998,0.0,0.0,0.007222222222222223,7.119,40.55126582278481,35.26656,6.371442440117939,deverified,0.7795704,True,False,0,False,44.9,44.8,True,350.0,56.5,860,0.0,3.0,72,48162,577.8000000000001,49.0,"Ukraine, UA",550.142,5156754.922394037
2026-09-13,2026-09-13T18:02:35.103981+00:00,2026-09-13-1000,50915184,27870,51345,,RTX 3090,3090-pcie-24gb,3090,PCIe,2,1.0,0.35155555555555557,0.346,0.17577777777777778,False,0.19999999999999998,1.3333333333333333,1.3333333333333333,0.007500000000000001,82.89896235463638,235.80615081913004,71.036928,185.67147523705987,verified,0.9910267,False,False,0,False,876.8,932.4,False,350.0,805.2,860,0.0,4.0,12,32010,766.0459703254469,290.0,"Poland, PL",580.159.03,2931073.9223940372
2026-09-13,2026-09-13T18:02:35.103981+00:00,2026-09-13-1000,30706870,30501,67245,,RTX 3090,3090-pcie-24gb,3090,PCIe,1,0.5,0.182962962962963,0.1373333,0.182962962962963,False,0.2666666666666666,8.0,8.0,0.007500000000000001,44.586979691084906,243.6940185545126,35.518464,169.51390317633044,verified,0.9970331,False,False,0,False,597.6,512.9,False,280.0,804.0,860,0.0,3.0,20,31992,702.0,270.5,"Spain, ES",535.183.01,7521764.417574167
2026-09-13,2026-09-13T18:02:35.103981+00:00,2026-09-13-1000,50616389,15191,75627,,RTX 3090,3090-pcie-24gb,3090,PCIe,4,1.0,0.746962962962963,0.748,0.18674074074074076,False,0.02666666666666667,0.013333333333333334,0.013333333333333334,0.008888888888888889,163.56147655438014,218.9686566326985,141.06624,89.0547189824614,deverified,0.9864815,False,False,0,False,97.2,27.0,False,350.0,804.7,860,0.0,4.0,64,257782,3529.0,886.0,"Latvia, LV",595.71.05,2417542.9223940372
2026-09-13,2026-09-13T18:02:35.103981+00:00,2026-09-13-1000,50616386,15191,75627,,RTX 3090,3090-pcie-24gb,3090,PCIe,2,0.5,0.37362962962962964,0.29333333333333333,0.18681481481481482,False,0.02666666666666667,0.013333333333333334,0.013333333333333334,0.008888888888888889,88.70046813883947,237.40212527246882,70.53312,104.42835602658468,deverified,0.9864815,True,False,0,False,97.2,27.0,False,350.0,804.4,860,0.0,4.0,64,128891,3529.0,443.0,"Latvia, LV",595.71.05,2417542.9223940372
2026-09-13,2026-09-13T18:02:35.103981+00:00,2026-09-13-1000,50616387,15191,75627,,RTX 3090,3090-pcie-24gb,3090,PCIe,1,0.25,0.18696296296296297,0.1466667,0.18696296296296297,False,0.02666666666666667,0.013333333333333334,0.013333333333333334,0.008888888888888889,44.35155071308448,237.2210517538195,35.26656,97.25936747142404,deverified,0.9864815,False,False,0,False,97.2,27.0,False,350.0,804.4,860,0.0,4.0,64,64445,3529.0,221.5,"Latvia, LV",595.71.05,2417542.9223940372
2026-09-13,2026-09-13T18:02:35.103981+00:00,2026-09-13-1000,45479284,39086,47294,,RTX 3090,3090-pcie-24gb,3090,PCIe,4,1.0,0.7488888888888889,0.7466666666666667,0.18722222222222223,False,0.19999999999999998,13.333333333333334,13.333333333333334,0.007777777777777778,110.60505719708793,147.69221287444975,143.081472,117.75704567976015,deverified,0.9911099,True,False,0,False,941.9,824.2,False,320.0,805.8,860,0.0,3.0,16,128651,3092.1430000000005,624.0,"Argentina, AR",575.57.08,11225521.922394037
2026-09-13,2026-09-13T18:02:35.103981+00:00,2026-09-13-1000,27765151,45340,289919,,RTX 3090,3090-pcie-24gb,3090,PCIe,4,1.0,0.7488888888888889,1.184,0.18722222222222223,False,0.19999999999999998,0.0026666666666666666,0.004,0.007777777777777778,127.42119113678348,170.14699113220345,143.081472,58.74007630046305,deverified,0.9716708,True,False,0,False,51.5,23.1,False,350.0,803.8,860,0.0,3.0,12,15883,828.1750264886423,133.0,"South Africa, ZA",580.95.05,15633256.54205513
2026-09-13,2026-09-13T18:02:35.103981+00:00,2026-09-13-1000,45479282,39086,47294,,RTX 3090,3090-pcie-24gb,3090,PCIe,2,0.5,0.3755555555555556,0.37333333333333335,0.1877777777777778,False,0.19999999999999998,13.333333333333334,13.333333333333334,0.007777777777777778,72.56985000569905,193.23332841754183,70.53312,150.23513298371682,deverified,0.9911099,True,False,0,False,941.9,824.2,False,320.0,805.4,860,0.0,3.0,16,64325,3092.1430000000005,312.0,"Argentina, AR",575.57.08,11225521.922394037
2026-09-13,2026-09-13T18:02:35.103981+00:00,2026-09-13-1000,27765150,45340,289919,,RTX 3090,3090-pcie-24gb,3090,PCIe,2,0.5,0.3755555555555556,0.592,0.1877777777777778,False,0.19999999999999998,0.0026666666666666666,0.004,0.007777777777777778,76.96517722664363,204.93686243780846,71.540736,66.78012751190298,deverified,0.9716708,True,False,0,False,51.5,23.1,False,350.0,803.8,860,0.0,3.0,12,7941,828.1750264886423,66.5,"South Africa, ZA",580.95.05,15633256.54205513
2026-09-13,2026-09-13T18:02:35.103981+00:00,2026-09-13-1000,50415489,31026,51345,,RTX 3090,3090-pcie-24gb,3090,PCIe,1,1.0,0.18888888888888888,0.16,0.18888888888888888,False,0.19999999999999998,1.3333333333333333,1.3333333333333333,0.007777777777777778,44.837634818885704,237.37571374704197,35.770368,203.95078687476686,verified,0.9980307,False,False,0,False,821.3,836.4,False,350.0,804.8,860,0.0,4.0,12,32012,3740.11,1308.0,"Poland, PL",580.173.02,2850636.9223940372
2026-09-13,2026-09-13T18:02:35.103981+00:00,2026-09-13-1000,45479286,39086,47294,,RTX 3090,3090-pcie-24gb,3090,PCIe,1,0.25,0.18888888888888888,0.18666666666666668,0.18888888888888888,False,0.19999999999999998,13.333333333333334,13.333333333333334,0.007777777777777778,43.282753444225676,229.14398882237123,35.26656,155.66561291143282,deverified,0.9911099,True,False,0,False,941.9,824.2,False,320.0,805.4,860,0.0,3.0,16,32162,3092.1430000000005,156.0,"Argentina, AR",575.57.08,11225521.922394037
2026-09-13,2026-09-13T18:02:35.103981+00:00,2026-09-13-1000,49566168,5914,142,,RTX 3090,3090-pcie-24gb,3090,PCIe,8,1.0,1.602962962962963,1.0666666666666667,0.20037037037037037,False,0.2666666666666666,20.48,6.826666666666667,0.008333333333333333,218.7812146318147,136.4855082037661,282.13248,100.96892487772458,unverified,0.9961445,True,False,0,False,657.9,307.2,False,330.0,805.6,860,0.0,3.0,32,257570,24.3,1566.0,"Germany, DE",595.71.05,1511840.9223940372
2026-09-13,2026-09-13T18:02:35.103981+00:00,2026-09-13-1000,48234918,43078,310671,,RTX 3090,3090-pcie-24gb,3090,PCIe,4,1.0,0.8022222222222222,0.5866666666666667,0.20055555555555554,False,0.19999999999999998,2.6666666666666665,4.0,0.008333333333333333,159.05248628039186,198.26487209467132,141.06624,167.4748770500813,deverified,0.9969575,True,False,0,False,899.0,907.1,False,420.0,804.4,860,0.0,4.0,32,193092,1812.0824550831735,1404.0,"Quebec, CA",580.173.02,13831676.922394037
2026-09-13,2026-09-13T18:02:35.103981+00:00,2026-09-13-1000,45599893,18740,78246,,RTX 3090,3090-pcie-24gb,3090,PCIe,1,1.0,0.20148148148148146,0.19733333333333333,0.20148148148148146,False,0.1333333333333333,9.0,9.0,0.008333333333333333,44.789108323505076,222.2988832232789,35.770368,183.89232941260636,verified,0.9986243,True,False,0,False,910.0,929.7,False,420.0,801.2,860,0.0,4.0,12,48094,1668.0,706.0,"Poland, PL",550.107.02,1958243.9223940372
2026-09-13,2026-09-13T18:02:35.103981+00:00,2026-09-13-1000,45598880,18116,78246,,RTX 3090,3090-pcie-24gb,3090,PCIe,1,1.0,0.20148148148148146,0.19733333333333333,0.20148148148148146,False,0.1333333333333333,9.0,9.0,0.008333333333333333,44.80262019618132,222.36594582663528,35.770368,180.434313333367,deverified,0.9981711,True,False,0,False,858.7,896.7,False,420.0,802.2,860,0.0,4.0,12,48093,998.0,620.0,"Poland, PL",535.161.07,1958243.9223940372
2026-09-13,2026-09-13T18:02:35.103981+00:00,2026-09-13-1000,50160439,51550,143158,,RTX 3090,3090-pcie-24gb,3090,PCIe,1,1.0,0.2022222222222222,0.19999999999999998,0.2022222222222222,False,0.19999999999999998,2.6666666666666665,4.0,0.008333333333333333,44.83494732894469,221.711278000276,35.770368,186.75662294378918,unverified,0.9974544,False,False,0,False,688.8,811.3,False,390.0,804.6,860,0.0,3.0,12,31961,4070.3,325.0,"Ecuador, EC",535.230.02,15102344.922394037
2026-09-13,2026-09-13T18:02:35.103981+00:00,2026-09-13-1000,50404722,150372,661420,,RTX 3090,3090-pcie-24gb,3090,PCIe,2,1.0,0.4044444444444444,0.5866666666666667,0.2022222222222222,False,0.39999999999999997,13.333333333333334,13.333333333333334,0.008333333333333333,88.58677522454946,219.03323544531463,70.53312,161.1653861445742,unverified,0.9770097,True,False,0,False,2062.6,978.4,True,320.0,800.0,860,0.0,4.0,12,94115,3311.4218182100344,1489.0,"Colorado, US",580.178.04,2583840.9223940372
2026-09-13,2026-09-13T18:02:35.103981+00:00,2026-09-13-1000,50404723,150372,661420,,RTX 3090,3090-pcie-24gb,3090,PCIe,1,0.5,0.20444444444444443,0.29333333333333333,0.20444444444444443,False,0.39999999999999997,13.333333333333334,13.333333333333334,0.008333333333333333,43.98964747180923,215.16675393819733,35.518464,156.74025645867727,unverified,0.9770097,True,False,0,False,2062.6,978.4,True,320.0,805.2,860,0.0,4.0,12,47057,3311.4218182100344,744.5,"Colorado, US",580.178.04,2583840.9223940372
2026-09-13,2026-09-13T18:02:35.103981+00:00,2026-09-13-1000,31139412,55158,167329,,RTX 3090,3090-pcie-24gb,3090,PCIe,7,1.0,1.4954074074074075,1.306667,0.21362962962962964,False,0.18666666666666665,1.3333333333333333,1.3333333333333333,0.008888888888888889,206.0796629237711,137.8083737601996,246.86592,128.36306900221697,deverified,0.9992016,False,False,0,False,929.1,930.2,True,270.0,805.3,860,0.0,4.0,48,515636,2716.0,395.0,"Germany, DE",590.48.01,11258861.54205513
2026-09-13,2026-09-13T18:02:35.103981+00:00,2026-09-13-1000,31139415,55158,167329,,RTX 3090,3090-pcie-24gb,3090,PCIe,4,0.5714285714285714,0.8554074074074075,0.7466667,0.21385185185185188,False,0.18666666666666665,1.3333333333333333,1.3333333333333333,0.008888888888888889,145.48214859853326,170.07351975062338,141.06624,154.51025267920193,deverified,0.9992016,False,False,0,False,929.1,930.2,True,270.0,805.3,860,0.0,4.0,48,294649,2716.0,225.7142857142857,"Germany, DE",590.48.01,11258861.54205513
2026-09-13,2026-09-13T18:02:35.103981+00:00,2026-09-13-1000,29850349,52360,20325,,RTX 3090,3090-pcie-24gb,3090,PCIe,4,1.0,0.8562962962962963,0.4266666666666667,0.21407407407407408,False,0.2666666666666666,13.333333333333334,13.333333333333334,0.008888888888888889,140.5047401815241,164.0842554022989,141.06624,145.83039710535328,deverified,0.9981674,True,False,0,False,789.3,888.2,True,350.0,827.0,860,0.0,3.0,48,128861,963.0,2947.0,"Quebec, CA",570.195.03,15898135.54205513
2026-09-13,2026-09-13T18:02:35.103981+00:00,2026-09-13-1000,50757069,4557,1256,,RTX 3090,3090-pcie-24gb,3090,PCIe,4,1.0,0.8562962962962963,0.4266666666666667,0.21407407407407408,False,0.2666666666666666,13.333333333333334,13.333333333333334,0.008888888888888889,136.21942946764128,159.07978354785095,143.081472,125.8926119578026,deverified,0.9914655,True,False,0,False,848.2,889.8,True,320.0,827.7,860,0.0,3.0,48,128872,791.0,8214.0,"Quebec, CA",570.211.01,2589002.54205513
2026-09-13,2026-09-13T18:02:35.103981+00:00,2026-09-13-1000,46713490,52359,20325,,RTX 3090,3090-pcie-24gb,3090,PCIe,4,1.0,0.8562962962962963,0.4266666666666667,0.21407407407407408,False,0.2666666666666666,13.333333333333334,13.333333333333334,0.008888888888888889,124.11701147832775,144.94633693403327,141.06624,121.06951459681827,deverified,0.9984803,True,False,0,True,868.4,859.4,True,350.0,826.8,860,0.0,3.0,48,128862,355.0,3203.0,"Quebec, CA",570.195.03,15898246.54205513
2026-09-13,2026-09-13T18:02:35.103981+00:00,2026-09-13-1000,29850347,52360,20325,,RTX 3090,3090-pcie-24gb,3090,PCIe,2,0.5,0.42962962962962964,0.21333333333333335,0.21481481481481482,False,0.2666666666666666,13.333333333333334,13.333333333333334,0.008888888888888889,83.15060367637088,193.54019821224256,70.53312,152.22039077622216,deverified,0.9981674,True,False,0,False,789.3,888.2,True,350.0,827.0,860,0.0,3.0,48,64430,963.0,1473.5,"Quebec, CA",570.195.03,15898135.54205513
2026-09-13,2026-09-13T18:02:35.103981+00:00,2026-09-13-1000,50757067,4557,1256,,RTX 3090,3090-pcie-24gb,3090,PCIe,2,0.5,0.42962962962962964,0.21333333333333335,0.21481481481481482,False,0.2666666666666666,13.333333333333334,13.333333333333334,0.008888888888888889,81.54470596455911,189.80233284854276,71.540736,151.8460283154697,deverified,0.9914655,True,False,0,False,848.2,889.8,True,320.0,827.6,860,0.0,3.0,48,64436,791.0,4107.0,"Quebec, CA",570.211.01,2589002.54205513
2026-09-13,2026-09-13T18:02:35.103981+00:00,2026-09-13-1000,46713491,52359,20325,,RTX 3090,3090-pcie-24gb,3090,PCIe,1,0.25,0.21629629629629632,0.10666666666666667,0.21629629629629632,False,0.2666666666666666,13.333333333333334,13.333333333333334,0.008888888888888889,42.38001053943475,195.93498023368804,35.26656,153.6819947257926,deverified,0.9984803,True,False,0,True,868.4,859.4,True,350.0,826.2,860,0.0,3.0,48,32215,355.0,800.75,"Quebec, CA",570.195.03,15898246.54205513
2026-09-13,2026-09-13T18:02:35.103981+00:00,2026-09-13-1000,50757070,4557,1256,,RTX 3090,3090-pcie-24gb,3090,PCIe,1,0.25,0.21629629629629632,0.10666666666666667,0.21629629629629632,False,0.2666666666666666,13.333333333333334,13.333333333333334,0.008888888888888889,45.12304697844992,208.6168267839294,35.770368,152.0142775850908,deverified,0.9914655,True,False,0,False,848.2,889.8,True,320.0,827.4,860,0.0,3.0,48,32218,791.0,2053.5,"Quebec, CA",570.211.01,2589002.54205513
2026-09-13,2026-09-13T18:02:35.103981+00:00,2026-09-13-1000,11892987,12990,49504,,RTX 3090,3090-pcie-24gb,3090,PCIe,8,1.0,1.8159999999999996,1.493333,0.22699999999999995,False,0.23999999999999996,2.6666666666666665,4.0,0.009444444444444443,212.66101715563764,117.10408433680489,282.13248,99.80319664658353,verified,0.9974432,False,False,0,False,941.6,920.2,False,350.0,826.1,860,0.0,4.0,32,257612,1799.0,1021.8000000000006,"Utah, US",560.35.03,4189940.9223940372
2026-09-13,2026-09-13T18:02:35.103981+00:00,2026-09-13-1000,9817765,13615,1647,,RTX 3090,3090-pcie-24gb,3090,PCIe,5,1.0,1.1549925925925926,1.1,0.23099851851851852,False,0.14933333333333335,2.8000000000000003,4.133333333333334,0.00961111111111111,198.5700066811143,171.9231863083966,177.59232,131.5447272283129,deverified,0.9981762,False,False,1,False,552.8,307.9,True,250.0,805.1,860,0.0,4.0,32,515678,4692.0,344.0,"Iceland, IS",535.113.01,27730985.922394037
2026-09-13,2026-09-13T18:02:35.103981+00:00,2026-09-13-1000,39433659,121318,538808,,RTX 3090,3090-pcie-24gb,3090,PCIe,1,1.0,0.23185185185185186,0.22666666666666668,0.23185185185185186,False,0.46666666666666673,5.333333333333333,6.666666666666667,0.009444444444444445,44.36864499845682,191.3663602169863,35.26656,157.11288325145492,unverified,0.9962012,True,False,0,False,810.2,933.6,False,350.0,805.7,860,0.0,4.0,16,31233,4613.7117967063305,1547.0,"United Kingdom, GB",580.159.03,1437620.9223940372
2026-09-13,2026-09-13T18:02:35.103981+00:00,2026-09-13-1000,9817763,13615,1647,,RTX 3090,3090-pcie-24gb,3090,PCIe,1,0.2,0.23232592592592594,0.22,0.23232592592592594,False,0.14933333333333335,2.8000000000000003,4.133333333333334,0.009611111111111112,44.60161106848776,191.97862180352786,35.518464,137.6569078524436,deverified,0.9981762,True,False,1,False,552.8,307.9,True,250.0,805.1,860,0.0,4.0,32,103135,4692.0,68.8,"Iceland, IS",535.113.01,27730985.922394037
2026-09-13,2026-09-13T18:02:35.103981+00:00,2026-09-13-1000,47646371,9501,22965,,RTX 3090,3090-pcie-24gb,3090,PCIe,3,1.0,0.7211851851851853,1.0,0.2403950617283951,False,0.10666666666666667,0.6666666666666666,4.0,0.010000000000000002,126.41762670601753,175.2914914267909,105.79968,139.67913111450537,verified,0.9985523,False,False,0,True,1814.7,211.3,False,315.0,805.6,860,0.0,4.0,96,515624,2203.0,4082.0,"Washington, US",595.58.03,6788590.922394037
2026-09-13,2026-09-13T18:02:35.103981+00:00,2026-09-13-1000,7545105,13727,1647,,RTX 3090,3090-pcie-24gb,3090,PCIe,5,1.0,1.2549925925925927,1.2,0.2509985185185185,False,0.14933333333333335,0.0013333333333333333,0.0026666666666666666,0.010444444444444445,198.57917730079834,158.23135409155594,177.59232,117.82323526458319,verified,0.9990248,False,False,1,False,488.9,321.7,True,250.0,805.3,860,0.0,4.0,32,515678,4399.0,607.0,"Iceland, IS",535.54.03,27695848.922394037
2026-09-13,2026-09-13T18:02:35.103981+00:00,2026-09-13-1000,49119885,37943,1647,,RTX 3090,3090-pcie-24gb,3090,PCIe,4,0.8,1.004888888888889,1.004,0.25122222222222224,False,0.19999999999999998,2.6666666666666665,4.0,0.010444444444444445,164.61795023895036,163.81706680125532,142.073856,136.28210813835236,verified,0.9934827,False,False,1,False,854.1,856.7,True,370.0,827.5,860,0.0,4.0,32,360882,3675.4,89.60000000000001,"Romania, RO",570.133.07,14492665.922394037
2026-09-13,2026-09-13T18:02:35.103981+00:00,2026-09-13-1000,20536467,37922,1647,,RTX 3090,3090-pcie-24gb,3090,PCIe,4,0.8,1.004888888888889,1.004,0.25122222222222224,False,0.19999999999999998,2.8000000000000003,4.133333333333334,0.010444444444444445,164.7032759991937,163.90197744280664,142.073856,131.43896898553453,verified,0.9902603,False,False,1,False,894.5,876.9,True,370.0,827.5,860,0.0,4.0,32,412492,3596.0,334.79999999999995,"Romania, RO",570.133.07,27735125.922394037
2026-09-13,2026-09-13T18:02:35.103981+00:00,2026-09-13-1000,9107060,13729,1647,,RTX 3090,3090-pcie-24gb,3090,PCIe,2,0.4,0.5029925925925927,0.48,0.25149629629629633,False,0.14933333333333335,0.0013333333333333333,0.0026666666666666666,0.010444444444444445,89.19258799387015,177.32385984879343,71.036928,134.06828150243638,deverified,0.9981629,True,False,1,False,514.9,364.2,True,250.0,804.7,860,0.0,4.0,32,206271,3594.9,133.6,"Iceland, IS",535.113.01,27694952.922394037
2026-09-13,2026-09-13T18:02:35.103981+00:00,2026-09-13-1000,49119889,37943,1647,,RTX 3090,3090-pcie-24gb,3090,PCIe,2,0.4,0.5035555555555556,0.502,0.2517777777777778,False,0.19999999999999998,2.6666666666666665,4.0,0.010444444444444445,89.78649098443744,178.3050350529428,71.036928,153.65179790172093,verified,0.9934827,False,False,1,False,854.1,856.7,True,370.0,827.5,860,0.0,4.0,32,180441,3675.4,44.800000000000004,"Romania, RO",570.133.07,14492665.922394037
2026-09-13,2026-09-13T18:02:35.103981+00:00,2026-09-13-1000,20536465,37922,1647,,RTX 3090,3090-pcie-24gb,3090,PCIe,2,0.4,0.5035555555555556,0.502,0.2517777777777778,False,0.19999999999999998,2.8000000000000003,4.133333333333334,0.010444444444444445,89.77163597965499,178.2755348227923,71.036928,143.98914800108116,verified,0.9902603,False,False,1,False,894.5,876.9,True,370.0,827.2,860,0.0,4.0,32,206246,3596.0,167.39999999999998,"Romania, RO",570.133.07,27735125.922394037
2026-09-13,2026-09-13T18:02:35.103981+00:00,2026-09-13-1000,49119882,37943,1647,,RTX 3090,3090-pcie-24gb,3090,PCIe,1,0.2,0.25288888888888894,0.251,0.25288888888888894,False,0.19999999999999998,2.6666666666666665,4.0,0.010444444444444445,44.89324549221872,177.5216210149246,35.518464,143.61885171132138,verified,0.9934827,False,False,1,False,854.1,856.7,True,370.0,827.5,860,0.0,4.0,32,90220,3675.4,22.400000000000002,"Romania, RO",570.133.07,14492665.922394037
2026-09-13,2026-09-13T18:02:35.103981+00:00,2026-09-13-1000,20536468,37922,1647,,RTX 3090,3090-pcie-24gb,3090,PCIe,1,0.2,0.25288888888888894,0.251,0.25288888888888894,False,0.19999999999999998,2.8000000000000003,4.133333333333334,0.010444444444444445,44.89452102344414,177.5266648554469,35.518464,136.60305826398022,verified,0.9902603,False,False,1,False,894.5,876.9,True,370.0,827.6,860,0.0,4.0,32,103123,3596.0,83.69999999999999,"Romania, RO",570.133.07,27735125.922394037
2026-09-13,2026-09-13T18:02:35.103981+00:00,2026-09-13-1000,29381071,4553,20210,92,RTX 3090,3090-pcie-24gb,3090,PCIe,8,1.0,2.136296296296296,2.1333333333333333,0.267037037037037,False,0.2666666666666666,2.1333333333333333,2.1333333333333333,0.011111111111111112,287.5196990117521,134.5879312294956,282.13248,114.87611096784292,verified,0.9993063,False,False,1,True,723.7,684.9,True,350.0,803.5,860,0.0,4.0,64,483665,6725.0,2765.0,"Finland, FI",580.95.05,9439040.922394037
2026-09-13,2026-09-13T18:02:35.103981+00:00,2026-09-13-1000,34622891,3781,20210,,RTX 3090,3090-pcie-24gb,3090,PCIe,4,1.0,1.0696296296296297,1.0666666666666667,0.2674074074074074,False,0.2666666666666666,2.1333333333333333,2.1333333333333333,0.011111111111111112,145.6425694665686,136.16168198051773,141.06624,120.09331970833271,verified,0.9991942,False,False,1,False,685.1,848.4,True,350.0,827.6,860,0.0,4.0,32,257609,5031.7,1023.4000000000001,"Finland, FI",570.133.20,9439040.922394037
2026-09-13,2026-09-13T18:02:35.103981+00:00,2026-09-13-1000,11886734,3779,20210,,RTX 3090,3090-pcie-24gb,3090,PCIe,4,1.0,1.0696296296296297,1.0666666666666667,0.2674074074074074,False,0.2666666666666666,2.1333333333333333,2.1333333333333333,0.011111111111111112,142.40710774266242,133.1368389560902,141.06624,119.33175815719234,verified,0.9994301,False,False,1,False,683.7,898.5,True,350.0,826.6,860,0.0,3.0,32,257603,5073.3,1443.0,"Finland, FI",570.133.20,9439040.922394037
2026-09-13,2026-09-13T18:02:35.103981+00:00,2026-09-13-1000,50370188,700,1276,,RTX 3090,3090-pcie-24gb,3090,PCIe,4,1.0,1.0696296296296297,0.82,0.2674074074074074,False,0.2666666666666666,13.653333333333334,13.653333333333334,0.011111111111111112,100.75961022846747,94.2004666263373,143.081472,80.1357412894567,verified,0.9986279,False,False,0,False,901.0,865.2,True,300.0,805.3,860,0.0,3.0,12,128498,2616.0,3062.0,"Norway, NO",580.173.02,1231040.9223940372
2026-09-13,2026-09-13T18:02:35.103981+00:00,2026-09-13-1000,50213709,7339,34742,,RTX 3090,3090-pcie-24gb,3090,PCIe,2,0.5,0.5362962962962963,0.39999999999999997,0.26814814814814814,False,0.2666666666666666,10.666666666666666,10.666666666666666,0.011111111111111112,83.77901125768219,156.217769610319,70.53312,143.96916566815025,deverified,0.9832592,True,False,0,False,4866.7,2938.7,False,250.0,805.6,860,0.0,4.0,128,64313,3361.0,691.0,"Utah, US",595.71.05,2094083.9223940372
2026-09-13,2026-09-13T18:02:35.103981+00:00,2026-09-13-1000,48249799,11424,70142,,RTX 3090,3090-pcie-24gb,3090,PCIe,2,1.0,0.5377777777777778,0.48,0.2688888888888889,False,0.39999999999999997,33.333333333333336,33.333333333333336,0.011111111111111112,85.05462735847038,158.15943103847798,72.04454400000002,127.22071835728352,verified,0.9991103,False,False,1,False,867.4,878.8,False,430.0,805.7,860,0.0,3.0,24,64140,428.2583482935266,362.0,"Maryland, US",570.133.20,1490274.9223940372
2026-09-13,2026-09-13T18:02:35.103981+00:00,2026-09-13-1000,50213707,7339,34742,,RTX 3090,3090-pcie-24gb,3090,PCIe,1,0.25,0.2696296296296296,0.19999999999999998,0.2696296296296296,False,0.2666666666666666,10.666666666666666,10.666666666666666,0.011111111111111112,44.36864499845682,164.5540405162547,35.26656,138.61370913504356,deverified,0.9832592,True,False,0,False,4866.7,2938.7,False,250.0,805.7,860,0.0,4.0,128,32156,3361.0,345.5,"Utah, US",595.71.05,2094083.9223940372
2026-09-13,2026-09-13T18:02:35.103981+00:00,2026-09-13-1000,48249800,11424,70142,,RTX 3090,3090-pcie-24gb,3090,PCIe,1,0.5,0.2711111111111111,0.24,0.2711111111111111,False,0.39999999999999997,33.333333333333336,33.333333333333336,0.011111111111111112,45.08634915309223,166.30210753189758,36.02227200000001,120.4852665474525,verified,0.9991103,False,False,1,False,867.4,878.8,False,430.0,805.5,860,0.0,3.0,24,32070,428.2583482935266,181.0,"Maryland, US",570.133.20,1490274.9223940372
2026-09-13,2026-09-13T18:02:35.103981+00:00,2026-09-13-1000,33388215,37181,200380,,RTX 3090,3090-pcie-24gb,3090,PCIe,3,1.0,0.8456296296296297,0.52,0.2818765432098766,False,0.5066666666666667,4.0,4.0,0.011666666666666667,119.19899567390615,140.95886839503618,107.311104,116.74068288850917,verified,0.9970514,False,False,0,False,940.2,599.0,False,300.0,825.9,860,0.0,4.0,24,515640,946.0,1152.0,"Spain, ES",570.195.03,184340.92239403725
2026-09-13,2026-09-13T18:02:35.103981+00:00,2026-09-13-1000,50754493,95152,86295,,RTX 3090,3090-pcie-24gb,3090,PCIe,8,1.0,2.6725925925925926,2.666667,0.3340740740740741,False,0.5333333333333332,40.0,40.0,0.013888888888888888,223.52050262956575,83.63433440962133,284.147712,82.84019019240422,verified,0.9916621,False,False,0,True,3741.7,3564.7,True,370.0,805.2,860,0.0,4.0,224,644790,4044.0,6048.2,"Estonia, EE",595.58.03,15541834.922394037
2026-09-13,2026-09-13T18:02:35.103981+00:00,2026-09-13-1000,50754492,95152,86295,,RTX 3090,3090-pcie-24gb,3090,PCIe,4,0.5,1.3392592592592591,1.333333,0.3348148148148148,False,0.5333333333333332,40.0,40.0,0.013888888888888888,151.4498955269857,113.08482243441964,142.073856,115.80862599994178,verified,0.9916621,False,False,0,True,3741.7,3564.7,True,350.0,801.8,860,0.0,4.0,224,322395,4044.0,3024.1,"Estonia, EE",595.58.03,15541834.922394037
2026-09-13,2026-09-13T18:02:35.103981+00:00,2026-09-13-1000,49132459,141477,81522,,RTX 3090,3090-pcie-24gb,3090,PCIe,1,1.0,0.33556488888888886,0.26666666666666666,0.33556488888888886,False,0.19999999999999998,2.6666666666666665,4.0,0.013889277777777776,44.58564809506604,132.86744105647207,35.518464,60.314119382572194,deverified,0.8992756,False,False,0,False,883.4,762.0,True,370.0,803.9,860,0.0,3.0,24,15826,12.2,561.0,"Oklahoma, US",595.84,14501120.922394037
2026-09-13,2026-09-13T18:02:35.103981+00:00,2026-09-13-1000,50494449,144840,442099,,RTX 3090,3090-pcie-24gb,3090,PCIe,4,1.0,1.3444444444444443,0.7999999999999999,0.3361111111111111,False,1.0,40.0,40.0,0.013888888888888888,184.02946073353004,136.8814170745265,143.081472,141.8456804665123,unverified,0.9917413,True,False,0,False,7574.9,2337.3,True,300.0,927.5,860,56.24800109863281,4.0,128,128634,6492.5,3251.7,"Ukraine, UA",595.84,60204320.92239404
2026-09-13,2026-09-13T18:02:35.103981+00:00,2026-09-13-1000,40097455,52144,70142,,RTX 3090,3090-pcie-24gb,3090,PCIe,1,0.5,0.337037037037037,0.2666667,0.337037037037037,False,0.3333333333333333,33.333333333333336,33.333333333333336,0.013888888888888888,44.36864499845682,131.64323241300377,35.26656,106.39161045104898,verified,0.9979695,False,False,1,False,954.4,1536.8,True,420.0,805.7,860,0.0,4.0,56,64327,10004.48,1280.0,"Maryland, US",595.58.03,25423057.922394037
2026-09-13,2026-09-13T18:02:35.103981+00:00,2026-09-13-1000,37930681,16571,87485,,RTX 3090,3090-pcie-24gb,3090,PCIe,12,1.0,4.1651851851851855,3.84,0.3470987654320988,False,0.46666666666666673,9.333333333333334,12.0,0.014444444444444446,279.22068079911196,67.03679869799059,423.19872,76.24412213113197,verified,0.9980017,False,False,0,True,6004.4,3871.1,False,350.0,805.5,860,0.0,4.0,256,515774,5817.325225703665,1380.0,"Spain, ES",590.48.01,6044979.54205513
2026-09-13,2026-09-13T18:02:35.103981+00:00,2026-09-13-1000,31773532,12131,73118,,RTX 3090,3090-pcie-24gb,3090,PCIe,8,1.0,2.777037037037037,5.333333,0.3471296296296296,False,0.3333333333333333,9.333333333333334,12.0,0.014444444444444446,228.0067933093818,82.104340082066,284.147712,99.72810379528131,verified,0.999028,False,False,0,True,6546.1,3706.1,False,350.0,804.3,860,0.0,4.0,192,515771,5614.02,2061.0,"Spain, ES",590.48.01,6044979.54205513
2026-09-13,2026-09-13T18:02:35.103981+00:00,2026-09-13-1000,43543263,23850,130210,,RTX 3090,3090-pcie-24gb,3090,PCIe,8,1.0,2.778518518518519,5.333333,0.34731481481481485,False,0.46666666666666673,9.333333333333334,12.0,0.014444444444444446,227.1910121676836,81.76695985773736,282.13248,96.95950078551834,verified,0.9990551,False,False,0,True,6917.1,4082.4,False,350.0,805.4,860,0.0,4.0,192,515777,4731.0,1857.0,"Spain, ES",590.48.01,6131379.54205513
2026-09-13,2026-09-13T18:02:35.103981+00:00,2026-09-13-1000,37930665,16571,87485,,RTX 3090,3090-pcie-24gb,3090,PCIe,8,0.6666666666666666,2.778518518518519,2.56,0.34731481481481485,False,0.46666666666666673,9.333333333333334,12.0,0.014444444444444446,226.48577933060324,81.51314372069164,282.13248,96.24104834080596,verified,0.9980017,False,False,0,True,6004.4,3871.1,False,350.0,805.2,860,0.0,4.0,256,343849,5817.325225703665,920.0,"Spain, ES",590.48.01,6044979.54205513
2026-09-13,2026-09-13T18:02:35.103981+00:00,2026-09-13-1000,37930670,16571,87485,,RTX 3090,3090-pcie-24gb,3090,PCIe,4,0.3333333333333333,1.391851851851852,1.28,0.347962962962963,False,0.46666666666666673,9.333333333333334,12.0,0.014444444444444446,145.90328484140377,104.82673471841143,141.06624,114.49531935440753,verified,0.9980017,False,False,0,True,6004.4,3871.1,False,350.0,805.5,860,0.0,4.0,256,171924,5817.325225703665,460.0,"Spain, ES",590.48.01,6044979.54205513
2026-09-13,2026-09-13T18:02:35.103981+00:00,2026-09-13-1000,37930666,16571,87485,,RTX 3090,3090-pcie-24gb,3090,PCIe,2,0.16666666666666666,0.6985185185185185,0.64,0.34925925925925927,False,0.46666666666666673,9.333333333333334,12.0,0.014444444444444446,84.77050134577861,121.35755760000119,71.540736,131.97851388318762,verified,0.9980017,False,False,0,True,6004.4,3871.1,False,350.0,805.1,860,0.0,4.0,256,85962,5817.325225703665,230.0,"Spain, ES",590.48.01,6044979.54205513
2026-09-13,2026-09-13T18:02:35.103981+00:00,2026-09-13-1000,37930663,16571,87485,,RTX 3090,3090-pcie-24gb,3090,PCIe,1,0.08333333333333333,0.35185185185185186,0.32,0.35185185185185186,False,0.46666666666666673,9.333333333333334,12.0,0.014444444444444446,42.856902061749146,121.80382691233967,35.770368,125.49511335877177,verified,0.9980017,False,False,0,True,6004.4,3871.1,False,350.0,805.6,860,0.0,4.0,256,42981,5817.325225703665,115.0,"Spain, ES",590.48.01,6044979.54205513
2026-09-13,2026-09-13T18:02:35.103981+00:00,2026-09-13-1000,46910768,37076,70221,,RTX 3090,3090-pcie-24gb,3090,PCIe,4,1.0,1.484888888888889,0.6933333333333334,0.37122222222222223,False,0.19999999999999998,20.0,20.0,0.015444444444444446,162.94202128105627,109.7334773667694,141.06624,106.51450577696477,verified,0.9987716,False,False,0,False,2141.7,1803.8,False,420.0,805.7,860,0.0,4.0,128,515589,2071.0,5707.0,"Quebec, CA",580.95.05,4157885.9223940372
2026-09-13,2026-09-13T18:02:35.103981+00:00,2026-09-13-1000,46618462,46769,88910,,RTX 3090,3090-pcie-24gb,3090,PCIe,4,1.0,1.6019259259259258,0.96,0.40048148148148144,False,0.17333333333333334,6.666666666666667,6.666666666666667,0.016666666666666666,152.3171787619506,95.08378402322822,141.06624,80.73648383137306,verified,0.9981762,False,False,0,False,839.3,822.1,True,350.0,804.7,860,0.0,4.0,256,1031827,4188.0,6048.2,"Norway, NO",580.95.05,12264398.922394037
2026-09-13,2026-09-13T18:02:35.103981+00:00,2026-09-13-1000,46618465,46769,88910,,RTX 3090,3090-pcie-24gb,3090,PCIe,2,0.5,0.8019259259259258,0.48,0.4009629629629629,False,0.17333333333333334,6.666666666666667,6.666666666666667,0.016666666666666666,87.40591966056576,108.9950041952372,70.53312,90.35094620882428,verified,0.9981762,False,False,0,False,839.3,822.1,True,350.0,803.9,860,0.0,4.0,256,515913,4188.0,3024.1,"Norway, NO",580.95.05,12264398.922394037
2026-09-13,2026-09-13T18:02:35.103981+00:00,2026-09-13-1000,46618463,46769,88910,,RTX 3090,3090-pcie-24gb,3090,PCIe,1,0.25,0.4019259259259259,0.24,0.4019259259259259,False,0.17333333333333334,6.666666666666667,6.666666666666667,0.016666666666666666,44.33441537199424,110.30494056799157,35.26656,90.65422645650874,verified,0.9981762,False,False,0,False,839.3,822.1,True,350.0,803.1,860,0.0,4.0,256,257956,4188.0,1512.05,"Norway, NO",580.95.05,12264398.922394037
2026-09-13,2026-09-13T18:02:35.103981+00:00,2026-09-13-1000,50421108,57333,373506,,RTX 3090,3090-pcie-24gb,3090,PCIe,1,1.0,0.4022222222222222,0.3866667,0.4022222222222222,False,0.19999999999999998,0.013333333333333334,0.013333333333333334,0.016666666666666666,44.2681248756725,110.05887400029074,35.26656,57.58236834656055,unverified,0.9886368,False,False,0,False,281.2,40.3,False,320.0,798.1,860,0.0,4.0,256,515740,6625.0,697.9,"Germany, DE",580.173.02,12103520.922394037
2026-09-13,2026-09-13T18:02:35.103981+00:00,2026-09-13-1000,36668285,108303,510080,,RTX 3090,3090-pcie-24gb,3090,PCIe,1,1.0,0.46848888888888895,0.32639999999999997,0.46848888888888895,False,0.20000000000000004,2.6666666666666665,4.0,0.01942777777777778,44.82687892645887,95.68397456079352,35.770368,86.09999771527615,deverified,0.9980913,False,False,0,False,854.3,1020.0,True,390.0,804.0,860,0.0,4.0,12,128653,5899.206919233746,1392.9,"Japan, JP",580.159.03,5057574.922394037
2026-09-13,2026-09-13T18:02:35.103981+00:00,2026-09-13-1000,49489199,12841,3497,,RTX 3090,3090-pcie-24gb,3090,PCIe,8,1.0,3.9069629629629623,1.0666666666666667,0.4883703703703703,False,0.2666666666666666,12.0,12.0,0.02033333333333333,273.8504482621228,70.09292149891284,282.13248,77.61594221143606,verified,0.9931535,False,False,1,False,8063.3,3864.7,False,350.0,805.1,860,0.0,4.0,96,257655,2121.0,1891.5,"Czechia, CZ",580.95.05,14476631.922394037
2026-09-13,2026-09-13T18:02:35.103981+00:00,2026-09-13-1000,18811406,8966,3497,,RTX 3090,3090-pcie-24gb,3090,PCIe,6,1.0,3.081481481481481,3.0780000000000003,0.5135802469135802,False,0.1333333333333333,12.287999999999998,12.287999999999998,0.021388888888888888,187.98515948607837,61.004799352453325,211.59936,40.406973506491234,verified,0.951904,False,False,1,True,1645.5,1605.1,False,300.0,805.8,860,0.0,3.0,32,257550,3437.0,929.0,"Czechia, CZ",595.80,9435440.922394037
2026-09-13,2026-09-13T18:02:35.103981+00:00,2026-09-13-1000,27186267,45773,3497,,RTX 3090,3090-pcie-24gb,3090,PCIe,2,0.5,1.028148148148148,0.2666667,0.514074074074074,False,0.1333333333333333,12.287999999999998,12.287999999999998,0.021388888888888888,88.73203554942235,86.30277232832866,70.53312,55.292752077356326,verified,0.9205823,False,False,1,False,5523.6,1901.2,True,225.0,805.5,860,0.0,4.0,96,128790,2037.3019396111226,676.0,"Czechia, CZ",580.95.05,1490240.9223940372
2026-09-13,2026-09-13T18:02:35.103981+00:00,2026-09-13-1000,18811405,8966,3497,,RTX 3090,3090-pcie-24gb,3090,PCIe,2,0.3333333333333333,1.028148148148148,0.494,0.514074074074074,False,0.1333333333333333,12.287999999999998,12.287999999999998,0.021388888888888888,83.62878237187724,81.33923357495266,70.53312,54.28267781435076,verified,0.951904,False,False,1,True,1645.5,1605.1,False,300.0,805.6,860,0.0,3.0,32,85850,3437.0,309.66666666666663,"Czechia, CZ",595.80,9435440.922394037
2026-09-13,2026-09-13T18:02:35.103981+00:00,2026-09-13-1000,28316641,48606,3497,,RTX 3090,3090-pcie-24gb,3090,PCIe,1,0.25,0.5148148148148148,0.26666666666666666,0.5148148148148148,False,0.1333333333333333,12.287999999999998,12.287999999999998,0.021388888888888888,44.362075122503484,86.17093728831611,35.26656,82.08480574946084,verified,0.9993833,False,False,1,True,1948.6,1771.1,True,350.0,805.2,860,0.0,3.0,32,64388,1885.0,633.5,"Czechia, CZ",580.105.08,9435440.922394037
2026-09-13,2026-09-13T18:02:35.103981+00:00,2026-09-13-1000,18811408,8966,3497,,RTX 3090,3090-pcie-24gb,3090,PCIe,1,0.16666666666666666,0.5148148148148148,0.513,0.5148148148148148,False,0.1333333333333333,12.287999999999998,12.287999999999998,0.021388888888888888,44.36733150764498,86.18114753283557,35.26656,57.74654241728889,verified,0.951904,False,False,1,True,1645.5,1605.1,False,300.0,805.6,860,0.0,3.0,32,42925,3437.0,154.83333333333331,"Czechia, CZ",595.80,9435440.922394037
2026-09-13,2026-09-13T18:02:35.103981+00:00,2026-09-13-1000,30293575,42830,3497,,RTX 3090,3090-pcie-24gb,3090,PCIe,8,1.0,4.513481481481481,1.066667,0.5641851851851851,False,0.1333333333333333,12.287999999999998,12.287999999999998,0.023499999999999997,266.63011288319166,59.07415682930296,282.13248,63.4980025455857,verified,0.9904374,False,False,1,True,7646.6,2260.1,False,350.0,805.3,860,0.0,4.0,48,257668,2499.0,1474.8000000000013,"Czechia, CZ",580.119.02,1490240.9223940372
2026-09-13,2026-09-13T18:02:35.103981+00:00,2026-09-13-1000,48782878,15440,3497,,RTX 3090,3090-pcie-24gb,3090,PCIe,8,1.0,4.513481481481481,1.066667,0.5641851851851851,False,0.1333333333333333,0.0,0.0,0.023499999999999997,272.11830533471186,60.2901122894146,282.13248,63.448430558690404,verified,0.9936548,False,False,1,False,7810.0,3083.6,False,300.0,805.4,860,0.0,4.0,96,257655,2065.0,2561.801430188024,"Czechia, CZ",595.58.03,1490240.9223940372
2026-09-13,2026-09-13T18:02:35.103981+00:00,2026-09-13-1000,46872557,26840,3497,,RTX 3090,3090-pcie-24gb,3090,PCIe,8,1.0,4.514222222222222,4.512,0.5642777777777778,False,0.20000000000000004,12.0,12.0,0.023499999999999997,279.8195853846553,61.98622301028595,282.13248,54.9084863097167,deverified,0.9974504,False,False,1,True,846.5,875.7,False,350.0,804.4,860,0.0,4.0,128,257761,4074.1000000000004,2203.0,"Czechia, CZ",595.84,4165091.9223940372
2026-09-13,2026-09-13T18:02:35.103981+00:00,2026-09-13-1000,30717209,11877,3497,,RTX 3090,3090-pcie-24gb,3090,PCIe,5,1.0,2.8214814814814813,1.955,0.5642962962962963,False,0.1333333333333333,12.287999999999998,12.287999999999998,0.0235,167.78653828272826,59.46753128949414,176.3328,47.17291095732204,verified,0.983609,False,False,1,False,862.8,933.7,False,350.0,805.1,860,0.0,3.0,96,128748,3176.0,4343.0,"Czechia, CZ",595.80,9435440.922394037
2026-09-13,2026-09-13T18:02:35.103981+00:00,2026-09-13-1000,20130143,37216,3497,,RTX 3090,3090-pcie-24gb,3090,PCIe,4,1.0,2.257481481481481,0.32,0.5643703703703703,False,0.1333333333333333,12.287999999999998,12.287999999999998,0.023499999999999997,153.31489441989203,67.91413160088406,141.06624,71.93328950101497,verified,0.9982034,False,False,1,False,5801.6,2538.0,False,350.0,805.7,860,0.0,4.0,24,128747,2538.0,599.2014301880236,"Czechia, CZ",595.84,1490240.9223940372
2026-09-13,2026-09-13T18:02:35.103981+00:00,2026-09-13-1000,30293574,42830,3497,,RTX 3090,3090-pcie-24gb,3090,PCIe,4,0.5,2.257481481481481,0.5333333,0.5643703703703703,False,0.1333333333333333,12.287999999999998,12.287999999999998,0.023499999999999997,156.06497086256508,69.132337138884,141.06624,71.68955981706932,verified,0.9904374,False,False,1,True,7646.6,2260.1,False,350.0,805.1,860,0.0,4.0,48,128834,2499.0,737.4000000000007,"Czechia, CZ",580.119.02,1490240.9223940372
2026-09-13,2026-09-13T18:02:35.103981+00:00,2026-09-13-1000,20375217,34330,3497,,RTX 3090,3090-pcie-24gb,3090,PCIe,4,1.0,2.257481481481481,2.256,0.5643703703703703,False,0.1333333333333333,12.287999999999998,12.287999999999998,0.023499999999999997,144.12192728963493,63.84190899101167,141.06624,59.74990468333032,verified,0.9823366,False,False,1,False,6866.5,2659.0,False,300.0,805.3,860,0.0,4.0,48,128741,782.0,1212.0,"Czechia, CZ",580.142,1490240.9223940372
2026-09-13,2026-09-13T18:02:35.103981+00:00,2026-09-13-1000,30717204,11877,3497,,RTX 3090,3090-pcie-24gb,3090,PCIe,4,0.8,2.257481481481481,1.564,0.5643703703703703,False,0.1333333333333333,12.287999999999998,12.287999999999998,0.023499999999999997,144.83034904962125,64.15571965382226,141.06624,47.99879032276488,verified,0.983609,False,False,1,False,862.8,933.7,False,350.0,804.2,860,0.0,3.0,96,102998,3176.0,3474.4,"Czechia, CZ",595.80,9435440.922394037
2026-09-13,2026-09-13T18:02:35.103981+00:00,2026-09-13-1000,46872547,26840,3497,,RTX 3090,3090-pcie-24gb,3090,PCIe,4,0.5,2.258222222222222,1.068,0.5645555555555555,False,0.20000000000000004,12.0,12.0,0.023499999999999997,161.74479960879228,71.62483745715069,141.06624,61.91116412782838,deverified,0.9974504,False,False,1,True,846.5,875.7,False,350.0,804.4,860,0.0,4.0,128,128880,4074.1000000000004,1101.5,"Czechia, CZ",595.84,4165091.9223940372
2026-09-13,2026-09-13T18:02:35.103981+00:00,2026-09-13-1000,48782865,15440,3497,,RTX 3090,3090-pcie-24gb,3090,PCIe,2,0.25,1.1294814814814813,0.2666667,0.5647407407407407,False,0.1333333333333333,0.0,0.0,0.023499999999999997,88.7267791644158,78.55531995800193,70.53312,89.82729299461647,verified,0.9936548,False,False,1,False,7810.0,3083.6,False,350.0,805.3,860,0.0,4.0,96,64413,2065.0,640.450357547006,"Czechia, CZ",595.58.03,1490240.9223940372
2026-09-13,2026-09-13T18:02:35.103981+00:00,2026-09-13-1000,30293567,42830,3497,,RTX 3090,3090-pcie-24gb,3090,PCIe,2,0.25,1.1294814814814813,0.2666667,0.5647407407407407,False,0.1333333333333333,12.287999999999998,12.287999999999998,0.023499999999999997,87.5663412711604,77.52791232690619,70.53312,75.05695419059404,verified,0.9904374,False,False,1,True,7646.6,2260.1,False,350.0,805.2,860,0.0,4.0,48,64417,2499.0,368.70000000000033,"Czechia, CZ",580.119.02,1490240.9223940372
2026-09-13,2026-09-13T18:02:35.103981+00:00,2026-09-13-1000,20375220,34330,3497,,RTX 3090,3090-pcie-24gb,3090,PCIe,2,0.5,1.1294814814814813,0.53,0.5647407407407407,False,0.1333333333333333,12.287999999999998,12.287999999999998,0.023499999999999997,88.71362971818326,78.54367793779342,70.53312,72.48224853767005,verified,0.9823366,False,False,1,False,6866.5,2659.0,False,350.0,804.8,860,0.0,4.0,48,64370,782.0,606.0,"Czechia, CZ",580.142,1490240.9223940372
2026-09-13,2026-09-13T18:02:35.103981+00:00,2026-09-13-1000,33877202,42715,3497,,RTX 3090,3090-pcie-24gb,3090,PCIe,2,0.4,1.1294814814814813,0.944,0.5647407407407407,False,0.1333333333333333,12.287999999999998,12.287999999999998,0.023499999999999997,83.85101046358241,74.23849955786744,70.53312,60.781052342995125,verified,0.9775284,False,False,1,False,3102.1,1877.7,False,350.0,805.5,860,0.0,3.0,32,103023,1673.0,208.8,"Czechia, CZ",580.119.02,9435440.922394037
2026-09-13,2026-09-13T18:02:35.103981+00:00,2026-09-13-1000,46872549,26840,3497,,RTX 3090,3090-pcie-24gb,3090,PCIe,2,0.25,1.130222222222222,0.534,0.565111111111111,False,0.20000000000000004,12.0,12.0,0.023499999999999997,87.0999960975468,77.06448730612676,70.53312,62.80133116763622,deverified,0.9974504,False,False,1,True,846.5,875.7,False,350.0,804.3,860,0.0,4.0,128,64440,4074.1000000000004,550.75,"Czechia, CZ",595.84,4165091.9223940372
2026-09-13,2026-09-13T18:02:35.103981+00:00,2026-09-13-1000,48782874,15440,3497,,RTX 3090,3090-pcie-24gb,3090,PCIe,1,0.125,0.5654814814814815,0.1333333,0.5654814814814815,False,0.1333333333333333,0.0,0.0,0.023499999999999997,44.36864499845682,78.46171174733654,35.26656,85.32776002888565,verified,0.9936548,False,False,1,False,7810.0,3083.6,False,350.0,805.7,860,0.0,4.0,96,32206,2065.0,320.225178773503,"Czechia, CZ",595.58.03,1490240.9223940372
2026-09-13,2026-09-13T18:02:35.103981+00:00,2026-09-13-1000,20130142,37216,3497,,RTX 3090,3090-pcie-24gb,3090,PCIe,1,0.25,0.5654814814814815,0.08,0.5654814814814815,False,0.1333333333333333,12.287999999999998,12.287999999999998,0.023499999999999997,44.258773212227524,78.26741398546916,35.26656,81.51613897894136,verified,0.9982034,False,False,1,False,5801.6,2538.0,False,350.0,805.4,860,0.0,4.0,24,32186,2538.0,149.8003575470059,"Czechia, CZ",595.84,1490240.9223940372
2026-09-13,2026-09-13T18:02:35.103981+00:00,2026-09-13-1000,30293562,42830,3497,,RTX 3090,3090-pcie-24gb,3090,PCIe,1,0.125,0.5654814814814815,0.1333333,0.5654814814814815,False,0.1333333333333333,12.287999999999998,12.287999999999998,0.023499999999999997,44.362075122503484,78.45009354909575,35.26656,76.88888422944827,verified,0.9904374,False,False,1,True,7646.6,2260.1,False,350.0,805.2,860,0.0,4.0,48,32208,2499.0,184.35000000000016,"Czechia, CZ",580.119.02,1490240.9223940372
2026-09-13,2026-09-13T18:02:35.103981+00:00,2026-09-13-1000,46872546,26840,3497,,RTX 3090,3090-pcie-24gb,3090,PCIe,1,0.125,0.5662222222222222,0.267,0.5662222222222222,False,0.20000000000000004,12.0,12.0,0.023499999999999997,44.325171592292556,78.28228891888403,35.26656,68.4764549937048,deverified,0.9974504,False,False,1,True,846.5,875.7,False,350.0,802.4,860,0.0,4.0,128,32220,4074.1000000000004,275.375,"Czechia, CZ",595.84,4165091.9223940372
2026-09-13,2026-09-13T18:02:35.103981+00:00,2026-09-13-1000,19448806,4282,23445,,RTX 3090,3090-pcie-24gb,3090,PCIe,1,1.0,0.6688888888888889,0.147,0.6688888888888889,False,0.19999999999999998,9.333333333333334,9.333333333333334,0.027777777777777776,44.36733150764498,66.32989760279149,35.26656,47.64549982340482,deverified,0.9949092,True,False,0,False,893.4,212.4,False,300.0,805.6,860,0.0,3.0,16,32032,1446.0,161.0,"British Columbia, CA",580.82.09,11174575.54205513
2026-09-13,2026-09-13T18:02:35.103981+00:00,2026-09-13-1000,50919119,27657,80344,,RTX 3090,3090-pcie-24gb,3090,PCIe,6,1.0,8.00222222222222,8.0,1.3337037037037034,False,0.20000000000000004,53.333333333333336,53.333333333333336,0.05555555555555555,230.02984053321282,28.74574513744676,211.59936,15.734660792664812,verified,0.9432233,False,False,0,True,834.6,556.7,False,350.0,802.4,860,0.0,4.0,96,1031912,1893.0,2693.0,"Oman, OM",580.126.09,15486691.922394037
2026-09-13,2026-09-13T18:02:35.103981+00:00,2026-09-13-1000,50919116,27657,80344,,RTX 3090,3090-pcie-24gb,3090,PCIe,4,0.6666666666666666,5.335555555555556,5.333333333333333,1.333888888888889,False,0.20000000000000004,53.333333333333336,53.333333333333336,0.05555555555555555,163.4886108049766,30.64134729789232,141.06624,17.001677577272407,verified,0.9432233,False,False,0,True,834.6,556.7,False,350.0,802.4,860,0.0,4.0,96,687941,1893.0,1795.3333333333333,"Oman, OM",580.126.09,15486691.922394037
2026-09-13,2026-09-13T18:02:35.103981+00:00,2026-09-13-1000,50919890,34802,80344,,RTX 3090,3090-pcie-24gb,3090,PCIe,1,0.5,1.3355555555555554,1.3333333333333333,1.3355555555555554,False,0.20000000000000004,53.333333333333336,53.333333333333336,0.05555555555555555,44.35681485909163,33.212257382015366,35.26656,25.460489673563835,deverified,0.9971237,True,False,0,False,808.2,555.3,False,350.0,804.8,860,0.0,4.0,48,63820,2343.2,404.1,"Oman, OM",590.48.01,9436000.922394037
2026-09-13,2026-09-13T18:02:35.103981+00:00,2026-09-13-1000,50914269,39230,79466,,RTX 3090,3090-pcie-24gb,3090,PCIe,1,1.0,1.5348148148148146,0.3333333333333333,1.5348148148148146,False,0.1333333333333333,4.0,4.0,0.06944444444444445,44.89423629963056,29.250588322635746,35.518464,31.544155813746535,verified,0.997215,True,False,0,True,4240.7,2436.7,False,370.0,805.3,860,0.0,4.0,256,128670,6191.0,3341.6,"Quebec, CA",580.95.05,15633994.922394037
