geolocation,n_offers,median_per_gpu_dph
", US",19,8.158991228070176
"Japan, JP",8,10.772540204678364
"France, FR",5,6.5796052631578945
", CA",4,6.079632675438594
"Saudi Arabia, SA",4,9.08077485380117
"Czechia, CZ",2,39.49791666666666
"Iceland, IS",2,4.34265350877193
"Italy, IT",2,5.921692251461987
"Georgia, US",1,1.3172514619883042
