geolocation,n_offers,median_per_gpu_dph
"Japan, JP",20,3.483333333333333
", US",19,5.147555555555554
"Czechia, CZ",9,4.536
"The Netherlands, NL",7,4.401111111111111
"Taiwan, TW",5,2.4115555555555552
"Washington, US",5,3.468888888888889
"France, FR",4,4.280586419753087
"India, IN",4,5.766851851851852
", RU",2,2.0027777777777773
"Idaho, US",2,2.002222222222222
"Malaysia, MY",2,10.679259259259258
"Slovenia, SI",2,2.3335185185185185
