geolocation,n_offers,median_per_gpu_dph
", US",26,6.968817204301075
"Sweden, SE",9,8.5168458781362
"Japan, JP",8,5.43010752688172
"Oregon, US",4,12.4921146953405
"Iceland, IS",3,5.806989247311828
"Washington, US",3,7.743010752688171
"Czechia, CZ",2,23.24956989247312
"Italy, IT",1,6.4521505376344095
"Michigan, US",1,3.7433691756272403
"Texas, US",1,29.95268817204301
