geolocation,n_offers,median_per_gpu_dph
", US",16,8.422149122807017
"Saudi Arabia, SA",10,12.041301169590644
"Japan, JP",8,11.129119152046785
", CA",3,8.264254385964911
"France, FR",3,3.684484649122806
"Italy, IT",3,7.632309941520467
"Czechia, CZ",2,39.49791666666666
"Iceland, IS",2,8.322916666666664
