geolocation,n_offers,median_per_gpu_dph
", US",18,8.290570175438596
"Japan, JP",8,9.604119152046783
", CA",5,8.106359649122805
"France, FR",5,6.5796052631578945
"Czechia, CZ",4,11.450548245614035
"Saudi Arabia, SA",4,9.08077485380117
"Iceland, IS",2,4.046600877192983
"Italy, IT",2,6.480902777777777
