geolocation,n_offers,median_per_gpu_dph
", US",18,1.1009259259259259
"Japan, JP",13,0.934074074074074
"Taiwan, TW",10,1.6009259259259259
"Texas, US",6,1.228148148148148
"Slovenia, SI",4,2.4027777777777777
"Finland, FI",3,4.007407407407407
"Quebec, CA",3,0.9616666666666667
"Türkiye, TR",3,1.0674074074074074
"Brazil, BR",2,0.6009259259259259
"California, US",1,0.6288888888888888
"Spain, ES",1,0.6674074074074073
