geolocation,n_offers,median_per_gpu_dph
", US",16,7.764254385964913
"Japan, JP",6,8.863329678362573
"France, FR",5,3.9480135823429543
"Germany, DE",4,8.488669590643275
"Saudi Arabia, SA",4,9.633406432748536
"Sweden, SE",4,11.251827485380119
"Czechia, CZ",3,9.47390350877193
"Italy, IT",3,3.0926535087719293
", CA",2,8.554961622807017
"Iceland, IS",2,3.0597587719298245
"New Jersey, US",1,1.3172514619883042
