geolocation,n_offers,median_per_gpu_dph
", US",15,0.8571851851851853
"Japan, JP",14,0.567037037037037
"Texas, US",9,1.2555555555555553
"Taiwan, TW",7,2.6696296296296294
"Slovenia, SI",4,2.4027777777777777
"Quebec, CA",3,0.9616666666666667
"Brazil, BR",2,0.6009259259259259
"Finland, FI",2,2.1039351851851853
"California, US",1,0.6288888888888888
"Spain, ES",1,0.6677777777777777
"Sweden, SE",1,0.5337777777777778
"Türkiye, TR",1,0.5335185185185185
