geolocation,n_offers,median_per_gpu_dph
"Japan, JP",15,3.737777777777777
", US",13,5.41362962962963
"Washington, US",10,3.468888888888889
"Czechia, CZ",9,4.802666666666666
"India, IN",8,5.763796296296297
"The Netherlands, NL",7,4.401111111111111
"France, FR",4,4.280586419753087
"Taiwan, TW",4,2.6032222222222225
"Idaho, US",3,2.002222222222222
"Montana, US",3,3.211111111111111
"Slovenia, SI",2,2.3335185185185185
"Germany, DE",1,3.000277777777778
"Malaysia, MY",1,4.801111111111111
