geolocation,n_offers,median_per_gpu_dph
"Alabama, US",31,10.000694444444445
"Japan, JP",19,9.501041666666666
"Ohio, US",12,13.755555555555556
", US",8,7.002430555555556
"Oregon, US",6,11.815104166666664
"United Kingdom, GB",4,16.127604166666664
"Maryland, US",3,9.701041666666667
"Australia, AU",2,5.6267361111111125
"Netherlands, NL",2,17.199305555555554
"Slovenia, SI",2,4.1252170138888875
"Virginia, US",1,5.888888888888888
