geolocation,n_offers,median_per_gpu_dph
"Japan, JP",15,0.6003703703703703
", US",14,0.8571851851851853
"Taiwan, TW",7,2.6696296296296294
"Texas, US",6,1.148148148148148
"Slovenia, SI",4,2.4027777777777777
"Quebec, CA",3,0.9616666666666667
"Brazil, BR",2,0.6009259259259259
"California, US",1,0.6288888888888888
"Finland, FI",1,1.0004629629629629
"India, IN",1,2.442222222222222
"Spain, ES",1,0.6677777777777777
"Sweden, SE",1,0.5337777777777778
"Türkiye, TR",1,0.5335185185185185
