geolocation,n_offers,median_per_gpu_dph
", US",9,2.137037037037037
"Virginia, US",9,1.1214814814814815
"Taiwan, TW",8,1.7227777777777777
"Japan, JP",7,0.934074074074074
"Finland, FI",5,2.4074074074074074
"Texas, US",5,0.8007407407407406
"Slovenia, SI",4,2.202777777777778
"Quebec, CA",3,0.9816666666666666
"Spain, ES",3,0.6011111111111112
"Ohio, US",2,0.5182222222222223
"Türkiye, TR",2,1.3349074074074072
"California, US",1,0.6288888888888888
"Sweden, SE",1,0.45362962962962966
