geolocation,n_offers,median_per_gpu_dph
"Japan, JP",14,0.7672222222222221
", US",12,0.962388888888889
"Taiwan, TW",7,3.2029629629629626
"Slovenia, SI",4,2.4027777777777777
"Türkiye, TR",4,1.6018518518518516
"Quebec, CA",3,0.9616666666666667
"Texas, US",3,0.8007407407407406
"Brazil, BR",2,0.6027777777777777
"California, US",1,0.6288888888888888
"Finland, FI",1,0.8004629629629629
"Spain, ES",1,0.6677777777777777
"Sweden, SE",1,0.5337777777777778
