geolocation,n_offers,median_per_gpu_dph
"Alabama, US",37,11.878472222222221
"Virginia, US",21,8.17986111111111
"Oregon, US",7,17.154166666666665
"Maryland, US",4,12.340104166666666
"Ohio, US",4,14.974652777777777
"Slovenia, SI",2,4.375217013888889
", US",1,5.000260416666666
