geolocation,n_offers,median_per_gpu_dph
", US",15,7.637061403508771
"Japan, JP",8,10.37122441520468
", CA",5,7.106359649122807
"France, FR",5,6.5796052631578945
"Czechia, CZ",4,23.691337719298243
"Saudi Arabia, SA",4,7.9360380116959055
"Iceland, IS",2,3.7505482456140355
"Italy, IT",2,5.6256396198830405
