geolocation,n_offers,median_per_gpu_dph
", US",13,6.710752688172043
"California, US",10,7.033333333333332
"Sweden, SE",8,8.5168458781362
"Japan, JP",7,13.452843010752689
"Washington, US",5,7.743010752688171
"Czechia, CZ",4,13.94247311827957
"Oregon, US",4,12.582437275985662
"Iceland, IS",2,4.258602150537635
"Italy, IT",2,4.484408602150538
"Texas, US",2,19.36397849462365
"Michigan, US",1,3.549820788530466
