geolocation,n_offers,median_per_gpu_dph
", US",20,6.775268817204301
"Japan, JP",8,11.281797849462366
"Sweden, SE",8,8.5168458781362
"California, US",6,10.067204301075268
"Oregon, US",5,8.362007168458781
"Czechia, CZ",3,18.59182795698925
"Iceland, IS",3,4.6456989247311835
"Italy, IT",1,4.903763440860215
"Michigan, US",1,3.7433691756272403
