geolocation,n_offers,median_per_gpu_dph
", US",18,4.744055555555555
"Japan, JP",18,3.677722222222222
"Washington, US",10,3.468888888888889
"Czechia, CZ",8,4.735074074074074
"The Netherlands, NL",7,4.401111111111111
"Taiwan, TW",6,2.603222222222222
"France, FR",4,4.280586419753087
"India, IN",4,5.767870370370371
"Malaysia, MY",3,8.539259259259259
"Montana, US",3,2.090222222222222
"Slovenia, SI",2,2.3335185185185185
"Thailand, TH",1,3.575555555555556
"Virginia, US",1,1.788888888888889
