geolocation,n_offers,median_per_gpu_dph
"Poland, PL",7,0.7016666666666667
"Vietnam, VN",7,0.6827777777777778
"Finland, FI",4,1.7255555555555557
"New York, US",1,0.5474074074074073
