geolocation,n_offers,median_per_gpu_dph
"Alabama, US",34,9.125694444444445
"Japan, JP",16,7.500312500000001
"Oregon, US",9,14.254166666666666
", US",6,9.875868055555555
"Ohio, US",5,5.863888888888888
"United Kingdom, GB",4,16.127604166666664
"Maryland, US",3,9.701041666666667
"California, US",2,5.345920138888889
"Virginia, US",2,9.195138888888888
"Netherlands, NL",1,5.863888888888888
"Slovenia, SI",1,4.12517361111111
