geolocation,n_offers,median_per_gpu_dph
", US",13,8.158991228070176
"Germany, DE",8,8.488669590643275
"Japan, JP",6,8.863329678362573
"France, FR",5,3.9480135823429543
"Czechia, CZ",4,23.691337719298243
"Saudi Arabia, SA",4,9.633406432748536
"Sweden, SE",4,11.251827485380119
", CA",2,10.52905701754386
"Iceland, IS",2,3.2242324561403506
"Italy, IT",2,3.0926535087719293
"Oregon, US",2,17.769097222222218
"Kansas, US",1,4.353216374269006
