geolocation,n_offers,median_per_gpu_dph
"Japan, JP",16,0.934074074074074
", US",15,1.200925925925926
"Taiwan, TW",10,2.135185185185185
"Texas, US",5,1.2007407407407407
"Slovenia, SI",4,2.4027777777777777
"Finland, FI",3,3.2074074074074073
"Quebec, CA",3,0.9616666666666667
"Türkiye, TR",3,1.0674074074074074
"Brazil, BR",2,0.6009259259259259
"South Korea, KR",1,1.551111111111111
"Spain, ES",1,0.6674074074074073
"Sweden, SE",1,0.5336296296296297
