geolocation,n_offers,median_per_gpu_dph
", US",13,8.422149122807017
"Japan, JP",11,15.577116959064329
"Saudi Arabia, SA",9,8.027046783625732
", CA",4,8.61951754385965
"Czechia, CZ",4,23.691337719298243
"Italy, IT",4,6.612481725146199
"France, FR",3,3.684484649122806
"Iceland, IS",3,9.276864035087717
"California, US",1,3.8820358187134505
