geolocation,n_offers,median_per_gpu_dph
"Alabama, US",37,11.878472222222221
"Virginia, US",17,8.154861111111108
"Oregon, US",7,17.154166666666665
"Maryland, US",4,9.302604166666665
"Ohio, US",4,14.974652777777777
", US",1,5.000260416666666
"Slovenia, SI",1,4.375260416666666
