geolocation,n_offers,median_per_gpu_dph
", US",13,8.158991228070176
"Japan, JP",6,7.095595029239766
", CA",5,8.027412280701755
"France, FR",5,6.5796052631578945
"Czechia, CZ",4,23.691337719298243
"Saudi Arabia, SA",4,9.08077485380117
"Italy, IT",3,7.632309941520467
"Georgia, US",1,1.3172514619883042
"Iceland, IS",1,4.40844298245614
