geolocation,n_offers,median_per_gpu_dph
", US",13,6.973118279569893
"California, US",8,6.646236559139784
"Japan, JP",8,11.036636559139787
"Sweden, SE",6,5.710125448028673
"Oregon, US",5,8.387813620071684
"Washington, US",5,7.743010752688171
"Czechia, CZ",2,27.8989247311828
"Iceland, IS",2,5.806989247311828
"Italy, IT",1,4.323118279569892
"Michigan, US",1,3.549820788530466
"Texas, US",1,30.984946236559136
