geolocation,n_offers,median_per_gpu_dph
"Japan, JP",21,3.737777777777777
", US",19,3.740111111111111
"Washington, US",12,3.468888888888889
"The Netherlands, NL",10,4.400925925925925
"Taiwan, TW",9,3.0006666666666666
"India, IN",8,4.056111111111111
"Czechia, CZ",7,4.536
"France, FR",4,4.280586419753087
"Montana, US",3,2.6235555555555554
"Idaho, US",2,2.002222222222222
"Malaysia, MY",2,6.803703703703704
"Slovenia, SI",2,2.3335185185185185
"Thailand, TH",2,2.6813888888888893
