geolocation,n_offers,median_per_gpu_dph
"Vietnam, VN",7,0.7027777777777777
"Poland, PL",5,0.5474074074074073
"Finland, FI",4,1.7255555555555557
"New York, US",1,0.5474074074074073
