geolocation,n_offers,median_per_gpu_dph
", US",14,8.422149122807017
"Japan, JP",8,11.948855994152046
"Saudi Arabia, SA",8,8.027046783625732
", CA",6,8.737938596491228
"Czechia, CZ",3,15.792324561403506
"France, FR",3,3.684484649122806
"Italy, IT",3,7.632309941520467
"Iceland, IS",2,8.586074561403507
