geolocation,n_offers,median_per_gpu_dph
"Alabama, US",32,10.000694444444445
"Japan, JP",21,3.6252604166666664
", US",8,7.189756944444444
"Ohio, US",8,28.771527777777777
"United Kingdom, GB",4,16.127604166666664
,4,11.251736111111112
"Australia, AU",3,7.502777777777779
"Maryland, US",2,6.450651041666667
"Netherlands, NL",2,20.63888888888889
"Oregon, US",2,5.906901041666666
"Slovenia, SI",1,4.1252604166666655
"Virginia, US",1,6.251388888888889
