geolocation,n_offers,median_per_gpu_dph
"Japan, JP",16,0.6003703703703703
", US",14,0.8571851851851853
"Taiwan, TW",6,2.135185185185185
"Texas, US",6,1.0774814814814815
"Slovenia, SI",4,2.4027777777777777
"Quebec, CA",3,0.9616666666666667
"Brazil, BR",2,0.6009259259259259
"Türkiye, TR",2,2.406018518518519
"Finland, FI",1,0.8004629629629629
"Spain, ES",1,0.6677777777777777
"Sweden, SE",1,0.5337777777777778
