geolocation,n_offers,median_per_gpu_dph
", US",21,6.710752688172043
"Japan, JP",8,11.036636559139787
"Sweden, SE",6,5.710125448028673
"Czechia, CZ",4,13.94247311827957
"Iceland, IS",3,5.806989247311828
"Washington, US",3,7.743010752688171
"Italy, IT",1,5.161827956989248
"Michigan, US",1,3.2272401433691753
