geolocation,n_offers,median_per_gpu_dph
", US",18,4.962444444444444
"Japan, JP",16,3.6016666666666666
"Czechia, CZ",8,4.469333333333333
"The Netherlands, NL",8,4.400925925925925
"Washington, US",8,3.468888888888889
"Taiwan, TW",6,2.604922647328499
"France, FR",4,4.280586419753087
"India, IN",4,5.763796296296297
"Montana, US",3,3.602222222222222
", RU",2,2.0027777777777773
"Slovenia, SI",2,2.3335185185185185
"Idaho, US",1,2.002222222222222
"Malaysia, MY",1,4.268148148148148
