geolocation,n_offers,median_per_gpu_dph
", US",14,8.290570175438596
"Japan, JP",7,12.208684210526314
"France, FR",5,6.5796052631578945
", CA",4,8.106359649122805
"Czechia, CZ",4,8.27686403508772
"Saudi Arabia, SA",4,9.08077485380117
"Italy, IT",3,4.34265350877193
"Iceland, IS",2,3.9808114035087714
