geolocation,n_offers,median_per_gpu_dph
"Virginia, US",14,9.90486111111111
"Oregon, US",10,10.190451388888889
"Ohio, US",6,10.02795138888889
", US",4,8.001866319444444
"Maryland, US",4,12.493576388888886
"Slovenia, SI",1,4.375260416666666
