geolocation,n_offers,median_per_gpu_dph
", US",13,7.501096491228071
"Japan, JP",12,7.524542397660818
"Washington, US",10,7.764254385964913
"Germany, DE",7,11.318713450292398
"Saudi Arabia, SA",7,12.845029239766081
"France, FR",5,3.9480135823429543
"Sweden, SE",5,7.500730994152048
"Czechia, CZ",4,23.691337719298243
", CA",3,7.369517543859649
"Iceland, IS",2,3.586074561403509
"Italy, IT",2,3.4543128654970756
"Malaysia, MY",1,3.6843019005847943
"Oregon, US",1,31.590643274853797
