geolocation,n_offers,median_per_gpu_dph
", US",26,6.970967741935484
"Sweden, SE",9,8.5168458781362
"Japan, JP",7,13.4528458781362
"Czechia, CZ",4,13.94247311827957
"Oregon, US",4,12.38888888888889
"Washington, US",4,12.002688172043012
"Iceland, IS",3,5.806989247311828
"Italy, IT",2,6.4521505376344095
"Michigan, US",1,3.7433691756272403
"Texas, US",1,32.01720430107527
