geolocation,n_offers,median_per_gpu_dph
", US",24,3.122361111111111
"Japan, JP",17,3.737777777777777
"Czechia, CZ",7,4.536
"India, IN",7,7.684444444444445
"Taiwan, TW",6,12.010666666666667
"The Netherlands, NL",6,6.601851851851851
"France, FR",5,3.4239506172839516
"Washington, US",5,3.468888888888889
"Montana, US",3,2.9711111111111115
"Idaho, US",2,2.002222222222222
"Slovenia, SI",2,2.3335185185185185
"Thailand, TH",2,2.6813888888888893
"Malaysia, MY",1,4.534814814814815
