geolocation,n_offers,median_per_gpu_dph
", US",21,5.867777777777778
"Japan, JP",16,3.4699999999999998
"Czechia, CZ",10,4.866962962962963
"Washington, US",10,3.468888888888889
"The Netherlands, NL",6,6.602037037037036
"France, FR",5,3.4239506172839516
"Taiwan, TW",5,2.2258185948386315
"India, IN",4,5.767870370370371
", RU",2,2.0027777777777773
"Malaysia, MY",2,3.335185185185185
"Slovenia, SI",2,2.3335185185185185
"Germany, DE",1,2.600277777777778
"Idaho, US",1,1.7355555555555555
