geolocation,n_offers,median_per_gpu_dph
"Alabama, US",36,9.000694444444445
"Japan, JP",22,2.315625
", US",6,7.189756944444444
"Virginia, US",5,7.500694444444445
"United Kingdom, GB",4,16.127604166666664
"Australia, AU",3,6.3438888888888885
"Ohio, US",3,30.022222222222226
"Maryland, US",2,6.450651041666667
"Netherlands, NL",2,17.199305555555554
"Oregon, US",2,5.906901041666666
"Slovenia, SI",1,4.1252604166666655
