geolocation,n_offers,median_per_gpu_dph
", US",18,6.710752688172043
"Japan, JP",8,11.036636559139787
"Sweden, SE",6,5.710125448028673
"Czechia, CZ",3,18.59182795698925
"California, US",2,5.226478494623656
"Iceland, IS",2,5.677956989247312
"Oregon, US",2,8.066039426523297
"Italy, IT",1,5.161827956989248
"Michigan, US",1,3.2272401433691753
