geolocation,n_offers,median_per_gpu_dph
", US",16,8.290570175438596
"Japan, JP",7,14.113959064327487
"Saudi Arabia, SA",7,7.500730994152048
"France, FR",5,6.5796052631578945
", CA",4,9.211622807017545
"Italy, IT",4,6.053271198830409
"Czechia, CZ",2,39.49791666666666
"Iceland, IS",1,4.474232456140351
