geolocation,n_offers,median_per_gpu_dph
"Alabama, US",36,8.063194444444445
"Japan, JP",16,7.251041666666666
", US",6,6.496180555555555
"Ohio, US",6,15.005555555555558
"Oregon, US",6,11.815104166666664
"Maryland, US",3,9.701041666666667
"Netherlands, NL",3,13.755555555555556
"United Kingdom, GB",3,21.504166666666663
"Australia, AU",2,5.6267361111111125
"Slovenia, SI",2,4.1252170138888875
"Virginia, US",2,9.195138888888888
