geolocation,n_offers,median_per_gpu_dph
"Vietnam, VN",6,0.5689814814814815
"Poland, PL",5,0.7016666666666667
"Finland, FI",4,1.7255555555555557
"New York, US",2,0.8218518518518518
