geolocation,n_offers,median_per_gpu_dph
"Virginia, US",9,7.126215277777778
"Ohio, US",8,14.50486111111111
", US",7,7.500260416666667
"Oregon, US",7,25.004166666666666
"Mexico, MX",5,11.250694444444445
"India, IN",3,18.75486111111111
"Maryland, US",3,31.205555555555552
"Slovenia, SI",1,4.875260416666666
