geolocation,n_offers,median_per_gpu_dph
", US",19,6.710752688172043
"Japan, JP",8,10.408249462365593
"Sweden, SE",6,5.710125448028673
"Czechia, CZ",3,18.59182795698925
"Iceland, IS",3,5.806989247311828
"California, US",2,5.226478494623656
"Oregon, US",2,8.066039426523297
"Italy, IT",1,4.903763440860215
"Michigan, US",1,3.2272401433691753
