geolocation,n_offers,median_per_gpu_dph
", US",14,6.581720430107527
"California, US",8,6.646236559139784
"Japan, JP",8,11.036636559139787
"Sweden, SE",8,7.613620071684587
"Oregon, US",5,15.486738351254479
"Washington, US",5,7.743010752688171
"Czechia, CZ",3,18.59182795698925
"Iceland, IS",2,5.806989247311828
"Italy, IT",1,3.161827956989247
"Michigan, US",1,3.549820788530466
"Texas, US",1,30.984946236559136
