geolocation,n_offers,median_per_gpu_dph
", US",10,1.7359259259259257
"Virginia, US",8,1.1214814814814815
"Taiwan, TW",7,1.1477777777777778
"Finland, FI",6,2.4074074074074074
"Japan, JP",6,0.8139814814814814
"Texas, US",6,0.948148148148148
"Slovenia, SI",4,2.202777777777778
"Ohio, US",3,0.5755555555555556
"Quebec, CA",3,0.9816666666666666
"Spain, ES",3,0.6011111111111112
"Türkiye, TR",3,1.0674074074074074
"California, US",1,0.6288888888888888
"Sweden, SE",1,0.45362962962962966
