geolocation,n_offers,median_per_gpu_dph
", US",19,7.501096491228071
"Japan, JP",9,6.902173976608187
"France, FR",5,3.9480135823429543
"Saudi Arabia, SA",4,9.633406432748536
"Sweden, SE",4,11.251827485380119
", CA",3,6.843201754385965
"Czechia, CZ",3,15.792324561403506
"Iceland, IS",2,3.355811403508772
"Italy, IT",2,3.585891812865497
"New Jersey, US",1,1.3172514619883042
