geolocation,n_offers,median_per_gpu_dph
", US",11,2.4037037037037035
"Virginia, US",10,1.1208518518518518
"Japan, JP",8,0.8139814814814814
"Taiwan, TW",8,1.7227777777777777
"Texas, US",6,1.0014814814814814
"Slovenia, SI",4,2.202777777777778
"Finland, FI",3,2.4074074074074074
"Quebec, CA",3,0.9816666666666666
"Spain, ES",3,0.6011111111111112
"Türkiye, TR",3,0.5335185185185185
"Sweden, SE",1,0.45362962962962966
