geolocation,n_offers,median_per_gpu_dph
"Virginia, US",12,10.053038194444444
"Ohio, US",7,14.50486111111111
", US",4,7.625260416666666
"Maryland, US",4,25.287152777777777
"Oregon, US",4,18.752604166666668
,3,12.501041666666667
"Mexico, MX",3,5.625173611111111
"India, IN",1,8.751215277777778
"Slovenia, SI",1,4.812673611111111
