geolocation,n_offers,median_per_gpu_dph
"Alabama, US",32,12.821180555555555
"Virginia, US",14,6.590538194444445
"Oregon, US",8,12.952617521367522
"Maryland, US",4,12.490104166666663
"Ohio, US",4,17.974652777777777
", US",1,5.000260416666666
"Slovenia, SI",1,4.375173611111111
