geolocation,n_offers,median_per_gpu_dph
", US",11,2.4037037037037035
"Taiwan, TW",11,1.1477777777777778
"Virginia, US",7,1.1214814814814815
"Japan, JP",6,0.8139814814814814
"Texas, US",6,0.948148148148148
"Finland, FI",4,1.8046296296296296
"Slovenia, SI",4,2.202777777777778
"Quebec, CA",3,0.9816666666666666
"Spain, ES",3,0.6011111111111112
"Türkiye, TR",3,0.5335185185185185
"Ohio, US",2,0.5182222222222223
"California, US",1,0.6288888888888888
"Sweden, SE",1,0.45362962962962966
