geolocation,n_offers,median_per_gpu_dph
", US",20,7.226881720430106
"Japan, JP",6,7.2014982078853045
"Sweden, SE",6,6.387544802867383
"Czechia, CZ",4,13.94247311827957
"France, FR",4,5.808064516129032
"Oregon, US",4,12.38888888888889
"Washington, US",4,11.61559139784946
"Iceland, IS",3,6.323118279569893
", CN",2,2.903897849462365
"Texas, US",2,19.36397849462365
"Italy, IT",1,6.4521505376344095
"Michigan, US",1,3.7433691756272403
