geolocation,n_offers,median_per_gpu_dph
", US",19,6.710752688172043
"Japan, JP",8,11.036636559139787
"Sweden, SE",6,5.710125448028673
"Czechia, CZ",4,13.94247311827957
"Iceland, IS",3,5.548924731182796
"Oregon, US",2,8.066039426523297
"California, US",1,3.4841397849462368
"Italy, IT",1,4.7102150537634415
"Michigan, US",1,3.2272401433691753
