geolocation,n_offers,median_per_gpu_dph
", US",11,2.4037037037037035
"Taiwan, TW",11,1.1477777777777778
"Virginia, US",9,1.1214814814814815
"Japan, JP",6,0.8139814814814814
"Texas, US",5,0.8007407407407406
"Slovenia, SI",4,2.202777777777778
"Finland, FI",3,2.4074074074074074
"Quebec, CA",3,0.9616666666666667
"Spain, ES",3,0.6011111111111112
"Türkiye, TR",2,1.3349074074074072
"California, US",1,0.6288888888888888
"Oregon, US",1,2.405925925925926
"Sweden, SE",1,0.45362962962962966
