geolocation,n_offers,median_per_gpu_dph
"Virginia, US",19,9.929861111111112
"Ohio, US",10,9.96736111111111
"Oregon, US",7,18.754166666666666
"Maryland, US",4,12.493576388888886
", US",3,5.500260416666666
"Slovenia, SI",1,4.375173611111111
