geolocation,n_offers,median_per_gpu_dph
", US",21,6.45268817204301
"Japan, JP",8,10.244378494623657
"Sweden, SE",6,5.710125448028673
"Iceland, IS",4,5.806989247311828
"Czechia, CZ",3,14.977777777777778
"Italy, IT",1,4.258602150537635
"Michigan, US",1,3.2272401433691753
"Oregon, US",1,25.817921146953402
