geolocation,n_offers,median_per_gpu_dph
"Finland, FI",4,1.7255555555555557
"Vietnam, VN",4,0.658425925925926
"New York, US",2,0.7818518518518519
"Belarus, BY",1,0.2674074074074074
