geolocation,n_offers,median_per_gpu_dph
"Alabama, US",37,10.000694444444445
"Japan, JP",22,2.8757552083333335
"Ohio, US",8,28.771527777777777
", US",6,6.377430555555556
"Virginia, US",5,7.500694444444445
"United Kingdom, GB",4,16.127604166666664
"Australia, AU",3,7.502777777777779
"Maryland, US",2,6.450651041666667
"Netherlands, NL",2,20.63888888888889
"Oregon, US",2,5.906901041666666
"Slovenia, SI",1,4.12517361111111
