geolocation,n_offers,median_per_gpu_dph
"Japan, JP",13,8.35169298245614
", US",12,8.027412280701753
"Saudi Arabia, SA",8,9.633406432748536
"Germany, DE",6,8.488669590643275
"France, FR",5,3.9480135823429543
"Sweden, SE",5,7.500730994152048
"Czechia, CZ",4,13.818969298245614
", CA",3,6.843201754385965
"Iceland, IS",2,3.158442982456141
"Italy, IT",2,3.4543128654970756
"Kansas, US",1,4.353216374269006
"Oregon, US",1,31.590643274853797
