geolocation,n_offers,median_per_gpu_dph
", US",16,6.583691756272401
"Japan, JP",8,11.036636559139787
"Sweden, SE",8,7.613620071684587
"California, US",5,6.45268817204301
"Washington, US",5,7.743010752688171
"Czechia, CZ",4,13.94247311827957
"Oregon, US",4,12.582437275985662
"Iceland, IS",2,5.548924731182796
"Italy, IT",1,4.323118279569892
"Michigan, US",1,3.549820788530466
"Texas, US",1,30.984946236559136
