geolocation,n_offers,median_per_gpu_dph
", US",16,8.422149122807017
"Japan, JP",8,11.665961257309942
"Saudi Arabia, SA",8,12.041301169590644
"France, FR",5,7.369078947368421
"Italy, IT",3,3.9479166666666656
", CA",2,6.908580043859649
"Czechia, CZ",2,39.49791666666666
"Iceland, IS",2,8.191337719298243
"California, US",1,3.94782529239766
