geolocation,n_offers,median_per_gpu_dph
"Virginia, US",15,9.90486111111111
"Maryland, US",4,12.493576388888886
"Ohio, US",4,13.887152777777779
"Slovenia, SI",1,4.375260416666666
