geolocation,n_offers,median_per_gpu_dph
"Virginia, US",15,15.004861111111113
"Ohio, US",14,14.817361111111111
"Oregon, US",7,25.004166666666666
"Mexico, MX",4,16.87673611111111
", US",3,7.251215277777777
"Maryland, US",3,31.205555555555552
"Slovenia, SI",1,4.812760416666666
