geolocation,n_offers,median_per_gpu_dph
"Virginia, US",15,14.254861111111111
"Ohio, US",12,14.817361111111111
"Oregon, US",11,20.004166666666666
"Mexico, MX",4,16.87673611111111
", US",3,7.251215277777777
"Maryland, US",3,14.980555555555558
"Slovenia, SI",1,4.812673611111111
