geolocation,n_offers,median_per_gpu_dph
", US",11,2.4037037037037035
"Virginia, US",11,1.1214814814814815
"Japan, JP",9,0.934074074074074
"Taiwan, TW",8,1.682777777777778
"Texas, US",8,1.0955555555555554
"Slovenia, SI",4,2.202777777777778
"Finland, FI",3,2.4074074074074074
"Quebec, CA",3,0.9416666666666665
"Spain, ES",2,0.5008024691358025
"Sweden, SE",1,0.45362962962962966
"Türkiye, TR",1,0.5335185185185185
