geolocation,n_offers,median_per_gpu_dph
", US",13,7.369517543859649
"Japan, JP",12,7.524542397660818
"Washington, US",10,7.830043859649122
"Germany, DE",7,11.318713450292398
"Saudi Arabia, SA",7,12.845029239766081
"France, FR",5,3.9480135823429543
"Sweden, SE",5,7.500730994152048
"Czechia, CZ",4,23.691337719298243
", CA",2,10.792214912280702
"Iceland, IS",2,3.586074561403509
"Italy, IT",2,3.4543128654970756
"Oregon, US",2,17.769097222222218
"Malaysia, MY",1,3.6843019005847943
