geolocation,n_offers,median_per_gpu_dph
", US",13,8.158991228070176
"Japan, JP",12,10.90938230994152
"France, FR",5,6.5796052631578945
", CA",4,9.211622807017545
"Czechia, CZ",4,12.030811403508771
"Italy, IT",4,5.6256396198830405
"Saudi Arabia, SA",4,11.251827485380119
"Iceland, IS",2,5.197916666666666
"Georgia, US",1,1.3172514619883042
