geolocation,n_offers,median_per_gpu_dph
", US",19,8.422149122807017
"Japan, JP",7,14.819222222222225
"Saudi Arabia, SA",7,7.500730994152048
"France, FR",5,6.5796052631578945
", CA",4,8.68530701754386
"Italy, IT",4,4.40844298245614
"Czechia, CZ",3,31.59035087719298
"Iceland, IS",2,7.895285087719298
