geolocation,n_offers,median_per_gpu_dph
"Virginia, US",16,12.254861111111111
"Ohio, US",9,13.004861111111111
"Oregon, US",7,20.004166666666666
"Maryland, US",4,15.793576388888887
", US",3,6.501215277777778
"Slovenia, SI",1,4.812673611111111
