geolocation,n_offers,median_per_gpu_dph
", US",13,6.714695340501792
"Japan, JP",10,13.698004301075269
"California, US",9,6.839784946236558
"Oregon, US",7,8.387813620071684
"Washington, US",7,7.743010752688171
"Sweden, SE",6,5.710125448028673
"Texas, US",4,11.61559139784946
"Czechia, CZ",3,18.59182795698925
"Iceland, IS",3,5.3553763440860225
"Italy, IT",2,4.7747311827956995
"Michigan, US",1,3.2272401433691753
