geolocation,n_offers,median_per_gpu_dph
", US",14,0.8571851851851853
"Japan, JP",14,0.7672222222222221
"Taiwan, TW",8,2.13537037037037
"Texas, US",6,1.1214814814814815
"Slovenia, SI",4,2.4027777777777777
"Quebec, CA",3,0.9616666666666667
"Türkiye, TR",3,1.0674074074074074
"Brazil, BR",2,0.6009259259259259
"Finland, FI",1,1.0004629629629629
"India, IN",1,2.442222222222222
"Spain, ES",1,0.6677777777777777
"Sweden, SE",1,0.5337777777777778
