geolocation,n_offers,median_per_gpu_dph
", US",16,6.45268817204301
"Japan, JP",9,7.363655913978495
"Washington, US",8,7.743010752688171
"California, US",6,6.710752688172043
"Oregon, US",6,14.196415770609317
"Sweden, SE",6,5.710125448028673
"Czechia, CZ",3,18.59182795698925
"Iceland, IS",3,5.806989247311828
"Texas, US",3,7.743010752688171
"Italy, IT",1,5.161827956989248
"Michigan, US",1,3.2272401433691753
