geolocation,n_offers,median_per_gpu_dph
", US",21,5.604444444444445
"Japan, JP",19,3.737777777777777
"Washington, US",12,3.468888888888889
"India, IN",10,4.056111111111111
"Taiwan, TW",9,3.0006666666666666
"Czechia, CZ",7,4.402666666666666
"The Netherlands, NL",6,6.601851851851851
"France, FR",5,3.4239506172839516
"Malaysia, MY",3,4.534814814814815
"Montana, US",3,2.090222222222222
"Slovenia, SI",2,2.3335185185185185
"Thailand, TH",2,2.6813888888888893
"Virginia, US",1,1.788888888888889
