geolocation,n_offers,median_per_gpu_dph
"Alabama, US",41,10.000694444444445
"Ohio, US",13,15.005555555555558
"Oregon, US",7,7.876041666666665
", US",6,7.189756944444444
"Japan, JP",5,7.251041666666666
"Maryland, US",2,6.450651041666667
"Netherlands, NL",2,18.761805555555558
"Australia, AU",1,6.240972222222222
"Slovenia, SI",1,4.1252604166666655
"Virginia, US",1,6.826388888888888
