geolocation,n_offers,median_per_gpu_dph
", US",15,8.422149122807017
"Japan, JP",12,11.230434941520468
", CA",5,7.632675438596491
"France, FR",5,6.5796052631578945
"Czechia, CZ",4,12.828179824561403
"Iceland, IS",2,3.421600877192983
"Italy, IT",2,5.7243238304093556
