geolocation,n_offers,median_per_gpu_dph
", US",14,6.710752688172043
"Japan, JP",9,8.620430107526882
"California, US",8,6.904301075268817
"Sweden, SE",8,7.613620071684587
"Oregon, US",7,8.387813620071684
"Washington, US",7,7.743010752688171
"Texas, US",4,11.61559139784946
"Czechia, CZ",3,18.59182795698925
"Iceland, IS",3,5.161827956989248
"Italy, IT",1,4.9682795698924735
"Michigan, US",1,3.2272401433691753
