geolocation,n_offers,median_per_gpu_dph
", US",18,1.1009259259259259
"Japan, JP",18,0.800648148148148
"Taiwan, TW",6,2.2687037037037037
"Texas, US",6,1.2348148148148148
"Slovenia, SI",4,2.4027777777777777
"Finland, FI",3,4.007407407407407
"Quebec, CA",3,0.9616666666666667
"Spain, ES",3,1.3362962962962963
"Türkiye, TR",3,1.0674074074074074
"Brazil, BR",2,0.6009259259259259
"South Korea, KR",1,1.551111111111111
"Sweden, SE",1,0.5336296296296297
