geolocation,n_offers,median_per_gpu_dph
"Japan, JP",15,0.6003703703703703
", US",14,0.8571851851851853
"Taiwan, TW",7,3.2029629629629626
"Texas, US",6,1.0948148148148147
"Slovenia, SI",4,2.4027777777777777
"Finland, FI",3,3.2074074074074073
"Quebec, CA",3,0.9616666666666667
"Türkiye, TR",3,1.0674074074074074
"Brazil, BR",2,0.6009259259259259
"Spain, ES",1,0.6677777777777777
"Sweden, SE",1,0.5336296296296297
