geolocation,n_offers,median_per_gpu_dph
", US",10,10.125477430555556
"Ohio, US",8,14.50486111111111
"Virginia, US",8,7.126215277777778
"Maryland, US",4,25.287152777777777
"Oregon, US",4,18.752604166666668
"Mexico, MX",3,5.625173611111111
"India, IN",1,8.751215277777778
"Slovenia, SI",1,4.812673611111111
