geolocation,n_offers,median_per_gpu_dph
", US",17,8.158991228070176
"Saudi Arabia, SA",10,12.041301169590644
"Japan, JP",7,15.55606432748538
"Iceland, IS",3,5.000548245614035
"Italy, IT",3,7.632309941520467
"Czechia, CZ",2,39.49791666666666
", CA",1,9.211622807017545
"France, FR",1,2.8976608187134505
