geolocation,n_offers,median_per_gpu_dph
", US",15,8.422149122807017
"Japan, JP",12,9.61859283625731
", CA",5,9.211622807017545
"France, FR",5,6.5796052631578945
"Saudi Arabia, SA",4,11.251827485380119
"Czechia, CZ",2,39.49791666666666
"Iceland, IS",2,6.875548245614035
"Italy, IT",2,5.7243238304093556
