geolocation,n_offers,median_per_gpu_dph
"Japan, JP",23,4.001111111111111
", US",15,5.268148148148148
"Washington, US",10,4.002222222222223
"Czechia, CZ",9,9.077333333333334
"The Netherlands, NL",7,4.5344444444444445
"France, FR",4,4.280586419753087
"India, IN",4,5.766851851851852
"Beijing, CN",3,4.667777777777778
"Idaho, US",3,2.002222222222222
"Montana, US",3,3.211111111111111
"Taiwan, TW",3,2.179111111111111
"Malaysia, MY",2,3.6006944444444446
"Slovenia, SI",1,2.3335185185185185
