geolocation,n_offers,median_per_gpu_dph
", US",26,6.839784946236559
"Sweden, SE",9,8.5168458781362
"Japan, JP",8,5.326559139784946
"Oregon, US",4,12.4921146953405
"Iceland, IS",3,6.4521505376344095
"Czechia, CZ",2,23.24956989247312
"Michigan, US",1,3.7433691756272403
"Texas, US",1,29.95268817204301
