geolocation,n_offers,median_per_gpu_dph
"Virginia, US",16,13.340451388888887
"Ohio, US",8,13.504861111111111
"Oregon, US",8,18.752604166666668
", US",6,10.627560763888889
"Mexico, MX",4,16.87673611111111
"Maryland, US",3,31.205555555555552
"India, IN",2,11.253038194444446
"Slovenia, SI",1,4.812760416666666
