geolocation,n_offers,median_per_gpu_dph
", US",15,8.158991228070176
"Japan, JP",11,12.208684210526314
", CA",5,8.106359649122805
"France, FR",5,6.5796052631578945
"Czechia, CZ",4,23.691337719298243
"Saudi Arabia, SA",4,9.08077485380117
"Italy, IT",3,4.605811403508772
"Iceland, IS",2,4.2110745614035086
