geolocation,n_offers,median_per_gpu_dph
", US",19,6.968817204301075
"Sweden, SE",9,8.5168458781362
"Japan, JP",8,10.566093189964157
"Czechia, CZ",4,13.94247311827957
"Oregon, US",4,12.440501792114695
"Washington, US",4,12.002688172043012
"Iceland, IS",3,5.548924731182796
"Texas, US",2,20.009139784946235
"Italy, IT",1,6.4521505376344095
"Michigan, US",1,3.7433691756272403
