geolocation,n_offers,median_per_gpu_dph
"Virginia, US",12,11.004861111111111
"Ohio, US",7,11.004861111111111
"Oregon, US",7,20.004166666666666
"Maryland, US",4,15.793576388888887
", US",3,5.501215277777778
"Slovenia, SI",1,4.7502604166666655
