geolocation,n_offers,median_per_gpu_dph
"Japan, JP",25,3.737777777777777
", US",13,5.173777777777778
"Washington, US",10,4.002222222222223
"Czechia, CZ",9,4.802666666666666
"The Netherlands, NL",6,6.802777777777778
"France, FR",5,3.4239506172839516
"India, IN",4,5.767870370370371
"Malaysia, MY",4,6.802777777777778
"Montana, US",3,3.211111111111111
"Beijing, CN",2,3.500694444444445
"Idaho, US",2,1.8688888888888888
"Slovenia, SI",2,2.3335185185185185
"Taiwan, TW",2,2.1135972568257757
