geolocation,n_offers,median_per_gpu_dph
"Japan, JP",26,3.8694444444444445
", US",12,4.807444444444444
"Czechia, CZ",10,4.6693333333333324
"Washington, US",10,4.002222222222223
"France, FR",4,4.280586419753087
"The Netherlands, NL",4,7.0687037037037035
"Idaho, US",3,2.002222222222222
"India, IN",3,3.8411111111111116
"Malaysia, MY",3,4.801111111111111
"Montana, US",3,3.211111111111111
"Taiwan, TW",3,2.138015615014865
"Beijing, CN",2,3.500694444444445
"Slovenia, SI",2,2.3335185185185185
