geolocation,n_offers,median_per_gpu_dph
", US",20,6.581720430107527
"Japan, JP",8,11.036636559139787
"Sweden, SE",6,5.710125448028673
"Czechia, CZ",3,18.59182795698925
"Iceland, IS",3,5.548924731182796
"California, US",2,5.226478494623656
"Italy, IT",1,4.903763440860215
"Michigan, US",1,3.2272401433691753
