geolocation,n_offers,median_per_gpu_dph
"Japan, JP",17,0.6003703703703703
", US",13,0.8571851851851853
"Taiwan, TW",7,2.6696296296296294
"Texas, US",6,1.0948148148148147
"Slovenia, SI",4,2.4027777777777777
"Quebec, CA",3,0.9616666666666667
"Türkiye, TR",3,2.136296296296296
"Brazil, BR",2,0.6009259259259259
"Finland, FI",2,2.403935185185185
"Spain, ES",1,0.6677777777777777
"Sweden, SE",1,0.5337777777777778
