geolocation,n_offers,median_per_gpu_dph
", US",14,8.422149122807017
"Japan, JP",8,9.342277046783627
"Saudi Arabia, SA",8,11.251827485380119
", CA",5,9.211622807017545
"France, FR",5,6.5796052631578945
"Czechia, CZ",3,15.779824561403508
"Italy, IT",3,7.632309941520467
"Iceland, IS",2,6.546600877192982
