geolocation,n_offers,median_per_gpu_dph
", US",15,8.422149122807017
"Japan, JP",8,9.155434941520468
", CA",5,8.106359649122805
"France, FR",5,6.5796052631578945
"Czechia, CZ",4,14.41107456140351
"Saudi Arabia, SA",4,9.08077485380117
"Iceland, IS",2,4.079495614035089
"Italy, IT",2,6.480902777777777
