geolocation,n_offers,median_per_gpu_dph
", US",16,1.1675925925925925
"Japan, JP",15,0.934074074074074
"Texas, US",9,1.2007407407407407
"Taiwan, TW",7,1.601111111111111
"Slovenia, SI",4,2.4027777777777777
"Finland, FI",3,4.007407407407407
"Quebec, CA",3,0.9416666666666665
"Türkiye, TR",3,1.0674074074074074
"Brazil, BR",2,0.6009259259259259
"Spain, ES",2,1.3396296296296295
"Sweden, SE",1,0.5336296296296297
