geolocation,n_offers,median_per_gpu_dph
", US",15,6.968817204301075
"Japan, JP",11,13.452843010752689
"Washington, US",10,7.743010752688171
"California, US",8,6.646236559139784
"Sweden, SE",6,5.710125448028673
"Oregon, US",4,12.582437275985662
"Texas, US",4,11.61559139784946
"Czechia, CZ",3,18.59182795698925
"Iceland, IS",3,5.806989247311828
"Italy, IT",1,4.903763440860215
"Michigan, US",1,3.2272401433691753
