geolocation,n_offers,median_per_gpu_dph
", US",22,4.4158333333333335
"Japan, JP",17,3.737777777777777
"The Netherlands, NL",10,4.400925925925925
"Czechia, CZ",9,4.536
"Washington, US",8,3.468888888888889
"Taiwan, TW",5,2.2591111111111113
"France, FR",4,4.280586419753087
"India, IN",4,5.763796296296297
", RU",2,2.0027777777777773
"Malaysia, MY",2,10.679259259259258
"Slovenia, SI",2,2.3335185185185185
"Germany, DE",1,2.600277777777778
"Idaho, US",1,1.7355555555555555
