geolocation,n_offers,median_per_gpu_dph
", US",14,12.500868055555557
"Virginia, US",9,6.526215277777777
"Ohio, US",8,14.50486111111111
"Mexico, MX",5,11.250694444444445
"Maryland, US",4,25.287152777777777
"Oregon, US",4,18.752604166666668
"India, IN",1,8.751215277777778
"Slovenia, SI",1,4.875260416666666
