geolocation,n_offers,median_per_gpu_dph
", US",19,7.369517543859649
"Japan, JP",7,5.528489766081871
"France, FR",5,3.9480135823429543
"Germany, DE",4,8.488669590643275
"Sweden, SE",4,11.251827485380119
", CA",3,6.843201754385965
"Saudi Arabia, SA",3,12.845029239766081
"Czechia, CZ",2,35.54947916666666
"Iceland, IS",2,3.3887061403508776
"Italy, IT",1,3.8159722222222214
