geolocation,n_offers,median_per_gpu_dph
", US",13,8.158991228070176
"Saudi Arabia, SA",9,7.8691520467836265
"Japan, JP",7,15.950801169590642
"Czechia, CZ",4,12.828179824561403
"Italy, IT",4,4.178179824561403
", CA",3,9.211622807017545
"France, FR",3,3.684484649122806
"Iceland, IS",2,8.224232456140351
