geolocation,n_offers,median_per_gpu_dph
", US",18,6.841756272401433
"California, US",8,7.097849462365591
"Sweden, SE",8,8.5168458781362
"Japan, JP",7,13.452843010752689
"Washington, US",5,7.743010752688171
"Oregon, US",4,12.582437275985662
"Czechia, CZ",3,18.59182795698925
"Iceland, IS",2,5.258602150537635
"Italy, IT",2,4.7102150537634415
"Michigan, US",1,3.549820788530466
"Texas, US",1,30.984946236559136
