geolocation,n_offers,median_per_gpu_dph
"Alabama, US",36,7.850694444444445
"Japan, JP",18,1.8781249999999998
"Ohio, US",8,13.755555555555556
", US",5,7.128472222222222
"United Kingdom, GB",4,16.127604166666664
"Virginia, US",4,10.627083333333335
"Australia, AU",3,6.240972222222222
"Maryland, US",2,6.450651041666667
"Netherlands, NL",2,17.199305555555554
"Oregon, US",2,5.906901041666666
"Slovenia, SI",1,4.12517361111111
