geolocation,n_offers,median_per_gpu_dph
", US",18,7.369517543859649
"Japan, JP",8,9.560698099415205
"Saudi Arabia, SA",8,10.225511695906432
"France, FR",5,3.9480135823429543
"Sweden, SE",4,11.251827485380119
", CA",2,8.554961622807017
"Czechia, CZ",2,35.54947916666666
"Iceland, IS",2,3.0926535087719293
"Italy, IT",2,3.4543128654970756
"New Jersey, US",1,1.3172514619883042
