geolocation,n_offers,median_per_gpu_dph
", US",15,0.8571851851851853
"Japan, JP",15,0.6003703703703703
"Taiwan, TW",7,2.6696296296296294
"Texas, US",6,1.148148148148148
"Slovenia, SI",4,2.4027777777777777
"Quebec, CA",3,0.9616666666666667
"Türkiye, TR",3,1.0674074074074074
"Brazil, BR",2,0.6027777777777777
"Finland, FI",1,0.7337962962962964
"Spain, ES",1,0.6677777777777777
"Sweden, SE",1,0.5337777777777778
"Virginia, US",1,0.40148148148148144
