geolocation,n_offers,median_per_gpu_dph
", US",24,7.097849462365591
"Sweden, SE",9,8.5168458781362
"Japan, JP",8,5.680530107526881
"Oregon, US",6,8.310394265232976
"Czechia, CZ",4,13.94247311827957
"Iceland, IS",3,5.871505376344085
"Michigan, US",1,3.7433691756272403
