geolocation,n_offers,median_per_gpu_dph
"Alabama, US",33,10.000694444444445
"Japan, JP",17,3.6252604166666664
"Ohio, US",9,27.522222222222222
", US",7,7.128472222222222
"United Kingdom, GB",4,16.127604166666664
"Australia, AU",2,5.6267361111111125
"Maryland, US",2,6.450651041666667
"Netherlands, NL",2,17.199305555555554
"Oregon, US",2,5.906901041666666
"Slovenia, SI",1,4.12517361111111
"Virginia, US",1,6.251388888888889
