geolocation,n_offers,median_per_gpu_dph
", US",15,7.369517543859649
"Japan, JP",8,8.704119152046783
"France, FR",5,3.9480135823429543
"Czechia, CZ",4,9.65844298245614
"Saudi Arabia, SA",4,9.633406432748536
"Sweden, SE",4,11.251827485380119
", CA",2,8.554961622807017
"Italy, IT",2,3.487207602339181
"Iceland, IS",1,3.618969298245614
"New Jersey, US",1,1.3172514619883042
