geolocation,n_offers,median_per_gpu_dph
", US",18,8.422149122807017
"Japan, JP",8,10.760698099415206
", CA",5,9.211622807017545
"France, FR",5,6.5796052631578945
"Saudi Arabia, SA",4,11.251827485380119
"Italy, IT",3,7.632309941520467
"Czechia, CZ",2,39.49791666666666
"Iceland, IS",2,5.362390350877192
