geolocation,n_offers,median_per_gpu_dph
"Vietnam, VN",7,0.6827777777777778
"Finland, FI",4,1.7255555555555557
"Poland, PL",4,0.5007407407407407
"New York, US",2,0.8218518518518518
