geolocation,n_offers,median_per_gpu_dph
"Taiwan, TW",11,2.2977777777777777
", US",8,2.27037037037037
"Japan, JP",8,0.8139814814814814
"Virginia, US",6,1.1208518518518518
"Finland, FI",5,2.4074074074074074
"Texas, US",5,0.8007407407407406
"Slovenia, SI",4,2.202777777777778
"Türkiye, TR",4,1.6018518518518516
"Quebec, CA",3,0.9816666666666666
"Spain, ES",3,0.6011111111111112
"Ohio, US",2,0.5182222222222223
