geolocation,n_offers,median_per_gpu_dph
", US",21,7.226881720430106
"Japan, JP",8,11.306315412186379
"Sweden, SE",6,6.387544802867383
"Czechia, CZ",4,13.94247311827957
"France, FR",4,5.808064516129032
"Oregon, US",4,12.38888888888889
"Washington, US",4,11.61559139784946
"Iceland, IS",2,7.4198924731182805
"Italy, IT",1,6.4521505376344095
"Michigan, US",1,3.872401433691756
"Texas, US",1,30.984946236559136
