geolocation,n_offers,median_per_gpu_dph
", US",14,8.158991228070176
"Japan, JP",8,11.201487573099413
"France, FR",5,6.5796052631578945
", CA",4,8.106359649122805
"Czechia, CZ",4,13.42423245614035
"Saudi Arabia, SA",4,9.08077485380117
"Iceland, IS",2,4.1123903508771935
"Italy, IT",2,6.119060672514619
