geolocation,n_offers,median_per_gpu_dph
"Taiwan, TW",12,1.7227777777777777
"Virginia, US",12,1.1208518518518518
", US",11,2.4037037037037035
"Japan, JP",7,0.934074074074074
"Texas, US",5,0.8007407407407406
"Slovenia, SI",4,2.202777777777778
"Finland, FI",3,2.4074074074074074
"Quebec, CA",3,0.9616666666666667
"Spain, ES",3,0.6011111111111112
"California, US",1,0.6288888888888888
"Türkiye, TR",1,0.5335185185185185
