geolocation,n_offers,median_per_gpu_dph
", US",27,3.7338888888888886
"Japan, JP",15,3.737777777777777
"The Netherlands, NL",11,4.400740740740741
"Washington, US",9,3.468888888888889
"Czechia, CZ",8,4.735074074074074
"India, IN",8,5.763796296296297
"France, FR",4,4.280586419753087
"Taiwan, TW",4,8.114777777777778
"Montana, US",3,2.9702222222222225
"Malaysia, MY",2,11.345925925925926
"Slovenia, SI",2,2.3335185185185185
"Thailand, TH",2,2.6813888888888893
