geolocation,n_offers,median_per_gpu_dph
", US",15,0.8571851851851853
"Japan, JP",15,0.934074074074074
"Taiwan, TW",7,1.6007407407407406
"Texas, US",6,1.0774814814814815
"Slovenia, SI",4,2.4027777777777777
"Quebec, CA",3,0.9616666666666667
"Türkiye, TR",3,1.0674074074074074
"Brazil, BR",2,0.6009259259259259
"Finland, FI",1,0.8004629629629629
"Spain, ES",1,0.6677777777777777
"Sweden, SE",1,0.5337777777777778
