geolocation,n_offers,median_per_gpu_dph
", US",19,6.839784946236558
"Japan, JP",8,10.408249462365593
"Sweden, SE",6,5.710125448028673
"Czechia, CZ",4,13.94247311827957
"Iceland, IS",2,5.548924731182796
"California, US",1,3.4841397849462368
"Italy, IT",1,5.161827956989248
"Michigan, US",1,3.2272401433691753
"Oregon, US",1,7.742652329749103
