geolocation,n_offers,median_per_gpu_dph
", US",16,7.43530701754386
"Japan, JP",9,1.5495423976608187
"France, FR",5,3.9480135823429543
", CA",4,7.106359649122807
"Czechia, CZ",4,12.433442982456139
"Saudi Arabia, SA",4,9.633406432748536
"Sweden, SE",4,11.251827485380119
"Iceland, IS",2,3.816337719298245
"Italy, IT",2,5.494060672514619
