geolocation,n_offers,median_per_gpu_dph
", US",13,8.158991228070176
"Japan, JP",11,13.650801169590643
", CA",5,9.211622807017545
"France, FR",5,6.5796052631578945
"Czechia, CZ",4,15.007127192982455
"Italy, IT",4,5.395376461988304
"Saudi Arabia, SA",4,9.08077485380117
"Georgia, US",1,1.3172514619883042
"Iceland, IS",1,3.158442982456141
