geolocation,n_offers,median_per_gpu_dph
"Japan, JP",16,0.6003703703703703
", US",13,0.8571851851851853
"Texas, US",8,1.0948148148148147
"Taiwan, TW",7,3.2029629629629626
"Slovenia, SI",4,2.4027777777777777
"Türkiye, TR",4,1.6018518518518516
"Quebec, CA",3,0.9616666666666667
"Brazil, BR",2,0.6009259259259259
"Finland, FI",2,2.003935185185185
"Spain, ES",1,0.6677777777777777
"Sweden, SE",1,0.5336296296296297
