geolocation,n_offers,median_per_gpu_dph
", US",16,7.369517543859649
"Japan, JP",8,8.963329678362573
"Saudi Arabia, SA",8,9.633406432748536
"France, FR",5,3.9480135823429543
"Czechia, CZ",4,23.691337719298243
"Sweden, SE",4,11.251827485380119
", CA",3,6.843201754385965
"Iceland, IS",2,3.2242324561403506
"Italy, IT",2,3.5201023391812862
"New Jersey, US",1,1.3172514619883042
