geolocation,n_offers,median_per_gpu_dph
", US",18,1.1009259259259259
"Japan, JP",18,0.934074074074074
"Taiwan, TW",7,1.6007407407407406
"Texas, US",5,1.2007407407407407
"Slovenia, SI",4,2.4027777777777777
"Türkiye, TR",4,1.6018518518518516
"Finland, FI",3,3.2074074074074073
"Quebec, CA",3,0.9616666666666667
"Spain, ES",3,1.3362962962962963
"Brazil, BR",2,0.6009259259259259
"Sweden, SE",1,0.5336296296296297
