geolocation,n_offers,median_per_gpu_dph
"Japan, JP",16,3.483333333333333
", US",14,5.480370370370371
"Czechia, CZ",10,4.77362962962963
"The Netherlands, NL",7,4.401111111111111
"Washington, US",7,3.468888888888889
"Taiwan, TW",6,2.131452251951877
"France, FR",4,4.280586419753087
"India, IN",4,5.762777777777778
"Malaysia, MY",3,9.604444444444445
"Montana, US",2,2.9013888888888895
"Slovenia, SI",2,2.3335185185185185
"Germany, DE",1,3.000277777777778
"Idaho, US",1,1.7355555555555555
