geolocation,n_offers,median_per_gpu_dph
", US",20,6.581720430107527
"Japan, JP",8,5.938594623655913
"Sweden, SE",6,6.387544802867383
"California, US",4,9.68010752688172
"Oregon, US",4,12.38888888888889
"Czechia, CZ",3,18.59182795698925
"Iceland, IS",3,5.548924731182796
"Michigan, US",1,3.7433691756272403
