geolocation,n_offers,median_per_gpu_dph
"Japan, JP",24,3.8694444444444445
", US",14,4.927666666666666
"Washington, US",11,4.002222222222223
"The Netherlands, NL",7,4.800740740740741
"Czechia, CZ",6,4.469333333333333
"Oregon, US",4,6.201851851851853
"France, FR",3,5.137222222222222
"Montana, US",3,3.211111111111111
"Taiwan, TW",3,2.2543703703703706
"Beijing, CN",2,3.500694444444445
"India, IN",2,10.209444444444442
"Slovenia, SI",2,2.3335185185185185
"Idaho, US",1,1.5355555555555553
