geolocation,n_offers,median_per_gpu_dph
", US",12,0.962388888888889
"Japan, JP",12,0.7005555555555555
"Taiwan, TW",8,2.135185185185185
"Texas, US",8,1.0014814814814814
"Slovenia, SI",4,2.4027777777777777
"Türkiye, TR",4,1.6018518518518516
"Quebec, CA",3,0.9616666666666667
"Brazil, BR",2,0.6027777777777777
"California, US",1,0.6288888888888888
"Finland, FI",1,0.7337962962962964
"Spain, ES",1,0.6677777777777777
"Sweden, SE",1,0.5337777777777778
