geolocation,n_offers,median_per_gpu_dph
", US",15,8.158991228070176
"France, FR",8,3.2910179093567247
"Japan, JP",8,11.298855994152047
"Saudi Arabia, SA",8,11.251827485380119
", CA",5,8.158991228070176
"Czechia, CZ",3,14.458771929824561
"Italy, IT",3,5.329495614035087
"Iceland, IS",2,8.553179824561404
"California, US",1,3.94782529239766
