geolocation,n_offers,median_per_gpu_dph
"Japan, JP",19,0.934074074074074
"Taiwan, TW",11,1.601111111111111
"Texas, US",9,1.2555555555555553
", US",8,0.6421111111111112
"Slovenia, SI",4,2.4027777777777777
"Quebec, CA",3,0.9616666666666667
"Brazil, BR",2,0.6009259259259259
"Finland, FI",2,3.615046296296296
"South Korea, KR",1,0.7744444444444444
"Spain, ES",1,0.6674074074074073
"Sweden, SE",1,0.5336296296296297
"Türkiye, TR",1,0.5335185185185185
