geolocation,n_offers,median_per_gpu_dph
"Alabama, US",36,10.000694444444445
"Japan, JP",20,3.065130208333333
", US",6,6.377430555555556
"Virginia, US",5,7.500694444444445
"Ohio, US",4,28.772222222222226
"United Kingdom, GB",4,16.127604166666664
"Australia, AU",3,7.502777777777779
"Netherlands, NL",3,13.755555555555556
"Maryland, US",2,6.450651041666667
"Oregon, US",2,5.906901041666666
"Slovenia, SI",1,4.1252604166666655
