geolocation,n_offers,median_per_gpu_dph
"Japan, JP",19,3.2288888888888887
", US",16,5.613703703703704
"Czechia, CZ",8,6.806666666666667
"Washington, US",8,3.468888888888889
"The Netherlands, NL",7,4.400740740740741
"Taiwan, TW",5,2.2235555555555555
"France, FR",4,4.280586419753087
"India, IN",4,5.763796296296297
"Malaysia, MY",3,9.604444444444445
"Slovenia, SI",2,2.3335185185185185
"Germany, DE",1,3.000277777777778
"Idaho, US",1,1.7355555555555555
