geolocation,n_offers,median_per_gpu_dph
", US",15,8.158991228070176
"Japan, JP",8,11.571224415204679
", CA",5,8.106359649122805
"France, FR",5,6.5796052631578945
"Czechia, CZ",4,23.691337719298243
"Italy, IT",2,5.790113304093566
"Iceland, IS",1,3.7505482456140355
