geolocation,n_offers,median_per_gpu_dph
", US",14,6.712724014336917
"Japan, JP",9,7.363655913978495
"Sweden, SE",8,7.613620071684587
"Washington, US",8,7.743010752688171
"California, US",7,6.839784946236558
"Oregon, US",6,13.163082437275985
"Texas, US",4,11.61559139784946
"Czechia, CZ",3,18.59182795698925
"Iceland, IS",3,5.806989247311828
"Italy, IT",1,5.161827956989248
"Michigan, US",1,3.2272401433691753
