geolocation,n_offers,median_per_gpu_dph
"Virginia, US",19,9.95486111111111
"Ohio, US",9,9.979861111111111
"Oregon, US",8,14.377604166666668
"Maryland, US",4,12.493576388888886
", US",2,7.409288194444445
"Slovenia, SI",1,4.375260416666666
