geolocation,n_offers,median_per_gpu_dph
"Alabama, US",36,10.000694444444445
"Ohio, US",16,13.755555555555556
"Oregon, US",8,11.815104166666664
", US",7,7.128472222222222
"Japan, JP",6,7.251041666666666
"Netherlands, NL",3,15.005555555555558
"Maryland, US",2,6.450651041666667
"Slovenia, SI",1,4.12517361111111
"Virginia, US",1,7.238888888888889
