geolocation,n_offers,median_per_gpu_dph
"Ohio, US",12,10.242361111111112
"Virginia, US",12,7.434288194444443
"Oregon, US",7,18.754166666666666
", US",5,5.500260416666666
"Maryland, US",4,12.493576388888886
"Slovenia, SI",1,4.375173611111111
