geolocation,n_offers,median_per_gpu_dph
"Alabama, US",37,10.000694444444445
"Ohio, US",13,15.005555555555558
"Oregon, US",7,7.876041666666665
", US",6,7.189756944444444
"Japan, JP",6,7.251041666666666
"Netherlands, NL",3,15.005555555555558
"Maryland, US",2,6.450651041666667
"Australia, AU",1,6.240972222222222
"Slovenia, SI",1,4.12517361111111
"Virginia, US",1,7.038888888888889
