geolocation,n_offers,median_per_gpu_dph
", US",19,6.122222222222223
"Japan, JP",17,3.737777777777777
"The Netherlands, NL",10,4.400925925925925
"Czechia, CZ",9,5.256592592592592
"Washington, US",8,3.468888888888889
"Taiwan, TW",5,2.020724847878636
"France, FR",4,4.280586419753087
"India, IN",4,5.762777777777778
"Malaysia, MY",3,2.402222222222222
", RU",2,2.602777777777778
"Idaho, US",2,1.8688888888888888
"Slovenia, SI",2,2.3335185185185185
"Germany, DE",1,2.600277777777778
