geolocation,n_offers,median_per_gpu_dph
"Alabama, US",37,11.878472222222221
"Virginia, US",14,6.340538194444444
"Oregon, US",7,17.154166666666665
"Maryland, US",4,12.490104166666663
"Ohio, US",4,14.974652777777777
", US",2,4.750564236111111
"Slovenia, SI",1,4.375173611111111
