geolocation,n_offers,median_per_gpu_dph
", US",17,6.710752688172043
"Washington, US",11,7.743010752688171
"Japan, JP",9,7.363655913978495
"Sweden, SE",6,5.710125448028673
"California, US",5,6.968817204301075
,4,11.61559139784946
"Czechia, CZ",3,18.59182795698925
"Iceland, IS",3,5.806989247311828
"Italy, IT",1,5.161827956989248
"Michigan, US",1,3.2272401433691753
