geolocation,n_offers,median_per_gpu_dph
"Virginia, US",9,12.501041666666667
"Ohio, US",8,14.50486111111111
"Oregon, US",7,25.004166666666666
", US",5,7.750260416666666
"Mexico, MX",5,11.250694444444445
"India, IN",3,18.75486111111111
"Maryland, US",3,31.205555555555552
"Slovenia, SI",1,4.875260416666666
