geolocation,n_offers,median_per_gpu_dph
", US",14,6.583691756272401
"Washington, US",10,7.743010752688171
"Japan, JP",9,9.15978494623656
"California, US",7,6.968817204301075
"Oregon, US",6,11.614695340501791
"Sweden, SE",6,5.710125448028673
"Czechia, CZ",3,18.59182795698925
"Iceland, IS",3,5.7424731182795705
"Texas, US",3,7.743010752688171
,3,7.743010752688171
"Italy, IT",1,5.161827956989248
"Michigan, US",1,3.2272401433691753
