geolocation,n_offers,median_per_gpu_dph
"Virginia, US",18,9.942361111111111
"Ohio, US",10,10.692361111111111
"Oregon, US",7,18.754166666666666
"Maryland, US",4,12.493576388888886
", US",3,5.501215277777778
"Slovenia, SI",1,4.75017361111111
