geolocation,n_offers,median_per_gpu_dph
", US",11,2.4037037037037035
"Taiwan, TW",10,1.1211111111111112
"Virginia, US",10,1.1208518518518518
"Japan, JP",9,0.9348148148148148
"Texas, US",8,1.0955555555555554
"Slovenia, SI",4,2.202777777777778
"Finland, FI",3,2.4074074074074074
"Quebec, CA",3,0.9416666666666665
"Türkiye, TR",2,0.7004629629629628
"Sweden, SE",1,0.45362962962962966
