geolocation,n_offers,median_per_gpu_dph
"Alabama, US",37,8.125694444444445
"Japan, JP",16,7.251041666666666
"Oregon, US",9,14.254166666666666
"Ohio, US",7,14.755555555555558
", US",6,9.875868055555555
"Maryland, US",3,9.701041666666667
"United Kingdom, GB",3,21.504166666666663
"California, US",2,5.345920138888889
"Virginia, US",2,9.195138888888888
"Netherlands, NL",1,5.863888888888888
"Slovenia, SI",1,4.12517361111111
