geolocation,n_offers,median_per_gpu_dph
"Virginia, US",12,7.126215277777778
"Ohio, US",7,14.50486111111111
", US",6,11.127560763888887
"Maryland, US",4,25.287152777777777
"Oregon, US",4,18.752604166666668
"Mexico, MX",3,5.625173611111111
"Slovenia, SI",1,4.812673611111111
