geolocation,n_offers,median_per_gpu_dph
"Japan, JP",27,3.737777777777777
", US",15,5.388888888888889
"Czechia, CZ",9,4.536
"Washington, US",7,4.002222222222223
"The Netherlands, NL",6,6.668703703703703
"France, FR",4,4.280586419753087
"Malaysia, MY",4,7.2027777777777775
"Montana, US",3,3.211111111111111
"Beijing, CN",2,3.500694444444445
"Idaho, US",2,1.8688888888888888
"India, IN",2,9.610462962962963
"Slovenia, SI",2,2.3335185185185185
"Taiwan, TW",2,2.0188058681336996
