geolocation,n_offers,median_per_gpu_dph
"Vietnam, VN",7,0.5940740740740741
"Finland, FI",4,1.7255555555555557
"New York, US",1,1.0562962962962965
"Poland, PL",1,0.4540740740740741
