geolocation,n_offers,median_per_gpu_dph
"Virginia, US",13,11.754861111111111
"Ohio, US",7,11.754861111111111
"Oregon, US",7,20.004166666666666
"Maryland, US",4,15.793576388888887
", US",3,5.876215277777778
"Slovenia, SI",1,4.75017361111111
