geolocation,n_offers,median_per_gpu_dph
"Virginia, US",11,8.126215277777778
"Ohio, US",9,14.50486111111111
", US",8,7.375737847222222
"Oregon, US",8,18.752604166666668
"Mexico, MX",4,16.87673611111111
"Maryland, US",3,31.205555555555552
"India, IN",1,8.001215277777778
"Missouri, US",1,5.002083333333333
"Slovenia, SI",1,4.875260416666666
