geolocation,n_offers,median_per_gpu_dph
", US",16,8.422149122807017
"France, FR",8,3.2910179093567247
"Japan, JP",8,11.518592836257312
"Saudi Arabia, SA",8,11.251827485380119
"Iceland, IS",3,6.579495614035088
"Italy, IT",3,5.790021929824562
", CA",2,6.645422149122808
"Czechia, CZ",2,39.49791666666666
"California, US",1,3.94782529239766
