geolocation,n_offers,median_per_gpu_dph
", US",18,1.1009259259259259
"Japan, JP",17,0.934074074074074
"Taiwan, TW",7,1.601111111111111
"Texas, US",6,1.188148148148148
"Slovenia, SI",4,2.4027777777777777
"Finland, FI",3,3.2074074074074073
"Quebec, CA",3,0.9616666666666667
"Spain, ES",3,1.3362962962962963
"Türkiye, TR",3,1.0674074074074074
"Brazil, BR",2,0.6009259259259259
"Sweden, SE",1,0.5336296296296297
