geolocation,n_offers,median_per_gpu_dph
", US",22,6.775268817204301
"Japan, JP",8,5.938594623655913
"Sweden, SE",8,8.5168458781362
"Oregon, US",4,12.38888888888889
"California, US",3,12.907526881720429
"Czechia, CZ",3,18.59182795698925
"Iceland, IS",3,5.677956989247313
"Michigan, US",1,3.7433691756272403
