geolocation,n_offers,median_per_gpu_dph
", US",31,3.5605555555555557
"Japan, JP",16,3.8694444444444445
"The Netherlands, NL",8,4.400740740740741
"Czechia, CZ",7,4.667481481481482
"Washington, US",7,3.468888888888889
"India, IN",6,5.767870370370371
"France, FR",4,4.280586419753087
"Taiwan, TW",4,9.006666666666668
"Montana, US",3,2.9711111111111115
"Idaho, US",2,2.002222222222222
"Malaysia, MY",2,6.803703703703704
"Slovenia, SI",2,2.3335185185185185
"Thailand, TH",2,2.6813888888888893
