geolocation,n_offers,median_per_gpu_dph
"Virginia, US",15,9.90486111111111
"Ohio, US",9,11.004861111111111
"Oregon, US",7,18.754166666666666
"Maryland, US",4,12.493576388888886
", US",3,5.501215277777778
"Slovenia, SI",1,4.7502604166666655
