geolocation,n_offers,median_per_gpu_dph
", US",13,8.422149122807017
"Saudi Arabia, SA",10,11.804459064327487
"Japan, JP",8,12.254119152046787
"Czechia, CZ",4,23.691337719298243
", CA",3,9.211622807017545
"France, FR",3,3.684484649122806
"Iceland, IS",3,4.34265350877193
"Italy, IT",3,4.079495614035089
