geolocation,n_offers,median_per_gpu_dph
", US",11,2.4037037037037035
"Taiwan, TW",10,1.1211111111111112
"Virginia, US",9,1.1214814814814815
"Texas, US",8,1.1222222222222222
"Japan, JP",6,0.8139814814814814
"Finland, FI",4,1.8046296296296296
"Slovenia, SI",4,2.202777777777778
"Quebec, CA",3,0.9416666666666665
"Türkiye, TR",2,1.1682407407407407
"California, US",1,0.6288888888888888
"Sweden, SE",1,0.45362962962962966
