geolocation,n_offers,median_per_gpu_dph
", US",11,2.4037037037037035
"Virginia, US",10,1.1214814814814815
"Taiwan, TW",8,1.682777777777778
"Japan, JP",7,0.934074074074074
"Texas, US",7,0.8007407407407406
"Finland, FI",4,1.8046296296296296
"Slovenia, SI",4,2.202777777777778
"Quebec, CA",3,0.9416666666666665
"Türkiye, TR",3,1.0674074074074074
"Spain, ES",2,0.8024691358024691
"Sweden, SE",1,0.45362962962962966
