geolocation,n_offers,median_per_gpu_dph
"Japan, JP",16,0.6003703703703703
", US",14,0.8571851851851853
"Texas, US",9,1.2555555555555553
"Taiwan, TW",6,2.135185185185185
"Slovenia, SI",4,2.4027777777777777
"Türkiye, TR",4,1.6018518518518516
"Quebec, CA",3,0.9616666666666667
"Brazil, BR",2,0.6009259259259259
"Finland, FI",2,2.003935185185185
"California, US",1,0.6288888888888888
"Spain, ES",1,0.6677777777777777
"Sweden, SE",1,0.5337777777777778
