geolocation,n_offers,median_per_gpu_dph
", US",14,0.8571851851851853
"Japan, JP",13,0.6003703703703703
"Texas, US",8,1.0774814814814815
"Taiwan, TW",7,1.601111111111111
"Slovenia, SI",4,2.4027777777777777
"Quebec, CA",3,0.9616666666666667
"Türkiye, TR",3,2.136296296296296
"Brazil, BR",2,0.6009259259259259
"California, US",1,0.6288888888888888
"Finland, FI",1,0.8004629629629629
"Spain, ES",1,0.6677777777777777
"Sweden, SE",1,0.5337777777777778
