geolocation,n_offers,median_per_gpu_dph
", US",17,5.2542222222222215
"Japan, JP",17,3.737777777777777
"Czechia, CZ",8,4.6693333333333324
"The Netherlands, NL",6,6.602037037037036
"France, FR",5,3.4239506172839516
"Taiwan, TW",5,2.275845294656998
"Washington, US",5,3.468888888888889
"India, IN",4,5.767870370370371
"Malaysia, MY",3,8.539259259259259
", RU",2,2.0027777777777773
"Slovenia, SI",2,2.3335185185185185
"Idaho, US",1,2.002222222222222
