geolocation,n_offers,median_per_gpu_dph
"Alabama, US",35,7.700694444444443
"Ohio, US",19,13.755555555555556
", US",6,7.189756944444444
"Japan, JP",6,7.251041666666666
"Oregon, US",6,11.815104166666664
"Maryland, US",2,6.450651041666667
"Netherlands, NL",2,15.605555555555554
"Slovenia, SI",1,4.1252604166666655
"Virginia, US",1,7.238888888888889
