geolocation,n_offers,median_per_gpu_dph
", US",19,7.369517543859649
"Japan, JP",12,8.898855994152047
"France, FR",5,6.5796052631578945
"Czechia, CZ",4,10.645285087719296
"Saudi Arabia, SA",4,7.9360380116959055
"Iceland, IS",3,3.8821271929824563
", CA",2,5.329632675438597
"Italy, IT",2,5.592744883040936
