geolocation,n_offers,median_per_gpu_dph
", US",16,8.290570175438596
"Japan, JP",8,10.584382309941521
"Saudi Arabia, SA",8,11.251827485380119
"France, FR",5,6.5796052631578945
", CA",3,9.211622807017545
"Italy, IT",3,7.632309941520467
"Czechia, CZ",2,39.49791666666666
"Iceland, IS",2,6.118969298245614
