geolocation,n_offers,median_per_gpu_dph
", US",16,1.1675925925925925
"Japan, JP",14,0.800648148148148
"Taiwan, TW",8,2.1359259259259256
"Texas, US",6,1.2348148148148148
"Slovenia, SI",4,2.4027777777777777
"Türkiye, TR",4,1.6018518518518516
"Finland, FI",3,3.2074074074074073
"Quebec, CA",3,0.9616666666666667
"Brazil, BR",2,0.6009259259259259
"Spain, ES",2,1.0018518518518518
"California, US",1,0.6288888888888888
"South Korea, KR",1,1.551111111111111
"Sweden, SE",1,0.5336296296296297
