geolocation,n_offers,median_per_gpu_dph
", US",24,6.970967741935484
"Sweden, SE",9,8.5168458781362
"Japan, JP",8,4.3314229390681005
"Oregon, US",4,12.543727598566308
"Washington, US",4,11.228494623655914
"Czechia, CZ",2,23.24956989247312
"Iceland, IS",2,5.5489247311827965
"Texas, US",2,18.718817204301075
"Michigan, US",1,3.7433691756272403
