geolocation,n_offers,median_per_gpu_dph
"Alabama, US",41,11.878472222222221
"Virginia, US",18,8.17986111111111
"Oregon, US",8,13.12767094017094
"Maryland, US",4,9.302604166666665
", US",3,5.000260416666666
"Ohio, US",3,19.969444444444445
"Slovenia, SI",1,4.375260416666666
