geolocation,n_offers,median_per_gpu_dph
", US",33,2.841111111111111
"Japan, JP",18,3.633830925925926
"The Netherlands, NL",10,4.400925925925925
"Czechia, CZ",8,4.601740740740741
"Washington, US",5,3.468888888888889
"France, FR",4,4.280586419753087
"India, IN",4,5.767870370370371
"Taiwan, TW",4,2.604922647328499
"Montana, US",3,2.9435555555555557
", RU",2,2.0027777777777773
"Malaysia, MY",2,10.679259259259258
"Slovenia, SI",2,2.3335185185185185
"Thailand, TH",2,2.6813888888888893
