geolocation,n_offers,median_per_gpu_dph
", US",19,7.369517543859649
"Japan, JP",8,9.804119152046784
"Czechia, CZ",4,10.447916666666666
"Saudi Arabia, SA",4,7.9360380116959055
", CA",2,5.329632675438597
"Iceland, IS",2,3.6847587719298236
"Italy, IT",2,5.428271198830409
"France, FR",1,2.8976608187134505
