geolocation,n_offers,median_per_gpu_dph
", US",14,8.290570175438596
"Japan, JP",7,14.00343274853801
", CA",6,8.106359649122805
"France, FR",5,6.5796052631578945
"Czechia, CZ",4,12.630811403508773
"Italy, IT",3,4.013706140350878
"Iceland, IS",2,3.6847587719298245
