geolocation,n_offers,median_per_gpu_dph
", US",15,8.158991228070176
"Saudi Arabia, SA",8,9.08077485380117
"Japan, JP",7,13.650801169590643
", CA",4,6.079632675438594
"Czechia, CZ",4,8.47423245614035
"France, FR",3,6.5796052631578945
"Italy, IT",3,3.8159722222222214
"Georgia, US",1,1.3172514619883042
"Iceland, IS",1,4.2110745614035086
