geolocation,n_offers,median_per_gpu_dph
", US",17,8.422149122807017
"Japan, JP",8,11.113329678362575
"Saudi Arabia, SA",8,11.251827485380119
"France, FR",5,6.5796052631578945
"Italy, IT",3,7.632309941520467
"Czechia, CZ",2,39.49791666666666
"Iceland, IS",2,6.7110745614035086
", CA",1,9.211622807017545
