geolocation,n_offers,median_per_gpu_dph
"Alabama, US",40,12.821180555555555
"Virginia, US",9,4.501215277777778
"Oregon, US",7,17.154166666666665
"Maryland, US",4,12.490104166666663
"Ohio, US",4,17.974652777777777
", US",3,5.000260416666666
"Slovenia, SI",1,4.375173611111111
