geolocation,n_offers,median_per_gpu_dph
", US",14,8.290570175438596
"Japan, JP",8,9.155434941520468
"Saudi Arabia, SA",8,9.08077485380117
", CA",5,8.106359649122805
"Czechia, CZ",4,23.691337719298243
"France, FR",4,9.870065789473685
"Indonesia, ID",4,10.26498538011696
"Iceland, IS",2,4.2110745614035086
"Italy, IT",2,6.283534356725145
