geolocation,n_offers,median_per_gpu_dph
"Alabama, US",37,7.700694444444443
"Ohio, US",15,15.005555555555558
"Japan, JP",6,7.251041666666666
", US",5,7.128472222222222
"United Kingdom, GB",4,16.127604166666664
"Virginia, US",4,10.914583333333335
"Australia, AU",3,6.240972222222222
"Maryland, US",2,6.450651041666667
"Netherlands, NL",2,18.761805555555558
"Oregon, US",2,5.906901041666666
"Slovenia, SI",1,4.12517361111111
