geolocation,n_offers,median_per_gpu_dph
"Virginia, US",16,12.55
"Ohio, US",11,15.004861111111113
"Oregon, US",8,18.752604166666668
"Mexico, MX",4,16.87673611111111
", US",3,8.126215277777778
"Maryland, US",3,31.205555555555552
"Slovenia, SI",1,4.812673611111111
