series_id,as_of_date,factory_type,operator_tier,gpu_model,form_factor,interruptibility,region,commitment_term,product_class,headline_window_days,price_mean_usd_per_gpu_hour,price_median,price_headline,headline_stat,price_p25,price_p75,price_min,price_max,price_mean_1d,price_mean_3d,price_mean_7d,n_sources,n_observations,contributing_sources,hhi,n_sources_1d,n_observations_1d,n_sources_3d,n_observations_3d,n_sources_7d,n_observations_7d,confidence_level,promotion_status,window_start,window_end,methodology_version
CRI-DIF-3090-ALL-ALL-OD-ALL,2026-09-15,DIF,,3090,ALL,ALL,ALL,OnDemand,citable,1,0.1907,0.2100,0.2100,median,0.1467,0.2000,0.0867,0.5000,0.1907,0.2003,0.2130,4,25,runpod_community|runpod_secure|tensordock|vast_ai,2500.0,4,25,4,91,4,190,High,Published,2026-09-15,2026-09-15,v2.4.0
CRI-DIF-3090-ALL-ALL-OD-EU,2026-09-15,DIF,,3090,ALL,ALL,EU,OnDemand,citable,1,0.1823,0.3300,0.3300,median,0.1467,0.1700,0.0867,0.5000,0.1823,0.2008,0.2107,2,14,runpod_secure|vast_ai,5000.0,2,14,2,49,2,105,Medium,Provisional,2026-09-15,2026-09-15,v2.4.0
CRI-DIF-3090-ALL-ALL-OD-US,2026-09-15,DIF,,3090,ALL,ALL,US,OnDemand,citable,1,0.2014,0.2100,0.2100,median,0.1513,0.2000,0.1333,0.5000,0.2014,0.1997,0.2160,4,11,runpod_community|runpod_secure|tensordock|vast_ai,2500.0,4,11,4,42,4,85,High,Published,2026-09-15,2026-09-15,v2.4.0
CRI-DIF-3090-ALL-GTD-OD-ALL,2026-09-15,DIF,,3090,ALL,GTD,ALL,OnDemand,citable,1,0.1907,0.2100,0.2100,median,0.1467,0.2000,0.0867,0.5000,0.1907,0.2003,0.2130,4,25,runpod_community|runpod_secure|tensordock|vast_ai,2500.0,4,25,4,91,4,190,High,Published,2026-09-15,2026-09-15,v2.4.0
CRI-DIF-3090-ALL-GTD-OD-EU,2026-09-15,DIF,,3090,ALL,GTD,EU,OnDemand,citable,1,0.1823,0.3300,0.3300,median,0.1467,0.1700,0.0867,0.5000,0.1823,0.2008,0.2107,2,14,runpod_secure|vast_ai,5000.0,2,14,2,49,2,105,Medium,Provisional,2026-09-15,2026-09-15,v2.4.0
CRI-DIF-3090-ALL-GTD-OD-US,2026-09-15,DIF,,3090,ALL,GTD,US,OnDemand,citable,1,0.2014,0.2100,0.2100,median,0.1513,0.2000,0.1333,0.5000,0.2014,0.1997,0.2160,4,11,runpod_community|runpod_secure|tensordock|vast_ai,2500.0,4,11,4,42,4,85,High,Published,2026-09-15,2026-09-15,v2.4.0
CRI-DIF-3090-PCIe-ALL-OD-ALL,2026-09-15,DIF,,3090,PCIe,ALL,ALL,OnDemand,citable,1,0.1907,0.2100,0.2100,median,0.1467,0.2000,0.0867,0.5000,0.1907,0.2003,0.2130,4,25,runpod_community|runpod_secure|tensordock|vast_ai,2500.0,4,25,4,91,4,190,High,Published,2026-09-15,2026-09-15,v2.4.0
CRI-DIF-3090-PCIe-ALL-OD-EU,2026-09-15,DIF,,3090,PCIe,ALL,EU,OnDemand,citable,1,0.1823,0.3300,0.3300,median,0.1467,0.1700,0.0867,0.5000,0.1823,0.2008,0.2107,2,14,runpod_secure|vast_ai,5000.0,2,14,2,49,2,105,Medium,Provisional,2026-09-15,2026-09-15,v2.4.0
CRI-DIF-3090-PCIe-ALL-OD-US,2026-09-15,DIF,,3090,PCIe,ALL,US,OnDemand,citable,1,0.2014,0.2100,0.2100,median,0.1513,0.2000,0.1333,0.5000,0.2014,0.1997,0.2160,4,11,runpod_community|runpod_secure|tensordock|vast_ai,2500.0,4,11,4,42,4,85,High,Published,2026-09-15,2026-09-15,v2.4.0
CRI-DIF-3090-PCIe-GTD-OD-ALL,2026-09-15,DIF,,3090,PCIe,GTD,ALL,OnDemand,citable,1,0.1907,0.2100,0.2100,median,0.1467,0.2000,0.0867,0.5000,0.1907,0.2003,0.2130,4,25,runpod_community|runpod_secure|tensordock|vast_ai,2500.0,4,25,4,91,4,190,High,Published,2026-09-15,2026-09-15,v2.4.0
CRI-DIF-3090-PCIe-GTD-OD-EU,2026-09-15,DIF,,3090,PCIe,GTD,EU,OnDemand,citable,1,0.1823,0.3300,0.3300,median,0.1467,0.1700,0.0867,0.5000,0.1823,0.2008,0.2107,2,14,runpod_secure|vast_ai,5000.0,2,14,2,49,2,105,Medium,Provisional,2026-09-15,2026-09-15,v2.4.0
CRI-DIF-3090-PCIe-GTD-OD-US,2026-09-15,DIF,,3090,PCIe,GTD,US,OnDemand,citable,1,0.2014,0.2100,0.2100,median,0.1513,0.2000,0.1333,0.5000,0.2014,0.1997,0.2160,4,11,runpod_community|runpod_secure|tensordock|vast_ai,2500.0,4,11,4,42,4,85,High,Published,2026-09-15,2026-09-15,v2.4.0
CRI-DIF-4090-ALL-ALL-OD-ALL,2026-09-15,DIF,,4090,ALL,ALL,ALL,OnDemand,citable,1,0.5528,0.4434,0.4434,median,0.4000,0.7400,0.2933,1.6000,0.5528,0.5622,0.5495,4,36,runpod_community|runpod_secure|tensordock|vast_ai,2500.0,4,36,4,114,4,270,High,Published,2026-09-15,2026-09-15,v2.4.0
CRI-DIF-4090-ALL-ALL-OD-EU,2026-09-15,DIF,,4090,ALL,ALL,EU,OnDemand,citable,1,0.5400,0.5700,0.5700,median,0.4000,0.7400,0.3067,0.8667,0.5400,0.5773,0.5609,2,17,runpod_secure|vast_ai,5000.0,2,17,2,56,2,126,Medium,Provisional,2026-09-15,2026-09-15,v2.4.0
CRI-DIF-4090-ALL-ALL-OD-Other,2026-09-15,DIF,,4090,ALL,ALL,Other,OnDemand,citable,1,0.6246,0.6307,0.6307,median,0.4933,0.5040,0.2533,2.0000,0.6246,0.5890,0.5437,2,17,spheron|vast_ai,5000.0,2,17,2,51,2,104,Medium,Provisional,2026-09-15,2026-09-15,v2.4.0
CRI-DIF-4090-ALL-ALL-OD-US,2026-09-15,DIF,,4090,ALL,ALL,US,OnDemand,citable,1,0.5643,0.4500,0.4500,median,0.3867,0.7400,0.2933,1.6000,0.5643,0.5477,0.5395,4,19,runpod_community|runpod_secure|tensordock|vast_ai,2500.0,4,19,4,58,4,144,High,Published,2026-09-15,2026-09-15,v2.4.0
CRI-DIF-4090-ALL-GTD-OD-ALL,2026-09-15,DIF,,4090,ALL,GTD,ALL,OnDemand,citable,1,0.5528,0.4434,0.4434,median,0.4000,0.7400,0.2933,1.6000,0.5528,0.5622,0.5495,4,36,runpod_community|runpod_secure|tensordock|vast_ai,2500.0,4,36,4,114,4,270,High,Published,2026-09-15,2026-09-15,v2.4.0
CRI-DIF-4090-ALL-GTD-OD-EU,2026-09-15,DIF,,4090,ALL,GTD,EU,OnDemand,citable,1,0.5400,0.5700,0.5700,median,0.4000,0.7400,0.3067,0.8667,0.5400,0.5773,0.5609,2,17,runpod_secure|vast_ai,5000.0,2,17,2,56,2,126,Medium,Provisional,2026-09-15,2026-09-15,v2.4.0
CRI-DIF-4090-ALL-GTD-OD-Other,2026-09-15,DIF,,4090,ALL,GTD,Other,OnDemand,citable,1,0.6246,0.6307,0.6307,median,0.4933,0.5040,0.2533,2.0000,0.6246,0.5890,0.5437,2,17,spheron|vast_ai,5000.0,2,17,2,51,2,104,Medium,Provisional,2026-09-15,2026-09-15,v2.4.0
CRI-DIF-4090-ALL-GTD-OD-US,2026-09-15,DIF,,4090,ALL,GTD,US,OnDemand,citable,1,0.5643,0.4500,0.4500,median,0.3867,0.7400,0.2933,1.6000,0.5643,0.5477,0.5395,4,19,runpod_community|runpod_secure|tensordock|vast_ai,2500.0,4,19,4,58,4,144,High,Published,2026-09-15,2026-09-15,v2.4.0
CRI-DIF-4090-PCIe-ALL-OD-ALL,2026-09-15,DIF,,4090,PCIe,ALL,ALL,OnDemand,citable,1,0.5528,0.4434,0.4434,median,0.4000,0.7400,0.2933,1.6000,0.5528,0.5622,0.5495,4,36,runpod_community|runpod_secure|tensordock|vast_ai,2500.0,4,36,4,114,4,270,High,Published,2026-09-15,2026-09-15,v2.4.0
CRI-DIF-4090-PCIe-ALL-OD-EU,2026-09-15,DIF,,4090,PCIe,ALL,EU,OnDemand,citable,1,0.5400,0.5700,0.5700,median,0.4000,0.7400,0.3067,0.8667,0.5400,0.5773,0.5609,2,17,runpod_secure|vast_ai,5000.0,2,17,2,56,2,126,Medium,Provisional,2026-09-15,2026-09-15,v2.4.0
CRI-DIF-4090-PCIe-ALL-OD-US,2026-09-15,DIF,,4090,PCIe,ALL,US,OnDemand,citable,1,0.5643,0.4500,0.4500,median,0.3867,0.7400,0.2933,1.6000,0.5643,0.5477,0.5395,4,19,runpod_community|runpod_secure|tensordock|vast_ai,2500.0,4,19,4,58,4,144,High,Published,2026-09-15,2026-09-15,v2.4.0
CRI-DIF-4090-PCIe-GTD-OD-ALL,2026-09-15,DIF,,4090,PCIe,GTD,ALL,OnDemand,citable,1,0.5528,0.4434,0.4434,median,0.4000,0.7400,0.2933,1.6000,0.5528,0.5622,0.5495,4,36,runpod_community|runpod_secure|tensordock|vast_ai,2500.0,4,36,4,114,4,270,High,Published,2026-09-15,2026-09-15,v2.4.0
CRI-DIF-4090-PCIe-GTD-OD-EU,2026-09-15,DIF,,4090,PCIe,GTD,EU,OnDemand,citable,1,0.5400,0.5700,0.5700,median,0.4000,0.7400,0.3067,0.8667,0.5400,0.5773,0.5609,2,17,runpod_secure|vast_ai,5000.0,2,17,2,56,2,126,Medium,Provisional,2026-09-15,2026-09-15,v2.4.0
CRI-DIF-4090-PCIe-GTD-OD-US,2026-09-15,DIF,,4090,PCIe,GTD,US,OnDemand,citable,1,0.5643,0.4500,0.4500,median,0.3867,0.7400,0.2933,1.6000,0.5643,0.5477,0.5395,4,19,runpod_community|runpod_secure|tensordock|vast_ai,2500.0,4,19,4,58,4,144,High,Published,2026-09-15,2026-09-15,v2.4.0
CRI-DIF-5090-ALL-ALL-OD-ALL,2026-09-15,DIF,,5090,ALL,ALL,ALL,OnDemand,citable,1,0.8313,0.6717,0.6717,median,0.5134,0.9900,0.3733,1.9200,0.8313,0.8251,0.7730,4,34,runpod_community|runpod_secure|tensordock|vast_ai,2500.0,4,34,4,104,4,238,High,Published,2026-09-15,2026-09-15,v2.4.0
CRI-DIF-5090-ALL-ALL-OD-EU,2026-09-15,DIF,,5090,ALL,ALL,EU,OnDemand,citable,1,0.8921,0.8557,0.8557,median,0.6667,0.9900,0.3733,1.9200,0.8921,0.8846,0.8440,2,17,runpod_secure|vast_ai,5000.0,2,17,2,51,2,117,Medium,Provisional,2026-09-15,2026-09-15,v2.4.0
CRI-DIF-5090-ALL-ALL-OD-US,2026-09-15,DIF,,5090,ALL,ALL,US,OnDemand,citable,1,0.7706,0.6350,0.6350,median,0.4667,0.8800,0.4000,1.8667,0.7706,0.7679,0.7043,4,17,runpod_community|runpod_secure|tensordock|vast_ai,2500.0,4,17,4,53,4,121,High,Published,2026-09-15,2026-09-15,v2.4.0
CRI-DIF-5090-ALL-GTD-OD-ALL,2026-09-15,DIF,,5090,ALL,GTD,ALL,OnDemand,citable,1,0.8313,0.6717,0.6717,median,0.5134,0.9900,0.3733,1.9200,0.8313,0.8251,0.7730,4,34,runpod_community|runpod_secure|tensordock|vast_ai,2500.0,4,34,4,104,4,238,High,Published,2026-09-15,2026-09-15,v2.4.0
CRI-DIF-5090-ALL-GTD-OD-EU,2026-09-15,DIF,,5090,ALL,GTD,EU,OnDemand,citable,1,0.8921,0.8557,0.8557,median,0.6667,0.9900,0.3733,1.9200,0.8921,0.8846,0.8440,2,17,runpod_secure|vast_ai,5000.0,2,17,2,51,2,117,Medium,Provisional,2026-09-15,2026-09-15,v2.4.0
CRI-DIF-5090-ALL-GTD-OD-US,2026-09-15,DIF,,5090,ALL,GTD,US,OnDemand,citable,1,0.7706,0.6350,0.6350,median,0.4667,0.8800,0.4000,1.8667,0.7706,0.7679,0.7043,4,17,runpod_community|runpod_secure|tensordock|vast_ai,2500.0,4,17,4,53,4,121,High,Published,2026-09-15,2026-09-15,v2.4.0
CRI-DIF-5090-PCIe-ALL-OD-ALL,2026-09-15,DIF,,5090,PCIe,ALL,ALL,OnDemand,citable,1,0.8313,0.6717,0.6717,median,0.5134,0.9900,0.3733,1.9200,0.8313,0.8251,0.7730,4,34,runpod_community|runpod_secure|tensordock|vast_ai,2500.0,4,34,4,104,4,238,High,Published,2026-09-15,2026-09-15,v2.4.0
CRI-DIF-5090-PCIe-ALL-OD-EU,2026-09-15,DIF,,5090,PCIe,ALL,EU,OnDemand,citable,1,0.8921,0.8557,0.8557,median,0.6667,0.9900,0.3733,1.9200,0.8921,0.8846,0.8440,2,17,runpod_secure|vast_ai,5000.0,2,17,2,51,2,117,Medium,Provisional,2026-09-15,2026-09-15,v2.4.0
CRI-DIF-5090-PCIe-ALL-OD-US,2026-09-15,DIF,,5090,PCIe,ALL,US,OnDemand,citable,1,0.7706,0.6350,0.6350,median,0.4667,0.8800,0.4000,1.8667,0.7706,0.7679,0.7043,4,17,runpod_community|runpod_secure|tensordock|vast_ai,2500.0,4,17,4,53,4,121,High,Published,2026-09-15,2026-09-15,v2.4.0
CRI-DIF-5090-PCIe-GTD-OD-ALL,2026-09-15,DIF,,5090,PCIe,GTD,ALL,OnDemand,citable,1,0.8313,0.6717,0.6717,median,0.5134,0.9900,0.3733,1.9200,0.8313,0.8251,0.7730,4,34,runpod_community|runpod_secure|tensordock|vast_ai,2500.0,4,34,4,104,4,238,High,Published,2026-09-15,2026-09-15,v2.4.0
CRI-DIF-5090-PCIe-GTD-OD-EU,2026-09-15,DIF,,5090,PCIe,GTD,EU,OnDemand,citable,1,0.8921,0.8557,0.8557,median,0.6667,0.9900,0.3733,1.9200,0.8921,0.8846,0.8440,2,17,runpod_secure|vast_ai,5000.0,2,17,2,51,2,117,Medium,Provisional,2026-09-15,2026-09-15,v2.4.0
CRI-DIF-5090-PCIe-GTD-OD-US,2026-09-15,DIF,,5090,PCIe,GTD,US,OnDemand,citable,1,0.7706,0.6350,0.6350,median,0.4667,0.8800,0.4000,1.8667,0.7706,0.7679,0.7043,4,17,runpod_community|runpod_secure|tensordock|vast_ai,2500.0,4,17,4,53,4,121,High,Published,2026-09-15,2026-09-15,v2.4.0
CRI-DIF-A100-ALL-ALL-OD-ALL,2026-09-15,DIF,,A100,ALL,ALL,ALL,OnDemand,citable,1,1.0210,1.2700,1.2700,median,0.8145,1.1075,0.5334,2.3973,1.0210,1.0191,1.0183,8,28,azure|hyperstack|massed_compute|runpod_community|runpod_secure|thunder_compute|vast_ai|vultr,1250.0,8,28,8,86,8,203,High,Published,2026-09-15,2026-09-15,v2.4.0
CRI-DIF-A100-ALL-ALL-OD-APAC,2026-09-15,DIF,,A100,ALL,ALL,APAC,OnDemand,citable,1,0.9468,0.8921,0.8921,median,0.9078,0.9953,0.8000,1.0285,0.9468,0.9601,0.9663,2,8,azure|vast_ai,5000.0,2,8,2,22,2,53,Medium,Provisional,2026-09-15,2026-09-15,v2.4.0
CRI-DIF-A100-ALL-ALL-OD-EU,2026-09-15,DIF,,A100,ALL,ALL,EU,OnDemand,citable,1,0.9276,0.9812,0.9812,median,0.8570,0.9496,0.5334,1.5900,0.9276,0.9155,0.9169,4,14,azure|hyperstack|runpod_secure|vast_ai,2500.0,4,14,4,42,4,102,High,Published,2026-09-15,2026-09-15,v2.4.0
CRI-DIF-A100-ALL-ALL-OD-Other,2026-09-15,DIF,,A100,ALL,ALL,Other,OnDemand,citable,1,1.3575,1.3114,1.3114,median,1.2318,1.5498,0.8145,1.7640,1.3575,1.3579,1.3577,3,6,azure|runpod_secure|spheron,3333.3,3,6,3,18,3,42,Medium,Published,2026-09-15,2026-09-15,v2.4.0
CRI-DIF-A100-ALL-ALL-OD-US,2026-09-15,DIF,,A100,ALL,ALL,US,OnDemand,citable,1,1.1143,1.4200,1.4200,median,0.7008,1.4550,0.6788,2.3973,1.1143,1.1180,1.1207,6,14,azure|massed_compute|runpod_community|runpod_secure|thunder_compute|vultr,1666.7,6,14,7,44,7,101,High,Published,2026-09-15,2026-09-15,v2.4.0
CRI-DIF-A100-ALL-GTD-OD-ALL,2026-09-15,DIF,,A100,ALL,GTD,ALL,OnDemand,citable,1,1.2833,1.3500,1.3500,median,1.1258,1.5900,0.5334,1.5900,1.2833,1.2571,1.2455,5,8,massed_compute|runpod_community|runpod_secure|thunder_compute|vast_ai,2000.0,5,8,5,26,5,63,High,Published,2026-09-15,2026-09-15,v2.4.0
CRI-DIF-A100-ALL-GTD-OD-EU,2026-09-15,DIF,,A100,ALL,GTD,EU,OnDemand,citable,1,1.0189,1.1617,1.1617,median,0.7333,1.2616,0.5334,1.5900,1.0189,0.9626,0.9606,2,3,runpod_secure|vast_ai,5000.0,2,3,2,9,2,25,Medium,Provisional,2026-09-15,2026-09-15,v2.4.0
CRI-DIF-A100-ALL-GTD-OD-Other,2026-09-15,DIF,,A100,ALL,GTD,Other,OnDemand,citable,1,1.5944,1.5933,1.5933,median,1.5096,1.6770,1.4292,1.7640,1.5944,1.5948,1.5946,2,3,runpod_secure|spheron,5000.0,2,3,2,9,2,21,Medium,Provisional,2026-09-15,2026-09-15,v2.4.0
CRI-DIF-A100-ALL-GTD-OD-US,2026-09-15,DIF,,A100,ALL,GTD,US,OnDemand,citable,1,1.4420,1.4200,1.4200,median,1.3500,1.5900,1.1900,1.5900,1.4420,1.4129,1.4329,4,5,massed_compute|runpod_community|runpod_secure|thunder_compute,2500.0,4,5,5,17,5,38,High,Published,2026-09-15,2026-09-15,v2.4.0
CRI-DIF-A100-ALL-INT-OD-ALL,2026-09-15,DIF,,A100,ALL,INT,ALL,OnDemand,citable,1,0.9160,1.0800,1.0800,median,0.8026,0.8824,0.6788,2.3973,0.9160,0.9160,0.9160,3,20,azure|hyperstack|vultr,3333.3,3,20,3,60,3,140,Medium,Published,2026-09-15,2026-09-15,v2.4.0
CRI-DIF-A100-ALL-INT-OD-EU,2026-09-15,DIF,,A100,ALL,INT,EU,OnDemand,citable,1,0.9027,0.9812,0.9812,median,0.8655,0.9187,0.8145,1.0800,0.9027,0.9027,0.9027,2,11,azure|hyperstack,5000.0,2,11,2,33,2,77,Medium,Provisional,2026-09-15,2026-09-15,v2.4.0
CRI-DIF-A100-ALL-INT-OD-Other,2026-09-15,DIF,,A100,ALL,INT,Other,OnDemand,citable,1,1.1207,1.1380,1.1380,median,1.0022,1.2737,0.8145,1.3576,1.1207,1.1211,1.1209,2,3,azure|spheron,5000.0,2,3,2,9,2,21,Medium,Provisional,2026-09-15,2026-09-15,v2.4.0
CRI-DIF-A100-ALL-INT-OD-US,2026-09-15,DIF,,A100,ALL,INT,US,OnDemand,citable,1,0.9323,1.5601,1.5601,median,0.6788,0.8145,0.6788,2.3973,0.9323,0.9323,0.9323,2,9,azure|vultr,5000.0,2,9,2,27,2,63,Medium,Provisional,2026-09-15,2026-09-15,v2.4.0
CRI-DIF-A100-PCIe-ALL-OD-ALL,2026-09-15,DIF,,A100,PCIe,ALL,ALL,OnDemand,citable,1,1.0210,1.2700,1.2700,median,0.8145,1.1075,0.5334,2.3973,1.0210,1.0191,1.0183,8,28,azure|hyperstack|massed_compute|runpod_community|runpod_secure|thunder_compute|vast_ai|vultr,1250.0,8,28,8,86,8,203,High,Published,2026-09-15,2026-09-15,v2.4.0
CRI-DIF-A100-PCIe-ALL-OD-EU,2026-09-15,DIF,,A100,PCIe,ALL,EU,OnDemand,citable,1,0.9276,0.9812,0.9812,median,0.8570,0.9496,0.5334,1.5900,0.9276,0.9155,0.9169,4,14,azure|hyperstack|runpod_secure|vast_ai,2500.0,4,14,4,42,4,102,High,Published,2026-09-15,2026-09-15,v2.4.0
CRI-DIF-A100-PCIe-ALL-OD-US,2026-09-15,DIF,,A100,PCIe,ALL,US,OnDemand,citable,1,1.1143,1.4200,1.4200,median,0.7008,1.4550,0.6788,2.3973,1.1143,1.1180,1.1207,6,14,azure|massed_compute|runpod_community|runpod_secure|thunder_compute|vultr,1666.7,6,14,7,44,7,101,High,Published,2026-09-15,2026-09-15,v2.4.0
CRI-DIF-A100-PCIe-GTD-OD-ALL,2026-09-15,DIF,,A100,PCIe,GTD,ALL,OnDemand,citable,1,1.2833,1.3500,1.3500,median,1.1258,1.5900,0.5334,1.5900,1.2833,1.2571,1.2455,5,8,massed_compute|runpod_community|runpod_secure|thunder_compute|vast_ai,2000.0,5,8,5,26,5,63,High,Published,2026-09-15,2026-09-15,v2.4.0
CRI-DIF-A100-PCIe-GTD-OD-EU,2026-09-15,DIF,,A100,PCIe,GTD,EU,OnDemand,citable,1,1.0189,1.1617,1.1617,median,0.7333,1.2616,0.5334,1.5900,1.0189,0.9626,0.9606,2,3,runpod_secure|vast_ai,5000.0,2,3,2,9,2,25,Medium,Provisional,2026-09-15,2026-09-15,v2.4.0
CRI-DIF-A100-PCIe-GTD-OD-US,2026-09-15,DIF,,A100,PCIe,GTD,US,OnDemand,citable,1,1.4420,1.4200,1.4200,median,1.3500,1.5900,1.1900,1.5900,1.4420,1.4129,1.4329,4,5,massed_compute|runpod_community|runpod_secure|thunder_compute,2500.0,4,5,5,17,5,38,High,Published,2026-09-15,2026-09-15,v2.4.0
CRI-DIF-A100-PCIe-INT-OD-ALL,2026-09-15,DIF,,A100,PCIe,INT,ALL,OnDemand,citable,1,0.9160,1.0800,1.0800,median,0.8026,0.8824,0.6788,2.3973,0.9160,0.9160,0.9160,3,20,azure|hyperstack|vultr,3333.3,3,20,3,60,3,140,Medium,Published,2026-09-15,2026-09-15,v2.4.0
CRI-DIF-A100-PCIe-INT-OD-EU,2026-09-15,DIF,,A100,PCIe,INT,EU,OnDemand,citable,1,0.9027,0.9812,0.9812,median,0.8655,0.9187,0.8145,1.0800,0.9027,0.9027,0.9027,2,11,azure|hyperstack,5000.0,2,11,2,33,2,77,Medium,Provisional,2026-09-15,2026-09-15,v2.4.0
CRI-DIF-A100-PCIe-INT-OD-US,2026-09-15,DIF,,A100,PCIe,INT,US,OnDemand,citable,1,0.9323,1.5601,1.5601,median,0.6788,0.8145,0.6788,2.3973,0.9323,0.9323,0.9323,2,9,azure|vultr,5000.0,2,9,2,27,2,63,Medium,Provisional,2026-09-15,2026-09-15,v2.4.0
CRI-DIF-A40-ALL-ALL-OD-US,2026-09-15,DIF,,A40,ALL,ALL,US,OnDemand,citable,1,0.4433,0.4200,0.4200,median,0.4200,0.4900,0.3500,0.4900,0.4433,0.4433,0.4384,2,3,runpod_community|runpod_secure,5000.0,2,3,2,9,2,19,Medium,Provisional,2026-09-15,2026-09-15,v2.4.0
CRI-DIF-A40-ALL-GTD-OD-US,2026-09-15,DIF,,A40,ALL,GTD,US,OnDemand,citable,1,0.4433,0.4200,0.4200,median,0.4200,0.4900,0.3500,0.4900,0.4433,0.4433,0.4384,2,3,runpod_community|runpod_secure,5000.0,2,3,2,9,2,19,Medium,Provisional,2026-09-15,2026-09-15,v2.4.0
CRI-DIF-A40-PCIe-ALL-OD-US,2026-09-15,DIF,,A40,PCIe,ALL,US,OnDemand,citable,1,0.4433,0.4200,0.4200,median,0.4200,0.4900,0.3500,0.4900,0.4433,0.4433,0.4384,2,3,runpod_community|runpod_secure,5000.0,2,3,2,9,2,19,Medium,Provisional,2026-09-15,2026-09-15,v2.4.0
CRI-DIF-A40-PCIe-GTD-OD-US,2026-09-15,DIF,,A40,PCIe,GTD,US,OnDemand,citable,1,0.4433,0.4200,0.4200,median,0.4200,0.4900,0.3500,0.4900,0.4433,0.4433,0.4384,2,3,runpod_community|runpod_secure,5000.0,2,3,2,9,2,19,Medium,Provisional,2026-09-15,2026-09-15,v2.4.0
CRI-DIF-H100-ALL-ALL-OD-ALL,2026-09-15,DIF,,H100,ALL,ALL,ALL,OnDemand,citable,1,2.4300,2.3983,2.3983,median,2.0000,2.8500,1.9900,3.2000,2.4300,2.4356,2.4913,6,10,hyperstack|massed_compute|runpod_community|runpod_secure|thunder_compute|vast_ai,1666.7,6,10,6,29,7,70,High,Published,2026-09-15,2026-09-15,v2.4.0
CRI-DIF-H100-ALL-ALL-OD-EU,2026-09-15,DIF,,H100,ALL,ALL,EU,OnDemand,citable,1,2.0000,2.0000,2.0000,median,2.0000,2.0000,2.0000,2.0000,2.0000,1.9667,2.1891,2,3,hyperstack|vast_ai,5000.0,2,3,2,8,2,19,Medium,Provisional,2026-09-15,2026-09-15,v2.4.0
CRI-DIF-H100-ALL-ALL-OD-Other,2026-09-15,DIF,,H100,ALL,ALL,Other,OnDemand,citable,1,2.8913,3.0437,3.0437,median,2.5609,2.9515,2.2019,4.2000,2.8913,2.9095,2.9113,3,6,hyperbolic|spheron|vast_ai,3333.3,3,6,3,18,3,40,Medium,Published,2026-09-15,2026-09-15,v2.4.0
CRI-DIF-H100-ALL-ALL-OD-US,2026-09-15,DIF,,H100,ALL,ALL,US,OnDemand,citable,1,2.6143,2.7300,2.7300,median,2.3000,2.8900,1.9900,3.2000,2.6143,2.6143,2.6039,5,7,massed_compute|runpod_community|runpod_secure|thunder_compute|vast_ai,2000.0,5,7,5,21,6,51,High,Published,2026-09-15,2026-09-15,v2.4.0
CRI-DIF-H100-ALL-GTD-OD-ALL,2026-09-15,DIF,,H100,ALL,GTD,ALL,OnDemand,citable,1,2.4778,2.7300,2.7300,median,2.0000,2.8900,1.9900,3.2000,2.4778,2.4859,2.5459,5,9,massed_compute|runpod_community|runpod_secure|thunder_compute|vast_ai,2000.0,5,9,5,26,6,63,High,Published,2026-09-15,2026-09-15,v2.4.0
CRI-DIF-H100-ALL-GTD-OD-Other,2026-09-15,DIF,,H100,ALL,GTD,Other,OnDemand,citable,1,3.0291,3.0989,3.0989,median,2.6436,3.0187,2.5333,4.2000,3.0291,3.0511,3.0619,3,5,hyperbolic|spheron|vast_ai,3333.3,3,5,3,15,3,33,Medium,Published,2026-09-15,2026-09-15,v2.4.0
CRI-DIF-H100-ALL-GTD-OD-US,2026-09-15,DIF,,H100,ALL,GTD,US,OnDemand,citable,1,2.6143,2.7300,2.7300,median,2.3000,2.8900,1.9900,3.2000,2.6143,2.6143,2.6039,5,7,massed_compute|runpod_community|runpod_secure|thunder_compute|vast_ai,2000.0,5,7,5,21,6,51,High,Published,2026-09-15,2026-09-15,v2.4.0
CRI-DIF-H100-NVL-ALL-ALL-OD-ALL,2026-09-15,DIF,,H100,ALL,ALL,ALL,OnDemand,citable,1,2.1887,2.7866,2.7866,median,1.6760,2.8000,1.2899,3.1900,2.1887,2.1690,2.1535,4,29,azure|runpod_community|runpod_secure|vast_ai,2500.0,4,29,4,87,4,197,High,Published,2026-09-15,2026-09-15,v2.4.0
CRI-DIF-H100-NVL-ALL-ALL-OD-APAC,2026-09-15,DIF,,H100,ALL,ALL,APAC,OnDemand,citable,7,1.7850,2.1802,2.1802,median,1.6335,1.9545,1.5092,2.5867,1.7707,1.7707,1.7850,2,57,azure|vast_ai,5000.0,1,8,1,24,2,57,Medium,Provisional,2026-09-09,2026-09-15,v2.4.0
CRI-DIF-H100-NVL-ALL-ALL-OD-EU,2026-09-15,DIF,,H100,ALL,ALL,EU,OnDemand,citable,1,2.0980,2.2946,2.2946,median,1.7619,2.7333,1.5479,2.8000,2.0980,2.0602,2.0616,2,12,azure|vast_ai,5000.0,2,12,2,36,2,85,Medium,Provisional,2026-09-15,2026-09-15,v2.4.0
CRI-DIF-H100-NVL-ALL-ALL-OD-Other,2026-09-15,DIF,,H100,ALL,ALL,Other,OnDemand,citable,7,2.0660,2.1841,2.1841,median,1.6905,2.6009,1.6905,2.7465,1.7674,1.7674,2.0660,2,21,azure|spheron,5000.0,1,2,1,6,2,21,Medium,Provisional,2026-09-09,2026-09-15,v2.4.0
CRI-DIF-H100-NVL-ALL-ALL-OD-US,2026-09-15,DIF,,H100,ALL,ALL,US,OnDemand,citable,1,2.2528,2.6200,2.6200,median,1.5479,3.1200,1.2899,3.1900,2.2528,2.2457,2.2232,4,17,azure|runpod_community|runpod_secure|vast_ai,2500.0,4,17,4,51,4,112,High,Published,2026-09-15,2026-09-15,v2.4.0
CRI-DIF-H100-NVL-ALL-GTD-OD-ALL,2026-09-15,DIF,,H100,ALL,GTD,ALL,OnDemand,citable,1,2.8515,2.9883,2.9883,median,2.7200,3.1900,2.2667,3.1900,2.8515,2.8074,2.8166,3,13,runpod_community|runpod_secure|vast_ai,3333.3,3,13,3,39,3,85,Medium,Published,2026-09-15,2026-09-15,v2.4.0
CRI-DIF-H100-NVL-ALL-GTD-OD-US,2026-09-15,DIF,,H100,ALL,GTD,US,OnDemand,citable,1,2.8863,2.9050,2.9050,median,2.5900,3.1900,2.2667,3.1900,2.8863,2.8730,2.9064,3,9,runpod_community|runpod_secure|vast_ai,3333.3,3,9,3,27,3,56,Medium,Published,2026-09-15,2026-09-15,v2.4.0
CRI-DIF-H100-NVL-ALL-INT-OD-Other,2026-09-15,DIF,,H100,ALL,INT,Other,OnDemand,citable,7,1.9526,2.1841,2.1841,median,1.6905,1.8443,1.6905,2.6009,1.7674,1.7674,1.9526,2,18,azure|spheron,5000.0,1,2,1,6,2,18,Medium,Provisional,2026-09-09,2026-09-15,v2.4.0
CRI-DIF-H100-NVL-PCIe-ALL-OD-ALL,2026-09-15,DIF,,H100,PCIe,ALL,ALL,OnDemand,citable,1,2.1887,2.7866,2.7866,median,1.6760,2.8000,1.2899,3.1900,2.1887,2.1690,2.1535,4,29,azure|runpod_community|runpod_secure|vast_ai,2500.0,4,29,4,87,4,197,High,Published,2026-09-15,2026-09-15,v2.4.0
CRI-DIF-H100-NVL-PCIe-ALL-OD-EU,2026-09-15,DIF,,H100,PCIe,ALL,EU,OnDemand,citable,1,2.0980,2.2946,2.2946,median,1.7619,2.7333,1.5479,2.8000,2.0980,2.0602,2.0616,2,12,azure|vast_ai,5000.0,2,12,2,36,2,85,Medium,Provisional,2026-09-15,2026-09-15,v2.4.0
CRI-DIF-H100-NVL-PCIe-ALL-OD-US,2026-09-15,DIF,,H100,PCIe,ALL,US,OnDemand,citable,1,2.2528,2.6200,2.6200,median,1.5479,3.1200,1.2899,3.1900,2.2528,2.2457,2.2232,4,17,azure|runpod_community|runpod_secure|vast_ai,2500.0,4,17,4,51,4,112,High,Published,2026-09-15,2026-09-15,v2.4.0
CRI-DIF-H100-NVL-PCIe-GTD-OD-ALL,2026-09-15,DIF,,H100,PCIe,GTD,ALL,OnDemand,citable,1,2.8515,2.9883,2.9883,median,2.7200,3.1900,2.2667,3.1900,2.8515,2.8074,2.8166,3,13,runpod_community|runpod_secure|vast_ai,3333.3,3,13,3,39,3,85,Medium,Published,2026-09-15,2026-09-15,v2.4.0
CRI-DIF-H100-NVL-PCIe-GTD-OD-US,2026-09-15,DIF,,H100,PCIe,GTD,US,OnDemand,citable,1,2.8863,2.9050,2.9050,median,2.5900,3.1900,2.2667,3.1900,2.8863,2.8730,2.9064,3,9,runpod_community|runpod_secure|vast_ai,3333.3,3,9,3,27,3,56,Medium,Published,2026-09-15,2026-09-15,v2.4.0
CRI-DIF-H100-PCIe-ALL-OD-ALL,2026-09-15,DIF,,H100,PCIe,ALL,ALL,OnDemand,citable,1,2.4300,2.3983,2.3983,median,2.0000,2.8500,1.9900,3.2000,2.4300,2.4356,2.4913,6,10,hyperstack|massed_compute|runpod_community|runpod_secure|thunder_compute|vast_ai,1666.7,6,10,6,29,7,70,High,Published,2026-09-15,2026-09-15,v2.4.0
CRI-DIF-H100-PCIe-ALL-OD-EU,2026-09-15,DIF,,H100,PCIe,ALL,EU,OnDemand,citable,1,2.0000,2.0000,2.0000,median,2.0000,2.0000,2.0000,2.0000,2.0000,1.9667,2.1891,2,3,hyperstack|vast_ai,5000.0,2,3,2,8,2,19,Medium,Provisional,2026-09-15,2026-09-15,v2.4.0
CRI-DIF-H100-PCIe-ALL-OD-US,2026-09-15,DIF,,H100,PCIe,ALL,US,OnDemand,citable,1,2.6143,2.7300,2.7300,median,2.3000,2.8900,1.9900,3.2000,2.6143,2.6143,2.6039,5,7,massed_compute|runpod_community|runpod_secure|thunder_compute|vast_ai,2000.0,5,7,5,21,6,51,High,Published,2026-09-15,2026-09-15,v2.4.0
CRI-DIF-H100-PCIe-GTD-OD-ALL,2026-09-15,DIF,,H100,PCIe,GTD,ALL,OnDemand,citable,1,2.4778,2.7300,2.7300,median,2.0000,2.8900,1.9900,3.2000,2.4778,2.4859,2.5459,5,9,massed_compute|runpod_community|runpod_secure|thunder_compute|vast_ai,2000.0,5,9,5,26,6,63,High,Published,2026-09-15,2026-09-15,v2.4.0
CRI-DIF-H100-PCIe-GTD-OD-US,2026-09-15,DIF,,H100,PCIe,GTD,US,OnDemand,citable,1,2.6143,2.7300,2.7300,median,2.3000,2.8900,1.9900,3.2000,2.6143,2.6143,2.6039,5,7,massed_compute|runpod_community|runpod_secure|thunder_compute|vast_ai,2000.0,5,7,5,21,6,51,High,Published,2026-09-15,2026-09-15,v2.4.0
CRI-DIF-H200-NVL-ALL-ALL-OD-ALL,2026-09-15,DIF,,H200,ALL,ALL,ALL,OnDemand,citable,1,3.1571,3.8213,3.8213,median,3.6000,3.7900,0.5000,4.1053,3.1571,3.2448,3.2855,3,5,runpod_community|runpod_secure|vast_ai,3333.3,3,5,3,18,3,48,Medium,Published,2026-09-15,2026-09-15,v2.4.0
CRI-DIF-H200-NVL-ALL-ALL-OD-US,2026-09-15,DIF,,H200,ALL,ALL,US,OnDemand,citable,1,3.1571,3.8213,3.8213,median,3.6000,3.7900,0.5000,4.1053,3.1571,3.2004,3.2342,3,5,runpod_community|runpod_secure|vast_ai,3333.3,3,5,3,16,3,42,Medium,Published,2026-09-15,2026-09-15,v2.4.0
CRI-DIF-H200-NVL-ALL-GTD-OD-ALL,2026-09-15,DIF,,H200,ALL,GTD,ALL,OnDemand,citable,1,3.1571,3.8213,3.8213,median,3.6000,3.7900,0.5000,4.1053,3.1571,3.2448,3.2855,3,5,runpod_community|runpod_secure|vast_ai,3333.3,3,5,3,18,3,48,Medium,Published,2026-09-15,2026-09-15,v2.4.0
CRI-DIF-H200-NVL-ALL-GTD-OD-US,2026-09-15,DIF,,H200,ALL,GTD,US,OnDemand,citable,1,3.1571,3.8213,3.8213,median,3.6000,3.7900,0.5000,4.1053,3.1571,3.2004,3.2342,3,5,runpod_community|runpod_secure|vast_ai,3333.3,3,5,3,16,3,42,Medium,Published,2026-09-15,2026-09-15,v2.4.0
CRI-DIF-H200-NVL-PCIe-ALL-OD-ALL,2026-09-15,DIF,,H200,PCIe,ALL,ALL,OnDemand,citable,1,3.1571,3.8213,3.8213,median,3.6000,3.7900,0.5000,4.1053,3.1571,3.2448,3.2855,3,5,runpod_community|runpod_secure|vast_ai,3333.3,3,5,3,18,3,48,Medium,Published,2026-09-15,2026-09-15,v2.4.0
CRI-DIF-H200-NVL-PCIe-ALL-OD-US,2026-09-15,DIF,,H200,PCIe,ALL,US,OnDemand,citable,1,3.1571,3.8213,3.8213,median,3.6000,3.7900,0.5000,4.1053,3.1571,3.2004,3.2342,3,5,runpod_community|runpod_secure|vast_ai,3333.3,3,5,3,16,3,42,Medium,Published,2026-09-15,2026-09-15,v2.4.0
CRI-DIF-H200-NVL-PCIe-GTD-OD-ALL,2026-09-15,DIF,,H200,PCIe,GTD,ALL,OnDemand,citable,1,3.1571,3.8213,3.8213,median,3.6000,3.7900,0.5000,4.1053,3.1571,3.2448,3.2855,3,5,runpod_community|runpod_secure|vast_ai,3333.3,3,5,3,18,3,48,Medium,Published,2026-09-15,2026-09-15,v2.4.0
CRI-DIF-H200-NVL-PCIe-GTD-OD-US,2026-09-15,DIF,,H200,PCIe,GTD,US,OnDemand,citable,1,3.1571,3.8213,3.8213,median,3.6000,3.7900,0.5000,4.1053,3.1571,3.2004,3.2342,3,5,runpod_community|runpod_secure|vast_ai,3333.3,3,5,3,16,3,42,Medium,Published,2026-09-15,2026-09-15,v2.4.0
CRI-DIF-L4-ALL-ALL-OD-ALL,2026-09-15,DIF,,L4,ALL,ALL,ALL,OnDemand,citable,1,0.3850,0.3156,0.3156,median,0.1230,0.6002,0.0992,0.8141,0.3850,0.3786,0.3767,3,28,gcp|runpod_community|runpod_secure,3333.3,3,28,3,84,3,196,Medium,Published,2026-09-15,2026-09-15,v2.4.0
CRI-DIF-L4-ALL-ALL-OD-APAC,2026-09-15,DIF,,L4,ALL,ALL,APAC,OnDemand,citable,1,0.3528,0.2505,0.2505,median,0.1203,0.5630,0.1127,0.7688,0.3528,0.3472,0.3457,2,12,gcp|jarvislabs,5000.0,2,12,2,36,2,84,Medium,Provisional,2026-09-15,2026-09-15,v2.4.0
CRI-DIF-L4-ALL-ALL-OD-EU,2026-09-15,DIF,,L4,ALL,ALL,EU,OnDemand,citable,1,0.3834,0.3146,0.3146,median,0.1207,0.6207,0.0992,0.8141,0.3834,0.3784,0.3770,2,15,gcp|runpod_secure,5000.0,2,15,2,45,2,105,Medium,Provisional,2026-09-15,2026-09-15,v2.4.0
CRI-DIF-L4-ALL-ALL-OD-US,2026-09-15,DIF,,L4,ALL,ALL,US,OnDemand,citable,1,0.3869,0.4135,0.4135,median,0.1403,0.6002,0.1017,0.6761,0.3869,0.3788,0.3765,3,13,gcp|runpod_community|runpod_secure,3333.3,3,13,3,39,3,91,Medium,Published,2026-09-15,2026-09-15,v2.4.0
CRI-DIF-L4-ALL-GTD-OD-US,2026-09-15,DIF,,L4,ALL,GTD,US,OnDemand,citable,1,0.4733,0.4650,0.4650,median,0.4650,0.4900,0.4400,0.4900,0.4733,0.4733,0.4733,2,3,runpod_community|runpod_secure,5000.0,2,3,2,9,2,21,Medium,Provisional,2026-09-15,2026-09-15,v2.4.0
CRI-DIF-L4-ALL-INT-OD-APAC,2026-09-15,DIF,,L4,ALL,INT,APAC,OnDemand,citable,1,0.3528,0.2505,0.2505,median,0.1203,0.5630,0.1127,0.7688,0.3528,0.3472,0.3457,2,12,gcp|jarvislabs,5000.0,2,12,2,36,2,84,Medium,Provisional,2026-09-15,2026-09-15,v2.4.0
CRI-DIF-L4-PCIe-ALL-OD-ALL,2026-09-15,DIF,,L4,PCIe,ALL,ALL,OnDemand,citable,1,0.3850,0.3156,0.3156,median,0.1230,0.6002,0.0992,0.8141,0.3850,0.3786,0.3767,3,28,gcp|runpod_community|runpod_secure,3333.3,3,28,3,84,3,196,Medium,Published,2026-09-15,2026-09-15,v2.4.0
CRI-DIF-L4-PCIe-ALL-OD-EU,2026-09-15,DIF,,L4,PCIe,ALL,EU,OnDemand,citable,1,0.3834,0.3146,0.3146,median,0.1207,0.6207,0.0992,0.8141,0.3834,0.3784,0.3770,2,15,gcp|runpod_secure,5000.0,2,15,2,45,2,105,Medium,Provisional,2026-09-15,2026-09-15,v2.4.0
CRI-DIF-L4-PCIe-ALL-OD-US,2026-09-15,DIF,,L4,PCIe,ALL,US,OnDemand,citable,1,0.3869,0.4135,0.4135,median,0.1403,0.6002,0.1017,0.6761,0.3869,0.3788,0.3765,3,13,gcp|runpod_community|runpod_secure,3333.3,3,13,3,39,3,91,Medium,Published,2026-09-15,2026-09-15,v2.4.0
CRI-DIF-L4-PCIe-GTD-OD-US,2026-09-15,DIF,,L4,PCIe,GTD,US,OnDemand,citable,1,0.4733,0.4650,0.4650,median,0.4650,0.4900,0.4400,0.4900,0.4733,0.4733,0.4733,2,3,runpod_community|runpod_secure,5000.0,2,3,2,9,2,21,Medium,Provisional,2026-09-15,2026-09-15,v2.4.0
CRI-DIF-L40-ALL-ALL-OD-ALL,2026-09-15,DIF,,L40,ALL,ALL,ALL,OnDemand,citable,1,0.8230,0.8100,0.8100,median,0.7960,0.8300,0.6900,0.9900,0.8230,0.7945,0.7927,6,8,coreweave|hyperstack|massed_compute|runpod_community|runpod_secure|thunder_compute,1666.7,6,8,7,26,7,61,High,Published,2026-09-15,2026-09-15,v2.4.0
CRI-DIF-L40-ALL-ALL-OD-EU,2026-09-15,DIF,,L40,ALL,ALL,EU,OnDemand,citable,1,0.8100,0.8100,0.8100,median,0.8050,0.8150,0.8000,0.8200,0.8100,0.7208,0.7161,2,2,hyperstack|runpod_secure,5000.0,2,2,3,8,3,19,Medium,Provisional,2026-09-15,2026-09-15,v2.4.0
CRI-DIF-L40-ALL-ALL-OD-Other,2026-09-15,DIF,,L40,ALL,ALL,Other,OnDemand,citable,1,0.8833,0.7242,0.7242,median,0.7448,1.1083,0.3334,1.2600,0.8833,0.9332,0.9302,2,4,spheron|vast_ai,5000.0,2,4,2,11,2,26,Medium,Provisional,2026-09-15,2026-09-15,v2.4.0
CRI-DIF-L40-ALL-ALL-OD-US,2026-09-15,DIF,,L40,ALL,ALL,US,OnDemand,citable,1,0.8273,0.8200,0.8200,median,0.7928,0.8500,0.6900,0.9900,0.8273,0.8273,0.8273,5,6,coreweave|massed_compute|runpod_community|runpod_secure|thunder_compute,2000.0,5,6,5,18,5,42,High,Published,2026-09-15,2026-09-15,v2.4.0
CRI-DIF-L40-ALL-GTD-OD-ALL,2026-09-15,DIF,,L40,ALL,GTD,ALL,OnDemand,citable,1,0.8333,0.8400,0.8400,median,0.8200,0.8500,0.6900,0.9900,0.8333,0.7953,0.7929,4,6,massed_compute|runpod_community|runpod_secure|thunder_compute,2500.0,4,6,5,20,5,47,High,Published,2026-09-15,2026-09-15,v2.4.0
CRI-DIF-L40-ALL-GTD-OD-EU,2026-09-15,DIF,,L40,ALL,GTD,EU,OnDemand,citable,3,0.6733,0.6366,0.6366,median,0.4533,0.8200,0.4533,0.8200,0.8200,0.6733,0.6672,2,5,runpod_secure|vast_ai,5000.0,1,1,2,5,2,12,Medium,Provisional,2026-09-13,2026-09-15,v2.4.0
CRI-DIF-L40-ALL-GTD-OD-Other,2026-09-15,DIF,,L40,ALL,GTD,Other,OnDemand,citable,1,0.8837,0.7461,0.7461,median,0.6956,1.1589,0.3334,1.2600,0.8837,0.9524,0.9479,2,3,spheron|vast_ai,5000.0,2,3,2,8,2,19,Medium,Provisional,2026-09-15,2026-09-15,v2.4.0
CRI-DIF-L40-ALL-GTD-OD-US,2026-09-15,DIF,,L40,ALL,GTD,US,OnDemand,citable,1,0.8360,0.8400,0.8400,median,0.8200,0.8600,0.6900,0.9900,0.8360,0.8360,0.8360,4,5,massed_compute|runpod_community|runpod_secure|thunder_compute,2500.0,4,5,4,15,4,35,High,Published,2026-09-15,2026-09-15,v2.4.0
CRI-DIF-L40-PCIe-ALL-OD-ALL,2026-09-15,DIF,,L40,PCIe,ALL,ALL,OnDemand,citable,1,0.8230,0.8100,0.8100,median,0.7960,0.8300,0.6900,0.9900,0.8230,0.7945,0.7927,6,8,coreweave|hyperstack|massed_compute|runpod_community|runpod_secure|thunder_compute,1666.7,6,8,7,26,7,61,High,Published,2026-09-15,2026-09-15,v2.4.0
CRI-DIF-L40-PCIe-ALL-OD-EU,2026-09-15,DIF,,L40,PCIe,ALL,EU,OnDemand,citable,1,0.8100,0.8100,0.8100,median,0.8050,0.8150,0.8000,0.8200,0.8100,0.7208,0.7161,2,2,hyperstack|runpod_secure,5000.0,2,2,3,8,3,19,Medium,Provisional,2026-09-15,2026-09-15,v2.4.0
CRI-DIF-L40-PCIe-ALL-OD-US,2026-09-15,DIF,,L40,PCIe,ALL,US,OnDemand,citable,1,0.8273,0.8200,0.8200,median,0.7928,0.8500,0.6900,0.9900,0.8273,0.8273,0.8273,5,6,coreweave|massed_compute|runpod_community|runpod_secure|thunder_compute,2000.0,5,6,5,18,5,42,High,Published,2026-09-15,2026-09-15,v2.4.0
CRI-DIF-L40-PCIe-GTD-OD-ALL,2026-09-15,DIF,,L40,PCIe,GTD,ALL,OnDemand,citable,1,0.8333,0.8400,0.8400,median,0.8200,0.8500,0.6900,0.9900,0.8333,0.7953,0.7929,4,6,massed_compute|runpod_community|runpod_secure|thunder_compute,2500.0,4,6,5,20,5,47,High,Published,2026-09-15,2026-09-15,v2.4.0
CRI-DIF-L40-PCIe-GTD-OD-EU,2026-09-15,DIF,,L40,PCIe,GTD,EU,OnDemand,citable,3,0.6733,0.6366,0.6366,median,0.4533,0.8200,0.4533,0.8200,0.8200,0.6733,0.6672,2,5,runpod_secure|vast_ai,5000.0,1,1,2,5,2,12,Medium,Provisional,2026-09-13,2026-09-15,v2.4.0
CRI-DIF-L40-PCIe-GTD-OD-US,2026-09-15,DIF,,L40,PCIe,GTD,US,OnDemand,citable,1,0.8360,0.8400,0.8400,median,0.8200,0.8600,0.6900,0.9900,0.8360,0.8360,0.8360,4,5,massed_compute|runpod_community|runpod_secure|thunder_compute,2500.0,4,5,4,15,4,35,High,Published,2026-09-15,2026-09-15,v2.4.0
CRI-DIF-L40S-ALL-ALL-OD-ALL,2026-09-15,DIF,,L40S,ALL,ALL,ALL,OnDemand,citable,1,1.1774,0.9700,0.9700,median,0.8450,1.0900,0.5333,3.8448,1.1774,1.1598,1.1504,9,19,coreweave|datacrunch|massed_compute|nebius|runpod_community|runpod_secure|spheron|vast_ai|vultr,1111.1,9,19,9,59,9,140,High,Published,2026-09-15,2026-09-15,v2.4.0
CRI-DIF-L40S-ALL-ALL-OD-APAC,2026-09-15,DIF,,L40S,ALL,ALL,APAC,OnDemand,citable,1,0.7189,0.8117,0.8117,median,0.5333,0.8450,0.4667,1.0900,0.7189,0.7041,0.7115,2,3,runpod_secure|vast_ai,5000.0,2,3,2,9,2,20,Medium,Provisional,2026-09-15,2026-09-15,v2.4.0
CRI-DIF-L40S-ALL-ALL-OD-EU,2026-09-15,DIF,,L40S,ALL,ALL,EU,OnDemand,citable,1,1.3828,0.8200,0.8200,median,0.7314,1.3237,0.6667,3.8448,1.3828,1.3412,1.3211,5,8,datacrunch|nebius|runpod_secure|spheron|vast_ai,2000.0,5,8,5,26,5,62,High,Published,2026-09-15,2026-09-15,v2.4.0
CRI-DIF-L40S-ALL-ALL-OD-US,2026-09-15,DIF,,L40S,ALL,ALL,US,OnDemand,citable,1,1.0280,0.9775,0.9775,median,0.9775,1.0900,0.5333,1.4900,1.0280,1.0168,1.0148,6,11,coreweave|massed_compute|runpod_community|runpod_secure|vast_ai|vultr,1666.7,6,11,6,33,6,78,High,Published,2026-09-15,2026-09-15,v2.4.0
CRI-DIF-L40S-ALL-GTD-OD-ALL,2026-09-15,DIF,,L40S,ALL,GTD,ALL,OnDemand,citable,1,1.1942,0.9700,0.9700,median,0.9700,1.0900,0.5333,3.8448,1.1942,1.1682,1.1554,5,13,massed_compute|runpod_community|runpod_secure|spheron|vast_ai,2000.0,5,13,5,41,5,98,High,Published,2026-09-15,2026-09-15,v2.4.0
CRI-DIF-L40S-ALL-GTD-OD-APAC,2026-09-15,DIF,,L40S,ALL,GTD,APAC,OnDemand,citable,1,0.7189,0.8117,0.8117,median,0.5333,0.8450,0.4667,1.0900,0.7189,0.7041,0.7115,2,3,runpod_secure|vast_ai,5000.0,2,3,2,9,2,20,Medium,Provisional,2026-09-15,2026-09-15,v2.4.0
CRI-DIF-L40S-ALL-GTD-OD-EU,2026-09-15,DIF,,L40S,ALL,GTD,EU,OnDemand,citable,1,1.6729,1.0900,1.0900,median,0.9842,1.7787,0.6667,3.8448,1.6729,1.5549,1.5118,3,4,runpod_secure|spheron|vast_ai,3333.3,3,4,3,14,3,34,Medium,Provisional,2026-09-15,2026-09-15,v2.4.0
CRI-DIF-L40S-ALL-GTD-OD-US,2026-09-15,DIF,,L40S,ALL,GTD,US,OnDemand,citable,1,0.9815,0.8800,0.8800,median,0.9700,1.0900,0.5333,1.0900,0.9815,0.9678,0.9660,4,9,massed_compute|runpod_community|runpod_secure|vast_ai,2500.0,4,9,4,27,4,64,High,Published,2026-09-15,2026-09-15,v2.4.0
CRI-DIF-L40S-ALL-INT-OD-ALL,2026-09-15,DIF,,L40S,ALL,INT,ALL,OnDemand,citable,1,1.1409,0.9850,0.9850,median,0.7800,1.3638,0.7055,2.0250,1.1409,1.1405,1.1388,5,6,coreweave|datacrunch|nebius|spheron|vultr,2000.0,5,6,5,18,5,42,High,Published,2026-09-15,2026-09-15,v2.4.0
CRI-DIF-L40S-ALL-INT-OD-EU,2026-09-15,DIF,,L40S,ALL,INT,EU,OnDemand,citable,1,1.0926,0.8200,0.8200,median,0.7314,1.1812,0.7055,2.0250,1.0926,1.0920,1.0894,3,4,datacrunch|nebius|spheron,3333.3,3,4,3,12,3,28,Medium,Provisional,2026-09-15,2026-09-15,v2.4.0
CRI-DIF-L40S-ALL-INT-OD-US,2026-09-15,DIF,,L40S,ALL,INT,US,OnDemand,citable,1,1.2375,1.2375,1.2375,median,1.1113,1.3638,0.9850,1.4900,1.2375,1.2375,1.2375,2,2,coreweave|vultr,5000.0,2,2,2,6,2,14,Medium,Provisional,2026-09-15,2026-09-15,v2.4.0
CRI-DIF-L40S-PCIe-ALL-OD-ALL,2026-09-15,DIF,,L40S,PCIe,ALL,ALL,OnDemand,citable,1,1.1774,0.9700,0.9700,median,0.8450,1.0900,0.5333,3.8448,1.1774,1.1598,1.1504,9,19,coreweave|datacrunch|massed_compute|nebius|runpod_community|runpod_secure|spheron|vast_ai|vultr,1111.1,9,19,9,59,9,140,High,Published,2026-09-15,2026-09-15,v2.4.0
CRI-DIF-L40S-PCIe-ALL-OD-EU,2026-09-15,DIF,,L40S,PCIe,ALL,EU,OnDemand,citable,1,1.3828,0.8200,0.8200,median,0.7314,1.3237,0.6667,3.8448,1.3828,1.3412,1.3211,5,8,datacrunch|nebius|runpod_secure|spheron|vast_ai,2000.0,5,8,5,26,5,62,High,Published,2026-09-15,2026-09-15,v2.4.0
CRI-DIF-L40S-PCIe-ALL-OD-US,2026-09-15,DIF,,L40S,PCIe,ALL,US,OnDemand,citable,1,1.0280,0.9775,0.9775,median,0.9775,1.0900,0.5333,1.4900,1.0280,1.0168,1.0148,6,11,coreweave|massed_compute|runpod_community|runpod_secure|vast_ai|vultr,1666.7,6,11,6,33,6,78,High,Published,2026-09-15,2026-09-15,v2.4.0
CRI-DIF-L40S-PCIe-GTD-OD-ALL,2026-09-15,DIF,,L40S,PCIe,GTD,ALL,OnDemand,citable,1,1.1942,0.9700,0.9700,median,0.9700,1.0900,0.5333,3.8448,1.1942,1.1682,1.1554,5,13,massed_compute|runpod_community|runpod_secure|spheron|vast_ai,2000.0,5,13,5,41,5,98,High,Published,2026-09-15,2026-09-15,v2.4.0
CRI-DIF-L40S-PCIe-GTD-OD-EU,2026-09-15,DIF,,L40S,PCIe,GTD,EU,OnDemand,citable,1,1.6729,1.0900,1.0900,median,0.9842,1.7787,0.6667,3.8448,1.6729,1.5549,1.5118,3,4,runpod_secure|spheron|vast_ai,3333.3,3,4,3,14,3,34,Medium,Provisional,2026-09-15,2026-09-15,v2.4.0
CRI-DIF-L40S-PCIe-GTD-OD-US,2026-09-15,DIF,,L40S,PCIe,GTD,US,OnDemand,citable,1,0.9815,0.8800,0.8800,median,0.9700,1.0900,0.5333,1.0900,0.9815,0.9678,0.9660,4,9,massed_compute|runpod_community|runpod_secure|vast_ai,2500.0,4,9,4,27,4,64,High,Published,2026-09-15,2026-09-15,v2.4.0
CRI-DIF-L40S-PCIe-INT-OD-ALL,2026-09-15,DIF,,L40S,PCIe,INT,ALL,OnDemand,citable,1,1.1409,0.9850,0.9850,median,0.7800,1.3638,0.7055,2.0250,1.1409,1.1405,1.1388,5,6,coreweave|datacrunch|nebius|spheron|vultr,2000.0,5,6,5,18,5,42,High,Published,2026-09-15,2026-09-15,v2.4.0
CRI-DIF-L40S-PCIe-INT-OD-EU,2026-09-15,DIF,,L40S,PCIe,INT,EU,OnDemand,citable,1,1.0926,0.8200,0.8200,median,0.7314,1.1812,0.7055,2.0250,1.0926,1.0920,1.0894,3,4,datacrunch|nebius|spheron,3333.3,3,4,3,12,3,28,Medium,Provisional,2026-09-15,2026-09-15,v2.4.0
CRI-DIF-L40S-PCIe-INT-OD-US,2026-09-15,DIF,,L40S,PCIe,INT,US,OnDemand,citable,1,1.2375,1.2375,1.2375,median,1.1113,1.3638,0.9850,1.4900,1.2375,1.2375,1.2375,2,2,coreweave|vultr,5000.0,2,2,2,6,2,14,Medium,Provisional,2026-09-15,2026-09-15,v2.4.0
CRI-DIF-MI300X-ALL-ALL-OD-ALL,2026-09-15,DIF,,MI300X,ALL,ALL,ALL,OnDemand,citable,1,1.5499,1.8825,1.8825,median,1.3306,1.6395,1.1088,2.3900,1.5499,1.5499,1.5418,3,15,azure|runpod_secure|vultr,3333.3,3,15,3,45,3,104,Medium,Published,2026-09-15,2026-09-15,v2.4.0
CRI-DIF-MI300X-ALL-ALL-OD-EU,2026-09-15,DIF,,MI300X,ALL,ALL,EU,OnDemand,citable,1,1.5991,1.9019,1.9019,median,1.3860,1.6300,1.3306,2.3900,1.5991,1.5991,1.5827,2,7,azure|runpod_secure,5000.0,2,7,2,21,2,48,Medium,Provisional,2026-09-15,2026-09-15,v2.4.0
CRI-DIF-MI300X-ALL-ALL-OD-US,2026-09-15,DIF,,MI300X,ALL,ALL,US,OnDemand,citable,1,1.5068,1.8500,1.8500,median,1.2752,1.6410,1.1088,2.3900,1.5068,1.5068,1.5068,3,8,azure|runpod_secure|vultr,3333.3,3,8,3,24,3,56,Medium,Published,2026-09-15,2026-09-15,v2.4.0
CRI-DIF-MI300X-ALL-INT-OD-US,2026-09-15,DIF,,MI300X,ALL,INT,US,OnDemand,citable,1,1.3806,1.5903,1.5903,median,1.2197,1.4676,1.1088,1.8500,1.3806,1.3806,1.3806,2,7,azure|vultr,5000.0,2,7,2,21,2,49,Medium,Provisional,2026-09-15,2026-09-15,v2.4.0
CRI-DIF-MI300X-OAM-ALL-OD-ALL,2026-09-15,DIF,,MI300X,OAM,ALL,ALL,OnDemand,citable,1,1.5499,1.8825,1.8825,median,1.3306,1.6395,1.1088,2.3900,1.5499,1.5499,1.5418,3,15,azure|runpod_secure|vultr,3333.3,3,15,3,45,3,104,Medium,Published,2026-09-15,2026-09-15,v2.4.0
CRI-DIF-MI300X-OAM-ALL-OD-EU,2026-09-15,DIF,,MI300X,OAM,ALL,EU,OnDemand,citable,1,1.5991,1.9019,1.9019,median,1.3860,1.6300,1.3306,2.3900,1.5991,1.5991,1.5827,2,7,azure|runpod_secure,5000.0,2,7,2,21,2,48,Medium,Provisional,2026-09-15,2026-09-15,v2.4.0
CRI-DIF-MI300X-OAM-ALL-OD-US,2026-09-15,DIF,,MI300X,OAM,ALL,US,OnDemand,citable,1,1.5068,1.8500,1.8500,median,1.2752,1.6410,1.1088,2.3900,1.5068,1.5068,1.5068,3,8,azure|runpod_secure|vultr,3333.3,3,8,3,24,3,56,Medium,Published,2026-09-15,2026-09-15,v2.4.0
CRI-DIF-MI300X-OAM-INT-OD-US,2026-09-15,DIF,,MI300X,OAM,INT,US,OnDemand,citable,1,1.3806,1.5903,1.5903,median,1.2197,1.4676,1.1088,1.8500,1.3806,1.3806,1.3806,2,7,azure|vultr,5000.0,2,7,2,21,2,49,Medium,Provisional,2026-09-15,2026-09-15,v2.4.0
CRI-DIF-MI355X-ALL-ALL-OD-US,2026-09-15,DIF,,MI355X,ALL,ALL,US,OnDemand,citable,1,3.5450,3.5450,3.5450,median,3.0675,4.0225,2.5900,4.5000,3.5450,3.5450,3.5450,2,2,digitalocean|vultr,5000.0,2,2,2,6,2,14,Medium,Provisional,2026-09-15,2026-09-15,v2.4.0
CRI-DIF-MI355X-ALL-INT-OD-US,2026-09-15,DIF,,MI355X,ALL,INT,US,OnDemand,citable,1,3.5450,3.5450,3.5450,median,3.0675,4.0225,2.5900,4.5000,3.5450,3.5450,3.5450,2,2,digitalocean|vultr,5000.0,2,2,2,6,2,14,Medium,Provisional,2026-09-15,2026-09-15,v2.4.0
CRI-DIF-MI355X-OAM-ALL-OD-US,2026-09-15,DIF,,MI355X,OAM,ALL,US,OnDemand,citable,1,3.5450,3.5450,3.5450,median,3.0675,4.0225,2.5900,4.5000,3.5450,3.5450,3.5450,2,2,digitalocean|vultr,5000.0,2,2,2,6,2,14,Medium,Provisional,2026-09-15,2026-09-15,v2.4.0
CRI-DIF-MI355X-OAM-INT-OD-US,2026-09-15,DIF,,MI355X,OAM,INT,US,OnDemand,citable,1,3.5450,3.5450,3.5450,median,3.0675,4.0225,2.5900,4.5000,3.5450,3.5450,3.5450,2,2,digitalocean|vultr,5000.0,2,2,2,6,2,14,Medium,Provisional,2026-09-15,2026-09-15,v2.4.0
CRI-DIF-RTX-6000-Ada-ALL-ALL-OD-ALL,2026-09-15,DIF,,RTX6000Ada,ALL,ALL,ALL,OnDemand,citable,1,0.7152,0.7200,0.7200,median,0.6340,0.8400,0.4533,0.8400,0.7152,0.7111,0.7146,4,12,datacrunch|runpod_community|runpod_secure|vast_ai,2500.0,4,12,4,35,4,78,High,Published,2026-09-15,2026-09-15,v2.4.0
CRI-DIF-RTX-6000-Ada-ALL-ALL-OD-EU,2026-09-15,DIF,,RTX6000Ada,ALL,ALL,EU,OnDemand,citable,1,0.6165,0.5913,0.5913,median,0.4933,0.8000,0.4533,0.8000,0.6165,0.5847,0.5903,2,5,datacrunch|vast_ai,5000.0,2,5,2,12,2,26,Medium,Provisional,2026-09-15,2026-09-15,v2.4.0
CRI-DIF-RTX-6000-Ada-ALL-ALL-OD-US,2026-09-15,DIF,,RTX6000Ada,ALL,ALL,US,OnDemand,citable,1,0.7857,0.7700,0.7700,median,0.7367,0.8400,0.6667,0.8400,0.7857,0.7771,0.7768,3,7,runpod_community|runpod_secure|vast_ai,3333.3,3,7,3,23,3,52,Medium,Published,2026-09-15,2026-09-15,v2.4.0
CRI-DIF-RTX-6000-Ada-ALL-GTD-OD-ALL,2026-09-15,DIF,,RTX6000Ada,ALL,GTD,ALL,OnDemand,citable,1,0.7315,0.7700,0.7700,median,0.7000,0.8400,0.4533,0.8400,0.7315,0.7277,0.7332,3,11,runpod_community|runpod_secure|vast_ai,3333.3,3,11,3,32,3,71,Medium,Published,2026-09-15,2026-09-15,v2.4.0
CRI-DIF-RTX-6000-Ada-ALL-GTD-OD-US,2026-09-15,DIF,,RTX6000Ada,ALL,GTD,US,OnDemand,citable,1,0.7857,0.7700,0.7700,median,0.7367,0.8400,0.6667,0.8400,0.7857,0.7771,0.7768,3,7,runpod_community|runpod_secure|vast_ai,3333.3,3,7,3,23,3,52,Medium,Published,2026-09-15,2026-09-15,v2.4.0
CRI-DIF-RTX-6000-Ada-PCIe-ALL-OD-ALL,2026-09-15,DIF,,RTX6000Ada,PCIe,ALL,ALL,OnDemand,citable,1,0.7152,0.7200,0.7200,median,0.6340,0.8400,0.4533,0.8400,0.7152,0.7111,0.7146,4,12,datacrunch|runpod_community|runpod_secure|vast_ai,2500.0,4,12,4,35,4,78,High,Published,2026-09-15,2026-09-15,v2.4.0
CRI-DIF-RTX-6000-Ada-PCIe-ALL-OD-EU,2026-09-15,DIF,,RTX6000Ada,PCIe,ALL,EU,OnDemand,citable,1,0.6165,0.5913,0.5913,median,0.4933,0.8000,0.4533,0.8000,0.6165,0.5847,0.5903,2,5,datacrunch|vast_ai,5000.0,2,5,2,12,2,26,Medium,Provisional,2026-09-15,2026-09-15,v2.4.0
CRI-DIF-RTX-6000-Ada-PCIe-ALL-OD-US,2026-09-15,DIF,,RTX6000Ada,PCIe,ALL,US,OnDemand,citable,1,0.7857,0.7700,0.7700,median,0.7367,0.8400,0.6667,0.8400,0.7857,0.7771,0.7768,3,7,runpod_community|runpod_secure|vast_ai,3333.3,3,7,3,23,3,52,Medium,Published,2026-09-15,2026-09-15,v2.4.0
CRI-DIF-RTX-6000-Ada-PCIe-GTD-OD-ALL,2026-09-15,DIF,,RTX6000Ada,PCIe,GTD,ALL,OnDemand,citable,1,0.7315,0.7700,0.7700,median,0.7000,0.8400,0.4533,0.8400,0.7315,0.7277,0.7332,3,11,runpod_community|runpod_secure|vast_ai,3333.3,3,11,3,32,3,71,Medium,Published,2026-09-15,2026-09-15,v2.4.0
CRI-DIF-RTX-6000-Ada-PCIe-GTD-OD-US,2026-09-15,DIF,,RTX6000Ada,PCIe,GTD,US,OnDemand,citable,1,0.7857,0.7700,0.7700,median,0.7367,0.8400,0.6667,0.8400,0.7857,0.7771,0.7768,3,7,runpod_community|runpod_secure|vast_ai,3333.3,3,7,3,23,3,52,Medium,Published,2026-09-15,2026-09-15,v2.4.0
CRI-DIF-RTX-A6000-ALL-ALL-OD-ALL,2026-09-15,DIF,,A6000,ALL,ALL,ALL,OnDemand,citable,1,0.4163,0.3574,0.3574,median,0.3300,0.5300,0.2800,0.5300,0.4163,0.4068,0.3980,5,9,datacrunch|hyperstack|runpod_community|runpod_secure|vast_ai,2000.0,5,9,5,28,5,70,High,Published,2026-09-15,2026-09-15,v2.4.0
CRI-DIF-RTX-A6000-ALL-ALL-OD-EU,2026-09-15,DIF,,A6000,ALL,ALL,EU,OnDemand,citable,1,0.3727,0.3594,0.3594,median,0.2960,0.4000,0.2800,0.5300,0.3727,0.3737,0.3666,4,5,datacrunch|hyperstack|runpod_secure|vast_ai,2500.0,4,5,4,18,4,46,High,Published,2026-09-15,2026-09-15,v2.4.0
CRI-DIF-RTX-A6000-ALL-ALL-OD-US,2026-09-15,DIF,,A6000,ALL,ALL,US,OnDemand,citable,1,0.4708,0.4933,0.4933,median,0.4525,0.5300,0.3300,0.5300,0.4708,0.4663,0.4582,3,4,runpod_community|runpod_secure|vast_ai,3333.3,3,4,3,10,3,24,Medium,Provisional,2026-09-15,2026-09-15,v2.4.0
CRI-DIF-RTX-A6000-ALL-GTD-OD-ALL,2026-09-15,DIF,,A6000,ALL,GTD,ALL,OnDemand,citable,1,0.4358,0.4437,0.4437,median,0.3437,0.5300,0.2800,0.5300,0.4358,0.4228,0.4098,3,7,runpod_community|runpod_secure|vast_ai,3333.3,3,7,3,22,3,56,Medium,Published,2026-09-15,2026-09-15,v2.4.0
CRI-DIF-RTX-A6000-ALL-GTD-OD-EU,2026-09-15,DIF,,A6000,ALL,GTD,EU,OnDemand,citable,1,0.3891,0.4244,0.4244,median,0.3187,0.4437,0.2800,0.5300,0.3891,0.3865,0.3735,2,3,runpod_secure|vast_ai,5000.0,2,3,2,12,2,32,Medium,Provisional,2026-09-15,2026-09-15,v2.4.0
CRI-DIF-RTX-A6000-ALL-GTD-OD-US,2026-09-15,DIF,,A6000,ALL,GTD,US,OnDemand,citable,1,0.4708,0.4933,0.4933,median,0.4525,0.5300,0.3300,0.5300,0.4708,0.4663,0.4582,3,4,runpod_community|runpod_secure|vast_ai,3333.3,3,4,3,10,3,24,Medium,Provisional,2026-09-15,2026-09-15,v2.4.0
CRI-DIF-RTX-A6000-ALL-INT-OD-EU,2026-09-15,DIF,,A6000,ALL,INT,EU,OnDemand,citable,1,0.3480,0.3480,0.3480,median,0.3220,0.3740,0.2960,0.4000,0.3480,0.3480,0.3506,2,2,datacrunch|hyperstack,5000.0,2,2,2,6,2,14,Medium,Provisional,2026-09-15,2026-09-15,v2.4.0
CRI-DIF-RTX-A6000-PCIe-ALL-OD-ALL,2026-09-15,DIF,,A6000,PCIe,ALL,ALL,OnDemand,citable,1,0.4163,0.3574,0.3574,median,0.3300,0.5300,0.2800,0.5300,0.4163,0.4068,0.3980,5,9,datacrunch|hyperstack|runpod_community|runpod_secure|vast_ai,2000.0,5,9,5,28,5,70,High,Published,2026-09-15,2026-09-15,v2.4.0
CRI-DIF-RTX-A6000-PCIe-ALL-OD-EU,2026-09-15,DIF,,A6000,PCIe,ALL,EU,OnDemand,citable,1,0.3727,0.3594,0.3594,median,0.2960,0.4000,0.2800,0.5300,0.3727,0.3737,0.3666,4,5,datacrunch|hyperstack|runpod_secure|vast_ai,2500.0,4,5,4,18,4,46,High,Published,2026-09-15,2026-09-15,v2.4.0
CRI-DIF-RTX-A6000-PCIe-ALL-OD-US,2026-09-15,DIF,,A6000,PCIe,ALL,US,OnDemand,citable,1,0.4708,0.4933,0.4933,median,0.4525,0.5300,0.3300,0.5300,0.4708,0.4663,0.4582,3,4,runpod_community|runpod_secure|vast_ai,3333.3,3,4,3,10,3,24,Medium,Provisional,2026-09-15,2026-09-15,v2.4.0
CRI-DIF-RTX-A6000-PCIe-GTD-OD-ALL,2026-09-15,DIF,,A6000,PCIe,GTD,ALL,OnDemand,citable,1,0.4358,0.4437,0.4437,median,0.3437,0.5300,0.2800,0.5300,0.4358,0.4228,0.4098,3,7,runpod_community|runpod_secure|vast_ai,3333.3,3,7,3,22,3,56,Medium,Published,2026-09-15,2026-09-15,v2.4.0
CRI-DIF-RTX-A6000-PCIe-GTD-OD-EU,2026-09-15,DIF,,A6000,PCIe,GTD,EU,OnDemand,citable,1,0.3891,0.4244,0.4244,median,0.3187,0.4437,0.2800,0.5300,0.3891,0.3865,0.3735,2,3,runpod_secure|vast_ai,5000.0,2,3,2,12,2,32,Medium,Provisional,2026-09-15,2026-09-15,v2.4.0
CRI-DIF-RTX-A6000-PCIe-GTD-OD-US,2026-09-15,DIF,,A6000,PCIe,GTD,US,OnDemand,citable,1,0.4708,0.4933,0.4933,median,0.4525,0.5300,0.3300,0.5300,0.4708,0.4663,0.4582,3,4,runpod_community|runpod_secure|vast_ai,3333.3,3,4,3,10,3,24,Medium,Provisional,2026-09-15,2026-09-15,v2.4.0
CRI-DIF-RTX-A6000-PCIe-INT-OD-EU,2026-09-15,DIF,,A6000,PCIe,INT,EU,OnDemand,citable,1,0.3480,0.3480,0.3480,median,0.3220,0.3740,0.2960,0.4000,0.3480,0.3480,0.3506,2,2,datacrunch|hyperstack,5000.0,2,2,2,6,2,14,Medium,Provisional,2026-09-15,2026-09-15,v2.4.0
CRI-DIF-RTX-PRO-6000-ALL-ALL-OD-ALL,2026-09-15,DIF,,RTXPRO6000,ALL,ALL,ALL,OnDemand,citable,1,1.5812,1.4384,1.4384,median,1.2667,2.0900,0.7333,2.8000,1.5812,1.6381,1.6531,8,53,coreweave|datacrunch|hyperstack|nebius|runpod_community|runpod_secure|spheron|vast_ai,1250.0,8,53,8,166,8,361,High,Published,2026-09-15,2026-09-15,v2.4.0
CRI-DIF-RTX-PRO-6000-ALL-ALL-OD-APAC,2026-09-15,DIF,,RTXPRO6000,ALL,ALL,APAC,OnDemand,citable,1,1.2950,1.1617,1.1617,median,1.0608,1.4934,0.9600,1.6667,1.2950,1.3728,1.3055,2,6,jarvislabs|vast_ai,5000.0,2,6,2,19,2,45,Medium,Provisional,2026-09-15,2026-09-15,v2.4.0
CRI-DIF-RTX-PRO-6000-ALL-ALL-OD-EU,2026-09-15,DIF,,RTXPRO6000,ALL,ALL,EU,OnDemand,citable,1,1.5558,1.4667,1.4667,median,1.2000,2.0900,0.9210,2.5000,1.5558,1.6188,1.6514,7,25,coreweave|datacrunch|hyperstack|nebius|runpod_secure|spheron|vast_ai,1428.6,7,25,7,78,7,167,High,Published,2026-09-15,2026-09-15,v2.4.0
CRI-DIF-RTX-PRO-6000-ALL-ALL-OD-Other,2026-09-15,DIF,,RTXPRO6000,ALL,ALL,Other,OnDemand,citable,1,1.5252,1.7617,1.7617,median,1.3133,1.7866,0.9200,2.0900,1.5252,1.4820,1.4786,2,7,runpod_secure|vast_ai,5000.0,2,7,2,22,2,46,Medium,Provisional,2026-09-15,2026-09-15,v2.4.0
CRI-DIF-RTX-PRO-6000-ALL-ALL-OD-US,2026-09-15,DIF,,RTXPRO6000,ALL,ALL,US,OnDemand,citable,1,1.6039,1.6900,1.6900,median,1.2866,2.0900,0.7333,2.8000,1.6039,1.6553,1.6545,5,28,coreweave|runpod_community|runpod_secure|spheron|vast_ai,2000.0,5,28,5,88,5,194,High,Published,2026-09-15,2026-09-15,v2.4.0
CRI-DIF-RTX-PRO-6000-ALL-GTD-OD-ALL,2026-09-15,DIF,,RTXPRO6000,ALL,GTD,ALL,OnDemand,citable,1,1.6521,2.0900,2.0900,median,1.2866,2.0900,0.7333,2.8000,1.6521,1.7165,1.7375,4,44,runpod_community|runpod_secure|spheron|vast_ai,2500.0,4,44,4,139,4,300,High,Published,2026-09-15,2026-09-15,v2.4.0
CRI-DIF-RTX-PRO-6000-ALL-GTD-OD-EU,2026-09-15,DIF,,RTXPRO6000,ALL,GTD,EU,OnDemand,citable,1,1.6676,1.7783,1.7783,median,1.3134,2.0900,1.0000,2.5000,1.6676,1.7440,1.7970,3,19,runpod_secure|spheron|vast_ai,3333.3,3,19,3,60,3,126,Medium,Published,2026-09-15,2026-09-15,v2.4.0
CRI-DIF-RTX-PRO-6000-ALL-GTD-OD-Other,2026-09-15,DIF,,RTXPRO6000,ALL,GTD,Other,OnDemand,citable,1,1.5252,1.7617,1.7617,median,1.3133,1.7866,0.9200,2.0900,1.5252,1.4820,1.4786,2,7,runpod_secure|vast_ai,5000.0,2,7,2,22,2,46,Medium,Provisional,2026-09-15,2026-09-15,v2.4.0
CRI-DIF-RTX-PRO-6000-ALL-GTD-OD-US,2026-09-15,DIF,,RTXPRO6000,ALL,GTD,US,OnDemand,citable,1,1.6402,1.8900,1.8900,median,1.2933,2.0900,0.7333,2.8000,1.6402,1.6956,1.6945,4,25,runpod_community|runpod_secure|spheron|vast_ai,2500.0,4,25,4,79,4,174,High,Published,2026-09-15,2026-09-15,v2.4.0
CRI-DIF-RTX-PRO-6000-ALL-INT-OD-ALL,2026-09-15,DIF,,RTXPRO6000,ALL,INT,ALL,OnDemand,citable,1,1.2349,1.2881,1.2881,median,1.1950,1.3763,0.9210,1.4800,1.2349,1.2347,1.2377,5,9,coreweave|datacrunch|hyperstack|nebius|spheron,2000.0,5,9,5,27,5,61,High,Published,2026-09-15,2026-09-15,v2.4.0
CRI-DIF-RTX-PRO-6000-ALL-INT-OD-EU,2026-09-15,DIF,,RTXPRO6000,ALL,INT,EU,OnDemand,citable,1,1.2017,1.2856,1.2856,median,1.0112,1.3541,0.9210,1.4800,1.2017,1.2014,1.2040,5,6,coreweave|datacrunch|hyperstack|nebius|spheron,2000.0,5,6,5,18,5,41,High,Published,2026-09-15,2026-09-15,v2.4.0
CRI-DIF-RTX-PRO-6000-ALL-INT-OD-US,2026-09-15,DIF,,RTXPRO6000,ALL,INT,US,OnDemand,citable,1,1.3014,1.3068,1.3068,median,1.2590,1.3546,1.1950,1.3863,1.3014,1.3014,1.3068,2,3,coreweave|spheron,5000.0,2,3,2,9,2,20,Medium,Provisional,2026-09-15,2026-09-15,v2.4.0
CRI-DIF-RTX-PRO-6000-PCIe-ALL-OD-ALL,2026-09-15,DIF,,RTXPRO6000,PCIe,ALL,ALL,OnDemand,citable,1,1.5812,1.4384,1.4384,median,1.2667,2.0900,0.7333,2.8000,1.5812,1.6381,1.6531,8,53,coreweave|datacrunch|hyperstack|nebius|runpod_community|runpod_secure|spheron|vast_ai,1250.0,8,53,8,166,8,361,High,Published,2026-09-15,2026-09-15,v2.4.0
CRI-DIF-RTX-PRO-6000-PCIe-ALL-OD-EU,2026-09-15,DIF,,RTXPRO6000,PCIe,ALL,EU,OnDemand,citable,1,1.5558,1.4667,1.4667,median,1.2000,2.0900,0.9210,2.5000,1.5558,1.6188,1.6514,7,25,coreweave|datacrunch|hyperstack|nebius|runpod_secure|spheron|vast_ai,1428.6,7,25,7,78,7,167,High,Published,2026-09-15,2026-09-15,v2.4.0
CRI-DIF-RTX-PRO-6000-PCIe-ALL-OD-US,2026-09-15,DIF,,RTXPRO6000,PCIe,ALL,US,OnDemand,citable,1,1.6039,1.6900,1.6900,median,1.2866,2.0900,0.7333,2.8000,1.6039,1.6553,1.6545,5,28,coreweave|runpod_community|runpod_secure|spheron|vast_ai,2000.0,5,28,5,88,5,194,High,Published,2026-09-15,2026-09-15,v2.4.0
CRI-DIF-RTX-PRO-6000-PCIe-GTD-OD-ALL,2026-09-15,DIF,,RTXPRO6000,PCIe,GTD,ALL,OnDemand,citable,1,1.6521,2.0900,2.0900,median,1.2866,2.0900,0.7333,2.8000,1.6521,1.7165,1.7375,4,44,runpod_community|runpod_secure|spheron|vast_ai,2500.0,4,44,4,139,4,300,High,Published,2026-09-15,2026-09-15,v2.4.0
CRI-DIF-RTX-PRO-6000-PCIe-GTD-OD-EU,2026-09-15,DIF,,RTXPRO6000,PCIe,GTD,EU,OnDemand,citable,1,1.6676,1.7783,1.7783,median,1.3134,2.0900,1.0000,2.5000,1.6676,1.7440,1.7970,3,19,runpod_secure|spheron|vast_ai,3333.3,3,19,3,60,3,126,Medium,Published,2026-09-15,2026-09-15,v2.4.0
CRI-DIF-RTX-PRO-6000-PCIe-GTD-OD-US,2026-09-15,DIF,,RTXPRO6000,PCIe,GTD,US,OnDemand,citable,1,1.6402,1.8900,1.8900,median,1.2933,2.0900,0.7333,2.8000,1.6402,1.6956,1.6945,4,25,runpod_community|runpod_secure|spheron|vast_ai,2500.0,4,25,4,79,4,174,High,Published,2026-09-15,2026-09-15,v2.4.0
CRI-DIF-RTX-PRO-6000-PCIe-INT-OD-ALL,2026-09-15,DIF,,RTXPRO6000,PCIe,INT,ALL,OnDemand,citable,1,1.2349,1.2881,1.2881,median,1.1950,1.3763,0.9210,1.4800,1.2349,1.2347,1.2377,5,9,coreweave|datacrunch|hyperstack|nebius|spheron,2000.0,5,9,5,27,5,61,High,Published,2026-09-15,2026-09-15,v2.4.0
CRI-DIF-RTX-PRO-6000-PCIe-INT-OD-EU,2026-09-15,DIF,,RTXPRO6000,PCIe,INT,EU,OnDemand,citable,1,1.2017,1.2856,1.2856,median,1.0112,1.3541,0.9210,1.4800,1.2017,1.2014,1.2040,5,6,coreweave|datacrunch|hyperstack|nebius|spheron,2000.0,5,6,5,18,5,41,High,Published,2026-09-15,2026-09-15,v2.4.0
CRI-DIF-RTX-PRO-6000-PCIe-INT-OD-US,2026-09-15,DIF,,RTXPRO6000,PCIe,INT,US,OnDemand,citable,1,1.3014,1.3068,1.3068,median,1.2590,1.3546,1.1950,1.3863,1.3014,1.3014,1.3068,2,3,coreweave|spheron,5000.0,2,3,2,9,2,20,Medium,Provisional,2026-09-15,2026-09-15,v2.4.0
CRI-DIF-V100-16GB-ALL-ALL-OD-ALL,2026-09-15,DIF,,V100,ALL,ALL,ALL,OnDemand,citable,3,0.1684,0.1900,0.1900,median,0.0855,0.2300,0.0850,0.2300,0.1685,0.1684,0.1684,3,9,datacrunch|runpod_community|tensordock,3333.3,3,3,3,9,3,21,Medium,Published,2026-09-13,2026-09-15,v2.4.0
CRI-DIF-V100-16GB-ALL-ALL-OD-US,2026-09-15,DIF,,V100,ALL,ALL,US,OnDemand,citable,1,0.2100,0.2100,0.2100,median,0.2000,0.2200,0.1900,0.2300,0.2100,0.2100,0.2100,2,2,runpod_community|tensordock,5000.0,2,2,2,6,2,14,Medium,Provisional,2026-09-15,2026-09-15,v2.4.0
CRI-DIF-V100-16GB-ALL-GTD-OD-US,2026-09-15,DIF,,V100,ALL,GTD,US,OnDemand,citable,1,0.2100,0.2100,0.2100,median,0.2000,0.2200,0.1900,0.2300,0.2100,0.2100,0.2100,2,2,runpod_community|tensordock,5000.0,2,2,2,6,2,14,Medium,Provisional,2026-09-15,2026-09-15,v2.4.0
CRI-DIF-V100-16GB-SXM-ALL-OD-ALL,2026-09-15,DIF,,V100,SXM,ALL,ALL,OnDemand,citable,3,0.1684,0.1900,0.1900,median,0.0855,0.2300,0.0850,0.2300,0.1685,0.1684,0.1684,3,9,datacrunch|runpod_community|tensordock,3333.3,3,3,3,9,3,21,Medium,Published,2026-09-13,2026-09-15,v2.4.0
CRI-DIF-V100-16GB-SXM-ALL-OD-US,2026-09-15,DIF,,V100,SXM,ALL,US,OnDemand,citable,1,0.2100,0.2100,0.2100,median,0.2000,0.2200,0.1900,0.2300,0.2100,0.2100,0.2100,2,2,runpod_community|tensordock,5000.0,2,2,2,6,2,14,Medium,Provisional,2026-09-15,2026-09-15,v2.4.0
CRI-DIF-V100-16GB-SXM-GTD-OD-US,2026-09-15,DIF,,V100,SXM,GTD,US,OnDemand,citable,1,0.2100,0.2100,0.2100,median,0.2000,0.2200,0.1900,0.2300,0.2100,0.2100,0.2100,2,2,runpod_community|tensordock,5000.0,2,2,2,6,2,14,Medium,Provisional,2026-09-15,2026-09-15,v2.4.0
CRI-HIF-MI300X-ALL-GTD-OD-US,2026-09-15,HIF,,MI300X,ALL,GTD,US,OnDemand,citable,1,6.8052,6.6000,6.6000,median,6.0000,7.2900,6.0000,7.8566,6.8052,6.8052,6.8052,2,7,azure|oci,5000.0,2,7,2,21,2,49,Medium,Provisional,2026-09-15,2026-09-15,v2.4.0
CRI-IIF-A10-ALL-GTD-OD-US,2026-09-15,IIF,,A10,ALL,GTD,US,OnDemand,citable,1,1.3932,1.3545,1.3545,median,1.4190,1.4190,1.2900,1.4190,1.3932,1.3932,1.3932,2,5,lambda|sesterce,5000.0,2,5,2,15,2,35,Medium,Provisional,2026-09-15,2026-09-15,v2.4.0
CRI-IIF-A100-40GB-ALL-GTD-OD-US,2026-09-15,IIF,,A100,ALL,GTD,US,OnDemand,citable,1,2.5377,2.0895,2.0895,median,2.1890,2.8490,1.9900,3.5090,2.5377,2.4355,2.4964,2,7,lambda|sesterce,5000.0,2,7,2,19,2,47,Medium,Provisional,2026-09-15,2026-09-15,v2.4.0
CRI-IIF-A100-ALL-GTD-OD-US,2026-09-15,IIF,,A100,ALL,GTD,US,OnDemand,citable,1,1.6963,1.7425,1.7425,median,1.4850,1.8613,1.4850,2.0000,1.6963,1.6963,1.7125,2,4,crusoe|sesterce,5000.0,2,4,2,12,2,26,Medium,Provisional,2026-09-15,2026-09-15,v2.4.0
CRI-IIF-A30-ALL-GTD-1mo-APAC,2026-09-15,IIF,,A30,ALL,GTD,APAC,1M,market_intelligence,1,0.6167,0.6167,0.6167,median,0.5083,0.7250,0.4000,0.8333,0.6167,0.6167,0.6167,2,2,e2e|jarvislabs,5000.0,2,2,2,6,2,14,Medium,Provisional,2026-09-15,2026-09-15,v2.4.0
CRI-IIF-A30-ALL-GTD-1yr-APAC,2026-09-15,IIF,,A30,ALL,GTD,APAC,1Y,market_intelligence,1,0.5598,0.5598,0.5598,median,0.4699,0.6498,0.3800,0.7397,0.5598,0.5598,0.5598,2,2,e2e|jarvislabs,5000.0,2,2,2,6,2,14,Medium,Provisional,2026-09-15,2026-09-15,v2.4.0
CRI-IIF-A30-ALL-GTD-3mo-APAC,2026-09-15,IIF,,A30,ALL,GTD,APAC,3M,market_intelligence,1,0.6062,0.6062,0.6062,median,0.5031,0.7094,0.4000,0.8125,0.6062,0.6062,0.6062,2,2,e2e|jarvislabs,5000.0,2,2,2,6,2,14,Medium,Provisional,2026-09-15,2026-09-15,v2.4.0
CRI-IIF-A30-ALL-GTD-6mo-APAC,2026-09-15,IIF,,A30,ALL,GTD,APAC,6M,market_intelligence,1,0.5843,0.5843,0.5843,median,0.4872,0.6815,0.3900,0.7787,0.5843,0.5843,0.5843,2,2,e2e|jarvislabs,5000.0,2,2,2,6,2,14,Medium,Provisional,2026-09-15,2026-09-15,v2.4.0
CRI-IIF-A30-ALL-GTD-OD-APAC,2026-09-15,IIF,,A30,ALL,GTD,APAC,OnDemand,citable,1,0.8800,0.8800,0.8800,median,0.6450,1.1150,0.4100,1.3500,0.8800,0.8800,0.8800,2,2,e2e|jarvislabs,5000.0,2,2,2,6,2,14,Medium,Provisional,2026-09-15,2026-09-15,v2.4.0
CRI-IIF-A40-ALL-GTD-OD-APAC,2026-09-15,IIF,,A40,ALL,GTD,APAC,OnDemand,citable,1,1.7430,1.7430,1.7430,median,1.5915,1.8945,1.4400,2.0460,1.7430,1.7430,1.6925,2,2,e2e|sesterce,5000.0,2,2,2,6,2,12,Medium,Provisional,2026-09-15,2026-09-15,v2.4.0
CRI-IIF-GH200-ALL-GTD-OD-US,2026-09-15,IIF,,GH200,ALL,GTD,US,OnDemand,citable,1,4.3950,4.3950,4.3950,median,3.3425,5.4475,2.2900,6.5000,4.3950,4.3950,4.3950,2,2,coreweave|lambda,5000.0,2,2,2,6,2,14,Medium,Provisional,2026-09-15,2026-09-15,v2.4.0
CRI-IIF-H100-ALL-GTD-OD-US,2026-09-15,IIF,,H100,ALL,GTD,US,OnDemand,citable,1,4.2205,4.0045,4.0045,median,3.0747,4.7190,3.0030,6.5890,4.2205,3.9761,3.8812,2,6,lambda|sesterce,5000.0,2,6,2,18,2,46,Medium,Provisional,2026-09-15,2026-09-15,v2.4.0
CRI-IIF-L4-ALL-GTD-1mo-APAC,2026-09-15,IIF,,L4,ALL,GTD,APAC,1M,market_intelligence,1,0.4634,0.4634,0.4634,median,0.4467,0.4801,0.4300,0.4968,0.4634,0.4634,0.4634,2,2,e2e|jarvislabs,5000.0,2,2,2,6,2,14,Medium,Provisional,2026-09-15,2026-09-15,v2.4.0
CRI-IIF-L4-ALL-GTD-1yr-APAC,2026-09-15,IIF,,L4,ALL,GTD,APAC,1Y,market_intelligence,1,0.4150,0.4150,0.4150,median,0.4075,0.4225,0.4000,0.4300,0.4150,0.4150,0.4150,2,2,e2e|jarvislabs,5000.0,2,2,2,6,2,14,Medium,Provisional,2026-09-15,2026-09-15,v2.4.0
CRI-IIF-L4-ALL-GTD-3mo-APAC,2026-09-15,IIF,,L4,ALL,GTD,APAC,3M,market_intelligence,1,0.4584,0.4584,0.4584,median,0.4442,0.4725,0.4300,0.4867,0.4584,0.4584,0.4584,2,2,e2e|jarvislabs,5000.0,2,2,2,6,2,14,Medium,Provisional,2026-09-15,2026-09-15,v2.4.0
CRI-IIF-L4-ALL-GTD-6mo-APAC,2026-09-15,IIF,,L4,ALL,GTD,APAC,6M,market_intelligence,1,0.4394,0.4394,0.4394,median,0.4297,0.4490,0.4200,0.4587,0.4394,0.4394,0.4394,2,2,e2e|jarvislabs,5000.0,2,2,2,6,2,14,Medium,Provisional,2026-09-15,2026-09-15,v2.4.0
CRI-IIF-L4-ALL-GTD-OD-APAC,2026-09-15,IIF,,L4,ALL,GTD,APAC,OnDemand,citable,1,0.7267,0.5700,0.5700,median,0.5050,0.8700,0.4400,1.1700,0.7267,0.7267,0.7267,3,3,e2e|jarvislabs|neysa,3333.3,3,3,3,9,3,21,Medium,Provisional,2026-09-15,2026-09-15,v2.4.0
CRI-IIF-L40-ALL-GTD-OD-US,2026-09-15,IIF,,L40,ALL,GTD,US,OnDemand,citable,1,1.0620,1.1090,1.1090,median,0.9680,1.1090,0.9680,1.2500,1.0620,1.1071,1.1012,2,3,coreweave|sesterce,5000.0,2,3,2,10,2,23,Medium,Provisional,2026-09-15,2026-09-15,v2.4.0
CRI-IIF-L40S-ALL-GTD-OD-ALL,2026-09-15,IIF,,L40S,ALL,GTD,ALL,OnDemand,citable,1,1.6473,1.5925,1.5925,median,1.5000,1.8700,0.9680,2.2500,1.6473,1.6415,1.6406,4,9,coreweave|crusoe|nebius|sesterce,2500.0,4,9,4,28,4,65,High,Published,2026-09-15,2026-09-15,v2.4.0
CRI-IIF-L40S-ALL-GTD-OD-APAC,2026-09-15,IIF,,L40S,ALL,GTD,APAC,OnDemand,citable,1,1.5750,1.5750,1.5750,median,1.3875,1.7625,1.2000,1.9500,1.5750,1.5750,1.5750,2,2,e2e|neysa,5000.0,2,2,2,6,2,14,Medium,Provisional,2026-09-15,2026-09-15,v2.4.0
CRI-IIF-L40S-ALL-GTD-OD-EU,2026-09-15,IIF,,L40S,ALL,GTD,EU,OnDemand,citable,1,1.8725,1.8700,1.8700,median,1.7525,1.9650,1.5500,2.2500,1.8725,1.8725,1.8725,3,4,coreweave|nebius|sesterce,3333.3,3,4,3,12,3,28,Medium,Provisional,2026-09-15,2026-09-15,v2.4.0
CRI-IIF-L40S-ALL-GTD-OD-US,2026-09-15,IIF,,L40S,ALL,GTD,US,OnDemand,citable,1,1.4672,1.5000,1.5000,median,0.9680,1.6500,0.9680,2.2500,1.4672,1.4683,1.4652,3,5,coreweave|crusoe|sesterce,3333.3,3,5,3,16,3,37,Medium,Published,2026-09-15,2026-09-15,v2.4.0
CRI-IIF-L40S-PCIe-GTD-OD-ALL,2026-09-15,IIF,,L40S,PCIe,GTD,ALL,OnDemand,citable,1,1.6473,1.5925,1.5925,median,1.5000,1.8700,0.9680,2.2500,1.6473,1.6415,1.6406,4,9,coreweave|crusoe|nebius|sesterce,2500.0,4,9,4,28,4,65,High,Published,2026-09-15,2026-09-15,v2.4.0
CRI-IIF-RTX-A6000-ALL-GTD-OD-APAC,2026-09-15,IIF,,A6000,ALL,GTD,APAC,OnDemand,citable,1,0.9945,0.9945,0.9945,median,0.8922,1.0968,0.7900,1.1990,0.9945,0.9945,0.9945,2,2,jarvislabs|sesterce,5000.0,2,2,2,6,2,14,Medium,Provisional,2026-09-15,2026-09-15,v2.4.0
CRI-IIF-RTX-A6000-ALL-GTD-OD-US,2026-09-15,IIF,,A6000,ALL,GTD,US,OnDemand,citable,1,1.1442,1.1445,1.1445,median,0.7428,1.1990,0.6270,2.1230,1.1442,1.1442,1.1684,2,6,lambda|sesterce,5000.0,2,6,2,18,2,45,Medium,Provisional,2026-09-15,2026-09-15,v2.4.0
CRI-IIF-RTX-PRO-6000-ALL-GTD-1mo-APAC,2026-09-15,IIF,,RTXPRO6000,ALL,GTD,APAC,1M,market_intelligence,1,1.7861,1.7861,1.7861,median,1.7542,1.8181,1.7222,1.8500,1.7861,1.7861,1.7861,2,2,e2e|jarvislabs,5000.0,2,2,2,6,2,14,Medium,Provisional,2026-09-15,2026-09-15,v2.4.0
CRI-IIF-RTX-PRO-6000-ALL-GTD-1yr-APAC,2026-09-15,IIF,,RTXPRO6000,ALL,GTD,APAC,1Y,market_intelligence,1,1.6700,1.6700,1.6700,median,1.6349,1.7050,1.5999,1.7400,1.6700,1.6700,1.6700,2,2,e2e|jarvislabs,5000.0,2,2,2,6,2,14,Medium,Provisional,2026-09-15,2026-09-15,v2.4.0
CRI-IIF-RTX-PRO-6000-ALL-GTD-OD-ALL,2026-09-15,IIF,,RTXPRO6000,ALL,GTD,ALL,OnDemand,citable,1,2.7314,2.5000,2.5000,median,2.4090,3.1255,1.8000,3.7510,2.7314,2.4915,2.4700,3,7,coreweave|nebius|sesterce,3333.3,3,7,3,17,3,39,Medium,Published,2026-09-15,2026-09-15,v2.4.0
CRI-IIF-RTX-PRO-6000-ALL-GTD-OD-APAC,2026-09-15,IIF,,RTXPRO6000,ALL,GTD,APAC,OnDemand,citable,1,1.8950,1.8950,1.8950,median,1.8925,1.8975,1.8900,1.9000,1.8950,1.8950,1.8950,2,2,e2e|jarvislabs,5000.0,2,2,2,6,2,14,Medium,Provisional,2026-09-15,2026-09-15,v2.4.0
CRI-IIF-RTX-PRO-6000-ALL-GTD-OD-EU,2026-09-15,IIF,,RTXPRO6000,ALL,GTD,EU,OnDemand,citable,1,2.1500,2.1500,2.1500,median,1.9750,2.3250,1.8000,2.5000,2.1500,2.1500,2.1500,2,2,coreweave|nebius,5000.0,2,2,2,6,2,14,Medium,Provisional,2026-09-15,2026-09-15,v2.4.0
CRI-IIF-RTX-PRO-6000-ALL-GTD-OD-US,2026-09-15,IIF,,RTXPRO6000,ALL,GTD,US,OnDemand,citable,1,2.9640,2.7900,2.7900,median,2.4090,3.7510,2.4090,3.7510,2.9640,2.6778,2.6492,2,5,coreweave|sesterce,5000.0,2,5,2,11,2,25,Medium,Provisional,2026-09-15,2026-09-15,v2.4.0
CRI-IIF-RTX-PRO-6000-PCIe-GTD-OD-ALL,2026-09-15,IIF,,RTXPRO6000,PCIe,GTD,ALL,OnDemand,citable,1,2.7314,2.5000,2.5000,median,2.4090,3.1255,1.8000,3.7510,2.7314,2.4915,2.4700,3,7,coreweave|nebius|sesterce,3333.3,3,7,3,17,3,39,Medium,Published,2026-09-15,2026-09-15,v2.4.0
CRI-SIF-A100-ALL-GTD-6mo-ALL,2026-09-15,SIF,,A100,ALL,GTD,ALL,6M,market_intelligence,1,0.9860,0.9965,0.9965,median,0.9650,1.0040,0.9500,1.0280,0.9860,0.9868,0.9875,2,3,hyperstack|seeweb,5000.0,2,3,2,9,2,21,Medium,Provisional,2026-09-15,2026-09-15,v2.4.0
CRI-SIF-A100-ALL-GTD-6mo-EU,2026-09-15,SIF,,A100,ALL,GTD,EU,6M,market_intelligence,1,0.9860,0.9965,0.9965,median,0.9650,1.0040,0.9500,1.0280,0.9860,0.9868,0.9875,2,3,hyperstack|seeweb,5000.0,2,3,2,9,2,21,Medium,Provisional,2026-09-15,2026-09-15,v2.4.0
CRI-SIF-A100-ALL-GTD-OD-ALL,2026-09-15,SIF,,A100,ALL,GTD,ALL,OnDemand,citable,3,1.5527,1.4225,1.4225,median,1.3500,1.4700,1.1435,2.3973,1.5522,1.5527,1.5532,4,15,hyperstack|oblivus|seeweb|vultr,2500.0,4,5,4,15,4,35,High,Published,2026-09-13,2026-09-15,v2.4.0
CRI-SIF-A100-ALL-GTD-OD-EU,2026-09-15,SIF,,A100,ALL,GTD,EU,OnDemand,citable,1,1.2978,1.2592,1.2592,median,1.2468,1.3750,1.1435,1.4000,1.2978,1.2987,1.2995,2,3,hyperstack|seeweb,5000.0,2,3,2,9,2,21,Medium,Provisional,2026-09-15,2026-09-15,v2.4.0
CRI-SIF-A100-ALL-GTD-OD-US,2026-09-15,SIF,,A100,ALL,GTD,US,OnDemand,citable,1,1.9337,1.9337,1.9337,median,1.7018,2.1655,1.4700,2.3973,1.9337,1.9337,1.9337,2,2,oblivus|vultr,5000.0,2,2,2,6,2,14,Medium,Provisional,2026-09-15,2026-09-15,v2.4.0
CRI-SIF-A100-PCIe-GTD-6mo-ALL,2026-09-15,SIF,,A100,PCIe,GTD,ALL,6M,market_intelligence,1,0.9860,0.9965,0.9965,median,0.9650,1.0040,0.9500,1.0280,0.9860,0.9868,0.9875,2,3,hyperstack|seeweb,5000.0,2,3,2,9,2,21,Medium,Provisional,2026-09-15,2026-09-15,v2.4.0
CRI-SIF-A100-PCIe-GTD-OD-ALL,2026-09-15,SIF,,A100,PCIe,GTD,ALL,OnDemand,citable,3,1.5527,1.4225,1.4225,median,1.3500,1.4700,1.1435,2.3973,1.5522,1.5527,1.5532,4,15,hyperstack|oblivus|seeweb|vultr,2500.0,4,5,4,15,4,35,High,Published,2026-09-13,2026-09-15,v2.4.0
CRI-SIF-GH200-ALL-GTD-OD-US,2026-09-15,SIF,,GH200,ALL,GTD,US,OnDemand,citable,1,2.9300,2.9300,2.9300,median,2.4600,3.4000,1.9900,3.8700,2.9300,2.9300,2.7641,2,2,denvr|vultr,5000.0,2,2,2,6,2,17,Medium,Provisional,2026-09-15,2026-09-15,v2.4.0
CRI-SIF-H100-ALL-GTD-OD-ALL,2026-09-15,SIF,,H100,ALL,GTD,ALL,OnDemand,citable,3,3.1013,3.3464,3.3464,median,2.6000,3.3700,2.5000,3.5000,3.0987,3.1013,3.1035,4,18,hyperstack|latitude|oblivus|scaleway,2500.0,4,6,4,18,4,42,High,Published,2026-09-13,2026-09-15,v2.4.0
CRI-SIF-H100-ALL-GTD-OD-EU,2026-09-15,SIF,,H100,ALL,GTD,EU,OnDemand,citable,1,2.9306,2.9306,2.9306,median,2.5750,3.3111,2.5000,3.3111,2.9306,2.9345,2.9378,2,4,hyperstack|scaleway,5000.0,2,4,2,12,2,28,Medium,Provisional,2026-09-15,2026-09-15,v2.4.0
CRI-SIF-H100-ALL-GTD-OD-US,2026-09-15,SIF,,H100,ALL,GTD,US,OnDemand,citable,1,3.4350,3.4350,3.4350,median,3.4025,3.4675,3.3700,3.5000,3.4350,3.4350,3.4350,2,2,latitude|oblivus,5000.0,2,2,2,6,2,14,Medium,Provisional,2026-09-15,2026-09-15,v2.4.0
CRI-SIF-H100-PCIe-GTD-OD-ALL,2026-09-15,SIF,,H100,PCIe,GTD,ALL,OnDemand,citable,3,3.1013,3.3464,3.3464,median,2.6000,3.3700,2.5000,3.5000,3.0987,3.1013,3.1035,4,18,hyperstack|latitude|oblivus|scaleway,2500.0,4,6,4,18,4,42,High,Published,2026-09-13,2026-09-15,v2.4.0
CRI-SIF-L40S-ALL-GTD-1mo-ALL,2026-09-15,SIF,,L40S,ALL,GTD,ALL,1M,market_intelligence,1,0.9765,0.9765,0.9765,median,0.7732,1.1798,0.5700,1.3830,0.9765,0.9743,0.9943,2,2,cloudrift|datacrunch,5000.0,2,2,2,6,2,13,Medium,Provisional,2026-09-15,2026-09-15,v2.4.0
CRI-SIF-L40S-ALL-GTD-1yr-ALL,2026-09-15,SIF,,L40S,ALL,GTD,ALL,1Y,market_intelligence,1,1.1942,1.1942,1.1942,median,1.1421,1.2463,1.0900,1.2984,1.1942,1.1921,1.1824,2,2,civo|datacrunch,5000.0,2,2,2,6,2,14,Medium,Provisional,2026-09-15,2026-09-15,v2.4.0
CRI-SIF-L40S-ALL-GTD-1yr-EU,2026-09-15,SIF,,L40S,ALL,GTD,EU,1Y,market_intelligence,1,1.1942,1.1942,1.1942,median,1.1421,1.2463,1.0900,1.2984,1.1942,1.1921,1.1824,2,2,civo|datacrunch,5000.0,2,2,2,6,2,14,Medium,Provisional,2026-09-15,2026-09-15,v2.4.0
CRI-SIF-L40S-ALL-GTD-2yr-ALL,2026-09-15,SIF,,L40S,ALL,GTD,ALL,2Y,market_intelligence,1,1.0242,1.0242,1.0242,median,1.0071,1.0413,0.9900,1.0584,1.0242,1.0225,1.0146,2,2,civo|datacrunch,5000.0,2,2,2,6,2,14,Medium,Provisional,2026-09-15,2026-09-15,v2.4.0
CRI-SIF-L40S-ALL-GTD-2yr-EU,2026-09-15,SIF,,L40S,ALL,GTD,EU,2Y,market_intelligence,1,1.0242,1.0242,1.0242,median,1.0071,1.0413,0.9900,1.0584,1.0242,1.0225,1.0146,2,2,civo|datacrunch,5000.0,2,2,2,6,2,14,Medium,Provisional,2026-09-15,2026-09-15,v2.4.0
CRI-SIF-L40S-ALL-GTD-3mo-ALL,2026-09-15,SIF,,L40S,ALL,GTD,ALL,3M,market_intelligence,1,0.9545,0.9545,0.9545,median,0.7472,1.1617,0.5400,1.3689,0.9545,0.9522,0.9730,2,2,cloudrift|datacrunch,5000.0,2,2,2,6,2,13,Medium,Provisional,2026-09-15,2026-09-15,v2.4.0
CRI-SIF-L40S-ALL-GTD-6mo-ALL,2026-09-15,SIF,,L40S,ALL,GTD,ALL,6M,market_intelligence,1,1.2724,1.2724,1.2724,median,1.2312,1.3136,1.1900,1.3548,1.2724,1.2702,1.2601,2,2,civo|datacrunch,5000.0,2,2,2,6,2,14,Medium,Provisional,2026-09-15,2026-09-15,v2.4.0
CRI-SIF-L40S-ALL-GTD-6mo-EU,2026-09-15,SIF,,L40S,ALL,GTD,EU,6M,market_intelligence,1,1.2724,1.2724,1.2724,median,1.2312,1.3136,1.1900,1.3548,1.2724,1.2702,1.2601,2,2,civo|datacrunch,5000.0,2,2,2,6,2,14,Medium,Provisional,2026-09-15,2026-09-15,v2.4.0
CRI-SIF-L40S-ALL-GTD-OD-ALL,2026-09-15,SIF,,L40S,ALL,GTD,ALL,OnDemand,citable,3,1.5569,1.5700,1.5700,median,1.4113,1.6979,1.2900,1.7039,1.5564,1.5569,1.5546,5,18,civo|datacrunch|digitalocean|scaleway|vultr,2000.0,5,6,5,18,5,42,High,Published,2026-09-13,2026-09-15,v2.4.0
CRI-SIF-L40S-ALL-GTD-OD-EU,2026-09-15,SIF,,L40S,ALL,GTD,EU,OnDemand,citable,1,1.5243,1.4113,1.4113,median,1.3810,1.6979,1.2900,1.6979,1.5243,1.5251,1.5216,3,4,civo|datacrunch|scaleway,3333.3,3,4,3,12,3,28,Medium,Provisional,2026-09-15,2026-09-15,v2.4.0
CRI-SIF-L40S-ALL-GTD-OD-US,2026-09-15,SIF,,L40S,ALL,GTD,US,OnDemand,citable,1,1.6205,1.6205,1.6205,median,1.5953,1.6458,1.5700,1.6710,1.6205,1.6205,1.6205,2,2,digitalocean|vultr,5000.0,2,2,2,6,2,14,Medium,Provisional,2026-09-15,2026-09-15,v2.4.0
CRI-SIF-L40S-PCIe-GTD-1mo-ALL,2026-09-15,SIF,,L40S,PCIe,GTD,ALL,1M,market_intelligence,1,0.9765,0.9765,0.9765,median,0.7732,1.1798,0.5700,1.3830,0.9765,0.9743,0.9943,2,2,cloudrift|datacrunch,5000.0,2,2,2,6,2,13,Medium,Provisional,2026-09-15,2026-09-15,v2.4.0
CRI-SIF-L40S-PCIe-GTD-1yr-ALL,2026-09-15,SIF,,L40S,PCIe,GTD,ALL,1Y,market_intelligence,1,1.1942,1.1942,1.1942,median,1.1421,1.2463,1.0900,1.2984,1.1942,1.1921,1.1824,2,2,civo|datacrunch,5000.0,2,2,2,6,2,14,Medium,Provisional,2026-09-15,2026-09-15,v2.4.0
CRI-SIF-L40S-PCIe-GTD-2yr-ALL,2026-09-15,SIF,,L40S,PCIe,GTD,ALL,2Y,market_intelligence,1,1.0242,1.0242,1.0242,median,1.0071,1.0413,0.9900,1.0584,1.0242,1.0225,1.0146,2,2,civo|datacrunch,5000.0,2,2,2,6,2,14,Medium,Provisional,2026-09-15,2026-09-15,v2.4.0
CRI-SIF-L40S-PCIe-GTD-3mo-ALL,2026-09-15,SIF,,L40S,PCIe,GTD,ALL,3M,market_intelligence,1,0.9545,0.9545,0.9545,median,0.7472,1.1617,0.5400,1.3689,0.9545,0.9522,0.9730,2,2,cloudrift|datacrunch,5000.0,2,2,2,6,2,13,Medium,Provisional,2026-09-15,2026-09-15,v2.4.0
CRI-SIF-L40S-PCIe-GTD-6mo-ALL,2026-09-15,SIF,,L40S,PCIe,GTD,ALL,6M,market_intelligence,1,1.2724,1.2724,1.2724,median,1.2312,1.3136,1.1900,1.3548,1.2724,1.2702,1.2601,2,2,civo|datacrunch,5000.0,2,2,2,6,2,14,Medium,Provisional,2026-09-15,2026-09-15,v2.4.0
CRI-SIF-L40S-PCIe-GTD-OD-ALL,2026-09-15,SIF,,L40S,PCIe,GTD,ALL,OnDemand,citable,3,1.5569,1.5700,1.5700,median,1.4113,1.6979,1.2900,1.7039,1.5564,1.5569,1.5546,5,18,civo|datacrunch|digitalocean|scaleway|vultr,2000.0,5,6,5,18,5,42,High,Published,2026-09-13,2026-09-15,v2.4.0
CRI-SIF-MI300X-ALL-GTD-1yr-ALL,2026-09-15,SIF,,MI300X,ALL,GTD,ALL,1Y,market_intelligence,1,2.1101,2.1101,2.1101,median,2.0100,2.2102,1.9100,2.3102,2.1101,2.1128,2.1151,2,2,digitalocean|seeweb,5000.0,2,2,2,6,2,14,Medium,Provisional,2026-09-15,2026-09-15,v2.4.0
CRI-SIF-MI300X-ALL-GTD-OD-ALL,2026-09-15,SIF,,MI300X,ALL,GTD,ALL,OnDemand,citable,3,3.0727,2.8571,2.8571,median,2.6834,3.2400,2.5900,3.9900,3.0711,3.0727,3.0741,4,12,digitalocean|hot_aisle|seeweb|vultr,2500.0,4,4,4,12,4,28,High,Published,2026-09-13,2026-09-15,v2.4.0
CRI-SIF-MI300X-ALL-GTD-OD-US,2026-09-15,SIF,,MI300X,ALL,GTD,US,OnDemand,citable,1,3.1900,2.9900,2.9900,median,2.7900,3.4900,2.5900,3.9900,3.1900,3.1900,3.1900,3,3,digitalocean|hot_aisle|vultr,3333.3,3,3,3,9,3,21,Medium,Provisional,2026-09-15,2026-09-15,v2.4.0
CRI-SIF-MI300X-OAM-GTD-1yr-ALL,2026-09-15,SIF,,MI300X,OAM,GTD,ALL,1Y,market_intelligence,1,2.1101,2.1101,2.1101,median,2.0100,2.2102,1.9100,2.3102,2.1101,2.1128,2.1151,2,2,digitalocean|seeweb,5000.0,2,2,2,6,2,14,Medium,Provisional,2026-09-15,2026-09-15,v2.4.0
CRI-SIF-MI300X-OAM-GTD-OD-ALL,2026-09-15,SIF,,MI300X,OAM,GTD,ALL,OnDemand,citable,3,3.0727,2.8571,2.8571,median,2.6834,3.2400,2.5900,3.9900,3.0711,3.0727,3.0741,4,12,digitalocean|hot_aisle|seeweb|vultr,2500.0,4,4,4,12,4,28,High,Published,2026-09-13,2026-09-15,v2.4.0
CRI-SIF-MI325X-ALL-GTD-OD-US,2026-09-15,SIF,,MI325X,ALL,GTD,US,OnDemand,citable,1,4.2075,4.2075,4.2075,median,4.0038,4.4112,3.8000,4.6150,4.2075,4.2075,4.2075,2,2,digitalocean|vultr,5000.0,2,2,2,6,2,14,Medium,Provisional,2026-09-15,2026-09-15,v2.4.0
CRI-SIF-RTX-6000-Ada-ALL-GTD-OD-EU,2026-09-15,SIF,,RTX6000Ada,ALL,GTD,EU,OnDemand,citable,1,0.7860,0.7860,0.7860,median,0.6430,0.9290,0.5000,1.0720,0.7860,0.7842,0.7761,2,2,datacrunch|hyperstack,5000.0,2,2,2,6,2,14,Medium,Provisional,2026-09-15,2026-09-15,v2.4.0
CRI-SIF-RTX-A6000-ALL-GTD-6mo-ALL,2026-09-15,SIF,,A6000,ALL,GTD,ALL,6M,market_intelligence,1,0.4592,0.4592,0.4592,median,0.4046,0.5137,0.3500,0.5683,0.4592,0.4592,0.4641,2,2,datacrunch|hyperstack,5000.0,2,2,2,6,2,14,Medium,Provisional,2026-09-15,2026-09-15,v2.4.0
CRI-SIF-RTX-A6000-ALL-GTD-6mo-EU,2026-09-15,SIF,,A6000,ALL,GTD,EU,6M,market_intelligence,1,0.4592,0.4592,0.4592,median,0.4046,0.5137,0.3500,0.5683,0.4592,0.4592,0.4641,2,2,datacrunch|hyperstack,5000.0,2,2,2,6,2,14,Medium,Provisional,2026-09-15,2026-09-15,v2.4.0
CRI-SIF-RTX-A6000-ALL-GTD-OD-EU,2026-09-15,SIF,,A6000,ALL,GTD,EU,OnDemand,citable,1,0.5460,0.5460,0.5460,median,0.5230,0.5690,0.5000,0.5920,0.5460,0.5460,0.5511,2,2,datacrunch|hyperstack,5000.0,2,2,2,6,2,14,Medium,Provisional,2026-09-15,2026-09-15,v2.4.0
CRI-SIF-RTX-A6000-PCIe-GTD-6mo-ALL,2026-09-15,SIF,,A6000,PCIe,GTD,ALL,6M,market_intelligence,1,0.4592,0.4592,0.4592,median,0.4046,0.5137,0.3500,0.5683,0.4592,0.4592,0.4641,2,2,datacrunch|hyperstack,5000.0,2,2,2,6,2,14,Medium,Provisional,2026-09-15,2026-09-15,v2.4.0
CRI-SIF-RTX-PRO-6000-ALL-GTD-1mo-ALL,2026-09-15,SIF,,RTXPRO6000,ALL,GTD,ALL,1M,market_intelligence,1,2.2414,1.8057,1.8057,median,1.6443,3.0000,1.1600,3.0000,2.2414,2.2406,2.2880,3,4,cloudrift|datacrunch|latitude,3333.3,3,4,3,12,3,27,Medium,Provisional,2026-09-15,2026-09-15,v2.4.0
CRI-SIF-RTX-PRO-6000-ALL-GTD-1mo-EU,2026-09-15,SIF,,RTXPRO6000,ALL,GTD,EU,1M,market_intelligence,1,2.4028,2.4028,2.4028,median,2.1043,2.7014,1.8057,3.0000,2.4028,2.4012,2.4154,2,2,datacrunch|latitude,5000.0,2,2,2,6,2,14,Medium,Provisional,2026-09-15,2026-09-15,v2.4.0
CRI-SIF-RTX-PRO-6000-ALL-GTD-1mo-US,2026-09-15,SIF,,RTXPRO6000,ALL,GTD,US,1M,market_intelligence,1,2.0800,2.0800,2.0800,median,1.6200,2.5400,1.1600,3.0000,2.0800,2.0800,2.1508,2,2,cloudrift|latitude,5000.0,2,2,2,6,2,13,Medium,Provisional,2026-09-15,2026-09-15,v2.4.0
CRI-SIF-RTX-PRO-6000-ALL-GTD-1yr-ALL,2026-09-15,SIF,,RTXPRO6000,ALL,GTD,ALL,1Y,market_intelligence,1,1.7799,1.6951,1.6951,median,1.5774,2.1000,1.2244,2.1000,1.7799,1.7798,1.7871,3,4,datacrunch|latitude|seeweb,3333.3,3,4,3,12,3,28,Medium,Provisional,2026-09-15,2026-09-15,v2.4.0
CRI-SIF-RTX-PRO-6000-ALL-GTD-1yr-EU,2026-09-15,SIF,,RTXPRO6000,ALL,GTD,EU,1Y,market_intelligence,1,1.6732,1.6951,1.6951,median,1.4598,1.8976,1.2244,2.1000,1.6732,1.6731,1.6828,3,3,datacrunch|latitude|seeweb,3333.3,3,3,3,9,3,21,Medium,Provisional,2026-09-15,2026-09-15,v2.4.0
CRI-SIF-RTX-PRO-6000-ALL-GTD-3mo-ALL,2026-09-15,SIF,,RTXPRO6000,ALL,GTD,ALL,3M,market_intelligence,1,1.4206,1.3746,1.3746,median,1.2373,1.5809,1.1000,1.7872,1.4206,1.4206,1.4474,3,3,cloudrift|datacrunch|seeweb,3333.3,3,3,3,9,3,20,Medium,Provisional,2026-09-15,2026-09-15,v2.4.0
CRI-SIF-RTX-PRO-6000-ALL-GTD-3mo-EU,2026-09-15,SIF,,RTXPRO6000,ALL,GTD,EU,3M,market_intelligence,1,1.5809,1.5809,1.5809,median,1.4777,1.6840,1.3746,1.7872,1.5809,1.5809,1.5963,2,2,datacrunch|seeweb,5000.0,2,2,2,6,2,14,Medium,Provisional,2026-09-15,2026-09-15,v2.4.0
CRI-SIF-RTX-PRO-6000-ALL-GTD-6mo-ALL,2026-09-15,SIF,,RTXPRO6000,ALL,GTD,ALL,6M,market_intelligence,1,1.4580,1.3053,1.3053,median,1.3026,1.5370,1.3000,1.7688,1.4580,1.4580,1.4681,3,3,datacrunch|hyperstack|seeweb,3333.3,3,3,3,9,3,21,Medium,Provisional,2026-09-15,2026-09-15,v2.4.0
CRI-SIF-RTX-PRO-6000-ALL-GTD-6mo-EU,2026-09-15,SIF,,RTXPRO6000,ALL,GTD,EU,6M,market_intelligence,1,1.4580,1.3053,1.3053,median,1.3026,1.5370,1.3000,1.7688,1.4580,1.4580,1.4681,3,3,datacrunch|hyperstack|seeweb,3333.3,3,3,3,9,3,21,Medium,Provisional,2026-09-15,2026-09-15,v2.4.0
CRI-SIF-RTX-PRO-6000-ALL-GTD-OD-ALL,2026-09-15,SIF,,RTXPRO6000,ALL,GTD,ALL,OnDemand,citable,3,1.8620,1.8462,1.8462,median,1.7366,1.9641,1.4439,2.3144,1.8607,1.8620,1.8712,4,12,datacrunch|exoscale|hyperstack|seeweb,2500.0,4,4,4,12,4,28,High,Published,2026-09-13,2026-09-15,v2.4.0
CRI-SIF-RTX-PRO-6000-ALL-GTD-OD-EU,2026-09-15,SIF,,RTXPRO6000,ALL,GTD,EU,OnDemand,citable,1,1.8607,1.8462,1.8462,median,1.7429,1.9641,1.4439,2.3062,1.8607,1.8620,1.8712,4,4,datacrunch|exoscale|hyperstack|seeweb,2500.0,4,4,4,12,4,28,High,Provisional,2026-09-15,2026-09-15,v2.4.0
CRI-SIF-RTX-PRO-6000-PCIe-GTD-1mo-ALL,2026-09-15,SIF,,RTXPRO6000,PCIe,GTD,ALL,1M,market_intelligence,1,2.2414,1.8057,1.8057,median,1.6443,3.0000,1.1600,3.0000,2.2414,2.2406,2.2880,3,4,cloudrift|datacrunch|latitude,3333.3,3,4,3,12,3,27,Medium,Provisional,2026-09-15,2026-09-15,v2.4.0
CRI-SIF-RTX-PRO-6000-PCIe-GTD-1yr-ALL,2026-09-15,SIF,,RTXPRO6000,PCIe,GTD,ALL,1Y,market_intelligence,1,1.7799,1.6951,1.6951,median,1.5774,2.1000,1.2244,2.1000,1.7799,1.7798,1.7871,3,4,datacrunch|latitude|seeweb,3333.3,3,4,3,12,3,28,Medium,Provisional,2026-09-15,2026-09-15,v2.4.0
CRI-SIF-RTX-PRO-6000-PCIe-GTD-3mo-ALL,2026-09-15,SIF,,RTXPRO6000,PCIe,GTD,ALL,3M,market_intelligence,1,1.4206,1.3746,1.3746,median,1.2373,1.5809,1.1000,1.7872,1.4206,1.4206,1.4474,3,3,cloudrift|datacrunch|seeweb,3333.3,3,3,3,9,3,20,Medium,Provisional,2026-09-15,2026-09-15,v2.4.0
CRI-SIF-RTX-PRO-6000-PCIe-GTD-6mo-ALL,2026-09-15,SIF,,RTXPRO6000,PCIe,GTD,ALL,6M,market_intelligence,1,1.4580,1.3053,1.3053,median,1.3026,1.5370,1.3000,1.7688,1.4580,1.4580,1.4681,3,3,datacrunch|hyperstack|seeweb,3333.3,3,3,3,9,3,21,Medium,Provisional,2026-09-15,2026-09-15,v2.4.0
CRI-SIF-RTX-PRO-6000-PCIe-GTD-OD-ALL,2026-09-15,SIF,,RTXPRO6000,PCIe,GTD,ALL,OnDemand,citable,3,1.8620,1.8462,1.8462,median,1.7366,1.9641,1.4439,2.3144,1.8607,1.8620,1.8712,4,12,datacrunch|exoscale|hyperstack|seeweb,2500.0,4,4,4,12,4,28,High,Published,2026-09-13,2026-09-15,v2.4.0
CRI-SIF-V100-16GB-ALL-GTD-1mo-ALL,2026-09-15,SIF,,V100,ALL,GTD,ALL,1M,market_intelligence,1,0.1988,0.1988,0.1988,median,0.1832,0.2144,0.1676,0.2300,0.1988,0.1986,0.1984,2,2,cloudrift|datacrunch,5000.0,2,2,2,6,2,14,Medium,Provisional,2026-09-15,2026-09-15,v2.4.0
CRI-SIF-V100-16GB-ALL-GTD-3mo-ALL,2026-09-15,SIF,,V100,ALL,GTD,ALL,3M,market_intelligence,1,0.1880,0.1880,0.1880,median,0.1769,0.1990,0.1659,0.2100,0.1880,0.1878,0.1876,2,2,cloudrift|datacrunch,5000.0,2,2,2,6,2,14,Medium,Provisional,2026-09-15,2026-09-15,v2.4.0
CRI-SIF-V100-16GB-SXM-GTD-1mo-ALL,2026-09-15,SIF,,V100,SXM,GTD,ALL,1M,market_intelligence,1,0.1988,0.1988,0.1988,median,0.1832,0.2144,0.1676,0.2300,0.1988,0.1986,0.1984,2,2,cloudrift|datacrunch,5000.0,2,2,2,6,2,14,Medium,Provisional,2026-09-15,2026-09-15,v2.4.0
CRI-SIF-V100-16GB-SXM-GTD-3mo-ALL,2026-09-15,SIF,,V100,SXM,GTD,ALL,3M,market_intelligence,1,0.1880,0.1880,0.1880,median,0.1769,0.1990,0.1659,0.2100,0.1880,0.1878,0.1876,2,2,cloudrift|datacrunch,5000.0,2,2,2,6,2,14,Medium,Provisional,2026-09-15,2026-09-15,v2.4.0
CRI-T1-A100-40GB-ALL-ALL-1yr-ALL,2026-09-15,T1,T1,A100,ALL,ALL,ALL,1Y,market_intelligence,1,2.5054,2.5886,2.5886,median,2.3142,2.7374,1.7401,3.5639,2.5054,2.5054,2.5054,3,55,aws|azure|gcp,3333.3,3,55,3,165,3,385,Medium,Published,2026-09-15,2026-09-15,v2.4.0
CRI-T1-A100-40GB-ALL-ALL-1yr-APAC,2026-09-15,T1,T1,A100,ALL,ALL,APAC,1Y,market_intelligence,1,2.5821,2.4573,2.4573,median,2.3761,2.7607,2.0882,3.2856,2.5821,2.5821,2.5821,2,27,aws|gcp,5000.0,2,27,2,81,2,189,Medium,Provisional,2026-09-15,2026-09-15,v2.4.0
CRI-T1-A100-40GB-ALL-ALL-1yr-EU,2026-09-15,T1,T1,A100,ALL,ALL,EU,1Y,market_intelligence,1,2.6635,2.6840,2.6840,median,2.3612,2.8327,1.8852,3.5639,2.6635,2.6635,2.6635,3,28,aws|azure|gcp,3333.3,3,28,3,84,3,196,Medium,Published,2026-09-15,2026-09-15,v2.4.0
CRI-T1-A100-40GB-ALL-ALL-1yr-Other,2026-09-15,T1,T1,A100,ALL,ALL,Other,1Y,market_intelligence,1,2.8702,2.6836,2.6836,median,2.5205,3.1688,2.0012,3.7027,2.8702,2.8702,2.8702,2,16,aws|gcp,5000.0,2,16,2,48,2,112,Medium,Provisional,2026-09-15,2026-09-15,v2.4.0
CRI-T1-A100-40GB-ALL-ALL-1yr-US,2026-09-15,T1,T1,A100,ALL,ALL,US,1Y,market_intelligence,1,2.3414,2.3221,2.3221,median,2.1947,2.5234,1.7401,2.8238,2.3414,2.3414,2.3414,3,27,aws|azure|gcp,3333.3,3,27,3,81,3,189,Medium,Published,2026-09-15,2026-09-15,v2.4.0
CRI-T1-A100-40GB-ALL-ALL-3yr-ALL,2026-09-15,T1,T1,A100,ALL,ALL,ALL,3Y,market_intelligence,1,1.4081,1.4263,1.4263,median,1.2857,1.4887,1.1718,1.9800,1.4081,1.4081,1.4081,3,55,aws|azure|gcp,3333.3,3,55,3,165,3,385,Medium,Published,2026-09-15,2026-09-15,v2.4.0
CRI-T1-A100-40GB-ALL-ALL-3yr-APAC,2026-09-15,T1,T1,A100,ALL,ALL,APAC,3Y,market_intelligence,1,1.5212,1.5991,1.5991,median,1.3962,1.6012,1.2497,1.9925,1.5212,1.5212,1.5212,2,27,aws|gcp,5000.0,2,27,2,81,2,189,Medium,Provisional,2026-09-15,2026-09-15,v2.4.0
CRI-T1-A100-40GB-ALL-ALL-3yr-EU,2026-09-15,T1,T1,A100,ALL,ALL,EU,3Y,market_intelligence,1,1.4875,1.4494,1.4494,median,1.3803,1.5579,1.2386,1.9800,1.4875,1.4875,1.4875,3,28,aws|azure|gcp,3333.3,3,28,3,84,3,196,Medium,Published,2026-09-15,2026-09-15,v2.4.0
CRI-T1-A100-40GB-ALL-ALL-3yr-Other,2026-09-15,T1,T1,A100,ALL,ALL,Other,3Y,market_intelligence,1,1.6241,1.6263,1.6263,median,1.4047,1.7786,1.3029,2.0571,1.6241,1.6241,1.6241,2,16,aws|gcp,5000.0,2,16,2,48,2,112,Medium,Provisional,2026-09-15,2026-09-15,v2.4.0
CRI-T1-A100-40GB-ALL-ALL-3yr-US,2026-09-15,T1,T1,A100,ALL,ALL,US,3Y,market_intelligence,1,1.3257,1.2989,1.2989,median,1.2193,1.3845,1.1718,1.6315,1.3257,1.3257,1.3257,3,27,aws|azure|gcp,3333.3,3,27,3,81,3,189,Medium,Published,2026-09-15,2026-09-15,v2.4.0
CRI-T1-A100-40GB-ALL-ALL-OD-ALL,2026-09-15,T1,T1,A100,ALL,ALL,ALL,OnDemand,citable,1,2.5127,2.3619,2.3619,median,0.8200,3.7407,0.3201,5.6570,2.5127,2.5046,2.5010,4,126,aws|azure|gcp|oci,2500.0,4,126,4,378,4,882,High,Published,2026-09-15,2026-09-15,v2.4.0
CRI-T1-A100-40GB-ALL-ALL-OD-APAC,2026-09-15,T1,T1,A100,ALL,ALL,APAC,OnDemand,citable,1,2.6486,2.8676,2.8676,median,0.4518,4.0406,0.3238,5.2154,2.6486,2.6408,2.6388,2,58,aws|gcp,5000.0,2,58,2,174,2,406,Medium,Provisional,2026-09-15,2026-09-15,v2.4.0
CRI-T1-A100-40GB-ALL-ALL-OD-EU,2026-09-15,T1,T1,A100,ALL,ALL,EU,OnDemand,citable,1,2.4989,2.6517,2.6517,median,0.4069,4.1452,0.3201,5.6570,2.4989,2.4997,2.5003,3,63,aws|azure|gcp,3333.3,3,63,3,189,3,441,Medium,Published,2026-09-15,2026-09-15,v2.4.0
CRI-T1-A100-40GB-ALL-ALL-OD-Other,2026-09-15,T1,T1,A100,ALL,ALL,Other,OnDemand,citable,1,2.8341,2.8608,2.8608,median,0.5998,4.4585,0.3353,5.8774,2.8341,2.8460,2.8616,2,34,aws|gcp,5000.0,2,34,2,102,2,238,Medium,Provisional,2026-09-15,2026-09-15,v2.4.0
CRI-T1-A100-40GB-ALL-ALL-OD-US,2026-09-15,T1,T1,A100,ALL,ALL,US,OnDemand,citable,1,2.5265,2.5582,2.5582,median,1.9667,3.5785,0.3688,4.3346,2.5265,2.5095,2.5017,4,63,aws|azure|gcp|oci,2500.0,4,63,4,189,4,441,High,Published,2026-09-15,2026-09-15,v2.4.0
CRI-T1-A100-40GB-ALL-GTD-1yr-ALL,2026-09-15,T1,T1,A100,ALL,GTD,ALL,1Y,market_intelligence,1,2.5054,2.5886,2.5886,median,2.3142,2.7374,1.7401,3.5639,2.5054,2.5054,2.5054,3,55,aws|azure|gcp,3333.3,3,55,3,165,3,385,Medium,Published,2026-09-15,2026-09-15,v2.4.0
CRI-T1-A100-40GB-ALL-GTD-1yr-APAC,2026-09-15,T1,T1,A100,ALL,GTD,APAC,1Y,market_intelligence,1,2.5821,2.4573,2.4573,median,2.3761,2.7607,2.0882,3.2856,2.5821,2.5821,2.5821,2,27,aws|gcp,5000.0,2,27,2,81,2,189,Medium,Provisional,2026-09-15,2026-09-15,v2.4.0
CRI-T1-A100-40GB-ALL-GTD-1yr-EU,2026-09-15,T1,T1,A100,ALL,GTD,EU,1Y,market_intelligence,1,2.6635,2.6840,2.6840,median,2.3612,2.8327,1.8852,3.5639,2.6635,2.6635,2.6635,3,28,aws|azure|gcp,3333.3,3,28,3,84,3,196,Medium,Published,2026-09-15,2026-09-15,v2.4.0
CRI-T1-A100-40GB-ALL-GTD-1yr-Other,2026-09-15,T1,T1,A100,ALL,GTD,Other,1Y,market_intelligence,1,2.8702,2.6836,2.6836,median,2.5205,3.1688,2.0012,3.7027,2.8702,2.8702,2.8702,2,16,aws|gcp,5000.0,2,16,2,48,2,112,Medium,Provisional,2026-09-15,2026-09-15,v2.4.0
CRI-T1-A100-40GB-ALL-GTD-1yr-US,2026-09-15,T1,T1,A100,ALL,GTD,US,1Y,market_intelligence,1,2.3414,2.3221,2.3221,median,2.1947,2.5234,1.7401,2.8238,2.3414,2.3414,2.3414,3,27,aws|azure|gcp,3333.3,3,27,3,81,3,189,Medium,Published,2026-09-15,2026-09-15,v2.4.0
CRI-T1-A100-40GB-ALL-GTD-3yr-ALL,2026-09-15,T1,T1,A100,ALL,GTD,ALL,3Y,market_intelligence,1,1.4081,1.4263,1.4263,median,1.2857,1.4887,1.1718,1.9800,1.4081,1.4081,1.4081,3,55,aws|azure|gcp,3333.3,3,55,3,165,3,385,Medium,Published,2026-09-15,2026-09-15,v2.4.0
CRI-T1-A100-40GB-ALL-GTD-3yr-APAC,2026-09-15,T1,T1,A100,ALL,GTD,APAC,3Y,market_intelligence,1,1.5212,1.5991,1.5991,median,1.3962,1.6012,1.2497,1.9925,1.5212,1.5212,1.5212,2,27,aws|gcp,5000.0,2,27,2,81,2,189,Medium,Provisional,2026-09-15,2026-09-15,v2.4.0
CRI-T1-A100-40GB-ALL-GTD-3yr-EU,2026-09-15,T1,T1,A100,ALL,GTD,EU,3Y,market_intelligence,1,1.4875,1.4494,1.4494,median,1.3803,1.5579,1.2386,1.9800,1.4875,1.4875,1.4875,3,28,aws|azure|gcp,3333.3,3,28,3,84,3,196,Medium,Published,2026-09-15,2026-09-15,v2.4.0
CRI-T1-A100-40GB-ALL-GTD-3yr-Other,2026-09-15,T1,T1,A100,ALL,GTD,Other,3Y,market_intelligence,1,1.6241,1.6263,1.6263,median,1.4047,1.7786,1.3029,2.0571,1.6241,1.6241,1.6241,2,16,aws|gcp,5000.0,2,16,2,48,2,112,Medium,Provisional,2026-09-15,2026-09-15,v2.4.0
CRI-T1-A100-40GB-ALL-GTD-3yr-US,2026-09-15,T1,T1,A100,ALL,GTD,US,3Y,market_intelligence,1,1.3257,1.2989,1.2989,median,1.2193,1.3845,1.1718,1.6315,1.3257,1.3257,1.3257,3,27,aws|azure|gcp,3333.3,3,27,3,81,3,189,Medium,Published,2026-09-15,2026-09-15,v2.4.0
CRI-T1-A100-40GB-ALL-GTD-OD-ALL,2026-09-15,T1,T1,A100,ALL,GTD,ALL,OnDemand,citable,1,3.8936,3.3946,3.3946,median,3.4975,4.3091,2.7447,5.6570,3.8936,3.8936,3.8936,4,58,aws|azure|gcp|oci,2500.0,4,58,4,174,4,406,High,Published,2026-09-15,2026-09-15,v2.4.0
CRI-T1-A100-40GB-ALL-GTD-OD-APAC,2026-09-15,T1,T1,A100,ALL,GTD,APAC,OnDemand,citable,1,4.0924,3.8896,3.8896,median,3.7957,4.3919,3.2931,5.2154,4.0924,4.0924,4.0924,2,27,aws|gcp,5000.0,2,27,2,81,2,189,Medium,Provisional,2026-09-15,2026-09-15,v2.4.0
CRI-T1-A100-40GB-ALL-GTD-OD-EU,2026-09-15,T1,T1,A100,ALL,GTD,EU,OnDemand,citable,1,4.1294,4.2450,4.2450,median,3.7476,4.4121,2.9645,5.6570,4.1294,4.1294,4.1294,3,30,aws|azure|gcp,3333.3,3,30,3,90,3,210,Medium,Published,2026-09-15,2026-09-15,v2.4.0
CRI-T1-A100-40GB-ALL-GTD-OD-Other,2026-09-15,T1,T1,A100,ALL,GTD,Other,OnDemand,citable,1,4.5583,4.2407,4.2407,median,4.0094,5.0356,3.1565,5.8774,4.5583,4.5583,4.5583,2,16,aws|gcp,5000.0,2,16,2,48,2,112,Medium,Provisional,2026-09-15,2026-09-15,v2.4.0
CRI-T1-A100-40GB-ALL-GTD-OD-US,2026-09-15,T1,T1,A100,ALL,GTD,US,OnDemand,citable,1,3.6410,3.2248,3.2248,median,3.4627,3.9705,2.7447,4.3346,3.6410,3.6410,3.6410,4,28,aws|azure|gcp|oci,2500.0,4,28,4,84,4,196,High,Published,2026-09-15,2026-09-15,v2.4.0
CRI-T1-A100-40GB-ALL-INT-OD-ALL,2026-09-15,T1,T1,A100,ALL,INT,ALL,OnDemand,citable,1,1.3349,0.7478,0.7478,median,0.3958,2.2040,0.3201,3.5681,1.3349,1.3198,1.3132,3,68,aws|azure|gcp,3333.3,3,68,3,204,3,476,Medium,Published,2026-09-15,2026-09-15,v2.4.0
CRI-T1-A100-40GB-ALL-INT-OD-APAC,2026-09-15,T1,T1,A100,ALL,INT,APAC,OnDemand,citable,1,1.3912,1.4844,1.4844,median,0.3992,2.3400,0.3238,3.7622,1.3912,1.3765,1.3728,2,31,aws|gcp,5000.0,2,31,2,93,2,217,Medium,Provisional,2026-09-15,2026-09-15,v2.4.0
CRI-T1-A100-40GB-ALL-INT-OD-EU,2026-09-15,T1,T1,A100,ALL,INT,EU,OnDemand,citable,1,1.0166,0.8839,0.8839,median,0.3822,0.8839,0.3201,3.5681,1.0166,1.0181,1.0193,3,33,aws|azure|gcp,3333.3,3,33,3,99,3,231,Medium,Published,2026-09-15,2026-09-15,v2.4.0
CRI-T1-A100-40GB-ALL-INT-OD-Other,2026-09-15,T1,T1,A100,ALL,INT,Other,OnDemand,citable,1,1.3015,1.6497,1.6497,median,0.4342,2.1172,0.3353,3.7322,1.3015,1.3239,1.3534,2,18,aws|gcp,5000.0,2,18,2,54,2,126,Medium,Provisional,2026-09-15,2026-09-15,v2.4.0
CRI-T1-A100-40GB-ALL-INT-OD-US,2026-09-15,T1,T1,A100,ALL,INT,US,OnDemand,citable,1,1.6349,2.0915,2.0915,median,0.7478,2.2477,0.3688,2.5885,1.6349,1.6043,1.5903,3,35,aws|azure|gcp,3333.3,3,35,3,105,3,245,Medium,Published,2026-09-15,2026-09-15,v2.4.0
CRI-T1-A100-40GB-SXM-ALL-1yr-ALL,2026-09-15,T1,T1,A100,SXM,ALL,ALL,1Y,market_intelligence,1,2.5054,2.5886,2.5886,median,2.3142,2.7374,1.7401,3.5639,2.5054,2.5054,2.5054,3,55,aws|azure|gcp,3333.3,3,55,3,165,3,385,Medium,Published,2026-09-15,2026-09-15,v2.4.0
CRI-T1-A100-40GB-SXM-ALL-1yr-EU,2026-09-15,T1,T1,A100,SXM,ALL,EU,1Y,market_intelligence,1,2.6635,2.6840,2.6840,median,2.3612,2.8327,1.8852,3.5639,2.6635,2.6635,2.6635,3,28,aws|azure|gcp,3333.3,3,28,3,84,3,196,Medium,Published,2026-09-15,2026-09-15,v2.4.0
CRI-T1-A100-40GB-SXM-ALL-1yr-US,2026-09-15,T1,T1,A100,SXM,ALL,US,1Y,market_intelligence,1,2.3414,2.3221,2.3221,median,2.1947,2.5234,1.7401,2.8238,2.3414,2.3414,2.3414,3,27,aws|azure|gcp,3333.3,3,27,3,81,3,189,Medium,Published,2026-09-15,2026-09-15,v2.4.0
CRI-T1-A100-40GB-SXM-ALL-3yr-ALL,2026-09-15,T1,T1,A100,SXM,ALL,ALL,3Y,market_intelligence,1,1.4081,1.4263,1.4263,median,1.2857,1.4887,1.1718,1.9800,1.4081,1.4081,1.4081,3,55,aws|azure|gcp,3333.3,3,55,3,165,3,385,Medium,Published,2026-09-15,2026-09-15,v2.4.0
CRI-T1-A100-40GB-SXM-ALL-3yr-EU,2026-09-15,T1,T1,A100,SXM,ALL,EU,3Y,market_intelligence,1,1.4875,1.4494,1.4494,median,1.3803,1.5579,1.2386,1.9800,1.4875,1.4875,1.4875,3,28,aws|azure|gcp,3333.3,3,28,3,84,3,196,Medium,Published,2026-09-15,2026-09-15,v2.4.0
CRI-T1-A100-40GB-SXM-ALL-3yr-US,2026-09-15,T1,T1,A100,SXM,ALL,US,3Y,market_intelligence,1,1.3257,1.2989,1.2989,median,1.2193,1.3845,1.1718,1.6315,1.3257,1.3257,1.3257,3,27,aws|azure|gcp,3333.3,3,27,3,81,3,189,Medium,Published,2026-09-15,2026-09-15,v2.4.0
CRI-T1-A100-40GB-SXM-ALL-OD-ALL,2026-09-15,T1,T1,A100,SXM,ALL,ALL,OnDemand,citable,1,2.5127,2.3619,2.3619,median,0.8200,3.7407,0.3201,5.6570,2.5127,2.5046,2.5010,4,126,aws|azure|gcp|oci,2500.0,4,126,4,378,4,882,High,Published,2026-09-15,2026-09-15,v2.4.0
CRI-T1-A100-40GB-SXM-ALL-OD-EU,2026-09-15,T1,T1,A100,SXM,ALL,EU,OnDemand,citable,1,2.4989,2.6517,2.6517,median,0.4069,4.1452,0.3201,5.6570,2.4989,2.4997,2.5003,3,63,aws|azure|gcp,3333.3,3,63,3,189,3,441,Medium,Published,2026-09-15,2026-09-15,v2.4.0
CRI-T1-A100-40GB-SXM-ALL-OD-US,2026-09-15,T1,T1,A100,SXM,ALL,US,OnDemand,citable,1,2.5265,2.5582,2.5582,median,1.9667,3.5785,0.3688,4.3346,2.5265,2.5095,2.5017,4,63,aws|azure|gcp|oci,2500.0,4,63,4,189,4,441,High,Published,2026-09-15,2026-09-15,v2.4.0
CRI-T1-A100-40GB-SXM-GTD-1yr-ALL,2026-09-15,T1,T1,A100,SXM,GTD,ALL,1Y,market_intelligence,1,2.5054,2.5886,2.5886,median,2.3142,2.7374,1.7401,3.5639,2.5054,2.5054,2.5054,3,55,aws|azure|gcp,3333.3,3,55,3,165,3,385,Medium,Published,2026-09-15,2026-09-15,v2.4.0
CRI-T1-A100-40GB-SXM-GTD-1yr-EU,2026-09-15,T1,T1,A100,SXM,GTD,EU,1Y,market_intelligence,1,2.6635,2.6840,2.6840,median,2.3612,2.8327,1.8852,3.5639,2.6635,2.6635,2.6635,3,28,aws|azure|gcp,3333.3,3,28,3,84,3,196,Medium,Published,2026-09-15,2026-09-15,v2.4.0
CRI-T1-A100-40GB-SXM-GTD-1yr-US,2026-09-15,T1,T1,A100,SXM,GTD,US,1Y,market_intelligence,1,2.3414,2.3221,2.3221,median,2.1947,2.5234,1.7401,2.8238,2.3414,2.3414,2.3414,3,27,aws|azure|gcp,3333.3,3,27,3,81,3,189,Medium,Published,2026-09-15,2026-09-15,v2.4.0
CRI-T1-A100-40GB-SXM-GTD-3yr-ALL,2026-09-15,T1,T1,A100,SXM,GTD,ALL,3Y,market_intelligence,1,1.4081,1.4263,1.4263,median,1.2857,1.4887,1.1718,1.9800,1.4081,1.4081,1.4081,3,55,aws|azure|gcp,3333.3,3,55,3,165,3,385,Medium,Published,2026-09-15,2026-09-15,v2.4.0
CRI-T1-A100-40GB-SXM-GTD-3yr-EU,2026-09-15,T1,T1,A100,SXM,GTD,EU,3Y,market_intelligence,1,1.4875,1.4494,1.4494,median,1.3803,1.5579,1.2386,1.9800,1.4875,1.4875,1.4875,3,28,aws|azure|gcp,3333.3,3,28,3,84,3,196,Medium,Published,2026-09-15,2026-09-15,v2.4.0
CRI-T1-A100-40GB-SXM-GTD-3yr-US,2026-09-15,T1,T1,A100,SXM,GTD,US,3Y,market_intelligence,1,1.3257,1.2989,1.2989,median,1.2193,1.3845,1.1718,1.6315,1.3257,1.3257,1.3257,3,27,aws|azure|gcp,3333.3,3,27,3,81,3,189,Medium,Published,2026-09-15,2026-09-15,v2.4.0
CRI-T1-A100-40GB-SXM-GTD-OD-ALL,2026-09-15,T1,T1,A100,SXM,GTD,ALL,OnDemand,citable,1,3.8936,3.3946,3.3946,median,3.4975,4.3091,2.7447,5.6570,3.8936,3.8936,3.8936,4,58,aws|azure|gcp|oci,2500.0,4,58,4,174,4,406,High,Published,2026-09-15,2026-09-15,v2.4.0
CRI-T1-A100-40GB-SXM-GTD-OD-EU,2026-09-15,T1,T1,A100,SXM,GTD,EU,OnDemand,citable,1,4.1294,4.2450,4.2450,median,3.7476,4.4121,2.9645,5.6570,4.1294,4.1294,4.1294,3,30,aws|azure|gcp,3333.3,3,30,3,90,3,210,Medium,Published,2026-09-15,2026-09-15,v2.4.0
CRI-T1-A100-40GB-SXM-GTD-OD-US,2026-09-15,T1,T1,A100,SXM,GTD,US,OnDemand,citable,1,3.6410,3.2248,3.2248,median,3.4627,3.9705,2.7447,4.3346,3.6410,3.6410,3.6410,4,28,aws|azure|gcp|oci,2500.0,4,28,4,84,4,196,High,Published,2026-09-15,2026-09-15,v2.4.0
CRI-T1-A100-40GB-SXM-INT-OD-ALL,2026-09-15,T1,T1,A100,SXM,INT,ALL,OnDemand,citable,1,1.3349,0.7478,0.7478,median,0.3958,2.2040,0.3201,3.5681,1.3349,1.3198,1.3132,3,68,aws|azure|gcp,3333.3,3,68,3,204,3,476,Medium,Published,2026-09-15,2026-09-15,v2.4.0
CRI-T1-A100-40GB-SXM-INT-OD-EU,2026-09-15,T1,T1,A100,SXM,INT,EU,OnDemand,citable,1,1.0166,0.8839,0.8839,median,0.3822,0.8839,0.3201,3.5681,1.0166,1.0181,1.0193,3,33,aws|azure|gcp,3333.3,3,33,3,99,3,231,Medium,Published,2026-09-15,2026-09-15,v2.4.0
CRI-T1-A100-40GB-SXM-INT-OD-US,2026-09-15,T1,T1,A100,SXM,INT,US,OnDemand,citable,1,1.6349,2.0915,2.0915,median,0.7478,2.2477,0.3688,2.5885,1.6349,1.6043,1.5903,3,35,aws|azure|gcp,3333.3,3,35,3,105,3,245,Medium,Published,2026-09-15,2026-09-15,v2.4.0
CRI-T1-A100-ALL-ALL-1yr-ALL,2026-09-15,T1,T1,A100,ALL,ALL,ALL,1Y,market_intelligence,1,3.7255,3.1692,3.1692,median,2.9624,4.6394,2.1752,6.4587,3.7255,3.7255,3.7255,3,61,aws|azure|gcp,3333.3,3,61,3,183,3,427,Medium,Published,2026-09-15,2026-09-15,v2.4.0
CRI-T1-A100-ALL-ALL-1yr-APAC,2026-09-15,T1,T1,A100,ALL,ALL,APAC,1Y,market_intelligence,1,4.4417,3.6414,3.6414,median,3.4815,5.3915,2.6102,5.9592,4.4417,4.4417,4.4417,3,22,aws|azure|gcp,3333.3,3,22,3,66,3,154,Medium,Published,2026-09-15,2026-09-15,v2.4.0
CRI-T1-A100-ALL-ALL-1yr-EU,2026-09-15,T1,T1,A100,ALL,ALL,EU,1Y,market_intelligence,1,3.9987,3.1992,3.1992,median,3.1214,4.8716,2.7176,6.4587,3.9987,3.9987,3.9987,3,35,aws|azure|gcp,3333.3,3,35,3,105,3,245,Medium,Published,2026-09-15,2026-09-15,v2.4.0
CRI-T1-A100-ALL-ALL-1yr-Other,2026-09-15,T1,T1,A100,ALL,ALL,Other,1Y,market_intelligence,1,4.6079,3.7882,3.7882,median,3.7489,5.2432,2.8192,6.7195,4.6079,4.6079,4.6079,3,17,aws|azure|gcp,3333.3,3,17,3,51,3,119,Medium,Published,2026-09-15,2026-09-15,v2.4.0
CRI-T1-A100-ALL-ALL-1yr-US,2026-09-15,T1,T1,A100,ALL,ALL,US,1Y,market_intelligence,1,3.3578,2.6745,2.6745,median,2.6216,4.1997,2.1752,5.0477,3.3578,3.3578,3.3578,3,26,aws|azure|gcp,3333.3,3,26,3,78,3,182,Medium,Published,2026-09-15,2026-09-15,v2.4.0
CRI-T1-A100-ALL-ALL-3yr-ALL,2026-09-15,T1,T1,A100,ALL,ALL,ALL,3Y,market_intelligence,1,2.7069,1.9954,1.9954,median,1.7720,3.8538,1.3631,5.3837,2.7069,2.7069,2.7069,3,61,aws|azure|gcp,3333.3,3,61,3,183,3,427,Medium,Published,2026-09-15,2026-09-15,v2.4.0
CRI-T1-A100-ALL-ALL-3yr-APAC,2026-09-15,T1,T1,A100,ALL,ALL,APAC,3Y,market_intelligence,1,3.3740,2.2949,2.2949,median,2.0991,4.4938,1.7577,4.9667,3.3740,3.3740,3.3740,3,22,aws|azure|gcp,3333.3,3,22,3,66,3,154,Medium,Published,2026-09-15,2026-09-15,v2.4.0
CRI-T1-A100-ALL-ALL-3yr-EU,2026-09-15,T1,T1,A100,ALL,ALL,EU,3Y,market_intelligence,1,2.9025,2.0124,2.0124,median,1.8010,3.9569,1.6357,5.3837,2.9025,2.9025,2.9025,3,35,aws|azure|gcp,3333.3,3,35,3,105,3,245,Medium,Published,2026-09-15,2026-09-15,v2.4.0
CRI-T1-A100-ALL-ALL-3yr-Other,2026-09-15,T1,T1,A100,ALL,ALL,Other,3Y,market_intelligence,1,3.4878,2.6044,2.6044,median,2.5774,4.2525,1.6357,5.6000,3.4878,3.4878,3.4878,3,17,aws|azure|gcp,3333.3,3,17,3,51,3,119,Medium,Published,2026-09-15,2026-09-15,v2.4.0
CRI-T1-A100-ALL-ALL-3yr-US,2026-09-15,T1,T1,A100,ALL,ALL,US,3Y,market_intelligence,1,2.4437,1.6092,1.6092,median,1.5641,3.5000,1.3631,4.2069,2.4437,2.4437,2.4437,3,26,aws|azure|gcp,3333.3,3,26,3,78,3,182,Medium,Published,2026-09-15,2026-09-15,v2.4.0
CRI-T1-A100-ALL-ALL-OD-ALL,2026-09-15,T1,T1,A100,ALL,ALL,ALL,OnDemand,citable,1,2.7391,2.8895,2.8895,median,0.8824,4.5913,0.5378,7.6149,2.7391,2.7389,2.7380,4,111,aws|azure|gcp|oci,2500.0,4,111,4,333,4,777,High,Published,2026-09-15,2026-09-15,v2.4.0
CRI-T1-A100-ALL-ALL-OD-APAC,2026-09-15,T1,T1,A100,ALL,ALL,APAC,OnDemand,citable,1,2.9439,3.0854,3.0854,median,0.9757,5.0044,0.5507,6.3493,2.9439,2.9408,2.9231,3,40,aws|azure|gcp,3333.3,3,40,3,120,3,280,Medium,Published,2026-09-15,2026-09-15,v2.4.0
CRI-T1-A100-ALL-ALL-OD-EU,2026-09-15,T1,T1,A100,ALL,ALL,EU,OnDemand,citable,1,2.8232,1.7717,1.7717,median,0.8824,4.7750,0.5378,7.6149,2.8232,2.8279,2.8293,3,60,aws|azure|gcp,3333.3,3,60,3,180,3,420,Medium,Published,2026-09-15,2026-09-15,v2.4.0
CRI-T1-A100-ALL-ALL-OD-Other,2026-09-15,T1,T1,A100,ALL,ALL,Other,OnDemand,citable,1,2.6876,3.2319,3.2319,median,1.1900,4.4467,0.5747,7.6149,2.6876,2.7027,2.7070,3,24,aws|azure|gcp,3333.3,3,24,3,72,3,168,Medium,Published,2026-09-15,2026-09-15,v2.4.0
CRI-T1-A100-ALL-ALL-OD-US,2026-09-15,T1,T1,A100,ALL,ALL,US,OnDemand,citable,1,2.6402,2.6313,2.6313,median,0.8508,4.0963,0.5754,5.3251,2.6402,2.6341,2.6306,4,51,aws|azure|gcp|oci,2500.0,4,51,4,153,4,357,High,Published,2026-09-15,2026-09-15,v2.4.0
CRI-T1-A100-ALL-GTD-1yr-ALL,2026-09-15,T1,T1,A100,ALL,GTD,ALL,1Y,market_intelligence,1,3.7255,3.1692,3.1692,median,2.9624,4.6394,2.1752,6.4587,3.7255,3.7255,3.7255,3,61,aws|azure|gcp,3333.3,3,61,3,183,3,427,Medium,Published,2026-09-15,2026-09-15,v2.4.0
CRI-T1-A100-ALL-GTD-1yr-APAC,2026-09-15,T1,T1,A100,ALL,GTD,APAC,1Y,market_intelligence,1,4.4417,3.6414,3.6414,median,3.4815,5.3915,2.6102,5.9592,4.4417,4.4417,4.4417,3,22,aws|azure|gcp,3333.3,3,22,3,66,3,154,Medium,Published,2026-09-15,2026-09-15,v2.4.0
CRI-T1-A100-ALL-GTD-1yr-EU,2026-09-15,T1,T1,A100,ALL,GTD,EU,1Y,market_intelligence,1,3.9987,3.1992,3.1992,median,3.1214,4.8716,2.7176,6.4587,3.9987,3.9987,3.9987,3,35,aws|azure|gcp,3333.3,3,35,3,105,3,245,Medium,Published,2026-09-15,2026-09-15,v2.4.0
CRI-T1-A100-ALL-GTD-1yr-Other,2026-09-15,T1,T1,A100,ALL,GTD,Other,1Y,market_intelligence,1,4.6079,3.7882,3.7882,median,3.7489,5.2432,2.8192,6.7195,4.6079,4.6079,4.6079,3,17,aws|azure|gcp,3333.3,3,17,3,51,3,119,Medium,Published,2026-09-15,2026-09-15,v2.4.0
CRI-T1-A100-ALL-GTD-1yr-US,2026-09-15,T1,T1,A100,ALL,GTD,US,1Y,market_intelligence,1,3.3578,2.6745,2.6745,median,2.6216,4.1997,2.1752,5.0477,3.3578,3.3578,3.3578,3,26,aws|azure|gcp,3333.3,3,26,3,78,3,182,Medium,Published,2026-09-15,2026-09-15,v2.4.0
CRI-T1-A100-ALL-GTD-3yr-ALL,2026-09-15,T1,T1,A100,ALL,GTD,ALL,3Y,market_intelligence,1,2.7069,1.9954,1.9954,median,1.7720,3.8538,1.3631,5.3837,2.7069,2.7069,2.7069,3,61,aws|azure|gcp,3333.3,3,61,3,183,3,427,Medium,Published,2026-09-15,2026-09-15,v2.4.0
CRI-T1-A100-ALL-GTD-3yr-APAC,2026-09-15,T1,T1,A100,ALL,GTD,APAC,3Y,market_intelligence,1,3.3740,2.2949,2.2949,median,2.0991,4.4938,1.7577,4.9667,3.3740,3.3740,3.3740,3,22,aws|azure|gcp,3333.3,3,22,3,66,3,154,Medium,Published,2026-09-15,2026-09-15,v2.4.0
CRI-T1-A100-ALL-GTD-3yr-EU,2026-09-15,T1,T1,A100,ALL,GTD,EU,3Y,market_intelligence,1,2.9025,2.0124,2.0124,median,1.8010,3.9569,1.6357,5.3837,2.9025,2.9025,2.9025,3,35,aws|azure|gcp,3333.3,3,35,3,105,3,245,Medium,Published,2026-09-15,2026-09-15,v2.4.0
CRI-T1-A100-ALL-GTD-3yr-Other,2026-09-15,T1,T1,A100,ALL,GTD,Other,3Y,market_intelligence,1,3.4878,2.6044,2.6044,median,2.5774,4.2525,1.6357,5.6000,3.4878,3.4878,3.4878,3,17,aws|azure|gcp,3333.3,3,17,3,51,3,119,Medium,Published,2026-09-15,2026-09-15,v2.4.0
CRI-T1-A100-ALL-GTD-3yr-US,2026-09-15,T1,T1,A100,ALL,GTD,US,3Y,market_intelligence,1,2.4437,1.6092,1.6092,median,1.5641,3.5000,1.3631,4.2069,2.4437,2.4437,2.4437,3,26,aws|azure|gcp,3333.3,3,26,3,78,3,182,Medium,Published,2026-09-15,2026-09-15,v2.4.0
CRI-T1-A100-ALL-GTD-OD-ALL,2026-09-15,T1,T1,A100,ALL,GTD,ALL,OnDemand,citable,1,4.7847,4.4509,4.4509,median,4.1505,5.1203,3.4309,7.6149,4.7847,4.7847,4.7847,4,45,aws|azure|gcp|oci,2500.0,4,45,4,135,4,315,High,Published,2026-09-15,2026-09-15,v2.4.0
CRI-T1-A100-ALL-GTD-OD-APAC,2026-09-15,T1,T1,A100,ALL,GTD,APAC,OnDemand,citable,1,5.3506,5.1423,5.1423,median,5.0044,5.9203,4.1171,6.3493,5.3506,5.3506,5.3506,3,14,aws|azure|gcp,3333.3,3,14,3,42,3,98,Medium,Published,2026-09-15,2026-09-15,v2.4.0
CRI-T1-A100-ALL-GTD-OD-EU,2026-09-15,T1,T1,A100,ALL,GTD,EU,OnDemand,citable,1,5.2315,4.9477,4.9477,median,4.7750,5.4186,4.2864,7.6149,5.2315,5.2315,5.2315,3,24,aws|azure|gcp,3333.3,3,24,3,72,3,168,Medium,Published,2026-09-15,2026-09-15,v2.4.0
CRI-T1-A100-ALL-GTD-OD-Other,2026-09-15,T1,T1,A100,ALL,GTD,Other,OnDemand,citable,1,5.4483,5.1521,5.1521,median,4.6811,5.9191,4.4075,7.6149,5.4483,5.4483,5.4483,2,7,aws|azure,5000.0,2,7,2,21,2,49,Medium,Provisional,2026-09-15,2026-09-15,v2.4.0
CRI-T1-A100-ALL-GTD-OD-US,2026-09-15,T1,T1,A100,ALL,GTD,US,OnDemand,citable,1,4.2741,4.0686,4.0686,median,3.6730,4.7750,3.4309,5.3251,4.2741,4.2741,4.2741,4,21,aws|azure|gcp|oci,2500.0,4,21,4,63,4,147,High,Published,2026-09-15,2026-09-15,v2.4.0
CRI-T1-A100-ALL-INT-OD-ALL,2026-09-15,T1,T1,A100,ALL,INT,ALL,OnDemand,citable,1,1.3444,1.1766,1.1766,median,0.8145,1.4282,0.5378,4.2864,1.3444,1.3440,1.3425,3,66,aws|azure|gcp,3333.3,3,66,3,198,3,462,Medium,Published,2026-09-15,2026-09-15,v2.4.0
CRI-T1-A100-ALL-INT-OD-APAC,2026-09-15,T1,T1,A100,ALL,INT,APAC,OnDemand,citable,1,1.6479,1.0285,1.0285,median,0.7323,1.7851,0.5507,4.7028,1.6479,1.6432,1.6160,3,26,aws|azure|gcp,3333.3,3,26,3,78,3,182,Medium,Published,2026-09-15,2026-09-15,v2.4.0
CRI-T1-A100-ALL-INT-OD-EU,2026-09-15,T1,T1,A100,ALL,INT,EU,OnDemand,citable,1,1.2176,0.8076,0.8076,median,0.8400,1.1717,0.5378,4.2864,1.2176,1.2255,1.2278,3,36,aws|azure|gcp,3333.3,3,36,3,108,3,252,Medium,Published,2026-09-15,2026-09-15,v2.4.0
CRI-T1-A100-ALL-INT-OD-Other,2026-09-15,T1,T1,A100,ALL,INT,Other,OnDemand,citable,1,1.5508,1.3463,1.3463,median,0.9831,1.6385,0.5747,4.4467,1.5508,1.5721,1.5782,3,17,aws|azure|gcp,3333.3,3,17,3,51,3,119,Medium,Published,2026-09-15,2026-09-15,v2.4.0
CRI-T1-A100-ALL-INT-OD-US,2026-09-15,T1,T1,A100,ALL,INT,US,OnDemand,citable,1,1.4965,1.6595,1.6595,median,0.8145,2.6590,0.5754,3.0412,1.4965,1.4861,1.4801,3,30,aws|azure|gcp,3333.3,3,30,3,90,3,210,Medium,Published,2026-09-15,2026-09-15,v2.4.0
CRI-T1-A100-SXM-ALL-1yr-ALL,2026-09-15,T1,T1,A100,SXM,ALL,ALL,1Y,market_intelligence,1,4.0700,3.2770,3.2770,median,3.2770,4.8726,2.1752,6.4587,4.0700,4.0700,4.0700,3,43,aws|azure|gcp,3333.3,3,43,3,129,3,301,Medium,Published,2026-09-15,2026-09-15,v2.4.0
CRI-T1-A100-SXM-ALL-1yr-EU,2026-09-15,T1,T1,A100,SXM,ALL,EU,1Y,market_intelligence,1,4.3563,3.3556,3.3556,median,3.2770,4.9556,2.7176,6.4587,4.3563,4.3563,4.3563,3,25,aws|azure|gcp,3333.3,3,25,3,75,3,175,Medium,Published,2026-09-15,2026-09-15,v2.4.0
CRI-T1-A100-SXM-ALL-1yr-US,2026-09-15,T1,T1,A100,SXM,ALL,US,1Y,market_intelligence,1,3.6723,2.6216,2.6216,median,2.6216,4.7068,2.1752,5.0477,3.6723,3.6723,3.6723,3,18,aws|azure|gcp,3333.3,3,18,3,54,3,126,Medium,Published,2026-09-15,2026-09-15,v2.4.0
CRI-T1-A100-SXM-ALL-3yr-ALL,2026-09-15,T1,T1,A100,SXM,ALL,ALL,3Y,market_intelligence,1,3.1503,2.2529,2.2529,median,2.2529,4.0600,1.4647,5.3837,3.1503,3.1503,3.1503,3,43,aws|azure|gcp,3333.3,3,43,3,129,3,301,Medium,Published,2026-09-15,2026-09-15,v2.4.0
CRI-T1-A100-SXM-ALL-3yr-EU,2026-09-15,T1,T1,A100,SXM,ALL,EU,3Y,market_intelligence,1,3.3585,2.3070,2.3070,median,2.2529,4.1300,1.8300,5.3837,3.3585,3.3585,3.3585,3,25,aws|azure|gcp,3333.3,3,25,3,75,3,175,Medium,Published,2026-09-15,2026-09-15,v2.4.0
CRI-T1-A100-SXM-ALL-3yr-US,2026-09-15,T1,T1,A100,SXM,ALL,US,3Y,market_intelligence,1,2.8611,1.8024,1.8024,median,1.8024,3.9289,1.4647,4.2069,2.8611,2.8611,2.8611,3,18,aws|azure|gcp,3333.3,3,18,3,54,3,126,Medium,Published,2026-09-15,2026-09-15,v2.4.0
CRI-T1-A100-SXM-ALL-OD-ALL,2026-09-15,T1,T1,A100,SXM,ALL,ALL,OnDemand,citable,1,2.7903,2.9935,2.9935,median,1.0240,4.4576,0.5378,7.6149,2.7903,2.7900,2.7886,4,75,aws|azure|gcp|oci,2500.0,4,75,4,225,4,525,High,Published,2026-09-15,2026-09-15,v2.4.0
CRI-T1-A100-SXM-ALL-OD-EU,2026-09-15,T1,T1,A100,SXM,ALL,EU,OnDemand,citable,1,2.8262,1.8949,1.8949,median,1.0240,5.1203,0.5378,7.6149,2.8262,2.8333,2.8354,3,40,aws|azure|gcp,3333.3,3,40,3,120,3,280,Medium,Published,2026-09-15,2026-09-15,v2.4.0
CRI-T1-A100-SXM-ALL-OD-US,2026-09-15,T1,T1,A100,SXM,ALL,US,OnDemand,citable,1,2.7493,2.6642,2.6642,median,1.0802,4.0963,0.5754,5.3251,2.7493,2.7404,2.7352,4,35,aws|azure|gcp|oci,2500.0,4,35,4,105,4,245,High,Published,2026-09-15,2026-09-15,v2.4.0
CRI-T1-A100-SXM-GTD-1yr-ALL,2026-09-15,T1,T1,A100,SXM,GTD,ALL,1Y,market_intelligence,1,4.0700,3.2770,3.2770,median,3.2770,4.8726,2.1752,6.4587,4.0700,4.0700,4.0700,3,43,aws|azure|gcp,3333.3,3,43,3,129,3,301,Medium,Published,2026-09-15,2026-09-15,v2.4.0
CRI-T1-A100-SXM-GTD-1yr-EU,2026-09-15,T1,T1,A100,SXM,GTD,EU,1Y,market_intelligence,1,4.3563,3.3556,3.3556,median,3.2770,4.9556,2.7176,6.4587,4.3563,4.3563,4.3563,3,25,aws|azure|gcp,3333.3,3,25,3,75,3,175,Medium,Published,2026-09-15,2026-09-15,v2.4.0
CRI-T1-A100-SXM-GTD-1yr-US,2026-09-15,T1,T1,A100,SXM,GTD,US,1Y,market_intelligence,1,3.6723,2.6216,2.6216,median,2.6216,4.7068,2.1752,5.0477,3.6723,3.6723,3.6723,3,18,aws|azure|gcp,3333.3,3,18,3,54,3,126,Medium,Published,2026-09-15,2026-09-15,v2.4.0
CRI-T1-A100-SXM-GTD-3yr-ALL,2026-09-15,T1,T1,A100,SXM,GTD,ALL,3Y,market_intelligence,1,3.1503,2.2529,2.2529,median,2.2529,4.0600,1.4647,5.3837,3.1503,3.1503,3.1503,3,43,aws|azure|gcp,3333.3,3,43,3,129,3,301,Medium,Published,2026-09-15,2026-09-15,v2.4.0
CRI-T1-A100-SXM-GTD-3yr-EU,2026-09-15,T1,T1,A100,SXM,GTD,EU,3Y,market_intelligence,1,3.3585,2.3070,2.3070,median,2.2529,4.1300,1.8300,5.3837,3.3585,3.3585,3.3585,3,25,aws|azure|gcp,3333.3,3,25,3,75,3,175,Medium,Published,2026-09-15,2026-09-15,v2.4.0
CRI-T1-A100-SXM-GTD-3yr-US,2026-09-15,T1,T1,A100,SXM,GTD,US,3Y,market_intelligence,1,2.8611,1.8024,1.8024,median,1.8024,3.9289,1.4647,4.2069,2.8611,2.8611,2.8611,3,18,aws|azure|gcp,3333.3,3,18,3,54,3,126,Medium,Published,2026-09-15,2026-09-15,v2.4.0
CRI-T1-A100-SXM-GTD-OD-ALL,2026-09-15,T1,T1,A100,SXM,GTD,ALL,OnDemand,citable,1,5.0143,4.5344,4.5344,median,4.1913,5.3456,3.4309,7.6149,5.0143,5.0143,5.0143,4,27,aws|azure|gcp|oci,2500.0,4,27,4,81,4,189,High,Published,2026-09-15,2026-09-15,v2.4.0
CRI-T1-A100-SXM-GTD-OD-EU,2026-09-15,T1,T1,A100,SXM,GTD,EU,OnDemand,citable,1,5.5760,5.2432,5.2432,median,5.1203,5.8576,4.2864,7.6149,5.5760,5.5760,5.5760,3,14,aws|azure|gcp,3333.3,3,14,3,42,3,98,Medium,Published,2026-09-15,2026-09-15,v2.4.0
CRI-T1-A100-SXM-GTD-OD-US,2026-09-15,T1,T1,A100,SXM,GTD,US,OnDemand,citable,1,4.4094,4.0481,4.0481,median,4.0963,5.0688,3.4309,5.3251,4.4094,4.4094,4.4094,4,13,aws|azure|gcp|oci,2500.0,4,13,4,39,4,91,High,Published,2026-09-15,2026-09-15,v2.4.0
CRI-T1-A100-SXM-INT-OD-ALL,2026-09-15,T1,T1,A100,SXM,INT,ALL,OnDemand,citable,1,1.5393,1.1766,1.1766,median,0.8193,2.2685,0.5378,4.2864,1.5393,1.5388,1.5367,3,48,aws|azure|gcp,3333.3,3,48,3,144,3,336,Medium,Published,2026-09-15,2026-09-15,v2.4.0
CRI-T1-A100-SXM-INT-OD-EU,2026-09-15,T1,T1,A100,SXM,INT,EU,OnDemand,citable,1,1.3455,0.8463,0.8463,median,0.6676,1.3698,0.5378,4.2864,1.3455,1.3565,1.3597,3,26,aws|azure|gcp,3333.3,3,26,3,78,3,182,Medium,Published,2026-09-15,2026-09-15,v2.4.0
CRI-T1-A100-SXM-INT-OD-US,2026-09-15,T1,T1,A100,SXM,INT,US,OnDemand,citable,1,1.7682,1.6595,1.6595,median,0.8459,2.8327,0.5754,3.0412,1.7682,1.7541,1.7459,3,22,aws|azure|gcp,3333.3,3,22,3,66,3,154,Medium,Published,2026-09-15,2026-09-15,v2.4.0
CRI-T1-B200-ALL-ALL-3yr-ALL,2026-09-15,T1,T1,B200,ALL,ALL,ALL,3Y,market_intelligence,1,6.8976,6.6204,6.6204,median,6.6204,7.0884,6.1524,7.7972,6.8976,6.8976,6.8976,2,11,aws|gcp,5000.0,2,11,2,33,2,77,Medium,Provisional,2026-09-15,2026-09-15,v2.4.0
CRI-T1-B200-ALL-ALL-3yr-APAC,2026-09-15,T1,T1,B200,ALL,ALL,APAC,3Y,market_intelligence,1,8.5624,8.5906,8.5906,median,8.5061,8.5906,8.5061,8.6751,8.5624,8.5624,8.5624,2,3,aws|gcp,5000.0,2,3,2,9,2,21,Medium,Provisional,2026-09-15,2026-09-15,v2.4.0
CRI-T1-B200-ALL-ALL-3yr-US,2026-09-15,T1,T1,B200,ALL,ALL,US,3Y,market_intelligence,1,6.8076,6.6204,6.6204,median,6.3864,7.0884,6.1524,7.0884,6.8076,6.8076,6.8076,2,10,aws|gcp,5000.0,2,10,2,30,2,70,Medium,Provisional,2026-09-15,2026-09-15,v2.4.0
CRI-T1-B200-ALL-ALL-OD-ALL,2026-09-15,T1,T1,B200,ALL,ALL,ALL,OnDemand,citable,1,6.4318,7.5257,7.5257,median,1.8641,8.0349,1.5533,17.9053,6.4318,6.4969,6.5074,3,41,aws|gcp|oci,3333.3,3,41,3,122,3,281,Medium,Published,2026-09-15,2026-09-15,v2.4.0
CRI-T1-B200-ALL-ALL-OD-APAC,2026-09-15,T1,T1,B200,ALL,ALL,APAC,OnDemand,citable,1,6.7096,7.2350,7.2350,median,1.8641,6.1791,1.8641,20.0813,6.7096,6.7629,6.8126,2,14,aws|gcp,5000.0,2,14,2,42,2,98,Medium,Provisional,2026-09-15,2026-09-15,v2.4.0
CRI-T1-B200-ALL-ALL-OD-EU,2026-09-15,T1,T1,B200,ALL,ALL,EU,OnDemand,citable,1,4.3245,5.8560,5.8560,median,1.8641,3.1905,1.7905,17.9053,4.3245,4.4151,4.3647,2,16,aws|gcp,5000.0,2,16,2,47,2,106,Medium,Provisional,2026-09-15,2026-09-15,v2.4.0
CRI-T1-B200-ALL-ALL-OD-US,2026-09-15,T1,T1,B200,ALL,ALL,US,OnDemand,citable,1,7.7804,5.2997,5.2997,median,4.9542,14.0000,1.5533,16.1100,7.7804,7.8016,7.8054,3,25,aws|gcp|oci,3333.3,3,25,3,75,3,175,Medium,Published,2026-09-15,2026-09-15,v2.4.0
CRI-T1-B200-ALL-GTD-3yr-ALL,2026-09-15,T1,T1,B200,ALL,GTD,ALL,3Y,market_intelligence,1,6.8976,6.6204,6.6204,median,6.6204,7.0884,6.1524,7.7972,6.8976,6.8976,6.8976,2,11,aws|gcp,5000.0,2,11,2,33,2,77,Medium,Provisional,2026-09-15,2026-09-15,v2.4.0
CRI-T1-B200-ALL-GTD-3yr-APAC,2026-09-15,T1,T1,B200,ALL,GTD,APAC,3Y,market_intelligence,1,8.5624,8.5906,8.5906,median,8.5061,8.5906,8.5061,8.6751,8.5624,8.5624,8.5624,2,3,aws|gcp,5000.0,2,3,2,9,2,21,Medium,Provisional,2026-09-15,2026-09-15,v2.4.0
CRI-T1-B200-ALL-GTD-3yr-US,2026-09-15,T1,T1,B200,ALL,GTD,US,3Y,market_intelligence,1,6.8076,6.6204,6.6204,median,6.3864,7.0884,6.1524,7.0884,6.8076,6.8076,6.8076,2,10,aws|gcp,5000.0,2,10,2,30,2,70,Medium,Provisional,2026-09-15,2026-09-15,v2.4.0
CRI-T1-B200-ALL-GTD-OD-ALL,2026-09-15,T1,T1,B200,ALL,GTD,ALL,OnDemand,citable,1,15.6312,14.2416,14.2416,median,14.2416,16.1100,14.0000,17.9053,15.6312,15.6312,15.5946,3,9,aws|gcp|oci,3333.3,3,9,3,27,3,62,Medium,Published,2026-09-15,2026-09-15,v2.4.0
CRI-T1-B200-ALL-GTD-OD-APAC,2026-09-15,T1,T1,B200,ALL,GTD,APAC,OnDemand,citable,1,19.8313,19.7065,19.7065,median,19.7064,20.0810,19.3320,20.0813,19.8313,19.8313,19.8313,2,3,aws|gcp,5000.0,2,3,2,9,2,21,Medium,Provisional,2026-09-15,2026-09-15,v2.4.0
CRI-T1-B200-ALL-GTD-OD-EU,2026-09-15,T1,T1,B200,ALL,GTD,EU,OnDemand,citable,1,17.8132,17.8132,17.8132,median,17.7671,17.8592,17.7210,17.9053,17.8132,17.8132,17.8061,2,2,aws|gcp,5000.0,2,2,2,6,2,13,Medium,Provisional,2026-09-15,2026-09-15,v2.4.0
CRI-T1-B200-ALL-GTD-OD-US,2026-09-15,T1,T1,B200,ALL,GTD,US,OnDemand,citable,1,15.0078,14.2416,14.2416,median,14.2416,16.1100,14.0000,16.1100,15.0078,15.0078,15.0078,3,7,aws|gcp|oci,3333.3,3,7,3,21,3,49,Medium,Published,2026-09-15,2026-09-15,v2.4.0
CRI-T1-B200-ALL-INT-OD-APAC,2026-09-15,T1,T1,B200,ALL,INT,APAC,OnDemand,citable,1,3.1310,3.4974,3.4974,median,1.8641,4.5659,1.8641,6.2282,3.1310,3.1988,3.2621,2,11,aws|gcp,5000.0,2,11,2,33,2,77,Medium,Provisional,2026-09-15,2026-09-15,v2.4.0
CRI-T1-B200-ALL-INT-OD-EU,2026-09-15,T1,T1,B200,ALL,INT,EU,OnDemand,citable,1,2.3976,1.8273,1.8273,median,1.8641,1.8641,1.7905,5.4373,2.3976,2.4544,2.4857,2,14,aws|gcp,5000.0,2,14,2,41,2,93,Medium,Provisional,2026-09-15,2026-09-15,v2.4.0
CRI-T1-B200-ALL-INT-OD-US,2026-09-15,T1,T1,B200,ALL,INT,US,OnDemand,citable,1,4.9697,5.1137,5.1137,median,4.6087,5.2884,1.5533,8.8383,4.9697,4.9991,5.0044,2,18,aws|gcp,5000.0,2,18,2,54,2,126,Medium,Provisional,2026-09-15,2026-09-15,v2.4.0
CRI-T1-B200-SXM-ALL-3yr-ALL,2026-09-15,T1,T1,B200,SXM,ALL,ALL,3Y,market_intelligence,1,6.8976,6.6204,6.6204,median,6.6204,7.0884,6.1524,7.7972,6.8976,6.8976,6.8976,2,11,aws|gcp,5000.0,2,11,2,33,2,77,Medium,Provisional,2026-09-15,2026-09-15,v2.4.0
CRI-T1-B200-SXM-ALL-3yr-US,2026-09-15,T1,T1,B200,SXM,ALL,US,3Y,market_intelligence,1,6.8076,6.6204,6.6204,median,6.3864,7.0884,6.1524,7.0884,6.8076,6.8076,6.8076,2,10,aws|gcp,5000.0,2,10,2,30,2,70,Medium,Provisional,2026-09-15,2026-09-15,v2.4.0
CRI-T1-B200-SXM-ALL-OD-ALL,2026-09-15,T1,T1,B200,SXM,ALL,ALL,OnDemand,citable,1,6.4318,7.5257,7.5257,median,1.8641,8.0349,1.5533,17.9053,6.4318,6.4969,6.5074,3,41,aws|gcp|oci,3333.3,3,41,3,122,3,281,Medium,Published,2026-09-15,2026-09-15,v2.4.0
CRI-T1-B200-SXM-ALL-OD-EU,2026-09-15,T1,T1,B200,SXM,ALL,EU,OnDemand,citable,1,4.3245,5.8560,5.8560,median,1.8641,3.1905,1.7905,17.9053,4.3245,4.4151,4.3647,2,16,aws|gcp,5000.0,2,16,2,47,2,106,Medium,Provisional,2026-09-15,2026-09-15,v2.4.0
CRI-T1-B200-SXM-ALL-OD-US,2026-09-15,T1,T1,B200,SXM,ALL,US,OnDemand,citable,1,7.7804,5.2997,5.2997,median,4.9542,14.0000,1.5533,16.1100,7.7804,7.8016,7.8054,3,25,aws|gcp|oci,3333.3,3,25,3,75,3,175,Medium,Published,2026-09-15,2026-09-15,v2.4.0
CRI-T1-B200-SXM-GTD-3yr-ALL,2026-09-15,T1,T1,B200,SXM,GTD,ALL,3Y,market_intelligence,1,6.8976,6.6204,6.6204,median,6.6204,7.0884,6.1524,7.7972,6.8976,6.8976,6.8976,2,11,aws|gcp,5000.0,2,11,2,33,2,77,Medium,Provisional,2026-09-15,2026-09-15,v2.4.0
CRI-T1-B200-SXM-GTD-3yr-US,2026-09-15,T1,T1,B200,SXM,GTD,US,3Y,market_intelligence,1,6.8076,6.6204,6.6204,median,6.3864,7.0884,6.1524,7.0884,6.8076,6.8076,6.8076,2,10,aws|gcp,5000.0,2,10,2,30,2,70,Medium,Provisional,2026-09-15,2026-09-15,v2.4.0
CRI-T1-B200-SXM-GTD-OD-ALL,2026-09-15,T1,T1,B200,SXM,GTD,ALL,OnDemand,citable,1,15.6312,14.2416,14.2416,median,14.2416,16.1100,14.0000,17.9053,15.6312,15.6312,15.5946,3,9,aws|gcp|oci,3333.3,3,9,3,27,3,62,Medium,Published,2026-09-15,2026-09-15,v2.4.0
CRI-T1-B200-SXM-GTD-OD-EU,2026-09-15,T1,T1,B200,SXM,GTD,EU,OnDemand,citable,1,17.8132,17.8132,17.8132,median,17.7671,17.8592,17.7210,17.9053,17.8132,17.8132,17.8061,2,2,aws|gcp,5000.0,2,2,2,6,2,13,Medium,Provisional,2026-09-15,2026-09-15,v2.4.0
CRI-T1-B200-SXM-GTD-OD-US,2026-09-15,T1,T1,B200,SXM,GTD,US,OnDemand,citable,1,15.0078,14.2416,14.2416,median,14.2416,16.1100,14.0000,16.1100,15.0078,15.0078,15.0078,3,7,aws|gcp|oci,3333.3,3,7,3,21,3,49,Medium,Published,2026-09-15,2026-09-15,v2.4.0
CRI-T1-B200-SXM-INT-OD-EU,2026-09-15,T1,T1,B200,SXM,INT,EU,OnDemand,citable,1,2.3976,1.8273,1.8273,median,1.8641,1.8641,1.7905,5.4373,2.3976,2.4544,2.4857,2,14,aws|gcp,5000.0,2,14,2,41,2,93,Medium,Provisional,2026-09-15,2026-09-15,v2.4.0
CRI-T1-B200-SXM-INT-OD-US,2026-09-15,T1,T1,B200,SXM,INT,US,OnDemand,citable,1,4.9697,5.1137,5.1137,median,4.6087,5.2884,1.5533,8.8383,4.9697,4.9991,5.0044,2,18,aws|gcp,5000.0,2,18,2,54,2,126,Medium,Provisional,2026-09-15,2026-09-15,v2.4.0
CRI-T1-B300-ALL-ALL-OD-US,2026-09-15,T1,T1,B300,ALL,ALL,US,OnDemand,citable,1,10.6966,10.5461,10.5461,median,6.0513,16.4010,5.5892,17.8020,10.6966,10.6947,10.6882,2,7,aws|oci,5000.0,2,7,2,21,2,49,Medium,Provisional,2026-09-15,2026-09-15,v2.4.0
CRI-T1-B300-ALL-GTD-OD-US,2026-09-15,T1,T1,B300,ALL,GTD,US,OnDemand,citable,1,16.8680,16.4010,16.4010,median,16.4010,17.8020,15.0000,17.8020,16.8680,16.8680,16.8680,2,3,aws|oci,5000.0,2,3,2,9,2,21,Medium,Provisional,2026-09-15,2026-09-15,v2.4.0
CRI-T1-B300-SXM-ALL-OD-US,2026-09-15,T1,T1,B300,SXM,ALL,US,OnDemand,citable,1,10.6966,10.5461,10.5461,median,6.0513,16.4010,5.5892,17.8020,10.6966,10.6947,10.6882,2,7,aws|oci,5000.0,2,7,2,21,2,49,Medium,Provisional,2026-09-15,2026-09-15,v2.4.0
CRI-T1-B300-SXM-GTD-OD-US,2026-09-15,T1,T1,B300,SXM,GTD,US,OnDemand,citable,1,16.8680,16.4010,16.4010,median,16.4010,17.8020,15.0000,17.8020,16.8680,16.8680,16.8680,2,3,aws|oci,5000.0,2,3,2,9,2,21,Medium,Provisional,2026-09-15,2026-09-15,v2.4.0
CRI-T1-GB200-ALL-ALL-OD-US,2026-09-15,T1,T1,GB200,ALL,ALL,US,OnDemand,citable,1,14.6053,14.7600,14.7600,median,13.5200,16.2250,13.5200,16.6296,14.6053,14.6053,14.6053,2,13,azure|oci,5000.0,2,13,2,39,2,91,Medium,Provisional,2026-09-15,2026-09-15,v2.4.0
CRI-T1-GB200-ALL-GTD-OD-US,2026-09-15,T1,T1,GB200,ALL,GTD,US,OnDemand,citable,1,14.7049,14.7600,14.7600,median,13.5200,16.1125,13.5200,16.6296,14.7049,14.7049,14.7049,2,7,azure|oci,5000.0,2,7,2,21,2,49,Medium,Provisional,2026-09-15,2026-09-15,v2.4.0
CRI-T1-GB200-NVL-ALL-OD-US,2026-09-15,T1,T1,GB200,NVL,ALL,US,OnDemand,citable,1,14.6053,14.7600,14.7600,median,13.5200,16.2250,13.5200,16.6296,14.6053,14.6053,14.6053,2,13,azure|oci,5000.0,2,13,2,39,2,91,Medium,Provisional,2026-09-15,2026-09-15,v2.4.0
CRI-T1-GB200-NVL-GTD-OD-US,2026-09-15,T1,T1,GB200,NVL,GTD,US,OnDemand,citable,1,14.7049,14.7600,14.7600,median,13.5200,16.1125,13.5200,16.6296,14.7049,14.7049,14.7049,2,7,azure|oci,5000.0,2,7,2,21,2,49,Medium,Provisional,2026-09-15,2026-09-15,v2.4.0
CRI-T1-H100-ALL-ALL-1yr-ALL,2026-09-15,T1,T1,H100,ALL,ALL,ALL,1Y,market_intelligence,1,8.5905,8.9006,8.9006,median,7.8656,9.7589,4.3344,11.7988,8.5905,8.5905,8.5905,3,49,aws|azure|gcp,3333.3,3,49,3,147,3,343,Medium,Published,2026-09-15,2026-09-15,v2.4.0
CRI-T1-H100-ALL-ALL-1yr-APAC,2026-09-15,T1,T1,H100,ALL,ALL,APAC,1Y,market_intelligence,1,9.2134,9.8544,9.8544,median,8.4322,10.5209,5.2013,12.1917,9.2134,9.2134,9.2134,3,23,aws|azure|gcp,3333.3,3,23,3,69,3,161,Medium,Published,2026-09-15,2026-09-15,v2.4.0
CRI-T1-H100-ALL-ALL-1yr-EU,2026-09-15,T1,T1,H100,ALL,ALL,EU,1Y,market_intelligence,1,9.3302,9.1587,9.1587,median,8.8663,10.2253,4.6378,11.7988,9.3302,9.3302,9.3302,3,23,aws|azure|gcp,3333.3,3,23,3,69,3,161,Medium,Published,2026-09-15,2026-09-15,v2.4.0
CRI-T1-H100-ALL-ALL-1yr-Other,2026-09-15,T1,T1,H100,ALL,ALL,Other,1Y,market_intelligence,1,10.1060,9.6715,9.6715,median,8.4486,11.9464,4.9846,14.9286,10.1060,10.1060,10.1060,3,14,aws|azure|gcp,3333.3,3,14,3,42,3,98,Medium,Published,2026-09-15,2026-09-15,v2.4.0
CRI-T1-H100-ALL-ALL-1yr-US,2026-09-15,T1,T1,H100,ALL,ALL,US,1Y,market_intelligence,1,7.9362,8.0926,8.0926,median,7.6730,9.1812,4.3344,10.2253,7.9362,7.9362,7.9362,3,26,aws|azure|gcp,3333.3,3,26,3,78,3,182,Medium,Published,2026-09-15,2026-09-15,v2.4.0
CRI-T1-H100-ALL-ALL-3yr-ALL,2026-09-15,T1,T1,H100,ALL,ALL,ALL,3Y,market_intelligence,1,5.6223,5.6353,5.6353,median,5.0850,6.4744,2.9722,7.7153,5.6223,5.6223,5.6223,3,49,aws|azure|gcp,3333.3,3,49,3,147,3,343,Medium,Published,2026-09-15,2026-09-15,v2.4.0
CRI-T1-H100-ALL-ALL-3yr-APAC,2026-09-15,T1,T1,H100,ALL,ALL,APAC,3Y,market_intelligence,1,6.0889,6.2393,6.2393,median,5.6732,6.7466,3.5666,8.3627,6.0889,6.0889,6.0889,3,22,aws|azure|gcp,3333.3,3,22,3,66,3,154,Medium,Published,2026-09-15,2026-09-15,v2.4.0
CRI-T1-H100-ALL-ALL-3yr-EU,2026-09-15,T1,T1,H100,ALL,ALL,EU,3Y,market_intelligence,1,6.0728,5.7987,5.7987,median,5.6132,6.9031,3.1802,7.7153,6.0728,6.0728,6.0728,3,23,aws|azure|gcp,3333.3,3,23,3,69,3,161,Medium,Published,2026-09-15,2026-09-15,v2.4.0
CRI-T1-H100-ALL-ALL-3yr-Other,2026-09-15,T1,T1,H100,ALL,ALL,Other,3Y,market_intelligence,1,6.6297,6.1227,6.1227,median,5.3492,7.7142,3.4180,10.2401,6.6297,6.6297,6.6297,3,14,aws|azure|gcp,3333.3,3,14,3,42,3,98,Medium,Published,2026-09-15,2026-09-15,v2.4.0
CRI-T1-H100-ALL-ALL-3yr-US,2026-09-15,T1,T1,H100,ALL,ALL,US,3Y,market_intelligence,1,5.2238,5.1238,5.1238,median,4.8581,5.8130,2.9722,7.0139,5.2238,5.2238,5.2238,3,26,aws|azure|gcp,3333.3,3,26,3,78,3,182,Medium,Published,2026-09-15,2026-09-15,v2.4.0
CRI-T1-H100-ALL-ALL-OD-ALL,2026-09-15,T1,T1,H100,ALL,ALL,ALL,OnDemand,citable,1,6.1887,6.2366,6.2366,median,2.5562,8.9440,1.1423,17.5748,6.1887,6.1628,6.1593,4,88,aws|azure|gcp|oci,2500.0,4,88,4,264,4,616,High,Published,2026-09-15,2026-09-15,v2.4.0
CRI-T1-H100-ALL-ALL-OD-APAC,2026-09-15,T1,T1,H100,ALL,ALL,APAC,OnDemand,citable,1,6.1104,5.4924,5.4924,median,2.7980,8.6000,1.2993,17.8250,6.1104,6.1005,6.1427,3,37,aws|azure|gcp,3333.3,3,37,3,110,3,254,Medium,Published,2026-09-15,2026-09-15,v2.4.0
CRI-T1-H100-ALL-ALL-OD-EU,2026-09-15,T1,T1,H100,ALL,ALL,EU,OnDemand,citable,1,6.5711,5.0549,5.0549,median,2.1423,8.9440,1.1423,17.5748,6.5711,6.5493,6.5541,3,35,aws|azure|gcp,3333.3,3,35,3,105,3,245,Medium,Published,2026-09-15,2026-09-15,v2.4.0
CRI-T1-H100-ALL-ALL-OD-Other,2026-09-15,T1,T1,H100,ALL,ALL,Other,OnDemand,citable,1,5.0176,6.5237,6.5237,median,1.4849,7.0117,1.1310,17.5748,5.0176,5.0080,5.0034,3,18,aws|azure|gcp,3333.3,3,18,3,54,3,126,Medium,Published,2026-09-15,2026-09-15,v2.4.0
CRI-T1-H100-ALL-ALL-OD-US,2026-09-15,T1,T1,H100,ALL,ALL,US,OnDemand,citable,1,5.9361,6.7700,6.7700,median,2.5875,8.6000,1.2468,15.9770,5.9361,5.9076,5.8985,4,53,aws|azure|gcp|oci,2500.0,4,53,4,159,4,371,High,Published,2026-09-15,2026-09-15,v2.4.0
CRI-T1-H100-ALL-GTD-1yr-ALL,2026-09-15,T1,T1,H100,ALL,GTD,ALL,1Y,market_intelligence,1,8.5905,8.9006,8.9006,median,7.8656,9.7589,4.3344,11.7988,8.5905,8.5905,8.5905,3,49,aws|azure|gcp,3333.3,3,49,3,147,3,343,Medium,Published,2026-09-15,2026-09-15,v2.4.0
CRI-T1-H100-ALL-GTD-1yr-APAC,2026-09-15,T1,T1,H100,ALL,GTD,APAC,1Y,market_intelligence,1,9.2134,9.8544,9.8544,median,8.4322,10.5209,5.2013,12.1917,9.2134,9.2134,9.2134,3,23,aws|azure|gcp,3333.3,3,23,3,69,3,161,Medium,Published,2026-09-15,2026-09-15,v2.4.0
CRI-T1-H100-ALL-GTD-1yr-EU,2026-09-15,T1,T1,H100,ALL,GTD,EU,1Y,market_intelligence,1,9.3302,9.1587,9.1587,median,8.8663,10.2253,4.6378,11.7988,9.3302,9.3302,9.3302,3,23,aws|azure|gcp,3333.3,3,23,3,69,3,161,Medium,Published,2026-09-15,2026-09-15,v2.4.0
CRI-T1-H100-ALL-GTD-1yr-Other,2026-09-15,T1,T1,H100,ALL,GTD,Other,1Y,market_intelligence,1,10.1060,9.6715,9.6715,median,8.4486,11.9464,4.9846,14.9286,10.1060,10.1060,10.1060,3,14,aws|azure|gcp,3333.3,3,14,3,42,3,98,Medium,Published,2026-09-15,2026-09-15,v2.4.0
CRI-T1-H100-ALL-GTD-1yr-US,2026-09-15,T1,T1,H100,ALL,GTD,US,1Y,market_intelligence,1,7.9362,8.0926,8.0926,median,7.6730,9.1812,4.3344,10.2253,7.9362,7.9362,7.9362,3,26,aws|azure|gcp,3333.3,3,26,3,78,3,182,Medium,Published,2026-09-15,2026-09-15,v2.4.0
CRI-T1-H100-ALL-GTD-3yr-ALL,2026-09-15,T1,T1,H100,ALL,GTD,ALL,3Y,market_intelligence,1,5.6223,5.6353,5.6353,median,5.0850,6.4744,2.9722,7.7153,5.6223,5.6223,5.6223,3,49,aws|azure|gcp,3333.3,3,49,3,147,3,343,Medium,Published,2026-09-15,2026-09-15,v2.4.0
CRI-T1-H100-ALL-GTD-3yr-APAC,2026-09-15,T1,T1,H100,ALL,GTD,APAC,3Y,market_intelligence,1,6.0889,6.2393,6.2393,median,5.6732,6.7466,3.5666,8.3627,6.0889,6.0889,6.0889,3,22,aws|azure|gcp,3333.3,3,22,3,66,3,154,Medium,Published,2026-09-15,2026-09-15,v2.4.0
CRI-T1-H100-ALL-GTD-3yr-EU,2026-09-15,T1,T1,H100,ALL,GTD,EU,3Y,market_intelligence,1,6.0728,5.7987,5.7987,median,5.6132,6.9031,3.1802,7.7153,6.0728,6.0728,6.0728,3,23,aws|azure|gcp,3333.3,3,23,3,69,3,161,Medium,Published,2026-09-15,2026-09-15,v2.4.0
CRI-T1-H100-ALL-GTD-3yr-Other,2026-09-15,T1,T1,H100,ALL,GTD,Other,3Y,market_intelligence,1,6.6297,6.1227,6.1227,median,5.3492,7.7142,3.4180,10.2401,6.6297,6.6297,6.6297,3,14,aws|azure|gcp,3333.3,3,14,3,42,3,98,Medium,Published,2026-09-15,2026-09-15,v2.4.0
CRI-T1-H100-ALL-GTD-3yr-US,2026-09-15,T1,T1,H100,ALL,GTD,US,3Y,market_intelligence,1,5.2238,5.1238,5.1238,median,4.8581,5.8130,2.9722,7.0139,5.2238,5.2238,5.2238,3,26,aws|azure|gcp,3333.3,3,26,3,78,3,182,Medium,Published,2026-09-15,2026-09-15,v2.4.0
CRI-T1-H100-ALL-GTD-OD-ALL,2026-09-15,T1,T1,H100,ALL,GTD,ALL,OnDemand,citable,1,12.4107,10.5306,10.5306,median,10.5306,15.2397,6.8800,17.5748,12.4107,12.4107,12.4107,4,27,aws|azure|gcp|oci,2500.0,4,27,4,81,4,189,High,Published,2026-09-15,2026-09-15,v2.4.0
CRI-T1-H100-ALL-GTD-OD-APAC,2026-09-15,T1,T1,H100,ALL,GTD,APAC,OnDemand,citable,1,12.2023,12.7949,12.7949,median,8.9440,16.5915,8.2560,17.8250,12.2023,12.2023,12.2023,3,9,aws|azure|gcp,3333.3,3,9,3,27,3,63,Medium,Published,2026-09-15,2026-09-15,v2.4.0
CRI-T1-H100-ALL-GTD-OD-EU,2026-09-15,T1,T1,H100,ALL,GTD,EU,OnDemand,citable,1,13.8169,12.5091,12.5091,median,12.3402,15.9770,7.3616,17.5748,13.8169,13.8169,13.8169,3,10,aws|azure|gcp,3333.3,3,10,3,30,3,70,Medium,Published,2026-09-15,2026-09-15,v2.4.0
CRI-T1-H100-ALL-GTD-OD-Other,2026-09-15,T1,T1,H100,ALL,GTD,Other,OnDemand,citable,1,12.9483,12.9483,12.9483,median,10.6468,15.4547,7.9120,17.5748,12.9483,12.9483,12.9483,2,4,aws|azure,5000.0,2,4,2,12,2,28,Medium,Provisional,2026-09-15,2026-09-15,v2.4.0
CRI-T1-H100-ALL-GTD-OD-US,2026-09-15,T1,T1,H100,ALL,GTD,US,OnDemand,citable,1,11.5835,10.5306,10.5306,median,10.0000,14.7460,6.8800,15.9770,11.5835,11.5835,11.5835,4,17,aws|azure|gcp|oci,2500.0,4,17,4,51,4,119,High,Published,2026-09-15,2026-09-15,v2.4.0
CRI-T1-H100-ALL-INT-OD-ALL,2026-09-15,T1,T1,H100,ALL,INT,ALL,OnDemand,citable,1,3.4347,2.6629,2.6629,median,2.2712,3.7691,1.1423,8.9440,3.4347,3.3974,3.3922,3,61,aws|azure|gcp,3333.3,3,61,3,183,3,427,Medium,Published,2026-09-15,2026-09-15,v2.4.0
CRI-T1-H100-ALL-INT-OD-APAC,2026-09-15,T1,T1,H100,ALL,INT,APAC,OnDemand,citable,1,4.1523,3.2936,3.2936,median,2.4493,6.2232,1.2993,9.0908,4.1523,4.1156,4.1440,3,28,aws|azure|gcp,3333.3,3,28,3,83,3,191,Medium,Published,2026-09-15,2026-09-15,v2.4.0
CRI-T1-H100-ALL-INT-OD-EU,2026-09-15,T1,T1,H100,ALL,INT,EU,OnDemand,citable,1,3.6728,1.9570,1.9570,median,1.5109,6.0087,1.1423,8.9440,3.6728,3.6423,3.6490,3,25,aws|azure|gcp,3333.3,3,25,3,75,3,175,Medium,Published,2026-09-15,2026-09-15,v2.4.0
CRI-T1-H100-ALL-INT-OD-Other,2026-09-15,T1,T1,H100,ALL,INT,Other,OnDemand,citable,1,2.7516,3.5720,3.5720,median,1.3448,3.1749,1.1310,9.7058,2.7516,2.7394,2.7335,3,14,aws|azure|gcp,3333.3,3,14,3,42,3,98,Medium,Published,2026-09-15,2026-09-15,v2.4.0
CRI-T1-H100-ALL-INT-OD-US,2026-09-15,T1,T1,H100,ALL,INT,US,OnDemand,citable,1,3.2693,2.7251,2.7251,median,2.5458,3.2353,1.2468,6.6203,3.2693,3.2273,3.2139,3,36,aws|azure|gcp,3333.3,3,36,3,108,3,252,Medium,Published,2026-09-15,2026-09-15,v2.4.0
CRI-T1-H100-SXM-ALL-1yr-ALL,2026-09-15,T1,T1,H100,SXM,ALL,ALL,1Y,market_intelligence,1,8.5905,8.9006,8.9006,median,7.8656,9.7589,4.3344,11.7988,8.5905,8.5905,8.5905,3,49,aws|azure|gcp,3333.3,3,49,3,147,3,343,Medium,Published,2026-09-15,2026-09-15,v2.4.0
CRI-T1-H100-SXM-ALL-1yr-EU,2026-09-15,T1,T1,H100,SXM,ALL,EU,1Y,market_intelligence,1,9.3302,9.1587,9.1587,median,8.8663,10.2253,4.6378,11.7988,9.3302,9.3302,9.3302,3,23,aws|azure|gcp,3333.3,3,23,3,69,3,161,Medium,Published,2026-09-15,2026-09-15,v2.4.0
CRI-T1-H100-SXM-ALL-1yr-US,2026-09-15,T1,T1,H100,SXM,ALL,US,1Y,market_intelligence,1,7.9362,8.0926,8.0926,median,7.6730,9.1812,4.3344,10.2253,7.9362,7.9362,7.9362,3,26,aws|azure|gcp,3333.3,3,26,3,78,3,182,Medium,Published,2026-09-15,2026-09-15,v2.4.0
CRI-T1-H100-SXM-ALL-3yr-ALL,2026-09-15,T1,T1,H100,SXM,ALL,ALL,3Y,market_intelligence,1,5.6223,5.6353,5.6353,median,5.0850,6.4744,2.9722,7.7153,5.6223,5.6223,5.6223,3,49,aws|azure|gcp,3333.3,3,49,3,147,3,343,Medium,Published,2026-09-15,2026-09-15,v2.4.0
CRI-T1-H100-SXM-ALL-3yr-EU,2026-09-15,T1,T1,H100,SXM,ALL,EU,3Y,market_intelligence,1,6.0728,5.7987,5.7987,median,5.6132,6.9031,3.1802,7.7153,6.0728,6.0728,6.0728,3,23,aws|azure|gcp,3333.3,3,23,3,69,3,161,Medium,Published,2026-09-15,2026-09-15,v2.4.0
CRI-T1-H100-SXM-ALL-3yr-US,2026-09-15,T1,T1,H100,SXM,ALL,US,3Y,market_intelligence,1,5.2238,5.1238,5.1238,median,4.8581,5.8130,2.9722,7.0139,5.2238,5.2238,5.2238,3,26,aws|azure|gcp,3333.3,3,26,3,78,3,182,Medium,Published,2026-09-15,2026-09-15,v2.4.0
CRI-T1-H100-SXM-ALL-OD-ALL,2026-09-15,T1,T1,H100,SXM,ALL,ALL,OnDemand,citable,1,6.1887,6.2366,6.2366,median,2.5562,8.9440,1.1423,17.5748,6.1887,6.1628,6.1593,4,88,aws|azure|gcp|oci,2500.0,4,88,4,264,4,616,High,Published,2026-09-15,2026-09-15,v2.4.0
CRI-T1-H100-SXM-ALL-OD-EU,2026-09-15,T1,T1,H100,SXM,ALL,EU,OnDemand,citable,1,6.5711,5.0549,5.0549,median,2.1423,8.9440,1.1423,17.5748,6.5711,6.5493,6.5541,3,35,aws|azure|gcp,3333.3,3,35,3,105,3,245,Medium,Published,2026-09-15,2026-09-15,v2.4.0
CRI-T1-H100-SXM-ALL-OD-US,2026-09-15,T1,T1,H100,SXM,ALL,US,OnDemand,citable,1,5.9361,6.7700,6.7700,median,2.5875,8.6000,1.2468,15.9770,5.9361,5.9076,5.8985,4,53,aws|azure|gcp|oci,2500.0,4,53,4,159,4,371,High,Published,2026-09-15,2026-09-15,v2.4.0
CRI-T1-H100-SXM-GTD-1yr-ALL,2026-09-15,T1,T1,H100,SXM,GTD,ALL,1Y,market_intelligence,1,8.5905,8.9006,8.9006,median,7.8656,9.7589,4.3344,11.7988,8.5905,8.5905,8.5905,3,49,aws|azure|gcp,3333.3,3,49,3,147,3,343,Medium,Published,2026-09-15,2026-09-15,v2.4.0
CRI-T1-H100-SXM-GTD-1yr-EU,2026-09-15,T1,T1,H100,SXM,GTD,EU,1Y,market_intelligence,1,9.3302,9.1587,9.1587,median,8.8663,10.2253,4.6378,11.7988,9.3302,9.3302,9.3302,3,23,aws|azure|gcp,3333.3,3,23,3,69,3,161,Medium,Published,2026-09-15,2026-09-15,v2.4.0
CRI-T1-H100-SXM-GTD-1yr-US,2026-09-15,T1,T1,H100,SXM,GTD,US,1Y,market_intelligence,1,7.9362,8.0926,8.0926,median,7.6730,9.1812,4.3344,10.2253,7.9362,7.9362,7.9362,3,26,aws|azure|gcp,3333.3,3,26,3,78,3,182,Medium,Published,2026-09-15,2026-09-15,v2.4.0
CRI-T1-H100-SXM-GTD-3yr-ALL,2026-09-15,T1,T1,H100,SXM,GTD,ALL,3Y,market_intelligence,1,5.6223,5.6353,5.6353,median,5.0850,6.4744,2.9722,7.7153,5.6223,5.6223,5.6223,3,49,aws|azure|gcp,3333.3,3,49,3,147,3,343,Medium,Published,2026-09-15,2026-09-15,v2.4.0
CRI-T1-H100-SXM-GTD-3yr-EU,2026-09-15,T1,T1,H100,SXM,GTD,EU,3Y,market_intelligence,1,6.0728,5.7987,5.7987,median,5.6132,6.9031,3.1802,7.7153,6.0728,6.0728,6.0728,3,23,aws|azure|gcp,3333.3,3,23,3,69,3,161,Medium,Published,2026-09-15,2026-09-15,v2.4.0
CRI-T1-H100-SXM-GTD-3yr-US,2026-09-15,T1,T1,H100,SXM,GTD,US,3Y,market_intelligence,1,5.2238,5.1238,5.1238,median,4.8581,5.8130,2.9722,7.0139,5.2238,5.2238,5.2238,3,26,aws|azure|gcp,3333.3,3,26,3,78,3,182,Medium,Published,2026-09-15,2026-09-15,v2.4.0
CRI-T1-H100-SXM-GTD-OD-ALL,2026-09-15,T1,T1,H100,SXM,GTD,ALL,OnDemand,citable,1,12.4107,10.5306,10.5306,median,10.5306,15.2397,6.8800,17.5748,12.4107,12.4107,12.4107,4,27,aws|azure|gcp|oci,2500.0,4,27,4,81,4,189,High,Published,2026-09-15,2026-09-15,v2.4.0
CRI-T1-H100-SXM-GTD-OD-EU,2026-09-15,T1,T1,H100,SXM,GTD,EU,OnDemand,citable,1,13.8169,12.5091,12.5091,median,12.3402,15.9770,7.3616,17.5748,13.8169,13.8169,13.8169,3,10,aws|azure|gcp,3333.3,3,10,3,30,3,70,Medium,Published,2026-09-15,2026-09-15,v2.4.0
CRI-T1-H100-SXM-GTD-OD-US,2026-09-15,T1,T1,H100,SXM,GTD,US,OnDemand,citable,1,11.5835,10.5306,10.5306,median,10.0000,14.7460,6.8800,15.9770,11.5835,11.5835,11.5835,4,17,aws|azure|gcp|oci,2500.0,4,17,4,51,4,119,High,Published,2026-09-15,2026-09-15,v2.4.0
CRI-T1-H100-SXM-INT-OD-ALL,2026-09-15,T1,T1,H100,SXM,INT,ALL,OnDemand,citable,1,3.4347,2.6629,2.6629,median,2.2712,3.7691,1.1423,8.9440,3.4347,3.3974,3.3922,3,61,aws|azure|gcp,3333.3,3,61,3,183,3,427,Medium,Published,2026-09-15,2026-09-15,v2.4.0
CRI-T1-H100-SXM-INT-OD-EU,2026-09-15,T1,T1,H100,SXM,INT,EU,OnDemand,citable,1,3.6728,1.9570,1.9570,median,1.5109,6.0087,1.1423,8.9440,3.6728,3.6423,3.6490,3,25,aws|azure|gcp,3333.3,3,25,3,75,3,175,Medium,Published,2026-09-15,2026-09-15,v2.4.0
CRI-T1-H100-SXM-INT-OD-US,2026-09-15,T1,T1,H100,SXM,INT,US,OnDemand,citable,1,3.2693,2.7251,2.7251,median,2.5458,3.2353,1.2468,6.6203,3.2693,3.2273,3.2139,3,36,aws|azure|gcp,3333.3,3,36,3,108,3,252,Medium,Published,2026-09-15,2026-09-15,v2.4.0
CRI-T1-H200-ALL-ALL-1yr-ALL,2026-09-15,T1,T1,H200,ALL,ALL,ALL,1Y,market_intelligence,1,6.9149,7.2690,7.2690,median,5.9191,7.5597,4.9846,8.9554,6.9149,6.9149,6.9149,3,30,aws|azure|gcp,3333.3,3,30,3,90,3,210,Medium,Published,2026-09-15,2026-09-15,v2.4.0
CRI-T1-H200-ALL-ALL-1yr-APAC,2026-09-15,T1,T1,H200,ALL,ALL,APAC,1Y,market_intelligence,1,7.4450,7.4144,7.4144,median,6.8224,8.2139,5.9815,9.0135,7.4450,7.4450,7.4450,3,14,aws|azure|gcp,3333.3,3,14,3,42,3,98,Medium,Published,2026-09-15,2026-09-15,v2.4.0
CRI-T1-H200-ALL-ALL-1yr-EU,2026-09-15,T1,T1,H200,ALL,ALL,EU,1Y,market_intelligence,1,7.3885,7.5597,7.5597,median,7.2690,7.9318,5.3335,8.9554,7.3885,7.3885,7.3885,3,14,aws|azure|gcp,3333.3,3,14,3,42,3,98,Medium,Published,2026-09-15,2026-09-15,v2.4.0
CRI-T1-H200-ALL-ALL-1yr-Other,2026-09-15,T1,T1,H200,ALL,ALL,Other,1Y,market_intelligence,1,8.1629,7.1922,7.1922,median,6.3967,8.4901,5.9815,11.6303,8.1629,8.1629,8.1629,2,5,aws|azure,5000.0,2,5,2,15,2,35,Medium,Provisional,2026-09-15,2026-09-15,v2.4.0
CRI-T1-H200-ALL-ALL-1yr-US,2026-09-15,T1,T1,H200,ALL,ALL,US,1Y,market_intelligence,1,6.5005,6.3967,6.3967,median,5.8152,7.3090,4.9846,8.6261,6.5005,6.5005,6.5005,3,16,aws|azure|gcp,3333.3,3,16,3,48,3,112,Medium,Published,2026-09-15,2026-09-15,v2.4.0
CRI-T1-H200-ALL-ALL-3yr-ALL,2026-09-15,T1,T1,H200,ALL,ALL,ALL,3Y,market_intelligence,1,5.5522,4.6585,4.6585,median,4.6511,6.7951,3.4180,8.1277,5.5522,5.5522,5.5522,3,30,aws|azure|gcp,3333.3,3,30,3,90,3,210,Medium,Published,2026-09-15,2026-09-15,v2.4.0
CRI-T1-H200-ALL-ALL-3yr-APAC,2026-09-15,T1,T1,H200,ALL,ALL,APAC,3Y,market_intelligence,1,6.0054,5.5843,5.5843,median,4.9331,6.7951,4.1016,8.1805,6.0054,6.0054,6.0054,3,14,aws|azure|gcp,3333.3,3,14,3,42,3,98,Medium,Published,2026-09-15,2026-09-15,v2.4.0
CRI-T1-H200-ALL-ALL-3yr-EU,2026-09-15,T1,T1,H200,ALL,ALL,EU,3Y,market_intelligence,1,6.2244,5.1153,5.1153,median,5.4208,6.8626,3.6572,8.1277,6.2244,6.2244,6.2244,3,14,aws|azure|gcp,3333.3,3,14,3,42,3,98,Medium,Published,2026-09-15,2026-09-15,v2.4.0
CRI-T1-H200-ALL-ALL-3yr-Other,2026-09-15,T1,T1,H200,ALL,ALL,Other,3Y,market_intelligence,1,7.1431,5.8640,5.8640,median,5.8055,7.7055,4.1016,10.5555,7.1431,7.1431,7.1431,2,5,aws|azure,5000.0,2,5,2,15,2,35,Medium,Provisional,2026-09-15,2026-09-15,v2.4.0
CRI-T1-H200-ALL-ALL-3yr-US,2026-09-15,T1,T1,H200,ALL,ALL,US,3Y,market_intelligence,1,4.9641,4.6511,4.6511,median,4.5564,5.5686,3.4180,6.8611,4.9641,4.9641,4.9641,3,16,aws|azure|gcp,3333.3,3,16,3,48,3,112,Medium,Published,2026-09-15,2026-09-15,v2.4.0
CRI-T1-H200-ALL-ALL-OD-ALL,2026-09-15,T1,T1,H200,ALL,ALL,ALL,OnDemand,citable,1,8.8504,9.2401,9.2401,median,3.4046,13.2500,2.0673,16.3240,8.8504,8.8363,8.8304,4,70,aws|azure|gcp|oci,2500.0,4,70,4,210,4,490,High,Published,2026-09-15,2026-09-15,v2.4.0
CRI-T1-H200-ALL-ALL-OD-APAC,2026-09-15,T1,T1,H200,ALL,ALL,APAC,OnDemand,citable,1,10.0018,10.0401,10.0401,median,7.5715,13.2500,1.3049,16.4300,10.0018,9.9914,9.9877,3,30,aws|azure|gcp,3333.3,3,30,3,90,3,210,Medium,Published,2026-09-15,2026-09-15,v2.4.0
CRI-T1-H200-ALL-ALL-OD-EU,2026-09-15,T1,T1,H200,ALL,ALL,EU,OnDemand,citable,1,11.4887,8.1602,8.1602,median,8.4856,13.7830,2.0673,16.3240,11.4887,11.4871,11.4839,3,30,aws|azure|gcp,3333.3,3,30,3,90,3,210,Medium,Published,2026-09-15,2026-09-15,v2.4.0
CRI-T1-H200-ALL-ALL-OD-Other,2026-09-15,T1,T1,H200,ALL,ALL,Other,OnDemand,citable,1,10.1499,9.4752,9.4752,median,5.5536,15.1580,1.3671,15.4760,10.1499,10.1549,10.1728,2,10,aws|azure,5000.0,2,10,2,30,2,70,Medium,Provisional,2026-09-15,2026-09-15,v2.4.0
CRI-T1-H200-ALL-ALL-OD-US,2026-09-15,T1,T1,H200,ALL,ALL,US,OnDemand,citable,1,6.8717,7.8335,7.8335,median,3.3753,10.6000,2.1200,13.7800,6.8717,6.8483,6.8402,4,40,aws|azure|gcp|oci,2500.0,4,40,4,120,4,280,High,Published,2026-09-15,2026-09-15,v2.4.0
CRI-T1-H200-ALL-GTD-1yr-ALL,2026-09-15,T1,T1,H200,ALL,GTD,ALL,1Y,market_intelligence,1,6.9149,7.2690,7.2690,median,5.9191,7.5597,4.9846,8.9554,6.9149,6.9149,6.9149,3,30,aws|azure|gcp,3333.3,3,30,3,90,3,210,Medium,Published,2026-09-15,2026-09-15,v2.4.0
CRI-T1-H200-ALL-GTD-1yr-APAC,2026-09-15,T1,T1,H200,ALL,GTD,APAC,1Y,market_intelligence,1,7.4450,7.4144,7.4144,median,6.8224,8.2139,5.9815,9.0135,7.4450,7.4450,7.4450,3,14,aws|azure|gcp,3333.3,3,14,3,42,3,98,Medium,Published,2026-09-15,2026-09-15,v2.4.0
CRI-T1-H200-ALL-GTD-1yr-EU,2026-09-15,T1,T1,H200,ALL,GTD,EU,1Y,market_intelligence,1,7.3885,7.5597,7.5597,median,7.2690,7.9318,5.3335,8.9554,7.3885,7.3885,7.3885,3,14,aws|azure|gcp,3333.3,3,14,3,42,3,98,Medium,Published,2026-09-15,2026-09-15,v2.4.0
CRI-T1-H200-ALL-GTD-1yr-Other,2026-09-15,T1,T1,H200,ALL,GTD,Other,1Y,market_intelligence,1,8.1629,7.1922,7.1922,median,6.3967,8.4901,5.9815,11.6303,8.1629,8.1629,8.1629,2,5,aws|azure,5000.0,2,5,2,15,2,35,Medium,Provisional,2026-09-15,2026-09-15,v2.4.0
CRI-T1-H200-ALL-GTD-1yr-US,2026-09-15,T1,T1,H200,ALL,GTD,US,1Y,market_intelligence,1,6.5005,6.3967,6.3967,median,5.8152,7.3090,4.9846,8.6261,6.5005,6.5005,6.5005,3,16,aws|azure|gcp,3333.3,3,16,3,48,3,112,Medium,Published,2026-09-15,2026-09-15,v2.4.0
CRI-T1-H200-ALL-GTD-3yr-ALL,2026-09-15,T1,T1,H200,ALL,GTD,ALL,3Y,market_intelligence,1,5.5522,4.6585,4.6585,median,4.6511,6.7951,3.4180,8.1277,5.5522,5.5522,5.5522,3,30,aws|azure|gcp,3333.3,3,30,3,90,3,210,Medium,Published,2026-09-15,2026-09-15,v2.4.0
CRI-T1-H200-ALL-GTD-3yr-APAC,2026-09-15,T1,T1,H200,ALL,GTD,APAC,3Y,market_intelligence,1,6.0054,5.5843,5.5843,median,4.9331,6.7951,4.1016,8.1805,6.0054,6.0054,6.0054,3,14,aws|azure|gcp,3333.3,3,14,3,42,3,98,Medium,Published,2026-09-15,2026-09-15,v2.4.0
CRI-T1-H200-ALL-GTD-3yr-EU,2026-09-15,T1,T1,H200,ALL,GTD,EU,3Y,market_intelligence,1,6.2244,5.1153,5.1153,median,5.4208,6.8626,3.6572,8.1277,6.2244,6.2244,6.2244,3,14,aws|azure|gcp,3333.3,3,14,3,42,3,98,Medium,Published,2026-09-15,2026-09-15,v2.4.0
CRI-T1-H200-ALL-GTD-3yr-Other,2026-09-15,T1,T1,H200,ALL,GTD,Other,3Y,market_intelligence,1,7.1431,5.8640,5.8640,median,5.8055,7.7055,4.1016,10.5555,7.1431,7.1431,7.1431,2,5,aws|azure,5000.0,2,5,2,15,2,35,Medium,Provisional,2026-09-15,2026-09-15,v2.4.0
CRI-T1-H200-ALL-GTD-3yr-US,2026-09-15,T1,T1,H200,ALL,GTD,US,3Y,market_intelligence,1,4.9641,4.6511,4.6511,median,4.5564,5.5686,3.4180,6.8611,4.9641,4.9641,4.9641,3,16,aws|azure|gcp,3333.3,3,16,3,48,3,112,Medium,Published,2026-09-15,2026-09-15,v2.4.0
CRI-T1-H200-ALL-GTD-OD-ALL,2026-09-15,T1,T1,H200,ALL,GTD,ALL,OnDemand,citable,1,11.6338,10.3004,10.3004,median,10.4500,13.7800,7.9120,16.3240,11.6338,11.6338,11.6338,4,28,aws|azure|gcp|oci,2500.0,4,28,4,84,4,196,High,Published,2026-09-15,2026-09-15,v2.4.0
CRI-T1-H200-ALL-GTD-OD-APAC,2026-09-15,T1,T1,H200,ALL,GTD,APAC,OnDemand,citable,1,12.6571,11.9596,11.9596,median,10.9186,13.7800,9.4944,16.4300,12.6571,12.6571,12.6571,2,12,aws|azure,5000.0,2,12,2,36,2,84,Medium,Provisional,2026-09-15,2026-09-15,v2.4.0
CRI-T1-H200-ALL-GTD-OD-EU,2026-09-15,T1,T1,H200,ALL,GTD,EU,OnDemand,citable,1,12.9524,11.6578,11.6578,median,12.7200,13.7840,8.4658,16.3240,12.9524,12.9524,12.9524,3,13,aws|azure|gcp,3333.3,3,13,3,39,3,91,Medium,Published,2026-09-15,2026-09-15,v2.4.0
CRI-T1-H200-ALL-GTD-OD-Other,2026-09-15,T1,T1,H200,ALL,GTD,Other,OnDemand,citable,1,12.9471,12.3262,12.3262,median,11.1186,15.2375,9.4944,15.4760,12.9471,12.9471,12.9471,2,4,aws|azure,5000.0,2,4,2,12,2,28,Medium,Provisional,2026-09-15,2026-09-15,v2.4.0
CRI-T1-H200-ALL-GTD-OD-US,2026-09-15,T1,T1,H200,ALL,GTD,US,OnDemand,citable,1,10.4911,10.3004,10.3004,median,9.9450,11.1304,7.9120,13.7800,10.4911,10.4911,10.4911,4,15,aws|azure|gcp|oci,2500.0,4,15,4,45,4,105,High,Published,2026-09-15,2026-09-15,v2.4.0
CRI-T1-H200-ALL-INT-OD-ALL,2026-09-15,T1,T1,H200,ALL,INT,ALL,OnDemand,citable,1,6.9948,6.3593,6.3593,median,3.1490,12.1900,2.0673,16.3240,6.9948,6.9713,6.9614,3,42,aws|azure|gcp,3333.3,3,42,3,126,3,294,Medium,Published,2026-09-15,2026-09-15,v2.4.0
CRI-T1-H200-ALL-INT-OD-APAC,2026-09-15,T1,T1,H200,ALL,INT,APAC,OnDemand,citable,1,8.2316,8.5101,8.5101,median,3.1121,13.0380,1.3049,16.4300,8.2316,8.2142,8.2080,3,18,aws|azure|gcp,3333.3,3,18,3,54,3,126,Medium,Published,2026-09-15,2026-09-15,v2.4.0
CRI-T1-H200-ALL-INT-OD-EU,2026-09-15,T1,T1,H200,ALL,INT,EU,OnDemand,citable,1,10.3694,6.9940,6.9940,median,6.9950,13.7800,2.0673,16.3240,10.3694,10.3666,10.3610,3,17,aws|azure|gcp,3333.3,3,17,3,51,3,119,Medium,Published,2026-09-15,2026-09-15,v2.4.0
CRI-T1-H200-ALL-INT-OD-Other,2026-09-15,T1,T1,H200,ALL,INT,Other,OnDemand,citable,1,8.2852,7.4987,7.4987,median,2.4174,14.2835,1.3671,15.4760,8.2852,8.2934,8.3232,2,6,aws|azure,5000.0,2,6,2,18,2,42,Medium,Provisional,2026-09-15,2026-09-15,v2.4.0
CRI-T1-H200-ALL-INT-OD-US,2026-09-15,T1,T1,H200,ALL,INT,US,OnDemand,citable,1,4.7000,3.3896,3.3896,median,3.1490,6.3593,2.1200,12.7200,4.7000,4.6626,4.6497,3,25,aws|azure|gcp,3333.3,3,25,3,75,3,175,Medium,Published,2026-09-15,2026-09-15,v2.4.0
CRI-T1-H200-SXM-ALL-1yr-ALL,2026-09-15,T1,T1,H200,SXM,ALL,ALL,1Y,market_intelligence,1,6.9149,7.2690,7.2690,median,5.9191,7.5597,4.9846,8.9554,6.9149,6.9149,6.9149,3,30,aws|azure|gcp,3333.3,3,30,3,90,3,210,Medium,Published,2026-09-15,2026-09-15,v2.4.0
CRI-T1-H200-SXM-ALL-1yr-EU,2026-09-15,T1,T1,H200,SXM,ALL,EU,1Y,market_intelligence,1,7.3885,7.5597,7.5597,median,7.2690,7.9318,5.3335,8.9554,7.3885,7.3885,7.3885,3,14,aws|azure|gcp,3333.3,3,14,3,42,3,98,Medium,Published,2026-09-15,2026-09-15,v2.4.0
CRI-T1-H200-SXM-ALL-1yr-US,2026-09-15,T1,T1,H200,SXM,ALL,US,1Y,market_intelligence,1,6.5005,6.3967,6.3967,median,5.8152,7.3090,4.9846,8.6261,6.5005,6.5005,6.5005,3,16,aws|azure|gcp,3333.3,3,16,3,48,3,112,Medium,Published,2026-09-15,2026-09-15,v2.4.0
CRI-T1-H200-SXM-ALL-3yr-ALL,2026-09-15,T1,T1,H200,SXM,ALL,ALL,3Y,market_intelligence,1,5.5522,4.6585,4.6585,median,4.6511,6.7951,3.4180,8.1277,5.5522,5.5522,5.5522,3,30,aws|azure|gcp,3333.3,3,30,3,90,3,210,Medium,Published,2026-09-15,2026-09-15,v2.4.0
CRI-T1-H200-SXM-ALL-3yr-EU,2026-09-15,T1,T1,H200,SXM,ALL,EU,3Y,market_intelligence,1,6.2244,5.1153,5.1153,median,5.4208,6.8626,3.6572,8.1277,6.2244,6.2244,6.2244,3,14,aws|azure|gcp,3333.3,3,14,3,42,3,98,Medium,Published,2026-09-15,2026-09-15,v2.4.0
CRI-T1-H200-SXM-ALL-3yr-US,2026-09-15,T1,T1,H200,SXM,ALL,US,3Y,market_intelligence,1,4.9641,4.6511,4.6511,median,4.5564,5.5686,3.4180,6.8611,4.9641,4.9641,4.9641,3,16,aws|azure|gcp,3333.3,3,16,3,48,3,112,Medium,Published,2026-09-15,2026-09-15,v2.4.0
CRI-T1-H200-SXM-ALL-OD-ALL,2026-09-15,T1,T1,H200,SXM,ALL,ALL,OnDemand,citable,1,8.8504,9.2401,9.2401,median,3.4046,13.2500,2.0673,16.3240,8.8504,8.8363,8.8304,4,70,aws|azure|gcp|oci,2500.0,4,70,4,210,4,490,High,Published,2026-09-15,2026-09-15,v2.4.0
CRI-T1-H200-SXM-ALL-OD-EU,2026-09-15,T1,T1,H200,SXM,ALL,EU,OnDemand,citable,1,11.4887,8.1602,8.1602,median,8.4856,13.7830,2.0673,16.3240,11.4887,11.4871,11.4839,3,30,aws|azure|gcp,3333.3,3,30,3,90,3,210,Medium,Published,2026-09-15,2026-09-15,v2.4.0
CRI-T1-H200-SXM-ALL-OD-US,2026-09-15,T1,T1,H200,SXM,ALL,US,OnDemand,citable,1,6.8717,7.8335,7.8335,median,3.3753,10.6000,2.1200,13.7800,6.8717,6.8483,6.8402,4,40,aws|azure|gcp|oci,2500.0,4,40,4,120,4,280,High,Published,2026-09-15,2026-09-15,v2.4.0
CRI-T1-H200-SXM-GTD-1yr-ALL,2026-09-15,T1,T1,H200,SXM,GTD,ALL,1Y,market_intelligence,1,6.9149,7.2690,7.2690,median,5.9191,7.5597,4.9846,8.9554,6.9149,6.9149,6.9149,3,30,aws|azure|gcp,3333.3,3,30,3,90,3,210,Medium,Published,2026-09-15,2026-09-15,v2.4.0
CRI-T1-H200-SXM-GTD-1yr-EU,2026-09-15,T1,T1,H200,SXM,GTD,EU,1Y,market_intelligence,1,7.3885,7.5597,7.5597,median,7.2690,7.9318,5.3335,8.9554,7.3885,7.3885,7.3885,3,14,aws|azure|gcp,3333.3,3,14,3,42,3,98,Medium,Published,2026-09-15,2026-09-15,v2.4.0
CRI-T1-H200-SXM-GTD-1yr-US,2026-09-15,T1,T1,H200,SXM,GTD,US,1Y,market_intelligence,1,6.5005,6.3967,6.3967,median,5.8152,7.3090,4.9846,8.6261,6.5005,6.5005,6.5005,3,16,aws|azure|gcp,3333.3,3,16,3,48,3,112,Medium,Published,2026-09-15,2026-09-15,v2.4.0
CRI-T1-H200-SXM-GTD-3yr-ALL,2026-09-15,T1,T1,H200,SXM,GTD,ALL,3Y,market_intelligence,1,5.5522,4.6585,4.6585,median,4.6511,6.7951,3.4180,8.1277,5.5522,5.5522,5.5522,3,30,aws|azure|gcp,3333.3,3,30,3,90,3,210,Medium,Published,2026-09-15,2026-09-15,v2.4.0
CRI-T1-H200-SXM-GTD-3yr-EU,2026-09-15,T1,T1,H200,SXM,GTD,EU,3Y,market_intelligence,1,6.2244,5.1153,5.1153,median,5.4208,6.8626,3.6572,8.1277,6.2244,6.2244,6.2244,3,14,aws|azure|gcp,3333.3,3,14,3,42,3,98,Medium,Published,2026-09-15,2026-09-15,v2.4.0
CRI-T1-H200-SXM-GTD-3yr-US,2026-09-15,T1,T1,H200,SXM,GTD,US,3Y,market_intelligence,1,4.9641,4.6511,4.6511,median,4.5564,5.5686,3.4180,6.8611,4.9641,4.9641,4.9641,3,16,aws|azure|gcp,3333.3,3,16,3,48,3,112,Medium,Published,2026-09-15,2026-09-15,v2.4.0
CRI-T1-H200-SXM-GTD-OD-ALL,2026-09-15,T1,T1,H200,SXM,GTD,ALL,OnDemand,citable,1,11.6338,10.3004,10.3004,median,10.4500,13.7800,7.9120,16.3240,11.6338,11.6338,11.6338,4,28,aws|azure|gcp|oci,2500.0,4,28,4,84,4,196,High,Published,2026-09-15,2026-09-15,v2.4.0
CRI-T1-H200-SXM-GTD-OD-EU,2026-09-15,T1,T1,H200,SXM,GTD,EU,OnDemand,citable,1,12.9524,11.6578,11.6578,median,12.7200,13.7840,8.4658,16.3240,12.9524,12.9524,12.9524,3,13,aws|azure|gcp,3333.3,3,13,3,39,3,91,Medium,Published,2026-09-15,2026-09-15,v2.4.0
CRI-T1-H200-SXM-GTD-OD-US,2026-09-15,T1,T1,H200,SXM,GTD,US,OnDemand,citable,1,10.4911,10.3004,10.3004,median,9.9450,11.1304,7.9120,13.7800,10.4911,10.4911,10.4911,4,15,aws|azure|gcp|oci,2500.0,4,15,4,45,4,105,High,Published,2026-09-15,2026-09-15,v2.4.0
CRI-T1-H200-SXM-INT-OD-ALL,2026-09-15,T1,T1,H200,SXM,INT,ALL,OnDemand,citable,1,6.9948,6.3593,6.3593,median,3.1490,12.1900,2.0673,16.3240,6.9948,6.9713,6.9614,3,42,aws|azure|gcp,3333.3,3,42,3,126,3,294,Medium,Published,2026-09-15,2026-09-15,v2.4.0
CRI-T1-H200-SXM-INT-OD-EU,2026-09-15,T1,T1,H200,SXM,INT,EU,OnDemand,citable,1,10.3694,6.9940,6.9940,median,6.9950,13.7800,2.0673,16.3240,10.3694,10.3666,10.3610,3,17,aws|azure|gcp,3333.3,3,17,3,51,3,119,Medium,Published,2026-09-15,2026-09-15,v2.4.0
CRI-T1-H200-SXM-INT-OD-US,2026-09-15,T1,T1,H200,SXM,INT,US,OnDemand,citable,1,4.7000,3.3896,3.3896,median,3.1490,6.3593,2.1200,12.7200,4.7000,4.6626,4.6497,3,25,aws|azure|gcp,3333.3,3,25,3,75,3,175,Medium,Published,2026-09-15,2026-09-15,v2.4.0
CRI-T1-MI300X-ALL-ALL-OD-US,2026-09-15,T1,T1,MI300X,ALL,ALL,US,OnDemand,citable,1,4.2654,5.1326,5.1326,median,1.3306,7.2000,1.1088,7.8566,4.2654,4.2654,4.2654,2,13,azure|oci,5000.0,2,13,2,39,2,91,Medium,Provisional,2026-09-15,2026-09-15,v2.4.0
CRI-T1-MI300X-ALL-GTD-OD-US,2026-09-15,T1,T1,MI300X,ALL,GTD,US,OnDemand,citable,1,6.8052,6.6000,6.6000,median,6.0000,7.2900,6.0000,7.8566,6.8052,6.8052,6.8052,2,7,azure|oci,5000.0,2,7,2,21,2,49,Medium,Provisional,2026-09-15,2026-09-15,v2.4.0
CRI-T1-MI300X-OAM-ALL-OD-US,2026-09-15,T1,T1,MI300X,OAM,ALL,US,OnDemand,citable,1,4.2654,5.1326,5.1326,median,1.3306,7.2000,1.1088,7.8566,4.2654,4.2654,4.2654,2,13,azure|oci,5000.0,2,13,2,39,2,91,Medium,Provisional,2026-09-15,2026-09-15,v2.4.0
CRI-T1-MI300X-OAM-GTD-OD-US,2026-09-15,T1,T1,MI300X,OAM,GTD,US,OnDemand,citable,1,6.8052,6.6000,6.6000,median,6.0000,7.2900,6.0000,7.8566,6.8052,6.8052,6.8052,2,7,azure|oci,5000.0,2,7,2,21,2,49,Medium,Provisional,2026-09-15,2026-09-15,v2.4.0
CRI-T2-4090-ALL-ALL-OD-EU,2026-09-15,T2,T2,4090,ALL,ALL,EU,OnDemand,citable,1,0.6300,0.6300,0.6300,median,0.6150,0.6450,0.6000,0.6600,0.6300,0.6300,0.6300,2,2,hyperstack|sesterce,5000.0,2,2,2,6,2,14,Medium,Provisional,2026-09-15,2026-09-15,v2.4.0
CRI-T2-4090-ALL-GTD-OD-EU,2026-09-15,T2,T2,4090,ALL,GTD,EU,OnDemand,citable,1,0.6300,0.6300,0.6300,median,0.6150,0.6450,0.6000,0.6600,0.6300,0.6300,0.6300,2,2,hyperstack|sesterce,5000.0,2,2,2,6,2,14,Medium,Provisional,2026-09-15,2026-09-15,v2.4.0
CRI-T2-4090-PCIe-ALL-OD-EU,2026-09-15,T2,T2,4090,PCIe,ALL,EU,OnDemand,citable,1,0.6300,0.6300,0.6300,median,0.6150,0.6450,0.6000,0.6600,0.6300,0.6300,0.6300,2,2,hyperstack|sesterce,5000.0,2,2,2,6,2,14,Medium,Provisional,2026-09-15,2026-09-15,v2.4.0
CRI-T2-4090-PCIe-GTD-OD-EU,2026-09-15,T2,T2,4090,PCIe,GTD,EU,OnDemand,citable,1,0.6300,0.6300,0.6300,median,0.6150,0.6450,0.6000,0.6600,0.6300,0.6300,0.6300,2,2,hyperstack|sesterce,5000.0,2,2,2,6,2,14,Medium,Provisional,2026-09-15,2026-09-15,v2.4.0
CRI-T2-5090-ALL-ALL-OD-EU,2026-09-15,T2,T2,5090,ALL,ALL,EU,OnDemand,citable,7,0.8589,0.8075,0.8075,median,0.9000,0.9000,0.7150,0.9000,0.9000,0.9000,0.8589,2,9,hyperstack|sesterce,5000.0,1,1,1,3,2,9,Medium,Provisional,2026-09-09,2026-09-15,v2.4.0
CRI-T2-5090-ALL-GTD-OD-EU,2026-09-15,T2,T2,5090,ALL,GTD,EU,OnDemand,citable,7,0.8589,0.8075,0.8075,median,0.9000,0.9000,0.7150,0.9000,0.9000,0.9000,0.8589,2,9,hyperstack|sesterce,5000.0,1,1,1,3,2,9,Medium,Provisional,2026-09-09,2026-09-15,v2.4.0
CRI-T2-5090-PCIe-ALL-OD-EU,2026-09-15,T2,T2,5090,PCIe,ALL,EU,OnDemand,citable,7,0.8589,0.8075,0.8075,median,0.9000,0.9000,0.7150,0.9000,0.9000,0.9000,0.8589,2,9,hyperstack|sesterce,5000.0,1,1,1,3,2,9,Medium,Provisional,2026-09-09,2026-09-15,v2.4.0
CRI-T2-5090-PCIe-GTD-OD-EU,2026-09-15,T2,T2,5090,PCIe,GTD,EU,OnDemand,citable,7,0.8589,0.8075,0.8075,median,0.9000,0.9000,0.7150,0.9000,0.9000,0.9000,0.8589,2,9,hyperstack|sesterce,5000.0,1,1,1,3,2,9,Medium,Provisional,2026-09-09,2026-09-15,v2.4.0
CRI-T2-A10-ALL-ALL-OD-US,2026-09-15,T2,T2,A10,ALL,ALL,US,OnDemand,citable,1,1.3932,1.3545,1.3545,median,1.4190,1.4190,1.2900,1.4190,1.3932,1.3932,1.3932,2,5,lambda|sesterce,5000.0,2,5,2,15,2,35,Medium,Provisional,2026-09-15,2026-09-15,v2.4.0
CRI-T2-A10-ALL-GTD-OD-US,2026-09-15,T2,T2,A10,ALL,GTD,US,OnDemand,citable,1,1.3932,1.3545,1.3545,median,1.4190,1.4190,1.2900,1.4190,1.3932,1.3932,1.3932,2,5,lambda|sesterce,5000.0,2,5,2,15,2,35,Medium,Provisional,2026-09-15,2026-09-15,v2.4.0
CRI-T2-A10-PCIe-ALL-OD-US,2026-09-15,T2,T2,A10,PCIe,ALL,US,OnDemand,citable,1,1.3932,1.3545,1.3545,median,1.4190,1.4190,1.2900,1.4190,1.3932,1.3932,1.3932,2,5,lambda|sesterce,5000.0,2,5,2,15,2,35,Medium,Provisional,2026-09-15,2026-09-15,v2.4.0
CRI-T2-A10-PCIe-GTD-OD-US,2026-09-15,T2,T2,A10,PCIe,GTD,US,OnDemand,citable,1,1.3932,1.3545,1.3545,median,1.4190,1.4190,1.2900,1.4190,1.3932,1.3932,1.3932,2,5,lambda|sesterce,5000.0,2,5,2,15,2,35,Medium,Provisional,2026-09-15,2026-09-15,v2.4.0
CRI-T2-A100-40GB-ALL-ALL-1mo-APAC,2026-09-15,T2,T2,A100,ALL,ALL,APAC,1M,market_intelligence,1,1.0621,1.0621,1.0621,median,0.9660,1.1582,0.8700,1.2542,1.0621,1.0621,1.0621,2,2,e2e|jarvislabs,5000.0,2,2,2,6,2,14,Medium,Provisional,2026-09-15,2026-09-15,v2.4.0
CRI-T2-A100-40GB-ALL-ALL-1yr-APAC,2026-09-15,T2,T2,A100,ALL,ALL,APAC,1Y,market_intelligence,1,0.9649,0.9649,0.9649,median,0.8924,1.0373,0.8200,1.1098,0.9649,0.9649,0.9649,2,2,e2e|jarvislabs,5000.0,2,2,2,6,2,14,Medium,Provisional,2026-09-15,2026-09-15,v2.4.0
CRI-T2-A100-40GB-ALL-ALL-3mo-APAC,2026-09-15,T2,T2,A100,ALL,ALL,APAC,3M,market_intelligence,1,1.0415,1.0415,1.0415,median,0.9508,1.1323,0.8600,1.2231,1.0415,1.0415,1.0415,2,2,e2e|jarvislabs,5000.0,2,2,2,6,2,14,Medium,Provisional,2026-09-15,2026-09-15,v2.4.0
CRI-T2-A100-40GB-ALL-ALL-6mo-APAC,2026-09-15,T2,T2,A100,ALL,ALL,APAC,6M,market_intelligence,1,1.0132,1.0132,1.0132,median,0.9316,1.0949,0.8500,1.1765,1.0132,1.0132,1.0132,2,2,e2e|jarvislabs,5000.0,2,2,2,6,2,14,Medium,Provisional,2026-09-15,2026-09-15,v2.4.0
CRI-T2-A100-40GB-ALL-ALL-OD-ALL,2026-09-15,T2,T2,A100,ALL,ALL,ALL,OnDemand,citable,1,2.1829,1.9900,1.9900,median,1.9900,2.1890,0.6255,3.5090,2.1829,2.1092,2.1541,5,19,datacrunch|denvr|lambda|paperspace|sesterce,2000.0,5,19,5,54,5,130,High,Published,2026-09-15,2026-09-15,v2.4.0
CRI-T2-A100-40GB-ALL-ALL-OD-APAC,2026-09-15,T2,T2,A100,ALL,ALL,APAC,OnDemand,citable,1,1.6076,1.9800,1.9800,median,0.8900,2.1890,0.7900,2.1890,1.6076,1.6076,1.6076,3,5,e2e|jarvislabs|sesterce,3333.3,3,5,3,15,3,35,Medium,Published,2026-09-15,2026-09-15,v2.4.0
CRI-T2-A100-40GB-ALL-ALL-OD-EU,2026-09-15,T2,T2,A100,ALL,ALL,EU,OnDemand,citable,1,1.8937,1.8937,1.8937,median,1.0949,2.5190,0.6255,3.5090,1.8937,1.7469,1.8425,2,4,datacrunch|sesterce,5000.0,2,4,2,11,2,27,Medium,Provisional,2026-09-15,2026-09-15,v2.4.0
CRI-T2-A100-40GB-ALL-ALL-OD-US,2026-09-15,T2,T2,A100,ALL,ALL,US,OnDemand,citable,1,2.2600,2.0895,2.0895,median,2.0895,2.1890,1.1500,3.5090,2.2600,2.2019,2.2357,4,15,denvr|lambda|paperspace|sesterce,2500.0,4,15,4,43,4,103,High,Published,2026-09-15,2026-09-15,v2.4.0
CRI-T2-A100-40GB-ALL-GTD-1mo-APAC,2026-09-15,T2,T2,A100,ALL,GTD,APAC,1M,market_intelligence,1,1.0621,1.0621,1.0621,median,0.9660,1.1582,0.8700,1.2542,1.0621,1.0621,1.0621,2,2,e2e|jarvislabs,5000.0,2,2,2,6,2,14,Medium,Provisional,2026-09-15,2026-09-15,v2.4.0
CRI-T2-A100-40GB-ALL-GTD-1yr-APAC,2026-09-15,T2,T2,A100,ALL,GTD,APAC,1Y,market_intelligence,1,0.9649,0.9649,0.9649,median,0.8924,1.0373,0.8200,1.1098,0.9649,0.9649,0.9649,2,2,e2e|jarvislabs,5000.0,2,2,2,6,2,14,Medium,Provisional,2026-09-15,2026-09-15,v2.4.0
CRI-T2-A100-40GB-ALL-GTD-3mo-APAC,2026-09-15,T2,T2,A100,ALL,GTD,APAC,3M,market_intelligence,1,1.0415,1.0415,1.0415,median,0.9508,1.1323,0.8600,1.2231,1.0415,1.0415,1.0415,2,2,e2e|jarvislabs,5000.0,2,2,2,6,2,14,Medium,Provisional,2026-09-15,2026-09-15,v2.4.0
CRI-T2-A100-40GB-ALL-GTD-6mo-APAC,2026-09-15,T2,T2,A100,ALL,GTD,APAC,6M,market_intelligence,1,1.0132,1.0132,1.0132,median,0.9316,1.0949,0.8500,1.1765,1.0132,1.0132,1.0132,2,2,e2e|jarvislabs,5000.0,2,2,2,6,2,14,Medium,Provisional,2026-09-15,2026-09-15,v2.4.0
CRI-T2-A100-40GB-ALL-GTD-OD-ALL,2026-09-15,T2,T2,A100,ALL,GTD,ALL,OnDemand,citable,1,2.2694,1.9900,1.9900,median,2.0397,2.1890,1.1500,3.5090,2.2694,2.1965,2.2404,5,18,datacrunch|denvr|lambda|paperspace|sesterce,2000.0,5,18,5,51,5,123,High,Published,2026-09-15,2026-09-15,v2.4.0
CRI-T2-A100-40GB-ALL-GTD-OD-APAC,2026-09-15,T2,T2,A100,ALL,GTD,APAC,OnDemand,citable,1,1.8120,1.9800,1.9800,median,1.7075,2.1890,0.8900,2.1890,1.8120,1.8120,1.8120,3,4,e2e|jarvislabs|sesterce,3333.3,3,4,3,12,3,28,Medium,Provisional,2026-09-15,2026-09-15,v2.4.0
CRI-T2-A100-40GB-ALL-GTD-OD-EU,2026-09-15,T2,T2,A100,ALL,GTD,EU,OnDemand,citable,1,2.3164,2.0502,2.0502,median,1.7202,2.8490,1.2513,3.5090,2.3164,2.1674,2.2645,2,3,datacrunch|sesterce,5000.0,2,3,2,8,2,20,Medium,Provisional,2026-09-15,2026-09-15,v2.4.0
CRI-T2-A100-40GB-ALL-GTD-OD-US,2026-09-15,T2,T2,A100,ALL,GTD,US,OnDemand,citable,1,2.2600,2.0895,2.0895,median,2.0895,2.1890,1.1500,3.5090,2.2600,2.2019,2.2357,4,15,denvr|lambda|paperspace|sesterce,2500.0,4,15,4,43,4,103,High,Published,2026-09-15,2026-09-15,v2.4.0
CRI-T2-A100-40GB-PCIe-ALL-OD-ALL,2026-09-15,T2,T2,A100,PCIe,ALL,ALL,OnDemand,citable,1,2.4612,1.9900,1.9900,median,2.1890,3.1790,1.1500,3.5090,2.4612,2.3448,2.4143,3,10,denvr|lambda|sesterce,3333.3,3,10,3,27,3,67,Medium,Published,2026-09-15,2026-09-15,v2.4.0
CRI-T2-A100-40GB-PCIe-ALL-OD-US,2026-09-15,T2,T2,A100,PCIe,ALL,US,OnDemand,citable,1,2.3643,1.9900,1.9900,median,2.1393,2.5190,1.1500,3.5090,2.3643,2.2602,2.3219,3,8,denvr|lambda|sesterce,3333.3,3,8,3,22,3,54,Medium,Published,2026-09-15,2026-09-15,v2.4.0
CRI-T2-A100-40GB-PCIe-GTD-OD-ALL,2026-09-15,T2,T2,A100,PCIe,GTD,ALL,OnDemand,citable,1,2.4612,1.9900,1.9900,median,2.1890,3.1790,1.1500,3.5090,2.4612,2.3448,2.4143,3,10,denvr|lambda|sesterce,3333.3,3,10,3,27,3,67,Medium,Published,2026-09-15,2026-09-15,v2.4.0
CRI-T2-A100-40GB-PCIe-GTD-OD-US,2026-09-15,T2,T2,A100,PCIe,GTD,US,OnDemand,citable,1,2.3643,1.9900,1.9900,median,2.1393,2.5190,1.1500,3.5090,2.3643,2.2602,2.3219,3,8,denvr|lambda|sesterce,3333.3,3,8,3,22,3,54,Medium,Published,2026-09-15,2026-09-15,v2.4.0
CRI-T2-A100-40GB-SXM-ALL-OD-ALL,2026-09-15,T2,T2,A100,SXM,ALL,ALL,OnDemand,citable,1,1.8736,1.9900,1.9900,median,1.2513,2.1890,0.6255,3.0900,1.8736,1.8736,1.8773,5,9,datacrunch|denvr|lambda|paperspace|sesterce,2000.0,5,9,5,27,5,63,High,Published,2026-09-15,2026-09-15,v2.4.0
CRI-T2-A100-40GB-SXM-ALL-OD-US,2026-09-15,T2,T2,A100,SXM,ALL,US,OnDemand,citable,1,2.1409,2.0895,2.0895,median,2.0895,2.1890,1.1500,3.0900,2.1409,2.1409,2.1409,4,7,denvr|lambda|paperspace|sesterce,2500.0,4,7,4,21,4,49,High,Published,2026-09-15,2026-09-15,v2.4.0
CRI-T2-A100-40GB-SXM-GTD-OD-ALL,2026-09-15,T2,T2,A100,SXM,GTD,ALL,OnDemand,citable,1,2.0297,1.9900,1.9900,median,1.8053,2.1890,1.1500,3.0900,2.0297,2.0297,2.0324,5,8,datacrunch|denvr|lambda|paperspace|sesterce,2000.0,5,8,5,24,5,56,High,Published,2026-09-15,2026-09-15,v2.4.0
CRI-T2-A100-40GB-SXM-GTD-OD-US,2026-09-15,T2,T2,A100,SXM,GTD,US,OnDemand,citable,1,2.1409,2.0895,2.0895,median,2.0895,2.1890,1.1500,3.0900,2.1409,2.1409,2.1409,4,7,denvr|lambda|paperspace|sesterce,2500.0,4,7,4,21,4,49,High,Published,2026-09-15,2026-09-15,v2.4.0
CRI-T2-A100-ALL-ALL-1mo-ALL,2026-09-15,T2,T2,A100,ALL,ALL,ALL,1M,market_intelligence,1,1.3215,1.3215,1.3215,median,1.1357,1.5073,0.9500,1.6930,1.3215,1.3229,1.3396,2,2,cloudrift|datacrunch,5000.0,2,2,2,6,2,14,Medium,Provisional,2026-09-15,2026-09-15,v2.4.0
CRI-T2-A100-ALL-ALL-1mo-APAC,2026-09-15,T2,T2,A100,ALL,ALL,APAC,1M,market_intelligence,1,1.4960,1.4960,1.4960,median,1.4780,1.5139,1.4600,1.5319,1.4960,1.4960,1.4960,2,2,e2e|jarvislabs,5000.0,2,2,2,6,2,14,Medium,Provisional,2026-09-15,2026-09-15,v2.4.0
CRI-T2-A100-ALL-ALL-1yr-ALL,2026-09-15,T2,T2,A100,ALL,ALL,ALL,1Y,market_intelligence,1,1.2798,1.2798,1.2798,median,1.1251,1.4345,0.9703,1.5893,1.2798,1.2823,1.2989,2,2,datacrunch|seeweb,5000.0,2,2,2,6,2,14,Medium,Provisional,2026-09-15,2026-09-15,v2.4.0
CRI-T2-A100-ALL-ALL-1yr-APAC,2026-09-15,T2,T2,A100,ALL,ALL,APAC,1Y,market_intelligence,1,1.5517,1.3700,1.3700,median,1.2875,1.7250,1.2050,2.0800,1.5517,1.5517,1.5517,3,3,cyfuture|e2e|jarvislabs,3333.3,3,3,3,9,3,21,Medium,Provisional,2026-09-15,2026-09-15,v2.4.0
CRI-T2-A100-ALL-ALL-1yr-EU,2026-09-15,T2,T2,A100,ALL,ALL,EU,1Y,market_intelligence,1,1.2798,1.2798,1.2798,median,1.1251,1.4345,0.9703,1.5893,1.2798,1.2823,1.2989,2,2,datacrunch|seeweb,5000.0,2,2,2,6,2,14,Medium,Provisional,2026-09-15,2026-09-15,v2.4.0
CRI-T2-A100-ALL-ALL-3mo-ALL,2026-09-15,T2,T2,A100,ALL,ALL,ALL,3M,market_intelligence,1,1.2172,1.0858,1.0858,median,0.9879,1.3807,0.8900,1.6757,1.2172,1.2190,1.2307,3,3,cloudrift|datacrunch|seeweb,3333.3,3,3,3,9,3,21,Medium,Provisional,2026-09-15,2026-09-15,v2.4.0
CRI-T2-A100-ALL-ALL-3mo-APAC,2026-09-15,T2,T2,A100,ALL,ALL,APAC,3M,market_intelligence,1,1.4676,1.4676,1.4676,median,1.4588,1.4764,1.4500,1.4852,1.4676,1.4676,1.4676,2,2,e2e|jarvislabs,5000.0,2,2,2,6,2,14,Medium,Provisional,2026-09-15,2026-09-15,v2.4.0
CRI-T2-A100-ALL-ALL-3mo-EU,2026-09-15,T2,T2,A100,ALL,ALL,EU,3M,market_intelligence,1,1.3807,1.3807,1.3807,median,1.2333,1.5282,1.0858,1.6757,1.3807,1.3834,1.4010,2,2,datacrunch|seeweb,5000.0,2,2,2,6,2,14,Medium,Provisional,2026-09-15,2026-09-15,v2.4.0
CRI-T2-A100-ALL-ALL-6mo-ALL,2026-09-15,T2,T2,A100,ALL,ALL,ALL,6M,market_intelligence,1,1.1953,1.0280,1.0280,median,0.9800,1.3600,0.9500,1.6584,1.1953,1.1963,1.2033,3,5,datacrunch|hyperstack|seeweb,3333.3,3,5,3,15,3,35,Medium,Published,2026-09-15,2026-09-15,v2.4.0
CRI-T2-A100-ALL-ALL-6mo-APAC,2026-09-15,T2,T2,A100,ALL,ALL,APAC,6M,market_intelligence,1,1.6331,1.4300,1.4300,median,1.3696,1.7950,1.3092,2.1600,1.6331,1.6331,1.6331,3,3,cyfuture|e2e|jarvislabs,3333.3,3,3,3,9,3,21,Medium,Provisional,2026-09-15,2026-09-15,v2.4.0
CRI-T2-A100-ALL-ALL-6mo-EU,2026-09-15,T2,T2,A100,ALL,ALL,EU,6M,market_intelligence,1,1.1953,1.0280,1.0280,median,0.9800,1.3600,0.9500,1.6584,1.1953,1.1963,1.2033,3,5,datacrunch|hyperstack|seeweb,3333.3,3,5,3,15,3,35,Medium,Published,2026-09-15,2026-09-15,v2.4.0
CRI-T2-A100-ALL-ALL-OD-ALL,2026-09-15,T2,T2,A100,ALL,ALL,ALL,OnDemand,citable,1,1.9171,1.4700,1.4700,median,1.4375,2.4730,0.8635,3.6080,1.9171,1.8953,1.9132,13,32,coreweave|crusoe|datacrunch|deepinfra_gpu|denvr|gcore|hyperstack|lambda|oblivus|paperspace|seeweb|sesterce|vultr,769.2,13,32,13,96,13,225,High,Published,2026-09-15,2026-09-15,v2.4.0
CRI-T2-A100-ALL-ALL-OD-APAC,2026-09-15,T2,T2,A100,ALL,ALL,APAC,OnDemand,citable,1,1.9498,2.2000,2.2000,median,1.4900,2.2000,0.8900,3.0690,1.9498,1.9498,1.9498,4,5,cyfuture|e2e|jarvislabs|sesterce,2500.0,4,5,4,15,4,35,High,Published,2026-09-15,2026-09-15,v2.4.0
CRI-T2-A100-ALL-ALL-OD-EU,2026-09-15,T2,T2,A100,ALL,ALL,EU,OnDemand,citable,1,1.6480,1.4210,1.4210,median,1.1662,1.6638,0.8635,3.6080,1.6480,1.6442,1.6498,6,11,coreweave|datacrunch|gcore|hyperstack|seeweb|sesterce,1666.7,6,11,6,34,6,79,High,Published,2026-09-15,2026-09-15,v2.4.0
CRI-T2-A100-ALL-ALL-OD-US,2026-09-15,T2,T2,A100,ALL,ALL,US,OnDemand,citable,1,2.0580,1.9531,1.9531,median,1.4850,2.7000,0.8900,3.6080,2.0580,2.0330,2.0557,9,21,coreweave|crusoe|deepinfra_gpu|denvr|lambda|oblivus|paperspace|sesterce|vultr,1111.1,9,21,9,62,9,146,High,Published,2026-09-15,2026-09-15,v2.4.0
CRI-T2-A100-ALL-GTD-1mo-ALL,2026-09-15,T2,T2,A100,ALL,GTD,ALL,1M,market_intelligence,1,1.3215,1.3215,1.3215,median,1.1357,1.5073,0.9500,1.6930,1.3215,1.3229,1.3396,2,2,cloudrift|datacrunch,5000.0,2,2,2,6,2,14,Medium,Provisional,2026-09-15,2026-09-15,v2.4.0
CRI-T2-A100-ALL-GTD-1mo-APAC,2026-09-15,T2,T2,A100,ALL,GTD,APAC,1M,market_intelligence,1,1.4960,1.4960,1.4960,median,1.4780,1.5139,1.4600,1.5319,1.4960,1.4960,1.4960,2,2,e2e|jarvislabs,5000.0,2,2,2,6,2,14,Medium,Provisional,2026-09-15,2026-09-15,v2.4.0
CRI-T2-A100-ALL-GTD-1yr-ALL,2026-09-15,T2,T2,A100,ALL,GTD,ALL,1Y,market_intelligence,1,1.2798,1.2798,1.2798,median,1.1251,1.4345,0.9703,1.5893,1.2798,1.2823,1.2989,2,2,datacrunch|seeweb,5000.0,2,2,2,6,2,14,Medium,Provisional,2026-09-15,2026-09-15,v2.4.0
CRI-T2-A100-ALL-GTD-1yr-APAC,2026-09-15,T2,T2,A100,ALL,GTD,APAC,1Y,market_intelligence,1,1.5517,1.3700,1.3700,median,1.2875,1.7250,1.2050,2.0800,1.5517,1.5517,1.5517,3,3,cyfuture|e2e|jarvislabs,3333.3,3,3,3,9,3,21,Medium,Provisional,2026-09-15,2026-09-15,v2.4.0
CRI-T2-A100-ALL-GTD-1yr-EU,2026-09-15,T2,T2,A100,ALL,GTD,EU,1Y,market_intelligence,1,1.2798,1.2798,1.2798,median,1.1251,1.4345,0.9703,1.5893,1.2798,1.2823,1.2989,2,2,datacrunch|seeweb,5000.0,2,2,2,6,2,14,Medium,Provisional,2026-09-15,2026-09-15,v2.4.0
CRI-T2-A100-ALL-GTD-3mo-ALL,2026-09-15,T2,T2,A100,ALL,GTD,ALL,3M,market_intelligence,1,1.2172,1.0858,1.0858,median,0.9879,1.3807,0.8900,1.6757,1.2172,1.2190,1.2307,3,3,cloudrift|datacrunch|seeweb,3333.3,3,3,3,9,3,21,Medium,Provisional,2026-09-15,2026-09-15,v2.4.0
CRI-T2-A100-ALL-GTD-3mo-APAC,2026-09-15,T2,T2,A100,ALL,GTD,APAC,3M,market_intelligence,1,1.4676,1.4676,1.4676,median,1.4588,1.4764,1.4500,1.4852,1.4676,1.4676,1.4676,2,2,e2e|jarvislabs,5000.0,2,2,2,6,2,14,Medium,Provisional,2026-09-15,2026-09-15,v2.4.0
CRI-T2-A100-ALL-GTD-3mo-EU,2026-09-15,T2,T2,A100,ALL,GTD,EU,3M,market_intelligence,1,1.3807,1.3807,1.3807,median,1.2333,1.5282,1.0858,1.6757,1.3807,1.3834,1.4010,2,2,datacrunch|seeweb,5000.0,2,2,2,6,2,14,Medium,Provisional,2026-09-15,2026-09-15,v2.4.0
CRI-T2-A100-ALL-GTD-6mo-ALL,2026-09-15,T2,T2,A100,ALL,GTD,ALL,6M,market_intelligence,1,1.1953,1.0280,1.0280,median,0.9800,1.3600,0.9500,1.6584,1.1953,1.1963,1.2033,3,5,datacrunch|hyperstack|seeweb,3333.3,3,5,3,15,3,35,Medium,Published,2026-09-15,2026-09-15,v2.4.0
CRI-T2-A100-ALL-GTD-6mo-APAC,2026-09-15,T2,T2,A100,ALL,GTD,APAC,6M,market_intelligence,1,1.6331,1.4300,1.4300,median,1.3696,1.7950,1.3092,2.1600,1.6331,1.6331,1.6331,3,3,cyfuture|e2e|jarvislabs,3333.3,3,3,3,9,3,21,Medium,Provisional,2026-09-15,2026-09-15,v2.4.0
CRI-T2-A100-ALL-GTD-6mo-EU,2026-09-15,T2,T2,A100,ALL,GTD,EU,6M,market_intelligence,1,1.1953,1.0280,1.0280,median,0.9800,1.3600,0.9500,1.6584,1.1953,1.1963,1.2033,3,5,datacrunch|hyperstack|seeweb,3333.3,3,5,3,15,3,35,Medium,Published,2026-09-15,2026-09-15,v2.4.0
CRI-T2-A100-ALL-GTD-OD-ALL,2026-09-15,T2,T2,A100,ALL,GTD,ALL,OnDemand,citable,1,2.0431,1.7275,1.7275,median,1.4738,2.7000,0.8900,3.6080,2.0431,2.0163,2.0399,13,26,coreweave|crusoe|datacrunch|deepinfra_gpu|denvr|gcore|hyperstack|lambda|oblivus|paperspace|seeweb|sesterce|vultr,769.2,13,26,13,78,13,182,High,Published,2026-09-15,2026-09-15,v2.4.0
CRI-T2-A100-ALL-GTD-OD-APAC,2026-09-15,T2,T2,A100,ALL,GTD,APAC,OnDemand,citable,1,2.2147,2.1500,2.1500,median,1.9475,2.4173,1.4900,3.0690,2.2147,2.2147,2.2147,4,4,cyfuture|e2e|jarvislabs|sesterce,2500.0,4,4,4,12,4,28,High,Provisional,2026-09-15,2026-09-15,v2.4.0
CRI-T2-A100-ALL-GTD-OD-EU,2026-09-15,T2,T2,A100,ALL,GTD,EU,OnDemand,citable,1,1.8745,1.5973,1.5973,median,1.3875,1.9706,1.1435,3.6080,1.8745,1.8600,1.8669,6,8,coreweave|datacrunch|gcore|hyperstack|seeweb|sesterce,1666.7,6,8,6,25,6,58,High,Published,2026-09-15,2026-09-15,v2.4.0
CRI-T2-A100-ALL-GTD-OD-US,2026-09-15,T2,T2,A100,ALL,GTD,US,OnDemand,citable,1,2.1181,2.1500,2.1500,median,1.4932,2.7675,0.8900,3.6080,2.1181,2.0900,2.1209,9,18,coreweave|crusoe|deepinfra_gpu|denvr|lambda|oblivus|paperspace|sesterce|vultr,1111.1,9,18,9,53,9,124,High,Published,2026-09-15,2026-09-15,v2.4.0
CRI-T2-A100-ALL-INT-OD-ALL,2026-09-15,T2,T2,A100,ALL,INT,ALL,OnDemand,citable,1,1.3710,1.1388,1.1388,median,1.1072,1.4191,0.8635,2.3973,1.3710,1.3712,1.3768,4,6,coreweave|datacrunch|hyperstack|vultr,2500.0,4,6,4,18,4,43,High,Published,2026-09-15,2026-09-15,v2.4.0
CRI-T2-A100-ALL-INT-OD-EU,2026-09-15,T2,T2,A100,ALL,INT,EU,OnDemand,citable,1,1.0441,1.0800,1.0800,median,0.9718,1.1344,0.8635,1.1888,1.0441,1.0446,1.0503,3,3,coreweave|datacrunch|hyperstack,3333.3,3,3,3,9,3,21,Medium,Provisional,2026-09-15,2026-09-15,v2.4.0
CRI-T2-A100-ALL-INT-OD-US,2026-09-15,T2,T2,A100,ALL,INT,US,OnDemand,citable,1,1.6979,1.5750,1.5750,median,1.3481,1.9436,1.2063,2.3973,1.6979,1.6979,1.6884,2,3,coreweave|vultr,5000.0,2,3,2,9,2,22,Medium,Provisional,2026-09-15,2026-09-15,v2.4.0
CRI-T2-A100-PCIe-ALL-6mo-ALL,2026-09-15,T2,T2,A100,PCIe,ALL,ALL,6M,market_intelligence,1,0.9860,0.9965,0.9965,median,0.9650,1.0040,0.9500,1.0280,0.9860,0.9868,0.9875,2,3,hyperstack|seeweb,5000.0,2,3,2,9,2,21,Medium,Provisional,2026-09-15,2026-09-15,v2.4.0
CRI-T2-A100-PCIe-ALL-6mo-EU,2026-09-15,T2,T2,A100,PCIe,ALL,EU,6M,market_intelligence,1,0.9860,0.9965,0.9965,median,0.9650,1.0040,0.9500,1.0280,0.9860,0.9868,0.9875,2,3,hyperstack|seeweb,5000.0,2,3,2,9,2,21,Medium,Provisional,2026-09-15,2026-09-15,v2.4.0
CRI-T2-A100-PCIe-ALL-OD-ALL,2026-09-15,T2,T2,A100,PCIe,ALL,ALL,OnDemand,citable,1,1.6385,1.4775,1.4775,median,1.3750,1.9075,1.0800,2.3973,1.6385,1.6342,1.6389,6,11,crusoe|hyperstack|oblivus|seeweb|sesterce|vultr,1666.7,6,11,6,34,6,77,High,Published,2026-09-15,2026-09-15,v2.4.0
CRI-T2-A100-PCIe-ALL-OD-EU,2026-09-15,T2,T2,A100,PCIe,ALL,EU,OnDemand,citable,1,1.2917,1.3500,1.3500,median,1.1435,1.4000,1.0800,1.4850,1.2434,1.2626,1.2607,3,5,hyperstack|seeweb|sesterce,3333.3,2,4,3,13,3,30,Medium,Published,2026-09-15,2026-09-15,v2.4.0
CRI-T2-A100-PCIe-ALL-OD-US,2026-09-15,T2,T2,A100,PCIe,ALL,US,OnDemand,citable,1,1.8642,1.7425,1.7425,median,1.4850,2.1986,1.4700,2.3973,1.8642,1.8642,1.8804,4,7,crusoe|oblivus|sesterce|vultr,2500.0,4,7,4,21,4,47,High,Published,2026-09-15,2026-09-15,v2.4.0
CRI-T2-A100-PCIe-GTD-6mo-ALL,2026-09-15,T2,T2,A100,PCIe,GTD,ALL,6M,market_intelligence,1,0.9860,0.9965,0.9965,median,0.9650,1.0040,0.9500,1.0280,0.9860,0.9868,0.9875,2,3,hyperstack|seeweb,5000.0,2,3,2,9,2,21,Medium,Provisional,2026-09-15,2026-09-15,v2.4.0
CRI-T2-A100-PCIe-GTD-6mo-EU,2026-09-15,T2,T2,A100,PCIe,GTD,EU,6M,market_intelligence,1,0.9860,0.9965,0.9965,median,0.9650,1.0040,0.9500,1.0280,0.9860,0.9868,0.9875,2,3,hyperstack|seeweb,5000.0,2,3,2,9,2,21,Medium,Provisional,2026-09-15,2026-09-15,v2.4.0
CRI-T2-A100-PCIe-GTD-OD-ALL,2026-09-15,T2,T2,A100,PCIe,GTD,ALL,OnDemand,citable,1,1.6162,1.4775,1.4775,median,1.4000,1.8150,1.1435,2.3973,1.6162,1.6118,1.6168,6,9,crusoe|hyperstack|oblivus|seeweb|sesterce|vultr,1666.7,6,9,6,28,6,63,High,Published,2026-09-15,2026-09-15,v2.4.0
CRI-T2-A100-PCIe-GTD-OD-EU,2026-09-15,T2,T2,A100,PCIe,GTD,EU,OnDemand,citable,1,1.3446,1.3750,1.3750,median,1.2984,1.4212,1.1435,1.4850,1.2978,1.3174,1.3156,3,4,hyperstack|seeweb|sesterce,3333.3,2,3,3,10,3,23,Medium,Provisional,2026-09-15,2026-09-15,v2.4.0
CRI-T2-A100-PCIe-GTD-OD-US,2026-09-15,T2,T2,A100,PCIe,GTD,US,OnDemand,citable,1,1.7754,1.7425,1.7425,median,1.4850,1.9537,1.4700,2.3973,1.7754,1.7754,1.7899,4,6,crusoe|oblivus|sesterce|vultr,2500.0,4,6,4,18,4,40,High,Published,2026-09-15,2026-09-15,v2.4.0
CRI-T2-A100-SXM-ALL-1mo-ALL,2026-09-15,T2,T2,A100,SXM,ALL,ALL,1M,market_intelligence,1,1.3215,1.3215,1.3215,median,1.1357,1.5073,0.9500,1.6930,1.3215,1.3229,1.3396,2,2,cloudrift|datacrunch,5000.0,2,2,2,6,2,14,Medium,Provisional,2026-09-15,2026-09-15,v2.4.0
CRI-T2-A100-SXM-ALL-3mo-ALL,2026-09-15,T2,T2,A100,SXM,ALL,ALL,3M,market_intelligence,1,1.2829,1.2829,1.2829,median,1.0864,1.4793,0.8900,1.6757,1.2829,1.2843,1.3008,2,2,cloudrift|datacrunch,5000.0,2,2,2,6,2,14,Medium,Provisional,2026-09-15,2026-09-15,v2.4.0
CRI-T2-A100-SXM-ALL-6mo-ALL,2026-09-15,T2,T2,A100,SXM,ALL,ALL,6M,market_intelligence,1,1.5092,1.5092,1.5092,median,1.4346,1.5838,1.3600,1.6584,1.5092,1.5106,1.5269,2,2,datacrunch|hyperstack,5000.0,2,2,2,6,2,14,Medium,Provisional,2026-09-15,2026-09-15,v2.4.0
CRI-T2-A100-SXM-ALL-6mo-EU,2026-09-15,T2,T2,A100,SXM,ALL,EU,6M,market_intelligence,1,1.5092,1.5092,1.5092,median,1.4346,1.5838,1.3600,1.6584,1.5092,1.5106,1.5269,2,2,datacrunch|hyperstack,5000.0,2,2,2,6,2,14,Medium,Provisional,2026-09-15,2026-09-15,v2.4.0
CRI-T2-A100-SXM-ALL-OD-ALL,2026-09-15,T2,T2,A100,SXM,ALL,ALL,OnDemand,citable,1,2.0631,1.7744,1.7744,median,1.4670,2.7900,0.8635,3.6080,2.0631,2.0385,2.0559,11,21,coreweave|crusoe|datacrunch|deepinfra_gpu|denvr|gcore|hyperstack|lambda|paperspace|sesterce|vultr,909.1,11,21,11,62,11,148,High,Published,2026-09-15,2026-09-15,v2.4.0
CRI-T2-A100-SXM-ALL-OD-EU,2026-09-15,T2,T2,A100,SXM,ALL,EU,OnDemand,citable,1,1.8793,1.6000,1.6000,median,1.3279,2.2138,0.8635,3.6080,1.8793,1.8804,1.8881,5,7,coreweave|datacrunch|gcore|hyperstack|sesterce,2000.0,5,7,5,21,5,49,High,Published,2026-09-15,2026-09-15,v2.4.0
CRI-T2-A100-SXM-ALL-OD-US,2026-09-15,T2,T2,A100,SXM,ALL,US,OnDemand,citable,1,2.1549,1.9531,1.9531,median,1.4970,2.7975,0.8900,3.6080,2.1549,2.1195,2.1390,8,14,coreweave|crusoe|deepinfra_gpu|denvr|lambda|paperspace|sesterce|vultr,1250.0,8,14,8,41,8,99,High,Published,2026-09-15,2026-09-15,v2.4.0
CRI-T2-A100-SXM-GTD-1mo-ALL,2026-09-15,T2,T2,A100,SXM,GTD,ALL,1M,market_intelligence,1,1.3215,1.3215,1.3215,median,1.1357,1.5073,0.9500,1.6930,1.3215,1.3229,1.3396,2,2,cloudrift|datacrunch,5000.0,2,2,2,6,2,14,Medium,Provisional,2026-09-15,2026-09-15,v2.4.0
CRI-T2-A100-SXM-GTD-3mo-ALL,2026-09-15,T2,T2,A100,SXM,GTD,ALL,3M,market_intelligence,1,1.2829,1.2829,1.2829,median,1.0864,1.4793,0.8900,1.6757,1.2829,1.2843,1.3008,2,2,cloudrift|datacrunch,5000.0,2,2,2,6,2,14,Medium,Provisional,2026-09-15,2026-09-15,v2.4.0
CRI-T2-A100-SXM-GTD-6mo-ALL,2026-09-15,T2,T2,A100,SXM,GTD,ALL,6M,market_intelligence,1,1.5092,1.5092,1.5092,median,1.4346,1.5838,1.3600,1.6584,1.5092,1.5106,1.5269,2,2,datacrunch|hyperstack,5000.0,2,2,2,6,2,14,Medium,Provisional,2026-09-15,2026-09-15,v2.4.0
CRI-T2-A100-SXM-GTD-6mo-EU,2026-09-15,T2,T2,A100,SXM,GTD,EU,6M,market_intelligence,1,1.5092,1.5092,1.5092,median,1.4346,1.5838,1.3600,1.6584,1.5092,1.5106,1.5269,2,2,datacrunch|hyperstack,5000.0,2,2,2,6,2,14,Medium,Provisional,2026-09-15,2026-09-15,v2.4.0
CRI-T2-A100-SXM-GTD-OD-ALL,2026-09-15,T2,T2,A100,SXM,GTD,ALL,OnDemand,citable,1,2.2691,2.3000,2.3000,median,1.5180,2.8000,0.8900,3.6080,2.2691,2.2428,2.2640,11,17,coreweave|crusoe|datacrunch|deepinfra_gpu|denvr|gcore|hyperstack|lambda|paperspace|sesterce|vultr,909.1,11,17,11,50,11,119,High,Published,2026-09-15,2026-09-15,v2.4.0
CRI-T2-A100-SXM-GTD-OD-EU,2026-09-15,T2,T2,A100,SXM,GTD,EU,OnDemand,citable,1,2.2205,1.7275,1.7275,median,1.6000,2.7000,1.4670,3.6080,2.2205,2.2218,2.2292,5,5,coreweave|datacrunch|gcore|hyperstack|sesterce,2000.0,5,5,5,15,5,35,High,Published,2026-09-15,2026-09-15,v2.4.0
CRI-T2-A100-SXM-GTD-OD-US,2026-09-15,T2,T2,A100,SXM,GTD,US,OnDemand,citable,1,2.2894,2.5000,2.5000,median,1.5180,2.8672,0.8900,3.6080,2.2894,2.2517,2.2785,8,12,coreweave|crusoe|deepinfra_gpu|denvr|lambda|paperspace|sesterce|vultr,1250.0,8,12,8,35,8,84,High,Published,2026-09-15,2026-09-15,v2.4.0
CRI-T2-A100-SXM-INT-OD-ALL,2026-09-15,T2,T2,A100,SXM,INT,ALL,OnDemand,citable,3,1.1875,1.1976,1.1976,median,1.1086,1.2772,0.8635,1.4900,1.1871,1.1875,1.2021,3,12,coreweave|datacrunch|vultr,3333.3,3,4,3,12,3,29,Medium,Published,2026-09-13,2026-09-15,v2.4.0
CRI-T2-A100-SXM-INT-OD-EU,2026-09-15,T2,T2,A100,SXM,INT,EU,OnDemand,citable,1,1.0262,1.0262,1.0262,median,0.9448,1.1075,0.8635,1.1888,1.0262,1.0269,1.0355,2,2,coreweave|datacrunch,5000.0,2,2,2,6,2,14,Medium,Provisional,2026-09-15,2026-09-15,v2.4.0
CRI-T2-A100-SXM-INT-OD-US,2026-09-15,T2,T2,A100,SXM,INT,US,OnDemand,citable,1,1.3481,1.3481,1.3481,median,1.2772,1.4191,1.2063,1.4900,1.3481,1.3481,1.3576,2,2,coreweave|vultr,5000.0,2,2,2,6,2,15,Medium,Provisional,2026-09-15,2026-09-15,v2.4.0
CRI-T2-A30-ALL-ALL-1mo-APAC,2026-09-15,T2,T2,A30,ALL,ALL,APAC,1M,market_intelligence,1,0.6167,0.6167,0.6167,median,0.5083,0.7250,0.4000,0.8333,0.6167,0.6167,0.6167,2,2,e2e|jarvislabs,5000.0,2,2,2,6,2,14,Medium,Provisional,2026-09-15,2026-09-15,v2.4.0
CRI-T2-A30-ALL-ALL-1yr-APAC,2026-09-15,T2,T2,A30,ALL,ALL,APAC,1Y,market_intelligence,1,0.5598,0.5598,0.5598,median,0.4699,0.6498,0.3800,0.7397,0.5598,0.5598,0.5598,2,2,e2e|jarvislabs,5000.0,2,2,2,6,2,14,Medium,Provisional,2026-09-15,2026-09-15,v2.4.0
CRI-T2-A30-ALL-ALL-3mo-APAC,2026-09-15,T2,T2,A30,ALL,ALL,APAC,3M,market_intelligence,1,0.6062,0.6062,0.6062,median,0.5031,0.7094,0.4000,0.8125,0.6062,0.6062,0.6062,2,2,e2e|jarvislabs,5000.0,2,2,2,6,2,14,Medium,Provisional,2026-09-15,2026-09-15,v2.4.0
CRI-T2-A30-ALL-ALL-6mo-APAC,2026-09-15,T2,T2,A30,ALL,ALL,APAC,6M,market_intelligence,1,0.5843,0.5843,0.5843,median,0.4872,0.6815,0.3900,0.7787,0.5843,0.5843,0.5843,2,2,e2e|jarvislabs,5000.0,2,2,2,6,2,14,Medium,Provisional,2026-09-15,2026-09-15,v2.4.0
CRI-T2-A30-ALL-ALL-OD-APAC,2026-09-15,T2,T2,A30,ALL,ALL,APAC,OnDemand,citable,1,0.6833,0.8500,0.8500,median,0.3500,0.8800,0.2900,1.3500,0.6833,0.6833,0.6833,2,3,e2e|jarvislabs,5000.0,2,3,2,9,2,21,Medium,Provisional,2026-09-15,2026-09-15,v2.4.0
CRI-T2-A30-ALL-GTD-1mo-APAC,2026-09-15,T2,T2,A30,ALL,GTD,APAC,1M,market_intelligence,1,0.6167,0.6167,0.6167,median,0.5083,0.7250,0.4000,0.8333,0.6167,0.6167,0.6167,2,2,e2e|jarvislabs,5000.0,2,2,2,6,2,14,Medium,Provisional,2026-09-15,2026-09-15,v2.4.0
CRI-T2-A30-ALL-GTD-1yr-APAC,2026-09-15,T2,T2,A30,ALL,GTD,APAC,1Y,market_intelligence,1,0.5598,0.5598,0.5598,median,0.4699,0.6498,0.3800,0.7397,0.5598,0.5598,0.5598,2,2,e2e|jarvislabs,5000.0,2,2,2,6,2,14,Medium,Provisional,2026-09-15,2026-09-15,v2.4.0
CRI-T2-A30-ALL-GTD-3mo-APAC,2026-09-15,T2,T2,A30,ALL,GTD,APAC,3M,market_intelligence,1,0.6062,0.6062,0.6062,median,0.5031,0.7094,0.4000,0.8125,0.6062,0.6062,0.6062,2,2,e2e|jarvislabs,5000.0,2,2,2,6,2,14,Medium,Provisional,2026-09-15,2026-09-15,v2.4.0
CRI-T2-A30-ALL-GTD-6mo-APAC,2026-09-15,T2,T2,A30,ALL,GTD,APAC,6M,market_intelligence,1,0.5843,0.5843,0.5843,median,0.4872,0.6815,0.3900,0.7787,0.5843,0.5843,0.5843,2,2,e2e|jarvislabs,5000.0,2,2,2,6,2,14,Medium,Provisional,2026-09-15,2026-09-15,v2.4.0
CRI-T2-A30-ALL-GTD-OD-APAC,2026-09-15,T2,T2,A30,ALL,GTD,APAC,OnDemand,citable,1,0.8800,0.8800,0.8800,median,0.6450,1.1150,0.4100,1.3500,0.8800,0.8800,0.8800,2,2,e2e|jarvislabs,5000.0,2,2,2,6,2,14,Medium,Provisional,2026-09-15,2026-09-15,v2.4.0
CRI-T2-A40-ALL-ALL-OD-ALL,2026-09-15,T2,T2,A40,ALL,ALL,ALL,OnDemand,citable,1,1.5896,1.1600,1.1600,median,1.1600,2.0460,0.6500,2.0460,1.5896,1.5896,1.4952,3,5,denvr|hyperstack|sesterce,3333.3,3,5,3,15,3,29,Medium,Published,2026-09-15,2026-09-15,v2.4.0
CRI-T2-A40-ALL-ALL-OD-APAC,2026-09-15,T2,T2,A40,ALL,ALL,APAC,OnDemand,citable,1,1.7430,1.7430,1.7430,median,1.5915,1.8945,1.4400,2.0460,1.7430,1.7430,1.6925,2,2,e2e|sesterce,5000.0,2,2,2,6,2,12,Medium,Provisional,2026-09-15,2026-09-15,v2.4.0
CRI-T2-A40-ALL-ALL-OD-EU,2026-09-15,T2,T2,A40,ALL,ALL,EU,OnDemand,citable,1,1.6030,1.6030,1.6030,median,1.3815,1.8245,1.1600,2.0460,1.6030,1.6030,1.5292,2,2,hyperstack|sesterce,5000.0,2,2,2,6,2,12,Medium,Provisional,2026-09-15,2026-09-15,v2.4.0
CRI-T2-A40-ALL-ALL-OD-US,2026-09-15,T2,T2,A40,ALL,ALL,US,OnDemand,citable,1,1.5807,1.3480,1.3480,median,1.3480,2.0460,0.6500,2.0460,1.5807,1.5807,1.4712,2,3,denvr|sesterce,5000.0,2,3,2,9,2,17,Medium,Provisional,2026-09-15,2026-09-15,v2.4.0
CRI-T2-A40-ALL-GTD-OD-ALL,2026-09-15,T2,T2,A40,ALL,GTD,ALL,OnDemand,citable,1,1.5896,1.1600,1.1600,median,1.1600,2.0460,0.6500,2.0460,1.5896,1.5896,1.4952,3,5,denvr|hyperstack|sesterce,3333.3,3,5,3,15,3,29,Medium,Published,2026-09-15,2026-09-15,v2.4.0
CRI-T2-A40-ALL-GTD-OD-APAC,2026-09-15,T2,T2,A40,ALL,GTD,APAC,OnDemand,citable,1,1.7430,1.7430,1.7430,median,1.5915,1.8945,1.4400,2.0460,1.7430,1.7430,1.6925,2,2,e2e|sesterce,5000.0,2,2,2,6,2,12,Medium,Provisional,2026-09-15,2026-09-15,v2.4.0
CRI-T2-A40-ALL-GTD-OD-EU,2026-09-15,T2,T2,A40,ALL,GTD,EU,OnDemand,citable,1,1.6030,1.6030,1.6030,median,1.3815,1.8245,1.1600,2.0460,1.6030,1.6030,1.5292,2,2,hyperstack|sesterce,5000.0,2,2,2,6,2,12,Medium,Provisional,2026-09-15,2026-09-15,v2.4.0
CRI-T2-A40-ALL-GTD-OD-US,2026-09-15,T2,T2,A40,ALL,GTD,US,OnDemand,citable,1,1.5807,1.3480,1.3480,median,1.3480,2.0460,0.6500,2.0460,1.5807,1.5807,1.4712,2,3,denvr|sesterce,5000.0,2,3,2,9,2,17,Medium,Provisional,2026-09-15,2026-09-15,v2.4.0
CRI-T2-A40-PCIe-ALL-OD-ALL,2026-09-15,T2,T2,A40,PCIe,ALL,ALL,OnDemand,citable,1,1.5896,1.1600,1.1600,median,1.1600,2.0460,0.6500,2.0460,1.5896,1.5896,1.4952,3,5,denvr|hyperstack|sesterce,3333.3,3,5,3,15,3,29,Medium,Published,2026-09-15,2026-09-15,v2.4.0
CRI-T2-A40-PCIe-ALL-OD-EU,2026-09-15,T2,T2,A40,PCIe,ALL,EU,OnDemand,citable,1,1.6030,1.6030,1.6030,median,1.3815,1.8245,1.1600,2.0460,1.6030,1.6030,1.5292,2,2,hyperstack|sesterce,5000.0,2,2,2,6,2,12,Medium,Provisional,2026-09-15,2026-09-15,v2.4.0
CRI-T2-A40-PCIe-ALL-OD-US,2026-09-15,T2,T2,A40,PCIe,ALL,US,OnDemand,citable,1,1.5807,1.3480,1.3480,median,1.3480,2.0460,0.6500,2.0460,1.5807,1.5807,1.4712,2,3,denvr|sesterce,5000.0,2,3,2,9,2,17,Medium,Provisional,2026-09-15,2026-09-15,v2.4.0
CRI-T2-A40-PCIe-GTD-OD-ALL,2026-09-15,T2,T2,A40,PCIe,GTD,ALL,OnDemand,citable,1,1.5896,1.1600,1.1600,median,1.1600,2.0460,0.6500,2.0460,1.5896,1.5896,1.4952,3,5,denvr|hyperstack|sesterce,3333.3,3,5,3,15,3,29,Medium,Published,2026-09-15,2026-09-15,v2.4.0
CRI-T2-A40-PCIe-GTD-OD-EU,2026-09-15,T2,T2,A40,PCIe,GTD,EU,OnDemand,citable,1,1.6030,1.6030,1.6030,median,1.3815,1.8245,1.1600,2.0460,1.6030,1.6030,1.5292,2,2,hyperstack|sesterce,5000.0,2,2,2,6,2,12,Medium,Provisional,2026-09-15,2026-09-15,v2.4.0
CRI-T2-A40-PCIe-GTD-OD-US,2026-09-15,T2,T2,A40,PCIe,GTD,US,OnDemand,citable,1,1.5807,1.3480,1.3480,median,1.3480,2.0460,0.6500,2.0460,1.5807,1.5807,1.4712,2,3,denvr|sesterce,5000.0,2,3,2,9,2,17,Medium,Provisional,2026-09-15,2026-09-15,v2.4.0
CRI-T2-B200-ALL-ALL-1mo-ALL,2026-09-15,T2,T2,B200,ALL,ALL,ALL,1M,market_intelligence,1,7.0790,7.0790,7.0790,median,6.6234,7.5345,6.1679,7.9900,7.0790,7.0690,7.0232,2,2,datacrunch|together,5000.0,2,2,2,6,2,14,Medium,Provisional,2026-09-15,2026-09-15,v2.4.0
CRI-T2-B200-ALL-ALL-1mo-APAC,2026-09-15,T2,T2,B200,ALL,ALL,APAC,1M,market_intelligence,1,5.9356,5.9356,5.9356,median,5.4428,6.4283,4.9500,6.9211,5.9356,5.9356,5.9404,2,2,e2e|shakti_cloud,5000.0,2,2,2,6,2,14,Medium,Provisional,2026-09-15,2026-09-15,v2.4.0
CRI-T2-B200-ALL-ALL-3mo-ALL,2026-09-15,T2,T2,B200,ALL,ALL,ALL,3M,market_intelligence,1,6.9474,6.9474,6.9474,median,6.5262,7.3687,6.1049,7.7900,6.9474,6.9375,6.8923,2,2,datacrunch|together,5000.0,2,2,2,6,2,14,Medium,Provisional,2026-09-15,2026-09-15,v2.4.0
CRI-T2-B200-ALL-ALL-6mo-ALL,2026-09-15,T2,T2,B200,ALL,ALL,ALL,6M,market_intelligence,1,5.9773,6.0420,6.0420,median,5.5710,6.4160,5.1000,6.7900,5.9773,5.9708,5.9409,3,3,datacrunch|hyperstack|together,3333.3,3,3,3,9,3,21,Medium,Provisional,2026-09-15,2026-09-15,v2.4.0
CRI-T2-B200-ALL-ALL-6mo-EU,2026-09-15,T2,T2,B200,ALL,ALL,EU,6M,market_intelligence,1,5.5710,5.5710,5.5710,median,5.3355,5.8065,5.1000,6.0420,5.5710,5.5612,5.5164,2,2,datacrunch|hyperstack,5000.0,2,2,2,6,2,14,Medium,Provisional,2026-09-15,2026-09-15,v2.4.0
CRI-T2-B200-ALL-ALL-OD-ALL,2026-09-15,T2,T2,B200,ALL,ALL,ALL,OnDemand,citable,1,5.7332,5.9250,5.9250,median,3.9371,7.4100,3.1475,8.6000,5.7332,5.7834,5.8082,9,16,coreweave|datacrunch|deepinfra_gpu|hyperstack|lambda|nebius|together|upcloud|vultr,1111.1,9,16,9,46,10,107,High,Published,2026-09-15,2026-09-15,v2.4.0
CRI-T2-B200-ALL-ALL-OD-APAC,2026-09-15,T2,T2,B200,ALL,ALL,APAC,OnDemand,citable,7,7.0774,7.3395,7.3395,median,6.9900,6.9900,6.9900,7.6890,6.9900,6.9900,7.0774,2,8,e2e|sesterce,5000.0,1,1,1,3,2,8,Medium,Provisional,2026-09-09,2026-09-15,v2.4.0
CRI-T2-B200-ALL-ALL-OD-EU,2026-09-15,T2,T2,B200,ALL,ALL,EU,OnDemand,citable,1,5.3996,5.5500,5.5500,median,3.9500,6.2938,3.1475,8.6000,5.3996,5.4653,5.4711,5,9,coreweave|datacrunch|hyperstack|nebius|upcloud,2000.0,5,9,5,25,5,57,High,Published,2026-09-15,2026-09-15,v2.4.0
CRI-T2-B200-ALL-ALL-OD-US,2026-09-15,T2,T2,B200,ALL,ALL,US,OnDemand,citable,1,6.1620,6.2700,6.2700,median,3.9769,8.3450,3.2000,8.6000,6.1620,6.1620,6.1925,5,7,coreweave|deepinfra_gpu|lambda|together|vultr,2000.0,5,7,5,21,6,50,High,Published,2026-09-15,2026-09-15,v2.4.0
CRI-T2-B200-ALL-GTD-1mo-ALL,2026-09-15,T2,T2,B200,ALL,GTD,ALL,1M,market_intelligence,1,7.0790,7.0790,7.0790,median,6.6234,7.5345,6.1679,7.9900,7.0790,7.0690,7.0232,2,2,datacrunch|together,5000.0,2,2,2,6,2,14,Medium,Provisional,2026-09-15,2026-09-15,v2.4.0
CRI-T2-B200-ALL-GTD-1mo-APAC,2026-09-15,T2,T2,B200,ALL,GTD,APAC,1M,market_intelligence,1,5.9356,5.9356,5.9356,median,5.4428,6.4283,4.9500,6.9211,5.9356,5.9356,5.9404,2,2,e2e|shakti_cloud,5000.0,2,2,2,6,2,14,Medium,Provisional,2026-09-15,2026-09-15,v2.4.0
CRI-T2-B200-ALL-GTD-3mo-ALL,2026-09-15,T2,T2,B200,ALL,GTD,ALL,3M,market_intelligence,1,6.9474,6.9474,6.9474,median,6.5262,7.3687,6.1049,7.7900,6.9474,6.9375,6.8923,2,2,datacrunch|together,5000.0,2,2,2,6,2,14,Medium,Provisional,2026-09-15,2026-09-15,v2.4.0
CRI-T2-B200-ALL-GTD-6mo-ALL,2026-09-15,T2,T2,B200,ALL,GTD,ALL,6M,market_intelligence,1,5.9773,6.0420,6.0420,median,5.5710,6.4160,5.1000,6.7900,5.9773,5.9708,5.9409,3,3,datacrunch|hyperstack|together,3333.3,3,3,3,9,3,21,Medium,Provisional,2026-09-15,2026-09-15,v2.4.0
CRI-T2-B200-ALL-GTD-6mo-EU,2026-09-15,T2,T2,B200,ALL,GTD,EU,6M,market_intelligence,1,5.5710,5.5710,5.5710,median,5.3355,5.8065,5.1000,6.0420,5.5710,5.5612,5.5164,2,2,datacrunch|hyperstack,5000.0,2,2,2,6,2,14,Medium,Provisional,2026-09-15,2026-09-15,v2.4.0
CRI-T2-B200-ALL-GTD-OD-ALL,2026-09-15,T2,T2,B200,ALL,GTD,ALL,OnDemand,citable,1,6.8912,6.6900,6.6900,median,6.0735,8.4225,3.6900,8.6000,6.8912,6.9481,6.9673,9,10,coreweave|datacrunch|deepinfra_gpu|hyperstack|lambda|nebius|together|upcloud|vultr,1111.1,9,10,9,29,10,68,High,Published,2026-09-15,2026-09-15,v2.4.0
CRI-T2-B200-ALL-GTD-OD-APAC,2026-09-15,T2,T2,B200,ALL,GTD,APAC,OnDemand,citable,7,7.0774,7.3395,7.3395,median,6.9900,6.9900,6.9900,7.6890,6.9900,6.9900,7.0774,2,8,e2e|sesterce,5000.0,1,1,1,3,2,8,Medium,Provisional,2026-09-09,2026-09-15,v2.4.0
CRI-T2-B200-ALL-GTD-OD-EU,2026-09-15,T2,T2,B200,ALL,GTD,EU,OnDemand,citable,1,6.6484,6.2938,6.2938,median,6.0000,7.1500,5.1980,8.6000,6.6484,6.7489,6.7623,5,5,coreweave|datacrunch|hyperstack|nebius|upcloud,2000.0,5,5,5,14,5,32,High,Published,2026-09-15,2026-09-15,v2.4.0
CRI-T2-B200-ALL-GTD-OD-US,2026-09-15,T2,T2,B200,ALL,GTD,US,OnDemand,citable,1,7.1340,8.1900,8.1900,median,6.6900,8.5000,3.6900,8.6000,7.1340,7.1340,7.1494,5,5,coreweave|deepinfra_gpu|lambda|together|vultr,2000.0,5,5,5,15,6,36,High,Published,2026-09-15,2026-09-15,v2.4.0
CRI-T2-B200-ALL-INT-OD-ALL,2026-09-15,T2,T2,B200,ALL,INT,ALL,OnDemand,citable,1,3.8031,3.8985,3.8985,median,3.3746,4.1853,3.1475,4.3588,3.8031,3.7965,3.7872,5,6,coreweave|datacrunch|nebius|upcloud|vultr,2000.0,5,6,5,17,5,39,High,Published,2026-09-15,2026-09-15,v2.4.0
CRI-T2-B200-ALL-INT-OD-EU,2026-09-15,T2,T2,B200,ALL,INT,EU,OnDemand,citable,1,3.8387,3.9242,3.9242,median,3.7107,4.0522,3.1475,4.3588,3.8387,3.8317,3.8182,4,4,coreweave|datacrunch|nebius|upcloud,2500.0,4,4,4,11,4,25,High,Provisional,2026-09-15,2026-09-15,v2.4.0
CRI-T2-B200-ALL-INT-OD-US,2026-09-15,T2,T2,B200,ALL,INT,US,OnDemand,citable,1,3.7319,3.7319,3.7319,median,3.4660,3.9978,3.2000,4.2638,3.7319,3.7319,3.7319,2,2,coreweave|vultr,5000.0,2,2,2,6,2,14,Medium,Provisional,2026-09-15,2026-09-15,v2.4.0
CRI-T2-B200-SXM-ALL-1mo-ALL,2026-09-15,T2,T2,B200,SXM,ALL,ALL,1M,market_intelligence,1,7.0790,7.0790,7.0790,median,6.6234,7.5345,6.1679,7.9900,7.0790,7.0690,7.0232,2,2,datacrunch|together,5000.0,2,2,2,6,2,14,Medium,Provisional,2026-09-15,2026-09-15,v2.4.0
CRI-T2-B200-SXM-ALL-3mo-ALL,2026-09-15,T2,T2,B200,SXM,ALL,ALL,3M,market_intelligence,1,6.9474,6.9474,6.9474,median,6.5262,7.3687,6.1049,7.7900,6.9474,6.9375,6.8923,2,2,datacrunch|together,5000.0,2,2,2,6,2,14,Medium,Provisional,2026-09-15,2026-09-15,v2.4.0
CRI-T2-B200-SXM-ALL-6mo-ALL,2026-09-15,T2,T2,B200,SXM,ALL,ALL,6M,market_intelligence,1,5.9773,6.0420,6.0420,median,5.5710,6.4160,5.1000,6.7900,5.9773,5.9708,5.9409,3,3,datacrunch|hyperstack|together,3333.3,3,3,3,9,3,21,Medium,Provisional,2026-09-15,2026-09-15,v2.4.0
CRI-T2-B200-SXM-ALL-6mo-EU,2026-09-15,T2,T2,B200,SXM,ALL,EU,6M,market_intelligence,1,5.5710,5.5710,5.5710,median,5.3355,5.8065,5.1000,6.0420,5.5710,5.5612,5.5164,2,2,datacrunch|hyperstack,5000.0,2,2,2,6,2,14,Medium,Provisional,2026-09-15,2026-09-15,v2.4.0
CRI-T2-B200-SXM-ALL-OD-ALL,2026-09-15,T2,T2,B200,SXM,ALL,ALL,OnDemand,citable,1,5.7332,5.9250,5.9250,median,3.9371,7.4100,3.1475,8.6000,5.7332,5.7834,5.8082,9,16,coreweave|datacrunch|deepinfra_gpu|hyperstack|lambda|nebius|together|upcloud|vultr,1111.1,9,16,9,46,10,107,High,Published,2026-09-15,2026-09-15,v2.4.0
CRI-T2-B200-SXM-ALL-OD-EU,2026-09-15,T2,T2,B200,SXM,ALL,EU,OnDemand,citable,1,5.3996,5.5500,5.5500,median,3.9500,6.2938,3.1475,8.6000,5.3996,5.4653,5.4711,5,9,coreweave|datacrunch|hyperstack|nebius|upcloud,2000.0,5,9,5,25,5,57,High,Published,2026-09-15,2026-09-15,v2.4.0
CRI-T2-B200-SXM-ALL-OD-US,2026-09-15,T2,T2,B200,SXM,ALL,US,OnDemand,citable,1,6.1620,6.2700,6.2700,median,3.9769,8.3450,3.2000,8.6000,6.1620,6.1620,6.1925,5,7,coreweave|deepinfra_gpu|lambda|together|vultr,2000.0,5,7,5,21,6,50,High,Published,2026-09-15,2026-09-15,v2.4.0
CRI-T2-B200-SXM-GTD-1mo-ALL,2026-09-15,T2,T2,B200,SXM,GTD,ALL,1M,market_intelligence,1,7.0790,7.0790,7.0790,median,6.6234,7.5345,6.1679,7.9900,7.0790,7.0690,7.0232,2,2,datacrunch|together,5000.0,2,2,2,6,2,14,Medium,Provisional,2026-09-15,2026-09-15,v2.4.0
CRI-T2-B200-SXM-GTD-3mo-ALL,2026-09-15,T2,T2,B200,SXM,GTD,ALL,3M,market_intelligence,1,6.9474,6.9474,6.9474,median,6.5262,7.3687,6.1049,7.7900,6.9474,6.9375,6.8923,2,2,datacrunch|together,5000.0,2,2,2,6,2,14,Medium,Provisional,2026-09-15,2026-09-15,v2.4.0
CRI-T2-B200-SXM-GTD-6mo-ALL,2026-09-15,T2,T2,B200,SXM,GTD,ALL,6M,market_intelligence,1,5.9773,6.0420,6.0420,median,5.5710,6.4160,5.1000,6.7900,5.9773,5.9708,5.9409,3,3,datacrunch|hyperstack|together,3333.3,3,3,3,9,3,21,Medium,Provisional,2026-09-15,2026-09-15,v2.4.0
CRI-T2-B200-SXM-GTD-6mo-EU,2026-09-15,T2,T2,B200,SXM,GTD,EU,6M,market_intelligence,1,5.5710,5.5710,5.5710,median,5.3355,5.8065,5.1000,6.0420,5.5710,5.5612,5.5164,2,2,datacrunch|hyperstack,5000.0,2,2,2,6,2,14,Medium,Provisional,2026-09-15,2026-09-15,v2.4.0
CRI-T2-B200-SXM-GTD-OD-ALL,2026-09-15,T2,T2,B200,SXM,GTD,ALL,OnDemand,citable,1,6.8912,6.6900,6.6900,median,6.0735,8.4225,3.6900,8.6000,6.8912,6.9481,6.9673,9,10,coreweave|datacrunch|deepinfra_gpu|hyperstack|lambda|nebius|together|upcloud|vultr,1111.1,9,10,9,29,10,68,High,Published,2026-09-15,2026-09-15,v2.4.0
CRI-T2-B200-SXM-GTD-OD-EU,2026-09-15,T2,T2,B200,SXM,GTD,EU,OnDemand,citable,1,6.6484,6.2938,6.2938,median,6.0000,7.1500,5.1980,8.6000,6.6484,6.7489,6.7623,5,5,coreweave|datacrunch|hyperstack|nebius|upcloud,2000.0,5,5,5,14,5,32,High,Published,2026-09-15,2026-09-15,v2.4.0
CRI-T2-B200-SXM-GTD-OD-US,2026-09-15,T2,T2,B200,SXM,GTD,US,OnDemand,citable,1,7.1340,8.1900,8.1900,median,6.6900,8.5000,3.6900,8.6000,7.1340,7.1340,7.1494,5,5,coreweave|deepinfra_gpu|lambda|together|vultr,2000.0,5,5,5,15,6,36,High,Published,2026-09-15,2026-09-15,v2.4.0
CRI-T2-B200-SXM-INT-OD-ALL,2026-09-15,T2,T2,B200,SXM,INT,ALL,OnDemand,citable,1,3.8031,3.8985,3.8985,median,3.3746,4.1853,3.1475,4.3588,3.8031,3.7965,3.7872,5,6,coreweave|datacrunch|nebius|upcloud|vultr,2000.0,5,6,5,17,5,39,High,Published,2026-09-15,2026-09-15,v2.4.0
CRI-T2-B200-SXM-INT-OD-EU,2026-09-15,T2,T2,B200,SXM,INT,EU,OnDemand,citable,1,3.8387,3.9242,3.9242,median,3.7107,4.0522,3.1475,4.3588,3.8387,3.8317,3.8182,4,4,coreweave|datacrunch|nebius|upcloud,2500.0,4,4,4,11,4,25,High,Provisional,2026-09-15,2026-09-15,v2.4.0
CRI-T2-B200-SXM-INT-OD-US,2026-09-15,T2,T2,B200,SXM,INT,US,OnDemand,citable,1,3.7319,3.7319,3.7319,median,3.4660,3.9978,3.2000,4.2638,3.7319,3.7319,3.7319,2,2,coreweave|vultr,5000.0,2,2,2,6,2,14,Medium,Provisional,2026-09-15,2026-09-15,v2.4.0
CRI-T2-B300-ALL-ALL-1mo-ALL,2026-09-15,T2,T2,B300,ALL,ALL,ALL,1M,market_intelligence,1,7.7491,7.7491,7.7491,median,7.6236,7.8746,7.4982,8.0000,7.7491,7.7367,7.7014,2,2,datacrunch|latitude,5000.0,2,2,2,6,2,14,Medium,Provisional,2026-09-15,2026-09-15,v2.4.0
CRI-T2-B300-ALL-ALL-1yr-ALL,2026-09-15,T2,T2,B300,ALL,ALL,ALL,1Y,market_intelligence,1,6.3196,6.3196,6.3196,median,5.9598,6.6794,5.6000,7.0392,6.3196,6.3079,6.2748,2,2,datacrunch|latitude,5000.0,2,2,2,6,2,14,Medium,Provisional,2026-09-15,2026-09-15,v2.4.0
CRI-T2-B300-ALL-ALL-OD-ALL,2026-09-15,T2,T2,B300,ALL,ALL,ALL,OnDemand,citable,1,7.3140,6.9306,6.9306,median,4.5606,8.0533,3.8250,16.0000,7.3140,7.3139,7.3075,9,12,coreweave|datacrunch|deepinfra_gpu|digitalocean|gcore|hyperstack|latitude|nebius|scaleway,1111.1,9,12,9,36,9,84,High,Published,2026-09-15,2026-09-15,v2.4.0
CRI-T2-B300-ALL-ALL-OD-EU,2026-09-15,T2,T2,B300,ALL,ALL,EU,OnDemand,citable,1,6.4010,7.1653,7.1653,median,4.5156,7.7010,3.8250,8.6633,6.4010,6.4008,6.3912,6,8,coreweave|datacrunch|gcore|hyperstack|nebius|scaleway,1666.7,6,8,6,24,6,56,High,Published,2026-09-15,2026-09-15,v2.4.0
CRI-T2-B300-ALL-ALL-OD-US,2026-09-15,T2,T2,B300,ALL,ALL,US,OnDemand,citable,1,9.1400,8.0400,8.0400,median,4.7875,12.3925,4.4800,16.0000,9.1400,9.1400,9.1400,4,4,coreweave|deepinfra_gpu|digitalocean|latitude,2500.0,4,4,4,12,4,28,High,Provisional,2026-09-15,2026-09-15,v2.4.0
CRI-T2-B300-ALL-GTD-1mo-ALL,2026-09-15,T2,T2,B300,ALL,GTD,ALL,1M,market_intelligence,1,7.7491,7.7491,7.7491,median,7.6236,7.8746,7.4982,8.0000,7.7491,7.7367,7.7014,2,2,datacrunch|latitude,5000.0,2,2,2,6,2,14,Medium,Provisional,2026-09-15,2026-09-15,v2.4.0
CRI-T2-B300-ALL-GTD-1yr-ALL,2026-09-15,T2,T2,B300,ALL,GTD,ALL,1Y,market_intelligence,1,6.3196,6.3196,6.3196,median,5.9598,6.6794,5.6000,7.0392,6.3196,6.3079,6.2748,2,2,datacrunch|latitude,5000.0,2,2,2,6,2,14,Medium,Provisional,2026-09-15,2026-09-15,v2.4.0
CRI-T2-B300-ALL-GTD-OD-ALL,2026-09-15,T2,T2,B300,ALL,GTD,ALL,OnDemand,citable,1,8.4836,7.6513,7.6513,median,7.1653,8.2567,4.8900,16.0000,8.4836,8.4852,8.4794,7,7,datacrunch|deepinfra_gpu|gcore|hyperstack|latitude|nebius|scaleway,1428.6,7,7,7,21,7,49,High,Published,2026-09-15,2026-09-15,v2.4.0
CRI-T2-B300-ALL-GTD-OD-EU,2026-09-15,T2,T2,B300,ALL,GTD,EU,OnDemand,citable,1,7.6990,7.6513,7.6513,median,7.4000,7.8500,6.9306,8.6633,7.6990,7.7013,7.6931,5,5,datacrunch|gcore|hyperstack|nebius|scaleway,2000.0,5,5,5,15,5,35,High,Published,2026-09-15,2026-09-15,v2.4.0
CRI-T2-B300-ALL-GTD-OD-US,2026-09-15,T2,T2,B300,ALL,GTD,US,OnDemand,citable,1,10.4450,10.4450,10.4450,median,7.6675,13.2225,4.8900,16.0000,10.4450,10.4450,10.4450,2,2,deepinfra_gpu|latitude,5000.0,2,2,2,6,2,14,Medium,Provisional,2026-09-15,2026-09-15,v2.4.0
CRI-T2-B300-ALL-INT-OD-ALL,2026-09-15,T2,T2,B300,ALL,INT,ALL,OnDemand,citable,1,5.6765,4.4169,4.4169,median,4.3000,4.5875,3.8250,11.1900,5.6765,5.6740,5.6669,4,5,coreweave|datacrunch|digitalocean|nebius,2500.0,4,5,4,15,4,35,High,Published,2026-09-15,2026-09-15,v2.4.0
CRI-T2-B300-ALL-INT-OD-EU,2026-09-15,T2,T2,B300,ALL,INT,EU,OnDemand,citable,1,4.2375,4.3000,4.3000,median,4.0625,4.4437,3.8250,4.5875,4.2375,4.2333,4.2214,3,3,coreweave|datacrunch|nebius,3333.3,3,3,3,9,3,21,Medium,Provisional,2026-09-15,2026-09-15,v2.4.0
CRI-T2-B300-ALL-INT-OD-US,2026-09-15,T2,T2,B300,ALL,INT,US,OnDemand,citable,1,7.8350,7.8350,7.8350,median,6.1575,9.5125,4.4800,11.1900,7.8350,7.8350,7.8350,2,2,coreweave|digitalocean,5000.0,2,2,2,6,2,14,Medium,Provisional,2026-09-15,2026-09-15,v2.4.0
CRI-T2-B300-SXM-ALL-1mo-ALL,2026-09-15,T2,T2,B300,SXM,ALL,ALL,1M,market_intelligence,1,7.7491,7.7491,7.7491,median,7.6236,7.8746,7.4982,8.0000,7.7491,7.7367,7.7014,2,2,datacrunch|latitude,5000.0,2,2,2,6,2,14,Medium,Provisional,2026-09-15,2026-09-15,v2.4.0
CRI-T2-B300-SXM-ALL-1yr-ALL,2026-09-15,T2,T2,B300,SXM,ALL,ALL,1Y,market_intelligence,1,6.3196,6.3196,6.3196,median,5.9598,6.6794,5.6000,7.0392,6.3196,6.3079,6.2748,2,2,datacrunch|latitude,5000.0,2,2,2,6,2,14,Medium,Provisional,2026-09-15,2026-09-15,v2.4.0
CRI-T2-B300-SXM-ALL-OD-ALL,2026-09-15,T2,T2,B300,SXM,ALL,ALL,OnDemand,citable,1,7.3140,6.9306,6.9306,median,4.5606,8.0533,3.8250,16.0000,7.3140,7.3139,7.3075,9,12,coreweave|datacrunch|deepinfra_gpu|digitalocean|gcore|hyperstack|latitude|nebius|scaleway,1111.1,9,12,9,36,9,84,High,Published,2026-09-15,2026-09-15,v2.4.0
CRI-T2-B300-SXM-ALL-OD-EU,2026-09-15,T2,T2,B300,SXM,ALL,EU,OnDemand,citable,1,6.4010,7.1653,7.1653,median,4.5156,7.7010,3.8250,8.6633,6.4010,6.4008,6.3912,6,8,coreweave|datacrunch|gcore|hyperstack|nebius|scaleway,1666.7,6,8,6,24,6,56,High,Published,2026-09-15,2026-09-15,v2.4.0
CRI-T2-B300-SXM-ALL-OD-US,2026-09-15,T2,T2,B300,SXM,ALL,US,OnDemand,citable,1,9.1400,8.0400,8.0400,median,4.7875,12.3925,4.4800,16.0000,9.1400,9.1400,9.1400,4,4,coreweave|deepinfra_gpu|digitalocean|latitude,2500.0,4,4,4,12,4,28,High,Provisional,2026-09-15,2026-09-15,v2.4.0
CRI-T2-B300-SXM-GTD-1mo-ALL,2026-09-15,T2,T2,B300,SXM,GTD,ALL,1M,market_intelligence,1,7.7491,7.7491,7.7491,median,7.6236,7.8746,7.4982,8.0000,7.7491,7.7367,7.7014,2,2,datacrunch|latitude,5000.0,2,2,2,6,2,14,Medium,Provisional,2026-09-15,2026-09-15,v2.4.0
CRI-T2-B300-SXM-GTD-1yr-ALL,2026-09-15,T2,T2,B300,SXM,GTD,ALL,1Y,market_intelligence,1,6.3196,6.3196,6.3196,median,5.9598,6.6794,5.6000,7.0392,6.3196,6.3079,6.2748,2,2,datacrunch|latitude,5000.0,2,2,2,6,2,14,Medium,Provisional,2026-09-15,2026-09-15,v2.4.0
CRI-T2-B300-SXM-GTD-OD-ALL,2026-09-15,T2,T2,B300,SXM,GTD,ALL,OnDemand,citable,1,8.4836,7.6513,7.6513,median,7.1653,8.2567,4.8900,16.0000,8.4836,8.4852,8.4794,7,7,datacrunch|deepinfra_gpu|gcore|hyperstack|latitude|nebius|scaleway,1428.6,7,7,7,21,7,49,High,Published,2026-09-15,2026-09-15,v2.4.0
CRI-T2-B300-SXM-GTD-OD-EU,2026-09-15,T2,T2,B300,SXM,GTD,EU,OnDemand,citable,1,7.6990,7.6513,7.6513,median,7.4000,7.8500,6.9306,8.6633,7.6990,7.7013,7.6931,5,5,datacrunch|gcore|hyperstack|nebius|scaleway,2000.0,5,5,5,15,5,35,High,Published,2026-09-15,2026-09-15,v2.4.0
CRI-T2-B300-SXM-GTD-OD-US,2026-09-15,T2,T2,B300,SXM,GTD,US,OnDemand,citable,1,10.4450,10.4450,10.4450,median,7.6675,13.2225,4.8900,16.0000,10.4450,10.4450,10.4450,2,2,deepinfra_gpu|latitude,5000.0,2,2,2,6,2,14,Medium,Provisional,2026-09-15,2026-09-15,v2.4.0
CRI-T2-B300-SXM-INT-OD-ALL,2026-09-15,T2,T2,B300,SXM,INT,ALL,OnDemand,citable,1,5.6765,4.4169,4.4169,median,4.3000,4.5875,3.8250,11.1900,5.6765,5.6740,5.6669,4,5,coreweave|datacrunch|digitalocean|nebius,2500.0,4,5,4,15,4,35,High,Published,2026-09-15,2026-09-15,v2.4.0
CRI-T2-B300-SXM-INT-OD-EU,2026-09-15,T2,T2,B300,SXM,INT,EU,OnDemand,citable,1,4.2375,4.3000,4.3000,median,4.0625,4.4437,3.8250,4.5875,4.2375,4.2333,4.2214,3,3,coreweave|datacrunch|nebius,3333.3,3,3,3,9,3,21,Medium,Provisional,2026-09-15,2026-09-15,v2.4.0
CRI-T2-B300-SXM-INT-OD-US,2026-09-15,T2,T2,B300,SXM,INT,US,OnDemand,citable,1,7.8350,7.8350,7.8350,median,6.1575,9.5125,4.4800,11.1900,7.8350,7.8350,7.8350,2,2,coreweave|digitalocean,5000.0,2,2,2,6,2,14,Medium,Provisional,2026-09-15,2026-09-15,v2.4.0
CRI-T2-GH200-ALL-ALL-OD-ALL,2026-09-15,T2,T2,GH200,ALL,ALL,ALL,OnDemand,citable,1,3.8567,3.8700,3.8700,median,2.0650,5.8425,1.9900,6.5000,3.8567,3.8567,3.6233,4,6,coreweave|denvr|lambda|vultr,2500.0,4,6,4,18,4,48,High,Published,2026-09-15,2026-09-15,v2.4.0
CRI-T2-GH200-ALL-ALL-OD-US,2026-09-15,T2,T2,GH200,ALL,ALL,US,OnDemand,citable,1,3.3280,3.8700,3.8700,median,1.9900,3.8700,1.9900,6.5000,3.3280,3.3280,3.1322,4,5,coreweave|denvr|lambda|vultr,2500.0,4,5,4,15,4,41,High,Published,2026-09-15,2026-09-15,v2.4.0
CRI-T2-GH200-ALL-GTD-OD-ALL,2026-09-15,T2,T2,GH200,ALL,GTD,ALL,OnDemand,citable,1,4.2300,3.0800,3.0800,median,2.2900,6.5000,1.9900,6.5000,4.2300,4.2300,4.0532,4,5,coreweave|denvr|lambda|vultr,2500.0,4,5,4,15,4,38,High,Published,2026-09-15,2026-09-15,v2.4.0
CRI-T2-GH200-ALL-GTD-OD-US,2026-09-15,T2,T2,GH200,ALL,GTD,US,OnDemand,citable,1,3.6625,3.0800,3.0800,median,2.2150,4.5275,1.9900,6.5000,3.6625,3.6625,3.5006,4,4,coreweave|denvr|lambda|vultr,2500.0,4,4,4,12,4,31,High,Provisional,2026-09-15,2026-09-15,v2.4.0
CRI-T2-GH200-SXM-ALL-OD-ALL,2026-09-15,T2,T2,GH200,SXM,ALL,ALL,OnDemand,citable,1,3.8567,3.8700,3.8700,median,2.0650,5.8425,1.9900,6.5000,3.8567,3.8567,3.6233,4,6,coreweave|denvr|lambda|vultr,2500.0,4,6,4,18,4,48,High,Published,2026-09-15,2026-09-15,v2.4.0
CRI-T2-GH200-SXM-ALL-OD-US,2026-09-15,T2,T2,GH200,SXM,ALL,US,OnDemand,citable,1,3.3280,3.8700,3.8700,median,1.9900,3.8700,1.9900,6.5000,3.3280,3.3280,3.1322,4,5,coreweave|denvr|lambda|vultr,2500.0,4,5,4,15,4,41,High,Published,2026-09-15,2026-09-15,v2.4.0
CRI-T2-GH200-SXM-GTD-OD-ALL,2026-09-15,T2,T2,GH200,SXM,GTD,ALL,OnDemand,citable,1,4.2300,3.0800,3.0800,median,2.2900,6.5000,1.9900,6.5000,4.2300,4.2300,4.0532,4,5,coreweave|denvr|lambda|vultr,2500.0,4,5,4,15,4,38,High,Published,2026-09-15,2026-09-15,v2.4.0
CRI-T2-GH200-SXM-GTD-OD-US,2026-09-15,T2,T2,GH200,SXM,GTD,US,OnDemand,citable,1,3.6625,3.0800,3.0800,median,2.2150,4.5275,1.9900,6.5000,3.6625,3.6625,3.5006,4,4,coreweave|denvr|lambda|vultr,2500.0,4,4,4,12,4,31,High,Provisional,2026-09-15,2026-09-15,v2.4.0
CRI-T2-H100-ALL-ALL-1mo-ALL,2026-09-15,T2,T2,H100,ALL,ALL,ALL,1M,market_intelligence,1,2.6672,3.0600,3.0600,median,1.7000,3.2009,1.6849,3.6900,2.6672,2.6661,2.6933,5,5,cloudrift|datacrunch|latitude|qubrid|together,2000.0,5,5,5,15,5,34,High,Published,2026-09-15,2026-09-15,v2.4.0
CRI-T2-H100-ALL-ALL-1mo-APAC,2026-09-15,T2,T2,H100,ALL,ALL,APAC,1M,market_intelligence,1,3.1324,3.2475,3.2475,median,2.8167,3.2820,2.6400,3.6733,3.1324,3.1324,3.1349,4,5,e2e|jarvislabs|neysa|shakti_cloud,2500.0,4,5,4,15,4,35,High,Published,2026-09-15,2026-09-15,v2.4.0
CRI-T2-H100-ALL-ALL-1mo-US,2026-09-15,T2,T2,H100,ALL,ALL,US,1M,market_intelligence,1,2.5337,2.3800,2.3800,median,1.6962,3.2175,1.6849,3.6900,2.5337,2.5337,2.5646,4,4,cloudrift|latitude|qubrid|together,2500.0,4,4,4,12,4,27,High,Provisional,2026-09-15,2026-09-15,v2.4.0
CRI-T2-H100-ALL-ALL-1yr-ALL,2026-09-15,T2,T2,H100,ALL,ALL,ALL,1Y,market_intelligence,1,2.3136,2.3953,2.3953,median,1.8817,2.8475,1.1795,3.2600,2.3136,2.3135,2.3133,6,7,civo|datacrunch|digitalocean|latitude|qubrid|seeweb,1666.7,6,7,6,21,6,49,High,Published,2026-09-15,2026-09-15,v2.4.0
CRI-T2-H100-ALL-ALL-1yr-APAC,2026-09-15,T2,T2,H100,ALL,ALL,APAC,1Y,market_intelligence,1,2.5725,2.5650,2.5650,median,2.4600,2.6775,2.4300,2.7300,2.5725,2.5725,2.5725,4,4,cyfuture|e2e|jarvislabs|neysa,2500.0,4,4,4,12,4,28,High,Provisional,2026-09-15,2026-09-15,v2.4.0
CRI-T2-H100-ALL-ALL-1yr-EU,2026-09-15,T2,T2,H100,ALL,ALL,EU,1Y,market_intelligence,1,2.5182,2.6900,2.6900,median,2.2748,2.8475,1.8597,3.0050,2.5182,2.5180,2.5174,3,3,civo|datacrunch|seeweb,3333.3,3,3,3,9,3,21,Medium,Provisional,2026-09-15,2026-09-15,v2.4.0
CRI-T2-H100-ALL-ALL-1yr-US,2026-09-15,T2,T2,H100,ALL,ALL,US,1Y,market_intelligence,1,2.1602,2.1006,2.1006,median,1.7227,2.5381,1.1795,3.2600,2.1602,2.1602,2.1602,3,4,digitalocean|latitude|qubrid,3333.3,3,4,3,12,3,28,Medium,Provisional,2026-09-15,2026-09-15,v2.4.0
CRI-T2-H100-ALL-ALL-2yr-ALL,2026-09-15,T2,T2,H100,ALL,ALL,ALL,2Y,market_intelligence,1,2.5198,2.5198,2.5198,median,2.4848,2.5549,2.4497,2.5900,2.5198,2.5178,2.5155,2,2,civo|datacrunch,5000.0,2,2,2,6,2,14,Medium,Provisional,2026-09-15,2026-09-15,v2.4.0
CRI-T2-H100-ALL-ALL-2yr-APAC,2026-09-15,T2,T2,H100,ALL,ALL,APAC,2Y,market_intelligence,1,2.5900,2.5900,2.5900,median,2.5850,2.5950,2.5800,2.6000,2.5900,2.5900,2.5900,2,2,e2e|neysa,5000.0,2,2,2,6,2,14,Medium,Provisional,2026-09-15,2026-09-15,v2.4.0
CRI-T2-H100-ALL-ALL-2yr-EU,2026-09-15,T2,T2,H100,ALL,ALL,EU,2Y,market_intelligence,1,2.5198,2.5198,2.5198,median,2.4848,2.5549,2.4497,2.5900,2.5198,2.5178,2.5155,2,2,civo|datacrunch,5000.0,2,2,2,6,2,14,Medium,Provisional,2026-09-15,2026-09-15,v2.4.0
CRI-T2-H100-ALL-ALL-3mo-ALL,2026-09-15,T2,T2,H100,ALL,ALL,ALL,3M,market_intelligence,1,2.5415,2.6800,2.6800,median,2.0792,3.1683,1.3300,3.4500,2.5415,2.5414,2.5767,5,5,cloudrift|datacrunch|qubrid|seeweb|together,2000.0,5,5,5,15,5,34,High,Published,2026-09-15,2026-09-15,v2.4.0
CRI-T2-H100-ALL-ALL-3mo-APAC,2026-09-15,T2,T2,H100,ALL,ALL,APAC,3M,market_intelligence,1,2.8866,2.8866,2.8866,median,2.7483,3.0250,2.6100,3.1633,2.8866,2.8866,2.8866,2,2,e2e|jarvislabs,5000.0,2,2,2,6,2,14,Medium,Provisional,2026-09-15,2026-09-15,v2.4.0
CRI-T2-H100-ALL-ALL-3mo-EU,2026-09-15,T2,T2,H100,ALL,ALL,EU,3M,market_intelligence,1,2.6238,2.6238,2.6238,median,2.3515,2.8960,2.0792,3.1683,2.6238,2.6236,2.6226,2,2,datacrunch|seeweb,5000.0,2,2,2,6,2,14,Medium,Provisional,2026-09-15,2026-09-15,v2.4.0
CRI-T2-H100-ALL-ALL-3mo-US,2026-09-15,T2,T2,H100,ALL,ALL,US,3M,market_intelligence,1,2.4867,2.6800,2.6800,median,2.0050,3.0650,1.3300,3.4500,2.4867,2.4867,2.5445,3,3,cloudrift|qubrid|together,3333.3,3,3,3,9,3,20,Medium,Provisional,2026-09-15,2026-09-15,v2.4.0
CRI-T2-H100-ALL-ALL-3yr-ALL,2026-09-15,T2,T2,H100,ALL,ALL,ALL,3Y,market_intelligence,1,2.3650,2.3650,2.3650,median,2.3025,2.4275,2.2400,2.4900,2.3650,2.3650,2.3650,2,2,civo|paperspace,5000.0,2,2,2,6,2,14,Medium,Provisional,2026-09-15,2026-09-15,v2.4.0
CRI-T2-H100-ALL-ALL-3yr-APAC,2026-09-15,T2,T2,H100,ALL,ALL,APAC,3Y,market_intelligence,1,2.4100,2.4100,2.4100,median,2.3800,2.4400,2.3500,2.4700,2.4100,2.4100,2.4100,2,2,e2e|neysa,5000.0,2,2,2,6,2,14,Medium,Provisional,2026-09-15,2026-09-15,v2.4.0
CRI-T2-H100-ALL-ALL-6mo-ALL,2026-09-15,T2,T2,H100,ALL,ALL,ALL,6M,market_intelligence,1,2.4813,2.7900,2.7900,median,1.8919,2.9628,1.7500,3.1900,2.4813,2.4812,2.4810,5,7,civo|datacrunch|hyperstack|seeweb|together,2000.0,5,7,5,21,5,49,High,Published,2026-09-15,2026-09-15,v2.4.0
CRI-T2-H100-ALL-ALL-6mo-APAC,2026-09-15,T2,T2,H100,ALL,ALL,APAC,6M,market_intelligence,1,2.8880,2.9509,2.9509,median,2.8350,3.0038,2.5800,3.0700,2.8880,2.8880,2.8880,4,4,cyfuture|e2e|jarvislabs|neysa,2500.0,4,4,4,12,4,28,High,Provisional,2026-09-15,2026-09-15,v2.4.0
CRI-T2-H100-ALL-ALL-6mo-EU,2026-09-15,T2,T2,H100,ALL,ALL,EU,6M,market_intelligence,1,2.3632,2.3769,2.3769,median,1.8559,2.7725,1.7500,3.1356,2.3632,2.3631,2.3628,4,6,civo|datacrunch|hyperstack|seeweb,2500.0,4,6,4,18,4,42,High,Published,2026-09-15,2026-09-15,v2.4.0
CRI-T2-H100-ALL-ALL-OD-ALL,2026-09-15,T2,T2,H100,ALL,ALL,ALL,OnDemand,citable,1,3.4036,3.3839,3.3839,median,2.4835,3.9900,1.6325,6.5890,3.4036,3.4301,3.4266,24,48,civo|coreweave|crusoe|datacrunch|deepinfra_gpu|denvr|digitalocean|gcore|hyperstack|lambda|latitude|lightning_ai|nebius|oblivus|paperspace|qubrid|scaleway|seeweb|sesterce|taiga_cloud|together|upcloud|voltage_park|vultr,416.7,24,48,24,147,24,350,High,Published,2026-09-15,2026-09-15,v2.4.0
CRI-T2-H100-ALL-ALL-OD-APAC,2026-09-15,T2,T2,H100,ALL,ALL,APAC,OnDemand,citable,1,3.2924,3.7465,3.7465,median,2.5667,3.9250,1.1900,4.7190,3.2924,3.3368,3.3395,7,8,cyfuture|e2e|jarvislabs|neysa|sakura_dok|sesterce|shakti_cloud,1428.6,7,8,7,25,7,58,High,Published,2026-09-15,2026-09-15,v2.4.0
CRI-T2-H100-ALL-ALL-OD-EU,2026-09-15,T2,T2,H100,ALL,ALL,EU,OnDemand,citable,1,2.9101,2.6221,2.6221,median,2.2470,3.2999,1.6325,6.1550,2.9101,2.9381,2.9472,11,22,civo|coreweave|datacrunch|gcore|hyperstack|nebius|scaleway|seeweb|sesterce|taiga_cloud|upcloud,909.1,11,22,11,64,11,148,High,Published,2026-09-15,2026-09-15,v2.4.0
CRI-T2-H100-ALL-ALL-OD-US,2026-09-15,T2,T2,H100,ALL,ALL,US,OnDemand,citable,1,3.8212,3.9475,3.9475,median,2.9933,4.5817,1.9900,6.5890,3.8212,3.8095,3.7779,15,26,coreweave|crusoe|deepinfra_gpu|denvr|digitalocean|lambda|latitude|lightning_ai|oblivus|paperspace|qubrid|sesterce|together|voltage_park|vultr,666.7,15,26,15,83,15,202,High,Published,2026-09-15,2026-09-15,v2.4.0
CRI-T2-H100-ALL-GTD-1mo-ALL,2026-09-15,T2,T2,H100,ALL,GTD,ALL,1M,market_intelligence,1,2.6672,3.0600,3.0600,median,1.7000,3.2009,1.6849,3.6900,2.6672,2.6661,2.6933,5,5,cloudrift|datacrunch|latitude|qubrid|together,2000.0,5,5,5,15,5,34,High,Published,2026-09-15,2026-09-15,v2.4.0
CRI-T2-H100-ALL-GTD-1mo-APAC,2026-09-15,T2,T2,H100,ALL,GTD,APAC,1M,market_intelligence,1,3.1324,3.2475,3.2475,median,2.8167,3.2820,2.6400,3.6733,3.1324,3.1324,3.1349,4,5,e2e|jarvislabs|neysa|shakti_cloud,2500.0,4,5,4,15,4,35,High,Published,2026-09-15,2026-09-15,v2.4.0
CRI-T2-H100-ALL-GTD-1mo-US,2026-09-15,T2,T2,H100,ALL,GTD,US,1M,market_intelligence,1,2.5337,2.3800,2.3800,median,1.6962,3.2175,1.6849,3.6900,2.5337,2.5337,2.5646,4,4,cloudrift|latitude|qubrid|together,2500.0,4,4,4,12,4,27,High,Provisional,2026-09-15,2026-09-15,v2.4.0
CRI-T2-H100-ALL-GTD-1yr-ALL,2026-09-15,T2,T2,H100,ALL,GTD,ALL,1Y,market_intelligence,1,2.3136,2.3953,2.3953,median,1.8817,2.8475,1.1795,3.2600,2.3136,2.3135,2.3133,6,7,civo|datacrunch|digitalocean|latitude|qubrid|seeweb,1666.7,6,7,6,21,6,49,High,Published,2026-09-15,2026-09-15,v2.4.0
CRI-T2-H100-ALL-GTD-1yr-APAC,2026-09-15,T2,T2,H100,ALL,GTD,APAC,1Y,market_intelligence,1,2.5725,2.5650,2.5650,median,2.4600,2.6775,2.4300,2.7300,2.5725,2.5725,2.5725,4,4,cyfuture|e2e|jarvislabs|neysa,2500.0,4,4,4,12,4,28,High,Provisional,2026-09-15,2026-09-15,v2.4.0
CRI-T2-H100-ALL-GTD-1yr-EU,2026-09-15,T2,T2,H100,ALL,GTD,EU,1Y,market_intelligence,1,2.5182,2.6900,2.6900,median,2.2748,2.8475,1.8597,3.0050,2.5182,2.5180,2.5174,3,3,civo|datacrunch|seeweb,3333.3,3,3,3,9,3,21,Medium,Provisional,2026-09-15,2026-09-15,v2.4.0
CRI-T2-H100-ALL-GTD-1yr-US,2026-09-15,T2,T2,H100,ALL,GTD,US,1Y,market_intelligence,1,2.1602,2.1006,2.1006,median,1.7227,2.5381,1.1795,3.2600,2.1602,2.1602,2.1602,3,4,digitalocean|latitude|qubrid,3333.3,3,4,3,12,3,28,Medium,Provisional,2026-09-15,2026-09-15,v2.4.0
CRI-T2-H100-ALL-GTD-2yr-ALL,2026-09-15,T2,T2,H100,ALL,GTD,ALL,2Y,market_intelligence,1,2.5198,2.5198,2.5198,median,2.4848,2.5549,2.4497,2.5900,2.5198,2.5178,2.5155,2,2,civo|datacrunch,5000.0,2,2,2,6,2,14,Medium,Provisional,2026-09-15,2026-09-15,v2.4.0
CRI-T2-H100-ALL-GTD-2yr-APAC,2026-09-15,T2,T2,H100,ALL,GTD,APAC,2Y,market_intelligence,1,2.5900,2.5900,2.5900,median,2.5850,2.5950,2.5800,2.6000,2.5900,2.5900,2.5900,2,2,e2e|neysa,5000.0,2,2,2,6,2,14,Medium,Provisional,2026-09-15,2026-09-15,v2.4.0
CRI-T2-H100-ALL-GTD-2yr-EU,2026-09-15,T2,T2,H100,ALL,GTD,EU,2Y,market_intelligence,1,2.5198,2.5198,2.5198,median,2.4848,2.5549,2.4497,2.5900,2.5198,2.5178,2.5155,2,2,civo|datacrunch,5000.0,2,2,2,6,2,14,Medium,Provisional,2026-09-15,2026-09-15,v2.4.0
CRI-T2-H100-ALL-GTD-3mo-ALL,2026-09-15,T2,T2,H100,ALL,GTD,ALL,3M,market_intelligence,1,2.5415,2.6800,2.6800,median,2.0792,3.1683,1.3300,3.4500,2.5415,2.5414,2.5767,5,5,cloudrift|datacrunch|qubrid|seeweb|together,2000.0,5,5,5,15,5,34,High,Published,2026-09-15,2026-09-15,v2.4.0
CRI-T2-H100-ALL-GTD-3mo-APAC,2026-09-15,T2,T2,H100,ALL,GTD,APAC,3M,market_intelligence,1,2.8866,2.8866,2.8866,median,2.7483,3.0250,2.6100,3.1633,2.8866,2.8866,2.8866,2,2,e2e|jarvislabs,5000.0,2,2,2,6,2,14,Medium,Provisional,2026-09-15,2026-09-15,v2.4.0
CRI-T2-H100-ALL-GTD-3mo-EU,2026-09-15,T2,T2,H100,ALL,GTD,EU,3M,market_intelligence,1,2.6238,2.6238,2.6238,median,2.3515,2.8960,2.0792,3.1683,2.6238,2.6236,2.6226,2,2,datacrunch|seeweb,5000.0,2,2,2,6,2,14,Medium,Provisional,2026-09-15,2026-09-15,v2.4.0
CRI-T2-H100-ALL-GTD-3mo-US,2026-09-15,T2,T2,H100,ALL,GTD,US,3M,market_intelligence,1,2.4867,2.6800,2.6800,median,2.0050,3.0650,1.3300,3.4500,2.4867,2.4867,2.5445,3,3,cloudrift|qubrid|together,3333.3,3,3,3,9,3,20,Medium,Provisional,2026-09-15,2026-09-15,v2.4.0
CRI-T2-H100-ALL-GTD-3yr-ALL,2026-09-15,T2,T2,H100,ALL,GTD,ALL,3Y,market_intelligence,1,2.3650,2.3650,2.3650,median,2.3025,2.4275,2.2400,2.4900,2.3650,2.3650,2.3650,2,2,civo|paperspace,5000.0,2,2,2,6,2,14,Medium,Provisional,2026-09-15,2026-09-15,v2.4.0
CRI-T2-H100-ALL-GTD-3yr-APAC,2026-09-15,T2,T2,H100,ALL,GTD,APAC,3Y,market_intelligence,1,2.4100,2.4100,2.4100,median,2.3800,2.4400,2.3500,2.4700,2.4100,2.4100,2.4100,2,2,e2e|neysa,5000.0,2,2,2,6,2,14,Medium,Provisional,2026-09-15,2026-09-15,v2.4.0
CRI-T2-H100-ALL-GTD-6mo-ALL,2026-09-15,T2,T2,H100,ALL,GTD,ALL,6M,market_intelligence,1,2.4813,2.7900,2.7900,median,1.8919,2.9628,1.7500,3.1900,2.4813,2.4812,2.4810,5,7,civo|datacrunch|hyperstack|seeweb|together,2000.0,5,7,5,21,5,49,High,Published,2026-09-15,2026-09-15,v2.4.0
CRI-T2-H100-ALL-GTD-6mo-APAC,2026-09-15,T2,T2,H100,ALL,GTD,APAC,6M,market_intelligence,1,2.8880,2.9509,2.9509,median,2.8350,3.0038,2.5800,3.0700,2.8880,2.8880,2.8880,4,4,cyfuture|e2e|jarvislabs|neysa,2500.0,4,4,4,12,4,28,High,Provisional,2026-09-15,2026-09-15,v2.4.0
CRI-T2-H100-ALL-GTD-6mo-EU,2026-09-15,T2,T2,H100,ALL,GTD,EU,6M,market_intelligence,1,2.3632,2.3769,2.3769,median,1.8559,2.7725,1.7500,3.1356,2.3632,2.3631,2.3628,4,6,civo|datacrunch|hyperstack|seeweb,2500.0,4,6,4,18,4,42,High,Published,2026-09-15,2026-09-15,v2.4.0
CRI-T2-H100-ALL-GTD-OD-ALL,2026-09-15,T2,T2,H100,ALL,GTD,ALL,OnDemand,citable,1,3.6128,3.3839,3.3839,median,2.6166,4.3350,1.9900,6.5890,3.6128,3.6266,3.6143,24,40,civo|coreweave|crusoe|datacrunch|deepinfra_gpu|denvr|digitalocean|gcore|hyperstack|lambda|latitude|lightning_ai|nebius|oblivus|paperspace|qubrid|scaleway|seeweb|sesterce|taiga_cloud|together|upcloud|voltage_park|vultr,416.7,24,40,24,124,24,297,High,Published,2026-09-15,2026-09-15,v2.4.0
CRI-T2-H100-ALL-GTD-OD-APAC,2026-09-15,T2,T2,H100,ALL,GTD,APAC,OnDemand,citable,1,3.5927,3.7230,3.7230,median,3.1750,4.0800,2.1970,4.7190,3.5927,3.6296,3.6346,7,7,cyfuture|e2e|jarvislabs|neysa|sakura_dok|sesterce|shakti_cloud,1428.6,7,7,7,22,7,51,High,Published,2026-09-15,2026-09-15,v2.4.0
CRI-T2-H100-ALL-GTD-OD-EU,2026-09-15,T2,T2,H100,ALL,GTD,EU,OnDemand,citable,1,3.1614,2.9900,2.9900,median,2.6000,3.3111,2.0676,6.1550,3.1614,3.1852,3.1933,11,17,civo|coreweave|datacrunch|gcore|hyperstack|nebius|scaleway|seeweb|sesterce|taiga_cloud|upcloud,909.1,11,17,11,50,11,116,High,Published,2026-09-15,2026-09-15,v2.4.0
CRI-T2-H100-ALL-GTD-OD-US,2026-09-15,T2,T2,H100,ALL,GTD,US,OnDemand,citable,1,3.9464,3.9050,3.9050,median,3.0030,4.6245,1.9900,6.5890,3.9464,3.9249,3.8842,15,23,coreweave|crusoe|deepinfra_gpu|denvr|digitalocean|lambda|latitude|lightning_ai|oblivus|paperspace|qubrid|sesterce|together|voltage_park|vultr,666.7,15,23,15,74,15,181,High,Published,2026-09-15,2026-09-15,v2.4.0
CRI-T2-H100-ALL-INT-OD-ALL,2026-09-15,T2,T2,H100,ALL,INT,ALL,OnDemand,citable,1,2.3577,2.1500,2.1500,median,2.0421,2.4451,1.6325,3.8200,2.3577,2.3708,2.3747,7,8,coreweave|datacrunch|hyperstack|lightning_ai|nebius|upcloud|vultr,1428.6,7,8,7,23,7,53,High,Published,2026-09-15,2026-09-15,v2.4.0
CRI-T2-H100-ALL-INT-OD-EU,2026-09-15,T2,T2,H100,ALL,INT,EU,OnDemand,citable,1,2.0555,2.0561,2.0561,median,2.0000,2.1500,1.6325,2.4388,2.0555,2.0554,2.0554,5,5,coreweave|datacrunch|hyperstack|nebius|upcloud,2000.0,5,5,5,14,5,32,High,Published,2026-09-15,2026-09-15,v2.4.0
CRI-T2-H100-ALL-INT-OD-US,2026-09-15,T2,T2,H100,ALL,INT,US,OnDemand,citable,1,2.8613,2.4638,2.4638,median,2.3819,3.1419,2.3000,3.8200,2.8613,2.8613,2.8613,3,3,coreweave|lightning_ai|vultr,3333.3,3,3,3,9,3,21,Medium,Provisional,2026-09-15,2026-09-15,v2.4.0
CRI-T2-H100-PCIe-ALL-OD-ALL,2026-09-15,T2,T2,H100,PCIe,ALL,ALL,OnDemand,citable,1,3.5389,3.3406,3.3406,median,3.0030,3.5975,2.0000,6.5890,3.5389,3.4353,3.4147,6,14,hyperstack|lambda|latitude|oblivus|scaleway|sesterce,1666.7,6,14,6,42,6,102,High,Published,2026-09-15,2026-09-15,v2.4.0
CRI-T2-H100-PCIe-ALL-OD-EU,2026-09-15,T2,T2,H100,PCIe,ALL,EU,OnDemand,citable,1,2.8920,3.3111,3.3111,median,2.5250,3.3111,2.0000,3.6300,2.8920,2.8947,2.8969,3,6,hyperstack|scaleway|sesterce,3333.3,3,6,3,18,3,42,Medium,Published,2026-09-15,2026-09-15,v2.4.0
CRI-T2-H100-PCIe-ALL-OD-US,2026-09-15,T2,T2,H100,PCIe,ALL,US,OnDemand,citable,1,4.0241,3.4350,3.4350,median,3.2183,4.7190,3.0030,6.5890,4.0241,3.8408,3.7771,4,8,lambda|latitude|oblivus|sesterce,2500.0,4,8,4,24,4,60,High,Published,2026-09-15,2026-09-15,v2.4.0
CRI-T2-H100-PCIe-GTD-OD-ALL,2026-09-15,T2,T2,H100,PCIe,GTD,ALL,OnDemand,citable,1,3.6573,3.3406,3.3406,median,3.0030,3.6300,2.5000,6.5890,3.6573,3.5457,3.5189,6,13,hyperstack|lambda|latitude|oblivus|scaleway|sesterce,1666.7,6,13,6,39,6,95,High,Published,2026-09-15,2026-09-15,v2.4.0
CRI-T2-H100-PCIe-GTD-OD-EU,2026-09-15,T2,T2,H100,PCIe,GTD,EU,OnDemand,citable,1,3.0704,3.3111,3.3111,median,2.6000,3.3111,2.5000,3.6300,3.0704,3.0736,3.0762,3,5,hyperstack|scaleway|sesterce,3333.3,3,5,3,15,3,35,Medium,Published,2026-09-15,2026-09-15,v2.4.0
CRI-T2-H100-PCIe-GTD-OD-US,2026-09-15,T2,T2,H100,PCIe,GTD,US,OnDemand,citable,1,4.0241,3.4350,3.4350,median,3.2183,4.7190,3.0030,6.5890,4.0241,3.8408,3.7771,4,8,lambda|latitude|oblivus|sesterce,2500.0,4,8,4,24,4,60,High,Published,2026-09-15,2026-09-15,v2.4.0
CRI-T2-H100-SXM-ALL-1mo-ALL,2026-09-15,T2,T2,H100,SXM,ALL,ALL,1M,market_intelligence,1,2.9127,3.1304,3.1304,median,2.7200,3.3232,1.7000,3.6900,2.9127,2.9114,2.9547,4,4,cloudrift|datacrunch|qubrid|together,2500.0,4,4,4,12,4,27,High,Provisional,2026-09-15,2026-09-15,v2.4.0
CRI-T2-H100-SXM-ALL-1mo-US,2026-09-15,T2,T2,H100,SXM,ALL,US,1M,market_intelligence,1,2.8167,3.0600,3.0600,median,2.3800,3.3750,1.7000,3.6900,2.8167,2.8167,2.8725,3,3,cloudrift|qubrid|together,3333.3,3,3,3,9,3,20,Medium,Provisional,2026-09-15,2026-09-15,v2.4.0
CRI-T2-H100-SXM-ALL-1yr-ALL,2026-09-15,T2,T2,H100,SXM,ALL,ALL,1Y,market_intelligence,1,2.5027,2.6900,2.6900,median,2.0021,2.9263,1.8597,3.2600,2.5027,2.5025,2.5022,5,6,civo|datacrunch|digitalocean|qubrid|seeweb,2000.0,5,6,5,18,5,42,High,Published,2026-09-15,2026-09-15,v2.4.0
CRI-T2-H100-SXM-ALL-1yr-EU,2026-09-15,T2,T2,H100,SXM,ALL,EU,1Y,market_intelligence,1,2.5182,2.6900,2.6900,median,2.2748,2.8475,1.8597,3.0050,2.5182,2.5180,2.5174,3,3,civo|datacrunch|seeweb,3333.3,3,3,3,9,3,21,Medium,Provisional,2026-09-15,2026-09-15,v2.4.0
CRI-T2-H100-SXM-ALL-1yr-US,2026-09-15,T2,T2,H100,SXM,ALL,US,1Y,market_intelligence,1,2.4871,2.6803,2.6803,median,2.1006,2.7787,1.9037,3.2600,2.4871,2.4871,2.4871,2,3,digitalocean|qubrid,5000.0,2,3,2,9,2,21,Medium,Provisional,2026-09-15,2026-09-15,v2.4.0
CRI-T2-H100-SXM-ALL-2yr-ALL,2026-09-15,T2,T2,H100,SXM,ALL,ALL,2Y,market_intelligence,1,2.5198,2.5198,2.5198,median,2.4848,2.5549,2.4497,2.5900,2.5198,2.5178,2.5155,2,2,civo|datacrunch,5000.0,2,2,2,6,2,14,Medium,Provisional,2026-09-15,2026-09-15,v2.4.0
CRI-T2-H100-SXM-ALL-2yr-EU,2026-09-15,T2,T2,H100,SXM,ALL,EU,2Y,market_intelligence,1,2.5198,2.5198,2.5198,median,2.4848,2.5549,2.4497,2.5900,2.5198,2.5178,2.5155,2,2,civo|datacrunch,5000.0,2,2,2,6,2,14,Medium,Provisional,2026-09-15,2026-09-15,v2.4.0
CRI-T2-H100-SXM-ALL-3mo-ALL,2026-09-15,T2,T2,H100,SXM,ALL,ALL,3M,market_intelligence,1,2.5415,2.6800,2.6800,median,2.0792,3.1683,1.3300,3.4500,2.5415,2.5414,2.5767,5,5,cloudrift|datacrunch|qubrid|seeweb|together,2000.0,5,5,5,15,5,34,High,Published,2026-09-15,2026-09-15,v2.4.0
CRI-T2-H100-SXM-ALL-3mo-EU,2026-09-15,T2,T2,H100,SXM,ALL,EU,3M,market_intelligence,1,2.6238,2.6238,2.6238,median,2.3515,2.8960,2.0792,3.1683,2.6238,2.6236,2.6226,2,2,datacrunch|seeweb,5000.0,2,2,2,6,2,14,Medium,Provisional,2026-09-15,2026-09-15,v2.4.0
CRI-T2-H100-SXM-ALL-3mo-US,2026-09-15,T2,T2,H100,SXM,ALL,US,3M,market_intelligence,1,2.4867,2.6800,2.6800,median,2.0050,3.0650,1.3300,3.4500,2.4867,2.4867,2.5445,3,3,cloudrift|qubrid|together,3333.3,3,3,3,9,3,20,Medium,Provisional,2026-09-15,2026-09-15,v2.4.0
CRI-T2-H100-SXM-ALL-3yr-ALL,2026-09-15,T2,T2,H100,SXM,ALL,ALL,3Y,market_intelligence,1,2.3650,2.3650,2.3650,median,2.3025,2.4275,2.2400,2.4900,2.3650,2.3650,2.3650,2,2,civo|paperspace,5000.0,2,2,2,6,2,14,Medium,Provisional,2026-09-15,2026-09-15,v2.4.0
CRI-T2-H100-SXM-ALL-6mo-ALL,2026-09-15,T2,T2,H100,SXM,ALL,ALL,6M,market_intelligence,1,2.7599,2.7900,2.7900,median,2.7200,3.1356,1.9637,3.1900,2.7599,2.7597,2.7593,5,5,civo|datacrunch|hyperstack|seeweb|together,2000.0,5,5,5,15,5,35,High,Published,2026-09-15,2026-09-15,v2.4.0
CRI-T2-H100-SXM-ALL-6mo-EU,2026-09-15,T2,T2,H100,SXM,ALL,EU,6M,market_intelligence,1,2.6523,2.7550,2.7550,median,2.5309,2.8764,1.9637,3.1356,2.6523,2.6522,2.6517,4,4,civo|datacrunch|hyperstack|seeweb,2500.0,4,4,4,12,4,28,High,Provisional,2026-09-15,2026-09-15,v2.4.0
CRI-T2-H100-SXM-ALL-OD-ALL,2026-09-15,T2,T2,H100,SXM,ALL,ALL,OnDemand,citable,1,3.3478,3.6575,3.6575,median,2.4416,3.9900,1.6325,6.1550,3.3478,3.4281,3.4315,23,34,civo|coreweave|crusoe|datacrunch|deepinfra_gpu|denvr|digitalocean|gcore|hyperstack|lambda|lightning_ai|nebius|oblivus|paperspace|qubrid|scaleway|seeweb|sesterce|taiga_cloud|together|upcloud|voltage_park|vultr,434.8,23,34,23,105,23,248,High,Published,2026-09-15,2026-09-15,v2.4.0
CRI-T2-H100-SXM-ALL-OD-EU,2026-09-15,T2,T2,H100,SXM,ALL,EU,OnDemand,citable,1,2.9168,2.8060,2.8060,median,2.1748,3.2166,1.6325,6.1550,2.9168,2.9551,2.9672,10,16,civo|coreweave|datacrunch|gcore|hyperstack|nebius|scaleway|seeweb|taiga_cloud|upcloud,1000.0,10,16,10,46,10,106,High,Published,2026-09-15,2026-09-15,v2.4.0
CRI-T2-H100-SXM-ALL-OD-US,2026-09-15,T2,T2,H100,SXM,ALL,US,OnDemand,citable,1,3.7310,4.1600,4.1600,median,2.4703,4.4775,1.9900,6.1550,3.7310,3.7968,3.7782,14,18,coreweave|crusoe|deepinfra_gpu|denvr|digitalocean|lambda|lightning_ai|oblivus|paperspace|qubrid|sesterce|together|voltage_park|vultr,714.3,14,18,14,59,14,142,High,Published,2026-09-15,2026-09-15,v2.4.0
CRI-T2-H100-SXM-GTD-1mo-ALL,2026-09-15,T2,T2,H100,SXM,GTD,ALL,1M,market_intelligence,1,2.9127,3.1304,3.1304,median,2.7200,3.3232,1.7000,3.6900,2.9127,2.9114,2.9547,4,4,cloudrift|datacrunch|qubrid|together,2500.0,4,4,4,12,4,27,High,Provisional,2026-09-15,2026-09-15,v2.4.0
CRI-T2-H100-SXM-GTD-1mo-US,2026-09-15,T2,T2,H100,SXM,GTD,US,1M,market_intelligence,1,2.8167,3.0600,3.0600,median,2.3800,3.3750,1.7000,3.6900,2.8167,2.8167,2.8725,3,3,cloudrift|qubrid|together,3333.3,3,3,3,9,3,20,Medium,Provisional,2026-09-15,2026-09-15,v2.4.0
CRI-T2-H100-SXM-GTD-1yr-ALL,2026-09-15,T2,T2,H100,SXM,GTD,ALL,1Y,market_intelligence,1,2.5027,2.6900,2.6900,median,2.0021,2.9263,1.8597,3.2600,2.5027,2.5025,2.5022,5,6,civo|datacrunch|digitalocean|qubrid|seeweb,2000.0,5,6,5,18,5,42,High,Published,2026-09-15,2026-09-15,v2.4.0
CRI-T2-H100-SXM-GTD-1yr-EU,2026-09-15,T2,T2,H100,SXM,GTD,EU,1Y,market_intelligence,1,2.5182,2.6900,2.6900,median,2.2748,2.8475,1.8597,3.0050,2.5182,2.5180,2.5174,3,3,civo|datacrunch|seeweb,3333.3,3,3,3,9,3,21,Medium,Provisional,2026-09-15,2026-09-15,v2.4.0
CRI-T2-H100-SXM-GTD-1yr-US,2026-09-15,T2,T2,H100,SXM,GTD,US,1Y,market_intelligence,1,2.4871,2.6803,2.6803,median,2.1006,2.7787,1.9037,3.2600,2.4871,2.4871,2.4871,2,3,digitalocean|qubrid,5000.0,2,3,2,9,2,21,Medium,Provisional,2026-09-15,2026-09-15,v2.4.0
CRI-T2-H100-SXM-GTD-2yr-ALL,2026-09-15,T2,T2,H100,SXM,GTD,ALL,2Y,market_intelligence,1,2.5198,2.5198,2.5198,median,2.4848,2.5549,2.4497,2.5900,2.5198,2.5178,2.5155,2,2,civo|datacrunch,5000.0,2,2,2,6,2,14,Medium,Provisional,2026-09-15,2026-09-15,v2.4.0
CRI-T2-H100-SXM-GTD-2yr-EU,2026-09-15,T2,T2,H100,SXM,GTD,EU,2Y,market_intelligence,1,2.5198,2.5198,2.5198,median,2.4848,2.5549,2.4497,2.5900,2.5198,2.5178,2.5155,2,2,civo|datacrunch,5000.0,2,2,2,6,2,14,Medium,Provisional,2026-09-15,2026-09-15,v2.4.0
CRI-T2-H100-SXM-GTD-3mo-ALL,2026-09-15,T2,T2,H100,SXM,GTD,ALL,3M,market_intelligence,1,2.5415,2.6800,2.6800,median,2.0792,3.1683,1.3300,3.4500,2.5415,2.5414,2.5767,5,5,cloudrift|datacrunch|qubrid|seeweb|together,2000.0,5,5,5,15,5,34,High,Published,2026-09-15,2026-09-15,v2.4.0
CRI-T2-H100-SXM-GTD-3mo-EU,2026-09-15,T2,T2,H100,SXM,GTD,EU,3M,market_intelligence,1,2.6238,2.6238,2.6238,median,2.3515,2.8960,2.0792,3.1683,2.6238,2.6236,2.6226,2,2,datacrunch|seeweb,5000.0,2,2,2,6,2,14,Medium,Provisional,2026-09-15,2026-09-15,v2.4.0
CRI-T2-H100-SXM-GTD-3mo-US,2026-09-15,T2,T2,H100,SXM,GTD,US,3M,market_intelligence,1,2.4867,2.6800,2.6800,median,2.0050,3.0650,1.3300,3.4500,2.4867,2.4867,2.5445,3,3,cloudrift|qubrid|together,3333.3,3,3,3,9,3,20,Medium,Provisional,2026-09-15,2026-09-15,v2.4.0
CRI-T2-H100-SXM-GTD-3yr-ALL,2026-09-15,T2,T2,H100,SXM,GTD,ALL,3Y,market_intelligence,1,2.3650,2.3650,2.3650,median,2.3025,2.4275,2.2400,2.4900,2.3650,2.3650,2.3650,2,2,civo|paperspace,5000.0,2,2,2,6,2,14,Medium,Provisional,2026-09-15,2026-09-15,v2.4.0
CRI-T2-H100-SXM-GTD-6mo-ALL,2026-09-15,T2,T2,H100,SXM,GTD,ALL,6M,market_intelligence,1,2.7599,2.7900,2.7900,median,2.7200,3.1356,1.9637,3.1900,2.7599,2.7597,2.7593,5,5,civo|datacrunch|hyperstack|seeweb|together,2000.0,5,5,5,15,5,35,High,Published,2026-09-15,2026-09-15,v2.4.0
CRI-T2-H100-SXM-GTD-6mo-EU,2026-09-15,T2,T2,H100,SXM,GTD,EU,6M,market_intelligence,1,2.6523,2.7550,2.7550,median,2.5309,2.8764,1.9637,3.1356,2.6523,2.6522,2.6517,4,4,civo|datacrunch|hyperstack|seeweb,2500.0,4,4,4,12,4,28,High,Provisional,2026-09-15,2026-09-15,v2.4.0
CRI-T2-H100-SXM-GTD-OD-ALL,2026-09-15,T2,T2,H100,SXM,GTD,ALL,OnDemand,citable,1,3.5913,3.6575,3.6575,median,2.6000,4.3600,1.9900,6.1550,3.5913,3.6638,3.6592,23,27,civo|coreweave|crusoe|datacrunch|deepinfra_gpu|denvr|digitalocean|gcore|hyperstack|lambda|lightning_ai|nebius|oblivus|paperspace|qubrid|scaleway|seeweb|sesterce|taiga_cloud|together|upcloud|voltage_park|vultr,434.8,23,27,23,85,23,202,High,Published,2026-09-15,2026-09-15,v2.4.0
CRI-T2-H100-SXM-GTD-OD-EU,2026-09-15,T2,T2,H100,SXM,GTD,EU,OnDemand,citable,1,3.1993,3.0950,3.0950,median,2.6000,3.3641,2.0676,6.1550,3.1993,3.2331,3.2438,10,12,civo|coreweave|datacrunch|gcore|hyperstack|nebius|scaleway|seeweb|taiga_cloud|upcloud,1000.0,10,12,10,35,10,81,High,Published,2026-09-15,2026-09-15,v2.4.0
CRI-T2-H100-SXM-GTD-OD-US,2026-09-15,T2,T2,H100,SXM,GTD,US,OnDemand,citable,1,3.9049,4.1500,4.1500,median,2.7400,4.5545,1.9900,6.1550,3.9049,3.9652,3.9373,14,15,coreweave|crusoe|deepinfra_gpu|denvr|digitalocean|lambda|lightning_ai|oblivus|paperspace|qubrid|sesterce|together|voltage_park|vultr,714.3,14,15,14,50,14,121,High,Published,2026-09-15,2026-09-15,v2.4.0
CRI-T2-H100-SXM-INT-OD-ALL,2026-09-15,T2,T2,H100,SXM,INT,ALL,OnDemand,citable,1,2.4087,2.2250,2.2250,median,2.1030,2.4513,1.6325,3.8200,2.4087,2.4264,2.4317,6,7,coreweave|datacrunch|lightning_ai|nebius|upcloud|vultr,1666.7,6,7,6,20,6,46,High,Published,2026-09-15,2026-09-15,v2.4.0
CRI-T2-H100-SXM-INT-OD-EU,2026-09-15,T2,T2,H100,SXM,INT,EU,OnDemand,citable,1,2.0694,2.1030,2.1030,median,1.9502,2.2222,1.6325,2.4388,2.0694,2.0705,2.0709,4,4,coreweave|datacrunch|nebius|upcloud,2500.0,4,4,4,11,4,25,High,Provisional,2026-09-15,2026-09-15,v2.4.0
CRI-T2-H100-SXM-INT-OD-US,2026-09-15,T2,T2,H100,SXM,INT,US,OnDemand,citable,1,2.8613,2.4638,2.4638,median,2.3819,3.1419,2.3000,3.8200,2.8613,2.8613,2.8613,3,3,coreweave|lightning_ai|vultr,3333.3,3,3,3,9,3,21,Medium,Provisional,2026-09-15,2026-09-15,v2.4.0
CRI-T2-H200-ALL-ALL-1mo-ALL,2026-09-15,T2,T2,H200,ALL,ALL,ALL,1M,market_intelligence,1,3.8219,3.8989,3.8989,median,3.3550,4.3658,2.5000,4.9900,3.8219,3.8184,3.8341,4,4,cloudrift|datacrunch|qubrid|together,2500.0,4,4,4,12,4,27,High,Provisional,2026-09-15,2026-09-15,v2.4.0
CRI-T2-H200-ALL-ALL-1mo-APAC,2026-09-15,T2,T2,H200,ALL,ALL,APAC,1M,market_intelligence,1,3.9255,3.9255,3.9255,median,3.9177,3.9333,3.9100,3.9410,3.9255,3.9255,3.9255,2,2,e2e|jarvislabs,5000.0,2,2,2,6,2,14,Medium,Provisional,2026-09-15,2026-09-15,v2.4.0
CRI-T2-H200-ALL-ALL-1mo-US,2026-09-15,T2,T2,H200,ALL,ALL,US,1M,market_intelligence,1,3.7100,3.6400,3.6400,median,3.0700,4.3150,2.5000,4.9900,3.7100,3.7100,3.7705,3,3,cloudrift|qubrid|together,3333.3,3,3,3,9,3,20,Medium,Provisional,2026-09-15,2026-09-15,v2.4.0
CRI-T2-H200-ALL-ALL-1yr-ALL,2026-09-15,T2,T2,H200,ALL,ALL,ALL,1Y,market_intelligence,1,3.1293,3.1900,3.1900,median,2.7975,3.3475,2.5528,3.9031,3.1293,3.1281,3.1090,5,6,civo|datacrunch|digitalocean|qubrid|seeweb,2000.0,5,6,5,18,5,42,High,Published,2026-09-15,2026-09-15,v2.4.0
CRI-T2-H200-ALL-ALL-1yr-APAC,2026-09-15,T2,T2,H200,ALL,ALL,APAC,1Y,market_intelligence,1,3.5250,3.5250,3.5250,median,3.4525,3.5975,3.3800,3.6700,3.5250,3.5250,3.5250,2,2,e2e|jarvislabs,5000.0,2,2,2,6,2,14,Medium,Provisional,2026-09-15,2026-09-15,v2.4.0
CRI-T2-H200-ALL-ALL-1yr-EU,2026-09-15,T2,T2,H200,ALL,ALL,EU,1Y,market_intelligence,1,3.2153,3.1900,3.1900,median,2.8714,3.5465,2.5528,3.9031,3.2153,3.2130,3.1746,3,3,civo|datacrunch|seeweb,3333.3,3,3,3,9,3,21,Medium,Provisional,2026-09-15,2026-09-15,v2.4.0
CRI-T2-H200-ALL-ALL-1yr-US,2026-09-15,T2,T2,H200,ALL,ALL,US,1Y,market_intelligence,1,3.0433,3.1325,3.1325,median,2.8650,3.2000,2.7300,3.4000,3.0433,3.0433,3.0433,2,3,digitalocean|qubrid,5000.0,2,3,2,9,2,21,Medium,Provisional,2026-09-15,2026-09-15,v2.4.0
CRI-T2-H200-ALL-ALL-2yr-ALL,2026-09-15,T2,T2,H200,ALL,ALL,ALL,2Y,market_intelligence,1,3.1360,3.1360,3.1360,median,3.1130,3.1589,3.0900,3.1819,3.1360,3.1306,3.0817,2,2,civo|datacrunch,5000.0,2,2,2,6,2,14,Medium,Provisional,2026-09-15,2026-09-15,v2.4.0
CRI-T2-H200-ALL-ALL-2yr-EU,2026-09-15,T2,T2,H200,ALL,ALL,EU,2Y,market_intelligence,1,3.1360,3.1360,3.1360,median,3.1130,3.1589,3.0900,3.1819,3.1360,3.1306,3.0817,2,2,civo|datacrunch,5000.0,2,2,2,6,2,14,Medium,Provisional,2026-09-15,2026-09-15,v2.4.0
CRI-T2-H200-ALL-ALL-3mo-ALL,2026-09-15,T2,T2,H200,ALL,ALL,ALL,3M,market_intelligence,1,3.3374,3.1888,3.1888,median,2.8531,4.1152,2.3800,4.1500,3.3374,3.3360,3.3393,5,5,cloudrift|datacrunch|qubrid|seeweb|together,2000.0,5,5,5,15,5,34,High,Published,2026-09-15,2026-09-15,v2.4.0
CRI-T2-H200-ALL-ALL-3mo-APAC,2026-09-15,T2,T2,H200,ALL,ALL,APAC,3M,market_intelligence,1,3.8462,3.8462,3.8462,median,3.8343,3.8581,3.8224,3.8700,3.8462,3.8462,3.8462,2,2,e2e|jarvislabs,5000.0,2,2,2,6,2,14,Medium,Provisional,2026-09-15,2026-09-15,v2.4.0
CRI-T2-H200-ALL-ALL-3mo-EU,2026-09-15,T2,T2,H200,ALL,ALL,EU,3M,market_intelligence,1,3.4841,3.4841,3.4841,median,3.1686,3.7997,2.8531,4.1152,3.4841,3.4806,3.4202,2,2,datacrunch|seeweb,5000.0,2,2,2,6,2,14,Medium,Provisional,2026-09-15,2026-09-15,v2.4.0
CRI-T2-H200-ALL-ALL-3mo-US,2026-09-15,T2,T2,H200,ALL,ALL,US,3M,market_intelligence,1,3.2396,3.1888,3.1888,median,2.7844,3.6694,2.3800,4.1500,3.2396,3.2396,3.2826,3,3,cloudrift|qubrid|together,3333.3,3,3,3,9,3,20,Medium,Provisional,2026-09-15,2026-09-15,v2.4.0
CRI-T2-H200-ALL-ALL-3yr-APAC,2026-09-15,T2,T2,H200,ALL,ALL,APAC,3Y,market_intelligence,1,2.6425,2.6425,2.6425,median,2.5988,2.6862,2.5550,2.7300,2.6425,2.6425,2.6425,2,2,e2e|neysa,5000.0,2,2,2,6,2,14,Medium,Provisional,2026-09-15,2026-09-15,v2.4.0
CRI-T2-H200-ALL-ALL-6mo-ALL,2026-09-15,T2,T2,H200,ALL,ALL,ALL,6M,market_intelligence,1,3.3691,3.2900,3.2900,median,2.7900,3.9900,2.7029,4.0728,3.3691,3.3677,3.3437,5,5,civo|datacrunch|hyperstack|seeweb|together,2000.0,5,5,5,15,5,35,High,Published,2026-09-15,2026-09-15,v2.4.0
CRI-T2-H200-ALL-ALL-6mo-APAC,2026-09-15,T2,T2,H200,ALL,ALL,APAC,6M,market_intelligence,1,3.7301,3.7301,3.7301,median,3.6801,3.7800,3.6301,3.8300,3.7301,3.7301,3.7301,2,2,e2e|jarvislabs,5000.0,2,2,2,6,2,14,Medium,Provisional,2026-09-15,2026-09-15,v2.4.0
CRI-T2-H200-ALL-ALL-6mo-EU,2026-09-15,T2,T2,H200,ALL,ALL,EU,6M,market_intelligence,1,3.2139,3.0400,3.0400,median,2.7682,3.4857,2.7029,4.0728,3.2139,3.2121,3.1822,4,4,civo|datacrunch|hyperstack|seeweb,2500.0,4,4,4,12,4,28,High,Provisional,2026-09-15,2026-09-15,v2.4.0
CRI-T2-H200-ALL-ALL-OD-ALL,2026-09-15,T2,T2,H200,ALL,ALL,ALL,OnDemand,citable,1,3.9149,3.9900,3.9900,median,3.0008,4.4925,2.1213,6.3050,3.9149,3.8987,3.8848,15,22,civo|coreweave|crusoe|datacrunch|deepinfra_gpu|digitalocean|gcore|hyperstack|lightning_ai|nebius|oblivus|qubrid|seeweb|taiga_cloud|together,666.7,15,22,15,62,15,142,High,Published,2026-09-15,2026-09-15,v2.4.0
CRI-T2-H200-ALL-ALL-OD-APAC,2026-09-15,T2,T2,H200,ALL,ALL,APAC,OnDemand,citable,1,3.9280,4.4700,4.4700,median,3.9900,4.5400,1.9900,4.7200,3.9280,3.9280,3.9280,4,5,e2e|jarvislabs|neysa|sesterce,2500.0,4,5,4,15,4,35,High,Published,2026-09-15,2026-09-15,v2.4.0
CRI-T2-H200-ALL-ALL-OD-EU,2026-09-15,T2,T2,H200,ALL,ALL,EU,OnDemand,citable,1,3.5030,3.3285,3.3285,median,2.8950,4.0531,2.1213,6.3050,3.5030,3.5024,3.4871,8,12,civo|coreweave|datacrunch|gcore|hyperstack|nebius|seeweb|taiga_cloud,1250.0,8,12,8,36,8,84,High,Published,2026-09-15,2026-09-15,v2.4.0
CRI-T2-H200-ALL-ALL-OD-US,2026-09-15,T2,T2,H200,ALL,ALL,US,OnDemand,citable,1,4.4091,4.2900,4.2900,median,3.8625,5.1900,2.6163,6.3050,4.4091,4.4475,4.4607,8,10,coreweave|crusoe|deepinfra_gpu|digitalocean|lightning_ai|oblivus|qubrid|together,1250.0,8,10,8,26,8,58,High,Published,2026-09-15,2026-09-15,v2.4.0
CRI-T2-H200-ALL-GTD-1mo-ALL,2026-09-15,T2,T2,H200,ALL,GTD,ALL,1M,market_intelligence,1,3.8219,3.8989,3.8989,median,3.3550,4.3658,2.5000,4.9900,3.8219,3.8184,3.8341,4,4,cloudrift|datacrunch|qubrid|together,2500.0,4,4,4,12,4,27,High,Provisional,2026-09-15,2026-09-15,v2.4.0
CRI-T2-H200-ALL-GTD-1mo-APAC,2026-09-15,T2,T2,H200,ALL,GTD,APAC,1M,market_intelligence,1,3.9255,3.9255,3.9255,median,3.9177,3.9333,3.9100,3.9410,3.9255,3.9255,3.9255,2,2,e2e|jarvislabs,5000.0,2,2,2,6,2,14,Medium,Provisional,2026-09-15,2026-09-15,v2.4.0
CRI-T2-H200-ALL-GTD-1mo-US,2026-09-15,T2,T2,H200,ALL,GTD,US,1M,market_intelligence,1,3.7100,3.6400,3.6400,median,3.0700,4.3150,2.5000,4.9900,3.7100,3.7100,3.7705,3,3,cloudrift|qubrid|together,3333.3,3,3,3,9,3,20,Medium,Provisional,2026-09-15,2026-09-15,v2.4.0
CRI-T2-H200-ALL-GTD-1yr-ALL,2026-09-15,T2,T2,H200,ALL,GTD,ALL,1Y,market_intelligence,1,3.1293,3.1900,3.1900,median,2.7975,3.3475,2.5528,3.9031,3.1293,3.1281,3.1090,5,6,civo|datacrunch|digitalocean|qubrid|seeweb,2000.0,5,6,5,18,5,42,High,Published,2026-09-15,2026-09-15,v2.4.0
CRI-T2-H200-ALL-GTD-1yr-APAC,2026-09-15,T2,T2,H200,ALL,GTD,APAC,1Y,market_intelligence,1,3.5250,3.5250,3.5250,median,3.4525,3.5975,3.3800,3.6700,3.5250,3.5250,3.5250,2,2,e2e|jarvislabs,5000.0,2,2,2,6,2,14,Medium,Provisional,2026-09-15,2026-09-15,v2.4.0
CRI-T2-H200-ALL-GTD-1yr-EU,2026-09-15,T2,T2,H200,ALL,GTD,EU,1Y,market_intelligence,1,3.2153,3.1900,3.1900,median,2.8714,3.5465,2.5528,3.9031,3.2153,3.2130,3.1746,3,3,civo|datacrunch|seeweb,3333.3,3,3,3,9,3,21,Medium,Provisional,2026-09-15,2026-09-15,v2.4.0
CRI-T2-H200-ALL-GTD-1yr-US,2026-09-15,T2,T2,H200,ALL,GTD,US,1Y,market_intelligence,1,3.0433,3.1325,3.1325,median,2.8650,3.2000,2.7300,3.4000,3.0433,3.0433,3.0433,2,3,digitalocean|qubrid,5000.0,2,3,2,9,2,21,Medium,Provisional,2026-09-15,2026-09-15,v2.4.0
CRI-T2-H200-ALL-GTD-2yr-ALL,2026-09-15,T2,T2,H200,ALL,GTD,ALL,2Y,market_intelligence,1,3.1360,3.1360,3.1360,median,3.1130,3.1589,3.0900,3.1819,3.1360,3.1306,3.0817,2,2,civo|datacrunch,5000.0,2,2,2,6,2,14,Medium,Provisional,2026-09-15,2026-09-15,v2.4.0
CRI-T2-H200-ALL-GTD-2yr-EU,2026-09-15,T2,T2,H200,ALL,GTD,EU,2Y,market_intelligence,1,3.1360,3.1360,3.1360,median,3.1130,3.1589,3.0900,3.1819,3.1360,3.1306,3.0817,2,2,civo|datacrunch,5000.0,2,2,2,6,2,14,Medium,Provisional,2026-09-15,2026-09-15,v2.4.0
CRI-T2-H200-ALL-GTD-3mo-ALL,2026-09-15,T2,T2,H200,ALL,GTD,ALL,3M,market_intelligence,1,3.3374,3.1888,3.1888,median,2.8531,4.1152,2.3800,4.1500,3.3374,3.3360,3.3393,5,5,cloudrift|datacrunch|qubrid|seeweb|together,2000.0,5,5,5,15,5,34,High,Published,2026-09-15,2026-09-15,v2.4.0
CRI-T2-H200-ALL-GTD-3mo-APAC,2026-09-15,T2,T2,H200,ALL,GTD,APAC,3M,market_intelligence,1,3.8462,3.8462,3.8462,median,3.8343,3.8581,3.8224,3.8700,3.8462,3.8462,3.8462,2,2,e2e|jarvislabs,5000.0,2,2,2,6,2,14,Medium,Provisional,2026-09-15,2026-09-15,v2.4.0
CRI-T2-H200-ALL-GTD-3mo-EU,2026-09-15,T2,T2,H200,ALL,GTD,EU,3M,market_intelligence,1,3.4841,3.4841,3.4841,median,3.1686,3.7997,2.8531,4.1152,3.4841,3.4806,3.4202,2,2,datacrunch|seeweb,5000.0,2,2,2,6,2,14,Medium,Provisional,2026-09-15,2026-09-15,v2.4.0
CRI-T2-H200-ALL-GTD-3mo-US,2026-09-15,T2,T2,H200,ALL,GTD,US,3M,market_intelligence,1,3.2396,3.1888,3.1888,median,2.7844,3.6694,2.3800,4.1500,3.2396,3.2396,3.2826,3,3,cloudrift|qubrid|together,3333.3,3,3,3,9,3,20,Medium,Provisional,2026-09-15,2026-09-15,v2.4.0
CRI-T2-H200-ALL-GTD-3yr-APAC,2026-09-15,T2,T2,H200,ALL,GTD,APAC,3Y,market_intelligence,1,2.6425,2.6425,2.6425,median,2.5988,2.6862,2.5550,2.7300,2.6425,2.6425,2.6425,2,2,e2e|neysa,5000.0,2,2,2,6,2,14,Medium,Provisional,2026-09-15,2026-09-15,v2.4.0
CRI-T2-H200-ALL-GTD-6mo-ALL,2026-09-15,T2,T2,H200,ALL,GTD,ALL,6M,market_intelligence,1,3.3691,3.2900,3.2900,median,2.7900,3.9900,2.7029,4.0728,3.3691,3.3677,3.3437,5,5,civo|datacrunch|hyperstack|seeweb|together,2000.0,5,5,5,15,5,35,High,Published,2026-09-15,2026-09-15,v2.4.0
CRI-T2-H200-ALL-GTD-6mo-APAC,2026-09-15,T2,T2,H200,ALL,GTD,APAC,6M,market_intelligence,1,3.7301,3.7301,3.7301,median,3.6801,3.7800,3.6301,3.8300,3.7301,3.7301,3.7301,2,2,e2e|jarvislabs,5000.0,2,2,2,6,2,14,Medium,Provisional,2026-09-15,2026-09-15,v2.4.0
CRI-T2-H200-ALL-GTD-6mo-EU,2026-09-15,T2,T2,H200,ALL,GTD,EU,6M,market_intelligence,1,3.2139,3.0400,3.0400,median,2.7682,3.4857,2.7029,4.0728,3.2139,3.2121,3.1822,4,4,civo|datacrunch|hyperstack|seeweb,2500.0,4,4,4,12,4,28,High,Provisional,2026-09-15,2026-09-15,v2.4.0
CRI-T2-H200-ALL-GTD-OD-ALL,2026-09-15,T2,T2,H200,ALL,GTD,ALL,OnDemand,citable,1,4.2670,4.2425,4.2425,median,3.2000,4.5000,2.6900,6.3050,4.2670,4.2575,4.2473,15,17,civo|coreweave|crusoe|datacrunch|deepinfra_gpu|digitalocean|gcore|hyperstack|lightning_ai|nebius|oblivus|qubrid|seeweb|taiga_cloud|together,666.7,15,17,15,49,15,113,High,Published,2026-09-15,2026-09-15,v2.4.0
CRI-T2-H200-ALL-GTD-OD-APAC,2026-09-15,T2,T2,H200,ALL,GTD,APAC,OnDemand,citable,1,4.4125,4.4700,4.4700,median,4.2975,4.5850,3.9900,4.7200,4.4125,4.4125,4.4125,4,4,e2e|jarvislabs|neysa|sesterce,2500.0,4,4,4,12,4,28,High,Provisional,2026-09-15,2026-09-15,v2.4.0
CRI-T2-H200-ALL-GTD-OD-EU,2026-09-15,T2,T2,H200,ALL,GTD,EU,OnDemand,citable,1,3.8760,3.7400,3.7400,median,3.1534,4.2425,3.0000,6.3050,3.8760,3.8761,3.8629,8,9,civo|coreweave|datacrunch|gcore|hyperstack|nebius|seeweb|taiga_cloud,1250.0,8,9,8,27,8,63,High,Published,2026-09-15,2026-09-15,v2.4.0
CRI-T2-H200-ALL-GTD-OD-US,2026-09-15,T2,T2,H200,ALL,GTD,US,OnDemand,citable,1,4.7069,4.4850,4.4850,median,4.2150,5.5625,2.6900,6.3050,4.7069,4.7257,4.7317,8,8,coreweave|crusoe|deepinfra_gpu|digitalocean|lightning_ai|oblivus|qubrid|together,1250.0,8,8,8,22,8,50,High,Published,2026-09-15,2026-09-15,v2.4.0
CRI-T2-H200-ALL-INT-OD-ALL,2026-09-15,T2,T2,H200,ALL,INT,ALL,OnDemand,citable,1,2.7175,2.5241,2.5241,median,2.4500,2.6163,2.1213,3.8200,2.7175,2.5463,2.4720,4,5,coreweave|datacrunch|lightning_ai|nebius,2500.0,4,5,4,13,4,29,High,Published,2026-09-15,2026-09-15,v2.4.0
CRI-T2-H200-ALL-INT-OD-EU,2026-09-15,T2,T2,H200,ALL,INT,EU,OnDemand,citable,1,2.3838,2.4500,2.4500,median,2.2857,2.5150,2.1213,2.5800,2.3838,2.3814,2.3596,3,3,coreweave|datacrunch|nebius,3333.3,3,3,3,9,3,21,Medium,Provisional,2026-09-15,2026-09-15,v2.4.0
CRI-T2-H200-ALL-INT-OD-US,2026-09-15,T2,T2,H200,ALL,INT,US,OnDemand,citable,1,3.2181,3.2181,3.2181,median,2.9172,3.5191,2.6163,3.8200,3.2181,2.9172,2.7668,2,2,coreweave|lightning_ai,5000.0,2,2,2,4,2,8,Medium,Provisional,2026-09-15,2026-09-15,v2.4.0
CRI-T2-H200-SXM-ALL-1mo-ALL,2026-09-15,T2,T2,H200,SXM,ALL,ALL,1M,market_intelligence,1,3.8219,3.8989,3.8989,median,3.3550,4.3658,2.5000,4.9900,3.8219,3.8184,3.8341,4,4,cloudrift|datacrunch|qubrid|together,2500.0,4,4,4,12,4,27,High,Provisional,2026-09-15,2026-09-15,v2.4.0
CRI-T2-H200-SXM-ALL-1mo-US,2026-09-15,T2,T2,H200,SXM,ALL,US,1M,market_intelligence,1,3.7100,3.6400,3.6400,median,3.0700,4.3150,2.5000,4.9900,3.7100,3.7100,3.7705,3,3,cloudrift|qubrid|together,3333.3,3,3,3,9,3,20,Medium,Provisional,2026-09-15,2026-09-15,v2.4.0
CRI-T2-H200-SXM-ALL-1yr-ALL,2026-09-15,T2,T2,H200,SXM,ALL,ALL,1Y,market_intelligence,1,3.1293,3.1900,3.1900,median,2.7975,3.3475,2.5528,3.9031,3.1293,3.1281,3.1090,5,6,civo|datacrunch|digitalocean|qubrid|seeweb,2000.0,5,6,5,18,5,42,High,Published,2026-09-15,2026-09-15,v2.4.0
CRI-T2-H200-SXM-ALL-1yr-EU,2026-09-15,T2,T2,H200,SXM,ALL,EU,1Y,market_intelligence,1,3.2153,3.1900,3.1900,median,2.8714,3.5465,2.5528,3.9031,3.2153,3.2130,3.1746,3,3,civo|datacrunch|seeweb,3333.3,3,3,3,9,3,21,Medium,Provisional,2026-09-15,2026-09-15,v2.4.0
CRI-T2-H200-SXM-ALL-1yr-US,2026-09-15,T2,T2,H200,SXM,ALL,US,1Y,market_intelligence,1,3.0433,3.1325,3.1325,median,2.8650,3.2000,2.7300,3.4000,3.0433,3.0433,3.0433,2,3,digitalocean|qubrid,5000.0,2,3,2,9,2,21,Medium,Provisional,2026-09-15,2026-09-15,v2.4.0
CRI-T2-H200-SXM-ALL-2yr-ALL,2026-09-15,T2,T2,H200,SXM,ALL,ALL,2Y,market_intelligence,1,3.1360,3.1360,3.1360,median,3.1130,3.1589,3.0900,3.1819,3.1360,3.1306,3.0817,2,2,civo|datacrunch,5000.0,2,2,2,6,2,14,Medium,Provisional,2026-09-15,2026-09-15,v2.4.0
CRI-T2-H200-SXM-ALL-2yr-EU,2026-09-15,T2,T2,H200,SXM,ALL,EU,2Y,market_intelligence,1,3.1360,3.1360,3.1360,median,3.1130,3.1589,3.0900,3.1819,3.1360,3.1306,3.0817,2,2,civo|datacrunch,5000.0,2,2,2,6,2,14,Medium,Provisional,2026-09-15,2026-09-15,v2.4.0
CRI-T2-H200-SXM-ALL-3mo-ALL,2026-09-15,T2,T2,H200,SXM,ALL,ALL,3M,market_intelligence,1,3.3374,3.1888,3.1888,median,2.8531,4.1152,2.3800,4.1500,3.3374,3.3360,3.3393,5,5,cloudrift|datacrunch|qubrid|seeweb|together,2000.0,5,5,5,15,5,34,High,Published,2026-09-15,2026-09-15,v2.4.0
CRI-T2-H200-SXM-ALL-3mo-EU,2026-09-15,T2,T2,H200,SXM,ALL,EU,3M,market_intelligence,1,3.4841,3.4841,3.4841,median,3.1686,3.7997,2.8531,4.1152,3.4841,3.4806,3.4202,2,2,datacrunch|seeweb,5000.0,2,2,2,6,2,14,Medium,Provisional,2026-09-15,2026-09-15,v2.4.0
CRI-T2-H200-SXM-ALL-3mo-US,2026-09-15,T2,T2,H200,SXM,ALL,US,3M,market_intelligence,1,3.2396,3.1888,3.1888,median,2.7844,3.6694,2.3800,4.1500,3.2396,3.2396,3.2826,3,3,cloudrift|qubrid|together,3333.3,3,3,3,9,3,20,Medium,Provisional,2026-09-15,2026-09-15,v2.4.0
CRI-T2-H200-SXM-ALL-6mo-ALL,2026-09-15,T2,T2,H200,SXM,ALL,ALL,6M,market_intelligence,1,3.3691,3.2900,3.2900,median,2.7900,3.9900,2.7029,4.0728,3.3691,3.3677,3.3437,5,5,civo|datacrunch|hyperstack|seeweb|together,2000.0,5,5,5,15,5,35,High,Published,2026-09-15,2026-09-15,v2.4.0
CRI-T2-H200-SXM-ALL-6mo-EU,2026-09-15,T2,T2,H200,SXM,ALL,EU,6M,market_intelligence,1,3.2139,3.0400,3.0400,median,2.7682,3.4857,2.7029,4.0728,3.2139,3.2121,3.1822,4,4,civo|datacrunch|hyperstack|seeweb,2500.0,4,4,4,12,4,28,High,Provisional,2026-09-15,2026-09-15,v2.4.0
CRI-T2-H200-SXM-ALL-OD-ALL,2026-09-15,T2,T2,H200,SXM,ALL,ALL,OnDemand,citable,1,3.9149,3.9900,3.9900,median,3.0008,4.4925,2.1213,6.3050,3.9149,3.8987,3.8848,15,22,civo|coreweave|crusoe|datacrunch|deepinfra_gpu|digitalocean|gcore|hyperstack|lightning_ai|nebius|oblivus|qubrid|seeweb|taiga_cloud|together,666.7,15,22,15,62,15,142,High,Published,2026-09-15,2026-09-15,v2.4.0
CRI-T2-H200-SXM-ALL-OD-EU,2026-09-15,T2,T2,H200,SXM,ALL,EU,OnDemand,citable,1,3.5030,3.3285,3.3285,median,2.8950,4.0531,2.1213,6.3050,3.5030,3.5024,3.4871,8,12,civo|coreweave|datacrunch|gcore|hyperstack|nebius|seeweb|taiga_cloud,1250.0,8,12,8,36,8,84,High,Published,2026-09-15,2026-09-15,v2.4.0
CRI-T2-H200-SXM-ALL-OD-US,2026-09-15,T2,T2,H200,SXM,ALL,US,OnDemand,citable,1,4.4091,4.2900,4.2900,median,3.8625,5.1900,2.6163,6.3050,4.4091,4.4475,4.4607,8,10,coreweave|crusoe|deepinfra_gpu|digitalocean|lightning_ai|oblivus|qubrid|together,1250.0,8,10,8,26,8,58,High,Published,2026-09-15,2026-09-15,v2.4.0
CRI-T2-H200-SXM-GTD-1mo-ALL,2026-09-15,T2,T2,H200,SXM,GTD,ALL,1M,market_intelligence,1,3.8219,3.8989,3.8989,median,3.3550,4.3658,2.5000,4.9900,3.8219,3.8184,3.8341,4,4,cloudrift|datacrunch|qubrid|together,2500.0,4,4,4,12,4,27,High,Provisional,2026-09-15,2026-09-15,v2.4.0
CRI-T2-H200-SXM-GTD-1mo-US,2026-09-15,T2,T2,H200,SXM,GTD,US,1M,market_intelligence,1,3.7100,3.6400,3.6400,median,3.0700,4.3150,2.5000,4.9900,3.7100,3.7100,3.7705,3,3,cloudrift|qubrid|together,3333.3,3,3,3,9,3,20,Medium,Provisional,2026-09-15,2026-09-15,v2.4.0
CRI-T2-H200-SXM-GTD-1yr-ALL,2026-09-15,T2,T2,H200,SXM,GTD,ALL,1Y,market_intelligence,1,3.1293,3.1900,3.1900,median,2.7975,3.3475,2.5528,3.9031,3.1293,3.1281,3.1090,5,6,civo|datacrunch|digitalocean|qubrid|seeweb,2000.0,5,6,5,18,5,42,High,Published,2026-09-15,2026-09-15,v2.4.0
CRI-T2-H200-SXM-GTD-1yr-EU,2026-09-15,T2,T2,H200,SXM,GTD,EU,1Y,market_intelligence,1,3.2153,3.1900,3.1900,median,2.8714,3.5465,2.5528,3.9031,3.2153,3.2130,3.1746,3,3,civo|datacrunch|seeweb,3333.3,3,3,3,9,3,21,Medium,Provisional,2026-09-15,2026-09-15,v2.4.0
CRI-T2-H200-SXM-GTD-1yr-US,2026-09-15,T2,T2,H200,SXM,GTD,US,1Y,market_intelligence,1,3.0433,3.1325,3.1325,median,2.8650,3.2000,2.7300,3.4000,3.0433,3.0433,3.0433,2,3,digitalocean|qubrid,5000.0,2,3,2,9,2,21,Medium,Provisional,2026-09-15,2026-09-15,v2.4.0
CRI-T2-H200-SXM-GTD-2yr-ALL,2026-09-15,T2,T2,H200,SXM,GTD,ALL,2Y,market_intelligence,1,3.1360,3.1360,3.1360,median,3.1130,3.1589,3.0900,3.1819,3.1360,3.1306,3.0817,2,2,civo|datacrunch,5000.0,2,2,2,6,2,14,Medium,Provisional,2026-09-15,2026-09-15,v2.4.0
CRI-T2-H200-SXM-GTD-2yr-EU,2026-09-15,T2,T2,H200,SXM,GTD,EU,2Y,market_intelligence,1,3.1360,3.1360,3.1360,median,3.1130,3.1589,3.0900,3.1819,3.1360,3.1306,3.0817,2,2,civo|datacrunch,5000.0,2,2,2,6,2,14,Medium,Provisional,2026-09-15,2026-09-15,v2.4.0
CRI-T2-H200-SXM-GTD-3mo-ALL,2026-09-15,T2,T2,H200,SXM,GTD,ALL,3M,market_intelligence,1,3.3374,3.1888,3.1888,median,2.8531,4.1152,2.3800,4.1500,3.3374,3.3360,3.3393,5,5,cloudrift|datacrunch|qubrid|seeweb|together,2000.0,5,5,5,15,5,34,High,Published,2026-09-15,2026-09-15,v2.4.0
CRI-T2-H200-SXM-GTD-3mo-EU,2026-09-15,T2,T2,H200,SXM,GTD,EU,3M,market_intelligence,1,3.4841,3.4841,3.4841,median,3.1686,3.7997,2.8531,4.1152,3.4841,3.4806,3.4202,2,2,datacrunch|seeweb,5000.0,2,2,2,6,2,14,Medium,Provisional,2026-09-15,2026-09-15,v2.4.0
CRI-T2-H200-SXM-GTD-3mo-US,2026-09-15,T2,T2,H200,SXM,GTD,US,3M,market_intelligence,1,3.2396,3.1888,3.1888,median,2.7844,3.6694,2.3800,4.1500,3.2396,3.2396,3.2826,3,3,cloudrift|qubrid|together,3333.3,3,3,3,9,3,20,Medium,Provisional,2026-09-15,2026-09-15,v2.4.0
CRI-T2-H200-SXM-GTD-6mo-ALL,2026-09-15,T2,T2,H200,SXM,GTD,ALL,6M,market_intelligence,1,3.3691,3.2900,3.2900,median,2.7900,3.9900,2.7029,4.0728,3.3691,3.3677,3.3437,5,5,civo|datacrunch|hyperstack|seeweb|together,2000.0,5,5,5,15,5,35,High,Published,2026-09-15,2026-09-15,v2.4.0
CRI-T2-H200-SXM-GTD-6mo-EU,2026-09-15,T2,T2,H200,SXM,GTD,EU,6M,market_intelligence,1,3.2139,3.0400,3.0400,median,2.7682,3.4857,2.7029,4.0728,3.2139,3.2121,3.1822,4,4,civo|datacrunch|hyperstack|seeweb,2500.0,4,4,4,12,4,28,High,Provisional,2026-09-15,2026-09-15,v2.4.0
CRI-T2-H200-SXM-GTD-OD-ALL,2026-09-15,T2,T2,H200,SXM,GTD,ALL,OnDemand,citable,1,4.2670,4.2425,4.2425,median,3.2000,4.5000,2.6900,6.3050,4.2670,4.2575,4.2473,15,17,civo|coreweave|crusoe|datacrunch|deepinfra_gpu|digitalocean|gcore|hyperstack|lightning_ai|nebius|oblivus|qubrid|seeweb|taiga_cloud|together,666.7,15,17,15,49,15,113,High,Published,2026-09-15,2026-09-15,v2.4.0
CRI-T2-H200-SXM-GTD-OD-EU,2026-09-15,T2,T2,H200,SXM,GTD,EU,OnDemand,citable,1,3.8760,3.7400,3.7400,median,3.1534,4.2425,3.0000,6.3050,3.8760,3.8761,3.8629,8,9,civo|coreweave|datacrunch|gcore|hyperstack|nebius|seeweb|taiga_cloud,1250.0,8,9,8,27,8,63,High,Published,2026-09-15,2026-09-15,v2.4.0
CRI-T2-H200-SXM-GTD-OD-US,2026-09-15,T2,T2,H200,SXM,GTD,US,OnDemand,citable,1,4.7069,4.4850,4.4850,median,4.2150,5.5625,2.6900,6.3050,4.7069,4.7257,4.7317,8,8,coreweave|crusoe|deepinfra_gpu|digitalocean|lightning_ai|oblivus|qubrid|together,1250.0,8,8,8,22,8,50,High,Published,2026-09-15,2026-09-15,v2.4.0
CRI-T2-H200-SXM-INT-OD-ALL,2026-09-15,T2,T2,H200,SXM,INT,ALL,OnDemand,citable,1,2.7175,2.5241,2.5241,median,2.4500,2.6163,2.1213,3.8200,2.7175,2.5463,2.4720,4,5,coreweave|datacrunch|lightning_ai|nebius,2500.0,4,5,4,13,4,29,High,Published,2026-09-15,2026-09-15,v2.4.0
CRI-T2-H200-SXM-INT-OD-EU,2026-09-15,T2,T2,H200,SXM,INT,EU,OnDemand,citable,1,2.3838,2.4500,2.4500,median,2.2857,2.5150,2.1213,2.5800,2.3838,2.3814,2.3596,3,3,coreweave|datacrunch|nebius,3333.3,3,3,3,9,3,21,Medium,Provisional,2026-09-15,2026-09-15,v2.4.0
CRI-T2-H200-SXM-INT-OD-US,2026-09-15,T2,T2,H200,SXM,INT,US,OnDemand,citable,1,3.2181,3.2181,3.2181,median,2.9172,3.5191,2.6163,3.8200,3.2181,2.9172,2.7668,2,2,coreweave|lightning_ai,5000.0,2,2,2,4,2,8,Medium,Provisional,2026-09-15,2026-09-15,v2.4.0
CRI-T2-L4-ALL-ALL-1mo-APAC,2026-09-15,T2,T2,L4,ALL,ALL,APAC,1M,market_intelligence,1,0.4634,0.4634,0.4634,median,0.4467,0.4801,0.4300,0.4968,0.4634,0.4634,0.4634,2,2,e2e|jarvislabs,5000.0,2,2,2,6,2,14,Medium,Provisional,2026-09-15,2026-09-15,v2.4.0
CRI-T2-L4-ALL-ALL-1yr-APAC,2026-09-15,T2,T2,L4,ALL,ALL,APAC,1Y,market_intelligence,1,0.4150,0.4150,0.4150,median,0.4075,0.4225,0.4000,0.4300,0.4150,0.4150,0.4150,2,2,e2e|jarvislabs,5000.0,2,2,2,6,2,14,Medium,Provisional,2026-09-15,2026-09-15,v2.4.0
CRI-T2-L4-ALL-ALL-3mo-APAC,2026-09-15,T2,T2,L4,ALL,ALL,APAC,3M,market_intelligence,1,0.4584,0.4584,0.4584,median,0.4442,0.4725,0.4300,0.4867,0.4584,0.4584,0.4584,2,2,e2e|jarvislabs,5000.0,2,2,2,6,2,14,Medium,Provisional,2026-09-15,2026-09-15,v2.4.0
CRI-T2-L4-ALL-ALL-6mo-APAC,2026-09-15,T2,T2,L4,ALL,ALL,APAC,6M,market_intelligence,1,0.4394,0.4394,0.4394,median,0.4297,0.4490,0.4200,0.4587,0.4394,0.4394,0.4394,2,2,e2e|jarvislabs,5000.0,2,2,2,6,2,14,Medium,Provisional,2026-09-15,2026-09-15,v2.4.0
CRI-T2-L4-ALL-ALL-OD-APAC,2026-09-15,T2,T2,L4,ALL,ALL,APAC,OnDemand,citable,1,0.6175,0.8700,0.8700,median,0.4025,0.7200,0.2900,1.1700,0.6175,0.6175,0.6175,3,4,e2e|jarvislabs|neysa,3333.3,3,4,3,12,3,28,Medium,Provisional,2026-09-15,2026-09-15,v2.4.0
CRI-T2-L4-ALL-ALL-OD-EU,2026-09-15,T2,T2,L4,ALL,ALL,EU,OnDemand,citable,1,0.9434,0.9773,0.9773,median,0.9096,0.9434,0.9096,1.0450,0.9434,0.9451,0.9465,2,4,scaleway|sesterce,5000.0,2,4,2,12,2,28,Medium,Provisional,2026-09-15,2026-09-15,v2.4.0
CRI-T2-L4-ALL-GTD-1mo-APAC,2026-09-15,T2,T2,L4,ALL,GTD,APAC,1M,market_intelligence,1,0.4634,0.4634,0.4634,median,0.4467,0.4801,0.4300,0.4968,0.4634,0.4634,0.4634,2,2,e2e|jarvislabs,5000.0,2,2,2,6,2,14,Medium,Provisional,2026-09-15,2026-09-15,v2.4.0
CRI-T2-L4-ALL-GTD-1yr-APAC,2026-09-15,T2,T2,L4,ALL,GTD,APAC,1Y,market_intelligence,1,0.4150,0.4150,0.4150,median,0.4075,0.4225,0.4000,0.4300,0.4150,0.4150,0.4150,2,2,e2e|jarvislabs,5000.0,2,2,2,6,2,14,Medium,Provisional,2026-09-15,2026-09-15,v2.4.0
CRI-T2-L4-ALL-GTD-3mo-APAC,2026-09-15,T2,T2,L4,ALL,GTD,APAC,3M,market_intelligence,1,0.4584,0.4584,0.4584,median,0.4442,0.4725,0.4300,0.4867,0.4584,0.4584,0.4584,2,2,e2e|jarvislabs,5000.0,2,2,2,6,2,14,Medium,Provisional,2026-09-15,2026-09-15,v2.4.0
CRI-T2-L4-ALL-GTD-6mo-APAC,2026-09-15,T2,T2,L4,ALL,GTD,APAC,6M,market_intelligence,1,0.4394,0.4394,0.4394,median,0.4297,0.4490,0.4200,0.4587,0.4394,0.4394,0.4394,2,2,e2e|jarvislabs,5000.0,2,2,2,6,2,14,Medium,Provisional,2026-09-15,2026-09-15,v2.4.0
CRI-T2-L4-ALL-GTD-OD-APAC,2026-09-15,T2,T2,L4,ALL,GTD,APAC,OnDemand,citable,1,0.7267,0.5700,0.5700,median,0.5050,0.8700,0.4400,1.1700,0.7267,0.7267,0.7267,3,3,e2e|jarvislabs|neysa,3333.3,3,3,3,9,3,21,Medium,Provisional,2026-09-15,2026-09-15,v2.4.0
CRI-T2-L4-ALL-GTD-OD-EU,2026-09-15,T2,T2,L4,ALL,GTD,EU,OnDemand,citable,1,0.9434,0.9773,0.9773,median,0.9096,0.9434,0.9096,1.0450,0.9434,0.9451,0.9465,2,4,scaleway|sesterce,5000.0,2,4,2,12,2,28,Medium,Provisional,2026-09-15,2026-09-15,v2.4.0
CRI-T2-L4-PCIe-ALL-OD-EU,2026-09-15,T2,T2,L4,PCIe,ALL,EU,OnDemand,citable,1,0.9434,0.9773,0.9773,median,0.9096,0.9434,0.9096,1.0450,0.9434,0.9451,0.9465,2,4,scaleway|sesterce,5000.0,2,4,2,12,2,28,Medium,Provisional,2026-09-15,2026-09-15,v2.4.0
CRI-T2-L4-PCIe-GTD-OD-EU,2026-09-15,T2,T2,L4,PCIe,GTD,EU,OnDemand,citable,1,0.9434,0.9773,0.9773,median,0.9096,0.9434,0.9096,1.0450,0.9434,0.9451,0.9465,2,4,scaleway|sesterce,5000.0,2,4,2,12,2,28,Medium,Provisional,2026-09-15,2026-09-15,v2.4.0
CRI-T2-L40-ALL-ALL-OD-ALL,2026-09-15,T2,T2,L40,ALL,ALL,ALL,OnDemand,citable,1,1.0028,1.0507,1.0507,median,0.8840,1.1250,0.7838,1.2500,1.0028,1.0260,1.0228,3,7,coreweave|hyperstack|sesterce,3333.3,3,7,3,22,3,51,Medium,Published,2026-09-15,2026-09-15,v2.4.0
CRI-T2-L40-ALL-ALL-OD-EU,2026-09-15,T2,T2,L40,ALL,ALL,EU,OnDemand,citable,1,1.0167,1.0750,1.0750,median,0.9000,1.1250,0.8000,1.2500,1.0167,1.0167,1.0167,2,3,coreweave|hyperstack,5000.0,2,3,2,9,2,21,Medium,Provisional,2026-09-15,2026-09-15,v2.4.0
CRI-T2-L40-ALL-ALL-OD-US,2026-09-15,T2,T2,L40,ALL,ALL,US,OnDemand,citable,1,0.9925,0.9925,0.9925,median,0.9220,1.0385,0.7838,1.2500,0.9925,1.0325,1.0271,2,4,coreweave|sesterce,5000.0,2,4,2,13,2,30,Medium,Provisional,2026-09-15,2026-09-15,v2.4.0
CRI-T2-L40-ALL-GTD-OD-ALL,2026-09-15,T2,T2,L40,ALL,GTD,ALL,OnDemand,citable,1,1.0872,1.0000,1.0000,median,0.9680,1.2500,0.9680,1.2500,1.0872,1.1138,1.1102,3,5,coreweave|hyperstack|sesterce,3333.3,3,5,3,16,3,37,Medium,Published,2026-09-15,2026-09-15,v2.4.0
CRI-T2-L40-ALL-GTD-OD-EU,2026-09-15,T2,T2,L40,ALL,GTD,EU,OnDemand,citable,1,1.1250,1.1250,1.1250,median,1.0625,1.1875,1.0000,1.2500,1.1250,1.1250,1.1250,2,2,coreweave|hyperstack,5000.0,2,2,2,6,2,14,Medium,Provisional,2026-09-15,2026-09-15,v2.4.0
CRI-T2-L40-ALL-GTD-OD-US,2026-09-15,T2,T2,L40,ALL,GTD,US,OnDemand,citable,1,1.0620,1.1090,1.1090,median,0.9680,1.1090,0.9680,1.2500,1.0620,1.1071,1.1012,2,3,coreweave|sesterce,5000.0,2,3,2,10,2,23,Medium,Provisional,2026-09-15,2026-09-15,v2.4.0
CRI-T2-L40-PCIe-ALL-OD-ALL,2026-09-15,T2,T2,L40,PCIe,ALL,ALL,OnDemand,citable,1,1.0028,1.0507,1.0507,median,0.8840,1.1250,0.7838,1.2500,1.0028,1.0260,1.0228,3,7,coreweave|hyperstack|sesterce,3333.3,3,7,3,22,3,51,Medium,Published,2026-09-15,2026-09-15,v2.4.0
CRI-T2-L40-PCIe-ALL-OD-EU,2026-09-15,T2,T2,L40,PCIe,ALL,EU,OnDemand,citable,1,1.0167,1.0750,1.0750,median,0.9000,1.1250,0.8000,1.2500,1.0167,1.0167,1.0167,2,3,coreweave|hyperstack,5000.0,2,3,2,9,2,21,Medium,Provisional,2026-09-15,2026-09-15,v2.4.0
CRI-T2-L40-PCIe-ALL-OD-US,2026-09-15,T2,T2,L40,PCIe,ALL,US,OnDemand,citable,1,0.9925,0.9925,0.9925,median,0.9220,1.0385,0.7838,1.2500,0.9925,1.0325,1.0271,2,4,coreweave|sesterce,5000.0,2,4,2,13,2,30,Medium,Provisional,2026-09-15,2026-09-15,v2.4.0
CRI-T2-L40-PCIe-GTD-OD-ALL,2026-09-15,T2,T2,L40,PCIe,GTD,ALL,OnDemand,citable,1,1.0872,1.0000,1.0000,median,0.9680,1.2500,0.9680,1.2500,1.0872,1.1138,1.1102,3,5,coreweave|hyperstack|sesterce,3333.3,3,5,3,16,3,37,Medium,Published,2026-09-15,2026-09-15,v2.4.0
CRI-T2-L40-PCIe-GTD-OD-EU,2026-09-15,T2,T2,L40,PCIe,GTD,EU,OnDemand,citable,1,1.1250,1.1250,1.1250,median,1.0625,1.1875,1.0000,1.2500,1.1250,1.1250,1.1250,2,2,coreweave|hyperstack,5000.0,2,2,2,6,2,14,Medium,Provisional,2026-09-15,2026-09-15,v2.4.0
CRI-T2-L40-PCIe-GTD-OD-US,2026-09-15,T2,T2,L40,PCIe,GTD,US,OnDemand,citable,1,1.0620,1.1090,1.1090,median,0.9680,1.1090,0.9680,1.2500,1.0620,1.1071,1.1012,2,3,coreweave|sesterce,5000.0,2,3,2,10,2,23,Medium,Provisional,2026-09-15,2026-09-15,v2.4.0
CRI-T2-L40S-ALL-ALL-1mo-ALL,2026-09-15,T2,T2,L40S,ALL,ALL,ALL,1M,market_intelligence,1,0.9765,0.9765,0.9765,median,0.7732,1.1798,0.5700,1.3830,0.9765,0.9743,0.9943,2,2,cloudrift|datacrunch,5000.0,2,2,2,6,2,13,Medium,Provisional,2026-09-15,2026-09-15,v2.4.0
CRI-T2-L40S-ALL-ALL-1mo-APAC,2026-09-15,T2,T2,L40S,ALL,ALL,APAC,1M,market_intelligence,1,1.3416,1.2238,1.2238,median,0.9815,1.5772,0.8704,2.0616,1.3416,1.3416,1.3436,2,3,e2e|shakti_cloud,5000.0,2,3,2,9,2,21,Medium,Provisional,2026-09-15,2026-09-15,v2.4.0
CRI-T2-L40S-ALL-ALL-1yr-ALL,2026-09-15,T2,T2,L40S,ALL,ALL,ALL,1Y,market_intelligence,1,1.1942,1.1942,1.1942,median,1.1421,1.2463,1.0900,1.2984,1.1942,1.1921,1.1824,2,2,civo|datacrunch,5000.0,2,2,2,6,2,14,Medium,Provisional,2026-09-15,2026-09-15,v2.4.0
CRI-T2-L40S-ALL-ALL-1yr-EU,2026-09-15,T2,T2,L40S,ALL,ALL,EU,1Y,market_intelligence,1,1.1942,1.1942,1.1942,median,1.1421,1.2463,1.0900,1.2984,1.1942,1.1921,1.1824,2,2,civo|datacrunch,5000.0,2,2,2,6,2,14,Medium,Provisional,2026-09-15,2026-09-15,v2.4.0
CRI-T2-L40S-ALL-ALL-2yr-ALL,2026-09-15,T2,T2,L40S,ALL,ALL,ALL,2Y,market_intelligence,1,1.0242,1.0242,1.0242,median,1.0071,1.0413,0.9900,1.0584,1.0242,1.0225,1.0146,2,2,civo|datacrunch,5000.0,2,2,2,6,2,14,Medium,Provisional,2026-09-15,2026-09-15,v2.4.0
CRI-T2-L40S-ALL-ALL-2yr-EU,2026-09-15,T2,T2,L40S,ALL,ALL,EU,2Y,market_intelligence,1,1.0242,1.0242,1.0242,median,1.0071,1.0413,0.9900,1.0584,1.0242,1.0225,1.0146,2,2,civo|datacrunch,5000.0,2,2,2,6,2,14,Medium,Provisional,2026-09-15,2026-09-15,v2.4.0
CRI-T2-L40S-ALL-ALL-3mo-ALL,2026-09-15,T2,T2,L40S,ALL,ALL,ALL,3M,market_intelligence,1,0.9545,0.9545,0.9545,median,0.7472,1.1617,0.5400,1.3689,0.9545,0.9522,0.9730,2,2,cloudrift|datacrunch,5000.0,2,2,2,6,2,13,Medium,Provisional,2026-09-15,2026-09-15,v2.4.0
CRI-T2-L40S-ALL-ALL-6mo-ALL,2026-09-15,T2,T2,L40S,ALL,ALL,ALL,6M,market_intelligence,1,1.2724,1.2724,1.2724,median,1.2312,1.3136,1.1900,1.3548,1.2724,1.2702,1.2601,2,2,civo|datacrunch,5000.0,2,2,2,6,2,14,Medium,Provisional,2026-09-15,2026-09-15,v2.4.0
CRI-T2-L40S-ALL-ALL-6mo-EU,2026-09-15,T2,T2,L40S,ALL,ALL,EU,6M,market_intelligence,1,1.2724,1.2724,1.2724,median,1.2312,1.3136,1.1900,1.3548,1.2724,1.2702,1.2601,2,2,civo|datacrunch,5000.0,2,2,2,6,2,14,Medium,Provisional,2026-09-15,2026-09-15,v2.4.0
CRI-T2-L40S-ALL-ALL-OD-ALL,2026-09-15,T2,T2,L40S,ALL,ALL,ALL,OnDemand,citable,1,1.4492,1.5000,1.5000,median,0.9808,1.6979,0.7055,2.2500,1.4492,1.4499,1.4478,9,20,civo|coreweave|crusoe|datacrunch|digitalocean|nebius|scaleway|sesterce|vultr,1111.1,9,20,9,61,9,142,High,Published,2026-09-15,2026-09-15,v2.4.0
CRI-T2-L40S-ALL-ALL-OD-APAC,2026-09-15,T2,T2,L40S,ALL,ALL,APAC,OnDemand,citable,1,1.5297,1.4390,1.4390,median,1.3195,1.6945,1.2000,1.9500,1.5297,1.5297,1.5306,3,3,e2e|neysa|shakti_cloud,3333.3,3,3,3,9,3,21,Medium,Provisional,2026-09-15,2026-09-15,v2.4.0
CRI-T2-L40S-ALL-ALL-OD-EU,2026-09-15,T2,T2,L40S,ALL,ALL,EU,OnDemand,citable,1,1.4484,1.6979,1.6979,median,1.0950,1.7590,0.7055,2.2500,1.4484,1.4485,1.4463,6,11,civo|coreweave|datacrunch|nebius|scaleway|sesterce,1666.7,6,11,6,33,6,77,High,Published,2026-09-15,2026-09-15,v2.4.0
CRI-T2-L40S-ALL-ALL-OD-US,2026-09-15,T2,T2,L40S,ALL,ALL,US,OnDemand,citable,1,1.4502,1.5350,1.5350,median,0.9850,1.6500,0.9680,2.2500,1.4502,1.4515,1.4496,5,9,coreweave|crusoe|digitalocean|sesterce|vultr,2000.0,5,9,5,28,5,65,High,Published,2026-09-15,2026-09-15,v2.4.0
CRI-T2-L40S-ALL-GTD-1mo-ALL,2026-09-15,T2,T2,L40S,ALL,GTD,ALL,1M,market_intelligence,1,0.9765,0.9765,0.9765,median,0.7732,1.1798,0.5700,1.3830,0.9765,0.9743,0.9943,2,2,cloudrift|datacrunch,5000.0,2,2,2,6,2,13,Medium,Provisional,2026-09-15,2026-09-15,v2.4.0
CRI-T2-L40S-ALL-GTD-1mo-APAC,2026-09-15,T2,T2,L40S,ALL,GTD,APAC,1M,market_intelligence,1,1.3416,1.2238,1.2238,median,0.9815,1.5772,0.8704,2.0616,1.3416,1.3416,1.3436,2,3,e2e|shakti_cloud,5000.0,2,3,2,9,2,21,Medium,Provisional,2026-09-15,2026-09-15,v2.4.0
CRI-T2-L40S-ALL-GTD-1yr-ALL,2026-09-15,T2,T2,L40S,ALL,GTD,ALL,1Y,market_intelligence,1,1.1942,1.1942,1.1942,median,1.1421,1.2463,1.0900,1.2984,1.1942,1.1921,1.1824,2,2,civo|datacrunch,5000.0,2,2,2,6,2,14,Medium,Provisional,2026-09-15,2026-09-15,v2.4.0
CRI-T2-L40S-ALL-GTD-1yr-EU,2026-09-15,T2,T2,L40S,ALL,GTD,EU,1Y,market_intelligence,1,1.1942,1.1942,1.1942,median,1.1421,1.2463,1.0900,1.2984,1.1942,1.1921,1.1824,2,2,civo|datacrunch,5000.0,2,2,2,6,2,14,Medium,Provisional,2026-09-15,2026-09-15,v2.4.0
CRI-T2-L40S-ALL-GTD-2yr-ALL,2026-09-15,T2,T2,L40S,ALL,GTD,ALL,2Y,market_intelligence,1,1.0242,1.0242,1.0242,median,1.0071,1.0413,0.9900,1.0584,1.0242,1.0225,1.0146,2,2,civo|datacrunch,5000.0,2,2,2,6,2,14,Medium,Provisional,2026-09-15,2026-09-15,v2.4.0
CRI-T2-L40S-ALL-GTD-2yr-EU,2026-09-15,T2,T2,L40S,ALL,GTD,EU,2Y,market_intelligence,1,1.0242,1.0242,1.0242,median,1.0071,1.0413,0.9900,1.0584,1.0242,1.0225,1.0146,2,2,civo|datacrunch,5000.0,2,2,2,6,2,14,Medium,Provisional,2026-09-15,2026-09-15,v2.4.0
CRI-T2-L40S-ALL-GTD-3mo-ALL,2026-09-15,T2,T2,L40S,ALL,GTD,ALL,3M,market_intelligence,1,0.9545,0.9545,0.9545,median,0.7472,1.1617,0.5400,1.3689,0.9545,0.9522,0.9730,2,2,cloudrift|datacrunch,5000.0,2,2,2,6,2,13,Medium,Provisional,2026-09-15,2026-09-15,v2.4.0
CRI-T2-L40S-ALL-GTD-6mo-ALL,2026-09-15,T2,T2,L40S,ALL,GTD,ALL,6M,market_intelligence,1,1.2724,1.2724,1.2724,median,1.2312,1.3136,1.1900,1.3548,1.2724,1.2702,1.2601,2,2,civo|datacrunch,5000.0,2,2,2,6,2,14,Medium,Provisional,2026-09-15,2026-09-15,v2.4.0
CRI-T2-L40S-ALL-GTD-6mo-EU,2026-09-15,T2,T2,L40S,ALL,GTD,EU,6M,market_intelligence,1,1.2724,1.2724,1.2724,median,1.2312,1.3136,1.1900,1.3548,1.2724,1.2702,1.2601,2,2,civo|datacrunch,5000.0,2,2,2,6,2,14,Medium,Provisional,2026-09-15,2026-09-15,v2.4.0
CRI-T2-L40S-ALL-GTD-OD-ALL,2026-09-15,T2,T2,L40S,ALL,GTD,ALL,OnDemand,citable,1,1.6109,1.5700,1.5700,median,1.4556,1.7590,0.9680,2.2500,1.6109,1.6084,1.6069,9,15,civo|coreweave|crusoe|datacrunch|digitalocean|nebius|scaleway|sesterce|vultr,1111.1,9,15,9,46,9,107,High,Published,2026-09-15,2026-09-15,v2.4.0
CRI-T2-L40S-ALL-GTD-OD-APAC,2026-09-15,T2,T2,L40S,ALL,GTD,APAC,OnDemand,citable,1,1.5297,1.4390,1.4390,median,1.3195,1.6945,1.2000,1.9500,1.5297,1.5297,1.5306,3,3,e2e|neysa|shakti_cloud,3333.3,3,3,3,9,3,21,Medium,Provisional,2026-09-15,2026-09-15,v2.4.0
CRI-T2-L40S-ALL-GTD-OD-EU,2026-09-15,T2,T2,L40S,ALL,GTD,EU,OnDemand,citable,1,1.6984,1.6915,1.6915,median,1.5153,1.8325,1.2900,2.2500,1.6984,1.6988,1.6970,6,8,civo|coreweave|datacrunch|nebius|scaleway|sesterce,1666.7,6,8,6,24,6,56,High,Published,2026-09-15,2026-09-15,v2.4.0
CRI-T2-L40S-ALL-GTD-OD-US,2026-09-15,T2,T2,L40S,ALL,GTD,US,OnDemand,citable,1,1.5110,1.5700,1.5700,median,1.2340,1.6605,0.9680,2.2500,1.5110,1.5098,1.5078,5,7,coreweave|crusoe|digitalocean|sesterce|vultr,2000.0,5,7,5,22,5,51,High,Published,2026-09-15,2026-09-15,v2.4.0
CRI-T2-L40S-ALL-INT-OD-ALL,2026-09-15,T2,T2,L40S,ALL,INT,ALL,OnDemand,citable,1,0.9641,0.9025,0.9025,median,0.7400,0.9850,0.7055,1.4900,0.9641,0.9636,0.9616,4,5,coreweave|datacrunch|nebius|vultr,2500.0,4,5,4,15,4,35,High,Published,2026-09-15,2026-09-15,v2.4.0
CRI-T2-L40S-ALL-INT-OD-EU,2026-09-15,T2,T2,L40S,ALL,INT,EU,OnDemand,citable,1,0.7818,0.7628,0.7628,median,0.7228,0.8200,0.7055,0.9000,0.7818,0.7811,0.7776,2,3,datacrunch|nebius,5000.0,2,3,2,9,2,21,Medium,Provisional,2026-09-15,2026-09-15,v2.4.0
CRI-T2-L40S-ALL-INT-OD-US,2026-09-15,T2,T2,L40S,ALL,INT,US,OnDemand,citable,1,1.2375,1.2375,1.2375,median,1.1113,1.3638,0.9850,1.4900,1.2375,1.2375,1.2375,2,2,coreweave|vultr,5000.0,2,2,2,6,2,14,Medium,Provisional,2026-09-15,2026-09-15,v2.4.0
CRI-T2-L40S-PCIe-ALL-1mo-ALL,2026-09-15,T2,T2,L40S,PCIe,ALL,ALL,1M,market_intelligence,1,0.9765,0.9765,0.9765,median,0.7732,1.1798,0.5700,1.3830,0.9765,0.9743,0.9943,2,2,cloudrift|datacrunch,5000.0,2,2,2,6,2,13,Medium,Provisional,2026-09-15,2026-09-15,v2.4.0
CRI-T2-L40S-PCIe-ALL-1yr-ALL,2026-09-15,T2,T2,L40S,PCIe,ALL,ALL,1Y,market_intelligence,1,1.1942,1.1942,1.1942,median,1.1421,1.2463,1.0900,1.2984,1.1942,1.1921,1.1824,2,2,civo|datacrunch,5000.0,2,2,2,6,2,14,Medium,Provisional,2026-09-15,2026-09-15,v2.4.0
CRI-T2-L40S-PCIe-ALL-1yr-EU,2026-09-15,T2,T2,L40S,PCIe,ALL,EU,1Y,market_intelligence,1,1.1942,1.1942,1.1942,median,1.1421,1.2463,1.0900,1.2984,1.1942,1.1921,1.1824,2,2,civo|datacrunch,5000.0,2,2,2,6,2,14,Medium,Provisional,2026-09-15,2026-09-15,v2.4.0
CRI-T2-L40S-PCIe-ALL-2yr-ALL,2026-09-15,T2,T2,L40S,PCIe,ALL,ALL,2Y,market_intelligence,1,1.0242,1.0242,1.0242,median,1.0071,1.0413,0.9900,1.0584,1.0242,1.0225,1.0146,2,2,civo|datacrunch,5000.0,2,2,2,6,2,14,Medium,Provisional,2026-09-15,2026-09-15,v2.4.0
CRI-T2-L40S-PCIe-ALL-2yr-EU,2026-09-15,T2,T2,L40S,PCIe,ALL,EU,2Y,market_intelligence,1,1.0242,1.0242,1.0242,median,1.0071,1.0413,0.9900,1.0584,1.0242,1.0225,1.0146,2,2,civo|datacrunch,5000.0,2,2,2,6,2,14,Medium,Provisional,2026-09-15,2026-09-15,v2.4.0
CRI-T2-L40S-PCIe-ALL-3mo-ALL,2026-09-15,T2,T2,L40S,PCIe,ALL,ALL,3M,market_intelligence,1,0.9545,0.9545,0.9545,median,0.7472,1.1617,0.5400,1.3689,0.9545,0.9522,0.9730,2,2,cloudrift|datacrunch,5000.0,2,2,2,6,2,13,Medium,Provisional,2026-09-15,2026-09-15,v2.4.0
CRI-T2-L40S-PCIe-ALL-6mo-ALL,2026-09-15,T2,T2,L40S,PCIe,ALL,ALL,6M,market_intelligence,1,1.2724,1.2724,1.2724,median,1.2312,1.3136,1.1900,1.3548,1.2724,1.2702,1.2601,2,2,civo|datacrunch,5000.0,2,2,2,6,2,14,Medium,Provisional,2026-09-15,2026-09-15,v2.4.0
CRI-T2-L40S-PCIe-ALL-6mo-EU,2026-09-15,T2,T2,L40S,PCIe,ALL,EU,6M,market_intelligence,1,1.2724,1.2724,1.2724,median,1.2312,1.3136,1.1900,1.3548,1.2724,1.2702,1.2601,2,2,civo|datacrunch,5000.0,2,2,2,6,2,14,Medium,Provisional,2026-09-15,2026-09-15,v2.4.0
CRI-T2-L40S-PCIe-ALL-OD-ALL,2026-09-15,T2,T2,L40S,PCIe,ALL,ALL,OnDemand,citable,1,1.4492,1.5000,1.5000,median,0.9808,1.6979,0.7055,2.2500,1.4492,1.4499,1.4478,9,20,civo|coreweave|crusoe|datacrunch|digitalocean|nebius|scaleway|sesterce|vultr,1111.1,9,20,9,61,9,142,High,Published,2026-09-15,2026-09-15,v2.4.0
CRI-T2-L40S-PCIe-ALL-OD-EU,2026-09-15,T2,T2,L40S,PCIe,ALL,EU,OnDemand,citable,1,1.4484,1.6979,1.6979,median,1.0950,1.7590,0.7055,2.2500,1.4484,1.4485,1.4463,6,11,civo|coreweave|datacrunch|nebius|scaleway|sesterce,1666.7,6,11,6,33,6,77,High,Published,2026-09-15,2026-09-15,v2.4.0
CRI-T2-L40S-PCIe-ALL-OD-US,2026-09-15,T2,T2,L40S,PCIe,ALL,US,OnDemand,citable,1,1.4502,1.5350,1.5350,median,0.9850,1.6500,0.9680,2.2500,1.4502,1.4515,1.4496,5,9,coreweave|crusoe|digitalocean|sesterce|vultr,2000.0,5,9,5,28,5,65,High,Published,2026-09-15,2026-09-15,v2.4.0
CRI-T2-L40S-PCIe-GTD-1mo-ALL,2026-09-15,T2,T2,L40S,PCIe,GTD,ALL,1M,market_intelligence,1,0.9765,0.9765,0.9765,median,0.7732,1.1798,0.5700,1.3830,0.9765,0.9743,0.9943,2,2,cloudrift|datacrunch,5000.0,2,2,2,6,2,13,Medium,Provisional,2026-09-15,2026-09-15,v2.4.0
CRI-T2-L40S-PCIe-GTD-1yr-ALL,2026-09-15,T2,T2,L40S,PCIe,GTD,ALL,1Y,market_intelligence,1,1.1942,1.1942,1.1942,median,1.1421,1.2463,1.0900,1.2984,1.1942,1.1921,1.1824,2,2,civo|datacrunch,5000.0,2,2,2,6,2,14,Medium,Provisional,2026-09-15,2026-09-15,v2.4.0
CRI-T2-L40S-PCIe-GTD-1yr-EU,2026-09-15,T2,T2,L40S,PCIe,GTD,EU,1Y,market_intelligence,1,1.1942,1.1942,1.1942,median,1.1421,1.2463,1.0900,1.2984,1.1942,1.1921,1.1824,2,2,civo|datacrunch,5000.0,2,2,2,6,2,14,Medium,Provisional,2026-09-15,2026-09-15,v2.4.0
CRI-T2-L40S-PCIe-GTD-2yr-ALL,2026-09-15,T2,T2,L40S,PCIe,GTD,ALL,2Y,market_intelligence,1,1.0242,1.0242,1.0242,median,1.0071,1.0413,0.9900,1.0584,1.0242,1.0225,1.0146,2,2,civo|datacrunch,5000.0,2,2,2,6,2,14,Medium,Provisional,2026-09-15,2026-09-15,v2.4.0
CRI-T2-L40S-PCIe-GTD-2yr-EU,2026-09-15,T2,T2,L40S,PCIe,GTD,EU,2Y,market_intelligence,1,1.0242,1.0242,1.0242,median,1.0071,1.0413,0.9900,1.0584,1.0242,1.0225,1.0146,2,2,civo|datacrunch,5000.0,2,2,2,6,2,14,Medium,Provisional,2026-09-15,2026-09-15,v2.4.0
CRI-T2-L40S-PCIe-GTD-3mo-ALL,2026-09-15,T2,T2,L40S,PCIe,GTD,ALL,3M,market_intelligence,1,0.9545,0.9545,0.9545,median,0.7472,1.1617,0.5400,1.3689,0.9545,0.9522,0.9730,2,2,cloudrift|datacrunch,5000.0,2,2,2,6,2,13,Medium,Provisional,2026-09-15,2026-09-15,v2.4.0
CRI-T2-L40S-PCIe-GTD-6mo-ALL,2026-09-15,T2,T2,L40S,PCIe,GTD,ALL,6M,market_intelligence,1,1.2724,1.2724,1.2724,median,1.2312,1.3136,1.1900,1.3548,1.2724,1.2702,1.2601,2,2,civo|datacrunch,5000.0,2,2,2,6,2,14,Medium,Provisional,2026-09-15,2026-09-15,v2.4.0
CRI-T2-L40S-PCIe-GTD-6mo-EU,2026-09-15,T2,T2,L40S,PCIe,GTD,EU,6M,market_intelligence,1,1.2724,1.2724,1.2724,median,1.2312,1.3136,1.1900,1.3548,1.2724,1.2702,1.2601,2,2,civo|datacrunch,5000.0,2,2,2,6,2,14,Medium,Provisional,2026-09-15,2026-09-15,v2.4.0
CRI-T2-L40S-PCIe-GTD-OD-ALL,2026-09-15,T2,T2,L40S,PCIe,GTD,ALL,OnDemand,citable,1,1.6109,1.5700,1.5700,median,1.4556,1.7590,0.9680,2.2500,1.6109,1.6084,1.6069,9,15,civo|coreweave|crusoe|datacrunch|digitalocean|nebius|scaleway|sesterce|vultr,1111.1,9,15,9,46,9,107,High,Published,2026-09-15,2026-09-15,v2.4.0
CRI-T2-L40S-PCIe-GTD-OD-EU,2026-09-15,T2,T2,L40S,PCIe,GTD,EU,OnDemand,citable,1,1.6984,1.6915,1.6915,median,1.5153,1.8325,1.2900,2.2500,1.6984,1.6988,1.6970,6,8,civo|coreweave|datacrunch|nebius|scaleway|sesterce,1666.7,6,8,6,24,6,56,High,Published,2026-09-15,2026-09-15,v2.4.0
CRI-T2-L40S-PCIe-GTD-OD-US,2026-09-15,T2,T2,L40S,PCIe,GTD,US,OnDemand,citable,1,1.5110,1.5700,1.5700,median,1.2340,1.6605,0.9680,2.2500,1.5110,1.5098,1.5078,5,7,coreweave|crusoe|digitalocean|sesterce|vultr,2000.0,5,7,5,22,5,51,High,Published,2026-09-15,2026-09-15,v2.4.0
CRI-T2-L40S-PCIe-INT-OD-ALL,2026-09-15,T2,T2,L40S,PCIe,INT,ALL,OnDemand,citable,1,0.9641,0.9025,0.9025,median,0.7400,0.9850,0.7055,1.4900,0.9641,0.9636,0.9616,4,5,coreweave|datacrunch|nebius|vultr,2500.0,4,5,4,15,4,35,High,Published,2026-09-15,2026-09-15,v2.4.0
CRI-T2-L40S-PCIe-INT-OD-EU,2026-09-15,T2,T2,L40S,PCIe,INT,EU,OnDemand,citable,1,0.7818,0.7628,0.7628,median,0.7228,0.8200,0.7055,0.9000,0.7818,0.7811,0.7776,2,3,datacrunch|nebius,5000.0,2,3,2,9,2,21,Medium,Provisional,2026-09-15,2026-09-15,v2.4.0
CRI-T2-L40S-PCIe-INT-OD-US,2026-09-15,T2,T2,L40S,PCIe,INT,US,OnDemand,citable,1,1.2375,1.2375,1.2375,median,1.1113,1.3638,0.9850,1.4900,1.2375,1.2375,1.2375,2,2,coreweave|vultr,5000.0,2,2,2,6,2,14,Medium,Provisional,2026-09-15,2026-09-15,v2.4.0
CRI-T2-MI300X-ALL-ALL-1yr-ALL,2026-09-15,T2,T2,MI300X,ALL,ALL,ALL,1Y,market_intelligence,1,2.1101,2.1101,2.1101,median,2.0100,2.2102,1.9100,2.3102,2.1101,2.1128,2.1151,2,2,digitalocean|seeweb,5000.0,2,2,2,6,2,14,Medium,Provisional,2026-09-15,2026-09-15,v2.4.0
CRI-T2-MI300X-ALL-ALL-OD-ALL,2026-09-15,T2,T2,MI300X,ALL,ALL,ALL,OnDemand,citable,1,2.8269,2.7145,2.7145,median,2.5900,2.9900,1.8500,3.9900,2.8269,2.8282,2.8293,4,5,digitalocean|hot_aisle|seeweb|vultr,2500.0,4,5,4,15,4,35,High,Published,2026-09-15,2026-09-15,v2.4.0
CRI-T2-MI300X-ALL-ALL-OD-US,2026-09-15,T2,T2,MI300X,ALL,ALL,US,OnDemand,citable,1,2.8550,2.7900,2.7900,median,2.4050,3.2400,1.8500,3.9900,2.8550,2.8550,2.8550,3,4,digitalocean|hot_aisle|vultr,3333.3,3,4,3,12,3,28,Medium,Provisional,2026-09-15,2026-09-15,v2.4.0
CRI-T2-MI300X-ALL-GTD-1yr-ALL,2026-09-15,T2,T2,MI300X,ALL,GTD,ALL,1Y,market_intelligence,1,2.1101,2.1101,2.1101,median,2.0100,2.2102,1.9100,2.3102,2.1101,2.1128,2.1151,2,2,digitalocean|seeweb,5000.0,2,2,2,6,2,14,Medium,Provisional,2026-09-15,2026-09-15,v2.4.0
CRI-T2-MI300X-ALL-GTD-OD-ALL,2026-09-15,T2,T2,MI300X,ALL,GTD,ALL,OnDemand,citable,3,3.0727,2.8571,2.8571,median,2.6834,3.2400,2.5900,3.9900,3.0711,3.0727,3.0741,4,12,digitalocean|hot_aisle|seeweb|vultr,2500.0,4,4,4,12,4,28,High,Published,2026-09-13,2026-09-15,v2.4.0
CRI-T2-MI300X-ALL-GTD-OD-US,2026-09-15,T2,T2,MI300X,ALL,GTD,US,OnDemand,citable,1,3.1900,2.9900,2.9900,median,2.7900,3.4900,2.5900,3.9900,3.1900,3.1900,3.1900,3,3,digitalocean|hot_aisle|vultr,3333.3,3,3,3,9,3,21,Medium,Provisional,2026-09-15,2026-09-15,v2.4.0
CRI-T2-MI300X-OAM-ALL-1yr-ALL,2026-09-15,T2,T2,MI300X,OAM,ALL,ALL,1Y,market_intelligence,1,2.1101,2.1101,2.1101,median,2.0100,2.2102,1.9100,2.3102,2.1101,2.1128,2.1151,2,2,digitalocean|seeweb,5000.0,2,2,2,6,2,14,Medium,Provisional,2026-09-15,2026-09-15,v2.4.0
CRI-T2-MI300X-OAM-ALL-OD-ALL,2026-09-15,T2,T2,MI300X,OAM,ALL,ALL,OnDemand,citable,1,2.8269,2.7145,2.7145,median,2.5900,2.9900,1.8500,3.9900,2.8269,2.8282,2.8293,4,5,digitalocean|hot_aisle|seeweb|vultr,2500.0,4,5,4,15,4,35,High,Published,2026-09-15,2026-09-15,v2.4.0
CRI-T2-MI300X-OAM-ALL-OD-US,2026-09-15,T2,T2,MI300X,OAM,ALL,US,OnDemand,citable,1,2.8550,2.7900,2.7900,median,2.4050,3.2400,1.8500,3.9900,2.8550,2.8550,2.8550,3,4,digitalocean|hot_aisle|vultr,3333.3,3,4,3,12,3,28,Medium,Provisional,2026-09-15,2026-09-15,v2.4.0
CRI-T2-MI300X-OAM-GTD-1yr-ALL,2026-09-15,T2,T2,MI300X,OAM,GTD,ALL,1Y,market_intelligence,1,2.1101,2.1101,2.1101,median,2.0100,2.2102,1.9100,2.3102,2.1101,2.1128,2.1151,2,2,digitalocean|seeweb,5000.0,2,2,2,6,2,14,Medium,Provisional,2026-09-15,2026-09-15,v2.4.0
CRI-T2-MI300X-OAM-GTD-OD-ALL,2026-09-15,T2,T2,MI300X,OAM,GTD,ALL,OnDemand,citable,3,3.0727,2.8571,2.8571,median,2.6834,3.2400,2.5900,3.9900,3.0711,3.0727,3.0741,4,12,digitalocean|hot_aisle|seeweb|vultr,2500.0,4,4,4,12,4,28,High,Published,2026-09-13,2026-09-15,v2.4.0
CRI-T2-MI300X-OAM-GTD-OD-US,2026-09-15,T2,T2,MI300X,OAM,GTD,US,OnDemand,citable,1,3.1900,2.9900,2.9900,median,2.7900,3.4900,2.5900,3.9900,3.1900,3.1900,3.1900,3,3,digitalocean|hot_aisle|vultr,3333.3,3,3,3,9,3,21,Medium,Provisional,2026-09-15,2026-09-15,v2.4.0
CRI-T2-MI325X-ALL-ALL-OD-US,2026-09-15,T2,T2,MI325X,ALL,ALL,US,OnDemand,citable,1,3.4717,3.5537,3.5537,median,2.9000,4.2075,2.0000,4.6150,3.4717,3.4717,3.4717,2,3,digitalocean|vultr,5000.0,2,3,2,9,2,21,Medium,Provisional,2026-09-15,2026-09-15,v2.4.0
CRI-T2-MI325X-ALL-GTD-OD-US,2026-09-15,T2,T2,MI325X,ALL,GTD,US,OnDemand,citable,1,4.2075,4.2075,4.2075,median,4.0038,4.4112,3.8000,4.6150,4.2075,4.2075,4.2075,2,2,digitalocean|vultr,5000.0,2,2,2,6,2,14,Medium,Provisional,2026-09-15,2026-09-15,v2.4.0
CRI-T2-MI325X-OAM-ALL-OD-US,2026-09-15,T2,T2,MI325X,OAM,ALL,US,OnDemand,citable,1,3.4717,3.5537,3.5537,median,2.9000,4.2075,2.0000,4.6150,3.4717,3.4717,3.4717,2,3,digitalocean|vultr,5000.0,2,3,2,9,2,21,Medium,Provisional,2026-09-15,2026-09-15,v2.4.0
CRI-T2-MI325X-OAM-GTD-OD-US,2026-09-15,T2,T2,MI325X,OAM,GTD,US,OnDemand,citable,1,4.2075,4.2075,4.2075,median,4.0038,4.4112,3.8000,4.6150,4.2075,4.2075,4.2075,2,2,digitalocean|vultr,5000.0,2,2,2,6,2,14,Medium,Provisional,2026-09-15,2026-09-15,v2.4.0
CRI-T2-MI355X-ALL-ALL-OD-US,2026-09-15,T2,T2,MI355X,ALL,ALL,US,OnDemand,citable,1,3.2267,3.5450,3.5450,median,2.5900,3.5450,2.5900,4.5000,3.2267,3.2267,3.2267,2,3,digitalocean|vultr,5000.0,2,3,2,9,2,21,Medium,Provisional,2026-09-15,2026-09-15,v2.4.0
CRI-T2-MI355X-ALL-INT-OD-US,2026-09-15,T2,T2,MI355X,ALL,INT,US,OnDemand,citable,1,3.5450,3.5450,3.5450,median,3.0675,4.0225,2.5900,4.5000,3.5450,3.5450,3.5450,2,2,digitalocean|vultr,5000.0,2,2,2,6,2,14,Medium,Provisional,2026-09-15,2026-09-15,v2.4.0
CRI-T2-MI355X-OAM-ALL-OD-US,2026-09-15,T2,T2,MI355X,OAM,ALL,US,OnDemand,citable,1,3.2267,3.5450,3.5450,median,2.5900,3.5450,2.5900,4.5000,3.2267,3.2267,3.2267,2,3,digitalocean|vultr,5000.0,2,3,2,9,2,21,Medium,Provisional,2026-09-15,2026-09-15,v2.4.0
CRI-T2-MI355X-OAM-INT-OD-US,2026-09-15,T2,T2,MI355X,OAM,INT,US,OnDemand,citable,1,3.5450,3.5450,3.5450,median,3.0675,4.0225,2.5900,4.5000,3.5450,3.5450,3.5450,2,2,digitalocean|vultr,5000.0,2,2,2,6,2,14,Medium,Provisional,2026-09-15,2026-09-15,v2.4.0
CRI-T2-RTX-6000-Ada-ALL-ALL-OD-ALL,2026-09-15,T2,T2,RTX6000Ada,ALL,ALL,ALL,OnDemand,citable,1,0.8484,0.8040,0.8040,median,0.5360,1.0670,0.5000,1.0720,0.8484,0.8473,0.8424,3,5,datacrunch|hyperstack|sesterce,3333.3,3,5,3,15,3,35,Medium,Published,2026-09-15,2026-09-15,v2.4.0
CRI-T2-RTX-6000-Ada-ALL-ALL-OD-EU,2026-09-15,T2,T2,RTX6000Ada,ALL,ALL,EU,OnDemand,citable,1,0.7027,0.6520,0.6520,median,0.5180,0.8040,0.5000,1.0720,0.7027,0.7008,0.6927,2,3,datacrunch|hyperstack,5000.0,2,3,2,9,2,21,Medium,Provisional,2026-09-15,2026-09-15,v2.4.0
CRI-T2-RTX-6000-Ada-ALL-GTD-OD-ALL,2026-09-15,T2,T2,RTX6000Ada,ALL,GTD,ALL,OnDemand,citable,3,0.9256,1.0670,1.0670,median,0.9207,1.0670,0.5000,1.0720,0.9265,0.9256,0.9215,3,12,datacrunch|hyperstack|sesterce,3333.3,3,4,3,12,3,28,Medium,Published,2026-09-13,2026-09-15,v2.4.0
CRI-T2-RTX-6000-Ada-ALL-GTD-OD-EU,2026-09-15,T2,T2,RTX6000Ada,ALL,GTD,EU,OnDemand,citable,1,0.7860,0.7860,0.7860,median,0.6430,0.9290,0.5000,1.0720,0.7860,0.7842,0.7761,2,2,datacrunch|hyperstack,5000.0,2,2,2,6,2,14,Medium,Provisional,2026-09-15,2026-09-15,v2.4.0
CRI-T2-RTX-6000-Ada-PCIe-ALL-OD-ALL,2026-09-15,T2,T2,RTX6000Ada,PCIe,ALL,ALL,OnDemand,citable,1,0.8484,0.8040,0.8040,median,0.5360,1.0670,0.5000,1.0720,0.8484,0.8473,0.8424,3,5,datacrunch|hyperstack|sesterce,3333.3,3,5,3,15,3,35,Medium,Published,2026-09-15,2026-09-15,v2.4.0
CRI-T2-RTX-6000-Ada-PCIe-ALL-OD-EU,2026-09-15,T2,T2,RTX6000Ada,PCIe,ALL,EU,OnDemand,citable,1,0.7027,0.6520,0.6520,median,0.5180,0.8040,0.5000,1.0720,0.7027,0.7008,0.6927,2,3,datacrunch|hyperstack,5000.0,2,3,2,9,2,21,Medium,Provisional,2026-09-15,2026-09-15,v2.4.0
CRI-T2-RTX-6000-Ada-PCIe-GTD-OD-ALL,2026-09-15,T2,T2,RTX6000Ada,PCIe,GTD,ALL,OnDemand,citable,3,0.9256,1.0670,1.0670,median,0.9207,1.0670,0.5000,1.0720,0.9265,0.9256,0.9215,3,12,datacrunch|hyperstack|sesterce,3333.3,3,4,3,12,3,28,Medium,Published,2026-09-13,2026-09-15,v2.4.0
CRI-T2-RTX-6000-Ada-PCIe-GTD-OD-EU,2026-09-15,T2,T2,RTX6000Ada,PCIe,GTD,EU,OnDemand,citable,1,0.7860,0.7860,0.7860,median,0.6430,0.9290,0.5000,1.0720,0.7860,0.7842,0.7761,2,2,datacrunch|hyperstack,5000.0,2,2,2,6,2,14,Medium,Provisional,2026-09-15,2026-09-15,v2.4.0
CRI-T2-RTX-A6000-ALL-ALL-6mo-ALL,2026-09-15,T2,T2,A6000,ALL,ALL,ALL,6M,market_intelligence,1,0.4592,0.4592,0.4592,median,0.4046,0.5137,0.3500,0.5683,0.4592,0.4592,0.4641,2,2,datacrunch|hyperstack,5000.0,2,2,2,6,2,14,Medium,Provisional,2026-09-15,2026-09-15,v2.4.0
CRI-T2-RTX-A6000-ALL-ALL-6mo-EU,2026-09-15,T2,T2,A6000,ALL,ALL,EU,6M,market_intelligence,1,0.4592,0.4592,0.4592,median,0.4046,0.5137,0.3500,0.5683,0.4592,0.4592,0.4641,2,2,datacrunch|hyperstack,5000.0,2,2,2,6,2,14,Medium,Provisional,2026-09-15,2026-09-15,v2.4.0
CRI-T2-RTX-A6000-ALL-ALL-OD-ALL,2026-09-15,T2,T2,A6000,ALL,ALL,ALL,OnDemand,citable,1,0.9438,1.0900,1.0900,median,0.5375,1.1990,0.2960,2.1230,0.9438,0.9438,0.9645,4,12,datacrunch|hyperstack|lambda|sesterce,2500.0,4,12,4,36,4,87,High,Published,2026-09-15,2026-09-15,v2.4.0
CRI-T2-RTX-A6000-ALL-ALL-OD-APAC,2026-09-15,T2,T2,A6000,ALL,ALL,APAC,OnDemand,citable,1,0.9945,0.9945,0.9945,median,0.8922,1.0968,0.7900,1.1990,0.9945,0.9945,0.9945,2,2,jarvislabs|sesterce,5000.0,2,2,2,6,2,14,Medium,Provisional,2026-09-15,2026-09-15,v2.4.0
CRI-T2-RTX-A6000-ALL-ALL-OD-EU,2026-09-15,T2,T2,A6000,ALL,ALL,EU,OnDemand,citable,1,0.7435,0.8902,0.8902,median,0.4250,0.5815,0.2960,2.1230,0.7435,0.7435,0.7461,3,6,datacrunch|hyperstack|sesterce,3333.3,3,6,3,18,3,42,Medium,Published,2026-09-15,2026-09-15,v2.4.0
CRI-T2-RTX-A6000-ALL-ALL-OD-US,2026-09-15,T2,T2,A6000,ALL,ALL,US,OnDemand,citable,1,1.1442,1.1445,1.1445,median,0.7428,1.1990,0.6270,2.1230,1.1442,1.1442,1.1684,2,6,lambda|sesterce,5000.0,2,6,2,18,2,45,Medium,Provisional,2026-09-15,2026-09-15,v2.4.0
CRI-T2-RTX-A6000-ALL-GTD-6mo-ALL,2026-09-15,T2,T2,A6000,ALL,GTD,ALL,6M,market_intelligence,1,0.4592,0.4592,0.4592,median,0.4046,0.5137,0.3500,0.5683,0.4592,0.4592,0.4641,2,2,datacrunch|hyperstack,5000.0,2,2,2,6,2,14,Medium,Provisional,2026-09-15,2026-09-15,v2.4.0
CRI-T2-RTX-A6000-ALL-GTD-6mo-EU,2026-09-15,T2,T2,A6000,ALL,GTD,EU,6M,market_intelligence,1,0.4592,0.4592,0.4592,median,0.4046,0.5137,0.3500,0.5683,0.4592,0.4592,0.4641,2,2,datacrunch|hyperstack,5000.0,2,2,2,6,2,14,Medium,Provisional,2026-09-15,2026-09-15,v2.4.0
CRI-T2-RTX-A6000-ALL-GTD-OD-ALL,2026-09-15,T2,T2,A6000,ALL,GTD,ALL,OnDemand,citable,1,1.0630,0.8410,0.8410,median,0.6007,1.1990,0.5000,2.1230,1.0630,1.0630,1.0822,4,10,datacrunch|hyperstack|lambda|sesterce,2500.0,4,10,4,30,4,73,High,Published,2026-09-15,2026-09-15,v2.4.0
CRI-T2-RTX-A6000-ALL-GTD-OD-APAC,2026-09-15,T2,T2,A6000,ALL,GTD,APAC,OnDemand,citable,1,0.9945,0.9945,0.9945,median,0.8922,1.0968,0.7900,1.1990,0.9945,0.9945,0.9945,2,2,jarvislabs|sesterce,5000.0,2,2,2,6,2,14,Medium,Provisional,2026-09-15,2026-09-15,v2.4.0
CRI-T2-RTX-A6000-ALL-GTD-OD-EU,2026-09-15,T2,T2,A6000,ALL,GTD,EU,OnDemand,citable,1,0.9413,0.5920,0.5920,median,0.5375,0.9748,0.5000,2.1230,0.9413,0.9413,0.9438,3,4,datacrunch|hyperstack|sesterce,3333.3,3,4,3,12,3,28,Medium,Provisional,2026-09-15,2026-09-15,v2.4.0
CRI-T2-RTX-A6000-ALL-GTD-OD-US,2026-09-15,T2,T2,A6000,ALL,GTD,US,OnDemand,citable,1,1.1442,1.1445,1.1445,median,0.7428,1.1990,0.6270,2.1230,1.1442,1.1442,1.1684,2,6,lambda|sesterce,5000.0,2,6,2,18,2,45,Medium,Provisional,2026-09-15,2026-09-15,v2.4.0
CRI-T2-RTX-A6000-ALL-INT-OD-EU,2026-09-15,T2,T2,A6000,ALL,INT,EU,OnDemand,citable,1,0.3480,0.3480,0.3480,median,0.3220,0.3740,0.2960,0.4000,0.3480,0.3480,0.3506,2,2,datacrunch|hyperstack,5000.0,2,2,2,6,2,14,Medium,Provisional,2026-09-15,2026-09-15,v2.4.0
CRI-T2-RTX-A6000-PCIe-ALL-6mo-ALL,2026-09-15,T2,T2,A6000,PCIe,ALL,ALL,6M,market_intelligence,1,0.4592,0.4592,0.4592,median,0.4046,0.5137,0.3500,0.5683,0.4592,0.4592,0.4641,2,2,datacrunch|hyperstack,5000.0,2,2,2,6,2,14,Medium,Provisional,2026-09-15,2026-09-15,v2.4.0
CRI-T2-RTX-A6000-PCIe-ALL-6mo-EU,2026-09-15,T2,T2,A6000,PCIe,ALL,EU,6M,market_intelligence,1,0.4592,0.4592,0.4592,median,0.4046,0.5137,0.3500,0.5683,0.4592,0.4592,0.4641,2,2,datacrunch|hyperstack,5000.0,2,2,2,6,2,14,Medium,Provisional,2026-09-15,2026-09-15,v2.4.0
CRI-T2-RTX-A6000-PCIe-ALL-OD-ALL,2026-09-15,T2,T2,A6000,PCIe,ALL,ALL,OnDemand,citable,1,0.9438,1.0900,1.0900,median,0.5375,1.1990,0.2960,2.1230,0.9438,0.9438,0.9645,4,12,datacrunch|hyperstack|lambda|sesterce,2500.0,4,12,4,36,4,87,High,Published,2026-09-15,2026-09-15,v2.4.0
CRI-T2-RTX-A6000-PCIe-ALL-OD-EU,2026-09-15,T2,T2,A6000,PCIe,ALL,EU,OnDemand,citable,1,0.7435,0.8902,0.8902,median,0.4250,0.5815,0.2960,2.1230,0.7435,0.7435,0.7461,3,6,datacrunch|hyperstack|sesterce,3333.3,3,6,3,18,3,42,Medium,Published,2026-09-15,2026-09-15,v2.4.0
CRI-T2-RTX-A6000-PCIe-ALL-OD-US,2026-09-15,T2,T2,A6000,PCIe,ALL,US,OnDemand,citable,1,1.1442,1.1445,1.1445,median,0.7428,1.1990,0.6270,2.1230,1.1442,1.1442,1.1684,2,6,lambda|sesterce,5000.0,2,6,2,18,2,45,Medium,Provisional,2026-09-15,2026-09-15,v2.4.0
CRI-T2-RTX-A6000-PCIe-GTD-6mo-ALL,2026-09-15,T2,T2,A6000,PCIe,GTD,ALL,6M,market_intelligence,1,0.4592,0.4592,0.4592,median,0.4046,0.5137,0.3500,0.5683,0.4592,0.4592,0.4641,2,2,datacrunch|hyperstack,5000.0,2,2,2,6,2,14,Medium,Provisional,2026-09-15,2026-09-15,v2.4.0
CRI-T2-RTX-A6000-PCIe-GTD-6mo-EU,2026-09-15,T2,T2,A6000,PCIe,GTD,EU,6M,market_intelligence,1,0.4592,0.4592,0.4592,median,0.4046,0.5137,0.3500,0.5683,0.4592,0.4592,0.4641,2,2,datacrunch|hyperstack,5000.0,2,2,2,6,2,14,Medium,Provisional,2026-09-15,2026-09-15,v2.4.0
CRI-T2-RTX-A6000-PCIe-GTD-OD-ALL,2026-09-15,T2,T2,A6000,PCIe,GTD,ALL,OnDemand,citable,1,1.0630,0.8410,0.8410,median,0.6007,1.1990,0.5000,2.1230,1.0630,1.0630,1.0822,4,10,datacrunch|hyperstack|lambda|sesterce,2500.0,4,10,4,30,4,73,High,Published,2026-09-15,2026-09-15,v2.4.0
CRI-T2-RTX-A6000-PCIe-GTD-OD-EU,2026-09-15,T2,T2,A6000,PCIe,GTD,EU,OnDemand,citable,1,0.9413,0.5920,0.5920,median,0.5375,0.9748,0.5000,2.1230,0.9413,0.9413,0.9438,3,4,datacrunch|hyperstack|sesterce,3333.3,3,4,3,12,3,28,Medium,Provisional,2026-09-15,2026-09-15,v2.4.0
CRI-T2-RTX-A6000-PCIe-GTD-OD-US,2026-09-15,T2,T2,A6000,PCIe,GTD,US,OnDemand,citable,1,1.1442,1.1445,1.1445,median,0.7428,1.1990,0.6270,2.1230,1.1442,1.1442,1.1684,2,6,lambda|sesterce,5000.0,2,6,2,18,2,45,Medium,Provisional,2026-09-15,2026-09-15,v2.4.0
CRI-T2-RTX-A6000-PCIe-INT-OD-EU,2026-09-15,T2,T2,A6000,PCIe,INT,EU,OnDemand,citable,1,0.3480,0.3480,0.3480,median,0.3220,0.3740,0.2960,0.4000,0.3480,0.3480,0.3506,2,2,datacrunch|hyperstack,5000.0,2,2,2,6,2,14,Medium,Provisional,2026-09-15,2026-09-15,v2.4.0
CRI-T2-RTX-PRO-6000-ALL-ALL-1mo-ALL,2026-09-15,T2,T2,RTXPRO6000,ALL,ALL,ALL,1M,market_intelligence,1,2.2414,1.8057,1.8057,median,1.6443,3.0000,1.1600,3.0000,2.2414,2.2406,2.2880,3,4,cloudrift|datacrunch|latitude,3333.3,3,4,3,12,3,27,Medium,Provisional,2026-09-15,2026-09-15,v2.4.0
CRI-T2-RTX-PRO-6000-ALL-ALL-1mo-APAC,2026-09-15,T2,T2,RTXPRO6000,ALL,ALL,APAC,1M,market_intelligence,1,2.2741,1.8500,1.8500,median,1.7861,2.5500,1.7222,3.2500,2.2741,2.2741,2.2741,3,3,e2e|jarvislabs|latitude,3333.3,3,3,3,9,3,21,Medium,Provisional,2026-09-15,2026-09-15,v2.4.0
CRI-T2-RTX-PRO-6000-ALL-ALL-1mo-EU,2026-09-15,T2,T2,RTXPRO6000,ALL,ALL,EU,1M,market_intelligence,1,2.4028,2.4028,2.4028,median,2.1043,2.7014,1.8057,3.0000,2.4028,2.4012,2.4154,2,2,datacrunch|latitude,5000.0,2,2,2,6,2,14,Medium,Provisional,2026-09-15,2026-09-15,v2.4.0
CRI-T2-RTX-PRO-6000-ALL-ALL-1mo-US,2026-09-15,T2,T2,RTXPRO6000,ALL,ALL,US,1M,market_intelligence,1,2.0800,2.0800,2.0800,median,1.6200,2.5400,1.1600,3.0000,2.0800,2.0800,2.1508,2,2,cloudrift|latitude,5000.0,2,2,2,6,2,13,Medium,Provisional,2026-09-15,2026-09-15,v2.4.0
CRI-T2-RTX-PRO-6000-ALL-ALL-1yr-ALL,2026-09-15,T2,T2,RTXPRO6000,ALL,ALL,ALL,1Y,market_intelligence,1,1.7799,1.6951,1.6951,median,1.5774,2.1000,1.2244,2.1000,1.7799,1.7798,1.7871,3,4,datacrunch|latitude|seeweb,3333.3,3,4,3,12,3,28,Medium,Provisional,2026-09-15,2026-09-15,v2.4.0
CRI-T2-RTX-PRO-6000-ALL-ALL-1yr-APAC,2026-09-15,T2,T2,RTXPRO6000,ALL,ALL,APAC,1Y,market_intelligence,1,2.1256,1.7400,1.7400,median,1.7050,2.4281,1.5999,2.8875,2.1256,2.1256,2.1256,3,4,e2e|jarvislabs|latitude,3333.3,3,4,3,12,3,28,Medium,Provisional,2026-09-15,2026-09-15,v2.4.0
CRI-T2-RTX-PRO-6000-ALL-ALL-1yr-EU,2026-09-15,T2,T2,RTXPRO6000,ALL,ALL,EU,1Y,market_intelligence,1,1.6732,1.6951,1.6951,median,1.4598,1.8976,1.2244,2.1000,1.6732,1.6731,1.6828,3,3,datacrunch|latitude|seeweb,3333.3,3,3,3,9,3,21,Medium,Provisional,2026-09-15,2026-09-15,v2.4.0
CRI-T2-RTX-PRO-6000-ALL-ALL-3mo-ALL,2026-09-15,T2,T2,RTXPRO6000,ALL,ALL,ALL,3M,market_intelligence,1,1.4206,1.3746,1.3746,median,1.2373,1.5809,1.1000,1.7872,1.4206,1.4206,1.4474,3,3,cloudrift|datacrunch|seeweb,3333.3,3,3,3,9,3,20,Medium,Provisional,2026-09-15,2026-09-15,v2.4.0
CRI-T2-RTX-PRO-6000-ALL-ALL-3mo-EU,2026-09-15,T2,T2,RTXPRO6000,ALL,ALL,EU,3M,market_intelligence,1,1.5809,1.5809,1.5809,median,1.4777,1.6840,1.3746,1.7872,1.5809,1.5809,1.5963,2,2,datacrunch|seeweb,5000.0,2,2,2,6,2,14,Medium,Provisional,2026-09-15,2026-09-15,v2.4.0
CRI-T2-RTX-PRO-6000-ALL-ALL-6mo-ALL,2026-09-15,T2,T2,RTXPRO6000,ALL,ALL,ALL,6M,market_intelligence,1,1.4580,1.3053,1.3053,median,1.3026,1.5370,1.3000,1.7688,1.4580,1.4580,1.4681,3,3,datacrunch|hyperstack|seeweb,3333.3,3,3,3,9,3,21,Medium,Provisional,2026-09-15,2026-09-15,v2.4.0
CRI-T2-RTX-PRO-6000-ALL-ALL-6mo-EU,2026-09-15,T2,T2,RTXPRO6000,ALL,ALL,EU,6M,market_intelligence,1,1.4580,1.3053,1.3053,median,1.3026,1.5370,1.3000,1.7688,1.4580,1.4580,1.4681,3,3,datacrunch|hyperstack|seeweb,3333.3,3,3,3,9,3,21,Medium,Provisional,2026-09-15,2026-09-15,v2.4.0
CRI-T2-RTX-PRO-6000-ALL-ALL-OD-ALL,2026-09-15,T2,T2,RTXPRO6000,ALL,ALL,ALL,OnDemand,citable,1,1.9481,1.5545,1.5545,median,1.3788,2.4090,0.9210,3.7510,1.9481,1.8041,1.8066,7,18,coreweave|datacrunch|exoscale|hyperstack|nebius|seeweb|sesterce,1428.6,7,18,7,50,7,114,High,Published,2026-09-15,2026-09-15,v2.4.0
CRI-T2-RTX-PRO-6000-ALL-ALL-OD-APAC,2026-09-15,T2,T2,RTXPRO6000,ALL,ALL,APAC,OnDemand,citable,1,1.5933,1.6700,1.6700,median,1.4400,1.8950,0.9900,1.9000,1.5933,1.5933,1.5933,2,3,e2e|jarvislabs,5000.0,2,3,2,9,2,21,Medium,Provisional,2026-09-15,2026-09-15,v2.4.0
CRI-T2-RTX-PRO-6000-ALL-ALL-OD-EU,2026-09-15,T2,T2,RTXPRO6000,ALL,ALL,EU,OnDemand,citable,1,1.6059,1.5545,1.5545,median,1.2856,1.8462,0.9210,2.5000,1.6059,1.6063,1.6164,6,11,coreweave|datacrunch|exoscale|hyperstack|nebius|seeweb,1666.7,6,11,6,33,6,76,High,Published,2026-09-15,2026-09-15,v2.4.0
CRI-T2-RTX-PRO-6000-ALL-ALL-OD-US,2026-09-15,T2,T2,RTXPRO6000,ALL,ALL,US,OnDemand,citable,1,2.4859,2.2332,2.2332,median,1.8977,3.1255,1.1950,3.7510,2.4859,2.1882,2.1869,2,7,coreweave|sesterce,5000.0,2,7,2,17,2,38,Medium,Provisional,2026-09-15,2026-09-15,v2.4.0
CRI-T2-RTX-PRO-6000-ALL-GTD-1mo-ALL,2026-09-15,T2,T2,RTXPRO6000,ALL,GTD,ALL,1M,market_intelligence,1,2.2414,1.8057,1.8057,median,1.6443,3.0000,1.1600,3.0000,2.2414,2.2406,2.2880,3,4,cloudrift|datacrunch|latitude,3333.3,3,4,3,12,3,27,Medium,Provisional,2026-09-15,2026-09-15,v2.4.0
CRI-T2-RTX-PRO-6000-ALL-GTD-1mo-APAC,2026-09-15,T2,T2,RTXPRO6000,ALL,GTD,APAC,1M,market_intelligence,1,2.2741,1.8500,1.8500,median,1.7861,2.5500,1.7222,3.2500,2.2741,2.2741,2.2741,3,3,e2e|jarvislabs|latitude,3333.3,3,3,3,9,3,21,Medium,Provisional,2026-09-15,2026-09-15,v2.4.0
CRI-T2-RTX-PRO-6000-ALL-GTD-1mo-EU,2026-09-15,T2,T2,RTXPRO6000,ALL,GTD,EU,1M,market_intelligence,1,2.4028,2.4028,2.4028,median,2.1043,2.7014,1.8057,3.0000,2.4028,2.4012,2.4154,2,2,datacrunch|latitude,5000.0,2,2,2,6,2,14,Medium,Provisional,2026-09-15,2026-09-15,v2.4.0
CRI-T2-RTX-PRO-6000-ALL-GTD-1mo-US,2026-09-15,T2,T2,RTXPRO6000,ALL,GTD,US,1M,market_intelligence,1,2.0800,2.0800,2.0800,median,1.6200,2.5400,1.1600,3.0000,2.0800,2.0800,2.1508,2,2,cloudrift|latitude,5000.0,2,2,2,6,2,13,Medium,Provisional,2026-09-15,2026-09-15,v2.4.0
CRI-T2-RTX-PRO-6000-ALL-GTD-1yr-ALL,2026-09-15,T2,T2,RTXPRO6000,ALL,GTD,ALL,1Y,market_intelligence,1,1.7799,1.6951,1.6951,median,1.5774,2.1000,1.2244,2.1000,1.7799,1.7798,1.7871,3,4,datacrunch|latitude|seeweb,3333.3,3,4,3,12,3,28,Medium,Provisional,2026-09-15,2026-09-15,v2.4.0
CRI-T2-RTX-PRO-6000-ALL-GTD-1yr-APAC,2026-09-15,T2,T2,RTXPRO6000,ALL,GTD,APAC,1Y,market_intelligence,1,2.1256,1.7400,1.7400,median,1.7050,2.4281,1.5999,2.8875,2.1256,2.1256,2.1256,3,4,e2e|jarvislabs|latitude,3333.3,3,4,3,12,3,28,Medium,Provisional,2026-09-15,2026-09-15,v2.4.0
CRI-T2-RTX-PRO-6000-ALL-GTD-1yr-EU,2026-09-15,T2,T2,RTXPRO6000,ALL,GTD,EU,1Y,market_intelligence,1,1.6732,1.6951,1.6951,median,1.4598,1.8976,1.2244,2.1000,1.6732,1.6731,1.6828,3,3,datacrunch|latitude|seeweb,3333.3,3,3,3,9,3,21,Medium,Provisional,2026-09-15,2026-09-15,v2.4.0
CRI-T2-RTX-PRO-6000-ALL-GTD-3mo-ALL,2026-09-15,T2,T2,RTXPRO6000,ALL,GTD,ALL,3M,market_intelligence,1,1.4206,1.3746,1.3746,median,1.2373,1.5809,1.1000,1.7872,1.4206,1.4206,1.4474,3,3,cloudrift|datacrunch|seeweb,3333.3,3,3,3,9,3,20,Medium,Provisional,2026-09-15,2026-09-15,v2.4.0
CRI-T2-RTX-PRO-6000-ALL-GTD-3mo-EU,2026-09-15,T2,T2,RTXPRO6000,ALL,GTD,EU,3M,market_intelligence,1,1.5809,1.5809,1.5809,median,1.4777,1.6840,1.3746,1.7872,1.5809,1.5809,1.5963,2,2,datacrunch|seeweb,5000.0,2,2,2,6,2,14,Medium,Provisional,2026-09-15,2026-09-15,v2.4.0
CRI-T2-RTX-PRO-6000-ALL-GTD-6mo-ALL,2026-09-15,T2,T2,RTXPRO6000,ALL,GTD,ALL,6M,market_intelligence,1,1.4580,1.3053,1.3053,median,1.3026,1.5370,1.3000,1.7688,1.4580,1.4580,1.4681,3,3,datacrunch|hyperstack|seeweb,3333.3,3,3,3,9,3,21,Medium,Provisional,2026-09-15,2026-09-15,v2.4.0
CRI-T2-RTX-PRO-6000-ALL-GTD-6mo-EU,2026-09-15,T2,T2,RTXPRO6000,ALL,GTD,EU,6M,market_intelligence,1,1.4580,1.3053,1.3053,median,1.3026,1.5370,1.3000,1.7688,1.4580,1.4580,1.4681,3,3,datacrunch|hyperstack|seeweb,3333.3,3,3,3,9,3,21,Medium,Provisional,2026-09-15,2026-09-15,v2.4.0
CRI-T2-RTX-PRO-6000-ALL-GTD-OD-ALL,2026-09-15,T2,T2,RTXPRO6000,ALL,GTD,ALL,OnDemand,citable,1,2.4148,1.8500,1.8500,median,1.8462,2.5000,1.4439,3.7510,2.4148,2.2310,2.2197,7,11,coreweave|datacrunch|exoscale|hyperstack|nebius|seeweb|sesterce,1428.6,7,11,7,29,7,67,High,Published,2026-09-15,2026-09-15,v2.4.0
CRI-T2-RTX-PRO-6000-ALL-GTD-OD-APAC,2026-09-15,T2,T2,RTXPRO6000,ALL,GTD,APAC,OnDemand,citable,1,1.8950,1.8950,1.8950,median,1.8925,1.8975,1.8900,1.9000,1.8950,1.8950,1.8950,2,2,e2e|jarvislabs,5000.0,2,2,2,6,2,14,Medium,Provisional,2026-09-15,2026-09-15,v2.4.0
CRI-T2-RTX-PRO-6000-ALL-GTD-OD-EU,2026-09-15,T2,T2,RTXPRO6000,ALL,GTD,EU,OnDemand,citable,1,1.9571,1.8462,1.8462,median,1.8106,2.1921,1.4439,2.5000,1.9571,1.9580,1.9641,6,6,coreweave|datacrunch|exoscale|hyperstack|nebius|seeweb,1666.7,6,6,6,18,6,42,High,Published,2026-09-15,2026-09-15,v2.4.0
CRI-T2-RTX-PRO-6000-ALL-GTD-OD-US,2026-09-15,T2,T2,RTXPRO6000,ALL,GTD,US,OnDemand,citable,1,2.9640,2.7900,2.7900,median,2.4090,3.7510,2.4090,3.7510,2.9640,2.6778,2.6492,2,5,coreweave|sesterce,5000.0,2,5,2,11,2,25,Medium,Provisional,2026-09-15,2026-09-15,v2.4.0
CRI-T2-RTX-PRO-6000-ALL-INT-OD-ALL,2026-09-15,T2,T2,RTXPRO6000,ALL,INT,ALL,OnDemand,citable,1,1.2148,1.1191,1.1191,median,1.0725,1.3813,0.9210,1.4800,1.2148,1.2146,1.2176,4,7,coreweave|datacrunch|hyperstack|nebius,2500.0,4,7,4,21,4,47,High,Published,2026-09-15,2026-09-15,v2.4.0
CRI-T2-RTX-PRO-6000-ALL-INT-OD-EU,2026-09-15,T2,T2,RTXPRO6000,ALL,INT,EU,OnDemand,citable,1,1.1845,1.1178,1.1178,median,0.9500,1.3763,0.9210,1.4800,1.1845,1.1842,1.1868,4,5,coreweave|datacrunch|hyperstack|nebius,2500.0,4,5,4,15,4,34,High,Published,2026-09-15,2026-09-15,v2.4.0
CRI-T2-RTX-PRO-6000-PCIe-ALL-1mo-ALL,2026-09-15,T2,T2,RTXPRO6000,PCIe,ALL,ALL,1M,market_intelligence,1,2.2414,1.8057,1.8057,median,1.6443,3.0000,1.1600,3.0000,2.2414,2.2406,2.2880,3,4,cloudrift|datacrunch|latitude,3333.3,3,4,3,12,3,27,Medium,Provisional,2026-09-15,2026-09-15,v2.4.0
CRI-T2-RTX-PRO-6000-PCIe-ALL-1mo-EU,2026-09-15,T2,T2,RTXPRO6000,PCIe,ALL,EU,1M,market_intelligence,1,2.4028,2.4028,2.4028,median,2.1043,2.7014,1.8057,3.0000,2.4028,2.4012,2.4154,2,2,datacrunch|latitude,5000.0,2,2,2,6,2,14,Medium,Provisional,2026-09-15,2026-09-15,v2.4.0
CRI-T2-RTX-PRO-6000-PCIe-ALL-1mo-US,2026-09-15,T2,T2,RTXPRO6000,PCIe,ALL,US,1M,market_intelligence,1,2.0800,2.0800,2.0800,median,1.6200,2.5400,1.1600,3.0000,2.0800,2.0800,2.1508,2,2,cloudrift|latitude,5000.0,2,2,2,6,2,13,Medium,Provisional,2026-09-15,2026-09-15,v2.4.0
CRI-T2-RTX-PRO-6000-PCIe-ALL-1yr-ALL,2026-09-15,T2,T2,RTXPRO6000,PCIe,ALL,ALL,1Y,market_intelligence,1,1.7799,1.6951,1.6951,median,1.5774,2.1000,1.2244,2.1000,1.7799,1.7798,1.7871,3,4,datacrunch|latitude|seeweb,3333.3,3,4,3,12,3,28,Medium,Provisional,2026-09-15,2026-09-15,v2.4.0
CRI-T2-RTX-PRO-6000-PCIe-ALL-1yr-EU,2026-09-15,T2,T2,RTXPRO6000,PCIe,ALL,EU,1Y,market_intelligence,1,1.6732,1.6951,1.6951,median,1.4598,1.8976,1.2244,2.1000,1.6732,1.6731,1.6828,3,3,datacrunch|latitude|seeweb,3333.3,3,3,3,9,3,21,Medium,Provisional,2026-09-15,2026-09-15,v2.4.0
CRI-T2-RTX-PRO-6000-PCIe-ALL-3mo-ALL,2026-09-15,T2,T2,RTXPRO6000,PCIe,ALL,ALL,3M,market_intelligence,1,1.4206,1.3746,1.3746,median,1.2373,1.5809,1.1000,1.7872,1.4206,1.4206,1.4474,3,3,cloudrift|datacrunch|seeweb,3333.3,3,3,3,9,3,20,Medium,Provisional,2026-09-15,2026-09-15,v2.4.0
CRI-T2-RTX-PRO-6000-PCIe-ALL-3mo-EU,2026-09-15,T2,T2,RTXPRO6000,PCIe,ALL,EU,3M,market_intelligence,1,1.5809,1.5809,1.5809,median,1.4777,1.6840,1.3746,1.7872,1.5809,1.5809,1.5963,2,2,datacrunch|seeweb,5000.0,2,2,2,6,2,14,Medium,Provisional,2026-09-15,2026-09-15,v2.4.0
CRI-T2-RTX-PRO-6000-PCIe-ALL-6mo-ALL,2026-09-15,T2,T2,RTXPRO6000,PCIe,ALL,ALL,6M,market_intelligence,1,1.4580,1.3053,1.3053,median,1.3026,1.5370,1.3000,1.7688,1.4580,1.4580,1.4681,3,3,datacrunch|hyperstack|seeweb,3333.3,3,3,3,9,3,21,Medium,Provisional,2026-09-15,2026-09-15,v2.4.0
CRI-T2-RTX-PRO-6000-PCIe-ALL-6mo-EU,2026-09-15,T2,T2,RTXPRO6000,PCIe,ALL,EU,6M,market_intelligence,1,1.4580,1.3053,1.3053,median,1.3026,1.5370,1.3000,1.7688,1.4580,1.4580,1.4681,3,3,datacrunch|hyperstack|seeweb,3333.3,3,3,3,9,3,21,Medium,Provisional,2026-09-15,2026-09-15,v2.4.0
CRI-T2-RTX-PRO-6000-PCIe-ALL-OD-ALL,2026-09-15,T2,T2,RTXPRO6000,PCIe,ALL,ALL,OnDemand,citable,1,1.9481,1.5545,1.5545,median,1.3788,2.4090,0.9210,3.7510,1.9481,1.8041,1.8066,7,18,coreweave|datacrunch|exoscale|hyperstack|nebius|seeweb|sesterce,1428.6,7,18,7,50,7,114,High,Published,2026-09-15,2026-09-15,v2.4.0
CRI-T2-RTX-PRO-6000-PCIe-ALL-OD-EU,2026-09-15,T2,T2,RTXPRO6000,PCIe,ALL,EU,OnDemand,citable,1,1.6059,1.5545,1.5545,median,1.2856,1.8462,0.9210,2.5000,1.6059,1.6063,1.6164,6,11,coreweave|datacrunch|exoscale|hyperstack|nebius|seeweb,1666.7,6,11,6,33,6,76,High,Published,2026-09-15,2026-09-15,v2.4.0
CRI-T2-RTX-PRO-6000-PCIe-ALL-OD-US,2026-09-15,T2,T2,RTXPRO6000,PCIe,ALL,US,OnDemand,citable,1,2.4859,2.2332,2.2332,median,1.8977,3.1255,1.1950,3.7510,2.4859,2.1882,2.1869,2,7,coreweave|sesterce,5000.0,2,7,2,17,2,38,Medium,Provisional,2026-09-15,2026-09-15,v2.4.0
CRI-T2-RTX-PRO-6000-PCIe-GTD-1mo-ALL,2026-09-15,T2,T2,RTXPRO6000,PCIe,GTD,ALL,1M,market_intelligence,1,2.2414,1.8057,1.8057,median,1.6443,3.0000,1.1600,3.0000,2.2414,2.2406,2.2880,3,4,cloudrift|datacrunch|latitude,3333.3,3,4,3,12,3,27,Medium,Provisional,2026-09-15,2026-09-15,v2.4.0
CRI-T2-RTX-PRO-6000-PCIe-GTD-1mo-EU,2026-09-15,T2,T2,RTXPRO6000,PCIe,GTD,EU,1M,market_intelligence,1,2.4028,2.4028,2.4028,median,2.1043,2.7014,1.8057,3.0000,2.4028,2.4012,2.4154,2,2,datacrunch|latitude,5000.0,2,2,2,6,2,14,Medium,Provisional,2026-09-15,2026-09-15,v2.4.0
CRI-T2-RTX-PRO-6000-PCIe-GTD-1mo-US,2026-09-15,T2,T2,RTXPRO6000,PCIe,GTD,US,1M,market_intelligence,1,2.0800,2.0800,2.0800,median,1.6200,2.5400,1.1600,3.0000,2.0800,2.0800,2.1508,2,2,cloudrift|latitude,5000.0,2,2,2,6,2,13,Medium,Provisional,2026-09-15,2026-09-15,v2.4.0
CRI-T2-RTX-PRO-6000-PCIe-GTD-1yr-ALL,2026-09-15,T2,T2,RTXPRO6000,PCIe,GTD,ALL,1Y,market_intelligence,1,1.7799,1.6951,1.6951,median,1.5774,2.1000,1.2244,2.1000,1.7799,1.7798,1.7871,3,4,datacrunch|latitude|seeweb,3333.3,3,4,3,12,3,28,Medium,Provisional,2026-09-15,2026-09-15,v2.4.0
CRI-T2-RTX-PRO-6000-PCIe-GTD-1yr-EU,2026-09-15,T2,T2,RTXPRO6000,PCIe,GTD,EU,1Y,market_intelligence,1,1.6732,1.6951,1.6951,median,1.4598,1.8976,1.2244,2.1000,1.6732,1.6731,1.6828,3,3,datacrunch|latitude|seeweb,3333.3,3,3,3,9,3,21,Medium,Provisional,2026-09-15,2026-09-15,v2.4.0
CRI-T2-RTX-PRO-6000-PCIe-GTD-3mo-ALL,2026-09-15,T2,T2,RTXPRO6000,PCIe,GTD,ALL,3M,market_intelligence,1,1.4206,1.3746,1.3746,median,1.2373,1.5809,1.1000,1.7872,1.4206,1.4206,1.4474,3,3,cloudrift|datacrunch|seeweb,3333.3,3,3,3,9,3,20,Medium,Provisional,2026-09-15,2026-09-15,v2.4.0
CRI-T2-RTX-PRO-6000-PCIe-GTD-3mo-EU,2026-09-15,T2,T2,RTXPRO6000,PCIe,GTD,EU,3M,market_intelligence,1,1.5809,1.5809,1.5809,median,1.4777,1.6840,1.3746,1.7872,1.5809,1.5809,1.5963,2,2,datacrunch|seeweb,5000.0,2,2,2,6,2,14,Medium,Provisional,2026-09-15,2026-09-15,v2.4.0
CRI-T2-RTX-PRO-6000-PCIe-GTD-6mo-ALL,2026-09-15,T2,T2,RTXPRO6000,PCIe,GTD,ALL,6M,market_intelligence,1,1.4580,1.3053,1.3053,median,1.3026,1.5370,1.3000,1.7688,1.4580,1.4580,1.4681,3,3,datacrunch|hyperstack|seeweb,3333.3,3,3,3,9,3,21,Medium,Provisional,2026-09-15,2026-09-15,v2.4.0
CRI-T2-RTX-PRO-6000-PCIe-GTD-6mo-EU,2026-09-15,T2,T2,RTXPRO6000,PCIe,GTD,EU,6M,market_intelligence,1,1.4580,1.3053,1.3053,median,1.3026,1.5370,1.3000,1.7688,1.4580,1.4580,1.4681,3,3,datacrunch|hyperstack|seeweb,3333.3,3,3,3,9,3,21,Medium,Provisional,2026-09-15,2026-09-15,v2.4.0
CRI-T2-RTX-PRO-6000-PCIe-GTD-OD-ALL,2026-09-15,T2,T2,RTXPRO6000,PCIe,GTD,ALL,OnDemand,citable,1,2.4148,1.8500,1.8500,median,1.8462,2.5000,1.4439,3.7510,2.4148,2.2310,2.2197,7,11,coreweave|datacrunch|exoscale|hyperstack|nebius|seeweb|sesterce,1428.6,7,11,7,29,7,67,High,Published,2026-09-15,2026-09-15,v2.4.0
CRI-T2-RTX-PRO-6000-PCIe-GTD-OD-EU,2026-09-15,T2,T2,RTXPRO6000,PCIe,GTD,EU,OnDemand,citable,1,1.9571,1.8462,1.8462,median,1.8106,2.1921,1.4439,2.5000,1.9571,1.9580,1.9641,6,6,coreweave|datacrunch|exoscale|hyperstack|nebius|seeweb,1666.7,6,6,6,18,6,42,High,Published,2026-09-15,2026-09-15,v2.4.0
CRI-T2-RTX-PRO-6000-PCIe-GTD-OD-US,2026-09-15,T2,T2,RTXPRO6000,PCIe,GTD,US,OnDemand,citable,1,2.9640,2.7900,2.7900,median,2.4090,3.7510,2.4090,3.7510,2.9640,2.6778,2.6492,2,5,coreweave|sesterce,5000.0,2,5,2,11,2,25,Medium,Provisional,2026-09-15,2026-09-15,v2.4.0
CRI-T2-RTX-PRO-6000-PCIe-INT-OD-ALL,2026-09-15,T2,T2,RTXPRO6000,PCIe,INT,ALL,OnDemand,citable,1,1.2148,1.1191,1.1191,median,1.0725,1.3813,0.9210,1.4800,1.2148,1.2146,1.2176,4,7,coreweave|datacrunch|hyperstack|nebius,2500.0,4,7,4,21,4,47,High,Published,2026-09-15,2026-09-15,v2.4.0
CRI-T2-RTX-PRO-6000-PCIe-INT-OD-EU,2026-09-15,T2,T2,RTXPRO6000,PCIe,INT,EU,OnDemand,citable,1,1.1845,1.1178,1.1178,median,0.9500,1.3763,0.9210,1.4800,1.1845,1.1842,1.1868,4,5,coreweave|datacrunch|hyperstack|nebius,2500.0,4,5,4,15,4,34,High,Published,2026-09-15,2026-09-15,v2.4.0
CRI-T2-V100-16GB-ALL-ALL-1mo-ALL,2026-09-15,T2,T2,V100,ALL,ALL,ALL,1M,market_intelligence,1,0.1988,0.1988,0.1988,median,0.1832,0.2144,0.1676,0.2300,0.1988,0.1986,0.1984,2,2,cloudrift|datacrunch,5000.0,2,2,2,6,2,14,Medium,Provisional,2026-09-15,2026-09-15,v2.4.0
CRI-T2-V100-16GB-ALL-ALL-3mo-ALL,2026-09-15,T2,T2,V100,ALL,ALL,ALL,3M,market_intelligence,1,0.1880,0.1880,0.1880,median,0.1769,0.1990,0.1659,0.2100,0.1880,0.1878,0.1876,2,2,cloudrift|datacrunch,5000.0,2,2,2,6,2,14,Medium,Provisional,2026-09-15,2026-09-15,v2.4.0
CRI-T2-V100-16GB-ALL-GTD-1mo-ALL,2026-09-15,T2,T2,V100,ALL,GTD,ALL,1M,market_intelligence,1,0.1988,0.1988,0.1988,median,0.1832,0.2144,0.1676,0.2300,0.1988,0.1986,0.1984,2,2,cloudrift|datacrunch,5000.0,2,2,2,6,2,14,Medium,Provisional,2026-09-15,2026-09-15,v2.4.0
CRI-T2-V100-16GB-ALL-GTD-3mo-ALL,2026-09-15,T2,T2,V100,ALL,GTD,ALL,3M,market_intelligence,1,0.1880,0.1880,0.1880,median,0.1769,0.1990,0.1659,0.2100,0.1880,0.1878,0.1876,2,2,cloudrift|datacrunch,5000.0,2,2,2,6,2,14,Medium,Provisional,2026-09-15,2026-09-15,v2.4.0
CRI-T2-V100-16GB-SXM-ALL-1mo-ALL,2026-09-15,T2,T2,V100,SXM,ALL,ALL,1M,market_intelligence,1,0.1988,0.1988,0.1988,median,0.1832,0.2144,0.1676,0.2300,0.1988,0.1986,0.1984,2,2,cloudrift|datacrunch,5000.0,2,2,2,6,2,14,Medium,Provisional,2026-09-15,2026-09-15,v2.4.0
CRI-T2-V100-16GB-SXM-ALL-3mo-ALL,2026-09-15,T2,T2,V100,SXM,ALL,ALL,3M,market_intelligence,1,0.1880,0.1880,0.1880,median,0.1769,0.1990,0.1659,0.2100,0.1880,0.1878,0.1876,2,2,cloudrift|datacrunch,5000.0,2,2,2,6,2,14,Medium,Provisional,2026-09-15,2026-09-15,v2.4.0
CRI-T2-V100-16GB-SXM-GTD-1mo-ALL,2026-09-15,T2,T2,V100,SXM,GTD,ALL,1M,market_intelligence,1,0.1988,0.1988,0.1988,median,0.1832,0.2144,0.1676,0.2300,0.1988,0.1986,0.1984,2,2,cloudrift|datacrunch,5000.0,2,2,2,6,2,14,Medium,Provisional,2026-09-15,2026-09-15,v2.4.0
CRI-T2-V100-16GB-SXM-GTD-3mo-ALL,2026-09-15,T2,T2,V100,SXM,GTD,ALL,3M,market_intelligence,1,0.1880,0.1880,0.1880,median,0.1769,0.1990,0.1659,0.2100,0.1880,0.1878,0.1876,2,2,cloudrift|datacrunch,5000.0,2,2,2,6,2,14,Medium,Provisional,2026-09-15,2026-09-15,v2.4.0
CRI-T3-3090-ALL-ALL-OD-ALL,2026-09-15,T3,T3,3090,ALL,ALL,ALL,OnDemand,citable,1,0.1907,0.2100,0.2100,median,0.1467,0.2000,0.0867,0.5000,0.1907,0.2003,0.2130,4,25,runpod_community|runpod_secure|tensordock|vast_ai,2500.0,4,25,4,91,4,190,High,Published,2026-09-15,2026-09-15,v2.4.0
CRI-T3-3090-ALL-ALL-OD-EU,2026-09-15,T3,T3,3090,ALL,ALL,EU,OnDemand,citable,1,0.1823,0.3300,0.3300,median,0.1467,0.1700,0.0867,0.5000,0.1823,0.2008,0.2107,2,14,runpod_secure|vast_ai,5000.0,2,14,2,49,2,105,Medium,Provisional,2026-09-15,2026-09-15,v2.4.0
CRI-T3-3090-ALL-ALL-OD-US,2026-09-15,T3,T3,3090,ALL,ALL,US,OnDemand,citable,1,0.2014,0.2100,0.2100,median,0.1513,0.2000,0.1333,0.5000,0.2014,0.1997,0.2160,4,11,runpod_community|runpod_secure|tensordock|vast_ai,2500.0,4,11,4,42,4,85,High,Published,2026-09-15,2026-09-15,v2.4.0
CRI-T3-3090-ALL-GTD-OD-ALL,2026-09-15,T3,T3,3090,ALL,GTD,ALL,OnDemand,citable,1,0.1907,0.2100,0.2100,median,0.1467,0.2000,0.0867,0.5000,0.1907,0.2003,0.2130,4,25,runpod_community|runpod_secure|tensordock|vast_ai,2500.0,4,25,4,91,4,190,High,Published,2026-09-15,2026-09-15,v2.4.0
CRI-T3-3090-ALL-GTD-OD-EU,2026-09-15,T3,T3,3090,ALL,GTD,EU,OnDemand,citable,1,0.1823,0.3300,0.3300,median,0.1467,0.1700,0.0867,0.5000,0.1823,0.2008,0.2107,2,14,runpod_secure|vast_ai,5000.0,2,14,2,49,2,105,Medium,Provisional,2026-09-15,2026-09-15,v2.4.0
CRI-T3-3090-ALL-GTD-OD-US,2026-09-15,T3,T3,3090,ALL,GTD,US,OnDemand,citable,1,0.2014,0.2100,0.2100,median,0.1513,0.2000,0.1333,0.5000,0.2014,0.1997,0.2160,4,11,runpod_community|runpod_secure|tensordock|vast_ai,2500.0,4,11,4,42,4,85,High,Published,2026-09-15,2026-09-15,v2.4.0
CRI-T3-3090-PCIe-ALL-OD-ALL,2026-09-15,T3,T3,3090,PCIe,ALL,ALL,OnDemand,citable,1,0.1907,0.2100,0.2100,median,0.1467,0.2000,0.0867,0.5000,0.1907,0.2003,0.2130,4,25,runpod_community|runpod_secure|tensordock|vast_ai,2500.0,4,25,4,91,4,190,High,Published,2026-09-15,2026-09-15,v2.4.0
CRI-T3-3090-PCIe-ALL-OD-EU,2026-09-15,T3,T3,3090,PCIe,ALL,EU,OnDemand,citable,1,0.1823,0.3300,0.3300,median,0.1467,0.1700,0.0867,0.5000,0.1823,0.2008,0.2107,2,14,runpod_secure|vast_ai,5000.0,2,14,2,49,2,105,Medium,Provisional,2026-09-15,2026-09-15,v2.4.0
CRI-T3-3090-PCIe-ALL-OD-US,2026-09-15,T3,T3,3090,PCIe,ALL,US,OnDemand,citable,1,0.2014,0.2100,0.2100,median,0.1513,0.2000,0.1333,0.5000,0.2014,0.1997,0.2160,4,11,runpod_community|runpod_secure|tensordock|vast_ai,2500.0,4,11,4,42,4,85,High,Published,2026-09-15,2026-09-15,v2.4.0
CRI-T3-3090-PCIe-GTD-OD-ALL,2026-09-15,T3,T3,3090,PCIe,GTD,ALL,OnDemand,citable,1,0.1907,0.2100,0.2100,median,0.1467,0.2000,0.0867,0.5000,0.1907,0.2003,0.2130,4,25,runpod_community|runpod_secure|tensordock|vast_ai,2500.0,4,25,4,91,4,190,High,Published,2026-09-15,2026-09-15,v2.4.0
CRI-T3-3090-PCIe-GTD-OD-EU,2026-09-15,T3,T3,3090,PCIe,GTD,EU,OnDemand,citable,1,0.1823,0.3300,0.3300,median,0.1467,0.1700,0.0867,0.5000,0.1823,0.2008,0.2107,2,14,runpod_secure|vast_ai,5000.0,2,14,2,49,2,105,Medium,Provisional,2026-09-15,2026-09-15,v2.4.0
CRI-T3-3090-PCIe-GTD-OD-US,2026-09-15,T3,T3,3090,PCIe,GTD,US,OnDemand,citable,1,0.2014,0.2100,0.2100,median,0.1513,0.2000,0.1333,0.5000,0.2014,0.1997,0.2160,4,11,runpod_community|runpod_secure|tensordock|vast_ai,2500.0,4,11,4,42,4,85,High,Published,2026-09-15,2026-09-15,v2.4.0
CRI-T3-4090-ALL-ALL-OD-ALL,2026-09-15,T3,T3,4090,ALL,ALL,ALL,OnDemand,citable,1,0.5528,0.4434,0.4434,median,0.4000,0.7400,0.2933,1.6000,0.5528,0.5622,0.5495,4,36,runpod_community|runpod_secure|tensordock|vast_ai,2500.0,4,36,4,114,4,270,High,Published,2026-09-15,2026-09-15,v2.4.0
CRI-T3-4090-ALL-ALL-OD-EU,2026-09-15,T3,T3,4090,ALL,ALL,EU,OnDemand,citable,1,0.5400,0.5700,0.5700,median,0.4000,0.7400,0.3067,0.8667,0.5400,0.5773,0.5609,2,17,runpod_secure|vast_ai,5000.0,2,17,2,56,2,126,Medium,Provisional,2026-09-15,2026-09-15,v2.4.0
CRI-T3-4090-ALL-ALL-OD-Other,2026-09-15,T3,T3,4090,ALL,ALL,Other,OnDemand,citable,1,0.6246,0.6307,0.6307,median,0.4933,0.5040,0.2533,2.0000,0.6246,0.5890,0.5437,2,17,spheron|vast_ai,5000.0,2,17,2,51,2,104,Medium,Provisional,2026-09-15,2026-09-15,v2.4.0
CRI-T3-4090-ALL-ALL-OD-US,2026-09-15,T3,T3,4090,ALL,ALL,US,OnDemand,citable,1,0.5643,0.4500,0.4500,median,0.3867,0.7400,0.2933,1.6000,0.5643,0.5477,0.5395,4,19,runpod_community|runpod_secure|tensordock|vast_ai,2500.0,4,19,4,58,4,144,High,Published,2026-09-15,2026-09-15,v2.4.0
CRI-T3-4090-ALL-GTD-OD-ALL,2026-09-15,T3,T3,4090,ALL,GTD,ALL,OnDemand,citable,1,0.5528,0.4434,0.4434,median,0.4000,0.7400,0.2933,1.6000,0.5528,0.5622,0.5495,4,36,runpod_community|runpod_secure|tensordock|vast_ai,2500.0,4,36,4,114,4,270,High,Published,2026-09-15,2026-09-15,v2.4.0
CRI-T3-4090-ALL-GTD-OD-EU,2026-09-15,T3,T3,4090,ALL,GTD,EU,OnDemand,citable,1,0.5400,0.5700,0.5700,median,0.4000,0.7400,0.3067,0.8667,0.5400,0.5773,0.5609,2,17,runpod_secure|vast_ai,5000.0,2,17,2,56,2,126,Medium,Provisional,2026-09-15,2026-09-15,v2.4.0
CRI-T3-4090-ALL-GTD-OD-Other,2026-09-15,T3,T3,4090,ALL,GTD,Other,OnDemand,citable,1,0.6246,0.6307,0.6307,median,0.4933,0.5040,0.2533,2.0000,0.6246,0.5890,0.5437,2,17,spheron|vast_ai,5000.0,2,17,2,51,2,104,Medium,Provisional,2026-09-15,2026-09-15,v2.4.0
CRI-T3-4090-ALL-GTD-OD-US,2026-09-15,T3,T3,4090,ALL,GTD,US,OnDemand,citable,1,0.5643,0.4500,0.4500,median,0.3867,0.7400,0.2933,1.6000,0.5643,0.5477,0.5395,4,19,runpod_community|runpod_secure|tensordock|vast_ai,2500.0,4,19,4,58,4,144,High,Published,2026-09-15,2026-09-15,v2.4.0
CRI-T3-4090-PCIe-ALL-OD-ALL,2026-09-15,T3,T3,4090,PCIe,ALL,ALL,OnDemand,citable,1,0.5528,0.4434,0.4434,median,0.4000,0.7400,0.2933,1.6000,0.5528,0.5622,0.5495,4,36,runpod_community|runpod_secure|tensordock|vast_ai,2500.0,4,36,4,114,4,270,High,Published,2026-09-15,2026-09-15,v2.4.0
CRI-T3-4090-PCIe-ALL-OD-EU,2026-09-15,T3,T3,4090,PCIe,ALL,EU,OnDemand,citable,1,0.5400,0.5700,0.5700,median,0.4000,0.7400,0.3067,0.8667,0.5400,0.5773,0.5609,2,17,runpod_secure|vast_ai,5000.0,2,17,2,56,2,126,Medium,Provisional,2026-09-15,2026-09-15,v2.4.0
CRI-T3-4090-PCIe-ALL-OD-US,2026-09-15,T3,T3,4090,PCIe,ALL,US,OnDemand,citable,1,0.5643,0.4500,0.4500,median,0.3867,0.7400,0.2933,1.6000,0.5643,0.5477,0.5395,4,19,runpod_community|runpod_secure|tensordock|vast_ai,2500.0,4,19,4,58,4,144,High,Published,2026-09-15,2026-09-15,v2.4.0
CRI-T3-4090-PCIe-GTD-OD-ALL,2026-09-15,T3,T3,4090,PCIe,GTD,ALL,OnDemand,citable,1,0.5528,0.4434,0.4434,median,0.4000,0.7400,0.2933,1.6000,0.5528,0.5622,0.5495,4,36,runpod_community|runpod_secure|tensordock|vast_ai,2500.0,4,36,4,114,4,270,High,Published,2026-09-15,2026-09-15,v2.4.0
CRI-T3-4090-PCIe-GTD-OD-EU,2026-09-15,T3,T3,4090,PCIe,GTD,EU,OnDemand,citable,1,0.5400,0.5700,0.5700,median,0.4000,0.7400,0.3067,0.8667,0.5400,0.5773,0.5609,2,17,runpod_secure|vast_ai,5000.0,2,17,2,56,2,126,Medium,Provisional,2026-09-15,2026-09-15,v2.4.0
CRI-T3-4090-PCIe-GTD-OD-US,2026-09-15,T3,T3,4090,PCIe,GTD,US,OnDemand,citable,1,0.5643,0.4500,0.4500,median,0.3867,0.7400,0.2933,1.6000,0.5643,0.5477,0.5395,4,19,runpod_community|runpod_secure|tensordock|vast_ai,2500.0,4,19,4,58,4,144,High,Published,2026-09-15,2026-09-15,v2.4.0
CRI-T3-5090-ALL-ALL-OD-ALL,2026-09-15,T3,T3,5090,ALL,ALL,ALL,OnDemand,citable,1,0.8313,0.6717,0.6717,median,0.5134,0.9900,0.3733,1.9200,0.8313,0.8251,0.7730,4,34,runpod_community|runpod_secure|tensordock|vast_ai,2500.0,4,34,4,104,4,238,High,Published,2026-09-15,2026-09-15,v2.4.0
CRI-T3-5090-ALL-ALL-OD-EU,2026-09-15,T3,T3,5090,ALL,ALL,EU,OnDemand,citable,1,0.8921,0.8557,0.8557,median,0.6667,0.9900,0.3733,1.9200,0.8921,0.8846,0.8440,2,17,runpod_secure|vast_ai,5000.0,2,17,2,51,2,117,Medium,Provisional,2026-09-15,2026-09-15,v2.4.0
CRI-T3-5090-ALL-ALL-OD-US,2026-09-15,T3,T3,5090,ALL,ALL,US,OnDemand,citable,1,0.7706,0.6350,0.6350,median,0.4667,0.8800,0.4000,1.8667,0.7706,0.7679,0.7043,4,17,runpod_community|runpod_secure|tensordock|vast_ai,2500.0,4,17,4,53,4,121,High,Published,2026-09-15,2026-09-15,v2.4.0
CRI-T3-5090-ALL-GTD-OD-ALL,2026-09-15,T3,T3,5090,ALL,GTD,ALL,OnDemand,citable,1,0.8313,0.6717,0.6717,median,0.5134,0.9900,0.3733,1.9200,0.8313,0.8251,0.7730,4,34,runpod_community|runpod_secure|tensordock|vast_ai,2500.0,4,34,4,104,4,238,High,Published,2026-09-15,2026-09-15,v2.4.0
CRI-T3-5090-ALL-GTD-OD-EU,2026-09-15,T3,T3,5090,ALL,GTD,EU,OnDemand,citable,1,0.8921,0.8557,0.8557,median,0.6667,0.9900,0.3733,1.9200,0.8921,0.8846,0.8440,2,17,runpod_secure|vast_ai,5000.0,2,17,2,51,2,117,Medium,Provisional,2026-09-15,2026-09-15,v2.4.0
CRI-T3-5090-ALL-GTD-OD-US,2026-09-15,T3,T3,5090,ALL,GTD,US,OnDemand,citable,1,0.7706,0.6350,0.6350,median,0.4667,0.8800,0.4000,1.8667,0.7706,0.7679,0.7043,4,17,runpod_community|runpod_secure|tensordock|vast_ai,2500.0,4,17,4,53,4,121,High,Published,2026-09-15,2026-09-15,v2.4.0
CRI-T3-5090-PCIe-ALL-OD-ALL,2026-09-15,T3,T3,5090,PCIe,ALL,ALL,OnDemand,citable,1,0.8313,0.6717,0.6717,median,0.5134,0.9900,0.3733,1.9200,0.8313,0.8251,0.7730,4,34,runpod_community|runpod_secure|tensordock|vast_ai,2500.0,4,34,4,104,4,238,High,Published,2026-09-15,2026-09-15,v2.4.0
CRI-T3-5090-PCIe-ALL-OD-EU,2026-09-15,T3,T3,5090,PCIe,ALL,EU,OnDemand,citable,1,0.8921,0.8557,0.8557,median,0.6667,0.9900,0.3733,1.9200,0.8921,0.8846,0.8440,2,17,runpod_secure|vast_ai,5000.0,2,17,2,51,2,117,Medium,Provisional,2026-09-15,2026-09-15,v2.4.0
CRI-T3-5090-PCIe-ALL-OD-US,2026-09-15,T3,T3,5090,PCIe,ALL,US,OnDemand,citable,1,0.7706,0.6350,0.6350,median,0.4667,0.8800,0.4000,1.8667,0.7706,0.7679,0.7043,4,17,runpod_community|runpod_secure|tensordock|vast_ai,2500.0,4,17,4,53,4,121,High,Published,2026-09-15,2026-09-15,v2.4.0
CRI-T3-5090-PCIe-GTD-OD-ALL,2026-09-15,T3,T3,5090,PCIe,GTD,ALL,OnDemand,citable,1,0.8313,0.6717,0.6717,median,0.5134,0.9900,0.3733,1.9200,0.8313,0.8251,0.7730,4,34,runpod_community|runpod_secure|tensordock|vast_ai,2500.0,4,34,4,104,4,238,High,Published,2026-09-15,2026-09-15,v2.4.0
CRI-T3-5090-PCIe-GTD-OD-EU,2026-09-15,T3,T3,5090,PCIe,GTD,EU,OnDemand,citable,1,0.8921,0.8557,0.8557,median,0.6667,0.9900,0.3733,1.9200,0.8921,0.8846,0.8440,2,17,runpod_secure|vast_ai,5000.0,2,17,2,51,2,117,Medium,Provisional,2026-09-15,2026-09-15,v2.4.0
CRI-T3-5090-PCIe-GTD-OD-US,2026-09-15,T3,T3,5090,PCIe,GTD,US,OnDemand,citable,1,0.7706,0.6350,0.6350,median,0.4667,0.8800,0.4000,1.8667,0.7706,0.7679,0.7043,4,17,runpod_community|runpod_secure|tensordock|vast_ai,2500.0,4,17,4,53,4,121,High,Published,2026-09-15,2026-09-15,v2.4.0
CRI-T3-A100-40GB-ALL-ALL-OD-US,2026-09-15,T3,T3,A100,ALL,ALL,US,OnDemand,citable,1,0.7778,0.8333,0.8333,median,0.6666,0.9000,0.5333,1.0000,0.7778,0.7674,0.7357,2,3,runpod_community|vast_ai,5000.0,2,3,2,11,2,36,Medium,Provisional,2026-09-15,2026-09-15,v2.4.0
CRI-T3-A100-40GB-ALL-GTD-OD-US,2026-09-15,T3,T3,A100,ALL,GTD,US,OnDemand,citable,1,0.7778,0.8333,0.8333,median,0.6666,0.9000,0.5333,1.0000,0.7778,0.7674,0.7357,2,3,runpod_community|vast_ai,5000.0,2,3,2,11,2,36,Medium,Provisional,2026-09-15,2026-09-15,v2.4.0
CRI-T3-A100-40GB-SXM-ALL-OD-US,2026-09-15,T3,T3,A100,SXM,ALL,US,OnDemand,citable,1,0.7667,0.7667,0.7667,median,0.6500,0.8833,0.5333,1.0000,0.7667,0.7601,0.7807,2,2,runpod_community|vast_ai,5000.0,2,2,2,9,2,28,Medium,Provisional,2026-09-15,2026-09-15,v2.4.0
CRI-T3-A100-40GB-SXM-GTD-OD-US,2026-09-15,T3,T3,A100,SXM,GTD,US,OnDemand,citable,1,0.7667,0.7667,0.7667,median,0.6500,0.8833,0.5333,1.0000,0.7667,0.7601,0.7807,2,2,runpod_community|vast_ai,5000.0,2,2,2,9,2,28,Medium,Provisional,2026-09-15,2026-09-15,v2.4.0
CRI-T3-A100-ALL-ALL-OD-ALL,2026-09-15,T3,T3,A100,ALL,ALL,ALL,OnDemand,citable,1,1.4471,1.4900,1.4900,median,1.3825,1.5900,0.5334,1.7900,1.4471,1.4368,1.4156,7,22,massed_compute|runpod_cluster|runpod_community|runpod_secure|spheron|thunder_compute|vast_ai,1428.6,7,22,7,67,7,154,High,Published,2026-09-15,2026-09-15,v2.4.0
CRI-T3-A100-ALL-ALL-OD-EU,2026-09-15,T3,T3,A100,ALL,ALL,EU,OnDemand,citable,1,1.1972,1.2616,1.2616,median,0.9366,1.5900,0.5334,1.5900,1.1972,1.1822,1.1484,2,6,runpod_secure|vast_ai,5000.0,2,6,2,17,2,40,Medium,Provisional,2026-09-15,2026-09-15,v2.4.0
CRI-T3-A100-ALL-ALL-OD-Other,2026-09-15,T3,T3,A100,ALL,ALL,Other,OnDemand,citable,1,1.3813,1.5368,1.5368,median,1.1899,1.5900,0.9333,1.7640,1.3813,1.3818,1.3739,3,5,runpod_secure|spheron|vast_ai,3333.3,3,5,3,15,3,35,Medium,Published,2026-09-15,2026-09-15,v2.4.0
CRI-T3-A100-ALL-ALL-OD-US,2026-09-15,T3,T3,A100,ALL,ALL,US,OnDemand,citable,1,1.5409,1.5900,1.5900,median,1.4650,1.5900,1.1900,1.7900,1.5409,1.5233,1.5094,7,16,massed_compute|runpod_cluster|runpod_community|runpod_secure|spheron|thunder_compute|vast_ai,1428.6,7,16,7,50,7,114,High,Published,2026-09-15,2026-09-15,v2.4.0
CRI-T3-A100-ALL-GTD-OD-ALL,2026-09-15,T3,T3,A100,ALL,GTD,ALL,OnDemand,citable,1,1.4471,1.4900,1.4900,median,1.3825,1.5900,0.5334,1.7900,1.4471,1.4368,1.4156,7,22,massed_compute|runpod_cluster|runpod_community|runpod_secure|spheron|thunder_compute|vast_ai,1428.6,7,22,7,67,7,154,High,Published,2026-09-15,2026-09-15,v2.4.0
CRI-T3-A100-ALL-GTD-OD-EU,2026-09-15,T3,T3,A100,ALL,GTD,EU,OnDemand,citable,1,1.1972,1.2616,1.2616,median,0.9366,1.5900,0.5334,1.5900,1.1972,1.1822,1.1484,2,6,runpod_secure|vast_ai,5000.0,2,6,2,17,2,40,Medium,Provisional,2026-09-15,2026-09-15,v2.4.0
CRI-T3-A100-ALL-GTD-OD-Other,2026-09-15,T3,T3,A100,ALL,GTD,Other,OnDemand,citable,1,1.4291,1.5900,1.5900,median,1.3052,1.6335,0.9333,1.7640,1.4291,1.4294,1.4197,3,4,runpod_secure|spheron|vast_ai,3333.3,3,4,3,12,3,28,Medium,Provisional,2026-09-15,2026-09-15,v2.4.0
CRI-T3-A100-ALL-GTD-OD-US,2026-09-15,T3,T3,A100,ALL,GTD,US,OnDemand,citable,1,1.5409,1.5900,1.5900,median,1.4650,1.5900,1.1900,1.7900,1.5409,1.5233,1.5094,7,16,massed_compute|runpod_cluster|runpod_community|runpod_secure|spheron|thunder_compute|vast_ai,1428.6,7,16,7,50,7,114,High,Published,2026-09-15,2026-09-15,v2.4.0
CRI-T3-A100-PCIe-ALL-OD-ALL,2026-09-15,T3,T3,A100,PCIe,ALL,ALL,OnDemand,citable,1,1.2833,1.3500,1.3500,median,1.1258,1.5900,0.5334,1.5900,1.2833,1.2571,1.2455,5,8,massed_compute|runpod_community|runpod_secure|thunder_compute|vast_ai,2000.0,5,8,5,26,5,63,High,Published,2026-09-15,2026-09-15,v2.4.0
CRI-T3-A100-PCIe-ALL-OD-EU,2026-09-15,T3,T3,A100,PCIe,ALL,EU,OnDemand,citable,1,1.0189,1.1617,1.1617,median,0.7333,1.2616,0.5334,1.5900,1.0189,0.9626,0.9606,2,3,runpod_secure|vast_ai,5000.0,2,3,2,9,2,25,Medium,Provisional,2026-09-15,2026-09-15,v2.4.0
CRI-T3-A100-PCIe-ALL-OD-US,2026-09-15,T3,T3,A100,PCIe,ALL,US,OnDemand,citable,1,1.4420,1.4200,1.4200,median,1.3500,1.5900,1.1900,1.5900,1.4420,1.4129,1.4329,4,5,massed_compute|runpod_community|runpod_secure|thunder_compute,2500.0,4,5,5,17,5,38,High,Published,2026-09-15,2026-09-15,v2.4.0
CRI-T3-A100-PCIe-GTD-OD-ALL,2026-09-15,T3,T3,A100,PCIe,GTD,ALL,OnDemand,citable,1,1.2833,1.3500,1.3500,median,1.1258,1.5900,0.5334,1.5900,1.2833,1.2571,1.2455,5,8,massed_compute|runpod_community|runpod_secure|thunder_compute|vast_ai,2000.0,5,8,5,26,5,63,High,Published,2026-09-15,2026-09-15,v2.4.0
CRI-T3-A100-PCIe-GTD-OD-EU,2026-09-15,T3,T3,A100,PCIe,GTD,EU,OnDemand,citable,1,1.0189,1.1617,1.1617,median,0.7333,1.2616,0.5334,1.5900,1.0189,0.9626,0.9606,2,3,runpod_secure|vast_ai,5000.0,2,3,2,9,2,25,Medium,Provisional,2026-09-15,2026-09-15,v2.4.0
CRI-T3-A100-PCIe-GTD-OD-US,2026-09-15,T3,T3,A100,PCIe,GTD,US,OnDemand,citable,1,1.4420,1.4200,1.4200,median,1.3500,1.5900,1.1900,1.5900,1.4420,1.4129,1.4329,4,5,massed_compute|runpod_community|runpod_secure|thunder_compute,2500.0,4,5,5,17,5,38,High,Published,2026-09-15,2026-09-15,v2.4.0
CRI-T3-A100-SXM-ALL-OD-ALL,2026-09-15,T3,T3,A100,SXM,ALL,ALL,OnDemand,citable,1,1.5408,1.4900,1.4900,median,1.5900,1.5900,0.9467,1.7900,1.5408,1.5507,1.5334,6,14,massed_compute|runpod_cluster|runpod_community|runpod_secure|spheron|vast_ai,1666.7,6,14,6,41,6,91,High,Published,2026-09-15,2026-09-15,v2.4.0
CRI-T3-A100-SXM-ALL-OD-EU,2026-09-15,T3,T3,A100,SXM,ALL,EU,OnDemand,citable,1,1.3756,1.2684,1.2684,median,1.2684,1.5900,0.9467,1.5900,1.3756,1.4292,1.4613,2,3,runpod_secure|vast_ai,5000.0,2,3,2,8,2,15,Medium,Provisional,2026-09-15,2026-09-15,v2.4.0
CRI-T3-A100-SXM-ALL-OD-US,2026-09-15,T3,T3,A100,SXM,ALL,US,OnDemand,citable,1,1.5858,1.6217,1.6217,median,1.5900,1.6217,1.3800,1.7900,1.5858,1.5802,1.5476,6,11,massed_compute|runpod_cluster|runpod_community|runpod_secure|spheron|vast_ai,1666.7,6,11,6,33,6,76,High,Published,2026-09-15,2026-09-15,v2.4.0
CRI-T3-A100-SXM-GTD-OD-ALL,2026-09-15,T3,T3,A100,SXM,GTD,ALL,OnDemand,citable,1,1.5408,1.4900,1.4900,median,1.5900,1.5900,0.9467,1.7900,1.5408,1.5507,1.5334,6,14,massed_compute|runpod_cluster|runpod_community|runpod_secure|spheron|vast_ai,1666.7,6,14,6,41,6,91,High,Published,2026-09-15,2026-09-15,v2.4.0
CRI-T3-A100-SXM-GTD-OD-EU,2026-09-15,T3,T3,A100,SXM,GTD,EU,OnDemand,citable,1,1.3756,1.2684,1.2684,median,1.2684,1.5900,0.9467,1.5900,1.3756,1.4292,1.4613,2,3,runpod_secure|vast_ai,5000.0,2,3,2,8,2,15,Medium,Provisional,2026-09-15,2026-09-15,v2.4.0
CRI-T3-A100-SXM-GTD-OD-US,2026-09-15,T3,T3,A100,SXM,GTD,US,OnDemand,citable,1,1.5858,1.6217,1.6217,median,1.5900,1.6217,1.3800,1.7900,1.5858,1.5802,1.5476,6,11,massed_compute|runpod_cluster|runpod_community|runpod_secure|spheron|vast_ai,1666.7,6,11,6,33,6,76,High,Published,2026-09-15,2026-09-15,v2.4.0
CRI-T3-A40-ALL-ALL-OD-US,2026-09-15,T3,T3,A40,ALL,ALL,US,OnDemand,citable,1,0.4433,0.4200,0.4200,median,0.4200,0.4900,0.3500,0.4900,0.4433,0.4433,0.4384,2,3,runpod_community|runpod_secure,5000.0,2,3,2,9,2,19,Medium,Provisional,2026-09-15,2026-09-15,v2.4.0
CRI-T3-A40-ALL-GTD-OD-US,2026-09-15,T3,T3,A40,ALL,GTD,US,OnDemand,citable,1,0.4433,0.4200,0.4200,median,0.4200,0.4900,0.3500,0.4900,0.4433,0.4433,0.4384,2,3,runpod_community|runpod_secure,5000.0,2,3,2,9,2,19,Medium,Provisional,2026-09-15,2026-09-15,v2.4.0
CRI-T3-A40-PCIe-ALL-OD-US,2026-09-15,T3,T3,A40,PCIe,ALL,US,OnDemand,citable,1,0.4433,0.4200,0.4200,median,0.4200,0.4900,0.3500,0.4900,0.4433,0.4433,0.4384,2,3,runpod_community|runpod_secure,5000.0,2,3,2,9,2,19,Medium,Provisional,2026-09-15,2026-09-15,v2.4.0
CRI-T3-A40-PCIe-GTD-OD-US,2026-09-15,T3,T3,A40,PCIe,GTD,US,OnDemand,citable,1,0.4433,0.4200,0.4200,median,0.4200,0.4900,0.3500,0.4900,0.4433,0.4433,0.4384,2,3,runpod_community|runpod_secure,5000.0,2,3,2,9,2,19,Medium,Provisional,2026-09-15,2026-09-15,v2.4.0
CRI-T3-B200-ALL-ALL-OD-ALL,2026-09-15,T3,T3,B200,ALL,ALL,ALL,OnDemand,citable,1,6.4987,5.9800,5.9800,median,5.8025,6.7900,5.3730,7.7500,6.4987,6.5550,6.5488,5,11,massed_compute|runpod_community|runpod_secure|spheron|vast_ai,2000.0,5,11,5,33,5,76,High,Published,2026-09-15,2026-09-15,v2.4.0
CRI-T3-B200-ALL-ALL-OD-US,2026-09-15,T3,T3,B200,ALL,ALL,US,OnDemand,citable,1,6.4695,5.9800,5.9800,median,5.7138,6.7900,5.3730,7.7500,6.4695,6.5316,6.5243,5,10,massed_compute|runpod_community|runpod_secure|spheron|vast_ai,2000.0,5,10,5,30,5,69,High,Published,2026-09-15,2026-09-15,v2.4.0
CRI-T3-B200-ALL-GTD-OD-ALL,2026-09-15,T3,T3,B200,ALL,GTD,ALL,OnDemand,citable,1,6.6113,6.3850,6.3850,median,6.1825,6.7900,5.4325,7.7500,6.6113,6.6733,6.6681,4,10,massed_compute|runpod_community|runpod_secure|vast_ai,2500.0,4,10,5,30,5,69,High,Published,2026-09-15,2026-09-15,v2.4.0
CRI-T3-B200-ALL-GTD-OD-US,2026-09-15,T3,T3,B200,ALL,GTD,US,OnDemand,citable,1,6.5914,6.3850,6.3850,median,5.9800,6.7900,5.4325,7.7500,6.5914,6.6603,6.6543,4,9,massed_compute|runpod_community|runpod_secure|vast_ai,2500.0,4,9,5,27,5,62,High,Published,2026-09-15,2026-09-15,v2.4.0
CRI-T3-B200-SXM-ALL-OD-ALL,2026-09-15,T3,T3,B200,SXM,ALL,ALL,OnDemand,citable,1,6.4987,5.9800,5.9800,median,5.8025,6.7900,5.3730,7.7500,6.4987,6.5550,6.5488,5,11,massed_compute|runpod_community|runpod_secure|spheron|vast_ai,2000.0,5,11,5,33,5,76,High,Published,2026-09-15,2026-09-15,v2.4.0
CRI-T3-B200-SXM-ALL-OD-US,2026-09-15,T3,T3,B200,SXM,ALL,US,OnDemand,citable,1,6.4695,5.9800,5.9800,median,5.7138,6.7900,5.3730,7.7500,6.4695,6.5316,6.5243,5,10,massed_compute|runpod_community|runpod_secure|spheron|vast_ai,2000.0,5,10,5,30,5,69,High,Published,2026-09-15,2026-09-15,v2.4.0
CRI-T3-B200-SXM-GTD-OD-ALL,2026-09-15,T3,T3,B200,SXM,GTD,ALL,OnDemand,citable,1,6.6113,6.3850,6.3850,median,6.1825,6.7900,5.4325,7.7500,6.6113,6.6733,6.6681,4,10,massed_compute|runpod_community|runpod_secure|vast_ai,2500.0,4,10,5,30,5,69,High,Published,2026-09-15,2026-09-15,v2.4.0
CRI-T3-B200-SXM-GTD-OD-US,2026-09-15,T3,T3,B200,SXM,GTD,US,OnDemand,citable,1,6.5914,6.3850,6.3850,median,5.9800,6.7900,5.4325,7.7500,6.5914,6.6603,6.6543,4,9,massed_compute|runpod_community|runpod_secure|vast_ai,2500.0,4,9,5,27,5,62,High,Published,2026-09-15,2026-09-15,v2.4.0
CRI-T3-B300-ALL-ALL-OD-ALL,2026-09-15,T3,T3,B300,ALL,ALL,ALL,OnDemand,citable,1,7.0331,6.7700,6.7700,median,6.6000,7.8900,5.8455,7.8900,7.0331,7.6755,7.9528,4,5,massed_compute|runpod_community|runpod_secure|spheron,2500.0,4,5,5,21,5,49,High,Published,2026-09-15,2026-09-15,v2.4.0
CRI-T3-B300-ALL-ALL-OD-EU,2026-09-15,T3,T3,B300,ALL,ALL,EU,OnDemand,citable,3,7.7202,8.1978,8.1978,median,5.8455,10.5500,5.8101,10.5500,5.8455,7.7202,8.7939,2,5,spheron|vast_ai,5000.0,1,1,2,5,2,13,Medium,Provisional,2026-09-13,2026-09-15,v2.4.0
CRI-T3-B300-ALL-ALL-OD-US,2026-09-15,T3,T3,B300,ALL,ALL,US,OnDemand,citable,1,7.3300,6.9400,6.9400,median,6.8550,7.8900,6.6000,7.8900,7.3300,7.6616,7.6490,3,4,massed_compute|runpod_community|runpod_secure,3333.3,3,4,4,16,4,36,Medium,Provisional,2026-09-15,2026-09-15,v2.4.0
CRI-T3-B300-ALL-GTD-OD-ALL,2026-09-15,T3,T3,B300,ALL,GTD,ALL,OnDemand,citable,3,7.9825,7.4150,7.4150,median,6.9400,8.1250,6.6000,10.5500,7.3300,7.9825,8.3048,4,18,massed_compute|runpod_community|runpod_secure|vast_ai,2500.0,3,4,4,18,5,42,High,Published,2026-09-13,2026-09-15,v2.4.0
CRI-T3-B300-ALL-GTD-OD-EU,2026-09-15,T3,T3,B300,ALL,GTD,EU,OnDemand,citable,7,12.2397,10.7316,10.7316,median,10.5500,11.9062,10.2131,18.7500,,10.5500,12.2397,2,6,spheron|vast_ai,5000.0,,,1,2,2,6,Medium,Provisional,2026-09-09,2026-09-15,v2.4.0
CRI-T3-B300-ALL-GTD-OD-US,2026-09-15,T3,T3,B300,ALL,GTD,US,OnDemand,citable,1,7.3300,6.9400,6.9400,median,6.8550,7.8900,6.6000,7.8900,7.3300,7.6616,7.6490,3,4,massed_compute|runpod_community|runpod_secure,3333.3,3,4,4,16,4,36,Medium,Provisional,2026-09-15,2026-09-15,v2.4.0
CRI-T3-B300-SXM-ALL-OD-ALL,2026-09-15,T3,T3,B300,SXM,ALL,ALL,OnDemand,citable,1,7.0331,6.7700,6.7700,median,6.6000,7.8900,5.8455,7.8900,7.0331,7.6755,7.9528,4,5,massed_compute|runpod_community|runpod_secure|spheron,2500.0,4,5,5,21,5,49,High,Published,2026-09-15,2026-09-15,v2.4.0
CRI-T3-B300-SXM-ALL-OD-EU,2026-09-15,T3,T3,B300,SXM,ALL,EU,OnDemand,citable,3,7.7202,8.1978,8.1978,median,5.8455,10.5500,5.8101,10.5500,5.8455,7.7202,8.7939,2,5,spheron|vast_ai,5000.0,1,1,2,5,2,13,Medium,Provisional,2026-09-13,2026-09-15,v2.4.0
CRI-T3-B300-SXM-ALL-OD-US,2026-09-15,T3,T3,B300,SXM,ALL,US,OnDemand,citable,1,7.3300,6.9400,6.9400,median,6.8550,7.8900,6.6000,7.8900,7.3300,7.6616,7.6490,3,4,massed_compute|runpod_community|runpod_secure,3333.3,3,4,4,16,4,36,Medium,Provisional,2026-09-15,2026-09-15,v2.4.0
CRI-T3-B300-SXM-GTD-OD-ALL,2026-09-15,T3,T3,B300,SXM,GTD,ALL,OnDemand,citable,3,7.9825,7.4150,7.4150,median,6.9400,8.1250,6.6000,10.5500,7.3300,7.9825,8.3048,4,18,massed_compute|runpod_community|runpod_secure|vast_ai,2500.0,3,4,4,18,5,42,High,Published,2026-09-13,2026-09-15,v2.4.0
CRI-T3-B300-SXM-GTD-OD-EU,2026-09-15,T3,T3,B300,SXM,GTD,EU,OnDemand,citable,7,12.2397,10.7316,10.7316,median,10.5500,11.9062,10.2131,18.7500,,10.5500,12.2397,2,6,spheron|vast_ai,5000.0,,,1,2,2,6,Medium,Provisional,2026-09-09,2026-09-15,v2.4.0
CRI-T3-B300-SXM-GTD-OD-US,2026-09-15,T3,T3,B300,SXM,GTD,US,OnDemand,citable,1,7.3300,6.9400,6.9400,median,6.8550,7.8900,6.6000,7.8900,7.3300,7.6616,7.6490,3,4,massed_compute|runpod_community|runpod_secure,3333.3,3,4,4,16,4,36,Medium,Provisional,2026-09-15,2026-09-15,v2.4.0
CRI-T3-H100-ALL-ALL-1yr-ALL,2026-09-15,T3,T3,H100,ALL,ALL,ALL,1Y,market_intelligence,1,2.7600,2.5450,2.5450,median,2.3950,3.1900,1.9000,3.4900,2.7600,2.7600,2.7600,2,3,runpod_secure|tensordock,5000.0,2,3,2,9,2,21,Medium,Provisional,2026-09-15,2026-09-15,v2.4.0
CRI-T3-H100-ALL-ALL-1yr-US,2026-09-15,T3,T3,H100,ALL,ALL,US,1Y,market_intelligence,1,2.7600,2.5450,2.5450,median,2.3950,3.1900,1.9000,3.4900,2.7600,2.7600,2.7600,2,3,runpod_secure|tensordock,5000.0,2,3,2,9,2,21,Medium,Provisional,2026-09-15,2026-09-15,v2.4.0
CRI-T3-H100-ALL-ALL-OD-ALL,2026-09-15,T3,T3,H100,ALL,ALL,ALL,OnDemand,citable,1,3.0663,3.2000,3.2000,median,2.4667,3.4900,1.7333,5.0700,3.0663,2.9989,3.0219,7,33,hyperbolic|massed_compute|runpod_community|runpod_secure|spheron|thunder_compute|vast_ai,1428.6,7,33,7,98,7,235,High,Published,2026-09-15,2026-09-15,v2.4.0
CRI-T3-H100-ALL-ALL-OD-APAC,2026-09-15,T3,T3,H100,ALL,ALL,APAC,OnDemand,citable,1,2.9947,2.8316,2.8316,median,2.1733,3.4900,2.1533,3.6667,2.9947,2.9071,2.8274,2,5,runpod_secure|vast_ai,5000.0,2,5,2,12,2,28,Medium,Provisional,2026-09-15,2026-09-15,v2.4.0
CRI-T3-H100-ALL-ALL-OD-EU,2026-09-15,T3,T3,H100,ALL,ALL,EU,OnDemand,citable,1,3.1594,3.4900,3.4900,median,2.5769,3.5650,1.8667,5.0700,3.1594,3.1983,3.2429,4,14,hyperbolic|runpod_secure|spheron|vast_ai,2500.0,4,14,4,40,4,98,High,Published,2026-09-15,2026-09-15,v2.4.0
CRI-T3-H100-ALL-ALL-OD-Other,2026-09-15,T3,T3,H100,ALL,ALL,Other,OnDemand,citable,1,3.2109,3.3114,3.3114,median,2.6160,3.6675,2.2019,4.8500,3.2109,3.2247,3.1123,4,8,hyperbolic|runpod_secure|spheron|vast_ai,2500.0,4,8,4,24,4,54,High,Published,2026-09-15,2026-09-15,v2.4.0
CRI-T3-H100-ALL-ALL-OD-US,2026-09-15,T3,T3,H100,ALL,ALL,US,OnDemand,citable,1,2.9978,3.0362,3.0362,median,2.3267,3.4900,1.7333,4.8500,2.9978,2.8613,2.8637,6,19,hyperbolic|massed_compute|runpod_community|runpod_secure|thunder_compute|vast_ai,1666.7,6,19,6,58,6,137,High,Published,2026-09-15,2026-09-15,v2.4.0
CRI-T3-H100-ALL-GTD-1yr-ALL,2026-09-15,T3,T3,H100,ALL,GTD,ALL,1Y,market_intelligence,1,2.7600,2.5450,2.5450,median,2.3950,3.1900,1.9000,3.4900,2.7600,2.7600,2.7600,2,3,runpod_secure|tensordock,5000.0,2,3,2,9,2,21,Medium,Provisional,2026-09-15,2026-09-15,v2.4.0
CRI-T3-H100-ALL-GTD-1yr-US,2026-09-15,T3,T3,H100,ALL,GTD,US,1Y,market_intelligence,1,2.7600,2.5450,2.5450,median,2.3950,3.1900,1.9000,3.4900,2.7600,2.7600,2.7600,2,3,runpod_secure|tensordock,5000.0,2,3,2,9,2,21,Medium,Provisional,2026-09-15,2026-09-15,v2.4.0
CRI-T3-H100-ALL-GTD-OD-ALL,2026-09-15,T3,T3,H100,ALL,GTD,ALL,OnDemand,citable,1,3.0713,3.2000,3.2000,median,2.3967,3.4900,1.7333,5.0700,3.0713,3.0010,3.0249,7,32,hyperbolic|massed_compute|runpod_community|runpod_secure|spheron|thunder_compute|vast_ai,1428.6,7,32,7,95,7,228,High,Published,2026-09-15,2026-09-15,v2.4.0
CRI-T3-H100-ALL-GTD-OD-APAC,2026-09-15,T3,T3,H100,ALL,GTD,APAC,OnDemand,citable,1,2.9947,2.8316,2.8316,median,2.1733,3.4900,2.1533,3.6667,2.9947,2.9071,2.8274,2,5,runpod_secure|vast_ai,5000.0,2,5,2,12,2,28,Medium,Provisional,2026-09-15,2026-09-15,v2.4.0
CRI-T3-H100-ALL-GTD-OD-EU,2026-09-15,T3,T3,H100,ALL,GTD,EU,OnDemand,citable,1,3.1787,3.4900,3.4900,median,2.4667,3.5900,1.8667,5.0700,3.1787,3.2200,3.2676,4,13,hyperbolic|runpod_secure|spheron|vast_ai,2500.0,4,13,4,37,4,91,High,Published,2026-09-15,2026-09-15,v2.4.0
CRI-T3-H100-ALL-GTD-OD-Other,2026-09-15,T3,T3,H100,ALL,GTD,Other,OnDemand,citable,1,3.3551,3.4218,3.4218,median,2.6968,3.8450,2.5333,4.8500,3.3551,3.3708,3.2480,4,7,hyperbolic|runpod_secure|spheron|vast_ai,2500.0,4,7,4,21,4,47,High,Published,2026-09-15,2026-09-15,v2.4.0
CRI-T3-H100-ALL-GTD-OD-US,2026-09-15,T3,T3,H100,ALL,GTD,US,OnDemand,citable,1,2.9978,3.0362,3.0362,median,2.3267,3.4900,1.7333,4.8500,2.9978,2.8613,2.8637,6,19,hyperbolic|massed_compute|runpod_community|runpod_secure|thunder_compute|vast_ai,1666.7,6,19,6,58,6,137,High,Published,2026-09-15,2026-09-15,v2.4.0
CRI-T3-H100-NVL-ALL-ALL-OD-ALL,2026-09-15,T3,T3,H100,ALL,ALL,ALL,OnDemand,citable,1,2.8515,2.9883,2.9883,median,2.7200,3.1900,2.2667,3.1900,2.8515,2.8074,2.8166,3,13,runpod_community|runpod_secure|vast_ai,3333.3,3,13,3,39,3,85,Medium,Published,2026-09-15,2026-09-15,v2.4.0
CRI-T3-H100-NVL-ALL-ALL-OD-US,2026-09-15,T3,T3,H100,ALL,ALL,US,OnDemand,citable,1,2.8863,2.9050,2.9050,median,2.5900,3.1900,2.2667,3.1900,2.8863,2.8730,2.9064,3,9,runpod_community|runpod_secure|vast_ai,3333.3,3,9,3,27,3,56,Medium,Published,2026-09-15,2026-09-15,v2.4.0
CRI-T3-H100-NVL-ALL-GTD-OD-ALL,2026-09-15,T3,T3,H100,ALL,GTD,ALL,OnDemand,citable,1,2.8515,2.9883,2.9883,median,2.7200,3.1900,2.2667,3.1900,2.8515,2.8074,2.8166,3,13,runpod_community|runpod_secure|vast_ai,3333.3,3,13,3,39,3,85,Medium,Published,2026-09-15,2026-09-15,v2.4.0
CRI-T3-H100-NVL-ALL-GTD-OD-US,2026-09-15,T3,T3,H100,ALL,GTD,US,OnDemand,citable,1,2.8863,2.9050,2.9050,median,2.5900,3.1900,2.2667,3.1900,2.8863,2.8730,2.9064,3,9,runpod_community|runpod_secure|vast_ai,3333.3,3,9,3,27,3,56,Medium,Published,2026-09-15,2026-09-15,v2.4.0
CRI-T3-H100-NVL-PCIe-ALL-OD-ALL,2026-09-15,T3,T3,H100,PCIe,ALL,ALL,OnDemand,citable,1,2.8515,2.9883,2.9883,median,2.7200,3.1900,2.2667,3.1900,2.8515,2.8074,2.8166,3,13,runpod_community|runpod_secure|vast_ai,3333.3,3,13,3,39,3,85,Medium,Published,2026-09-15,2026-09-15,v2.4.0
CRI-T3-H100-NVL-PCIe-ALL-OD-US,2026-09-15,T3,T3,H100,PCIe,ALL,US,OnDemand,citable,1,2.8863,2.9050,2.9050,median,2.5900,3.1900,2.2667,3.1900,2.8863,2.8730,2.9064,3,9,runpod_community|runpod_secure|vast_ai,3333.3,3,9,3,27,3,56,Medium,Published,2026-09-15,2026-09-15,v2.4.0
CRI-T3-H100-NVL-PCIe-GTD-OD-ALL,2026-09-15,T3,T3,H100,PCIe,GTD,ALL,OnDemand,citable,1,2.8515,2.9883,2.9883,median,2.7200,3.1900,2.2667,3.1900,2.8515,2.8074,2.8166,3,13,runpod_community|runpod_secure|vast_ai,3333.3,3,13,3,39,3,85,Medium,Published,2026-09-15,2026-09-15,v2.4.0
CRI-T3-H100-NVL-PCIe-GTD-OD-US,2026-09-15,T3,T3,H100,PCIe,GTD,US,OnDemand,citable,1,2.8863,2.9050,2.9050,median,2.5900,3.1900,2.2667,3.1900,2.8863,2.8730,2.9064,3,9,runpod_community|runpod_secure|vast_ai,3333.3,3,9,3,27,3,56,Medium,Published,2026-09-15,2026-09-15,v2.4.0
CRI-T3-H100-PCIe-ALL-OD-ALL,2026-09-15,T3,T3,H100,PCIe,ALL,ALL,OnDemand,citable,1,2.4778,2.7300,2.7300,median,2.0000,2.8900,1.9900,3.2000,2.4778,2.4859,2.5459,5,9,massed_compute|runpod_community|runpod_secure|thunder_compute|vast_ai,2000.0,5,9,5,26,6,63,High,Published,2026-09-15,2026-09-15,v2.4.0
CRI-T3-H100-PCIe-ALL-OD-US,2026-09-15,T3,T3,H100,PCIe,ALL,US,OnDemand,citable,1,2.6143,2.7300,2.7300,median,2.3000,2.8900,1.9900,3.2000,2.6143,2.6143,2.6039,5,7,massed_compute|runpod_community|runpod_secure|thunder_compute|vast_ai,2000.0,5,7,5,21,6,51,High,Published,2026-09-15,2026-09-15,v2.4.0
CRI-T3-H100-PCIe-GTD-OD-ALL,2026-09-15,T3,T3,H100,PCIe,GTD,ALL,OnDemand,citable,1,2.4778,2.7300,2.7300,median,2.0000,2.8900,1.9900,3.2000,2.4778,2.4859,2.5459,5,9,massed_compute|runpod_community|runpod_secure|thunder_compute|vast_ai,2000.0,5,9,5,26,6,63,High,Published,2026-09-15,2026-09-15,v2.4.0
CRI-T3-H100-PCIe-GTD-OD-US,2026-09-15,T3,T3,H100,PCIe,GTD,US,OnDemand,citable,1,2.6143,2.7300,2.7300,median,2.3000,2.8900,1.9900,3.2000,2.6143,2.6143,2.6039,5,7,massed_compute|runpod_community|runpod_secure|thunder_compute|vast_ai,2000.0,5,7,5,21,6,51,High,Published,2026-09-15,2026-09-15,v2.4.0
CRI-T3-H100-SXM-ALL-1yr-ALL,2026-09-15,T3,T3,H100,SXM,ALL,ALL,1Y,market_intelligence,1,2.6950,2.6950,2.6950,median,2.2975,3.0925,1.9000,3.4900,2.6950,2.6950,2.6950,2,2,runpod_secure|tensordock,5000.0,2,2,2,6,2,14,Medium,Provisional,2026-09-15,2026-09-15,v2.4.0
CRI-T3-H100-SXM-ALL-1yr-US,2026-09-15,T3,T3,H100,SXM,ALL,US,1Y,market_intelligence,1,2.6950,2.6950,2.6950,median,2.2975,3.0925,1.9000,3.4900,2.6950,2.6950,2.6950,2,2,runpod_secure|tensordock,5000.0,2,2,2,6,2,14,Medium,Provisional,2026-09-15,2026-09-15,v2.4.0
CRI-T3-H100-SXM-ALL-OD-ALL,2026-09-15,T3,T3,H100,SXM,ALL,ALL,OnDemand,citable,1,3.2871,3.2525,3.2525,median,2.8532,3.5150,1.7333,5.0700,3.2871,3.1841,3.1962,6,24,hyperbolic|massed_compute|runpod_community|runpod_secure|spheron|vast_ai,1666.7,6,24,6,72,6,172,High,Published,2026-09-15,2026-09-15,v2.4.0
CRI-T3-H100-SXM-ALL-OD-EU,2026-09-15,T3,T3,H100,SXM,ALL,EU,OnDemand,citable,1,3.3526,3.4900,3.4900,median,3.1194,3.5900,1.8667,5.0700,3.3526,3.3772,3.3746,4,12,hyperbolic|runpod_secure|spheron|vast_ai,2500.0,4,12,4,35,4,86,High,Published,2026-09-15,2026-09-15,v2.4.0
CRI-T3-H100-SXM-ALL-OD-US,2026-09-15,T3,T3,H100,SXM,ALL,US,OnDemand,citable,1,3.2215,3.0150,3.0150,median,2.5642,3.4900,1.7333,4.8500,3.2215,3.0015,3.0178,5,12,hyperbolic|massed_compute|runpod_community|runpod_secure|vast_ai,2000.0,5,12,5,37,5,86,High,Published,2026-09-15,2026-09-15,v2.4.0
CRI-T3-H100-SXM-GTD-1yr-ALL,2026-09-15,T3,T3,H100,SXM,GTD,ALL,1Y,market_intelligence,1,2.6950,2.6950,2.6950,median,2.2975,3.0925,1.9000,3.4900,2.6950,2.6950,2.6950,2,2,runpod_secure|tensordock,5000.0,2,2,2,6,2,14,Medium,Provisional,2026-09-15,2026-09-15,v2.4.0
CRI-T3-H100-SXM-GTD-1yr-US,2026-09-15,T3,T3,H100,SXM,GTD,US,1Y,market_intelligence,1,2.6950,2.6950,2.6950,median,2.2975,3.0925,1.9000,3.4900,2.6950,2.6950,2.6950,2,2,runpod_secure|tensordock,5000.0,2,2,2,6,2,14,Medium,Provisional,2026-09-15,2026-09-15,v2.4.0
CRI-T3-H100-SXM-GTD-OD-ALL,2026-09-15,T3,T3,H100,SXM,GTD,ALL,OnDemand,citable,1,3.3036,3.2525,3.2525,median,2.8525,3.5400,1.7333,5.0700,3.3036,3.1951,3.2078,6,23,hyperbolic|massed_compute|runpod_community|runpod_secure|spheron|vast_ai,1666.7,6,23,6,69,6,165,High,Published,2026-09-15,2026-09-15,v2.4.0
CRI-T3-H100-SXM-GTD-OD-EU,2026-09-15,T3,T3,H100,SXM,GTD,EU,OnDemand,citable,1,3.3930,3.4900,3.4900,median,3.3400,3.5900,1.8667,5.0700,3.3930,3.4190,3.4147,4,11,hyperbolic|runpod_secure|spheron|vast_ai,2500.0,4,11,4,32,4,79,High,Published,2026-09-15,2026-09-15,v2.4.0
CRI-T3-H100-SXM-GTD-OD-US,2026-09-15,T3,T3,H100,SXM,GTD,US,OnDemand,citable,1,3.2215,3.0150,3.0150,median,2.5642,3.4900,1.7333,4.8500,3.2215,3.0015,3.0178,5,12,hyperbolic|massed_compute|runpod_community|runpod_secure|vast_ai,2000.0,5,12,5,37,5,86,High,Published,2026-09-15,2026-09-15,v2.4.0
CRI-T3-H200-ALL-ALL-OD-ALL,2026-09-15,T3,T3,H200,ALL,ALL,ALL,OnDemand,citable,1,4.4568,4.6141,4.6141,median,3.8625,4.6600,1.9737,8.3553,4.4568,4.4007,4.3495,7,26,hyperbolic|massed_compute|runpod_cluster|runpod_community|runpod_secure|spheron|vast_ai,1428.6,7,26,7,80,7,188,High,Published,2026-09-15,2026-09-15,v2.4.0
CRI-T3-H200-ALL-ALL-OD-APAC,2026-09-15,T3,T3,H200,ALL,ALL,APAC,OnDemand,citable,3,4.3501,4.1101,4.1101,median,4.3501,4.5900,3.6303,4.5900,4.5900,4.3501,4.3335,2,4,runpod_secure|vast_ai,5000.0,1,1,2,4,2,10,Medium,Provisional,2026-09-13,2026-09-15,v2.4.0
CRI-T3-H200-ALL-ALL-OD-EU,2026-09-15,T3,T3,H200,ALL,ALL,EU,OnDemand,citable,1,5.0118,4.6491,4.6491,median,4.5900,5.5233,3.3615,8.3553,5.0118,4.7310,4.5960,4,11,hyperbolic|runpod_secure|spheron|vast_ai,2500.0,4,11,4,34,4,79,High,Published,2026-09-15,2026-09-15,v2.4.0
CRI-T3-H200-ALL-ALL-OD-Other,2026-09-15,T3,T3,H200,ALL,ALL,Other,OnDemand,citable,1,4.3933,4.2950,4.2950,median,4.2950,4.5900,4.0000,4.5900,4.3933,4.3933,4.3688,2,3,runpod_secure|vast_ai,5000.0,2,3,2,9,2,16,Medium,Provisional,2026-09-15,2026-09-15,v2.4.0
CRI-T3-H200-ALL-ALL-OD-US,2026-09-15,T3,T3,H200,ALL,ALL,US,OnDemand,citable,1,4.0498,3.9900,3.9900,median,3.7050,4.5900,1.9737,5.9150,4.0498,4.1565,4.1709,7,15,hyperbolic|massed_compute|runpod_cluster|runpod_community|runpod_secure|spheron|vast_ai,1428.6,7,15,7,46,7,109,High,Published,2026-09-15,2026-09-15,v2.4.0
CRI-T3-H200-ALL-GTD-OD-ALL,2026-09-15,T3,T3,H200,ALL,GTD,ALL,OnDemand,citable,1,4.6017,4.6250,4.6250,median,4.1500,4.7900,1.9737,8.3553,4.6017,4.5337,4.4749,7,23,hyperbolic|massed_compute|runpod_cluster|runpod_community|runpod_secure|spheron|vast_ai,1428.6,7,23,7,71,7,167,High,Published,2026-09-15,2026-09-15,v2.4.0
CRI-T3-H200-ALL-GTD-OD-APAC,2026-09-15,T3,T3,H200,ALL,GTD,APAC,OnDemand,citable,3,4.3501,4.1101,4.1101,median,4.3501,4.5900,3.6303,4.5900,4.5900,4.3501,4.3335,2,4,runpod_secure|vast_ai,5000.0,1,1,2,4,2,10,Medium,Provisional,2026-09-13,2026-09-15,v2.4.0
CRI-T3-H200-ALL-GTD-OD-EU,2026-09-15,T3,T3,H200,ALL,GTD,EU,OnDemand,citable,1,5.3785,5.2875,5.2875,median,4.5900,5.9150,4.5900,8.3553,5.3785,5.0262,4.8641,4,9,hyperbolic|runpod_secure|spheron|vast_ai,2500.0,4,9,4,28,4,65,High,Published,2026-09-15,2026-09-15,v2.4.0
CRI-T3-H200-ALL-GTD-OD-Other,2026-09-15,T3,T3,H200,ALL,GTD,Other,OnDemand,citable,1,4.3933,4.2950,4.2950,median,4.2950,4.5900,4.0000,4.5900,4.3933,4.3933,4.3688,2,3,runpod_secure|vast_ai,5000.0,2,3,2,9,2,16,Medium,Provisional,2026-09-15,2026-09-15,v2.4.0
CRI-T3-H200-ALL-GTD-OD-US,2026-09-15,T3,T3,H200,ALL,GTD,US,OnDemand,citable,1,4.1023,3.9900,3.9900,median,3.8625,4.5900,1.9737,5.9150,4.1023,4.2131,4.2269,7,14,hyperbolic|massed_compute|runpod_cluster|runpod_community|runpod_secure|spheron|vast_ai,1428.6,7,14,7,43,7,102,High,Published,2026-09-15,2026-09-15,v2.4.0
CRI-T3-H200-NVL-ALL-ALL-OD-ALL,2026-09-15,T3,T3,H200,ALL,ALL,ALL,OnDemand,citable,1,3.1571,3.8213,3.8213,median,3.6000,3.7900,0.5000,4.1053,3.1571,3.2448,3.2855,3,5,runpod_community|runpod_secure|vast_ai,3333.3,3,5,3,18,3,48,Medium,Published,2026-09-15,2026-09-15,v2.4.0
CRI-T3-H200-NVL-ALL-ALL-OD-US,2026-09-15,T3,T3,H200,ALL,ALL,US,OnDemand,citable,1,3.1571,3.8213,3.8213,median,3.6000,3.7900,0.5000,4.1053,3.1571,3.2004,3.2342,3,5,runpod_community|runpod_secure|vast_ai,3333.3,3,5,3,16,3,42,Medium,Published,2026-09-15,2026-09-15,v2.4.0
CRI-T3-H200-NVL-ALL-GTD-OD-ALL,2026-09-15,T3,T3,H200,ALL,GTD,ALL,OnDemand,citable,1,3.1571,3.8213,3.8213,median,3.6000,3.7900,0.5000,4.1053,3.1571,3.2448,3.2855,3,5,runpod_community|runpod_secure|vast_ai,3333.3,3,5,3,18,3,48,Medium,Published,2026-09-15,2026-09-15,v2.4.0
CRI-T3-H200-NVL-ALL-GTD-OD-US,2026-09-15,T3,T3,H200,ALL,GTD,US,OnDemand,citable,1,3.1571,3.8213,3.8213,median,3.6000,3.7900,0.5000,4.1053,3.1571,3.2004,3.2342,3,5,runpod_community|runpod_secure|vast_ai,3333.3,3,5,3,16,3,42,Medium,Published,2026-09-15,2026-09-15,v2.4.0
CRI-T3-H200-NVL-PCIe-ALL-OD-ALL,2026-09-15,T3,T3,H200,PCIe,ALL,ALL,OnDemand,citable,1,3.1571,3.8213,3.8213,median,3.6000,3.7900,0.5000,4.1053,3.1571,3.2448,3.2855,3,5,runpod_community|runpod_secure|vast_ai,3333.3,3,5,3,18,3,48,Medium,Published,2026-09-15,2026-09-15,v2.4.0
CRI-T3-H200-NVL-PCIe-ALL-OD-US,2026-09-15,T3,T3,H200,PCIe,ALL,US,OnDemand,citable,1,3.1571,3.8213,3.8213,median,3.6000,3.7900,0.5000,4.1053,3.1571,3.2004,3.2342,3,5,runpod_community|runpod_secure|vast_ai,3333.3,3,5,3,16,3,42,Medium,Published,2026-09-15,2026-09-15,v2.4.0
CRI-T3-H200-NVL-PCIe-GTD-OD-ALL,2026-09-15,T3,T3,H200,PCIe,GTD,ALL,OnDemand,citable,1,3.1571,3.8213,3.8213,median,3.6000,3.7900,0.5000,4.1053,3.1571,3.2448,3.2855,3,5,runpod_community|runpod_secure|vast_ai,3333.3,3,5,3,18,3,48,Medium,Published,2026-09-15,2026-09-15,v2.4.0
CRI-T3-H200-NVL-PCIe-GTD-OD-US,2026-09-15,T3,T3,H200,PCIe,GTD,US,OnDemand,citable,1,3.1571,3.8213,3.8213,median,3.6000,3.7900,0.5000,4.1053,3.1571,3.2004,3.2342,3,5,runpod_community|runpod_secure|vast_ai,3333.3,3,5,3,16,3,42,Medium,Published,2026-09-15,2026-09-15,v2.4.0
CRI-T3-H200-SXM-ALL-OD-ALL,2026-09-15,T3,T3,H200,SXM,ALL,ALL,OnDemand,citable,1,4.4568,4.6141,4.6141,median,3.8625,4.6600,1.9737,8.3553,4.4568,4.4007,4.3495,7,26,hyperbolic|massed_compute|runpod_cluster|runpod_community|runpod_secure|spheron|vast_ai,1428.6,7,26,7,80,7,188,High,Published,2026-09-15,2026-09-15,v2.4.0
CRI-T3-H200-SXM-ALL-OD-EU,2026-09-15,T3,T3,H200,SXM,ALL,EU,OnDemand,citable,1,5.0118,4.6491,4.6491,median,4.5900,5.5233,3.3615,8.3553,5.0118,4.7310,4.5960,4,11,hyperbolic|runpod_secure|spheron|vast_ai,2500.0,4,11,4,34,4,79,High,Published,2026-09-15,2026-09-15,v2.4.0
CRI-T3-H200-SXM-ALL-OD-US,2026-09-15,T3,T3,H200,SXM,ALL,US,OnDemand,citable,1,4.0498,3.9900,3.9900,median,3.7050,4.5900,1.9737,5.9150,4.0498,4.1565,4.1709,7,15,hyperbolic|massed_compute|runpod_cluster|runpod_community|runpod_secure|spheron|vast_ai,1428.6,7,15,7,46,7,109,High,Published,2026-09-15,2026-09-15,v2.4.0
CRI-T3-H200-SXM-GTD-OD-ALL,2026-09-15,T3,T3,H200,SXM,GTD,ALL,OnDemand,citable,1,4.6017,4.6250,4.6250,median,4.1500,4.7900,1.9737,8.3553,4.6017,4.5337,4.4749,7,23,hyperbolic|massed_compute|runpod_cluster|runpod_community|runpod_secure|spheron|vast_ai,1428.6,7,23,7,71,7,167,High,Published,2026-09-15,2026-09-15,v2.4.0
CRI-T3-H200-SXM-GTD-OD-EU,2026-09-15,T3,T3,H200,SXM,GTD,EU,OnDemand,citable,1,5.3785,5.2875,5.2875,median,4.5900,5.9150,4.5900,8.3553,5.3785,5.0262,4.8641,4,9,hyperbolic|runpod_secure|spheron|vast_ai,2500.0,4,9,4,28,4,65,High,Published,2026-09-15,2026-09-15,v2.4.0
CRI-T3-H200-SXM-GTD-OD-US,2026-09-15,T3,T3,H200,SXM,GTD,US,OnDemand,citable,1,4.1023,3.9900,3.9900,median,3.8625,4.5900,1.9737,5.9150,4.1023,4.2131,4.2269,7,14,hyperbolic|massed_compute|runpod_cluster|runpod_community|runpod_secure|spheron|vast_ai,1428.6,7,14,7,43,7,102,High,Published,2026-09-15,2026-09-15,v2.4.0
CRI-T3-L4-ALL-ALL-OD-US,2026-09-15,T3,T3,L4,ALL,ALL,US,OnDemand,citable,1,0.4733,0.4650,0.4650,median,0.4650,0.4900,0.4400,0.4900,0.4733,0.4733,0.4733,2,3,runpod_community|runpod_secure,5000.0,2,3,2,9,2,21,Medium,Provisional,2026-09-15,2026-09-15,v2.4.0
CRI-T3-L4-ALL-GTD-OD-US,2026-09-15,T3,T3,L4,ALL,GTD,US,OnDemand,citable,1,0.4733,0.4650,0.4650,median,0.4650,0.4900,0.4400,0.4900,0.4733,0.4733,0.4733,2,3,runpod_community|runpod_secure,5000.0,2,3,2,9,2,21,Medium,Provisional,2026-09-15,2026-09-15,v2.4.0
CRI-T3-L4-PCIe-ALL-OD-US,2026-09-15,T3,T3,L4,PCIe,ALL,US,OnDemand,citable,1,0.4733,0.4650,0.4650,median,0.4650,0.4900,0.4400,0.4900,0.4733,0.4733,0.4733,2,3,runpod_community|runpod_secure,5000.0,2,3,2,9,2,21,Medium,Provisional,2026-09-15,2026-09-15,v2.4.0
CRI-T3-L4-PCIe-GTD-OD-US,2026-09-15,T3,T3,L4,PCIe,GTD,US,OnDemand,citable,1,0.4733,0.4650,0.4650,median,0.4650,0.4900,0.4400,0.4900,0.4733,0.4733,0.4733,2,3,runpod_community|runpod_secure,5000.0,2,3,2,9,2,21,Medium,Provisional,2026-09-15,2026-09-15,v2.4.0
CRI-T3-L40-ALL-ALL-OD-ALL,2026-09-15,T3,T3,L40,ALL,ALL,ALL,OnDemand,citable,1,0.8333,0.8400,0.8400,median,0.8200,0.8500,0.6900,0.9900,0.8333,0.7953,0.7929,4,6,massed_compute|runpod_community|runpod_secure|thunder_compute,2500.0,4,6,5,20,5,47,High,Published,2026-09-15,2026-09-15,v2.4.0
CRI-T3-L40-ALL-ALL-OD-EU,2026-09-15,T3,T3,L40,ALL,ALL,EU,OnDemand,citable,3,0.6733,0.6366,0.6366,median,0.4533,0.8200,0.4533,0.8200,0.8200,0.6733,0.6672,2,5,runpod_secure|vast_ai,5000.0,1,1,2,5,2,12,Medium,Provisional,2026-09-13,2026-09-15,v2.4.0
CRI-T3-L40-ALL-ALL-OD-Other,2026-09-15,T3,T3,L40,ALL,ALL,Other,OnDemand,citable,1,0.8833,0.7242,0.7242,median,0.7448,1.1083,0.3334,1.2600,0.8833,0.9332,0.9302,2,4,spheron|vast_ai,5000.0,2,4,2,11,2,26,Medium,Provisional,2026-09-15,2026-09-15,v2.4.0
CRI-T3-L40-ALL-ALL-OD-US,2026-09-15,T3,T3,L40,ALL,ALL,US,OnDemand,citable,1,0.8360,0.8400,0.8400,median,0.8200,0.8600,0.6900,0.9900,0.8360,0.8360,0.8360,4,5,massed_compute|runpod_community|runpod_secure|thunder_compute,2500.0,4,5,4,15,4,35,High,Published,2026-09-15,2026-09-15,v2.4.0
CRI-T3-L40-ALL-GTD-OD-ALL,2026-09-15,T3,T3,L40,ALL,GTD,ALL,OnDemand,citable,1,0.8333,0.8400,0.8400,median,0.8200,0.8500,0.6900,0.9900,0.8333,0.7953,0.7929,4,6,massed_compute|runpod_community|runpod_secure|thunder_compute,2500.0,4,6,5,20,5,47,High,Published,2026-09-15,2026-09-15,v2.4.0
CRI-T3-L40-ALL-GTD-OD-EU,2026-09-15,T3,T3,L40,ALL,GTD,EU,OnDemand,citable,3,0.6733,0.6366,0.6366,median,0.4533,0.8200,0.4533,0.8200,0.8200,0.6733,0.6672,2,5,runpod_secure|vast_ai,5000.0,1,1,2,5,2,12,Medium,Provisional,2026-09-13,2026-09-15,v2.4.0
CRI-T3-L40-ALL-GTD-OD-Other,2026-09-15,T3,T3,L40,ALL,GTD,Other,OnDemand,citable,1,0.8837,0.7461,0.7461,median,0.6956,1.1589,0.3334,1.2600,0.8837,0.9524,0.9479,2,3,spheron|vast_ai,5000.0,2,3,2,8,2,19,Medium,Provisional,2026-09-15,2026-09-15,v2.4.0
CRI-T3-L40-ALL-GTD-OD-US,2026-09-15,T3,T3,L40,ALL,GTD,US,OnDemand,citable,1,0.8360,0.8400,0.8400,median,0.8200,0.8600,0.6900,0.9900,0.8360,0.8360,0.8360,4,5,massed_compute|runpod_community|runpod_secure|thunder_compute,2500.0,4,5,4,15,4,35,High,Published,2026-09-15,2026-09-15,v2.4.0
CRI-T3-L40-PCIe-ALL-OD-ALL,2026-09-15,T3,T3,L40,PCIe,ALL,ALL,OnDemand,citable,1,0.8333,0.8400,0.8400,median,0.8200,0.8500,0.6900,0.9900,0.8333,0.7953,0.7929,4,6,massed_compute|runpod_community|runpod_secure|thunder_compute,2500.0,4,6,5,20,5,47,High,Published,2026-09-15,2026-09-15,v2.4.0
CRI-T3-L40-PCIe-ALL-OD-EU,2026-09-15,T3,T3,L40,PCIe,ALL,EU,OnDemand,citable,3,0.6733,0.6366,0.6366,median,0.4533,0.8200,0.4533,0.8200,0.8200,0.6733,0.6672,2,5,runpod_secure|vast_ai,5000.0,1,1,2,5,2,12,Medium,Provisional,2026-09-13,2026-09-15,v2.4.0
CRI-T3-L40-PCIe-ALL-OD-US,2026-09-15,T3,T3,L40,PCIe,ALL,US,OnDemand,citable,1,0.8360,0.8400,0.8400,median,0.8200,0.8600,0.6900,0.9900,0.8360,0.8360,0.8360,4,5,massed_compute|runpod_community|runpod_secure|thunder_compute,2500.0,4,5,4,15,4,35,High,Published,2026-09-15,2026-09-15,v2.4.0
CRI-T3-L40-PCIe-GTD-OD-ALL,2026-09-15,T3,T3,L40,PCIe,GTD,ALL,OnDemand,citable,1,0.8333,0.8400,0.8400,median,0.8200,0.8500,0.6900,0.9900,0.8333,0.7953,0.7929,4,6,massed_compute|runpod_community|runpod_secure|thunder_compute,2500.0,4,6,5,20,5,47,High,Published,2026-09-15,2026-09-15,v2.4.0
CRI-T3-L40-PCIe-GTD-OD-EU,2026-09-15,T3,T3,L40,PCIe,GTD,EU,OnDemand,citable,3,0.6733,0.6366,0.6366,median,0.4533,0.8200,0.4533,0.8200,0.8200,0.6733,0.6672,2,5,runpod_secure|vast_ai,5000.0,1,1,2,5,2,12,Medium,Provisional,2026-09-13,2026-09-15,v2.4.0
CRI-T3-L40-PCIe-GTD-OD-US,2026-09-15,T3,T3,L40,PCIe,GTD,US,OnDemand,citable,1,0.8360,0.8400,0.8400,median,0.8200,0.8600,0.6900,0.9900,0.8360,0.8360,0.8360,4,5,massed_compute|runpod_community|runpod_secure|thunder_compute,2500.0,4,5,4,15,4,35,High,Published,2026-09-15,2026-09-15,v2.4.0
CRI-T3-L40S-ALL-ALL-OD-ALL,2026-09-15,T3,T3,L40S,ALL,ALL,ALL,OnDemand,citable,1,1.2536,0.9700,0.9700,median,1.0000,1.0900,0.5333,3.8448,1.2536,1.2267,1.2134,5,14,massed_compute|runpod_community|runpod_secure|spheron|vast_ai,2000.0,5,14,5,44,5,105,High,Published,2026-09-15,2026-09-15,v2.4.0
CRI-T3-L40S-ALL-ALL-OD-APAC,2026-09-15,T3,T3,L40S,ALL,ALL,APAC,OnDemand,citable,1,0.7189,0.8117,0.8117,median,0.5333,0.8450,0.4667,1.0900,0.7189,0.7041,0.7115,2,3,runpod_secure|vast_ai,5000.0,2,3,2,9,2,20,Medium,Provisional,2026-09-15,2026-09-15,v2.4.0
CRI-T3-L40S-ALL-ALL-OD-EU,2026-09-15,T3,T3,L40S,ALL,ALL,EU,OnDemand,citable,1,1.7433,1.0900,1.0900,median,1.0900,2.0250,0.6667,3.8448,1.7433,1.6378,1.5994,3,5,runpod_secure|spheron|vast_ai,3333.3,3,5,3,17,3,41,Medium,Published,2026-09-15,2026-09-15,v2.4.0
CRI-T3-L40S-ALL-ALL-OD-US,2026-09-15,T3,T3,L40S,ALL,ALL,US,OnDemand,citable,1,0.9815,0.8800,0.8800,median,0.9700,1.0900,0.5333,1.0900,0.9815,0.9678,0.9660,4,9,massed_compute|runpod_community|runpod_secure|vast_ai,2500.0,4,9,4,27,4,64,High,Published,2026-09-15,2026-09-15,v2.4.0
CRI-T3-L40S-ALL-GTD-OD-ALL,2026-09-15,T3,T3,L40S,ALL,GTD,ALL,OnDemand,citable,1,1.1942,0.9700,0.9700,median,0.9700,1.0900,0.5333,3.8448,1.1942,1.1682,1.1554,5,13,massed_compute|runpod_community|runpod_secure|spheron|vast_ai,2000.0,5,13,5,41,5,98,High,Published,2026-09-15,2026-09-15,v2.4.0
CRI-T3-L40S-ALL-GTD-OD-APAC,2026-09-15,T3,T3,L40S,ALL,GTD,APAC,OnDemand,citable,1,0.7189,0.8117,0.8117,median,0.5333,0.8450,0.4667,1.0900,0.7189,0.7041,0.7115,2,3,runpod_secure|vast_ai,5000.0,2,3,2,9,2,20,Medium,Provisional,2026-09-15,2026-09-15,v2.4.0
CRI-T3-L40S-ALL-GTD-OD-EU,2026-09-15,T3,T3,L40S,ALL,GTD,EU,OnDemand,citable,1,1.6729,1.0900,1.0900,median,0.9842,1.7787,0.6667,3.8448,1.6729,1.5549,1.5118,3,4,runpod_secure|spheron|vast_ai,3333.3,3,4,3,14,3,34,Medium,Provisional,2026-09-15,2026-09-15,v2.4.0
CRI-T3-L40S-ALL-GTD-OD-US,2026-09-15,T3,T3,L40S,ALL,GTD,US,OnDemand,citable,1,0.9815,0.8800,0.8800,median,0.9700,1.0900,0.5333,1.0900,0.9815,0.9678,0.9660,4,9,massed_compute|runpod_community|runpod_secure|vast_ai,2500.0,4,9,4,27,4,64,High,Published,2026-09-15,2026-09-15,v2.4.0
CRI-T3-L40S-PCIe-ALL-OD-ALL,2026-09-15,T3,T3,L40S,PCIe,ALL,ALL,OnDemand,citable,1,1.2536,0.9700,0.9700,median,1.0000,1.0900,0.5333,3.8448,1.2536,1.2267,1.2134,5,14,massed_compute|runpod_community|runpod_secure|spheron|vast_ai,2000.0,5,14,5,44,5,105,High,Published,2026-09-15,2026-09-15,v2.4.0
CRI-T3-L40S-PCIe-ALL-OD-EU,2026-09-15,T3,T3,L40S,PCIe,ALL,EU,OnDemand,citable,1,1.7433,1.0900,1.0900,median,1.0900,2.0250,0.6667,3.8448,1.7433,1.6378,1.5994,3,5,runpod_secure|spheron|vast_ai,3333.3,3,5,3,17,3,41,Medium,Published,2026-09-15,2026-09-15,v2.4.0
CRI-T3-L40S-PCIe-ALL-OD-US,2026-09-15,T3,T3,L40S,PCIe,ALL,US,OnDemand,citable,1,0.9815,0.8800,0.8800,median,0.9700,1.0900,0.5333,1.0900,0.9815,0.9678,0.9660,4,9,massed_compute|runpod_community|runpod_secure|vast_ai,2500.0,4,9,4,27,4,64,High,Published,2026-09-15,2026-09-15,v2.4.0
CRI-T3-L40S-PCIe-GTD-OD-ALL,2026-09-15,T3,T3,L40S,PCIe,GTD,ALL,OnDemand,citable,1,1.1942,0.9700,0.9700,median,0.9700,1.0900,0.5333,3.8448,1.1942,1.1682,1.1554,5,13,massed_compute|runpod_community|runpod_secure|spheron|vast_ai,2000.0,5,13,5,41,5,98,High,Published,2026-09-15,2026-09-15,v2.4.0
CRI-T3-L40S-PCIe-GTD-OD-EU,2026-09-15,T3,T3,L40S,PCIe,GTD,EU,OnDemand,citable,1,1.6729,1.0900,1.0900,median,0.9842,1.7787,0.6667,3.8448,1.6729,1.5549,1.5118,3,4,runpod_secure|spheron|vast_ai,3333.3,3,4,3,14,3,34,Medium,Provisional,2026-09-15,2026-09-15,v2.4.0
CRI-T3-L40S-PCIe-GTD-OD-US,2026-09-15,T3,T3,L40S,PCIe,GTD,US,OnDemand,citable,1,0.9815,0.8800,0.8800,median,0.9700,1.0900,0.5333,1.0900,0.9815,0.9678,0.9660,4,9,massed_compute|runpod_community|runpod_secure|vast_ai,2500.0,4,9,4,27,4,64,High,Published,2026-09-15,2026-09-15,v2.4.0
CRI-T3-RTX-6000-Ada-ALL-ALL-OD-ALL,2026-09-15,T3,T3,RTX6000Ada,ALL,ALL,ALL,OnDemand,citable,1,0.7315,0.7700,0.7700,median,0.7000,0.8400,0.4533,0.8400,0.7315,0.7277,0.7332,3,11,runpod_community|runpod_secure|vast_ai,3333.3,3,11,3,32,3,71,Medium,Published,2026-09-15,2026-09-15,v2.4.0
CRI-T3-RTX-6000-Ada-ALL-ALL-OD-US,2026-09-15,T3,T3,RTX6000Ada,ALL,ALL,US,OnDemand,citable,1,0.7857,0.7700,0.7700,median,0.7367,0.8400,0.6667,0.8400,0.7857,0.7771,0.7768,3,7,runpod_community|runpod_secure|vast_ai,3333.3,3,7,3,23,3,52,Medium,Published,2026-09-15,2026-09-15,v2.4.0
CRI-T3-RTX-6000-Ada-ALL-GTD-OD-ALL,2026-09-15,T3,T3,RTX6000Ada,ALL,GTD,ALL,OnDemand,citable,1,0.7315,0.7700,0.7700,median,0.7000,0.8400,0.4533,0.8400,0.7315,0.7277,0.7332,3,11,runpod_community|runpod_secure|vast_ai,3333.3,3,11,3,32,3,71,Medium,Published,2026-09-15,2026-09-15,v2.4.0
CRI-T3-RTX-6000-Ada-ALL-GTD-OD-US,2026-09-15,T3,T3,RTX6000Ada,ALL,GTD,US,OnDemand,citable,1,0.7857,0.7700,0.7700,median,0.7367,0.8400,0.6667,0.8400,0.7857,0.7771,0.7768,3,7,runpod_community|runpod_secure|vast_ai,3333.3,3,7,3,23,3,52,Medium,Published,2026-09-15,2026-09-15,v2.4.0
CRI-T3-RTX-6000-Ada-PCIe-ALL-OD-ALL,2026-09-15,T3,T3,RTX6000Ada,PCIe,ALL,ALL,OnDemand,citable,1,0.7315,0.7700,0.7700,median,0.7000,0.8400,0.4533,0.8400,0.7315,0.7277,0.7332,3,11,runpod_community|runpod_secure|vast_ai,3333.3,3,11,3,32,3,71,Medium,Published,2026-09-15,2026-09-15,v2.4.0
CRI-T3-RTX-6000-Ada-PCIe-ALL-OD-US,2026-09-15,T3,T3,RTX6000Ada,PCIe,ALL,US,OnDemand,citable,1,0.7857,0.7700,0.7700,median,0.7367,0.8400,0.6667,0.8400,0.7857,0.7771,0.7768,3,7,runpod_community|runpod_secure|vast_ai,3333.3,3,7,3,23,3,52,Medium,Published,2026-09-15,2026-09-15,v2.4.0
CRI-T3-RTX-6000-Ada-PCIe-GTD-OD-ALL,2026-09-15,T3,T3,RTX6000Ada,PCIe,GTD,ALL,OnDemand,citable,1,0.7315,0.7700,0.7700,median,0.7000,0.8400,0.4533,0.8400,0.7315,0.7277,0.7332,3,11,runpod_community|runpod_secure|vast_ai,3333.3,3,11,3,32,3,71,Medium,Published,2026-09-15,2026-09-15,v2.4.0
CRI-T3-RTX-6000-Ada-PCIe-GTD-OD-US,2026-09-15,T3,T3,RTX6000Ada,PCIe,GTD,US,OnDemand,citable,1,0.7857,0.7700,0.7700,median,0.7367,0.8400,0.6667,0.8400,0.7857,0.7771,0.7768,3,7,runpod_community|runpod_secure|vast_ai,3333.3,3,7,3,23,3,52,Medium,Published,2026-09-15,2026-09-15,v2.4.0
CRI-T3-RTX-A6000-ALL-ALL-OD-ALL,2026-09-15,T3,T3,A6000,ALL,ALL,ALL,OnDemand,citable,1,0.4358,0.4437,0.4437,median,0.3437,0.5300,0.2800,0.5300,0.4358,0.4228,0.4098,3,7,runpod_community|runpod_secure|vast_ai,3333.3,3,7,3,22,3,56,Medium,Published,2026-09-15,2026-09-15,v2.4.0
CRI-T3-RTX-A6000-ALL-ALL-OD-EU,2026-09-15,T3,T3,A6000,ALL,ALL,EU,OnDemand,citable,1,0.3891,0.4244,0.4244,median,0.3187,0.4437,0.2800,0.5300,0.3891,0.3865,0.3735,2,3,runpod_secure|vast_ai,5000.0,2,3,2,12,2,32,Medium,Provisional,2026-09-15,2026-09-15,v2.4.0
CRI-T3-RTX-A6000-ALL-ALL-OD-US,2026-09-15,T3,T3,A6000,ALL,ALL,US,OnDemand,citable,1,0.4708,0.4933,0.4933,median,0.4525,0.5300,0.3300,0.5300,0.4708,0.4663,0.4582,3,4,runpod_community|runpod_secure|vast_ai,3333.3,3,4,3,10,3,24,Medium,Provisional,2026-09-15,2026-09-15,v2.4.0
CRI-T3-RTX-A6000-ALL-GTD-OD-ALL,2026-09-15,T3,T3,A6000,ALL,GTD,ALL,OnDemand,citable,1,0.4358,0.4437,0.4437,median,0.3437,0.5300,0.2800,0.5300,0.4358,0.4228,0.4098,3,7,runpod_community|runpod_secure|vast_ai,3333.3,3,7,3,22,3,56,Medium,Published,2026-09-15,2026-09-15,v2.4.0
CRI-T3-RTX-A6000-ALL-GTD-OD-EU,2026-09-15,T3,T3,A6000,ALL,GTD,EU,OnDemand,citable,1,0.3891,0.4244,0.4244,median,0.3187,0.4437,0.2800,0.5300,0.3891,0.3865,0.3735,2,3,runpod_secure|vast_ai,5000.0,2,3,2,12,2,32,Medium,Provisional,2026-09-15,2026-09-15,v2.4.0
CRI-T3-RTX-A6000-ALL-GTD-OD-US,2026-09-15,T3,T3,A6000,ALL,GTD,US,OnDemand,citable,1,0.4708,0.4933,0.4933,median,0.4525,0.5300,0.3300,0.5300,0.4708,0.4663,0.4582,3,4,runpod_community|runpod_secure|vast_ai,3333.3,3,4,3,10,3,24,Medium,Provisional,2026-09-15,2026-09-15,v2.4.0
CRI-T3-RTX-A6000-PCIe-ALL-OD-ALL,2026-09-15,T3,T3,A6000,PCIe,ALL,ALL,OnDemand,citable,1,0.4358,0.4437,0.4437,median,0.3437,0.5300,0.2800,0.5300,0.4358,0.4228,0.4098,3,7,runpod_community|runpod_secure|vast_ai,3333.3,3,7,3,22,3,56,Medium,Published,2026-09-15,2026-09-15,v2.4.0
CRI-T3-RTX-A6000-PCIe-ALL-OD-EU,2026-09-15,T3,T3,A6000,PCIe,ALL,EU,OnDemand,citable,1,0.3891,0.4244,0.4244,median,0.3187,0.4437,0.2800,0.5300,0.3891,0.3865,0.3735,2,3,runpod_secure|vast_ai,5000.0,2,3,2,12,2,32,Medium,Provisional,2026-09-15,2026-09-15,v2.4.0
CRI-T3-RTX-A6000-PCIe-ALL-OD-US,2026-09-15,T3,T3,A6000,PCIe,ALL,US,OnDemand,citable,1,0.4708,0.4933,0.4933,median,0.4525,0.5300,0.3300,0.5300,0.4708,0.4663,0.4582,3,4,runpod_community|runpod_secure|vast_ai,3333.3,3,4,3,10,3,24,Medium,Provisional,2026-09-15,2026-09-15,v2.4.0
CRI-T3-RTX-A6000-PCIe-GTD-OD-ALL,2026-09-15,T3,T3,A6000,PCIe,GTD,ALL,OnDemand,citable,1,0.4358,0.4437,0.4437,median,0.3437,0.5300,0.2800,0.5300,0.4358,0.4228,0.4098,3,7,runpod_community|runpod_secure|vast_ai,3333.3,3,7,3,22,3,56,Medium,Published,2026-09-15,2026-09-15,v2.4.0
CRI-T3-RTX-A6000-PCIe-GTD-OD-EU,2026-09-15,T3,T3,A6000,PCIe,GTD,EU,OnDemand,citable,1,0.3891,0.4244,0.4244,median,0.3187,0.4437,0.2800,0.5300,0.3891,0.3865,0.3735,2,3,runpod_secure|vast_ai,5000.0,2,3,2,12,2,32,Medium,Provisional,2026-09-15,2026-09-15,v2.4.0
CRI-T3-RTX-A6000-PCIe-GTD-OD-US,2026-09-15,T3,T3,A6000,PCIe,GTD,US,OnDemand,citable,1,0.4708,0.4933,0.4933,median,0.4525,0.5300,0.3300,0.5300,0.4708,0.4663,0.4582,3,4,runpod_community|runpod_secure|vast_ai,3333.3,3,4,3,10,3,24,Medium,Provisional,2026-09-15,2026-09-15,v2.4.0
CRI-T3-RTX-PRO-6000-ALL-ALL-OD-ALL,2026-09-15,T3,T3,RTXPRO6000,ALL,ALL,ALL,OnDemand,citable,1,1.6370,1.8409,1.8409,median,1.2890,2.0900,0.7333,2.8000,1.6370,1.6995,1.7183,4,46,runpod_community|runpod_secure|spheron|vast_ai,2500.0,4,46,4,145,4,314,High,Published,2026-09-15,2026-09-15,v2.4.0
CRI-T3-RTX-PRO-6000-ALL-ALL-OD-EU,2026-09-15,T3,T3,RTXPRO6000,ALL,ALL,EU,OnDemand,citable,1,1.6486,1.7783,1.7783,median,1.2824,2.0900,1.0000,2.5000,1.6486,1.7223,1.7702,3,20,runpod_secure|spheron|vast_ai,3333.3,3,20,3,63,3,133,Medium,Published,2026-09-15,2026-09-15,v2.4.0
CRI-T3-RTX-PRO-6000-ALL-ALL-OD-Other,2026-09-15,T3,T3,RTXPRO6000,ALL,ALL,Other,OnDemand,citable,1,1.5252,1.7617,1.7617,median,1.3133,1.7866,0.9200,2.0900,1.5252,1.4820,1.4786,2,7,runpod_secure|vast_ai,5000.0,2,7,2,22,2,46,Medium,Provisional,2026-09-15,2026-09-15,v2.4.0
CRI-T3-RTX-PRO-6000-ALL-ALL-OD-US,2026-09-15,T3,T3,RTXPRO6000,ALL,ALL,US,OnDemand,citable,1,1.6280,1.7770,1.7770,median,1.3007,2.0900,0.7333,2.8000,1.6280,1.6819,1.6801,4,26,runpod_community|runpod_secure|spheron|vast_ai,2500.0,4,26,4,82,4,181,High,Published,2026-09-15,2026-09-15,v2.4.0
CRI-T3-RTX-PRO-6000-ALL-GTD-OD-ALL,2026-09-15,T3,T3,RTXPRO6000,ALL,GTD,ALL,OnDemand,citable,1,1.6521,2.0900,2.0900,median,1.2866,2.0900,0.7333,2.8000,1.6521,1.7165,1.7375,4,44,runpod_community|runpod_secure|spheron|vast_ai,2500.0,4,44,4,139,4,300,High,Published,2026-09-15,2026-09-15,v2.4.0
CRI-T3-RTX-PRO-6000-ALL-GTD-OD-EU,2026-09-15,T3,T3,RTXPRO6000,ALL,GTD,EU,OnDemand,citable,1,1.6676,1.7783,1.7783,median,1.3134,2.0900,1.0000,2.5000,1.6676,1.7440,1.7970,3,19,runpod_secure|spheron|vast_ai,3333.3,3,19,3,60,3,126,Medium,Published,2026-09-15,2026-09-15,v2.4.0
CRI-T3-RTX-PRO-6000-ALL-GTD-OD-Other,2026-09-15,T3,T3,RTXPRO6000,ALL,GTD,Other,OnDemand,citable,1,1.5252,1.7617,1.7617,median,1.3133,1.7866,0.9200,2.0900,1.5252,1.4820,1.4786,2,7,runpod_secure|vast_ai,5000.0,2,7,2,22,2,46,Medium,Provisional,2026-09-15,2026-09-15,v2.4.0
CRI-T3-RTX-PRO-6000-ALL-GTD-OD-US,2026-09-15,T3,T3,RTXPRO6000,ALL,GTD,US,OnDemand,citable,1,1.6402,1.8900,1.8900,median,1.2933,2.0900,0.7333,2.8000,1.6402,1.6956,1.6945,4,25,runpod_community|runpod_secure|spheron|vast_ai,2500.0,4,25,4,79,4,174,High,Published,2026-09-15,2026-09-15,v2.4.0
CRI-T3-RTX-PRO-6000-PCIe-ALL-OD-ALL,2026-09-15,T3,T3,RTXPRO6000,PCIe,ALL,ALL,OnDemand,citable,1,1.6370,1.8409,1.8409,median,1.2890,2.0900,0.7333,2.8000,1.6370,1.6995,1.7183,4,46,runpod_community|runpod_secure|spheron|vast_ai,2500.0,4,46,4,145,4,314,High,Published,2026-09-15,2026-09-15,v2.4.0
CRI-T3-RTX-PRO-6000-PCIe-ALL-OD-EU,2026-09-15,T3,T3,RTXPRO6000,PCIe,ALL,EU,OnDemand,citable,1,1.6486,1.7783,1.7783,median,1.2824,2.0900,1.0000,2.5000,1.6486,1.7223,1.7702,3,20,runpod_secure|spheron|vast_ai,3333.3,3,20,3,63,3,133,Medium,Published,2026-09-15,2026-09-15,v2.4.0
CRI-T3-RTX-PRO-6000-PCIe-ALL-OD-US,2026-09-15,T3,T3,RTXPRO6000,PCIe,ALL,US,OnDemand,citable,1,1.6280,1.7770,1.7770,median,1.3007,2.0900,0.7333,2.8000,1.6280,1.6819,1.6801,4,26,runpod_community|runpod_secure|spheron|vast_ai,2500.0,4,26,4,82,4,181,High,Published,2026-09-15,2026-09-15,v2.4.0
CRI-T3-RTX-PRO-6000-PCIe-GTD-OD-ALL,2026-09-15,T3,T3,RTXPRO6000,PCIe,GTD,ALL,OnDemand,citable,1,1.6521,2.0900,2.0900,median,1.2866,2.0900,0.7333,2.8000,1.6521,1.7165,1.7375,4,44,runpod_community|runpod_secure|spheron|vast_ai,2500.0,4,44,4,139,4,300,High,Published,2026-09-15,2026-09-15,v2.4.0
CRI-T3-RTX-PRO-6000-PCIe-GTD-OD-EU,2026-09-15,T3,T3,RTXPRO6000,PCIe,GTD,EU,OnDemand,citable,1,1.6676,1.7783,1.7783,median,1.3134,2.0900,1.0000,2.5000,1.6676,1.7440,1.7970,3,19,runpod_secure|spheron|vast_ai,3333.3,3,19,3,60,3,126,Medium,Published,2026-09-15,2026-09-15,v2.4.0
CRI-T3-RTX-PRO-6000-PCIe-GTD-OD-US,2026-09-15,T3,T3,RTXPRO6000,PCIe,GTD,US,OnDemand,citable,1,1.6402,1.8900,1.8900,median,1.2933,2.0900,0.7333,2.8000,1.6402,1.6956,1.6945,4,25,runpod_community|runpod_secure|spheron|vast_ai,2500.0,4,25,4,79,4,174,High,Published,2026-09-15,2026-09-15,v2.4.0
CRI-T3-V100-16GB-ALL-ALL-OD-US,2026-09-15,T3,T3,V100,ALL,ALL,US,OnDemand,citable,1,0.2100,0.2100,0.2100,median,0.2000,0.2200,0.1900,0.2300,0.2100,0.2100,0.2100,2,2,runpod_community|tensordock,5000.0,2,2,2,6,2,14,Medium,Provisional,2026-09-15,2026-09-15,v2.4.0
CRI-T3-V100-16GB-ALL-GTD-OD-US,2026-09-15,T3,T3,V100,ALL,GTD,US,OnDemand,citable,1,0.2100,0.2100,0.2100,median,0.2000,0.2200,0.1900,0.2300,0.2100,0.2100,0.2100,2,2,runpod_community|tensordock,5000.0,2,2,2,6,2,14,Medium,Provisional,2026-09-15,2026-09-15,v2.4.0
CRI-T3-V100-16GB-SXM-ALL-OD-US,2026-09-15,T3,T3,V100,SXM,ALL,US,OnDemand,citable,1,0.2100,0.2100,0.2100,median,0.2000,0.2200,0.1900,0.2300,0.2100,0.2100,0.2100,2,2,runpod_community|tensordock,5000.0,2,2,2,6,2,14,Medium,Provisional,2026-09-15,2026-09-15,v2.4.0
CRI-T3-V100-16GB-SXM-GTD-OD-US,2026-09-15,T3,T3,V100,SXM,GTD,US,OnDemand,citable,1,0.2100,0.2100,0.2100,median,0.2000,0.2200,0.1900,0.2300,0.2100,0.2100,0.2100,2,2,runpod_community|tensordock,5000.0,2,2,2,6,2,14,Medium,Provisional,2026-09-15,2026-09-15,v2.4.0
