series_id,as_of_date,factory_type,operator_tier,gpu_model,form_factor,interruptibility,region,commitment_term,product_class,headline_window_days,price_mean_usd_per_gpu_hour,price_median,price_headline,headline_stat,price_p25,price_p75,price_min,price_max,price_mean_1d,price_mean_3d,price_mean_7d,n_sources,n_observations,contributing_sources,hhi,n_sources_1d,n_observations_1d,n_sources_3d,n_observations_3d,n_sources_7d,n_observations_7d,confidence_level,promotion_status,window_start,window_end,methodology_version,construction,modeled_shape,modeled_gap_pct,modeled_print_streak,anchor_tenor,anchor_series,shape_inputs_published,anchor_n_sources,modeled_preferred
CRI-DIF-3090-ALL-ALL-1yr-ALL,2026-09-23,DIF,,3090,ALL,ALL,ALL,1Y,market_intelligence,7,0.5000,0.5000,0.5000,median,0.5000,0.5000,0.5000,0.5000,0.5000,0.5000,0.5000,1,7,runpod_secure,10000.0,1,1,1,3,1,7,Low,Shadow,2026-09-17,2026-09-23,v2.4.0,direct,,,,,,,,
CRI-DIF-3090-ALL-ALL-1yr-US,2026-09-23,DIF,,3090,ALL,ALL,US,1Y,market_intelligence,7,0.5000,0.5000,0.5000,median,0.5000,0.5000,0.5000,0.5000,0.5000,0.5000,0.5000,1,7,runpod_secure,10000.0,1,1,1,3,1,7,Low,Shadow,2026-09-17,2026-09-23,v2.4.0,direct,,,,,,,,
CRI-DIF-3090-ALL-ALL-3mo-ALL,2026-09-23,DIF,,3090,ALL,ALL,ALL,3M,market_intelligence,7,0.5000,0.5000,0.5000,median,0.5000,0.5000,0.5000,0.5000,0.5000,0.5000,0.5000,1,7,runpod_secure,10000.0,1,1,1,3,1,7,Low,Shadow,2026-09-17,2026-09-23,v2.4.0,direct,,,,,,,,
CRI-DIF-3090-ALL-ALL-3mo-US,2026-09-23,DIF,,3090,ALL,ALL,US,3M,market_intelligence,7,0.5000,0.5000,0.5000,median,0.5000,0.5000,0.5000,0.5000,0.5000,0.5000,0.5000,1,7,runpod_secure,10000.0,1,1,1,3,1,7,Low,Shadow,2026-09-17,2026-09-23,v2.4.0,direct,,,,,,,,
CRI-DIF-3090-ALL-ALL-6mo-ALL,2026-09-23,DIF,,3090,ALL,ALL,ALL,6M,market_intelligence,7,0.5000,0.5000,0.5000,median,0.5000,0.5000,0.5000,0.5000,0.5000,0.5000,0.5000,1,7,runpod_secure,10000.0,1,1,1,3,1,7,Low,Shadow,2026-09-17,2026-09-23,v2.4.0,direct,,,,,,,,
CRI-DIF-3090-ALL-ALL-6mo-US,2026-09-23,DIF,,3090,ALL,ALL,US,6M,market_intelligence,7,0.5000,0.5000,0.5000,median,0.5000,0.5000,0.5000,0.5000,0.5000,0.5000,0.5000,1,7,runpod_secure,10000.0,1,1,1,3,1,7,Low,Shadow,2026-09-17,2026-09-23,v2.4.0,direct,,,,,,,,
CRI-DIF-3090-ALL-ALL-OD-APAC,2026-09-23,DIF,,3090,ALL,ALL,APAC,OnDemand,citable,7,0.1565,0.1600,0.1600,median,0.1300,0.1600,0.1067,0.2603,0.1334,0.1543,0.1565,1,20,vast_ai,10000.0,1,1,1,7,1,20,Low,Shadow,2026-09-17,2026-09-23,v2.4.0,direct,,,,,,,,
CRI-DIF-3090-ALL-ALL-OD-Other,2026-09-23,DIF,,3090,ALL,ALL,Other,OnDemand,citable,7,0.2035,0.1700,0.1700,median,0.1587,0.1867,0.1067,0.6667,0.1903,0.2000,0.2035,1,91,vast_ai,10000.0,1,11,1,41,1,91,Low,Shadow,2026-09-17,2026-09-23,v2.4.0,direct,,,,,,,,
CRI-DIF-3090-ALL-GTD-1yr-ALL,2026-09-23,DIF,,3090,ALL,GTD,ALL,1Y,market_intelligence,7,0.5000,0.5000,0.5000,median,0.5000,0.5000,0.5000,0.5000,0.5000,0.5000,0.5000,1,7,runpod_secure,10000.0,1,1,1,3,1,7,Low,Shadow,2026-09-17,2026-09-23,v2.4.0,direct,,,,,,,,
CRI-DIF-3090-ALL-GTD-1yr-US,2026-09-23,DIF,,3090,ALL,GTD,US,1Y,market_intelligence,7,0.5000,0.5000,0.5000,median,0.5000,0.5000,0.5000,0.5000,0.5000,0.5000,0.5000,1,7,runpod_secure,10000.0,1,1,1,3,1,7,Low,Shadow,2026-09-17,2026-09-23,v2.4.0,direct,,,,,,,,
CRI-DIF-3090-ALL-GTD-3mo-ALL,2026-09-23,DIF,,3090,ALL,GTD,ALL,3M,market_intelligence,7,0.5000,0.5000,0.5000,median,0.5000,0.5000,0.5000,0.5000,0.5000,0.5000,0.5000,1,7,runpod_secure,10000.0,1,1,1,3,1,7,Low,Shadow,2026-09-17,2026-09-23,v2.4.0,direct,,,,,,,,
CRI-DIF-3090-ALL-GTD-3mo-US,2026-09-23,DIF,,3090,ALL,GTD,US,3M,market_intelligence,7,0.5000,0.5000,0.5000,median,0.5000,0.5000,0.5000,0.5000,0.5000,0.5000,0.5000,1,7,runpod_secure,10000.0,1,1,1,3,1,7,Low,Shadow,2026-09-17,2026-09-23,v2.4.0,direct,,,,,,,,
CRI-DIF-3090-ALL-GTD-6mo-ALL,2026-09-23,DIF,,3090,ALL,GTD,ALL,6M,market_intelligence,7,0.5000,0.5000,0.5000,median,0.5000,0.5000,0.5000,0.5000,0.5000,0.5000,0.5000,1,7,runpod_secure,10000.0,1,1,1,3,1,7,Low,Shadow,2026-09-17,2026-09-23,v2.4.0,direct,,,,,,,,
CRI-DIF-3090-ALL-GTD-6mo-US,2026-09-23,DIF,,3090,ALL,GTD,US,6M,market_intelligence,7,0.5000,0.5000,0.5000,median,0.5000,0.5000,0.5000,0.5000,0.5000,0.5000,0.5000,1,7,runpod_secure,10000.0,1,1,1,3,1,7,Low,Shadow,2026-09-17,2026-09-23,v2.4.0,direct,,,,,,,,
CRI-DIF-3090-ALL-GTD-OD-APAC,2026-09-23,DIF,,3090,ALL,GTD,APAC,OnDemand,citable,7,0.1565,0.1600,0.1600,median,0.1300,0.1600,0.1067,0.2603,0.1334,0.1543,0.1565,1,20,vast_ai,10000.0,1,1,1,7,1,20,Low,Shadow,2026-09-17,2026-09-23,v2.4.0,direct,,,,,,,,
CRI-DIF-3090-ALL-GTD-OD-Other,2026-09-23,DIF,,3090,ALL,GTD,Other,OnDemand,citable,7,0.2035,0.1700,0.1700,median,0.1587,0.1867,0.1067,0.6667,0.1903,0.2000,0.2035,1,91,vast_ai,10000.0,1,11,1,41,1,91,Low,Shadow,2026-09-17,2026-09-23,v2.4.0,direct,,,,,,,,
CRI-DIF-3090-PCIe-ALL-1yr-ALL,2026-09-23,DIF,,3090,PCIe,ALL,ALL,1Y,market_intelligence,7,0.5000,0.5000,0.5000,median,0.5000,0.5000,0.5000,0.5000,0.5000,0.5000,0.5000,1,7,runpod_secure,10000.0,1,1,1,3,1,7,Low,Shadow,2026-09-17,2026-09-23,v2.4.0,direct,,,,,,,,
CRI-DIF-3090-PCIe-ALL-1yr-US,2026-09-23,DIF,,3090,PCIe,ALL,US,1Y,market_intelligence,7,0.5000,0.5000,0.5000,median,0.5000,0.5000,0.5000,0.5000,0.5000,0.5000,0.5000,1,7,runpod_secure,10000.0,1,1,1,3,1,7,Low,Shadow,2026-09-17,2026-09-23,v2.4.0,direct,,,,,,,,
CRI-DIF-3090-PCIe-ALL-3mo-ALL,2026-09-23,DIF,,3090,PCIe,ALL,ALL,3M,market_intelligence,7,0.5000,0.5000,0.5000,median,0.5000,0.5000,0.5000,0.5000,0.5000,0.5000,0.5000,1,7,runpod_secure,10000.0,1,1,1,3,1,7,Low,Shadow,2026-09-17,2026-09-23,v2.4.0,direct,,,,,,,,
CRI-DIF-3090-PCIe-ALL-3mo-US,2026-09-23,DIF,,3090,PCIe,ALL,US,3M,market_intelligence,7,0.5000,0.5000,0.5000,median,0.5000,0.5000,0.5000,0.5000,0.5000,0.5000,0.5000,1,7,runpod_secure,10000.0,1,1,1,3,1,7,Low,Shadow,2026-09-17,2026-09-23,v2.4.0,direct,,,,,,,,
CRI-DIF-3090-PCIe-ALL-6mo-ALL,2026-09-23,DIF,,3090,PCIe,ALL,ALL,6M,market_intelligence,7,0.5000,0.5000,0.5000,median,0.5000,0.5000,0.5000,0.5000,0.5000,0.5000,0.5000,1,7,runpod_secure,10000.0,1,1,1,3,1,7,Low,Shadow,2026-09-17,2026-09-23,v2.4.0,direct,,,,,,,,
CRI-DIF-3090-PCIe-ALL-6mo-US,2026-09-23,DIF,,3090,PCIe,ALL,US,6M,market_intelligence,7,0.5000,0.5000,0.5000,median,0.5000,0.5000,0.5000,0.5000,0.5000,0.5000,0.5000,1,7,runpod_secure,10000.0,1,1,1,3,1,7,Low,Shadow,2026-09-17,2026-09-23,v2.4.0,direct,,,,,,,,
CRI-DIF-3090-PCIe-GTD-1yr-ALL,2026-09-23,DIF,,3090,PCIe,GTD,ALL,1Y,market_intelligence,7,0.5000,0.5000,0.5000,median,0.5000,0.5000,0.5000,0.5000,0.5000,0.5000,0.5000,1,7,runpod_secure,10000.0,1,1,1,3,1,7,Low,Shadow,2026-09-17,2026-09-23,v2.4.0,direct,,,,,,,,
CRI-DIF-3090-PCIe-GTD-1yr-US,2026-09-23,DIF,,3090,PCIe,GTD,US,1Y,market_intelligence,7,0.5000,0.5000,0.5000,median,0.5000,0.5000,0.5000,0.5000,0.5000,0.5000,0.5000,1,7,runpod_secure,10000.0,1,1,1,3,1,7,Low,Shadow,2026-09-17,2026-09-23,v2.4.0,direct,,,,,,,,
CRI-DIF-3090-PCIe-GTD-3mo-ALL,2026-09-23,DIF,,3090,PCIe,GTD,ALL,3M,market_intelligence,7,0.5000,0.5000,0.5000,median,0.5000,0.5000,0.5000,0.5000,0.5000,0.5000,0.5000,1,7,runpod_secure,10000.0,1,1,1,3,1,7,Low,Shadow,2026-09-17,2026-09-23,v2.4.0,direct,,,,,,,,
CRI-DIF-3090-PCIe-GTD-3mo-US,2026-09-23,DIF,,3090,PCIe,GTD,US,3M,market_intelligence,7,0.5000,0.5000,0.5000,median,0.5000,0.5000,0.5000,0.5000,0.5000,0.5000,0.5000,1,7,runpod_secure,10000.0,1,1,1,3,1,7,Low,Shadow,2026-09-17,2026-09-23,v2.4.0,direct,,,,,,,,
CRI-DIF-3090-PCIe-GTD-6mo-ALL,2026-09-23,DIF,,3090,PCIe,GTD,ALL,6M,market_intelligence,7,0.5000,0.5000,0.5000,median,0.5000,0.5000,0.5000,0.5000,0.5000,0.5000,0.5000,1,7,runpod_secure,10000.0,1,1,1,3,1,7,Low,Shadow,2026-09-17,2026-09-23,v2.4.0,direct,,,,,,,,
CRI-DIF-3090-PCIe-GTD-6mo-US,2026-09-23,DIF,,3090,PCIe,GTD,US,6M,market_intelligence,7,0.5000,0.5000,0.5000,median,0.5000,0.5000,0.5000,0.5000,0.5000,0.5000,0.5000,1,7,runpod_secure,10000.0,1,1,1,3,1,7,Low,Shadow,2026-09-17,2026-09-23,v2.4.0,direct,,,,,,,,
CRI-DIF-4090-ALL-ALL-1yr-ALL,2026-09-23,DIF,,4090,ALL,ALL,ALL,1Y,market_intelligence,7,0.7400,0.7400,0.7400,median,0.7400,0.7400,0.7400,0.7400,0.7400,0.7400,0.7400,1,7,runpod_secure,10000.0,1,1,1,3,1,7,Low,Shadow,2026-09-17,2026-09-23,v2.4.0,direct,,,,,,,,
CRI-DIF-4090-ALL-ALL-1yr-US,2026-09-23,DIF,,4090,ALL,ALL,US,1Y,market_intelligence,7,0.7400,0.7400,0.7400,median,0.7400,0.7400,0.7400,0.7400,0.7400,0.7400,0.7400,1,7,runpod_secure,10000.0,1,1,1,3,1,7,Low,Shadow,2026-09-17,2026-09-23,v2.4.0,direct,,,,,,,,
CRI-DIF-4090-ALL-ALL-3mo-ALL,2026-09-23,DIF,,4090,ALL,ALL,ALL,3M,market_intelligence,7,0.7400,0.7400,0.7400,median,0.7400,0.7400,0.7400,0.7400,0.7400,0.7400,0.7400,1,7,runpod_secure,10000.0,1,1,1,3,1,7,Low,Shadow,2026-09-17,2026-09-23,v2.4.0,direct,,,,,,,,
CRI-DIF-4090-ALL-ALL-3mo-US,2026-09-23,DIF,,4090,ALL,ALL,US,3M,market_intelligence,7,0.7400,0.7400,0.7400,median,0.7400,0.7400,0.7400,0.7400,0.7400,0.7400,0.7400,1,7,runpod_secure,10000.0,1,1,1,3,1,7,Low,Shadow,2026-09-17,2026-09-23,v2.4.0,direct,,,,,,,,
CRI-DIF-4090-ALL-ALL-6mo-ALL,2026-09-23,DIF,,4090,ALL,ALL,ALL,6M,market_intelligence,7,0.7400,0.7400,0.7400,median,0.7400,0.7400,0.7400,0.7400,0.7400,0.7400,0.7400,1,7,runpod_secure,10000.0,1,1,1,3,1,7,Low,Shadow,2026-09-17,2026-09-23,v2.4.0,direct,,,,,,,,
CRI-DIF-4090-ALL-ALL-6mo-US,2026-09-23,DIF,,4090,ALL,ALL,US,6M,market_intelligence,7,0.7400,0.7400,0.7400,median,0.7400,0.7400,0.7400,0.7400,0.7400,0.7400,0.7400,1,7,runpod_secure,10000.0,1,1,1,3,1,7,Low,Shadow,2026-09-17,2026-09-23,v2.4.0,direct,,,,,,,,
CRI-DIF-4090-ALL-ALL-OD-APAC,2026-09-23,DIF,,4090,ALL,ALL,APAC,OnDemand,citable,7,0.4450,0.4400,0.4400,median,0.3767,0.4667,0.3200,0.7422,0.5534,0.4844,0.4450,1,26,vast_ai,10000.0,1,2,1,11,1,26,Low,Shadow,2026-09-17,2026-09-23,v2.4.0,direct,,,,,,,,
CRI-DIF-4090-ALL-GTD-1yr-ALL,2026-09-23,DIF,,4090,ALL,GTD,ALL,1Y,market_intelligence,7,0.7400,0.7400,0.7400,median,0.7400,0.7400,0.7400,0.7400,0.7400,0.7400,0.7400,1,7,runpod_secure,10000.0,1,1,1,3,1,7,Low,Shadow,2026-09-17,2026-09-23,v2.4.0,direct,,,,,,,,
CRI-DIF-4090-ALL-GTD-1yr-US,2026-09-23,DIF,,4090,ALL,GTD,US,1Y,market_intelligence,7,0.7400,0.7400,0.7400,median,0.7400,0.7400,0.7400,0.7400,0.7400,0.7400,0.7400,1,7,runpod_secure,10000.0,1,1,1,3,1,7,Low,Shadow,2026-09-17,2026-09-23,v2.4.0,direct,,,,,,,,
CRI-DIF-4090-ALL-GTD-3mo-ALL,2026-09-23,DIF,,4090,ALL,GTD,ALL,3M,market_intelligence,7,0.7400,0.7400,0.7400,median,0.7400,0.7400,0.7400,0.7400,0.7400,0.7400,0.7400,1,7,runpod_secure,10000.0,1,1,1,3,1,7,Low,Shadow,2026-09-17,2026-09-23,v2.4.0,direct,,,,,,,,
CRI-DIF-4090-ALL-GTD-3mo-US,2026-09-23,DIF,,4090,ALL,GTD,US,3M,market_intelligence,7,0.7400,0.7400,0.7400,median,0.7400,0.7400,0.7400,0.7400,0.7400,0.7400,0.7400,1,7,runpod_secure,10000.0,1,1,1,3,1,7,Low,Shadow,2026-09-17,2026-09-23,v2.4.0,direct,,,,,,,,
CRI-DIF-4090-ALL-GTD-6mo-ALL,2026-09-23,DIF,,4090,ALL,GTD,ALL,6M,market_intelligence,7,0.7400,0.7400,0.7400,median,0.7400,0.7400,0.7400,0.7400,0.7400,0.7400,0.7400,1,7,runpod_secure,10000.0,1,1,1,3,1,7,Low,Shadow,2026-09-17,2026-09-23,v2.4.0,direct,,,,,,,,
CRI-DIF-4090-ALL-GTD-6mo-US,2026-09-23,DIF,,4090,ALL,GTD,US,6M,market_intelligence,7,0.7400,0.7400,0.7400,median,0.7400,0.7400,0.7400,0.7400,0.7400,0.7400,0.7400,1,7,runpod_secure,10000.0,1,1,1,3,1,7,Low,Shadow,2026-09-17,2026-09-23,v2.4.0,direct,,,,,,,,
CRI-DIF-4090-ALL-GTD-OD-APAC,2026-09-23,DIF,,4090,ALL,GTD,APAC,OnDemand,citable,7,0.4450,0.4400,0.4400,median,0.3767,0.4667,0.3200,0.7422,0.5534,0.4844,0.4450,1,26,vast_ai,10000.0,1,2,1,11,1,26,Low,Shadow,2026-09-17,2026-09-23,v2.4.0,direct,,,,,,,,
CRI-DIF-4090-PCIe-ALL-1yr-ALL,2026-09-23,DIF,,4090,PCIe,ALL,ALL,1Y,market_intelligence,7,0.7400,0.7400,0.7400,median,0.7400,0.7400,0.7400,0.7400,0.7400,0.7400,0.7400,1,7,runpod_secure,10000.0,1,1,1,3,1,7,Low,Shadow,2026-09-17,2026-09-23,v2.4.0,direct,,,,,,,,
CRI-DIF-4090-PCIe-ALL-1yr-US,2026-09-23,DIF,,4090,PCIe,ALL,US,1Y,market_intelligence,7,0.7400,0.7400,0.7400,median,0.7400,0.7400,0.7400,0.7400,0.7400,0.7400,0.7400,1,7,runpod_secure,10000.0,1,1,1,3,1,7,Low,Shadow,2026-09-17,2026-09-23,v2.4.0,direct,,,,,,,,
CRI-DIF-4090-PCIe-ALL-3mo-ALL,2026-09-23,DIF,,4090,PCIe,ALL,ALL,3M,market_intelligence,7,0.7400,0.7400,0.7400,median,0.7400,0.7400,0.7400,0.7400,0.7400,0.7400,0.7400,1,7,runpod_secure,10000.0,1,1,1,3,1,7,Low,Shadow,2026-09-17,2026-09-23,v2.4.0,direct,,,,,,,,
CRI-DIF-4090-PCIe-ALL-3mo-US,2026-09-23,DIF,,4090,PCIe,ALL,US,3M,market_intelligence,7,0.7400,0.7400,0.7400,median,0.7400,0.7400,0.7400,0.7400,0.7400,0.7400,0.7400,1,7,runpod_secure,10000.0,1,1,1,3,1,7,Low,Shadow,2026-09-17,2026-09-23,v2.4.0,direct,,,,,,,,
CRI-DIF-4090-PCIe-ALL-6mo-ALL,2026-09-23,DIF,,4090,PCIe,ALL,ALL,6M,market_intelligence,7,0.7400,0.7400,0.7400,median,0.7400,0.7400,0.7400,0.7400,0.7400,0.7400,0.7400,1,7,runpod_secure,10000.0,1,1,1,3,1,7,Low,Shadow,2026-09-17,2026-09-23,v2.4.0,direct,,,,,,,,
CRI-DIF-4090-PCIe-ALL-6mo-US,2026-09-23,DIF,,4090,PCIe,ALL,US,6M,market_intelligence,7,0.7400,0.7400,0.7400,median,0.7400,0.7400,0.7400,0.7400,0.7400,0.7400,0.7400,1,7,runpod_secure,10000.0,1,1,1,3,1,7,Low,Shadow,2026-09-17,2026-09-23,v2.4.0,direct,,,,,,,,
CRI-DIF-4090-PCIe-GTD-1yr-ALL,2026-09-23,DIF,,4090,PCIe,GTD,ALL,1Y,market_intelligence,7,0.7400,0.7400,0.7400,median,0.7400,0.7400,0.7400,0.7400,0.7400,0.7400,0.7400,1,7,runpod_secure,10000.0,1,1,1,3,1,7,Low,Shadow,2026-09-17,2026-09-23,v2.4.0,direct,,,,,,,,
CRI-DIF-4090-PCIe-GTD-1yr-US,2026-09-23,DIF,,4090,PCIe,GTD,US,1Y,market_intelligence,7,0.7400,0.7400,0.7400,median,0.7400,0.7400,0.7400,0.7400,0.7400,0.7400,0.7400,1,7,runpod_secure,10000.0,1,1,1,3,1,7,Low,Shadow,2026-09-17,2026-09-23,v2.4.0,direct,,,,,,,,
CRI-DIF-4090-PCIe-GTD-3mo-ALL,2026-09-23,DIF,,4090,PCIe,GTD,ALL,3M,market_intelligence,7,0.7400,0.7400,0.7400,median,0.7400,0.7400,0.7400,0.7400,0.7400,0.7400,0.7400,1,7,runpod_secure,10000.0,1,1,1,3,1,7,Low,Shadow,2026-09-17,2026-09-23,v2.4.0,direct,,,,,,,,
CRI-DIF-4090-PCIe-GTD-3mo-US,2026-09-23,DIF,,4090,PCIe,GTD,US,3M,market_intelligence,7,0.7400,0.7400,0.7400,median,0.7400,0.7400,0.7400,0.7400,0.7400,0.7400,0.7400,1,7,runpod_secure,10000.0,1,1,1,3,1,7,Low,Shadow,2026-09-17,2026-09-23,v2.4.0,direct,,,,,,,,
CRI-DIF-4090-PCIe-GTD-6mo-ALL,2026-09-23,DIF,,4090,PCIe,GTD,ALL,6M,market_intelligence,7,0.7400,0.7400,0.7400,median,0.7400,0.7400,0.7400,0.7400,0.7400,0.7400,0.7400,1,7,runpod_secure,10000.0,1,1,1,3,1,7,Low,Shadow,2026-09-17,2026-09-23,v2.4.0,direct,,,,,,,,
CRI-DIF-4090-PCIe-GTD-6mo-US,2026-09-23,DIF,,4090,PCIe,GTD,US,6M,market_intelligence,7,0.7400,0.7400,0.7400,median,0.7400,0.7400,0.7400,0.7400,0.7400,0.7400,0.7400,1,7,runpod_secure,10000.0,1,1,1,3,1,7,Low,Shadow,2026-09-17,2026-09-23,v2.4.0,direct,,,,,,,,
CRI-DIF-5090-ALL-ALL-1yr-ALL,2026-09-23,DIF,,5090,ALL,ALL,ALL,1Y,market_intelligence,7,0.9900,0.9900,0.9900,median,0.9900,0.9900,0.9900,0.9900,0.9900,0.9900,0.9900,1,7,runpod_secure,10000.0,1,1,1,3,1,7,Low,Shadow,2026-09-17,2026-09-23,v2.4.0,direct,,,,,,,,
CRI-DIF-5090-ALL-ALL-1yr-US,2026-09-23,DIF,,5090,ALL,ALL,US,1Y,market_intelligence,7,0.9900,0.9900,0.9900,median,0.9900,0.9900,0.9900,0.9900,0.9900,0.9900,0.9900,1,7,runpod_secure,10000.0,1,1,1,3,1,7,Low,Shadow,2026-09-17,2026-09-23,v2.4.0,direct,,,,,,,,
CRI-DIF-5090-ALL-ALL-3mo-ALL,2026-09-23,DIF,,5090,ALL,ALL,ALL,3M,market_intelligence,7,0.9900,0.9900,0.9900,median,0.9900,0.9900,0.9900,0.9900,0.9900,0.9900,0.9900,1,7,runpod_secure,10000.0,1,1,1,3,1,7,Low,Shadow,2026-09-17,2026-09-23,v2.4.0,direct,,,,,,,,
CRI-DIF-5090-ALL-ALL-3mo-US,2026-09-23,DIF,,5090,ALL,ALL,US,3M,market_intelligence,7,0.9900,0.9900,0.9900,median,0.9900,0.9900,0.9900,0.9900,0.9900,0.9900,0.9900,1,7,runpod_secure,10000.0,1,1,1,3,1,7,Low,Shadow,2026-09-17,2026-09-23,v2.4.0,direct,,,,,,,,
CRI-DIF-5090-ALL-ALL-6mo-ALL,2026-09-23,DIF,,5090,ALL,ALL,ALL,6M,market_intelligence,7,0.9900,0.9900,0.9900,median,0.9900,0.9900,0.9900,0.9900,0.9900,0.9900,0.9900,1,7,runpod_secure,10000.0,1,1,1,3,1,7,Low,Shadow,2026-09-17,2026-09-23,v2.4.0,direct,,,,,,,,
CRI-DIF-5090-ALL-ALL-6mo-US,2026-09-23,DIF,,5090,ALL,ALL,US,6M,market_intelligence,7,0.9900,0.9900,0.9900,median,0.9900,0.9900,0.9900,0.9900,0.9900,0.9900,0.9900,1,7,runpod_secure,10000.0,1,1,1,3,1,7,Low,Shadow,2026-09-17,2026-09-23,v2.4.0,direct,,,,,,,,
CRI-DIF-5090-ALL-ALL-OD-APAC,2026-09-23,DIF,,5090,ALL,ALL,APAC,OnDemand,citable,7,0.7511,0.5333,0.5333,median,0.5333,0.7734,0.2667,1.7039,0.8213,0.7715,0.7511,1,37,vast_ai,10000.0,1,5,1,16,1,37,Low,Shadow,2026-09-17,2026-09-23,v2.4.0,direct,,,,,,,,
CRI-DIF-5090-ALL-ALL-OD-Other,2026-09-23,DIF,,5090,ALL,ALL,Other,OnDemand,citable,7,0.5980,0.5933,0.5933,median,0.4667,0.6400,0.4000,1.3333,0.5985,0.6023,0.5980,1,100,vast_ai,10000.0,1,10,1,41,1,100,Low,Shadow,2026-09-17,2026-09-23,v2.4.0,direct,,,,,,,,
CRI-DIF-5090-ALL-GTD-1yr-ALL,2026-09-23,DIF,,5090,ALL,GTD,ALL,1Y,market_intelligence,7,0.9900,0.9900,0.9900,median,0.9900,0.9900,0.9900,0.9900,0.9900,0.9900,0.9900,1,7,runpod_secure,10000.0,1,1,1,3,1,7,Low,Shadow,2026-09-17,2026-09-23,v2.4.0,direct,,,,,,,,
CRI-DIF-5090-ALL-GTD-1yr-US,2026-09-23,DIF,,5090,ALL,GTD,US,1Y,market_intelligence,7,0.9900,0.9900,0.9900,median,0.9900,0.9900,0.9900,0.9900,0.9900,0.9900,0.9900,1,7,runpod_secure,10000.0,1,1,1,3,1,7,Low,Shadow,2026-09-17,2026-09-23,v2.4.0,direct,,,,,,,,
CRI-DIF-5090-ALL-GTD-3mo-ALL,2026-09-23,DIF,,5090,ALL,GTD,ALL,3M,market_intelligence,7,0.9900,0.9900,0.9900,median,0.9900,0.9900,0.9900,0.9900,0.9900,0.9900,0.9900,1,7,runpod_secure,10000.0,1,1,1,3,1,7,Low,Shadow,2026-09-17,2026-09-23,v2.4.0,direct,,,,,,,,
CRI-DIF-5090-ALL-GTD-3mo-US,2026-09-23,DIF,,5090,ALL,GTD,US,3M,market_intelligence,7,0.9900,0.9900,0.9900,median,0.9900,0.9900,0.9900,0.9900,0.9900,0.9900,0.9900,1,7,runpod_secure,10000.0,1,1,1,3,1,7,Low,Shadow,2026-09-17,2026-09-23,v2.4.0,direct,,,,,,,,
CRI-DIF-5090-ALL-GTD-6mo-ALL,2026-09-23,DIF,,5090,ALL,GTD,ALL,6M,market_intelligence,7,0.9900,0.9900,0.9900,median,0.9900,0.9900,0.9900,0.9900,0.9900,0.9900,0.9900,1,7,runpod_secure,10000.0,1,1,1,3,1,7,Low,Shadow,2026-09-17,2026-09-23,v2.4.0,direct,,,,,,,,
CRI-DIF-5090-ALL-GTD-6mo-US,2026-09-23,DIF,,5090,ALL,GTD,US,6M,market_intelligence,7,0.9900,0.9900,0.9900,median,0.9900,0.9900,0.9900,0.9900,0.9900,0.9900,0.9900,1,7,runpod_secure,10000.0,1,1,1,3,1,7,Low,Shadow,2026-09-17,2026-09-23,v2.4.0,direct,,,,,,,,
CRI-DIF-5090-ALL-GTD-OD-APAC,2026-09-23,DIF,,5090,ALL,GTD,APAC,OnDemand,citable,7,0.7511,0.5333,0.5333,median,0.5333,0.7734,0.2667,1.7039,0.8213,0.7715,0.7511,1,37,vast_ai,10000.0,1,5,1,16,1,37,Low,Shadow,2026-09-17,2026-09-23,v2.4.0,direct,,,,,,,,
CRI-DIF-5090-ALL-GTD-OD-Other,2026-09-23,DIF,,5090,ALL,GTD,Other,OnDemand,citable,7,0.5980,0.5933,0.5933,median,0.4667,0.6400,0.4000,1.3333,0.5985,0.6023,0.5980,1,100,vast_ai,10000.0,1,10,1,41,1,100,Low,Shadow,2026-09-17,2026-09-23,v2.4.0,direct,,,,,,,,
CRI-DIF-5090-PCIe-ALL-1yr-ALL,2026-09-23,DIF,,5090,PCIe,ALL,ALL,1Y,market_intelligence,7,0.9900,0.9900,0.9900,median,0.9900,0.9900,0.9900,0.9900,0.9900,0.9900,0.9900,1,7,runpod_secure,10000.0,1,1,1,3,1,7,Low,Shadow,2026-09-17,2026-09-23,v2.4.0,direct,,,,,,,,
CRI-DIF-5090-PCIe-ALL-1yr-US,2026-09-23,DIF,,5090,PCIe,ALL,US,1Y,market_intelligence,7,0.9900,0.9900,0.9900,median,0.9900,0.9900,0.9900,0.9900,0.9900,0.9900,0.9900,1,7,runpod_secure,10000.0,1,1,1,3,1,7,Low,Shadow,2026-09-17,2026-09-23,v2.4.0,direct,,,,,,,,
CRI-DIF-5090-PCIe-ALL-3mo-ALL,2026-09-23,DIF,,5090,PCIe,ALL,ALL,3M,market_intelligence,7,0.9900,0.9900,0.9900,median,0.9900,0.9900,0.9900,0.9900,0.9900,0.9900,0.9900,1,7,runpod_secure,10000.0,1,1,1,3,1,7,Low,Shadow,2026-09-17,2026-09-23,v2.4.0,direct,,,,,,,,
CRI-DIF-5090-PCIe-ALL-3mo-US,2026-09-23,DIF,,5090,PCIe,ALL,US,3M,market_intelligence,7,0.9900,0.9900,0.9900,median,0.9900,0.9900,0.9900,0.9900,0.9900,0.9900,0.9900,1,7,runpod_secure,10000.0,1,1,1,3,1,7,Low,Shadow,2026-09-17,2026-09-23,v2.4.0,direct,,,,,,,,
CRI-DIF-5090-PCIe-ALL-6mo-ALL,2026-09-23,DIF,,5090,PCIe,ALL,ALL,6M,market_intelligence,7,0.9900,0.9900,0.9900,median,0.9900,0.9900,0.9900,0.9900,0.9900,0.9900,0.9900,1,7,runpod_secure,10000.0,1,1,1,3,1,7,Low,Shadow,2026-09-17,2026-09-23,v2.4.0,direct,,,,,,,,
CRI-DIF-5090-PCIe-ALL-6mo-US,2026-09-23,DIF,,5090,PCIe,ALL,US,6M,market_intelligence,7,0.9900,0.9900,0.9900,median,0.9900,0.9900,0.9900,0.9900,0.9900,0.9900,0.9900,1,7,runpod_secure,10000.0,1,1,1,3,1,7,Low,Shadow,2026-09-17,2026-09-23,v2.4.0,direct,,,,,,,,
CRI-DIF-5090-PCIe-GTD-1yr-ALL,2026-09-23,DIF,,5090,PCIe,GTD,ALL,1Y,market_intelligence,7,0.9900,0.9900,0.9900,median,0.9900,0.9900,0.9900,0.9900,0.9900,0.9900,0.9900,1,7,runpod_secure,10000.0,1,1,1,3,1,7,Low,Shadow,2026-09-17,2026-09-23,v2.4.0,direct,,,,,,,,
CRI-DIF-5090-PCIe-GTD-1yr-US,2026-09-23,DIF,,5090,PCIe,GTD,US,1Y,market_intelligence,7,0.9900,0.9900,0.9900,median,0.9900,0.9900,0.9900,0.9900,0.9900,0.9900,0.9900,1,7,runpod_secure,10000.0,1,1,1,3,1,7,Low,Shadow,2026-09-17,2026-09-23,v2.4.0,direct,,,,,,,,
CRI-DIF-5090-PCIe-GTD-3mo-ALL,2026-09-23,DIF,,5090,PCIe,GTD,ALL,3M,market_intelligence,7,0.9900,0.9900,0.9900,median,0.9900,0.9900,0.9900,0.9900,0.9900,0.9900,0.9900,1,7,runpod_secure,10000.0,1,1,1,3,1,7,Low,Shadow,2026-09-17,2026-09-23,v2.4.0,direct,,,,,,,,
CRI-DIF-5090-PCIe-GTD-3mo-US,2026-09-23,DIF,,5090,PCIe,GTD,US,3M,market_intelligence,7,0.9900,0.9900,0.9900,median,0.9900,0.9900,0.9900,0.9900,0.9900,0.9900,0.9900,1,7,runpod_secure,10000.0,1,1,1,3,1,7,Low,Shadow,2026-09-17,2026-09-23,v2.4.0,direct,,,,,,,,
CRI-DIF-5090-PCIe-GTD-6mo-ALL,2026-09-23,DIF,,5090,PCIe,GTD,ALL,6M,market_intelligence,7,0.9900,0.9900,0.9900,median,0.9900,0.9900,0.9900,0.9900,0.9900,0.9900,0.9900,1,7,runpod_secure,10000.0,1,1,1,3,1,7,Low,Shadow,2026-09-17,2026-09-23,v2.4.0,direct,,,,,,,,
CRI-DIF-5090-PCIe-GTD-6mo-US,2026-09-23,DIF,,5090,PCIe,GTD,US,6M,market_intelligence,7,0.9900,0.9900,0.9900,median,0.9900,0.9900,0.9900,0.9900,0.9900,0.9900,0.9900,1,7,runpod_secure,10000.0,1,1,1,3,1,7,Low,Shadow,2026-09-17,2026-09-23,v2.4.0,direct,,,,,,,,
CRI-DIF-A100-40GB-ALL-ALL-OD-ALL,2026-09-23,DIF,,A100,ALL,ALL,ALL,OnDemand,citable,7,0.6431,0.6867,0.6867,median,0.4667,0.7333,0.2667,1.0667,0.6567,0.6400,0.6431,1,17,vast_ai,10000.0,1,4,1,9,1,17,Low,Shadow,2026-09-17,2026-09-23,v2.4.0,direct,,,,,,,,
CRI-DIF-A100-40GB-ALL-ALL-OD-APAC,2026-09-23,DIF,,A100,ALL,ALL,APAC,OnDemand,citable,7,0.6652,0.6667,0.6667,median,0.6667,0.6667,0.6560,0.6667,0.6667,0.6667,0.6652,1,7,vast_ai,10000.0,1,1,1,3,1,7,Low,Shadow,2026-09-17,2026-09-23,v2.4.0,direct,,,,,,,,
CRI-DIF-A100-40GB-ALL-ALL-OD-EU,2026-09-23,DIF,,A100,ALL,ALL,EU,OnDemand,citable,7,0.6883,0.7067,0.7067,median,0.6667,0.7333,0.5334,0.7333,0.5334,0.6445,0.6883,1,8,vast_ai,10000.0,1,1,1,3,1,8,Low,Shadow,2026-09-17,2026-09-23,v2.4.0,direct,,,,,,,,
CRI-DIF-A100-40GB-ALL-ALL-OD-US,2026-09-23,DIF,,A100,ALL,ALL,US,OnDemand,citable,7,0.6030,0.5600,0.5600,median,0.4667,0.8000,0.2667,1.0667,0.6978,0.6378,0.6030,1,9,vast_ai,10000.0,1,3,1,6,1,9,Low,Shadow,2026-09-17,2026-09-23,v2.4.0,direct,,,,,,,,
CRI-DIF-A100-40GB-ALL-GTD-OD-ALL,2026-09-23,DIF,,A100,ALL,GTD,ALL,OnDemand,citable,7,0.6431,0.6867,0.6867,median,0.4667,0.7333,0.2667,1.0667,0.6567,0.6400,0.6431,1,17,vast_ai,10000.0,1,4,1,9,1,17,Low,Shadow,2026-09-17,2026-09-23,v2.4.0,direct,,,,,,,,
CRI-DIF-A100-40GB-ALL-GTD-OD-APAC,2026-09-23,DIF,,A100,ALL,GTD,APAC,OnDemand,citable,7,0.6652,0.6667,0.6667,median,0.6667,0.6667,0.6560,0.6667,0.6667,0.6667,0.6652,1,7,vast_ai,10000.0,1,1,1,3,1,7,Low,Shadow,2026-09-17,2026-09-23,v2.4.0,direct,,,,,,,,
CRI-DIF-A100-40GB-ALL-GTD-OD-EU,2026-09-23,DIF,,A100,ALL,GTD,EU,OnDemand,citable,7,0.6883,0.7067,0.7067,median,0.6667,0.7333,0.5334,0.7333,0.5334,0.6445,0.6883,1,8,vast_ai,10000.0,1,1,1,3,1,8,Low,Shadow,2026-09-17,2026-09-23,v2.4.0,direct,,,,,,,,
CRI-DIF-A100-40GB-ALL-GTD-OD-US,2026-09-23,DIF,,A100,ALL,GTD,US,OnDemand,citable,7,0.6030,0.5600,0.5600,median,0.4667,0.8000,0.2667,1.0667,0.6978,0.6378,0.6030,1,9,vast_ai,10000.0,1,3,1,6,1,9,Low,Shadow,2026-09-17,2026-09-23,v2.4.0,direct,,,,,,,,
CRI-DIF-A100-40GB-PCIe-ALL-OD-ALL,2026-09-23,DIF,,A100,PCIe,ALL,ALL,OnDemand,citable,7,0.6431,0.6867,0.6867,median,0.4667,0.7333,0.2667,1.0667,0.6567,0.6400,0.6431,1,17,vast_ai,10000.0,1,4,1,9,1,17,Low,Shadow,2026-09-17,2026-09-23,v2.4.0,direct,,,,,,,,
CRI-DIF-A100-40GB-PCIe-ALL-OD-EU,2026-09-23,DIF,,A100,PCIe,ALL,EU,OnDemand,citable,7,0.6883,0.7067,0.7067,median,0.6667,0.7333,0.5334,0.7333,0.5334,0.6445,0.6883,1,8,vast_ai,10000.0,1,1,1,3,1,8,Low,Shadow,2026-09-17,2026-09-23,v2.4.0,direct,,,,,,,,
CRI-DIF-A100-40GB-PCIe-ALL-OD-US,2026-09-23,DIF,,A100,PCIe,ALL,US,OnDemand,citable,7,0.6030,0.5600,0.5600,median,0.4667,0.8000,0.2667,1.0667,0.6978,0.6378,0.6030,1,9,vast_ai,10000.0,1,3,1,6,1,9,Low,Shadow,2026-09-17,2026-09-23,v2.4.0,direct,,,,,,,,
CRI-DIF-A100-40GB-PCIe-GTD-OD-ALL,2026-09-23,DIF,,A100,PCIe,GTD,ALL,OnDemand,citable,7,0.6431,0.6867,0.6867,median,0.4667,0.7333,0.2667,1.0667,0.6567,0.6400,0.6431,1,17,vast_ai,10000.0,1,4,1,9,1,17,Low,Shadow,2026-09-17,2026-09-23,v2.4.0,direct,,,,,,,,
CRI-DIF-A100-40GB-PCIe-GTD-OD-EU,2026-09-23,DIF,,A100,PCIe,GTD,EU,OnDemand,citable,7,0.6883,0.7067,0.7067,median,0.6667,0.7333,0.5334,0.7333,0.5334,0.6445,0.6883,1,8,vast_ai,10000.0,1,1,1,3,1,8,Low,Shadow,2026-09-17,2026-09-23,v2.4.0,direct,,,,,,,,
CRI-DIF-A100-40GB-PCIe-GTD-OD-US,2026-09-23,DIF,,A100,PCIe,GTD,US,OnDemand,citable,7,0.6030,0.5600,0.5600,median,0.4667,0.8000,0.2667,1.0667,0.6978,0.6378,0.6030,1,9,vast_ai,10000.0,1,3,1,6,1,9,Low,Shadow,2026-09-17,2026-09-23,v2.4.0,direct,,,,,,,,
CRI-DIF-A100-ALL-ALL-1yr-ALL,2026-09-23,DIF,,A100,ALL,ALL,ALL,1Y,market_intelligence,7,1.5900,1.5900,1.5900,median,1.5900,1.5900,1.5900,1.5900,1.5900,1.5900,1.5900,1,7,runpod_secure,10000.0,1,1,1,3,1,7,Low,Shadow,2026-09-17,2026-09-23,v2.4.0,direct,,,,,,,,
CRI-DIF-A100-ALL-ALL-1yr-US,2026-09-23,DIF,,A100,ALL,ALL,US,1Y,market_intelligence,7,1.5900,1.5900,1.5900,median,1.5900,1.5900,1.5900,1.5900,1.5900,1.5900,1.5900,1,7,runpod_secure,10000.0,1,1,1,3,1,7,Low,Shadow,2026-09-17,2026-09-23,v2.4.0,direct,,,,,,,,
CRI-DIF-A100-ALL-ALL-3mo-ALL,2026-09-23,DIF,,A100,ALL,ALL,ALL,3M,market_intelligence,7,1.5900,1.5900,1.5900,median,1.5900,1.5900,1.5900,1.5900,1.5900,1.5900,1.5900,1,7,runpod_secure,10000.0,1,1,1,3,1,7,Low,Shadow,2026-09-17,2026-09-23,v2.4.0,direct,,,,,,,,
CRI-DIF-A100-ALL-ALL-3mo-US,2026-09-23,DIF,,A100,ALL,ALL,US,3M,market_intelligence,7,1.5900,1.5900,1.5900,median,1.5900,1.5900,1.5900,1.5900,1.5900,1.5900,1.5900,1,7,runpod_secure,10000.0,1,1,1,3,1,7,Low,Shadow,2026-09-17,2026-09-23,v2.4.0,direct,,,,,,,,
CRI-DIF-A100-ALL-ALL-6mo-ALL,2026-09-23,DIF,,A100,ALL,ALL,ALL,6M,market_intelligence,7,1.5900,1.5900,1.5900,median,1.5900,1.5900,1.5900,1.5900,1.5900,1.5900,1.5900,1,7,runpod_secure,10000.0,1,1,1,3,1,7,Low,Shadow,2026-09-17,2026-09-23,v2.4.0,direct,,,,,,,,
CRI-DIF-A100-ALL-ALL-6mo-US,2026-09-23,DIF,,A100,ALL,ALL,US,6M,market_intelligence,7,1.5900,1.5900,1.5900,median,1.5900,1.5900,1.5900,1.5900,1.5900,1.5900,1.5900,1,7,runpod_secure,10000.0,1,1,1,3,1,7,Low,Shadow,2026-09-17,2026-09-23,v2.4.0,direct,,,,,,,,
CRI-DIF-A100-ALL-GTD-1yr-ALL,2026-09-23,DIF,,A100,ALL,GTD,ALL,1Y,market_intelligence,7,1.5900,1.5900,1.5900,median,1.5900,1.5900,1.5900,1.5900,1.5900,1.5900,1.5900,1,7,runpod_secure,10000.0,1,1,1,3,1,7,Low,Shadow,2026-09-17,2026-09-23,v2.4.0,direct,,,,,,,,
CRI-DIF-A100-ALL-GTD-1yr-US,2026-09-23,DIF,,A100,ALL,GTD,US,1Y,market_intelligence,7,1.5900,1.5900,1.5900,median,1.5900,1.5900,1.5900,1.5900,1.5900,1.5900,1.5900,1,7,runpod_secure,10000.0,1,1,1,3,1,7,Low,Shadow,2026-09-17,2026-09-23,v2.4.0,direct,,,,,,,,
CRI-DIF-A100-ALL-GTD-3mo-ALL,2026-09-23,DIF,,A100,ALL,GTD,ALL,3M,market_intelligence,7,1.5900,1.5900,1.5900,median,1.5900,1.5900,1.5900,1.5900,1.5900,1.5900,1.5900,1,7,runpod_secure,10000.0,1,1,1,3,1,7,Low,Shadow,2026-09-17,2026-09-23,v2.4.0,direct,,,,,,,,
CRI-DIF-A100-ALL-GTD-3mo-US,2026-09-23,DIF,,A100,ALL,GTD,US,3M,market_intelligence,7,1.5900,1.5900,1.5900,median,1.5900,1.5900,1.5900,1.5900,1.5900,1.5900,1.5900,1,7,runpod_secure,10000.0,1,1,1,3,1,7,Low,Shadow,2026-09-17,2026-09-23,v2.4.0,direct,,,,,,,,
CRI-DIF-A100-ALL-GTD-6mo-ALL,2026-09-23,DIF,,A100,ALL,GTD,ALL,6M,market_intelligence,7,1.5900,1.5900,1.5900,median,1.5900,1.5900,1.5900,1.5900,1.5900,1.5900,1.5900,1,7,runpod_secure,10000.0,1,1,1,3,1,7,Low,Shadow,2026-09-17,2026-09-23,v2.4.0,direct,,,,,,,,
CRI-DIF-A100-ALL-GTD-6mo-US,2026-09-23,DIF,,A100,ALL,GTD,US,6M,market_intelligence,7,1.5900,1.5900,1.5900,median,1.5900,1.5900,1.5900,1.5900,1.5900,1.5900,1.5900,1,7,runpod_secure,10000.0,1,1,1,3,1,7,Low,Shadow,2026-09-17,2026-09-23,v2.4.0,direct,,,,,,,,
CRI-DIF-A100-ALL-GTD-OD-APAC,2026-09-23,DIF,,A100,ALL,GTD,APAC,OnDemand,citable,7,1.1551,1.1966,1.1966,median,0.9784,1.3140,0.9200,1.3587,0.9200,1.0147,1.1551,1,6,vast_ai,10000.0,1,1,1,2,1,6,Low,Shadow,2026-09-17,2026-09-23,v2.4.0,direct,,,,,,,,
CRI-DIF-A100-ALL-INT-OD-APAC,2026-09-23,DIF,,A100,ALL,INT,APAC,OnDemand,citable,7,0.9678,0.9842,0.9842,median,0.9163,1.0285,0.8824,1.0285,0.9678,0.9678,0.9678,1,49,azure,10000.0,1,7,1,21,1,49,Low,Shadow,2026-09-17,2026-09-23,v2.4.0,direct,,,,,,,,
CRI-DIF-A100-PCIe-ALL-1yr-ALL,2026-09-23,DIF,,A100,PCIe,ALL,ALL,1Y,market_intelligence,7,1.5900,1.5900,1.5900,median,1.5900,1.5900,1.5900,1.5900,1.5900,1.5900,1.5900,1,7,runpod_secure,10000.0,1,1,1,3,1,7,Low,Shadow,2026-09-17,2026-09-23,v2.4.0,direct,,,,,,,,
CRI-DIF-A100-PCIe-ALL-1yr-US,2026-09-23,DIF,,A100,PCIe,ALL,US,1Y,market_intelligence,7,1.5900,1.5900,1.5900,median,1.5900,1.5900,1.5900,1.5900,1.5900,1.5900,1.5900,1,7,runpod_secure,10000.0,1,1,1,3,1,7,Low,Shadow,2026-09-17,2026-09-23,v2.4.0,direct,,,,,,,,
CRI-DIF-A100-PCIe-ALL-3mo-ALL,2026-09-23,DIF,,A100,PCIe,ALL,ALL,3M,market_intelligence,7,1.5900,1.5900,1.5900,median,1.5900,1.5900,1.5900,1.5900,1.5900,1.5900,1.5900,1,7,runpod_secure,10000.0,1,1,1,3,1,7,Low,Shadow,2026-09-17,2026-09-23,v2.4.0,direct,,,,,,,,
CRI-DIF-A100-PCIe-ALL-3mo-US,2026-09-23,DIF,,A100,PCIe,ALL,US,3M,market_intelligence,7,1.5900,1.5900,1.5900,median,1.5900,1.5900,1.5900,1.5900,1.5900,1.5900,1.5900,1,7,runpod_secure,10000.0,1,1,1,3,1,7,Low,Shadow,2026-09-17,2026-09-23,v2.4.0,direct,,,,,,,,
CRI-DIF-A100-PCIe-ALL-6mo-ALL,2026-09-23,DIF,,A100,PCIe,ALL,ALL,6M,market_intelligence,7,1.5900,1.5900,1.5900,median,1.5900,1.5900,1.5900,1.5900,1.5900,1.5900,1.5900,1,7,runpod_secure,10000.0,1,1,1,3,1,7,Low,Shadow,2026-09-17,2026-09-23,v2.4.0,direct,,,,,,,,
CRI-DIF-A100-PCIe-ALL-6mo-US,2026-09-23,DIF,,A100,PCIe,ALL,US,6M,market_intelligence,7,1.5900,1.5900,1.5900,median,1.5900,1.5900,1.5900,1.5900,1.5900,1.5900,1.5900,1,7,runpod_secure,10000.0,1,1,1,3,1,7,Low,Shadow,2026-09-17,2026-09-23,v2.4.0,direct,,,,,,,,
CRI-DIF-A100-PCIe-GTD-1yr-ALL,2026-09-23,DIF,,A100,PCIe,GTD,ALL,1Y,market_intelligence,7,1.5900,1.5900,1.5900,median,1.5900,1.5900,1.5900,1.5900,1.5900,1.5900,1.5900,1,7,runpod_secure,10000.0,1,1,1,3,1,7,Low,Shadow,2026-09-17,2026-09-23,v2.4.0,direct,,,,,,,,
CRI-DIF-A100-PCIe-GTD-1yr-US,2026-09-23,DIF,,A100,PCIe,GTD,US,1Y,market_intelligence,7,1.5900,1.5900,1.5900,median,1.5900,1.5900,1.5900,1.5900,1.5900,1.5900,1.5900,1,7,runpod_secure,10000.0,1,1,1,3,1,7,Low,Shadow,2026-09-17,2026-09-23,v2.4.0,direct,,,,,,,,
CRI-DIF-A100-PCIe-GTD-3mo-ALL,2026-09-23,DIF,,A100,PCIe,GTD,ALL,3M,market_intelligence,7,1.5900,1.5900,1.5900,median,1.5900,1.5900,1.5900,1.5900,1.5900,1.5900,1.5900,1,7,runpod_secure,10000.0,1,1,1,3,1,7,Low,Shadow,2026-09-17,2026-09-23,v2.4.0,direct,,,,,,,,
CRI-DIF-A100-PCIe-GTD-3mo-US,2026-09-23,DIF,,A100,PCIe,GTD,US,3M,market_intelligence,7,1.5900,1.5900,1.5900,median,1.5900,1.5900,1.5900,1.5900,1.5900,1.5900,1.5900,1,7,runpod_secure,10000.0,1,1,1,3,1,7,Low,Shadow,2026-09-17,2026-09-23,v2.4.0,direct,,,,,,,,
CRI-DIF-A100-PCIe-GTD-6mo-ALL,2026-09-23,DIF,,A100,PCIe,GTD,ALL,6M,market_intelligence,7,1.5900,1.5900,1.5900,median,1.5900,1.5900,1.5900,1.5900,1.5900,1.5900,1.5900,1,7,runpod_secure,10000.0,1,1,1,3,1,7,Low,Shadow,2026-09-17,2026-09-23,v2.4.0,direct,,,,,,,,
CRI-DIF-A100-PCIe-GTD-6mo-US,2026-09-23,DIF,,A100,PCIe,GTD,US,6M,market_intelligence,7,1.5900,1.5900,1.5900,median,1.5900,1.5900,1.5900,1.5900,1.5900,1.5900,1.5900,1,7,runpod_secure,10000.0,1,1,1,3,1,7,Low,Shadow,2026-09-17,2026-09-23,v2.4.0,direct,,,,,,,,
CRI-DIF-A30-ALL-ALL-OD-APAC,2026-09-23,DIF,,A30,ALL,ALL,APAC,OnDemand,citable,7,0.2900,0.2900,0.2900,median,0.2900,0.2900,0.2900,0.2900,0.2900,0.2900,0.2900,1,7,jarvislabs,10000.0,1,1,1,3,1,7,Low,Shadow,2026-09-17,2026-09-23,v2.4.0,direct,,,,,,,,
CRI-DIF-A30-ALL-INT-OD-APAC,2026-09-23,DIF,,A30,ALL,INT,APAC,OnDemand,citable,7,0.2900,0.2900,0.2900,median,0.2900,0.2900,0.2900,0.2900,0.2900,0.2900,0.2900,1,7,jarvislabs,10000.0,1,1,1,3,1,7,Low,Shadow,2026-09-17,2026-09-23,v2.4.0,direct,,,,,,,,
CRI-DIF-A40-ALL-ALL-1yr-ALL,2026-09-23,DIF,,A40,ALL,ALL,ALL,1Y,market_intelligence,7,0.4900,0.4900,0.4900,median,0.4900,0.4900,0.4900,0.4900,0.4900,0.4900,0.4900,1,7,runpod_secure,10000.0,1,1,1,3,1,7,Low,Shadow,2026-09-17,2026-09-23,v2.4.0,direct,,,,,,,,
CRI-DIF-A40-ALL-ALL-1yr-US,2026-09-23,DIF,,A40,ALL,ALL,US,1Y,market_intelligence,7,0.4900,0.4900,0.4900,median,0.4900,0.4900,0.4900,0.4900,0.4900,0.4900,0.4900,1,7,runpod_secure,10000.0,1,1,1,3,1,7,Low,Shadow,2026-09-17,2026-09-23,v2.4.0,direct,,,,,,,,
CRI-DIF-A40-ALL-ALL-3mo-ALL,2026-09-23,DIF,,A40,ALL,ALL,ALL,3M,market_intelligence,7,0.4900,0.4900,0.4900,median,0.4900,0.4900,0.4900,0.4900,0.4900,0.4900,0.4900,1,7,runpod_secure,10000.0,1,1,1,3,1,7,Low,Shadow,2026-09-17,2026-09-23,v2.4.0,direct,,,,,,,,
CRI-DIF-A40-ALL-ALL-3mo-US,2026-09-23,DIF,,A40,ALL,ALL,US,3M,market_intelligence,7,0.4900,0.4900,0.4900,median,0.4900,0.4900,0.4900,0.4900,0.4900,0.4900,0.4900,1,7,runpod_secure,10000.0,1,1,1,3,1,7,Low,Shadow,2026-09-17,2026-09-23,v2.4.0,direct,,,,,,,,
CRI-DIF-A40-ALL-ALL-6mo-ALL,2026-09-23,DIF,,A40,ALL,ALL,ALL,6M,market_intelligence,7,0.4900,0.4900,0.4900,median,0.4900,0.4900,0.4900,0.4900,0.4900,0.4900,0.4900,1,7,runpod_secure,10000.0,1,1,1,3,1,7,Low,Shadow,2026-09-17,2026-09-23,v2.4.0,direct,,,,,,,,
CRI-DIF-A40-ALL-ALL-6mo-US,2026-09-23,DIF,,A40,ALL,ALL,US,6M,market_intelligence,7,0.4900,0.4900,0.4900,median,0.4900,0.4900,0.4900,0.4900,0.4900,0.4900,0.4900,1,7,runpod_secure,10000.0,1,1,1,3,1,7,Low,Shadow,2026-09-17,2026-09-23,v2.4.0,direct,,,,,,,,
CRI-DIF-A40-ALL-ALL-OD-ALL,2026-09-23,DIF,,A40,ALL,ALL,ALL,OnDemand,citable,7,0.4537,0.4200,0.4200,median,0.4200,0.4900,0.3500,0.4900,0.4550,0.4550,0.4537,2,27,runpod_community|runpod_secure,5000.0,2,4,2,12,2,27,Medium,Shadow,2026-09-17,2026-09-23,v2.4.0,direct,,,,,,,,
CRI-DIF-A40-ALL-ALL-OD-EU,2026-09-23,DIF,,A40,ALL,ALL,EU,OnDemand,citable,7,0.4900,0.4900,0.4900,median,0.4900,0.4900,0.4900,0.4900,0.4900,0.4900,0.4900,1,7,runpod_secure,10000.0,1,1,1,3,1,7,Low,Shadow,2026-09-17,2026-09-23,v2.4.0,direct,,,,,,,,
CRI-DIF-A40-ALL-ALL-OD-Other,2026-09-23,DIF,,A40,ALL,ALL,Other,OnDemand,citable,7,0.4900,0.4900,0.4900,median,0.4900,0.4900,0.4900,0.4900,0.4900,0.4900,0.4900,1,7,runpod_secure,10000.0,1,1,1,3,1,7,Low,Shadow,2026-09-17,2026-09-23,v2.4.0,direct,,,,,,,,
CRI-DIF-A40-ALL-GTD-1yr-ALL,2026-09-23,DIF,,A40,ALL,GTD,ALL,1Y,market_intelligence,7,0.4900,0.4900,0.4900,median,0.4900,0.4900,0.4900,0.4900,0.4900,0.4900,0.4900,1,7,runpod_secure,10000.0,1,1,1,3,1,7,Low,Shadow,2026-09-17,2026-09-23,v2.4.0,direct,,,,,,,,
CRI-DIF-A40-ALL-GTD-1yr-US,2026-09-23,DIF,,A40,ALL,GTD,US,1Y,market_intelligence,7,0.4900,0.4900,0.4900,median,0.4900,0.4900,0.4900,0.4900,0.4900,0.4900,0.4900,1,7,runpod_secure,10000.0,1,1,1,3,1,7,Low,Shadow,2026-09-17,2026-09-23,v2.4.0,direct,,,,,,,,
CRI-DIF-A40-ALL-GTD-3mo-ALL,2026-09-23,DIF,,A40,ALL,GTD,ALL,3M,market_intelligence,7,0.4900,0.4900,0.4900,median,0.4900,0.4900,0.4900,0.4900,0.4900,0.4900,0.4900,1,7,runpod_secure,10000.0,1,1,1,3,1,7,Low,Shadow,2026-09-17,2026-09-23,v2.4.0,direct,,,,,,,,
CRI-DIF-A40-ALL-GTD-3mo-US,2026-09-23,DIF,,A40,ALL,GTD,US,3M,market_intelligence,7,0.4900,0.4900,0.4900,median,0.4900,0.4900,0.4900,0.4900,0.4900,0.4900,0.4900,1,7,runpod_secure,10000.0,1,1,1,3,1,7,Low,Shadow,2026-09-17,2026-09-23,v2.4.0,direct,,,,,,,,
CRI-DIF-A40-ALL-GTD-6mo-ALL,2026-09-23,DIF,,A40,ALL,GTD,ALL,6M,market_intelligence,7,0.4900,0.4900,0.4900,median,0.4900,0.4900,0.4900,0.4900,0.4900,0.4900,0.4900,1,7,runpod_secure,10000.0,1,1,1,3,1,7,Low,Shadow,2026-09-17,2026-09-23,v2.4.0,direct,,,,,,,,
CRI-DIF-A40-ALL-GTD-6mo-US,2026-09-23,DIF,,A40,ALL,GTD,US,6M,market_intelligence,7,0.4900,0.4900,0.4900,median,0.4900,0.4900,0.4900,0.4900,0.4900,0.4900,0.4900,1,7,runpod_secure,10000.0,1,1,1,3,1,7,Low,Shadow,2026-09-17,2026-09-23,v2.4.0,direct,,,,,,,,
CRI-DIF-A40-ALL-GTD-OD-ALL,2026-09-23,DIF,,A40,ALL,GTD,ALL,OnDemand,citable,7,0.4537,0.4200,0.4200,median,0.4200,0.4900,0.3500,0.4900,0.4550,0.4550,0.4537,2,27,runpod_community|runpod_secure,5000.0,2,4,2,12,2,27,Medium,Shadow,2026-09-17,2026-09-23,v2.4.0,direct,,,,,,,,
CRI-DIF-A40-ALL-GTD-OD-EU,2026-09-23,DIF,,A40,ALL,GTD,EU,OnDemand,citable,7,0.4900,0.4900,0.4900,median,0.4900,0.4900,0.4900,0.4900,0.4900,0.4900,0.4900,1,7,runpod_secure,10000.0,1,1,1,3,1,7,Low,Shadow,2026-09-17,2026-09-23,v2.4.0,direct,,,,,,,,
CRI-DIF-A40-ALL-GTD-OD-Other,2026-09-23,DIF,,A40,ALL,GTD,Other,OnDemand,citable,7,0.4900,0.4900,0.4900,median,0.4900,0.4900,0.4900,0.4900,0.4900,0.4900,0.4900,1,7,runpod_secure,10000.0,1,1,1,3,1,7,Low,Shadow,2026-09-17,2026-09-23,v2.4.0,direct,,,,,,,,
CRI-DIF-A40-PCIe-ALL-1yr-ALL,2026-09-23,DIF,,A40,PCIe,ALL,ALL,1Y,market_intelligence,7,0.4900,0.4900,0.4900,median,0.4900,0.4900,0.4900,0.4900,0.4900,0.4900,0.4900,1,7,runpod_secure,10000.0,1,1,1,3,1,7,Low,Shadow,2026-09-17,2026-09-23,v2.4.0,direct,,,,,,,,
CRI-DIF-A40-PCIe-ALL-1yr-US,2026-09-23,DIF,,A40,PCIe,ALL,US,1Y,market_intelligence,7,0.4900,0.4900,0.4900,median,0.4900,0.4900,0.4900,0.4900,0.4900,0.4900,0.4900,1,7,runpod_secure,10000.0,1,1,1,3,1,7,Low,Shadow,2026-09-17,2026-09-23,v2.4.0,direct,,,,,,,,
CRI-DIF-A40-PCIe-ALL-3mo-ALL,2026-09-23,DIF,,A40,PCIe,ALL,ALL,3M,market_intelligence,7,0.4900,0.4900,0.4900,median,0.4900,0.4900,0.4900,0.4900,0.4900,0.4900,0.4900,1,7,runpod_secure,10000.0,1,1,1,3,1,7,Low,Shadow,2026-09-17,2026-09-23,v2.4.0,direct,,,,,,,,
CRI-DIF-A40-PCIe-ALL-3mo-US,2026-09-23,DIF,,A40,PCIe,ALL,US,3M,market_intelligence,7,0.4900,0.4900,0.4900,median,0.4900,0.4900,0.4900,0.4900,0.4900,0.4900,0.4900,1,7,runpod_secure,10000.0,1,1,1,3,1,7,Low,Shadow,2026-09-17,2026-09-23,v2.4.0,direct,,,,,,,,
CRI-DIF-A40-PCIe-ALL-6mo-ALL,2026-09-23,DIF,,A40,PCIe,ALL,ALL,6M,market_intelligence,7,0.4900,0.4900,0.4900,median,0.4900,0.4900,0.4900,0.4900,0.4900,0.4900,0.4900,1,7,runpod_secure,10000.0,1,1,1,3,1,7,Low,Shadow,2026-09-17,2026-09-23,v2.4.0,direct,,,,,,,,
CRI-DIF-A40-PCIe-ALL-6mo-US,2026-09-23,DIF,,A40,PCIe,ALL,US,6M,market_intelligence,7,0.4900,0.4900,0.4900,median,0.4900,0.4900,0.4900,0.4900,0.4900,0.4900,0.4900,1,7,runpod_secure,10000.0,1,1,1,3,1,7,Low,Shadow,2026-09-17,2026-09-23,v2.4.0,direct,,,,,,,,
CRI-DIF-A40-PCIe-ALL-OD-ALL,2026-09-23,DIF,,A40,PCIe,ALL,ALL,OnDemand,citable,7,0.4537,0.4200,0.4200,median,0.4200,0.4900,0.3500,0.4900,0.4550,0.4550,0.4537,2,27,runpod_community|runpod_secure,5000.0,2,4,2,12,2,27,Medium,Shadow,2026-09-17,2026-09-23,v2.4.0,direct,,,,,,,,
CRI-DIF-A40-PCIe-ALL-OD-EU,2026-09-23,DIF,,A40,PCIe,ALL,EU,OnDemand,citable,7,0.4900,0.4900,0.4900,median,0.4900,0.4900,0.4900,0.4900,0.4900,0.4900,0.4900,1,7,runpod_secure,10000.0,1,1,1,3,1,7,Low,Shadow,2026-09-17,2026-09-23,v2.4.0,direct,,,,,,,,
CRI-DIF-A40-PCIe-GTD-1yr-ALL,2026-09-23,DIF,,A40,PCIe,GTD,ALL,1Y,market_intelligence,7,0.4900,0.4900,0.4900,median,0.4900,0.4900,0.4900,0.4900,0.4900,0.4900,0.4900,1,7,runpod_secure,10000.0,1,1,1,3,1,7,Low,Shadow,2026-09-17,2026-09-23,v2.4.0,direct,,,,,,,,
CRI-DIF-A40-PCIe-GTD-1yr-US,2026-09-23,DIF,,A40,PCIe,GTD,US,1Y,market_intelligence,7,0.4900,0.4900,0.4900,median,0.4900,0.4900,0.4900,0.4900,0.4900,0.4900,0.4900,1,7,runpod_secure,10000.0,1,1,1,3,1,7,Low,Shadow,2026-09-17,2026-09-23,v2.4.0,direct,,,,,,,,
CRI-DIF-A40-PCIe-GTD-3mo-ALL,2026-09-23,DIF,,A40,PCIe,GTD,ALL,3M,market_intelligence,7,0.4900,0.4900,0.4900,median,0.4900,0.4900,0.4900,0.4900,0.4900,0.4900,0.4900,1,7,runpod_secure,10000.0,1,1,1,3,1,7,Low,Shadow,2026-09-17,2026-09-23,v2.4.0,direct,,,,,,,,
CRI-DIF-A40-PCIe-GTD-3mo-US,2026-09-23,DIF,,A40,PCIe,GTD,US,3M,market_intelligence,7,0.4900,0.4900,0.4900,median,0.4900,0.4900,0.4900,0.4900,0.4900,0.4900,0.4900,1,7,runpod_secure,10000.0,1,1,1,3,1,7,Low,Shadow,2026-09-17,2026-09-23,v2.4.0,direct,,,,,,,,
CRI-DIF-A40-PCIe-GTD-6mo-ALL,2026-09-23,DIF,,A40,PCIe,GTD,ALL,6M,market_intelligence,7,0.4900,0.4900,0.4900,median,0.4900,0.4900,0.4900,0.4900,0.4900,0.4900,0.4900,1,7,runpod_secure,10000.0,1,1,1,3,1,7,Low,Shadow,2026-09-17,2026-09-23,v2.4.0,direct,,,,,,,,
CRI-DIF-A40-PCIe-GTD-6mo-US,2026-09-23,DIF,,A40,PCIe,GTD,US,6M,market_intelligence,7,0.4900,0.4900,0.4900,median,0.4900,0.4900,0.4900,0.4900,0.4900,0.4900,0.4900,1,7,runpod_secure,10000.0,1,1,1,3,1,7,Low,Shadow,2026-09-17,2026-09-23,v2.4.0,direct,,,,,,,,
CRI-DIF-A40-PCIe-GTD-OD-ALL,2026-09-23,DIF,,A40,PCIe,GTD,ALL,OnDemand,citable,7,0.4537,0.4200,0.4200,median,0.4200,0.4900,0.3500,0.4900,0.4550,0.4550,0.4537,2,27,runpod_community|runpod_secure,5000.0,2,4,2,12,2,27,Medium,Shadow,2026-09-17,2026-09-23,v2.4.0,direct,,,,,,,,
CRI-DIF-A40-PCIe-GTD-OD-EU,2026-09-23,DIF,,A40,PCIe,GTD,EU,OnDemand,citable,7,0.4900,0.4900,0.4900,median,0.4900,0.4900,0.4900,0.4900,0.4900,0.4900,0.4900,1,7,runpod_secure,10000.0,1,1,1,3,1,7,Low,Shadow,2026-09-17,2026-09-23,v2.4.0,direct,,,,,,,,
CRI-DIF-B200-CC-ALL-ALL-OD-ALL,2026-09-23,DIF,,B200,ALL,ALL,ALL,OnDemand,citable,7,3.3134,3.3075,3.3075,median,3.3075,3.3738,3.1163,3.4075,3.4075,3.3850,3.3134,1,7,datacrunch,10000.0,1,1,1,3,1,7,Low,Shadow,2026-09-17,2026-09-23,v2.4.0,direct,,,,,,,,
CRI-DIF-B200-CC-ALL-ALL-OD-EU,2026-09-23,DIF,,B200,ALL,ALL,EU,OnDemand,citable,7,3.3134,3.3075,3.3075,median,3.3075,3.3738,3.1163,3.4075,3.4075,3.3850,3.3134,1,7,datacrunch,10000.0,1,1,1,3,1,7,Low,Shadow,2026-09-17,2026-09-23,v2.4.0,direct,,,,,,,,
CRI-DIF-B200-CC-ALL-INT-OD-ALL,2026-09-23,DIF,,B200,ALL,INT,ALL,OnDemand,citable,7,3.3134,3.3075,3.3075,median,3.3075,3.3738,3.1163,3.4075,3.4075,3.3850,3.3134,1,7,datacrunch,10000.0,1,1,1,3,1,7,Low,Shadow,2026-09-17,2026-09-23,v2.4.0,direct,,,,,,,,
CRI-DIF-B200-CC-ALL-INT-OD-EU,2026-09-23,DIF,,B200,ALL,INT,EU,OnDemand,citable,7,3.3134,3.3075,3.3075,median,3.3075,3.3738,3.1163,3.4075,3.4075,3.3850,3.3134,1,7,datacrunch,10000.0,1,1,1,3,1,7,Low,Shadow,2026-09-17,2026-09-23,v2.4.0,direct,,,,,,,,
CRI-DIF-B200-CC-SXM-ALL-OD-ALL,2026-09-23,DIF,,B200,SXM,ALL,ALL,OnDemand,citable,7,3.3134,3.3075,3.3075,median,3.3075,3.3738,3.1163,3.4075,3.4075,3.3850,3.3134,1,7,datacrunch,10000.0,1,1,1,3,1,7,Low,Shadow,2026-09-17,2026-09-23,v2.4.0,direct,,,,,,,,
CRI-DIF-B200-CC-SXM-ALL-OD-EU,2026-09-23,DIF,,B200,SXM,ALL,EU,OnDemand,citable,7,3.3134,3.3075,3.3075,median,3.3075,3.3738,3.1163,3.4075,3.4075,3.3850,3.3134,1,7,datacrunch,10000.0,1,1,1,3,1,7,Low,Shadow,2026-09-17,2026-09-23,v2.4.0,direct,,,,,,,,
CRI-DIF-B200-CC-SXM-INT-OD-ALL,2026-09-23,DIF,,B200,SXM,INT,ALL,OnDemand,citable,7,3.3134,3.3075,3.3075,median,3.3075,3.3738,3.1163,3.4075,3.4075,3.3850,3.3134,1,7,datacrunch,10000.0,1,1,1,3,1,7,Low,Shadow,2026-09-17,2026-09-23,v2.4.0,direct,,,,,,,,
CRI-DIF-B200-CC-SXM-INT-OD-EU,2026-09-23,DIF,,B200,SXM,INT,EU,OnDemand,citable,7,3.3134,3.3075,3.3075,median,3.3075,3.3738,3.1163,3.4075,3.4075,3.3850,3.3134,1,7,datacrunch,10000.0,1,1,1,3,1,7,Low,Shadow,2026-09-17,2026-09-23,v2.4.0,direct,,,,,,,,
CRI-DIF-B300-CC-ALL-ALL-OD-ALL,2026-09-23,DIF,,B300,ALL,ALL,ALL,OnDemand,citable,7,4.0329,4.0200,4.0200,median,4.0200,4.1013,3.8250,4.1425,4.1425,4.1150,4.0329,1,7,datacrunch,10000.0,1,1,1,3,1,7,Low,Shadow,2026-09-17,2026-09-23,v2.4.0,direct,,,,,,,,
CRI-DIF-B300-CC-ALL-ALL-OD-EU,2026-09-23,DIF,,B300,ALL,ALL,EU,OnDemand,citable,7,4.0329,4.0200,4.0200,median,4.0200,4.1013,3.8250,4.1425,4.1425,4.1150,4.0329,1,7,datacrunch,10000.0,1,1,1,3,1,7,Low,Shadow,2026-09-17,2026-09-23,v2.4.0,direct,,,,,,,,
CRI-DIF-B300-CC-ALL-INT-OD-ALL,2026-09-23,DIF,,B300,ALL,INT,ALL,OnDemand,citable,7,4.0329,4.0200,4.0200,median,4.0200,4.1013,3.8250,4.1425,4.1425,4.1150,4.0329,1,7,datacrunch,10000.0,1,1,1,3,1,7,Low,Shadow,2026-09-17,2026-09-23,v2.4.0,direct,,,,,,,,
CRI-DIF-B300-CC-ALL-INT-OD-EU,2026-09-23,DIF,,B300,ALL,INT,EU,OnDemand,citable,7,4.0329,4.0200,4.0200,median,4.0200,4.1013,3.8250,4.1425,4.1425,4.1150,4.0329,1,7,datacrunch,10000.0,1,1,1,3,1,7,Low,Shadow,2026-09-17,2026-09-23,v2.4.0,direct,,,,,,,,
CRI-DIF-B300-CC-SXM-ALL-OD-ALL,2026-09-23,DIF,,B300,SXM,ALL,ALL,OnDemand,citable,7,4.0329,4.0200,4.0200,median,4.0200,4.1013,3.8250,4.1425,4.1425,4.1150,4.0329,1,7,datacrunch,10000.0,1,1,1,3,1,7,Low,Shadow,2026-09-17,2026-09-23,v2.4.0,direct,,,,,,,,
CRI-DIF-B300-CC-SXM-ALL-OD-EU,2026-09-23,DIF,,B300,SXM,ALL,EU,OnDemand,citable,7,4.0329,4.0200,4.0200,median,4.0200,4.1013,3.8250,4.1425,4.1425,4.1150,4.0329,1,7,datacrunch,10000.0,1,1,1,3,1,7,Low,Shadow,2026-09-17,2026-09-23,v2.4.0,direct,,,,,,,,
CRI-DIF-B300-CC-SXM-INT-OD-ALL,2026-09-23,DIF,,B300,SXM,INT,ALL,OnDemand,citable,7,4.0329,4.0200,4.0200,median,4.0200,4.1013,3.8250,4.1425,4.1425,4.1150,4.0329,1,7,datacrunch,10000.0,1,1,1,3,1,7,Low,Shadow,2026-09-17,2026-09-23,v2.4.0,direct,,,,,,,,
CRI-DIF-B300-CC-SXM-INT-OD-EU,2026-09-23,DIF,,B300,SXM,INT,EU,OnDemand,citable,7,4.0329,4.0200,4.0200,median,4.0200,4.1013,3.8250,4.1425,4.1425,4.1150,4.0329,1,7,datacrunch,10000.0,1,1,1,3,1,7,Low,Shadow,2026-09-17,2026-09-23,v2.4.0,direct,,,,,,,,
CRI-DIF-GB300-ALL-ALL-OD-ALL,2026-09-23,DIF,,GB300,ALL,ALL,ALL,OnDemand,citable,7,4.5654,4.5325,4.5325,median,4.5325,4.6013,4.4875,4.6700,4.6700,4.6242,4.5654,1,7,datacrunch,10000.0,1,1,1,3,1,7,Low,Shadow,2026-09-17,2026-09-23,v2.4.0,direct,,,,,,,,
CRI-DIF-GB300-ALL-ALL-OD-EU,2026-09-23,DIF,,GB300,ALL,ALL,EU,OnDemand,citable,7,4.5654,4.5325,4.5325,median,4.5325,4.6013,4.4875,4.6700,4.6700,4.6242,4.5654,1,7,datacrunch,10000.0,1,1,1,3,1,7,Low,Shadow,2026-09-17,2026-09-23,v2.4.0,direct,,,,,,,,
CRI-DIF-GB300-ALL-INT-OD-ALL,2026-09-23,DIF,,GB300,ALL,INT,ALL,OnDemand,citable,7,4.5654,4.5325,4.5325,median,4.5325,4.6013,4.4875,4.6700,4.6700,4.6242,4.5654,1,7,datacrunch,10000.0,1,1,1,3,1,7,Low,Shadow,2026-09-17,2026-09-23,v2.4.0,direct,,,,,,,,
CRI-DIF-GB300-ALL-INT-OD-EU,2026-09-23,DIF,,GB300,ALL,INT,EU,OnDemand,citable,7,4.5654,4.5325,4.5325,median,4.5325,4.6013,4.4875,4.6700,4.6700,4.6242,4.5654,1,7,datacrunch,10000.0,1,1,1,3,1,7,Low,Shadow,2026-09-17,2026-09-23,v2.4.0,direct,,,,,,,,
CRI-DIF-GB300-SXM-ALL-OD-ALL,2026-09-23,DIF,,GB300,SXM,ALL,ALL,OnDemand,citable,7,4.5654,4.5325,4.5325,median,4.5325,4.6013,4.4875,4.6700,4.6700,4.6242,4.5654,1,7,datacrunch,10000.0,1,1,1,3,1,7,Low,Shadow,2026-09-17,2026-09-23,v2.4.0,direct,,,,,,,,
CRI-DIF-GB300-SXM-ALL-OD-EU,2026-09-23,DIF,,GB300,SXM,ALL,EU,OnDemand,citable,7,4.5654,4.5325,4.5325,median,4.5325,4.6013,4.4875,4.6700,4.6700,4.6242,4.5654,1,7,datacrunch,10000.0,1,1,1,3,1,7,Low,Shadow,2026-09-17,2026-09-23,v2.4.0,direct,,,,,,,,
CRI-DIF-GB300-SXM-INT-OD-ALL,2026-09-23,DIF,,GB300,SXM,INT,ALL,OnDemand,citable,7,4.5654,4.5325,4.5325,median,4.5325,4.6013,4.4875,4.6700,4.6700,4.6242,4.5654,1,7,datacrunch,10000.0,1,1,1,3,1,7,Low,Shadow,2026-09-17,2026-09-23,v2.4.0,direct,,,,,,,,
CRI-DIF-GB300-SXM-INT-OD-EU,2026-09-23,DIF,,GB300,SXM,INT,EU,OnDemand,citable,7,4.5654,4.5325,4.5325,median,4.5325,4.6013,4.4875,4.6700,4.6700,4.6242,4.5654,1,7,datacrunch,10000.0,1,1,1,3,1,7,Low,Shadow,2026-09-17,2026-09-23,v2.4.0,direct,,,,,,,,
CRI-DIF-GH200-ALL-ALL-OD-ALL,2026-09-23,DIF,,GH200,ALL,ALL,ALL,OnDemand,citable,7,1.9900,1.9900,1.9900,median,1.9900,1.9900,1.9900,1.9900,1.9900,1.9900,1.9900,1,8,vultr,10000.0,1,1,1,3,1,8,Low,Shadow,2026-09-17,2026-09-23,v2.4.0,direct,,,,,,,,
CRI-DIF-GH200-ALL-ALL-OD-US,2026-09-23,DIF,,GH200,ALL,ALL,US,OnDemand,citable,7,1.9900,1.9900,1.9900,median,1.9900,1.9900,1.9900,1.9900,1.9900,1.9900,1.9900,1,8,vultr,10000.0,1,1,1,3,1,8,Low,Shadow,2026-09-17,2026-09-23,v2.4.0,direct,,,,,,,,
CRI-DIF-GH200-ALL-INT-OD-ALL,2026-09-23,DIF,,GH200,ALL,INT,ALL,OnDemand,citable,7,1.9900,1.9900,1.9900,median,1.9900,1.9900,1.9900,1.9900,1.9900,1.9900,1.9900,1,8,vultr,10000.0,1,1,1,3,1,8,Low,Shadow,2026-09-17,2026-09-23,v2.4.0,direct,,,,,,,,
CRI-DIF-GH200-ALL-INT-OD-US,2026-09-23,DIF,,GH200,ALL,INT,US,OnDemand,citable,7,1.9900,1.9900,1.9900,median,1.9900,1.9900,1.9900,1.9900,1.9900,1.9900,1.9900,1,8,vultr,10000.0,1,1,1,3,1,8,Low,Shadow,2026-09-17,2026-09-23,v2.4.0,direct,,,,,,,,
CRI-DIF-GH200-SXM-ALL-OD-ALL,2026-09-23,DIF,,GH200,SXM,ALL,ALL,OnDemand,citable,7,1.9900,1.9900,1.9900,median,1.9900,1.9900,1.9900,1.9900,1.9900,1.9900,1.9900,1,8,vultr,10000.0,1,1,1,3,1,8,Low,Shadow,2026-09-17,2026-09-23,v2.4.0,direct,,,,,,,,
CRI-DIF-GH200-SXM-ALL-OD-US,2026-09-23,DIF,,GH200,SXM,ALL,US,OnDemand,citable,7,1.9900,1.9900,1.9900,median,1.9900,1.9900,1.9900,1.9900,1.9900,1.9900,1.9900,1,8,vultr,10000.0,1,1,1,3,1,8,Low,Shadow,2026-09-17,2026-09-23,v2.4.0,direct,,,,,,,,
CRI-DIF-GH200-SXM-INT-OD-ALL,2026-09-23,DIF,,GH200,SXM,INT,ALL,OnDemand,citable,7,1.9900,1.9900,1.9900,median,1.9900,1.9900,1.9900,1.9900,1.9900,1.9900,1.9900,1,8,vultr,10000.0,1,1,1,3,1,8,Low,Shadow,2026-09-17,2026-09-23,v2.4.0,direct,,,,,,,,
CRI-DIF-GH200-SXM-INT-OD-US,2026-09-23,DIF,,GH200,SXM,INT,US,OnDemand,citable,7,1.9900,1.9900,1.9900,median,1.9900,1.9900,1.9900,1.9900,1.9900,1.9900,1.9900,1,8,vultr,10000.0,1,1,1,3,1,8,Low,Shadow,2026-09-17,2026-09-23,v2.4.0,direct,,,,,,,,
CRI-DIF-H100-ALL-ALL-1yr-ALL,2026-09-23,DIF,,H100,ALL,ALL,ALL,1Y,market_intelligence,7,2.8900,2.8900,2.8900,median,2.8900,2.8900,2.8900,2.8900,2.8900,2.8900,2.8900,1,7,runpod_secure,10000.0,1,1,1,3,1,7,Low,Shadow,2026-09-17,2026-09-23,v2.4.0,direct,,,,,,,,
CRI-DIF-H100-ALL-ALL-1yr-US,2026-09-23,DIF,,H100,ALL,ALL,US,1Y,market_intelligence,7,2.8900,2.8900,2.8900,median,2.8900,2.8900,2.8900,2.8900,2.8900,2.8900,2.8900,1,7,runpod_secure,10000.0,1,1,1,3,1,7,Low,Shadow,2026-09-17,2026-09-23,v2.4.0,direct,,,,,,,,
CRI-DIF-H100-ALL-ALL-3mo-ALL,2026-09-23,DIF,,H100,ALL,ALL,ALL,3M,market_intelligence,7,2.8900,2.8900,2.8900,median,2.8900,2.8900,2.8900,2.8900,2.8900,2.8900,2.8900,1,7,runpod_secure,10000.0,1,1,1,3,1,7,Low,Shadow,2026-09-17,2026-09-23,v2.4.0,direct,,,,,,,,
CRI-DIF-H100-ALL-ALL-3mo-US,2026-09-23,DIF,,H100,ALL,ALL,US,3M,market_intelligence,7,2.8900,2.8900,2.8900,median,2.8900,2.8900,2.8900,2.8900,2.8900,2.8900,2.8900,1,7,runpod_secure,10000.0,1,1,1,3,1,7,Low,Shadow,2026-09-17,2026-09-23,v2.4.0,direct,,,,,,,,
CRI-DIF-H100-ALL-ALL-6mo-ALL,2026-09-23,DIF,,H100,ALL,ALL,ALL,6M,market_intelligence,7,2.8900,2.8900,2.8900,median,2.8900,2.8900,2.8900,2.8900,2.8900,2.8900,2.8900,1,7,runpod_secure,10000.0,1,1,1,3,1,7,Low,Shadow,2026-09-17,2026-09-23,v2.4.0,direct,,,,,,,,
CRI-DIF-H100-ALL-ALL-6mo-US,2026-09-23,DIF,,H100,ALL,ALL,US,6M,market_intelligence,7,2.8900,2.8900,2.8900,median,2.8900,2.8900,2.8900,2.8900,2.8900,2.8900,2.8900,1,7,runpod_secure,10000.0,1,1,1,3,1,7,Low,Shadow,2026-09-17,2026-09-23,v2.4.0,direct,,,,,,,,
CRI-DIF-H100-ALL-GTD-1yr-ALL,2026-09-23,DIF,,H100,ALL,GTD,ALL,1Y,market_intelligence,7,2.8900,2.8900,2.8900,median,2.8900,2.8900,2.8900,2.8900,2.8900,2.8900,2.8900,1,7,runpod_secure,10000.0,1,1,1,3,1,7,Low,Shadow,2026-09-17,2026-09-23,v2.4.0,direct,,,,,,,,
CRI-DIF-H100-ALL-GTD-1yr-US,2026-09-23,DIF,,H100,ALL,GTD,US,1Y,market_intelligence,7,2.8900,2.8900,2.8900,median,2.8900,2.8900,2.8900,2.8900,2.8900,2.8900,2.8900,1,7,runpod_secure,10000.0,1,1,1,3,1,7,Low,Shadow,2026-09-17,2026-09-23,v2.4.0,direct,,,,,,,,
CRI-DIF-H100-ALL-GTD-3mo-ALL,2026-09-23,DIF,,H100,ALL,GTD,ALL,3M,market_intelligence,7,2.8900,2.8900,2.8900,median,2.8900,2.8900,2.8900,2.8900,2.8900,2.8900,2.8900,1,7,runpod_secure,10000.0,1,1,1,3,1,7,Low,Shadow,2026-09-17,2026-09-23,v2.4.0,direct,,,,,,,,
CRI-DIF-H100-ALL-GTD-3mo-US,2026-09-23,DIF,,H100,ALL,GTD,US,3M,market_intelligence,7,2.8900,2.8900,2.8900,median,2.8900,2.8900,2.8900,2.8900,2.8900,2.8900,2.8900,1,7,runpod_secure,10000.0,1,1,1,3,1,7,Low,Shadow,2026-09-17,2026-09-23,v2.4.0,direct,,,,,,,,
CRI-DIF-H100-ALL-GTD-6mo-ALL,2026-09-23,DIF,,H100,ALL,GTD,ALL,6M,market_intelligence,7,2.8900,2.8900,2.8900,median,2.8900,2.8900,2.8900,2.8900,2.8900,2.8900,2.8900,1,7,runpod_secure,10000.0,1,1,1,3,1,7,Low,Shadow,2026-09-17,2026-09-23,v2.4.0,direct,,,,,,,,
CRI-DIF-H100-ALL-GTD-6mo-US,2026-09-23,DIF,,H100,ALL,GTD,US,6M,market_intelligence,7,2.8900,2.8900,2.8900,median,2.8900,2.8900,2.8900,2.8900,2.8900,2.8900,2.8900,1,7,runpod_secure,10000.0,1,1,1,3,1,7,Low,Shadow,2026-09-17,2026-09-23,v2.4.0,direct,,,,,,,,
CRI-DIF-H100-ALL-GTD-OD-EU,2026-09-23,DIF,,H100,ALL,GTD,EU,OnDemand,citable,7,2.0000,2.0000,2.0000,median,2.0000,2.0000,2.0000,2.0000,2.0000,2.0000,2.0000,1,7,vast_ai,10000.0,1,1,1,3,1,7,Low,Shadow,2026-09-17,2026-09-23,v2.4.0,direct,,,,,,,,
CRI-DIF-H100-ALL-INT-OD-ALL,2026-09-23,DIF,,H100,ALL,INT,ALL,OnDemand,citable,7,2.0000,2.0000,2.0000,median,2.0000,2.0000,2.0000,2.0000,2.0000,2.0000,2.0000,1,7,hyperstack,10000.0,1,1,1,3,1,7,Low,Shadow,2026-09-17,2026-09-23,v2.4.0,direct,,,,,,,,
CRI-DIF-H100-ALL-INT-OD-EU,2026-09-23,DIF,,H100,ALL,INT,EU,OnDemand,citable,7,2.0000,2.0000,2.0000,median,2.0000,2.0000,2.0000,2.0000,2.0000,2.0000,2.0000,1,7,hyperstack,10000.0,1,1,1,3,1,7,Low,Shadow,2026-09-17,2026-09-23,v2.4.0,direct,,,,,,,,
CRI-DIF-H100-ALL-INT-OD-Other,2026-09-23,DIF,,H100,ALL,INT,Other,OnDemand,citable,7,2.2035,2.2037,2.2037,median,2.2019,2.2037,2.2019,2.2074,2.2037,2.2049,2.2035,1,7,spheron,10000.0,1,1,1,3,1,7,Low,Shadow,2026-09-17,2026-09-23,v2.4.0,direct,,,,,,,,
CRI-DIF-H100-NVL-ALL-ALL-1yr-ALL,2026-09-23,DIF,,H100,ALL,ALL,ALL,1Y,market_intelligence,7,3.1900,3.1900,3.1900,median,3.1900,3.1900,3.1900,3.1900,3.1900,3.1900,3.1900,1,7,runpod_secure,10000.0,1,1,1,3,1,7,Low,Shadow,2026-09-17,2026-09-23,v2.4.0,direct,,,,,,,,
CRI-DIF-H100-NVL-ALL-ALL-1yr-US,2026-09-23,DIF,,H100,ALL,ALL,US,1Y,market_intelligence,7,3.1900,3.1900,3.1900,median,3.1900,3.1900,3.1900,3.1900,3.1900,3.1900,3.1900,1,7,runpod_secure,10000.0,1,1,1,3,1,7,Low,Shadow,2026-09-17,2026-09-23,v2.4.0,direct,,,,,,,,
CRI-DIF-H100-NVL-ALL-ALL-3mo-ALL,2026-09-23,DIF,,H100,ALL,ALL,ALL,3M,market_intelligence,7,3.1900,3.1900,3.1900,median,3.1900,3.1900,3.1900,3.1900,3.1900,3.1900,3.1900,1,7,runpod_secure,10000.0,1,1,1,3,1,7,Low,Shadow,2026-09-17,2026-09-23,v2.4.0,direct,,,,,,,,
CRI-DIF-H100-NVL-ALL-ALL-3mo-US,2026-09-23,DIF,,H100,ALL,ALL,US,3M,market_intelligence,7,3.1900,3.1900,3.1900,median,3.1900,3.1900,3.1900,3.1900,3.1900,3.1900,3.1900,1,7,runpod_secure,10000.0,1,1,1,3,1,7,Low,Shadow,2026-09-17,2026-09-23,v2.4.0,direct,,,,,,,,
CRI-DIF-H100-NVL-ALL-ALL-6mo-ALL,2026-09-23,DIF,,H100,ALL,ALL,ALL,6M,market_intelligence,7,3.1900,3.1900,3.1900,median,3.1900,3.1900,3.1900,3.1900,3.1900,3.1900,3.1900,1,7,runpod_secure,10000.0,1,1,1,3,1,7,Low,Shadow,2026-09-17,2026-09-23,v2.4.0,direct,,,,,,,,
CRI-DIF-H100-NVL-ALL-ALL-6mo-US,2026-09-23,DIF,,H100,ALL,ALL,US,6M,market_intelligence,7,3.1900,3.1900,3.1900,median,3.1900,3.1900,3.1900,3.1900,3.1900,3.1900,3.1900,1,7,runpod_secure,10000.0,1,1,1,3,1,7,Low,Shadow,2026-09-17,2026-09-23,v2.4.0,direct,,,,,,,,
CRI-DIF-H100-NVL-ALL-ALL-OD-APAC,2026-09-23,DIF,,H100,ALL,ALL,APAC,OnDemand,citable,7,1.7707,1.7736,1.7736,median,1.6282,1.9020,1.5092,2.0240,1.7707,1.7707,1.7707,1,56,azure,10000.0,1,8,1,24,1,56,Low,Shadow,2026-09-17,2026-09-23,v2.4.0,direct,,,,,,,,
CRI-DIF-H100-NVL-ALL-GTD-1yr-ALL,2026-09-23,DIF,,H100,ALL,GTD,ALL,1Y,market_intelligence,7,3.1900,3.1900,3.1900,median,3.1900,3.1900,3.1900,3.1900,3.1900,3.1900,3.1900,1,7,runpod_secure,10000.0,1,1,1,3,1,7,Low,Shadow,2026-09-17,2026-09-23,v2.4.0,direct,,,,,,,,
CRI-DIF-H100-NVL-ALL-GTD-1yr-US,2026-09-23,DIF,,H100,ALL,GTD,US,1Y,market_intelligence,7,3.1900,3.1900,3.1900,median,3.1900,3.1900,3.1900,3.1900,3.1900,3.1900,3.1900,1,7,runpod_secure,10000.0,1,1,1,3,1,7,Low,Shadow,2026-09-17,2026-09-23,v2.4.0,direct,,,,,,,,
CRI-DIF-H100-NVL-ALL-GTD-3mo-ALL,2026-09-23,DIF,,H100,ALL,GTD,ALL,3M,market_intelligence,7,3.1900,3.1900,3.1900,median,3.1900,3.1900,3.1900,3.1900,3.1900,3.1900,3.1900,1,7,runpod_secure,10000.0,1,1,1,3,1,7,Low,Shadow,2026-09-17,2026-09-23,v2.4.0,direct,,,,,,,,
CRI-DIF-H100-NVL-ALL-GTD-3mo-US,2026-09-23,DIF,,H100,ALL,GTD,US,3M,market_intelligence,7,3.1900,3.1900,3.1900,median,3.1900,3.1900,3.1900,3.1900,3.1900,3.1900,3.1900,1,7,runpod_secure,10000.0,1,1,1,3,1,7,Low,Shadow,2026-09-17,2026-09-23,v2.4.0,direct,,,,,,,,
CRI-DIF-H100-NVL-ALL-GTD-6mo-ALL,2026-09-23,DIF,,H100,ALL,GTD,ALL,6M,market_intelligence,7,3.1900,3.1900,3.1900,median,3.1900,3.1900,3.1900,3.1900,3.1900,3.1900,3.1900,1,7,runpod_secure,10000.0,1,1,1,3,1,7,Low,Shadow,2026-09-17,2026-09-23,v2.4.0,direct,,,,,,,,
CRI-DIF-H100-NVL-ALL-GTD-6mo-US,2026-09-23,DIF,,H100,ALL,GTD,US,6M,market_intelligence,7,3.1900,3.1900,3.1900,median,3.1900,3.1900,3.1900,3.1900,3.1900,3.1900,3.1900,1,7,runpod_secure,10000.0,1,1,1,3,1,7,Low,Shadow,2026-09-17,2026-09-23,v2.4.0,direct,,,,,,,,
CRI-DIF-H100-NVL-ALL-GTD-OD-EU,2026-09-23,DIF,,H100,ALL,GTD,EU,OnDemand,citable,7,2.7893,2.7534,2.7534,median,2.7733,2.8133,2.7067,2.8933,2.8933,2.8293,2.7893,1,15,vast_ai,10000.0,1,1,1,5,1,15,Low,Shadow,2026-09-17,2026-09-23,v2.4.0,direct,,,,,,,,
CRI-DIF-H100-NVL-ALL-GTD-OD-Other,2026-09-23,DIF,,H100,ALL,GTD,Other,OnDemand,citable,7,2.7465,2.7465,2.7465,median,2.7465,2.7465,2.7465,2.7465,,,2.7465,1,3,spheron,10000.0,,,,,1,3,Low,Shadow,2026-09-17,2026-09-23,v2.4.0,direct,,,,,,,,
CRI-DIF-H100-NVL-ALL-INT-OD-ALL,2026-09-23,DIF,,H100,ALL,INT,ALL,OnDemand,citable,7,1.6502,1.6764,1.6764,median,1.5099,1.8150,1.2899,1.9965,1.6502,1.6502,1.6502,1,112,azure,10000.0,1,16,1,48,1,112,Low,Shadow,2026-09-17,2026-09-23,v2.4.0,direct,,,,,,,,
CRI-DIF-H100-NVL-ALL-INT-OD-APAC,2026-09-23,DIF,,H100,ALL,INT,APAC,OnDemand,citable,7,1.7707,1.7736,1.7736,median,1.6282,1.9020,1.5092,2.0240,1.7707,1.7707,1.7707,1,56,azure,10000.0,1,8,1,24,1,56,Low,Shadow,2026-09-17,2026-09-23,v2.4.0,direct,,,,,,,,
CRI-DIF-H100-NVL-ALL-INT-OD-EU,2026-09-23,DIF,,H100,ALL,INT,EU,OnDemand,citable,7,1.7604,1.8026,1.8026,median,1.6608,1.8190,1.5479,1.9965,1.7604,1.7604,1.7604,1,56,azure,10000.0,1,8,1,24,1,56,Low,Shadow,2026-09-17,2026-09-23,v2.4.0,direct,,,,,,,,
CRI-DIF-H100-NVL-ALL-INT-OD-US,2026-09-23,DIF,,H100,ALL,INT,US,OnDemand,citable,7,1.5401,1.4720,1.4720,median,1.3960,1.7079,1.2899,1.8150,1.5401,1.5401,1.5401,1,56,azure,10000.0,1,8,1,24,1,56,Low,Shadow,2026-09-17,2026-09-23,v2.4.0,direct,,,,,,,,
CRI-DIF-H100-NVL-PCIe-ALL-1yr-ALL,2026-09-23,DIF,,H100,PCIe,ALL,ALL,1Y,market_intelligence,7,3.1900,3.1900,3.1900,median,3.1900,3.1900,3.1900,3.1900,3.1900,3.1900,3.1900,1,7,runpod_secure,10000.0,1,1,1,3,1,7,Low,Shadow,2026-09-17,2026-09-23,v2.4.0,direct,,,,,,,,
CRI-DIF-H100-NVL-PCIe-ALL-1yr-US,2026-09-23,DIF,,H100,PCIe,ALL,US,1Y,market_intelligence,7,3.1900,3.1900,3.1900,median,3.1900,3.1900,3.1900,3.1900,3.1900,3.1900,3.1900,1,7,runpod_secure,10000.0,1,1,1,3,1,7,Low,Shadow,2026-09-17,2026-09-23,v2.4.0,direct,,,,,,,,
CRI-DIF-H100-NVL-PCIe-ALL-3mo-ALL,2026-09-23,DIF,,H100,PCIe,ALL,ALL,3M,market_intelligence,7,3.1900,3.1900,3.1900,median,3.1900,3.1900,3.1900,3.1900,3.1900,3.1900,3.1900,1,7,runpod_secure,10000.0,1,1,1,3,1,7,Low,Shadow,2026-09-17,2026-09-23,v2.4.0,direct,,,,,,,,
CRI-DIF-H100-NVL-PCIe-ALL-3mo-US,2026-09-23,DIF,,H100,PCIe,ALL,US,3M,market_intelligence,7,3.1900,3.1900,3.1900,median,3.1900,3.1900,3.1900,3.1900,3.1900,3.1900,3.1900,1,7,runpod_secure,10000.0,1,1,1,3,1,7,Low,Shadow,2026-09-17,2026-09-23,v2.4.0,direct,,,,,,,,
CRI-DIF-H100-NVL-PCIe-ALL-6mo-ALL,2026-09-23,DIF,,H100,PCIe,ALL,ALL,6M,market_intelligence,7,3.1900,3.1900,3.1900,median,3.1900,3.1900,3.1900,3.1900,3.1900,3.1900,3.1900,1,7,runpod_secure,10000.0,1,1,1,3,1,7,Low,Shadow,2026-09-17,2026-09-23,v2.4.0,direct,,,,,,,,
CRI-DIF-H100-NVL-PCIe-ALL-6mo-US,2026-09-23,DIF,,H100,PCIe,ALL,US,6M,market_intelligence,7,3.1900,3.1900,3.1900,median,3.1900,3.1900,3.1900,3.1900,3.1900,3.1900,3.1900,1,7,runpod_secure,10000.0,1,1,1,3,1,7,Low,Shadow,2026-09-17,2026-09-23,v2.4.0,direct,,,,,,,,
CRI-DIF-H100-NVL-PCIe-GTD-1yr-ALL,2026-09-23,DIF,,H100,PCIe,GTD,ALL,1Y,market_intelligence,7,3.1900,3.1900,3.1900,median,3.1900,3.1900,3.1900,3.1900,3.1900,3.1900,3.1900,1,7,runpod_secure,10000.0,1,1,1,3,1,7,Low,Shadow,2026-09-17,2026-09-23,v2.4.0,direct,,,,,,,,
CRI-DIF-H100-NVL-PCIe-GTD-1yr-US,2026-09-23,DIF,,H100,PCIe,GTD,US,1Y,market_intelligence,7,3.1900,3.1900,3.1900,median,3.1900,3.1900,3.1900,3.1900,3.1900,3.1900,3.1900,1,7,runpod_secure,10000.0,1,1,1,3,1,7,Low,Shadow,2026-09-17,2026-09-23,v2.4.0,direct,,,,,,,,
CRI-DIF-H100-NVL-PCIe-GTD-3mo-ALL,2026-09-23,DIF,,H100,PCIe,GTD,ALL,3M,market_intelligence,7,3.1900,3.1900,3.1900,median,3.1900,3.1900,3.1900,3.1900,3.1900,3.1900,3.1900,1,7,runpod_secure,10000.0,1,1,1,3,1,7,Low,Shadow,2026-09-17,2026-09-23,v2.4.0,direct,,,,,,,,
CRI-DIF-H100-NVL-PCIe-GTD-3mo-US,2026-09-23,DIF,,H100,PCIe,GTD,US,3M,market_intelligence,7,3.1900,3.1900,3.1900,median,3.1900,3.1900,3.1900,3.1900,3.1900,3.1900,3.1900,1,7,runpod_secure,10000.0,1,1,1,3,1,7,Low,Shadow,2026-09-17,2026-09-23,v2.4.0,direct,,,,,,,,
CRI-DIF-H100-NVL-PCIe-GTD-6mo-ALL,2026-09-23,DIF,,H100,PCIe,GTD,ALL,6M,market_intelligence,7,3.1900,3.1900,3.1900,median,3.1900,3.1900,3.1900,3.1900,3.1900,3.1900,3.1900,1,7,runpod_secure,10000.0,1,1,1,3,1,7,Low,Shadow,2026-09-17,2026-09-23,v2.4.0,direct,,,,,,,,
CRI-DIF-H100-NVL-PCIe-GTD-6mo-US,2026-09-23,DIF,,H100,PCIe,GTD,US,6M,market_intelligence,7,3.1900,3.1900,3.1900,median,3.1900,3.1900,3.1900,3.1900,3.1900,3.1900,3.1900,1,7,runpod_secure,10000.0,1,1,1,3,1,7,Low,Shadow,2026-09-17,2026-09-23,v2.4.0,direct,,,,,,,,
CRI-DIF-H100-NVL-PCIe-GTD-OD-EU,2026-09-23,DIF,,H100,PCIe,GTD,EU,OnDemand,citable,7,2.7893,2.7534,2.7534,median,2.7733,2.8133,2.7067,2.8933,2.8933,2.8293,2.7893,1,15,vast_ai,10000.0,1,1,1,5,1,15,Low,Shadow,2026-09-17,2026-09-23,v2.4.0,direct,,,,,,,,
CRI-DIF-H100-NVL-PCIe-INT-OD-ALL,2026-09-23,DIF,,H100,PCIe,INT,ALL,OnDemand,citable,7,1.6502,1.6764,1.6764,median,1.5099,1.8150,1.2899,1.9965,1.6502,1.6502,1.6502,1,112,azure,10000.0,1,16,1,48,1,112,Low,Shadow,2026-09-17,2026-09-23,v2.4.0,direct,,,,,,,,
CRI-DIF-H100-NVL-PCIe-INT-OD-EU,2026-09-23,DIF,,H100,PCIe,INT,EU,OnDemand,citable,7,1.7604,1.8026,1.8026,median,1.6608,1.8190,1.5479,1.9965,1.7604,1.7604,1.7604,1,56,azure,10000.0,1,8,1,24,1,56,Low,Shadow,2026-09-17,2026-09-23,v2.4.0,direct,,,,,,,,
CRI-DIF-H100-NVL-PCIe-INT-OD-US,2026-09-23,DIF,,H100,PCIe,INT,US,OnDemand,citable,7,1.5401,1.4720,1.4720,median,1.3960,1.7079,1.2899,1.8150,1.5401,1.5401,1.5401,1,56,azure,10000.0,1,8,1,24,1,56,Low,Shadow,2026-09-17,2026-09-23,v2.4.0,direct,,,,,,,,
CRI-DIF-H100-PCIe-ALL-1yr-ALL,2026-09-23,DIF,,H100,PCIe,ALL,ALL,1Y,market_intelligence,7,2.8900,2.8900,2.8900,median,2.8900,2.8900,2.8900,2.8900,2.8900,2.8900,2.8900,1,7,runpod_secure,10000.0,1,1,1,3,1,7,Low,Shadow,2026-09-17,2026-09-23,v2.4.0,direct,,,,,,,,
CRI-DIF-H100-PCIe-ALL-1yr-US,2026-09-23,DIF,,H100,PCIe,ALL,US,1Y,market_intelligence,7,2.8900,2.8900,2.8900,median,2.8900,2.8900,2.8900,2.8900,2.8900,2.8900,2.8900,1,7,runpod_secure,10000.0,1,1,1,3,1,7,Low,Shadow,2026-09-17,2026-09-23,v2.4.0,direct,,,,,,,,
CRI-DIF-H100-PCIe-ALL-3mo-ALL,2026-09-23,DIF,,H100,PCIe,ALL,ALL,3M,market_intelligence,7,2.8900,2.8900,2.8900,median,2.8900,2.8900,2.8900,2.8900,2.8900,2.8900,2.8900,1,7,runpod_secure,10000.0,1,1,1,3,1,7,Low,Shadow,2026-09-17,2026-09-23,v2.4.0,direct,,,,,,,,
CRI-DIF-H100-PCIe-ALL-3mo-US,2026-09-23,DIF,,H100,PCIe,ALL,US,3M,market_intelligence,7,2.8900,2.8900,2.8900,median,2.8900,2.8900,2.8900,2.8900,2.8900,2.8900,2.8900,1,7,runpod_secure,10000.0,1,1,1,3,1,7,Low,Shadow,2026-09-17,2026-09-23,v2.4.0,direct,,,,,,,,
CRI-DIF-H100-PCIe-ALL-6mo-ALL,2026-09-23,DIF,,H100,PCIe,ALL,ALL,6M,market_intelligence,7,2.8900,2.8900,2.8900,median,2.8900,2.8900,2.8900,2.8900,2.8900,2.8900,2.8900,1,7,runpod_secure,10000.0,1,1,1,3,1,7,Low,Shadow,2026-09-17,2026-09-23,v2.4.0,direct,,,,,,,,
CRI-DIF-H100-PCIe-ALL-6mo-US,2026-09-23,DIF,,H100,PCIe,ALL,US,6M,market_intelligence,7,2.8900,2.8900,2.8900,median,2.8900,2.8900,2.8900,2.8900,2.8900,2.8900,2.8900,1,7,runpod_secure,10000.0,1,1,1,3,1,7,Low,Shadow,2026-09-17,2026-09-23,v2.4.0,direct,,,,,,,,
CRI-DIF-H100-PCIe-GTD-1yr-ALL,2026-09-23,DIF,,H100,PCIe,GTD,ALL,1Y,market_intelligence,7,2.8900,2.8900,2.8900,median,2.8900,2.8900,2.8900,2.8900,2.8900,2.8900,2.8900,1,7,runpod_secure,10000.0,1,1,1,3,1,7,Low,Shadow,2026-09-17,2026-09-23,v2.4.0,direct,,,,,,,,
CRI-DIF-H100-PCIe-GTD-1yr-US,2026-09-23,DIF,,H100,PCIe,GTD,US,1Y,market_intelligence,7,2.8900,2.8900,2.8900,median,2.8900,2.8900,2.8900,2.8900,2.8900,2.8900,2.8900,1,7,runpod_secure,10000.0,1,1,1,3,1,7,Low,Shadow,2026-09-17,2026-09-23,v2.4.0,direct,,,,,,,,
CRI-DIF-H100-PCIe-GTD-3mo-ALL,2026-09-23,DIF,,H100,PCIe,GTD,ALL,3M,market_intelligence,7,2.8900,2.8900,2.8900,median,2.8900,2.8900,2.8900,2.8900,2.8900,2.8900,2.8900,1,7,runpod_secure,10000.0,1,1,1,3,1,7,Low,Shadow,2026-09-17,2026-09-23,v2.4.0,direct,,,,,,,,
CRI-DIF-H100-PCIe-GTD-3mo-US,2026-09-23,DIF,,H100,PCIe,GTD,US,3M,market_intelligence,7,2.8900,2.8900,2.8900,median,2.8900,2.8900,2.8900,2.8900,2.8900,2.8900,2.8900,1,7,runpod_secure,10000.0,1,1,1,3,1,7,Low,Shadow,2026-09-17,2026-09-23,v2.4.0,direct,,,,,,,,
CRI-DIF-H100-PCIe-GTD-6mo-ALL,2026-09-23,DIF,,H100,PCIe,GTD,ALL,6M,market_intelligence,7,2.8900,2.8900,2.8900,median,2.8900,2.8900,2.8900,2.8900,2.8900,2.8900,2.8900,1,7,runpod_secure,10000.0,1,1,1,3,1,7,Low,Shadow,2026-09-17,2026-09-23,v2.4.0,direct,,,,,,,,
CRI-DIF-H100-PCIe-GTD-6mo-US,2026-09-23,DIF,,H100,PCIe,GTD,US,6M,market_intelligence,7,2.8900,2.8900,2.8900,median,2.8900,2.8900,2.8900,2.8900,2.8900,2.8900,2.8900,1,7,runpod_secure,10000.0,1,1,1,3,1,7,Low,Shadow,2026-09-17,2026-09-23,v2.4.0,direct,,,,,,,,
CRI-DIF-H100-PCIe-GTD-OD-EU,2026-09-23,DIF,,H100,PCIe,GTD,EU,OnDemand,citable,7,2.0000,2.0000,2.0000,median,2.0000,2.0000,2.0000,2.0000,2.0000,2.0000,2.0000,1,7,vast_ai,10000.0,1,1,1,3,1,7,Low,Shadow,2026-09-17,2026-09-23,v2.4.0,direct,,,,,,,,
CRI-DIF-H100-PCIe-INT-OD-ALL,2026-09-23,DIF,,H100,PCIe,INT,ALL,OnDemand,citable,7,2.0000,2.0000,2.0000,median,2.0000,2.0000,2.0000,2.0000,2.0000,2.0000,2.0000,1,7,hyperstack,10000.0,1,1,1,3,1,7,Low,Shadow,2026-09-17,2026-09-23,v2.4.0,direct,,,,,,,,
CRI-DIF-H100-PCIe-INT-OD-EU,2026-09-23,DIF,,H100,PCIe,INT,EU,OnDemand,citable,7,2.0000,2.0000,2.0000,median,2.0000,2.0000,2.0000,2.0000,2.0000,2.0000,2.0000,1,7,hyperstack,10000.0,1,1,1,3,1,7,Low,Shadow,2026-09-17,2026-09-23,v2.4.0,direct,,,,,,,,
CRI-DIF-H200-NVL-ALL-ALL-1yr-ALL,2026-09-23,DIF,,H200,ALL,ALL,ALL,1Y,market_intelligence,7,3.7900,3.7900,3.7900,median,3.7900,3.7900,3.7900,3.7900,3.7900,3.7900,3.7900,1,7,runpod_secure,10000.0,1,1,1,3,1,7,Low,Shadow,2026-09-17,2026-09-23,v2.4.0,direct,,,,,,,,
CRI-DIF-H200-NVL-ALL-ALL-1yr-US,2026-09-23,DIF,,H200,ALL,ALL,US,1Y,market_intelligence,7,3.7900,3.7900,3.7900,median,3.7900,3.7900,3.7900,3.7900,3.7900,3.7900,3.7900,1,7,runpod_secure,10000.0,1,1,1,3,1,7,Low,Shadow,2026-09-17,2026-09-23,v2.4.0,direct,,,,,,,,
CRI-DIF-H200-NVL-ALL-ALL-3mo-ALL,2026-09-23,DIF,,H200,ALL,ALL,ALL,3M,market_intelligence,7,3.7900,3.7900,3.7900,median,3.7900,3.7900,3.7900,3.7900,3.7900,3.7900,3.7900,1,7,runpod_secure,10000.0,1,1,1,3,1,7,Low,Shadow,2026-09-17,2026-09-23,v2.4.0,direct,,,,,,,,
CRI-DIF-H200-NVL-ALL-ALL-3mo-US,2026-09-23,DIF,,H200,ALL,ALL,US,3M,market_intelligence,7,3.7900,3.7900,3.7900,median,3.7900,3.7900,3.7900,3.7900,3.7900,3.7900,3.7900,1,7,runpod_secure,10000.0,1,1,1,3,1,7,Low,Shadow,2026-09-17,2026-09-23,v2.4.0,direct,,,,,,,,
CRI-DIF-H200-NVL-ALL-ALL-6mo-ALL,2026-09-23,DIF,,H200,ALL,ALL,ALL,6M,market_intelligence,7,3.7900,3.7900,3.7900,median,3.7900,3.7900,3.7900,3.7900,3.7900,3.7900,3.7900,1,7,runpod_secure,10000.0,1,1,1,3,1,7,Low,Shadow,2026-09-17,2026-09-23,v2.4.0,direct,,,,,,,,
CRI-DIF-H200-NVL-ALL-ALL-6mo-US,2026-09-23,DIF,,H200,ALL,ALL,US,6M,market_intelligence,7,3.7900,3.7900,3.7900,median,3.7900,3.7900,3.7900,3.7900,3.7900,3.7900,3.7900,1,7,runpod_secure,10000.0,1,1,1,3,1,7,Low,Shadow,2026-09-17,2026-09-23,v2.4.0,direct,,,,,,,,
CRI-DIF-H200-NVL-ALL-ALL-OD-APAC,2026-09-23,DIF,,H200,ALL,ALL,APAC,OnDemand,citable,7,4.0000,4.0000,4.0000,median,4.0000,4.0000,4.0000,4.0000,,,4.0000,1,1,vast_ai,10000.0,,,,,1,1,Low,Shadow,2026-09-17,2026-09-23,v2.4.0,direct,,,,,,,,
CRI-DIF-H200-NVL-ALL-ALL-OD-EU,2026-09-23,DIF,,H200,ALL,ALL,EU,OnDemand,citable,7,4.1926,4.3333,4.3333,median,3.8667,4.6667,3.3333,4.6667,4.4000,4.4223,4.1926,1,9,vast_ai,10000.0,1,3,1,6,1,9,Low,Shadow,2026-09-17,2026-09-23,v2.4.0,direct,,,,,,,,
CRI-DIF-H200-NVL-ALL-ALL-OD-Other,2026-09-23,DIF,,H200,ALL,ALL,Other,OnDemand,citable,7,1.5200,1.5200,1.5200,median,1.5200,1.5200,1.5200,1.5200,,,1.5200,1,1,vast_ai,10000.0,,,,,1,1,Low,Shadow,2026-09-17,2026-09-23,v2.4.0,direct,,,,,,,,
CRI-DIF-H200-NVL-ALL-GTD-1yr-ALL,2026-09-23,DIF,,H200,ALL,GTD,ALL,1Y,market_intelligence,7,3.7900,3.7900,3.7900,median,3.7900,3.7900,3.7900,3.7900,3.7900,3.7900,3.7900,1,7,runpod_secure,10000.0,1,1,1,3,1,7,Low,Shadow,2026-09-17,2026-09-23,v2.4.0,direct,,,,,,,,
CRI-DIF-H200-NVL-ALL-GTD-1yr-US,2026-09-23,DIF,,H200,ALL,GTD,US,1Y,market_intelligence,7,3.7900,3.7900,3.7900,median,3.7900,3.7900,3.7900,3.7900,3.7900,3.7900,3.7900,1,7,runpod_secure,10000.0,1,1,1,3,1,7,Low,Shadow,2026-09-17,2026-09-23,v2.4.0,direct,,,,,,,,
CRI-DIF-H200-NVL-ALL-GTD-3mo-ALL,2026-09-23,DIF,,H200,ALL,GTD,ALL,3M,market_intelligence,7,3.7900,3.7900,3.7900,median,3.7900,3.7900,3.7900,3.7900,3.7900,3.7900,3.7900,1,7,runpod_secure,10000.0,1,1,1,3,1,7,Low,Shadow,2026-09-17,2026-09-23,v2.4.0,direct,,,,,,,,
CRI-DIF-H200-NVL-ALL-GTD-3mo-US,2026-09-23,DIF,,H200,ALL,GTD,US,3M,market_intelligence,7,3.7900,3.7900,3.7900,median,3.7900,3.7900,3.7900,3.7900,3.7900,3.7900,3.7900,1,7,runpod_secure,10000.0,1,1,1,3,1,7,Low,Shadow,2026-09-17,2026-09-23,v2.4.0,direct,,,,,,,,
CRI-DIF-H200-NVL-ALL-GTD-6mo-ALL,2026-09-23,DIF,,H200,ALL,GTD,ALL,6M,market_intelligence,7,3.7900,3.7900,3.7900,median,3.7900,3.7900,3.7900,3.7900,3.7900,3.7900,3.7900,1,7,runpod_secure,10000.0,1,1,1,3,1,7,Low,Shadow,2026-09-17,2026-09-23,v2.4.0,direct,,,,,,,,
CRI-DIF-H200-NVL-ALL-GTD-6mo-US,2026-09-23,DIF,,H200,ALL,GTD,US,6M,market_intelligence,7,3.7900,3.7900,3.7900,median,3.7900,3.7900,3.7900,3.7900,3.7900,3.7900,3.7900,1,7,runpod_secure,10000.0,1,1,1,3,1,7,Low,Shadow,2026-09-17,2026-09-23,v2.4.0,direct,,,,,,,,
CRI-DIF-H200-NVL-ALL-GTD-OD-APAC,2026-09-23,DIF,,H200,ALL,GTD,APAC,OnDemand,citable,7,4.0000,4.0000,4.0000,median,4.0000,4.0000,4.0000,4.0000,,,4.0000,1,1,vast_ai,10000.0,,,,,1,1,Low,Shadow,2026-09-17,2026-09-23,v2.4.0,direct,,,,,,,,
CRI-DIF-H200-NVL-ALL-GTD-OD-EU,2026-09-23,DIF,,H200,ALL,GTD,EU,OnDemand,citable,7,4.1926,4.3333,4.3333,median,3.8667,4.6667,3.3333,4.6667,4.4000,4.4223,4.1926,1,9,vast_ai,10000.0,1,3,1,6,1,9,Low,Shadow,2026-09-17,2026-09-23,v2.4.0,direct,,,,,,,,
CRI-DIF-H200-NVL-ALL-GTD-OD-Other,2026-09-23,DIF,,H200,ALL,GTD,Other,OnDemand,citable,7,1.5200,1.5200,1.5200,median,1.5200,1.5200,1.5200,1.5200,,,1.5200,1,1,vast_ai,10000.0,,,,,1,1,Low,Shadow,2026-09-17,2026-09-23,v2.4.0,direct,,,,,,,,
CRI-DIF-H200-NVL-PCIe-ALL-1yr-ALL,2026-09-23,DIF,,H200,PCIe,ALL,ALL,1Y,market_intelligence,7,3.7900,3.7900,3.7900,median,3.7900,3.7900,3.7900,3.7900,3.7900,3.7900,3.7900,1,7,runpod_secure,10000.0,1,1,1,3,1,7,Low,Shadow,2026-09-17,2026-09-23,v2.4.0,direct,,,,,,,,
CRI-DIF-H200-NVL-PCIe-ALL-1yr-US,2026-09-23,DIF,,H200,PCIe,ALL,US,1Y,market_intelligence,7,3.7900,3.7900,3.7900,median,3.7900,3.7900,3.7900,3.7900,3.7900,3.7900,3.7900,1,7,runpod_secure,10000.0,1,1,1,3,1,7,Low,Shadow,2026-09-17,2026-09-23,v2.4.0,direct,,,,,,,,
CRI-DIF-H200-NVL-PCIe-ALL-3mo-ALL,2026-09-23,DIF,,H200,PCIe,ALL,ALL,3M,market_intelligence,7,3.7900,3.7900,3.7900,median,3.7900,3.7900,3.7900,3.7900,3.7900,3.7900,3.7900,1,7,runpod_secure,10000.0,1,1,1,3,1,7,Low,Shadow,2026-09-17,2026-09-23,v2.4.0,direct,,,,,,,,
CRI-DIF-H200-NVL-PCIe-ALL-3mo-US,2026-09-23,DIF,,H200,PCIe,ALL,US,3M,market_intelligence,7,3.7900,3.7900,3.7900,median,3.7900,3.7900,3.7900,3.7900,3.7900,3.7900,3.7900,1,7,runpod_secure,10000.0,1,1,1,3,1,7,Low,Shadow,2026-09-17,2026-09-23,v2.4.0,direct,,,,,,,,
CRI-DIF-H200-NVL-PCIe-ALL-6mo-ALL,2026-09-23,DIF,,H200,PCIe,ALL,ALL,6M,market_intelligence,7,3.7900,3.7900,3.7900,median,3.7900,3.7900,3.7900,3.7900,3.7900,3.7900,3.7900,1,7,runpod_secure,10000.0,1,1,1,3,1,7,Low,Shadow,2026-09-17,2026-09-23,v2.4.0,direct,,,,,,,,
CRI-DIF-H200-NVL-PCIe-ALL-6mo-US,2026-09-23,DIF,,H200,PCIe,ALL,US,6M,market_intelligence,7,3.7900,3.7900,3.7900,median,3.7900,3.7900,3.7900,3.7900,3.7900,3.7900,3.7900,1,7,runpod_secure,10000.0,1,1,1,3,1,7,Low,Shadow,2026-09-17,2026-09-23,v2.4.0,direct,,,,,,,,
CRI-DIF-H200-NVL-PCIe-ALL-OD-EU,2026-09-23,DIF,,H200,PCIe,ALL,EU,OnDemand,citable,7,4.1926,4.3333,4.3333,median,3.8667,4.6667,3.3333,4.6667,4.4000,4.4223,4.1926,1,9,vast_ai,10000.0,1,3,1,6,1,9,Low,Shadow,2026-09-17,2026-09-23,v2.4.0,direct,,,,,,,,
CRI-DIF-H200-NVL-PCIe-GTD-1yr-ALL,2026-09-23,DIF,,H200,PCIe,GTD,ALL,1Y,market_intelligence,7,3.7900,3.7900,3.7900,median,3.7900,3.7900,3.7900,3.7900,3.7900,3.7900,3.7900,1,7,runpod_secure,10000.0,1,1,1,3,1,7,Low,Shadow,2026-09-17,2026-09-23,v2.4.0,direct,,,,,,,,
CRI-DIF-H200-NVL-PCIe-GTD-1yr-US,2026-09-23,DIF,,H200,PCIe,GTD,US,1Y,market_intelligence,7,3.7900,3.7900,3.7900,median,3.7900,3.7900,3.7900,3.7900,3.7900,3.7900,3.7900,1,7,runpod_secure,10000.0,1,1,1,3,1,7,Low,Shadow,2026-09-17,2026-09-23,v2.4.0,direct,,,,,,,,
CRI-DIF-H200-NVL-PCIe-GTD-3mo-ALL,2026-09-23,DIF,,H200,PCIe,GTD,ALL,3M,market_intelligence,7,3.7900,3.7900,3.7900,median,3.7900,3.7900,3.7900,3.7900,3.7900,3.7900,3.7900,1,7,runpod_secure,10000.0,1,1,1,3,1,7,Low,Shadow,2026-09-17,2026-09-23,v2.4.0,direct,,,,,,,,
CRI-DIF-H200-NVL-PCIe-GTD-3mo-US,2026-09-23,DIF,,H200,PCIe,GTD,US,3M,market_intelligence,7,3.7900,3.7900,3.7900,median,3.7900,3.7900,3.7900,3.7900,3.7900,3.7900,3.7900,1,7,runpod_secure,10000.0,1,1,1,3,1,7,Low,Shadow,2026-09-17,2026-09-23,v2.4.0,direct,,,,,,,,
CRI-DIF-H200-NVL-PCIe-GTD-6mo-ALL,2026-09-23,DIF,,H200,PCIe,GTD,ALL,6M,market_intelligence,7,3.7900,3.7900,3.7900,median,3.7900,3.7900,3.7900,3.7900,3.7900,3.7900,3.7900,1,7,runpod_secure,10000.0,1,1,1,3,1,7,Low,Shadow,2026-09-17,2026-09-23,v2.4.0,direct,,,,,,,,
CRI-DIF-H200-NVL-PCIe-GTD-6mo-US,2026-09-23,DIF,,H200,PCIe,GTD,US,6M,market_intelligence,7,3.7900,3.7900,3.7900,median,3.7900,3.7900,3.7900,3.7900,3.7900,3.7900,3.7900,1,7,runpod_secure,10000.0,1,1,1,3,1,7,Low,Shadow,2026-09-17,2026-09-23,v2.4.0,direct,,,,,,,,
CRI-DIF-H200-NVL-PCIe-GTD-OD-EU,2026-09-23,DIF,,H200,PCIe,GTD,EU,OnDemand,citable,7,4.1926,4.3333,4.3333,median,3.8667,4.6667,3.3333,4.6667,4.4000,4.4223,4.1926,1,9,vast_ai,10000.0,1,3,1,6,1,9,Low,Shadow,2026-09-17,2026-09-23,v2.4.0,direct,,,,,,,,
CRI-DIF-L4-ALL-ALL-1yr-ALL,2026-09-23,DIF,,L4,ALL,ALL,ALL,1Y,market_intelligence,7,0.4900,0.4900,0.4900,median,0.4900,0.4900,0.4900,0.4900,0.4900,0.4900,0.4900,1,7,runpod_secure,10000.0,1,1,1,3,1,7,Low,Shadow,2026-09-17,2026-09-23,v2.4.0,direct,,,,,,,,
CRI-DIF-L4-ALL-ALL-1yr-US,2026-09-23,DIF,,L4,ALL,ALL,US,1Y,market_intelligence,7,0.4900,0.4900,0.4900,median,0.4900,0.4900,0.4900,0.4900,0.4900,0.4900,0.4900,1,7,runpod_secure,10000.0,1,1,1,3,1,7,Low,Shadow,2026-09-17,2026-09-23,v2.4.0,direct,,,,,,,,
CRI-DIF-L4-ALL-ALL-3mo-ALL,2026-09-23,DIF,,L4,ALL,ALL,ALL,3M,market_intelligence,7,0.4900,0.4900,0.4900,median,0.4900,0.4900,0.4900,0.4900,0.4900,0.4900,0.4900,1,7,runpod_secure,10000.0,1,1,1,3,1,7,Low,Shadow,2026-09-17,2026-09-23,v2.4.0,direct,,,,,,,,
CRI-DIF-L4-ALL-ALL-3mo-US,2026-09-23,DIF,,L4,ALL,ALL,US,3M,market_intelligence,7,0.4900,0.4900,0.4900,median,0.4900,0.4900,0.4900,0.4900,0.4900,0.4900,0.4900,1,7,runpod_secure,10000.0,1,1,1,3,1,7,Low,Shadow,2026-09-17,2026-09-23,v2.4.0,direct,,,,,,,,
CRI-DIF-L4-ALL-ALL-6mo-ALL,2026-09-23,DIF,,L4,ALL,ALL,ALL,6M,market_intelligence,7,0.4900,0.4900,0.4900,median,0.4900,0.4900,0.4900,0.4900,0.4900,0.4900,0.4900,1,7,runpod_secure,10000.0,1,1,1,3,1,7,Low,Shadow,2026-09-17,2026-09-23,v2.4.0,direct,,,,,,,,
CRI-DIF-L4-ALL-ALL-6mo-US,2026-09-23,DIF,,L4,ALL,ALL,US,6M,market_intelligence,7,0.4900,0.4900,0.4900,median,0.4900,0.4900,0.4900,0.4900,0.4900,0.4900,0.4900,1,7,runpod_secure,10000.0,1,1,1,3,1,7,Low,Shadow,2026-09-17,2026-09-23,v2.4.0,direct,,,,,,,,
CRI-DIF-L4-ALL-ALL-OD-Other,2026-09-23,DIF,,L4,ALL,ALL,Other,OnDemand,citable,7,0.7322,0.6607,0.6607,median,0.6592,0.8644,0.6592,0.9077,0.7425,0.7377,0.7322,1,21,gcp,10000.0,1,3,1,9,1,21,Low,Shadow,2026-09-17,2026-09-23,v2.4.0,direct,,,,,,,,
CRI-DIF-L4-ALL-GTD-1yr-ALL,2026-09-23,DIF,,L4,ALL,GTD,ALL,1Y,market_intelligence,7,0.4900,0.4900,0.4900,median,0.4900,0.4900,0.4900,0.4900,0.4900,0.4900,0.4900,1,7,runpod_secure,10000.0,1,1,1,3,1,7,Low,Shadow,2026-09-17,2026-09-23,v2.4.0,direct,,,,,,,,
CRI-DIF-L4-ALL-GTD-1yr-US,2026-09-23,DIF,,L4,ALL,GTD,US,1Y,market_intelligence,7,0.4900,0.4900,0.4900,median,0.4900,0.4900,0.4900,0.4900,0.4900,0.4900,0.4900,1,7,runpod_secure,10000.0,1,1,1,3,1,7,Low,Shadow,2026-09-17,2026-09-23,v2.4.0,direct,,,,,,,,
CRI-DIF-L4-ALL-GTD-3mo-ALL,2026-09-23,DIF,,L4,ALL,GTD,ALL,3M,market_intelligence,7,0.4900,0.4900,0.4900,median,0.4900,0.4900,0.4900,0.4900,0.4900,0.4900,0.4900,1,7,runpod_secure,10000.0,1,1,1,3,1,7,Low,Shadow,2026-09-17,2026-09-23,v2.4.0,direct,,,,,,,,
CRI-DIF-L4-ALL-GTD-3mo-US,2026-09-23,DIF,,L4,ALL,GTD,US,3M,market_intelligence,7,0.4900,0.4900,0.4900,median,0.4900,0.4900,0.4900,0.4900,0.4900,0.4900,0.4900,1,7,runpod_secure,10000.0,1,1,1,3,1,7,Low,Shadow,2026-09-17,2026-09-23,v2.4.0,direct,,,,,,,,
CRI-DIF-L4-ALL-GTD-6mo-ALL,2026-09-23,DIF,,L4,ALL,GTD,ALL,6M,market_intelligence,7,0.4900,0.4900,0.4900,median,0.4900,0.4900,0.4900,0.4900,0.4900,0.4900,0.4900,1,7,runpod_secure,10000.0,1,1,1,3,1,7,Low,Shadow,2026-09-17,2026-09-23,v2.4.0,direct,,,,,,,,
CRI-DIF-L4-ALL-GTD-6mo-US,2026-09-23,DIF,,L4,ALL,GTD,US,6M,market_intelligence,7,0.4900,0.4900,0.4900,median,0.4900,0.4900,0.4900,0.4900,0.4900,0.4900,0.4900,1,7,runpod_secure,10000.0,1,1,1,3,1,7,Low,Shadow,2026-09-17,2026-09-23,v2.4.0,direct,,,,,,,,
CRI-DIF-L4-ALL-GTD-OD-ALL,2026-09-23,DIF,,L4,ALL,GTD,ALL,OnDemand,citable,7,0.4829,0.4650,0.4650,median,0.4900,0.4900,0.4400,0.4900,0.4829,0.4829,0.4829,2,49,runpod_community|runpod_secure,5000.0,2,7,2,21,2,49,Medium,Shadow,2026-09-17,2026-09-23,v2.4.0,direct,,,,,,,,
CRI-DIF-L4-ALL-GTD-OD-EU,2026-09-23,DIF,,L4,ALL,GTD,EU,OnDemand,citable,7,0.4900,0.4900,0.4900,median,0.4900,0.4900,0.4900,0.4900,0.4900,0.4900,0.4900,1,21,runpod_secure,10000.0,1,3,1,9,1,21,Low,Shadow,2026-09-17,2026-09-23,v2.4.0,direct,,,,,,,,
CRI-DIF-L4-ALL-INT-OD-ALL,2026-09-23,DIF,,L4,ALL,INT,ALL,OnDemand,citable,7,0.6460,0.6207,0.6207,median,0.6002,0.6834,0.5320,0.8141,0.6482,0.6472,0.6460,1,70,gcp,10000.0,1,10,1,30,1,70,Low,Shadow,2026-09-17,2026-09-23,v2.4.0,direct,,,,,,,,
CRI-DIF-L4-ALL-INT-OD-EU,2026-09-23,DIF,,L4,ALL,INT,EU,OnDemand,citable,7,0.6903,0.6834,0.6834,median,0.6308,0.7039,0.6105,0.8141,0.6946,0.6926,0.6903,1,35,gcp,10000.0,1,5,1,15,1,35,Low,Shadow,2026-09-17,2026-09-23,v2.4.0,direct,,,,,,,,
CRI-DIF-L4-ALL-INT-OD-Other,2026-09-23,DIF,,L4,ALL,INT,Other,OnDemand,citable,7,0.7322,0.6607,0.6607,median,0.6592,0.8644,0.6592,0.9077,0.7425,0.7377,0.7322,1,21,gcp,10000.0,1,3,1,9,1,21,Low,Shadow,2026-09-17,2026-09-23,v2.4.0,direct,,,,,,,,
CRI-DIF-L4-ALL-INT-OD-US,2026-09-23,DIF,,L4,ALL,INT,US,OnDemand,citable,7,0.6017,0.6002,0.6002,median,0.6002,0.6002,0.5320,0.6761,0.6017,0.6017,0.6017,1,35,gcp,10000.0,1,5,1,15,1,35,Low,Shadow,2026-09-17,2026-09-23,v2.4.0,direct,,,,,,,,
CRI-DIF-L4-PCIe-ALL-1yr-ALL,2026-09-23,DIF,,L4,PCIe,ALL,ALL,1Y,market_intelligence,7,0.4900,0.4900,0.4900,median,0.4900,0.4900,0.4900,0.4900,0.4900,0.4900,0.4900,1,7,runpod_secure,10000.0,1,1,1,3,1,7,Low,Shadow,2026-09-17,2026-09-23,v2.4.0,direct,,,,,,,,
CRI-DIF-L4-PCIe-ALL-1yr-US,2026-09-23,DIF,,L4,PCIe,ALL,US,1Y,market_intelligence,7,0.4900,0.4900,0.4900,median,0.4900,0.4900,0.4900,0.4900,0.4900,0.4900,0.4900,1,7,runpod_secure,10000.0,1,1,1,3,1,7,Low,Shadow,2026-09-17,2026-09-23,v2.4.0,direct,,,,,,,,
CRI-DIF-L4-PCIe-ALL-3mo-ALL,2026-09-23,DIF,,L4,PCIe,ALL,ALL,3M,market_intelligence,7,0.4900,0.4900,0.4900,median,0.4900,0.4900,0.4900,0.4900,0.4900,0.4900,0.4900,1,7,runpod_secure,10000.0,1,1,1,3,1,7,Low,Shadow,2026-09-17,2026-09-23,v2.4.0,direct,,,,,,,,
CRI-DIF-L4-PCIe-ALL-3mo-US,2026-09-23,DIF,,L4,PCIe,ALL,US,3M,market_intelligence,7,0.4900,0.4900,0.4900,median,0.4900,0.4900,0.4900,0.4900,0.4900,0.4900,0.4900,1,7,runpod_secure,10000.0,1,1,1,3,1,7,Low,Shadow,2026-09-17,2026-09-23,v2.4.0,direct,,,,,,,,
CRI-DIF-L4-PCIe-ALL-6mo-ALL,2026-09-23,DIF,,L4,PCIe,ALL,ALL,6M,market_intelligence,7,0.4900,0.4900,0.4900,median,0.4900,0.4900,0.4900,0.4900,0.4900,0.4900,0.4900,1,7,runpod_secure,10000.0,1,1,1,3,1,7,Low,Shadow,2026-09-17,2026-09-23,v2.4.0,direct,,,,,,,,
CRI-DIF-L4-PCIe-ALL-6mo-US,2026-09-23,DIF,,L4,PCIe,ALL,US,6M,market_intelligence,7,0.4900,0.4900,0.4900,median,0.4900,0.4900,0.4900,0.4900,0.4900,0.4900,0.4900,1,7,runpod_secure,10000.0,1,1,1,3,1,7,Low,Shadow,2026-09-17,2026-09-23,v2.4.0,direct,,,,,,,,
CRI-DIF-L4-PCIe-GTD-1yr-ALL,2026-09-23,DIF,,L4,PCIe,GTD,ALL,1Y,market_intelligence,7,0.4900,0.4900,0.4900,median,0.4900,0.4900,0.4900,0.4900,0.4900,0.4900,0.4900,1,7,runpod_secure,10000.0,1,1,1,3,1,7,Low,Shadow,2026-09-17,2026-09-23,v2.4.0,direct,,,,,,,,
CRI-DIF-L4-PCIe-GTD-1yr-US,2026-09-23,DIF,,L4,PCIe,GTD,US,1Y,market_intelligence,7,0.4900,0.4900,0.4900,median,0.4900,0.4900,0.4900,0.4900,0.4900,0.4900,0.4900,1,7,runpod_secure,10000.0,1,1,1,3,1,7,Low,Shadow,2026-09-17,2026-09-23,v2.4.0,direct,,,,,,,,
CRI-DIF-L4-PCIe-GTD-3mo-ALL,2026-09-23,DIF,,L4,PCIe,GTD,ALL,3M,market_intelligence,7,0.4900,0.4900,0.4900,median,0.4900,0.4900,0.4900,0.4900,0.4900,0.4900,0.4900,1,7,runpod_secure,10000.0,1,1,1,3,1,7,Low,Shadow,2026-09-17,2026-09-23,v2.4.0,direct,,,,,,,,
CRI-DIF-L4-PCIe-GTD-3mo-US,2026-09-23,DIF,,L4,PCIe,GTD,US,3M,market_intelligence,7,0.4900,0.4900,0.4900,median,0.4900,0.4900,0.4900,0.4900,0.4900,0.4900,0.4900,1,7,runpod_secure,10000.0,1,1,1,3,1,7,Low,Shadow,2026-09-17,2026-09-23,v2.4.0,direct,,,,,,,,
CRI-DIF-L4-PCIe-GTD-6mo-ALL,2026-09-23,DIF,,L4,PCIe,GTD,ALL,6M,market_intelligence,7,0.4900,0.4900,0.4900,median,0.4900,0.4900,0.4900,0.4900,0.4900,0.4900,0.4900,1,7,runpod_secure,10000.0,1,1,1,3,1,7,Low,Shadow,2026-09-17,2026-09-23,v2.4.0,direct,,,,,,,,
CRI-DIF-L4-PCIe-GTD-6mo-US,2026-09-23,DIF,,L4,PCIe,GTD,US,6M,market_intelligence,7,0.4900,0.4900,0.4900,median,0.4900,0.4900,0.4900,0.4900,0.4900,0.4900,0.4900,1,7,runpod_secure,10000.0,1,1,1,3,1,7,Low,Shadow,2026-09-17,2026-09-23,v2.4.0,direct,,,,,,,,
CRI-DIF-L4-PCIe-GTD-OD-ALL,2026-09-23,DIF,,L4,PCIe,GTD,ALL,OnDemand,citable,7,0.4829,0.4650,0.4650,median,0.4900,0.4900,0.4400,0.4900,0.4829,0.4829,0.4829,2,49,runpod_community|runpod_secure,5000.0,2,7,2,21,2,49,Medium,Shadow,2026-09-17,2026-09-23,v2.4.0,direct,,,,,,,,
CRI-DIF-L4-PCIe-GTD-OD-EU,2026-09-23,DIF,,L4,PCIe,GTD,EU,OnDemand,citable,7,0.4900,0.4900,0.4900,median,0.4900,0.4900,0.4900,0.4900,0.4900,0.4900,0.4900,1,21,runpod_secure,10000.0,1,3,1,9,1,21,Low,Shadow,2026-09-17,2026-09-23,v2.4.0,direct,,,,,,,,
CRI-DIF-L4-PCIe-INT-OD-ALL,2026-09-23,DIF,,L4,PCIe,INT,ALL,OnDemand,citable,7,0.6460,0.6207,0.6207,median,0.6002,0.6834,0.5320,0.8141,0.6482,0.6472,0.6460,1,70,gcp,10000.0,1,10,1,30,1,70,Low,Shadow,2026-09-17,2026-09-23,v2.4.0,direct,,,,,,,,
CRI-DIF-L4-PCIe-INT-OD-EU,2026-09-23,DIF,,L4,PCIe,INT,EU,OnDemand,citable,7,0.6903,0.6834,0.6834,median,0.6308,0.7039,0.6105,0.8141,0.6946,0.6926,0.6903,1,35,gcp,10000.0,1,5,1,15,1,35,Low,Shadow,2026-09-17,2026-09-23,v2.4.0,direct,,,,,,,,
CRI-DIF-L4-PCIe-INT-OD-US,2026-09-23,DIF,,L4,PCIe,INT,US,OnDemand,citable,7,0.6017,0.6002,0.6002,median,0.6002,0.6002,0.5320,0.6761,0.6017,0.6017,0.6017,1,35,gcp,10000.0,1,5,1,15,1,35,Low,Shadow,2026-09-17,2026-09-23,v2.4.0,direct,,,,,,,,
CRI-DIF-L40-ALL-ALL-1yr-ALL,2026-09-23,DIF,,L40,ALL,ALL,ALL,1Y,market_intelligence,7,0.8200,0.8200,0.8200,median,0.8200,0.8200,0.8200,0.8200,0.8200,0.8200,0.8200,1,7,runpod_secure,10000.0,1,1,1,3,1,7,Low,Shadow,2026-09-17,2026-09-23,v2.4.0,direct,,,,,,,,
CRI-DIF-L40-ALL-ALL-1yr-US,2026-09-23,DIF,,L40,ALL,ALL,US,1Y,market_intelligence,7,0.8200,0.8200,0.8200,median,0.8200,0.8200,0.8200,0.8200,0.8200,0.8200,0.8200,1,7,runpod_secure,10000.0,1,1,1,3,1,7,Low,Shadow,2026-09-17,2026-09-23,v2.4.0,direct,,,,,,,,
CRI-DIF-L40-ALL-ALL-3mo-ALL,2026-09-23,DIF,,L40,ALL,ALL,ALL,3M,market_intelligence,7,0.8200,0.8200,0.8200,median,0.8200,0.8200,0.8200,0.8200,0.8200,0.8200,0.8200,1,7,runpod_secure,10000.0,1,1,1,3,1,7,Low,Shadow,2026-09-17,2026-09-23,v2.4.0,direct,,,,,,,,
CRI-DIF-L40-ALL-ALL-3mo-US,2026-09-23,DIF,,L40,ALL,ALL,US,3M,market_intelligence,7,0.8200,0.8200,0.8200,median,0.8200,0.8200,0.8200,0.8200,0.8200,0.8200,0.8200,1,7,runpod_secure,10000.0,1,1,1,3,1,7,Low,Shadow,2026-09-17,2026-09-23,v2.4.0,direct,,,,,,,,
CRI-DIF-L40-ALL-ALL-6mo-ALL,2026-09-23,DIF,,L40,ALL,ALL,ALL,6M,market_intelligence,7,0.8200,0.8200,0.8200,median,0.8200,0.8200,0.8200,0.8200,0.8200,0.8200,0.8200,1,7,runpod_secure,10000.0,1,1,1,3,1,7,Low,Shadow,2026-09-17,2026-09-23,v2.4.0,direct,,,,,,,,
CRI-DIF-L40-ALL-ALL-6mo-US,2026-09-23,DIF,,L40,ALL,ALL,US,6M,market_intelligence,7,0.8200,0.8200,0.8200,median,0.8200,0.8200,0.8200,0.8200,0.8200,0.8200,0.8200,1,7,runpod_secure,10000.0,1,1,1,3,1,7,Low,Shadow,2026-09-17,2026-09-23,v2.4.0,direct,,,,,,,,
CRI-DIF-L40-ALL-GTD-1yr-ALL,2026-09-23,DIF,,L40,ALL,GTD,ALL,1Y,market_intelligence,7,0.8200,0.8200,0.8200,median,0.8200,0.8200,0.8200,0.8200,0.8200,0.8200,0.8200,1,7,runpod_secure,10000.0,1,1,1,3,1,7,Low,Shadow,2026-09-17,2026-09-23,v2.4.0,direct,,,,,,,,
CRI-DIF-L40-ALL-GTD-1yr-US,2026-09-23,DIF,,L40,ALL,GTD,US,1Y,market_intelligence,7,0.8200,0.8200,0.8200,median,0.8200,0.8200,0.8200,0.8200,0.8200,0.8200,0.8200,1,7,runpod_secure,10000.0,1,1,1,3,1,7,Low,Shadow,2026-09-17,2026-09-23,v2.4.0,direct,,,,,,,,
CRI-DIF-L40-ALL-GTD-3mo-ALL,2026-09-23,DIF,,L40,ALL,GTD,ALL,3M,market_intelligence,7,0.8200,0.8200,0.8200,median,0.8200,0.8200,0.8200,0.8200,0.8200,0.8200,0.8200,1,7,runpod_secure,10000.0,1,1,1,3,1,7,Low,Shadow,2026-09-17,2026-09-23,v2.4.0,direct,,,,,,,,
CRI-DIF-L40-ALL-GTD-3mo-US,2026-09-23,DIF,,L40,ALL,GTD,US,3M,market_intelligence,7,0.8200,0.8200,0.8200,median,0.8200,0.8200,0.8200,0.8200,0.8200,0.8200,0.8200,1,7,runpod_secure,10000.0,1,1,1,3,1,7,Low,Shadow,2026-09-17,2026-09-23,v2.4.0,direct,,,,,,,,
CRI-DIF-L40-ALL-GTD-6mo-ALL,2026-09-23,DIF,,L40,ALL,GTD,ALL,6M,market_intelligence,7,0.8200,0.8200,0.8200,median,0.8200,0.8200,0.8200,0.8200,0.8200,0.8200,0.8200,1,7,runpod_secure,10000.0,1,1,1,3,1,7,Low,Shadow,2026-09-17,2026-09-23,v2.4.0,direct,,,,,,,,
CRI-DIF-L40-ALL-GTD-6mo-US,2026-09-23,DIF,,L40,ALL,GTD,US,6M,market_intelligence,7,0.8200,0.8200,0.8200,median,0.8200,0.8200,0.8200,0.8200,0.8200,0.8200,0.8200,1,7,runpod_secure,10000.0,1,1,1,3,1,7,Low,Shadow,2026-09-17,2026-09-23,v2.4.0,direct,,,,,,,,
CRI-DIF-L40-ALL-INT-OD-ALL,2026-09-23,DIF,,L40,ALL,INT,ALL,OnDemand,citable,7,0.7919,0.7919,0.7919,median,0.7838,0.8000,0.7838,0.8000,0.7919,0.7919,0.7919,2,14,coreweave|hyperstack,5000.0,2,2,2,6,2,14,Medium,Shadow,2026-09-17,2026-09-23,v2.4.0,direct,,,,,,,,
CRI-DIF-L40-ALL-INT-OD-EU,2026-09-23,DIF,,L40,ALL,INT,EU,OnDemand,citable,7,0.8000,0.8000,0.8000,median,0.8000,0.8000,0.8000,0.8000,0.8000,0.8000,0.8000,1,7,hyperstack,10000.0,1,1,1,3,1,7,Low,Shadow,2026-09-17,2026-09-23,v2.4.0,direct,,,,,,,,
CRI-DIF-L40-ALL-INT-OD-Other,2026-09-23,DIF,,L40,ALL,INT,Other,OnDemand,citable,7,0.8822,0.8819,0.8819,median,0.8819,0.8819,0.8819,0.8837,0.8837,0.8825,0.8822,1,7,spheron,10000.0,1,1,1,3,1,7,Low,Shadow,2026-09-17,2026-09-23,v2.4.0,direct,,,,,,,,
CRI-DIF-L40-ALL-INT-OD-US,2026-09-23,DIF,,L40,ALL,INT,US,OnDemand,citable,7,0.7838,0.7838,0.7838,median,0.7838,0.7838,0.7838,0.7838,0.7838,0.7838,0.7838,1,7,coreweave,10000.0,1,1,1,3,1,7,Low,Shadow,2026-09-17,2026-09-23,v2.4.0,direct,,,,,,,,
CRI-DIF-L40-PCIe-ALL-1yr-ALL,2026-09-23,DIF,,L40,PCIe,ALL,ALL,1Y,market_intelligence,7,0.8200,0.8200,0.8200,median,0.8200,0.8200,0.8200,0.8200,0.8200,0.8200,0.8200,1,7,runpod_secure,10000.0,1,1,1,3,1,7,Low,Shadow,2026-09-17,2026-09-23,v2.4.0,direct,,,,,,,,
CRI-DIF-L40-PCIe-ALL-1yr-US,2026-09-23,DIF,,L40,PCIe,ALL,US,1Y,market_intelligence,7,0.8200,0.8200,0.8200,median,0.8200,0.8200,0.8200,0.8200,0.8200,0.8200,0.8200,1,7,runpod_secure,10000.0,1,1,1,3,1,7,Low,Shadow,2026-09-17,2026-09-23,v2.4.0,direct,,,,,,,,
CRI-DIF-L40-PCIe-ALL-3mo-ALL,2026-09-23,DIF,,L40,PCIe,ALL,ALL,3M,market_intelligence,7,0.8200,0.8200,0.8200,median,0.8200,0.8200,0.8200,0.8200,0.8200,0.8200,0.8200,1,7,runpod_secure,10000.0,1,1,1,3,1,7,Low,Shadow,2026-09-17,2026-09-23,v2.4.0,direct,,,,,,,,
CRI-DIF-L40-PCIe-ALL-3mo-US,2026-09-23,DIF,,L40,PCIe,ALL,US,3M,market_intelligence,7,0.8200,0.8200,0.8200,median,0.8200,0.8200,0.8200,0.8200,0.8200,0.8200,0.8200,1,7,runpod_secure,10000.0,1,1,1,3,1,7,Low,Shadow,2026-09-17,2026-09-23,v2.4.0,direct,,,,,,,,
CRI-DIF-L40-PCIe-ALL-6mo-ALL,2026-09-23,DIF,,L40,PCIe,ALL,ALL,6M,market_intelligence,7,0.8200,0.8200,0.8200,median,0.8200,0.8200,0.8200,0.8200,0.8200,0.8200,0.8200,1,7,runpod_secure,10000.0,1,1,1,3,1,7,Low,Shadow,2026-09-17,2026-09-23,v2.4.0,direct,,,,,,,,
CRI-DIF-L40-PCIe-ALL-6mo-US,2026-09-23,DIF,,L40,PCIe,ALL,US,6M,market_intelligence,7,0.8200,0.8200,0.8200,median,0.8200,0.8200,0.8200,0.8200,0.8200,0.8200,0.8200,1,7,runpod_secure,10000.0,1,1,1,3,1,7,Low,Shadow,2026-09-17,2026-09-23,v2.4.0,direct,,,,,,,,
CRI-DIF-L40-PCIe-GTD-1yr-ALL,2026-09-23,DIF,,L40,PCIe,GTD,ALL,1Y,market_intelligence,7,0.8200,0.8200,0.8200,median,0.8200,0.8200,0.8200,0.8200,0.8200,0.8200,0.8200,1,7,runpod_secure,10000.0,1,1,1,3,1,7,Low,Shadow,2026-09-17,2026-09-23,v2.4.0,direct,,,,,,,,
CRI-DIF-L40-PCIe-GTD-1yr-US,2026-09-23,DIF,,L40,PCIe,GTD,US,1Y,market_intelligence,7,0.8200,0.8200,0.8200,median,0.8200,0.8200,0.8200,0.8200,0.8200,0.8200,0.8200,1,7,runpod_secure,10000.0,1,1,1,3,1,7,Low,Shadow,2026-09-17,2026-09-23,v2.4.0,direct,,,,,,,,
CRI-DIF-L40-PCIe-GTD-3mo-ALL,2026-09-23,DIF,,L40,PCIe,GTD,ALL,3M,market_intelligence,7,0.8200,0.8200,0.8200,median,0.8200,0.8200,0.8200,0.8200,0.8200,0.8200,0.8200,1,7,runpod_secure,10000.0,1,1,1,3,1,7,Low,Shadow,2026-09-17,2026-09-23,v2.4.0,direct,,,,,,,,
CRI-DIF-L40-PCIe-GTD-3mo-US,2026-09-23,DIF,,L40,PCIe,GTD,US,3M,market_intelligence,7,0.8200,0.8200,0.8200,median,0.8200,0.8200,0.8200,0.8200,0.8200,0.8200,0.8200,1,7,runpod_secure,10000.0,1,1,1,3,1,7,Low,Shadow,2026-09-17,2026-09-23,v2.4.0,direct,,,,,,,,
CRI-DIF-L40-PCIe-GTD-6mo-ALL,2026-09-23,DIF,,L40,PCIe,GTD,ALL,6M,market_intelligence,7,0.8200,0.8200,0.8200,median,0.8200,0.8200,0.8200,0.8200,0.8200,0.8200,0.8200,1,7,runpod_secure,10000.0,1,1,1,3,1,7,Low,Shadow,2026-09-17,2026-09-23,v2.4.0,direct,,,,,,,,
CRI-DIF-L40-PCIe-GTD-6mo-US,2026-09-23,DIF,,L40,PCIe,GTD,US,6M,market_intelligence,7,0.8200,0.8200,0.8200,median,0.8200,0.8200,0.8200,0.8200,0.8200,0.8200,0.8200,1,7,runpod_secure,10000.0,1,1,1,3,1,7,Low,Shadow,2026-09-17,2026-09-23,v2.4.0,direct,,,,,,,,
CRI-DIF-L40-PCIe-INT-OD-ALL,2026-09-23,DIF,,L40,PCIe,INT,ALL,OnDemand,citable,7,0.7919,0.7919,0.7919,median,0.7838,0.8000,0.7838,0.8000,0.7919,0.7919,0.7919,2,14,coreweave|hyperstack,5000.0,2,2,2,6,2,14,Medium,Shadow,2026-09-17,2026-09-23,v2.4.0,direct,,,,,,,,
CRI-DIF-L40-PCIe-INT-OD-EU,2026-09-23,DIF,,L40,PCIe,INT,EU,OnDemand,citable,7,0.8000,0.8000,0.8000,median,0.8000,0.8000,0.8000,0.8000,0.8000,0.8000,0.8000,1,7,hyperstack,10000.0,1,1,1,3,1,7,Low,Shadow,2026-09-17,2026-09-23,v2.4.0,direct,,,,,,,,
CRI-DIF-L40-PCIe-INT-OD-US,2026-09-23,DIF,,L40,PCIe,INT,US,OnDemand,citable,7,0.7838,0.7838,0.7838,median,0.7838,0.7838,0.7838,0.7838,0.7838,0.7838,0.7838,1,7,coreweave,10000.0,1,1,1,3,1,7,Low,Shadow,2026-09-17,2026-09-23,v2.4.0,direct,,,,,,,,
CRI-DIF-L40S-ALL-ALL-1yr-ALL,2026-09-23,DIF,,L40S,ALL,ALL,ALL,1Y,market_intelligence,7,1.0900,1.0900,1.0900,median,1.0900,1.0900,1.0900,1.0900,1.0900,1.0900,1.0900,1,7,runpod_secure,10000.0,1,1,1,3,1,7,Low,Shadow,2026-09-17,2026-09-23,v2.4.0,direct,,,,,,,,
CRI-DIF-L40S-ALL-ALL-1yr-US,2026-09-23,DIF,,L40S,ALL,ALL,US,1Y,market_intelligence,7,1.0900,1.0900,1.0900,median,1.0900,1.0900,1.0900,1.0900,1.0900,1.0900,1.0900,1,7,runpod_secure,10000.0,1,1,1,3,1,7,Low,Shadow,2026-09-17,2026-09-23,v2.4.0,direct,,,,,,,,
CRI-DIF-L40S-ALL-ALL-3mo-ALL,2026-09-23,DIF,,L40S,ALL,ALL,ALL,3M,market_intelligence,7,1.0900,1.0900,1.0900,median,1.0900,1.0900,1.0900,1.0900,1.0900,1.0900,1.0900,1,7,runpod_secure,10000.0,1,1,1,3,1,7,Low,Shadow,2026-09-17,2026-09-23,v2.4.0,direct,,,,,,,,
CRI-DIF-L40S-ALL-ALL-3mo-US,2026-09-23,DIF,,L40S,ALL,ALL,US,3M,market_intelligence,7,1.0900,1.0900,1.0900,median,1.0900,1.0900,1.0900,1.0900,1.0900,1.0900,1.0900,1,7,runpod_secure,10000.0,1,1,1,3,1,7,Low,Shadow,2026-09-17,2026-09-23,v2.4.0,direct,,,,,,,,
CRI-DIF-L40S-ALL-ALL-6mo-ALL,2026-09-23,DIF,,L40S,ALL,ALL,ALL,6M,market_intelligence,7,1.0900,1.0900,1.0900,median,1.0900,1.0900,1.0900,1.0900,1.0900,1.0900,1.0900,1,7,runpod_secure,10000.0,1,1,1,3,1,7,Low,Shadow,2026-09-17,2026-09-23,v2.4.0,direct,,,,,,,,
CRI-DIF-L40S-ALL-ALL-6mo-US,2026-09-23,DIF,,L40S,ALL,ALL,US,6M,market_intelligence,7,1.0900,1.0900,1.0900,median,1.0900,1.0900,1.0900,1.0900,1.0900,1.0900,1.0900,1,7,runpod_secure,10000.0,1,1,1,3,1,7,Low,Shadow,2026-09-17,2026-09-23,v2.4.0,direct,,,,,,,,
CRI-DIF-L40S-ALL-ALL-OD-Other,2026-09-23,DIF,,L40S,ALL,ALL,Other,OnDemand,citable,7,1.0568,0.9570,0.9570,median,1.1067,1.1067,0.8073,1.1067,0.8073,0.9570,1.0568,1,6,vast_ai,10000.0,1,1,1,2,1,6,Low,Shadow,2026-09-17,2026-09-23,v2.4.0,direct,,,,,,,,
CRI-DIF-L40S-ALL-GTD-1yr-ALL,2026-09-23,DIF,,L40S,ALL,GTD,ALL,1Y,market_intelligence,7,1.0900,1.0900,1.0900,median,1.0900,1.0900,1.0900,1.0900,1.0900,1.0900,1.0900,1,7,runpod_secure,10000.0,1,1,1,3,1,7,Low,Shadow,2026-09-17,2026-09-23,v2.4.0,direct,,,,,,,,
CRI-DIF-L40S-ALL-GTD-1yr-US,2026-09-23,DIF,,L40S,ALL,GTD,US,1Y,market_intelligence,7,1.0900,1.0900,1.0900,median,1.0900,1.0900,1.0900,1.0900,1.0900,1.0900,1.0900,1,7,runpod_secure,10000.0,1,1,1,3,1,7,Low,Shadow,2026-09-17,2026-09-23,v2.4.0,direct,,,,,,,,
CRI-DIF-L40S-ALL-GTD-3mo-ALL,2026-09-23,DIF,,L40S,ALL,GTD,ALL,3M,market_intelligence,7,1.0900,1.0900,1.0900,median,1.0900,1.0900,1.0900,1.0900,1.0900,1.0900,1.0900,1,7,runpod_secure,10000.0,1,1,1,3,1,7,Low,Shadow,2026-09-17,2026-09-23,v2.4.0,direct,,,,,,,,
CRI-DIF-L40S-ALL-GTD-3mo-US,2026-09-23,DIF,,L40S,ALL,GTD,US,3M,market_intelligence,7,1.0900,1.0900,1.0900,median,1.0900,1.0900,1.0900,1.0900,1.0900,1.0900,1.0900,1,7,runpod_secure,10000.0,1,1,1,3,1,7,Low,Shadow,2026-09-17,2026-09-23,v2.4.0,direct,,,,,,,,
CRI-DIF-L40S-ALL-GTD-6mo-ALL,2026-09-23,DIF,,L40S,ALL,GTD,ALL,6M,market_intelligence,7,1.0900,1.0900,1.0900,median,1.0900,1.0900,1.0900,1.0900,1.0900,1.0900,1.0900,1,7,runpod_secure,10000.0,1,1,1,3,1,7,Low,Shadow,2026-09-17,2026-09-23,v2.4.0,direct,,,,,,,,
CRI-DIF-L40S-ALL-GTD-6mo-US,2026-09-23,DIF,,L40S,ALL,GTD,US,6M,market_intelligence,7,1.0900,1.0900,1.0900,median,1.0900,1.0900,1.0900,1.0900,1.0900,1.0900,1.0900,1,7,runpod_secure,10000.0,1,1,1,3,1,7,Low,Shadow,2026-09-17,2026-09-23,v2.4.0,direct,,,,,,,,
CRI-DIF-L40S-ALL-GTD-OD-Other,2026-09-23,DIF,,L40S,ALL,GTD,Other,OnDemand,citable,7,1.0568,0.9570,0.9570,median,1.1067,1.1067,0.8073,1.1067,0.8073,0.9570,1.0568,1,6,vast_ai,10000.0,1,1,1,2,1,6,Low,Shadow,2026-09-17,2026-09-23,v2.4.0,direct,,,,,,,,
CRI-DIF-L40S-PCIe-ALL-1yr-ALL,2026-09-23,DIF,,L40S,PCIe,ALL,ALL,1Y,market_intelligence,7,1.0900,1.0900,1.0900,median,1.0900,1.0900,1.0900,1.0900,1.0900,1.0900,1.0900,1,7,runpod_secure,10000.0,1,1,1,3,1,7,Low,Shadow,2026-09-17,2026-09-23,v2.4.0,direct,,,,,,,,
CRI-DIF-L40S-PCIe-ALL-1yr-US,2026-09-23,DIF,,L40S,PCIe,ALL,US,1Y,market_intelligence,7,1.0900,1.0900,1.0900,median,1.0900,1.0900,1.0900,1.0900,1.0900,1.0900,1.0900,1,7,runpod_secure,10000.0,1,1,1,3,1,7,Low,Shadow,2026-09-17,2026-09-23,v2.4.0,direct,,,,,,,,
CRI-DIF-L40S-PCIe-ALL-3mo-ALL,2026-09-23,DIF,,L40S,PCIe,ALL,ALL,3M,market_intelligence,7,1.0900,1.0900,1.0900,median,1.0900,1.0900,1.0900,1.0900,1.0900,1.0900,1.0900,1,7,runpod_secure,10000.0,1,1,1,3,1,7,Low,Shadow,2026-09-17,2026-09-23,v2.4.0,direct,,,,,,,,
CRI-DIF-L40S-PCIe-ALL-3mo-US,2026-09-23,DIF,,L40S,PCIe,ALL,US,3M,market_intelligence,7,1.0900,1.0900,1.0900,median,1.0900,1.0900,1.0900,1.0900,1.0900,1.0900,1.0900,1,7,runpod_secure,10000.0,1,1,1,3,1,7,Low,Shadow,2026-09-17,2026-09-23,v2.4.0,direct,,,,,,,,
CRI-DIF-L40S-PCIe-ALL-6mo-ALL,2026-09-23,DIF,,L40S,PCIe,ALL,ALL,6M,market_intelligence,7,1.0900,1.0900,1.0900,median,1.0900,1.0900,1.0900,1.0900,1.0900,1.0900,1.0900,1,7,runpod_secure,10000.0,1,1,1,3,1,7,Low,Shadow,2026-09-17,2026-09-23,v2.4.0,direct,,,,,,,,
CRI-DIF-L40S-PCIe-ALL-6mo-US,2026-09-23,DIF,,L40S,PCIe,ALL,US,6M,market_intelligence,7,1.0900,1.0900,1.0900,median,1.0900,1.0900,1.0900,1.0900,1.0900,1.0900,1.0900,1,7,runpod_secure,10000.0,1,1,1,3,1,7,Low,Shadow,2026-09-17,2026-09-23,v2.4.0,direct,,,,,,,,
CRI-DIF-L40S-PCIe-GTD-1yr-ALL,2026-09-23,DIF,,L40S,PCIe,GTD,ALL,1Y,market_intelligence,7,1.0900,1.0900,1.0900,median,1.0900,1.0900,1.0900,1.0900,1.0900,1.0900,1.0900,1,7,runpod_secure,10000.0,1,1,1,3,1,7,Low,Shadow,2026-09-17,2026-09-23,v2.4.0,direct,,,,,,,,
CRI-DIF-L40S-PCIe-GTD-1yr-US,2026-09-23,DIF,,L40S,PCIe,GTD,US,1Y,market_intelligence,7,1.0900,1.0900,1.0900,median,1.0900,1.0900,1.0900,1.0900,1.0900,1.0900,1.0900,1,7,runpod_secure,10000.0,1,1,1,3,1,7,Low,Shadow,2026-09-17,2026-09-23,v2.4.0,direct,,,,,,,,
CRI-DIF-L40S-PCIe-GTD-3mo-ALL,2026-09-23,DIF,,L40S,PCIe,GTD,ALL,3M,market_intelligence,7,1.0900,1.0900,1.0900,median,1.0900,1.0900,1.0900,1.0900,1.0900,1.0900,1.0900,1,7,runpod_secure,10000.0,1,1,1,3,1,7,Low,Shadow,2026-09-17,2026-09-23,v2.4.0,direct,,,,,,,,
CRI-DIF-L40S-PCIe-GTD-3mo-US,2026-09-23,DIF,,L40S,PCIe,GTD,US,3M,market_intelligence,7,1.0900,1.0900,1.0900,median,1.0900,1.0900,1.0900,1.0900,1.0900,1.0900,1.0900,1,7,runpod_secure,10000.0,1,1,1,3,1,7,Low,Shadow,2026-09-17,2026-09-23,v2.4.0,direct,,,,,,,,
CRI-DIF-L40S-PCIe-GTD-6mo-ALL,2026-09-23,DIF,,L40S,PCIe,GTD,ALL,6M,market_intelligence,7,1.0900,1.0900,1.0900,median,1.0900,1.0900,1.0900,1.0900,1.0900,1.0900,1.0900,1,7,runpod_secure,10000.0,1,1,1,3,1,7,Low,Shadow,2026-09-17,2026-09-23,v2.4.0,direct,,,,,,,,
CRI-DIF-L40S-PCIe-GTD-6mo-US,2026-09-23,DIF,,L40S,PCIe,GTD,US,6M,market_intelligence,7,1.0900,1.0900,1.0900,median,1.0900,1.0900,1.0900,1.0900,1.0900,1.0900,1.0900,1,7,runpod_secure,10000.0,1,1,1,3,1,7,Low,Shadow,2026-09-17,2026-09-23,v2.4.0,direct,,,,,,,,
CRI-DIF-MI300X-ALL-ALL-1yr-ALL,2026-09-23,DIF,,MI300X,ALL,ALL,ALL,1Y,market_intelligence,7,2.3900,2.3900,2.3900,median,2.3900,2.3900,2.3900,2.3900,2.3900,2.3900,2.3900,1,7,runpod_secure,10000.0,1,1,1,3,1,7,Low,Shadow,2026-09-17,2026-09-23,v2.4.0,direct,,,,,,,,
CRI-DIF-MI300X-ALL-ALL-1yr-US,2026-09-23,DIF,,MI300X,ALL,ALL,US,1Y,market_intelligence,7,2.3900,2.3900,2.3900,median,2.3900,2.3900,2.3900,2.3900,2.3900,2.3900,2.3900,1,7,runpod_secure,10000.0,1,1,1,3,1,7,Low,Shadow,2026-09-17,2026-09-23,v2.4.0,direct,,,,,,,,
CRI-DIF-MI300X-ALL-ALL-3mo-ALL,2026-09-23,DIF,,MI300X,ALL,ALL,ALL,3M,market_intelligence,7,2.3900,2.3900,2.3900,median,2.3900,2.3900,2.3900,2.3900,2.3900,2.3900,2.3900,1,7,runpod_secure,10000.0,1,1,1,3,1,7,Low,Shadow,2026-09-17,2026-09-23,v2.4.0,direct,,,,,,,,
CRI-DIF-MI300X-ALL-ALL-3mo-US,2026-09-23,DIF,,MI300X,ALL,ALL,US,3M,market_intelligence,7,2.3900,2.3900,2.3900,median,2.3900,2.3900,2.3900,2.3900,2.3900,2.3900,2.3900,1,7,runpod_secure,10000.0,1,1,1,3,1,7,Low,Shadow,2026-09-17,2026-09-23,v2.4.0,direct,,,,,,,,
CRI-DIF-MI300X-ALL-ALL-6mo-ALL,2026-09-23,DIF,,MI300X,ALL,ALL,ALL,6M,market_intelligence,7,2.3900,2.3900,2.3900,median,2.3900,2.3900,2.3900,2.3900,2.3900,2.3900,2.3900,1,7,runpod_secure,10000.0,1,1,1,3,1,7,Low,Shadow,2026-09-17,2026-09-23,v2.4.0,direct,,,,,,,,
CRI-DIF-MI300X-ALL-ALL-6mo-US,2026-09-23,DIF,,MI300X,ALL,ALL,US,6M,market_intelligence,7,2.3900,2.3900,2.3900,median,2.3900,2.3900,2.3900,2.3900,2.3900,2.3900,2.3900,1,7,runpod_secure,10000.0,1,1,1,3,1,7,Low,Shadow,2026-09-17,2026-09-23,v2.4.0,direct,,,,,,,,
CRI-DIF-MI300X-ALL-ALL-OD-APAC,2026-09-23,DIF,,MI300X,ALL,ALL,APAC,OnDemand,citable,7,1.4691,1.4691,1.4691,median,1.3860,1.5523,1.3860,1.5523,1.4691,1.4691,1.4691,1,14,azure,10000.0,1,2,1,6,1,14,Low,Shadow,2026-09-17,2026-09-23,v2.4.0,direct,,,,,,,,
CRI-DIF-MI300X-ALL-ALL-OD-Other,2026-09-23,DIF,,MI300X,ALL,ALL,Other,OnDemand,citable,7,1.7113,1.5856,1.5856,median,1.3306,2.2176,1.3306,2.2176,1.7113,1.7113,1.7113,1,21,azure,10000.0,1,3,1,9,1,21,Low,Shadow,2026-09-17,2026-09-23,v2.4.0,direct,,,,,,,,
CRI-DIF-MI300X-ALL-GTD-1yr-ALL,2026-09-23,DIF,,MI300X,ALL,GTD,ALL,1Y,market_intelligence,7,2.3900,2.3900,2.3900,median,2.3900,2.3900,2.3900,2.3900,2.3900,2.3900,2.3900,1,7,runpod_secure,10000.0,1,1,1,3,1,7,Low,Shadow,2026-09-17,2026-09-23,v2.4.0,direct,,,,,,,,
CRI-DIF-MI300X-ALL-GTD-1yr-US,2026-09-23,DIF,,MI300X,ALL,GTD,US,1Y,market_intelligence,7,2.3900,2.3900,2.3900,median,2.3900,2.3900,2.3900,2.3900,2.3900,2.3900,2.3900,1,7,runpod_secure,10000.0,1,1,1,3,1,7,Low,Shadow,2026-09-17,2026-09-23,v2.4.0,direct,,,,,,,,
CRI-DIF-MI300X-ALL-GTD-3mo-ALL,2026-09-23,DIF,,MI300X,ALL,GTD,ALL,3M,market_intelligence,7,2.3900,2.3900,2.3900,median,2.3900,2.3900,2.3900,2.3900,2.3900,2.3900,2.3900,1,7,runpod_secure,10000.0,1,1,1,3,1,7,Low,Shadow,2026-09-17,2026-09-23,v2.4.0,direct,,,,,,,,
CRI-DIF-MI300X-ALL-GTD-3mo-US,2026-09-23,DIF,,MI300X,ALL,GTD,US,3M,market_intelligence,7,2.3900,2.3900,2.3900,median,2.3900,2.3900,2.3900,2.3900,2.3900,2.3900,2.3900,1,7,runpod_secure,10000.0,1,1,1,3,1,7,Low,Shadow,2026-09-17,2026-09-23,v2.4.0,direct,,,,,,,,
CRI-DIF-MI300X-ALL-GTD-6mo-ALL,2026-09-23,DIF,,MI300X,ALL,GTD,ALL,6M,market_intelligence,7,2.3900,2.3900,2.3900,median,2.3900,2.3900,2.3900,2.3900,2.3900,2.3900,2.3900,1,7,runpod_secure,10000.0,1,1,1,3,1,7,Low,Shadow,2026-09-17,2026-09-23,v2.4.0,direct,,,,,,,,
CRI-DIF-MI300X-ALL-GTD-6mo-US,2026-09-23,DIF,,MI300X,ALL,GTD,US,6M,market_intelligence,7,2.3900,2.3900,2.3900,median,2.3900,2.3900,2.3900,2.3900,2.3900,2.3900,2.3900,1,7,runpod_secure,10000.0,1,1,1,3,1,7,Low,Shadow,2026-09-17,2026-09-23,v2.4.0,direct,,,,,,,,
CRI-DIF-MI300X-ALL-GTD-OD-ALL,2026-09-23,DIF,,MI300X,ALL,GTD,ALL,OnDemand,citable,7,2.3900,2.3900,2.3900,median,2.3900,2.3900,2.3900,2.3900,2.3900,2.3900,2.3900,1,13,runpod_secure,10000.0,1,1,1,5,1,13,Low,Shadow,2026-09-17,2026-09-23,v2.4.0,direct,,,,,,,,
CRI-DIF-MI300X-ALL-GTD-OD-EU,2026-09-23,DIF,,MI300X,ALL,GTD,EU,OnDemand,citable,7,2.3900,2.3900,2.3900,median,2.3900,2.3900,2.3900,2.3900,,2.3900,2.3900,1,6,runpod_secure,10000.0,,,1,2,1,6,Low,Shadow,2026-09-17,2026-09-23,v2.4.0,direct,,,,,,,,
CRI-DIF-MI300X-ALL-GTD-OD-US,2026-09-23,DIF,,MI300X,ALL,GTD,US,OnDemand,citable,7,2.3900,2.3900,2.3900,median,2.3900,2.3900,2.3900,2.3900,2.3900,2.3900,2.3900,1,7,runpod_secure,10000.0,1,1,1,3,1,7,Low,Shadow,2026-09-17,2026-09-23,v2.4.0,direct,,,,,,,,
CRI-DIF-MI300X-ALL-INT-OD-ALL,2026-09-23,DIF,,MI300X,ALL,INT,ALL,OnDemand,citable,7,1.4206,1.6125,1.6125,median,1.3306,1.5523,1.1088,1.8500,1.4206,1.4206,1.4206,2,91,azure|vultr,5000.0,2,13,2,39,2,91,Medium,Shadow,2026-09-17,2026-09-23,v2.4.0,direct,,,,,,,,
CRI-DIF-MI300X-ALL-INT-OD-APAC,2026-09-23,DIF,,MI300X,ALL,INT,APAC,OnDemand,citable,7,1.4691,1.4691,1.4691,median,1.3860,1.5523,1.3860,1.5523,1.4691,1.4691,1.4691,1,14,azure,10000.0,1,2,1,6,1,14,Low,Shadow,2026-09-17,2026-09-23,v2.4.0,direct,,,,,,,,
CRI-DIF-MI300X-ALL-INT-OD-EU,2026-09-23,DIF,,MI300X,ALL,INT,EU,OnDemand,citable,7,1.4673,1.4137,1.4137,median,1.3860,1.5523,1.3306,1.7076,1.4673,1.4673,1.4673,1,42,azure,10000.0,1,6,1,18,1,42,Low,Shadow,2026-09-17,2026-09-23,v2.4.0,direct,,,,,,,,
CRI-DIF-MI300X-ALL-INT-OD-Other,2026-09-23,DIF,,MI300X,ALL,INT,Other,OnDemand,citable,7,1.7113,1.5856,1.5856,median,1.3306,2.2176,1.3306,2.2176,1.7113,1.7113,1.7113,1,21,azure,10000.0,1,3,1,9,1,21,Low,Shadow,2026-09-17,2026-09-23,v2.4.0,direct,,,,,,,,
CRI-DIF-MI300X-OAM-ALL-1yr-ALL,2026-09-23,DIF,,MI300X,OAM,ALL,ALL,1Y,market_intelligence,7,2.3900,2.3900,2.3900,median,2.3900,2.3900,2.3900,2.3900,2.3900,2.3900,2.3900,1,7,runpod_secure,10000.0,1,1,1,3,1,7,Low,Shadow,2026-09-17,2026-09-23,v2.4.0,direct,,,,,,,,
CRI-DIF-MI300X-OAM-ALL-1yr-US,2026-09-23,DIF,,MI300X,OAM,ALL,US,1Y,market_intelligence,7,2.3900,2.3900,2.3900,median,2.3900,2.3900,2.3900,2.3900,2.3900,2.3900,2.3900,1,7,runpod_secure,10000.0,1,1,1,3,1,7,Low,Shadow,2026-09-17,2026-09-23,v2.4.0,direct,,,,,,,,
CRI-DIF-MI300X-OAM-ALL-3mo-ALL,2026-09-23,DIF,,MI300X,OAM,ALL,ALL,3M,market_intelligence,7,2.3900,2.3900,2.3900,median,2.3900,2.3900,2.3900,2.3900,2.3900,2.3900,2.3900,1,7,runpod_secure,10000.0,1,1,1,3,1,7,Low,Shadow,2026-09-17,2026-09-23,v2.4.0,direct,,,,,,,,
CRI-DIF-MI300X-OAM-ALL-3mo-US,2026-09-23,DIF,,MI300X,OAM,ALL,US,3M,market_intelligence,7,2.3900,2.3900,2.3900,median,2.3900,2.3900,2.3900,2.3900,2.3900,2.3900,2.3900,1,7,runpod_secure,10000.0,1,1,1,3,1,7,Low,Shadow,2026-09-17,2026-09-23,v2.4.0,direct,,,,,,,,
CRI-DIF-MI300X-OAM-ALL-6mo-ALL,2026-09-23,DIF,,MI300X,OAM,ALL,ALL,6M,market_intelligence,7,2.3900,2.3900,2.3900,median,2.3900,2.3900,2.3900,2.3900,2.3900,2.3900,2.3900,1,7,runpod_secure,10000.0,1,1,1,3,1,7,Low,Shadow,2026-09-17,2026-09-23,v2.4.0,direct,,,,,,,,
CRI-DIF-MI300X-OAM-ALL-6mo-US,2026-09-23,DIF,,MI300X,OAM,ALL,US,6M,market_intelligence,7,2.3900,2.3900,2.3900,median,2.3900,2.3900,2.3900,2.3900,2.3900,2.3900,2.3900,1,7,runpod_secure,10000.0,1,1,1,3,1,7,Low,Shadow,2026-09-17,2026-09-23,v2.4.0,direct,,,,,,,,
CRI-DIF-MI300X-OAM-GTD-1yr-ALL,2026-09-23,DIF,,MI300X,OAM,GTD,ALL,1Y,market_intelligence,7,2.3900,2.3900,2.3900,median,2.3900,2.3900,2.3900,2.3900,2.3900,2.3900,2.3900,1,7,runpod_secure,10000.0,1,1,1,3,1,7,Low,Shadow,2026-09-17,2026-09-23,v2.4.0,direct,,,,,,,,
CRI-DIF-MI300X-OAM-GTD-1yr-US,2026-09-23,DIF,,MI300X,OAM,GTD,US,1Y,market_intelligence,7,2.3900,2.3900,2.3900,median,2.3900,2.3900,2.3900,2.3900,2.3900,2.3900,2.3900,1,7,runpod_secure,10000.0,1,1,1,3,1,7,Low,Shadow,2026-09-17,2026-09-23,v2.4.0,direct,,,,,,,,
CRI-DIF-MI300X-OAM-GTD-3mo-ALL,2026-09-23,DIF,,MI300X,OAM,GTD,ALL,3M,market_intelligence,7,2.3900,2.3900,2.3900,median,2.3900,2.3900,2.3900,2.3900,2.3900,2.3900,2.3900,1,7,runpod_secure,10000.0,1,1,1,3,1,7,Low,Shadow,2026-09-17,2026-09-23,v2.4.0,direct,,,,,,,,
CRI-DIF-MI300X-OAM-GTD-3mo-US,2026-09-23,DIF,,MI300X,OAM,GTD,US,3M,market_intelligence,7,2.3900,2.3900,2.3900,median,2.3900,2.3900,2.3900,2.3900,2.3900,2.3900,2.3900,1,7,runpod_secure,10000.0,1,1,1,3,1,7,Low,Shadow,2026-09-17,2026-09-23,v2.4.0,direct,,,,,,,,
CRI-DIF-MI300X-OAM-GTD-6mo-ALL,2026-09-23,DIF,,MI300X,OAM,GTD,ALL,6M,market_intelligence,7,2.3900,2.3900,2.3900,median,2.3900,2.3900,2.3900,2.3900,2.3900,2.3900,2.3900,1,7,runpod_secure,10000.0,1,1,1,3,1,7,Low,Shadow,2026-09-17,2026-09-23,v2.4.0,direct,,,,,,,,
CRI-DIF-MI300X-OAM-GTD-6mo-US,2026-09-23,DIF,,MI300X,OAM,GTD,US,6M,market_intelligence,7,2.3900,2.3900,2.3900,median,2.3900,2.3900,2.3900,2.3900,2.3900,2.3900,2.3900,1,7,runpod_secure,10000.0,1,1,1,3,1,7,Low,Shadow,2026-09-17,2026-09-23,v2.4.0,direct,,,,,,,,
CRI-DIF-MI300X-OAM-GTD-OD-ALL,2026-09-23,DIF,,MI300X,OAM,GTD,ALL,OnDemand,citable,7,2.3900,2.3900,2.3900,median,2.3900,2.3900,2.3900,2.3900,2.3900,2.3900,2.3900,1,13,runpod_secure,10000.0,1,1,1,5,1,13,Low,Shadow,2026-09-17,2026-09-23,v2.4.0,direct,,,,,,,,
CRI-DIF-MI300X-OAM-GTD-OD-EU,2026-09-23,DIF,,MI300X,OAM,GTD,EU,OnDemand,citable,7,2.3900,2.3900,2.3900,median,2.3900,2.3900,2.3900,2.3900,,2.3900,2.3900,1,6,runpod_secure,10000.0,,,1,2,1,6,Low,Shadow,2026-09-17,2026-09-23,v2.4.0,direct,,,,,,,,
CRI-DIF-MI300X-OAM-GTD-OD-US,2026-09-23,DIF,,MI300X,OAM,GTD,US,OnDemand,citable,7,2.3900,2.3900,2.3900,median,2.3900,2.3900,2.3900,2.3900,2.3900,2.3900,2.3900,1,7,runpod_secure,10000.0,1,1,1,3,1,7,Low,Shadow,2026-09-17,2026-09-23,v2.4.0,direct,,,,,,,,
CRI-DIF-MI300X-OAM-INT-OD-ALL,2026-09-23,DIF,,MI300X,OAM,INT,ALL,OnDemand,citable,7,1.4206,1.6125,1.6125,median,1.3306,1.5523,1.1088,1.8500,1.4206,1.4206,1.4206,2,91,azure|vultr,5000.0,2,13,2,39,2,91,Medium,Shadow,2026-09-17,2026-09-23,v2.4.0,direct,,,,,,,,
CRI-DIF-MI300X-OAM-INT-OD-EU,2026-09-23,DIF,,MI300X,OAM,INT,EU,OnDemand,citable,7,1.4673,1.4137,1.4137,median,1.3860,1.5523,1.3306,1.7076,1.4673,1.4673,1.4673,1,42,azure,10000.0,1,6,1,18,1,42,Low,Shadow,2026-09-17,2026-09-23,v2.4.0,direct,,,,,,,,
CRI-DIF-MI325X-ALL-ALL-OD-ALL,2026-09-23,DIF,,MI325X,ALL,ALL,ALL,OnDemand,citable,7,2.0000,2.0000,2.0000,median,2.0000,2.0000,2.0000,2.0000,2.0000,2.0000,2.0000,1,7,vultr,10000.0,1,1,1,3,1,7,Low,Shadow,2026-09-17,2026-09-23,v2.4.0,direct,,,,,,,,
CRI-DIF-MI325X-ALL-ALL-OD-US,2026-09-23,DIF,,MI325X,ALL,ALL,US,OnDemand,citable,7,2.0000,2.0000,2.0000,median,2.0000,2.0000,2.0000,2.0000,2.0000,2.0000,2.0000,1,7,vultr,10000.0,1,1,1,3,1,7,Low,Shadow,2026-09-17,2026-09-23,v2.4.0,direct,,,,,,,,
CRI-DIF-MI325X-ALL-INT-OD-ALL,2026-09-23,DIF,,MI325X,ALL,INT,ALL,OnDemand,citable,7,2.0000,2.0000,2.0000,median,2.0000,2.0000,2.0000,2.0000,2.0000,2.0000,2.0000,1,7,vultr,10000.0,1,1,1,3,1,7,Low,Shadow,2026-09-17,2026-09-23,v2.4.0,direct,,,,,,,,
CRI-DIF-MI325X-ALL-INT-OD-US,2026-09-23,DIF,,MI325X,ALL,INT,US,OnDemand,citable,7,2.0000,2.0000,2.0000,median,2.0000,2.0000,2.0000,2.0000,2.0000,2.0000,2.0000,1,7,vultr,10000.0,1,1,1,3,1,7,Low,Shadow,2026-09-17,2026-09-23,v2.4.0,direct,,,,,,,,
CRI-DIF-MI325X-OAM-ALL-OD-ALL,2026-09-23,DIF,,MI325X,OAM,ALL,ALL,OnDemand,citable,7,2.0000,2.0000,2.0000,median,2.0000,2.0000,2.0000,2.0000,2.0000,2.0000,2.0000,1,7,vultr,10000.0,1,1,1,3,1,7,Low,Shadow,2026-09-17,2026-09-23,v2.4.0,direct,,,,,,,,
CRI-DIF-MI325X-OAM-ALL-OD-US,2026-09-23,DIF,,MI325X,OAM,ALL,US,OnDemand,citable,7,2.0000,2.0000,2.0000,median,2.0000,2.0000,2.0000,2.0000,2.0000,2.0000,2.0000,1,7,vultr,10000.0,1,1,1,3,1,7,Low,Shadow,2026-09-17,2026-09-23,v2.4.0,direct,,,,,,,,
CRI-DIF-MI325X-OAM-INT-OD-ALL,2026-09-23,DIF,,MI325X,OAM,INT,ALL,OnDemand,citable,7,2.0000,2.0000,2.0000,median,2.0000,2.0000,2.0000,2.0000,2.0000,2.0000,2.0000,1,7,vultr,10000.0,1,1,1,3,1,7,Low,Shadow,2026-09-17,2026-09-23,v2.4.0,direct,,,,,,,,
CRI-DIF-MI325X-OAM-INT-OD-US,2026-09-23,DIF,,MI325X,OAM,INT,US,OnDemand,citable,7,2.0000,2.0000,2.0000,median,2.0000,2.0000,2.0000,2.0000,2.0000,2.0000,2.0000,1,7,vultr,10000.0,1,1,1,3,1,7,Low,Shadow,2026-09-17,2026-09-23,v2.4.0,direct,,,,,,,,
CRI-DIF-MI350X-ALL-ALL-OD-ALL,2026-09-23,DIF,,MI350X,ALL,ALL,ALL,OnDemand,citable,7,3.8571,4.0000,4.0000,median,4.0000,4.0000,3.0000,4.0000,3.0000,3.6667,3.8571,1,7,digitalocean,10000.0,1,1,1,3,1,7,Low,Shadow,2026-09-17,2026-09-23,v2.4.0,direct,,,,,,,,
CRI-DIF-MI350X-ALL-ALL-OD-US,2026-09-23,DIF,,MI350X,ALL,ALL,US,OnDemand,citable,7,3.8571,4.0000,4.0000,median,4.0000,4.0000,3.0000,4.0000,3.0000,3.6667,3.8571,1,7,digitalocean,10000.0,1,1,1,3,1,7,Low,Shadow,2026-09-17,2026-09-23,v2.4.0,direct,,,,,,,,
CRI-DIF-MI350X-ALL-INT-OD-ALL,2026-09-23,DIF,,MI350X,ALL,INT,ALL,OnDemand,citable,7,3.8571,4.0000,4.0000,median,4.0000,4.0000,3.0000,4.0000,3.0000,3.6667,3.8571,1,7,digitalocean,10000.0,1,1,1,3,1,7,Low,Shadow,2026-09-17,2026-09-23,v2.4.0,direct,,,,,,,,
CRI-DIF-MI350X-ALL-INT-OD-US,2026-09-23,DIF,,MI350X,ALL,INT,US,OnDemand,citable,7,3.8571,4.0000,4.0000,median,4.0000,4.0000,3.0000,4.0000,3.0000,3.6667,3.8571,1,7,digitalocean,10000.0,1,1,1,3,1,7,Low,Shadow,2026-09-17,2026-09-23,v2.4.0,direct,,,,,,,,
CRI-DIF-MI350X-OAM-ALL-OD-ALL,2026-09-23,DIF,,MI350X,OAM,ALL,ALL,OnDemand,citable,7,3.8571,4.0000,4.0000,median,4.0000,4.0000,3.0000,4.0000,3.0000,3.6667,3.8571,1,7,digitalocean,10000.0,1,1,1,3,1,7,Low,Shadow,2026-09-17,2026-09-23,v2.4.0,direct,,,,,,,,
CRI-DIF-MI350X-OAM-ALL-OD-US,2026-09-23,DIF,,MI350X,OAM,ALL,US,OnDemand,citable,7,3.8571,4.0000,4.0000,median,4.0000,4.0000,3.0000,4.0000,3.0000,3.6667,3.8571,1,7,digitalocean,10000.0,1,1,1,3,1,7,Low,Shadow,2026-09-17,2026-09-23,v2.4.0,direct,,,,,,,,
CRI-DIF-MI350X-OAM-INT-OD-ALL,2026-09-23,DIF,,MI350X,OAM,INT,ALL,OnDemand,citable,7,3.8571,4.0000,4.0000,median,4.0000,4.0000,3.0000,4.0000,3.0000,3.6667,3.8571,1,7,digitalocean,10000.0,1,1,1,3,1,7,Low,Shadow,2026-09-17,2026-09-23,v2.4.0,direct,,,,,,,,
CRI-DIF-MI350X-OAM-INT-OD-US,2026-09-23,DIF,,MI350X,OAM,INT,US,OnDemand,citable,7,3.8571,4.0000,4.0000,median,4.0000,4.0000,3.0000,4.0000,3.0000,3.6667,3.8571,1,7,digitalocean,10000.0,1,1,1,3,1,7,Low,Shadow,2026-09-17,2026-09-23,v2.4.0,direct,,,,,,,,
CRI-DIF-MI355X-ALL-ALL-OD-ALL,2026-09-23,DIF,,MI355X,ALL,ALL,ALL,OnDemand,citable,7,3.5450,3.5450,3.5450,median,2.5900,4.5000,2.5900,4.5000,3.5450,3.5450,3.5450,2,14,digitalocean|vultr,5000.0,2,2,2,6,2,14,Medium,Shadow,2026-09-17,2026-09-23,v2.4.0,direct,,,,,,,,
CRI-DIF-MI355X-ALL-INT-OD-ALL,2026-09-23,DIF,,MI355X,ALL,INT,ALL,OnDemand,citable,7,3.5450,3.5450,3.5450,median,2.5900,4.5000,2.5900,4.5000,3.5450,3.5450,3.5450,2,14,digitalocean|vultr,5000.0,2,2,2,6,2,14,Medium,Shadow,2026-09-17,2026-09-23,v2.4.0,direct,,,,,,,,
CRI-DIF-MI355X-OAM-ALL-OD-ALL,2026-09-23,DIF,,MI355X,OAM,ALL,ALL,OnDemand,citable,7,3.5450,3.5450,3.5450,median,2.5900,4.5000,2.5900,4.5000,3.5450,3.5450,3.5450,2,14,digitalocean|vultr,5000.0,2,2,2,6,2,14,Medium,Shadow,2026-09-17,2026-09-23,v2.4.0,direct,,,,,,,,
CRI-DIF-MI355X-OAM-INT-OD-ALL,2026-09-23,DIF,,MI355X,OAM,INT,ALL,OnDemand,citable,7,3.5450,3.5450,3.5450,median,2.5900,4.5000,2.5900,4.5000,3.5450,3.5450,3.5450,2,14,digitalocean|vultr,5000.0,2,2,2,6,2,14,Medium,Shadow,2026-09-17,2026-09-23,v2.4.0,direct,,,,,,,,
CRI-DIF-RTX-6000-Ada-ALL-ALL-1yr-ALL,2026-09-23,DIF,,RTX6000Ada,ALL,ALL,ALL,1Y,market_intelligence,7,0.8400,0.8400,0.8400,median,0.8400,0.8400,0.8400,0.8400,0.8400,0.8400,0.8400,1,7,runpod_secure,10000.0,1,1,1,3,1,7,Low,Shadow,2026-09-17,2026-09-23,v2.4.0,direct,,,,,,,,
CRI-DIF-RTX-6000-Ada-ALL-ALL-1yr-US,2026-09-23,DIF,,RTX6000Ada,ALL,ALL,US,1Y,market_intelligence,7,0.8400,0.8400,0.8400,median,0.8400,0.8400,0.8400,0.8400,0.8400,0.8400,0.8400,1,7,runpod_secure,10000.0,1,1,1,3,1,7,Low,Shadow,2026-09-17,2026-09-23,v2.4.0,direct,,,,,,,,
CRI-DIF-RTX-6000-Ada-ALL-ALL-3mo-ALL,2026-09-23,DIF,,RTX6000Ada,ALL,ALL,ALL,3M,market_intelligence,7,0.8400,0.8400,0.8400,median,0.8400,0.8400,0.8400,0.8400,0.8400,0.8400,0.8400,1,7,runpod_secure,10000.0,1,1,1,3,1,7,Low,Shadow,2026-09-17,2026-09-23,v2.4.0,direct,,,,,,,,
CRI-DIF-RTX-6000-Ada-ALL-ALL-3mo-US,2026-09-23,DIF,,RTX6000Ada,ALL,ALL,US,3M,market_intelligence,7,0.8400,0.8400,0.8400,median,0.8400,0.8400,0.8400,0.8400,0.8400,0.8400,0.8400,1,7,runpod_secure,10000.0,1,1,1,3,1,7,Low,Shadow,2026-09-17,2026-09-23,v2.4.0,direct,,,,,,,,
CRI-DIF-RTX-6000-Ada-ALL-ALL-6mo-ALL,2026-09-23,DIF,,RTX6000Ada,ALL,ALL,ALL,6M,market_intelligence,7,0.8400,0.8400,0.8400,median,0.8400,0.8400,0.8400,0.8400,0.8400,0.8400,0.8400,1,7,runpod_secure,10000.0,1,1,1,3,1,7,Low,Shadow,2026-09-17,2026-09-23,v2.4.0,direct,,,,,,,,
CRI-DIF-RTX-6000-Ada-ALL-ALL-6mo-US,2026-09-23,DIF,,RTX6000Ada,ALL,ALL,US,6M,market_intelligence,7,0.8400,0.8400,0.8400,median,0.8400,0.8400,0.8400,0.8400,0.8400,0.8400,0.8400,1,7,runpod_secure,10000.0,1,1,1,3,1,7,Low,Shadow,2026-09-17,2026-09-23,v2.4.0,direct,,,,,,,,
CRI-DIF-RTX-6000-Ada-ALL-ALL-OD-APAC,2026-09-23,DIF,,RTX6000Ada,ALL,ALL,APAC,OnDemand,citable,7,0.6230,0.6000,0.6000,median,0.5400,0.7067,0.4800,0.8000,0.4800,0.5947,0.6230,1,11,vast_ai,10000.0,1,1,1,5,1,11,Low,Shadow,2026-09-17,2026-09-23,v2.4.0,direct,,,,,,,,
CRI-DIF-RTX-6000-Ada-ALL-ALL-OD-Other,2026-09-23,DIF,,RTX6000Ada,ALL,ALL,Other,OnDemand,citable,7,0.7670,0.7600,0.7600,median,0.7469,0.7882,0.7253,0.8137,0.7253,0.7397,0.7670,1,7,vast_ai,10000.0,1,1,1,3,1,7,Low,Shadow,2026-09-17,2026-09-23,v2.4.0,direct,,,,,,,,
CRI-DIF-RTX-6000-Ada-ALL-GTD-1yr-ALL,2026-09-23,DIF,,RTX6000Ada,ALL,GTD,ALL,1Y,market_intelligence,7,0.8400,0.8400,0.8400,median,0.8400,0.8400,0.8400,0.8400,0.8400,0.8400,0.8400,1,7,runpod_secure,10000.0,1,1,1,3,1,7,Low,Shadow,2026-09-17,2026-09-23,v2.4.0,direct,,,,,,,,
CRI-DIF-RTX-6000-Ada-ALL-GTD-1yr-US,2026-09-23,DIF,,RTX6000Ada,ALL,GTD,US,1Y,market_intelligence,7,0.8400,0.8400,0.8400,median,0.8400,0.8400,0.8400,0.8400,0.8400,0.8400,0.8400,1,7,runpod_secure,10000.0,1,1,1,3,1,7,Low,Shadow,2026-09-17,2026-09-23,v2.4.0,direct,,,,,,,,
CRI-DIF-RTX-6000-Ada-ALL-GTD-3mo-ALL,2026-09-23,DIF,,RTX6000Ada,ALL,GTD,ALL,3M,market_intelligence,7,0.8400,0.8400,0.8400,median,0.8400,0.8400,0.8400,0.8400,0.8400,0.8400,0.8400,1,7,runpod_secure,10000.0,1,1,1,3,1,7,Low,Shadow,2026-09-17,2026-09-23,v2.4.0,direct,,,,,,,,
CRI-DIF-RTX-6000-Ada-ALL-GTD-3mo-US,2026-09-23,DIF,,RTX6000Ada,ALL,GTD,US,3M,market_intelligence,7,0.8400,0.8400,0.8400,median,0.8400,0.8400,0.8400,0.8400,0.8400,0.8400,0.8400,1,7,runpod_secure,10000.0,1,1,1,3,1,7,Low,Shadow,2026-09-17,2026-09-23,v2.4.0,direct,,,,,,,,
CRI-DIF-RTX-6000-Ada-ALL-GTD-6mo-ALL,2026-09-23,DIF,,RTX6000Ada,ALL,GTD,ALL,6M,market_intelligence,7,0.8400,0.8400,0.8400,median,0.8400,0.8400,0.8400,0.8400,0.8400,0.8400,0.8400,1,7,runpod_secure,10000.0,1,1,1,3,1,7,Low,Shadow,2026-09-17,2026-09-23,v2.4.0,direct,,,,,,,,
CRI-DIF-RTX-6000-Ada-ALL-GTD-6mo-US,2026-09-23,DIF,,RTX6000Ada,ALL,GTD,US,6M,market_intelligence,7,0.8400,0.8400,0.8400,median,0.8400,0.8400,0.8400,0.8400,0.8400,0.8400,0.8400,1,7,runpod_secure,10000.0,1,1,1,3,1,7,Low,Shadow,2026-09-17,2026-09-23,v2.4.0,direct,,,,,,,,
CRI-DIF-RTX-6000-Ada-ALL-GTD-OD-APAC,2026-09-23,DIF,,RTX6000Ada,ALL,GTD,APAC,OnDemand,citable,7,0.6230,0.6000,0.6000,median,0.5400,0.7067,0.4800,0.8000,0.4800,0.5947,0.6230,1,11,vast_ai,10000.0,1,1,1,5,1,11,Low,Shadow,2026-09-17,2026-09-23,v2.4.0,direct,,,,,,,,
CRI-DIF-RTX-6000-Ada-ALL-GTD-OD-EU,2026-09-23,DIF,,RTX6000Ada,ALL,GTD,EU,OnDemand,citable,7,0.5940,0.6467,0.6467,median,0.4533,0.8000,0.3867,0.8000,0.5600,0.6059,0.5940,1,20,vast_ai,10000.0,1,3,1,9,1,20,Low,Shadow,2026-09-17,2026-09-23,v2.4.0,direct,,,,,,,,
CRI-DIF-RTX-6000-Ada-ALL-GTD-OD-Other,2026-09-23,DIF,,RTX6000Ada,ALL,GTD,Other,OnDemand,citable,7,0.7670,0.7600,0.7600,median,0.7469,0.7882,0.7253,0.8137,0.7253,0.7397,0.7670,1,7,vast_ai,10000.0,1,1,1,3,1,7,Low,Shadow,2026-09-17,2026-09-23,v2.4.0,direct,,,,,,,,
CRI-DIF-RTX-6000-Ada-ALL-INT-OD-ALL,2026-09-23,DIF,,RTX6000Ada,ALL,INT,ALL,OnDemand,citable,7,0.5539,0.5495,0.5495,median,0.5495,0.5577,0.5470,0.5660,0.5660,0.5605,0.5539,1,7,datacrunch,10000.0,1,1,1,3,1,7,Low,Shadow,2026-09-17,2026-09-23,v2.4.0,direct,,,,,,,,
CRI-DIF-RTX-6000-Ada-ALL-INT-OD-EU,2026-09-23,DIF,,RTX6000Ada,ALL,INT,EU,OnDemand,citable,7,0.5539,0.5495,0.5495,median,0.5495,0.5577,0.5470,0.5660,0.5660,0.5605,0.5539,1,7,datacrunch,10000.0,1,1,1,3,1,7,Low,Shadow,2026-09-17,2026-09-23,v2.4.0,direct,,,,,,,,
CRI-DIF-RTX-6000-Ada-PCIe-ALL-1yr-ALL,2026-09-23,DIF,,RTX6000Ada,PCIe,ALL,ALL,1Y,market_intelligence,7,0.8400,0.8400,0.8400,median,0.8400,0.8400,0.8400,0.8400,0.8400,0.8400,0.8400,1,7,runpod_secure,10000.0,1,1,1,3,1,7,Low,Shadow,2026-09-17,2026-09-23,v2.4.0,direct,,,,,,,,
CRI-DIF-RTX-6000-Ada-PCIe-ALL-1yr-US,2026-09-23,DIF,,RTX6000Ada,PCIe,ALL,US,1Y,market_intelligence,7,0.8400,0.8400,0.8400,median,0.8400,0.8400,0.8400,0.8400,0.8400,0.8400,0.8400,1,7,runpod_secure,10000.0,1,1,1,3,1,7,Low,Shadow,2026-09-17,2026-09-23,v2.4.0,direct,,,,,,,,
CRI-DIF-RTX-6000-Ada-PCIe-ALL-3mo-ALL,2026-09-23,DIF,,RTX6000Ada,PCIe,ALL,ALL,3M,market_intelligence,7,0.8400,0.8400,0.8400,median,0.8400,0.8400,0.8400,0.8400,0.8400,0.8400,0.8400,1,7,runpod_secure,10000.0,1,1,1,3,1,7,Low,Shadow,2026-09-17,2026-09-23,v2.4.0,direct,,,,,,,,
CRI-DIF-RTX-6000-Ada-PCIe-ALL-3mo-US,2026-09-23,DIF,,RTX6000Ada,PCIe,ALL,US,3M,market_intelligence,7,0.8400,0.8400,0.8400,median,0.8400,0.8400,0.8400,0.8400,0.8400,0.8400,0.8400,1,7,runpod_secure,10000.0,1,1,1,3,1,7,Low,Shadow,2026-09-17,2026-09-23,v2.4.0,direct,,,,,,,,
CRI-DIF-RTX-6000-Ada-PCIe-ALL-6mo-ALL,2026-09-23,DIF,,RTX6000Ada,PCIe,ALL,ALL,6M,market_intelligence,7,0.8400,0.8400,0.8400,median,0.8400,0.8400,0.8400,0.8400,0.8400,0.8400,0.8400,1,7,runpod_secure,10000.0,1,1,1,3,1,7,Low,Shadow,2026-09-17,2026-09-23,v2.4.0,direct,,,,,,,,
CRI-DIF-RTX-6000-Ada-PCIe-ALL-6mo-US,2026-09-23,DIF,,RTX6000Ada,PCIe,ALL,US,6M,market_intelligence,7,0.8400,0.8400,0.8400,median,0.8400,0.8400,0.8400,0.8400,0.8400,0.8400,0.8400,1,7,runpod_secure,10000.0,1,1,1,3,1,7,Low,Shadow,2026-09-17,2026-09-23,v2.4.0,direct,,,,,,,,
CRI-DIF-RTX-6000-Ada-PCIe-GTD-1yr-ALL,2026-09-23,DIF,,RTX6000Ada,PCIe,GTD,ALL,1Y,market_intelligence,7,0.8400,0.8400,0.8400,median,0.8400,0.8400,0.8400,0.8400,0.8400,0.8400,0.8400,1,7,runpod_secure,10000.0,1,1,1,3,1,7,Low,Shadow,2026-09-17,2026-09-23,v2.4.0,direct,,,,,,,,
CRI-DIF-RTX-6000-Ada-PCIe-GTD-1yr-US,2026-09-23,DIF,,RTX6000Ada,PCIe,GTD,US,1Y,market_intelligence,7,0.8400,0.8400,0.8400,median,0.8400,0.8400,0.8400,0.8400,0.8400,0.8400,0.8400,1,7,runpod_secure,10000.0,1,1,1,3,1,7,Low,Shadow,2026-09-17,2026-09-23,v2.4.0,direct,,,,,,,,
CRI-DIF-RTX-6000-Ada-PCIe-GTD-3mo-ALL,2026-09-23,DIF,,RTX6000Ada,PCIe,GTD,ALL,3M,market_intelligence,7,0.8400,0.8400,0.8400,median,0.8400,0.8400,0.8400,0.8400,0.8400,0.8400,0.8400,1,7,runpod_secure,10000.0,1,1,1,3,1,7,Low,Shadow,2026-09-17,2026-09-23,v2.4.0,direct,,,,,,,,
CRI-DIF-RTX-6000-Ada-PCIe-GTD-3mo-US,2026-09-23,DIF,,RTX6000Ada,PCIe,GTD,US,3M,market_intelligence,7,0.8400,0.8400,0.8400,median,0.8400,0.8400,0.8400,0.8400,0.8400,0.8400,0.8400,1,7,runpod_secure,10000.0,1,1,1,3,1,7,Low,Shadow,2026-09-17,2026-09-23,v2.4.0,direct,,,,,,,,
CRI-DIF-RTX-6000-Ada-PCIe-GTD-6mo-ALL,2026-09-23,DIF,,RTX6000Ada,PCIe,GTD,ALL,6M,market_intelligence,7,0.8400,0.8400,0.8400,median,0.8400,0.8400,0.8400,0.8400,0.8400,0.8400,0.8400,1,7,runpod_secure,10000.0,1,1,1,3,1,7,Low,Shadow,2026-09-17,2026-09-23,v2.4.0,direct,,,,,,,,
CRI-DIF-RTX-6000-Ada-PCIe-GTD-6mo-US,2026-09-23,DIF,,RTX6000Ada,PCIe,GTD,US,6M,market_intelligence,7,0.8400,0.8400,0.8400,median,0.8400,0.8400,0.8400,0.8400,0.8400,0.8400,0.8400,1,7,runpod_secure,10000.0,1,1,1,3,1,7,Low,Shadow,2026-09-17,2026-09-23,v2.4.0,direct,,,,,,,,
CRI-DIF-RTX-6000-Ada-PCIe-GTD-OD-EU,2026-09-23,DIF,,RTX6000Ada,PCIe,GTD,EU,OnDemand,citable,7,0.5940,0.6467,0.6467,median,0.4533,0.8000,0.3867,0.8000,0.5600,0.6059,0.5940,1,20,vast_ai,10000.0,1,3,1,9,1,20,Low,Shadow,2026-09-17,2026-09-23,v2.4.0,direct,,,,,,,,
CRI-DIF-RTX-6000-Ada-PCIe-INT-OD-ALL,2026-09-23,DIF,,RTX6000Ada,PCIe,INT,ALL,OnDemand,citable,7,0.5539,0.5495,0.5495,median,0.5495,0.5577,0.5470,0.5660,0.5660,0.5605,0.5539,1,7,datacrunch,10000.0,1,1,1,3,1,7,Low,Shadow,2026-09-17,2026-09-23,v2.4.0,direct,,,,,,,,
CRI-DIF-RTX-6000-Ada-PCIe-INT-OD-EU,2026-09-23,DIF,,RTX6000Ada,PCIe,INT,EU,OnDemand,citable,7,0.5539,0.5495,0.5495,median,0.5495,0.5577,0.5470,0.5660,0.5660,0.5605,0.5539,1,7,datacrunch,10000.0,1,1,1,3,1,7,Low,Shadow,2026-09-17,2026-09-23,v2.4.0,direct,,,,,,,,
CRI-DIF-RTX-A6000-ALL-ALL-1yr-ALL,2026-09-23,DIF,,A6000,ALL,ALL,ALL,1Y,market_intelligence,7,0.5300,0.5300,0.5300,median,0.5300,0.5300,0.5300,0.5300,0.5300,0.5300,0.5300,1,7,runpod_secure,10000.0,1,1,1,3,1,7,Low,Shadow,2026-09-17,2026-09-23,v2.4.0,direct,,,,,,,,
CRI-DIF-RTX-A6000-ALL-ALL-1yr-US,2026-09-23,DIF,,A6000,ALL,ALL,US,1Y,market_intelligence,7,0.5300,0.5300,0.5300,median,0.5300,0.5300,0.5300,0.5300,0.5300,0.5300,0.5300,1,7,runpod_secure,10000.0,1,1,1,3,1,7,Low,Shadow,2026-09-17,2026-09-23,v2.4.0,direct,,,,,,,,
CRI-DIF-RTX-A6000-ALL-ALL-3mo-ALL,2026-09-23,DIF,,A6000,ALL,ALL,ALL,3M,market_intelligence,7,0.5300,0.5300,0.5300,median,0.5300,0.5300,0.5300,0.5300,0.5300,0.5300,0.5300,1,7,runpod_secure,10000.0,1,1,1,3,1,7,Low,Shadow,2026-09-17,2026-09-23,v2.4.0,direct,,,,,,,,
CRI-DIF-RTX-A6000-ALL-ALL-3mo-US,2026-09-23,DIF,,A6000,ALL,ALL,US,3M,market_intelligence,7,0.5300,0.5300,0.5300,median,0.5300,0.5300,0.5300,0.5300,0.5300,0.5300,0.5300,1,7,runpod_secure,10000.0,1,1,1,3,1,7,Low,Shadow,2026-09-17,2026-09-23,v2.4.0,direct,,,,,,,,
CRI-DIF-RTX-A6000-ALL-ALL-6mo-ALL,2026-09-23,DIF,,A6000,ALL,ALL,ALL,6M,market_intelligence,7,0.5300,0.5300,0.5300,median,0.5300,0.5300,0.5300,0.5300,0.5300,0.5300,0.5300,1,7,runpod_secure,10000.0,1,1,1,3,1,7,Low,Shadow,2026-09-17,2026-09-23,v2.4.0,direct,,,,,,,,
CRI-DIF-RTX-A6000-ALL-ALL-6mo-US,2026-09-23,DIF,,A6000,ALL,ALL,US,6M,market_intelligence,7,0.5300,0.5300,0.5300,median,0.5300,0.5300,0.5300,0.5300,0.5300,0.5300,0.5300,1,7,runpod_secure,10000.0,1,1,1,3,1,7,Low,Shadow,2026-09-17,2026-09-23,v2.4.0,direct,,,,,,,,
CRI-DIF-RTX-A6000-ALL-ALL-OD-APAC,2026-09-23,DIF,,A6000,ALL,ALL,APAC,OnDemand,citable,7,0.4667,0.4667,0.4667,median,0.4667,0.4667,0.4667,0.4667,0.4667,0.4667,0.4667,1,2,vast_ai,10000.0,1,1,1,2,1,2,Low,Shadow,2026-09-17,2026-09-23,v2.4.0,direct,,,,,,,,
CRI-DIF-RTX-A6000-ALL-GTD-1yr-ALL,2026-09-23,DIF,,A6000,ALL,GTD,ALL,1Y,market_intelligence,7,0.5300,0.5300,0.5300,median,0.5300,0.5300,0.5300,0.5300,0.5300,0.5300,0.5300,1,7,runpod_secure,10000.0,1,1,1,3,1,7,Low,Shadow,2026-09-17,2026-09-23,v2.4.0,direct,,,,,,,,
CRI-DIF-RTX-A6000-ALL-GTD-1yr-US,2026-09-23,DIF,,A6000,ALL,GTD,US,1Y,market_intelligence,7,0.5300,0.5300,0.5300,median,0.5300,0.5300,0.5300,0.5300,0.5300,0.5300,0.5300,1,7,runpod_secure,10000.0,1,1,1,3,1,7,Low,Shadow,2026-09-17,2026-09-23,v2.4.0,direct,,,,,,,,
CRI-DIF-RTX-A6000-ALL-GTD-3mo-ALL,2026-09-23,DIF,,A6000,ALL,GTD,ALL,3M,market_intelligence,7,0.5300,0.5300,0.5300,median,0.5300,0.5300,0.5300,0.5300,0.5300,0.5300,0.5300,1,7,runpod_secure,10000.0,1,1,1,3,1,7,Low,Shadow,2026-09-17,2026-09-23,v2.4.0,direct,,,,,,,,
CRI-DIF-RTX-A6000-ALL-GTD-3mo-US,2026-09-23,DIF,,A6000,ALL,GTD,US,3M,market_intelligence,7,0.5300,0.5300,0.5300,median,0.5300,0.5300,0.5300,0.5300,0.5300,0.5300,0.5300,1,7,runpod_secure,10000.0,1,1,1,3,1,7,Low,Shadow,2026-09-17,2026-09-23,v2.4.0,direct,,,,,,,,
CRI-DIF-RTX-A6000-ALL-GTD-6mo-ALL,2026-09-23,DIF,,A6000,ALL,GTD,ALL,6M,market_intelligence,7,0.5300,0.5300,0.5300,median,0.5300,0.5300,0.5300,0.5300,0.5300,0.5300,0.5300,1,7,runpod_secure,10000.0,1,1,1,3,1,7,Low,Shadow,2026-09-17,2026-09-23,v2.4.0,direct,,,,,,,,
CRI-DIF-RTX-A6000-ALL-GTD-6mo-US,2026-09-23,DIF,,A6000,ALL,GTD,US,6M,market_intelligence,7,0.5300,0.5300,0.5300,median,0.5300,0.5300,0.5300,0.5300,0.5300,0.5300,0.5300,1,7,runpod_secure,10000.0,1,1,1,3,1,7,Low,Shadow,2026-09-17,2026-09-23,v2.4.0,direct,,,,,,,,
CRI-DIF-RTX-A6000-ALL-GTD-OD-APAC,2026-09-23,DIF,,A6000,ALL,GTD,APAC,OnDemand,citable,7,0.4667,0.4667,0.4667,median,0.4667,0.4667,0.4667,0.4667,0.4667,0.4667,0.4667,1,2,vast_ai,10000.0,1,1,1,2,1,2,Low,Shadow,2026-09-17,2026-09-23,v2.4.0,direct,,,,,,,,
CRI-DIF-RTX-A6000-ALL-INT-OD-ALL,2026-09-23,DIF,,A6000,ALL,INT,ALL,OnDemand,citable,7,0.3519,0.3510,0.3510,median,0.3027,0.4000,0.2960,0.4000,0.3555,0.3540,0.3519,2,14,datacrunch|hyperstack,5000.0,2,2,2,6,2,14,Medium,Shadow,2026-09-17,2026-09-23,v2.4.0,direct,,,,,,,,
CRI-DIF-RTX-A6000-PCIe-ALL-1yr-ALL,2026-09-23,DIF,,A6000,PCIe,ALL,ALL,1Y,market_intelligence,7,0.5300,0.5300,0.5300,median,0.5300,0.5300,0.5300,0.5300,0.5300,0.5300,0.5300,1,7,runpod_secure,10000.0,1,1,1,3,1,7,Low,Shadow,2026-09-17,2026-09-23,v2.4.0,direct,,,,,,,,
CRI-DIF-RTX-A6000-PCIe-ALL-1yr-US,2026-09-23,DIF,,A6000,PCIe,ALL,US,1Y,market_intelligence,7,0.5300,0.5300,0.5300,median,0.5300,0.5300,0.5300,0.5300,0.5300,0.5300,0.5300,1,7,runpod_secure,10000.0,1,1,1,3,1,7,Low,Shadow,2026-09-17,2026-09-23,v2.4.0,direct,,,,,,,,
CRI-DIF-RTX-A6000-PCIe-ALL-3mo-ALL,2026-09-23,DIF,,A6000,PCIe,ALL,ALL,3M,market_intelligence,7,0.5300,0.5300,0.5300,median,0.5300,0.5300,0.5300,0.5300,0.5300,0.5300,0.5300,1,7,runpod_secure,10000.0,1,1,1,3,1,7,Low,Shadow,2026-09-17,2026-09-23,v2.4.0,direct,,,,,,,,
CRI-DIF-RTX-A6000-PCIe-ALL-3mo-US,2026-09-23,DIF,,A6000,PCIe,ALL,US,3M,market_intelligence,7,0.5300,0.5300,0.5300,median,0.5300,0.5300,0.5300,0.5300,0.5300,0.5300,0.5300,1,7,runpod_secure,10000.0,1,1,1,3,1,7,Low,Shadow,2026-09-17,2026-09-23,v2.4.0,direct,,,,,,,,
CRI-DIF-RTX-A6000-PCIe-ALL-6mo-ALL,2026-09-23,DIF,,A6000,PCIe,ALL,ALL,6M,market_intelligence,7,0.5300,0.5300,0.5300,median,0.5300,0.5300,0.5300,0.5300,0.5300,0.5300,0.5300,1,7,runpod_secure,10000.0,1,1,1,3,1,7,Low,Shadow,2026-09-17,2026-09-23,v2.4.0,direct,,,,,,,,
CRI-DIF-RTX-A6000-PCIe-ALL-6mo-US,2026-09-23,DIF,,A6000,PCIe,ALL,US,6M,market_intelligence,7,0.5300,0.5300,0.5300,median,0.5300,0.5300,0.5300,0.5300,0.5300,0.5300,0.5300,1,7,runpod_secure,10000.0,1,1,1,3,1,7,Low,Shadow,2026-09-17,2026-09-23,v2.4.0,direct,,,,,,,,
CRI-DIF-RTX-A6000-PCIe-GTD-1yr-ALL,2026-09-23,DIF,,A6000,PCIe,GTD,ALL,1Y,market_intelligence,7,0.5300,0.5300,0.5300,median,0.5300,0.5300,0.5300,0.5300,0.5300,0.5300,0.5300,1,7,runpod_secure,10000.0,1,1,1,3,1,7,Low,Shadow,2026-09-17,2026-09-23,v2.4.0,direct,,,,,,,,
CRI-DIF-RTX-A6000-PCIe-GTD-1yr-US,2026-09-23,DIF,,A6000,PCIe,GTD,US,1Y,market_intelligence,7,0.5300,0.5300,0.5300,median,0.5300,0.5300,0.5300,0.5300,0.5300,0.5300,0.5300,1,7,runpod_secure,10000.0,1,1,1,3,1,7,Low,Shadow,2026-09-17,2026-09-23,v2.4.0,direct,,,,,,,,
CRI-DIF-RTX-A6000-PCIe-GTD-3mo-ALL,2026-09-23,DIF,,A6000,PCIe,GTD,ALL,3M,market_intelligence,7,0.5300,0.5300,0.5300,median,0.5300,0.5300,0.5300,0.5300,0.5300,0.5300,0.5300,1,7,runpod_secure,10000.0,1,1,1,3,1,7,Low,Shadow,2026-09-17,2026-09-23,v2.4.0,direct,,,,,,,,
CRI-DIF-RTX-A6000-PCIe-GTD-3mo-US,2026-09-23,DIF,,A6000,PCIe,GTD,US,3M,market_intelligence,7,0.5300,0.5300,0.5300,median,0.5300,0.5300,0.5300,0.5300,0.5300,0.5300,0.5300,1,7,runpod_secure,10000.0,1,1,1,3,1,7,Low,Shadow,2026-09-17,2026-09-23,v2.4.0,direct,,,,,,,,
CRI-DIF-RTX-A6000-PCIe-GTD-6mo-ALL,2026-09-23,DIF,,A6000,PCIe,GTD,ALL,6M,market_intelligence,7,0.5300,0.5300,0.5300,median,0.5300,0.5300,0.5300,0.5300,0.5300,0.5300,0.5300,1,7,runpod_secure,10000.0,1,1,1,3,1,7,Low,Shadow,2026-09-17,2026-09-23,v2.4.0,direct,,,,,,,,
CRI-DIF-RTX-A6000-PCIe-GTD-6mo-US,2026-09-23,DIF,,A6000,PCIe,GTD,US,6M,market_intelligence,7,0.5300,0.5300,0.5300,median,0.5300,0.5300,0.5300,0.5300,0.5300,0.5300,0.5300,1,7,runpod_secure,10000.0,1,1,1,3,1,7,Low,Shadow,2026-09-17,2026-09-23,v2.4.0,direct,,,,,,,,
CRI-DIF-RTX-A6000-PCIe-INT-OD-ALL,2026-09-23,DIF,,A6000,PCIe,INT,ALL,OnDemand,citable,7,0.3519,0.3510,0.3510,median,0.3027,0.4000,0.2960,0.4000,0.3555,0.3540,0.3519,2,14,datacrunch|hyperstack,5000.0,2,2,2,6,2,14,Medium,Shadow,2026-09-17,2026-09-23,v2.4.0,direct,,,,,,,,
CRI-DIF-RTX-PRO-6000-ALL-ALL-1yr-ALL,2026-09-23,DIF,,RTXPRO6000,ALL,ALL,ALL,1Y,market_intelligence,7,2.0900,2.0900,2.0900,median,2.0900,2.0900,2.0900,2.0900,2.0900,2.0900,2.0900,1,7,runpod_secure,10000.0,1,1,1,3,1,7,Low,Shadow,2026-09-17,2026-09-23,v2.4.0,direct,,,,,,,,
CRI-DIF-RTX-PRO-6000-ALL-ALL-1yr-US,2026-09-23,DIF,,RTXPRO6000,ALL,ALL,US,1Y,market_intelligence,7,2.0900,2.0900,2.0900,median,2.0900,2.0900,2.0900,2.0900,2.0900,2.0900,2.0900,1,7,runpod_secure,10000.0,1,1,1,3,1,7,Low,Shadow,2026-09-17,2026-09-23,v2.4.0,direct,,,,,,,,
CRI-DIF-RTX-PRO-6000-ALL-ALL-3mo-ALL,2026-09-23,DIF,,RTXPRO6000,ALL,ALL,ALL,3M,market_intelligence,7,2.0900,2.0900,2.0900,median,2.0900,2.0900,2.0900,2.0900,2.0900,2.0900,2.0900,1,7,runpod_secure,10000.0,1,1,1,3,1,7,Low,Shadow,2026-09-17,2026-09-23,v2.4.0,direct,,,,,,,,
CRI-DIF-RTX-PRO-6000-ALL-ALL-3mo-US,2026-09-23,DIF,,RTXPRO6000,ALL,ALL,US,3M,market_intelligence,7,2.0900,2.0900,2.0900,median,2.0900,2.0900,2.0900,2.0900,2.0900,2.0900,2.0900,1,7,runpod_secure,10000.0,1,1,1,3,1,7,Low,Shadow,2026-09-17,2026-09-23,v2.4.0,direct,,,,,,,,
CRI-DIF-RTX-PRO-6000-ALL-ALL-6mo-ALL,2026-09-23,DIF,,RTXPRO6000,ALL,ALL,ALL,6M,market_intelligence,7,2.0900,2.0900,2.0900,median,2.0900,2.0900,2.0900,2.0900,2.0900,2.0900,2.0900,1,7,runpod_secure,10000.0,1,1,1,3,1,7,Low,Shadow,2026-09-17,2026-09-23,v2.4.0,direct,,,,,,,,
CRI-DIF-RTX-PRO-6000-ALL-ALL-6mo-US,2026-09-23,DIF,,RTXPRO6000,ALL,ALL,US,6M,market_intelligence,7,2.0900,2.0900,2.0900,median,2.0900,2.0900,2.0900,2.0900,2.0900,2.0900,2.0900,1,7,runpod_secure,10000.0,1,1,1,3,1,7,Low,Shadow,2026-09-17,2026-09-23,v2.4.0,direct,,,,,,,,
CRI-DIF-RTX-PRO-6000-ALL-GTD-1yr-ALL,2026-09-23,DIF,,RTXPRO6000,ALL,GTD,ALL,1Y,market_intelligence,7,2.0900,2.0900,2.0900,median,2.0900,2.0900,2.0900,2.0900,2.0900,2.0900,2.0900,1,7,runpod_secure,10000.0,1,1,1,3,1,7,Low,Shadow,2026-09-17,2026-09-23,v2.4.0,direct,,,,,,,,
CRI-DIF-RTX-PRO-6000-ALL-GTD-1yr-US,2026-09-23,DIF,,RTXPRO6000,ALL,GTD,US,1Y,market_intelligence,7,2.0900,2.0900,2.0900,median,2.0900,2.0900,2.0900,2.0900,2.0900,2.0900,2.0900,1,7,runpod_secure,10000.0,1,1,1,3,1,7,Low,Shadow,2026-09-17,2026-09-23,v2.4.0,direct,,,,,,,,
CRI-DIF-RTX-PRO-6000-ALL-GTD-3mo-ALL,2026-09-23,DIF,,RTXPRO6000,ALL,GTD,ALL,3M,market_intelligence,7,2.0900,2.0900,2.0900,median,2.0900,2.0900,2.0900,2.0900,2.0900,2.0900,2.0900,1,7,runpod_secure,10000.0,1,1,1,3,1,7,Low,Shadow,2026-09-17,2026-09-23,v2.4.0,direct,,,,,,,,
CRI-DIF-RTX-PRO-6000-ALL-GTD-3mo-US,2026-09-23,DIF,,RTXPRO6000,ALL,GTD,US,3M,market_intelligence,7,2.0900,2.0900,2.0900,median,2.0900,2.0900,2.0900,2.0900,2.0900,2.0900,2.0900,1,7,runpod_secure,10000.0,1,1,1,3,1,7,Low,Shadow,2026-09-17,2026-09-23,v2.4.0,direct,,,,,,,,
CRI-DIF-RTX-PRO-6000-ALL-GTD-6mo-ALL,2026-09-23,DIF,,RTXPRO6000,ALL,GTD,ALL,6M,market_intelligence,7,2.0900,2.0900,2.0900,median,2.0900,2.0900,2.0900,2.0900,2.0900,2.0900,2.0900,1,7,runpod_secure,10000.0,1,1,1,3,1,7,Low,Shadow,2026-09-17,2026-09-23,v2.4.0,direct,,,,,,,,
CRI-DIF-RTX-PRO-6000-ALL-GTD-6mo-US,2026-09-23,DIF,,RTXPRO6000,ALL,GTD,US,6M,market_intelligence,7,2.0900,2.0900,2.0900,median,2.0900,2.0900,2.0900,2.0900,2.0900,2.0900,2.0900,1,7,runpod_secure,10000.0,1,1,1,3,1,7,Low,Shadow,2026-09-17,2026-09-23,v2.4.0,direct,,,,,,,,
CRI-DIF-RTX-PRO-6000-ALL-GTD-OD-APAC,2026-09-23,DIF,,RTXPRO6000,ALL,GTD,APAC,OnDemand,citable,7,1.3357,1.3333,1.3333,median,1.2600,1.5333,0.7733,1.8894,1.2965,1.2948,1.3357,1,33,vast_ai,10000.0,1,3,1,11,1,33,Low,Shadow,2026-09-17,2026-09-23,v2.4.0,direct,,,,,,,,
CRI-DIF-RTX-PRO-6000-ALL-INT-OD-APAC,2026-09-23,DIF,,RTXPRO6000,ALL,INT,APAC,OnDemand,citable,7,0.9900,0.9900,0.9900,median,0.9900,0.9900,0.9900,0.9900,0.9900,0.9900,0.9900,1,7,jarvislabs,10000.0,1,1,1,3,1,7,Low,Shadow,2026-09-17,2026-09-23,v2.4.0,direct,,,,,,,,
CRI-DIF-RTX-PRO-6000-PCIe-ALL-1yr-ALL,2026-09-23,DIF,,RTXPRO6000,PCIe,ALL,ALL,1Y,market_intelligence,7,2.0900,2.0900,2.0900,median,2.0900,2.0900,2.0900,2.0900,2.0900,2.0900,2.0900,1,7,runpod_secure,10000.0,1,1,1,3,1,7,Low,Shadow,2026-09-17,2026-09-23,v2.4.0,direct,,,,,,,,
CRI-DIF-RTX-PRO-6000-PCIe-ALL-1yr-US,2026-09-23,DIF,,RTXPRO6000,PCIe,ALL,US,1Y,market_intelligence,7,2.0900,2.0900,2.0900,median,2.0900,2.0900,2.0900,2.0900,2.0900,2.0900,2.0900,1,7,runpod_secure,10000.0,1,1,1,3,1,7,Low,Shadow,2026-09-17,2026-09-23,v2.4.0,direct,,,,,,,,
CRI-DIF-RTX-PRO-6000-PCIe-ALL-3mo-ALL,2026-09-23,DIF,,RTXPRO6000,PCIe,ALL,ALL,3M,market_intelligence,7,2.0900,2.0900,2.0900,median,2.0900,2.0900,2.0900,2.0900,2.0900,2.0900,2.0900,1,7,runpod_secure,10000.0,1,1,1,3,1,7,Low,Shadow,2026-09-17,2026-09-23,v2.4.0,direct,,,,,,,,
CRI-DIF-RTX-PRO-6000-PCIe-ALL-3mo-US,2026-09-23,DIF,,RTXPRO6000,PCIe,ALL,US,3M,market_intelligence,7,2.0900,2.0900,2.0900,median,2.0900,2.0900,2.0900,2.0900,2.0900,2.0900,2.0900,1,7,runpod_secure,10000.0,1,1,1,3,1,7,Low,Shadow,2026-09-17,2026-09-23,v2.4.0,direct,,,,,,,,
CRI-DIF-RTX-PRO-6000-PCIe-ALL-6mo-ALL,2026-09-23,DIF,,RTXPRO6000,PCIe,ALL,ALL,6M,market_intelligence,7,2.0900,2.0900,2.0900,median,2.0900,2.0900,2.0900,2.0900,2.0900,2.0900,2.0900,1,7,runpod_secure,10000.0,1,1,1,3,1,7,Low,Shadow,2026-09-17,2026-09-23,v2.4.0,direct,,,,,,,,
CRI-DIF-RTX-PRO-6000-PCIe-ALL-6mo-US,2026-09-23,DIF,,RTXPRO6000,PCIe,ALL,US,6M,market_intelligence,7,2.0900,2.0900,2.0900,median,2.0900,2.0900,2.0900,2.0900,2.0900,2.0900,2.0900,1,7,runpod_secure,10000.0,1,1,1,3,1,7,Low,Shadow,2026-09-17,2026-09-23,v2.4.0,direct,,,,,,,,
CRI-DIF-RTX-PRO-6000-PCIe-GTD-1yr-ALL,2026-09-23,DIF,,RTXPRO6000,PCIe,GTD,ALL,1Y,market_intelligence,7,2.0900,2.0900,2.0900,median,2.0900,2.0900,2.0900,2.0900,2.0900,2.0900,2.0900,1,7,runpod_secure,10000.0,1,1,1,3,1,7,Low,Shadow,2026-09-17,2026-09-23,v2.4.0,direct,,,,,,,,
CRI-DIF-RTX-PRO-6000-PCIe-GTD-1yr-US,2026-09-23,DIF,,RTXPRO6000,PCIe,GTD,US,1Y,market_intelligence,7,2.0900,2.0900,2.0900,median,2.0900,2.0900,2.0900,2.0900,2.0900,2.0900,2.0900,1,7,runpod_secure,10000.0,1,1,1,3,1,7,Low,Shadow,2026-09-17,2026-09-23,v2.4.0,direct,,,,,,,,
CRI-DIF-RTX-PRO-6000-PCIe-GTD-3mo-ALL,2026-09-23,DIF,,RTXPRO6000,PCIe,GTD,ALL,3M,market_intelligence,7,2.0900,2.0900,2.0900,median,2.0900,2.0900,2.0900,2.0900,2.0900,2.0900,2.0900,1,7,runpod_secure,10000.0,1,1,1,3,1,7,Low,Shadow,2026-09-17,2026-09-23,v2.4.0,direct,,,,,,,,
CRI-DIF-RTX-PRO-6000-PCIe-GTD-3mo-US,2026-09-23,DIF,,RTXPRO6000,PCIe,GTD,US,3M,market_intelligence,7,2.0900,2.0900,2.0900,median,2.0900,2.0900,2.0900,2.0900,2.0900,2.0900,2.0900,1,7,runpod_secure,10000.0,1,1,1,3,1,7,Low,Shadow,2026-09-17,2026-09-23,v2.4.0,direct,,,,,,,,
CRI-DIF-RTX-PRO-6000-PCIe-GTD-6mo-ALL,2026-09-23,DIF,,RTXPRO6000,PCIe,GTD,ALL,6M,market_intelligence,7,2.0900,2.0900,2.0900,median,2.0900,2.0900,2.0900,2.0900,2.0900,2.0900,2.0900,1,7,runpod_secure,10000.0,1,1,1,3,1,7,Low,Shadow,2026-09-17,2026-09-23,v2.4.0,direct,,,,,,,,
CRI-DIF-RTX-PRO-6000-PCIe-GTD-6mo-US,2026-09-23,DIF,,RTXPRO6000,PCIe,GTD,US,6M,market_intelligence,7,2.0900,2.0900,2.0900,median,2.0900,2.0900,2.0900,2.0900,2.0900,2.0900,2.0900,1,7,runpod_secure,10000.0,1,1,1,3,1,7,Low,Shadow,2026-09-17,2026-09-23,v2.4.0,direct,,,,,,,,
CRI-DIF-V100-16GB-ALL-ALL-OD-EU,2026-09-23,DIF,,V100,ALL,ALL,EU,OnDemand,citable,7,0.0891,0.0880,0.0880,median,0.0880,0.0905,0.0865,0.0920,0.0920,0.0910,0.0891,1,7,datacrunch,10000.0,1,1,1,3,1,7,Low,Shadow,2026-09-17,2026-09-23,v2.4.0,direct,,,,,,,,
CRI-DIF-V100-16GB-ALL-GTD-OD-ALL,2026-09-23,DIF,,V100,ALL,GTD,ALL,OnDemand,citable,7,0.2100,0.2100,0.2100,median,0.1900,0.2300,0.1900,0.2300,0.2100,0.2100,0.2100,2,14,runpod_community|tensordock,5000.0,2,2,2,6,2,14,Medium,Shadow,2026-09-17,2026-09-23,v2.4.0,direct,,,,,,,,
CRI-DIF-V100-16GB-ALL-INT-OD-ALL,2026-09-23,DIF,,V100,ALL,INT,ALL,OnDemand,citable,7,0.0891,0.0880,0.0880,median,0.0880,0.0905,0.0865,0.0920,0.0920,0.0910,0.0891,1,7,datacrunch,10000.0,1,1,1,3,1,7,Low,Shadow,2026-09-17,2026-09-23,v2.4.0,direct,,,,,,,,
CRI-DIF-V100-16GB-ALL-INT-OD-EU,2026-09-23,DIF,,V100,ALL,INT,EU,OnDemand,citable,7,0.0891,0.0880,0.0880,median,0.0880,0.0905,0.0865,0.0920,0.0920,0.0910,0.0891,1,7,datacrunch,10000.0,1,1,1,3,1,7,Low,Shadow,2026-09-17,2026-09-23,v2.4.0,direct,,,,,,,,
CRI-DIF-V100-16GB-SXM-ALL-OD-EU,2026-09-23,DIF,,V100,SXM,ALL,EU,OnDemand,citable,7,0.0891,0.0880,0.0880,median,0.0880,0.0905,0.0865,0.0920,0.0920,0.0910,0.0891,1,7,datacrunch,10000.0,1,1,1,3,1,7,Low,Shadow,2026-09-17,2026-09-23,v2.4.0,direct,,,,,,,,
CRI-DIF-V100-16GB-SXM-GTD-OD-ALL,2026-09-23,DIF,,V100,SXM,GTD,ALL,OnDemand,citable,7,0.2100,0.2100,0.2100,median,0.1900,0.2300,0.1900,0.2300,0.2100,0.2100,0.2100,2,14,runpod_community|tensordock,5000.0,2,2,2,6,2,14,Medium,Shadow,2026-09-17,2026-09-23,v2.4.0,direct,,,,,,,,
CRI-DIF-V100-16GB-SXM-INT-OD-ALL,2026-09-23,DIF,,V100,SXM,INT,ALL,OnDemand,citable,7,0.0891,0.0880,0.0880,median,0.0880,0.0905,0.0865,0.0920,0.0920,0.0910,0.0891,1,7,datacrunch,10000.0,1,1,1,3,1,7,Low,Shadow,2026-09-17,2026-09-23,v2.4.0,direct,,,,,,,,
CRI-DIF-V100-16GB-SXM-INT-OD-EU,2026-09-23,DIF,,V100,SXM,INT,EU,OnDemand,citable,7,0.0891,0.0880,0.0880,median,0.0880,0.0905,0.0865,0.0920,0.0920,0.0910,0.0891,1,7,datacrunch,10000.0,1,1,1,3,1,7,Low,Shadow,2026-09-17,2026-09-23,v2.4.0,direct,,,,,,,,
CRI-DIF-V100-ALL-ALL-OD-ALL,2026-09-23,DIF,,V100,ALL,ALL,ALL,OnDemand,citable,7,0.7515,0.6373,0.6373,median,0.4986,0.8940,0.4589,1.4039,0.7751,0.7607,0.7515,1,42,aws,10000.0,1,6,1,18,1,42,Low,Shadow,2026-09-17,2026-09-23,v2.4.0,direct,,,,,,,,
CRI-DIF-V100-ALL-ALL-OD-APAC,2026-09-23,DIF,,V100,ALL,ALL,APAC,OnDemand,citable,7,0.6372,0.6392,0.6392,median,0.5978,0.6742,0.5707,0.7067,0.5707,0.5888,0.6372,1,7,aws,10000.0,1,1,1,3,1,7,Low,Shadow,2026-09-17,2026-09-23,v2.4.0,direct,,,,,,,,
CRI-DIF-V100-ALL-ALL-OD-EU,2026-09-23,DIF,,V100,ALL,ALL,EU,OnDemand,citable,7,0.6190,0.6373,0.6373,median,0.5287,0.7019,0.4589,0.7564,0.6751,0.6387,0.6190,1,14,aws,10000.0,1,2,1,6,1,14,Low,Shadow,2026-09-17,2026-09-23,v2.4.0,direct,,,,,,,,
CRI-DIF-V100-ALL-ALL-OD-US,2026-09-23,DIF,,V100,ALL,ALL,US,OnDemand,citable,7,0.8177,0.8254,0.8254,median,0.4959,1.0575,0.4693,1.4039,0.8252,0.8217,0.8177,1,28,aws,10000.0,1,4,1,12,1,28,Low,Shadow,2026-09-17,2026-09-23,v2.4.0,direct,,,,,,,,
CRI-DIF-V100-ALL-INT-OD-ALL,2026-09-23,DIF,,V100,ALL,INT,ALL,OnDemand,citable,7,0.7515,0.6373,0.6373,median,0.4986,0.8940,0.4589,1.4039,0.7751,0.7607,0.7515,1,42,aws,10000.0,1,6,1,18,1,42,Low,Shadow,2026-09-17,2026-09-23,v2.4.0,direct,,,,,,,,
CRI-DIF-V100-ALL-INT-OD-APAC,2026-09-23,DIF,,V100,ALL,INT,APAC,OnDemand,citable,7,0.6372,0.6392,0.6392,median,0.5978,0.6742,0.5707,0.7067,0.5707,0.5888,0.6372,1,7,aws,10000.0,1,1,1,3,1,7,Low,Shadow,2026-09-17,2026-09-23,v2.4.0,direct,,,,,,,,
CRI-DIF-V100-ALL-INT-OD-EU,2026-09-23,DIF,,V100,ALL,INT,EU,OnDemand,citable,7,0.6190,0.6373,0.6373,median,0.5287,0.7019,0.4589,0.7564,0.6751,0.6387,0.6190,1,14,aws,10000.0,1,2,1,6,1,14,Low,Shadow,2026-09-17,2026-09-23,v2.4.0,direct,,,,,,,,
CRI-DIF-V100-ALL-INT-OD-US,2026-09-23,DIF,,V100,ALL,INT,US,OnDemand,citable,7,0.8177,0.8254,0.8254,median,0.4959,1.0575,0.4693,1.4039,0.8252,0.8217,0.8177,1,28,aws,10000.0,1,4,1,12,1,28,Low,Shadow,2026-09-17,2026-09-23,v2.4.0,direct,,,,,,,,
CRI-DIF-V100-SXM-ALL-OD-ALL,2026-09-23,DIF,,V100,SXM,ALL,ALL,OnDemand,citable,7,0.7515,0.6373,0.6373,median,0.4986,0.8940,0.4589,1.4039,0.7751,0.7607,0.7515,1,42,aws,10000.0,1,6,1,18,1,42,Low,Shadow,2026-09-17,2026-09-23,v2.4.0,direct,,,,,,,,
CRI-DIF-V100-SXM-ALL-OD-EU,2026-09-23,DIF,,V100,SXM,ALL,EU,OnDemand,citable,7,0.6190,0.6373,0.6373,median,0.5287,0.7019,0.4589,0.7564,0.6751,0.6387,0.6190,1,14,aws,10000.0,1,2,1,6,1,14,Low,Shadow,2026-09-17,2026-09-23,v2.4.0,direct,,,,,,,,
CRI-DIF-V100-SXM-ALL-OD-US,2026-09-23,DIF,,V100,SXM,ALL,US,OnDemand,citable,7,0.8177,0.8254,0.8254,median,0.4959,1.0575,0.4693,1.4039,0.8252,0.8217,0.8177,1,28,aws,10000.0,1,4,1,12,1,28,Low,Shadow,2026-09-17,2026-09-23,v2.4.0,direct,,,,,,,,
CRI-DIF-V100-SXM-INT-OD-ALL,2026-09-23,DIF,,V100,SXM,INT,ALL,OnDemand,citable,7,0.7515,0.6373,0.6373,median,0.4986,0.8940,0.4589,1.4039,0.7751,0.7607,0.7515,1,42,aws,10000.0,1,6,1,18,1,42,Low,Shadow,2026-09-17,2026-09-23,v2.4.0,direct,,,,,,,,
CRI-DIF-V100-SXM-INT-OD-EU,2026-09-23,DIF,,V100,SXM,INT,EU,OnDemand,citable,7,0.6190,0.6373,0.6373,median,0.5287,0.7019,0.4589,0.7564,0.6751,0.6387,0.6190,1,14,aws,10000.0,1,2,1,6,1,14,Low,Shadow,2026-09-17,2026-09-23,v2.4.0,direct,,,,,,,,
CRI-DIF-V100-SXM-INT-OD-US,2026-09-23,DIF,,V100,SXM,INT,US,OnDemand,citable,7,0.8177,0.8254,0.8254,median,0.4959,1.0575,0.4693,1.4039,0.8252,0.8217,0.8177,1,28,aws,10000.0,1,4,1,12,1,28,Low,Shadow,2026-09-17,2026-09-23,v2.4.0,direct,,,,,,,,
CRI-HIF-A10-ALL-GTD-OD-ALL,2026-09-23,HIF,,A10,ALL,GTD,ALL,OnDemand,citable,7,2.0000,2.0000,2.0000,median,2.0000,2.0000,2.0000,2.0000,2.0000,2.0000,2.0000,1,7,oci,10000.0,1,1,1,3,1,7,Low,Shadow,2026-09-17,2026-09-23,v2.4.0,direct,,,,,,,,
CRI-HIF-A10-ALL-GTD-OD-US,2026-09-23,HIF,,A10,ALL,GTD,US,OnDemand,citable,7,2.0000,2.0000,2.0000,median,2.0000,2.0000,2.0000,2.0000,2.0000,2.0000,2.0000,1,7,oci,10000.0,1,1,1,3,1,7,Low,Shadow,2026-09-17,2026-09-23,v2.4.0,direct,,,,,,,,
CRI-HIF-A10-PCIe-GTD-OD-ALL,2026-09-23,HIF,,A10,PCIe,GTD,ALL,OnDemand,citable,7,2.0000,2.0000,2.0000,median,2.0000,2.0000,2.0000,2.0000,2.0000,2.0000,2.0000,1,7,oci,10000.0,1,1,1,3,1,7,Low,Shadow,2026-09-17,2026-09-23,v2.4.0,direct,,,,,,,,
CRI-HIF-A100-ALL-GTD-1yr-ALL,2026-09-23,HIF,,A100,ALL,GTD,ALL,1Y,market_intelligence,7,2.9026,3.0013,3.0013,median,2.7132,3.1214,2.4010,3.4335,2.9026,2.9026,2.9026,1,126,azure,10000.0,1,18,1,54,1,126,Low,Shadow,2026-09-17,2026-09-23,v2.4.0,direct,,,,,,,,
CRI-HIF-A100-ALL-GTD-1yr-APAC,2026-09-23,HIF,,A100,ALL,GTD,APAC,1Y,market_intelligence,7,3.3375,3.3615,3.3615,median,3.2414,3.4815,3.1214,3.4815,3.3375,3.3375,3.3375,1,35,azure,10000.0,1,5,1,15,1,35,Low,Shadow,2026-09-17,2026-09-23,v2.4.0,direct,,,,,,,,
CRI-HIF-A100-ALL-GTD-1yr-EU,2026-09-23,HIF,,A100,ALL,GTD,EU,1Y,market_intelligence,7,3.1046,3.1214,3.1214,median,3.0013,3.1214,2.8813,3.4335,3.1046,3.1046,3.1046,1,70,azure,10000.0,1,10,1,30,1,70,Low,Shadow,2026-09-17,2026-09-23,v2.4.0,direct,,,,,,,,
CRI-HIF-A100-ALL-GTD-1yr-Other,2026-09-23,HIF,,A100,ALL,GTD,Other,1Y,market_intelligence,7,3.8417,3.8417,3.8417,median,2.8813,4.8021,2.8813,4.8021,3.8417,3.8417,3.8417,1,14,azure,10000.0,1,2,1,6,1,14,Low,Shadow,2026-09-17,2026-09-23,v2.4.0,direct,,,,,,,,
CRI-HIF-A100-ALL-GTD-1yr-US,2026-09-23,HIF,,A100,ALL,GTD,US,1Y,market_intelligence,7,2.6502,2.5571,2.5571,median,2.4010,2.8813,2.4010,3.1214,2.6502,2.6502,2.6502,1,56,azure,10000.0,1,8,1,24,1,56,Low,Shadow,2026-09-17,2026-09-23,v2.4.0,direct,,,,,,,,
CRI-HIF-A100-ALL-GTD-3yr-ALL,2026-09-23,HIF,,A100,ALL,GTD,ALL,3Y,market_intelligence,7,1.6478,1.7038,1.7038,median,1.5403,1.7720,1.3631,1.9492,1.6478,1.6478,1.6478,1,126,azure,10000.0,1,18,1,54,1,126,Low,Shadow,2026-09-17,2026-09-23,v2.4.0,direct,,,,,,,,
CRI-HIF-A100-ALL-GTD-3yr-APAC,2026-09-23,HIF,,A100,ALL,GTD,APAC,3Y,market_intelligence,7,1.8946,1.9083,1.9083,median,1.8401,1.9764,1.7720,1.9764,1.8946,1.8946,1.8946,1,35,azure,10000.0,1,5,1,15,1,35,Low,Shadow,2026-09-17,2026-09-23,v2.4.0,direct,,,,,,,,
CRI-HIF-A100-ALL-GTD-3yr-EU,2026-09-23,HIF,,A100,ALL,GTD,EU,3Y,market_intelligence,7,1.7625,1.7720,1.7720,median,1.7038,1.7720,1.6357,1.9492,1.7625,1.7625,1.7625,1,70,azure,10000.0,1,10,1,30,1,70,Low,Shadow,2026-09-17,2026-09-23,v2.4.0,direct,,,,,,,,
CRI-HIF-A100-ALL-GTD-3yr-Other,2026-09-23,HIF,,A100,ALL,GTD,Other,3Y,market_intelligence,7,2.1809,2.1809,2.1809,median,1.6357,2.7261,1.6357,2.7261,2.1809,2.1809,2.1809,1,14,azure,10000.0,1,2,1,6,1,14,Low,Shadow,2026-09-17,2026-09-23,v2.4.0,direct,,,,,,,,
CRI-HIF-A100-ALL-GTD-3yr-US,2026-09-23,HIF,,A100,ALL,GTD,US,3Y,market_intelligence,7,1.5045,1.4517,1.4517,median,1.3631,1.6357,1.3631,1.7720,1.5045,1.5045,1.5045,1,56,azure,10000.0,1,8,1,24,1,56,Low,Shadow,2026-09-17,2026-09-23,v2.4.0,direct,,,,,,,,
CRI-HIF-A100-ALL-GTD-OD-ALL,2026-09-23,HIF,,A100,ALL,GTD,ALL,OnDemand,citable,7,4.4403,4.5913,4.5913,median,4.1505,4.7750,3.6730,5.2525,4.4403,4.4403,4.4403,1,126,azure,10000.0,1,18,1,54,1,126,Low,Shadow,2026-09-17,2026-09-23,v2.4.0,direct,,,,,,,,
CRI-HIF-A100-ALL-GTD-OD-APAC,2026-09-23,HIF,,A100,ALL,GTD,APAC,OnDemand,citable,7,5.1160,5.1423,5.1423,median,4.9585,5.3258,4.7750,5.3258,5.1160,5.1160,5.1160,1,49,azure,10000.0,1,7,1,21,1,49,Low,Shadow,2026-09-17,2026-09-23,v2.4.0,direct,,,,,,,,
CRI-HIF-A100-ALL-GTD-OD-EU,2026-09-23,HIF,,A100,ALL,GTD,EU,OnDemand,citable,7,4.7493,4.7750,4.7750,median,4.5913,4.7750,4.4075,5.2525,4.7493,4.7493,4.7493,1,70,azure,10000.0,1,10,1,30,1,70,Low,Shadow,2026-09-17,2026-09-23,v2.4.0,direct,,,,,,,,
CRI-HIF-A100-ALL-GTD-OD-Other,2026-09-23,HIF,,A100,ALL,GTD,Other,OnDemand,citable,7,4.4075,4.4075,4.4075,median,4.4075,4.4075,4.4075,4.4075,4.4075,4.4075,4.4075,1,7,azure,10000.0,1,1,1,3,1,7,Low,Shadow,2026-09-17,2026-09-23,v2.4.0,direct,,,,,,,,
CRI-HIF-A100-ALL-GTD-OD-US,2026-09-23,HIF,,A100,ALL,GTD,US,OnDemand,citable,7,4.0541,3.9118,3.9118,median,3.6730,4.4075,3.6730,4.7750,4.0541,4.0541,4.0541,1,56,azure,10000.0,1,8,1,24,1,56,Low,Shadow,2026-09-17,2026-09-23,v2.4.0,direct,,,,,,,,
CRI-HIF-A100-PCIe-GTD-1yr-ALL,2026-09-23,HIF,,A100,PCIe,GTD,ALL,1Y,market_intelligence,7,2.9026,3.0013,3.0013,median,2.7132,3.1214,2.4010,3.4335,2.9026,2.9026,2.9026,1,126,azure,10000.0,1,18,1,54,1,126,Low,Shadow,2026-09-17,2026-09-23,v2.4.0,direct,,,,,,,,
CRI-HIF-A100-PCIe-GTD-3yr-ALL,2026-09-23,HIF,,A100,PCIe,GTD,ALL,3Y,market_intelligence,7,1.6478,1.7038,1.7038,median,1.5403,1.7720,1.3631,1.9492,1.6478,1.6478,1.6478,1,126,azure,10000.0,1,18,1,54,1,126,Low,Shadow,2026-09-17,2026-09-23,v2.4.0,direct,,,,,,,,
CRI-HIF-A100-PCIe-GTD-OD-ALL,2026-09-23,HIF,,A100,PCIe,GTD,ALL,OnDemand,citable,7,4.4403,4.5913,4.5913,median,4.1505,4.7750,3.6730,5.2525,4.4403,4.4403,4.4403,1,126,azure,10000.0,1,18,1,54,1,126,Low,Shadow,2026-09-17,2026-09-23,v2.4.0,direct,,,,,,,,
CRI-HIF-H100-NVL-ALL-GTD-1yr-ALL,2026-09-23,HIF,,H100,ALL,GTD,ALL,1Y,market_intelligence,7,6.3215,6.4913,6.4913,median,6.0202,6.8055,5.2350,7.4861,6.3215,6.3215,6.3215,1,112,azure,10000.0,1,16,1,48,1,112,Low,Shadow,2026-09-17,2026-09-23,v2.4.0,direct,,,,,,,,
CRI-HIF-H100-NVL-ALL-GTD-1yr-APAC,2026-09-23,HIF,,H100,ALL,GTD,APAC,1Y,market_intelligence,7,6.8971,6.9364,6.9364,median,6.4391,7.3944,6.1250,7.5908,6.8971,6.8971,6.8971,1,56,azure,10000.0,1,8,1,24,1,56,Low,Shadow,2026-09-17,2026-09-23,v2.4.0,direct,,,,,,,,
CRI-HIF-H100-NVL-ALL-GTD-1yr-EU,2026-09-23,HIF,,H100,ALL,GTD,EU,1Y,market_intelligence,7,6.7992,6.8055,6.8055,median,6.7401,6.8213,6.2820,7.4861,6.7992,6.7992,6.7992,1,56,azure,10000.0,1,8,1,24,1,56,Low,Shadow,2026-09-17,2026-09-23,v2.4.0,direct,,,,,,,,
CRI-HIF-H100-NVL-ALL-GTD-1yr-Other,2026-09-23,HIF,,H100,ALL,GTD,Other,1Y,market_intelligence,7,6.9638,6.9638,6.9638,median,6.4425,7.4850,6.4425,7.4850,6.9638,6.9638,6.9638,1,14,azure,10000.0,1,2,1,6,1,14,Low,Shadow,2026-09-17,2026-09-23,v2.4.0,direct,,,,,,,,
CRI-HIF-H100-NVL-ALL-GTD-1yr-US,2026-09-23,HIF,,H100,ALL,GTD,US,1Y,market_intelligence,7,5.8439,5.7585,5.7585,median,5.2350,6.3235,5.2350,6.8055,5.8439,5.8439,5.8439,1,56,azure,10000.0,1,8,1,24,1,56,Low,Shadow,2026-09-17,2026-09-23,v2.4.0,direct,,,,,,,,
CRI-HIF-H100-NVL-ALL-GTD-3yr-ALL,2026-09-23,HIF,,H100,ALL,GTD,ALL,3Y,market_intelligence,7,4.6358,4.7603,4.7603,median,4.4148,4.9907,3.8390,5.4898,4.6358,4.6358,4.6358,1,112,azure,10000.0,1,16,1,48,1,112,Low,Shadow,2026-09-17,2026-09-23,v2.4.0,direct,,,,,,,,
CRI-HIF-H100-NVL-ALL-GTD-3yr-APAC,2026-09-23,HIF,,H100,ALL,GTD,APAC,3Y,market_intelligence,7,5.0069,5.0867,5.0867,median,4.7220,5.4226,4.0834,5.5666,5.0069,5.0069,5.0069,1,56,azure,10000.0,1,8,1,24,1,56,Low,Shadow,2026-09-17,2026-09-23,v2.4.0,direct,,,,,,,,
CRI-HIF-H100-NVL-ALL-GTD-3yr-EU,2026-09-23,HIF,,H100,ALL,GTD,EU,3Y,market_intelligence,7,4.9861,4.9907,4.9907,median,4.9427,5.0023,4.6068,5.4898,4.9861,4.9861,4.9861,1,56,azure,10000.0,1,8,1,24,1,56,Low,Shadow,2026-09-17,2026-09-23,v2.4.0,direct,,,,,,,,
CRI-HIF-H100-NVL-ALL-GTD-3yr-Other,2026-09-23,HIF,,H100,ALL,GTD,Other,3Y,market_intelligence,7,5.1067,5.1067,5.1067,median,4.7245,5.4890,4.7245,5.4890,5.1067,5.1067,5.1067,1,14,azure,10000.0,1,2,1,6,1,14,Low,Shadow,2026-09-17,2026-09-23,v2.4.0,direct,,,,,,,,
CRI-HIF-H100-NVL-ALL-GTD-3yr-US,2026-09-23,HIF,,H100,ALL,GTD,US,3Y,market_intelligence,7,4.2855,4.2229,4.2229,median,3.8390,4.6372,3.8390,4.9907,4.2855,4.2855,4.2855,1,56,azure,10000.0,1,8,1,24,1,56,Low,Shadow,2026-09-17,2026-09-23,v2.4.0,direct,,,,,,,,
CRI-HIF-H100-NVL-ALL-GTD-OD-ALL,2026-09-23,HIF,,H100,ALL,GTD,ALL,OnDemand,citable,7,8.4287,8.6550,8.6550,median,8.0270,9.0740,6.9800,9.9815,8.4287,8.4287,8.4287,1,112,azure,10000.0,1,16,1,48,1,112,Low,Shadow,2026-09-17,2026-09-23,v2.4.0,direct,,,,,,,,
CRI-HIF-H100-NVL-ALL-GTD-OD-APAC,2026-09-23,HIF,,H100,ALL,GTD,APAC,OnDemand,citable,7,9.3113,9.5975,9.5975,median,8.7250,9.7720,8.1665,10.1210,9.3113,9.3113,9.3113,1,70,azure,10000.0,1,10,1,30,1,70,Low,Shadow,2026-09-17,2026-09-23,v2.4.0,direct,,,,,,,,
CRI-HIF-H100-NVL-ALL-GTD-OD-EU,2026-09-23,HIF,,H100,ALL,GTD,EU,OnDemand,citable,7,9.0656,9.0740,9.0740,median,8.9868,9.0950,8.3760,9.9815,9.0656,9.0656,9.0656,1,56,azure,10000.0,1,8,1,24,1,56,Low,Shadow,2026-09-17,2026-09-23,v2.4.0,direct,,,,,,,,
CRI-HIF-H100-NVL-ALL-GTD-OD-Other,2026-09-23,HIF,,H100,ALL,GTD,Other,OnDemand,citable,7,9.2850,9.2850,9.2850,median,8.5900,9.9800,8.5900,9.9800,9.2850,9.2850,9.2850,1,14,azure,10000.0,1,2,1,6,1,14,Low,Shadow,2026-09-17,2026-09-23,v2.4.0,direct,,,,,,,,
CRI-HIF-H100-NVL-ALL-GTD-OD-US,2026-09-23,HIF,,H100,ALL,GTD,US,OnDemand,citable,7,7.7919,7.6780,7.6780,median,6.9800,8.4313,6.9800,9.0740,7.7919,7.7919,7.7919,1,56,azure,10000.0,1,8,1,24,1,56,Low,Shadow,2026-09-17,2026-09-23,v2.4.0,direct,,,,,,,,
CRI-HIF-H100-NVL-PCIe-GTD-1yr-ALL,2026-09-23,HIF,,H100,PCIe,GTD,ALL,1Y,market_intelligence,7,6.3215,6.4913,6.4913,median,6.0202,6.8055,5.2350,7.4861,6.3215,6.3215,6.3215,1,112,azure,10000.0,1,16,1,48,1,112,Low,Shadow,2026-09-17,2026-09-23,v2.4.0,direct,,,,,,,,
CRI-HIF-H100-NVL-PCIe-GTD-3yr-ALL,2026-09-23,HIF,,H100,PCIe,GTD,ALL,3Y,market_intelligence,7,4.6358,4.7603,4.7603,median,4.4148,4.9907,3.8390,5.4898,4.6358,4.6358,4.6358,1,112,azure,10000.0,1,16,1,48,1,112,Low,Shadow,2026-09-17,2026-09-23,v2.4.0,direct,,,,,,,,
CRI-HIF-H100-NVL-PCIe-GTD-OD-ALL,2026-09-23,HIF,,H100,PCIe,GTD,ALL,OnDemand,citable,7,8.4287,8.6550,8.6550,median,8.0270,9.0740,6.9800,9.9815,8.4287,8.4287,8.4287,1,112,azure,10000.0,1,16,1,48,1,112,Low,Shadow,2026-09-17,2026-09-23,v2.4.0,direct,,,,,,,,
CRI-HIF-L4-ALL-GTD-1yr-ALL,2026-09-23,HIF,,L4,ALL,GTD,ALL,1Y,market_intelligence,7,0.7216,0.7244,0.7244,median,0.6624,0.7576,0.6282,0.8703,0.7216,0.7216,0.7216,1,154,gcp,10000.0,1,22,1,66,1,154,Low,Shadow,2026-09-17,2026-09-23,v2.4.0,direct,,,,,,,,
CRI-HIF-L4-ALL-GTD-1yr-APAC,2026-09-23,HIF,,L4,ALL,GTD,APAC,1Y,market_intelligence,7,0.7855,0.8094,0.8094,median,0.7298,0.8191,0.6561,0.8817,0.7855,0.7855,0.7855,1,77,gcp,10000.0,1,11,1,33,1,77,Low,Shadow,2026-09-17,2026-09-23,v2.4.0,direct,,,,,,,,
CRI-HIF-L4-ALL-GTD-1yr-EU,2026-09-23,HIF,,L4,ALL,GTD,EU,1Y,market_intelligence,7,0.7539,0.7369,0.7369,median,0.7117,0.7960,0.6624,0.8703,0.7539,0.7539,0.7539,1,84,gcp,10000.0,1,12,1,36,1,84,Low,Shadow,2026-09-17,2026-09-23,v2.4.0,direct,,,,,,,,
CRI-HIF-L4-ALL-GTD-1yr-Other,2026-09-23,HIF,,L4,ALL,GTD,Other,1Y,market_intelligence,7,0.8227,0.7951,0.7951,median,0.6940,0.9262,0.6933,1.0084,0.8227,0.8227,0.8227,1,56,gcp,10000.0,1,8,1,24,1,56,Low,Shadow,2026-09-17,2026-09-23,v2.4.0,direct,,,,,,,,
CRI-HIF-L4-ALL-GTD-1yr-US,2026-09-23,HIF,,L4,ALL,GTD,US,1Y,market_intelligence,7,0.6828,0.6701,0.6701,median,0.6303,0.7437,0.6282,0.7576,0.6828,0.6828,0.6828,1,70,gcp,10000.0,1,10,1,30,1,70,Low,Shadow,2026-09-17,2026-09-23,v2.4.0,direct,,,,,,,,
CRI-HIF-L4-ALL-GTD-3yr-ALL,2026-09-23,HIF,,L4,ALL,GTD,ALL,3Y,market_intelligence,7,0.5154,0.5174,0.5174,median,0.4732,0.5412,0.4487,0.6217,0.5154,0.5154,0.5154,1,154,gcp,10000.0,1,22,1,66,1,154,Low,Shadow,2026-09-17,2026-09-23,v2.4.0,direct,,,,,,,,
CRI-HIF-L4-ALL-GTD-3yr-APAC,2026-09-23,HIF,,L4,ALL,GTD,APAC,3Y,market_intelligence,7,0.5619,0.5781,0.5781,median,0.5213,0.5850,0.4686,0.6298,0.5619,0.5619,0.5619,1,77,gcp,10000.0,1,11,1,33,1,77,Low,Shadow,2026-09-17,2026-09-23,v2.4.0,direct,,,,,,,,
CRI-HIF-L4-ALL-GTD-3yr-EU,2026-09-23,HIF,,L4,ALL,GTD,EU,3Y,market_intelligence,7,0.5385,0.5264,0.5264,median,0.5084,0.5685,0.4732,0.6217,0.5385,0.5385,0.5385,1,84,gcp,10000.0,1,12,1,36,1,84,Low,Shadow,2026-09-17,2026-09-23,v2.4.0,direct,,,,,,,,
CRI-HIF-L4-ALL-GTD-3yr-Other,2026-09-23,HIF,,L4,ALL,GTD,Other,3Y,market_intelligence,7,0.5877,0.5679,0.5679,median,0.4957,0.6616,0.4952,0.7203,0.5877,0.5877,0.5877,1,56,gcp,10000.0,1,8,1,24,1,56,Low,Shadow,2026-09-17,2026-09-23,v2.4.0,direct,,,,,,,,
CRI-HIF-L4-ALL-GTD-3yr-US,2026-09-23,HIF,,L4,ALL,GTD,US,3Y,market_intelligence,7,0.4877,0.4787,0.4787,median,0.4502,0.5312,0.4487,0.5412,0.4877,0.4877,0.4877,1,70,gcp,10000.0,1,10,1,30,1,70,Low,Shadow,2026-09-17,2026-09-23,v2.4.0,direct,,,,,,,,
CRI-HIF-L4-ALL-GTD-OD-ALL,2026-09-23,HIF,,L4,ALL,GTD,ALL,OnDemand,citable,7,1.0957,1.0766,1.0766,median,1.0004,1.1391,0.9971,1.3604,1.0957,1.0957,1.0957,1,70,gcp,10000.0,1,10,1,30,1,70,Low,Shadow,2026-09-17,2026-09-23,v2.4.0,direct,,,,,,,,
CRI-HIF-L4-ALL-GTD-OD-APAC,2026-09-23,HIF,,L4,ALL,GTD,APAC,OnDemand,citable,7,1.2007,1.2342,1.2342,median,1.1584,1.2847,1.0414,1.2847,1.2007,1.2007,1.2007,1,35,gcp,10000.0,1,5,1,15,1,35,Low,Shadow,2026-09-17,2026-09-23,v2.4.0,direct,,,,,,,,
CRI-HIF-L4-ALL-GTD-OD-EU,2026-09-23,HIF,,L4,ALL,GTD,EU,OnDemand,citable,7,1.1663,1.1391,1.1391,median,1.1016,1.1790,1.0515,1.3604,1.1663,1.1663,1.1663,1,35,gcp,10000.0,1,5,1,15,1,35,Low,Shadow,2026-09-17,2026-09-23,v2.4.0,direct,,,,,,,,
CRI-HIF-L4-ALL-GTD-OD-Other,2026-09-23,HIF,,L4,ALL,GTD,Other,OnDemand,citable,7,1.1016,1.1016,1.1016,median,1.1016,1.1016,1.1016,1.1016,1.1016,1.1016,1.1016,1,14,gcp,10000.0,1,2,1,6,1,14,Low,Shadow,2026-09-17,2026-09-23,v2.4.0,direct,,,,,,,,
CRI-HIF-L4-ALL-GTD-OD-US,2026-09-23,HIF,,L4,ALL,GTD,US,OnDemand,citable,7,1.0250,1.0004,1.0004,median,1.0004,1.0004,0.9971,1.1268,1.0250,1.0250,1.0250,1,35,gcp,10000.0,1,5,1,15,1,35,Low,Shadow,2026-09-17,2026-09-23,v2.4.0,direct,,,,,,,,
CRI-HIF-L4-PCIe-GTD-1yr-ALL,2026-09-23,HIF,,L4,PCIe,GTD,ALL,1Y,market_intelligence,7,0.7216,0.7244,0.7244,median,0.6624,0.7576,0.6282,0.8703,0.7216,0.7216,0.7216,1,154,gcp,10000.0,1,22,1,66,1,154,Low,Shadow,2026-09-17,2026-09-23,v2.4.0,direct,,,,,,,,
CRI-HIF-L4-PCIe-GTD-3yr-ALL,2026-09-23,HIF,,L4,PCIe,GTD,ALL,3Y,market_intelligence,7,0.5154,0.5174,0.5174,median,0.4732,0.5412,0.4487,0.6217,0.5154,0.5154,0.5154,1,154,gcp,10000.0,1,22,1,66,1,154,Low,Shadow,2026-09-17,2026-09-23,v2.4.0,direct,,,,,,,,
CRI-HIF-L4-PCIe-GTD-OD-ALL,2026-09-23,HIF,,L4,PCIe,GTD,ALL,OnDemand,citable,7,1.0957,1.0766,1.0766,median,1.0004,1.1391,0.9971,1.3604,1.0957,1.0957,1.0957,1,70,gcp,10000.0,1,10,1,30,1,70,Low,Shadow,2026-09-17,2026-09-23,v2.4.0,direct,,,,,,,,
CRI-HIF-L40S-ALL-GTD-OD-ALL,2026-09-23,HIF,,L40S,ALL,GTD,ALL,OnDemand,citable,7,3.5000,3.5000,3.5000,median,3.5000,3.5000,3.5000,3.5000,3.5000,3.5000,3.5000,1,7,oci,10000.0,1,1,1,3,1,7,Low,Shadow,2026-09-17,2026-09-23,v2.4.0,direct,,,,,,,,
CRI-HIF-L40S-ALL-GTD-OD-US,2026-09-23,HIF,,L40S,ALL,GTD,US,OnDemand,citable,7,3.5000,3.5000,3.5000,median,3.5000,3.5000,3.5000,3.5000,3.5000,3.5000,3.5000,1,7,oci,10000.0,1,1,1,3,1,7,Low,Shadow,2026-09-17,2026-09-23,v2.4.0,direct,,,,,,,,
CRI-HIF-L40S-PCIe-GTD-OD-ALL,2026-09-23,HIF,,L40S,PCIe,GTD,ALL,OnDemand,citable,7,3.5000,3.5000,3.5000,median,3.5000,3.5000,3.5000,3.5000,3.5000,3.5000,3.5000,1,7,oci,10000.0,1,1,1,3,1,7,Low,Shadow,2026-09-17,2026-09-23,v2.4.0,direct,,,,,,,,
CRI-HIF-MI300X-ALL-GTD-1yr-ALL,2026-09-23,HIF,,MI300X,ALL,GTD,ALL,1Y,market_intelligence,7,4.7614,4.7616,4.7616,median,4.6080,5.0010,3.8400,5.9136,4.7614,4.7614,4.7614,1,84,azure,10000.0,1,12,1,36,1,84,Low,Shadow,2026-09-17,2026-09-23,v2.4.0,direct,,,,,,,,
CRI-HIF-MI300X-ALL-GTD-1yr-APAC,2026-09-23,HIF,,MI300X,ALL,GTD,APAC,1Y,market_intelligence,7,5.0880,5.0880,5.0880,median,4.8000,5.3760,4.8000,5.3760,5.0880,5.0880,5.0880,1,14,azure,10000.0,1,2,1,6,1,14,Low,Shadow,2026-09-17,2026-09-23,v2.4.0,direct,,,,,,,,
CRI-HIF-MI300X-ALL-GTD-1yr-EU,2026-09-23,HIF,,MI300X,ALL,GTD,EU,1Y,market_intelligence,7,5.0816,4.8960,4.8960,median,4.8000,5.3760,4.6080,5.9136,5.0816,5.0816,5.0816,1,42,azure,10000.0,1,6,1,18,1,42,Low,Shadow,2026-09-17,2026-09-23,v2.4.0,direct,,,,,,,,
CRI-HIF-MI300X-ALL-GTD-1yr-Other,2026-09-23,HIF,,MI300X,ALL,GTD,Other,1Y,market_intelligence,7,5.9264,5.4912,5.4912,median,4.6080,7.6800,4.6080,7.6800,5.9264,5.9264,5.9264,1,21,azure,10000.0,1,3,1,9,1,21,Low,Shadow,2026-09-17,2026-09-23,v2.4.0,direct,,,,,,,,
CRI-HIF-MI300X-ALL-GTD-1yr-US,2026-09-23,HIF,,MI300X,ALL,GTD,US,1Y,market_intelligence,7,4.4413,4.6080,4.6080,median,3.8400,4.7233,3.8400,5.0282,4.4413,4.4413,4.4413,1,42,azure,10000.0,1,6,1,18,1,42,Low,Shadow,2026-09-17,2026-09-23,v2.4.0,direct,,,,,,,,
CRI-HIF-MI300X-ALL-GTD-3yr-ALL,2026-09-23,HIF,,MI300X,ALL,GTD,ALL,3Y,market_intelligence,7,3.2660,3.2662,3.2662,median,3.1608,3.4304,2.6340,4.0564,3.2660,3.2660,3.2660,1,84,azure,10000.0,1,12,1,36,1,84,Low,Shadow,2026-09-17,2026-09-23,v2.4.0,direct,,,,,,,,
CRI-HIF-MI300X-ALL-GTD-3yr-APAC,2026-09-23,HIF,,MI300X,ALL,GTD,APAC,3Y,market_intelligence,7,3.4901,3.4901,3.4901,median,3.2925,3.6876,3.2925,3.6876,3.4901,3.4901,3.4901,1,14,azure,10000.0,1,2,1,6,1,14,Low,Shadow,2026-09-17,2026-09-23,v2.4.0,direct,,,,,,,,
CRI-HIF-MI300X-ALL-GTD-3yr-EU,2026-09-23,HIF,,MI300X,ALL,GTD,EU,3Y,market_intelligence,7,3.4857,3.3583,3.3583,median,3.2925,3.6876,3.1608,4.0564,3.4857,3.4857,3.4857,1,42,azure,10000.0,1,6,1,18,1,42,Low,Shadow,2026-09-17,2026-09-23,v2.4.0,direct,,,,,,,,
CRI-HIF-MI300X-ALL-GTD-3yr-Other,2026-09-23,HIF,,MI300X,ALL,GTD,Other,3Y,market_intelligence,7,4.0651,3.7666,3.7666,median,3.1608,5.2680,3.1608,5.2680,4.0651,4.0651,4.0651,1,21,azure,10000.0,1,3,1,9,1,21,Low,Shadow,2026-09-17,2026-09-23,v2.4.0,direct,,,,,,,,
CRI-HIF-MI300X-ALL-GTD-3yr-US,2026-09-23,HIF,,MI300X,ALL,GTD,US,3Y,market_intelligence,7,3.0464,3.1608,3.1608,median,2.6340,3.2399,2.6340,3.4491,3.0464,3.0464,3.0464,1,42,azure,10000.0,1,6,1,18,1,42,Low,Shadow,2026-09-17,2026-09-23,v2.4.0,direct,,,,,,,,
CRI-HIF-MI300X-ALL-GTD-OD-ALL,2026-09-23,HIF,,MI300X,ALL,GTD,ALL,OnDemand,citable,7,7.0579,6.6450,6.6450,median,6.0000,7.5000,6.0000,7.8566,7.0579,7.0579,7.0579,2,77,azure|oci,5000.0,2,11,2,33,2,77,Medium,Shadow,2026-09-17,2026-09-23,v2.4.0,direct,,,,,,,,
CRI-HIF-MI300X-ALL-GTD-OD-APAC,2026-09-23,HIF,,MI300X,ALL,GTD,APAC,OnDemand,citable,7,7.5000,7.5000,7.5000,median,7.5000,7.5000,7.5000,7.5000,7.5000,7.5000,7.5000,1,7,azure,10000.0,1,1,1,3,1,7,Low,Shadow,2026-09-17,2026-09-23,v2.4.0,direct,,,,,,,,
CRI-HIF-MI300X-ALL-GTD-OD-EU,2026-09-23,HIF,,MI300X,ALL,GTD,EU,OnDemand,citable,7,7.5000,7.5000,7.5000,median,7.4250,7.5750,7.2000,7.8000,7.5000,7.5000,7.5000,1,28,azure,10000.0,1,4,1,12,1,28,Low,Shadow,2026-09-17,2026-09-23,v2.4.0,direct,,,,,,,,
CRI-HIF-MI300X-ALL-GTD-OD-Other,2026-09-23,HIF,,MI300X,ALL,GTD,Other,OnDemand,citable,7,7.2000,7.2000,7.2000,median,7.2000,7.2000,7.2000,7.2000,7.2000,7.2000,7.2000,1,7,azure,10000.0,1,1,1,3,1,7,Low,Shadow,2026-09-17,2026-09-23,v2.4.0,direct,,,,,,,,
CRI-HIF-MI300X-OAM-GTD-1yr-ALL,2026-09-23,HIF,,MI300X,OAM,GTD,ALL,1Y,market_intelligence,7,4.7614,4.7616,4.7616,median,4.6080,5.0010,3.8400,5.9136,4.7614,4.7614,4.7614,1,84,azure,10000.0,1,12,1,36,1,84,Low,Shadow,2026-09-17,2026-09-23,v2.4.0,direct,,,,,,,,
CRI-HIF-MI300X-OAM-GTD-3yr-ALL,2026-09-23,HIF,,MI300X,OAM,GTD,ALL,3Y,market_intelligence,7,3.2660,3.2662,3.2662,median,3.1608,3.4304,2.6340,4.0564,3.2660,3.2660,3.2660,1,84,azure,10000.0,1,12,1,36,1,84,Low,Shadow,2026-09-17,2026-09-23,v2.4.0,direct,,,,,,,,
CRI-HIF-MI300X-OAM-GTD-OD-ALL,2026-09-23,HIF,,MI300X,OAM,GTD,ALL,OnDemand,citable,7,7.0579,6.6450,6.6450,median,6.0000,7.5000,6.0000,7.8566,7.0579,7.0579,7.0579,2,77,azure|oci,5000.0,2,11,2,33,2,77,Medium,Shadow,2026-09-17,2026-09-23,v2.4.0,direct,,,,,,,,
CRI-HIF-MI355X-ALL-GTD-OD-ALL,2026-09-23,HIF,,MI355X,ALL,GTD,ALL,OnDemand,citable,7,8.6000,8.6000,8.6000,median,8.6000,8.6000,8.6000,8.6000,8.6000,8.6000,8.6000,1,7,oci,10000.0,1,1,1,3,1,7,Low,Shadow,2026-09-17,2026-09-23,v2.4.0,direct,,,,,,,,
CRI-HIF-MI355X-ALL-GTD-OD-US,2026-09-23,HIF,,MI355X,ALL,GTD,US,OnDemand,citable,7,8.6000,8.6000,8.6000,median,8.6000,8.6000,8.6000,8.6000,8.6000,8.6000,8.6000,1,7,oci,10000.0,1,1,1,3,1,7,Low,Shadow,2026-09-17,2026-09-23,v2.4.0,direct,,,,,,,,
CRI-HIF-MI355X-OAM-GTD-OD-ALL,2026-09-23,HIF,,MI355X,OAM,GTD,ALL,OnDemand,citable,7,8.6000,8.6000,8.6000,median,8.6000,8.6000,8.6000,8.6000,8.6000,8.6000,8.6000,1,7,oci,10000.0,1,1,1,3,1,7,Low,Shadow,2026-09-17,2026-09-23,v2.4.0,direct,,,,,,,,
CRI-HIF-V100-ALL-GTD-1yr-ALL,2026-09-23,HIF,,V100,ALL,GTD,ALL,1Y,market_intelligence,7,2.4686,2.4019,2.4019,median,2.4019,2.6021,2.4019,2.6021,2.4686,2.4686,2.4686,1,21,aws,10000.0,1,3,1,9,1,21,Low,Shadow,2026-09-17,2026-09-23,v2.4.0,direct,,,,,,,,
CRI-HIF-V100-ALL-GTD-1yr-EU,2026-09-23,HIF,,V100,ALL,GTD,EU,1Y,market_intelligence,7,2.6021,2.6021,2.6021,median,2.6021,2.6021,2.6021,2.6021,2.6021,2.6021,2.6021,1,7,aws,10000.0,1,1,1,3,1,7,Low,Shadow,2026-09-17,2026-09-23,v2.4.0,direct,,,,,,,,
CRI-HIF-V100-ALL-GTD-1yr-US,2026-09-23,HIF,,V100,ALL,GTD,US,1Y,market_intelligence,7,2.4019,2.4019,2.4019,median,2.4019,2.4019,2.4019,2.4019,2.4019,2.4019,2.4019,1,14,aws,10000.0,1,2,1,6,1,14,Low,Shadow,2026-09-17,2026-09-23,v2.4.0,direct,,,,,,,,
CRI-HIF-V100-ALL-GTD-3yr-ALL,2026-09-23,HIF,,V100,ALL,GTD,ALL,3Y,market_intelligence,7,1.3378,1.3020,1.3020,median,1.3020,1.4095,1.3020,1.4095,1.3378,1.3378,1.3378,1,21,aws,10000.0,1,3,1,9,1,21,Low,Shadow,2026-09-17,2026-09-23,v2.4.0,direct,,,,,,,,
CRI-HIF-V100-ALL-GTD-3yr-APAC,2026-09-23,HIF,,V100,ALL,GTD,APAC,3Y,market_intelligence,7,2.1930,2.1930,2.1930,median,2.1930,2.1930,2.1930,2.1930,2.1930,2.1930,2.1930,1,7,aws,10000.0,1,1,1,3,1,7,Low,Shadow,2026-09-17,2026-09-23,v2.4.0,direct,,,,,,,,
CRI-HIF-V100-ALL-GTD-3yr-EU,2026-09-23,HIF,,V100,ALL,GTD,EU,3Y,market_intelligence,7,1.4095,1.4095,1.4095,median,1.4095,1.4095,1.4095,1.4095,1.4095,1.4095,1.4095,1,7,aws,10000.0,1,1,1,3,1,7,Low,Shadow,2026-09-17,2026-09-23,v2.4.0,direct,,,,,,,,
CRI-HIF-V100-ALL-GTD-3yr-US,2026-09-23,HIF,,V100,ALL,GTD,US,3Y,market_intelligence,7,1.3020,1.3020,1.3020,median,1.3020,1.3020,1.3020,1.3020,1.3020,1.3020,1.3020,1,14,aws,10000.0,1,2,1,6,1,14,Low,Shadow,2026-09-17,2026-09-23,v2.4.0,direct,,,,,,,,
CRI-HIF-V100-SXM-GTD-1yr-ALL,2026-09-23,HIF,,V100,SXM,GTD,ALL,1Y,market_intelligence,7,2.4686,2.4019,2.4019,median,2.4019,2.6021,2.4019,2.6021,2.4686,2.4686,2.4686,1,21,aws,10000.0,1,3,1,9,1,21,Low,Shadow,2026-09-17,2026-09-23,v2.4.0,direct,,,,,,,,
CRI-HIF-V100-SXM-GTD-3yr-ALL,2026-09-23,HIF,,V100,SXM,GTD,ALL,3Y,market_intelligence,7,1.3378,1.3020,1.3020,median,1.3020,1.4095,1.3020,1.4095,1.3378,1.3378,1.3378,1,21,aws,10000.0,1,3,1,9,1,21,Low,Shadow,2026-09-17,2026-09-23,v2.4.0,direct,,,,,,,,
CRI-IIF-4090-ALL-GTD-OD-ALL,2026-09-23,IIF,,4090,ALL,GTD,ALL,OnDemand,citable,7,0.5712,0.5390,0.5390,median,0.4647,0.6600,0.4400,0.6600,0.5463,0.5473,0.5712,1,14,sesterce,10000.0,1,3,1,8,1,14,Low,Shadow,2026-09-17,2026-09-23,v2.4.0,direct,,,,,,,,
CRI-IIF-4090-ALL-GTD-OD-EU,2026-09-23,IIF,,4090,ALL,GTD,EU,OnDemand,citable,7,0.6600,0.6600,0.6600,median,0.6600,0.6600,0.6600,0.6600,0.6600,0.6600,0.6600,1,7,sesterce,10000.0,1,1,1,3,1,7,Low,Shadow,2026-09-17,2026-09-23,v2.4.0,direct,,,,,,,,
CRI-IIF-4090-ALL-GTD-OD-US,2026-09-23,IIF,,4090,ALL,GTD,US,OnDemand,citable,7,0.4824,0.4895,0.4895,median,0.4400,0.5390,0.4400,0.5390,0.4895,0.4796,0.4824,1,7,sesterce,10000.0,1,2,1,5,1,7,Low,Shadow,2026-09-17,2026-09-23,v2.4.0,direct,,,,,,,,
CRI-IIF-4090-PCIe-GTD-OD-ALL,2026-09-23,IIF,,4090,PCIe,GTD,ALL,OnDemand,citable,7,0.5712,0.5390,0.5390,median,0.4647,0.6600,0.4400,0.6600,0.5463,0.5473,0.5712,1,14,sesterce,10000.0,1,3,1,8,1,14,Low,Shadow,2026-09-17,2026-09-23,v2.4.0,direct,,,,,,,,
CRI-IIF-5090-ALL-GTD-OD-ALL,2026-09-23,IIF,,5090,ALL,GTD,ALL,OnDemand,citable,7,0.7700,0.7700,0.7700,median,0.7700,0.7700,0.7700,0.7700,0.7700,0.7700,0.7700,1,7,sesterce,10000.0,1,1,1,3,1,7,Low,Shadow,2026-09-17,2026-09-23,v2.4.0,direct,,,,,,,,
CRI-IIF-5090-ALL-GTD-OD-US,2026-09-23,IIF,,5090,ALL,GTD,US,OnDemand,citable,7,0.7700,0.7700,0.7700,median,0.7700,0.7700,0.7700,0.7700,0.7700,0.7700,0.7700,1,7,sesterce,10000.0,1,1,1,3,1,7,Low,Shadow,2026-09-17,2026-09-23,v2.4.0,direct,,,,,,,,
CRI-IIF-5090-PCIe-GTD-OD-ALL,2026-09-23,IIF,,5090,PCIe,GTD,ALL,OnDemand,citable,7,0.7700,0.7700,0.7700,median,0.7700,0.7700,0.7700,0.7700,0.7700,0.7700,0.7700,1,7,sesterce,10000.0,1,1,1,3,1,7,Low,Shadow,2026-09-17,2026-09-23,v2.4.0,direct,,,,,,,,
CRI-IIF-A10-ALL-GTD-OD-ALL,2026-09-23,IIF,,A10,ALL,GTD,ALL,OnDemand,citable,7,1.3932,1.3545,1.3545,median,1.4190,1.4190,1.2900,1.4190,1.3932,1.3932,1.3932,2,35,lambda|sesterce,5000.0,2,5,2,15,2,35,Medium,Shadow,2026-09-17,2026-09-23,v2.4.0,direct,,,,,,,,
CRI-IIF-A10-ALL-GTD-OD-APAC,2026-09-23,IIF,,A10,ALL,GTD,APAC,OnDemand,citable,7,1.4190,1.4190,1.4190,median,1.4190,1.4190,1.4190,1.4190,1.4190,1.4190,1.4190,1,7,sesterce,10000.0,1,1,1,3,1,7,Low,Shadow,2026-09-17,2026-09-23,v2.4.0,direct,,,,,,,,
CRI-IIF-A10-PCIe-GTD-OD-ALL,2026-09-23,IIF,,A10,PCIe,GTD,ALL,OnDemand,citable,7,1.3932,1.3545,1.3545,median,1.4190,1.4190,1.2900,1.4190,1.3932,1.3932,1.3932,2,35,lambda|sesterce,5000.0,2,5,2,15,2,35,Medium,Shadow,2026-09-17,2026-09-23,v2.4.0,direct,,,,,,,,
CRI-IIF-A100-40GB-ALL-GTD-OD-ALL,2026-09-23,IIF,,A100,ALL,GTD,ALL,OnDemand,citable,7,2.6069,2.0895,2.0895,median,2.1890,3.5090,1.9900,3.5090,2.6069,2.6069,2.6069,2,63,lambda|sesterce,5000.0,2,9,2,27,2,63,Medium,Shadow,2026-09-17,2026-09-23,v2.4.0,direct,,,,,,,,
CRI-IIF-A100-40GB-ALL-GTD-OD-APAC,2026-09-23,IIF,,A100,ALL,GTD,APAC,OnDemand,citable,7,2.1890,2.1890,2.1890,median,2.1890,2.1890,2.1890,2.1890,2.1890,2.1890,2.1890,1,7,sesterce,10000.0,1,1,1,3,1,7,Low,Shadow,2026-09-17,2026-09-23,v2.4.0,direct,,,,,,,,
CRI-IIF-A100-40GB-ALL-GTD-OD-EU,2026-09-23,IIF,,A100,ALL,GTD,EU,OnDemand,citable,7,2.8490,2.8490,2.8490,median,2.1890,3.5090,2.1890,3.5090,2.8490,2.8490,2.8490,1,14,sesterce,10000.0,1,2,1,6,1,14,Low,Shadow,2026-09-17,2026-09-23,v2.4.0,direct,,,,,,,,
CRI-IIF-A100-40GB-ALL-GTD-OD-Other,2026-09-23,IIF,,A100,ALL,GTD,Other,OnDemand,citable,7,2.1890,2.1890,2.1890,median,2.1890,2.1890,2.1890,2.1890,2.1890,2.1890,2.1890,1,7,sesterce,10000.0,1,1,1,3,1,7,Low,Shadow,2026-09-17,2026-09-23,v2.4.0,direct,,,,,,,,
CRI-IIF-A100-40GB-PCIe-GTD-OD-ALL,2026-09-23,IIF,,A100,PCIe,GTD,ALL,OnDemand,citable,7,2.6069,2.0895,2.0895,median,2.1890,3.5090,1.9900,3.5090,2.6069,2.6069,2.6069,2,63,lambda|sesterce,5000.0,2,9,2,27,2,63,Medium,Shadow,2026-09-17,2026-09-23,v2.4.0,direct,,,,,,,,
CRI-IIF-A100-ALL-GTD-OD-ALL,2026-09-23,IIF,,A100,ALL,GTD,ALL,OnDemand,citable,7,1.7925,1.7425,1.7425,median,1.4850,2.0500,1.4850,2.2000,1.7925,1.7925,1.7925,2,28,crusoe|sesterce,5000.0,2,4,2,12,2,28,Medium,Shadow,2026-09-17,2026-09-23,v2.4.0,direct,,,,,,,,
CRI-IIF-A100-ALL-GTD-OD-Other,2026-09-23,IIF,,A100,ALL,GTD,Other,OnDemand,citable,7,1.4850,1.4850,1.4850,median,1.4850,1.4850,1.4850,1.4850,1.4850,1.4850,1.4850,1,7,sesterce,10000.0,1,1,1,3,1,7,Low,Shadow,2026-09-17,2026-09-23,v2.4.0,direct,,,,,,,,
CRI-IIF-A100-PCIe-GTD-OD-ALL,2026-09-23,IIF,,A100,PCIe,GTD,ALL,OnDemand,citable,7,1.7925,1.7425,1.7425,median,1.4850,2.0500,1.4850,2.2000,1.7925,1.7925,1.7925,2,28,crusoe|sesterce,5000.0,2,4,2,12,2,28,Medium,Shadow,2026-09-17,2026-09-23,v2.4.0,direct,,,,,,,,
CRI-IIF-A40-ALL-GTD-1mo-APAC,2026-09-23,IIF,,A40,ALL,GTD,APAC,1M,market_intelligence,7,1.1354,1.1354,1.1354,median,1.1354,1.1354,1.1354,1.1354,1.1354,1.1354,1.1354,1,7,e2e,10000.0,1,1,1,3,1,7,Low,Shadow,2026-09-17,2026-09-23,v2.4.0,direct,,,,,,,,
CRI-IIF-A40-ALL-GTD-1yr-APAC,2026-09-23,IIF,,A40,ALL,GTD,APAC,1Y,market_intelligence,7,1.0751,1.0751,1.0751,median,1.0751,1.0751,1.0751,1.0751,1.0751,1.0751,1.0751,1,7,e2e,10000.0,1,1,1,3,1,7,Low,Shadow,2026-09-17,2026-09-23,v2.4.0,direct,,,,,,,,
CRI-IIF-A40-ALL-GTD-3mo-APAC,2026-09-23,IIF,,A40,ALL,GTD,APAC,3M,market_intelligence,7,1.1127,1.1127,1.1127,median,1.1127,1.1127,1.1127,1.1127,1.1127,1.1127,1.1127,1,7,e2e,10000.0,1,1,1,3,1,7,Low,Shadow,2026-09-17,2026-09-23,v2.4.0,direct,,,,,,,,
CRI-IIF-A40-ALL-GTD-6mo-APAC,2026-09-23,IIF,,A40,ALL,GTD,APAC,6M,market_intelligence,7,1.0833,1.0833,1.0833,median,1.0833,1.0833,1.0833,1.0833,1.0833,1.0833,1.0833,1,7,e2e,10000.0,1,1,1,3,1,7,Low,Shadow,2026-09-17,2026-09-23,v2.4.0,direct,,,,,,,,
CRI-IIF-A40-ALL-GTD-OD-ALL,2026-09-23,IIF,,A40,ALL,GTD,ALL,OnDemand,citable,7,2.0460,2.0460,2.0460,median,2.0460,2.0460,2.0460,2.0460,2.0460,2.0460,2.0460,1,6,sesterce,10000.0,1,3,1,6,1,6,Low,Shadow,2026-09-17,2026-09-23,v2.4.0,direct,,,,,,,,
CRI-IIF-A40-ALL-GTD-OD-EU,2026-09-23,IIF,,A40,ALL,GTD,EU,OnDemand,citable,7,2.0460,2.0460,2.0460,median,2.0460,2.0460,2.0460,2.0460,2.0460,2.0460,2.0460,1,2,sesterce,10000.0,1,1,1,2,1,2,Low,Shadow,2026-09-17,2026-09-23,v2.4.0,direct,,,,,,,,
CRI-IIF-A40-ALL-GTD-OD-US,2026-09-23,IIF,,A40,ALL,GTD,US,OnDemand,citable,7,2.0460,2.0460,2.0460,median,2.0460,2.0460,2.0460,2.0460,2.0460,2.0460,2.0460,1,4,sesterce,10000.0,1,2,1,4,1,4,Low,Shadow,2026-09-17,2026-09-23,v2.4.0,direct,,,,,,,,
CRI-IIF-A40-PCIe-GTD-OD-ALL,2026-09-23,IIF,,A40,PCIe,GTD,ALL,OnDemand,citable,7,2.0460,2.0460,2.0460,median,2.0460,2.0460,2.0460,2.0460,2.0460,2.0460,2.0460,1,6,sesterce,10000.0,1,3,1,6,1,6,Low,Shadow,2026-09-17,2026-09-23,v2.4.0,direct,,,,,,,,
CRI-IIF-GH200-ALL-GTD-OD-ALL,2026-09-23,IIF,,GH200,ALL,GTD,ALL,OnDemand,citable,7,5.0967,4.3950,4.3950,median,2.2900,6.5000,2.2900,6.5000,5.0967,5.0967,5.0967,2,21,coreweave|lambda,5000.0,2,3,2,9,2,21,Medium,Shadow,2026-09-17,2026-09-23,v2.4.0,direct,,,,,,,,
CRI-IIF-GH200-ALL-GTD-OD-EU,2026-09-23,IIF,,GH200,ALL,GTD,EU,OnDemand,citable,7,6.5000,6.5000,6.5000,median,6.5000,6.5000,6.5000,6.5000,6.5000,6.5000,6.5000,1,7,coreweave,10000.0,1,1,1,3,1,7,Low,Shadow,2026-09-17,2026-09-23,v2.4.0,direct,,,,,,,,
CRI-IIF-GH200-SXM-GTD-OD-ALL,2026-09-23,IIF,,GH200,SXM,GTD,ALL,OnDemand,citable,7,5.0967,4.3950,4.3950,median,2.2900,6.5000,2.2900,6.5000,5.0967,5.0967,5.0967,2,21,coreweave|lambda,5000.0,2,3,2,9,2,21,Medium,Shadow,2026-09-17,2026-09-23,v2.4.0,direct,,,,,,,,
CRI-IIF-H100-ALL-GTD-OD-ALL,2026-09-23,IIF,,H100,ALL,GTD,ALL,OnDemand,citable,7,4.0263,4.0045,4.0045,median,3.0030,4.7190,2.1890,6.5890,4.2651,4.1507,4.0263,2,53,lambda|sesterce,5000.0,2,9,2,26,2,53,Medium,Shadow,2026-09-17,2026-09-23,v2.4.0,direct,,,,,,,,
CRI-IIF-H100-ALL-GTD-OD-APAC,2026-09-23,IIF,,H100,ALL,GTD,APAC,OnDemand,citable,7,4.7190,4.7190,4.7190,median,4.7190,4.7190,4.7190,4.7190,4.7190,4.7190,4.7190,1,7,sesterce,10000.0,1,1,1,3,1,7,Low,Shadow,2026-09-17,2026-09-23,v2.4.0,direct,,,,,,,,
CRI-IIF-H100-ALL-GTD-OD-EU,2026-09-23,IIF,,H100,ALL,GTD,EU,OnDemand,citable,7,3.6300,3.6300,3.6300,median,3.6300,3.6300,3.6300,3.6300,3.6300,3.6300,3.6300,1,7,sesterce,10000.0,1,1,1,3,1,7,Low,Shadow,2026-09-17,2026-09-23,v2.4.0,direct,,,,,,,,
CRI-IIF-H100-ALL-GTD-OD-Other,2026-09-23,IIF,,H100,ALL,GTD,Other,OnDemand,citable,7,2.7814,2.7500,2.7500,median,2.7500,2.8050,2.7500,2.8600,2.7500,2.7500,2.7814,1,7,sesterce,10000.0,1,1,1,3,1,7,Low,Shadow,2026-09-17,2026-09-23,v2.4.0,direct,,,,,,,,
CRI-IIF-H100-PCIe-GTD-OD-ALL,2026-09-23,IIF,,H100,PCIe,GTD,ALL,OnDemand,citable,7,4.0263,4.0045,4.0045,median,3.0030,4.7190,2.1890,6.5890,4.2651,4.1507,4.0263,2,53,lambda|sesterce,5000.0,2,9,2,26,2,53,Medium,Shadow,2026-09-17,2026-09-23,v2.4.0,direct,,,,,,,,
CRI-IIF-L4-ALL-GTD-3yr-APAC,2026-09-23,IIF,,L4,ALL,GTD,APAC,3Y,market_intelligence,7,0.5868,0.5868,0.5868,median,0.5868,0.5868,0.5868,0.5868,0.5868,0.5868,0.5868,1,7,neysa,10000.0,1,1,1,3,1,7,Low,Shadow,2026-09-17,2026-09-23,v2.4.0,direct,,,,,,,,
CRI-IIF-L4-ALL-GTD-OD-ALL,2026-09-23,IIF,,L4,ALL,GTD,ALL,OnDemand,citable,7,1.0450,1.0450,1.0450,median,1.0450,1.0450,1.0450,1.0450,1.0450,1.0450,1.0450,1,7,sesterce,10000.0,1,1,1,3,1,7,Low,Shadow,2026-09-17,2026-09-23,v2.4.0,direct,,,,,,,,
CRI-IIF-L4-ALL-GTD-OD-EU,2026-09-23,IIF,,L4,ALL,GTD,EU,OnDemand,citable,7,1.0450,1.0450,1.0450,median,1.0450,1.0450,1.0450,1.0450,1.0450,1.0450,1.0450,1,7,sesterce,10000.0,1,1,1,3,1,7,Low,Shadow,2026-09-17,2026-09-23,v2.4.0,direct,,,,,,,,
CRI-IIF-L4-PCIe-GTD-OD-ALL,2026-09-23,IIF,,L4,PCIe,GTD,ALL,OnDemand,citable,7,1.0450,1.0450,1.0450,median,1.0450,1.0450,1.0450,1.0450,1.0450,1.0450,1.0450,1,7,sesterce,10000.0,1,1,1,3,1,7,Low,Shadow,2026-09-17,2026-09-23,v2.4.0,direct,,,,,,,,
CRI-IIF-L40-ALL-GTD-OD-ALL,2026-09-23,IIF,,L40,ALL,GTD,ALL,OnDemand,citable,7,1.1229,1.1090,1.1090,median,0.9680,1.2500,0.9680,1.5125,1.1090,1.1090,1.1229,2,29,coreweave|sesterce,5000.0,2,4,2,12,2,29,Medium,Shadow,2026-09-17,2026-09-23,v2.4.0,direct,,,,,,,,
CRI-IIF-L40-ALL-GTD-OD-EU,2026-09-23,IIF,,L40,ALL,GTD,EU,OnDemand,citable,7,1.2500,1.2500,1.2500,median,1.2500,1.2500,1.2500,1.2500,1.2500,1.2500,1.2500,1,7,coreweave,10000.0,1,1,1,3,1,7,Low,Shadow,2026-09-17,2026-09-23,v2.4.0,direct,,,,,,,,
CRI-IIF-L40-ALL-GTD-OD-Other,2026-09-23,IIF,,L40,ALL,GTD,Other,OnDemand,citable,7,1.1000,1.1000,1.1000,median,1.1000,1.1000,1.1000,1.1000,1.1000,1.1000,1.1000,1,7,sesterce,10000.0,1,1,1,3,1,7,Low,Shadow,2026-09-17,2026-09-23,v2.4.0,direct,,,,,,,,
CRI-IIF-L40-PCIe-GTD-OD-ALL,2026-09-23,IIF,,L40,PCIe,GTD,ALL,OnDemand,citable,7,1.1229,1.1090,1.1090,median,0.9680,1.2500,0.9680,1.5125,1.1090,1.1090,1.1229,2,29,coreweave|sesterce,5000.0,2,4,2,12,2,29,Medium,Shadow,2026-09-17,2026-09-23,v2.4.0,direct,,,,,,,,
CRI-IIF-L40S-ALL-GTD-1mo-APAC,2026-09-23,IIF,,L40S,ALL,GTD,APAC,1M,market_intelligence,7,0.8704,0.8704,0.8704,median,0.8704,0.8704,0.8704,0.8704,0.8704,0.8704,0.8704,1,7,e2e,10000.0,1,1,1,3,1,7,Low,Shadow,2026-09-17,2026-09-23,v2.4.0,direct,,,,,,,,
CRI-IIF-L40S-ALL-GTD-1yr-APAC,2026-09-23,IIF,,L40S,ALL,GTD,APAC,1Y,market_intelligence,7,0.7500,0.7500,0.7500,median,0.7500,0.7500,0.7500,0.7500,0.7500,0.7500,0.7500,1,7,e2e,10000.0,1,1,1,3,1,7,Low,Shadow,2026-09-17,2026-09-23,v2.4.0,direct,,,,,,,,
CRI-IIF-L40S-ALL-GTD-3mo-APAC,2026-09-23,IIF,,L40S,ALL,GTD,APAC,3M,market_intelligence,7,0.8517,0.8517,0.8517,median,0.8517,0.8517,0.8517,0.8517,0.8517,0.8517,0.8517,1,7,e2e,10000.0,1,1,1,3,1,7,Low,Shadow,2026-09-17,2026-09-23,v2.4.0,direct,,,,,,,,
CRI-IIF-L40S-ALL-GTD-3yr-APAC,2026-09-23,IIF,,L40S,ALL,GTD,APAC,3Y,market_intelligence,7,0.9056,0.9780,0.9780,median,0.7971,0.9780,0.7368,0.9780,0.8574,0.8574,0.9056,1,10,neysa,10000.0,1,2,1,6,1,10,Low,Shadow,2026-09-17,2026-09-23,v2.4.0,direct,,,,,,,,
CRI-IIF-L40S-ALL-GTD-6mo-APAC,2026-09-23,IIF,,L40S,ALL,GTD,APAC,6M,market_intelligence,7,0.7978,0.7978,0.7978,median,0.7978,0.7978,0.7978,0.7978,0.7978,0.7978,0.7978,1,7,e2e,10000.0,1,1,1,3,1,7,Low,Shadow,2026-09-17,2026-09-23,v2.4.0,direct,,,,,,,,
CRI-IIF-MI300X-ALL-GTD-OD-ALL,2026-09-23,IIF,,MI300X,ALL,GTD,ALL,OnDemand,citable,7,3.4500,3.4500,3.4500,median,3.4500,3.4500,3.4500,3.4500,3.4500,3.4500,3.4500,1,3,crusoe,10000.0,1,1,1,3,1,3,Low,Shadow,2026-09-17,2026-09-23,v2.4.0,direct,,,,,,,,
CRI-IIF-MI300X-ALL-GTD-OD-US,2026-09-23,IIF,,MI300X,ALL,GTD,US,OnDemand,citable,7,3.4500,3.4500,3.4500,median,3.4500,3.4500,3.4500,3.4500,3.4500,3.4500,3.4500,1,3,crusoe,10000.0,1,1,1,3,1,3,Low,Shadow,2026-09-17,2026-09-23,v2.4.0,direct,,,,,,,,
CRI-IIF-MI300X-OAM-GTD-OD-ALL,2026-09-23,IIF,,MI300X,OAM,GTD,ALL,OnDemand,citable,7,3.4500,3.4500,3.4500,median,3.4500,3.4500,3.4500,3.4500,3.4500,3.4500,3.4500,1,3,crusoe,10000.0,1,1,1,3,1,3,Low,Shadow,2026-09-17,2026-09-23,v2.4.0,direct,,,,,,,,
CRI-IIF-RTX-6000-Ada-ALL-GTD-OD-ALL,2026-09-23,IIF,,RTX6000Ada,ALL,GTD,ALL,OnDemand,citable,7,1.0670,1.0670,1.0670,median,1.0670,1.0670,1.0670,1.0670,1.0670,1.0670,1.0670,1,14,sesterce,10000.0,1,2,1,6,1,14,Low,Shadow,2026-09-17,2026-09-23,v2.4.0,direct,,,,,,,,
CRI-IIF-RTX-6000-Ada-ALL-GTD-OD-APAC,2026-09-23,IIF,,RTX6000Ada,ALL,GTD,APAC,OnDemand,citable,7,0.9900,0.9900,0.9900,median,0.9900,0.9900,0.9900,0.9900,0.9900,0.9900,0.9900,1,7,jarvislabs,10000.0,1,1,1,3,1,7,Low,Shadow,2026-09-17,2026-09-23,v2.4.0,direct,,,,,,,,
CRI-IIF-RTX-6000-Ada-ALL-GTD-OD-US,2026-09-23,IIF,,RTX6000Ada,ALL,GTD,US,OnDemand,citable,7,1.0670,1.0670,1.0670,median,1.0670,1.0670,1.0670,1.0670,1.0670,1.0670,1.0670,1,14,sesterce,10000.0,1,2,1,6,1,14,Low,Shadow,2026-09-17,2026-09-23,v2.4.0,direct,,,,,,,,
CRI-IIF-RTX-6000-Ada-PCIe-GTD-OD-ALL,2026-09-23,IIF,,RTX6000Ada,PCIe,GTD,ALL,OnDemand,citable,7,1.0670,1.0670,1.0670,median,1.0670,1.0670,1.0670,1.0670,1.0670,1.0670,1.0670,1,14,sesterce,10000.0,1,2,1,6,1,14,Low,Shadow,2026-09-17,2026-09-23,v2.4.0,direct,,,,,,,,
CRI-IIF-RTX-A6000-ALL-GTD-OD-ALL,2026-09-23,IIF,,A6000,ALL,GTD,ALL,OnDemand,citable,7,1.1578,1.1445,1.1445,median,0.6270,1.1990,0.5500,2.1230,1.1923,1.1923,1.1578,2,54,lambda|sesterce,5000.0,2,8,2,24,2,54,Medium,Shadow,2026-09-17,2026-09-23,v2.4.0,direct,,,,,,,,
CRI-IIF-RTX-A6000-ALL-GTD-OD-EU,2026-09-23,IIF,,A6000,ALL,GTD,EU,OnDemand,citable,7,1.2054,1.3365,1.3365,median,0.5500,2.1230,0.5500,2.1230,1.3365,1.3365,1.2054,1,12,sesterce,10000.0,1,2,1,6,1,12,Low,Shadow,2026-09-17,2026-09-23,v2.4.0,direct,,,,,,,,
CRI-IIF-RTX-A6000-ALL-GTD-OD-Other,2026-09-23,IIF,,A6000,ALL,GTD,Other,OnDemand,citable,7,0.5500,0.5500,0.5500,median,0.5500,0.5500,0.5500,0.5500,0.5500,0.5500,0.5500,1,7,sesterce,10000.0,1,1,1,3,1,7,Low,Shadow,2026-09-17,2026-09-23,v2.4.0,direct,,,,,,,,
CRI-IIF-RTX-A6000-PCIe-GTD-OD-ALL,2026-09-23,IIF,,A6000,PCIe,GTD,ALL,OnDemand,citable,7,1.1578,1.1445,1.1445,median,0.6270,1.1990,0.5500,2.1230,1.1923,1.1923,1.1578,2,54,lambda|sesterce,5000.0,2,8,2,24,2,54,Medium,Shadow,2026-09-17,2026-09-23,v2.4.0,direct,,,,,,,,
CRI-IIF-RTX-PRO-6000-ALL-GTD-1mo-APAC,2026-09-23,IIF,,RTXPRO6000,ALL,GTD,APAC,1M,market_intelligence,7,1.8500,1.8500,1.8500,median,1.8500,1.8500,1.8500,1.8500,1.8500,1.8500,1.8500,1,7,jarvislabs,10000.0,1,1,1,3,1,7,Low,Shadow,2026-09-17,2026-09-23,v2.4.0,direct,,,,,,,,
CRI-IIF-RTX-PRO-6000-ALL-GTD-1yr-APAC,2026-09-23,IIF,,RTXPRO6000,ALL,GTD,APAC,1Y,market_intelligence,7,1.7400,1.7400,1.7400,median,1.7400,1.7400,1.7400,1.7400,1.7400,1.7400,1.7400,1,7,jarvislabs,10000.0,1,1,1,3,1,7,Low,Shadow,2026-09-17,2026-09-23,v2.4.0,direct,,,,,,,,
CRI-IIF-RTX-PRO-6000-ALL-GTD-3mo-APAC,2026-09-23,IIF,,RTXPRO6000,ALL,GTD,APAC,3M,market_intelligence,7,1.8300,1.8300,1.8300,median,1.8300,1.8300,1.8300,1.8300,1.8300,1.8300,1.8300,1,7,jarvislabs,10000.0,1,1,1,3,1,7,Low,Shadow,2026-09-17,2026-09-23,v2.4.0,direct,,,,,,,,
CRI-IIF-RTX-PRO-6000-ALL-GTD-6mo-APAC,2026-09-23,IIF,,RTXPRO6000,ALL,GTD,APAC,6M,market_intelligence,7,1.8100,1.8100,1.8100,median,1.8100,1.8100,1.8100,1.8100,1.8100,1.8100,1.8100,1,7,jarvislabs,10000.0,1,1,1,3,1,7,Low,Shadow,2026-09-17,2026-09-23,v2.4.0,direct,,,,,,,,
CRI-IIF-RTX-PRO-6000-ALL-GTD-OD-Other,2026-09-23,IIF,,RTXPRO6000,ALL,GTD,Other,OnDemand,citable,7,3.7510,3.7510,3.7510,median,3.7510,3.7510,3.7510,3.7510,,,3.7510,1,2,sesterce,10000.0,,,,,1,2,Low,Shadow,2026-09-17,2026-09-23,v2.4.0,direct,,,,,,,,
CRI-IIF-T4-ALL-GTD-1mo-APAC,2026-09-23,IIF,,T4,ALL,GTD,APAC,1M,market_intelligence,7,0.3646,0.3646,0.3646,median,0.3646,0.3646,0.3646,0.3646,0.3646,0.3646,0.3646,1,7,e2e,10000.0,1,1,1,3,1,7,Low,Shadow,2026-09-17,2026-09-23,v2.4.0,direct,,,,,,,,
CRI-IIF-T4-ALL-GTD-OD-APAC,2026-09-23,IIF,,T4,ALL,GTD,APAC,OnDemand,citable,7,0.5400,0.5400,0.5400,median,0.5400,0.5400,0.5400,0.5400,0.5400,0.5400,0.5400,1,7,e2e,10000.0,1,1,1,3,1,7,Low,Shadow,2026-09-17,2026-09-23,v2.4.0,direct,,,,,,,,
CRI-IIF-V100-16GB-ALL-GTD-1mo-APAC,2026-09-23,IIF,,V100,ALL,GTD,APAC,1M,market_intelligence,7,1.0417,1.0417,1.0417,median,1.0417,1.0417,1.0417,1.0417,1.0417,1.0417,1.0417,1,7,e2e,10000.0,1,1,1,3,1,7,Low,Shadow,2026-09-17,2026-09-23,v2.4.0,direct,,,,,,,,
CRI-IIF-V100-16GB-ALL-GTD-1yr-APAC,2026-09-23,IIF,,V100,ALL,GTD,APAC,1Y,market_intelligence,7,0.9247,0.9247,0.9247,median,0.9247,0.9247,0.9247,0.9247,0.9247,0.9247,0.9247,1,7,e2e,10000.0,1,1,1,3,1,7,Low,Shadow,2026-09-17,2026-09-23,v2.4.0,direct,,,,,,,,
CRI-IIF-V100-16GB-ALL-GTD-3mo-APAC,2026-09-23,IIF,,V100,ALL,GTD,APAC,3M,market_intelligence,7,1.0156,1.0156,1.0156,median,1.0156,1.0156,1.0156,1.0156,1.0156,1.0156,1.0156,1,7,e2e,10000.0,1,1,1,3,1,7,Low,Shadow,2026-09-17,2026-09-23,v2.4.0,direct,,,,,,,,
CRI-IIF-V100-16GB-ALL-GTD-6mo-APAC,2026-09-23,IIF,,V100,ALL,GTD,APAC,6M,market_intelligence,7,0.9734,0.9734,0.9734,median,0.9734,0.9734,0.9734,0.9734,0.9734,0.9734,0.9734,1,7,e2e,10000.0,1,1,1,3,1,7,Low,Shadow,2026-09-17,2026-09-23,v2.4.0,direct,,,,,,,,
CRI-IIF-V100-16GB-ALL-GTD-OD-ALL,2026-09-23,IIF,,V100,ALL,GTD,ALL,OnDemand,citable,7,0.7900,0.7900,0.7900,median,0.7900,0.7900,0.7900,0.7900,0.7900,0.7900,0.7900,1,7,lambda,10000.0,1,1,1,3,1,7,Low,Shadow,2026-09-17,2026-09-23,v2.4.0,direct,,,,,,,,
CRI-IIF-V100-16GB-ALL-GTD-OD-APAC,2026-09-23,IIF,,V100,ALL,GTD,APAC,OnDemand,citable,7,1.5000,1.5000,1.5000,median,1.5000,1.5000,1.5000,1.5000,1.5000,1.5000,1.5000,1,7,e2e,10000.0,1,1,1,3,1,7,Low,Shadow,2026-09-17,2026-09-23,v2.4.0,direct,,,,,,,,
CRI-IIF-V100-16GB-ALL-GTD-OD-US,2026-09-23,IIF,,V100,ALL,GTD,US,OnDemand,citable,7,0.7900,0.7900,0.7900,median,0.7900,0.7900,0.7900,0.7900,0.7900,0.7900,0.7900,1,7,lambda,10000.0,1,1,1,3,1,7,Low,Shadow,2026-09-17,2026-09-23,v2.4.0,direct,,,,,,,,
CRI-IIF-V100-16GB-SXM-GTD-OD-ALL,2026-09-23,IIF,,V100,SXM,GTD,ALL,OnDemand,citable,7,0.7900,0.7900,0.7900,median,0.7900,0.7900,0.7900,0.7900,0.7900,0.7900,0.7900,1,7,lambda,10000.0,1,1,1,3,1,7,Low,Shadow,2026-09-17,2026-09-23,v2.4.0,direct,,,,,,,,
CRI-SIF-4090-ALL-GTD-1mo-ALL,2026-09-23,SIF,,4090,ALL,GTD,ALL,1M,market_intelligence,7,0.3500,0.3500,0.3500,median,0.3500,0.3500,0.3500,0.3500,0.3500,0.3500,0.3500,1,7,cloudrift,10000.0,1,1,1,3,1,7,Low,Shadow,2026-09-17,2026-09-23,v2.4.0,direct,,,,,,,,
CRI-SIF-4090-ALL-GTD-1mo-US,2026-09-23,SIF,,4090,ALL,GTD,US,1M,market_intelligence,7,0.3500,0.3500,0.3500,median,0.3500,0.3500,0.3500,0.3500,0.3500,0.3500,0.3500,1,7,cloudrift,10000.0,1,1,1,3,1,7,Low,Shadow,2026-09-17,2026-09-23,v2.4.0,direct,,,,,,,,
CRI-SIF-4090-ALL-GTD-3mo-ALL,2026-09-23,SIF,,4090,ALL,GTD,ALL,3M,market_intelligence,7,0.3300,0.3300,0.3300,median,0.3300,0.3300,0.3300,0.3300,0.3300,0.3300,0.3300,1,7,cloudrift,10000.0,1,1,1,3,1,7,Low,Shadow,2026-09-17,2026-09-23,v2.4.0,direct,,,,,,,,
CRI-SIF-4090-ALL-GTD-3mo-US,2026-09-23,SIF,,4090,ALL,GTD,US,3M,market_intelligence,7,0.3300,0.3300,0.3300,median,0.3300,0.3300,0.3300,0.3300,0.3300,0.3300,0.3300,1,7,cloudrift,10000.0,1,1,1,3,1,7,Low,Shadow,2026-09-17,2026-09-23,v2.4.0,direct,,,,,,,,
CRI-SIF-4090-ALL-GTD-OD-ALL,2026-09-23,SIF,,4090,ALL,GTD,ALL,OnDemand,citable,7,0.6000,0.6000,0.6000,median,0.6000,0.6000,0.6000,0.6000,0.6000,0.6000,0.6000,1,7,hyperstack,10000.0,1,1,1,3,1,7,Low,Shadow,2026-09-17,2026-09-23,v2.4.0,direct,,,,,,,,
CRI-SIF-4090-ALL-GTD-OD-EU,2026-09-23,SIF,,4090,ALL,GTD,EU,OnDemand,citable,7,0.6000,0.6000,0.6000,median,0.6000,0.6000,0.6000,0.6000,0.6000,0.6000,0.6000,1,7,hyperstack,10000.0,1,1,1,3,1,7,Low,Shadow,2026-09-17,2026-09-23,v2.4.0,direct,,,,,,,,
CRI-SIF-4090-PCIe-GTD-1mo-ALL,2026-09-23,SIF,,4090,PCIe,GTD,ALL,1M,market_intelligence,7,0.3500,0.3500,0.3500,median,0.3500,0.3500,0.3500,0.3500,0.3500,0.3500,0.3500,1,7,cloudrift,10000.0,1,1,1,3,1,7,Low,Shadow,2026-09-17,2026-09-23,v2.4.0,direct,,,,,,,,
CRI-SIF-4090-PCIe-GTD-3mo-ALL,2026-09-23,SIF,,4090,PCIe,GTD,ALL,3M,market_intelligence,7,0.3300,0.3300,0.3300,median,0.3300,0.3300,0.3300,0.3300,0.3300,0.3300,0.3300,1,7,cloudrift,10000.0,1,1,1,3,1,7,Low,Shadow,2026-09-17,2026-09-23,v2.4.0,direct,,,,,,,,
CRI-SIF-4090-PCIe-GTD-OD-ALL,2026-09-23,SIF,,4090,PCIe,GTD,ALL,OnDemand,citable,7,0.6000,0.6000,0.6000,median,0.6000,0.6000,0.6000,0.6000,0.6000,0.6000,0.6000,1,7,hyperstack,10000.0,1,1,1,3,1,7,Low,Shadow,2026-09-17,2026-09-23,v2.4.0,direct,,,,,,,,
CRI-SIF-5090-ALL-GTD-1mo-ALL,2026-09-23,SIF,,5090,ALL,GTD,ALL,1M,market_intelligence,7,0.5400,0.5400,0.5400,median,0.5400,0.5400,0.5400,0.5400,0.5400,0.5400,0.5400,1,7,cloudrift,10000.0,1,1,1,3,1,7,Low,Shadow,2026-09-17,2026-09-23,v2.4.0,direct,,,,,,,,
CRI-SIF-5090-ALL-GTD-1mo-US,2026-09-23,SIF,,5090,ALL,GTD,US,1M,market_intelligence,7,0.5400,0.5400,0.5400,median,0.5400,0.5400,0.5400,0.5400,0.5400,0.5400,0.5400,1,7,cloudrift,10000.0,1,1,1,3,1,7,Low,Shadow,2026-09-17,2026-09-23,v2.4.0,direct,,,,,,,,
CRI-SIF-5090-ALL-GTD-3mo-ALL,2026-09-23,SIF,,5090,ALL,GTD,ALL,3M,market_intelligence,7,0.5100,0.5100,0.5100,median,0.5100,0.5100,0.5100,0.5100,0.5100,0.5100,0.5100,1,7,cloudrift,10000.0,1,1,1,3,1,7,Low,Shadow,2026-09-17,2026-09-23,v2.4.0,direct,,,,,,,,
CRI-SIF-5090-ALL-GTD-3mo-US,2026-09-23,SIF,,5090,ALL,GTD,US,3M,market_intelligence,7,0.5100,0.5100,0.5100,median,0.5100,0.5100,0.5100,0.5100,0.5100,0.5100,0.5100,1,7,cloudrift,10000.0,1,1,1,3,1,7,Low,Shadow,2026-09-17,2026-09-23,v2.4.0,direct,,,,,,,,
CRI-SIF-5090-ALL-GTD-OD-ALL,2026-09-23,SIF,,5090,ALL,GTD,ALL,OnDemand,citable,7,0.9000,0.9000,0.9000,median,0.9000,0.9000,0.9000,0.9000,0.9000,0.9000,0.9000,1,7,hyperstack,10000.0,1,1,1,3,1,7,Low,Shadow,2026-09-17,2026-09-23,v2.4.0,direct,,,,,,,,
CRI-SIF-5090-ALL-GTD-OD-EU,2026-09-23,SIF,,5090,ALL,GTD,EU,OnDemand,citable,7,0.9000,0.9000,0.9000,median,0.9000,0.9000,0.9000,0.9000,0.9000,0.9000,0.9000,1,7,hyperstack,10000.0,1,1,1,3,1,7,Low,Shadow,2026-09-17,2026-09-23,v2.4.0,direct,,,,,,,,
CRI-SIF-5090-PCIe-GTD-1mo-ALL,2026-09-23,SIF,,5090,PCIe,GTD,ALL,1M,market_intelligence,7,0.5400,0.5400,0.5400,median,0.5400,0.5400,0.5400,0.5400,0.5400,0.5400,0.5400,1,7,cloudrift,10000.0,1,1,1,3,1,7,Low,Shadow,2026-09-17,2026-09-23,v2.4.0,direct,,,,,,,,
CRI-SIF-5090-PCIe-GTD-3mo-ALL,2026-09-23,SIF,,5090,PCIe,GTD,ALL,3M,market_intelligence,7,0.5100,0.5100,0.5100,median,0.5100,0.5100,0.5100,0.5100,0.5100,0.5100,0.5100,1,7,cloudrift,10000.0,1,1,1,3,1,7,Low,Shadow,2026-09-17,2026-09-23,v2.4.0,direct,,,,,,,,
CRI-SIF-5090-PCIe-GTD-OD-ALL,2026-09-23,SIF,,5090,PCIe,GTD,ALL,OnDemand,citable,7,0.9000,0.9000,0.9000,median,0.9000,0.9000,0.9000,0.9000,0.9000,0.9000,0.9000,1,7,hyperstack,10000.0,1,1,1,3,1,7,Low,Shadow,2026-09-17,2026-09-23,v2.4.0,direct,,,,,,,,
CRI-SIF-A100-40GB-ALL-GTD-OD-ALL,2026-09-23,SIF,,A100,ALL,GTD,ALL,OnDemand,citable,7,1.1500,1.1500,1.1500,median,1.1500,1.1500,1.1500,1.1500,1.1500,1.1500,1.1500,1,7,denvr,10000.0,1,1,1,3,1,7,Low,Shadow,2026-09-17,2026-09-23,v2.4.0,direct,,,,,,,,
CRI-SIF-A100-40GB-ALL-GTD-OD-US,2026-09-23,SIF,,A100,ALL,GTD,US,OnDemand,citable,7,1.1500,1.1500,1.1500,median,1.1500,1.1500,1.1500,1.1500,1.1500,1.1500,1.1500,1,7,denvr,10000.0,1,1,1,3,1,7,Low,Shadow,2026-09-17,2026-09-23,v2.4.0,direct,,,,,,,,
CRI-SIF-A100-40GB-PCIe-GTD-OD-ALL,2026-09-23,SIF,,A100,PCIe,GTD,ALL,OnDemand,citable,7,1.1500,1.1500,1.1500,median,1.1500,1.1500,1.1500,1.1500,1.1500,1.1500,1.1500,1,7,denvr,10000.0,1,1,1,3,1,7,Low,Shadow,2026-09-17,2026-09-23,v2.4.0,direct,,,,,,,,
CRI-SIF-A100-ALL-GTD-1yr-ALL,2026-09-23,SIF,,A100,ALL,GTD,ALL,1Y,market_intelligence,7,0.9642,0.9629,0.9629,median,0.9626,0.9648,0.9626,0.9691,0.9629,0.9636,0.9642,1,7,seeweb,10000.0,1,1,1,3,1,7,Low,Shadow,2026-09-17,2026-09-23,v2.4.0,direct,,,,,,,,
CRI-SIF-A100-ALL-GTD-1yr-EU,2026-09-23,SIF,,A100,ALL,GTD,EU,1Y,market_intelligence,7,0.9642,0.9629,0.9629,median,0.9626,0.9648,0.9626,0.9691,0.9629,0.9636,0.9642,1,7,seeweb,10000.0,1,1,1,3,1,7,Low,Shadow,2026-09-17,2026-09-23,v2.4.0,direct,,,,,,,,
CRI-SIF-A100-ALL-GTD-3mo-ALL,2026-09-23,SIF,,A100,ALL,GTD,ALL,3M,market_intelligence,7,1.0790,1.0775,1.0775,median,1.0772,1.0796,1.0772,1.0845,1.0775,1.0783,1.0790,1,7,seeweb,10000.0,1,1,1,3,1,7,Low,Shadow,2026-09-17,2026-09-23,v2.4.0,direct,,,,,,,,
CRI-SIF-A100-ALL-GTD-3mo-EU,2026-09-23,SIF,,A100,ALL,GTD,EU,3M,market_intelligence,7,1.0790,1.0775,1.0775,median,1.0772,1.0796,1.0772,1.0845,1.0775,1.0783,1.0790,1,7,seeweb,10000.0,1,1,1,3,1,7,Low,Shadow,2026-09-17,2026-09-23,v2.4.0,direct,,,,,,,,
CRI-SIF-A100-PCIe-GTD-1yr-ALL,2026-09-23,SIF,,A100,PCIe,GTD,ALL,1Y,market_intelligence,7,0.9642,0.9629,0.9629,median,0.9626,0.9648,0.9626,0.9691,0.9629,0.9636,0.9642,1,7,seeweb,10000.0,1,1,1,3,1,7,Low,Shadow,2026-09-17,2026-09-23,v2.4.0,direct,,,,,,,,
CRI-SIF-A100-PCIe-GTD-3mo-ALL,2026-09-23,SIF,,A100,PCIe,GTD,ALL,3M,market_intelligence,7,1.0790,1.0775,1.0775,median,1.0772,1.0796,1.0772,1.0845,1.0775,1.0783,1.0790,1,7,seeweb,10000.0,1,1,1,3,1,7,Low,Shadow,2026-09-17,2026-09-23,v2.4.0,direct,,,,,,,,
CRI-SIF-A40-ALL-GTD-OD-ALL,2026-09-23,SIF,,A40,ALL,GTD,ALL,OnDemand,citable,7,0.9050,0.9050,0.9050,median,0.6500,1.1600,0.6500,1.1600,0.9050,0.9050,0.9050,2,14,denvr|hyperstack,5000.0,2,2,2,6,2,14,Medium,Shadow,2026-09-17,2026-09-23,v2.4.0,direct,,,,,,,,
CRI-SIF-A40-ALL-GTD-OD-EU,2026-09-23,SIF,,A40,ALL,GTD,EU,OnDemand,citable,7,1.1600,1.1600,1.1600,median,1.1600,1.1600,1.1600,1.1600,1.1600,1.1600,1.1600,1,7,hyperstack,10000.0,1,1,1,3,1,7,Low,Shadow,2026-09-17,2026-09-23,v2.4.0,direct,,,,,,,,
CRI-SIF-A40-ALL-GTD-OD-US,2026-09-23,SIF,,A40,ALL,GTD,US,OnDemand,citable,7,0.6500,0.6500,0.6500,median,0.6500,0.6500,0.6500,0.6500,0.6500,0.6500,0.6500,1,7,denvr,10000.0,1,1,1,3,1,7,Low,Shadow,2026-09-17,2026-09-23,v2.4.0,direct,,,,,,,,
CRI-SIF-A40-PCIe-GTD-OD-ALL,2026-09-23,SIF,,A40,PCIe,GTD,ALL,OnDemand,citable,7,0.9050,0.9050,0.9050,median,0.6500,1.1600,0.6500,1.1600,0.9050,0.9050,0.9050,2,14,denvr|hyperstack,5000.0,2,2,2,6,2,14,Medium,Shadow,2026-09-17,2026-09-23,v2.4.0,direct,,,,,,,,
CRI-SIF-B200-CC-ALL-GTD-1mo-ALL,2026-09-23,SIF,,B200,ALL,GTD,ALL,1M,market_intelligence,7,6.4948,6.4827,6.4827,median,6.4827,6.6137,6.1079,6.6799,6.6799,6.6358,6.4948,1,7,datacrunch,10000.0,1,1,1,3,1,7,Low,Shadow,2026-09-17,2026-09-23,v2.4.0,direct,,,,,,,,
CRI-SIF-B200-CC-ALL-GTD-1mo-EU,2026-09-23,SIF,,B200,ALL,GTD,EU,1M,market_intelligence,7,6.4948,6.4827,6.4827,median,6.4827,6.6137,6.1079,6.6799,6.6799,6.6358,6.4948,1,7,datacrunch,10000.0,1,1,1,3,1,7,Low,Shadow,2026-09-17,2026-09-23,v2.4.0,direct,,,,,,,,
CRI-SIF-B200-CC-ALL-GTD-1yr-ALL,2026-09-23,SIF,,B200,ALL,GTD,ALL,1Y,market_intelligence,7,6.0972,6.0858,6.0858,median,6.0858,6.2089,5.7339,6.2710,6.2710,6.2296,6.0972,1,7,datacrunch,10000.0,1,1,1,3,1,7,Low,Shadow,2026-09-17,2026-09-23,v2.4.0,direct,,,,,,,,
CRI-SIF-B200-CC-ALL-GTD-1yr-EU,2026-09-23,SIF,,B200,ALL,GTD,EU,1Y,market_intelligence,7,6.0972,6.0858,6.0858,median,6.0858,6.2089,5.7339,6.2710,6.2710,6.2296,6.0972,1,7,datacrunch,10000.0,1,1,1,3,1,7,Low,Shadow,2026-09-17,2026-09-23,v2.4.0,direct,,,,,,,,
CRI-SIF-B200-CC-ALL-GTD-2yr-ALL,2026-09-23,SIF,,B200,ALL,GTD,ALL,2Y,market_intelligence,7,4.9705,4.9613,4.9613,median,4.9613,5.0616,4.6744,5.1122,5.1122,5.0784,4.9705,1,7,datacrunch,10000.0,1,1,1,3,1,7,Low,Shadow,2026-09-17,2026-09-23,v2.4.0,direct,,,,,,,,
CRI-SIF-B200-CC-ALL-GTD-2yr-EU,2026-09-23,SIF,,B200,ALL,GTD,EU,2Y,market_intelligence,7,4.9705,4.9613,4.9613,median,4.9613,5.0616,4.6744,5.1122,5.1122,5.0784,4.9705,1,7,datacrunch,10000.0,1,1,1,3,1,7,Low,Shadow,2026-09-17,2026-09-23,v2.4.0,direct,,,,,,,,
CRI-SIF-B200-CC-ALL-GTD-3mo-ALL,2026-09-23,SIF,,B200,ALL,GTD,ALL,3M,market_intelligence,7,6.4285,6.4166,6.4166,median,6.4166,6.5463,6.0455,6.6118,6.6118,6.5681,6.4285,1,7,datacrunch,10000.0,1,1,1,3,1,7,Low,Shadow,2026-09-17,2026-09-23,v2.4.0,direct,,,,,,,,
CRI-SIF-B200-CC-ALL-GTD-3mo-EU,2026-09-23,SIF,,B200,ALL,GTD,EU,3M,market_intelligence,7,6.4285,6.4166,6.4166,median,6.4166,6.5463,6.0455,6.6118,6.6118,6.5681,6.4285,1,7,datacrunch,10000.0,1,1,1,3,1,7,Low,Shadow,2026-09-17,2026-09-23,v2.4.0,direct,,,,,,,,
CRI-SIF-B200-CC-ALL-GTD-6mo-ALL,2026-09-23,SIF,,B200,ALL,GTD,ALL,6M,market_intelligence,7,6.3622,6.3504,6.3504,median,6.3504,6.4788,5.9832,6.5436,6.5436,6.5004,6.3622,1,7,datacrunch,10000.0,1,1,1,3,1,7,Low,Shadow,2026-09-17,2026-09-23,v2.4.0,direct,,,,,,,,
CRI-SIF-B200-CC-ALL-GTD-6mo-EU,2026-09-23,SIF,,B200,ALL,GTD,EU,6M,market_intelligence,7,6.3622,6.3504,6.3504,median,6.3504,6.4788,5.9832,6.5436,6.5436,6.5004,6.3622,1,7,datacrunch,10000.0,1,1,1,3,1,7,Low,Shadow,2026-09-17,2026-09-23,v2.4.0,direct,,,,,,,,
CRI-SIF-B200-CC-ALL-GTD-OD-ALL,2026-09-23,SIF,,B200,ALL,GTD,ALL,OnDemand,citable,7,6.6273,6.6150,6.6150,median,6.6150,6.7488,6.2325,6.8163,6.8163,6.7713,6.6273,1,7,datacrunch,10000.0,1,1,1,3,1,7,Low,Shadow,2026-09-17,2026-09-23,v2.4.0,direct,,,,,,,,
CRI-SIF-B200-CC-ALL-GTD-OD-EU,2026-09-23,SIF,,B200,ALL,GTD,EU,OnDemand,citable,7,6.6273,6.6150,6.6150,median,6.6150,6.7488,6.2325,6.8163,6.8163,6.7713,6.6273,1,7,datacrunch,10000.0,1,1,1,3,1,7,Low,Shadow,2026-09-17,2026-09-23,v2.4.0,direct,,,,,,,,
CRI-SIF-B200-CC-SXM-GTD-1mo-ALL,2026-09-23,SIF,,B200,SXM,GTD,ALL,1M,market_intelligence,7,6.4948,6.4827,6.4827,median,6.4827,6.6137,6.1079,6.6799,6.6799,6.6358,6.4948,1,7,datacrunch,10000.0,1,1,1,3,1,7,Low,Shadow,2026-09-17,2026-09-23,v2.4.0,direct,,,,,,,,
CRI-SIF-B200-CC-SXM-GTD-1yr-ALL,2026-09-23,SIF,,B200,SXM,GTD,ALL,1Y,market_intelligence,7,6.0972,6.0858,6.0858,median,6.0858,6.2089,5.7339,6.2710,6.2710,6.2296,6.0972,1,7,datacrunch,10000.0,1,1,1,3,1,7,Low,Shadow,2026-09-17,2026-09-23,v2.4.0,direct,,,,,,,,
CRI-SIF-B200-CC-SXM-GTD-2yr-ALL,2026-09-23,SIF,,B200,SXM,GTD,ALL,2Y,market_intelligence,7,4.9705,4.9613,4.9613,median,4.9613,5.0616,4.6744,5.1122,5.1122,5.0784,4.9705,1,7,datacrunch,10000.0,1,1,1,3,1,7,Low,Shadow,2026-09-17,2026-09-23,v2.4.0,direct,,,,,,,,
CRI-SIF-B200-CC-SXM-GTD-3mo-ALL,2026-09-23,SIF,,B200,SXM,GTD,ALL,3M,market_intelligence,7,6.4285,6.4166,6.4166,median,6.4166,6.5463,6.0455,6.6118,6.6118,6.5681,6.4285,1,7,datacrunch,10000.0,1,1,1,3,1,7,Low,Shadow,2026-09-17,2026-09-23,v2.4.0,direct,,,,,,,,
CRI-SIF-B200-CC-SXM-GTD-6mo-ALL,2026-09-23,SIF,,B200,SXM,GTD,ALL,6M,market_intelligence,7,6.3622,6.3504,6.3504,median,6.3504,6.4788,5.9832,6.5436,6.5436,6.5004,6.3622,1,7,datacrunch,10000.0,1,1,1,3,1,7,Low,Shadow,2026-09-17,2026-09-23,v2.4.0,direct,,,,,,,,
CRI-SIF-B200-CC-SXM-GTD-OD-ALL,2026-09-23,SIF,,B200,SXM,GTD,ALL,OnDemand,citable,7,6.6273,6.6150,6.6150,median,6.6150,6.7488,6.2325,6.8163,6.8163,6.7713,6.6273,1,7,datacrunch,10000.0,1,1,1,3,1,7,Low,Shadow,2026-09-17,2026-09-23,v2.4.0,direct,,,,,,,,
CRI-SIF-B300-CC-ALL-GTD-1mo-ALL,2026-09-23,SIF,,B300,ALL,GTD,ALL,1M,market_intelligence,7,7.9047,7.8804,7.8804,median,7.8804,8.0385,7.4970,8.1181,8.1181,8.0650,7.9047,1,7,datacrunch,10000.0,1,1,1,3,1,7,Low,Shadow,2026-09-17,2026-09-23,v2.4.0,direct,,,,,,,,
CRI-SIF-B300-CC-ALL-GTD-1mo-EU,2026-09-23,SIF,,B300,ALL,GTD,EU,1M,market_intelligence,7,7.9047,7.8804,7.8804,median,7.8804,8.0385,7.4970,8.1181,8.1181,8.0650,7.9047,1,7,datacrunch,10000.0,1,1,1,3,1,7,Low,Shadow,2026-09-17,2026-09-23,v2.4.0,direct,,,,,,,,
CRI-SIF-B300-CC-ALL-GTD-1yr-ALL,2026-09-23,SIF,,B300,ALL,GTD,ALL,1Y,market_intelligence,7,7.4208,7.3980,7.3980,median,7.3980,7.5464,7.0380,7.6211,7.6211,7.5713,7.4208,1,7,datacrunch,10000.0,1,1,1,3,1,7,Low,Shadow,2026-09-17,2026-09-23,v2.4.0,direct,,,,,,,,
CRI-SIF-B300-CC-ALL-GTD-1yr-EU,2026-09-23,SIF,,B300,ALL,GTD,EU,1Y,market_intelligence,7,7.4208,7.3980,7.3980,median,7.3980,7.5464,7.0380,7.6211,7.6211,7.5713,7.4208,1,7,datacrunch,10000.0,1,1,1,3,1,7,Low,Shadow,2026-09-17,2026-09-23,v2.4.0,direct,,,,,,,,
CRI-SIF-B300-CC-ALL-GTD-2yr-ALL,2026-09-23,SIF,,B300,ALL,GTD,ALL,2Y,market_intelligence,7,6.0495,6.0309,6.0309,median,6.0309,6.1518,5.7375,6.2128,6.2128,6.1722,6.0495,1,7,datacrunch,10000.0,1,1,1,3,1,7,Low,Shadow,2026-09-17,2026-09-23,v2.4.0,direct,,,,,,,,
CRI-SIF-B300-CC-ALL-GTD-2yr-EU,2026-09-23,SIF,,B300,ALL,GTD,EU,2Y,market_intelligence,7,6.0495,6.0309,6.0309,median,6.0309,6.1518,5.7375,6.2128,6.2128,6.1722,6.0495,1,7,datacrunch,10000.0,1,1,1,3,1,7,Low,Shadow,2026-09-17,2026-09-23,v2.4.0,direct,,,,,,,,
CRI-SIF-B300-CC-ALL-GTD-3mo-ALL,2026-09-23,SIF,,B300,ALL,GTD,ALL,3M,market_intelligence,7,7.8241,7.8000,7.8000,median,7.8000,7.9564,7.4205,8.0352,8.0352,7.9827,7.8241,1,7,datacrunch,10000.0,1,1,1,3,1,7,Low,Shadow,2026-09-17,2026-09-23,v2.4.0,direct,,,,,,,,
CRI-SIF-B300-CC-ALL-GTD-3mo-EU,2026-09-23,SIF,,B300,ALL,GTD,EU,3M,market_intelligence,7,7.8241,7.8000,7.8000,median,7.8000,7.9564,7.4205,8.0352,8.0352,7.9827,7.8241,1,7,datacrunch,10000.0,1,1,1,3,1,7,Low,Shadow,2026-09-17,2026-09-23,v2.4.0,direct,,,,,,,,
CRI-SIF-B300-CC-ALL-GTD-6mo-ALL,2026-09-23,SIF,,B300,ALL,GTD,ALL,6M,market_intelligence,7,7.7434,7.7196,7.7196,median,7.7196,7.8744,7.3440,7.9524,7.9524,7.9004,7.7434,1,7,datacrunch,10000.0,1,1,1,3,1,7,Low,Shadow,2026-09-17,2026-09-23,v2.4.0,direct,,,,,,,,
CRI-SIF-B300-CC-ALL-GTD-6mo-EU,2026-09-23,SIF,,B300,ALL,GTD,EU,6M,market_intelligence,7,7.7434,7.7196,7.7196,median,7.7196,7.8744,7.3440,7.9524,7.9524,7.9004,7.7434,1,7,datacrunch,10000.0,1,1,1,3,1,7,Low,Shadow,2026-09-17,2026-09-23,v2.4.0,direct,,,,,,,,
CRI-SIF-B300-CC-ALL-GTD-OD-ALL,2026-09-23,SIF,,B300,ALL,GTD,ALL,OnDemand,citable,7,8.0661,8.0413,8.0413,median,8.0413,8.2025,7.6500,8.2838,8.2838,8.2296,8.0661,1,7,datacrunch,10000.0,1,1,1,3,1,7,Low,Shadow,2026-09-17,2026-09-23,v2.4.0,direct,,,,,,,,
CRI-SIF-B300-CC-ALL-GTD-OD-EU,2026-09-23,SIF,,B300,ALL,GTD,EU,OnDemand,citable,7,8.0661,8.0413,8.0413,median,8.0413,8.2025,7.6500,8.2838,8.2838,8.2296,8.0661,1,7,datacrunch,10000.0,1,1,1,3,1,7,Low,Shadow,2026-09-17,2026-09-23,v2.4.0,direct,,,,,,,,
CRI-SIF-B300-CC-SXM-GTD-1mo-ALL,2026-09-23,SIF,,B300,SXM,GTD,ALL,1M,market_intelligence,7,7.9047,7.8804,7.8804,median,7.8804,8.0385,7.4970,8.1181,8.1181,8.0650,7.9047,1,7,datacrunch,10000.0,1,1,1,3,1,7,Low,Shadow,2026-09-17,2026-09-23,v2.4.0,direct,,,,,,,,
CRI-SIF-B300-CC-SXM-GTD-1yr-ALL,2026-09-23,SIF,,B300,SXM,GTD,ALL,1Y,market_intelligence,7,7.4208,7.3980,7.3980,median,7.3980,7.5464,7.0380,7.6211,7.6211,7.5713,7.4208,1,7,datacrunch,10000.0,1,1,1,3,1,7,Low,Shadow,2026-09-17,2026-09-23,v2.4.0,direct,,,,,,,,
CRI-SIF-B300-CC-SXM-GTD-2yr-ALL,2026-09-23,SIF,,B300,SXM,GTD,ALL,2Y,market_intelligence,7,6.0495,6.0309,6.0309,median,6.0309,6.1518,5.7375,6.2128,6.2128,6.1722,6.0495,1,7,datacrunch,10000.0,1,1,1,3,1,7,Low,Shadow,2026-09-17,2026-09-23,v2.4.0,direct,,,,,,,,
CRI-SIF-B300-CC-SXM-GTD-3mo-ALL,2026-09-23,SIF,,B300,SXM,GTD,ALL,3M,market_intelligence,7,7.8241,7.8000,7.8000,median,7.8000,7.9564,7.4205,8.0352,8.0352,7.9827,7.8241,1,7,datacrunch,10000.0,1,1,1,3,1,7,Low,Shadow,2026-09-17,2026-09-23,v2.4.0,direct,,,,,,,,
CRI-SIF-B300-CC-SXM-GTD-6mo-ALL,2026-09-23,SIF,,B300,SXM,GTD,ALL,6M,market_intelligence,7,7.7434,7.7196,7.7196,median,7.7196,7.8744,7.3440,7.9524,7.9524,7.9004,7.7434,1,7,datacrunch,10000.0,1,1,1,3,1,7,Low,Shadow,2026-09-17,2026-09-23,v2.4.0,direct,,,,,,,,
CRI-SIF-B300-CC-SXM-GTD-OD-ALL,2026-09-23,SIF,,B300,SXM,GTD,ALL,OnDemand,citable,7,8.0661,8.0413,8.0413,median,8.0413,8.2025,7.6500,8.2838,8.2838,8.2296,8.0661,1,7,datacrunch,10000.0,1,1,1,3,1,7,Low,Shadow,2026-09-17,2026-09-23,v2.4.0,direct,,,,,,,,
CRI-SIF-GB300-ALL-GTD-1mo-ALL,2026-09-23,SIF,,GB300,ALL,GTD,ALL,1M,market_intelligence,7,8.9481,8.8837,8.8837,median,8.8837,9.0185,8.7955,9.1532,9.1532,9.0634,8.9481,1,7,datacrunch,10000.0,1,1,1,3,1,7,Low,Shadow,2026-09-17,2026-09-23,v2.4.0,direct,,,,,,,,
CRI-SIF-GB300-ALL-GTD-1mo-EU,2026-09-23,SIF,,GB300,ALL,GTD,EU,1M,market_intelligence,7,8.9481,8.8837,8.8837,median,8.8837,9.0185,8.7955,9.1532,9.1532,9.0634,8.9481,1,7,datacrunch,10000.0,1,1,1,3,1,7,Low,Shadow,2026-09-17,2026-09-23,v2.4.0,direct,,,,,,,,
CRI-SIF-GB300-ALL-GTD-1yr-ALL,2026-09-23,SIF,,GB300,ALL,GTD,ALL,1Y,market_intelligence,7,8.4003,8.3398,8.3398,median,8.3398,8.4663,8.2570,8.5928,8.5928,8.5085,8.4003,1,7,datacrunch,10000.0,1,1,1,3,1,7,Low,Shadow,2026-09-17,2026-09-23,v2.4.0,direct,,,,,,,,
CRI-SIF-GB300-ALL-GTD-1yr-EU,2026-09-23,SIF,,GB300,ALL,GTD,EU,1Y,market_intelligence,7,8.4003,8.3398,8.3398,median,8.3398,8.4663,8.2570,8.5928,8.5928,8.5085,8.4003,1,7,datacrunch,10000.0,1,1,1,3,1,7,Low,Shadow,2026-09-17,2026-09-23,v2.4.0,direct,,,,,,,,
CRI-SIF-GB300-ALL-GTD-2yr-ALL,2026-09-23,SIF,,GB300,ALL,GTD,ALL,2Y,market_intelligence,7,6.8481,6.7988,6.7988,median,6.7988,6.9018,6.7313,7.0050,7.0050,6.9362,6.8481,1,7,datacrunch,10000.0,1,1,1,3,1,7,Low,Shadow,2026-09-17,2026-09-23,v2.4.0,direct,,,,,,,,
CRI-SIF-GB300-ALL-GTD-2yr-EU,2026-09-23,SIF,,GB300,ALL,GTD,EU,2Y,market_intelligence,7,6.8481,6.7988,6.7988,median,6.7988,6.9018,6.7313,7.0050,7.0050,6.9362,6.8481,1,7,datacrunch,10000.0,1,1,1,3,1,7,Low,Shadow,2026-09-17,2026-09-23,v2.4.0,direct,,,,,,,,
CRI-SIF-GB300-ALL-GTD-3mo-ALL,2026-09-23,SIF,,GB300,ALL,GTD,ALL,3M,market_intelligence,7,8.8568,8.7931,8.7931,median,8.7931,8.9264,8.7058,9.0598,9.0598,8.9709,8.8568,1,7,datacrunch,10000.0,1,1,1,3,1,7,Low,Shadow,2026-09-17,2026-09-23,v2.4.0,direct,,,,,,,,
CRI-SIF-GB300-ALL-GTD-3mo-EU,2026-09-23,SIF,,GB300,ALL,GTD,EU,3M,market_intelligence,7,8.8568,8.7931,8.7931,median,8.7931,8.9264,8.7058,9.0598,9.0598,8.9709,8.8568,1,7,datacrunch,10000.0,1,1,1,3,1,7,Low,Shadow,2026-09-17,2026-09-23,v2.4.0,direct,,,,,,,,
CRI-SIF-GB300-ALL-GTD-6mo-ALL,2026-09-23,SIF,,GB300,ALL,GTD,ALL,6M,market_intelligence,7,8.7655,8.7024,8.7024,median,8.7024,8.8344,8.6160,8.9664,8.9664,8.8784,8.7655,1,7,datacrunch,10000.0,1,1,1,3,1,7,Low,Shadow,2026-09-17,2026-09-23,v2.4.0,direct,,,,,,,,
CRI-SIF-GB300-ALL-GTD-6mo-EU,2026-09-23,SIF,,GB300,ALL,GTD,EU,6M,market_intelligence,7,8.7655,8.7024,8.7024,median,8.7024,8.8344,8.6160,8.9664,8.9664,8.8784,8.7655,1,7,datacrunch,10000.0,1,1,1,3,1,7,Low,Shadow,2026-09-17,2026-09-23,v2.4.0,direct,,,,,,,,
CRI-SIF-GB300-ALL-GTD-OD-ALL,2026-09-23,SIF,,GB300,ALL,GTD,ALL,OnDemand,citable,7,9.1307,9.0650,9.0650,median,9.0650,9.2025,8.9750,9.3400,9.3400,9.2483,9.1307,1,7,datacrunch,10000.0,1,1,1,3,1,7,Low,Shadow,2026-09-17,2026-09-23,v2.4.0,direct,,,,,,,,
CRI-SIF-GB300-ALL-GTD-OD-EU,2026-09-23,SIF,,GB300,ALL,GTD,EU,OnDemand,citable,7,9.1307,9.0650,9.0650,median,9.0650,9.2025,8.9750,9.3400,9.3400,9.2483,9.1307,1,7,datacrunch,10000.0,1,1,1,3,1,7,Low,Shadow,2026-09-17,2026-09-23,v2.4.0,direct,,,,,,,,
CRI-SIF-GB300-SXM-GTD-1mo-ALL,2026-09-23,SIF,,GB300,SXM,GTD,ALL,1M,market_intelligence,7,8.9481,8.8837,8.8837,median,8.8837,9.0185,8.7955,9.1532,9.1532,9.0634,8.9481,1,7,datacrunch,10000.0,1,1,1,3,1,7,Low,Shadow,2026-09-17,2026-09-23,v2.4.0,direct,,,,,,,,
CRI-SIF-GB300-SXM-GTD-1yr-ALL,2026-09-23,SIF,,GB300,SXM,GTD,ALL,1Y,market_intelligence,7,8.4003,8.3398,8.3398,median,8.3398,8.4663,8.2570,8.5928,8.5928,8.5085,8.4003,1,7,datacrunch,10000.0,1,1,1,3,1,7,Low,Shadow,2026-09-17,2026-09-23,v2.4.0,direct,,,,,,,,
CRI-SIF-GB300-SXM-GTD-2yr-ALL,2026-09-23,SIF,,GB300,SXM,GTD,ALL,2Y,market_intelligence,7,6.8481,6.7988,6.7988,median,6.7988,6.9018,6.7313,7.0050,7.0050,6.9362,6.8481,1,7,datacrunch,10000.0,1,1,1,3,1,7,Low,Shadow,2026-09-17,2026-09-23,v2.4.0,direct,,,,,,,,
CRI-SIF-GB300-SXM-GTD-3mo-ALL,2026-09-23,SIF,,GB300,SXM,GTD,ALL,3M,market_intelligence,7,8.8568,8.7931,8.7931,median,8.7931,8.9264,8.7058,9.0598,9.0598,8.9709,8.8568,1,7,datacrunch,10000.0,1,1,1,3,1,7,Low,Shadow,2026-09-17,2026-09-23,v2.4.0,direct,,,,,,,,
CRI-SIF-GB300-SXM-GTD-6mo-ALL,2026-09-23,SIF,,GB300,SXM,GTD,ALL,6M,market_intelligence,7,8.7655,8.7024,8.7024,median,8.7024,8.8344,8.6160,8.9664,8.9664,8.8784,8.7655,1,7,datacrunch,10000.0,1,1,1,3,1,7,Low,Shadow,2026-09-17,2026-09-23,v2.4.0,direct,,,,,,,,
CRI-SIF-GB300-SXM-GTD-OD-ALL,2026-09-23,SIF,,GB300,SXM,GTD,ALL,OnDemand,citable,7,9.1307,9.0650,9.0650,median,9.0650,9.2025,8.9750,9.3400,9.3400,9.2483,9.1307,1,7,datacrunch,10000.0,1,1,1,3,1,7,Low,Shadow,2026-09-17,2026-09-23,v2.4.0,direct,,,,,,,,
CRI-SIF-GH200-ALL-GTD-OD-ALL,2026-09-23,SIF,,GH200,ALL,GTD,ALL,OnDemand,citable,7,2.8673,2.9300,2.9300,median,1.9900,3.8700,1.9900,3.8700,2.9300,2.9300,2.8673,2,15,denvr|vultr,5000.0,2,2,2,6,2,15,Medium,Shadow,2026-09-17,2026-09-23,v2.4.0,direct,,,,,,,,
CRI-SIF-GH200-SXM-GTD-OD-ALL,2026-09-23,SIF,,GH200,SXM,GTD,ALL,OnDemand,citable,7,2.8673,2.9300,2.9300,median,1.9900,3.8700,1.9900,3.8700,2.9300,2.9300,2.8673,2,15,denvr|vultr,5000.0,2,2,2,6,2,15,Medium,Shadow,2026-09-17,2026-09-23,v2.4.0,direct,,,,,,,,
CRI-SIF-H100-ALL-GTD-1mo-ALL,2026-09-23,SIF,,H100,ALL,GTD,ALL,1M,market_intelligence,7,1.6849,1.6849,1.6849,median,1.6849,1.6849,1.6849,1.6849,1.6849,1.6849,1.6849,1,7,latitude,10000.0,1,1,1,3,1,7,Low,Shadow,2026-09-17,2026-09-23,v2.4.0,direct,,,,,,,,
CRI-SIF-H100-ALL-GTD-1mo-US,2026-09-23,SIF,,H100,ALL,GTD,US,1M,market_intelligence,7,1.6849,1.6849,1.6849,median,1.6849,1.6849,1.6849,1.6849,1.6849,1.6849,1.6849,1,7,latitude,10000.0,1,1,1,3,1,7,Low,Shadow,2026-09-17,2026-09-23,v2.4.0,direct,,,,,,,,
CRI-SIF-H100-ALL-GTD-1yr-EU,2026-09-23,SIF,,H100,ALL,GTD,EU,1Y,market_intelligence,7,2.1900,2.1900,2.1900,median,2.1900,2.1900,2.1900,2.1900,2.1900,2.1900,2.1900,1,3,civo,10000.0,1,1,1,3,1,3,Low,Shadow,2026-09-17,2026-09-23,v2.4.0,direct,,,,,,,,
CRI-SIF-H100-ALL-GTD-1yr-US,2026-09-23,SIF,,H100,ALL,GTD,US,1Y,market_intelligence,7,1.1795,1.1795,1.1795,median,1.1795,1.1795,1.1795,1.1795,1.1795,1.1795,1.1795,1,7,latitude,10000.0,1,1,1,3,1,7,Low,Shadow,2026-09-17,2026-09-23,v2.4.0,direct,,,,,,,,
CRI-SIF-H100-ALL-GTD-2yr-ALL,2026-09-23,SIF,,H100,ALL,GTD,ALL,2Y,market_intelligence,7,2.0900,2.0900,2.0900,median,2.0900,2.0900,2.0900,2.0900,2.0900,2.0900,2.0900,1,3,civo,10000.0,1,1,1,3,1,3,Low,Shadow,2026-09-17,2026-09-23,v2.4.0,direct,,,,,,,,
CRI-SIF-H100-ALL-GTD-2yr-EU,2026-09-23,SIF,,H100,ALL,GTD,EU,2Y,market_intelligence,7,2.0900,2.0900,2.0900,median,2.0900,2.0900,2.0900,2.0900,2.0900,2.0900,2.0900,1,3,civo,10000.0,1,1,1,3,1,3,Low,Shadow,2026-09-17,2026-09-23,v2.4.0,direct,,,,,,,,
CRI-SIF-H100-ALL-GTD-3yr-ALL,2026-09-23,SIF,,H100,ALL,GTD,ALL,3Y,market_intelligence,7,1.9900,1.9900,1.9900,median,1.9900,1.9900,1.9900,1.9900,1.9900,1.9900,1.9900,1,3,civo,10000.0,1,1,1,3,1,3,Low,Shadow,2026-09-17,2026-09-23,v2.4.0,direct,,,,,,,,
CRI-SIF-H100-ALL-GTD-3yr-EU,2026-09-23,SIF,,H100,ALL,GTD,EU,3Y,market_intelligence,7,1.9900,1.9900,1.9900,median,1.9900,1.9900,1.9900,1.9900,1.9900,1.9900,1.9900,1,3,civo,10000.0,1,1,1,3,1,3,Low,Shadow,2026-09-17,2026-09-23,v2.4.0,direct,,,,,,,,
CRI-SIF-H100-PCIe-GTD-1mo-ALL,2026-09-23,SIF,,H100,PCIe,GTD,ALL,1M,market_intelligence,7,1.6849,1.6849,1.6849,median,1.6849,1.6849,1.6849,1.6849,1.6849,1.6849,1.6849,1,7,latitude,10000.0,1,1,1,3,1,7,Low,Shadow,2026-09-17,2026-09-23,v2.4.0,direct,,,,,,,,
CRI-SIF-H100-PCIe-GTD-2yr-ALL,2026-09-23,SIF,,H100,PCIe,GTD,ALL,2Y,market_intelligence,7,2.0900,2.0900,2.0900,median,2.0900,2.0900,2.0900,2.0900,2.0900,2.0900,2.0900,1,3,civo,10000.0,1,1,1,3,1,3,Low,Shadow,2026-09-17,2026-09-23,v2.4.0,direct,,,,,,,,
CRI-SIF-H100-PCIe-GTD-3yr-ALL,2026-09-23,SIF,,H100,PCIe,GTD,ALL,3Y,market_intelligence,7,1.9900,1.9900,1.9900,median,1.9900,1.9900,1.9900,1.9900,1.9900,1.9900,1.9900,1,3,civo,10000.0,1,1,1,3,1,3,Low,Shadow,2026-09-17,2026-09-23,v2.4.0,direct,,,,,,,,
CRI-SIF-H200-NVL-ALL-GTD-OD-ALL,2026-09-23,SIF,,H200,ALL,GTD,ALL,OnDemand,citable,7,3.2607,3.2607,3.2607,median,3.2607,3.2607,3.2607,3.2607,3.2607,3.2607,3.2607,1,7,ionos,10000.0,1,1,1,3,1,7,Low,Shadow,2026-09-17,2026-09-23,v2.4.0,direct,,,,,,,,
CRI-SIF-H200-NVL-ALL-GTD-OD-US,2026-09-23,SIF,,H200,ALL,GTD,US,OnDemand,citable,7,3.2607,3.2607,3.2607,median,3.2607,3.2607,3.2607,3.2607,3.2607,3.2607,3.2607,1,7,ionos,10000.0,1,1,1,3,1,7,Low,Shadow,2026-09-17,2026-09-23,v2.4.0,direct,,,,,,,,
CRI-SIF-H200-NVL-PCIe-GTD-OD-ALL,2026-09-23,SIF,,H200,PCIe,GTD,ALL,OnDemand,citable,7,3.2607,3.2607,3.2607,median,3.2607,3.2607,3.2607,3.2607,3.2607,3.2607,3.2607,1,7,ionos,10000.0,1,1,1,3,1,7,Low,Shadow,2026-09-17,2026-09-23,v2.4.0,direct,,,,,,,,
CRI-SIF-L4-ALL-GTD-OD-ALL,2026-09-23,SIF,,L4,ALL,GTD,ALL,OnDemand,citable,7,0.9039,0.9027,0.9027,median,0.9025,0.9048,0.9025,0.9085,0.9027,0.9033,0.9039,1,21,scaleway,10000.0,1,3,1,9,1,21,Low,Shadow,2026-09-17,2026-09-23,v2.4.0,direct,,,,,,,,
CRI-SIF-L4-ALL-GTD-OD-EU,2026-09-23,SIF,,L4,ALL,GTD,EU,OnDemand,citable,7,0.9039,0.9027,0.9027,median,0.9025,0.9048,0.9025,0.9085,0.9027,0.9033,0.9039,1,21,scaleway,10000.0,1,3,1,9,1,21,Low,Shadow,2026-09-17,2026-09-23,v2.4.0,direct,,,,,,,,
CRI-SIF-L4-PCIe-GTD-OD-ALL,2026-09-23,SIF,,L4,PCIe,GTD,ALL,OnDemand,citable,7,0.9039,0.9027,0.9027,median,0.9025,0.9048,0.9025,0.9085,0.9027,0.9033,0.9039,1,21,scaleway,10000.0,1,3,1,9,1,21,Low,Shadow,2026-09-17,2026-09-23,v2.4.0,direct,,,,,,,,
CRI-SIF-L40-ALL-GTD-6mo-ALL,2026-09-23,SIF,,L40,ALL,GTD,ALL,6M,market_intelligence,7,0.7000,0.7000,0.7000,median,0.7000,0.7000,0.7000,0.7000,0.7000,0.7000,0.7000,1,7,hyperstack,10000.0,1,1,1,3,1,7,Low,Shadow,2026-09-17,2026-09-23,v2.4.0,direct,,,,,,,,
CRI-SIF-L40-ALL-GTD-6mo-EU,2026-09-23,SIF,,L40,ALL,GTD,EU,6M,market_intelligence,7,0.7000,0.7000,0.7000,median,0.7000,0.7000,0.7000,0.7000,0.7000,0.7000,0.7000,1,7,hyperstack,10000.0,1,1,1,3,1,7,Low,Shadow,2026-09-17,2026-09-23,v2.4.0,direct,,,,,,,,
CRI-SIF-L40-ALL-GTD-OD-ALL,2026-09-23,SIF,,L40,ALL,GTD,ALL,OnDemand,citable,7,1.0000,1.0000,1.0000,median,1.0000,1.0000,1.0000,1.0000,1.0000,1.0000,1.0000,1,7,hyperstack,10000.0,1,1,1,3,1,7,Low,Shadow,2026-09-17,2026-09-23,v2.4.0,direct,,,,,,,,
CRI-SIF-L40-ALL-GTD-OD-EU,2026-09-23,SIF,,L40,ALL,GTD,EU,OnDemand,citable,7,1.0000,1.0000,1.0000,median,1.0000,1.0000,1.0000,1.0000,1.0000,1.0000,1.0000,1,7,hyperstack,10000.0,1,1,1,3,1,7,Low,Shadow,2026-09-17,2026-09-23,v2.4.0,direct,,,,,,,,
CRI-SIF-L40-PCIe-GTD-6mo-ALL,2026-09-23,SIF,,L40,PCIe,GTD,ALL,6M,market_intelligence,7,0.7000,0.7000,0.7000,median,0.7000,0.7000,0.7000,0.7000,0.7000,0.7000,0.7000,1,7,hyperstack,10000.0,1,1,1,3,1,7,Low,Shadow,2026-09-17,2026-09-23,v2.4.0,direct,,,,,,,,
CRI-SIF-L40-PCIe-GTD-OD-ALL,2026-09-23,SIF,,L40,PCIe,GTD,ALL,OnDemand,citable,7,1.0000,1.0000,1.0000,median,1.0000,1.0000,1.0000,1.0000,1.0000,1.0000,1.0000,1,7,hyperstack,10000.0,1,1,1,3,1,7,Low,Shadow,2026-09-17,2026-09-23,v2.4.0,direct,,,,,,,,
CRI-SIF-L40S-ALL-GTD-1mo-APAC,2026-09-23,SIF,,L40S,ALL,GTD,APAC,1M,market_intelligence,7,1.5743,1.5869,1.5869,median,1.0890,2.0547,1.0880,2.0608,1.5909,1.5785,1.5743,1,14,shakti_cloud,10000.0,1,2,1,6,1,14,Low,Shadow,2026-09-17,2026-09-23,v2.4.0,direct,,,,,,,,
CRI-SIF-L40S-ALL-GTD-1mo-EU,2026-09-23,SIF,,L40S,ALL,GTD,EU,1M,market_intelligence,7,1.4342,1.4235,1.4235,median,1.4235,1.4455,1.4100,1.4676,1.4676,1.4529,1.4342,1,7,datacrunch,10000.0,1,1,1,3,1,7,Low,Shadow,2026-09-17,2026-09-23,v2.4.0,direct,,,,,,,,
CRI-SIF-L40S-ALL-GTD-1mo-US,2026-09-23,SIF,,L40S,ALL,GTD,US,1M,market_intelligence,7,0.5700,0.5700,0.5700,median,0.5700,0.5700,0.5700,0.5700,0.5700,0.5700,0.5700,1,7,cloudrift,10000.0,1,1,1,3,1,7,Low,Shadow,2026-09-17,2026-09-23,v2.4.0,direct,,,,,,,,
CRI-SIF-L40S-ALL-GTD-1yr-APAC,2026-09-23,SIF,,L40S,ALL,GTD,APAC,1Y,market_intelligence,7,1.3361,1.3448,1.3448,median,1.0097,1.6592,1.0019,1.6633,1.3472,1.3361,1.3361,1,6,shakti_cloud,10000.0,1,2,1,6,1,6,Low,Shadow,2026-09-17,2026-09-23,v2.4.0,direct,,,,,,,,
CRI-SIF-L40S-ALL-GTD-2yr-APAC,2026-09-23,SIF,,L40S,ALL,GTD,APAC,2Y,market_intelligence,7,1.5141,1.5132,1.5132,median,1.5128,1.5150,1.5123,1.5168,1.5168,1.5141,1.5141,1,3,shakti_cloud,10000.0,1,1,1,3,1,3,Low,Shadow,2026-09-17,2026-09-23,v2.4.0,direct,,,,,,,,
CRI-SIF-L40S-ALL-GTD-3mo-APAC,2026-09-23,SIF,,L40S,ALL,GTD,APAC,3M,market_intelligence,7,1.0669,1.0570,1.0570,median,1.0566,1.0721,1.0563,1.0873,1.0873,1.0669,1.0669,1,3,shakti_cloud,10000.0,1,1,1,3,1,3,Low,Shadow,2026-09-17,2026-09-23,v2.4.0,direct,,,,,,,,
CRI-SIF-L40S-ALL-GTD-3mo-EU,2026-09-23,SIF,,L40S,ALL,GTD,EU,3M,market_intelligence,7,1.4195,1.4089,1.4089,median,1.4089,1.4307,1.3956,1.4526,1.4526,1.4380,1.4195,1,7,datacrunch,10000.0,1,1,1,3,1,7,Low,Shadow,2026-09-17,2026-09-23,v2.4.0,direct,,,,,,,,
CRI-SIF-L40S-ALL-GTD-3mo-US,2026-09-23,SIF,,L40S,ALL,GTD,US,3M,market_intelligence,7,0.5400,0.5400,0.5400,median,0.5400,0.5400,0.5400,0.5400,0.5400,0.5400,0.5400,1,7,cloudrift,10000.0,1,1,1,3,1,7,Low,Shadow,2026-09-17,2026-09-23,v2.4.0,direct,,,,,,,,
CRI-SIF-L40S-ALL-GTD-3yr-ALL,2026-09-23,SIF,,L40S,ALL,GTD,ALL,3Y,market_intelligence,7,0.8900,0.8900,0.8900,median,0.8900,0.8900,0.8900,0.8900,0.8900,0.8900,0.8900,1,7,civo,10000.0,1,1,1,3,1,7,Low,Shadow,2026-09-17,2026-09-23,v2.4.0,direct,,,,,,,,
CRI-SIF-L40S-ALL-GTD-3yr-EU,2026-09-23,SIF,,L40S,ALL,GTD,EU,3Y,market_intelligence,7,0.8900,0.8900,0.8900,median,0.8900,0.8900,0.8900,0.8900,0.8900,0.8900,0.8900,1,7,civo,10000.0,1,1,1,3,1,7,Low,Shadow,2026-09-17,2026-09-23,v2.4.0,direct,,,,,,,,
CRI-SIF-L40S-ALL-GTD-6mo-APAC,2026-09-23,SIF,,L40S,ALL,GTD,APAC,6M,market_intelligence,7,1.4361,1.4450,1.4450,median,1.0426,1.8260,1.0346,1.8306,1.4477,1.4361,1.4361,1,6,shakti_cloud,10000.0,1,2,1,6,1,6,Low,Shadow,2026-09-17,2026-09-23,v2.4.0,direct,,,,,,,,
CRI-SIF-L40S-ALL-GTD-OD-APAC,2026-09-23,SIF,,L40S,ALL,GTD,APAC,OnDemand,citable,7,1.4345,1.4341,1.4341,median,1.4337,1.4345,1.4328,1.4384,1.4384,1.4358,1.4345,1,7,shakti_cloud,10000.0,1,1,1,3,1,7,Low,Shadow,2026-09-17,2026-09-23,v2.4.0,direct,,,,,,,,
CRI-SIF-L40S-PCIe-GTD-3yr-ALL,2026-09-23,SIF,,L40S,PCIe,GTD,ALL,3Y,market_intelligence,7,0.8900,0.8900,0.8900,median,0.8900,0.8900,0.8900,0.8900,0.8900,0.8900,0.8900,1,7,civo,10000.0,1,1,1,3,1,7,Low,Shadow,2026-09-17,2026-09-23,v2.4.0,direct,,,,,,,,
CRI-SIF-MI300X-ALL-GTD-1mo-ALL,2026-09-23,SIF,,MI300X,ALL,GTD,ALL,1M,market_intelligence,7,3.3900,3.3900,3.3900,median,3.3900,3.3900,3.3900,3.3900,3.3900,3.3900,3.3900,1,7,hot_aisle,10000.0,1,1,1,3,1,7,Low,Shadow,2026-09-17,2026-09-23,v2.4.0,direct,,,,,,,,
CRI-SIF-MI300X-ALL-GTD-1mo-US,2026-09-23,SIF,,MI300X,ALL,GTD,US,1M,market_intelligence,7,3.3900,3.3900,3.3900,median,3.3900,3.3900,3.3900,3.3900,3.3900,3.3900,3.3900,1,7,hot_aisle,10000.0,1,1,1,3,1,7,Low,Shadow,2026-09-17,2026-09-23,v2.4.0,direct,,,,,,,,
CRI-SIF-MI300X-ALL-GTD-1yr-EU,2026-09-23,SIF,,MI300X,ALL,GTD,EU,1Y,market_intelligence,7,2.2957,2.2926,2.2926,median,2.2920,2.2971,2.2920,2.3074,2.2926,2.2942,2.2957,1,7,seeweb,10000.0,1,1,1,3,1,7,Low,Shadow,2026-09-17,2026-09-23,v2.4.0,direct,,,,,,,,
CRI-SIF-MI300X-ALL-GTD-1yr-US,2026-09-23,SIF,,MI300X,ALL,GTD,US,1Y,market_intelligence,7,1.9100,1.9100,1.9100,median,1.9100,1.9100,1.9100,1.9100,1.9100,1.9100,1.9100,1,7,digitalocean,10000.0,1,1,1,3,1,7,Low,Shadow,2026-09-17,2026-09-23,v2.4.0,direct,,,,,,,,
CRI-SIF-MI300X-ALL-GTD-3mo-ALL,2026-09-23,SIF,,MI300X,ALL,GTD,ALL,3M,market_intelligence,7,2.5598,2.5562,2.5562,median,2.5556,2.5613,2.5556,2.5728,2.5562,2.5580,2.5598,1,7,seeweb,10000.0,1,1,1,3,1,7,Low,Shadow,2026-09-17,2026-09-23,v2.4.0,direct,,,,,,,,
CRI-SIF-MI300X-ALL-GTD-3mo-EU,2026-09-23,SIF,,MI300X,ALL,GTD,EU,3M,market_intelligence,7,2.5598,2.5562,2.5562,median,2.5556,2.5613,2.5556,2.5728,2.5562,2.5580,2.5598,1,7,seeweb,10000.0,1,1,1,3,1,7,Low,Shadow,2026-09-17,2026-09-23,v2.4.0,direct,,,,,,,,
CRI-SIF-MI300X-ALL-GTD-6mo-ALL,2026-09-23,SIF,,MI300X,ALL,GTD,ALL,6M,market_intelligence,7,2.4335,2.4302,2.4302,median,2.4295,2.4350,2.4295,2.4458,2.4302,2.4319,2.4335,1,7,seeweb,10000.0,1,1,1,3,1,7,Low,Shadow,2026-09-17,2026-09-23,v2.4.0,direct,,,,,,,,
CRI-SIF-MI300X-ALL-GTD-6mo-EU,2026-09-23,SIF,,MI300X,ALL,GTD,EU,6M,market_intelligence,7,2.4335,2.4302,2.4302,median,2.4295,2.4350,2.4295,2.4458,2.4302,2.4319,2.4335,1,7,seeweb,10000.0,1,1,1,3,1,7,Low,Shadow,2026-09-17,2026-09-23,v2.4.0,direct,,,,,,,,
CRI-SIF-MI300X-ALL-GTD-OD-EU,2026-09-23,SIF,,MI300X,ALL,GTD,EU,OnDemand,citable,7,2.6975,2.6938,2.6938,median,2.6931,2.6991,2.6931,2.7112,2.6938,2.6957,2.6975,1,7,seeweb,10000.0,1,1,1,3,1,7,Low,Shadow,2026-09-17,2026-09-23,v2.4.0,direct,,,,,,,,
CRI-SIF-MI300X-OAM-GTD-1mo-ALL,2026-09-23,SIF,,MI300X,OAM,GTD,ALL,1M,market_intelligence,7,3.3900,3.3900,3.3900,median,3.3900,3.3900,3.3900,3.3900,3.3900,3.3900,3.3900,1,7,hot_aisle,10000.0,1,1,1,3,1,7,Low,Shadow,2026-09-17,2026-09-23,v2.4.0,direct,,,,,,,,
CRI-SIF-MI300X-OAM-GTD-3mo-ALL,2026-09-23,SIF,,MI300X,OAM,GTD,ALL,3M,market_intelligence,7,2.5598,2.5562,2.5562,median,2.5556,2.5613,2.5556,2.5728,2.5562,2.5580,2.5598,1,7,seeweb,10000.0,1,1,1,3,1,7,Low,Shadow,2026-09-17,2026-09-23,v2.4.0,direct,,,,,,,,
CRI-SIF-MI300X-OAM-GTD-6mo-ALL,2026-09-23,SIF,,MI300X,OAM,GTD,ALL,6M,market_intelligence,7,2.4335,2.4302,2.4302,median,2.4295,2.4350,2.4295,2.4458,2.4302,2.4319,2.4335,1,7,seeweb,10000.0,1,1,1,3,1,7,Low,Shadow,2026-09-17,2026-09-23,v2.4.0,direct,,,,,,,,
CRI-SIF-MI325X-ALL-GTD-1yr-ALL,2026-09-23,SIF,,MI325X,ALL,GTD,ALL,1Y,market_intelligence,7,2.8800,2.8800,2.8800,median,2.8800,2.8800,2.8800,2.8800,2.8800,2.8800,2.8800,1,7,digitalocean,10000.0,1,1,1,3,1,7,Low,Shadow,2026-09-17,2026-09-23,v2.4.0,direct,,,,,,,,
CRI-SIF-MI325X-ALL-GTD-1yr-US,2026-09-23,SIF,,MI325X,ALL,GTD,US,1Y,market_intelligence,7,2.8800,2.8800,2.8800,median,2.8800,2.8800,2.8800,2.8800,2.8800,2.8800,2.8800,1,7,digitalocean,10000.0,1,1,1,3,1,7,Low,Shadow,2026-09-17,2026-09-23,v2.4.0,direct,,,,,,,,
CRI-SIF-MI325X-ALL-GTD-OD-ALL,2026-09-23,SIF,,MI325X,ALL,GTD,ALL,OnDemand,citable,7,4.2075,4.2075,4.2075,median,3.8000,4.6150,3.8000,4.6150,4.2075,4.2075,4.2075,2,14,digitalocean|vultr,5000.0,2,2,2,6,2,14,Medium,Shadow,2026-09-17,2026-09-23,v2.4.0,direct,,,,,,,,
CRI-SIF-MI325X-OAM-GTD-1yr-ALL,2026-09-23,SIF,,MI325X,OAM,GTD,ALL,1Y,market_intelligence,7,2.8800,2.8800,2.8800,median,2.8800,2.8800,2.8800,2.8800,2.8800,2.8800,2.8800,1,7,digitalocean,10000.0,1,1,1,3,1,7,Low,Shadow,2026-09-17,2026-09-23,v2.4.0,direct,,,,,,,,
CRI-SIF-MI325X-OAM-GTD-OD-ALL,2026-09-23,SIF,,MI325X,OAM,GTD,ALL,OnDemand,citable,7,4.2075,4.2075,4.2075,median,3.8000,4.6150,3.8000,4.6150,4.2075,4.2075,4.2075,2,14,digitalocean|vultr,5000.0,2,2,2,6,2,14,Medium,Shadow,2026-09-17,2026-09-23,v2.4.0,direct,,,,,,,,
CRI-SIF-MI350X-ALL-GTD-1mo-ALL,2026-09-23,SIF,,MI350X,ALL,GTD,ALL,1M,market_intelligence,7,3.2900,3.2900,3.2900,median,3.2900,3.2900,3.2900,3.2900,3.2900,3.2900,3.2900,1,7,cloudrift,10000.0,1,1,1,3,1,7,Low,Shadow,2026-09-17,2026-09-23,v2.4.0,direct,,,,,,,,
CRI-SIF-MI350X-ALL-GTD-1mo-US,2026-09-23,SIF,,MI350X,ALL,GTD,US,1M,market_intelligence,7,3.2900,3.2900,3.2900,median,3.2900,3.2900,3.2900,3.2900,3.2900,3.2900,3.2900,1,7,cloudrift,10000.0,1,1,1,3,1,7,Low,Shadow,2026-09-17,2026-09-23,v2.4.0,direct,,,,,,,,
CRI-SIF-MI350X-ALL-GTD-1yr-ALL,2026-09-23,SIF,,MI350X,ALL,GTD,ALL,1Y,market_intelligence,7,4.7600,4.7600,4.7600,median,4.7600,4.7600,4.7600,4.7600,4.7600,4.7600,4.7600,1,7,digitalocean,10000.0,1,1,1,3,1,7,Low,Shadow,2026-09-17,2026-09-23,v2.4.0,direct,,,,,,,,
CRI-SIF-MI350X-ALL-GTD-1yr-US,2026-09-23,SIF,,MI350X,ALL,GTD,US,1Y,market_intelligence,7,4.7600,4.7600,4.7600,median,4.7600,4.7600,4.7600,4.7600,4.7600,4.7600,4.7600,1,7,digitalocean,10000.0,1,1,1,3,1,7,Low,Shadow,2026-09-17,2026-09-23,v2.4.0,direct,,,,,,,,
CRI-SIF-MI350X-ALL-GTD-3mo-ALL,2026-09-23,SIF,,MI350X,ALL,GTD,ALL,3M,market_intelligence,7,3.1000,3.1000,3.1000,median,3.1000,3.1000,3.1000,3.1000,3.1000,3.1000,3.1000,1,7,cloudrift,10000.0,1,1,1,3,1,7,Low,Shadow,2026-09-17,2026-09-23,v2.4.0,direct,,,,,,,,
CRI-SIF-MI350X-ALL-GTD-3mo-US,2026-09-23,SIF,,MI350X,ALL,GTD,US,3M,market_intelligence,7,3.1000,3.1000,3.1000,median,3.1000,3.1000,3.1000,3.1000,3.1000,3.1000,3.1000,1,7,cloudrift,10000.0,1,1,1,3,1,7,Low,Shadow,2026-09-17,2026-09-23,v2.4.0,direct,,,,,,,,
CRI-SIF-MI350X-ALL-GTD-OD-ALL,2026-09-23,SIF,,MI350X,ALL,GTD,ALL,OnDemand,citable,7,6.1600,6.1600,6.1600,median,6.1600,6.1600,6.1600,6.1600,6.1600,6.1600,6.1600,1,7,digitalocean,10000.0,1,1,1,3,1,7,Low,Shadow,2026-09-17,2026-09-23,v2.4.0,direct,,,,,,,,
CRI-SIF-MI350X-ALL-GTD-OD-US,2026-09-23,SIF,,MI350X,ALL,GTD,US,OnDemand,citable,7,6.1600,6.1600,6.1600,median,6.1600,6.1600,6.1600,6.1600,6.1600,6.1600,6.1600,1,7,digitalocean,10000.0,1,1,1,3,1,7,Low,Shadow,2026-09-17,2026-09-23,v2.4.0,direct,,,,,,,,
CRI-SIF-MI350X-OAM-GTD-1mo-ALL,2026-09-23,SIF,,MI350X,OAM,GTD,ALL,1M,market_intelligence,7,3.2900,3.2900,3.2900,median,3.2900,3.2900,3.2900,3.2900,3.2900,3.2900,3.2900,1,7,cloudrift,10000.0,1,1,1,3,1,7,Low,Shadow,2026-09-17,2026-09-23,v2.4.0,direct,,,,,,,,
CRI-SIF-MI350X-OAM-GTD-1yr-ALL,2026-09-23,SIF,,MI350X,OAM,GTD,ALL,1Y,market_intelligence,7,4.7600,4.7600,4.7600,median,4.7600,4.7600,4.7600,4.7600,4.7600,4.7600,4.7600,1,7,digitalocean,10000.0,1,1,1,3,1,7,Low,Shadow,2026-09-17,2026-09-23,v2.4.0,direct,,,,,,,,
CRI-SIF-MI350X-OAM-GTD-3mo-ALL,2026-09-23,SIF,,MI350X,OAM,GTD,ALL,3M,market_intelligence,7,3.1000,3.1000,3.1000,median,3.1000,3.1000,3.1000,3.1000,3.1000,3.1000,3.1000,1,7,cloudrift,10000.0,1,1,1,3,1,7,Low,Shadow,2026-09-17,2026-09-23,v2.4.0,direct,,,,,,,,
CRI-SIF-MI350X-OAM-GTD-OD-ALL,2026-09-23,SIF,,MI350X,OAM,GTD,ALL,OnDemand,citable,7,6.1600,6.1600,6.1600,median,6.1600,6.1600,6.1600,6.1600,6.1600,6.1600,6.1600,1,7,digitalocean,10000.0,1,1,1,3,1,7,Low,Shadow,2026-09-17,2026-09-23,v2.4.0,direct,,,,,,,,
CRI-SIF-MI355X-ALL-GTD-OD-ALL,2026-09-23,SIF,,MI355X,ALL,GTD,ALL,OnDemand,citable,7,2.5900,2.5900,2.5900,median,2.5900,2.5900,2.5900,2.5900,2.5900,2.5900,2.5900,1,7,vultr,10000.0,1,1,1,3,1,7,Low,Shadow,2026-09-17,2026-09-23,v2.4.0,direct,,,,,,,,
CRI-SIF-MI355X-ALL-GTD-OD-US,2026-09-23,SIF,,MI355X,ALL,GTD,US,OnDemand,citable,7,2.5900,2.5900,2.5900,median,2.5900,2.5900,2.5900,2.5900,2.5900,2.5900,2.5900,1,7,vultr,10000.0,1,1,1,3,1,7,Low,Shadow,2026-09-17,2026-09-23,v2.4.0,direct,,,,,,,,
CRI-SIF-MI355X-OAM-GTD-OD-ALL,2026-09-23,SIF,,MI355X,OAM,GTD,ALL,OnDemand,citable,7,2.5900,2.5900,2.5900,median,2.5900,2.5900,2.5900,2.5900,2.5900,2.5900,2.5900,1,7,vultr,10000.0,1,1,1,3,1,7,Low,Shadow,2026-09-17,2026-09-23,v2.4.0,direct,,,,,,,,
CRI-SIF-RTX-6000-Ada-ALL-GTD-1mo-ALL,2026-09-23,SIF,,RTX6000Ada,ALL,GTD,ALL,1M,market_intelligence,7,1.0856,1.0770,1.0770,median,1.0770,1.0932,1.0721,1.1094,1.1094,1.0986,1.0856,1,7,datacrunch,10000.0,1,1,1,3,1,7,Low,Shadow,2026-09-17,2026-09-23,v2.4.0,direct,,,,,,,,
CRI-SIF-RTX-6000-Ada-ALL-GTD-1mo-EU,2026-09-23,SIF,,RTX6000Ada,ALL,GTD,EU,1M,market_intelligence,7,1.0856,1.0770,1.0770,median,1.0770,1.0932,1.0721,1.1094,1.1094,1.0986,1.0856,1,7,datacrunch,10000.0,1,1,1,3,1,7,Low,Shadow,2026-09-17,2026-09-23,v2.4.0,direct,,,,,,,,
CRI-SIF-RTX-6000-Ada-ALL-GTD-1yr-ALL,2026-09-23,SIF,,RTX6000Ada,ALL,GTD,ALL,1Y,market_intelligence,7,1.0191,1.0111,1.0111,median,1.0111,1.0263,1.0065,1.0414,1.0414,1.0313,1.0191,1,7,datacrunch,10000.0,1,1,1,3,1,7,Low,Shadow,2026-09-17,2026-09-23,v2.4.0,direct,,,,,,,,
CRI-SIF-RTX-6000-Ada-ALL-GTD-1yr-EU,2026-09-23,SIF,,RTX6000Ada,ALL,GTD,EU,1Y,market_intelligence,7,1.0191,1.0111,1.0111,median,1.0111,1.0263,1.0065,1.0414,1.0414,1.0313,1.0191,1,7,datacrunch,10000.0,1,1,1,3,1,7,Low,Shadow,2026-09-17,2026-09-23,v2.4.0,direct,,,,,,,,
CRI-SIF-RTX-6000-Ada-ALL-GTD-2yr-ALL,2026-09-23,SIF,,RTX6000Ada,ALL,GTD,ALL,2Y,market_intelligence,7,0.8308,0.8243,0.8243,median,0.8243,0.8367,0.8205,0.8490,0.8490,0.8408,0.8308,1,7,datacrunch,10000.0,1,1,1,3,1,7,Low,Shadow,2026-09-17,2026-09-23,v2.4.0,direct,,,,,,,,
CRI-SIF-RTX-6000-Ada-ALL-GTD-2yr-EU,2026-09-23,SIF,,RTX6000Ada,ALL,GTD,EU,2Y,market_intelligence,7,0.8308,0.8243,0.8243,median,0.8243,0.8367,0.8205,0.8490,0.8490,0.8408,0.8308,1,7,datacrunch,10000.0,1,1,1,3,1,7,Low,Shadow,2026-09-17,2026-09-23,v2.4.0,direct,,,,,,,,
CRI-SIF-RTX-6000-Ada-ALL-GTD-3mo-ALL,2026-09-23,SIF,,RTX6000Ada,ALL,GTD,ALL,3M,market_intelligence,7,1.0745,1.0660,1.0660,median,1.0660,1.0820,1.0612,1.0980,1.0980,1.0874,1.0745,1,7,datacrunch,10000.0,1,1,1,3,1,7,Low,Shadow,2026-09-17,2026-09-23,v2.4.0,direct,,,,,,,,
CRI-SIF-RTX-6000-Ada-ALL-GTD-3mo-EU,2026-09-23,SIF,,RTX6000Ada,ALL,GTD,EU,3M,market_intelligence,7,1.0745,1.0660,1.0660,median,1.0660,1.0820,1.0612,1.0980,1.0980,1.0874,1.0745,1,7,datacrunch,10000.0,1,1,1,3,1,7,Low,Shadow,2026-09-17,2026-09-23,v2.4.0,direct,,,,,,,,
CRI-SIF-RTX-6000-Ada-ALL-GTD-6mo-ALL,2026-09-23,SIF,,RTX6000Ada,ALL,GTD,ALL,6M,market_intelligence,7,1.0634,1.0550,1.0550,median,1.0550,1.0709,1.0502,1.0867,1.0867,1.0762,1.0634,1,7,datacrunch,10000.0,1,1,1,3,1,7,Low,Shadow,2026-09-17,2026-09-23,v2.4.0,direct,,,,,,,,
CRI-SIF-RTX-6000-Ada-ALL-GTD-6mo-EU,2026-09-23,SIF,,RTX6000Ada,ALL,GTD,EU,6M,market_intelligence,7,1.0634,1.0550,1.0550,median,1.0550,1.0709,1.0502,1.0867,1.0867,1.0762,1.0634,1,7,datacrunch,10000.0,1,1,1,3,1,7,Low,Shadow,2026-09-17,2026-09-23,v2.4.0,direct,,,,,,,,
CRI-SIF-RTX-6000-Ada-ALL-GTD-OD-ALL,2026-09-23,SIF,,RTX6000Ada,ALL,GTD,ALL,OnDemand,citable,7,0.8039,0.7995,0.7995,median,0.5000,1.0990,0.5000,1.1320,0.8160,0.8105,0.8039,2,14,datacrunch|hyperstack,5000.0,2,2,2,6,2,14,Medium,Shadow,2026-09-17,2026-09-23,v2.4.0,direct,,,,,,,,
CRI-SIF-RTX-6000-Ada-PCIe-GTD-1mo-ALL,2026-09-23,SIF,,RTX6000Ada,PCIe,GTD,ALL,1M,market_intelligence,7,1.0856,1.0770,1.0770,median,1.0770,1.0932,1.0721,1.1094,1.1094,1.0986,1.0856,1,7,datacrunch,10000.0,1,1,1,3,1,7,Low,Shadow,2026-09-17,2026-09-23,v2.4.0,direct,,,,,,,,
CRI-SIF-RTX-6000-Ada-PCIe-GTD-1yr-ALL,2026-09-23,SIF,,RTX6000Ada,PCIe,GTD,ALL,1Y,market_intelligence,7,1.0191,1.0111,1.0111,median,1.0111,1.0263,1.0065,1.0414,1.0414,1.0313,1.0191,1,7,datacrunch,10000.0,1,1,1,3,1,7,Low,Shadow,2026-09-17,2026-09-23,v2.4.0,direct,,,,,,,,
CRI-SIF-RTX-6000-Ada-PCIe-GTD-2yr-ALL,2026-09-23,SIF,,RTX6000Ada,PCIe,GTD,ALL,2Y,market_intelligence,7,0.8308,0.8243,0.8243,median,0.8243,0.8367,0.8205,0.8490,0.8490,0.8408,0.8308,1,7,datacrunch,10000.0,1,1,1,3,1,7,Low,Shadow,2026-09-17,2026-09-23,v2.4.0,direct,,,,,,,,
CRI-SIF-RTX-6000-Ada-PCIe-GTD-3mo-ALL,2026-09-23,SIF,,RTX6000Ada,PCIe,GTD,ALL,3M,market_intelligence,7,1.0745,1.0660,1.0660,median,1.0660,1.0820,1.0612,1.0980,1.0980,1.0874,1.0745,1,7,datacrunch,10000.0,1,1,1,3,1,7,Low,Shadow,2026-09-17,2026-09-23,v2.4.0,direct,,,,,,,,
CRI-SIF-RTX-6000-Ada-PCIe-GTD-6mo-ALL,2026-09-23,SIF,,RTX6000Ada,PCIe,GTD,ALL,6M,market_intelligence,7,1.0634,1.0550,1.0550,median,1.0550,1.0709,1.0502,1.0867,1.0867,1.0762,1.0634,1,7,datacrunch,10000.0,1,1,1,3,1,7,Low,Shadow,2026-09-17,2026-09-23,v2.4.0,direct,,,,,,,,
CRI-SIF-RTX-6000-Ada-PCIe-GTD-OD-ALL,2026-09-23,SIF,,RTX6000Ada,PCIe,GTD,ALL,OnDemand,citable,7,0.8039,0.7995,0.7995,median,0.5000,1.0990,0.5000,1.1320,0.8160,0.8105,0.8039,2,14,datacrunch|hyperstack,5000.0,2,2,2,6,2,14,Medium,Shadow,2026-09-17,2026-09-23,v2.4.0,direct,,,,,,,,
CRI-SIF-RTX-A6000-ALL-GTD-1mo-ALL,2026-09-23,SIF,,A6000,ALL,GTD,ALL,1M,market_intelligence,7,0.5953,0.5919,0.5919,median,0.5919,0.6008,0.5802,0.6096,0.6096,0.6037,0.5953,1,7,datacrunch,10000.0,1,1,1,3,1,7,Low,Shadow,2026-09-17,2026-09-23,v2.4.0,direct,,,,,,,,
CRI-SIF-RTX-A6000-ALL-GTD-1mo-EU,2026-09-23,SIF,,A6000,ALL,GTD,EU,1M,market_intelligence,7,0.5953,0.5919,0.5919,median,0.5919,0.6008,0.5802,0.6096,0.6096,0.6037,0.5953,1,7,datacrunch,10000.0,1,1,1,3,1,7,Low,Shadow,2026-09-17,2026-09-23,v2.4.0,direct,,,,,,,,
CRI-SIF-RTX-A6000-ALL-GTD-1yr-ALL,2026-09-23,SIF,,A6000,ALL,GTD,ALL,1Y,market_intelligence,7,0.5588,0.5557,0.5557,median,0.5557,0.5639,0.5446,0.5722,0.5722,0.5667,0.5588,1,7,datacrunch,10000.0,1,1,1,3,1,7,Low,Shadow,2026-09-17,2026-09-23,v2.4.0,direct,,,,,,,,
CRI-SIF-RTX-A6000-ALL-GTD-1yr-EU,2026-09-23,SIF,,A6000,ALL,GTD,EU,1Y,market_intelligence,7,0.5588,0.5557,0.5557,median,0.5557,0.5639,0.5446,0.5722,0.5722,0.5667,0.5588,1,7,datacrunch,10000.0,1,1,1,3,1,7,Low,Shadow,2026-09-17,2026-09-23,v2.4.0,direct,,,,,,,,
CRI-SIF-RTX-A6000-ALL-GTD-2yr-ALL,2026-09-23,SIF,,A6000,ALL,GTD,ALL,2Y,market_intelligence,7,0.4556,0.4530,0.4530,median,0.4530,0.4597,0.4440,0.4665,0.4665,0.4620,0.4556,1,7,datacrunch,10000.0,1,1,1,3,1,7,Low,Shadow,2026-09-17,2026-09-23,v2.4.0,direct,,,,,,,,
CRI-SIF-RTX-A6000-ALL-GTD-2yr-EU,2026-09-23,SIF,,A6000,ALL,GTD,EU,2Y,market_intelligence,7,0.4556,0.4530,0.4530,median,0.4530,0.4597,0.4440,0.4665,0.4665,0.4620,0.4556,1,7,datacrunch,10000.0,1,1,1,3,1,7,Low,Shadow,2026-09-17,2026-09-23,v2.4.0,direct,,,,,,,,
CRI-SIF-RTX-A6000-ALL-GTD-3mo-ALL,2026-09-23,SIF,,A6000,ALL,GTD,ALL,3M,market_intelligence,7,0.5892,0.5859,0.5859,median,0.5859,0.5946,0.5742,0.6033,0.6033,0.5975,0.5892,1,7,datacrunch,10000.0,1,1,1,3,1,7,Low,Shadow,2026-09-17,2026-09-23,v2.4.0,direct,,,,,,,,
CRI-SIF-RTX-A6000-ALL-GTD-3mo-EU,2026-09-23,SIF,,A6000,ALL,GTD,EU,3M,market_intelligence,7,0.5892,0.5859,0.5859,median,0.5859,0.5946,0.5742,0.6033,0.6033,0.5975,0.5892,1,7,datacrunch,10000.0,1,1,1,3,1,7,Low,Shadow,2026-09-17,2026-09-23,v2.4.0,direct,,,,,,,,
CRI-SIF-RTX-A6000-ALL-GTD-OD-ALL,2026-09-23,SIF,,A6000,ALL,GTD,ALL,OnDemand,citable,7,0.5537,0.5520,0.5520,median,0.5000,0.6040,0.5000,0.6220,0.5610,0.5580,0.5537,2,14,datacrunch|hyperstack,5000.0,2,2,2,6,2,14,Medium,Shadow,2026-09-17,2026-09-23,v2.4.0,direct,,,,,,,,
CRI-SIF-RTX-A6000-PCIe-GTD-1mo-ALL,2026-09-23,SIF,,A6000,PCIe,GTD,ALL,1M,market_intelligence,7,0.5953,0.5919,0.5919,median,0.5919,0.6008,0.5802,0.6096,0.6096,0.6037,0.5953,1,7,datacrunch,10000.0,1,1,1,3,1,7,Low,Shadow,2026-09-17,2026-09-23,v2.4.0,direct,,,,,,,,
CRI-SIF-RTX-A6000-PCIe-GTD-1yr-ALL,2026-09-23,SIF,,A6000,PCIe,GTD,ALL,1Y,market_intelligence,7,0.5588,0.5557,0.5557,median,0.5557,0.5639,0.5446,0.5722,0.5722,0.5667,0.5588,1,7,datacrunch,10000.0,1,1,1,3,1,7,Low,Shadow,2026-09-17,2026-09-23,v2.4.0,direct,,,,,,,,
CRI-SIF-RTX-A6000-PCIe-GTD-2yr-ALL,2026-09-23,SIF,,A6000,PCIe,GTD,ALL,2Y,market_intelligence,7,0.4556,0.4530,0.4530,median,0.4530,0.4597,0.4440,0.4665,0.4665,0.4620,0.4556,1,7,datacrunch,10000.0,1,1,1,3,1,7,Low,Shadow,2026-09-17,2026-09-23,v2.4.0,direct,,,,,,,,
CRI-SIF-RTX-A6000-PCIe-GTD-3mo-ALL,2026-09-23,SIF,,A6000,PCIe,GTD,ALL,3M,market_intelligence,7,0.5892,0.5859,0.5859,median,0.5859,0.5946,0.5742,0.6033,0.6033,0.5975,0.5892,1,7,datacrunch,10000.0,1,1,1,3,1,7,Low,Shadow,2026-09-17,2026-09-23,v2.4.0,direct,,,,,,,,
CRI-SIF-RTX-A6000-PCIe-GTD-OD-ALL,2026-09-23,SIF,,A6000,PCIe,GTD,ALL,OnDemand,citable,7,0.5537,0.5520,0.5520,median,0.5000,0.6040,0.5000,0.6220,0.5610,0.5580,0.5537,2,14,datacrunch|hyperstack,5000.0,2,2,2,6,2,14,Medium,Shadow,2026-09-17,2026-09-23,v2.4.0,direct,,,,,,,,
CRI-SIF-RTX-PRO-6000-ALL-GTD-1mo-APAC,2026-09-23,SIF,,RTXPRO6000,ALL,GTD,APAC,1M,market_intelligence,7,3.2500,3.2500,3.2500,median,3.2500,3.2500,3.2500,3.2500,3.2500,3.2500,3.2500,1,7,latitude,10000.0,1,1,1,3,1,7,Low,Shadow,2026-09-17,2026-09-23,v2.4.0,direct,,,,,,,,
CRI-SIF-RTX-PRO-6000-ALL-GTD-1yr-APAC,2026-09-23,SIF,,RTXPRO6000,ALL,GTD,APAC,1Y,market_intelligence,7,2.5812,2.5812,2.5812,median,2.2750,2.8875,2.2750,2.8875,2.5812,2.5812,2.5812,1,14,latitude,10000.0,1,2,1,6,1,14,Low,Shadow,2026-09-17,2026-09-23,v2.4.0,direct,,,,,,,,
CRI-SIF-RTX-PRO-6000-ALL-GTD-1yr-US,2026-09-23,SIF,,RTXPRO6000,ALL,GTD,US,1Y,market_intelligence,7,2.1000,2.1000,2.1000,median,2.1000,2.1000,2.1000,2.1000,2.1000,2.1000,2.1000,1,7,latitude,10000.0,1,1,1,3,1,7,Low,Shadow,2026-09-17,2026-09-23,v2.4.0,direct,,,,,,,,
CRI-SIF-RTX-PRO-6000-ALL-GTD-2yr-ALL,2026-09-23,SIF,,RTXPRO6000,ALL,GTD,ALL,2Y,market_intelligence,7,1.4021,1.3950,1.3950,median,1.3950,1.4086,1.3819,1.4306,1.4306,1.4159,1.4021,1,7,datacrunch,10000.0,1,1,1,3,1,7,Low,Shadow,2026-09-17,2026-09-23,v2.4.0,direct,,,,,,,,
CRI-SIF-RTX-PRO-6000-ALL-GTD-2yr-EU,2026-09-23,SIF,,RTXPRO6000,ALL,GTD,EU,2Y,market_intelligence,7,1.4021,1.3950,1.3950,median,1.3950,1.4086,1.3819,1.4306,1.4306,1.4159,1.4021,1,7,datacrunch,10000.0,1,1,1,3,1,7,Low,Shadow,2026-09-17,2026-09-23,v2.4.0,direct,,,,,,,,
CRI-SIF-RTX-PRO-6000-ALL-GTD-3mo-US,2026-09-23,SIF,,RTXPRO6000,ALL,GTD,US,3M,market_intelligence,7,1.1000,1.1000,1.1000,median,1.1000,1.1000,1.1000,1.1000,1.1000,1.1000,1.1000,1,7,cloudrift,10000.0,1,1,1,3,1,7,Low,Shadow,2026-09-17,2026-09-23,v2.4.0,direct,,,,,,,,
CRI-SIF-RTX-PRO-6000-MAXQ-ALL-GTD-1mo-ALL,2026-09-23,SIF,,RTXPRO6000,ALL,GTD,ALL,1M,market_intelligence,7,1.4000,1.4000,1.4000,median,1.4000,1.4000,1.4000,1.4000,1.4000,1.4000,1.4000,1,7,cloudrift,10000.0,1,1,1,3,1,7,Low,Shadow,2026-09-17,2026-09-23,v2.4.0,direct,,,,,,,,
CRI-SIF-RTX-PRO-6000-MAXQ-ALL-GTD-1mo-US,2026-09-23,SIF,,RTXPRO6000,ALL,GTD,US,1M,market_intelligence,7,1.4000,1.4000,1.4000,median,1.4000,1.4000,1.4000,1.4000,1.4000,1.4000,1.4000,1,7,cloudrift,10000.0,1,1,1,3,1,7,Low,Shadow,2026-09-17,2026-09-23,v2.4.0,direct,,,,,,,,
CRI-SIF-RTX-PRO-6000-MAXQ-ALL-GTD-3mo-ALL,2026-09-23,SIF,,RTXPRO6000,ALL,GTD,ALL,3M,market_intelligence,7,1.3200,1.3200,1.3200,median,1.3200,1.3200,1.3200,1.3200,1.3200,1.3200,1.3200,1,7,cloudrift,10000.0,1,1,1,3,1,7,Low,Shadow,2026-09-17,2026-09-23,v2.4.0,direct,,,,,,,,
CRI-SIF-RTX-PRO-6000-MAXQ-ALL-GTD-3mo-US,2026-09-23,SIF,,RTXPRO6000,ALL,GTD,US,3M,market_intelligence,7,1.3200,1.3200,1.3200,median,1.3200,1.3200,1.3200,1.3200,1.3200,1.3200,1.3200,1,7,cloudrift,10000.0,1,1,1,3,1,7,Low,Shadow,2026-09-17,2026-09-23,v2.4.0,direct,,,,,,,,
CRI-SIF-RTX-PRO-6000-MAXQ-PCIe-GTD-1mo-ALL,2026-09-23,SIF,,RTXPRO6000,PCIe,GTD,ALL,1M,market_intelligence,7,1.4000,1.4000,1.4000,median,1.4000,1.4000,1.4000,1.4000,1.4000,1.4000,1.4000,1,7,cloudrift,10000.0,1,1,1,3,1,7,Low,Shadow,2026-09-17,2026-09-23,v2.4.0,direct,,,,,,,,
CRI-SIF-RTX-PRO-6000-MAXQ-PCIe-GTD-3mo-ALL,2026-09-23,SIF,,RTXPRO6000,PCIe,GTD,ALL,3M,market_intelligence,7,1.3200,1.3200,1.3200,median,1.3200,1.3200,1.3200,1.3200,1.3200,1.3200,1.3200,1,7,cloudrift,10000.0,1,1,1,3,1,7,Low,Shadow,2026-09-17,2026-09-23,v2.4.0,direct,,,,,,,,
CRI-SIF-RTX-PRO-6000-PCIe-GTD-2yr-ALL,2026-09-23,SIF,,RTXPRO6000,PCIe,GTD,ALL,2Y,market_intelligence,7,1.4021,1.3950,1.3950,median,1.3950,1.4086,1.3819,1.4306,1.4306,1.4159,1.4021,1,7,datacrunch,10000.0,1,1,1,3,1,7,Low,Shadow,2026-09-17,2026-09-23,v2.4.0,direct,,,,,,,,
CRI-SIF-V100-16GB-ALL-GTD-1mo-EU,2026-09-23,SIF,,V100,ALL,GTD,EU,1M,market_intelligence,7,0.1746,0.1725,0.1725,median,0.1725,0.1774,0.1695,0.1803,0.1803,0.1784,0.1746,1,7,datacrunch,10000.0,1,1,1,3,1,7,Low,Shadow,2026-09-17,2026-09-23,v2.4.0,direct,,,,,,,,
CRI-SIF-V100-16GB-ALL-GTD-1mo-US,2026-09-23,SIF,,V100,ALL,GTD,US,1M,market_intelligence,7,0.2300,0.2300,0.2300,median,0.2300,0.2300,0.2300,0.2300,0.2300,0.2300,0.2300,1,7,cloudrift,10000.0,1,1,1,3,1,7,Low,Shadow,2026-09-17,2026-09-23,v2.4.0,direct,,,,,,,,
CRI-SIF-V100-16GB-ALL-GTD-1yr-ALL,2026-09-23,SIF,,V100,ALL,GTD,ALL,1Y,market_intelligence,7,0.1639,0.1619,0.1619,median,0.1619,0.1665,0.1592,0.1693,0.1693,0.1674,0.1639,1,7,datacrunch,10000.0,1,1,1,3,1,7,Low,Shadow,2026-09-17,2026-09-23,v2.4.0,direct,,,,,,,,
CRI-SIF-V100-16GB-ALL-GTD-1yr-EU,2026-09-23,SIF,,V100,ALL,GTD,EU,1Y,market_intelligence,7,0.1639,0.1619,0.1619,median,0.1619,0.1665,0.1592,0.1693,0.1693,0.1674,0.1639,1,7,datacrunch,10000.0,1,1,1,3,1,7,Low,Shadow,2026-09-17,2026-09-23,v2.4.0,direct,,,,,,,,
CRI-SIF-V100-16GB-ALL-GTD-2yr-ALL,2026-09-23,SIF,,V100,ALL,GTD,ALL,2Y,market_intelligence,7,0.1336,0.1320,0.1320,median,0.1320,0.1358,0.1298,0.1380,0.1380,0.1365,0.1336,1,7,datacrunch,10000.0,1,1,1,3,1,7,Low,Shadow,2026-09-17,2026-09-23,v2.4.0,direct,,,,,,,,
CRI-SIF-V100-16GB-ALL-GTD-2yr-EU,2026-09-23,SIF,,V100,ALL,GTD,EU,2Y,market_intelligence,7,0.1336,0.1320,0.1320,median,0.1320,0.1358,0.1298,0.1380,0.1380,0.1365,0.1336,1,7,datacrunch,10000.0,1,1,1,3,1,7,Low,Shadow,2026-09-17,2026-09-23,v2.4.0,direct,,,,,,,,
CRI-SIF-V100-16GB-ALL-GTD-3mo-EU,2026-09-23,SIF,,V100,ALL,GTD,EU,3M,market_intelligence,7,0.1728,0.1707,0.1707,median,0.1707,0.1755,0.1678,0.1785,0.1785,0.1765,0.1728,1,7,datacrunch,10000.0,1,1,1,3,1,7,Low,Shadow,2026-09-17,2026-09-23,v2.4.0,direct,,,,,,,,
CRI-SIF-V100-16GB-ALL-GTD-3mo-US,2026-09-23,SIF,,V100,ALL,GTD,US,3M,market_intelligence,7,0.2100,0.2100,0.2100,median,0.2100,0.2100,0.2100,0.2100,0.2100,0.2100,0.2100,1,7,cloudrift,10000.0,1,1,1,3,1,7,Low,Shadow,2026-09-17,2026-09-23,v2.4.0,direct,,,,,,,,
CRI-SIF-V100-16GB-ALL-GTD-6mo-ALL,2026-09-23,SIF,,V100,ALL,GTD,ALL,6M,market_intelligence,7,0.1710,0.1690,0.1690,median,0.1690,0.1738,0.1661,0.1766,0.1766,0.1747,0.1710,1,7,datacrunch,10000.0,1,1,1,3,1,7,Low,Shadow,2026-09-17,2026-09-23,v2.4.0,direct,,,,,,,,
CRI-SIF-V100-16GB-ALL-GTD-6mo-EU,2026-09-23,SIF,,V100,ALL,GTD,EU,6M,market_intelligence,7,0.1710,0.1690,0.1690,median,0.1690,0.1738,0.1661,0.1766,0.1766,0.1747,0.1710,1,7,datacrunch,10000.0,1,1,1,3,1,7,Low,Shadow,2026-09-17,2026-09-23,v2.4.0,direct,,,,,,,,
CRI-SIF-V100-16GB-ALL-GTD-OD-ALL,2026-09-23,SIF,,V100,ALL,GTD,ALL,OnDemand,citable,7,0.1781,0.1760,0.1760,median,0.1760,0.1810,0.1730,0.1840,0.1840,0.1820,0.1781,1,7,datacrunch,10000.0,1,1,1,3,1,7,Low,Shadow,2026-09-17,2026-09-23,v2.4.0,direct,,,,,,,,
CRI-SIF-V100-16GB-ALL-GTD-OD-EU,2026-09-23,SIF,,V100,ALL,GTD,EU,OnDemand,citable,7,0.1781,0.1760,0.1760,median,0.1760,0.1810,0.1730,0.1840,0.1840,0.1820,0.1781,1,7,datacrunch,10000.0,1,1,1,3,1,7,Low,Shadow,2026-09-17,2026-09-23,v2.4.0,direct,,,,,,,,
CRI-SIF-V100-16GB-SXM-GTD-1yr-ALL,2026-09-23,SIF,,V100,SXM,GTD,ALL,1Y,market_intelligence,7,0.1639,0.1619,0.1619,median,0.1619,0.1665,0.1592,0.1693,0.1693,0.1674,0.1639,1,7,datacrunch,10000.0,1,1,1,3,1,7,Low,Shadow,2026-09-17,2026-09-23,v2.4.0,direct,,,,,,,,
CRI-SIF-V100-16GB-SXM-GTD-2yr-ALL,2026-09-23,SIF,,V100,SXM,GTD,ALL,2Y,market_intelligence,7,0.1336,0.1320,0.1320,median,0.1320,0.1358,0.1298,0.1380,0.1380,0.1365,0.1336,1,7,datacrunch,10000.0,1,1,1,3,1,7,Low,Shadow,2026-09-17,2026-09-23,v2.4.0,direct,,,,,,,,
CRI-SIF-V100-16GB-SXM-GTD-6mo-ALL,2026-09-23,SIF,,V100,SXM,GTD,ALL,6M,market_intelligence,7,0.1710,0.1690,0.1690,median,0.1690,0.1738,0.1661,0.1766,0.1766,0.1747,0.1710,1,7,datacrunch,10000.0,1,1,1,3,1,7,Low,Shadow,2026-09-17,2026-09-23,v2.4.0,direct,,,,,,,,
CRI-SIF-V100-16GB-SXM-GTD-OD-ALL,2026-09-23,SIF,,V100,SXM,GTD,ALL,OnDemand,citable,7,0.1781,0.1760,0.1760,median,0.1760,0.1810,0.1730,0.1840,0.1840,0.1820,0.1781,1,7,datacrunch,10000.0,1,1,1,3,1,7,Low,Shadow,2026-09-17,2026-09-23,v2.4.0,direct,,,,,,,,
CRI-SIF-V100-ALL-GTD-1mo-ALL,2026-09-23,SIF,,V100,ALL,GTD,ALL,1M,market_intelligence,7,0.2500,0.2500,0.2500,median,0.2500,0.2500,0.2500,0.2500,0.2500,0.2500,0.2500,1,7,cloudrift,10000.0,1,1,1,3,1,7,Low,Shadow,2026-09-17,2026-09-23,v2.4.0,direct,,,,,,,,
CRI-SIF-V100-ALL-GTD-1mo-US,2026-09-23,SIF,,V100,ALL,GTD,US,1M,market_intelligence,7,0.2500,0.2500,0.2500,median,0.2500,0.2500,0.2500,0.2500,0.2500,0.2500,0.2500,1,7,cloudrift,10000.0,1,1,1,3,1,7,Low,Shadow,2026-09-17,2026-09-23,v2.4.0,direct,,,,,,,,
CRI-SIF-V100-ALL-GTD-3mo-ALL,2026-09-23,SIF,,V100,ALL,GTD,ALL,3M,market_intelligence,7,0.2400,0.2400,0.2400,median,0.2400,0.2400,0.2400,0.2400,0.2400,0.2400,0.2400,1,7,cloudrift,10000.0,1,1,1,3,1,7,Low,Shadow,2026-09-17,2026-09-23,v2.4.0,direct,,,,,,,,
CRI-SIF-V100-ALL-GTD-3mo-US,2026-09-23,SIF,,V100,ALL,GTD,US,3M,market_intelligence,7,0.2400,0.2400,0.2400,median,0.2400,0.2400,0.2400,0.2400,0.2400,0.2400,0.2400,1,7,cloudrift,10000.0,1,1,1,3,1,7,Low,Shadow,2026-09-17,2026-09-23,v2.4.0,direct,,,,,,,,
CRI-SIF-V100-ALL-GTD-OD-ALL,2026-09-23,SIF,,V100,ALL,GTD,ALL,OnDemand,citable,7,1.1500,1.1500,1.1500,median,1.1500,1.1500,1.1500,1.1500,1.1500,1.1500,1.1500,1,7,paperspace,10000.0,1,1,1,3,1,7,Low,Shadow,2026-09-17,2026-09-23,v2.4.0,direct,,,,,,,,
CRI-SIF-V100-ALL-GTD-OD-US,2026-09-23,SIF,,V100,ALL,GTD,US,OnDemand,citable,7,1.1500,1.1500,1.1500,median,1.1500,1.1500,1.1500,1.1500,1.1500,1.1500,1.1500,1,7,paperspace,10000.0,1,1,1,3,1,7,Low,Shadow,2026-09-17,2026-09-23,v2.4.0,direct,,,,,,,,
CRI-SIF-V100-SXM-GTD-1mo-ALL,2026-09-23,SIF,,V100,SXM,GTD,ALL,1M,market_intelligence,7,0.2500,0.2500,0.2500,median,0.2500,0.2500,0.2500,0.2500,0.2500,0.2500,0.2500,1,7,cloudrift,10000.0,1,1,1,3,1,7,Low,Shadow,2026-09-17,2026-09-23,v2.4.0,direct,,,,,,,,
CRI-SIF-V100-SXM-GTD-3mo-ALL,2026-09-23,SIF,,V100,SXM,GTD,ALL,3M,market_intelligence,7,0.2400,0.2400,0.2400,median,0.2400,0.2400,0.2400,0.2400,0.2400,0.2400,0.2400,1,7,cloudrift,10000.0,1,1,1,3,1,7,Low,Shadow,2026-09-17,2026-09-23,v2.4.0,direct,,,,,,,,
CRI-SIF-V100-SXM-GTD-OD-ALL,2026-09-23,SIF,,V100,SXM,GTD,ALL,OnDemand,citable,7,1.1500,1.1500,1.1500,median,1.1500,1.1500,1.1500,1.1500,1.1500,1.1500,1.1500,1,7,paperspace,10000.0,1,1,1,3,1,7,Low,Shadow,2026-09-17,2026-09-23,v2.4.0,direct,,,,,,,,
CRI-T1-A10-ALL-ALL-OD-ALL,2026-09-23,T1,T1,A10,ALL,ALL,ALL,OnDemand,citable,7,2.0000,2.0000,2.0000,median,2.0000,2.0000,2.0000,2.0000,2.0000,2.0000,2.0000,1,7,oci,10000.0,1,1,1,3,1,7,Low,Shadow,2026-09-17,2026-09-23,v2.4.0,direct,,,,,,,,
CRI-T1-A10-ALL-ALL-OD-US,2026-09-23,T1,T1,A10,ALL,ALL,US,OnDemand,citable,7,2.0000,2.0000,2.0000,median,2.0000,2.0000,2.0000,2.0000,2.0000,2.0000,2.0000,1,7,oci,10000.0,1,1,1,3,1,7,Low,Shadow,2026-09-17,2026-09-23,v2.4.0,direct,,,,,,,,
CRI-T1-A10-ALL-GTD-OD-ALL,2026-09-23,T1,T1,A10,ALL,GTD,ALL,OnDemand,citable,7,2.0000,2.0000,2.0000,median,2.0000,2.0000,2.0000,2.0000,2.0000,2.0000,2.0000,1,7,oci,10000.0,1,1,1,3,1,7,Low,Shadow,2026-09-17,2026-09-23,v2.4.0,direct,,,,,,,,
CRI-T1-A10-ALL-GTD-OD-US,2026-09-23,T1,T1,A10,ALL,GTD,US,OnDemand,citable,7,2.0000,2.0000,2.0000,median,2.0000,2.0000,2.0000,2.0000,2.0000,2.0000,2.0000,1,7,oci,10000.0,1,1,1,3,1,7,Low,Shadow,2026-09-17,2026-09-23,v2.4.0,direct,,,,,,,,
CRI-T1-A10-PCIe-ALL-OD-ALL,2026-09-23,T1,T1,A10,PCIe,ALL,ALL,OnDemand,citable,7,2.0000,2.0000,2.0000,median,2.0000,2.0000,2.0000,2.0000,2.0000,2.0000,2.0000,1,7,oci,10000.0,1,1,1,3,1,7,Low,Shadow,2026-09-17,2026-09-23,v2.4.0,direct,,,,,,,,
CRI-T1-A10-PCIe-ALL-OD-US,2026-09-23,T1,T1,A10,PCIe,ALL,US,OnDemand,citable,7,2.0000,2.0000,2.0000,median,2.0000,2.0000,2.0000,2.0000,2.0000,2.0000,2.0000,1,7,oci,10000.0,1,1,1,3,1,7,Low,Shadow,2026-09-17,2026-09-23,v2.4.0,direct,,,,,,,,
CRI-T1-A10-PCIe-GTD-OD-ALL,2026-09-23,T1,T1,A10,PCIe,GTD,ALL,OnDemand,citable,7,2.0000,2.0000,2.0000,median,2.0000,2.0000,2.0000,2.0000,2.0000,2.0000,2.0000,1,7,oci,10000.0,1,1,1,3,1,7,Low,Shadow,2026-09-17,2026-09-23,v2.4.0,direct,,,,,,,,
CRI-T1-A10-PCIe-GTD-OD-US,2026-09-23,T1,T1,A10,PCIe,GTD,US,OnDemand,citable,7,2.0000,2.0000,2.0000,median,2.0000,2.0000,2.0000,2.0000,2.0000,2.0000,2.0000,1,7,oci,10000.0,1,1,1,3,1,7,Low,Shadow,2026-09-17,2026-09-23,v2.4.0,direct,,,,,,,,
CRI-T1-A100-40GB-ALL-ALL-CB-ALL,2026-09-23,T1,T1,A100,ALL,ALL,ALL,CapacityBlock,market_intelligence,7,1.4750,1.4750,1.4750,median,1.4750,1.4750,1.4750,1.4750,1.4750,1.4750,1.4750,1,7,aws_capacity_blocks,10000.0,1,1,1,3,1,7,Low,Shadow,2026-09-17,2026-09-23,v2.4.0,direct,,,,,,,,
CRI-T1-A100-40GB-ALL-ALL-CB-US,2026-09-23,T1,T1,A100,ALL,ALL,US,CapacityBlock,market_intelligence,7,1.4750,1.4750,1.4750,median,1.4750,1.4750,1.4750,1.4750,1.4750,1.4750,1.4750,1,7,aws_capacity_blocks,10000.0,1,1,1,3,1,7,Low,Shadow,2026-09-17,2026-09-23,v2.4.0,direct,,,,,,,,
CRI-T1-A100-40GB-ALL-ALL-FLEX-ALL,2026-09-23,T1,T1,A100,ALL,ALL,ALL,FlexStart,market_intelligence,7,2.0000,2.0000,2.0000,median,2.0000,2.0000,2.0000,2.0000,2.0000,2.0000,2.0000,1,7,gcp_dws,10000.0,1,1,1,3,1,7,Low,Shadow,2026-09-17,2026-09-23,v2.4.0,direct,,,,,,,,
CRI-T1-A100-40GB-ALL-ALL-FLEX-US,2026-09-23,T1,T1,A100,ALL,ALL,US,FlexStart,market_intelligence,7,2.0000,2.0000,2.0000,median,2.0000,2.0000,2.0000,2.0000,2.0000,2.0000,2.0000,1,7,gcp_dws,10000.0,1,1,1,3,1,7,Low,Shadow,2026-09-17,2026-09-23,v2.4.0,direct,,,,,,,,
CRI-T1-A100-40GB-ALL-GTD-CB-ALL,2026-09-23,T1,T1,A100,ALL,GTD,ALL,CapacityBlock,market_intelligence,7,1.4750,1.4750,1.4750,median,1.4750,1.4750,1.4750,1.4750,1.4750,1.4750,1.4750,1,7,aws_capacity_blocks,10000.0,1,1,1,3,1,7,Low,Shadow,2026-09-17,2026-09-23,v2.4.0,direct,,,,,,,,
CRI-T1-A100-40GB-ALL-GTD-CB-US,2026-09-23,T1,T1,A100,ALL,GTD,US,CapacityBlock,market_intelligence,7,1.4750,1.4750,1.4750,median,1.4750,1.4750,1.4750,1.4750,1.4750,1.4750,1.4750,1,7,aws_capacity_blocks,10000.0,1,1,1,3,1,7,Low,Shadow,2026-09-17,2026-09-23,v2.4.0,direct,,,,,,,,
CRI-T1-A100-40GB-ALL-GTD-FLEX-ALL,2026-09-23,T1,T1,A100,ALL,GTD,ALL,FlexStart,market_intelligence,7,2.0000,2.0000,2.0000,median,2.0000,2.0000,2.0000,2.0000,2.0000,2.0000,2.0000,1,7,gcp_dws,10000.0,1,1,1,3,1,7,Low,Shadow,2026-09-17,2026-09-23,v2.4.0,direct,,,,,,,,
CRI-T1-A100-40GB-ALL-GTD-FLEX-US,2026-09-23,T1,T1,A100,ALL,GTD,US,FlexStart,market_intelligence,7,2.0000,2.0000,2.0000,median,2.0000,2.0000,2.0000,2.0000,2.0000,2.0000,2.0000,1,7,gcp_dws,10000.0,1,1,1,3,1,7,Low,Shadow,2026-09-17,2026-09-23,v2.4.0,direct,,,,,,,,
CRI-T1-A100-40GB-SXM-ALL-CB-ALL,2026-09-23,T1,T1,A100,SXM,ALL,ALL,CapacityBlock,market_intelligence,7,1.4750,1.4750,1.4750,median,1.4750,1.4750,1.4750,1.4750,1.4750,1.4750,1.4750,1,7,aws_capacity_blocks,10000.0,1,1,1,3,1,7,Low,Shadow,2026-09-17,2026-09-23,v2.4.0,direct,,,,,,,,
CRI-T1-A100-40GB-SXM-ALL-CB-US,2026-09-23,T1,T1,A100,SXM,ALL,US,CapacityBlock,market_intelligence,7,1.4750,1.4750,1.4750,median,1.4750,1.4750,1.4750,1.4750,1.4750,1.4750,1.4750,1,7,aws_capacity_blocks,10000.0,1,1,1,3,1,7,Low,Shadow,2026-09-17,2026-09-23,v2.4.0,direct,,,,,,,,
CRI-T1-A100-40GB-SXM-ALL-FLEX-ALL,2026-09-23,T1,T1,A100,SXM,ALL,ALL,FlexStart,market_intelligence,7,2.0000,2.0000,2.0000,median,2.0000,2.0000,2.0000,2.0000,2.0000,2.0000,2.0000,1,7,gcp_dws,10000.0,1,1,1,3,1,7,Low,Shadow,2026-09-17,2026-09-23,v2.4.0,direct,,,,,,,,
CRI-T1-A100-40GB-SXM-ALL-FLEX-US,2026-09-23,T1,T1,A100,SXM,ALL,US,FlexStart,market_intelligence,7,2.0000,2.0000,2.0000,median,2.0000,2.0000,2.0000,2.0000,2.0000,2.0000,2.0000,1,7,gcp_dws,10000.0,1,1,1,3,1,7,Low,Shadow,2026-09-17,2026-09-23,v2.4.0,direct,,,,,,,,
CRI-T1-A100-40GB-SXM-GTD-CB-ALL,2026-09-23,T1,T1,A100,SXM,GTD,ALL,CapacityBlock,market_intelligence,7,1.4750,1.4750,1.4750,median,1.4750,1.4750,1.4750,1.4750,1.4750,1.4750,1.4750,1,7,aws_capacity_blocks,10000.0,1,1,1,3,1,7,Low,Shadow,2026-09-17,2026-09-23,v2.4.0,direct,,,,,,,,
CRI-T1-A100-40GB-SXM-GTD-CB-US,2026-09-23,T1,T1,A100,SXM,GTD,US,CapacityBlock,market_intelligence,7,1.4750,1.4750,1.4750,median,1.4750,1.4750,1.4750,1.4750,1.4750,1.4750,1.4750,1,7,aws_capacity_blocks,10000.0,1,1,1,3,1,7,Low,Shadow,2026-09-17,2026-09-23,v2.4.0,direct,,,,,,,,
CRI-T1-A100-40GB-SXM-GTD-FLEX-ALL,2026-09-23,T1,T1,A100,SXM,GTD,ALL,FlexStart,market_intelligence,7,2.0000,2.0000,2.0000,median,2.0000,2.0000,2.0000,2.0000,2.0000,2.0000,2.0000,1,7,gcp_dws,10000.0,1,1,1,3,1,7,Low,Shadow,2026-09-17,2026-09-23,v2.4.0,direct,,,,,,,,
CRI-T1-A100-40GB-SXM-GTD-FLEX-US,2026-09-23,T1,T1,A100,SXM,GTD,US,FlexStart,market_intelligence,7,2.0000,2.0000,2.0000,median,2.0000,2.0000,2.0000,2.0000,2.0000,2.0000,2.0000,1,7,gcp_dws,10000.0,1,1,1,3,1,7,Low,Shadow,2026-09-17,2026-09-23,v2.4.0,direct,,,,,,,,
CRI-T1-A100-ALL-ALL-CB-ALL,2026-09-23,T1,T1,A100,ALL,ALL,ALL,CapacityBlock,market_intelligence,7,2.2140,2.2140,2.2140,median,2.2140,2.2140,2.2140,2.2140,2.2140,2.2140,2.2140,1,7,aws_capacity_blocks,10000.0,1,1,1,3,1,7,Low,Shadow,2026-09-17,2026-09-23,v2.4.0,direct,,,,,,,,
CRI-T1-A100-ALL-ALL-CB-US,2026-09-23,T1,T1,A100,ALL,ALL,US,CapacityBlock,market_intelligence,7,2.2140,2.2140,2.2140,median,2.2140,2.2140,2.2140,2.2140,2.2140,2.2140,2.2140,1,7,aws_capacity_blocks,10000.0,1,1,1,3,1,7,Low,Shadow,2026-09-17,2026-09-23,v2.4.0,direct,,,,,,,,
CRI-T1-A100-ALL-ALL-FLEX-ALL,2026-09-23,T1,T1,A100,ALL,ALL,ALL,FlexStart,market_intelligence,7,2.4000,2.4000,2.4000,median,2.4000,2.4000,2.4000,2.4000,2.4000,2.4000,2.4000,1,7,gcp_dws,10000.0,1,1,1,3,1,7,Low,Shadow,2026-09-17,2026-09-23,v2.4.0,direct,,,,,,,,
CRI-T1-A100-ALL-ALL-FLEX-US,2026-09-23,T1,T1,A100,ALL,ALL,US,FlexStart,market_intelligence,7,2.4000,2.4000,2.4000,median,2.4000,2.4000,2.4000,2.4000,2.4000,2.4000,2.4000,1,7,gcp_dws,10000.0,1,1,1,3,1,7,Low,Shadow,2026-09-17,2026-09-23,v2.4.0,direct,,,,,,,,
CRI-T1-A100-ALL-GTD-CB-ALL,2026-09-23,T1,T1,A100,ALL,GTD,ALL,CapacityBlock,market_intelligence,7,2.2140,2.2140,2.2140,median,2.2140,2.2140,2.2140,2.2140,2.2140,2.2140,2.2140,1,7,aws_capacity_blocks,10000.0,1,1,1,3,1,7,Low,Shadow,2026-09-17,2026-09-23,v2.4.0,direct,,,,,,,,
CRI-T1-A100-ALL-GTD-CB-US,2026-09-23,T1,T1,A100,ALL,GTD,US,CapacityBlock,market_intelligence,7,2.2140,2.2140,2.2140,median,2.2140,2.2140,2.2140,2.2140,2.2140,2.2140,2.2140,1,7,aws_capacity_blocks,10000.0,1,1,1,3,1,7,Low,Shadow,2026-09-17,2026-09-23,v2.4.0,direct,,,,,,,,
CRI-T1-A100-ALL-GTD-FLEX-ALL,2026-09-23,T1,T1,A100,ALL,GTD,ALL,FlexStart,market_intelligence,7,2.4000,2.4000,2.4000,median,2.4000,2.4000,2.4000,2.4000,2.4000,2.4000,2.4000,1,7,gcp_dws,10000.0,1,1,1,3,1,7,Low,Shadow,2026-09-17,2026-09-23,v2.4.0,direct,,,,,,,,
CRI-T1-A100-ALL-GTD-FLEX-US,2026-09-23,T1,T1,A100,ALL,GTD,US,FlexStart,market_intelligence,7,2.4000,2.4000,2.4000,median,2.4000,2.4000,2.4000,2.4000,2.4000,2.4000,2.4000,1,7,gcp_dws,10000.0,1,1,1,3,1,7,Low,Shadow,2026-09-17,2026-09-23,v2.4.0,direct,,,,,,,,
CRI-T1-A100-PCIe-ALL-1yr-ALL,2026-09-23,T1,T1,A100,PCIe,ALL,ALL,1Y,market_intelligence,7,2.9026,3.0013,3.0013,median,2.7132,3.1214,2.4010,3.4335,2.9026,2.9026,2.9026,1,126,azure,10000.0,1,18,1,54,1,126,Low,Shadow,2026-09-17,2026-09-23,v2.4.0,direct,,,,,,,,
CRI-T1-A100-PCIe-ALL-1yr-EU,2026-09-23,T1,T1,A100,PCIe,ALL,EU,1Y,market_intelligence,7,3.1046,3.1214,3.1214,median,3.0013,3.1214,2.8813,3.4335,3.1046,3.1046,3.1046,1,70,azure,10000.0,1,10,1,30,1,70,Low,Shadow,2026-09-17,2026-09-23,v2.4.0,direct,,,,,,,,
CRI-T1-A100-PCIe-ALL-1yr-US,2026-09-23,T1,T1,A100,PCIe,ALL,US,1Y,market_intelligence,7,2.6502,2.5571,2.5571,median,2.4010,2.8813,2.4010,3.1214,2.6502,2.6502,2.6502,1,56,azure,10000.0,1,8,1,24,1,56,Low,Shadow,2026-09-17,2026-09-23,v2.4.0,direct,,,,,,,,
CRI-T1-A100-PCIe-ALL-3yr-ALL,2026-09-23,T1,T1,A100,PCIe,ALL,ALL,3Y,market_intelligence,7,1.6478,1.7038,1.7038,median,1.5403,1.7720,1.3631,1.9492,1.6478,1.6478,1.6478,1,126,azure,10000.0,1,18,1,54,1,126,Low,Shadow,2026-09-17,2026-09-23,v2.4.0,direct,,,,,,,,
CRI-T1-A100-PCIe-ALL-3yr-EU,2026-09-23,T1,T1,A100,PCIe,ALL,EU,3Y,market_intelligence,7,1.7625,1.7720,1.7720,median,1.7038,1.7720,1.6357,1.9492,1.7625,1.7625,1.7625,1,70,azure,10000.0,1,10,1,30,1,70,Low,Shadow,2026-09-17,2026-09-23,v2.4.0,direct,,,,,,,,
CRI-T1-A100-PCIe-ALL-3yr-US,2026-09-23,T1,T1,A100,PCIe,ALL,US,3Y,market_intelligence,7,1.5045,1.4517,1.4517,median,1.3631,1.6357,1.3631,1.7720,1.5045,1.5045,1.5045,1,56,azure,10000.0,1,8,1,24,1,56,Low,Shadow,2026-09-17,2026-09-23,v2.4.0,direct,,,,,,,,
CRI-T1-A100-PCIe-ALL-OD-ALL,2026-09-23,T1,T1,A100,PCIe,ALL,ALL,OnDemand,citable,7,2.6324,2.7199,2.7199,median,0.8485,4.5913,0.6788,5.2525,2.6324,2.6324,2.6324,1,252,azure,10000.0,1,36,1,108,1,252,Low,Shadow,2026-09-17,2026-09-23,v2.4.0,direct,,,,,,,,
CRI-T1-A100-PCIe-ALL-OD-EU,2026-09-23,T1,T1,A100,PCIe,ALL,EU,OnDemand,citable,7,2.8171,2.8287,2.8287,median,0.8824,4.7750,0.8145,5.2525,2.8171,2.8171,2.8171,1,140,azure,10000.0,1,20,1,60,1,140,Low,Shadow,2026-09-17,2026-09-23,v2.4.0,direct,,,,,,,,
CRI-T1-A100-PCIe-ALL-OD-US,2026-09-23,T1,T1,A100,PCIe,ALL,US,OnDemand,citable,7,2.4016,2.3173,2.3173,median,0.7450,3.7924,0.6788,4.7750,2.4016,2.4016,2.4016,1,112,azure,10000.0,1,16,1,48,1,112,Low,Shadow,2026-09-17,2026-09-23,v2.4.0,direct,,,,,,,,
CRI-T1-A100-PCIe-GTD-1yr-ALL,2026-09-23,T1,T1,A100,PCIe,GTD,ALL,1Y,market_intelligence,7,2.9026,3.0013,3.0013,median,2.7132,3.1214,2.4010,3.4335,2.9026,2.9026,2.9026,1,126,azure,10000.0,1,18,1,54,1,126,Low,Shadow,2026-09-17,2026-09-23,v2.4.0,direct,,,,,,,,
CRI-T1-A100-PCIe-GTD-1yr-EU,2026-09-23,T1,T1,A100,PCIe,GTD,EU,1Y,market_intelligence,7,3.1046,3.1214,3.1214,median,3.0013,3.1214,2.8813,3.4335,3.1046,3.1046,3.1046,1,70,azure,10000.0,1,10,1,30,1,70,Low,Shadow,2026-09-17,2026-09-23,v2.4.0,direct,,,,,,,,
CRI-T1-A100-PCIe-GTD-1yr-US,2026-09-23,T1,T1,A100,PCIe,GTD,US,1Y,market_intelligence,7,2.6502,2.5571,2.5571,median,2.4010,2.8813,2.4010,3.1214,2.6502,2.6502,2.6502,1,56,azure,10000.0,1,8,1,24,1,56,Low,Shadow,2026-09-17,2026-09-23,v2.4.0,direct,,,,,,,,
CRI-T1-A100-PCIe-GTD-3yr-ALL,2026-09-23,T1,T1,A100,PCIe,GTD,ALL,3Y,market_intelligence,7,1.6478,1.7038,1.7038,median,1.5403,1.7720,1.3631,1.9492,1.6478,1.6478,1.6478,1,126,azure,10000.0,1,18,1,54,1,126,Low,Shadow,2026-09-17,2026-09-23,v2.4.0,direct,,,,,,,,
CRI-T1-A100-PCIe-GTD-3yr-EU,2026-09-23,T1,T1,A100,PCIe,GTD,EU,3Y,market_intelligence,7,1.7625,1.7720,1.7720,median,1.7038,1.7720,1.6357,1.9492,1.7625,1.7625,1.7625,1,70,azure,10000.0,1,10,1,30,1,70,Low,Shadow,2026-09-17,2026-09-23,v2.4.0,direct,,,,,,,,
CRI-T1-A100-PCIe-GTD-3yr-US,2026-09-23,T1,T1,A100,PCIe,GTD,US,3Y,market_intelligence,7,1.5045,1.4517,1.4517,median,1.3631,1.6357,1.3631,1.7720,1.5045,1.5045,1.5045,1,56,azure,10000.0,1,8,1,24,1,56,Low,Shadow,2026-09-17,2026-09-23,v2.4.0,direct,,,,,,,,
CRI-T1-A100-PCIe-GTD-OD-ALL,2026-09-23,T1,T1,A100,PCIe,GTD,ALL,OnDemand,citable,7,4.4403,4.5913,4.5913,median,4.1505,4.7750,3.6730,5.2525,4.4403,4.4403,4.4403,1,126,azure,10000.0,1,18,1,54,1,126,Low,Shadow,2026-09-17,2026-09-23,v2.4.0,direct,,,,,,,,
CRI-T1-A100-PCIe-GTD-OD-EU,2026-09-23,T1,T1,A100,PCIe,GTD,EU,OnDemand,citable,7,4.7493,4.7750,4.7750,median,4.5913,4.7750,4.4075,5.2525,4.7493,4.7493,4.7493,1,70,azure,10000.0,1,10,1,30,1,70,Low,Shadow,2026-09-17,2026-09-23,v2.4.0,direct,,,,,,,,
CRI-T1-A100-PCIe-GTD-OD-US,2026-09-23,T1,T1,A100,PCIe,GTD,US,OnDemand,citable,7,4.0541,3.9118,3.9118,median,3.6730,4.4075,3.6730,4.7750,4.0541,4.0541,4.0541,1,56,azure,10000.0,1,8,1,24,1,56,Low,Shadow,2026-09-17,2026-09-23,v2.4.0,direct,,,,,,,,
CRI-T1-A100-PCIe-INT-OD-ALL,2026-09-23,T1,T1,A100,PCIe,INT,ALL,OnDemand,citable,7,0.8246,0.8485,0.8485,median,0.7670,0.8824,0.6788,0.9707,0.8246,0.8246,0.8246,1,126,azure,10000.0,1,18,1,54,1,126,Low,Shadow,2026-09-17,2026-09-23,v2.4.0,direct,,,,,,,,
CRI-T1-A100-PCIe-INT-OD-EU,2026-09-23,T1,T1,A100,PCIe,INT,EU,OnDemand,citable,7,0.8849,0.8824,0.8824,median,0.8485,0.8824,0.8145,0.9707,0.8849,0.8849,0.8849,1,70,azure,10000.0,1,10,1,30,1,70,Low,Shadow,2026-09-17,2026-09-23,v2.4.0,direct,,,,,,,,
CRI-T1-A100-PCIe-INT-OD-US,2026-09-23,T1,T1,A100,PCIe,INT,US,OnDemand,citable,7,0.7492,0.7229,0.7229,median,0.6788,0.8145,0.6788,0.8824,0.7492,0.7492,0.7492,1,56,azure,10000.0,1,8,1,24,1,56,Low,Shadow,2026-09-17,2026-09-23,v2.4.0,direct,,,,,,,,
CRI-T1-A100-SXM-ALL-CB-ALL,2026-09-23,T1,T1,A100,SXM,ALL,ALL,CapacityBlock,market_intelligence,7,2.2140,2.2140,2.2140,median,2.2140,2.2140,2.2140,2.2140,2.2140,2.2140,2.2140,1,7,aws_capacity_blocks,10000.0,1,1,1,3,1,7,Low,Shadow,2026-09-17,2026-09-23,v2.4.0,direct,,,,,,,,
CRI-T1-A100-SXM-ALL-CB-US,2026-09-23,T1,T1,A100,SXM,ALL,US,CapacityBlock,market_intelligence,7,2.2140,2.2140,2.2140,median,2.2140,2.2140,2.2140,2.2140,2.2140,2.2140,2.2140,1,7,aws_capacity_blocks,10000.0,1,1,1,3,1,7,Low,Shadow,2026-09-17,2026-09-23,v2.4.0,direct,,,,,,,,
CRI-T1-A100-SXM-ALL-FLEX-ALL,2026-09-23,T1,T1,A100,SXM,ALL,ALL,FlexStart,market_intelligence,7,2.4000,2.4000,2.4000,median,2.4000,2.4000,2.4000,2.4000,2.4000,2.4000,2.4000,1,7,gcp_dws,10000.0,1,1,1,3,1,7,Low,Shadow,2026-09-17,2026-09-23,v2.4.0,direct,,,,,,,,
CRI-T1-A100-SXM-ALL-FLEX-US,2026-09-23,T1,T1,A100,SXM,ALL,US,FlexStart,market_intelligence,7,2.4000,2.4000,2.4000,median,2.4000,2.4000,2.4000,2.4000,2.4000,2.4000,2.4000,1,7,gcp_dws,10000.0,1,1,1,3,1,7,Low,Shadow,2026-09-17,2026-09-23,v2.4.0,direct,,,,,,,,
CRI-T1-A100-SXM-GTD-CB-ALL,2026-09-23,T1,T1,A100,SXM,GTD,ALL,CapacityBlock,market_intelligence,7,2.2140,2.2140,2.2140,median,2.2140,2.2140,2.2140,2.2140,2.2140,2.2140,2.2140,1,7,aws_capacity_blocks,10000.0,1,1,1,3,1,7,Low,Shadow,2026-09-17,2026-09-23,v2.4.0,direct,,,,,,,,
CRI-T1-A100-SXM-GTD-CB-US,2026-09-23,T1,T1,A100,SXM,GTD,US,CapacityBlock,market_intelligence,7,2.2140,2.2140,2.2140,median,2.2140,2.2140,2.2140,2.2140,2.2140,2.2140,2.2140,1,7,aws_capacity_blocks,10000.0,1,1,1,3,1,7,Low,Shadow,2026-09-17,2026-09-23,v2.4.0,direct,,,,,,,,
CRI-T1-A100-SXM-GTD-FLEX-ALL,2026-09-23,T1,T1,A100,SXM,GTD,ALL,FlexStart,market_intelligence,7,2.4000,2.4000,2.4000,median,2.4000,2.4000,2.4000,2.4000,2.4000,2.4000,2.4000,1,7,gcp_dws,10000.0,1,1,1,3,1,7,Low,Shadow,2026-09-17,2026-09-23,v2.4.0,direct,,,,,,,,
CRI-T1-A100-SXM-GTD-FLEX-US,2026-09-23,T1,T1,A100,SXM,GTD,US,FlexStart,market_intelligence,7,2.4000,2.4000,2.4000,median,2.4000,2.4000,2.4000,2.4000,2.4000,2.4000,2.4000,1,7,gcp_dws,10000.0,1,1,1,3,1,7,Low,Shadow,2026-09-17,2026-09-23,v2.4.0,direct,,,,,,,,
CRI-T1-B200-ALL-ALL-1yr-ALL,2026-09-23,T1,T1,B200,ALL,ALL,ALL,1Y,market_intelligence,7,11.2548,11.1159,11.1159,median,11.1159,11.1159,11.1159,12.2275,11.2548,11.2548,11.2548,1,56,gcp,10000.0,1,8,1,24,1,56,Low,Shadow,2026-09-17,2026-09-23,v2.4.0,direct,,,,,,,,
CRI-T1-B200-ALL-ALL-1yr-APAC,2026-09-23,T1,T1,B200,ALL,ALL,APAC,1Y,market_intelligence,7,13.3391,13.3391,13.3391,median,13.3391,13.3391,13.3391,13.3391,13.3391,13.3391,13.3391,1,14,gcp,10000.0,1,2,1,6,1,14,Low,Shadow,2026-09-17,2026-09-23,v2.4.0,direct,,,,,,,,
CRI-T1-B200-ALL-ALL-1yr-EU,2026-09-23,T1,T1,B200,ALL,ALL,EU,1Y,market_intelligence,7,12.2275,12.2275,12.2275,median,12.2275,12.2275,12.2275,12.2275,12.2275,12.2275,12.2275,1,7,gcp,10000.0,1,1,1,3,1,7,Low,Shadow,2026-09-17,2026-09-23,v2.4.0,direct,,,,,,,,
CRI-T1-B200-ALL-ALL-1yr-US,2026-09-23,T1,T1,B200,ALL,ALL,US,1Y,market_intelligence,7,11.1159,11.1159,11.1159,median,11.1159,11.1159,11.1159,11.1159,11.1159,11.1159,11.1159,1,49,gcp,10000.0,1,7,1,21,1,49,Low,Shadow,2026-09-17,2026-09-23,v2.4.0,direct,,,,,,,,
CRI-T1-B200-ALL-ALL-3yr-EU,2026-09-23,T1,T1,B200,ALL,ALL,EU,3Y,market_intelligence,7,7.7972,7.7972,7.7972,median,7.7972,7.7972,7.7972,7.7972,7.7972,7.7972,7.7972,1,7,gcp,10000.0,1,1,1,3,1,7,Low,Shadow,2026-09-17,2026-09-23,v2.4.0,direct,,,,,,,,
CRI-T1-B200-ALL-ALL-CB-ALL,2026-09-23,T1,T1,B200,ALL,ALL,ALL,CapacityBlock,market_intelligence,7,12.3550,12.3550,12.3550,median,12.3550,12.3550,12.3550,12.3550,12.3550,12.3550,12.3550,1,7,aws_capacity_blocks,10000.0,1,1,1,3,1,7,Low,Shadow,2026-09-17,2026-09-23,v2.4.0,direct,,,,,,,,
CRI-T1-B200-ALL-ALL-CB-Other,2026-09-23,T1,T1,B200,ALL,ALL,Other,CapacityBlock,market_intelligence,7,12.3550,12.3550,12.3550,median,12.3550,12.3550,12.3550,12.3550,12.3550,12.3550,12.3550,1,7,aws_capacity_blocks,10000.0,1,1,1,3,1,7,Low,Shadow,2026-09-17,2026-09-23,v2.4.0,direct,,,,,,,,
CRI-T1-B200-ALL-ALL-CB-US,2026-09-23,T1,T1,B200,ALL,ALL,US,CapacityBlock,market_intelligence,7,12.3550,12.3550,12.3550,median,12.3550,12.3550,12.3550,12.3550,12.3550,12.3550,12.3550,1,7,aws_capacity_blocks,10000.0,1,1,1,3,1,7,Low,Shadow,2026-09-17,2026-09-23,v2.4.0,direct,,,,,,,,
CRI-T1-B200-ALL-ALL-FLEX-ALL,2026-09-23,T1,T1,B200,ALL,ALL,ALL,FlexStart,market_intelligence,7,8.0550,8.0550,8.0550,median,8.0550,8.0550,8.0550,8.0550,8.0550,8.0550,8.0550,1,7,gcp_dws,10000.0,1,1,1,3,1,7,Low,Shadow,2026-09-17,2026-09-23,v2.4.0,direct,,,,,,,,
CRI-T1-B200-ALL-ALL-FLEX-US,2026-09-23,T1,T1,B200,ALL,ALL,US,FlexStart,market_intelligence,7,8.0550,8.0550,8.0550,median,8.0550,8.0550,8.0550,8.0550,8.0550,8.0550,8.0550,1,7,gcp_dws,10000.0,1,1,1,3,1,7,Low,Shadow,2026-09-17,2026-09-23,v2.4.0,direct,,,,,,,,
CRI-T1-B200-ALL-GTD-1yr-ALL,2026-09-23,T1,T1,B200,ALL,GTD,ALL,1Y,market_intelligence,7,11.2548,11.1159,11.1159,median,11.1159,11.1159,11.1159,12.2275,11.2548,11.2548,11.2548,1,56,gcp,10000.0,1,8,1,24,1,56,Low,Shadow,2026-09-17,2026-09-23,v2.4.0,direct,,,,,,,,
CRI-T1-B200-ALL-GTD-1yr-APAC,2026-09-23,T1,T1,B200,ALL,GTD,APAC,1Y,market_intelligence,7,13.3391,13.3391,13.3391,median,13.3391,13.3391,13.3391,13.3391,13.3391,13.3391,13.3391,1,14,gcp,10000.0,1,2,1,6,1,14,Low,Shadow,2026-09-17,2026-09-23,v2.4.0,direct,,,,,,,,
CRI-T1-B200-ALL-GTD-1yr-EU,2026-09-23,T1,T1,B200,ALL,GTD,EU,1Y,market_intelligence,7,12.2275,12.2275,12.2275,median,12.2275,12.2275,12.2275,12.2275,12.2275,12.2275,12.2275,1,7,gcp,10000.0,1,1,1,3,1,7,Low,Shadow,2026-09-17,2026-09-23,v2.4.0,direct,,,,,,,,
CRI-T1-B200-ALL-GTD-1yr-US,2026-09-23,T1,T1,B200,ALL,GTD,US,1Y,market_intelligence,7,11.1159,11.1159,11.1159,median,11.1159,11.1159,11.1159,11.1159,11.1159,11.1159,11.1159,1,49,gcp,10000.0,1,7,1,21,1,49,Low,Shadow,2026-09-17,2026-09-23,v2.4.0,direct,,,,,,,,
CRI-T1-B200-ALL-GTD-3yr-EU,2026-09-23,T1,T1,B200,ALL,GTD,EU,3Y,market_intelligence,7,7.7972,7.7972,7.7972,median,7.7972,7.7972,7.7972,7.7972,7.7972,7.7972,7.7972,1,7,gcp,10000.0,1,1,1,3,1,7,Low,Shadow,2026-09-17,2026-09-23,v2.4.0,direct,,,,,,,,
CRI-T1-B200-ALL-GTD-CB-ALL,2026-09-23,T1,T1,B200,ALL,GTD,ALL,CapacityBlock,market_intelligence,7,12.3550,12.3550,12.3550,median,12.3550,12.3550,12.3550,12.3550,12.3550,12.3550,12.3550,1,7,aws_capacity_blocks,10000.0,1,1,1,3,1,7,Low,Shadow,2026-09-17,2026-09-23,v2.4.0,direct,,,,,,,,
CRI-T1-B200-ALL-GTD-CB-Other,2026-09-23,T1,T1,B200,ALL,GTD,Other,CapacityBlock,market_intelligence,7,12.3550,12.3550,12.3550,median,12.3550,12.3550,12.3550,12.3550,12.3550,12.3550,12.3550,1,7,aws_capacity_blocks,10000.0,1,1,1,3,1,7,Low,Shadow,2026-09-17,2026-09-23,v2.4.0,direct,,,,,,,,
CRI-T1-B200-ALL-GTD-CB-US,2026-09-23,T1,T1,B200,ALL,GTD,US,CapacityBlock,market_intelligence,7,12.3550,12.3550,12.3550,median,12.3550,12.3550,12.3550,12.3550,12.3550,12.3550,12.3550,1,7,aws_capacity_blocks,10000.0,1,1,1,3,1,7,Low,Shadow,2026-09-17,2026-09-23,v2.4.0,direct,,,,,,,,
CRI-T1-B200-ALL-GTD-FLEX-ALL,2026-09-23,T1,T1,B200,ALL,GTD,ALL,FlexStart,market_intelligence,7,8.0550,8.0550,8.0550,median,8.0550,8.0550,8.0550,8.0550,8.0550,8.0550,8.0550,1,7,gcp_dws,10000.0,1,1,1,3,1,7,Low,Shadow,2026-09-17,2026-09-23,v2.4.0,direct,,,,,,,,
CRI-T1-B200-ALL-GTD-FLEX-US,2026-09-23,T1,T1,B200,ALL,GTD,US,FlexStart,market_intelligence,7,8.0550,8.0550,8.0550,median,8.0550,8.0550,8.0550,8.0550,8.0550,8.0550,8.0550,1,7,gcp_dws,10000.0,1,1,1,3,1,7,Low,Shadow,2026-09-17,2026-09-23,v2.4.0,direct,,,,,,,,
CRI-T1-B200-ALL-INT-OD-ALL,2026-09-23,T1,T1,B200,ALL,INT,ALL,OnDemand,citable,7,4.7383,5.1119,5.1119,median,4.4936,5.2904,1.9128,5.4373,4.7589,4.7578,4.7383,2,120,aws|gcp,5000.0,2,18,2,52,2,120,Medium,Shadow,2026-09-17,2026-09-23,v2.4.0,direct,,,,,,,,
CRI-T1-B200-SXM-ALL-1yr-ALL,2026-09-23,T1,T1,B200,SXM,ALL,ALL,1Y,market_intelligence,7,11.2548,11.1159,11.1159,median,11.1159,11.1159,11.1159,12.2275,11.2548,11.2548,11.2548,1,56,gcp,10000.0,1,8,1,24,1,56,Low,Shadow,2026-09-17,2026-09-23,v2.4.0,direct,,,,,,,,
CRI-T1-B200-SXM-ALL-1yr-EU,2026-09-23,T1,T1,B200,SXM,ALL,EU,1Y,market_intelligence,7,12.2275,12.2275,12.2275,median,12.2275,12.2275,12.2275,12.2275,12.2275,12.2275,12.2275,1,7,gcp,10000.0,1,1,1,3,1,7,Low,Shadow,2026-09-17,2026-09-23,v2.4.0,direct,,,,,,,,
CRI-T1-B200-SXM-ALL-1yr-US,2026-09-23,T1,T1,B200,SXM,ALL,US,1Y,market_intelligence,7,11.1159,11.1159,11.1159,median,11.1159,11.1159,11.1159,11.1159,11.1159,11.1159,11.1159,1,49,gcp,10000.0,1,7,1,21,1,49,Low,Shadow,2026-09-17,2026-09-23,v2.4.0,direct,,,,,,,,
CRI-T1-B200-SXM-ALL-3yr-EU,2026-09-23,T1,T1,B200,SXM,ALL,EU,3Y,market_intelligence,7,7.7972,7.7972,7.7972,median,7.7972,7.7972,7.7972,7.7972,7.7972,7.7972,7.7972,1,7,gcp,10000.0,1,1,1,3,1,7,Low,Shadow,2026-09-17,2026-09-23,v2.4.0,direct,,,,,,,,
CRI-T1-B200-SXM-ALL-CB-ALL,2026-09-23,T1,T1,B200,SXM,ALL,ALL,CapacityBlock,market_intelligence,7,12.3550,12.3550,12.3550,median,12.3550,12.3550,12.3550,12.3550,12.3550,12.3550,12.3550,1,7,aws_capacity_blocks,10000.0,1,1,1,3,1,7,Low,Shadow,2026-09-17,2026-09-23,v2.4.0,direct,,,,,,,,
CRI-T1-B200-SXM-ALL-CB-US,2026-09-23,T1,T1,B200,SXM,ALL,US,CapacityBlock,market_intelligence,7,12.3550,12.3550,12.3550,median,12.3550,12.3550,12.3550,12.3550,12.3550,12.3550,12.3550,1,7,aws_capacity_blocks,10000.0,1,1,1,3,1,7,Low,Shadow,2026-09-17,2026-09-23,v2.4.0,direct,,,,,,,,
CRI-T1-B200-SXM-ALL-FLEX-ALL,2026-09-23,T1,T1,B200,SXM,ALL,ALL,FlexStart,market_intelligence,7,8.0550,8.0550,8.0550,median,8.0550,8.0550,8.0550,8.0550,8.0550,8.0550,8.0550,1,7,gcp_dws,10000.0,1,1,1,3,1,7,Low,Shadow,2026-09-17,2026-09-23,v2.4.0,direct,,,,,,,,
CRI-T1-B200-SXM-ALL-FLEX-US,2026-09-23,T1,T1,B200,SXM,ALL,US,FlexStart,market_intelligence,7,8.0550,8.0550,8.0550,median,8.0550,8.0550,8.0550,8.0550,8.0550,8.0550,8.0550,1,7,gcp_dws,10000.0,1,1,1,3,1,7,Low,Shadow,2026-09-17,2026-09-23,v2.4.0,direct,,,,,,,,
CRI-T1-B200-SXM-GTD-1yr-ALL,2026-09-23,T1,T1,B200,SXM,GTD,ALL,1Y,market_intelligence,7,11.2548,11.1159,11.1159,median,11.1159,11.1159,11.1159,12.2275,11.2548,11.2548,11.2548,1,56,gcp,10000.0,1,8,1,24,1,56,Low,Shadow,2026-09-17,2026-09-23,v2.4.0,direct,,,,,,,,
CRI-T1-B200-SXM-GTD-1yr-EU,2026-09-23,T1,T1,B200,SXM,GTD,EU,1Y,market_intelligence,7,12.2275,12.2275,12.2275,median,12.2275,12.2275,12.2275,12.2275,12.2275,12.2275,12.2275,1,7,gcp,10000.0,1,1,1,3,1,7,Low,Shadow,2026-09-17,2026-09-23,v2.4.0,direct,,,,,,,,
CRI-T1-B200-SXM-GTD-1yr-US,2026-09-23,T1,T1,B200,SXM,GTD,US,1Y,market_intelligence,7,11.1159,11.1159,11.1159,median,11.1159,11.1159,11.1159,11.1159,11.1159,11.1159,11.1159,1,49,gcp,10000.0,1,7,1,21,1,49,Low,Shadow,2026-09-17,2026-09-23,v2.4.0,direct,,,,,,,,
CRI-T1-B200-SXM-GTD-3yr-EU,2026-09-23,T1,T1,B200,SXM,GTD,EU,3Y,market_intelligence,7,7.7972,7.7972,7.7972,median,7.7972,7.7972,7.7972,7.7972,7.7972,7.7972,7.7972,1,7,gcp,10000.0,1,1,1,3,1,7,Low,Shadow,2026-09-17,2026-09-23,v2.4.0,direct,,,,,,,,
CRI-T1-B200-SXM-GTD-CB-ALL,2026-09-23,T1,T1,B200,SXM,GTD,ALL,CapacityBlock,market_intelligence,7,12.3550,12.3550,12.3550,median,12.3550,12.3550,12.3550,12.3550,12.3550,12.3550,12.3550,1,7,aws_capacity_blocks,10000.0,1,1,1,3,1,7,Low,Shadow,2026-09-17,2026-09-23,v2.4.0,direct,,,,,,,,
CRI-T1-B200-SXM-GTD-CB-US,2026-09-23,T1,T1,B200,SXM,GTD,US,CapacityBlock,market_intelligence,7,12.3550,12.3550,12.3550,median,12.3550,12.3550,12.3550,12.3550,12.3550,12.3550,12.3550,1,7,aws_capacity_blocks,10000.0,1,1,1,3,1,7,Low,Shadow,2026-09-17,2026-09-23,v2.4.0,direct,,,,,,,,
CRI-T1-B200-SXM-GTD-FLEX-ALL,2026-09-23,T1,T1,B200,SXM,GTD,ALL,FlexStart,market_intelligence,7,8.0550,8.0550,8.0550,median,8.0550,8.0550,8.0550,8.0550,8.0550,8.0550,8.0550,1,7,gcp_dws,10000.0,1,1,1,3,1,7,Low,Shadow,2026-09-17,2026-09-23,v2.4.0,direct,,,,,,,,
CRI-T1-B200-SXM-GTD-FLEX-US,2026-09-23,T1,T1,B200,SXM,GTD,US,FlexStart,market_intelligence,7,8.0550,8.0550,8.0550,median,8.0550,8.0550,8.0550,8.0550,8.0550,8.0550,8.0550,1,7,gcp_dws,10000.0,1,1,1,3,1,7,Low,Shadow,2026-09-17,2026-09-23,v2.4.0,direct,,,,,,,,
CRI-T1-B200-SXM-INT-OD-ALL,2026-09-23,T1,T1,B200,SXM,INT,ALL,OnDemand,citable,7,4.7383,5.1119,5.1119,median,4.4936,5.2904,1.9128,5.4373,4.7589,4.7578,4.7383,2,120,aws|gcp,5000.0,2,18,2,52,2,120,Medium,Shadow,2026-09-17,2026-09-23,v2.4.0,direct,,,,,,,,
CRI-T1-B300-ALL-ALL-3yr-ALL,2026-09-23,T1,T1,B300,ALL,ALL,ALL,3Y,market_intelligence,7,7.6905,7.6905,7.6905,median,7.6905,7.6905,7.6905,7.6905,7.6905,7.6905,7.6905,1,14,aws,10000.0,1,2,1,6,1,14,Low,Shadow,2026-09-17,2026-09-23,v2.4.0,direct,,,,,,,,
CRI-T1-B300-ALL-ALL-3yr-APAC,2026-09-23,T1,T1,B300,ALL,ALL,APAC,3Y,market_intelligence,7,11.5364,11.2954,11.2954,median,10.8436,12.4702,10.8436,12.4702,11.5364,11.5364,11.5364,1,21,aws,10000.0,1,3,1,9,1,21,Low,Shadow,2026-09-17,2026-09-23,v2.4.0,direct,,,,,,,,
CRI-T1-B300-ALL-ALL-3yr-Other,2026-09-23,T1,T1,B300,ALL,ALL,Other,3Y,market_intelligence,7,15.1810,15.1810,15.1810,median,15.1810,15.1810,15.1810,15.1810,15.1810,15.1810,15.1810,1,7,aws,10000.0,1,1,1,3,1,7,Low,Shadow,2026-09-17,2026-09-23,v2.4.0,direct,,,,,,,,
CRI-T1-B300-ALL-ALL-3yr-US,2026-09-23,T1,T1,B300,ALL,ALL,US,3Y,market_intelligence,7,7.6905,7.6905,7.6905,median,7.6905,7.6905,7.6905,7.6905,7.6905,7.6905,7.6905,1,14,aws,10000.0,1,2,1,6,1,14,Low,Shadow,2026-09-17,2026-09-23,v2.4.0,direct,,,,,,,,
CRI-T1-B300-ALL-ALL-CB-ALL,2026-09-23,T1,T1,B300,ALL,ALL,ALL,CapacityBlock,market_intelligence,7,14.0400,14.0400,14.0400,median,14.0400,14.0400,14.0400,14.0400,14.0400,14.0400,14.0400,1,7,aws_capacity_blocks,10000.0,1,1,1,3,1,7,Low,Shadow,2026-09-17,2026-09-23,v2.4.0,direct,,,,,,,,
CRI-T1-B300-ALL-ALL-CB-Other,2026-09-23,T1,T1,B300,ALL,ALL,Other,CapacityBlock,market_intelligence,7,14.0400,14.0400,14.0400,median,14.0400,14.0400,14.0400,14.0400,14.0400,14.0400,14.0400,1,7,aws_capacity_blocks,10000.0,1,1,1,3,1,7,Low,Shadow,2026-09-17,2026-09-23,v2.4.0,direct,,,,,,,,
CRI-T1-B300-ALL-ALL-CB-US,2026-09-23,T1,T1,B300,ALL,ALL,US,CapacityBlock,market_intelligence,7,14.0400,14.0400,14.0400,median,14.0400,14.0400,14.0400,14.0400,14.0400,14.0400,14.0400,1,7,aws_capacity_blocks,10000.0,1,1,1,3,1,7,Low,Shadow,2026-09-17,2026-09-23,v2.4.0,direct,,,,,,,,
CRI-T1-B300-ALL-ALL-OD-ALL,2026-09-23,T1,T1,B300,ALL,ALL,ALL,OnDemand,citable,7,10.7055,10.5503,10.5503,median,5.6004,17.8020,5.5833,17.8020,10.7124,10.7092,10.7055,2,49,aws|oci,5000.0,2,7,2,21,2,49,Medium,Shadow,2026-09-17,2026-09-23,v2.4.0,direct,,,,,,,,
CRI-T1-B300-ALL-ALL-OD-APAC,2026-09-23,T1,T1,B300,ALL,ALL,APAC,OnDemand,citable,7,12.3614,3.7152,3.7152,median,2.9354,25.3623,2.6982,28.8663,12.2172,12.2657,12.3614,1,56,aws,10000.0,1,8,1,24,1,56,Low,Shadow,2026-09-17,2026-09-23,v2.4.0,direct,,,,,,,,
CRI-T1-B300-ALL-ALL-OD-Other,2026-09-23,T1,T1,B300,ALL,ALL,Other,OnDemand,citable,7,6.2222,6.1882,6.1882,median,5.6576,6.8285,4.8654,7.5619,5.4307,5.6653,6.2222,1,14,aws,10000.0,1,2,1,6,1,14,Low,Shadow,2026-09-17,2026-09-23,v2.4.0,direct,,,,,,,,
CRI-T1-B300-ALL-GTD-3yr-ALL,2026-09-23,T1,T1,B300,ALL,GTD,ALL,3Y,market_intelligence,7,7.6905,7.6905,7.6905,median,7.6905,7.6905,7.6905,7.6905,7.6905,7.6905,7.6905,1,14,aws,10000.0,1,2,1,6,1,14,Low,Shadow,2026-09-17,2026-09-23,v2.4.0,direct,,,,,,,,
CRI-T1-B300-ALL-GTD-3yr-APAC,2026-09-23,T1,T1,B300,ALL,GTD,APAC,3Y,market_intelligence,7,11.5364,11.2954,11.2954,median,10.8436,12.4702,10.8436,12.4702,11.5364,11.5364,11.5364,1,21,aws,10000.0,1,3,1,9,1,21,Low,Shadow,2026-09-17,2026-09-23,v2.4.0,direct,,,,,,,,
CRI-T1-B300-ALL-GTD-3yr-Other,2026-09-23,T1,T1,B300,ALL,GTD,Other,3Y,market_intelligence,7,15.1810,15.1810,15.1810,median,15.1810,15.1810,15.1810,15.1810,15.1810,15.1810,15.1810,1,7,aws,10000.0,1,1,1,3,1,7,Low,Shadow,2026-09-17,2026-09-23,v2.4.0,direct,,,,,,,,
CRI-T1-B300-ALL-GTD-3yr-US,2026-09-23,T1,T1,B300,ALL,GTD,US,3Y,market_intelligence,7,7.6905,7.6905,7.6905,median,7.6905,7.6905,7.6905,7.6905,7.6905,7.6905,7.6905,1,14,aws,10000.0,1,2,1,6,1,14,Low,Shadow,2026-09-17,2026-09-23,v2.4.0,direct,,,,,,,,
CRI-T1-B300-ALL-GTD-CB-ALL,2026-09-23,T1,T1,B300,ALL,GTD,ALL,CapacityBlock,market_intelligence,7,14.0400,14.0400,14.0400,median,14.0400,14.0400,14.0400,14.0400,14.0400,14.0400,14.0400,1,7,aws_capacity_blocks,10000.0,1,1,1,3,1,7,Low,Shadow,2026-09-17,2026-09-23,v2.4.0,direct,,,,,,,,
CRI-T1-B300-ALL-GTD-CB-Other,2026-09-23,T1,T1,B300,ALL,GTD,Other,CapacityBlock,market_intelligence,7,14.0400,14.0400,14.0400,median,14.0400,14.0400,14.0400,14.0400,14.0400,14.0400,14.0400,1,7,aws_capacity_blocks,10000.0,1,1,1,3,1,7,Low,Shadow,2026-09-17,2026-09-23,v2.4.0,direct,,,,,,,,
CRI-T1-B300-ALL-GTD-CB-US,2026-09-23,T1,T1,B300,ALL,GTD,US,CapacityBlock,market_intelligence,7,14.0400,14.0400,14.0400,median,14.0400,14.0400,14.0400,14.0400,14.0400,14.0400,14.0400,1,7,aws_capacity_blocks,10000.0,1,1,1,3,1,7,Low,Shadow,2026-09-17,2026-09-23,v2.4.0,direct,,,,,,,,
CRI-T1-B300-ALL-GTD-OD-ALL,2026-09-23,T1,T1,B300,ALL,GTD,ALL,OnDemand,citable,7,16.8680,16.4010,16.4010,median,15.0000,17.8020,15.0000,17.8020,16.8680,16.8680,16.8680,2,21,aws|oci,5000.0,2,3,2,9,2,21,Medium,Shadow,2026-09-17,2026-09-23,v2.4.0,direct,,,,,,,,
CRI-T1-B300-ALL-GTD-OD-APAC,2026-09-23,T1,T1,B300,ALL,GTD,APAC,OnDemand,citable,7,26.7046,26.1467,26.1467,median,25.1008,28.8663,25.1008,28.8663,26.7046,26.7046,26.7046,1,21,aws,10000.0,1,3,1,9,1,21,Low,Shadow,2026-09-17,2026-09-23,v2.4.0,direct,,,,,,,,
CRI-T1-B300-ALL-INT-OD-ALL,2026-09-23,T1,T1,B300,ALL,INT,ALL,OnDemand,citable,7,6.0836,6.0860,6.0860,median,5.5858,6.5816,5.5833,6.6192,6.0956,6.0900,6.0836,1,28,aws,10000.0,1,4,1,12,1,28,Low,Shadow,2026-09-17,2026-09-23,v2.4.0,direct,,,,,,,,
CRI-T1-B300-ALL-INT-OD-APAC,2026-09-23,T1,T1,B300,ALL,INT,APAC,OnDemand,citable,7,3.7555,3.3684,3.3684,median,2.8866,3.9080,2.6982,6.3779,3.5248,3.6024,3.7555,1,35,aws,10000.0,1,5,1,15,1,35,Low,Shadow,2026-09-17,2026-09-23,v2.4.0,direct,,,,,,,,
CRI-T1-B300-ALL-INT-OD-Other,2026-09-23,T1,T1,B300,ALL,INT,Other,OnDemand,citable,7,6.2222,6.1882,6.1882,median,5.6576,6.8285,4.8654,7.5619,5.4307,5.6653,6.2222,1,14,aws,10000.0,1,2,1,6,1,14,Low,Shadow,2026-09-17,2026-09-23,v2.4.0,direct,,,,,,,,
CRI-T1-B300-ALL-INT-OD-US,2026-09-23,T1,T1,B300,ALL,INT,US,OnDemand,citable,7,6.0836,6.0860,6.0860,median,5.5858,6.5816,5.5833,6.6192,6.0956,6.0900,6.0836,1,28,aws,10000.0,1,4,1,12,1,28,Low,Shadow,2026-09-17,2026-09-23,v2.4.0,direct,,,,,,,,
CRI-T1-B300-SXM-ALL-3yr-ALL,2026-09-23,T1,T1,B300,SXM,ALL,ALL,3Y,market_intelligence,7,7.6905,7.6905,7.6905,median,7.6905,7.6905,7.6905,7.6905,7.6905,7.6905,7.6905,1,14,aws,10000.0,1,2,1,6,1,14,Low,Shadow,2026-09-17,2026-09-23,v2.4.0,direct,,,,,,,,
CRI-T1-B300-SXM-ALL-3yr-US,2026-09-23,T1,T1,B300,SXM,ALL,US,3Y,market_intelligence,7,7.6905,7.6905,7.6905,median,7.6905,7.6905,7.6905,7.6905,7.6905,7.6905,7.6905,1,14,aws,10000.0,1,2,1,6,1,14,Low,Shadow,2026-09-17,2026-09-23,v2.4.0,direct,,,,,,,,
CRI-T1-B300-SXM-ALL-CB-ALL,2026-09-23,T1,T1,B300,SXM,ALL,ALL,CapacityBlock,market_intelligence,7,14.0400,14.0400,14.0400,median,14.0400,14.0400,14.0400,14.0400,14.0400,14.0400,14.0400,1,7,aws_capacity_blocks,10000.0,1,1,1,3,1,7,Low,Shadow,2026-09-17,2026-09-23,v2.4.0,direct,,,,,,,,
CRI-T1-B300-SXM-ALL-CB-US,2026-09-23,T1,T1,B300,SXM,ALL,US,CapacityBlock,market_intelligence,7,14.0400,14.0400,14.0400,median,14.0400,14.0400,14.0400,14.0400,14.0400,14.0400,14.0400,1,7,aws_capacity_blocks,10000.0,1,1,1,3,1,7,Low,Shadow,2026-09-17,2026-09-23,v2.4.0,direct,,,,,,,,
CRI-T1-B300-SXM-ALL-OD-ALL,2026-09-23,T1,T1,B300,SXM,ALL,ALL,OnDemand,citable,7,10.7055,10.5503,10.5503,median,5.6004,17.8020,5.5833,17.8020,10.7124,10.7092,10.7055,2,49,aws|oci,5000.0,2,7,2,21,2,49,Medium,Shadow,2026-09-17,2026-09-23,v2.4.0,direct,,,,,,,,
CRI-T1-B300-SXM-GTD-3yr-ALL,2026-09-23,T1,T1,B300,SXM,GTD,ALL,3Y,market_intelligence,7,7.6905,7.6905,7.6905,median,7.6905,7.6905,7.6905,7.6905,7.6905,7.6905,7.6905,1,14,aws,10000.0,1,2,1,6,1,14,Low,Shadow,2026-09-17,2026-09-23,v2.4.0,direct,,,,,,,,
CRI-T1-B300-SXM-GTD-3yr-US,2026-09-23,T1,T1,B300,SXM,GTD,US,3Y,market_intelligence,7,7.6905,7.6905,7.6905,median,7.6905,7.6905,7.6905,7.6905,7.6905,7.6905,7.6905,1,14,aws,10000.0,1,2,1,6,1,14,Low,Shadow,2026-09-17,2026-09-23,v2.4.0,direct,,,,,,,,
CRI-T1-B300-SXM-GTD-CB-ALL,2026-09-23,T1,T1,B300,SXM,GTD,ALL,CapacityBlock,market_intelligence,7,14.0400,14.0400,14.0400,median,14.0400,14.0400,14.0400,14.0400,14.0400,14.0400,14.0400,1,7,aws_capacity_blocks,10000.0,1,1,1,3,1,7,Low,Shadow,2026-09-17,2026-09-23,v2.4.0,direct,,,,,,,,
CRI-T1-B300-SXM-GTD-CB-US,2026-09-23,T1,T1,B300,SXM,GTD,US,CapacityBlock,market_intelligence,7,14.0400,14.0400,14.0400,median,14.0400,14.0400,14.0400,14.0400,14.0400,14.0400,14.0400,1,7,aws_capacity_blocks,10000.0,1,1,1,3,1,7,Low,Shadow,2026-09-17,2026-09-23,v2.4.0,direct,,,,,,,,
CRI-T1-B300-SXM-GTD-OD-ALL,2026-09-23,T1,T1,B300,SXM,GTD,ALL,OnDemand,citable,7,16.8680,16.4010,16.4010,median,15.0000,17.8020,15.0000,17.8020,16.8680,16.8680,16.8680,2,21,aws|oci,5000.0,2,3,2,9,2,21,Medium,Shadow,2026-09-17,2026-09-23,v2.4.0,direct,,,,,,,,
CRI-T1-B300-SXM-INT-OD-ALL,2026-09-23,T1,T1,B300,SXM,INT,ALL,OnDemand,citable,7,6.0836,6.0860,6.0860,median,5.5858,6.5816,5.5833,6.6192,6.0956,6.0900,6.0836,1,28,aws,10000.0,1,4,1,12,1,28,Low,Shadow,2026-09-17,2026-09-23,v2.4.0,direct,,,,,,,,
CRI-T1-B300-SXM-INT-OD-US,2026-09-23,T1,T1,B300,SXM,INT,US,OnDemand,citable,7,6.0836,6.0860,6.0860,median,5.5858,6.5816,5.5833,6.6192,6.0956,6.0900,6.0836,1,28,aws,10000.0,1,4,1,12,1,28,Low,Shadow,2026-09-17,2026-09-23,v2.4.0,direct,,,,,,,,
CRI-T1-GB200-ALL-ALL-1yr-ALL,2026-09-23,T1,T1,GB200,ALL,ALL,ALL,1Y,market_intelligence,7,10.0198,10.5135,10.5135,median,8.6528,11.2480,8.6528,11.2480,10.0198,10.0198,10.0198,1,70,azure,10000.0,1,10,1,30,1,70,Low,Shadow,2026-09-17,2026-09-23,v2.4.0,direct,,,,,,,,
CRI-T1-GB200-ALL-ALL-1yr-APAC,2026-09-23,T1,T1,GB200,ALL,ALL,APAC,1Y,market_intelligence,7,11.5805,11.8976,11.8976,median,10.1232,12.5472,9.9520,13.0656,11.5805,11.5805,11.5805,1,42,azure,10000.0,1,6,1,18,1,42,Low,Shadow,2026-09-17,2026-09-23,v2.4.0,direct,,,,,,,,
CRI-T1-GB200-ALL-ALL-1yr-EU,2026-09-23,T1,T1,GB200,ALL,ALL,EU,1Y,market_intelligence,7,11.1400,11.2480,11.2480,median,11.1400,11.2480,10.8160,11.2480,11.1400,11.1400,11.1400,1,28,azure,10000.0,1,4,1,12,1,28,Low,Shadow,2026-09-17,2026-09-23,v2.4.0,direct,,,,,,,,
CRI-T1-GB200-ALL-ALL-1yr-Other,2026-09-23,T1,T1,GB200,ALL,ALL,Other,1Y,market_intelligence,7,14.5941,16.0928,16.0928,median,10.3840,17.3056,10.3840,17.3056,14.5941,14.5941,14.5941,1,21,azure,10000.0,1,3,1,9,1,21,Low,Shadow,2026-09-17,2026-09-23,v2.4.0,direct,,,,,,,,
CRI-T1-GB200-ALL-ALL-1yr-US,2026-09-23,T1,T1,GB200,ALL,ALL,US,1Y,market_intelligence,7,9.2730,8.6528,8.6528,median,8.6528,10.3840,8.6528,10.6430,9.2730,9.2730,9.2730,1,42,azure,10000.0,1,6,1,18,1,42,Low,Shadow,2026-09-17,2026-09-23,v2.4.0,direct,,,,,,,,
CRI-T1-GB200-ALL-ALL-3yr-ALL,2026-09-23,T1,T1,GB200,ALL,ALL,ALL,3Y,market_intelligence,7,6.8886,7.2280,7.2280,median,5.9488,7.7330,5.9488,7.7330,6.8886,6.8886,6.8886,1,70,azure,10000.0,1,10,1,30,1,70,Low,Shadow,2026-09-17,2026-09-23,v2.4.0,direct,,,,,,,,
CRI-T1-GB200-ALL-ALL-3yr-APAC,2026-09-23,T1,T1,GB200,ALL,ALL,APAC,3Y,market_intelligence,7,7.9616,8.1796,8.1796,median,6.9597,8.6262,6.8420,8.9826,7.9616,7.9616,7.9616,1,42,azure,10000.0,1,6,1,18,1,42,Low,Shadow,2026-09-17,2026-09-23,v2.4.0,direct,,,,,,,,
CRI-T1-GB200-ALL-ALL-3yr-EU,2026-09-23,T1,T1,GB200,ALL,ALL,EU,3Y,market_intelligence,7,7.6587,7.7330,7.7330,median,7.6587,7.7330,7.4360,7.7330,7.6587,7.6587,7.6587,1,28,azure,10000.0,1,4,1,12,1,28,Low,Shadow,2026-09-17,2026-09-23,v2.4.0,direct,,,,,,,,
CRI-T1-GB200-ALL-ALL-3yr-Other,2026-09-23,T1,T1,GB200,ALL,ALL,Other,3Y,market_intelligence,7,10.0335,11.0638,11.0638,median,7.1390,11.8976,7.1390,11.8976,10.0335,10.0335,10.0335,1,21,azure,10000.0,1,3,1,9,1,21,Low,Shadow,2026-09-17,2026-09-23,v2.4.0,direct,,,,,,,,
CRI-T1-GB200-ALL-ALL-3yr-US,2026-09-23,T1,T1,GB200,ALL,ALL,US,3Y,market_intelligence,7,6.3752,5.9488,5.9488,median,5.9488,7.1390,5.9488,7.3170,6.3752,6.3752,6.3752,1,42,azure,10000.0,1,6,1,18,1,42,Low,Shadow,2026-09-17,2026-09-23,v2.4.0,direct,,,,,,,,
CRI-T1-GB200-ALL-ALL-CB-ALL,2026-09-23,T1,T1,GB200,ALL,ALL,ALL,CapacityBlock,market_intelligence,7,10.5820,10.5820,10.5820,median,10.5820,10.5820,10.5820,10.5820,10.5820,10.5820,10.5820,1,7,aws_capacity_blocks,10000.0,1,1,1,3,1,7,Low,Shadow,2026-09-17,2026-09-23,v2.4.0,direct,,,,,,,,
CRI-T1-GB200-ALL-ALL-CB-US,2026-09-23,T1,T1,GB200,ALL,ALL,US,CapacityBlock,market_intelligence,7,10.5820,10.5820,10.5820,median,10.5820,10.5820,10.5820,10.5820,10.5820,10.5820,10.5820,1,7,aws_capacity_blocks,10000.0,1,1,1,3,1,7,Low,Shadow,2026-09-17,2026-09-23,v2.4.0,direct,,,,,,,,
CRI-T1-GB200-ALL-ALL-OD-ALL,2026-09-23,T1,T1,GB200,ALL,ALL,ALL,OnDemand,citable,7,15.6723,16.2137,16.2137,median,13.5200,17.5750,13.5200,17.5750,15.6723,15.6723,15.6723,2,147,azure|oci,5000.0,2,21,2,63,2,147,Medium,Shadow,2026-09-17,2026-09-23,v2.4.0,direct,,,,,,,,
CRI-T1-GB200-ALL-ALL-OD-APAC,2026-09-23,T1,T1,GB200,ALL,ALL,APAC,OnDemand,citable,7,18.0946,18.5900,18.5900,median,15.8175,19.6050,15.5500,20.4150,18.0946,18.0946,18.0946,1,84,azure,10000.0,1,12,1,36,1,84,Low,Shadow,2026-09-17,2026-09-23,v2.4.0,direct,,,,,,,,
CRI-T1-GB200-ALL-ALL-OD-EU,2026-09-23,T1,T1,GB200,ALL,ALL,EU,OnDemand,citable,7,17.4062,17.5750,17.5750,median,17.4062,17.5750,16.9000,17.5750,17.4062,17.4062,17.4062,1,56,azure,10000.0,1,8,1,24,1,56,Low,Shadow,2026-09-17,2026-09-23,v2.4.0,direct,,,,,,,,
CRI-T1-GB200-ALL-ALL-OD-Other,2026-09-23,T1,T1,GB200,ALL,ALL,Other,OnDemand,citable,7,22.8033,25.1450,25.1450,median,16.2250,27.0400,16.2250,27.0400,22.8033,22.8033,22.8033,1,42,azure,10000.0,1,6,1,18,1,42,Low,Shadow,2026-09-17,2026-09-23,v2.4.0,direct,,,,,,,,
CRI-T1-GB200-ALL-GTD-1yr-ALL,2026-09-23,T1,T1,GB200,ALL,GTD,ALL,1Y,market_intelligence,7,10.0198,10.5135,10.5135,median,8.6528,11.2480,8.6528,11.2480,10.0198,10.0198,10.0198,1,70,azure,10000.0,1,10,1,30,1,70,Low,Shadow,2026-09-17,2026-09-23,v2.4.0,direct,,,,,,,,
CRI-T1-GB200-ALL-GTD-1yr-APAC,2026-09-23,T1,T1,GB200,ALL,GTD,APAC,1Y,market_intelligence,7,11.5805,11.8976,11.8976,median,10.1232,12.5472,9.9520,13.0656,11.5805,11.5805,11.5805,1,42,azure,10000.0,1,6,1,18,1,42,Low,Shadow,2026-09-17,2026-09-23,v2.4.0,direct,,,,,,,,
CRI-T1-GB200-ALL-GTD-1yr-EU,2026-09-23,T1,T1,GB200,ALL,GTD,EU,1Y,market_intelligence,7,11.1400,11.2480,11.2480,median,11.1400,11.2480,10.8160,11.2480,11.1400,11.1400,11.1400,1,28,azure,10000.0,1,4,1,12,1,28,Low,Shadow,2026-09-17,2026-09-23,v2.4.0,direct,,,,,,,,
CRI-T1-GB200-ALL-GTD-1yr-Other,2026-09-23,T1,T1,GB200,ALL,GTD,Other,1Y,market_intelligence,7,14.5941,16.0928,16.0928,median,10.3840,17.3056,10.3840,17.3056,14.5941,14.5941,14.5941,1,21,azure,10000.0,1,3,1,9,1,21,Low,Shadow,2026-09-17,2026-09-23,v2.4.0,direct,,,,,,,,
CRI-T1-GB200-ALL-GTD-1yr-US,2026-09-23,T1,T1,GB200,ALL,GTD,US,1Y,market_intelligence,7,9.2730,8.6528,8.6528,median,8.6528,10.3840,8.6528,10.6430,9.2730,9.2730,9.2730,1,42,azure,10000.0,1,6,1,18,1,42,Low,Shadow,2026-09-17,2026-09-23,v2.4.0,direct,,,,,,,,
CRI-T1-GB200-ALL-GTD-3yr-ALL,2026-09-23,T1,T1,GB200,ALL,GTD,ALL,3Y,market_intelligence,7,6.8886,7.2280,7.2280,median,5.9488,7.7330,5.9488,7.7330,6.8886,6.8886,6.8886,1,70,azure,10000.0,1,10,1,30,1,70,Low,Shadow,2026-09-17,2026-09-23,v2.4.0,direct,,,,,,,,
CRI-T1-GB200-ALL-GTD-3yr-APAC,2026-09-23,T1,T1,GB200,ALL,GTD,APAC,3Y,market_intelligence,7,7.9616,8.1796,8.1796,median,6.9597,8.6262,6.8420,8.9826,7.9616,7.9616,7.9616,1,42,azure,10000.0,1,6,1,18,1,42,Low,Shadow,2026-09-17,2026-09-23,v2.4.0,direct,,,,,,,,
CRI-T1-GB200-ALL-GTD-3yr-EU,2026-09-23,T1,T1,GB200,ALL,GTD,EU,3Y,market_intelligence,7,7.6587,7.7330,7.7330,median,7.6587,7.7330,7.4360,7.7330,7.6587,7.6587,7.6587,1,28,azure,10000.0,1,4,1,12,1,28,Low,Shadow,2026-09-17,2026-09-23,v2.4.0,direct,,,,,,,,
CRI-T1-GB200-ALL-GTD-3yr-Other,2026-09-23,T1,T1,GB200,ALL,GTD,Other,3Y,market_intelligence,7,10.0335,11.0638,11.0638,median,7.1390,11.8976,7.1390,11.8976,10.0335,10.0335,10.0335,1,21,azure,10000.0,1,3,1,9,1,21,Low,Shadow,2026-09-17,2026-09-23,v2.4.0,direct,,,,,,,,
CRI-T1-GB200-ALL-GTD-3yr-US,2026-09-23,T1,T1,GB200,ALL,GTD,US,3Y,market_intelligence,7,6.3752,5.9488,5.9488,median,5.9488,7.1390,5.9488,7.3170,6.3752,6.3752,6.3752,1,42,azure,10000.0,1,6,1,18,1,42,Low,Shadow,2026-09-17,2026-09-23,v2.4.0,direct,,,,,,,,
CRI-T1-GB200-ALL-GTD-CB-ALL,2026-09-23,T1,T1,GB200,ALL,GTD,ALL,CapacityBlock,market_intelligence,7,10.5820,10.5820,10.5820,median,10.5820,10.5820,10.5820,10.5820,10.5820,10.5820,10.5820,1,7,aws_capacity_blocks,10000.0,1,1,1,3,1,7,Low,Shadow,2026-09-17,2026-09-23,v2.4.0,direct,,,,,,,,
CRI-T1-GB200-ALL-GTD-CB-US,2026-09-23,T1,T1,GB200,ALL,GTD,US,CapacityBlock,market_intelligence,7,10.5820,10.5820,10.5820,median,10.5820,10.5820,10.5820,10.5820,10.5820,10.5820,10.5820,1,7,aws_capacity_blocks,10000.0,1,1,1,3,1,7,Low,Shadow,2026-09-17,2026-09-23,v2.4.0,direct,,,,,,,,
CRI-T1-GB200-ALL-GTD-OD-ALL,2026-09-23,T1,T1,GB200,ALL,GTD,ALL,OnDemand,citable,7,15.6872,16.2137,16.2137,median,13.5200,17.5750,13.5200,17.5750,15.6872,15.6872,15.6872,2,77,azure|oci,5000.0,2,11,2,33,2,77,Medium,Shadow,2026-09-17,2026-09-23,v2.4.0,direct,,,,,,,,
CRI-T1-GB200-ALL-GTD-OD-APAC,2026-09-23,T1,T1,GB200,ALL,GTD,APAC,OnDemand,citable,7,18.0946,18.5900,18.5900,median,15.8175,19.6050,15.5500,20.4150,18.0946,18.0946,18.0946,1,42,azure,10000.0,1,6,1,18,1,42,Low,Shadow,2026-09-17,2026-09-23,v2.4.0,direct,,,,,,,,
CRI-T1-GB200-ALL-GTD-OD-EU,2026-09-23,T1,T1,GB200,ALL,GTD,EU,OnDemand,citable,7,17.4062,17.5750,17.5750,median,17.4062,17.5750,16.9000,17.5750,17.4062,17.4062,17.4062,1,28,azure,10000.0,1,4,1,12,1,28,Low,Shadow,2026-09-17,2026-09-23,v2.4.0,direct,,,,,,,,
CRI-T1-GB200-ALL-GTD-OD-Other,2026-09-23,T1,T1,GB200,ALL,GTD,Other,OnDemand,citable,7,22.8033,25.1450,25.1450,median,16.2250,27.0400,16.2250,27.0400,22.8033,22.8033,22.8033,1,21,azure,10000.0,1,3,1,9,1,21,Low,Shadow,2026-09-17,2026-09-23,v2.4.0,direct,,,,,,,,
CRI-T1-GB200-ALL-INT-OD-ALL,2026-09-23,T1,T1,GB200,ALL,INT,ALL,OnDemand,citable,7,15.6560,16.4273,16.4273,median,13.5200,17.5750,13.5200,17.5750,15.6560,15.6560,15.6560,1,70,azure,10000.0,1,10,1,30,1,70,Low,Shadow,2026-09-17,2026-09-23,v2.4.0,direct,,,,,,,,
CRI-T1-GB200-ALL-INT-OD-APAC,2026-09-23,T1,T1,GB200,ALL,INT,APAC,OnDemand,citable,7,18.0946,18.5900,18.5900,median,15.8175,19.6050,15.5500,20.4150,18.0946,18.0946,18.0946,1,42,azure,10000.0,1,6,1,18,1,42,Low,Shadow,2026-09-17,2026-09-23,v2.4.0,direct,,,,,,,,
CRI-T1-GB200-ALL-INT-OD-EU,2026-09-23,T1,T1,GB200,ALL,INT,EU,OnDemand,citable,7,17.4062,17.5750,17.5750,median,17.4062,17.5750,16.9000,17.5750,17.4062,17.4062,17.4062,1,28,azure,10000.0,1,4,1,12,1,28,Low,Shadow,2026-09-17,2026-09-23,v2.4.0,direct,,,,,,,,
CRI-T1-GB200-ALL-INT-OD-Other,2026-09-23,T1,T1,GB200,ALL,INT,Other,OnDemand,citable,7,22.8033,25.1450,25.1450,median,16.2250,27.0400,16.2250,27.0400,22.8033,22.8033,22.8033,1,21,azure,10000.0,1,3,1,9,1,21,Low,Shadow,2026-09-17,2026-09-23,v2.4.0,direct,,,,,,,,
CRI-T1-GB200-ALL-INT-OD-US,2026-09-23,T1,T1,GB200,ALL,INT,US,OnDemand,citable,7,14.4891,13.5200,13.5200,median,13.5200,16.2250,13.5200,16.6296,14.4891,14.4891,14.4891,1,42,azure,10000.0,1,6,1,18,1,42,Low,Shadow,2026-09-17,2026-09-23,v2.4.0,direct,,,,,,,,
CRI-T1-GB200-NVL-ALL-1yr-ALL,2026-09-23,T1,T1,GB200,NVL,ALL,ALL,1Y,market_intelligence,7,10.0198,10.5135,10.5135,median,8.6528,11.2480,8.6528,11.2480,10.0198,10.0198,10.0198,1,70,azure,10000.0,1,10,1,30,1,70,Low,Shadow,2026-09-17,2026-09-23,v2.4.0,direct,,,,,,,,
CRI-T1-GB200-NVL-ALL-1yr-EU,2026-09-23,T1,T1,GB200,NVL,ALL,EU,1Y,market_intelligence,7,11.1400,11.2480,11.2480,median,11.1400,11.2480,10.8160,11.2480,11.1400,11.1400,11.1400,1,28,azure,10000.0,1,4,1,12,1,28,Low,Shadow,2026-09-17,2026-09-23,v2.4.0,direct,,,,,,,,
CRI-T1-GB200-NVL-ALL-1yr-US,2026-09-23,T1,T1,GB200,NVL,ALL,US,1Y,market_intelligence,7,9.2730,8.6528,8.6528,median,8.6528,10.3840,8.6528,10.6430,9.2730,9.2730,9.2730,1,42,azure,10000.0,1,6,1,18,1,42,Low,Shadow,2026-09-17,2026-09-23,v2.4.0,direct,,,,,,,,
CRI-T1-GB200-NVL-ALL-3yr-ALL,2026-09-23,T1,T1,GB200,NVL,ALL,ALL,3Y,market_intelligence,7,6.8886,7.2280,7.2280,median,5.9488,7.7330,5.9488,7.7330,6.8886,6.8886,6.8886,1,70,azure,10000.0,1,10,1,30,1,70,Low,Shadow,2026-09-17,2026-09-23,v2.4.0,direct,,,,,,,,
CRI-T1-GB200-NVL-ALL-3yr-EU,2026-09-23,T1,T1,GB200,NVL,ALL,EU,3Y,market_intelligence,7,7.6587,7.7330,7.7330,median,7.6587,7.7330,7.4360,7.7330,7.6587,7.6587,7.6587,1,28,azure,10000.0,1,4,1,12,1,28,Low,Shadow,2026-09-17,2026-09-23,v2.4.0,direct,,,,,,,,
CRI-T1-GB200-NVL-ALL-3yr-US,2026-09-23,T1,T1,GB200,NVL,ALL,US,3Y,market_intelligence,7,6.3752,5.9488,5.9488,median,5.9488,7.1390,5.9488,7.3170,6.3752,6.3752,6.3752,1,42,azure,10000.0,1,6,1,18,1,42,Low,Shadow,2026-09-17,2026-09-23,v2.4.0,direct,,,,,,,,
CRI-T1-GB200-NVL-ALL-CB-ALL,2026-09-23,T1,T1,GB200,NVL,ALL,ALL,CapacityBlock,market_intelligence,7,10.5820,10.5820,10.5820,median,10.5820,10.5820,10.5820,10.5820,10.5820,10.5820,10.5820,1,7,aws_capacity_blocks,10000.0,1,1,1,3,1,7,Low,Shadow,2026-09-17,2026-09-23,v2.4.0,direct,,,,,,,,
CRI-T1-GB200-NVL-ALL-CB-US,2026-09-23,T1,T1,GB200,NVL,ALL,US,CapacityBlock,market_intelligence,7,10.5820,10.5820,10.5820,median,10.5820,10.5820,10.5820,10.5820,10.5820,10.5820,10.5820,1,7,aws_capacity_blocks,10000.0,1,1,1,3,1,7,Low,Shadow,2026-09-17,2026-09-23,v2.4.0,direct,,,,,,,,
CRI-T1-GB200-NVL-ALL-OD-ALL,2026-09-23,T1,T1,GB200,NVL,ALL,ALL,OnDemand,citable,7,15.6723,16.2137,16.2137,median,13.5200,17.5750,13.5200,17.5750,15.6723,15.6723,15.6723,2,147,azure|oci,5000.0,2,21,2,63,2,147,Medium,Shadow,2026-09-17,2026-09-23,v2.4.0,direct,,,,,,,,
CRI-T1-GB200-NVL-ALL-OD-EU,2026-09-23,T1,T1,GB200,NVL,ALL,EU,OnDemand,citable,7,17.4062,17.5750,17.5750,median,17.4062,17.5750,16.9000,17.5750,17.4062,17.4062,17.4062,1,56,azure,10000.0,1,8,1,24,1,56,Low,Shadow,2026-09-17,2026-09-23,v2.4.0,direct,,,,,,,,
CRI-T1-GB200-NVL-GTD-1yr-ALL,2026-09-23,T1,T1,GB200,NVL,GTD,ALL,1Y,market_intelligence,7,10.0198,10.5135,10.5135,median,8.6528,11.2480,8.6528,11.2480,10.0198,10.0198,10.0198,1,70,azure,10000.0,1,10,1,30,1,70,Low,Shadow,2026-09-17,2026-09-23,v2.4.0,direct,,,,,,,,
CRI-T1-GB200-NVL-GTD-1yr-EU,2026-09-23,T1,T1,GB200,NVL,GTD,EU,1Y,market_intelligence,7,11.1400,11.2480,11.2480,median,11.1400,11.2480,10.8160,11.2480,11.1400,11.1400,11.1400,1,28,azure,10000.0,1,4,1,12,1,28,Low,Shadow,2026-09-17,2026-09-23,v2.4.0,direct,,,,,,,,
CRI-T1-GB200-NVL-GTD-1yr-US,2026-09-23,T1,T1,GB200,NVL,GTD,US,1Y,market_intelligence,7,9.2730,8.6528,8.6528,median,8.6528,10.3840,8.6528,10.6430,9.2730,9.2730,9.2730,1,42,azure,10000.0,1,6,1,18,1,42,Low,Shadow,2026-09-17,2026-09-23,v2.4.0,direct,,,,,,,,
CRI-T1-GB200-NVL-GTD-3yr-ALL,2026-09-23,T1,T1,GB200,NVL,GTD,ALL,3Y,market_intelligence,7,6.8886,7.2280,7.2280,median,5.9488,7.7330,5.9488,7.7330,6.8886,6.8886,6.8886,1,70,azure,10000.0,1,10,1,30,1,70,Low,Shadow,2026-09-17,2026-09-23,v2.4.0,direct,,,,,,,,
CRI-T1-GB200-NVL-GTD-3yr-EU,2026-09-23,T1,T1,GB200,NVL,GTD,EU,3Y,market_intelligence,7,7.6587,7.7330,7.7330,median,7.6587,7.7330,7.4360,7.7330,7.6587,7.6587,7.6587,1,28,azure,10000.0,1,4,1,12,1,28,Low,Shadow,2026-09-17,2026-09-23,v2.4.0,direct,,,,,,,,
CRI-T1-GB200-NVL-GTD-3yr-US,2026-09-23,T1,T1,GB200,NVL,GTD,US,3Y,market_intelligence,7,6.3752,5.9488,5.9488,median,5.9488,7.1390,5.9488,7.3170,6.3752,6.3752,6.3752,1,42,azure,10000.0,1,6,1,18,1,42,Low,Shadow,2026-09-17,2026-09-23,v2.4.0,direct,,,,,,,,
CRI-T1-GB200-NVL-GTD-CB-ALL,2026-09-23,T1,T1,GB200,NVL,GTD,ALL,CapacityBlock,market_intelligence,7,10.5820,10.5820,10.5820,median,10.5820,10.5820,10.5820,10.5820,10.5820,10.5820,10.5820,1,7,aws_capacity_blocks,10000.0,1,1,1,3,1,7,Low,Shadow,2026-09-17,2026-09-23,v2.4.0,direct,,,,,,,,
CRI-T1-GB200-NVL-GTD-CB-US,2026-09-23,T1,T1,GB200,NVL,GTD,US,CapacityBlock,market_intelligence,7,10.5820,10.5820,10.5820,median,10.5820,10.5820,10.5820,10.5820,10.5820,10.5820,10.5820,1,7,aws_capacity_blocks,10000.0,1,1,1,3,1,7,Low,Shadow,2026-09-17,2026-09-23,v2.4.0,direct,,,,,,,,
CRI-T1-GB200-NVL-GTD-OD-ALL,2026-09-23,T1,T1,GB200,NVL,GTD,ALL,OnDemand,citable,7,15.6872,16.2137,16.2137,median,13.5200,17.5750,13.5200,17.5750,15.6872,15.6872,15.6872,2,77,azure|oci,5000.0,2,11,2,33,2,77,Medium,Shadow,2026-09-17,2026-09-23,v2.4.0,direct,,,,,,,,
CRI-T1-GB200-NVL-GTD-OD-EU,2026-09-23,T1,T1,GB200,NVL,GTD,EU,OnDemand,citable,7,17.4062,17.5750,17.5750,median,17.4062,17.5750,16.9000,17.5750,17.4062,17.4062,17.4062,1,28,azure,10000.0,1,4,1,12,1,28,Low,Shadow,2026-09-17,2026-09-23,v2.4.0,direct,,,,,,,,
CRI-T1-GB200-NVL-INT-OD-ALL,2026-09-23,T1,T1,GB200,NVL,INT,ALL,OnDemand,citable,7,15.6560,16.4273,16.4273,median,13.5200,17.5750,13.5200,17.5750,15.6560,15.6560,15.6560,1,70,azure,10000.0,1,10,1,30,1,70,Low,Shadow,2026-09-17,2026-09-23,v2.4.0,direct,,,,,,,,
CRI-T1-GB200-NVL-INT-OD-EU,2026-09-23,T1,T1,GB200,NVL,INT,EU,OnDemand,citable,7,17.4062,17.5750,17.5750,median,17.4062,17.5750,16.9000,17.5750,17.4062,17.4062,17.4062,1,28,azure,10000.0,1,4,1,12,1,28,Low,Shadow,2026-09-17,2026-09-23,v2.4.0,direct,,,,,,,,
CRI-T1-GB200-NVL-INT-OD-US,2026-09-23,T1,T1,GB200,NVL,INT,US,OnDemand,citable,7,14.4891,13.5200,13.5200,median,13.5200,16.2250,13.5200,16.6296,14.4891,14.4891,14.4891,1,42,azure,10000.0,1,6,1,18,1,42,Low,Shadow,2026-09-17,2026-09-23,v2.4.0,direct,,,,,,,,
CRI-T1-GB300-ALL-ALL-OD-ALL,2026-09-23,T1,T1,GB300,ALL,ALL,ALL,OnDemand,citable,7,18.0000,18.0000,18.0000,median,18.0000,18.0000,18.0000,18.0000,18.0000,18.0000,18.0000,1,7,oci,10000.0,1,1,1,3,1,7,Low,Shadow,2026-09-17,2026-09-23,v2.4.0,direct,,,,,,,,
CRI-T1-GB300-ALL-ALL-OD-US,2026-09-23,T1,T1,GB300,ALL,ALL,US,OnDemand,citable,7,18.0000,18.0000,18.0000,median,18.0000,18.0000,18.0000,18.0000,18.0000,18.0000,18.0000,1,7,oci,10000.0,1,1,1,3,1,7,Low,Shadow,2026-09-17,2026-09-23,v2.4.0,direct,,,,,,,,
CRI-T1-GB300-ALL-GTD-OD-ALL,2026-09-23,T1,T1,GB300,ALL,GTD,ALL,OnDemand,citable,7,18.0000,18.0000,18.0000,median,18.0000,18.0000,18.0000,18.0000,18.0000,18.0000,18.0000,1,7,oci,10000.0,1,1,1,3,1,7,Low,Shadow,2026-09-17,2026-09-23,v2.4.0,direct,,,,,,,,
CRI-T1-GB300-ALL-GTD-OD-US,2026-09-23,T1,T1,GB300,ALL,GTD,US,OnDemand,citable,7,18.0000,18.0000,18.0000,median,18.0000,18.0000,18.0000,18.0000,18.0000,18.0000,18.0000,1,7,oci,10000.0,1,1,1,3,1,7,Low,Shadow,2026-09-17,2026-09-23,v2.4.0,direct,,,,,,,,
CRI-T1-GB300-NVL-ALL-OD-ALL,2026-09-23,T1,T1,GB300,NVL,ALL,ALL,OnDemand,citable,7,18.0000,18.0000,18.0000,median,18.0000,18.0000,18.0000,18.0000,18.0000,18.0000,18.0000,1,7,oci,10000.0,1,1,1,3,1,7,Low,Shadow,2026-09-17,2026-09-23,v2.4.0,direct,,,,,,,,
CRI-T1-GB300-NVL-ALL-OD-US,2026-09-23,T1,T1,GB300,NVL,ALL,US,OnDemand,citable,7,18.0000,18.0000,18.0000,median,18.0000,18.0000,18.0000,18.0000,18.0000,18.0000,18.0000,1,7,oci,10000.0,1,1,1,3,1,7,Low,Shadow,2026-09-17,2026-09-23,v2.4.0,direct,,,,,,,,
CRI-T1-GB300-NVL-GTD-OD-ALL,2026-09-23,T1,T1,GB300,NVL,GTD,ALL,OnDemand,citable,7,18.0000,18.0000,18.0000,median,18.0000,18.0000,18.0000,18.0000,18.0000,18.0000,18.0000,1,7,oci,10000.0,1,1,1,3,1,7,Low,Shadow,2026-09-17,2026-09-23,v2.4.0,direct,,,,,,,,
CRI-T1-GB300-NVL-GTD-OD-US,2026-09-23,T1,T1,GB300,NVL,GTD,US,OnDemand,citable,7,18.0000,18.0000,18.0000,median,18.0000,18.0000,18.0000,18.0000,18.0000,18.0000,18.0000,1,7,oci,10000.0,1,1,1,3,1,7,Low,Shadow,2026-09-17,2026-09-23,v2.4.0,direct,,,,,,,,
CRI-T1-H100-ALL-ALL-5yr-ALL,2026-09-23,T1,T1,H100,ALL,ALL,ALL,5Y,market_intelligence,7,5.9024,6.0467,6.0467,median,4.9160,6.3908,4.9160,7.0299,5.9024,5.9024,5.9024,1,105,azure,10000.0,1,15,1,45,1,105,Low,Shadow,2026-09-17,2026-09-23,v2.4.0,direct,,,,,,,,
CRI-T1-H100-ALL-ALL-5yr-APAC,2026-09-23,T1,T1,H100,ALL,ALL,APAC,5Y,market_intelligence,7,7.1286,7.1291,7.1291,median,7.0053,7.2524,6.6366,7.6198,7.1286,7.1286,7.1286,1,28,azure,10000.0,1,4,1,12,1,28,Low,Shadow,2026-09-17,2026-09-23,v2.4.0,direct,,,,,,,,
CRI-T1-H100-ALL-ALL-5yr-EU,2026-09-23,T1,T1,H100,ALL,ALL,EU,5Y,market_intelligence,7,6.4563,6.3908,6.3908,median,6.3908,6.3908,6.1450,7.0299,6.4563,6.4563,6.4563,1,42,azure,10000.0,1,6,1,18,1,42,Low,Shadow,2026-09-17,2026-09-23,v2.4.0,direct,,,,,,,,
CRI-T1-H100-ALL-ALL-5yr-Other,2026-09-23,T1,T1,H100,ALL,ALL,Other,5Y,market_intelligence,7,7.6733,7.7317,7.7317,median,6.7472,8.6578,5.8992,9.3304,7.6733,7.6733,7.6733,1,28,azure,10000.0,1,4,1,12,1,28,Low,Shadow,2026-09-17,2026-09-23,v2.4.0,direct,,,,,,,,
CRI-T1-H100-ALL-ALL-5yr-US,2026-09-23,T1,T1,H100,ALL,ALL,US,5Y,market_intelligence,7,5.5331,5.8984,5.8984,median,4.9160,5.8992,4.9160,6.3908,5.5331,5.5331,5.5331,1,63,azure,10000.0,1,9,1,27,1,63,Low,Shadow,2026-09-17,2026-09-23,v2.4.0,direct,,,,,,,,
CRI-T1-H100-ALL-ALL-CB-ALL,2026-09-23,T1,T1,H100,ALL,ALL,ALL,CapacityBlock,market_intelligence,7,5.1910,5.1910,5.1910,median,5.1910,5.1910,5.1910,5.1910,5.1910,5.1910,5.1910,1,7,aws_capacity_blocks,10000.0,1,1,1,3,1,7,Low,Shadow,2026-09-17,2026-09-23,v2.4.0,direct,,,,,,,,
CRI-T1-H100-ALL-ALL-CB-Other,2026-09-23,T1,T1,H100,ALL,ALL,Other,CapacityBlock,market_intelligence,7,4.7200,4.7200,4.7200,median,4.7200,4.7200,4.7200,4.7200,4.7200,4.7200,4.7200,1,7,aws_capacity_blocks,10000.0,1,1,1,3,1,7,Low,Shadow,2026-09-17,2026-09-23,v2.4.0,direct,,,,,,,,
CRI-T1-H100-ALL-ALL-CB-US,2026-09-23,T1,T1,H100,ALL,ALL,US,CapacityBlock,market_intelligence,7,5.1910,5.1910,5.1910,median,5.1910,5.1910,5.1910,5.1910,5.1910,5.1910,5.1910,1,7,aws_capacity_blocks,10000.0,1,1,1,3,1,7,Low,Shadow,2026-09-17,2026-09-23,v2.4.0,direct,,,,,,,,
CRI-T1-H100-ALL-ALL-FLEX-ALL,2026-09-23,T1,T1,H100,ALL,ALL,ALL,FlexStart,market_intelligence,7,4.9150,4.9150,4.9150,median,4.7900,5.0400,4.7900,5.0400,4.9150,4.9150,4.9150,1,14,gcp_dws,10000.0,1,2,1,6,1,14,Low,Shadow,2026-09-17,2026-09-23,v2.4.0,direct,,,,,,,,
CRI-T1-H100-ALL-ALL-FLEX-US,2026-09-23,T1,T1,H100,ALL,ALL,US,FlexStart,market_intelligence,7,4.9150,4.9150,4.9150,median,4.7900,5.0400,4.7900,5.0400,4.9150,4.9150,4.9150,1,14,gcp_dws,10000.0,1,2,1,6,1,14,Low,Shadow,2026-09-17,2026-09-23,v2.4.0,direct,,,,,,,,
CRI-T1-H100-ALL-GTD-5yr-ALL,2026-09-23,T1,T1,H100,ALL,GTD,ALL,5Y,market_intelligence,7,5.9024,6.0467,6.0467,median,4.9160,6.3908,4.9160,7.0299,5.9024,5.9024,5.9024,1,105,azure,10000.0,1,15,1,45,1,105,Low,Shadow,2026-09-17,2026-09-23,v2.4.0,direct,,,,,,,,
CRI-T1-H100-ALL-GTD-5yr-APAC,2026-09-23,T1,T1,H100,ALL,GTD,APAC,5Y,market_intelligence,7,7.1286,7.1291,7.1291,median,7.0053,7.2524,6.6366,7.6198,7.1286,7.1286,7.1286,1,28,azure,10000.0,1,4,1,12,1,28,Low,Shadow,2026-09-17,2026-09-23,v2.4.0,direct,,,,,,,,
CRI-T1-H100-ALL-GTD-5yr-EU,2026-09-23,T1,T1,H100,ALL,GTD,EU,5Y,market_intelligence,7,6.4563,6.3908,6.3908,median,6.3908,6.3908,6.1450,7.0299,6.4563,6.4563,6.4563,1,42,azure,10000.0,1,6,1,18,1,42,Low,Shadow,2026-09-17,2026-09-23,v2.4.0,direct,,,,,,,,
CRI-T1-H100-ALL-GTD-5yr-Other,2026-09-23,T1,T1,H100,ALL,GTD,Other,5Y,market_intelligence,7,7.6733,7.7317,7.7317,median,6.7472,8.6578,5.8992,9.3304,7.6733,7.6733,7.6733,1,28,azure,10000.0,1,4,1,12,1,28,Low,Shadow,2026-09-17,2026-09-23,v2.4.0,direct,,,,,,,,
CRI-T1-H100-ALL-GTD-5yr-US,2026-09-23,T1,T1,H100,ALL,GTD,US,5Y,market_intelligence,7,5.5331,5.8984,5.8984,median,4.9160,5.8992,4.9160,6.3908,5.5331,5.5331,5.5331,1,63,azure,10000.0,1,9,1,27,1,63,Low,Shadow,2026-09-17,2026-09-23,v2.4.0,direct,,,,,,,,
CRI-T1-H100-ALL-GTD-CB-ALL,2026-09-23,T1,T1,H100,ALL,GTD,ALL,CapacityBlock,market_intelligence,7,5.1910,5.1910,5.1910,median,5.1910,5.1910,5.1910,5.1910,5.1910,5.1910,5.1910,1,7,aws_capacity_blocks,10000.0,1,1,1,3,1,7,Low,Shadow,2026-09-17,2026-09-23,v2.4.0,direct,,,,,,,,
CRI-T1-H100-ALL-GTD-CB-Other,2026-09-23,T1,T1,H100,ALL,GTD,Other,CapacityBlock,market_intelligence,7,4.7200,4.7200,4.7200,median,4.7200,4.7200,4.7200,4.7200,4.7200,4.7200,4.7200,1,7,aws_capacity_blocks,10000.0,1,1,1,3,1,7,Low,Shadow,2026-09-17,2026-09-23,v2.4.0,direct,,,,,,,,
CRI-T1-H100-ALL-GTD-CB-US,2026-09-23,T1,T1,H100,ALL,GTD,US,CapacityBlock,market_intelligence,7,5.1910,5.1910,5.1910,median,5.1910,5.1910,5.1910,5.1910,5.1910,5.1910,5.1910,1,7,aws_capacity_blocks,10000.0,1,1,1,3,1,7,Low,Shadow,2026-09-17,2026-09-23,v2.4.0,direct,,,,,,,,
CRI-T1-H100-ALL-GTD-FLEX-ALL,2026-09-23,T1,T1,H100,ALL,GTD,ALL,FlexStart,market_intelligence,7,4.9150,4.9150,4.9150,median,4.7900,5.0400,4.7900,5.0400,4.9150,4.9150,4.9150,1,14,gcp_dws,10000.0,1,2,1,6,1,14,Low,Shadow,2026-09-17,2026-09-23,v2.4.0,direct,,,,,,,,
CRI-T1-H100-ALL-GTD-FLEX-US,2026-09-23,T1,T1,H100,ALL,GTD,US,FlexStart,market_intelligence,7,4.9150,4.9150,4.9150,median,4.7900,5.0400,4.7900,5.0400,4.9150,4.9150,4.9150,1,14,gcp_dws,10000.0,1,2,1,6,1,14,Low,Shadow,2026-09-17,2026-09-23,v2.4.0,direct,,,,,,,,
CRI-T1-H100-NVL-ALL-ALL-1yr-ALL,2026-09-23,T1,T1,H100,ALL,ALL,ALL,1Y,market_intelligence,7,6.3215,6.4913,6.4913,median,6.0202,6.8055,5.2350,7.4861,6.3215,6.3215,6.3215,1,112,azure,10000.0,1,16,1,48,1,112,Low,Shadow,2026-09-17,2026-09-23,v2.4.0,direct,,,,,,,,
CRI-T1-H100-NVL-ALL-ALL-1yr-APAC,2026-09-23,T1,T1,H100,ALL,ALL,APAC,1Y,market_intelligence,7,6.8971,6.9364,6.9364,median,6.4391,7.3944,6.1250,7.5908,6.8971,6.8971,6.8971,1,56,azure,10000.0,1,8,1,24,1,56,Low,Shadow,2026-09-17,2026-09-23,v2.4.0,direct,,,,,,,,
CRI-T1-H100-NVL-ALL-ALL-1yr-EU,2026-09-23,T1,T1,H100,ALL,ALL,EU,1Y,market_intelligence,7,6.7992,6.8055,6.8055,median,6.7401,6.8213,6.2820,7.4861,6.7992,6.7992,6.7992,1,56,azure,10000.0,1,8,1,24,1,56,Low,Shadow,2026-09-17,2026-09-23,v2.4.0,direct,,,,,,,,
CRI-T1-H100-NVL-ALL-ALL-1yr-Other,2026-09-23,T1,T1,H100,ALL,ALL,Other,1Y,market_intelligence,7,6.9638,6.9638,6.9638,median,6.4425,7.4850,6.4425,7.4850,6.9638,6.9638,6.9638,1,14,azure,10000.0,1,2,1,6,1,14,Low,Shadow,2026-09-17,2026-09-23,v2.4.0,direct,,,,,,,,
CRI-T1-H100-NVL-ALL-ALL-1yr-US,2026-09-23,T1,T1,H100,ALL,ALL,US,1Y,market_intelligence,7,5.8439,5.7585,5.7585,median,5.2350,6.3235,5.2350,6.8055,5.8439,5.8439,5.8439,1,56,azure,10000.0,1,8,1,24,1,56,Low,Shadow,2026-09-17,2026-09-23,v2.4.0,direct,,,,,,,,
CRI-T1-H100-NVL-ALL-ALL-3yr-ALL,2026-09-23,T1,T1,H100,ALL,ALL,ALL,3Y,market_intelligence,7,4.6358,4.7603,4.7603,median,4.4148,4.9907,3.8390,5.4898,4.6358,4.6358,4.6358,1,112,azure,10000.0,1,16,1,48,1,112,Low,Shadow,2026-09-17,2026-09-23,v2.4.0,direct,,,,,,,,
CRI-T1-H100-NVL-ALL-ALL-3yr-APAC,2026-09-23,T1,T1,H100,ALL,ALL,APAC,3Y,market_intelligence,7,5.0069,5.0867,5.0867,median,4.7220,5.4226,4.0834,5.5666,5.0069,5.0069,5.0069,1,56,azure,10000.0,1,8,1,24,1,56,Low,Shadow,2026-09-17,2026-09-23,v2.4.0,direct,,,,,,,,
CRI-T1-H100-NVL-ALL-ALL-3yr-EU,2026-09-23,T1,T1,H100,ALL,ALL,EU,3Y,market_intelligence,7,4.9861,4.9907,4.9907,median,4.9427,5.0023,4.6068,5.4898,4.9861,4.9861,4.9861,1,56,azure,10000.0,1,8,1,24,1,56,Low,Shadow,2026-09-17,2026-09-23,v2.4.0,direct,,,,,,,,
CRI-T1-H100-NVL-ALL-ALL-3yr-Other,2026-09-23,T1,T1,H100,ALL,ALL,Other,3Y,market_intelligence,7,5.1067,5.1067,5.1067,median,4.7245,5.4890,4.7245,5.4890,5.1067,5.1067,5.1067,1,14,azure,10000.0,1,2,1,6,1,14,Low,Shadow,2026-09-17,2026-09-23,v2.4.0,direct,,,,,,,,
CRI-T1-H100-NVL-ALL-ALL-3yr-US,2026-09-23,T1,T1,H100,ALL,ALL,US,3Y,market_intelligence,7,4.2855,4.2229,4.2229,median,3.8390,4.6372,3.8390,4.9907,4.2855,4.2855,4.2855,1,56,azure,10000.0,1,8,1,24,1,56,Low,Shadow,2026-09-17,2026-09-23,v2.4.0,direct,,,,,,,,
CRI-T1-H100-NVL-ALL-ALL-OD-ALL,2026-09-23,T1,T1,H100,ALL,ALL,ALL,OnDemand,citable,7,5.0395,5.1815,5.1815,median,1.6767,8.6200,1.2899,9.9815,5.0395,5.0395,5.0395,1,224,azure,10000.0,1,32,1,96,1,224,Low,Shadow,2026-09-17,2026-09-23,v2.4.0,direct,,,,,,,,
CRI-T1-H100-NVL-ALL-ALL-OD-APAC,2026-09-23,T1,T1,H100,ALL,ALL,APAC,OnDemand,citable,7,5.9599,5.7585,5.7585,median,1.8704,9.7720,1.5092,10.1210,5.9599,5.9599,5.9599,1,126,azure,10000.0,1,18,1,54,1,126,Low,Shadow,2026-09-17,2026-09-23,v2.4.0,direct,,,,,,,,
CRI-T1-H100-NVL-ALL-ALL-OD-EU,2026-09-23,T1,T1,H100,ALL,ALL,EU,OnDemand,citable,7,5.4130,5.4383,5.4383,median,1.8088,9.0740,1.5479,9.9815,5.4130,5.4130,5.4130,1,112,azure,10000.0,1,16,1,48,1,112,Low,Shadow,2026-09-17,2026-09-23,v2.4.0,direct,,,,,,,,
CRI-T1-H100-NVL-ALL-ALL-OD-Other,2026-09-23,T1,T1,H100,ALL,ALL,Other,OnDemand,citable,7,5.5262,5.5262,5.5262,median,1.8058,8.9375,1.6905,9.9800,5.5262,5.5262,5.5262,1,28,azure,10000.0,1,4,1,12,1,28,Low,Shadow,2026-09-17,2026-09-23,v2.4.0,direct,,,,,,,,
CRI-T1-H100-NVL-ALL-ALL-OD-US,2026-09-23,T1,T1,H100,ALL,ALL,US,OnDemand,citable,7,4.6660,4.5750,4.5750,median,1.5099,7.3290,1.2899,9.0740,4.6660,4.6660,4.6660,1,112,azure,10000.0,1,16,1,48,1,112,Low,Shadow,2026-09-17,2026-09-23,v2.4.0,direct,,,,,,,,
CRI-T1-H100-NVL-ALL-GTD-1yr-ALL,2026-09-23,T1,T1,H100,ALL,GTD,ALL,1Y,market_intelligence,7,6.3215,6.4913,6.4913,median,6.0202,6.8055,5.2350,7.4861,6.3215,6.3215,6.3215,1,112,azure,10000.0,1,16,1,48,1,112,Low,Shadow,2026-09-17,2026-09-23,v2.4.0,direct,,,,,,,,
CRI-T1-H100-NVL-ALL-GTD-1yr-APAC,2026-09-23,T1,T1,H100,ALL,GTD,APAC,1Y,market_intelligence,7,6.8971,6.9364,6.9364,median,6.4391,7.3944,6.1250,7.5908,6.8971,6.8971,6.8971,1,56,azure,10000.0,1,8,1,24,1,56,Low,Shadow,2026-09-17,2026-09-23,v2.4.0,direct,,,,,,,,
CRI-T1-H100-NVL-ALL-GTD-1yr-EU,2026-09-23,T1,T1,H100,ALL,GTD,EU,1Y,market_intelligence,7,6.7992,6.8055,6.8055,median,6.7401,6.8213,6.2820,7.4861,6.7992,6.7992,6.7992,1,56,azure,10000.0,1,8,1,24,1,56,Low,Shadow,2026-09-17,2026-09-23,v2.4.0,direct,,,,,,,,
CRI-T1-H100-NVL-ALL-GTD-1yr-Other,2026-09-23,T1,T1,H100,ALL,GTD,Other,1Y,market_intelligence,7,6.9638,6.9638,6.9638,median,6.4425,7.4850,6.4425,7.4850,6.9638,6.9638,6.9638,1,14,azure,10000.0,1,2,1,6,1,14,Low,Shadow,2026-09-17,2026-09-23,v2.4.0,direct,,,,,,,,
CRI-T1-H100-NVL-ALL-GTD-1yr-US,2026-09-23,T1,T1,H100,ALL,GTD,US,1Y,market_intelligence,7,5.8439,5.7585,5.7585,median,5.2350,6.3235,5.2350,6.8055,5.8439,5.8439,5.8439,1,56,azure,10000.0,1,8,1,24,1,56,Low,Shadow,2026-09-17,2026-09-23,v2.4.0,direct,,,,,,,,
CRI-T1-H100-NVL-ALL-GTD-3yr-ALL,2026-09-23,T1,T1,H100,ALL,GTD,ALL,3Y,market_intelligence,7,4.6358,4.7603,4.7603,median,4.4148,4.9907,3.8390,5.4898,4.6358,4.6358,4.6358,1,112,azure,10000.0,1,16,1,48,1,112,Low,Shadow,2026-09-17,2026-09-23,v2.4.0,direct,,,,,,,,
CRI-T1-H100-NVL-ALL-GTD-3yr-APAC,2026-09-23,T1,T1,H100,ALL,GTD,APAC,3Y,market_intelligence,7,5.0069,5.0867,5.0867,median,4.7220,5.4226,4.0834,5.5666,5.0069,5.0069,5.0069,1,56,azure,10000.0,1,8,1,24,1,56,Low,Shadow,2026-09-17,2026-09-23,v2.4.0,direct,,,,,,,,
CRI-T1-H100-NVL-ALL-GTD-3yr-EU,2026-09-23,T1,T1,H100,ALL,GTD,EU,3Y,market_intelligence,7,4.9861,4.9907,4.9907,median,4.9427,5.0023,4.6068,5.4898,4.9861,4.9861,4.9861,1,56,azure,10000.0,1,8,1,24,1,56,Low,Shadow,2026-09-17,2026-09-23,v2.4.0,direct,,,,,,,,
CRI-T1-H100-NVL-ALL-GTD-3yr-Other,2026-09-23,T1,T1,H100,ALL,GTD,Other,3Y,market_intelligence,7,5.1067,5.1067,5.1067,median,4.7245,5.4890,4.7245,5.4890,5.1067,5.1067,5.1067,1,14,azure,10000.0,1,2,1,6,1,14,Low,Shadow,2026-09-17,2026-09-23,v2.4.0,direct,,,,,,,,
CRI-T1-H100-NVL-ALL-GTD-3yr-US,2026-09-23,T1,T1,H100,ALL,GTD,US,3Y,market_intelligence,7,4.2855,4.2229,4.2229,median,3.8390,4.6372,3.8390,4.9907,4.2855,4.2855,4.2855,1,56,azure,10000.0,1,8,1,24,1,56,Low,Shadow,2026-09-17,2026-09-23,v2.4.0,direct,,,,,,,,
CRI-T1-H100-NVL-ALL-GTD-OD-ALL,2026-09-23,T1,T1,H100,ALL,GTD,ALL,OnDemand,citable,7,8.4287,8.6550,8.6550,median,8.0270,9.0740,6.9800,9.9815,8.4287,8.4287,8.4287,1,112,azure,10000.0,1,16,1,48,1,112,Low,Shadow,2026-09-17,2026-09-23,v2.4.0,direct,,,,,,,,
CRI-T1-H100-NVL-ALL-GTD-OD-APAC,2026-09-23,T1,T1,H100,ALL,GTD,APAC,OnDemand,citable,7,9.3113,9.5975,9.5975,median,8.7250,9.7720,8.1665,10.1210,9.3113,9.3113,9.3113,1,70,azure,10000.0,1,10,1,30,1,70,Low,Shadow,2026-09-17,2026-09-23,v2.4.0,direct,,,,,,,,
CRI-T1-H100-NVL-ALL-GTD-OD-EU,2026-09-23,T1,T1,H100,ALL,GTD,EU,OnDemand,citable,7,9.0656,9.0740,9.0740,median,8.9868,9.0950,8.3760,9.9815,9.0656,9.0656,9.0656,1,56,azure,10000.0,1,8,1,24,1,56,Low,Shadow,2026-09-17,2026-09-23,v2.4.0,direct,,,,,,,,
CRI-T1-H100-NVL-ALL-GTD-OD-Other,2026-09-23,T1,T1,H100,ALL,GTD,Other,OnDemand,citable,7,9.2850,9.2850,9.2850,median,8.5900,9.9800,8.5900,9.9800,9.2850,9.2850,9.2850,1,14,azure,10000.0,1,2,1,6,1,14,Low,Shadow,2026-09-17,2026-09-23,v2.4.0,direct,,,,,,,,
CRI-T1-H100-NVL-ALL-GTD-OD-US,2026-09-23,T1,T1,H100,ALL,GTD,US,OnDemand,citable,7,7.7919,7.6780,7.6780,median,6.9800,8.4313,6.9800,9.0740,7.7919,7.7919,7.7919,1,56,azure,10000.0,1,8,1,24,1,56,Low,Shadow,2026-09-17,2026-09-23,v2.4.0,direct,,,,,,,,
CRI-T1-H100-NVL-ALL-INT-OD-ALL,2026-09-23,T1,T1,H100,ALL,INT,ALL,OnDemand,citable,7,1.6502,1.6764,1.6764,median,1.5099,1.8150,1.2899,1.9965,1.6502,1.6502,1.6502,1,112,azure,10000.0,1,16,1,48,1,112,Low,Shadow,2026-09-17,2026-09-23,v2.4.0,direct,,,,,,,,
CRI-T1-H100-NVL-ALL-INT-OD-APAC,2026-09-23,T1,T1,H100,ALL,INT,APAC,OnDemand,citable,7,1.7707,1.7736,1.7736,median,1.6282,1.9020,1.5092,2.0240,1.7707,1.7707,1.7707,1,56,azure,10000.0,1,8,1,24,1,56,Low,Shadow,2026-09-17,2026-09-23,v2.4.0,direct,,,,,,,,
CRI-T1-H100-NVL-ALL-INT-OD-EU,2026-09-23,T1,T1,H100,ALL,INT,EU,OnDemand,citable,7,1.7604,1.8026,1.8026,median,1.6608,1.8190,1.5479,1.9965,1.7604,1.7604,1.7604,1,56,azure,10000.0,1,8,1,24,1,56,Low,Shadow,2026-09-17,2026-09-23,v2.4.0,direct,,,,,,,,
CRI-T1-H100-NVL-ALL-INT-OD-Other,2026-09-23,T1,T1,H100,ALL,INT,Other,OnDemand,citable,7,1.7674,1.7674,1.7674,median,1.6905,1.8443,1.6905,1.8443,1.7674,1.7674,1.7674,1,14,azure,10000.0,1,2,1,6,1,14,Low,Shadow,2026-09-17,2026-09-23,v2.4.0,direct,,,,,,,,
CRI-T1-H100-NVL-ALL-INT-OD-US,2026-09-23,T1,T1,H100,ALL,INT,US,OnDemand,citable,7,1.5401,1.4720,1.4720,median,1.3960,1.7079,1.2899,1.8150,1.5401,1.5401,1.5401,1,56,azure,10000.0,1,8,1,24,1,56,Low,Shadow,2026-09-17,2026-09-23,v2.4.0,direct,,,,,,,,
CRI-T1-H100-NVL-PCIe-ALL-1yr-ALL,2026-09-23,T1,T1,H100,PCIe,ALL,ALL,1Y,market_intelligence,7,6.3215,6.4913,6.4913,median,6.0202,6.8055,5.2350,7.4861,6.3215,6.3215,6.3215,1,112,azure,10000.0,1,16,1,48,1,112,Low,Shadow,2026-09-17,2026-09-23,v2.4.0,direct,,,,,,,,
CRI-T1-H100-NVL-PCIe-ALL-1yr-EU,2026-09-23,T1,T1,H100,PCIe,ALL,EU,1Y,market_intelligence,7,6.7992,6.8055,6.8055,median,6.7401,6.8213,6.2820,7.4861,6.7992,6.7992,6.7992,1,56,azure,10000.0,1,8,1,24,1,56,Low,Shadow,2026-09-17,2026-09-23,v2.4.0,direct,,,,,,,,
CRI-T1-H100-NVL-PCIe-ALL-1yr-US,2026-09-23,T1,T1,H100,PCIe,ALL,US,1Y,market_intelligence,7,5.8439,5.7585,5.7585,median,5.2350,6.3235,5.2350,6.8055,5.8439,5.8439,5.8439,1,56,azure,10000.0,1,8,1,24,1,56,Low,Shadow,2026-09-17,2026-09-23,v2.4.0,direct,,,,,,,,
CRI-T1-H100-NVL-PCIe-ALL-3yr-ALL,2026-09-23,T1,T1,H100,PCIe,ALL,ALL,3Y,market_intelligence,7,4.6358,4.7603,4.7603,median,4.4148,4.9907,3.8390,5.4898,4.6358,4.6358,4.6358,1,112,azure,10000.0,1,16,1,48,1,112,Low,Shadow,2026-09-17,2026-09-23,v2.4.0,direct,,,,,,,,
CRI-T1-H100-NVL-PCIe-ALL-3yr-EU,2026-09-23,T1,T1,H100,PCIe,ALL,EU,3Y,market_intelligence,7,4.9861,4.9907,4.9907,median,4.9427,5.0023,4.6068,5.4898,4.9861,4.9861,4.9861,1,56,azure,10000.0,1,8,1,24,1,56,Low,Shadow,2026-09-17,2026-09-23,v2.4.0,direct,,,,,,,,
CRI-T1-H100-NVL-PCIe-ALL-3yr-US,2026-09-23,T1,T1,H100,PCIe,ALL,US,3Y,market_intelligence,7,4.2855,4.2229,4.2229,median,3.8390,4.6372,3.8390,4.9907,4.2855,4.2855,4.2855,1,56,azure,10000.0,1,8,1,24,1,56,Low,Shadow,2026-09-17,2026-09-23,v2.4.0,direct,,,,,,,,
CRI-T1-H100-NVL-PCIe-ALL-OD-ALL,2026-09-23,T1,T1,H100,PCIe,ALL,ALL,OnDemand,citable,7,5.0395,5.1815,5.1815,median,1.6767,8.6200,1.2899,9.9815,5.0395,5.0395,5.0395,1,224,azure,10000.0,1,32,1,96,1,224,Low,Shadow,2026-09-17,2026-09-23,v2.4.0,direct,,,,,,,,
CRI-T1-H100-NVL-PCIe-ALL-OD-EU,2026-09-23,T1,T1,H100,PCIe,ALL,EU,OnDemand,citable,7,5.4130,5.4383,5.4383,median,1.8088,9.0740,1.5479,9.9815,5.4130,5.4130,5.4130,1,112,azure,10000.0,1,16,1,48,1,112,Low,Shadow,2026-09-17,2026-09-23,v2.4.0,direct,,,,,,,,
CRI-T1-H100-NVL-PCIe-ALL-OD-US,2026-09-23,T1,T1,H100,PCIe,ALL,US,OnDemand,citable,7,4.6660,4.5750,4.5750,median,1.5099,7.3290,1.2899,9.0740,4.6660,4.6660,4.6660,1,112,azure,10000.0,1,16,1,48,1,112,Low,Shadow,2026-09-17,2026-09-23,v2.4.0,direct,,,,,,,,
CRI-T1-H100-NVL-PCIe-GTD-1yr-ALL,2026-09-23,T1,T1,H100,PCIe,GTD,ALL,1Y,market_intelligence,7,6.3215,6.4913,6.4913,median,6.0202,6.8055,5.2350,7.4861,6.3215,6.3215,6.3215,1,112,azure,10000.0,1,16,1,48,1,112,Low,Shadow,2026-09-17,2026-09-23,v2.4.0,direct,,,,,,,,
CRI-T1-H100-NVL-PCIe-GTD-1yr-EU,2026-09-23,T1,T1,H100,PCIe,GTD,EU,1Y,market_intelligence,7,6.7992,6.8055,6.8055,median,6.7401,6.8213,6.2820,7.4861,6.7992,6.7992,6.7992,1,56,azure,10000.0,1,8,1,24,1,56,Low,Shadow,2026-09-17,2026-09-23,v2.4.0,direct,,,,,,,,
CRI-T1-H100-NVL-PCIe-GTD-1yr-US,2026-09-23,T1,T1,H100,PCIe,GTD,US,1Y,market_intelligence,7,5.8439,5.7585,5.7585,median,5.2350,6.3235,5.2350,6.8055,5.8439,5.8439,5.8439,1,56,azure,10000.0,1,8,1,24,1,56,Low,Shadow,2026-09-17,2026-09-23,v2.4.0,direct,,,,,,,,
CRI-T1-H100-NVL-PCIe-GTD-3yr-ALL,2026-09-23,T1,T1,H100,PCIe,GTD,ALL,3Y,market_intelligence,7,4.6358,4.7603,4.7603,median,4.4148,4.9907,3.8390,5.4898,4.6358,4.6358,4.6358,1,112,azure,10000.0,1,16,1,48,1,112,Low,Shadow,2026-09-17,2026-09-23,v2.4.0,direct,,,,,,,,
CRI-T1-H100-NVL-PCIe-GTD-3yr-EU,2026-09-23,T1,T1,H100,PCIe,GTD,EU,3Y,market_intelligence,7,4.9861,4.9907,4.9907,median,4.9427,5.0023,4.6068,5.4898,4.9861,4.9861,4.9861,1,56,azure,10000.0,1,8,1,24,1,56,Low,Shadow,2026-09-17,2026-09-23,v2.4.0,direct,,,,,,,,
CRI-T1-H100-NVL-PCIe-GTD-3yr-US,2026-09-23,T1,T1,H100,PCIe,GTD,US,3Y,market_intelligence,7,4.2855,4.2229,4.2229,median,3.8390,4.6372,3.8390,4.9907,4.2855,4.2855,4.2855,1,56,azure,10000.0,1,8,1,24,1,56,Low,Shadow,2026-09-17,2026-09-23,v2.4.0,direct,,,,,,,,
CRI-T1-H100-NVL-PCIe-GTD-OD-ALL,2026-09-23,T1,T1,H100,PCIe,GTD,ALL,OnDemand,citable,7,8.4287,8.6550,8.6550,median,8.0270,9.0740,6.9800,9.9815,8.4287,8.4287,8.4287,1,112,azure,10000.0,1,16,1,48,1,112,Low,Shadow,2026-09-17,2026-09-23,v2.4.0,direct,,,,,,,,
CRI-T1-H100-NVL-PCIe-GTD-OD-EU,2026-09-23,T1,T1,H100,PCIe,GTD,EU,OnDemand,citable,7,9.0656,9.0740,9.0740,median,8.9868,9.0950,8.3760,9.9815,9.0656,9.0656,9.0656,1,56,azure,10000.0,1,8,1,24,1,56,Low,Shadow,2026-09-17,2026-09-23,v2.4.0,direct,,,,,,,,
CRI-T1-H100-NVL-PCIe-GTD-OD-US,2026-09-23,T1,T1,H100,PCIe,GTD,US,OnDemand,citable,7,7.7919,7.6780,7.6780,median,6.9800,8.4313,6.9800,9.0740,7.7919,7.7919,7.7919,1,56,azure,10000.0,1,8,1,24,1,56,Low,Shadow,2026-09-17,2026-09-23,v2.4.0,direct,,,,,,,,
CRI-T1-H100-NVL-PCIe-INT-OD-ALL,2026-09-23,T1,T1,H100,PCIe,INT,ALL,OnDemand,citable,7,1.6502,1.6764,1.6764,median,1.5099,1.8150,1.2899,1.9965,1.6502,1.6502,1.6502,1,112,azure,10000.0,1,16,1,48,1,112,Low,Shadow,2026-09-17,2026-09-23,v2.4.0,direct,,,,,,,,
CRI-T1-H100-NVL-PCIe-INT-OD-EU,2026-09-23,T1,T1,H100,PCIe,INT,EU,OnDemand,citable,7,1.7604,1.8026,1.8026,median,1.6608,1.8190,1.5479,1.9965,1.7604,1.7604,1.7604,1,56,azure,10000.0,1,8,1,24,1,56,Low,Shadow,2026-09-17,2026-09-23,v2.4.0,direct,,,,,,,,
CRI-T1-H100-NVL-PCIe-INT-OD-US,2026-09-23,T1,T1,H100,PCIe,INT,US,OnDemand,citable,7,1.5401,1.4720,1.4720,median,1.3960,1.7079,1.2899,1.8150,1.5401,1.5401,1.5401,1,56,azure,10000.0,1,8,1,24,1,56,Low,Shadow,2026-09-17,2026-09-23,v2.4.0,direct,,,,,,,,
CRI-T1-H100-SXM-ALL-5yr-ALL,2026-09-23,T1,T1,H100,SXM,ALL,ALL,5Y,market_intelligence,7,5.9024,6.0467,6.0467,median,4.9160,6.3908,4.9160,7.0299,5.9024,5.9024,5.9024,1,105,azure,10000.0,1,15,1,45,1,105,Low,Shadow,2026-09-17,2026-09-23,v2.4.0,direct,,,,,,,,
CRI-T1-H100-SXM-ALL-5yr-EU,2026-09-23,T1,T1,H100,SXM,ALL,EU,5Y,market_intelligence,7,6.4563,6.3908,6.3908,median,6.3908,6.3908,6.1450,7.0299,6.4563,6.4563,6.4563,1,42,azure,10000.0,1,6,1,18,1,42,Low,Shadow,2026-09-17,2026-09-23,v2.4.0,direct,,,,,,,,
CRI-T1-H100-SXM-ALL-5yr-US,2026-09-23,T1,T1,H100,SXM,ALL,US,5Y,market_intelligence,7,5.5331,5.8984,5.8984,median,4.9160,5.8992,4.9160,6.3908,5.5331,5.5331,5.5331,1,63,azure,10000.0,1,9,1,27,1,63,Low,Shadow,2026-09-17,2026-09-23,v2.4.0,direct,,,,,,,,
CRI-T1-H100-SXM-ALL-CB-ALL,2026-09-23,T1,T1,H100,SXM,ALL,ALL,CapacityBlock,market_intelligence,7,5.1910,5.1910,5.1910,median,5.1910,5.1910,5.1910,5.1910,5.1910,5.1910,5.1910,1,7,aws_capacity_blocks,10000.0,1,1,1,3,1,7,Low,Shadow,2026-09-17,2026-09-23,v2.4.0,direct,,,,,,,,
CRI-T1-H100-SXM-ALL-CB-US,2026-09-23,T1,T1,H100,SXM,ALL,US,CapacityBlock,market_intelligence,7,5.1910,5.1910,5.1910,median,5.1910,5.1910,5.1910,5.1910,5.1910,5.1910,5.1910,1,7,aws_capacity_blocks,10000.0,1,1,1,3,1,7,Low,Shadow,2026-09-17,2026-09-23,v2.4.0,direct,,,,,,,,
CRI-T1-H100-SXM-ALL-FLEX-ALL,2026-09-23,T1,T1,H100,SXM,ALL,ALL,FlexStart,market_intelligence,7,4.9150,4.9150,4.9150,median,4.7900,5.0400,4.7900,5.0400,4.9150,4.9150,4.9150,1,14,gcp_dws,10000.0,1,2,1,6,1,14,Low,Shadow,2026-09-17,2026-09-23,v2.4.0,direct,,,,,,,,
CRI-T1-H100-SXM-ALL-FLEX-US,2026-09-23,T1,T1,H100,SXM,ALL,US,FlexStart,market_intelligence,7,4.9150,4.9150,4.9150,median,4.7900,5.0400,4.7900,5.0400,4.9150,4.9150,4.9150,1,14,gcp_dws,10000.0,1,2,1,6,1,14,Low,Shadow,2026-09-17,2026-09-23,v2.4.0,direct,,,,,,,,
CRI-T1-H100-SXM-GTD-5yr-ALL,2026-09-23,T1,T1,H100,SXM,GTD,ALL,5Y,market_intelligence,7,5.9024,6.0467,6.0467,median,4.9160,6.3908,4.9160,7.0299,5.9024,5.9024,5.9024,1,105,azure,10000.0,1,15,1,45,1,105,Low,Shadow,2026-09-17,2026-09-23,v2.4.0,direct,,,,,,,,
CRI-T1-H100-SXM-GTD-5yr-EU,2026-09-23,T1,T1,H100,SXM,GTD,EU,5Y,market_intelligence,7,6.4563,6.3908,6.3908,median,6.3908,6.3908,6.1450,7.0299,6.4563,6.4563,6.4563,1,42,azure,10000.0,1,6,1,18,1,42,Low,Shadow,2026-09-17,2026-09-23,v2.4.0,direct,,,,,,,,
CRI-T1-H100-SXM-GTD-5yr-US,2026-09-23,T1,T1,H100,SXM,GTD,US,5Y,market_intelligence,7,5.5331,5.8984,5.8984,median,4.9160,5.8992,4.9160,6.3908,5.5331,5.5331,5.5331,1,63,azure,10000.0,1,9,1,27,1,63,Low,Shadow,2026-09-17,2026-09-23,v2.4.0,direct,,,,,,,,
CRI-T1-H100-SXM-GTD-CB-ALL,2026-09-23,T1,T1,H100,SXM,GTD,ALL,CapacityBlock,market_intelligence,7,5.1910,5.1910,5.1910,median,5.1910,5.1910,5.1910,5.1910,5.1910,5.1910,5.1910,1,7,aws_capacity_blocks,10000.0,1,1,1,3,1,7,Low,Shadow,2026-09-17,2026-09-23,v2.4.0,direct,,,,,,,,
CRI-T1-H100-SXM-GTD-CB-US,2026-09-23,T1,T1,H100,SXM,GTD,US,CapacityBlock,market_intelligence,7,5.1910,5.1910,5.1910,median,5.1910,5.1910,5.1910,5.1910,5.1910,5.1910,5.1910,1,7,aws_capacity_blocks,10000.0,1,1,1,3,1,7,Low,Shadow,2026-09-17,2026-09-23,v2.4.0,direct,,,,,,,,
CRI-T1-H100-SXM-GTD-FLEX-ALL,2026-09-23,T1,T1,H100,SXM,GTD,ALL,FlexStart,market_intelligence,7,4.9150,4.9150,4.9150,median,4.7900,5.0400,4.7900,5.0400,4.9150,4.9150,4.9150,1,14,gcp_dws,10000.0,1,2,1,6,1,14,Low,Shadow,2026-09-17,2026-09-23,v2.4.0,direct,,,,,,,,
CRI-T1-H100-SXM-GTD-FLEX-US,2026-09-23,T1,T1,H100,SXM,GTD,US,FlexStart,market_intelligence,7,4.9150,4.9150,4.9150,median,4.7900,5.0400,4.7900,5.0400,4.9150,4.9150,4.9150,1,14,gcp_dws,10000.0,1,2,1,6,1,14,Low,Shadow,2026-09-17,2026-09-23,v2.4.0,direct,,,,,,,,
CRI-T1-H200-ALL-ALL-CB-ALL,2026-09-23,T1,T1,H200,ALL,ALL,ALL,CapacityBlock,market_intelligence,7,5.9700,5.9700,5.9700,median,5.9700,5.9700,5.9700,5.9700,5.9700,5.9700,5.9700,1,7,aws_capacity_blocks,10000.0,1,1,1,3,1,7,Low,Shadow,2026-09-17,2026-09-23,v2.4.0,direct,,,,,,,,
CRI-T1-H200-ALL-ALL-CB-Other,2026-09-23,T1,T1,H200,ALL,ALL,Other,CapacityBlock,market_intelligence,7,5.9700,5.9700,5.9700,median,5.9700,5.9700,5.9700,5.9700,5.9700,5.9700,5.9700,1,7,aws_capacity_blocks,10000.0,1,1,1,3,1,7,Low,Shadow,2026-09-17,2026-09-23,v2.4.0,direct,,,,,,,,
CRI-T1-H200-ALL-ALL-CB-US,2026-09-23,T1,T1,H200,ALL,ALL,US,CapacityBlock,market_intelligence,7,5.9700,5.9700,5.9700,median,5.9700,5.9700,5.9700,5.9700,5.9700,5.9700,5.9700,1,7,aws_capacity_blocks,10000.0,1,1,1,3,1,7,Low,Shadow,2026-09-17,2026-09-23,v2.4.0,direct,,,,,,,,
CRI-T1-H200-ALL-ALL-FLEX-ALL,2026-09-23,T1,T1,H200,ALL,ALL,ALL,FlexStart,market_intelligence,7,5.3000,5.3000,5.3000,median,5.3000,5.3000,5.3000,5.3000,5.3000,5.3000,5.3000,1,7,gcp_dws,10000.0,1,1,1,3,1,7,Low,Shadow,2026-09-17,2026-09-23,v2.4.0,direct,,,,,,,,
CRI-T1-H200-ALL-ALL-FLEX-US,2026-09-23,T1,T1,H200,ALL,ALL,US,FlexStart,market_intelligence,7,5.3000,5.3000,5.3000,median,5.3000,5.3000,5.3000,5.3000,5.3000,5.3000,5.3000,1,7,gcp_dws,10000.0,1,1,1,3,1,7,Low,Shadow,2026-09-17,2026-09-23,v2.4.0,direct,,,,,,,,
CRI-T1-H200-ALL-GTD-CB-ALL,2026-09-23,T1,T1,H200,ALL,GTD,ALL,CapacityBlock,market_intelligence,7,5.9700,5.9700,5.9700,median,5.9700,5.9700,5.9700,5.9700,5.9700,5.9700,5.9700,1,7,aws_capacity_blocks,10000.0,1,1,1,3,1,7,Low,Shadow,2026-09-17,2026-09-23,v2.4.0,direct,,,,,,,,
CRI-T1-H200-ALL-GTD-CB-Other,2026-09-23,T1,T1,H200,ALL,GTD,Other,CapacityBlock,market_intelligence,7,5.9700,5.9700,5.9700,median,5.9700,5.9700,5.9700,5.9700,5.9700,5.9700,5.9700,1,7,aws_capacity_blocks,10000.0,1,1,1,3,1,7,Low,Shadow,2026-09-17,2026-09-23,v2.4.0,direct,,,,,,,,
CRI-T1-H200-ALL-GTD-CB-US,2026-09-23,T1,T1,H200,ALL,GTD,US,CapacityBlock,market_intelligence,7,5.9700,5.9700,5.9700,median,5.9700,5.9700,5.9700,5.9700,5.9700,5.9700,5.9700,1,7,aws_capacity_blocks,10000.0,1,1,1,3,1,7,Low,Shadow,2026-09-17,2026-09-23,v2.4.0,direct,,,,,,,,
CRI-T1-H200-ALL-GTD-FLEX-ALL,2026-09-23,T1,T1,H200,ALL,GTD,ALL,FlexStart,market_intelligence,7,5.3000,5.3000,5.3000,median,5.3000,5.3000,5.3000,5.3000,5.3000,5.3000,5.3000,1,7,gcp_dws,10000.0,1,1,1,3,1,7,Low,Shadow,2026-09-17,2026-09-23,v2.4.0,direct,,,,,,,,
CRI-T1-H200-ALL-GTD-FLEX-US,2026-09-23,T1,T1,H200,ALL,GTD,US,FlexStart,market_intelligence,7,5.3000,5.3000,5.3000,median,5.3000,5.3000,5.3000,5.3000,5.3000,5.3000,5.3000,1,7,gcp_dws,10000.0,1,1,1,3,1,7,Low,Shadow,2026-09-17,2026-09-23,v2.4.0,direct,,,,,,,,
CRI-T1-H200-SXM-ALL-CB-ALL,2026-09-23,T1,T1,H200,SXM,ALL,ALL,CapacityBlock,market_intelligence,7,5.9700,5.9700,5.9700,median,5.9700,5.9700,5.9700,5.9700,5.9700,5.9700,5.9700,1,7,aws_capacity_blocks,10000.0,1,1,1,3,1,7,Low,Shadow,2026-09-17,2026-09-23,v2.4.0,direct,,,,,,,,
CRI-T1-H200-SXM-ALL-CB-US,2026-09-23,T1,T1,H200,SXM,ALL,US,CapacityBlock,market_intelligence,7,5.9700,5.9700,5.9700,median,5.9700,5.9700,5.9700,5.9700,5.9700,5.9700,5.9700,1,7,aws_capacity_blocks,10000.0,1,1,1,3,1,7,Low,Shadow,2026-09-17,2026-09-23,v2.4.0,direct,,,,,,,,
CRI-T1-H200-SXM-ALL-FLEX-ALL,2026-09-23,T1,T1,H200,SXM,ALL,ALL,FlexStart,market_intelligence,7,5.3000,5.3000,5.3000,median,5.3000,5.3000,5.3000,5.3000,5.3000,5.3000,5.3000,1,7,gcp_dws,10000.0,1,1,1,3,1,7,Low,Shadow,2026-09-17,2026-09-23,v2.4.0,direct,,,,,,,,
CRI-T1-H200-SXM-ALL-FLEX-US,2026-09-23,T1,T1,H200,SXM,ALL,US,FlexStart,market_intelligence,7,5.3000,5.3000,5.3000,median,5.3000,5.3000,5.3000,5.3000,5.3000,5.3000,5.3000,1,7,gcp_dws,10000.0,1,1,1,3,1,7,Low,Shadow,2026-09-17,2026-09-23,v2.4.0,direct,,,,,,,,
CRI-T1-H200-SXM-GTD-CB-ALL,2026-09-23,T1,T1,H200,SXM,GTD,ALL,CapacityBlock,market_intelligence,7,5.9700,5.9700,5.9700,median,5.9700,5.9700,5.9700,5.9700,5.9700,5.9700,5.9700,1,7,aws_capacity_blocks,10000.0,1,1,1,3,1,7,Low,Shadow,2026-09-17,2026-09-23,v2.4.0,direct,,,,,,,,
CRI-T1-H200-SXM-GTD-CB-US,2026-09-23,T1,T1,H200,SXM,GTD,US,CapacityBlock,market_intelligence,7,5.9700,5.9700,5.9700,median,5.9700,5.9700,5.9700,5.9700,5.9700,5.9700,5.9700,1,7,aws_capacity_blocks,10000.0,1,1,1,3,1,7,Low,Shadow,2026-09-17,2026-09-23,v2.4.0,direct,,,,,,,,
CRI-T1-H200-SXM-GTD-FLEX-ALL,2026-09-23,T1,T1,H200,SXM,GTD,ALL,FlexStart,market_intelligence,7,5.3000,5.3000,5.3000,median,5.3000,5.3000,5.3000,5.3000,5.3000,5.3000,5.3000,1,7,gcp_dws,10000.0,1,1,1,3,1,7,Low,Shadow,2026-09-17,2026-09-23,v2.4.0,direct,,,,,,,,
CRI-T1-H200-SXM-GTD-FLEX-US,2026-09-23,T1,T1,H200,SXM,GTD,US,FlexStart,market_intelligence,7,5.3000,5.3000,5.3000,median,5.3000,5.3000,5.3000,5.3000,5.3000,5.3000,5.3000,1,7,gcp_dws,10000.0,1,1,1,3,1,7,Low,Shadow,2026-09-17,2026-09-23,v2.4.0,direct,,,,,,,,
CRI-T1-L4-ALL-ALL-1yr-ALL,2026-09-23,T1,T1,L4,ALL,ALL,ALL,1Y,market_intelligence,7,0.7216,0.7244,0.7244,median,0.6624,0.7576,0.6282,0.8703,0.7216,0.7216,0.7216,1,154,gcp,10000.0,1,22,1,66,1,154,Low,Shadow,2026-09-17,2026-09-23,v2.4.0,direct,,,,,,,,
CRI-T1-L4-ALL-ALL-1yr-APAC,2026-09-23,T1,T1,L4,ALL,ALL,APAC,1Y,market_intelligence,7,0.7855,0.8094,0.8094,median,0.7298,0.8191,0.6561,0.8817,0.7855,0.7855,0.7855,1,77,gcp,10000.0,1,11,1,33,1,77,Low,Shadow,2026-09-17,2026-09-23,v2.4.0,direct,,,,,,,,
CRI-T1-L4-ALL-ALL-1yr-EU,2026-09-23,T1,T1,L4,ALL,ALL,EU,1Y,market_intelligence,7,0.7539,0.7369,0.7369,median,0.7117,0.7960,0.6624,0.8703,0.7539,0.7539,0.7539,1,84,gcp,10000.0,1,12,1,36,1,84,Low,Shadow,2026-09-17,2026-09-23,v2.4.0,direct,,,,,,,,
CRI-T1-L4-ALL-ALL-1yr-Other,2026-09-23,T1,T1,L4,ALL,ALL,Other,1Y,market_intelligence,7,0.8227,0.7951,0.7951,median,0.6940,0.9262,0.6933,1.0084,0.8227,0.8227,0.8227,1,56,gcp,10000.0,1,8,1,24,1,56,Low,Shadow,2026-09-17,2026-09-23,v2.4.0,direct,,,,,,,,
CRI-T1-L4-ALL-ALL-1yr-US,2026-09-23,T1,T1,L4,ALL,ALL,US,1Y,market_intelligence,7,0.6828,0.6701,0.6701,median,0.6303,0.7437,0.6282,0.7576,0.6828,0.6828,0.6828,1,70,gcp,10000.0,1,10,1,30,1,70,Low,Shadow,2026-09-17,2026-09-23,v2.4.0,direct,,,,,,,,
CRI-T1-L4-ALL-ALL-3yr-ALL,2026-09-23,T1,T1,L4,ALL,ALL,ALL,3Y,market_intelligence,7,0.5154,0.5174,0.5174,median,0.4732,0.5412,0.4487,0.6217,0.5154,0.5154,0.5154,1,154,gcp,10000.0,1,22,1,66,1,154,Low,Shadow,2026-09-17,2026-09-23,v2.4.0,direct,,,,,,,,
CRI-T1-L4-ALL-ALL-3yr-APAC,2026-09-23,T1,T1,L4,ALL,ALL,APAC,3Y,market_intelligence,7,0.5619,0.5781,0.5781,median,0.5213,0.5850,0.4686,0.6298,0.5619,0.5619,0.5619,1,77,gcp,10000.0,1,11,1,33,1,77,Low,Shadow,2026-09-17,2026-09-23,v2.4.0,direct,,,,,,,,
CRI-T1-L4-ALL-ALL-3yr-EU,2026-09-23,T1,T1,L4,ALL,ALL,EU,3Y,market_intelligence,7,0.5385,0.5264,0.5264,median,0.5084,0.5685,0.4732,0.6217,0.5385,0.5385,0.5385,1,84,gcp,10000.0,1,12,1,36,1,84,Low,Shadow,2026-09-17,2026-09-23,v2.4.0,direct,,,,,,,,
CRI-T1-L4-ALL-ALL-3yr-Other,2026-09-23,T1,T1,L4,ALL,ALL,Other,3Y,market_intelligence,7,0.5877,0.5679,0.5679,median,0.4957,0.6616,0.4952,0.7203,0.5877,0.5877,0.5877,1,56,gcp,10000.0,1,8,1,24,1,56,Low,Shadow,2026-09-17,2026-09-23,v2.4.0,direct,,,,,,,,
CRI-T1-L4-ALL-ALL-3yr-US,2026-09-23,T1,T1,L4,ALL,ALL,US,3Y,market_intelligence,7,0.4877,0.4787,0.4787,median,0.4502,0.5312,0.4487,0.5412,0.4877,0.4877,0.4877,1,70,gcp,10000.0,1,10,1,30,1,70,Low,Shadow,2026-09-17,2026-09-23,v2.4.0,direct,,,,,,,,
CRI-T1-L4-ALL-ALL-OD-ALL,2026-09-23,T1,T1,L4,ALL,ALL,ALL,OnDemand,citable,7,0.8708,0.8562,0.8562,median,0.6308,1.0640,0.5320,1.3604,0.8719,0.8714,0.8708,1,140,gcp,10000.0,1,20,1,60,1,140,Low,Shadow,2026-09-17,2026-09-23,v2.4.0,direct,,,,,,,,
CRI-T1-L4-ALL-ALL-OD-APAC,2026-09-23,T1,T1,L4,ALL,ALL,APAC,OnDemand,citable,7,0.9158,0.9262,0.9262,median,0.6609,1.2342,0.4385,1.2847,0.9198,0.9179,0.9158,1,70,gcp,10000.0,1,10,1,30,1,70,Low,Shadow,2026-09-17,2026-09-23,v2.4.0,direct,,,,,,,,
CRI-T1-L4-ALL-ALL-OD-EU,2026-09-23,T1,T1,L4,ALL,ALL,EU,OnDemand,citable,7,0.9283,0.9113,0.9113,median,0.6834,1.1391,0.6105,1.3604,0.9305,0.9295,0.9283,1,70,gcp,10000.0,1,10,1,30,1,70,Low,Shadow,2026-09-17,2026-09-23,v2.4.0,direct,,,,,,,,
CRI-T1-L4-ALL-ALL-OD-Other,2026-09-23,T1,T1,L4,ALL,ALL,Other,OnDemand,citable,7,0.8800,0.8804,0.8804,median,0.6607,1.1016,0.6592,1.1016,0.8862,0.8833,0.8800,1,35,gcp,10000.0,1,5,1,15,1,35,Low,Shadow,2026-09-17,2026-09-23,v2.4.0,direct,,,,,,,,
CRI-T1-L4-ALL-ALL-OD-US,2026-09-23,T1,T1,L4,ALL,ALL,US,OnDemand,citable,7,0.8134,0.8003,0.8003,median,0.6002,1.0004,0.5320,1.1268,0.8134,0.8134,0.8134,1,70,gcp,10000.0,1,10,1,30,1,70,Low,Shadow,2026-09-17,2026-09-23,v2.4.0,direct,,,,,,,,
CRI-T1-L4-ALL-GTD-1yr-ALL,2026-09-23,T1,T1,L4,ALL,GTD,ALL,1Y,market_intelligence,7,0.7216,0.7244,0.7244,median,0.6624,0.7576,0.6282,0.8703,0.7216,0.7216,0.7216,1,154,gcp,10000.0,1,22,1,66,1,154,Low,Shadow,2026-09-17,2026-09-23,v2.4.0,direct,,,,,,,,
CRI-T1-L4-ALL-GTD-1yr-APAC,2026-09-23,T1,T1,L4,ALL,GTD,APAC,1Y,market_intelligence,7,0.7855,0.8094,0.8094,median,0.7298,0.8191,0.6561,0.8817,0.7855,0.7855,0.7855,1,77,gcp,10000.0,1,11,1,33,1,77,Low,Shadow,2026-09-17,2026-09-23,v2.4.0,direct,,,,,,,,
CRI-T1-L4-ALL-GTD-1yr-EU,2026-09-23,T1,T1,L4,ALL,GTD,EU,1Y,market_intelligence,7,0.7539,0.7369,0.7369,median,0.7117,0.7960,0.6624,0.8703,0.7539,0.7539,0.7539,1,84,gcp,10000.0,1,12,1,36,1,84,Low,Shadow,2026-09-17,2026-09-23,v2.4.0,direct,,,,,,,,
CRI-T1-L4-ALL-GTD-1yr-Other,2026-09-23,T1,T1,L4,ALL,GTD,Other,1Y,market_intelligence,7,0.8227,0.7951,0.7951,median,0.6940,0.9262,0.6933,1.0084,0.8227,0.8227,0.8227,1,56,gcp,10000.0,1,8,1,24,1,56,Low,Shadow,2026-09-17,2026-09-23,v2.4.0,direct,,,,,,,,
CRI-T1-L4-ALL-GTD-1yr-US,2026-09-23,T1,T1,L4,ALL,GTD,US,1Y,market_intelligence,7,0.6828,0.6701,0.6701,median,0.6303,0.7437,0.6282,0.7576,0.6828,0.6828,0.6828,1,70,gcp,10000.0,1,10,1,30,1,70,Low,Shadow,2026-09-17,2026-09-23,v2.4.0,direct,,,,,,,,
CRI-T1-L4-ALL-GTD-3yr-ALL,2026-09-23,T1,T1,L4,ALL,GTD,ALL,3Y,market_intelligence,7,0.5154,0.5174,0.5174,median,0.4732,0.5412,0.4487,0.6217,0.5154,0.5154,0.5154,1,154,gcp,10000.0,1,22,1,66,1,154,Low,Shadow,2026-09-17,2026-09-23,v2.4.0,direct,,,,,,,,
CRI-T1-L4-ALL-GTD-3yr-APAC,2026-09-23,T1,T1,L4,ALL,GTD,APAC,3Y,market_intelligence,7,0.5619,0.5781,0.5781,median,0.5213,0.5850,0.4686,0.6298,0.5619,0.5619,0.5619,1,77,gcp,10000.0,1,11,1,33,1,77,Low,Shadow,2026-09-17,2026-09-23,v2.4.0,direct,,,,,,,,
CRI-T1-L4-ALL-GTD-3yr-EU,2026-09-23,T1,T1,L4,ALL,GTD,EU,3Y,market_intelligence,7,0.5385,0.5264,0.5264,median,0.5084,0.5685,0.4732,0.6217,0.5385,0.5385,0.5385,1,84,gcp,10000.0,1,12,1,36,1,84,Low,Shadow,2026-09-17,2026-09-23,v2.4.0,direct,,,,,,,,
CRI-T1-L4-ALL-GTD-3yr-Other,2026-09-23,T1,T1,L4,ALL,GTD,Other,3Y,market_intelligence,7,0.5877,0.5679,0.5679,median,0.4957,0.6616,0.4952,0.7203,0.5877,0.5877,0.5877,1,56,gcp,10000.0,1,8,1,24,1,56,Low,Shadow,2026-09-17,2026-09-23,v2.4.0,direct,,,,,,,,
CRI-T1-L4-ALL-GTD-3yr-US,2026-09-23,T1,T1,L4,ALL,GTD,US,3Y,market_intelligence,7,0.4877,0.4787,0.4787,median,0.4502,0.5312,0.4487,0.5412,0.4877,0.4877,0.4877,1,70,gcp,10000.0,1,10,1,30,1,70,Low,Shadow,2026-09-17,2026-09-23,v2.4.0,direct,,,,,,,,
CRI-T1-L4-ALL-GTD-OD-ALL,2026-09-23,T1,T1,L4,ALL,GTD,ALL,OnDemand,citable,7,1.0957,1.0766,1.0766,median,1.0004,1.1391,0.9971,1.3604,1.0957,1.0957,1.0957,1,70,gcp,10000.0,1,10,1,30,1,70,Low,Shadow,2026-09-17,2026-09-23,v2.4.0,direct,,,,,,,,
CRI-T1-L4-ALL-GTD-OD-APAC,2026-09-23,T1,T1,L4,ALL,GTD,APAC,OnDemand,citable,7,1.2007,1.2342,1.2342,median,1.1584,1.2847,1.0414,1.2847,1.2007,1.2007,1.2007,1,35,gcp,10000.0,1,5,1,15,1,35,Low,Shadow,2026-09-17,2026-09-23,v2.4.0,direct,,,,,,,,
CRI-T1-L4-ALL-GTD-OD-EU,2026-09-23,T1,T1,L4,ALL,GTD,EU,OnDemand,citable,7,1.1663,1.1391,1.1391,median,1.1016,1.1790,1.0515,1.3604,1.1663,1.1663,1.1663,1,35,gcp,10000.0,1,5,1,15,1,35,Low,Shadow,2026-09-17,2026-09-23,v2.4.0,direct,,,,,,,,
CRI-T1-L4-ALL-GTD-OD-Other,2026-09-23,T1,T1,L4,ALL,GTD,Other,OnDemand,citable,7,1.1016,1.1016,1.1016,median,1.1016,1.1016,1.1016,1.1016,1.1016,1.1016,1.1016,1,14,gcp,10000.0,1,2,1,6,1,14,Low,Shadow,2026-09-17,2026-09-23,v2.4.0,direct,,,,,,,,
CRI-T1-L4-ALL-GTD-OD-US,2026-09-23,T1,T1,L4,ALL,GTD,US,OnDemand,citable,7,1.0250,1.0004,1.0004,median,1.0004,1.0004,0.9971,1.1268,1.0250,1.0250,1.0250,1,35,gcp,10000.0,1,5,1,15,1,35,Low,Shadow,2026-09-17,2026-09-23,v2.4.0,direct,,,,,,,,
CRI-T1-L4-ALL-INT-OD-ALL,2026-09-23,T1,T1,L4,ALL,INT,ALL,OnDemand,citable,7,0.6460,0.6207,0.6207,median,0.6002,0.6834,0.5320,0.8141,0.6482,0.6472,0.6460,1,70,gcp,10000.0,1,10,1,30,1,70,Low,Shadow,2026-09-17,2026-09-23,v2.4.0,direct,,,,,,,,
CRI-T1-L4-ALL-INT-OD-APAC,2026-09-23,T1,T1,L4,ALL,INT,APAC,OnDemand,citable,7,0.6310,0.6609,0.6609,median,0.5304,0.7406,0.4385,0.7688,0.6389,0.6352,0.6310,1,35,gcp,10000.0,1,5,1,15,1,35,Low,Shadow,2026-09-17,2026-09-23,v2.4.0,direct,,,,,,,,
CRI-T1-L4-ALL-INT-OD-EU,2026-09-23,T1,T1,L4,ALL,INT,EU,OnDemand,citable,7,0.6903,0.6834,0.6834,median,0.6308,0.7039,0.6105,0.8141,0.6946,0.6926,0.6903,1,35,gcp,10000.0,1,5,1,15,1,35,Low,Shadow,2026-09-17,2026-09-23,v2.4.0,direct,,,,,,,,
CRI-T1-L4-ALL-INT-OD-Other,2026-09-23,T1,T1,L4,ALL,INT,Other,OnDemand,citable,7,0.7322,0.6607,0.6607,median,0.6592,0.8644,0.6592,0.9077,0.7425,0.7377,0.7322,1,21,gcp,10000.0,1,3,1,9,1,21,Low,Shadow,2026-09-17,2026-09-23,v2.4.0,direct,,,,,,,,
CRI-T1-L4-ALL-INT-OD-US,2026-09-23,T1,T1,L4,ALL,INT,US,OnDemand,citable,7,0.6017,0.6002,0.6002,median,0.6002,0.6002,0.5320,0.6761,0.6017,0.6017,0.6017,1,35,gcp,10000.0,1,5,1,15,1,35,Low,Shadow,2026-09-17,2026-09-23,v2.4.0,direct,,,,,,,,
CRI-T1-L4-PCIe-ALL-1yr-ALL,2026-09-23,T1,T1,L4,PCIe,ALL,ALL,1Y,market_intelligence,7,0.7216,0.7244,0.7244,median,0.6624,0.7576,0.6282,0.8703,0.7216,0.7216,0.7216,1,154,gcp,10000.0,1,22,1,66,1,154,Low,Shadow,2026-09-17,2026-09-23,v2.4.0,direct,,,,,,,,
CRI-T1-L4-PCIe-ALL-1yr-EU,2026-09-23,T1,T1,L4,PCIe,ALL,EU,1Y,market_intelligence,7,0.7539,0.7369,0.7369,median,0.7117,0.7960,0.6624,0.8703,0.7539,0.7539,0.7539,1,84,gcp,10000.0,1,12,1,36,1,84,Low,Shadow,2026-09-17,2026-09-23,v2.4.0,direct,,,,,,,,
CRI-T1-L4-PCIe-ALL-1yr-US,2026-09-23,T1,T1,L4,PCIe,ALL,US,1Y,market_intelligence,7,0.6828,0.6701,0.6701,median,0.6303,0.7437,0.6282,0.7576,0.6828,0.6828,0.6828,1,70,gcp,10000.0,1,10,1,30,1,70,Low,Shadow,2026-09-17,2026-09-23,v2.4.0,direct,,,,,,,,
CRI-T1-L4-PCIe-ALL-3yr-ALL,2026-09-23,T1,T1,L4,PCIe,ALL,ALL,3Y,market_intelligence,7,0.5154,0.5174,0.5174,median,0.4732,0.5412,0.4487,0.6217,0.5154,0.5154,0.5154,1,154,gcp,10000.0,1,22,1,66,1,154,Low,Shadow,2026-09-17,2026-09-23,v2.4.0,direct,,,,,,,,
CRI-T1-L4-PCIe-ALL-3yr-EU,2026-09-23,T1,T1,L4,PCIe,ALL,EU,3Y,market_intelligence,7,0.5385,0.5264,0.5264,median,0.5084,0.5685,0.4732,0.6217,0.5385,0.5385,0.5385,1,84,gcp,10000.0,1,12,1,36,1,84,Low,Shadow,2026-09-17,2026-09-23,v2.4.0,direct,,,,,,,,
CRI-T1-L4-PCIe-ALL-3yr-US,2026-09-23,T1,T1,L4,PCIe,ALL,US,3Y,market_intelligence,7,0.4877,0.4787,0.4787,median,0.4502,0.5312,0.4487,0.5412,0.4877,0.4877,0.4877,1,70,gcp,10000.0,1,10,1,30,1,70,Low,Shadow,2026-09-17,2026-09-23,v2.4.0,direct,,,,,,,,
CRI-T1-L4-PCIe-ALL-OD-ALL,2026-09-23,T1,T1,L4,PCIe,ALL,ALL,OnDemand,citable,7,0.8708,0.8562,0.8562,median,0.6308,1.0640,0.5320,1.3604,0.8719,0.8714,0.8708,1,140,gcp,10000.0,1,20,1,60,1,140,Low,Shadow,2026-09-17,2026-09-23,v2.4.0,direct,,,,,,,,
CRI-T1-L4-PCIe-ALL-OD-EU,2026-09-23,T1,T1,L4,PCIe,ALL,EU,OnDemand,citable,7,0.9283,0.9113,0.9113,median,0.6834,1.1391,0.6105,1.3604,0.9305,0.9295,0.9283,1,70,gcp,10000.0,1,10,1,30,1,70,Low,Shadow,2026-09-17,2026-09-23,v2.4.0,direct,,,,,,,,
CRI-T1-L4-PCIe-ALL-OD-US,2026-09-23,T1,T1,L4,PCIe,ALL,US,OnDemand,citable,7,0.8134,0.8003,0.8003,median,0.6002,1.0004,0.5320,1.1268,0.8134,0.8134,0.8134,1,70,gcp,10000.0,1,10,1,30,1,70,Low,Shadow,2026-09-17,2026-09-23,v2.4.0,direct,,,,,,,,
CRI-T1-L4-PCIe-GTD-1yr-ALL,2026-09-23,T1,T1,L4,PCIe,GTD,ALL,1Y,market_intelligence,7,0.7216,0.7244,0.7244,median,0.6624,0.7576,0.6282,0.8703,0.7216,0.7216,0.7216,1,154,gcp,10000.0,1,22,1,66,1,154,Low,Shadow,2026-09-17,2026-09-23,v2.4.0,direct,,,,,,,,
CRI-T1-L4-PCIe-GTD-1yr-EU,2026-09-23,T1,T1,L4,PCIe,GTD,EU,1Y,market_intelligence,7,0.7539,0.7369,0.7369,median,0.7117,0.7960,0.6624,0.8703,0.7539,0.7539,0.7539,1,84,gcp,10000.0,1,12,1,36,1,84,Low,Shadow,2026-09-17,2026-09-23,v2.4.0,direct,,,,,,,,
CRI-T1-L4-PCIe-GTD-1yr-US,2026-09-23,T1,T1,L4,PCIe,GTD,US,1Y,market_intelligence,7,0.6828,0.6701,0.6701,median,0.6303,0.7437,0.6282,0.7576,0.6828,0.6828,0.6828,1,70,gcp,10000.0,1,10,1,30,1,70,Low,Shadow,2026-09-17,2026-09-23,v2.4.0,direct,,,,,,,,
CRI-T1-L4-PCIe-GTD-3yr-ALL,2026-09-23,T1,T1,L4,PCIe,GTD,ALL,3Y,market_intelligence,7,0.5154,0.5174,0.5174,median,0.4732,0.5412,0.4487,0.6217,0.5154,0.5154,0.5154,1,154,gcp,10000.0,1,22,1,66,1,154,Low,Shadow,2026-09-17,2026-09-23,v2.4.0,direct,,,,,,,,
CRI-T1-L4-PCIe-GTD-3yr-EU,2026-09-23,T1,T1,L4,PCIe,GTD,EU,3Y,market_intelligence,7,0.5385,0.5264,0.5264,median,0.5084,0.5685,0.4732,0.6217,0.5385,0.5385,0.5385,1,84,gcp,10000.0,1,12,1,36,1,84,Low,Shadow,2026-09-17,2026-09-23,v2.4.0,direct,,,,,,,,
CRI-T1-L4-PCIe-GTD-3yr-US,2026-09-23,T1,T1,L4,PCIe,GTD,US,3Y,market_intelligence,7,0.4877,0.4787,0.4787,median,0.4502,0.5312,0.4487,0.5412,0.4877,0.4877,0.4877,1,70,gcp,10000.0,1,10,1,30,1,70,Low,Shadow,2026-09-17,2026-09-23,v2.4.0,direct,,,,,,,,
CRI-T1-L4-PCIe-GTD-OD-ALL,2026-09-23,T1,T1,L4,PCIe,GTD,ALL,OnDemand,citable,7,1.0957,1.0766,1.0766,median,1.0004,1.1391,0.9971,1.3604,1.0957,1.0957,1.0957,1,70,gcp,10000.0,1,10,1,30,1,70,Low,Shadow,2026-09-17,2026-09-23,v2.4.0,direct,,,,,,,,
CRI-T1-L4-PCIe-GTD-OD-EU,2026-09-23,T1,T1,L4,PCIe,GTD,EU,OnDemand,citable,7,1.1663,1.1391,1.1391,median,1.1016,1.1790,1.0515,1.3604,1.1663,1.1663,1.1663,1,35,gcp,10000.0,1,5,1,15,1,35,Low,Shadow,2026-09-17,2026-09-23,v2.4.0,direct,,,,,,,,
CRI-T1-L4-PCIe-GTD-OD-US,2026-09-23,T1,T1,L4,PCIe,GTD,US,OnDemand,citable,7,1.0250,1.0004,1.0004,median,1.0004,1.0004,0.9971,1.1268,1.0250,1.0250,1.0250,1,35,gcp,10000.0,1,5,1,15,1,35,Low,Shadow,2026-09-17,2026-09-23,v2.4.0,direct,,,,,,,,
CRI-T1-L4-PCIe-INT-OD-ALL,2026-09-23,T1,T1,L4,PCIe,INT,ALL,OnDemand,citable,7,0.6460,0.6207,0.6207,median,0.6002,0.6834,0.5320,0.8141,0.6482,0.6472,0.6460,1,70,gcp,10000.0,1,10,1,30,1,70,Low,Shadow,2026-09-17,2026-09-23,v2.4.0,direct,,,,,,,,
CRI-T1-L4-PCIe-INT-OD-EU,2026-09-23,T1,T1,L4,PCIe,INT,EU,OnDemand,citable,7,0.6903,0.6834,0.6834,median,0.6308,0.7039,0.6105,0.8141,0.6946,0.6926,0.6903,1,35,gcp,10000.0,1,5,1,15,1,35,Low,Shadow,2026-09-17,2026-09-23,v2.4.0,direct,,,,,,,,
CRI-T1-L4-PCIe-INT-OD-US,2026-09-23,T1,T1,L4,PCIe,INT,US,OnDemand,citable,7,0.6017,0.6002,0.6002,median,0.6002,0.6002,0.5320,0.6761,0.6017,0.6017,0.6017,1,35,gcp,10000.0,1,5,1,15,1,35,Low,Shadow,2026-09-17,2026-09-23,v2.4.0,direct,,,,,,,,
CRI-T1-L40S-ALL-ALL-OD-ALL,2026-09-23,T1,T1,L40S,ALL,ALL,ALL,OnDemand,citable,7,3.5000,3.5000,3.5000,median,3.5000,3.5000,3.5000,3.5000,3.5000,3.5000,3.5000,1,7,oci,10000.0,1,1,1,3,1,7,Low,Shadow,2026-09-17,2026-09-23,v2.4.0,direct,,,,,,,,
CRI-T1-L40S-ALL-ALL-OD-US,2026-09-23,T1,T1,L40S,ALL,ALL,US,OnDemand,citable,7,3.5000,3.5000,3.5000,median,3.5000,3.5000,3.5000,3.5000,3.5000,3.5000,3.5000,1,7,oci,10000.0,1,1,1,3,1,7,Low,Shadow,2026-09-17,2026-09-23,v2.4.0,direct,,,,,,,,
CRI-T1-L40S-ALL-GTD-OD-ALL,2026-09-23,T1,T1,L40S,ALL,GTD,ALL,OnDemand,citable,7,3.5000,3.5000,3.5000,median,3.5000,3.5000,3.5000,3.5000,3.5000,3.5000,3.5000,1,7,oci,10000.0,1,1,1,3,1,7,Low,Shadow,2026-09-17,2026-09-23,v2.4.0,direct,,,,,,,,
CRI-T1-L40S-ALL-GTD-OD-US,2026-09-23,T1,T1,L40S,ALL,GTD,US,OnDemand,citable,7,3.5000,3.5000,3.5000,median,3.5000,3.5000,3.5000,3.5000,3.5000,3.5000,3.5000,1,7,oci,10000.0,1,1,1,3,1,7,Low,Shadow,2026-09-17,2026-09-23,v2.4.0,direct,,,,,,,,
CRI-T1-L40S-PCIe-ALL-OD-ALL,2026-09-23,T1,T1,L40S,PCIe,ALL,ALL,OnDemand,citable,7,3.5000,3.5000,3.5000,median,3.5000,3.5000,3.5000,3.5000,3.5000,3.5000,3.5000,1,7,oci,10000.0,1,1,1,3,1,7,Low,Shadow,2026-09-17,2026-09-23,v2.4.0,direct,,,,,,,,
CRI-T1-L40S-PCIe-ALL-OD-US,2026-09-23,T1,T1,L40S,PCIe,ALL,US,OnDemand,citable,7,3.5000,3.5000,3.5000,median,3.5000,3.5000,3.5000,3.5000,3.5000,3.5000,3.5000,1,7,oci,10000.0,1,1,1,3,1,7,Low,Shadow,2026-09-17,2026-09-23,v2.4.0,direct,,,,,,,,
CRI-T1-L40S-PCIe-GTD-OD-ALL,2026-09-23,T1,T1,L40S,PCIe,GTD,ALL,OnDemand,citable,7,3.5000,3.5000,3.5000,median,3.5000,3.5000,3.5000,3.5000,3.5000,3.5000,3.5000,1,7,oci,10000.0,1,1,1,3,1,7,Low,Shadow,2026-09-17,2026-09-23,v2.4.0,direct,,,,,,,,
CRI-T1-L40S-PCIe-GTD-OD-US,2026-09-23,T1,T1,L40S,PCIe,GTD,US,OnDemand,citable,7,3.5000,3.5000,3.5000,median,3.5000,3.5000,3.5000,3.5000,3.5000,3.5000,3.5000,1,7,oci,10000.0,1,1,1,3,1,7,Low,Shadow,2026-09-17,2026-09-23,v2.4.0,direct,,,,,,,,
CRI-T1-MI300X-ALL-ALL-1yr-ALL,2026-09-23,T1,T1,MI300X,ALL,ALL,ALL,1Y,market_intelligence,7,4.7614,4.7616,4.7616,median,4.6080,5.0010,3.8400,5.9136,4.7614,4.7614,4.7614,1,84,azure,10000.0,1,12,1,36,1,84,Low,Shadow,2026-09-17,2026-09-23,v2.4.0,direct,,,,,,,,
CRI-T1-MI300X-ALL-ALL-1yr-APAC,2026-09-23,T1,T1,MI300X,ALL,ALL,APAC,1Y,market_intelligence,7,5.0880,5.0880,5.0880,median,4.8000,5.3760,4.8000,5.3760,5.0880,5.0880,5.0880,1,14,azure,10000.0,1,2,1,6,1,14,Low,Shadow,2026-09-17,2026-09-23,v2.4.0,direct,,,,,,,,
CRI-T1-MI300X-ALL-ALL-1yr-EU,2026-09-23,T1,T1,MI300X,ALL,ALL,EU,1Y,market_intelligence,7,5.0816,4.8960,4.8960,median,4.8000,5.3760,4.6080,5.9136,5.0816,5.0816,5.0816,1,42,azure,10000.0,1,6,1,18,1,42,Low,Shadow,2026-09-17,2026-09-23,v2.4.0,direct,,,,,,,,
CRI-T1-MI300X-ALL-ALL-1yr-Other,2026-09-23,T1,T1,MI300X,ALL,ALL,Other,1Y,market_intelligence,7,5.9264,5.4912,5.4912,median,4.6080,7.6800,4.6080,7.6800,5.9264,5.9264,5.9264,1,21,azure,10000.0,1,3,1,9,1,21,Low,Shadow,2026-09-17,2026-09-23,v2.4.0,direct,,,,,,,,
CRI-T1-MI300X-ALL-ALL-1yr-US,2026-09-23,T1,T1,MI300X,ALL,ALL,US,1Y,market_intelligence,7,4.4413,4.6080,4.6080,median,3.8400,4.7233,3.8400,5.0282,4.4413,4.4413,4.4413,1,42,azure,10000.0,1,6,1,18,1,42,Low,Shadow,2026-09-17,2026-09-23,v2.4.0,direct,,,,,,,,
CRI-T1-MI300X-ALL-ALL-3yr-ALL,2026-09-23,T1,T1,MI300X,ALL,ALL,ALL,3Y,market_intelligence,7,3.2660,3.2662,3.2662,median,3.1608,3.4304,2.6340,4.0564,3.2660,3.2660,3.2660,1,84,azure,10000.0,1,12,1,36,1,84,Low,Shadow,2026-09-17,2026-09-23,v2.4.0,direct,,,,,,,,
CRI-T1-MI300X-ALL-ALL-3yr-APAC,2026-09-23,T1,T1,MI300X,ALL,ALL,APAC,3Y,market_intelligence,7,3.4901,3.4901,3.4901,median,3.2925,3.6876,3.2925,3.6876,3.4901,3.4901,3.4901,1,14,azure,10000.0,1,2,1,6,1,14,Low,Shadow,2026-09-17,2026-09-23,v2.4.0,direct,,,,,,,,
CRI-T1-MI300X-ALL-ALL-3yr-EU,2026-09-23,T1,T1,MI300X,ALL,ALL,EU,3Y,market_intelligence,7,3.4857,3.3583,3.3583,median,3.2925,3.6876,3.1608,4.0564,3.4857,3.4857,3.4857,1,42,azure,10000.0,1,6,1,18,1,42,Low,Shadow,2026-09-17,2026-09-23,v2.4.0,direct,,,,,,,,
CRI-T1-MI300X-ALL-ALL-3yr-Other,2026-09-23,T1,T1,MI300X,ALL,ALL,Other,3Y,market_intelligence,7,4.0651,3.7666,3.7666,median,3.1608,5.2680,3.1608,5.2680,4.0651,4.0651,4.0651,1,21,azure,10000.0,1,3,1,9,1,21,Low,Shadow,2026-09-17,2026-09-23,v2.4.0,direct,,,,,,,,
CRI-T1-MI300X-ALL-ALL-3yr-US,2026-09-23,T1,T1,MI300X,ALL,ALL,US,3Y,market_intelligence,7,3.0464,3.1608,3.1608,median,2.6340,3.2399,2.6340,3.4491,3.0464,3.0464,3.0464,1,42,azure,10000.0,1,6,1,18,1,42,Low,Shadow,2026-09-17,2026-09-23,v2.4.0,direct,,,,,,,,
CRI-T1-MI300X-ALL-ALL-OD-ALL,2026-09-23,T1,T1,MI300X,ALL,ALL,ALL,OnDemand,citable,7,4.0980,5.1326,5.1326,median,1.3639,7.2000,1.1088,7.8566,4.0980,4.0980,4.0980,2,161,azure|oci,5000.0,2,23,2,69,2,161,Medium,Shadow,2026-09-17,2026-09-23,v2.4.0,direct,,,,,,,,
CRI-T1-MI300X-ALL-ALL-OD-APAC,2026-09-23,T1,T1,MI300X,ALL,ALL,APAC,OnDemand,citable,7,3.4794,2.9976,2.9976,median,1.3860,7.5000,1.3860,7.5000,3.4794,3.4794,3.4794,1,21,azure,10000.0,1,3,1,9,1,21,Low,Shadow,2026-09-17,2026-09-23,v2.4.0,direct,,,,,,,,
CRI-T1-MI300X-ALL-ALL-OD-EU,2026-09-23,T1,T1,MI300X,ALL,ALL,EU,OnDemand,citable,7,3.8804,4.3541,4.3541,median,1.3860,7.5000,1.3306,7.8000,3.8804,3.8804,3.8804,1,70,azure,10000.0,1,10,1,30,1,70,Low,Shadow,2026-09-17,2026-09-23,v2.4.0,direct,,,,,,,,
CRI-T1-MI300X-ALL-ALL-OD-Other,2026-09-23,T1,T1,MI300X,ALL,ALL,Other,OnDemand,citable,7,3.0835,2.2176,2.2176,median,1.5219,3.4632,1.3306,7.2000,3.0835,3.0835,3.0835,1,28,azure,10000.0,1,4,1,12,1,28,Low,Shadow,2026-09-17,2026-09-23,v2.4.0,direct,,,,,,,,
CRI-T1-MI300X-ALL-GTD-1yr-ALL,2026-09-23,T1,T1,MI300X,ALL,GTD,ALL,1Y,market_intelligence,7,4.7614,4.7616,4.7616,median,4.6080,5.0010,3.8400,5.9136,4.7614,4.7614,4.7614,1,84,azure,10000.0,1,12,1,36,1,84,Low,Shadow,2026-09-17,2026-09-23,v2.4.0,direct,,,,,,,,
CRI-T1-MI300X-ALL-GTD-1yr-APAC,2026-09-23,T1,T1,MI300X,ALL,GTD,APAC,1Y,market_intelligence,7,5.0880,5.0880,5.0880,median,4.8000,5.3760,4.8000,5.3760,5.0880,5.0880,5.0880,1,14,azure,10000.0,1,2,1,6,1,14,Low,Shadow,2026-09-17,2026-09-23,v2.4.0,direct,,,,,,,,
CRI-T1-MI300X-ALL-GTD-1yr-EU,2026-09-23,T1,T1,MI300X,ALL,GTD,EU,1Y,market_intelligence,7,5.0816,4.8960,4.8960,median,4.8000,5.3760,4.6080,5.9136,5.0816,5.0816,5.0816,1,42,azure,10000.0,1,6,1,18,1,42,Low,Shadow,2026-09-17,2026-09-23,v2.4.0,direct,,,,,,,,
CRI-T1-MI300X-ALL-GTD-1yr-Other,2026-09-23,T1,T1,MI300X,ALL,GTD,Other,1Y,market_intelligence,7,5.9264,5.4912,5.4912,median,4.6080,7.6800,4.6080,7.6800,5.9264,5.9264,5.9264,1,21,azure,10000.0,1,3,1,9,1,21,Low,Shadow,2026-09-17,2026-09-23,v2.4.0,direct,,,,,,,,
CRI-T1-MI300X-ALL-GTD-1yr-US,2026-09-23,T1,T1,MI300X,ALL,GTD,US,1Y,market_intelligence,7,4.4413,4.6080,4.6080,median,3.8400,4.7233,3.8400,5.0282,4.4413,4.4413,4.4413,1,42,azure,10000.0,1,6,1,18,1,42,Low,Shadow,2026-09-17,2026-09-23,v2.4.0,direct,,,,,,,,
CRI-T1-MI300X-ALL-GTD-3yr-ALL,2026-09-23,T1,T1,MI300X,ALL,GTD,ALL,3Y,market_intelligence,7,3.2660,3.2662,3.2662,median,3.1608,3.4304,2.6340,4.0564,3.2660,3.2660,3.2660,1,84,azure,10000.0,1,12,1,36,1,84,Low,Shadow,2026-09-17,2026-09-23,v2.4.0,direct,,,,,,,,
CRI-T1-MI300X-ALL-GTD-3yr-APAC,2026-09-23,T1,T1,MI300X,ALL,GTD,APAC,3Y,market_intelligence,7,3.4901,3.4901,3.4901,median,3.2925,3.6876,3.2925,3.6876,3.4901,3.4901,3.4901,1,14,azure,10000.0,1,2,1,6,1,14,Low,Shadow,2026-09-17,2026-09-23,v2.4.0,direct,,,,,,,,
CRI-T1-MI300X-ALL-GTD-3yr-EU,2026-09-23,T1,T1,MI300X,ALL,GTD,EU,3Y,market_intelligence,7,3.4857,3.3583,3.3583,median,3.2925,3.6876,3.1608,4.0564,3.4857,3.4857,3.4857,1,42,azure,10000.0,1,6,1,18,1,42,Low,Shadow,2026-09-17,2026-09-23,v2.4.0,direct,,,,,,,,
CRI-T1-MI300X-ALL-GTD-3yr-Other,2026-09-23,T1,T1,MI300X,ALL,GTD,Other,3Y,market_intelligence,7,4.0651,3.7666,3.7666,median,3.1608,5.2680,3.1608,5.2680,4.0651,4.0651,4.0651,1,21,azure,10000.0,1,3,1,9,1,21,Low,Shadow,2026-09-17,2026-09-23,v2.4.0,direct,,,,,,,,
CRI-T1-MI300X-ALL-GTD-3yr-US,2026-09-23,T1,T1,MI300X,ALL,GTD,US,3Y,market_intelligence,7,3.0464,3.1608,3.1608,median,2.6340,3.2399,2.6340,3.4491,3.0464,3.0464,3.0464,1,42,azure,10000.0,1,6,1,18,1,42,Low,Shadow,2026-09-17,2026-09-23,v2.4.0,direct,,,,,,,,
CRI-T1-MI300X-ALL-GTD-OD-ALL,2026-09-23,T1,T1,MI300X,ALL,GTD,ALL,OnDemand,citable,7,7.0579,6.6450,6.6450,median,6.0000,7.5000,6.0000,7.8566,7.0579,7.0579,7.0579,2,77,azure|oci,5000.0,2,11,2,33,2,77,Medium,Shadow,2026-09-17,2026-09-23,v2.4.0,direct,,,,,,,,
CRI-T1-MI300X-ALL-GTD-OD-APAC,2026-09-23,T1,T1,MI300X,ALL,GTD,APAC,OnDemand,citable,7,7.5000,7.5000,7.5000,median,7.5000,7.5000,7.5000,7.5000,7.5000,7.5000,7.5000,1,7,azure,10000.0,1,1,1,3,1,7,Low,Shadow,2026-09-17,2026-09-23,v2.4.0,direct,,,,,,,,
CRI-T1-MI300X-ALL-GTD-OD-EU,2026-09-23,T1,T1,MI300X,ALL,GTD,EU,OnDemand,citable,7,7.5000,7.5000,7.5000,median,7.4250,7.5750,7.2000,7.8000,7.5000,7.5000,7.5000,1,28,azure,10000.0,1,4,1,12,1,28,Low,Shadow,2026-09-17,2026-09-23,v2.4.0,direct,,,,,,,,
CRI-T1-MI300X-ALL-GTD-OD-Other,2026-09-23,T1,T1,MI300X,ALL,GTD,Other,OnDemand,citable,7,7.2000,7.2000,7.2000,median,7.2000,7.2000,7.2000,7.2000,7.2000,7.2000,7.2000,1,7,azure,10000.0,1,1,1,3,1,7,Low,Shadow,2026-09-17,2026-09-23,v2.4.0,direct,,,,,,,,
CRI-T1-MI300X-ALL-INT-OD-ALL,2026-09-23,T1,T1,MI300X,ALL,INT,ALL,OnDemand,citable,7,1.3848,1.3749,1.3749,median,1.3306,1.4691,1.1088,1.7076,1.3848,1.3848,1.3848,1,84,azure,10000.0,1,12,1,36,1,84,Low,Shadow,2026-09-17,2026-09-23,v2.4.0,direct,,,,,,,,
CRI-T1-MI300X-ALL-INT-OD-APAC,2026-09-23,T1,T1,MI300X,ALL,INT,APAC,OnDemand,citable,7,1.4691,1.4691,1.4691,median,1.3860,1.5523,1.3860,1.5523,1.4691,1.4691,1.4691,1,14,azure,10000.0,1,2,1,6,1,14,Low,Shadow,2026-09-17,2026-09-23,v2.4.0,direct,,,,,,,,
CRI-T1-MI300X-ALL-INT-OD-EU,2026-09-23,T1,T1,MI300X,ALL,INT,EU,OnDemand,citable,7,1.4673,1.4137,1.4137,median,1.3860,1.5523,1.3306,1.7076,1.4673,1.4673,1.4673,1,42,azure,10000.0,1,6,1,18,1,42,Low,Shadow,2026-09-17,2026-09-23,v2.4.0,direct,,,,,,,,
CRI-T1-MI300X-ALL-INT-OD-Other,2026-09-23,T1,T1,MI300X,ALL,INT,Other,OnDemand,citable,7,1.7113,1.5856,1.5856,median,1.3306,2.2176,1.3306,2.2176,1.7113,1.7113,1.7113,1,21,azure,10000.0,1,3,1,9,1,21,Low,Shadow,2026-09-17,2026-09-23,v2.4.0,direct,,,,,,,,
CRI-T1-MI300X-ALL-INT-OD-US,2026-09-23,T1,T1,MI300X,ALL,INT,US,OnDemand,citable,7,1.3023,1.3306,1.3306,median,1.1088,1.3639,1.1088,1.5714,1.3023,1.3023,1.3023,1,42,azure,10000.0,1,6,1,18,1,42,Low,Shadow,2026-09-17,2026-09-23,v2.4.0,direct,,,,,,,,
CRI-T1-MI300X-OAM-ALL-1yr-ALL,2026-09-23,T1,T1,MI300X,OAM,ALL,ALL,1Y,market_intelligence,7,4.7614,4.7616,4.7616,median,4.6080,5.0010,3.8400,5.9136,4.7614,4.7614,4.7614,1,84,azure,10000.0,1,12,1,36,1,84,Low,Shadow,2026-09-17,2026-09-23,v2.4.0,direct,,,,,,,,
CRI-T1-MI300X-OAM-ALL-1yr-EU,2026-09-23,T1,T1,MI300X,OAM,ALL,EU,1Y,market_intelligence,7,5.0816,4.8960,4.8960,median,4.8000,5.3760,4.6080,5.9136,5.0816,5.0816,5.0816,1,42,azure,10000.0,1,6,1,18,1,42,Low,Shadow,2026-09-17,2026-09-23,v2.4.0,direct,,,,,,,,
CRI-T1-MI300X-OAM-ALL-1yr-US,2026-09-23,T1,T1,MI300X,OAM,ALL,US,1Y,market_intelligence,7,4.4413,4.6080,4.6080,median,3.8400,4.7233,3.8400,5.0282,4.4413,4.4413,4.4413,1,42,azure,10000.0,1,6,1,18,1,42,Low,Shadow,2026-09-17,2026-09-23,v2.4.0,direct,,,,,,,,
CRI-T1-MI300X-OAM-ALL-3yr-ALL,2026-09-23,T1,T1,MI300X,OAM,ALL,ALL,3Y,market_intelligence,7,3.2660,3.2662,3.2662,median,3.1608,3.4304,2.6340,4.0564,3.2660,3.2660,3.2660,1,84,azure,10000.0,1,12,1,36,1,84,Low,Shadow,2026-09-17,2026-09-23,v2.4.0,direct,,,,,,,,
CRI-T1-MI300X-OAM-ALL-3yr-EU,2026-09-23,T1,T1,MI300X,OAM,ALL,EU,3Y,market_intelligence,7,3.4857,3.3583,3.3583,median,3.2925,3.6876,3.1608,4.0564,3.4857,3.4857,3.4857,1,42,azure,10000.0,1,6,1,18,1,42,Low,Shadow,2026-09-17,2026-09-23,v2.4.0,direct,,,,,,,,
CRI-T1-MI300X-OAM-ALL-3yr-US,2026-09-23,T1,T1,MI300X,OAM,ALL,US,3Y,market_intelligence,7,3.0464,3.1608,3.1608,median,2.6340,3.2399,2.6340,3.4491,3.0464,3.0464,3.0464,1,42,azure,10000.0,1,6,1,18,1,42,Low,Shadow,2026-09-17,2026-09-23,v2.4.0,direct,,,,,,,,
CRI-T1-MI300X-OAM-ALL-OD-ALL,2026-09-23,T1,T1,MI300X,OAM,ALL,ALL,OnDemand,citable,7,4.0980,5.1326,5.1326,median,1.3639,7.2000,1.1088,7.8566,4.0980,4.0980,4.0980,2,161,azure|oci,5000.0,2,23,2,69,2,161,Medium,Shadow,2026-09-17,2026-09-23,v2.4.0,direct,,,,,,,,
CRI-T1-MI300X-OAM-ALL-OD-EU,2026-09-23,T1,T1,MI300X,OAM,ALL,EU,OnDemand,citable,7,3.8804,4.3541,4.3541,median,1.3860,7.5000,1.3306,7.8000,3.8804,3.8804,3.8804,1,70,azure,10000.0,1,10,1,30,1,70,Low,Shadow,2026-09-17,2026-09-23,v2.4.0,direct,,,,,,,,
CRI-T1-MI300X-OAM-GTD-1yr-ALL,2026-09-23,T1,T1,MI300X,OAM,GTD,ALL,1Y,market_intelligence,7,4.7614,4.7616,4.7616,median,4.6080,5.0010,3.8400,5.9136,4.7614,4.7614,4.7614,1,84,azure,10000.0,1,12,1,36,1,84,Low,Shadow,2026-09-17,2026-09-23,v2.4.0,direct,,,,,,,,
CRI-T1-MI300X-OAM-GTD-1yr-EU,2026-09-23,T1,T1,MI300X,OAM,GTD,EU,1Y,market_intelligence,7,5.0816,4.8960,4.8960,median,4.8000,5.3760,4.6080,5.9136,5.0816,5.0816,5.0816,1,42,azure,10000.0,1,6,1,18,1,42,Low,Shadow,2026-09-17,2026-09-23,v2.4.0,direct,,,,,,,,
CRI-T1-MI300X-OAM-GTD-1yr-US,2026-09-23,T1,T1,MI300X,OAM,GTD,US,1Y,market_intelligence,7,4.4413,4.6080,4.6080,median,3.8400,4.7233,3.8400,5.0282,4.4413,4.4413,4.4413,1,42,azure,10000.0,1,6,1,18,1,42,Low,Shadow,2026-09-17,2026-09-23,v2.4.0,direct,,,,,,,,
CRI-T1-MI300X-OAM-GTD-3yr-ALL,2026-09-23,T1,T1,MI300X,OAM,GTD,ALL,3Y,market_intelligence,7,3.2660,3.2662,3.2662,median,3.1608,3.4304,2.6340,4.0564,3.2660,3.2660,3.2660,1,84,azure,10000.0,1,12,1,36,1,84,Low,Shadow,2026-09-17,2026-09-23,v2.4.0,direct,,,,,,,,
CRI-T1-MI300X-OAM-GTD-3yr-EU,2026-09-23,T1,T1,MI300X,OAM,GTD,EU,3Y,market_intelligence,7,3.4857,3.3583,3.3583,median,3.2925,3.6876,3.1608,4.0564,3.4857,3.4857,3.4857,1,42,azure,10000.0,1,6,1,18,1,42,Low,Shadow,2026-09-17,2026-09-23,v2.4.0,direct,,,,,,,,
CRI-T1-MI300X-OAM-GTD-3yr-US,2026-09-23,T1,T1,MI300X,OAM,GTD,US,3Y,market_intelligence,7,3.0464,3.1608,3.1608,median,2.6340,3.2399,2.6340,3.4491,3.0464,3.0464,3.0464,1,42,azure,10000.0,1,6,1,18,1,42,Low,Shadow,2026-09-17,2026-09-23,v2.4.0,direct,,,,,,,,
CRI-T1-MI300X-OAM-GTD-OD-ALL,2026-09-23,T1,T1,MI300X,OAM,GTD,ALL,OnDemand,citable,7,7.0579,6.6450,6.6450,median,6.0000,7.5000,6.0000,7.8566,7.0579,7.0579,7.0579,2,77,azure|oci,5000.0,2,11,2,33,2,77,Medium,Shadow,2026-09-17,2026-09-23,v2.4.0,direct,,,,,,,,
CRI-T1-MI300X-OAM-GTD-OD-EU,2026-09-23,T1,T1,MI300X,OAM,GTD,EU,OnDemand,citable,7,7.5000,7.5000,7.5000,median,7.4250,7.5750,7.2000,7.8000,7.5000,7.5000,7.5000,1,28,azure,10000.0,1,4,1,12,1,28,Low,Shadow,2026-09-17,2026-09-23,v2.4.0,direct,,,,,,,,
CRI-T1-MI300X-OAM-INT-OD-ALL,2026-09-23,T1,T1,MI300X,OAM,INT,ALL,OnDemand,citable,7,1.3848,1.3749,1.3749,median,1.3306,1.4691,1.1088,1.7076,1.3848,1.3848,1.3848,1,84,azure,10000.0,1,12,1,36,1,84,Low,Shadow,2026-09-17,2026-09-23,v2.4.0,direct,,,,,,,,
CRI-T1-MI300X-OAM-INT-OD-EU,2026-09-23,T1,T1,MI300X,OAM,INT,EU,OnDemand,citable,7,1.4673,1.4137,1.4137,median,1.3860,1.5523,1.3306,1.7076,1.4673,1.4673,1.4673,1,42,azure,10000.0,1,6,1,18,1,42,Low,Shadow,2026-09-17,2026-09-23,v2.4.0,direct,,,,,,,,
CRI-T1-MI300X-OAM-INT-OD-US,2026-09-23,T1,T1,MI300X,OAM,INT,US,OnDemand,citable,7,1.3023,1.3306,1.3306,median,1.1088,1.3639,1.1088,1.5714,1.3023,1.3023,1.3023,1,42,azure,10000.0,1,6,1,18,1,42,Low,Shadow,2026-09-17,2026-09-23,v2.4.0,direct,,,,,,,,
CRI-T1-MI355X-ALL-ALL-OD-ALL,2026-09-23,T1,T1,MI355X,ALL,ALL,ALL,OnDemand,citable,7,8.6000,8.6000,8.6000,median,8.6000,8.6000,8.6000,8.6000,8.6000,8.6000,8.6000,1,7,oci,10000.0,1,1,1,3,1,7,Low,Shadow,2026-09-17,2026-09-23,v2.4.0,direct,,,,,,,,
CRI-T1-MI355X-ALL-ALL-OD-US,2026-09-23,T1,T1,MI355X,ALL,ALL,US,OnDemand,citable,7,8.6000,8.6000,8.6000,median,8.6000,8.6000,8.6000,8.6000,8.6000,8.6000,8.6000,1,7,oci,10000.0,1,1,1,3,1,7,Low,Shadow,2026-09-17,2026-09-23,v2.4.0,direct,,,,,,,,
CRI-T1-MI355X-ALL-GTD-OD-ALL,2026-09-23,T1,T1,MI355X,ALL,GTD,ALL,OnDemand,citable,7,8.6000,8.6000,8.6000,median,8.6000,8.6000,8.6000,8.6000,8.6000,8.6000,8.6000,1,7,oci,10000.0,1,1,1,3,1,7,Low,Shadow,2026-09-17,2026-09-23,v2.4.0,direct,,,,,,,,
CRI-T1-MI355X-ALL-GTD-OD-US,2026-09-23,T1,T1,MI355X,ALL,GTD,US,OnDemand,citable,7,8.6000,8.6000,8.6000,median,8.6000,8.6000,8.6000,8.6000,8.6000,8.6000,8.6000,1,7,oci,10000.0,1,1,1,3,1,7,Low,Shadow,2026-09-17,2026-09-23,v2.4.0,direct,,,,,,,,
CRI-T1-MI355X-OAM-ALL-OD-ALL,2026-09-23,T1,T1,MI355X,OAM,ALL,ALL,OnDemand,citable,7,8.6000,8.6000,8.6000,median,8.6000,8.6000,8.6000,8.6000,8.6000,8.6000,8.6000,1,7,oci,10000.0,1,1,1,3,1,7,Low,Shadow,2026-09-17,2026-09-23,v2.4.0,direct,,,,,,,,
CRI-T1-MI355X-OAM-ALL-OD-US,2026-09-23,T1,T1,MI355X,OAM,ALL,US,OnDemand,citable,7,8.6000,8.6000,8.6000,median,8.6000,8.6000,8.6000,8.6000,8.6000,8.6000,8.6000,1,7,oci,10000.0,1,1,1,3,1,7,Low,Shadow,2026-09-17,2026-09-23,v2.4.0,direct,,,,,,,,
CRI-T1-MI355X-OAM-GTD-OD-ALL,2026-09-23,T1,T1,MI355X,OAM,GTD,ALL,OnDemand,citable,7,8.6000,8.6000,8.6000,median,8.6000,8.6000,8.6000,8.6000,8.6000,8.6000,8.6000,1,7,oci,10000.0,1,1,1,3,1,7,Low,Shadow,2026-09-17,2026-09-23,v2.4.0,direct,,,,,,,,
CRI-T1-MI355X-OAM-GTD-OD-US,2026-09-23,T1,T1,MI355X,OAM,GTD,US,OnDemand,citable,7,8.6000,8.6000,8.6000,median,8.6000,8.6000,8.6000,8.6000,8.6000,8.6000,8.6000,1,7,oci,10000.0,1,1,1,3,1,7,Low,Shadow,2026-09-17,2026-09-23,v2.4.0,direct,,,,,,,,
CRI-T1-V100-ALL-ALL-1yr-ALL,2026-09-23,T1,T1,V100,ALL,ALL,ALL,1Y,market_intelligence,7,2.4686,2.4019,2.4019,median,2.4019,2.6021,2.4019,2.6021,2.4686,2.4686,2.4686,1,21,aws,10000.0,1,3,1,9,1,21,Low,Shadow,2026-09-17,2026-09-23,v2.4.0,direct,,,,,,,,
CRI-T1-V100-ALL-ALL-1yr-EU,2026-09-23,T1,T1,V100,ALL,ALL,EU,1Y,market_intelligence,7,2.6021,2.6021,2.6021,median,2.6021,2.6021,2.6021,2.6021,2.6021,2.6021,2.6021,1,7,aws,10000.0,1,1,1,3,1,7,Low,Shadow,2026-09-17,2026-09-23,v2.4.0,direct,,,,,,,,
CRI-T1-V100-ALL-ALL-1yr-US,2026-09-23,T1,T1,V100,ALL,ALL,US,1Y,market_intelligence,7,2.4019,2.4019,2.4019,median,2.4019,2.4019,2.4019,2.4019,2.4019,2.4019,2.4019,1,14,aws,10000.0,1,2,1,6,1,14,Low,Shadow,2026-09-17,2026-09-23,v2.4.0,direct,,,,,,,,
CRI-T1-V100-ALL-ALL-3yr-ALL,2026-09-23,T1,T1,V100,ALL,ALL,ALL,3Y,market_intelligence,7,1.3378,1.3020,1.3020,median,1.3020,1.4095,1.3020,1.4095,1.3378,1.3378,1.3378,1,21,aws,10000.0,1,3,1,9,1,21,Low,Shadow,2026-09-17,2026-09-23,v2.4.0,direct,,,,,,,,
CRI-T1-V100-ALL-ALL-3yr-APAC,2026-09-23,T1,T1,V100,ALL,ALL,APAC,3Y,market_intelligence,7,2.1930,2.1930,2.1930,median,2.1930,2.1930,2.1930,2.1930,2.1930,2.1930,2.1930,1,7,aws,10000.0,1,1,1,3,1,7,Low,Shadow,2026-09-17,2026-09-23,v2.4.0,direct,,,,,,,,
CRI-T1-V100-ALL-ALL-3yr-EU,2026-09-23,T1,T1,V100,ALL,ALL,EU,3Y,market_intelligence,7,1.4095,1.4095,1.4095,median,1.4095,1.4095,1.4095,1.4095,1.4095,1.4095,1.4095,1,7,aws,10000.0,1,1,1,3,1,7,Low,Shadow,2026-09-17,2026-09-23,v2.4.0,direct,,,,,,,,
CRI-T1-V100-ALL-ALL-3yr-US,2026-09-23,T1,T1,V100,ALL,ALL,US,3Y,market_intelligence,7,1.3020,1.3020,1.3020,median,1.3020,1.3020,1.3020,1.3020,1.3020,1.3020,1.3020,1,14,aws,10000.0,1,2,1,6,1,14,Low,Shadow,2026-09-17,2026-09-23,v2.4.0,direct,,,,,,,,
CRI-T1-V100-ALL-ALL-OD-ALL,2026-09-23,T1,T1,V100,ALL,ALL,ALL,OnDemand,citable,7,0.7515,0.6373,0.6373,median,0.4986,0.8940,0.4589,1.4039,0.7751,0.7607,0.7515,1,42,aws,10000.0,1,6,1,18,1,42,Low,Shadow,2026-09-17,2026-09-23,v2.4.0,direct,,,,,,,,
CRI-T1-V100-ALL-ALL-OD-APAC,2026-09-23,T1,T1,V100,ALL,ALL,APAC,OnDemand,citable,7,0.6372,0.6392,0.6392,median,0.5978,0.6742,0.5707,0.7067,0.5707,0.5888,0.6372,1,7,aws,10000.0,1,1,1,3,1,7,Low,Shadow,2026-09-17,2026-09-23,v2.4.0,direct,,,,,,,,
CRI-T1-V100-ALL-ALL-OD-EU,2026-09-23,T1,T1,V100,ALL,ALL,EU,OnDemand,citable,7,0.6190,0.6373,0.6373,median,0.5287,0.7019,0.4589,0.7564,0.6751,0.6387,0.6190,1,14,aws,10000.0,1,2,1,6,1,14,Low,Shadow,2026-09-17,2026-09-23,v2.4.0,direct,,,,,,,,
CRI-T1-V100-ALL-ALL-OD-US,2026-09-23,T1,T1,V100,ALL,ALL,US,OnDemand,citable,7,0.8177,0.8254,0.8254,median,0.4959,1.0575,0.4693,1.4039,0.8252,0.8217,0.8177,1,28,aws,10000.0,1,4,1,12,1,28,Low,Shadow,2026-09-17,2026-09-23,v2.4.0,direct,,,,,,,,
CRI-T1-V100-ALL-GTD-1yr-ALL,2026-09-23,T1,T1,V100,ALL,GTD,ALL,1Y,market_intelligence,7,2.4686,2.4019,2.4019,median,2.4019,2.6021,2.4019,2.6021,2.4686,2.4686,2.4686,1,21,aws,10000.0,1,3,1,9,1,21,Low,Shadow,2026-09-17,2026-09-23,v2.4.0,direct,,,,,,,,
CRI-T1-V100-ALL-GTD-1yr-EU,2026-09-23,T1,T1,V100,ALL,GTD,EU,1Y,market_intelligence,7,2.6021,2.6021,2.6021,median,2.6021,2.6021,2.6021,2.6021,2.6021,2.6021,2.6021,1,7,aws,10000.0,1,1,1,3,1,7,Low,Shadow,2026-09-17,2026-09-23,v2.4.0,direct,,,,,,,,
CRI-T1-V100-ALL-GTD-1yr-US,2026-09-23,T1,T1,V100,ALL,GTD,US,1Y,market_intelligence,7,2.4019,2.4019,2.4019,median,2.4019,2.4019,2.4019,2.4019,2.4019,2.4019,2.4019,1,14,aws,10000.0,1,2,1,6,1,14,Low,Shadow,2026-09-17,2026-09-23,v2.4.0,direct,,,,,,,,
CRI-T1-V100-ALL-GTD-3yr-ALL,2026-09-23,T1,T1,V100,ALL,GTD,ALL,3Y,market_intelligence,7,1.3378,1.3020,1.3020,median,1.3020,1.4095,1.3020,1.4095,1.3378,1.3378,1.3378,1,21,aws,10000.0,1,3,1,9,1,21,Low,Shadow,2026-09-17,2026-09-23,v2.4.0,direct,,,,,,,,
CRI-T1-V100-ALL-GTD-3yr-APAC,2026-09-23,T1,T1,V100,ALL,GTD,APAC,3Y,market_intelligence,7,2.1930,2.1930,2.1930,median,2.1930,2.1930,2.1930,2.1930,2.1930,2.1930,2.1930,1,7,aws,10000.0,1,1,1,3,1,7,Low,Shadow,2026-09-17,2026-09-23,v2.4.0,direct,,,,,,,,
CRI-T1-V100-ALL-GTD-3yr-EU,2026-09-23,T1,T1,V100,ALL,GTD,EU,3Y,market_intelligence,7,1.4095,1.4095,1.4095,median,1.4095,1.4095,1.4095,1.4095,1.4095,1.4095,1.4095,1,7,aws,10000.0,1,1,1,3,1,7,Low,Shadow,2026-09-17,2026-09-23,v2.4.0,direct,,,,,,,,
CRI-T1-V100-ALL-GTD-3yr-US,2026-09-23,T1,T1,V100,ALL,GTD,US,3Y,market_intelligence,7,1.3020,1.3020,1.3020,median,1.3020,1.3020,1.3020,1.3020,1.3020,1.3020,1.3020,1,14,aws,10000.0,1,2,1,6,1,14,Low,Shadow,2026-09-17,2026-09-23,v2.4.0,direct,,,,,,,,
CRI-T1-V100-ALL-INT-OD-ALL,2026-09-23,T1,T1,V100,ALL,INT,ALL,OnDemand,citable,7,0.7515,0.6373,0.6373,median,0.4986,0.8940,0.4589,1.4039,0.7751,0.7607,0.7515,1,42,aws,10000.0,1,6,1,18,1,42,Low,Shadow,2026-09-17,2026-09-23,v2.4.0,direct,,,,,,,,
CRI-T1-V100-ALL-INT-OD-APAC,2026-09-23,T1,T1,V100,ALL,INT,APAC,OnDemand,citable,7,0.6372,0.6392,0.6392,median,0.5978,0.6742,0.5707,0.7067,0.5707,0.5888,0.6372,1,7,aws,10000.0,1,1,1,3,1,7,Low,Shadow,2026-09-17,2026-09-23,v2.4.0,direct,,,,,,,,
CRI-T1-V100-ALL-INT-OD-EU,2026-09-23,T1,T1,V100,ALL,INT,EU,OnDemand,citable,7,0.6190,0.6373,0.6373,median,0.5287,0.7019,0.4589,0.7564,0.6751,0.6387,0.6190,1,14,aws,10000.0,1,2,1,6,1,14,Low,Shadow,2026-09-17,2026-09-23,v2.4.0,direct,,,,,,,,
CRI-T1-V100-ALL-INT-OD-US,2026-09-23,T1,T1,V100,ALL,INT,US,OnDemand,citable,7,0.8177,0.8254,0.8254,median,0.4959,1.0575,0.4693,1.4039,0.8252,0.8217,0.8177,1,28,aws,10000.0,1,4,1,12,1,28,Low,Shadow,2026-09-17,2026-09-23,v2.4.0,direct,,,,,,,,
CRI-T1-V100-SXM-ALL-1yr-ALL,2026-09-23,T1,T1,V100,SXM,ALL,ALL,1Y,market_intelligence,7,2.4686,2.4019,2.4019,median,2.4019,2.6021,2.4019,2.6021,2.4686,2.4686,2.4686,1,21,aws,10000.0,1,3,1,9,1,21,Low,Shadow,2026-09-17,2026-09-23,v2.4.0,direct,,,,,,,,
CRI-T1-V100-SXM-ALL-1yr-EU,2026-09-23,T1,T1,V100,SXM,ALL,EU,1Y,market_intelligence,7,2.6021,2.6021,2.6021,median,2.6021,2.6021,2.6021,2.6021,2.6021,2.6021,2.6021,1,7,aws,10000.0,1,1,1,3,1,7,Low,Shadow,2026-09-17,2026-09-23,v2.4.0,direct,,,,,,,,
CRI-T1-V100-SXM-ALL-1yr-US,2026-09-23,T1,T1,V100,SXM,ALL,US,1Y,market_intelligence,7,2.4019,2.4019,2.4019,median,2.4019,2.4019,2.4019,2.4019,2.4019,2.4019,2.4019,1,14,aws,10000.0,1,2,1,6,1,14,Low,Shadow,2026-09-17,2026-09-23,v2.4.0,direct,,,,,,,,
CRI-T1-V100-SXM-ALL-3yr-ALL,2026-09-23,T1,T1,V100,SXM,ALL,ALL,3Y,market_intelligence,7,1.3378,1.3020,1.3020,median,1.3020,1.4095,1.3020,1.4095,1.3378,1.3378,1.3378,1,21,aws,10000.0,1,3,1,9,1,21,Low,Shadow,2026-09-17,2026-09-23,v2.4.0,direct,,,,,,,,
CRI-T1-V100-SXM-ALL-3yr-EU,2026-09-23,T1,T1,V100,SXM,ALL,EU,3Y,market_intelligence,7,1.4095,1.4095,1.4095,median,1.4095,1.4095,1.4095,1.4095,1.4095,1.4095,1.4095,1,7,aws,10000.0,1,1,1,3,1,7,Low,Shadow,2026-09-17,2026-09-23,v2.4.0,direct,,,,,,,,
CRI-T1-V100-SXM-ALL-3yr-US,2026-09-23,T1,T1,V100,SXM,ALL,US,3Y,market_intelligence,7,1.3020,1.3020,1.3020,median,1.3020,1.3020,1.3020,1.3020,1.3020,1.3020,1.3020,1,14,aws,10000.0,1,2,1,6,1,14,Low,Shadow,2026-09-17,2026-09-23,v2.4.0,direct,,,,,,,,
CRI-T1-V100-SXM-ALL-OD-ALL,2026-09-23,T1,T1,V100,SXM,ALL,ALL,OnDemand,citable,7,0.7515,0.6373,0.6373,median,0.4986,0.8940,0.4589,1.4039,0.7751,0.7607,0.7515,1,42,aws,10000.0,1,6,1,18,1,42,Low,Shadow,2026-09-17,2026-09-23,v2.4.0,direct,,,,,,,,
CRI-T1-V100-SXM-ALL-OD-EU,2026-09-23,T1,T1,V100,SXM,ALL,EU,OnDemand,citable,7,0.6190,0.6373,0.6373,median,0.5287,0.7019,0.4589,0.7564,0.6751,0.6387,0.6190,1,14,aws,10000.0,1,2,1,6,1,14,Low,Shadow,2026-09-17,2026-09-23,v2.4.0,direct,,,,,,,,
CRI-T1-V100-SXM-ALL-OD-US,2026-09-23,T1,T1,V100,SXM,ALL,US,OnDemand,citable,7,0.8177,0.8254,0.8254,median,0.4959,1.0575,0.4693,1.4039,0.8252,0.8217,0.8177,1,28,aws,10000.0,1,4,1,12,1,28,Low,Shadow,2026-09-17,2026-09-23,v2.4.0,direct,,,,,,,,
CRI-T1-V100-SXM-GTD-1yr-ALL,2026-09-23,T1,T1,V100,SXM,GTD,ALL,1Y,market_intelligence,7,2.4686,2.4019,2.4019,median,2.4019,2.6021,2.4019,2.6021,2.4686,2.4686,2.4686,1,21,aws,10000.0,1,3,1,9,1,21,Low,Shadow,2026-09-17,2026-09-23,v2.4.0,direct,,,,,,,,
CRI-T1-V100-SXM-GTD-1yr-EU,2026-09-23,T1,T1,V100,SXM,GTD,EU,1Y,market_intelligence,7,2.6021,2.6021,2.6021,median,2.6021,2.6021,2.6021,2.6021,2.6021,2.6021,2.6021,1,7,aws,10000.0,1,1,1,3,1,7,Low,Shadow,2026-09-17,2026-09-23,v2.4.0,direct,,,,,,,,
CRI-T1-V100-SXM-GTD-1yr-US,2026-09-23,T1,T1,V100,SXM,GTD,US,1Y,market_intelligence,7,2.4019,2.4019,2.4019,median,2.4019,2.4019,2.4019,2.4019,2.4019,2.4019,2.4019,1,14,aws,10000.0,1,2,1,6,1,14,Low,Shadow,2026-09-17,2026-09-23,v2.4.0,direct,,,,,,,,
CRI-T1-V100-SXM-GTD-3yr-ALL,2026-09-23,T1,T1,V100,SXM,GTD,ALL,3Y,market_intelligence,7,1.3378,1.3020,1.3020,median,1.3020,1.4095,1.3020,1.4095,1.3378,1.3378,1.3378,1,21,aws,10000.0,1,3,1,9,1,21,Low,Shadow,2026-09-17,2026-09-23,v2.4.0,direct,,,,,,,,
CRI-T1-V100-SXM-GTD-3yr-EU,2026-09-23,T1,T1,V100,SXM,GTD,EU,3Y,market_intelligence,7,1.4095,1.4095,1.4095,median,1.4095,1.4095,1.4095,1.4095,1.4095,1.4095,1.4095,1,7,aws,10000.0,1,1,1,3,1,7,Low,Shadow,2026-09-17,2026-09-23,v2.4.0,direct,,,,,,,,
CRI-T1-V100-SXM-GTD-3yr-US,2026-09-23,T1,T1,V100,SXM,GTD,US,3Y,market_intelligence,7,1.3020,1.3020,1.3020,median,1.3020,1.3020,1.3020,1.3020,1.3020,1.3020,1.3020,1,14,aws,10000.0,1,2,1,6,1,14,Low,Shadow,2026-09-17,2026-09-23,v2.4.0,direct,,,,,,,,
CRI-T1-V100-SXM-INT-OD-ALL,2026-09-23,T1,T1,V100,SXM,INT,ALL,OnDemand,citable,7,0.7515,0.6373,0.6373,median,0.4986,0.8940,0.4589,1.4039,0.7751,0.7607,0.7515,1,42,aws,10000.0,1,6,1,18,1,42,Low,Shadow,2026-09-17,2026-09-23,v2.4.0,direct,,,,,,,,
CRI-T1-V100-SXM-INT-OD-EU,2026-09-23,T1,T1,V100,SXM,INT,EU,OnDemand,citable,7,0.6190,0.6373,0.6373,median,0.5287,0.7019,0.4589,0.7564,0.6751,0.6387,0.6190,1,14,aws,10000.0,1,2,1,6,1,14,Low,Shadow,2026-09-17,2026-09-23,v2.4.0,direct,,,,,,,,
CRI-T1-V100-SXM-INT-OD-US,2026-09-23,T1,T1,V100,SXM,INT,US,OnDemand,citable,7,0.8177,0.8254,0.8254,median,0.4959,1.0575,0.4693,1.4039,0.8252,0.8217,0.8177,1,28,aws,10000.0,1,4,1,12,1,28,Low,Shadow,2026-09-17,2026-09-23,v2.4.0,direct,,,,,,,,
CRI-T2-4090-ALL-ALL-1mo-ALL,2026-09-23,T2,T2,4090,ALL,ALL,ALL,1M,market_intelligence,7,0.3500,0.3500,0.3500,median,0.3500,0.3500,0.3500,0.3500,0.3500,0.3500,0.3500,1,7,cloudrift,10000.0,1,1,1,3,1,7,Low,Shadow,2026-09-17,2026-09-23,v2.4.0,direct,,,,,,,,
CRI-T2-4090-ALL-ALL-1mo-US,2026-09-23,T2,T2,4090,ALL,ALL,US,1M,market_intelligence,7,0.3500,0.3500,0.3500,median,0.3500,0.3500,0.3500,0.3500,0.3500,0.3500,0.3500,1,7,cloudrift,10000.0,1,1,1,3,1,7,Low,Shadow,2026-09-17,2026-09-23,v2.4.0,direct,,,,,,,,
CRI-T2-4090-ALL-ALL-3mo-ALL,2026-09-23,T2,T2,4090,ALL,ALL,ALL,3M,market_intelligence,7,0.3300,0.3300,0.3300,median,0.3300,0.3300,0.3300,0.3300,0.3300,0.3300,0.3300,1,7,cloudrift,10000.0,1,1,1,3,1,7,Low,Shadow,2026-09-17,2026-09-23,v2.4.0,direct,,,,,,,,
CRI-T2-4090-ALL-ALL-3mo-US,2026-09-23,T2,T2,4090,ALL,ALL,US,3M,market_intelligence,7,0.3300,0.3300,0.3300,median,0.3300,0.3300,0.3300,0.3300,0.3300,0.3300,0.3300,1,7,cloudrift,10000.0,1,1,1,3,1,7,Low,Shadow,2026-09-17,2026-09-23,v2.4.0,direct,,,,,,,,
CRI-T2-4090-ALL-ALL-OD-ALL,2026-09-23,T2,T2,4090,ALL,ALL,ALL,OnDemand,citable,7,0.5808,0.5695,0.5695,median,0.5390,0.6600,0.4400,0.6600,0.5597,0.5616,0.5808,2,21,hyperstack|sesterce,5000.0,2,4,2,11,2,21,Medium,Shadow,2026-09-17,2026-09-23,v2.4.0,direct,,,,,,,,
CRI-T2-4090-ALL-ALL-OD-US,2026-09-23,T2,T2,4090,ALL,ALL,US,OnDemand,citable,7,0.4824,0.4895,0.4895,median,0.4400,0.5390,0.4400,0.5390,0.4895,0.4796,0.4824,1,7,sesterce,10000.0,1,2,1,5,1,7,Low,Shadow,2026-09-17,2026-09-23,v2.4.0,direct,,,,,,,,
CRI-T2-4090-ALL-GTD-1mo-ALL,2026-09-23,T2,T2,4090,ALL,GTD,ALL,1M,market_intelligence,7,0.3500,0.3500,0.3500,median,0.3500,0.3500,0.3500,0.3500,0.3500,0.3500,0.3500,1,7,cloudrift,10000.0,1,1,1,3,1,7,Low,Shadow,2026-09-17,2026-09-23,v2.4.0,direct,,,,,,,,
CRI-T2-4090-ALL-GTD-1mo-US,2026-09-23,T2,T2,4090,ALL,GTD,US,1M,market_intelligence,7,0.3500,0.3500,0.3500,median,0.3500,0.3500,0.3500,0.3500,0.3500,0.3500,0.3500,1,7,cloudrift,10000.0,1,1,1,3,1,7,Low,Shadow,2026-09-17,2026-09-23,v2.4.0,direct,,,,,,,,
CRI-T2-4090-ALL-GTD-3mo-ALL,2026-09-23,T2,T2,4090,ALL,GTD,ALL,3M,market_intelligence,7,0.3300,0.3300,0.3300,median,0.3300,0.3300,0.3300,0.3300,0.3300,0.3300,0.3300,1,7,cloudrift,10000.0,1,1,1,3,1,7,Low,Shadow,2026-09-17,2026-09-23,v2.4.0,direct,,,,,,,,
CRI-T2-4090-ALL-GTD-3mo-US,2026-09-23,T2,T2,4090,ALL,GTD,US,3M,market_intelligence,7,0.3300,0.3300,0.3300,median,0.3300,0.3300,0.3300,0.3300,0.3300,0.3300,0.3300,1,7,cloudrift,10000.0,1,1,1,3,1,7,Low,Shadow,2026-09-17,2026-09-23,v2.4.0,direct,,,,,,,,
CRI-T2-4090-ALL-GTD-OD-ALL,2026-09-23,T2,T2,4090,ALL,GTD,ALL,OnDemand,citable,7,0.5808,0.5695,0.5695,median,0.5390,0.6600,0.4400,0.6600,0.5597,0.5616,0.5808,2,21,hyperstack|sesterce,5000.0,2,4,2,11,2,21,Medium,Shadow,2026-09-17,2026-09-23,v2.4.0,direct,,,,,,,,
CRI-T2-4090-ALL-GTD-OD-US,2026-09-23,T2,T2,4090,ALL,GTD,US,OnDemand,citable,7,0.4824,0.4895,0.4895,median,0.4400,0.5390,0.4400,0.5390,0.4895,0.4796,0.4824,1,7,sesterce,10000.0,1,2,1,5,1,7,Low,Shadow,2026-09-17,2026-09-23,v2.4.0,direct,,,,,,,,
CRI-T2-4090-PCIe-ALL-1mo-ALL,2026-09-23,T2,T2,4090,PCIe,ALL,ALL,1M,market_intelligence,7,0.3500,0.3500,0.3500,median,0.3500,0.3500,0.3500,0.3500,0.3500,0.3500,0.3500,1,7,cloudrift,10000.0,1,1,1,3,1,7,Low,Shadow,2026-09-17,2026-09-23,v2.4.0,direct,,,,,,,,
CRI-T2-4090-PCIe-ALL-1mo-US,2026-09-23,T2,T2,4090,PCIe,ALL,US,1M,market_intelligence,7,0.3500,0.3500,0.3500,median,0.3500,0.3500,0.3500,0.3500,0.3500,0.3500,0.3500,1,7,cloudrift,10000.0,1,1,1,3,1,7,Low,Shadow,2026-09-17,2026-09-23,v2.4.0,direct,,,,,,,,
CRI-T2-4090-PCIe-ALL-3mo-ALL,2026-09-23,T2,T2,4090,PCIe,ALL,ALL,3M,market_intelligence,7,0.3300,0.3300,0.3300,median,0.3300,0.3300,0.3300,0.3300,0.3300,0.3300,0.3300,1,7,cloudrift,10000.0,1,1,1,3,1,7,Low,Shadow,2026-09-17,2026-09-23,v2.4.0,direct,,,,,,,,
CRI-T2-4090-PCIe-ALL-3mo-US,2026-09-23,T2,T2,4090,PCIe,ALL,US,3M,market_intelligence,7,0.3300,0.3300,0.3300,median,0.3300,0.3300,0.3300,0.3300,0.3300,0.3300,0.3300,1,7,cloudrift,10000.0,1,1,1,3,1,7,Low,Shadow,2026-09-17,2026-09-23,v2.4.0,direct,,,,,,,,
CRI-T2-4090-PCIe-ALL-OD-ALL,2026-09-23,T2,T2,4090,PCIe,ALL,ALL,OnDemand,citable,7,0.5808,0.5695,0.5695,median,0.5390,0.6600,0.4400,0.6600,0.5597,0.5616,0.5808,2,21,hyperstack|sesterce,5000.0,2,4,2,11,2,21,Medium,Shadow,2026-09-17,2026-09-23,v2.4.0,direct,,,,,,,,
CRI-T2-4090-PCIe-ALL-OD-US,2026-09-23,T2,T2,4090,PCIe,ALL,US,OnDemand,citable,7,0.4824,0.4895,0.4895,median,0.4400,0.5390,0.4400,0.5390,0.4895,0.4796,0.4824,1,7,sesterce,10000.0,1,2,1,5,1,7,Low,Shadow,2026-09-17,2026-09-23,v2.4.0,direct,,,,,,,,
CRI-T2-4090-PCIe-GTD-1mo-ALL,2026-09-23,T2,T2,4090,PCIe,GTD,ALL,1M,market_intelligence,7,0.3500,0.3500,0.3500,median,0.3500,0.3500,0.3500,0.3500,0.3500,0.3500,0.3500,1,7,cloudrift,10000.0,1,1,1,3,1,7,Low,Shadow,2026-09-17,2026-09-23,v2.4.0,direct,,,,,,,,
CRI-T2-4090-PCIe-GTD-1mo-US,2026-09-23,T2,T2,4090,PCIe,GTD,US,1M,market_intelligence,7,0.3500,0.3500,0.3500,median,0.3500,0.3500,0.3500,0.3500,0.3500,0.3500,0.3500,1,7,cloudrift,10000.0,1,1,1,3,1,7,Low,Shadow,2026-09-17,2026-09-23,v2.4.0,direct,,,,,,,,
CRI-T2-4090-PCIe-GTD-3mo-ALL,2026-09-23,T2,T2,4090,PCIe,GTD,ALL,3M,market_intelligence,7,0.3300,0.3300,0.3300,median,0.3300,0.3300,0.3300,0.3300,0.3300,0.3300,0.3300,1,7,cloudrift,10000.0,1,1,1,3,1,7,Low,Shadow,2026-09-17,2026-09-23,v2.4.0,direct,,,,,,,,
CRI-T2-4090-PCIe-GTD-3mo-US,2026-09-23,T2,T2,4090,PCIe,GTD,US,3M,market_intelligence,7,0.3300,0.3300,0.3300,median,0.3300,0.3300,0.3300,0.3300,0.3300,0.3300,0.3300,1,7,cloudrift,10000.0,1,1,1,3,1,7,Low,Shadow,2026-09-17,2026-09-23,v2.4.0,direct,,,,,,,,
CRI-T2-4090-PCIe-GTD-OD-ALL,2026-09-23,T2,T2,4090,PCIe,GTD,ALL,OnDemand,citable,7,0.5808,0.5695,0.5695,median,0.5390,0.6600,0.4400,0.6600,0.5597,0.5616,0.5808,2,21,hyperstack|sesterce,5000.0,2,4,2,11,2,21,Medium,Shadow,2026-09-17,2026-09-23,v2.4.0,direct,,,,,,,,
CRI-T2-4090-PCIe-GTD-OD-US,2026-09-23,T2,T2,4090,PCIe,GTD,US,OnDemand,citable,7,0.4824,0.4895,0.4895,median,0.4400,0.5390,0.4400,0.5390,0.4895,0.4796,0.4824,1,7,sesterce,10000.0,1,2,1,5,1,7,Low,Shadow,2026-09-17,2026-09-23,v2.4.0,direct,,,,,,,,
CRI-T2-5090-ALL-ALL-1mo-ALL,2026-09-23,T2,T2,5090,ALL,ALL,ALL,1M,market_intelligence,7,0.5400,0.5400,0.5400,median,0.5400,0.5400,0.5400,0.5400,0.5400,0.5400,0.5400,1,7,cloudrift,10000.0,1,1,1,3,1,7,Low,Shadow,2026-09-17,2026-09-23,v2.4.0,direct,,,,,,,,
CRI-T2-5090-ALL-ALL-1mo-US,2026-09-23,T2,T2,5090,ALL,ALL,US,1M,market_intelligence,7,0.5400,0.5400,0.5400,median,0.5400,0.5400,0.5400,0.5400,0.5400,0.5400,0.5400,1,7,cloudrift,10000.0,1,1,1,3,1,7,Low,Shadow,2026-09-17,2026-09-23,v2.4.0,direct,,,,,,,,
CRI-T2-5090-ALL-ALL-3mo-ALL,2026-09-23,T2,T2,5090,ALL,ALL,ALL,3M,market_intelligence,7,0.5100,0.5100,0.5100,median,0.5100,0.5100,0.5100,0.5100,0.5100,0.5100,0.5100,1,7,cloudrift,10000.0,1,1,1,3,1,7,Low,Shadow,2026-09-17,2026-09-23,v2.4.0,direct,,,,,,,,
CRI-T2-5090-ALL-ALL-3mo-US,2026-09-23,T2,T2,5090,ALL,ALL,US,3M,market_intelligence,7,0.5100,0.5100,0.5100,median,0.5100,0.5100,0.5100,0.5100,0.5100,0.5100,0.5100,1,7,cloudrift,10000.0,1,1,1,3,1,7,Low,Shadow,2026-09-17,2026-09-23,v2.4.0,direct,,,,,,,,
CRI-T2-5090-ALL-ALL-OD-ALL,2026-09-23,T2,T2,5090,ALL,ALL,ALL,OnDemand,citable,7,0.8350,0.8350,0.8350,median,0.7700,0.9000,0.7700,0.9000,0.8350,0.8350,0.8350,2,14,hyperstack|sesterce,5000.0,2,2,2,6,2,14,Medium,Shadow,2026-09-17,2026-09-23,v2.4.0,direct,,,,,,,,
CRI-T2-5090-ALL-ALL-OD-EU,2026-09-23,T2,T2,5090,ALL,ALL,EU,OnDemand,citable,7,0.9000,0.9000,0.9000,median,0.9000,0.9000,0.9000,0.9000,0.9000,0.9000,0.9000,1,7,hyperstack,10000.0,1,1,1,3,1,7,Low,Shadow,2026-09-17,2026-09-23,v2.4.0,direct,,,,,,,,
CRI-T2-5090-ALL-ALL-OD-US,2026-09-23,T2,T2,5090,ALL,ALL,US,OnDemand,citable,7,0.7700,0.7700,0.7700,median,0.7700,0.7700,0.7700,0.7700,0.7700,0.7700,0.7700,1,7,sesterce,10000.0,1,1,1,3,1,7,Low,Shadow,2026-09-17,2026-09-23,v2.4.0,direct,,,,,,,,
CRI-T2-5090-ALL-GTD-1mo-ALL,2026-09-23,T2,T2,5090,ALL,GTD,ALL,1M,market_intelligence,7,0.5400,0.5400,0.5400,median,0.5400,0.5400,0.5400,0.5400,0.5400,0.5400,0.5400,1,7,cloudrift,10000.0,1,1,1,3,1,7,Low,Shadow,2026-09-17,2026-09-23,v2.4.0,direct,,,,,,,,
CRI-T2-5090-ALL-GTD-1mo-US,2026-09-23,T2,T2,5090,ALL,GTD,US,1M,market_intelligence,7,0.5400,0.5400,0.5400,median,0.5400,0.5400,0.5400,0.5400,0.5400,0.5400,0.5400,1,7,cloudrift,10000.0,1,1,1,3,1,7,Low,Shadow,2026-09-17,2026-09-23,v2.4.0,direct,,,,,,,,
CRI-T2-5090-ALL-GTD-3mo-ALL,2026-09-23,T2,T2,5090,ALL,GTD,ALL,3M,market_intelligence,7,0.5100,0.5100,0.5100,median,0.5100,0.5100,0.5100,0.5100,0.5100,0.5100,0.5100,1,7,cloudrift,10000.0,1,1,1,3,1,7,Low,Shadow,2026-09-17,2026-09-23,v2.4.0,direct,,,,,,,,
CRI-T2-5090-ALL-GTD-3mo-US,2026-09-23,T2,T2,5090,ALL,GTD,US,3M,market_intelligence,7,0.5100,0.5100,0.5100,median,0.5100,0.5100,0.5100,0.5100,0.5100,0.5100,0.5100,1,7,cloudrift,10000.0,1,1,1,3,1,7,Low,Shadow,2026-09-17,2026-09-23,v2.4.0,direct,,,,,,,,
CRI-T2-5090-ALL-GTD-OD-ALL,2026-09-23,T2,T2,5090,ALL,GTD,ALL,OnDemand,citable,7,0.8350,0.8350,0.8350,median,0.7700,0.9000,0.7700,0.9000,0.8350,0.8350,0.8350,2,14,hyperstack|sesterce,5000.0,2,2,2,6,2,14,Medium,Shadow,2026-09-17,2026-09-23,v2.4.0,direct,,,,,,,,
CRI-T2-5090-ALL-GTD-OD-EU,2026-09-23,T2,T2,5090,ALL,GTD,EU,OnDemand,citable,7,0.9000,0.9000,0.9000,median,0.9000,0.9000,0.9000,0.9000,0.9000,0.9000,0.9000,1,7,hyperstack,10000.0,1,1,1,3,1,7,Low,Shadow,2026-09-17,2026-09-23,v2.4.0,direct,,,,,,,,
CRI-T2-5090-ALL-GTD-OD-US,2026-09-23,T2,T2,5090,ALL,GTD,US,OnDemand,citable,7,0.7700,0.7700,0.7700,median,0.7700,0.7700,0.7700,0.7700,0.7700,0.7700,0.7700,1,7,sesterce,10000.0,1,1,1,3,1,7,Low,Shadow,2026-09-17,2026-09-23,v2.4.0,direct,,,,,,,,
CRI-T2-5090-PCIe-ALL-1mo-ALL,2026-09-23,T2,T2,5090,PCIe,ALL,ALL,1M,market_intelligence,7,0.5400,0.5400,0.5400,median,0.5400,0.5400,0.5400,0.5400,0.5400,0.5400,0.5400,1,7,cloudrift,10000.0,1,1,1,3,1,7,Low,Shadow,2026-09-17,2026-09-23,v2.4.0,direct,,,,,,,,
CRI-T2-5090-PCIe-ALL-1mo-US,2026-09-23,T2,T2,5090,PCIe,ALL,US,1M,market_intelligence,7,0.5400,0.5400,0.5400,median,0.5400,0.5400,0.5400,0.5400,0.5400,0.5400,0.5400,1,7,cloudrift,10000.0,1,1,1,3,1,7,Low,Shadow,2026-09-17,2026-09-23,v2.4.0,direct,,,,,,,,
CRI-T2-5090-PCIe-ALL-3mo-ALL,2026-09-23,T2,T2,5090,PCIe,ALL,ALL,3M,market_intelligence,7,0.5100,0.5100,0.5100,median,0.5100,0.5100,0.5100,0.5100,0.5100,0.5100,0.5100,1,7,cloudrift,10000.0,1,1,1,3,1,7,Low,Shadow,2026-09-17,2026-09-23,v2.4.0,direct,,,,,,,,
CRI-T2-5090-PCIe-ALL-3mo-US,2026-09-23,T2,T2,5090,PCIe,ALL,US,3M,market_intelligence,7,0.5100,0.5100,0.5100,median,0.5100,0.5100,0.5100,0.5100,0.5100,0.5100,0.5100,1,7,cloudrift,10000.0,1,1,1,3,1,7,Low,Shadow,2026-09-17,2026-09-23,v2.4.0,direct,,,,,,,,
CRI-T2-5090-PCIe-ALL-OD-ALL,2026-09-23,T2,T2,5090,PCIe,ALL,ALL,OnDemand,citable,7,0.8350,0.8350,0.8350,median,0.7700,0.9000,0.7700,0.9000,0.8350,0.8350,0.8350,2,14,hyperstack|sesterce,5000.0,2,2,2,6,2,14,Medium,Shadow,2026-09-17,2026-09-23,v2.4.0,direct,,,,,,,,
CRI-T2-5090-PCIe-ALL-OD-EU,2026-09-23,T2,T2,5090,PCIe,ALL,EU,OnDemand,citable,7,0.9000,0.9000,0.9000,median,0.9000,0.9000,0.9000,0.9000,0.9000,0.9000,0.9000,1,7,hyperstack,10000.0,1,1,1,3,1,7,Low,Shadow,2026-09-17,2026-09-23,v2.4.0,direct,,,,,,,,
CRI-T2-5090-PCIe-ALL-OD-US,2026-09-23,T2,T2,5090,PCIe,ALL,US,OnDemand,citable,7,0.7700,0.7700,0.7700,median,0.7700,0.7700,0.7700,0.7700,0.7700,0.7700,0.7700,1,7,sesterce,10000.0,1,1,1,3,1,7,Low,Shadow,2026-09-17,2026-09-23,v2.4.0,direct,,,,,,,,
CRI-T2-5090-PCIe-GTD-1mo-ALL,2026-09-23,T2,T2,5090,PCIe,GTD,ALL,1M,market_intelligence,7,0.5400,0.5400,0.5400,median,0.5400,0.5400,0.5400,0.5400,0.5400,0.5400,0.5400,1,7,cloudrift,10000.0,1,1,1,3,1,7,Low,Shadow,2026-09-17,2026-09-23,v2.4.0,direct,,,,,,,,
CRI-T2-5090-PCIe-GTD-1mo-US,2026-09-23,T2,T2,5090,PCIe,GTD,US,1M,market_intelligence,7,0.5400,0.5400,0.5400,median,0.5400,0.5400,0.5400,0.5400,0.5400,0.5400,0.5400,1,7,cloudrift,10000.0,1,1,1,3,1,7,Low,Shadow,2026-09-17,2026-09-23,v2.4.0,direct,,,,,,,,
CRI-T2-5090-PCIe-GTD-3mo-ALL,2026-09-23,T2,T2,5090,PCIe,GTD,ALL,3M,market_intelligence,7,0.5100,0.5100,0.5100,median,0.5100,0.5100,0.5100,0.5100,0.5100,0.5100,0.5100,1,7,cloudrift,10000.0,1,1,1,3,1,7,Low,Shadow,2026-09-17,2026-09-23,v2.4.0,direct,,,,,,,,
CRI-T2-5090-PCIe-GTD-3mo-US,2026-09-23,T2,T2,5090,PCIe,GTD,US,3M,market_intelligence,7,0.5100,0.5100,0.5100,median,0.5100,0.5100,0.5100,0.5100,0.5100,0.5100,0.5100,1,7,cloudrift,10000.0,1,1,1,3,1,7,Low,Shadow,2026-09-17,2026-09-23,v2.4.0,direct,,,,,,,,
CRI-T2-5090-PCIe-GTD-OD-ALL,2026-09-23,T2,T2,5090,PCIe,GTD,ALL,OnDemand,citable,7,0.8350,0.8350,0.8350,median,0.7700,0.9000,0.7700,0.9000,0.8350,0.8350,0.8350,2,14,hyperstack|sesterce,5000.0,2,2,2,6,2,14,Medium,Shadow,2026-09-17,2026-09-23,v2.4.0,direct,,,,,,,,
CRI-T2-5090-PCIe-GTD-OD-EU,2026-09-23,T2,T2,5090,PCIe,GTD,EU,OnDemand,citable,7,0.9000,0.9000,0.9000,median,0.9000,0.9000,0.9000,0.9000,0.9000,0.9000,0.9000,1,7,hyperstack,10000.0,1,1,1,3,1,7,Low,Shadow,2026-09-17,2026-09-23,v2.4.0,direct,,,,,,,,
CRI-T2-5090-PCIe-GTD-OD-US,2026-09-23,T2,T2,5090,PCIe,GTD,US,OnDemand,citable,7,0.7700,0.7700,0.7700,median,0.7700,0.7700,0.7700,0.7700,0.7700,0.7700,0.7700,1,7,sesterce,10000.0,1,1,1,3,1,7,Low,Shadow,2026-09-17,2026-09-23,v2.4.0,direct,,,,,,,,
CRI-T2-A10-ALL-ALL-OD-ALL,2026-09-23,T2,T2,A10,ALL,ALL,ALL,OnDemand,citable,7,1.3932,1.3545,1.3545,median,1.4190,1.4190,1.2900,1.4190,1.3932,1.3932,1.3932,2,35,lambda|sesterce,5000.0,2,5,2,15,2,35,Medium,Shadow,2026-09-17,2026-09-23,v2.4.0,direct,,,,,,,,
CRI-T2-A10-ALL-ALL-OD-APAC,2026-09-23,T2,T2,A10,ALL,ALL,APAC,OnDemand,citable,7,1.4190,1.4190,1.4190,median,1.4190,1.4190,1.4190,1.4190,1.4190,1.4190,1.4190,1,7,sesterce,10000.0,1,1,1,3,1,7,Low,Shadow,2026-09-17,2026-09-23,v2.4.0,direct,,,,,,,,
CRI-T2-A10-ALL-GTD-OD-ALL,2026-09-23,T2,T2,A10,ALL,GTD,ALL,OnDemand,citable,7,1.3932,1.3545,1.3545,median,1.4190,1.4190,1.2900,1.4190,1.3932,1.3932,1.3932,2,35,lambda|sesterce,5000.0,2,5,2,15,2,35,Medium,Shadow,2026-09-17,2026-09-23,v2.4.0,direct,,,,,,,,
CRI-T2-A10-ALL-GTD-OD-APAC,2026-09-23,T2,T2,A10,ALL,GTD,APAC,OnDemand,citable,7,1.4190,1.4190,1.4190,median,1.4190,1.4190,1.4190,1.4190,1.4190,1.4190,1.4190,1,7,sesterce,10000.0,1,1,1,3,1,7,Low,Shadow,2026-09-17,2026-09-23,v2.4.0,direct,,,,,,,,
CRI-T2-A10-PCIe-ALL-OD-ALL,2026-09-23,T2,T2,A10,PCIe,ALL,ALL,OnDemand,citable,7,1.3932,1.3545,1.3545,median,1.4190,1.4190,1.2900,1.4190,1.3932,1.3932,1.3932,2,35,lambda|sesterce,5000.0,2,5,2,15,2,35,Medium,Shadow,2026-09-17,2026-09-23,v2.4.0,direct,,,,,,,,
CRI-T2-A10-PCIe-GTD-OD-ALL,2026-09-23,T2,T2,A10,PCIe,GTD,ALL,OnDemand,citable,7,1.3932,1.3545,1.3545,median,1.4190,1.4190,1.2900,1.4190,1.3932,1.3932,1.3932,2,35,lambda|sesterce,5000.0,2,5,2,15,2,35,Medium,Shadow,2026-09-17,2026-09-23,v2.4.0,direct,,,,,,,,
CRI-T2-A100-40GB-ALL-ALL-1mo-ALL,2026-09-23,T2,T2,A100,ALL,ALL,ALL,1M,market_intelligence,7,1.2420,1.2385,1.2385,median,1.2385,1.2476,1.2262,1.2569,1.2569,1.2507,1.2420,1,7,datacrunch,10000.0,1,1,1,3,1,7,Low,Shadow,2026-09-17,2026-09-23,v2.4.0,direct,,,,,,,,
CRI-T2-A100-40GB-ALL-ALL-1mo-EU,2026-09-23,T2,T2,A100,ALL,ALL,EU,1M,market_intelligence,7,1.2420,1.2385,1.2385,median,1.2385,1.2476,1.2262,1.2569,1.2569,1.2507,1.2420,1,7,datacrunch,10000.0,1,1,1,3,1,7,Low,Shadow,2026-09-17,2026-09-23,v2.4.0,direct,,,,,,,,
CRI-T2-A100-40GB-ALL-ALL-1yr-ALL,2026-09-23,T2,T2,A100,ALL,ALL,ALL,1Y,market_intelligence,7,1.1660,1.1627,1.1627,median,1.1627,1.1713,1.1512,1.1799,1.1799,1.1742,1.1660,1,7,datacrunch,10000.0,1,1,1,3,1,7,Low,Shadow,2026-09-17,2026-09-23,v2.4.0,direct,,,,,,,,
CRI-T2-A100-40GB-ALL-ALL-1yr-EU,2026-09-23,T2,T2,A100,ALL,ALL,EU,1Y,market_intelligence,7,1.1660,1.1627,1.1627,median,1.1627,1.1713,1.1512,1.1799,1.1799,1.1742,1.1660,1,7,datacrunch,10000.0,1,1,1,3,1,7,Low,Shadow,2026-09-17,2026-09-23,v2.4.0,direct,,,,,,,,
CRI-T2-A100-40GB-ALL-ALL-2yr-ALL,2026-09-23,T2,T2,A100,ALL,ALL,ALL,2Y,market_intelligence,7,0.9505,0.9478,0.9478,median,0.9478,0.9548,0.9384,0.9619,0.9619,0.9572,0.9505,1,7,datacrunch,10000.0,1,1,1,3,1,7,Low,Shadow,2026-09-17,2026-09-23,v2.4.0,direct,,,,,,,,
CRI-T2-A100-40GB-ALL-ALL-2yr-EU,2026-09-23,T2,T2,A100,ALL,ALL,EU,2Y,market_intelligence,7,0.9505,0.9478,0.9478,median,0.9478,0.9548,0.9384,0.9619,0.9619,0.9572,0.9505,1,7,datacrunch,10000.0,1,1,1,3,1,7,Low,Shadow,2026-09-17,2026-09-23,v2.4.0,direct,,,,,,,,
CRI-T2-A100-40GB-ALL-ALL-3mo-ALL,2026-09-23,T2,T2,A100,ALL,ALL,ALL,3M,market_intelligence,7,1.2293,1.2258,1.2258,median,1.2258,1.2349,1.2137,1.2440,1.2440,1.2380,1.2293,1,7,datacrunch,10000.0,1,1,1,3,1,7,Low,Shadow,2026-09-17,2026-09-23,v2.4.0,direct,,,,,,,,
CRI-T2-A100-40GB-ALL-ALL-3mo-EU,2026-09-23,T2,T2,A100,ALL,ALL,EU,3M,market_intelligence,7,1.2293,1.2258,1.2258,median,1.2258,1.2349,1.2137,1.2440,1.2440,1.2380,1.2293,1,7,datacrunch,10000.0,1,1,1,3,1,7,Low,Shadow,2026-09-17,2026-09-23,v2.4.0,direct,,,,,,,,
CRI-T2-A100-40GB-ALL-ALL-6mo-ALL,2026-09-23,T2,T2,A100,ALL,ALL,ALL,6M,market_intelligence,7,1.2166,1.2132,1.2132,median,1.2132,1.2222,1.2012,1.2312,1.2312,1.2252,1.2166,1,7,datacrunch,10000.0,1,1,1,3,1,7,Low,Shadow,2026-09-17,2026-09-23,v2.4.0,direct,,,,,,,,
CRI-T2-A100-40GB-ALL-ALL-6mo-EU,2026-09-23,T2,T2,A100,ALL,ALL,EU,6M,market_intelligence,7,1.2166,1.2132,1.2132,median,1.2132,1.2222,1.2012,1.2312,1.2312,1.2252,1.2166,1,7,datacrunch,10000.0,1,1,1,3,1,7,Low,Shadow,2026-09-17,2026-09-23,v2.4.0,direct,,,,,,,,
CRI-T2-A100-40GB-ALL-ALL-OD-Other,2026-09-23,T2,T2,A100,ALL,ALL,Other,OnDemand,citable,7,1.8645,1.8645,1.8645,median,1.5400,2.1890,1.5400,2.1890,1.8645,1.8645,1.8645,1,14,sesterce,10000.0,1,2,1,6,1,14,Low,Shadow,2026-09-17,2026-09-23,v2.4.0,direct,,,,,,,,
CRI-T2-A100-40GB-ALL-GTD-1mo-ALL,2026-09-23,T2,T2,A100,ALL,GTD,ALL,1M,market_intelligence,7,1.2420,1.2385,1.2385,median,1.2385,1.2476,1.2262,1.2569,1.2569,1.2507,1.2420,1,7,datacrunch,10000.0,1,1,1,3,1,7,Low,Shadow,2026-09-17,2026-09-23,v2.4.0,direct,,,,,,,,
CRI-T2-A100-40GB-ALL-GTD-1mo-EU,2026-09-23,T2,T2,A100,ALL,GTD,EU,1M,market_intelligence,7,1.2420,1.2385,1.2385,median,1.2385,1.2476,1.2262,1.2569,1.2569,1.2507,1.2420,1,7,datacrunch,10000.0,1,1,1,3,1,7,Low,Shadow,2026-09-17,2026-09-23,v2.4.0,direct,,,,,,,,
CRI-T2-A100-40GB-ALL-GTD-1yr-ALL,2026-09-23,T2,T2,A100,ALL,GTD,ALL,1Y,market_intelligence,7,1.1660,1.1627,1.1627,median,1.1627,1.1713,1.1512,1.1799,1.1799,1.1742,1.1660,1,7,datacrunch,10000.0,1,1,1,3,1,7,Low,Shadow,2026-09-17,2026-09-23,v2.4.0,direct,,,,,,,,
CRI-T2-A100-40GB-ALL-GTD-1yr-EU,2026-09-23,T2,T2,A100,ALL,GTD,EU,1Y,market_intelligence,7,1.1660,1.1627,1.1627,median,1.1627,1.1713,1.1512,1.1799,1.1799,1.1742,1.1660,1,7,datacrunch,10000.0,1,1,1,3,1,7,Low,Shadow,2026-09-17,2026-09-23,v2.4.0,direct,,,,,,,,
CRI-T2-A100-40GB-ALL-GTD-2yr-ALL,2026-09-23,T2,T2,A100,ALL,GTD,ALL,2Y,market_intelligence,7,0.9505,0.9478,0.9478,median,0.9478,0.9548,0.9384,0.9619,0.9619,0.9572,0.9505,1,7,datacrunch,10000.0,1,1,1,3,1,7,Low,Shadow,2026-09-17,2026-09-23,v2.4.0,direct,,,,,,,,
CRI-T2-A100-40GB-ALL-GTD-2yr-EU,2026-09-23,T2,T2,A100,ALL,GTD,EU,2Y,market_intelligence,7,0.9505,0.9478,0.9478,median,0.9478,0.9548,0.9384,0.9619,0.9619,0.9572,0.9505,1,7,datacrunch,10000.0,1,1,1,3,1,7,Low,Shadow,2026-09-17,2026-09-23,v2.4.0,direct,,,,,,,,
CRI-T2-A100-40GB-ALL-GTD-3mo-ALL,2026-09-23,T2,T2,A100,ALL,GTD,ALL,3M,market_intelligence,7,1.2293,1.2258,1.2258,median,1.2258,1.2349,1.2137,1.2440,1.2440,1.2380,1.2293,1,7,datacrunch,10000.0,1,1,1,3,1,7,Low,Shadow,2026-09-17,2026-09-23,v2.4.0,direct,,,,,,,,
CRI-T2-A100-40GB-ALL-GTD-3mo-EU,2026-09-23,T2,T2,A100,ALL,GTD,EU,3M,market_intelligence,7,1.2293,1.2258,1.2258,median,1.2258,1.2349,1.2137,1.2440,1.2440,1.2380,1.2293,1,7,datacrunch,10000.0,1,1,1,3,1,7,Low,Shadow,2026-09-17,2026-09-23,v2.4.0,direct,,,,,,,,
CRI-T2-A100-40GB-ALL-GTD-6mo-ALL,2026-09-23,T2,T2,A100,ALL,GTD,ALL,6M,market_intelligence,7,1.2166,1.2132,1.2132,median,1.2132,1.2222,1.2012,1.2312,1.2312,1.2252,1.2166,1,7,datacrunch,10000.0,1,1,1,3,1,7,Low,Shadow,2026-09-17,2026-09-23,v2.4.0,direct,,,,,,,,
CRI-T2-A100-40GB-ALL-GTD-6mo-EU,2026-09-23,T2,T2,A100,ALL,GTD,EU,6M,market_intelligence,7,1.2166,1.2132,1.2132,median,1.2132,1.2222,1.2012,1.2312,1.2312,1.2252,1.2166,1,7,datacrunch,10000.0,1,1,1,3,1,7,Low,Shadow,2026-09-17,2026-09-23,v2.4.0,direct,,,,,,,,
CRI-T2-A100-40GB-ALL-GTD-OD-Other,2026-09-23,T2,T2,A100,ALL,GTD,Other,OnDemand,citable,7,1.8645,1.8645,1.8645,median,1.5400,2.1890,1.5400,2.1890,1.8645,1.8645,1.8645,1,14,sesterce,10000.0,1,2,1,6,1,14,Low,Shadow,2026-09-17,2026-09-23,v2.4.0,direct,,,,,,,,
CRI-T2-A100-40GB-ALL-INT-OD-ALL,2026-09-23,T2,T2,A100,ALL,INT,ALL,OnDemand,citable,7,0.6336,0.6320,0.6320,median,0.6320,0.6365,0.6255,0.6410,0.6410,0.6380,0.6336,1,7,datacrunch,10000.0,1,1,1,3,1,7,Low,Shadow,2026-09-17,2026-09-23,v2.4.0,direct,,,,,,,,
CRI-T2-A100-40GB-ALL-INT-OD-APAC,2026-09-23,T2,T2,A100,ALL,INT,APAC,OnDemand,citable,7,0.7900,0.7900,0.7900,median,0.7900,0.7900,0.7900,0.7900,0.7900,0.7900,0.7900,1,7,jarvislabs,10000.0,1,1,1,3,1,7,Low,Shadow,2026-09-17,2026-09-23,v2.4.0,direct,,,,,,,,
CRI-T2-A100-40GB-ALL-INT-OD-EU,2026-09-23,T2,T2,A100,ALL,INT,EU,OnDemand,citable,7,0.6336,0.6320,0.6320,median,0.6320,0.6365,0.6255,0.6410,0.6410,0.6380,0.6336,1,7,datacrunch,10000.0,1,1,1,3,1,7,Low,Shadow,2026-09-17,2026-09-23,v2.4.0,direct,,,,,,,,
CRI-T2-A100-40GB-PCIe-ALL-OD-EU,2026-09-23,T2,T2,A100,PCIe,ALL,EU,OnDemand,citable,7,2.8490,2.8490,2.8490,median,2.1890,3.5090,2.1890,3.5090,2.8490,2.8490,2.8490,1,14,sesterce,10000.0,1,2,1,6,1,14,Low,Shadow,2026-09-17,2026-09-23,v2.4.0,direct,,,,,,,,
CRI-T2-A100-40GB-PCIe-GTD-OD-EU,2026-09-23,T2,T2,A100,PCIe,GTD,EU,OnDemand,citable,7,2.8490,2.8490,2.8490,median,2.1890,3.5090,2.1890,3.5090,2.8490,2.8490,2.8490,1,14,sesterce,10000.0,1,2,1,6,1,14,Low,Shadow,2026-09-17,2026-09-23,v2.4.0,direct,,,,,,,,
CRI-T2-A100-40GB-SXM-ALL-1mo-ALL,2026-09-23,T2,T2,A100,SXM,ALL,ALL,1M,market_intelligence,7,1.2420,1.2385,1.2385,median,1.2385,1.2476,1.2262,1.2569,1.2569,1.2507,1.2420,1,7,datacrunch,10000.0,1,1,1,3,1,7,Low,Shadow,2026-09-17,2026-09-23,v2.4.0,direct,,,,,,,,
CRI-T2-A100-40GB-SXM-ALL-1mo-EU,2026-09-23,T2,T2,A100,SXM,ALL,EU,1M,market_intelligence,7,1.2420,1.2385,1.2385,median,1.2385,1.2476,1.2262,1.2569,1.2569,1.2507,1.2420,1,7,datacrunch,10000.0,1,1,1,3,1,7,Low,Shadow,2026-09-17,2026-09-23,v2.4.0,direct,,,,,,,,
CRI-T2-A100-40GB-SXM-ALL-1yr-ALL,2026-09-23,T2,T2,A100,SXM,ALL,ALL,1Y,market_intelligence,7,1.1660,1.1627,1.1627,median,1.1627,1.1713,1.1512,1.1799,1.1799,1.1742,1.1660,1,7,datacrunch,10000.0,1,1,1,3,1,7,Low,Shadow,2026-09-17,2026-09-23,v2.4.0,direct,,,,,,,,
CRI-T2-A100-40GB-SXM-ALL-1yr-EU,2026-09-23,T2,T2,A100,SXM,ALL,EU,1Y,market_intelligence,7,1.1660,1.1627,1.1627,median,1.1627,1.1713,1.1512,1.1799,1.1799,1.1742,1.1660,1,7,datacrunch,10000.0,1,1,1,3,1,7,Low,Shadow,2026-09-17,2026-09-23,v2.4.0,direct,,,,,,,,
CRI-T2-A100-40GB-SXM-ALL-2yr-ALL,2026-09-23,T2,T2,A100,SXM,ALL,ALL,2Y,market_intelligence,7,0.9505,0.9478,0.9478,median,0.9478,0.9548,0.9384,0.9619,0.9619,0.9572,0.9505,1,7,datacrunch,10000.0,1,1,1,3,1,7,Low,Shadow,2026-09-17,2026-09-23,v2.4.0,direct,,,,,,,,
CRI-T2-A100-40GB-SXM-ALL-2yr-EU,2026-09-23,T2,T2,A100,SXM,ALL,EU,2Y,market_intelligence,7,0.9505,0.9478,0.9478,median,0.9478,0.9548,0.9384,0.9619,0.9619,0.9572,0.9505,1,7,datacrunch,10000.0,1,1,1,3,1,7,Low,Shadow,2026-09-17,2026-09-23,v2.4.0,direct,,,,,,,,
CRI-T2-A100-40GB-SXM-ALL-3mo-ALL,2026-09-23,T2,T2,A100,SXM,ALL,ALL,3M,market_intelligence,7,1.2293,1.2258,1.2258,median,1.2258,1.2349,1.2137,1.2440,1.2440,1.2380,1.2293,1,7,datacrunch,10000.0,1,1,1,3,1,7,Low,Shadow,2026-09-17,2026-09-23,v2.4.0,direct,,,,,,,,
CRI-T2-A100-40GB-SXM-ALL-3mo-EU,2026-09-23,T2,T2,A100,SXM,ALL,EU,3M,market_intelligence,7,1.2293,1.2258,1.2258,median,1.2258,1.2349,1.2137,1.2440,1.2440,1.2380,1.2293,1,7,datacrunch,10000.0,1,1,1,3,1,7,Low,Shadow,2026-09-17,2026-09-23,v2.4.0,direct,,,,,,,,
CRI-T2-A100-40GB-SXM-ALL-6mo-ALL,2026-09-23,T2,T2,A100,SXM,ALL,ALL,6M,market_intelligence,7,1.2166,1.2132,1.2132,median,1.2132,1.2222,1.2012,1.2312,1.2312,1.2252,1.2166,1,7,datacrunch,10000.0,1,1,1,3,1,7,Low,Shadow,2026-09-17,2026-09-23,v2.4.0,direct,,,,,,,,
CRI-T2-A100-40GB-SXM-ALL-6mo-EU,2026-09-23,T2,T2,A100,SXM,ALL,EU,6M,market_intelligence,7,1.2166,1.2132,1.2132,median,1.2132,1.2222,1.2012,1.2312,1.2312,1.2252,1.2166,1,7,datacrunch,10000.0,1,1,1,3,1,7,Low,Shadow,2026-09-17,2026-09-23,v2.4.0,direct,,,,,,,,
CRI-T2-A100-40GB-SXM-ALL-OD-EU,2026-09-23,T2,T2,A100,SXM,ALL,EU,OnDemand,citable,7,0.9505,0.9462,0.9462,median,0.6327,1.2638,0.6255,1.2825,0.9617,0.9571,0.9505,1,14,datacrunch,10000.0,1,2,1,6,1,14,Low,Shadow,2026-09-17,2026-09-23,v2.4.0,direct,,,,,,,,
CRI-T2-A100-40GB-SXM-GTD-1mo-ALL,2026-09-23,T2,T2,A100,SXM,GTD,ALL,1M,market_intelligence,7,1.2420,1.2385,1.2385,median,1.2385,1.2476,1.2262,1.2569,1.2569,1.2507,1.2420,1,7,datacrunch,10000.0,1,1,1,3,1,7,Low,Shadow,2026-09-17,2026-09-23,v2.4.0,direct,,,,,,,,
CRI-T2-A100-40GB-SXM-GTD-1mo-EU,2026-09-23,T2,T2,A100,SXM,GTD,EU,1M,market_intelligence,7,1.2420,1.2385,1.2385,median,1.2385,1.2476,1.2262,1.2569,1.2569,1.2507,1.2420,1,7,datacrunch,10000.0,1,1,1,3,1,7,Low,Shadow,2026-09-17,2026-09-23,v2.4.0,direct,,,,,,,,
CRI-T2-A100-40GB-SXM-GTD-1yr-ALL,2026-09-23,T2,T2,A100,SXM,GTD,ALL,1Y,market_intelligence,7,1.1660,1.1627,1.1627,median,1.1627,1.1713,1.1512,1.1799,1.1799,1.1742,1.1660,1,7,datacrunch,10000.0,1,1,1,3,1,7,Low,Shadow,2026-09-17,2026-09-23,v2.4.0,direct,,,,,,,,
CRI-T2-A100-40GB-SXM-GTD-1yr-EU,2026-09-23,T2,T2,A100,SXM,GTD,EU,1Y,market_intelligence,7,1.1660,1.1627,1.1627,median,1.1627,1.1713,1.1512,1.1799,1.1799,1.1742,1.1660,1,7,datacrunch,10000.0,1,1,1,3,1,7,Low,Shadow,2026-09-17,2026-09-23,v2.4.0,direct,,,,,,,,
CRI-T2-A100-40GB-SXM-GTD-2yr-ALL,2026-09-23,T2,T2,A100,SXM,GTD,ALL,2Y,market_intelligence,7,0.9505,0.9478,0.9478,median,0.9478,0.9548,0.9384,0.9619,0.9619,0.9572,0.9505,1,7,datacrunch,10000.0,1,1,1,3,1,7,Low,Shadow,2026-09-17,2026-09-23,v2.4.0,direct,,,,,,,,
CRI-T2-A100-40GB-SXM-GTD-2yr-EU,2026-09-23,T2,T2,A100,SXM,GTD,EU,2Y,market_intelligence,7,0.9505,0.9478,0.9478,median,0.9478,0.9548,0.9384,0.9619,0.9619,0.9572,0.9505,1,7,datacrunch,10000.0,1,1,1,3,1,7,Low,Shadow,2026-09-17,2026-09-23,v2.4.0,direct,,,,,,,,
CRI-T2-A100-40GB-SXM-GTD-3mo-ALL,2026-09-23,T2,T2,A100,SXM,GTD,ALL,3M,market_intelligence,7,1.2293,1.2258,1.2258,median,1.2258,1.2349,1.2137,1.2440,1.2440,1.2380,1.2293,1,7,datacrunch,10000.0,1,1,1,3,1,7,Low,Shadow,2026-09-17,2026-09-23,v2.4.0,direct,,,,,,,,
CRI-T2-A100-40GB-SXM-GTD-3mo-EU,2026-09-23,T2,T2,A100,SXM,GTD,EU,3M,market_intelligence,7,1.2293,1.2258,1.2258,median,1.2258,1.2349,1.2137,1.2440,1.2440,1.2380,1.2293,1,7,datacrunch,10000.0,1,1,1,3,1,7,Low,Shadow,2026-09-17,2026-09-23,v2.4.0,direct,,,,,,,,
CRI-T2-A100-40GB-SXM-GTD-6mo-ALL,2026-09-23,T2,T2,A100,SXM,GTD,ALL,6M,market_intelligence,7,1.2166,1.2132,1.2132,median,1.2132,1.2222,1.2012,1.2312,1.2312,1.2252,1.2166,1,7,datacrunch,10000.0,1,1,1,3,1,7,Low,Shadow,2026-09-17,2026-09-23,v2.4.0,direct,,,,,,,,
CRI-T2-A100-40GB-SXM-GTD-6mo-EU,2026-09-23,T2,T2,A100,SXM,GTD,EU,6M,market_intelligence,7,1.2166,1.2132,1.2132,median,1.2132,1.2222,1.2012,1.2312,1.2312,1.2252,1.2166,1,7,datacrunch,10000.0,1,1,1,3,1,7,Low,Shadow,2026-09-17,2026-09-23,v2.4.0,direct,,,,,,,,
CRI-T2-A100-40GB-SXM-GTD-OD-EU,2026-09-23,T2,T2,A100,SXM,GTD,EU,OnDemand,citable,7,1.2674,1.2638,1.2638,median,1.2638,1.2732,1.2513,1.2825,1.2825,1.2763,1.2674,1,7,datacrunch,10000.0,1,1,1,3,1,7,Low,Shadow,2026-09-17,2026-09-23,v2.4.0,direct,,,,,,,,
CRI-T2-A100-40GB-SXM-INT-OD-ALL,2026-09-23,T2,T2,A100,SXM,INT,ALL,OnDemand,citable,7,0.6336,0.6320,0.6320,median,0.6320,0.6365,0.6255,0.6410,0.6410,0.6380,0.6336,1,7,datacrunch,10000.0,1,1,1,3,1,7,Low,Shadow,2026-09-17,2026-09-23,v2.4.0,direct,,,,,,,,
CRI-T2-A100-40GB-SXM-INT-OD-EU,2026-09-23,T2,T2,A100,SXM,INT,EU,OnDemand,citable,7,0.6336,0.6320,0.6320,median,0.6320,0.6365,0.6255,0.6410,0.6410,0.6380,0.6336,1,7,datacrunch,10000.0,1,1,1,3,1,7,Low,Shadow,2026-09-17,2026-09-23,v2.4.0,direct,,,,,,,,
CRI-T2-A100-ALL-ALL-1mo-EU,2026-09-23,T2,T2,A100,ALL,ALL,EU,1M,market_intelligence,7,1.6979,1.7003,1.7003,median,1.7003,1.7003,1.6746,1.7089,1.7089,1.7032,1.6979,1,7,datacrunch,10000.0,1,1,1,3,1,7,Low,Shadow,2026-09-17,2026-09-23,v2.4.0,direct,,,,,,,,
CRI-T2-A100-ALL-ALL-1mo-US,2026-09-23,T2,T2,A100,ALL,ALL,US,1M,market_intelligence,7,0.9500,0.9500,0.9500,median,0.9500,0.9500,0.9500,0.9500,0.9500,0.9500,0.9500,1,7,cloudrift,10000.0,1,1,1,3,1,7,Low,Shadow,2026-09-17,2026-09-23,v2.4.0,direct,,,,,,,,
CRI-T2-A100-ALL-ALL-2yr-ALL,2026-09-23,T2,T2,A100,ALL,ALL,ALL,2Y,market_intelligence,7,1.2994,1.3013,1.3013,median,1.3013,1.3013,1.2816,1.3078,1.3078,1.3035,1.2994,1,7,datacrunch,10000.0,1,1,1,3,1,7,Low,Shadow,2026-09-17,2026-09-23,v2.4.0,direct,,,,,,,,
CRI-T2-A100-ALL-ALL-2yr-EU,2026-09-23,T2,T2,A100,ALL,ALL,EU,2Y,market_intelligence,7,1.2994,1.3013,1.3013,median,1.3013,1.3013,1.2816,1.3078,1.3078,1.3035,1.2994,1,7,datacrunch,10000.0,1,1,1,3,1,7,Low,Shadow,2026-09-17,2026-09-23,v2.4.0,direct,,,,,,,,
CRI-T2-A100-ALL-ALL-3mo-US,2026-09-23,T2,T2,A100,ALL,ALL,US,3M,market_intelligence,7,0.8900,0.8900,0.8900,median,0.8900,0.8900,0.8900,0.8900,0.8900,0.8900,0.8900,1,7,cloudrift,10000.0,1,1,1,3,1,7,Low,Shadow,2026-09-17,2026-09-23,v2.4.0,direct,,,,,,,,
CRI-T2-A100-ALL-ALL-3yr-ALL,2026-09-23,T2,T2,A100,ALL,ALL,ALL,3Y,market_intelligence,7,1.1500,1.1500,1.1500,median,1.1500,1.1500,1.1500,1.1500,1.1500,1.1500,1.1500,1,7,paperspace,10000.0,1,1,1,3,1,7,Low,Shadow,2026-09-17,2026-09-23,v2.4.0,direct,,,,,,,,
CRI-T2-A100-ALL-ALL-3yr-US,2026-09-23,T2,T2,A100,ALL,ALL,US,3Y,market_intelligence,7,1.1500,1.1500,1.1500,median,1.1500,1.1500,1.1500,1.1500,1.1500,1.1500,1.1500,1,7,paperspace,10000.0,1,1,1,3,1,7,Low,Shadow,2026-09-17,2026-09-23,v2.4.0,direct,,,,,,,,
CRI-T2-A100-ALL-ALL-OD-Other,2026-09-23,T2,T2,A100,ALL,ALL,Other,OnDemand,citable,7,1.4850,1.4850,1.4850,median,1.4850,1.4850,1.4850,1.4850,1.4850,1.4850,1.4850,1,7,sesterce,10000.0,1,1,1,3,1,7,Low,Shadow,2026-09-17,2026-09-23,v2.4.0,direct,,,,,,,,
CRI-T2-A100-ALL-GTD-1mo-EU,2026-09-23,T2,T2,A100,ALL,GTD,EU,1M,market_intelligence,7,1.6979,1.7003,1.7003,median,1.7003,1.7003,1.6746,1.7089,1.7089,1.7032,1.6979,1,7,datacrunch,10000.0,1,1,1,3,1,7,Low,Shadow,2026-09-17,2026-09-23,v2.4.0,direct,,,,,,,,
CRI-T2-A100-ALL-GTD-1mo-US,2026-09-23,T2,T2,A100,ALL,GTD,US,1M,market_intelligence,7,0.9500,0.9500,0.9500,median,0.9500,0.9500,0.9500,0.9500,0.9500,0.9500,0.9500,1,7,cloudrift,10000.0,1,1,1,3,1,7,Low,Shadow,2026-09-17,2026-09-23,v2.4.0,direct,,,,,,,,
CRI-T2-A100-ALL-GTD-2yr-ALL,2026-09-23,T2,T2,A100,ALL,GTD,ALL,2Y,market_intelligence,7,1.2994,1.3013,1.3013,median,1.3013,1.3013,1.2816,1.3078,1.3078,1.3035,1.2994,1,7,datacrunch,10000.0,1,1,1,3,1,7,Low,Shadow,2026-09-17,2026-09-23,v2.4.0,direct,,,,,,,,
CRI-T2-A100-ALL-GTD-2yr-EU,2026-09-23,T2,T2,A100,ALL,GTD,EU,2Y,market_intelligence,7,1.2994,1.3013,1.3013,median,1.3013,1.3013,1.2816,1.3078,1.3078,1.3035,1.2994,1,7,datacrunch,10000.0,1,1,1,3,1,7,Low,Shadow,2026-09-17,2026-09-23,v2.4.0,direct,,,,,,,,
CRI-T2-A100-ALL-GTD-3mo-US,2026-09-23,T2,T2,A100,ALL,GTD,US,3M,market_intelligence,7,0.8900,0.8900,0.8900,median,0.8900,0.8900,0.8900,0.8900,0.8900,0.8900,0.8900,1,7,cloudrift,10000.0,1,1,1,3,1,7,Low,Shadow,2026-09-17,2026-09-23,v2.4.0,direct,,,,,,,,
CRI-T2-A100-ALL-GTD-3yr-ALL,2026-09-23,T2,T2,A100,ALL,GTD,ALL,3Y,market_intelligence,7,1.1500,1.1500,1.1500,median,1.1500,1.1500,1.1500,1.1500,1.1500,1.1500,1.1500,1,7,paperspace,10000.0,1,1,1,3,1,7,Low,Shadow,2026-09-17,2026-09-23,v2.4.0,direct,,,,,,,,
CRI-T2-A100-ALL-GTD-3yr-US,2026-09-23,T2,T2,A100,ALL,GTD,US,3Y,market_intelligence,7,1.1500,1.1500,1.1500,median,1.1500,1.1500,1.1500,1.1500,1.1500,1.1500,1.1500,1,7,paperspace,10000.0,1,1,1,3,1,7,Low,Shadow,2026-09-17,2026-09-23,v2.4.0,direct,,,,,,,,
CRI-T2-A100-ALL-GTD-OD-Other,2026-09-23,T2,T2,A100,ALL,GTD,Other,OnDemand,citable,7,1.4850,1.4850,1.4850,median,1.4850,1.4850,1.4850,1.4850,1.4850,1.4850,1.4850,1,7,sesterce,10000.0,1,1,1,3,1,7,Low,Shadow,2026-09-17,2026-09-23,v2.4.0,direct,,,,,,,,
CRI-T2-A100-PCIe-ALL-1yr-ALL,2026-09-23,T2,T2,A100,PCIe,ALL,ALL,1Y,market_intelligence,7,0.9642,0.9629,0.9629,median,0.9626,0.9648,0.9626,0.9691,0.9629,0.9636,0.9642,1,7,seeweb,10000.0,1,1,1,3,1,7,Low,Shadow,2026-09-17,2026-09-23,v2.4.0,direct,,,,,,,,
CRI-T2-A100-PCIe-ALL-1yr-EU,2026-09-23,T2,T2,A100,PCIe,ALL,EU,1Y,market_intelligence,7,0.9642,0.9629,0.9629,median,0.9626,0.9648,0.9626,0.9691,0.9629,0.9636,0.9642,1,7,seeweb,10000.0,1,1,1,3,1,7,Low,Shadow,2026-09-17,2026-09-23,v2.4.0,direct,,,,,,,,
CRI-T2-A100-PCIe-ALL-3mo-ALL,2026-09-23,T2,T2,A100,PCIe,ALL,ALL,3M,market_intelligence,7,1.0790,1.0775,1.0775,median,1.0772,1.0796,1.0772,1.0845,1.0775,1.0783,1.0790,1,7,seeweb,10000.0,1,1,1,3,1,7,Low,Shadow,2026-09-17,2026-09-23,v2.4.0,direct,,,,,,,,
CRI-T2-A100-PCIe-ALL-3mo-EU,2026-09-23,T2,T2,A100,PCIe,ALL,EU,3M,market_intelligence,7,1.0790,1.0775,1.0775,median,1.0772,1.0796,1.0772,1.0845,1.0775,1.0783,1.0790,1,7,seeweb,10000.0,1,1,1,3,1,7,Low,Shadow,2026-09-17,2026-09-23,v2.4.0,direct,,,,,,,,
CRI-T2-A100-PCIe-GTD-1yr-ALL,2026-09-23,T2,T2,A100,PCIe,GTD,ALL,1Y,market_intelligence,7,0.9642,0.9629,0.9629,median,0.9626,0.9648,0.9626,0.9691,0.9629,0.9636,0.9642,1,7,seeweb,10000.0,1,1,1,3,1,7,Low,Shadow,2026-09-17,2026-09-23,v2.4.0,direct,,,,,,,,
CRI-T2-A100-PCIe-GTD-1yr-EU,2026-09-23,T2,T2,A100,PCIe,GTD,EU,1Y,market_intelligence,7,0.9642,0.9629,0.9629,median,0.9626,0.9648,0.9626,0.9691,0.9629,0.9636,0.9642,1,7,seeweb,10000.0,1,1,1,3,1,7,Low,Shadow,2026-09-17,2026-09-23,v2.4.0,direct,,,,,,,,
CRI-T2-A100-PCIe-GTD-3mo-ALL,2026-09-23,T2,T2,A100,PCIe,GTD,ALL,3M,market_intelligence,7,1.0790,1.0775,1.0775,median,1.0772,1.0796,1.0772,1.0845,1.0775,1.0783,1.0790,1,7,seeweb,10000.0,1,1,1,3,1,7,Low,Shadow,2026-09-17,2026-09-23,v2.4.0,direct,,,,,,,,
CRI-T2-A100-PCIe-GTD-3mo-EU,2026-09-23,T2,T2,A100,PCIe,GTD,EU,3M,market_intelligence,7,1.0790,1.0775,1.0775,median,1.0772,1.0796,1.0772,1.0845,1.0775,1.0783,1.0790,1,7,seeweb,10000.0,1,1,1,3,1,7,Low,Shadow,2026-09-17,2026-09-23,v2.4.0,direct,,,,,,,,
CRI-T2-A100-PCIe-INT-OD-ALL,2026-09-23,T2,T2,A100,PCIe,INT,ALL,OnDemand,citable,7,1.7387,1.7387,1.7387,median,1.0800,2.3973,1.0800,2.3973,1.7387,1.7387,1.7387,2,14,hyperstack|vultr,5000.0,2,2,2,6,2,14,Medium,Shadow,2026-09-17,2026-09-23,v2.4.0,direct,,,,,,,,
CRI-T2-A100-PCIe-INT-OD-EU,2026-09-23,T2,T2,A100,PCIe,INT,EU,OnDemand,citable,7,1.0800,1.0800,1.0800,median,1.0800,1.0800,1.0800,1.0800,1.0800,1.0800,1.0800,1,7,hyperstack,10000.0,1,1,1,3,1,7,Low,Shadow,2026-09-17,2026-09-23,v2.4.0,direct,,,,,,,,
CRI-T2-A100-PCIe-INT-OD-US,2026-09-23,T2,T2,A100,PCIe,INT,US,OnDemand,citable,7,2.3973,2.3973,2.3973,median,2.3973,2.3973,2.3973,2.3973,2.3973,2.3973,2.3973,1,7,vultr,10000.0,1,1,1,3,1,7,Low,Shadow,2026-09-17,2026-09-23,v2.4.0,direct,,,,,,,,
CRI-T2-A100-SXM-ALL-1mo-EU,2026-09-23,T2,T2,A100,SXM,ALL,EU,1M,market_intelligence,7,1.6979,1.7003,1.7003,median,1.7003,1.7003,1.6746,1.7089,1.7089,1.7032,1.6979,1,7,datacrunch,10000.0,1,1,1,3,1,7,Low,Shadow,2026-09-17,2026-09-23,v2.4.0,direct,,,,,,,,
CRI-T2-A100-SXM-ALL-1mo-US,2026-09-23,T2,T2,A100,SXM,ALL,US,1M,market_intelligence,7,0.9500,0.9500,0.9500,median,0.9500,0.9500,0.9500,0.9500,0.9500,0.9500,0.9500,1,7,cloudrift,10000.0,1,1,1,3,1,7,Low,Shadow,2026-09-17,2026-09-23,v2.4.0,direct,,,,,,,,
CRI-T2-A100-SXM-ALL-1yr-ALL,2026-09-23,T2,T2,A100,SXM,ALL,ALL,1Y,market_intelligence,7,1.5939,1.5962,1.5962,median,1.5962,1.5962,1.5721,1.6043,1.6043,1.5989,1.5939,1,7,datacrunch,10000.0,1,1,1,3,1,7,Low,Shadow,2026-09-17,2026-09-23,v2.4.0,direct,,,,,,,,
CRI-T2-A100-SXM-ALL-1yr-EU,2026-09-23,T2,T2,A100,SXM,ALL,EU,1Y,market_intelligence,7,1.5939,1.5962,1.5962,median,1.5962,1.5962,1.5721,1.6043,1.6043,1.5989,1.5939,1,7,datacrunch,10000.0,1,1,1,3,1,7,Low,Shadow,2026-09-17,2026-09-23,v2.4.0,direct,,,,,,,,
CRI-T2-A100-SXM-ALL-2yr-ALL,2026-09-23,T2,T2,A100,SXM,ALL,ALL,2Y,market_intelligence,7,1.2994,1.3013,1.3013,median,1.3013,1.3013,1.2816,1.3078,1.3078,1.3035,1.2994,1,7,datacrunch,10000.0,1,1,1,3,1,7,Low,Shadow,2026-09-17,2026-09-23,v2.4.0,direct,,,,,,,,
CRI-T2-A100-SXM-ALL-2yr-EU,2026-09-23,T2,T2,A100,SXM,ALL,EU,2Y,market_intelligence,7,1.2994,1.3013,1.3013,median,1.3013,1.3013,1.2816,1.3078,1.3078,1.3035,1.2994,1,7,datacrunch,10000.0,1,1,1,3,1,7,Low,Shadow,2026-09-17,2026-09-23,v2.4.0,direct,,,,,,,,
CRI-T2-A100-SXM-ALL-3mo-EU,2026-09-23,T2,T2,A100,SXM,ALL,EU,3M,market_intelligence,7,1.6806,1.6830,1.6830,median,1.6830,1.6830,1.6575,1.6914,1.6914,1.6858,1.6806,1,7,datacrunch,10000.0,1,1,1,3,1,7,Low,Shadow,2026-09-17,2026-09-23,v2.4.0,direct,,,,,,,,
CRI-T2-A100-SXM-ALL-3mo-US,2026-09-23,T2,T2,A100,SXM,ALL,US,3M,market_intelligence,7,0.8900,0.8900,0.8900,median,0.8900,0.8900,0.8900,0.8900,0.8900,0.8900,0.8900,1,7,cloudrift,10000.0,1,1,1,3,1,7,Low,Shadow,2026-09-17,2026-09-23,v2.4.0,direct,,,,,,,,
CRI-T2-A100-SXM-ALL-3yr-ALL,2026-09-23,T2,T2,A100,SXM,ALL,ALL,3Y,market_intelligence,7,1.1500,1.1500,1.1500,median,1.1500,1.1500,1.1500,1.1500,1.1500,1.1500,1.1500,1,7,paperspace,10000.0,1,1,1,3,1,7,Low,Shadow,2026-09-17,2026-09-23,v2.4.0,direct,,,,,,,,
CRI-T2-A100-SXM-ALL-3yr-US,2026-09-23,T2,T2,A100,SXM,ALL,US,3Y,market_intelligence,7,1.1500,1.1500,1.1500,median,1.1500,1.1500,1.1500,1.1500,1.1500,1.1500,1.1500,1,7,paperspace,10000.0,1,1,1,3,1,7,Low,Shadow,2026-09-17,2026-09-23,v2.4.0,direct,,,,,,,,
CRI-T2-A100-SXM-GTD-1mo-EU,2026-09-23,T2,T2,A100,SXM,GTD,EU,1M,market_intelligence,7,1.6979,1.7003,1.7003,median,1.7003,1.7003,1.6746,1.7089,1.7089,1.7032,1.6979,1,7,datacrunch,10000.0,1,1,1,3,1,7,Low,Shadow,2026-09-17,2026-09-23,v2.4.0,direct,,,,,,,,
CRI-T2-A100-SXM-GTD-1mo-US,2026-09-23,T2,T2,A100,SXM,GTD,US,1M,market_intelligence,7,0.9500,0.9500,0.9500,median,0.9500,0.9500,0.9500,0.9500,0.9500,0.9500,0.9500,1,7,cloudrift,10000.0,1,1,1,3,1,7,Low,Shadow,2026-09-17,2026-09-23,v2.4.0,direct,,,,,,,,
CRI-T2-A100-SXM-GTD-1yr-ALL,2026-09-23,T2,T2,A100,SXM,GTD,ALL,1Y,market_intelligence,7,1.5939,1.5962,1.5962,median,1.5962,1.5962,1.5721,1.6043,1.6043,1.5989,1.5939,1,7,datacrunch,10000.0,1,1,1,3,1,7,Low,Shadow,2026-09-17,2026-09-23,v2.4.0,direct,,,,,,,,
CRI-T2-A100-SXM-GTD-1yr-EU,2026-09-23,T2,T2,A100,SXM,GTD,EU,1Y,market_intelligence,7,1.5939,1.5962,1.5962,median,1.5962,1.5962,1.5721,1.6043,1.6043,1.5989,1.5939,1,7,datacrunch,10000.0,1,1,1,3,1,7,Low,Shadow,2026-09-17,2026-09-23,v2.4.0,direct,,,,,,,,
CRI-T2-A100-SXM-GTD-2yr-ALL,2026-09-23,T2,T2,A100,SXM,GTD,ALL,2Y,market_intelligence,7,1.2994,1.3013,1.3013,median,1.3013,1.3013,1.2816,1.3078,1.3078,1.3035,1.2994,1,7,datacrunch,10000.0,1,1,1,3,1,7,Low,Shadow,2026-09-17,2026-09-23,v2.4.0,direct,,,,,,,,
CRI-T2-A100-SXM-GTD-2yr-EU,2026-09-23,T2,T2,A100,SXM,GTD,EU,2Y,market_intelligence,7,1.2994,1.3013,1.3013,median,1.3013,1.3013,1.2816,1.3078,1.3078,1.3035,1.2994,1,7,datacrunch,10000.0,1,1,1,3,1,7,Low,Shadow,2026-09-17,2026-09-23,v2.4.0,direct,,,,,,,,
CRI-T2-A100-SXM-GTD-3mo-EU,2026-09-23,T2,T2,A100,SXM,GTD,EU,3M,market_intelligence,7,1.6806,1.6830,1.6830,median,1.6830,1.6830,1.6575,1.6914,1.6914,1.6858,1.6806,1,7,datacrunch,10000.0,1,1,1,3,1,7,Low,Shadow,2026-09-17,2026-09-23,v2.4.0,direct,,,,,,,,
CRI-T2-A100-SXM-GTD-3mo-US,2026-09-23,T2,T2,A100,SXM,GTD,US,3M,market_intelligence,7,0.8900,0.8900,0.8900,median,0.8900,0.8900,0.8900,0.8900,0.8900,0.8900,0.8900,1,7,cloudrift,10000.0,1,1,1,3,1,7,Low,Shadow,2026-09-17,2026-09-23,v2.4.0,direct,,,,,,,,
CRI-T2-A100-SXM-GTD-3yr-ALL,2026-09-23,T2,T2,A100,SXM,GTD,ALL,3Y,market_intelligence,7,1.1500,1.1500,1.1500,median,1.1500,1.1500,1.1500,1.1500,1.1500,1.1500,1.1500,1,7,paperspace,10000.0,1,1,1,3,1,7,Low,Shadow,2026-09-17,2026-09-23,v2.4.0,direct,,,,,,,,
CRI-T2-A100-SXM-GTD-3yr-US,2026-09-23,T2,T2,A100,SXM,GTD,US,3Y,market_intelligence,7,1.1500,1.1500,1.1500,median,1.1500,1.1500,1.1500,1.1500,1.1500,1.1500,1.1500,1,7,paperspace,10000.0,1,1,1,3,1,7,Low,Shadow,2026-09-17,2026-09-23,v2.4.0,direct,,,,,,,,
CRI-T2-A30-ALL-INT-OD-APAC,2026-09-23,T2,T2,A30,ALL,INT,APAC,OnDemand,citable,7,0.2900,0.2900,0.2900,median,0.2900,0.2900,0.2900,0.2900,0.2900,0.2900,0.2900,1,7,jarvislabs,10000.0,1,1,1,3,1,7,Low,Shadow,2026-09-17,2026-09-23,v2.4.0,direct,,,,,,,,
CRI-T2-A40-ALL-ALL-1mo-APAC,2026-09-23,T2,T2,A40,ALL,ALL,APAC,1M,market_intelligence,7,1.1354,1.1354,1.1354,median,1.1354,1.1354,1.1354,1.1354,1.1354,1.1354,1.1354,1,7,e2e,10000.0,1,1,1,3,1,7,Low,Shadow,2026-09-17,2026-09-23,v2.4.0,direct,,,,,,,,
CRI-T2-A40-ALL-ALL-1yr-APAC,2026-09-23,T2,T2,A40,ALL,ALL,APAC,1Y,market_intelligence,7,1.0751,1.0751,1.0751,median,1.0751,1.0751,1.0751,1.0751,1.0751,1.0751,1.0751,1,7,e2e,10000.0,1,1,1,3,1,7,Low,Shadow,2026-09-17,2026-09-23,v2.4.0,direct,,,,,,,,
CRI-T2-A40-ALL-ALL-3mo-APAC,2026-09-23,T2,T2,A40,ALL,ALL,APAC,3M,market_intelligence,7,1.1127,1.1127,1.1127,median,1.1127,1.1127,1.1127,1.1127,1.1127,1.1127,1.1127,1,7,e2e,10000.0,1,1,1,3,1,7,Low,Shadow,2026-09-17,2026-09-23,v2.4.0,direct,,,,,,,,
CRI-T2-A40-ALL-ALL-6mo-APAC,2026-09-23,T2,T2,A40,ALL,ALL,APAC,6M,market_intelligence,7,1.0833,1.0833,1.0833,median,1.0833,1.0833,1.0833,1.0833,1.0833,1.0833,1.0833,1,7,e2e,10000.0,1,1,1,3,1,7,Low,Shadow,2026-09-17,2026-09-23,v2.4.0,direct,,,,,,,,
CRI-T2-A40-ALL-GTD-1mo-APAC,2026-09-23,T2,T2,A40,ALL,GTD,APAC,1M,market_intelligence,7,1.1354,1.1354,1.1354,median,1.1354,1.1354,1.1354,1.1354,1.1354,1.1354,1.1354,1,7,e2e,10000.0,1,1,1,3,1,7,Low,Shadow,2026-09-17,2026-09-23,v2.4.0,direct,,,,,,,,
CRI-T2-A40-ALL-GTD-1yr-APAC,2026-09-23,T2,T2,A40,ALL,GTD,APAC,1Y,market_intelligence,7,1.0751,1.0751,1.0751,median,1.0751,1.0751,1.0751,1.0751,1.0751,1.0751,1.0751,1,7,e2e,10000.0,1,1,1,3,1,7,Low,Shadow,2026-09-17,2026-09-23,v2.4.0,direct,,,,,,,,
CRI-T2-A40-ALL-GTD-3mo-APAC,2026-09-23,T2,T2,A40,ALL,GTD,APAC,3M,market_intelligence,7,1.1127,1.1127,1.1127,median,1.1127,1.1127,1.1127,1.1127,1.1127,1.1127,1.1127,1,7,e2e,10000.0,1,1,1,3,1,7,Low,Shadow,2026-09-17,2026-09-23,v2.4.0,direct,,,,,,,,
CRI-T2-A40-ALL-GTD-6mo-APAC,2026-09-23,T2,T2,A40,ALL,GTD,APAC,6M,market_intelligence,7,1.0833,1.0833,1.0833,median,1.0833,1.0833,1.0833,1.0833,1.0833,1.0833,1.0833,1,7,e2e,10000.0,1,1,1,3,1,7,Low,Shadow,2026-09-17,2026-09-23,v2.4.0,direct,,,,,,,,
CRI-T2-B200-ALL-ALL-1mo-APAC,2026-09-23,T2,T2,B200,ALL,ALL,APAC,1M,market_intelligence,7,4.9348,4.9334,4.9334,median,4.9318,4.9348,4.9289,4.9480,4.9480,4.9392,4.9348,1,7,shakti_cloud,10000.0,1,1,1,3,1,7,Low,Shadow,2026-09-17,2026-09-23,v2.4.0,direct,,,,,,,,
CRI-T2-B200-ALL-ALL-1mo-EU,2026-09-23,T2,T2,B200,ALL,ALL,EU,1M,market_intelligence,7,6.4015,6.3553,6.3553,median,6.3553,6.4514,6.2928,6.5489,6.5489,6.4839,6.4015,1,7,datacrunch,10000.0,1,1,1,3,1,7,Low,Shadow,2026-09-17,2026-09-23,v2.4.0,direct,,,,,,,,
CRI-T2-B200-ALL-ALL-1mo-US,2026-09-23,T2,T2,B200,ALL,ALL,US,1M,market_intelligence,7,7.9900,7.9900,7.9900,median,7.9900,7.9900,7.9900,7.9900,7.9900,7.9900,7.9900,1,7,together,10000.0,1,1,1,3,1,7,Low,Shadow,2026-09-17,2026-09-23,v2.4.0,direct,,,,,,,,
CRI-T2-B200-ALL-ALL-1yr-ALL,2026-09-23,T2,T2,B200,ALL,ALL,ALL,1Y,market_intelligence,7,6.0096,5.9662,5.9662,median,5.9662,6.0565,5.9076,6.1479,6.1479,6.0870,6.0096,1,7,datacrunch,10000.0,1,1,1,3,1,7,Low,Shadow,2026-09-17,2026-09-23,v2.4.0,direct,,,,,,,,
CRI-T2-B200-ALL-ALL-1yr-APAC,2026-09-23,T2,T2,B200,ALL,ALL,APAC,1Y,market_intelligence,7,4.9392,4.9363,4.9363,median,4.9348,4.9421,4.9334,4.9480,4.9480,4.9392,4.9392,1,3,shakti_cloud,10000.0,1,1,1,3,1,3,Low,Shadow,2026-09-17,2026-09-23,v2.4.0,direct,,,,,,,,
CRI-T2-B200-ALL-ALL-1yr-EU,2026-09-23,T2,T2,B200,ALL,ALL,EU,1Y,market_intelligence,7,6.0096,5.9662,5.9662,median,5.9662,6.0565,5.9076,6.1479,6.1479,6.0870,6.0096,1,7,datacrunch,10000.0,1,1,1,3,1,7,Low,Shadow,2026-09-17,2026-09-23,v2.4.0,direct,,,,,,,,
CRI-T2-B200-ALL-ALL-2yr-ALL,2026-09-23,T2,T2,B200,ALL,ALL,ALL,2Y,market_intelligence,7,4.8991,4.8638,4.8638,median,4.8638,4.9374,4.8159,5.0119,5.0119,4.9622,4.8991,1,7,datacrunch,10000.0,1,1,1,3,1,7,Low,Shadow,2026-09-17,2026-09-23,v2.4.0,direct,,,,,,,,
CRI-T2-B200-ALL-ALL-2yr-APAC,2026-09-23,T2,T2,B200,ALL,ALL,APAC,2Y,market_intelligence,7,4.9392,4.9363,4.9363,median,4.9348,4.9421,4.9334,4.9480,4.9480,4.9392,4.9392,1,3,shakti_cloud,10000.0,1,1,1,3,1,3,Low,Shadow,2026-09-17,2026-09-23,v2.4.0,direct,,,,,,,,
CRI-T2-B200-ALL-ALL-2yr-EU,2026-09-23,T2,T2,B200,ALL,ALL,EU,2Y,market_intelligence,7,4.8991,4.8638,4.8638,median,4.8638,4.9374,4.8159,5.0119,5.0119,4.9622,4.8991,1,7,datacrunch,10000.0,1,1,1,3,1,7,Low,Shadow,2026-09-17,2026-09-23,v2.4.0,direct,,,,,,,,
CRI-T2-B200-ALL-ALL-3mo-EU,2026-09-23,T2,T2,B200,ALL,ALL,EU,3M,market_intelligence,7,6.3362,6.2905,6.2905,median,6.2905,6.3857,6.2286,6.4820,6.4820,6.4178,6.3362,1,7,datacrunch,10000.0,1,1,1,3,1,7,Low,Shadow,2026-09-17,2026-09-23,v2.4.0,direct,,,,,,,,
CRI-T2-B200-ALL-ALL-3mo-US,2026-09-23,T2,T2,B200,ALL,ALL,US,3M,market_intelligence,7,7.7900,7.7900,7.7900,median,7.7900,7.7900,7.7900,7.7900,7.7900,7.7900,7.7900,1,7,together,10000.0,1,1,1,3,1,7,Low,Shadow,2026-09-17,2026-09-23,v2.4.0,direct,,,,,,,,
CRI-T2-B200-ALL-ALL-3yr-APAC,2026-09-23,T2,T2,B200,ALL,ALL,APAC,3Y,market_intelligence,7,3.9472,3.9449,3.9449,median,3.9437,3.9496,3.9425,3.9542,3.9542,3.9472,3.9472,1,3,shakti_cloud,10000.0,1,1,1,3,1,3,Low,Shadow,2026-09-17,2026-09-23,v2.4.0,direct,,,,,,,,
CRI-T2-B200-ALL-ALL-4yr-APAC,2026-09-23,T2,T2,B200,ALL,ALL,APAC,4Y,market_intelligence,7,3.2998,3.2978,3.2978,median,3.2969,3.3017,3.2959,3.3056,3.3056,3.2998,3.2998,1,3,shakti_cloud,10000.0,1,1,1,3,1,3,Low,Shadow,2026-09-17,2026-09-23,v2.4.0,direct,,,,,,,,
CRI-T2-B200-ALL-ALL-5yr-APAC,2026-09-23,T2,T2,B200,ALL,ALL,APAC,5Y,market_intelligence,7,2.9134,2.9117,2.9117,median,2.9108,2.9152,2.9100,2.9186,2.9186,2.9134,2.9134,1,3,shakti_cloud,10000.0,1,1,1,3,1,3,Low,Shadow,2026-09-17,2026-09-23,v2.4.0,direct,,,,,,,,
CRI-T2-B200-ALL-ALL-6mo-APAC,2026-09-23,T2,T2,B200,ALL,ALL,APAC,6M,market_intelligence,7,4.9392,4.9363,4.9363,median,4.9348,4.9421,4.9334,4.9480,4.9480,4.9392,4.9392,1,3,shakti_cloud,10000.0,1,1,1,3,1,3,Low,Shadow,2026-09-17,2026-09-23,v2.4.0,direct,,,,,,,,
CRI-T2-B200-ALL-ALL-6mo-US,2026-09-23,T2,T2,B200,ALL,ALL,US,6M,market_intelligence,7,6.7900,6.7900,6.7900,median,6.7900,6.7900,6.7900,6.7900,6.7900,6.7900,6.7900,1,7,together,10000.0,1,1,1,3,1,7,Low,Shadow,2026-09-17,2026-09-23,v2.4.0,direct,,,,,,,,
CRI-T2-B200-ALL-ALL-OD-APAC,2026-09-23,T2,T2,B200,ALL,ALL,APAC,OnDemand,citable,7,6.9900,6.9900,6.9900,median,6.9900,6.9900,6.9900,6.9900,6.9900,6.9900,6.9900,1,7,e2e,10000.0,1,1,1,3,1,7,Low,Shadow,2026-09-17,2026-09-23,v2.4.0,direct,,,,,,,,
CRI-T2-B200-ALL-ALL-RB-ALL,2026-09-23,T2,T2,B200,ALL,ALL,ALL,ReservedBand,market_intelligence,7,9.8600,9.8600,9.8600,median,9.8600,9.8600,9.8600,9.8600,9.8600,9.8600,9.8600,1,7,lambda,10000.0,1,1,1,3,1,7,Low,Shadow,2026-09-17,2026-09-23,v2.4.0,direct,,,,,,,,
CRI-T2-B200-ALL-ALL-RB-APAC,2026-09-23,T2,T2,B200,ALL,ALL,APAC,ReservedBand,market_intelligence,7,3.0283,3.0265,3.0265,median,3.0256,3.0301,3.0247,3.0336,3.0336,3.0283,3.0283,1,3,e2e,10000.0,1,1,1,3,1,3,Low,Shadow,2026-09-17,2026-09-23,v2.4.0,direct,,,,,,,,
CRI-T2-B200-ALL-ALL-RB-US,2026-09-23,T2,T2,B200,ALL,ALL,US,ReservedBand,market_intelligence,7,9.8600,9.8600,9.8600,median,9.8600,9.8600,9.8600,9.8600,9.8600,9.8600,9.8600,1,7,lambda,10000.0,1,1,1,3,1,7,Low,Shadow,2026-09-17,2026-09-23,v2.4.0,direct,,,,,,,,
CRI-T2-B200-ALL-GTD-1mo-APAC,2026-09-23,T2,T2,B200,ALL,GTD,APAC,1M,market_intelligence,7,4.9348,4.9334,4.9334,median,4.9318,4.9348,4.9289,4.9480,4.9480,4.9392,4.9348,1,7,shakti_cloud,10000.0,1,1,1,3,1,7,Low,Shadow,2026-09-17,2026-09-23,v2.4.0,direct,,,,,,,,
CRI-T2-B200-ALL-GTD-1mo-EU,2026-09-23,T2,T2,B200,ALL,GTD,EU,1M,market_intelligence,7,6.4015,6.3553,6.3553,median,6.3553,6.4514,6.2928,6.5489,6.5489,6.4839,6.4015,1,7,datacrunch,10000.0,1,1,1,3,1,7,Low,Shadow,2026-09-17,2026-09-23,v2.4.0,direct,,,,,,,,
CRI-T2-B200-ALL-GTD-1mo-US,2026-09-23,T2,T2,B200,ALL,GTD,US,1M,market_intelligence,7,7.9900,7.9900,7.9900,median,7.9900,7.9900,7.9900,7.9900,7.9900,7.9900,7.9900,1,7,together,10000.0,1,1,1,3,1,7,Low,Shadow,2026-09-17,2026-09-23,v2.4.0,direct,,,,,,,,
CRI-T2-B200-ALL-GTD-1yr-ALL,2026-09-23,T2,T2,B200,ALL,GTD,ALL,1Y,market_intelligence,7,6.0096,5.9662,5.9662,median,5.9662,6.0565,5.9076,6.1479,6.1479,6.0870,6.0096,1,7,datacrunch,10000.0,1,1,1,3,1,7,Low,Shadow,2026-09-17,2026-09-23,v2.4.0,direct,,,,,,,,
CRI-T2-B200-ALL-GTD-1yr-APAC,2026-09-23,T2,T2,B200,ALL,GTD,APAC,1Y,market_intelligence,7,4.9392,4.9363,4.9363,median,4.9348,4.9421,4.9334,4.9480,4.9480,4.9392,4.9392,1,3,shakti_cloud,10000.0,1,1,1,3,1,3,Low,Shadow,2026-09-17,2026-09-23,v2.4.0,direct,,,,,,,,
CRI-T2-B200-ALL-GTD-1yr-EU,2026-09-23,T2,T2,B200,ALL,GTD,EU,1Y,market_intelligence,7,6.0096,5.9662,5.9662,median,5.9662,6.0565,5.9076,6.1479,6.1479,6.0870,6.0096,1,7,datacrunch,10000.0,1,1,1,3,1,7,Low,Shadow,2026-09-17,2026-09-23,v2.4.0,direct,,,,,,,,
CRI-T2-B200-ALL-GTD-2yr-ALL,2026-09-23,T2,T2,B200,ALL,GTD,ALL,2Y,market_intelligence,7,4.8991,4.8638,4.8638,median,4.8638,4.9374,4.8159,5.0119,5.0119,4.9622,4.8991,1,7,datacrunch,10000.0,1,1,1,3,1,7,Low,Shadow,2026-09-17,2026-09-23,v2.4.0,direct,,,,,,,,
CRI-T2-B200-ALL-GTD-2yr-APAC,2026-09-23,T2,T2,B200,ALL,GTD,APAC,2Y,market_intelligence,7,4.9392,4.9363,4.9363,median,4.9348,4.9421,4.9334,4.9480,4.9480,4.9392,4.9392,1,3,shakti_cloud,10000.0,1,1,1,3,1,3,Low,Shadow,2026-09-17,2026-09-23,v2.4.0,direct,,,,,,,,
CRI-T2-B200-ALL-GTD-2yr-EU,2026-09-23,T2,T2,B200,ALL,GTD,EU,2Y,market_intelligence,7,4.8991,4.8638,4.8638,median,4.8638,4.9374,4.8159,5.0119,5.0119,4.9622,4.8991,1,7,datacrunch,10000.0,1,1,1,3,1,7,Low,Shadow,2026-09-17,2026-09-23,v2.4.0,direct,,,,,,,,
CRI-T2-B200-ALL-GTD-3mo-EU,2026-09-23,T2,T2,B200,ALL,GTD,EU,3M,market_intelligence,7,6.3362,6.2905,6.2905,median,6.2905,6.3857,6.2286,6.4820,6.4820,6.4178,6.3362,1,7,datacrunch,10000.0,1,1,1,3,1,7,Low,Shadow,2026-09-17,2026-09-23,v2.4.0,direct,,,,,,,,
CRI-T2-B200-ALL-GTD-3mo-US,2026-09-23,T2,T2,B200,ALL,GTD,US,3M,market_intelligence,7,7.7900,7.7900,7.7900,median,7.7900,7.7900,7.7900,7.7900,7.7900,7.7900,7.7900,1,7,together,10000.0,1,1,1,3,1,7,Low,Shadow,2026-09-17,2026-09-23,v2.4.0,direct,,,,,,,,
CRI-T2-B200-ALL-GTD-3yr-APAC,2026-09-23,T2,T2,B200,ALL,GTD,APAC,3Y,market_intelligence,7,3.9472,3.9449,3.9449,median,3.9437,3.9496,3.9425,3.9542,3.9542,3.9472,3.9472,1,3,shakti_cloud,10000.0,1,1,1,3,1,3,Low,Shadow,2026-09-17,2026-09-23,v2.4.0,direct,,,,,,,,
CRI-T2-B200-ALL-GTD-4yr-APAC,2026-09-23,T2,T2,B200,ALL,GTD,APAC,4Y,market_intelligence,7,3.2998,3.2978,3.2978,median,3.2969,3.3017,3.2959,3.3056,3.3056,3.2998,3.2998,1,3,shakti_cloud,10000.0,1,1,1,3,1,3,Low,Shadow,2026-09-17,2026-09-23,v2.4.0,direct,,,,,,,,
CRI-T2-B200-ALL-GTD-5yr-APAC,2026-09-23,T2,T2,B200,ALL,GTD,APAC,5Y,market_intelligence,7,2.9134,2.9117,2.9117,median,2.9108,2.9152,2.9100,2.9186,2.9186,2.9134,2.9134,1,3,shakti_cloud,10000.0,1,1,1,3,1,3,Low,Shadow,2026-09-17,2026-09-23,v2.4.0,direct,,,,,,,,
CRI-T2-B200-ALL-GTD-6mo-APAC,2026-09-23,T2,T2,B200,ALL,GTD,APAC,6M,market_intelligence,7,4.9392,4.9363,4.9363,median,4.9348,4.9421,4.9334,4.9480,4.9480,4.9392,4.9392,1,3,shakti_cloud,10000.0,1,1,1,3,1,3,Low,Shadow,2026-09-17,2026-09-23,v2.4.0,direct,,,,,,,,
CRI-T2-B200-ALL-GTD-6mo-US,2026-09-23,T2,T2,B200,ALL,GTD,US,6M,market_intelligence,7,6.7900,6.7900,6.7900,median,6.7900,6.7900,6.7900,6.7900,6.7900,6.7900,6.7900,1,7,together,10000.0,1,1,1,3,1,7,Low,Shadow,2026-09-17,2026-09-23,v2.4.0,direct,,,,,,,,
CRI-T2-B200-ALL-GTD-OD-APAC,2026-09-23,T2,T2,B200,ALL,GTD,APAC,OnDemand,citable,7,6.9900,6.9900,6.9900,median,6.9900,6.9900,6.9900,6.9900,6.9900,6.9900,6.9900,1,7,e2e,10000.0,1,1,1,3,1,7,Low,Shadow,2026-09-17,2026-09-23,v2.4.0,direct,,,,,,,,
CRI-T2-B200-ALL-GTD-RB-ALL,2026-09-23,T2,T2,B200,ALL,GTD,ALL,ReservedBand,market_intelligence,7,9.8600,9.8600,9.8600,median,9.8600,9.8600,9.8600,9.8600,9.8600,9.8600,9.8600,1,7,lambda,10000.0,1,1,1,3,1,7,Low,Shadow,2026-09-17,2026-09-23,v2.4.0,direct,,,,,,,,
CRI-T2-B200-ALL-GTD-RB-APAC,2026-09-23,T2,T2,B200,ALL,GTD,APAC,ReservedBand,market_intelligence,7,3.0283,3.0265,3.0265,median,3.0256,3.0301,3.0247,3.0336,3.0336,3.0283,3.0283,1,3,e2e,10000.0,1,1,1,3,1,3,Low,Shadow,2026-09-17,2026-09-23,v2.4.0,direct,,,,,,,,
CRI-T2-B200-ALL-GTD-RB-US,2026-09-23,T2,T2,B200,ALL,GTD,US,ReservedBand,market_intelligence,7,9.8600,9.8600,9.8600,median,9.8600,9.8600,9.8600,9.8600,9.8600,9.8600,9.8600,1,7,lambda,10000.0,1,1,1,3,1,7,Low,Shadow,2026-09-17,2026-09-23,v2.4.0,direct,,,,,,,,
CRI-T2-B200-CC-ALL-ALL-1mo-ALL,2026-09-23,T2,T2,B200,ALL,ALL,ALL,1M,market_intelligence,7,6.4948,6.4827,6.4827,median,6.4827,6.6137,6.1079,6.6799,6.6799,6.6358,6.4948,1,7,datacrunch,10000.0,1,1,1,3,1,7,Low,Shadow,2026-09-17,2026-09-23,v2.4.0,direct,,,,,,,,
CRI-T2-B200-CC-ALL-ALL-1mo-EU,2026-09-23,T2,T2,B200,ALL,ALL,EU,1M,market_intelligence,7,6.4948,6.4827,6.4827,median,6.4827,6.6137,6.1079,6.6799,6.6799,6.6358,6.4948,1,7,datacrunch,10000.0,1,1,1,3,1,7,Low,Shadow,2026-09-17,2026-09-23,v2.4.0,direct,,,,,,,,
CRI-T2-B200-CC-ALL-ALL-1yr-ALL,2026-09-23,T2,T2,B200,ALL,ALL,ALL,1Y,market_intelligence,7,6.0972,6.0858,6.0858,median,6.0858,6.2089,5.7339,6.2710,6.2710,6.2296,6.0972,1,7,datacrunch,10000.0,1,1,1,3,1,7,Low,Shadow,2026-09-17,2026-09-23,v2.4.0,direct,,,,,,,,
CRI-T2-B200-CC-ALL-ALL-1yr-EU,2026-09-23,T2,T2,B200,ALL,ALL,EU,1Y,market_intelligence,7,6.0972,6.0858,6.0858,median,6.0858,6.2089,5.7339,6.2710,6.2710,6.2296,6.0972,1,7,datacrunch,10000.0,1,1,1,3,1,7,Low,Shadow,2026-09-17,2026-09-23,v2.4.0,direct,,,,,,,,
CRI-T2-B200-CC-ALL-ALL-2yr-ALL,2026-09-23,T2,T2,B200,ALL,ALL,ALL,2Y,market_intelligence,7,4.9705,4.9613,4.9613,median,4.9613,5.0616,4.6744,5.1122,5.1122,5.0784,4.9705,1,7,datacrunch,10000.0,1,1,1,3,1,7,Low,Shadow,2026-09-17,2026-09-23,v2.4.0,direct,,,,,,,,
CRI-T2-B200-CC-ALL-ALL-2yr-EU,2026-09-23,T2,T2,B200,ALL,ALL,EU,2Y,market_intelligence,7,4.9705,4.9613,4.9613,median,4.9613,5.0616,4.6744,5.1122,5.1122,5.0784,4.9705,1,7,datacrunch,10000.0,1,1,1,3,1,7,Low,Shadow,2026-09-17,2026-09-23,v2.4.0,direct,,,,,,,,
CRI-T2-B200-CC-ALL-ALL-3mo-ALL,2026-09-23,T2,T2,B200,ALL,ALL,ALL,3M,market_intelligence,7,6.4285,6.4166,6.4166,median,6.4166,6.5463,6.0455,6.6118,6.6118,6.5681,6.4285,1,7,datacrunch,10000.0,1,1,1,3,1,7,Low,Shadow,2026-09-17,2026-09-23,v2.4.0,direct,,,,,,,,
CRI-T2-B200-CC-ALL-ALL-3mo-EU,2026-09-23,T2,T2,B200,ALL,ALL,EU,3M,market_intelligence,7,6.4285,6.4166,6.4166,median,6.4166,6.5463,6.0455,6.6118,6.6118,6.5681,6.4285,1,7,datacrunch,10000.0,1,1,1,3,1,7,Low,Shadow,2026-09-17,2026-09-23,v2.4.0,direct,,,,,,,,
CRI-T2-B200-CC-ALL-ALL-6mo-ALL,2026-09-23,T2,T2,B200,ALL,ALL,ALL,6M,market_intelligence,7,6.3622,6.3504,6.3504,median,6.3504,6.4788,5.9832,6.5436,6.5436,6.5004,6.3622,1,7,datacrunch,10000.0,1,1,1,3,1,7,Low,Shadow,2026-09-17,2026-09-23,v2.4.0,direct,,,,,,,,
CRI-T2-B200-CC-ALL-ALL-6mo-EU,2026-09-23,T2,T2,B200,ALL,ALL,EU,6M,market_intelligence,7,6.3622,6.3504,6.3504,median,6.3504,6.4788,5.9832,6.5436,6.5436,6.5004,6.3622,1,7,datacrunch,10000.0,1,1,1,3,1,7,Low,Shadow,2026-09-17,2026-09-23,v2.4.0,direct,,,,,,,,
CRI-T2-B200-CC-ALL-ALL-OD-ALL,2026-09-23,T2,T2,B200,ALL,ALL,ALL,OnDemand,citable,7,4.9704,4.8200,4.8200,median,3.3156,6.6150,3.1163,6.8163,5.1119,5.0781,4.9704,1,14,datacrunch,10000.0,1,2,1,6,1,14,Low,Shadow,2026-09-17,2026-09-23,v2.4.0,direct,,,,,,,,
CRI-T2-B200-CC-ALL-ALL-OD-EU,2026-09-23,T2,T2,B200,ALL,ALL,EU,OnDemand,citable,7,4.9704,4.8200,4.8200,median,3.3156,6.6150,3.1163,6.8163,5.1119,5.0781,4.9704,1,14,datacrunch,10000.0,1,2,1,6,1,14,Low,Shadow,2026-09-17,2026-09-23,v2.4.0,direct,,,,,,,,
CRI-T2-B200-CC-ALL-GTD-1mo-ALL,2026-09-23,T2,T2,B200,ALL,GTD,ALL,1M,market_intelligence,7,6.4948,6.4827,6.4827,median,6.4827,6.6137,6.1079,6.6799,6.6799,6.6358,6.4948,1,7,datacrunch,10000.0,1,1,1,3,1,7,Low,Shadow,2026-09-17,2026-09-23,v2.4.0,direct,,,,,,,,
CRI-T2-B200-CC-ALL-GTD-1mo-EU,2026-09-23,T2,T2,B200,ALL,GTD,EU,1M,market_intelligence,7,6.4948,6.4827,6.4827,median,6.4827,6.6137,6.1079,6.6799,6.6799,6.6358,6.4948,1,7,datacrunch,10000.0,1,1,1,3,1,7,Low,Shadow,2026-09-17,2026-09-23,v2.4.0,direct,,,,,,,,
CRI-T2-B200-CC-ALL-GTD-1yr-ALL,2026-09-23,T2,T2,B200,ALL,GTD,ALL,1Y,market_intelligence,7,6.0972,6.0858,6.0858,median,6.0858,6.2089,5.7339,6.2710,6.2710,6.2296,6.0972,1,7,datacrunch,10000.0,1,1,1,3,1,7,Low,Shadow,2026-09-17,2026-09-23,v2.4.0,direct,,,,,,,,
CRI-T2-B200-CC-ALL-GTD-1yr-EU,2026-09-23,T2,T2,B200,ALL,GTD,EU,1Y,market_intelligence,7,6.0972,6.0858,6.0858,median,6.0858,6.2089,5.7339,6.2710,6.2710,6.2296,6.0972,1,7,datacrunch,10000.0,1,1,1,3,1,7,Low,Shadow,2026-09-17,2026-09-23,v2.4.0,direct,,,,,,,,
CRI-T2-B200-CC-ALL-GTD-2yr-ALL,2026-09-23,T2,T2,B200,ALL,GTD,ALL,2Y,market_intelligence,7,4.9705,4.9613,4.9613,median,4.9613,5.0616,4.6744,5.1122,5.1122,5.0784,4.9705,1,7,datacrunch,10000.0,1,1,1,3,1,7,Low,Shadow,2026-09-17,2026-09-23,v2.4.0,direct,,,,,,,,
CRI-T2-B200-CC-ALL-GTD-2yr-EU,2026-09-23,T2,T2,B200,ALL,GTD,EU,2Y,market_intelligence,7,4.9705,4.9613,4.9613,median,4.9613,5.0616,4.6744,5.1122,5.1122,5.0784,4.9705,1,7,datacrunch,10000.0,1,1,1,3,1,7,Low,Shadow,2026-09-17,2026-09-23,v2.4.0,direct,,,,,,,,
CRI-T2-B200-CC-ALL-GTD-3mo-ALL,2026-09-23,T2,T2,B200,ALL,GTD,ALL,3M,market_intelligence,7,6.4285,6.4166,6.4166,median,6.4166,6.5463,6.0455,6.6118,6.6118,6.5681,6.4285,1,7,datacrunch,10000.0,1,1,1,3,1,7,Low,Shadow,2026-09-17,2026-09-23,v2.4.0,direct,,,,,,,,
CRI-T2-B200-CC-ALL-GTD-3mo-EU,2026-09-23,T2,T2,B200,ALL,GTD,EU,3M,market_intelligence,7,6.4285,6.4166,6.4166,median,6.4166,6.5463,6.0455,6.6118,6.6118,6.5681,6.4285,1,7,datacrunch,10000.0,1,1,1,3,1,7,Low,Shadow,2026-09-17,2026-09-23,v2.4.0,direct,,,,,,,,
CRI-T2-B200-CC-ALL-GTD-6mo-ALL,2026-09-23,T2,T2,B200,ALL,GTD,ALL,6M,market_intelligence,7,6.3622,6.3504,6.3504,median,6.3504,6.4788,5.9832,6.5436,6.5436,6.5004,6.3622,1,7,datacrunch,10000.0,1,1,1,3,1,7,Low,Shadow,2026-09-17,2026-09-23,v2.4.0,direct,,,,,,,,
CRI-T2-B200-CC-ALL-GTD-6mo-EU,2026-09-23,T2,T2,B200,ALL,GTD,EU,6M,market_intelligence,7,6.3622,6.3504,6.3504,median,6.3504,6.4788,5.9832,6.5436,6.5436,6.5004,6.3622,1,7,datacrunch,10000.0,1,1,1,3,1,7,Low,Shadow,2026-09-17,2026-09-23,v2.4.0,direct,,,,,,,,
CRI-T2-B200-CC-ALL-GTD-OD-ALL,2026-09-23,T2,T2,B200,ALL,GTD,ALL,OnDemand,citable,7,6.6273,6.6150,6.6150,median,6.6150,6.7488,6.2325,6.8163,6.8163,6.7713,6.6273,1,7,datacrunch,10000.0,1,1,1,3,1,7,Low,Shadow,2026-09-17,2026-09-23,v2.4.0,direct,,,,,,,,
CRI-T2-B200-CC-ALL-GTD-OD-EU,2026-09-23,T2,T2,B200,ALL,GTD,EU,OnDemand,citable,7,6.6273,6.6150,6.6150,median,6.6150,6.7488,6.2325,6.8163,6.8163,6.7713,6.6273,1,7,datacrunch,10000.0,1,1,1,3,1,7,Low,Shadow,2026-09-17,2026-09-23,v2.4.0,direct,,,,,,,,
CRI-T2-B200-CC-ALL-INT-OD-ALL,2026-09-23,T2,T2,B200,ALL,INT,ALL,OnDemand,citable,7,3.3134,3.3075,3.3075,median,3.3075,3.3738,3.1163,3.4075,3.4075,3.3850,3.3134,1,7,datacrunch,10000.0,1,1,1,3,1,7,Low,Shadow,2026-09-17,2026-09-23,v2.4.0,direct,,,,,,,,
CRI-T2-B200-CC-ALL-INT-OD-EU,2026-09-23,T2,T2,B200,ALL,INT,EU,OnDemand,citable,7,3.3134,3.3075,3.3075,median,3.3075,3.3738,3.1163,3.4075,3.4075,3.3850,3.3134,1,7,datacrunch,10000.0,1,1,1,3,1,7,Low,Shadow,2026-09-17,2026-09-23,v2.4.0,direct,,,,,,,,
CRI-T2-B200-CC-SXM-ALL-1mo-ALL,2026-09-23,T2,T2,B200,SXM,ALL,ALL,1M,market_intelligence,7,6.4948,6.4827,6.4827,median,6.4827,6.6137,6.1079,6.6799,6.6799,6.6358,6.4948,1,7,datacrunch,10000.0,1,1,1,3,1,7,Low,Shadow,2026-09-17,2026-09-23,v2.4.0,direct,,,,,,,,
CRI-T2-B200-CC-SXM-ALL-1mo-EU,2026-09-23,T2,T2,B200,SXM,ALL,EU,1M,market_intelligence,7,6.4948,6.4827,6.4827,median,6.4827,6.6137,6.1079,6.6799,6.6799,6.6358,6.4948,1,7,datacrunch,10000.0,1,1,1,3,1,7,Low,Shadow,2026-09-17,2026-09-23,v2.4.0,direct,,,,,,,,
CRI-T2-B200-CC-SXM-ALL-1yr-ALL,2026-09-23,T2,T2,B200,SXM,ALL,ALL,1Y,market_intelligence,7,6.0972,6.0858,6.0858,median,6.0858,6.2089,5.7339,6.2710,6.2710,6.2296,6.0972,1,7,datacrunch,10000.0,1,1,1,3,1,7,Low,Shadow,2026-09-17,2026-09-23,v2.4.0,direct,,,,,,,,
CRI-T2-B200-CC-SXM-ALL-1yr-EU,2026-09-23,T2,T2,B200,SXM,ALL,EU,1Y,market_intelligence,7,6.0972,6.0858,6.0858,median,6.0858,6.2089,5.7339,6.2710,6.2710,6.2296,6.0972,1,7,datacrunch,10000.0,1,1,1,3,1,7,Low,Shadow,2026-09-17,2026-09-23,v2.4.0,direct,,,,,,,,
CRI-T2-B200-CC-SXM-ALL-2yr-ALL,2026-09-23,T2,T2,B200,SXM,ALL,ALL,2Y,market_intelligence,7,4.9705,4.9613,4.9613,median,4.9613,5.0616,4.6744,5.1122,5.1122,5.0784,4.9705,1,7,datacrunch,10000.0,1,1,1,3,1,7,Low,Shadow,2026-09-17,2026-09-23,v2.4.0,direct,,,,,,,,
CRI-T2-B200-CC-SXM-ALL-2yr-EU,2026-09-23,T2,T2,B200,SXM,ALL,EU,2Y,market_intelligence,7,4.9705,4.9613,4.9613,median,4.9613,5.0616,4.6744,5.1122,5.1122,5.0784,4.9705,1,7,datacrunch,10000.0,1,1,1,3,1,7,Low,Shadow,2026-09-17,2026-09-23,v2.4.0,direct,,,,,,,,
CRI-T2-B200-CC-SXM-ALL-3mo-ALL,2026-09-23,T2,T2,B200,SXM,ALL,ALL,3M,market_intelligence,7,6.4285,6.4166,6.4166,median,6.4166,6.5463,6.0455,6.6118,6.6118,6.5681,6.4285,1,7,datacrunch,10000.0,1,1,1,3,1,7,Low,Shadow,2026-09-17,2026-09-23,v2.4.0,direct,,,,,,,,
CRI-T2-B200-CC-SXM-ALL-3mo-EU,2026-09-23,T2,T2,B200,SXM,ALL,EU,3M,market_intelligence,7,6.4285,6.4166,6.4166,median,6.4166,6.5463,6.0455,6.6118,6.6118,6.5681,6.4285,1,7,datacrunch,10000.0,1,1,1,3,1,7,Low,Shadow,2026-09-17,2026-09-23,v2.4.0,direct,,,,,,,,
CRI-T2-B200-CC-SXM-ALL-6mo-ALL,2026-09-23,T2,T2,B200,SXM,ALL,ALL,6M,market_intelligence,7,6.3622,6.3504,6.3504,median,6.3504,6.4788,5.9832,6.5436,6.5436,6.5004,6.3622,1,7,datacrunch,10000.0,1,1,1,3,1,7,Low,Shadow,2026-09-17,2026-09-23,v2.4.0,direct,,,,,,,,
CRI-T2-B200-CC-SXM-ALL-6mo-EU,2026-09-23,T2,T2,B200,SXM,ALL,EU,6M,market_intelligence,7,6.3622,6.3504,6.3504,median,6.3504,6.4788,5.9832,6.5436,6.5436,6.5004,6.3622,1,7,datacrunch,10000.0,1,1,1,3,1,7,Low,Shadow,2026-09-17,2026-09-23,v2.4.0,direct,,,,,,,,
CRI-T2-B200-CC-SXM-ALL-OD-ALL,2026-09-23,T2,T2,B200,SXM,ALL,ALL,OnDemand,citable,7,4.9704,4.8200,4.8200,median,3.3156,6.6150,3.1163,6.8163,5.1119,5.0781,4.9704,1,14,datacrunch,10000.0,1,2,1,6,1,14,Low,Shadow,2026-09-17,2026-09-23,v2.4.0,direct,,,,,,,,
CRI-T2-B200-CC-SXM-ALL-OD-EU,2026-09-23,T2,T2,B200,SXM,ALL,EU,OnDemand,citable,7,4.9704,4.8200,4.8200,median,3.3156,6.6150,3.1163,6.8163,5.1119,5.0781,4.9704,1,14,datacrunch,10000.0,1,2,1,6,1,14,Low,Shadow,2026-09-17,2026-09-23,v2.4.0,direct,,,,,,,,
CRI-T2-B200-CC-SXM-GTD-1mo-ALL,2026-09-23,T2,T2,B200,SXM,GTD,ALL,1M,market_intelligence,7,6.4948,6.4827,6.4827,median,6.4827,6.6137,6.1079,6.6799,6.6799,6.6358,6.4948,1,7,datacrunch,10000.0,1,1,1,3,1,7,Low,Shadow,2026-09-17,2026-09-23,v2.4.0,direct,,,,,,,,
CRI-T2-B200-CC-SXM-GTD-1mo-EU,2026-09-23,T2,T2,B200,SXM,GTD,EU,1M,market_intelligence,7,6.4948,6.4827,6.4827,median,6.4827,6.6137,6.1079,6.6799,6.6799,6.6358,6.4948,1,7,datacrunch,10000.0,1,1,1,3,1,7,Low,Shadow,2026-09-17,2026-09-23,v2.4.0,direct,,,,,,,,
CRI-T2-B200-CC-SXM-GTD-1yr-ALL,2026-09-23,T2,T2,B200,SXM,GTD,ALL,1Y,market_intelligence,7,6.0972,6.0858,6.0858,median,6.0858,6.2089,5.7339,6.2710,6.2710,6.2296,6.0972,1,7,datacrunch,10000.0,1,1,1,3,1,7,Low,Shadow,2026-09-17,2026-09-23,v2.4.0,direct,,,,,,,,
CRI-T2-B200-CC-SXM-GTD-1yr-EU,2026-09-23,T2,T2,B200,SXM,GTD,EU,1Y,market_intelligence,7,6.0972,6.0858,6.0858,median,6.0858,6.2089,5.7339,6.2710,6.2710,6.2296,6.0972,1,7,datacrunch,10000.0,1,1,1,3,1,7,Low,Shadow,2026-09-17,2026-09-23,v2.4.0,direct,,,,,,,,
CRI-T2-B200-CC-SXM-GTD-2yr-ALL,2026-09-23,T2,T2,B200,SXM,GTD,ALL,2Y,market_intelligence,7,4.9705,4.9613,4.9613,median,4.9613,5.0616,4.6744,5.1122,5.1122,5.0784,4.9705,1,7,datacrunch,10000.0,1,1,1,3,1,7,Low,Shadow,2026-09-17,2026-09-23,v2.4.0,direct,,,,,,,,
CRI-T2-B200-CC-SXM-GTD-2yr-EU,2026-09-23,T2,T2,B200,SXM,GTD,EU,2Y,market_intelligence,7,4.9705,4.9613,4.9613,median,4.9613,5.0616,4.6744,5.1122,5.1122,5.0784,4.9705,1,7,datacrunch,10000.0,1,1,1,3,1,7,Low,Shadow,2026-09-17,2026-09-23,v2.4.0,direct,,,,,,,,
CRI-T2-B200-CC-SXM-GTD-3mo-ALL,2026-09-23,T2,T2,B200,SXM,GTD,ALL,3M,market_intelligence,7,6.4285,6.4166,6.4166,median,6.4166,6.5463,6.0455,6.6118,6.6118,6.5681,6.4285,1,7,datacrunch,10000.0,1,1,1,3,1,7,Low,Shadow,2026-09-17,2026-09-23,v2.4.0,direct,,,,,,,,
CRI-T2-B200-CC-SXM-GTD-3mo-EU,2026-09-23,T2,T2,B200,SXM,GTD,EU,3M,market_intelligence,7,6.4285,6.4166,6.4166,median,6.4166,6.5463,6.0455,6.6118,6.6118,6.5681,6.4285,1,7,datacrunch,10000.0,1,1,1,3,1,7,Low,Shadow,2026-09-17,2026-09-23,v2.4.0,direct,,,,,,,,
CRI-T2-B200-CC-SXM-GTD-6mo-ALL,2026-09-23,T2,T2,B200,SXM,GTD,ALL,6M,market_intelligence,7,6.3622,6.3504,6.3504,median,6.3504,6.4788,5.9832,6.5436,6.5436,6.5004,6.3622,1,7,datacrunch,10000.0,1,1,1,3,1,7,Low,Shadow,2026-09-17,2026-09-23,v2.4.0,direct,,,,,,,,
CRI-T2-B200-CC-SXM-GTD-6mo-EU,2026-09-23,T2,T2,B200,SXM,GTD,EU,6M,market_intelligence,7,6.3622,6.3504,6.3504,median,6.3504,6.4788,5.9832,6.5436,6.5436,6.5004,6.3622,1,7,datacrunch,10000.0,1,1,1,3,1,7,Low,Shadow,2026-09-17,2026-09-23,v2.4.0,direct,,,,,,,,
CRI-T2-B200-CC-SXM-GTD-OD-ALL,2026-09-23,T2,T2,B200,SXM,GTD,ALL,OnDemand,citable,7,6.6273,6.6150,6.6150,median,6.6150,6.7488,6.2325,6.8163,6.8163,6.7713,6.6273,1,7,datacrunch,10000.0,1,1,1,3,1,7,Low,Shadow,2026-09-17,2026-09-23,v2.4.0,direct,,,,,,,,
CRI-T2-B200-CC-SXM-GTD-OD-EU,2026-09-23,T2,T2,B200,SXM,GTD,EU,OnDemand,citable,7,6.6273,6.6150,6.6150,median,6.6150,6.7488,6.2325,6.8163,6.8163,6.7713,6.6273,1,7,datacrunch,10000.0,1,1,1,3,1,7,Low,Shadow,2026-09-17,2026-09-23,v2.4.0,direct,,,,,,,,
CRI-T2-B200-CC-SXM-INT-OD-ALL,2026-09-23,T2,T2,B200,SXM,INT,ALL,OnDemand,citable,7,3.3134,3.3075,3.3075,median,3.3075,3.3738,3.1163,3.4075,3.4075,3.3850,3.3134,1,7,datacrunch,10000.0,1,1,1,3,1,7,Low,Shadow,2026-09-17,2026-09-23,v2.4.0,direct,,,,,,,,
CRI-T2-B200-CC-SXM-INT-OD-EU,2026-09-23,T2,T2,B200,SXM,INT,EU,OnDemand,citable,7,3.3134,3.3075,3.3075,median,3.3075,3.3738,3.1163,3.4075,3.4075,3.3850,3.3134,1,7,datacrunch,10000.0,1,1,1,3,1,7,Low,Shadow,2026-09-17,2026-09-23,v2.4.0,direct,,,,,,,,
CRI-T2-B200-SXM-ALL-1mo-EU,2026-09-23,T2,T2,B200,SXM,ALL,EU,1M,market_intelligence,7,6.4015,6.3553,6.3553,median,6.3553,6.4514,6.2928,6.5489,6.5489,6.4839,6.4015,1,7,datacrunch,10000.0,1,1,1,3,1,7,Low,Shadow,2026-09-17,2026-09-23,v2.4.0,direct,,,,,,,,
CRI-T2-B200-SXM-ALL-1mo-US,2026-09-23,T2,T2,B200,SXM,ALL,US,1M,market_intelligence,7,7.9900,7.9900,7.9900,median,7.9900,7.9900,7.9900,7.9900,7.9900,7.9900,7.9900,1,7,together,10000.0,1,1,1,3,1,7,Low,Shadow,2026-09-17,2026-09-23,v2.4.0,direct,,,,,,,,
CRI-T2-B200-SXM-ALL-1yr-ALL,2026-09-23,T2,T2,B200,SXM,ALL,ALL,1Y,market_intelligence,7,6.0096,5.9662,5.9662,median,5.9662,6.0565,5.9076,6.1479,6.1479,6.0870,6.0096,1,7,datacrunch,10000.0,1,1,1,3,1,7,Low,Shadow,2026-09-17,2026-09-23,v2.4.0,direct,,,,,,,,
CRI-T2-B200-SXM-ALL-1yr-EU,2026-09-23,T2,T2,B200,SXM,ALL,EU,1Y,market_intelligence,7,6.0096,5.9662,5.9662,median,5.9662,6.0565,5.9076,6.1479,6.1479,6.0870,6.0096,1,7,datacrunch,10000.0,1,1,1,3,1,7,Low,Shadow,2026-09-17,2026-09-23,v2.4.0,direct,,,,,,,,
CRI-T2-B200-SXM-ALL-2yr-ALL,2026-09-23,T2,T2,B200,SXM,ALL,ALL,2Y,market_intelligence,7,4.8991,4.8638,4.8638,median,4.8638,4.9374,4.8159,5.0119,5.0119,4.9622,4.8991,1,7,datacrunch,10000.0,1,1,1,3,1,7,Low,Shadow,2026-09-17,2026-09-23,v2.4.0,direct,,,,,,,,
CRI-T2-B200-SXM-ALL-2yr-EU,2026-09-23,T2,T2,B200,SXM,ALL,EU,2Y,market_intelligence,7,4.8991,4.8638,4.8638,median,4.8638,4.9374,4.8159,5.0119,5.0119,4.9622,4.8991,1,7,datacrunch,10000.0,1,1,1,3,1,7,Low,Shadow,2026-09-17,2026-09-23,v2.4.0,direct,,,,,,,,
CRI-T2-B200-SXM-ALL-3mo-EU,2026-09-23,T2,T2,B200,SXM,ALL,EU,3M,market_intelligence,7,6.3362,6.2905,6.2905,median,6.2905,6.3857,6.2286,6.4820,6.4820,6.4178,6.3362,1,7,datacrunch,10000.0,1,1,1,3,1,7,Low,Shadow,2026-09-17,2026-09-23,v2.4.0,direct,,,,,,,,
CRI-T2-B200-SXM-ALL-3mo-US,2026-09-23,T2,T2,B200,SXM,ALL,US,3M,market_intelligence,7,7.7900,7.7900,7.7900,median,7.7900,7.7900,7.7900,7.7900,7.7900,7.7900,7.7900,1,7,together,10000.0,1,1,1,3,1,7,Low,Shadow,2026-09-17,2026-09-23,v2.4.0,direct,,,,,,,,
CRI-T2-B200-SXM-ALL-6mo-US,2026-09-23,T2,T2,B200,SXM,ALL,US,6M,market_intelligence,7,6.7900,6.7900,6.7900,median,6.7900,6.7900,6.7900,6.7900,6.7900,6.7900,6.7900,1,7,together,10000.0,1,1,1,3,1,7,Low,Shadow,2026-09-17,2026-09-23,v2.4.0,direct,,,,,,,,
CRI-T2-B200-SXM-ALL-RB-ALL,2026-09-23,T2,T2,B200,SXM,ALL,ALL,ReservedBand,market_intelligence,7,9.8600,9.8600,9.8600,median,9.8600,9.8600,9.8600,9.8600,9.8600,9.8600,9.8600,1,7,lambda,10000.0,1,1,1,3,1,7,Low,Shadow,2026-09-17,2026-09-23,v2.4.0,direct,,,,,,,,
CRI-T2-B200-SXM-ALL-RB-US,2026-09-23,T2,T2,B200,SXM,ALL,US,ReservedBand,market_intelligence,7,9.8600,9.8600,9.8600,median,9.8600,9.8600,9.8600,9.8600,9.8600,9.8600,9.8600,1,7,lambda,10000.0,1,1,1,3,1,7,Low,Shadow,2026-09-17,2026-09-23,v2.4.0,direct,,,,,,,,
CRI-T2-B200-SXM-GTD-1mo-EU,2026-09-23,T2,T2,B200,SXM,GTD,EU,1M,market_intelligence,7,6.4015,6.3553,6.3553,median,6.3553,6.4514,6.2928,6.5489,6.5489,6.4839,6.4015,1,7,datacrunch,10000.0,1,1,1,3,1,7,Low,Shadow,2026-09-17,2026-09-23,v2.4.0,direct,,,,,,,,
CRI-T2-B200-SXM-GTD-1mo-US,2026-09-23,T2,T2,B200,SXM,GTD,US,1M,market_intelligence,7,7.9900,7.9900,7.9900,median,7.9900,7.9900,7.9900,7.9900,7.9900,7.9900,7.9900,1,7,together,10000.0,1,1,1,3,1,7,Low,Shadow,2026-09-17,2026-09-23,v2.4.0,direct,,,,,,,,
CRI-T2-B200-SXM-GTD-1yr-ALL,2026-09-23,T2,T2,B200,SXM,GTD,ALL,1Y,market_intelligence,7,6.0096,5.9662,5.9662,median,5.9662,6.0565,5.9076,6.1479,6.1479,6.0870,6.0096,1,7,datacrunch,10000.0,1,1,1,3,1,7,Low,Shadow,2026-09-17,2026-09-23,v2.4.0,direct,,,,,,,,
CRI-T2-B200-SXM-GTD-1yr-EU,2026-09-23,T2,T2,B200,SXM,GTD,EU,1Y,market_intelligence,7,6.0096,5.9662,5.9662,median,5.9662,6.0565,5.9076,6.1479,6.1479,6.0870,6.0096,1,7,datacrunch,10000.0,1,1,1,3,1,7,Low,Shadow,2026-09-17,2026-09-23,v2.4.0,direct,,,,,,,,
CRI-T2-B200-SXM-GTD-2yr-ALL,2026-09-23,T2,T2,B200,SXM,GTD,ALL,2Y,market_intelligence,7,4.8991,4.8638,4.8638,median,4.8638,4.9374,4.8159,5.0119,5.0119,4.9622,4.8991,1,7,datacrunch,10000.0,1,1,1,3,1,7,Low,Shadow,2026-09-17,2026-09-23,v2.4.0,direct,,,,,,,,
CRI-T2-B200-SXM-GTD-2yr-EU,2026-09-23,T2,T2,B200,SXM,GTD,EU,2Y,market_intelligence,7,4.8991,4.8638,4.8638,median,4.8638,4.9374,4.8159,5.0119,5.0119,4.9622,4.8991,1,7,datacrunch,10000.0,1,1,1,3,1,7,Low,Shadow,2026-09-17,2026-09-23,v2.4.0,direct,,,,,,,,
CRI-T2-B200-SXM-GTD-3mo-EU,2026-09-23,T2,T2,B200,SXM,GTD,EU,3M,market_intelligence,7,6.3362,6.2905,6.2905,median,6.2905,6.3857,6.2286,6.4820,6.4820,6.4178,6.3362,1,7,datacrunch,10000.0,1,1,1,3,1,7,Low,Shadow,2026-09-17,2026-09-23,v2.4.0,direct,,,,,,,,
CRI-T2-B200-SXM-GTD-3mo-US,2026-09-23,T2,T2,B200,SXM,GTD,US,3M,market_intelligence,7,7.7900,7.7900,7.7900,median,7.7900,7.7900,7.7900,7.7900,7.7900,7.7900,7.7900,1,7,together,10000.0,1,1,1,3,1,7,Low,Shadow,2026-09-17,2026-09-23,v2.4.0,direct,,,,,,,,
CRI-T2-B200-SXM-GTD-6mo-US,2026-09-23,T2,T2,B200,SXM,GTD,US,6M,market_intelligence,7,6.7900,6.7900,6.7900,median,6.7900,6.7900,6.7900,6.7900,6.7900,6.7900,6.7900,1,7,together,10000.0,1,1,1,3,1,7,Low,Shadow,2026-09-17,2026-09-23,v2.4.0,direct,,,,,,,,
CRI-T2-B200-SXM-GTD-RB-ALL,2026-09-23,T2,T2,B200,SXM,GTD,ALL,ReservedBand,market_intelligence,7,9.8600,9.8600,9.8600,median,9.8600,9.8600,9.8600,9.8600,9.8600,9.8600,9.8600,1,7,lambda,10000.0,1,1,1,3,1,7,Low,Shadow,2026-09-17,2026-09-23,v2.4.0,direct,,,,,,,,
CRI-T2-B200-SXM-GTD-RB-US,2026-09-23,T2,T2,B200,SXM,GTD,US,ReservedBand,market_intelligence,7,9.8600,9.8600,9.8600,median,9.8600,9.8600,9.8600,9.8600,9.8600,9.8600,9.8600,1,7,lambda,10000.0,1,1,1,3,1,7,Low,Shadow,2026-09-17,2026-09-23,v2.4.0,direct,,,,,,,,
CRI-T2-B300-ALL-ALL-1mo-EU,2026-09-23,T2,T2,B300,ALL,ALL,EU,1M,market_intelligence,7,7.7812,7.7249,7.7249,median,7.7249,7.8425,7.6489,7.9601,7.9601,7.8817,7.7812,1,7,datacrunch,10000.0,1,1,1,3,1,7,Low,Shadow,2026-09-17,2026-09-23,v2.4.0,direct,,,,,,,,
CRI-T2-B300-ALL-ALL-1mo-US,2026-09-23,T2,T2,B300,ALL,ALL,US,1M,market_intelligence,7,8.0000,8.0000,8.0000,median,8.0000,8.0000,8.0000,8.0000,8.0000,8.0000,8.0000,1,7,latitude,10000.0,1,1,1,3,1,7,Low,Shadow,2026-09-17,2026-09-23,v2.4.0,direct,,,,,,,,
CRI-T2-B300-ALL-ALL-3mo-ALL,2026-09-23,T2,T2,B300,ALL,ALL,ALL,3M,market_intelligence,7,7.7018,7.6460,7.6460,median,7.6460,7.7624,7.5709,7.8788,7.8788,7.8012,7.7018,1,7,datacrunch,10000.0,1,1,1,3,1,7,Low,Shadow,2026-09-17,2026-09-23,v2.4.0,direct,,,,,,,,
CRI-T2-B300-ALL-ALL-3mo-EU,2026-09-23,T2,T2,B300,ALL,ALL,EU,3M,market_intelligence,7,7.7018,7.6460,7.6460,median,7.6460,7.7624,7.5709,7.8788,7.8788,7.8012,7.7018,1,7,datacrunch,10000.0,1,1,1,3,1,7,Low,Shadow,2026-09-17,2026-09-23,v2.4.0,direct,,,,,,,,
CRI-T2-B300-ALL-ALL-3yr-ALL,2026-09-23,T2,T2,B300,ALL,ALL,ALL,3Y,market_intelligence,7,5.4900,5.4900,5.4900,median,5.4900,5.4900,5.4900,5.4900,5.4900,5.4900,5.4900,1,7,civo,10000.0,1,1,1,3,1,7,Low,Shadow,2026-09-17,2026-09-23,v2.4.0,direct,,,,,,,,
CRI-T2-B300-ALL-ALL-3yr-EU,2026-09-23,T2,T2,B300,ALL,ALL,EU,3Y,market_intelligence,7,5.4900,5.4900,5.4900,median,5.4900,5.4900,5.4900,5.4900,5.4900,5.4900,5.4900,1,7,civo,10000.0,1,1,1,3,1,7,Low,Shadow,2026-09-17,2026-09-23,v2.4.0,direct,,,,,,,,
CRI-T2-B300-ALL-ALL-6mo-ALL,2026-09-23,T2,T2,B300,ALL,ALL,ALL,6M,market_intelligence,7,7.6224,7.5672,7.5672,median,7.5672,7.6824,7.4928,7.7976,7.7976,7.7208,7.6224,1,7,datacrunch,10000.0,1,1,1,3,1,7,Low,Shadow,2026-09-17,2026-09-23,v2.4.0,direct,,,,,,,,
CRI-T2-B300-ALL-ALL-6mo-EU,2026-09-23,T2,T2,B300,ALL,ALL,EU,6M,market_intelligence,7,7.6224,7.5672,7.5672,median,7.5672,7.6824,7.4928,7.7976,7.7976,7.7208,7.6224,1,7,datacrunch,10000.0,1,1,1,3,1,7,Low,Shadow,2026-09-17,2026-09-23,v2.4.0,direct,,,,,,,,
CRI-T2-B300-ALL-GTD-1mo-EU,2026-09-23,T2,T2,B300,ALL,GTD,EU,1M,market_intelligence,7,7.7812,7.7249,7.7249,median,7.7249,7.8425,7.6489,7.9601,7.9601,7.8817,7.7812,1,7,datacrunch,10000.0,1,1,1,3,1,7,Low,Shadow,2026-09-17,2026-09-23,v2.4.0,direct,,,,,,,,
CRI-T2-B300-ALL-GTD-1mo-US,2026-09-23,T2,T2,B300,ALL,GTD,US,1M,market_intelligence,7,8.0000,8.0000,8.0000,median,8.0000,8.0000,8.0000,8.0000,8.0000,8.0000,8.0000,1,7,latitude,10000.0,1,1,1,3,1,7,Low,Shadow,2026-09-17,2026-09-23,v2.4.0,direct,,,,,,,,
CRI-T2-B300-ALL-GTD-3mo-ALL,2026-09-23,T2,T2,B300,ALL,GTD,ALL,3M,market_intelligence,7,7.7018,7.6460,7.6460,median,7.6460,7.7624,7.5709,7.8788,7.8788,7.8012,7.7018,1,7,datacrunch,10000.0,1,1,1,3,1,7,Low,Shadow,2026-09-17,2026-09-23,v2.4.0,direct,,,,,,,,
CRI-T2-B300-ALL-GTD-3mo-EU,2026-09-23,T2,T2,B300,ALL,GTD,EU,3M,market_intelligence,7,7.7018,7.6460,7.6460,median,7.6460,7.7624,7.5709,7.8788,7.8788,7.8012,7.7018,1,7,datacrunch,10000.0,1,1,1,3,1,7,Low,Shadow,2026-09-17,2026-09-23,v2.4.0,direct,,,,,,,,
CRI-T2-B300-ALL-GTD-3yr-ALL,2026-09-23,T2,T2,B300,ALL,GTD,ALL,3Y,market_intelligence,7,5.4900,5.4900,5.4900,median,5.4900,5.4900,5.4900,5.4900,5.4900,5.4900,5.4900,1,7,civo,10000.0,1,1,1,3,1,7,Low,Shadow,2026-09-17,2026-09-23,v2.4.0,direct,,,,,,,,
CRI-T2-B300-ALL-GTD-3yr-EU,2026-09-23,T2,T2,B300,ALL,GTD,EU,3Y,market_intelligence,7,5.4900,5.4900,5.4900,median,5.4900,5.4900,5.4900,5.4900,5.4900,5.4900,5.4900,1,7,civo,10000.0,1,1,1,3,1,7,Low,Shadow,2026-09-17,2026-09-23,v2.4.0,direct,,,,,,,,
CRI-T2-B300-ALL-GTD-6mo-ALL,2026-09-23,T2,T2,B300,ALL,GTD,ALL,6M,market_intelligence,7,7.6224,7.5672,7.5672,median,7.5672,7.6824,7.4928,7.7976,7.7976,7.7208,7.6224,1,7,datacrunch,10000.0,1,1,1,3,1,7,Low,Shadow,2026-09-17,2026-09-23,v2.4.0,direct,,,,,,,,
CRI-T2-B300-ALL-GTD-6mo-EU,2026-09-23,T2,T2,B300,ALL,GTD,EU,6M,market_intelligence,7,7.6224,7.5672,7.5672,median,7.5672,7.6824,7.4928,7.7976,7.7976,7.7208,7.6224,1,7,datacrunch,10000.0,1,1,1,3,1,7,Low,Shadow,2026-09-17,2026-09-23,v2.4.0,direct,,,,,,,,
CRI-T2-B300-CC-ALL-ALL-1mo-ALL,2026-09-23,T2,T2,B300,ALL,ALL,ALL,1M,market_intelligence,7,7.9047,7.8804,7.8804,median,7.8804,8.0385,7.4970,8.1181,8.1181,8.0650,7.9047,1,7,datacrunch,10000.0,1,1,1,3,1,7,Low,Shadow,2026-09-17,2026-09-23,v2.4.0,direct,,,,,,,,
CRI-T2-B300-CC-ALL-ALL-1mo-EU,2026-09-23,T2,T2,B300,ALL,ALL,EU,1M,market_intelligence,7,7.9047,7.8804,7.8804,median,7.8804,8.0385,7.4970,8.1181,8.1181,8.0650,7.9047,1,7,datacrunch,10000.0,1,1,1,3,1,7,Low,Shadow,2026-09-17,2026-09-23,v2.4.0,direct,,,,,,,,
CRI-T2-B300-CC-ALL-ALL-1yr-ALL,2026-09-23,T2,T2,B300,ALL,ALL,ALL,1Y,market_intelligence,7,7.4208,7.3980,7.3980,median,7.3980,7.5464,7.0380,7.6211,7.6211,7.5713,7.4208,1,7,datacrunch,10000.0,1,1,1,3,1,7,Low,Shadow,2026-09-17,2026-09-23,v2.4.0,direct,,,,,,,,
CRI-T2-B300-CC-ALL-ALL-1yr-EU,2026-09-23,T2,T2,B300,ALL,ALL,EU,1Y,market_intelligence,7,7.4208,7.3980,7.3980,median,7.3980,7.5464,7.0380,7.6211,7.6211,7.5713,7.4208,1,7,datacrunch,10000.0,1,1,1,3,1,7,Low,Shadow,2026-09-17,2026-09-23,v2.4.0,direct,,,,,,,,
CRI-T2-B300-CC-ALL-ALL-2yr-ALL,2026-09-23,T2,T2,B300,ALL,ALL,ALL,2Y,market_intelligence,7,6.0495,6.0309,6.0309,median,6.0309,6.1518,5.7375,6.2128,6.2128,6.1722,6.0495,1,7,datacrunch,10000.0,1,1,1,3,1,7,Low,Shadow,2026-09-17,2026-09-23,v2.4.0,direct,,,,,,,,
CRI-T2-B300-CC-ALL-ALL-2yr-EU,2026-09-23,T2,T2,B300,ALL,ALL,EU,2Y,market_intelligence,7,6.0495,6.0309,6.0309,median,6.0309,6.1518,5.7375,6.2128,6.2128,6.1722,6.0495,1,7,datacrunch,10000.0,1,1,1,3,1,7,Low,Shadow,2026-09-17,2026-09-23,v2.4.0,direct,,,,,,,,
CRI-T2-B300-CC-ALL-ALL-3mo-ALL,2026-09-23,T2,T2,B300,ALL,ALL,ALL,3M,market_intelligence,7,7.8241,7.8000,7.8000,median,7.8000,7.9564,7.4205,8.0352,8.0352,7.9827,7.8241,1,7,datacrunch,10000.0,1,1,1,3,1,7,Low,Shadow,2026-09-17,2026-09-23,v2.4.0,direct,,,,,,,,
CRI-T2-B300-CC-ALL-ALL-3mo-EU,2026-09-23,T2,T2,B300,ALL,ALL,EU,3M,market_intelligence,7,7.8241,7.8000,7.8000,median,7.8000,7.9564,7.4205,8.0352,8.0352,7.9827,7.8241,1,7,datacrunch,10000.0,1,1,1,3,1,7,Low,Shadow,2026-09-17,2026-09-23,v2.4.0,direct,,,,,,,,
CRI-T2-B300-CC-ALL-ALL-6mo-ALL,2026-09-23,T2,T2,B300,ALL,ALL,ALL,6M,market_intelligence,7,7.7434,7.7196,7.7196,median,7.7196,7.8744,7.3440,7.9524,7.9524,7.9004,7.7434,1,7,datacrunch,10000.0,1,1,1,3,1,7,Low,Shadow,2026-09-17,2026-09-23,v2.4.0,direct,,,,,,,,
CRI-T2-B300-CC-ALL-ALL-6mo-EU,2026-09-23,T2,T2,B300,ALL,ALL,EU,6M,market_intelligence,7,7.7434,7.7196,7.7196,median,7.7196,7.8744,7.3440,7.9524,7.9524,7.9004,7.7434,1,7,datacrunch,10000.0,1,1,1,3,1,7,Low,Shadow,2026-09-17,2026-09-23,v2.4.0,direct,,,,,,,,
CRI-T2-B300-CC-ALL-ALL-OD-ALL,2026-09-23,T2,T2,B300,ALL,ALL,ALL,OnDemand,citable,7,6.0495,5.8963,5.8963,median,4.0300,8.0413,3.8250,8.2838,6.2131,6.1723,6.0495,1,14,datacrunch,10000.0,1,2,1,6,1,14,Low,Shadow,2026-09-17,2026-09-23,v2.4.0,direct,,,,,,,,
CRI-T2-B300-CC-ALL-ALL-OD-EU,2026-09-23,T2,T2,B300,ALL,ALL,EU,OnDemand,citable,7,6.0495,5.8963,5.8963,median,4.0300,8.0413,3.8250,8.2838,6.2131,6.1723,6.0495,1,14,datacrunch,10000.0,1,2,1,6,1,14,Low,Shadow,2026-09-17,2026-09-23,v2.4.0,direct,,,,,,,,
CRI-T2-B300-CC-ALL-GTD-1mo-ALL,2026-09-23,T2,T2,B300,ALL,GTD,ALL,1M,market_intelligence,7,7.9047,7.8804,7.8804,median,7.8804,8.0385,7.4970,8.1181,8.1181,8.0650,7.9047,1,7,datacrunch,10000.0,1,1,1,3,1,7,Low,Shadow,2026-09-17,2026-09-23,v2.4.0,direct,,,,,,,,
CRI-T2-B300-CC-ALL-GTD-1mo-EU,2026-09-23,T2,T2,B300,ALL,GTD,EU,1M,market_intelligence,7,7.9047,7.8804,7.8804,median,7.8804,8.0385,7.4970,8.1181,8.1181,8.0650,7.9047,1,7,datacrunch,10000.0,1,1,1,3,1,7,Low,Shadow,2026-09-17,2026-09-23,v2.4.0,direct,,,,,,,,
CRI-T2-B300-CC-ALL-GTD-1yr-ALL,2026-09-23,T2,T2,B300,ALL,GTD,ALL,1Y,market_intelligence,7,7.4208,7.3980,7.3980,median,7.3980,7.5464,7.0380,7.6211,7.6211,7.5713,7.4208,1,7,datacrunch,10000.0,1,1,1,3,1,7,Low,Shadow,2026-09-17,2026-09-23,v2.4.0,direct,,,,,,,,
CRI-T2-B300-CC-ALL-GTD-1yr-EU,2026-09-23,T2,T2,B300,ALL,GTD,EU,1Y,market_intelligence,7,7.4208,7.3980,7.3980,median,7.3980,7.5464,7.0380,7.6211,7.6211,7.5713,7.4208,1,7,datacrunch,10000.0,1,1,1,3,1,7,Low,Shadow,2026-09-17,2026-09-23,v2.4.0,direct,,,,,,,,
CRI-T2-B300-CC-ALL-GTD-2yr-ALL,2026-09-23,T2,T2,B300,ALL,GTD,ALL,2Y,market_intelligence,7,6.0495,6.0309,6.0309,median,6.0309,6.1518,5.7375,6.2128,6.2128,6.1722,6.0495,1,7,datacrunch,10000.0,1,1,1,3,1,7,Low,Shadow,2026-09-17,2026-09-23,v2.4.0,direct,,,,,,,,
CRI-T2-B300-CC-ALL-GTD-2yr-EU,2026-09-23,T2,T2,B300,ALL,GTD,EU,2Y,market_intelligence,7,6.0495,6.0309,6.0309,median,6.0309,6.1518,5.7375,6.2128,6.2128,6.1722,6.0495,1,7,datacrunch,10000.0,1,1,1,3,1,7,Low,Shadow,2026-09-17,2026-09-23,v2.4.0,direct,,,,,,,,
CRI-T2-B300-CC-ALL-GTD-3mo-ALL,2026-09-23,T2,T2,B300,ALL,GTD,ALL,3M,market_intelligence,7,7.8241,7.8000,7.8000,median,7.8000,7.9564,7.4205,8.0352,8.0352,7.9827,7.8241,1,7,datacrunch,10000.0,1,1,1,3,1,7,Low,Shadow,2026-09-17,2026-09-23,v2.4.0,direct,,,,,,,,
CRI-T2-B300-CC-ALL-GTD-3mo-EU,2026-09-23,T2,T2,B300,ALL,GTD,EU,3M,market_intelligence,7,7.8241,7.8000,7.8000,median,7.8000,7.9564,7.4205,8.0352,8.0352,7.9827,7.8241,1,7,datacrunch,10000.0,1,1,1,3,1,7,Low,Shadow,2026-09-17,2026-09-23,v2.4.0,direct,,,,,,,,
CRI-T2-B300-CC-ALL-GTD-6mo-ALL,2026-09-23,T2,T2,B300,ALL,GTD,ALL,6M,market_intelligence,7,7.7434,7.7196,7.7196,median,7.7196,7.8744,7.3440,7.9524,7.9524,7.9004,7.7434,1,7,datacrunch,10000.0,1,1,1,3,1,7,Low,Shadow,2026-09-17,2026-09-23,v2.4.0,direct,,,,,,,,
CRI-T2-B300-CC-ALL-GTD-6mo-EU,2026-09-23,T2,T2,B300,ALL,GTD,EU,6M,market_intelligence,7,7.7434,7.7196,7.7196,median,7.7196,7.8744,7.3440,7.9524,7.9524,7.9004,7.7434,1,7,datacrunch,10000.0,1,1,1,3,1,7,Low,Shadow,2026-09-17,2026-09-23,v2.4.0,direct,,,,,,,,
CRI-T2-B300-CC-ALL-GTD-OD-ALL,2026-09-23,T2,T2,B300,ALL,GTD,ALL,OnDemand,citable,7,8.0661,8.0413,8.0413,median,8.0413,8.2025,7.6500,8.2838,8.2838,8.2296,8.0661,1,7,datacrunch,10000.0,1,1,1,3,1,7,Low,Shadow,2026-09-17,2026-09-23,v2.4.0,direct,,,,,,,,
CRI-T2-B300-CC-ALL-GTD-OD-EU,2026-09-23,T2,T2,B300,ALL,GTD,EU,OnDemand,citable,7,8.0661,8.0413,8.0413,median,8.0413,8.2025,7.6500,8.2838,8.2838,8.2296,8.0661,1,7,datacrunch,10000.0,1,1,1,3,1,7,Low,Shadow,2026-09-17,2026-09-23,v2.4.0,direct,,,,,,,,
CRI-T2-B300-CC-ALL-INT-OD-ALL,2026-09-23,T2,T2,B300,ALL,INT,ALL,OnDemand,citable,7,4.0329,4.0200,4.0200,median,4.0200,4.1013,3.8250,4.1425,4.1425,4.1150,4.0329,1,7,datacrunch,10000.0,1,1,1,3,1,7,Low,Shadow,2026-09-17,2026-09-23,v2.4.0,direct,,,,,,,,
CRI-T2-B300-CC-ALL-INT-OD-EU,2026-09-23,T2,T2,B300,ALL,INT,EU,OnDemand,citable,7,4.0329,4.0200,4.0200,median,4.0200,4.1013,3.8250,4.1425,4.1425,4.1150,4.0329,1,7,datacrunch,10000.0,1,1,1,3,1,7,Low,Shadow,2026-09-17,2026-09-23,v2.4.0,direct,,,,,,,,
CRI-T2-B300-CC-SXM-ALL-1mo-ALL,2026-09-23,T2,T2,B300,SXM,ALL,ALL,1M,market_intelligence,7,7.9047,7.8804,7.8804,median,7.8804,8.0385,7.4970,8.1181,8.1181,8.0650,7.9047,1,7,datacrunch,10000.0,1,1,1,3,1,7,Low,Shadow,2026-09-17,2026-09-23,v2.4.0,direct,,,,,,,,
CRI-T2-B300-CC-SXM-ALL-1mo-EU,2026-09-23,T2,T2,B300,SXM,ALL,EU,1M,market_intelligence,7,7.9047,7.8804,7.8804,median,7.8804,8.0385,7.4970,8.1181,8.1181,8.0650,7.9047,1,7,datacrunch,10000.0,1,1,1,3,1,7,Low,Shadow,2026-09-17,2026-09-23,v2.4.0,direct,,,,,,,,
CRI-T2-B300-CC-SXM-ALL-1yr-ALL,2026-09-23,T2,T2,B300,SXM,ALL,ALL,1Y,market_intelligence,7,7.4208,7.3980,7.3980,median,7.3980,7.5464,7.0380,7.6211,7.6211,7.5713,7.4208,1,7,datacrunch,10000.0,1,1,1,3,1,7,Low,Shadow,2026-09-17,2026-09-23,v2.4.0,direct,,,,,,,,
CRI-T2-B300-CC-SXM-ALL-1yr-EU,2026-09-23,T2,T2,B300,SXM,ALL,EU,1Y,market_intelligence,7,7.4208,7.3980,7.3980,median,7.3980,7.5464,7.0380,7.6211,7.6211,7.5713,7.4208,1,7,datacrunch,10000.0,1,1,1,3,1,7,Low,Shadow,2026-09-17,2026-09-23,v2.4.0,direct,,,,,,,,
CRI-T2-B300-CC-SXM-ALL-2yr-ALL,2026-09-23,T2,T2,B300,SXM,ALL,ALL,2Y,market_intelligence,7,6.0495,6.0309,6.0309,median,6.0309,6.1518,5.7375,6.2128,6.2128,6.1722,6.0495,1,7,datacrunch,10000.0,1,1,1,3,1,7,Low,Shadow,2026-09-17,2026-09-23,v2.4.0,direct,,,,,,,,
CRI-T2-B300-CC-SXM-ALL-2yr-EU,2026-09-23,T2,T2,B300,SXM,ALL,EU,2Y,market_intelligence,7,6.0495,6.0309,6.0309,median,6.0309,6.1518,5.7375,6.2128,6.2128,6.1722,6.0495,1,7,datacrunch,10000.0,1,1,1,3,1,7,Low,Shadow,2026-09-17,2026-09-23,v2.4.0,direct,,,,,,,,
CRI-T2-B300-CC-SXM-ALL-3mo-ALL,2026-09-23,T2,T2,B300,SXM,ALL,ALL,3M,market_intelligence,7,7.8241,7.8000,7.8000,median,7.8000,7.9564,7.4205,8.0352,8.0352,7.9827,7.8241,1,7,datacrunch,10000.0,1,1,1,3,1,7,Low,Shadow,2026-09-17,2026-09-23,v2.4.0,direct,,,,,,,,
CRI-T2-B300-CC-SXM-ALL-3mo-EU,2026-09-23,T2,T2,B300,SXM,ALL,EU,3M,market_intelligence,7,7.8241,7.8000,7.8000,median,7.8000,7.9564,7.4205,8.0352,8.0352,7.9827,7.8241,1,7,datacrunch,10000.0,1,1,1,3,1,7,Low,Shadow,2026-09-17,2026-09-23,v2.4.0,direct,,,,,,,,
CRI-T2-B300-CC-SXM-ALL-6mo-ALL,2026-09-23,T2,T2,B300,SXM,ALL,ALL,6M,market_intelligence,7,7.7434,7.7196,7.7196,median,7.7196,7.8744,7.3440,7.9524,7.9524,7.9004,7.7434,1,7,datacrunch,10000.0,1,1,1,3,1,7,Low,Shadow,2026-09-17,2026-09-23,v2.4.0,direct,,,,,,,,
CRI-T2-B300-CC-SXM-ALL-6mo-EU,2026-09-23,T2,T2,B300,SXM,ALL,EU,6M,market_intelligence,7,7.7434,7.7196,7.7196,median,7.7196,7.8744,7.3440,7.9524,7.9524,7.9004,7.7434,1,7,datacrunch,10000.0,1,1,1,3,1,7,Low,Shadow,2026-09-17,2026-09-23,v2.4.0,direct,,,,,,,,
CRI-T2-B300-CC-SXM-ALL-OD-ALL,2026-09-23,T2,T2,B300,SXM,ALL,ALL,OnDemand,citable,7,6.0495,5.8963,5.8963,median,4.0300,8.0413,3.8250,8.2838,6.2131,6.1723,6.0495,1,14,datacrunch,10000.0,1,2,1,6,1,14,Low,Shadow,2026-09-17,2026-09-23,v2.4.0,direct,,,,,,,,
CRI-T2-B300-CC-SXM-ALL-OD-EU,2026-09-23,T2,T2,B300,SXM,ALL,EU,OnDemand,citable,7,6.0495,5.8963,5.8963,median,4.0300,8.0413,3.8250,8.2838,6.2131,6.1723,6.0495,1,14,datacrunch,10000.0,1,2,1,6,1,14,Low,Shadow,2026-09-17,2026-09-23,v2.4.0,direct,,,,,,,,
CRI-T2-B300-CC-SXM-GTD-1mo-ALL,2026-09-23,T2,T2,B300,SXM,GTD,ALL,1M,market_intelligence,7,7.9047,7.8804,7.8804,median,7.8804,8.0385,7.4970,8.1181,8.1181,8.0650,7.9047,1,7,datacrunch,10000.0,1,1,1,3,1,7,Low,Shadow,2026-09-17,2026-09-23,v2.4.0,direct,,,,,,,,
CRI-T2-B300-CC-SXM-GTD-1mo-EU,2026-09-23,T2,T2,B300,SXM,GTD,EU,1M,market_intelligence,7,7.9047,7.8804,7.8804,median,7.8804,8.0385,7.4970,8.1181,8.1181,8.0650,7.9047,1,7,datacrunch,10000.0,1,1,1,3,1,7,Low,Shadow,2026-09-17,2026-09-23,v2.4.0,direct,,,,,,,,
CRI-T2-B300-CC-SXM-GTD-1yr-ALL,2026-09-23,T2,T2,B300,SXM,GTD,ALL,1Y,market_intelligence,7,7.4208,7.3980,7.3980,median,7.3980,7.5464,7.0380,7.6211,7.6211,7.5713,7.4208,1,7,datacrunch,10000.0,1,1,1,3,1,7,Low,Shadow,2026-09-17,2026-09-23,v2.4.0,direct,,,,,,,,
CRI-T2-B300-CC-SXM-GTD-1yr-EU,2026-09-23,T2,T2,B300,SXM,GTD,EU,1Y,market_intelligence,7,7.4208,7.3980,7.3980,median,7.3980,7.5464,7.0380,7.6211,7.6211,7.5713,7.4208,1,7,datacrunch,10000.0,1,1,1,3,1,7,Low,Shadow,2026-09-17,2026-09-23,v2.4.0,direct,,,,,,,,
CRI-T2-B300-CC-SXM-GTD-2yr-ALL,2026-09-23,T2,T2,B300,SXM,GTD,ALL,2Y,market_intelligence,7,6.0495,6.0309,6.0309,median,6.0309,6.1518,5.7375,6.2128,6.2128,6.1722,6.0495,1,7,datacrunch,10000.0,1,1,1,3,1,7,Low,Shadow,2026-09-17,2026-09-23,v2.4.0,direct,,,,,,,,
CRI-T2-B300-CC-SXM-GTD-2yr-EU,2026-09-23,T2,T2,B300,SXM,GTD,EU,2Y,market_intelligence,7,6.0495,6.0309,6.0309,median,6.0309,6.1518,5.7375,6.2128,6.2128,6.1722,6.0495,1,7,datacrunch,10000.0,1,1,1,3,1,7,Low,Shadow,2026-09-17,2026-09-23,v2.4.0,direct,,,,,,,,
CRI-T2-B300-CC-SXM-GTD-3mo-ALL,2026-09-23,T2,T2,B300,SXM,GTD,ALL,3M,market_intelligence,7,7.8241,7.8000,7.8000,median,7.8000,7.9564,7.4205,8.0352,8.0352,7.9827,7.8241,1,7,datacrunch,10000.0,1,1,1,3,1,7,Low,Shadow,2026-09-17,2026-09-23,v2.4.0,direct,,,,,,,,
CRI-T2-B300-CC-SXM-GTD-3mo-EU,2026-09-23,T2,T2,B300,SXM,GTD,EU,3M,market_intelligence,7,7.8241,7.8000,7.8000,median,7.8000,7.9564,7.4205,8.0352,8.0352,7.9827,7.8241,1,7,datacrunch,10000.0,1,1,1,3,1,7,Low,Shadow,2026-09-17,2026-09-23,v2.4.0,direct,,,,,,,,
CRI-T2-B300-CC-SXM-GTD-6mo-ALL,2026-09-23,T2,T2,B300,SXM,GTD,ALL,6M,market_intelligence,7,7.7434,7.7196,7.7196,median,7.7196,7.8744,7.3440,7.9524,7.9524,7.9004,7.7434,1,7,datacrunch,10000.0,1,1,1,3,1,7,Low,Shadow,2026-09-17,2026-09-23,v2.4.0,direct,,,,,,,,
CRI-T2-B300-CC-SXM-GTD-6mo-EU,2026-09-23,T2,T2,B300,SXM,GTD,EU,6M,market_intelligence,7,7.7434,7.7196,7.7196,median,7.7196,7.8744,7.3440,7.9524,7.9524,7.9004,7.7434,1,7,datacrunch,10000.0,1,1,1,3,1,7,Low,Shadow,2026-09-17,2026-09-23,v2.4.0,direct,,,,,,,,
CRI-T2-B300-CC-SXM-GTD-OD-ALL,2026-09-23,T2,T2,B300,SXM,GTD,ALL,OnDemand,citable,7,8.0661,8.0413,8.0413,median,8.0413,8.2025,7.6500,8.2838,8.2838,8.2296,8.0661,1,7,datacrunch,10000.0,1,1,1,3,1,7,Low,Shadow,2026-09-17,2026-09-23,v2.4.0,direct,,,,,,,,
CRI-T2-B300-CC-SXM-GTD-OD-EU,2026-09-23,T2,T2,B300,SXM,GTD,EU,OnDemand,citable,7,8.0661,8.0413,8.0413,median,8.0413,8.2025,7.6500,8.2838,8.2838,8.2296,8.0661,1,7,datacrunch,10000.0,1,1,1,3,1,7,Low,Shadow,2026-09-17,2026-09-23,v2.4.0,direct,,,,,,,,
CRI-T2-B300-CC-SXM-INT-OD-ALL,2026-09-23,T2,T2,B300,SXM,INT,ALL,OnDemand,citable,7,4.0329,4.0200,4.0200,median,4.0200,4.1013,3.8250,4.1425,4.1425,4.1150,4.0329,1,7,datacrunch,10000.0,1,1,1,3,1,7,Low,Shadow,2026-09-17,2026-09-23,v2.4.0,direct,,,,,,,,
CRI-T2-B300-CC-SXM-INT-OD-EU,2026-09-23,T2,T2,B300,SXM,INT,EU,OnDemand,citable,7,4.0329,4.0200,4.0200,median,4.0200,4.1013,3.8250,4.1425,4.1425,4.1150,4.0329,1,7,datacrunch,10000.0,1,1,1,3,1,7,Low,Shadow,2026-09-17,2026-09-23,v2.4.0,direct,,,,,,,,
CRI-T2-B300-SXM-ALL-1mo-EU,2026-09-23,T2,T2,B300,SXM,ALL,EU,1M,market_intelligence,7,7.7812,7.7249,7.7249,median,7.7249,7.8425,7.6489,7.9601,7.9601,7.8817,7.7812,1,7,datacrunch,10000.0,1,1,1,3,1,7,Low,Shadow,2026-09-17,2026-09-23,v2.4.0,direct,,,,,,,,
CRI-T2-B300-SXM-ALL-1mo-US,2026-09-23,T2,T2,B300,SXM,ALL,US,1M,market_intelligence,7,8.0000,8.0000,8.0000,median,8.0000,8.0000,8.0000,8.0000,8.0000,8.0000,8.0000,1,7,latitude,10000.0,1,1,1,3,1,7,Low,Shadow,2026-09-17,2026-09-23,v2.4.0,direct,,,,,,,,
CRI-T2-B300-SXM-ALL-3mo-ALL,2026-09-23,T2,T2,B300,SXM,ALL,ALL,3M,market_intelligence,7,7.7018,7.6460,7.6460,median,7.6460,7.7624,7.5709,7.8788,7.8788,7.8012,7.7018,1,7,datacrunch,10000.0,1,1,1,3,1,7,Low,Shadow,2026-09-17,2026-09-23,v2.4.0,direct,,,,,,,,
CRI-T2-B300-SXM-ALL-3mo-EU,2026-09-23,T2,T2,B300,SXM,ALL,EU,3M,market_intelligence,7,7.7018,7.6460,7.6460,median,7.6460,7.7624,7.5709,7.8788,7.8788,7.8012,7.7018,1,7,datacrunch,10000.0,1,1,1,3,1,7,Low,Shadow,2026-09-17,2026-09-23,v2.4.0,direct,,,,,,,,
CRI-T2-B300-SXM-ALL-3yr-ALL,2026-09-23,T2,T2,B300,SXM,ALL,ALL,3Y,market_intelligence,7,5.4900,5.4900,5.4900,median,5.4900,5.4900,5.4900,5.4900,5.4900,5.4900,5.4900,1,7,civo,10000.0,1,1,1,3,1,7,Low,Shadow,2026-09-17,2026-09-23,v2.4.0,direct,,,,,,,,
CRI-T2-B300-SXM-ALL-3yr-EU,2026-09-23,T2,T2,B300,SXM,ALL,EU,3Y,market_intelligence,7,5.4900,5.4900,5.4900,median,5.4900,5.4900,5.4900,5.4900,5.4900,5.4900,5.4900,1,7,civo,10000.0,1,1,1,3,1,7,Low,Shadow,2026-09-17,2026-09-23,v2.4.0,direct,,,,,,,,
CRI-T2-B300-SXM-ALL-6mo-ALL,2026-09-23,T2,T2,B300,SXM,ALL,ALL,6M,market_intelligence,7,7.6224,7.5672,7.5672,median,7.5672,7.6824,7.4928,7.7976,7.7976,7.7208,7.6224,1,7,datacrunch,10000.0,1,1,1,3,1,7,Low,Shadow,2026-09-17,2026-09-23,v2.4.0,direct,,,,,,,,
CRI-T2-B300-SXM-ALL-6mo-EU,2026-09-23,T2,T2,B300,SXM,ALL,EU,6M,market_intelligence,7,7.6224,7.5672,7.5672,median,7.5672,7.6824,7.4928,7.7976,7.7976,7.7208,7.6224,1,7,datacrunch,10000.0,1,1,1,3,1,7,Low,Shadow,2026-09-17,2026-09-23,v2.4.0,direct,,,,,,,,
CRI-T2-B300-SXM-GTD-1mo-EU,2026-09-23,T2,T2,B300,SXM,GTD,EU,1M,market_intelligence,7,7.7812,7.7249,7.7249,median,7.7249,7.8425,7.6489,7.9601,7.9601,7.8817,7.7812,1,7,datacrunch,10000.0,1,1,1,3,1,7,Low,Shadow,2026-09-17,2026-09-23,v2.4.0,direct,,,,,,,,
CRI-T2-B300-SXM-GTD-1mo-US,2026-09-23,T2,T2,B300,SXM,GTD,US,1M,market_intelligence,7,8.0000,8.0000,8.0000,median,8.0000,8.0000,8.0000,8.0000,8.0000,8.0000,8.0000,1,7,latitude,10000.0,1,1,1,3,1,7,Low,Shadow,2026-09-17,2026-09-23,v2.4.0,direct,,,,,,,,
CRI-T2-B300-SXM-GTD-3mo-ALL,2026-09-23,T2,T2,B300,SXM,GTD,ALL,3M,market_intelligence,7,7.7018,7.6460,7.6460,median,7.6460,7.7624,7.5709,7.8788,7.8788,7.8012,7.7018,1,7,datacrunch,10000.0,1,1,1,3,1,7,Low,Shadow,2026-09-17,2026-09-23,v2.4.0,direct,,,,,,,,
CRI-T2-B300-SXM-GTD-3mo-EU,2026-09-23,T2,T2,B300,SXM,GTD,EU,3M,market_intelligence,7,7.7018,7.6460,7.6460,median,7.6460,7.7624,7.5709,7.8788,7.8788,7.8012,7.7018,1,7,datacrunch,10000.0,1,1,1,3,1,7,Low,Shadow,2026-09-17,2026-09-23,v2.4.0,direct,,,,,,,,
CRI-T2-B300-SXM-GTD-3yr-ALL,2026-09-23,T2,T2,B300,SXM,GTD,ALL,3Y,market_intelligence,7,5.4900,5.4900,5.4900,median,5.4900,5.4900,5.4900,5.4900,5.4900,5.4900,5.4900,1,7,civo,10000.0,1,1,1,3,1,7,Low,Shadow,2026-09-17,2026-09-23,v2.4.0,direct,,,,,,,,
CRI-T2-B300-SXM-GTD-3yr-EU,2026-09-23,T2,T2,B300,SXM,GTD,EU,3Y,market_intelligence,7,5.4900,5.4900,5.4900,median,5.4900,5.4900,5.4900,5.4900,5.4900,5.4900,5.4900,1,7,civo,10000.0,1,1,1,3,1,7,Low,Shadow,2026-09-17,2026-09-23,v2.4.0,direct,,,,,,,,
CRI-T2-B300-SXM-GTD-6mo-ALL,2026-09-23,T2,T2,B300,SXM,GTD,ALL,6M,market_intelligence,7,7.6224,7.5672,7.5672,median,7.5672,7.6824,7.4928,7.7976,7.7976,7.7208,7.6224,1,7,datacrunch,10000.0,1,1,1,3,1,7,Low,Shadow,2026-09-17,2026-09-23,v2.4.0,direct,,,,,,,,
CRI-T2-B300-SXM-GTD-6mo-EU,2026-09-23,T2,T2,B300,SXM,GTD,EU,6M,market_intelligence,7,7.6224,7.5672,7.5672,median,7.5672,7.6824,7.4928,7.7976,7.7976,7.7208,7.6224,1,7,datacrunch,10000.0,1,1,1,3,1,7,Low,Shadow,2026-09-17,2026-09-23,v2.4.0,direct,,,,,,,,
CRI-T2-GB200-ALL-ALL-OD-ALL,2026-09-23,T2,T2,GB200,ALL,ALL,ALL,OnDemand,citable,7,10.5000,10.5000,10.5000,median,10.5000,10.5000,10.5000,10.5000,10.5000,10.5000,10.5000,1,14,coreweave,10000.0,1,2,1,6,1,14,Low,Shadow,2026-09-17,2026-09-23,v2.4.0,direct,,,,,,,,
CRI-T2-GB200-ALL-ALL-OD-EU,2026-09-23,T2,T2,GB200,ALL,ALL,EU,OnDemand,citable,7,10.5000,10.5000,10.5000,median,10.5000,10.5000,10.5000,10.5000,10.5000,10.5000,10.5000,1,7,coreweave,10000.0,1,1,1,3,1,7,Low,Shadow,2026-09-17,2026-09-23,v2.4.0,direct,,,,,,,,
CRI-T2-GB200-ALL-ALL-OD-US,2026-09-23,T2,T2,GB200,ALL,ALL,US,OnDemand,citable,7,10.5000,10.5000,10.5000,median,10.5000,10.5000,10.5000,10.5000,10.5000,10.5000,10.5000,1,7,coreweave,10000.0,1,1,1,3,1,7,Low,Shadow,2026-09-17,2026-09-23,v2.4.0,direct,,,,,,,,
CRI-T2-GB200-ALL-GTD-OD-ALL,2026-09-23,T2,T2,GB200,ALL,GTD,ALL,OnDemand,citable,7,10.5000,10.5000,10.5000,median,10.5000,10.5000,10.5000,10.5000,10.5000,10.5000,10.5000,1,14,coreweave,10000.0,1,2,1,6,1,14,Low,Shadow,2026-09-17,2026-09-23,v2.4.0,direct,,,,,,,,
CRI-T2-GB200-ALL-GTD-OD-EU,2026-09-23,T2,T2,GB200,ALL,GTD,EU,OnDemand,citable,7,10.5000,10.5000,10.5000,median,10.5000,10.5000,10.5000,10.5000,10.5000,10.5000,10.5000,1,7,coreweave,10000.0,1,1,1,3,1,7,Low,Shadow,2026-09-17,2026-09-23,v2.4.0,direct,,,,,,,,
CRI-T2-GB200-ALL-GTD-OD-US,2026-09-23,T2,T2,GB200,ALL,GTD,US,OnDemand,citable,7,10.5000,10.5000,10.5000,median,10.5000,10.5000,10.5000,10.5000,10.5000,10.5000,10.5000,1,7,coreweave,10000.0,1,1,1,3,1,7,Low,Shadow,2026-09-17,2026-09-23,v2.4.0,direct,,,,,,,,
CRI-T2-GB200-NVL-ALL-OD-ALL,2026-09-23,T2,T2,GB200,NVL,ALL,ALL,OnDemand,citable,7,10.5000,10.5000,10.5000,median,10.5000,10.5000,10.5000,10.5000,10.5000,10.5000,10.5000,1,14,coreweave,10000.0,1,2,1,6,1,14,Low,Shadow,2026-09-17,2026-09-23,v2.4.0,direct,,,,,,,,
CRI-T2-GB200-NVL-ALL-OD-EU,2026-09-23,T2,T2,GB200,NVL,ALL,EU,OnDemand,citable,7,10.5000,10.5000,10.5000,median,10.5000,10.5000,10.5000,10.5000,10.5000,10.5000,10.5000,1,7,coreweave,10000.0,1,1,1,3,1,7,Low,Shadow,2026-09-17,2026-09-23,v2.4.0,direct,,,,,,,,
CRI-T2-GB200-NVL-ALL-OD-US,2026-09-23,T2,T2,GB200,NVL,ALL,US,OnDemand,citable,7,10.5000,10.5000,10.5000,median,10.5000,10.5000,10.5000,10.5000,10.5000,10.5000,10.5000,1,7,coreweave,10000.0,1,1,1,3,1,7,Low,Shadow,2026-09-17,2026-09-23,v2.4.0,direct,,,,,,,,
CRI-T2-GB200-NVL-GTD-OD-ALL,2026-09-23,T2,T2,GB200,NVL,GTD,ALL,OnDemand,citable,7,10.5000,10.5000,10.5000,median,10.5000,10.5000,10.5000,10.5000,10.5000,10.5000,10.5000,1,14,coreweave,10000.0,1,2,1,6,1,14,Low,Shadow,2026-09-17,2026-09-23,v2.4.0,direct,,,,,,,,
CRI-T2-GB200-NVL-GTD-OD-EU,2026-09-23,T2,T2,GB200,NVL,GTD,EU,OnDemand,citable,7,10.5000,10.5000,10.5000,median,10.5000,10.5000,10.5000,10.5000,10.5000,10.5000,10.5000,1,7,coreweave,10000.0,1,1,1,3,1,7,Low,Shadow,2026-09-17,2026-09-23,v2.4.0,direct,,,,,,,,
CRI-T2-GB200-NVL-GTD-OD-US,2026-09-23,T2,T2,GB200,NVL,GTD,US,OnDemand,citable,7,10.5000,10.5000,10.5000,median,10.5000,10.5000,10.5000,10.5000,10.5000,10.5000,10.5000,1,7,coreweave,10000.0,1,1,1,3,1,7,Low,Shadow,2026-09-17,2026-09-23,v2.4.0,direct,,,,,,,,
CRI-T2-GB300-ALL-ALL-1mo-ALL,2026-09-23,T2,T2,GB300,ALL,ALL,ALL,1M,market_intelligence,7,8.9481,8.8837,8.8837,median,8.8837,9.0185,8.7955,9.1532,9.1532,9.0634,8.9481,1,7,datacrunch,10000.0,1,1,1,3,1,7,Low,Shadow,2026-09-17,2026-09-23,v2.4.0,direct,,,,,,,,
CRI-T2-GB300-ALL-ALL-1mo-EU,2026-09-23,T2,T2,GB300,ALL,ALL,EU,1M,market_intelligence,7,8.9481,8.8837,8.8837,median,8.8837,9.0185,8.7955,9.1532,9.1532,9.0634,8.9481,1,7,datacrunch,10000.0,1,1,1,3,1,7,Low,Shadow,2026-09-17,2026-09-23,v2.4.0,direct,,,,,,,,
CRI-T2-GB300-ALL-ALL-1yr-ALL,2026-09-23,T2,T2,GB300,ALL,ALL,ALL,1Y,market_intelligence,7,8.4003,8.3398,8.3398,median,8.3398,8.4663,8.2570,8.5928,8.5928,8.5085,8.4003,1,7,datacrunch,10000.0,1,1,1,3,1,7,Low,Shadow,2026-09-17,2026-09-23,v2.4.0,direct,,,,,,,,
CRI-T2-GB300-ALL-ALL-1yr-EU,2026-09-23,T2,T2,GB300,ALL,ALL,EU,1Y,market_intelligence,7,8.4003,8.3398,8.3398,median,8.3398,8.4663,8.2570,8.5928,8.5928,8.5085,8.4003,1,7,datacrunch,10000.0,1,1,1,3,1,7,Low,Shadow,2026-09-17,2026-09-23,v2.4.0,direct,,,,,,,,
CRI-T2-GB300-ALL-ALL-2yr-ALL,2026-09-23,T2,T2,GB300,ALL,ALL,ALL,2Y,market_intelligence,7,6.8481,6.7988,6.7988,median,6.7988,6.9018,6.7313,7.0050,7.0050,6.9362,6.8481,1,7,datacrunch,10000.0,1,1,1,3,1,7,Low,Shadow,2026-09-17,2026-09-23,v2.4.0,direct,,,,,,,,
CRI-T2-GB300-ALL-ALL-2yr-EU,2026-09-23,T2,T2,GB300,ALL,ALL,EU,2Y,market_intelligence,7,6.8481,6.7988,6.7988,median,6.7988,6.9018,6.7313,7.0050,7.0050,6.9362,6.8481,1,7,datacrunch,10000.0,1,1,1,3,1,7,Low,Shadow,2026-09-17,2026-09-23,v2.4.0,direct,,,,,,,,
CRI-T2-GB300-ALL-ALL-3mo-ALL,2026-09-23,T2,T2,GB300,ALL,ALL,ALL,3M,market_intelligence,7,8.8568,8.7931,8.7931,median,8.7931,8.9264,8.7058,9.0598,9.0598,8.9709,8.8568,1,7,datacrunch,10000.0,1,1,1,3,1,7,Low,Shadow,2026-09-17,2026-09-23,v2.4.0,direct,,,,,,,,
CRI-T2-GB300-ALL-ALL-3mo-EU,2026-09-23,T2,T2,GB300,ALL,ALL,EU,3M,market_intelligence,7,8.8568,8.7931,8.7931,median,8.7931,8.9264,8.7058,9.0598,9.0598,8.9709,8.8568,1,7,datacrunch,10000.0,1,1,1,3,1,7,Low,Shadow,2026-09-17,2026-09-23,v2.4.0,direct,,,,,,,,
CRI-T2-GB300-ALL-ALL-6mo-ALL,2026-09-23,T2,T2,GB300,ALL,ALL,ALL,6M,market_intelligence,7,8.7655,8.7024,8.7024,median,8.7024,8.8344,8.6160,8.9664,8.9664,8.8784,8.7655,1,7,datacrunch,10000.0,1,1,1,3,1,7,Low,Shadow,2026-09-17,2026-09-23,v2.4.0,direct,,,,,,,,
CRI-T2-GB300-ALL-ALL-6mo-EU,2026-09-23,T2,T2,GB300,ALL,ALL,EU,6M,market_intelligence,7,8.7655,8.7024,8.7024,median,8.7024,8.8344,8.6160,8.9664,8.9664,8.8784,8.7655,1,7,datacrunch,10000.0,1,1,1,3,1,7,Low,Shadow,2026-09-17,2026-09-23,v2.4.0,direct,,,,,,,,
CRI-T2-GB300-ALL-ALL-OD-ALL,2026-09-23,T2,T2,GB300,ALL,ALL,ALL,OnDemand,citable,7,6.8480,6.8225,6.8225,median,4.5438,9.0650,4.4875,9.3400,7.0050,6.9363,6.8480,1,14,datacrunch,10000.0,1,2,1,6,1,14,Low,Shadow,2026-09-17,2026-09-23,v2.4.0,direct,,,,,,,,
CRI-T2-GB300-ALL-ALL-OD-EU,2026-09-23,T2,T2,GB300,ALL,ALL,EU,OnDemand,citable,7,6.8480,6.8225,6.8225,median,4.5438,9.0650,4.4875,9.3400,7.0050,6.9363,6.8480,1,14,datacrunch,10000.0,1,2,1,6,1,14,Low,Shadow,2026-09-17,2026-09-23,v2.4.0,direct,,,,,,,,
CRI-T2-GB300-ALL-GTD-1mo-ALL,2026-09-23,T2,T2,GB300,ALL,GTD,ALL,1M,market_intelligence,7,8.9481,8.8837,8.8837,median,8.8837,9.0185,8.7955,9.1532,9.1532,9.0634,8.9481,1,7,datacrunch,10000.0,1,1,1,3,1,7,Low,Shadow,2026-09-17,2026-09-23,v2.4.0,direct,,,,,,,,
CRI-T2-GB300-ALL-GTD-1mo-EU,2026-09-23,T2,T2,GB300,ALL,GTD,EU,1M,market_intelligence,7,8.9481,8.8837,8.8837,median,8.8837,9.0185,8.7955,9.1532,9.1532,9.0634,8.9481,1,7,datacrunch,10000.0,1,1,1,3,1,7,Low,Shadow,2026-09-17,2026-09-23,v2.4.0,direct,,,,,,,,
CRI-T2-GB300-ALL-GTD-1yr-ALL,2026-09-23,T2,T2,GB300,ALL,GTD,ALL,1Y,market_intelligence,7,8.4003,8.3398,8.3398,median,8.3398,8.4663,8.2570,8.5928,8.5928,8.5085,8.4003,1,7,datacrunch,10000.0,1,1,1,3,1,7,Low,Shadow,2026-09-17,2026-09-23,v2.4.0,direct,,,,,,,,
CRI-T2-GB300-ALL-GTD-1yr-EU,2026-09-23,T2,T2,GB300,ALL,GTD,EU,1Y,market_intelligence,7,8.4003,8.3398,8.3398,median,8.3398,8.4663,8.2570,8.5928,8.5928,8.5085,8.4003,1,7,datacrunch,10000.0,1,1,1,3,1,7,Low,Shadow,2026-09-17,2026-09-23,v2.4.0,direct,,,,,,,,
CRI-T2-GB300-ALL-GTD-2yr-ALL,2026-09-23,T2,T2,GB300,ALL,GTD,ALL,2Y,market_intelligence,7,6.8481,6.7988,6.7988,median,6.7988,6.9018,6.7313,7.0050,7.0050,6.9362,6.8481,1,7,datacrunch,10000.0,1,1,1,3,1,7,Low,Shadow,2026-09-17,2026-09-23,v2.4.0,direct,,,,,,,,
CRI-T2-GB300-ALL-GTD-2yr-EU,2026-09-23,T2,T2,GB300,ALL,GTD,EU,2Y,market_intelligence,7,6.8481,6.7988,6.7988,median,6.7988,6.9018,6.7313,7.0050,7.0050,6.9362,6.8481,1,7,datacrunch,10000.0,1,1,1,3,1,7,Low,Shadow,2026-09-17,2026-09-23,v2.4.0,direct,,,,,,,,
CRI-T2-GB300-ALL-GTD-3mo-ALL,2026-09-23,T2,T2,GB300,ALL,GTD,ALL,3M,market_intelligence,7,8.8568,8.7931,8.7931,median,8.7931,8.9264,8.7058,9.0598,9.0598,8.9709,8.8568,1,7,datacrunch,10000.0,1,1,1,3,1,7,Low,Shadow,2026-09-17,2026-09-23,v2.4.0,direct,,,,,,,,
CRI-T2-GB300-ALL-GTD-3mo-EU,2026-09-23,T2,T2,GB300,ALL,GTD,EU,3M,market_intelligence,7,8.8568,8.7931,8.7931,median,8.7931,8.9264,8.7058,9.0598,9.0598,8.9709,8.8568,1,7,datacrunch,10000.0,1,1,1,3,1,7,Low,Shadow,2026-09-17,2026-09-23,v2.4.0,direct,,,,,,,,
CRI-T2-GB300-ALL-GTD-6mo-ALL,2026-09-23,T2,T2,GB300,ALL,GTD,ALL,6M,market_intelligence,7,8.7655,8.7024,8.7024,median,8.7024,8.8344,8.6160,8.9664,8.9664,8.8784,8.7655,1,7,datacrunch,10000.0,1,1,1,3,1,7,Low,Shadow,2026-09-17,2026-09-23,v2.4.0,direct,,,,,,,,
CRI-T2-GB300-ALL-GTD-6mo-EU,2026-09-23,T2,T2,GB300,ALL,GTD,EU,6M,market_intelligence,7,8.7655,8.7024,8.7024,median,8.7024,8.8344,8.6160,8.9664,8.9664,8.8784,8.7655,1,7,datacrunch,10000.0,1,1,1,3,1,7,Low,Shadow,2026-09-17,2026-09-23,v2.4.0,direct,,,,,,,,
CRI-T2-GB300-ALL-GTD-OD-ALL,2026-09-23,T2,T2,GB300,ALL,GTD,ALL,OnDemand,citable,7,9.1307,9.0650,9.0650,median,9.0650,9.2025,8.9750,9.3400,9.3400,9.2483,9.1307,1,7,datacrunch,10000.0,1,1,1,3,1,7,Low,Shadow,2026-09-17,2026-09-23,v2.4.0,direct,,,,,,,,
CRI-T2-GB300-ALL-GTD-OD-EU,2026-09-23,T2,T2,GB300,ALL,GTD,EU,OnDemand,citable,7,9.1307,9.0650,9.0650,median,9.0650,9.2025,8.9750,9.3400,9.3400,9.2483,9.1307,1,7,datacrunch,10000.0,1,1,1,3,1,7,Low,Shadow,2026-09-17,2026-09-23,v2.4.0,direct,,,,,,,,
CRI-T2-GB300-ALL-INT-OD-ALL,2026-09-23,T2,T2,GB300,ALL,INT,ALL,OnDemand,citable,7,4.5654,4.5325,4.5325,median,4.5325,4.6013,4.4875,4.6700,4.6700,4.6242,4.5654,1,7,datacrunch,10000.0,1,1,1,3,1,7,Low,Shadow,2026-09-17,2026-09-23,v2.4.0,direct,,,,,,,,
CRI-T2-GB300-ALL-INT-OD-EU,2026-09-23,T2,T2,GB300,ALL,INT,EU,OnDemand,citable,7,4.5654,4.5325,4.5325,median,4.5325,4.6013,4.4875,4.6700,4.6700,4.6242,4.5654,1,7,datacrunch,10000.0,1,1,1,3,1,7,Low,Shadow,2026-09-17,2026-09-23,v2.4.0,direct,,,,,,,,
CRI-T2-GB300-SXM-ALL-1mo-ALL,2026-09-23,T2,T2,GB300,SXM,ALL,ALL,1M,market_intelligence,7,8.9481,8.8837,8.8837,median,8.8837,9.0185,8.7955,9.1532,9.1532,9.0634,8.9481,1,7,datacrunch,10000.0,1,1,1,3,1,7,Low,Shadow,2026-09-17,2026-09-23,v2.4.0,direct,,,,,,,,
CRI-T2-GB300-SXM-ALL-1mo-EU,2026-09-23,T2,T2,GB300,SXM,ALL,EU,1M,market_intelligence,7,8.9481,8.8837,8.8837,median,8.8837,9.0185,8.7955,9.1532,9.1532,9.0634,8.9481,1,7,datacrunch,10000.0,1,1,1,3,1,7,Low,Shadow,2026-09-17,2026-09-23,v2.4.0,direct,,,,,,,,
CRI-T2-GB300-SXM-ALL-1yr-ALL,2026-09-23,T2,T2,GB300,SXM,ALL,ALL,1Y,market_intelligence,7,8.4003,8.3398,8.3398,median,8.3398,8.4663,8.2570,8.5928,8.5928,8.5085,8.4003,1,7,datacrunch,10000.0,1,1,1,3,1,7,Low,Shadow,2026-09-17,2026-09-23,v2.4.0,direct,,,,,,,,
CRI-T2-GB300-SXM-ALL-1yr-EU,2026-09-23,T2,T2,GB300,SXM,ALL,EU,1Y,market_intelligence,7,8.4003,8.3398,8.3398,median,8.3398,8.4663,8.2570,8.5928,8.5928,8.5085,8.4003,1,7,datacrunch,10000.0,1,1,1,3,1,7,Low,Shadow,2026-09-17,2026-09-23,v2.4.0,direct,,,,,,,,
CRI-T2-GB300-SXM-ALL-2yr-ALL,2026-09-23,T2,T2,GB300,SXM,ALL,ALL,2Y,market_intelligence,7,6.8481,6.7988,6.7988,median,6.7988,6.9018,6.7313,7.0050,7.0050,6.9362,6.8481,1,7,datacrunch,10000.0,1,1,1,3,1,7,Low,Shadow,2026-09-17,2026-09-23,v2.4.0,direct,,,,,,,,
CRI-T2-GB300-SXM-ALL-2yr-EU,2026-09-23,T2,T2,GB300,SXM,ALL,EU,2Y,market_intelligence,7,6.8481,6.7988,6.7988,median,6.7988,6.9018,6.7313,7.0050,7.0050,6.9362,6.8481,1,7,datacrunch,10000.0,1,1,1,3,1,7,Low,Shadow,2026-09-17,2026-09-23,v2.4.0,direct,,,,,,,,
CRI-T2-GB300-SXM-ALL-3mo-ALL,2026-09-23,T2,T2,GB300,SXM,ALL,ALL,3M,market_intelligence,7,8.8568,8.7931,8.7931,median,8.7931,8.9264,8.7058,9.0598,9.0598,8.9709,8.8568,1,7,datacrunch,10000.0,1,1,1,3,1,7,Low,Shadow,2026-09-17,2026-09-23,v2.4.0,direct,,,,,,,,
CRI-T2-GB300-SXM-ALL-3mo-EU,2026-09-23,T2,T2,GB300,SXM,ALL,EU,3M,market_intelligence,7,8.8568,8.7931,8.7931,median,8.7931,8.9264,8.7058,9.0598,9.0598,8.9709,8.8568,1,7,datacrunch,10000.0,1,1,1,3,1,7,Low,Shadow,2026-09-17,2026-09-23,v2.4.0,direct,,,,,,,,
CRI-T2-GB300-SXM-ALL-6mo-ALL,2026-09-23,T2,T2,GB300,SXM,ALL,ALL,6M,market_intelligence,7,8.7655,8.7024,8.7024,median,8.7024,8.8344,8.6160,8.9664,8.9664,8.8784,8.7655,1,7,datacrunch,10000.0,1,1,1,3,1,7,Low,Shadow,2026-09-17,2026-09-23,v2.4.0,direct,,,,,,,,
CRI-T2-GB300-SXM-ALL-6mo-EU,2026-09-23,T2,T2,GB300,SXM,ALL,EU,6M,market_intelligence,7,8.7655,8.7024,8.7024,median,8.7024,8.8344,8.6160,8.9664,8.9664,8.8784,8.7655,1,7,datacrunch,10000.0,1,1,1,3,1,7,Low,Shadow,2026-09-17,2026-09-23,v2.4.0,direct,,,,,,,,
CRI-T2-GB300-SXM-ALL-OD-ALL,2026-09-23,T2,T2,GB300,SXM,ALL,ALL,OnDemand,citable,7,6.8480,6.8225,6.8225,median,4.5438,9.0650,4.4875,9.3400,7.0050,6.9363,6.8480,1,14,datacrunch,10000.0,1,2,1,6,1,14,Low,Shadow,2026-09-17,2026-09-23,v2.4.0,direct,,,,,,,,
CRI-T2-GB300-SXM-ALL-OD-EU,2026-09-23,T2,T2,GB300,SXM,ALL,EU,OnDemand,citable,7,6.8480,6.8225,6.8225,median,4.5438,9.0650,4.4875,9.3400,7.0050,6.9363,6.8480,1,14,datacrunch,10000.0,1,2,1,6,1,14,Low,Shadow,2026-09-17,2026-09-23,v2.4.0,direct,,,,,,,,
CRI-T2-GB300-SXM-GTD-1mo-ALL,2026-09-23,T2,T2,GB300,SXM,GTD,ALL,1M,market_intelligence,7,8.9481,8.8837,8.8837,median,8.8837,9.0185,8.7955,9.1532,9.1532,9.0634,8.9481,1,7,datacrunch,10000.0,1,1,1,3,1,7,Low,Shadow,2026-09-17,2026-09-23,v2.4.0,direct,,,,,,,,
CRI-T2-GB300-SXM-GTD-1mo-EU,2026-09-23,T2,T2,GB300,SXM,GTD,EU,1M,market_intelligence,7,8.9481,8.8837,8.8837,median,8.8837,9.0185,8.7955,9.1532,9.1532,9.0634,8.9481,1,7,datacrunch,10000.0,1,1,1,3,1,7,Low,Shadow,2026-09-17,2026-09-23,v2.4.0,direct,,,,,,,,
CRI-T2-GB300-SXM-GTD-1yr-ALL,2026-09-23,T2,T2,GB300,SXM,GTD,ALL,1Y,market_intelligence,7,8.4003,8.3398,8.3398,median,8.3398,8.4663,8.2570,8.5928,8.5928,8.5085,8.4003,1,7,datacrunch,10000.0,1,1,1,3,1,7,Low,Shadow,2026-09-17,2026-09-23,v2.4.0,direct,,,,,,,,
CRI-T2-GB300-SXM-GTD-1yr-EU,2026-09-23,T2,T2,GB300,SXM,GTD,EU,1Y,market_intelligence,7,8.4003,8.3398,8.3398,median,8.3398,8.4663,8.2570,8.5928,8.5928,8.5085,8.4003,1,7,datacrunch,10000.0,1,1,1,3,1,7,Low,Shadow,2026-09-17,2026-09-23,v2.4.0,direct,,,,,,,,
CRI-T2-GB300-SXM-GTD-2yr-ALL,2026-09-23,T2,T2,GB300,SXM,GTD,ALL,2Y,market_intelligence,7,6.8481,6.7988,6.7988,median,6.7988,6.9018,6.7313,7.0050,7.0050,6.9362,6.8481,1,7,datacrunch,10000.0,1,1,1,3,1,7,Low,Shadow,2026-09-17,2026-09-23,v2.4.0,direct,,,,,,,,
CRI-T2-GB300-SXM-GTD-2yr-EU,2026-09-23,T2,T2,GB300,SXM,GTD,EU,2Y,market_intelligence,7,6.8481,6.7988,6.7988,median,6.7988,6.9018,6.7313,7.0050,7.0050,6.9362,6.8481,1,7,datacrunch,10000.0,1,1,1,3,1,7,Low,Shadow,2026-09-17,2026-09-23,v2.4.0,direct,,,,,,,,
CRI-T2-GB300-SXM-GTD-3mo-ALL,2026-09-23,T2,T2,GB300,SXM,GTD,ALL,3M,market_intelligence,7,8.8568,8.7931,8.7931,median,8.7931,8.9264,8.7058,9.0598,9.0598,8.9709,8.8568,1,7,datacrunch,10000.0,1,1,1,3,1,7,Low,Shadow,2026-09-17,2026-09-23,v2.4.0,direct,,,,,,,,
CRI-T2-GB300-SXM-GTD-3mo-EU,2026-09-23,T2,T2,GB300,SXM,GTD,EU,3M,market_intelligence,7,8.8568,8.7931,8.7931,median,8.7931,8.9264,8.7058,9.0598,9.0598,8.9709,8.8568,1,7,datacrunch,10000.0,1,1,1,3,1,7,Low,Shadow,2026-09-17,2026-09-23,v2.4.0,direct,,,,,,,,
CRI-T2-GB300-SXM-GTD-6mo-ALL,2026-09-23,T2,T2,GB300,SXM,GTD,ALL,6M,market_intelligence,7,8.7655,8.7024,8.7024,median,8.7024,8.8344,8.6160,8.9664,8.9664,8.8784,8.7655,1,7,datacrunch,10000.0,1,1,1,3,1,7,Low,Shadow,2026-09-17,2026-09-23,v2.4.0,direct,,,,,,,,
CRI-T2-GB300-SXM-GTD-6mo-EU,2026-09-23,T2,T2,GB300,SXM,GTD,EU,6M,market_intelligence,7,8.7655,8.7024,8.7024,median,8.7024,8.8344,8.6160,8.9664,8.9664,8.8784,8.7655,1,7,datacrunch,10000.0,1,1,1,3,1,7,Low,Shadow,2026-09-17,2026-09-23,v2.4.0,direct,,,,,,,,
CRI-T2-GB300-SXM-GTD-OD-ALL,2026-09-23,T2,T2,GB300,SXM,GTD,ALL,OnDemand,citable,7,9.1307,9.0650,9.0650,median,9.0650,9.2025,8.9750,9.3400,9.3400,9.2483,9.1307,1,7,datacrunch,10000.0,1,1,1,3,1,7,Low,Shadow,2026-09-17,2026-09-23,v2.4.0,direct,,,,,,,,
CRI-T2-GB300-SXM-GTD-OD-EU,2026-09-23,T2,T2,GB300,SXM,GTD,EU,OnDemand,citable,7,9.1307,9.0650,9.0650,median,9.0650,9.2025,8.9750,9.3400,9.3400,9.2483,9.1307,1,7,datacrunch,10000.0,1,1,1,3,1,7,Low,Shadow,2026-09-17,2026-09-23,v2.4.0,direct,,,,,,,,
CRI-T2-GB300-SXM-INT-OD-ALL,2026-09-23,T2,T2,GB300,SXM,INT,ALL,OnDemand,citable,7,4.5654,4.5325,4.5325,median,4.5325,4.6013,4.4875,4.6700,4.6700,4.6242,4.5654,1,7,datacrunch,10000.0,1,1,1,3,1,7,Low,Shadow,2026-09-17,2026-09-23,v2.4.0,direct,,,,,,,,
CRI-T2-GB300-SXM-INT-OD-EU,2026-09-23,T2,T2,GB300,SXM,INT,EU,OnDemand,citable,7,4.5654,4.5325,4.5325,median,4.5325,4.6013,4.4875,4.6700,4.6700,4.6242,4.5654,1,7,datacrunch,10000.0,1,1,1,3,1,7,Low,Shadow,2026-09-17,2026-09-23,v2.4.0,direct,,,,,,,,
CRI-T2-GH200-ALL-ALL-OD-EU,2026-09-23,T2,T2,GH200,ALL,ALL,EU,OnDemand,citable,7,6.5000,6.5000,6.5000,median,6.5000,6.5000,6.5000,6.5000,6.5000,6.5000,6.5000,1,7,coreweave,10000.0,1,1,1,3,1,7,Low,Shadow,2026-09-17,2026-09-23,v2.4.0,direct,,,,,,,,
CRI-T2-GH200-ALL-GTD-OD-EU,2026-09-23,T2,T2,GH200,ALL,GTD,EU,OnDemand,citable,7,6.5000,6.5000,6.5000,median,6.5000,6.5000,6.5000,6.5000,6.5000,6.5000,6.5000,1,7,coreweave,10000.0,1,1,1,3,1,7,Low,Shadow,2026-09-17,2026-09-23,v2.4.0,direct,,,,,,,,
CRI-T2-GH200-ALL-INT-OD-ALL,2026-09-23,T2,T2,GH200,ALL,INT,ALL,OnDemand,citable,7,1.9900,1.9900,1.9900,median,1.9900,1.9900,1.9900,1.9900,1.9900,1.9900,1.9900,1,8,vultr,10000.0,1,1,1,3,1,8,Low,Shadow,2026-09-17,2026-09-23,v2.4.0,direct,,,,,,,,
CRI-T2-GH200-ALL-INT-OD-US,2026-09-23,T2,T2,GH200,ALL,INT,US,OnDemand,citable,7,1.9900,1.9900,1.9900,median,1.9900,1.9900,1.9900,1.9900,1.9900,1.9900,1.9900,1,8,vultr,10000.0,1,1,1,3,1,8,Low,Shadow,2026-09-17,2026-09-23,v2.4.0,direct,,,,,,,,
CRI-T2-GH200-SXM-ALL-OD-EU,2026-09-23,T2,T2,GH200,SXM,ALL,EU,OnDemand,citable,7,6.5000,6.5000,6.5000,median,6.5000,6.5000,6.5000,6.5000,6.5000,6.5000,6.5000,1,7,coreweave,10000.0,1,1,1,3,1,7,Low,Shadow,2026-09-17,2026-09-23,v2.4.0,direct,,,,,,,,
CRI-T2-GH200-SXM-GTD-OD-EU,2026-09-23,T2,T2,GH200,SXM,GTD,EU,OnDemand,citable,7,6.5000,6.5000,6.5000,median,6.5000,6.5000,6.5000,6.5000,6.5000,6.5000,6.5000,1,7,coreweave,10000.0,1,1,1,3,1,7,Low,Shadow,2026-09-17,2026-09-23,v2.4.0,direct,,,,,,,,
CRI-T2-GH200-SXM-INT-OD-ALL,2026-09-23,T2,T2,GH200,SXM,INT,ALL,OnDemand,citable,7,1.9900,1.9900,1.9900,median,1.9900,1.9900,1.9900,1.9900,1.9900,1.9900,1.9900,1,8,vultr,10000.0,1,1,1,3,1,8,Low,Shadow,2026-09-17,2026-09-23,v2.4.0,direct,,,,,,,,
CRI-T2-GH200-SXM-INT-OD-US,2026-09-23,T2,T2,GH200,SXM,INT,US,OnDemand,citable,7,1.9900,1.9900,1.9900,median,1.9900,1.9900,1.9900,1.9900,1.9900,1.9900,1.9900,1,8,vultr,10000.0,1,1,1,3,1,8,Low,Shadow,2026-09-17,2026-09-23,v2.4.0,direct,,,,,,,,
CRI-T2-H100-ALL-ALL-1mo-EU,2026-09-23,T2,T2,H100,ALL,ALL,EU,1M,market_intelligence,7,3.2906,3.2806,3.2806,median,3.2806,3.3063,3.2316,3.3479,3.3479,3.3202,3.2906,1,7,datacrunch,10000.0,1,1,1,3,1,7,Low,Shadow,2026-09-17,2026-09-23,v2.4.0,direct,,,,,,,,
CRI-T2-H100-ALL-ALL-3yr-EU,2026-09-23,T2,T2,H100,ALL,ALL,EU,3Y,market_intelligence,7,2.3400,2.4900,2.4900,median,2.1150,2.4900,1.9900,2.4900,2.2400,2.2400,2.3400,1,10,civo,10000.0,1,2,1,6,1,10,Low,Shadow,2026-09-17,2026-09-23,v2.4.0,direct,,,,,,,,
CRI-T2-H100-ALL-ALL-3yr-US,2026-09-23,T2,T2,H100,ALL,ALL,US,3Y,market_intelligence,7,2.2400,2.2400,2.2400,median,2.2400,2.2400,2.2400,2.2400,2.2400,2.2400,2.2400,1,7,paperspace,10000.0,1,1,1,3,1,7,Low,Shadow,2026-09-17,2026-09-23,v2.4.0,direct,,,,,,,,
CRI-T2-H100-ALL-ALL-6mo-US,2026-09-23,T2,T2,H100,ALL,ALL,US,6M,market_intelligence,7,3.1900,3.1900,3.1900,median,3.1900,3.1900,3.1900,3.1900,3.1900,3.1900,3.1900,1,7,together,10000.0,1,1,1,3,1,7,Low,Shadow,2026-09-17,2026-09-23,v2.4.0,direct,,,,,,,,
CRI-T2-H100-ALL-ALL-OD-Other,2026-09-23,T2,T2,H100,ALL,ALL,Other,OnDemand,citable,7,2.8737,3.1350,3.1350,median,2.7500,2.8600,2.7500,3.5200,2.7500,2.7500,2.8737,1,8,sesterce,10000.0,1,1,1,3,1,8,Low,Shadow,2026-09-17,2026-09-23,v2.4.0,direct,,,,,,,,
CRI-T2-H100-ALL-ALL-RB-ALL,2026-09-23,T2,T2,H100,ALL,ALL,ALL,ReservedBand,market_intelligence,7,6.1600,6.1600,6.1600,median,6.1600,6.1600,6.1600,6.1600,6.1600,6.1600,6.1600,1,7,lambda,10000.0,1,1,1,3,1,7,Low,Shadow,2026-09-17,2026-09-23,v2.4.0,direct,,,,,,,,
CRI-T2-H100-ALL-ALL-RB-APAC,2026-09-23,T2,T2,H100,ALL,ALL,APAC,ReservedBand,market_intelligence,7,1.6279,1.6270,1.6270,median,1.6265,1.6289,1.6260,1.6308,1.6308,1.6279,1.6279,1,3,e2e,10000.0,1,1,1,3,1,3,Low,Shadow,2026-09-17,2026-09-23,v2.4.0,direct,,,,,,,,
CRI-T2-H100-ALL-ALL-RB-US,2026-09-23,T2,T2,H100,ALL,ALL,US,ReservedBand,market_intelligence,7,6.1600,6.1600,6.1600,median,6.1600,6.1600,6.1600,6.1600,6.1600,6.1600,6.1600,1,7,lambda,10000.0,1,1,1,3,1,7,Low,Shadow,2026-09-17,2026-09-23,v2.4.0,direct,,,,,,,,
CRI-T2-H100-ALL-GTD-1mo-EU,2026-09-23,T2,T2,H100,ALL,GTD,EU,1M,market_intelligence,7,3.2906,3.2806,3.2806,median,3.2806,3.3063,3.2316,3.3479,3.3479,3.3202,3.2906,1,7,datacrunch,10000.0,1,1,1,3,1,7,Low,Shadow,2026-09-17,2026-09-23,v2.4.0,direct,,,,,,,,
CRI-T2-H100-ALL-GTD-3yr-EU,2026-09-23,T2,T2,H100,ALL,GTD,EU,3Y,market_intelligence,7,2.3400,2.4900,2.4900,median,2.1150,2.4900,1.9900,2.4900,2.2400,2.2400,2.3400,1,10,civo,10000.0,1,2,1,6,1,10,Low,Shadow,2026-09-17,2026-09-23,v2.4.0,direct,,,,,,,,
CRI-T2-H100-ALL-GTD-3yr-US,2026-09-23,T2,T2,H100,ALL,GTD,US,3Y,market_intelligence,7,2.2400,2.2400,2.2400,median,2.2400,2.2400,2.2400,2.2400,2.2400,2.2400,2.2400,1,7,paperspace,10000.0,1,1,1,3,1,7,Low,Shadow,2026-09-17,2026-09-23,v2.4.0,direct,,,,,,,,
CRI-T2-H100-ALL-GTD-6mo-US,2026-09-23,T2,T2,H100,ALL,GTD,US,6M,market_intelligence,7,3.1900,3.1900,3.1900,median,3.1900,3.1900,3.1900,3.1900,3.1900,3.1900,3.1900,1,7,together,10000.0,1,1,1,3,1,7,Low,Shadow,2026-09-17,2026-09-23,v2.4.0,direct,,,,,,,,
CRI-T2-H100-ALL-GTD-OD-Other,2026-09-23,T2,T2,H100,ALL,GTD,Other,OnDemand,citable,7,2.8737,3.1350,3.1350,median,2.7500,2.8600,2.7500,3.5200,2.7500,2.7500,2.8737,1,8,sesterce,10000.0,1,1,1,3,1,8,Low,Shadow,2026-09-17,2026-09-23,v2.4.0,direct,,,,,,,,
CRI-T2-H100-ALL-GTD-RB-ALL,2026-09-23,T2,T2,H100,ALL,GTD,ALL,ReservedBand,market_intelligence,7,6.1600,6.1600,6.1600,median,6.1600,6.1600,6.1600,6.1600,6.1600,6.1600,6.1600,1,7,lambda,10000.0,1,1,1,3,1,7,Low,Shadow,2026-09-17,2026-09-23,v2.4.0,direct,,,,,,,,
CRI-T2-H100-ALL-GTD-RB-APAC,2026-09-23,T2,T2,H100,ALL,GTD,APAC,ReservedBand,market_intelligence,7,1.6279,1.6270,1.6270,median,1.6265,1.6289,1.6260,1.6308,1.6308,1.6279,1.6279,1,3,e2e,10000.0,1,1,1,3,1,3,Low,Shadow,2026-09-17,2026-09-23,v2.4.0,direct,,,,,,,,
CRI-T2-H100-ALL-GTD-RB-US,2026-09-23,T2,T2,H100,ALL,GTD,US,ReservedBand,market_intelligence,7,6.1600,6.1600,6.1600,median,6.1600,6.1600,6.1600,6.1600,6.1600,6.1600,6.1600,1,7,lambda,10000.0,1,1,1,3,1,7,Low,Shadow,2026-09-17,2026-09-23,v2.4.0,direct,,,,,,,,
CRI-T2-H100-PCIe-ALL-1mo-ALL,2026-09-23,T2,T2,H100,PCIe,ALL,ALL,1M,market_intelligence,7,1.6849,1.6849,1.6849,median,1.6849,1.6849,1.6849,1.6849,1.6849,1.6849,1.6849,1,7,latitude,10000.0,1,1,1,3,1,7,Low,Shadow,2026-09-17,2026-09-23,v2.4.0,direct,,,,,,,,
CRI-T2-H100-PCIe-ALL-1mo-US,2026-09-23,T2,T2,H100,PCIe,ALL,US,1M,market_intelligence,7,1.6849,1.6849,1.6849,median,1.6849,1.6849,1.6849,1.6849,1.6849,1.6849,1.6849,1,7,latitude,10000.0,1,1,1,3,1,7,Low,Shadow,2026-09-17,2026-09-23,v2.4.0,direct,,,,,,,,
CRI-T2-H100-PCIe-ALL-1yr-EU,2026-09-23,T2,T2,H100,PCIe,ALL,EU,1Y,market_intelligence,7,2.1900,2.1900,2.1900,median,2.1900,2.1900,2.1900,2.1900,2.1900,2.1900,2.1900,1,3,civo,10000.0,1,1,1,3,1,3,Low,Shadow,2026-09-17,2026-09-23,v2.4.0,direct,,,,,,,,
CRI-T2-H100-PCIe-ALL-1yr-US,2026-09-23,T2,T2,H100,PCIe,ALL,US,1Y,market_intelligence,7,1.1795,1.1795,1.1795,median,1.1795,1.1795,1.1795,1.1795,1.1795,1.1795,1.1795,1,7,latitude,10000.0,1,1,1,3,1,7,Low,Shadow,2026-09-17,2026-09-23,v2.4.0,direct,,,,,,,,
CRI-T2-H100-PCIe-ALL-2yr-ALL,2026-09-23,T2,T2,H100,PCIe,ALL,ALL,2Y,market_intelligence,7,2.0900,2.0900,2.0900,median,2.0900,2.0900,2.0900,2.0900,2.0900,2.0900,2.0900,1,3,civo,10000.0,1,1,1,3,1,3,Low,Shadow,2026-09-17,2026-09-23,v2.4.0,direct,,,,,,,,
CRI-T2-H100-PCIe-ALL-2yr-EU,2026-09-23,T2,T2,H100,PCIe,ALL,EU,2Y,market_intelligence,7,2.0900,2.0900,2.0900,median,2.0900,2.0900,2.0900,2.0900,2.0900,2.0900,2.0900,1,3,civo,10000.0,1,1,1,3,1,3,Low,Shadow,2026-09-17,2026-09-23,v2.4.0,direct,,,,,,,,
CRI-T2-H100-PCIe-ALL-3yr-ALL,2026-09-23,T2,T2,H100,PCIe,ALL,ALL,3Y,market_intelligence,7,1.9900,1.9900,1.9900,median,1.9900,1.9900,1.9900,1.9900,1.9900,1.9900,1.9900,1,3,civo,10000.0,1,1,1,3,1,3,Low,Shadow,2026-09-17,2026-09-23,v2.4.0,direct,,,,,,,,
CRI-T2-H100-PCIe-ALL-3yr-EU,2026-09-23,T2,T2,H100,PCIe,ALL,EU,3Y,market_intelligence,7,1.9900,1.9900,1.9900,median,1.9900,1.9900,1.9900,1.9900,1.9900,1.9900,1.9900,1,3,civo,10000.0,1,1,1,3,1,3,Low,Shadow,2026-09-17,2026-09-23,v2.4.0,direct,,,,,,,,
CRI-T2-H100-PCIe-GTD-1mo-ALL,2026-09-23,T2,T2,H100,PCIe,GTD,ALL,1M,market_intelligence,7,1.6849,1.6849,1.6849,median,1.6849,1.6849,1.6849,1.6849,1.6849,1.6849,1.6849,1,7,latitude,10000.0,1,1,1,3,1,7,Low,Shadow,2026-09-17,2026-09-23,v2.4.0,direct,,,,,,,,
CRI-T2-H100-PCIe-GTD-1mo-US,2026-09-23,T2,T2,H100,PCIe,GTD,US,1M,market_intelligence,7,1.6849,1.6849,1.6849,median,1.6849,1.6849,1.6849,1.6849,1.6849,1.6849,1.6849,1,7,latitude,10000.0,1,1,1,3,1,7,Low,Shadow,2026-09-17,2026-09-23,v2.4.0,direct,,,,,,,,
CRI-T2-H100-PCIe-GTD-1yr-EU,2026-09-23,T2,T2,H100,PCIe,GTD,EU,1Y,market_intelligence,7,2.1900,2.1900,2.1900,median,2.1900,2.1900,2.1900,2.1900,2.1900,2.1900,2.1900,1,3,civo,10000.0,1,1,1,3,1,3,Low,Shadow,2026-09-17,2026-09-23,v2.4.0,direct,,,,,,,,
CRI-T2-H100-PCIe-GTD-1yr-US,2026-09-23,T2,T2,H100,PCIe,GTD,US,1Y,market_intelligence,7,1.1795,1.1795,1.1795,median,1.1795,1.1795,1.1795,1.1795,1.1795,1.1795,1.1795,1,7,latitude,10000.0,1,1,1,3,1,7,Low,Shadow,2026-09-17,2026-09-23,v2.4.0,direct,,,,,,,,
CRI-T2-H100-PCIe-GTD-2yr-ALL,2026-09-23,T2,T2,H100,PCIe,GTD,ALL,2Y,market_intelligence,7,2.0900,2.0900,2.0900,median,2.0900,2.0900,2.0900,2.0900,2.0900,2.0900,2.0900,1,3,civo,10000.0,1,1,1,3,1,3,Low,Shadow,2026-09-17,2026-09-23,v2.4.0,direct,,,,,,,,
CRI-T2-H100-PCIe-GTD-2yr-EU,2026-09-23,T2,T2,H100,PCIe,GTD,EU,2Y,market_intelligence,7,2.0900,2.0900,2.0900,median,2.0900,2.0900,2.0900,2.0900,2.0900,2.0900,2.0900,1,3,civo,10000.0,1,1,1,3,1,3,Low,Shadow,2026-09-17,2026-09-23,v2.4.0,direct,,,,,,,,
CRI-T2-H100-PCIe-GTD-3yr-ALL,2026-09-23,T2,T2,H100,PCIe,GTD,ALL,3Y,market_intelligence,7,1.9900,1.9900,1.9900,median,1.9900,1.9900,1.9900,1.9900,1.9900,1.9900,1.9900,1,3,civo,10000.0,1,1,1,3,1,3,Low,Shadow,2026-09-17,2026-09-23,v2.4.0,direct,,,,,,,,
CRI-T2-H100-PCIe-GTD-3yr-EU,2026-09-23,T2,T2,H100,PCIe,GTD,EU,3Y,market_intelligence,7,1.9900,1.9900,1.9900,median,1.9900,1.9900,1.9900,1.9900,1.9900,1.9900,1.9900,1,3,civo,10000.0,1,1,1,3,1,3,Low,Shadow,2026-09-17,2026-09-23,v2.4.0,direct,,,,,,,,
CRI-T2-H100-PCIe-INT-OD-ALL,2026-09-23,T2,T2,H100,PCIe,INT,ALL,OnDemand,citable,7,2.0000,2.0000,2.0000,median,2.0000,2.0000,2.0000,2.0000,2.0000,2.0000,2.0000,1,7,hyperstack,10000.0,1,1,1,3,1,7,Low,Shadow,2026-09-17,2026-09-23,v2.4.0,direct,,,,,,,,
CRI-T2-H100-PCIe-INT-OD-EU,2026-09-23,T2,T2,H100,PCIe,INT,EU,OnDemand,citable,7,2.0000,2.0000,2.0000,median,2.0000,2.0000,2.0000,2.0000,2.0000,2.0000,2.0000,1,7,hyperstack,10000.0,1,1,1,3,1,7,Low,Shadow,2026-09-17,2026-09-23,v2.4.0,direct,,,,,,,,
CRI-T2-H100-SXM-ALL-1mo-EU,2026-09-23,T2,T2,H100,SXM,ALL,EU,1M,market_intelligence,7,3.2906,3.2806,3.2806,median,3.2806,3.3063,3.2316,3.3479,3.3479,3.3202,3.2906,1,7,datacrunch,10000.0,1,1,1,3,1,7,Low,Shadow,2026-09-17,2026-09-23,v2.4.0,direct,,,,,,,,
CRI-T2-H100-SXM-ALL-3yr-EU,2026-09-23,T2,T2,H100,SXM,ALL,EU,3Y,market_intelligence,7,2.4900,2.4900,2.4900,median,2.4900,2.4900,2.4900,2.4900,2.4900,2.4900,2.4900,1,7,civo,10000.0,1,1,1,3,1,7,Low,Shadow,2026-09-17,2026-09-23,v2.4.0,direct,,,,,,,,
CRI-T2-H100-SXM-ALL-3yr-US,2026-09-23,T2,T2,H100,SXM,ALL,US,3Y,market_intelligence,7,2.2400,2.2400,2.2400,median,2.2400,2.2400,2.2400,2.2400,2.2400,2.2400,2.2400,1,7,paperspace,10000.0,1,1,1,3,1,7,Low,Shadow,2026-09-17,2026-09-23,v2.4.0,direct,,,,,,,,
CRI-T2-H100-SXM-ALL-6mo-US,2026-09-23,T2,T2,H100,SXM,ALL,US,6M,market_intelligence,7,3.1900,3.1900,3.1900,median,3.1900,3.1900,3.1900,3.1900,3.1900,3.1900,3.1900,1,7,together,10000.0,1,1,1,3,1,7,Low,Shadow,2026-09-17,2026-09-23,v2.4.0,direct,,,,,,,,
CRI-T2-H100-SXM-ALL-RB-ALL,2026-09-23,T2,T2,H100,SXM,ALL,ALL,ReservedBand,market_intelligence,7,6.1600,6.1600,6.1600,median,6.1600,6.1600,6.1600,6.1600,6.1600,6.1600,6.1600,1,7,lambda,10000.0,1,1,1,3,1,7,Low,Shadow,2026-09-17,2026-09-23,v2.4.0,direct,,,,,,,,
CRI-T2-H100-SXM-ALL-RB-US,2026-09-23,T2,T2,H100,SXM,ALL,US,ReservedBand,market_intelligence,7,6.1600,6.1600,6.1600,median,6.1600,6.1600,6.1600,6.1600,6.1600,6.1600,6.1600,1,7,lambda,10000.0,1,1,1,3,1,7,Low,Shadow,2026-09-17,2026-09-23,v2.4.0,direct,,,,,,,,
CRI-T2-H100-SXM-GTD-1mo-EU,2026-09-23,T2,T2,H100,SXM,GTD,EU,1M,market_intelligence,7,3.2906,3.2806,3.2806,median,3.2806,3.3063,3.2316,3.3479,3.3479,3.3202,3.2906,1,7,datacrunch,10000.0,1,1,1,3,1,7,Low,Shadow,2026-09-17,2026-09-23,v2.4.0,direct,,,,,,,,
CRI-T2-H100-SXM-GTD-3yr-EU,2026-09-23,T2,T2,H100,SXM,GTD,EU,3Y,market_intelligence,7,2.4900,2.4900,2.4900,median,2.4900,2.4900,2.4900,2.4900,2.4900,2.4900,2.4900,1,7,civo,10000.0,1,1,1,3,1,7,Low,Shadow,2026-09-17,2026-09-23,v2.4.0,direct,,,,,,,,
CRI-T2-H100-SXM-GTD-3yr-US,2026-09-23,T2,T2,H100,SXM,GTD,US,3Y,market_intelligence,7,2.2400,2.2400,2.2400,median,2.2400,2.2400,2.2400,2.2400,2.2400,2.2400,2.2400,1,7,paperspace,10000.0,1,1,1,3,1,7,Low,Shadow,2026-09-17,2026-09-23,v2.4.0,direct,,,,,,,,
CRI-T2-H100-SXM-GTD-6mo-US,2026-09-23,T2,T2,H100,SXM,GTD,US,6M,market_intelligence,7,3.1900,3.1900,3.1900,median,3.1900,3.1900,3.1900,3.1900,3.1900,3.1900,3.1900,1,7,together,10000.0,1,1,1,3,1,7,Low,Shadow,2026-09-17,2026-09-23,v2.4.0,direct,,,,,,,,
CRI-T2-H100-SXM-GTD-RB-ALL,2026-09-23,T2,T2,H100,SXM,GTD,ALL,ReservedBand,market_intelligence,7,6.1600,6.1600,6.1600,median,6.1600,6.1600,6.1600,6.1600,6.1600,6.1600,6.1600,1,7,lambda,10000.0,1,1,1,3,1,7,Low,Shadow,2026-09-17,2026-09-23,v2.4.0,direct,,,,,,,,
CRI-T2-H100-SXM-GTD-RB-US,2026-09-23,T2,T2,H100,SXM,GTD,US,ReservedBand,market_intelligence,7,6.1600,6.1600,6.1600,median,6.1600,6.1600,6.1600,6.1600,6.1600,6.1600,6.1600,1,7,lambda,10000.0,1,1,1,3,1,7,Low,Shadow,2026-09-17,2026-09-23,v2.4.0,direct,,,,,,,,
CRI-T2-H200-ALL-ALL-1mo-EU,2026-09-23,T2,T2,H200,ALL,ALL,EU,1M,market_intelligence,7,4.3136,4.2826,4.2826,median,4.2826,4.3469,4.2410,4.4125,4.4125,4.3688,4.3136,1,7,datacrunch,10000.0,1,1,1,3,1,7,Low,Shadow,2026-09-17,2026-09-23,v2.4.0,direct,,,,,,,,
CRI-T2-H200-ALL-ALL-2yr-APAC,2026-09-23,T2,T2,H200,ALL,ALL,APAC,2Y,market_intelligence,7,3.1200,3.1200,3.1200,median,3.1200,3.1200,3.1200,3.1200,,,3.1200,1,4,e2e,10000.0,,,,,1,4,Low,Shadow,2026-09-17,2026-09-23,v2.4.0,direct,,,,,,,,
CRI-T2-H200-ALL-ALL-3yr-ALL,2026-09-23,T2,T2,H200,ALL,ALL,ALL,3Y,market_intelligence,7,2.9900,2.9900,2.9900,median,2.9900,2.9900,2.9900,2.9900,2.9900,2.9900,2.9900,1,7,civo,10000.0,1,1,1,3,1,7,Low,Shadow,2026-09-17,2026-09-23,v2.4.0,direct,,,,,,,,
CRI-T2-H200-ALL-ALL-3yr-EU,2026-09-23,T2,T2,H200,ALL,ALL,EU,3Y,market_intelligence,7,2.9900,2.9900,2.9900,median,2.9900,2.9900,2.9900,2.9900,2.9900,2.9900,2.9900,1,7,civo,10000.0,1,1,1,3,1,7,Low,Shadow,2026-09-17,2026-09-23,v2.4.0,direct,,,,,,,,
CRI-T2-H200-ALL-ALL-6mo-US,2026-09-23,T2,T2,H200,ALL,ALL,US,6M,market_intelligence,7,3.9900,3.9900,3.9900,median,3.9900,3.9900,3.9900,3.9900,3.9900,3.9900,3.9900,1,7,together,10000.0,1,1,1,3,1,7,Low,Shadow,2026-09-17,2026-09-23,v2.4.0,direct,,,,,,,,
CRI-T2-H200-ALL-ALL-RB-APAC,2026-09-23,T2,T2,H200,ALL,ALL,APAC,ReservedBand,market_intelligence,7,1.9757,1.9745,1.9745,median,1.9739,1.9768,1.9734,1.9792,1.9792,1.9757,1.9757,1,3,e2e,10000.0,1,1,1,3,1,3,Low,Shadow,2026-09-17,2026-09-23,v2.4.0,direct,,,,,,,,
CRI-T2-H200-ALL-GTD-1mo-EU,2026-09-23,T2,T2,H200,ALL,GTD,EU,1M,market_intelligence,7,4.3136,4.2826,4.2826,median,4.2826,4.3469,4.2410,4.4125,4.4125,4.3688,4.3136,1,7,datacrunch,10000.0,1,1,1,3,1,7,Low,Shadow,2026-09-17,2026-09-23,v2.4.0,direct,,,,,,,,
CRI-T2-H200-ALL-GTD-2yr-APAC,2026-09-23,T2,T2,H200,ALL,GTD,APAC,2Y,market_intelligence,7,3.1200,3.1200,3.1200,median,3.1200,3.1200,3.1200,3.1200,,,3.1200,1,4,e2e,10000.0,,,,,1,4,Low,Shadow,2026-09-17,2026-09-23,v2.4.0,direct,,,,,,,,
CRI-T2-H200-ALL-GTD-3yr-ALL,2026-09-23,T2,T2,H200,ALL,GTD,ALL,3Y,market_intelligence,7,2.9900,2.9900,2.9900,median,2.9900,2.9900,2.9900,2.9900,2.9900,2.9900,2.9900,1,7,civo,10000.0,1,1,1,3,1,7,Low,Shadow,2026-09-17,2026-09-23,v2.4.0,direct,,,,,,,,
CRI-T2-H200-ALL-GTD-3yr-EU,2026-09-23,T2,T2,H200,ALL,GTD,EU,3Y,market_intelligence,7,2.9900,2.9900,2.9900,median,2.9900,2.9900,2.9900,2.9900,2.9900,2.9900,2.9900,1,7,civo,10000.0,1,1,1,3,1,7,Low,Shadow,2026-09-17,2026-09-23,v2.4.0,direct,,,,,,,,
CRI-T2-H200-ALL-GTD-6mo-US,2026-09-23,T2,T2,H200,ALL,GTD,US,6M,market_intelligence,7,3.9900,3.9900,3.9900,median,3.9900,3.9900,3.9900,3.9900,3.9900,3.9900,3.9900,1,7,together,10000.0,1,1,1,3,1,7,Low,Shadow,2026-09-17,2026-09-23,v2.4.0,direct,,,,,,,,
CRI-T2-H200-ALL-GTD-RB-APAC,2026-09-23,T2,T2,H200,ALL,GTD,APAC,ReservedBand,market_intelligence,7,1.9757,1.9745,1.9745,median,1.9739,1.9768,1.9734,1.9792,1.9792,1.9757,1.9757,1,3,e2e,10000.0,1,1,1,3,1,3,Low,Shadow,2026-09-17,2026-09-23,v2.4.0,direct,,,,,,,,
CRI-T2-H200-NVL-ALL-ALL-OD-ALL,2026-09-23,T2,T2,H200,ALL,ALL,ALL,OnDemand,citable,7,3.2607,3.2607,3.2607,median,3.2607,3.2607,3.2607,3.2607,3.2607,3.2607,3.2607,1,7,ionos,10000.0,1,1,1,3,1,7,Low,Shadow,2026-09-17,2026-09-23,v2.4.0,direct,,,,,,,,
CRI-T2-H200-NVL-ALL-ALL-OD-US,2026-09-23,T2,T2,H200,ALL,ALL,US,OnDemand,citable,7,3.2607,3.2607,3.2607,median,3.2607,3.2607,3.2607,3.2607,3.2607,3.2607,3.2607,1,7,ionos,10000.0,1,1,1,3,1,7,Low,Shadow,2026-09-17,2026-09-23,v2.4.0,direct,,,,,,,,
CRI-T2-H200-NVL-ALL-GTD-OD-ALL,2026-09-23,T2,T2,H200,ALL,GTD,ALL,OnDemand,citable,7,3.2607,3.2607,3.2607,median,3.2607,3.2607,3.2607,3.2607,3.2607,3.2607,3.2607,1,7,ionos,10000.0,1,1,1,3,1,7,Low,Shadow,2026-09-17,2026-09-23,v2.4.0,direct,,,,,,,,
CRI-T2-H200-NVL-ALL-GTD-OD-US,2026-09-23,T2,T2,H200,ALL,GTD,US,OnDemand,citable,7,3.2607,3.2607,3.2607,median,3.2607,3.2607,3.2607,3.2607,3.2607,3.2607,3.2607,1,7,ionos,10000.0,1,1,1,3,1,7,Low,Shadow,2026-09-17,2026-09-23,v2.4.0,direct,,,,,,,,
CRI-T2-H200-NVL-PCIe-ALL-OD-ALL,2026-09-23,T2,T2,H200,PCIe,ALL,ALL,OnDemand,citable,7,3.2607,3.2607,3.2607,median,3.2607,3.2607,3.2607,3.2607,3.2607,3.2607,3.2607,1,7,ionos,10000.0,1,1,1,3,1,7,Low,Shadow,2026-09-17,2026-09-23,v2.4.0,direct,,,,,,,,
CRI-T2-H200-NVL-PCIe-ALL-OD-US,2026-09-23,T2,T2,H200,PCIe,ALL,US,OnDemand,citable,7,3.2607,3.2607,3.2607,median,3.2607,3.2607,3.2607,3.2607,3.2607,3.2607,3.2607,1,7,ionos,10000.0,1,1,1,3,1,7,Low,Shadow,2026-09-17,2026-09-23,v2.4.0,direct,,,,,,,,
CRI-T2-H200-NVL-PCIe-GTD-OD-ALL,2026-09-23,T2,T2,H200,PCIe,GTD,ALL,OnDemand,citable,7,3.2607,3.2607,3.2607,median,3.2607,3.2607,3.2607,3.2607,3.2607,3.2607,3.2607,1,7,ionos,10000.0,1,1,1,3,1,7,Low,Shadow,2026-09-17,2026-09-23,v2.4.0,direct,,,,,,,,
CRI-T2-H200-NVL-PCIe-GTD-OD-US,2026-09-23,T2,T2,H200,PCIe,GTD,US,OnDemand,citable,7,3.2607,3.2607,3.2607,median,3.2607,3.2607,3.2607,3.2607,3.2607,3.2607,3.2607,1,7,ionos,10000.0,1,1,1,3,1,7,Low,Shadow,2026-09-17,2026-09-23,v2.4.0,direct,,,,,,,,
CRI-T2-H200-SXM-ALL-1mo-EU,2026-09-23,T2,T2,H200,SXM,ALL,EU,1M,market_intelligence,7,4.3136,4.2826,4.2826,median,4.2826,4.3469,4.2410,4.4125,4.4125,4.3688,4.3136,1,7,datacrunch,10000.0,1,1,1,3,1,7,Low,Shadow,2026-09-17,2026-09-23,v2.4.0,direct,,,,,,,,
CRI-T2-H200-SXM-ALL-3yr-ALL,2026-09-23,T2,T2,H200,SXM,ALL,ALL,3Y,market_intelligence,7,2.9900,2.9900,2.9900,median,2.9900,2.9900,2.9900,2.9900,2.9900,2.9900,2.9900,1,7,civo,10000.0,1,1,1,3,1,7,Low,Shadow,2026-09-17,2026-09-23,v2.4.0,direct,,,,,,,,
CRI-T2-H200-SXM-ALL-3yr-EU,2026-09-23,T2,T2,H200,SXM,ALL,EU,3Y,market_intelligence,7,2.9900,2.9900,2.9900,median,2.9900,2.9900,2.9900,2.9900,2.9900,2.9900,2.9900,1,7,civo,10000.0,1,1,1,3,1,7,Low,Shadow,2026-09-17,2026-09-23,v2.4.0,direct,,,,,,,,
CRI-T2-H200-SXM-ALL-6mo-US,2026-09-23,T2,T2,H200,SXM,ALL,US,6M,market_intelligence,7,3.9900,3.9900,3.9900,median,3.9900,3.9900,3.9900,3.9900,3.9900,3.9900,3.9900,1,7,together,10000.0,1,1,1,3,1,7,Low,Shadow,2026-09-17,2026-09-23,v2.4.0,direct,,,,,,,,
CRI-T2-H200-SXM-GTD-1mo-EU,2026-09-23,T2,T2,H200,SXM,GTD,EU,1M,market_intelligence,7,4.3136,4.2826,4.2826,median,4.2826,4.3469,4.2410,4.4125,4.4125,4.3688,4.3136,1,7,datacrunch,10000.0,1,1,1,3,1,7,Low,Shadow,2026-09-17,2026-09-23,v2.4.0,direct,,,,,,,,
CRI-T2-H200-SXM-GTD-3yr-ALL,2026-09-23,T2,T2,H200,SXM,GTD,ALL,3Y,market_intelligence,7,2.9900,2.9900,2.9900,median,2.9900,2.9900,2.9900,2.9900,2.9900,2.9900,2.9900,1,7,civo,10000.0,1,1,1,3,1,7,Low,Shadow,2026-09-17,2026-09-23,v2.4.0,direct,,,,,,,,
CRI-T2-H200-SXM-GTD-3yr-EU,2026-09-23,T2,T2,H200,SXM,GTD,EU,3Y,market_intelligence,7,2.9900,2.9900,2.9900,median,2.9900,2.9900,2.9900,2.9900,2.9900,2.9900,2.9900,1,7,civo,10000.0,1,1,1,3,1,7,Low,Shadow,2026-09-17,2026-09-23,v2.4.0,direct,,,,,,,,
CRI-T2-H200-SXM-GTD-6mo-US,2026-09-23,T2,T2,H200,SXM,GTD,US,6M,market_intelligence,7,3.9900,3.9900,3.9900,median,3.9900,3.9900,3.9900,3.9900,3.9900,3.9900,3.9900,1,7,together,10000.0,1,1,1,3,1,7,Low,Shadow,2026-09-17,2026-09-23,v2.4.0,direct,,,,,,,,
CRI-T2-L4-ALL-ALL-3yr-APAC,2026-09-23,T2,T2,L4,ALL,ALL,APAC,3Y,market_intelligence,7,0.5868,0.5868,0.5868,median,0.5868,0.5868,0.5868,0.5868,0.5868,0.5868,0.5868,1,7,neysa,10000.0,1,1,1,3,1,7,Low,Shadow,2026-09-17,2026-09-23,v2.4.0,direct,,,,,,,,
CRI-T2-L4-ALL-ALL-OD-ALL,2026-09-23,T2,T2,L4,ALL,ALL,ALL,OnDemand,citable,7,0.9392,0.9738,0.9738,median,0.9025,0.9426,0.9025,1.0450,0.9383,0.9387,0.9392,2,28,scaleway|sesterce,5000.0,2,4,2,12,2,28,Medium,Shadow,2026-09-17,2026-09-23,v2.4.0,direct,,,,,,,,
CRI-T2-L4-ALL-GTD-3yr-APAC,2026-09-23,T2,T2,L4,ALL,GTD,APAC,3Y,market_intelligence,7,0.5868,0.5868,0.5868,median,0.5868,0.5868,0.5868,0.5868,0.5868,0.5868,0.5868,1,7,neysa,10000.0,1,1,1,3,1,7,Low,Shadow,2026-09-17,2026-09-23,v2.4.0,direct,,,,,,,,
CRI-T2-L4-ALL-GTD-OD-ALL,2026-09-23,T2,T2,L4,ALL,GTD,ALL,OnDemand,citable,7,0.9392,0.9738,0.9738,median,0.9025,0.9426,0.9025,1.0450,0.9383,0.9387,0.9392,2,28,scaleway|sesterce,5000.0,2,4,2,12,2,28,Medium,Shadow,2026-09-17,2026-09-23,v2.4.0,direct,,,,,,,,
CRI-T2-L4-ALL-INT-OD-APAC,2026-09-23,T2,T2,L4,ALL,INT,APAC,OnDemand,citable,7,0.2900,0.2900,0.2900,median,0.2900,0.2900,0.2900,0.2900,0.2900,0.2900,0.2900,1,7,jarvislabs,10000.0,1,1,1,3,1,7,Low,Shadow,2026-09-17,2026-09-23,v2.4.0,direct,,,,,,,,
CRI-T2-L4-PCIe-ALL-OD-ALL,2026-09-23,T2,T2,L4,PCIe,ALL,ALL,OnDemand,citable,7,0.9392,0.9738,0.9738,median,0.9025,0.9426,0.9025,1.0450,0.9383,0.9387,0.9392,2,28,scaleway|sesterce,5000.0,2,4,2,12,2,28,Medium,Shadow,2026-09-17,2026-09-23,v2.4.0,direct,,,,,,,,
CRI-T2-L4-PCIe-GTD-OD-ALL,2026-09-23,T2,T2,L4,PCIe,GTD,ALL,OnDemand,citable,7,0.9392,0.9738,0.9738,median,0.9025,0.9426,0.9025,1.0450,0.9383,0.9387,0.9392,2,28,scaleway|sesterce,5000.0,2,4,2,12,2,28,Medium,Shadow,2026-09-17,2026-09-23,v2.4.0,direct,,,,,,,,
CRI-T2-L40-ALL-ALL-6mo-ALL,2026-09-23,T2,T2,L40,ALL,ALL,ALL,6M,market_intelligence,7,0.7000,0.7000,0.7000,median,0.7000,0.7000,0.7000,0.7000,0.7000,0.7000,0.7000,1,7,hyperstack,10000.0,1,1,1,3,1,7,Low,Shadow,2026-09-17,2026-09-23,v2.4.0,direct,,,,,,,,
CRI-T2-L40-ALL-ALL-6mo-EU,2026-09-23,T2,T2,L40,ALL,ALL,EU,6M,market_intelligence,7,0.7000,0.7000,0.7000,median,0.7000,0.7000,0.7000,0.7000,0.7000,0.7000,0.7000,1,7,hyperstack,10000.0,1,1,1,3,1,7,Low,Shadow,2026-09-17,2026-09-23,v2.4.0,direct,,,,,,,,
CRI-T2-L40-ALL-ALL-OD-Other,2026-09-23,T2,T2,L40,ALL,ALL,Other,OnDemand,citable,7,1.1000,1.1000,1.1000,median,1.1000,1.1000,1.1000,1.1000,1.1000,1.1000,1.1000,1,7,sesterce,10000.0,1,1,1,3,1,7,Low,Shadow,2026-09-17,2026-09-23,v2.4.0,direct,,,,,,,,
CRI-T2-L40-ALL-GTD-6mo-ALL,2026-09-23,T2,T2,L40,ALL,GTD,ALL,6M,market_intelligence,7,0.7000,0.7000,0.7000,median,0.7000,0.7000,0.7000,0.7000,0.7000,0.7000,0.7000,1,7,hyperstack,10000.0,1,1,1,3,1,7,Low,Shadow,2026-09-17,2026-09-23,v2.4.0,direct,,,,,,,,
CRI-T2-L40-ALL-GTD-6mo-EU,2026-09-23,T2,T2,L40,ALL,GTD,EU,6M,market_intelligence,7,0.7000,0.7000,0.7000,median,0.7000,0.7000,0.7000,0.7000,0.7000,0.7000,0.7000,1,7,hyperstack,10000.0,1,1,1,3,1,7,Low,Shadow,2026-09-17,2026-09-23,v2.4.0,direct,,,,,,,,
CRI-T2-L40-ALL-GTD-OD-Other,2026-09-23,T2,T2,L40,ALL,GTD,Other,OnDemand,citable,7,1.1000,1.1000,1.1000,median,1.1000,1.1000,1.1000,1.1000,1.1000,1.1000,1.1000,1,7,sesterce,10000.0,1,1,1,3,1,7,Low,Shadow,2026-09-17,2026-09-23,v2.4.0,direct,,,,,,,,
CRI-T2-L40-ALL-INT-OD-ALL,2026-09-23,T2,T2,L40,ALL,INT,ALL,OnDemand,citable,7,0.7919,0.7919,0.7919,median,0.7838,0.8000,0.7838,0.8000,0.7919,0.7919,0.7919,2,14,coreweave|hyperstack,5000.0,2,2,2,6,2,14,Medium,Shadow,2026-09-17,2026-09-23,v2.4.0,direct,,,,,,,,
CRI-T2-L40-ALL-INT-OD-EU,2026-09-23,T2,T2,L40,ALL,INT,EU,OnDemand,citable,7,0.8000,0.8000,0.8000,median,0.8000,0.8000,0.8000,0.8000,0.8000,0.8000,0.8000,1,7,hyperstack,10000.0,1,1,1,3,1,7,Low,Shadow,2026-09-17,2026-09-23,v2.4.0,direct,,,,,,,,
CRI-T2-L40-ALL-INT-OD-US,2026-09-23,T2,T2,L40,ALL,INT,US,OnDemand,citable,7,0.7838,0.7838,0.7838,median,0.7838,0.7838,0.7838,0.7838,0.7838,0.7838,0.7838,1,7,coreweave,10000.0,1,1,1,3,1,7,Low,Shadow,2026-09-17,2026-09-23,v2.4.0,direct,,,,,,,,
CRI-T2-L40-PCIe-ALL-6mo-ALL,2026-09-23,T2,T2,L40,PCIe,ALL,ALL,6M,market_intelligence,7,0.7000,0.7000,0.7000,median,0.7000,0.7000,0.7000,0.7000,0.7000,0.7000,0.7000,1,7,hyperstack,10000.0,1,1,1,3,1,7,Low,Shadow,2026-09-17,2026-09-23,v2.4.0,direct,,,,,,,,
CRI-T2-L40-PCIe-ALL-6mo-EU,2026-09-23,T2,T2,L40,PCIe,ALL,EU,6M,market_intelligence,7,0.7000,0.7000,0.7000,median,0.7000,0.7000,0.7000,0.7000,0.7000,0.7000,0.7000,1,7,hyperstack,10000.0,1,1,1,3,1,7,Low,Shadow,2026-09-17,2026-09-23,v2.4.0,direct,,,,,,,,
CRI-T2-L40-PCIe-GTD-6mo-ALL,2026-09-23,T2,T2,L40,PCIe,GTD,ALL,6M,market_intelligence,7,0.7000,0.7000,0.7000,median,0.7000,0.7000,0.7000,0.7000,0.7000,0.7000,0.7000,1,7,hyperstack,10000.0,1,1,1,3,1,7,Low,Shadow,2026-09-17,2026-09-23,v2.4.0,direct,,,,,,,,
CRI-T2-L40-PCIe-GTD-6mo-EU,2026-09-23,T2,T2,L40,PCIe,GTD,EU,6M,market_intelligence,7,0.7000,0.7000,0.7000,median,0.7000,0.7000,0.7000,0.7000,0.7000,0.7000,0.7000,1,7,hyperstack,10000.0,1,1,1,3,1,7,Low,Shadow,2026-09-17,2026-09-23,v2.4.0,direct,,,,,,,,
CRI-T2-L40-PCIe-INT-OD-ALL,2026-09-23,T2,T2,L40,PCIe,INT,ALL,OnDemand,citable,7,0.7919,0.7919,0.7919,median,0.7838,0.8000,0.7838,0.8000,0.7919,0.7919,0.7919,2,14,coreweave|hyperstack,5000.0,2,2,2,6,2,14,Medium,Shadow,2026-09-17,2026-09-23,v2.4.0,direct,,,,,,,,
CRI-T2-L40-PCIe-INT-OD-EU,2026-09-23,T2,T2,L40,PCIe,INT,EU,OnDemand,citable,7,0.8000,0.8000,0.8000,median,0.8000,0.8000,0.8000,0.8000,0.8000,0.8000,0.8000,1,7,hyperstack,10000.0,1,1,1,3,1,7,Low,Shadow,2026-09-17,2026-09-23,v2.4.0,direct,,,,,,,,
CRI-T2-L40-PCIe-INT-OD-US,2026-09-23,T2,T2,L40,PCIe,INT,US,OnDemand,citable,7,0.7838,0.7838,0.7838,median,0.7838,0.7838,0.7838,0.7838,0.7838,0.7838,0.7838,1,7,coreweave,10000.0,1,1,1,3,1,7,Low,Shadow,2026-09-17,2026-09-23,v2.4.0,direct,,,,,,,,
CRI-T2-L40S-ALL-ALL-1mo-EU,2026-09-23,T2,T2,L40S,ALL,ALL,EU,1M,market_intelligence,7,1.4342,1.4235,1.4235,median,1.4235,1.4455,1.4100,1.4676,1.4676,1.4529,1.4342,1,7,datacrunch,10000.0,1,1,1,3,1,7,Low,Shadow,2026-09-17,2026-09-23,v2.4.0,direct,,,,,,,,
CRI-T2-L40S-ALL-ALL-1mo-US,2026-09-23,T2,T2,L40S,ALL,ALL,US,1M,market_intelligence,7,0.5700,0.5700,0.5700,median,0.5700,0.5700,0.5700,0.5700,0.5700,0.5700,0.5700,1,7,cloudrift,10000.0,1,1,1,3,1,7,Low,Shadow,2026-09-17,2026-09-23,v2.4.0,direct,,,,,,,,
CRI-T2-L40S-ALL-ALL-2yr-APAC,2026-09-23,T2,T2,L40S,ALL,ALL,APAC,2Y,market_intelligence,7,1.5141,1.5132,1.5132,median,1.5128,1.5150,1.5123,1.5168,1.5168,1.5141,1.5141,1,3,shakti_cloud,10000.0,1,1,1,3,1,3,Low,Shadow,2026-09-17,2026-09-23,v2.4.0,direct,,,,,,,,
CRI-T2-L40S-ALL-ALL-3mo-EU,2026-09-23,T2,T2,L40S,ALL,ALL,EU,3M,market_intelligence,7,1.4195,1.4089,1.4089,median,1.4089,1.4307,1.3956,1.4526,1.4526,1.4380,1.4195,1,7,datacrunch,10000.0,1,1,1,3,1,7,Low,Shadow,2026-09-17,2026-09-23,v2.4.0,direct,,,,,,,,
CRI-T2-L40S-ALL-ALL-3mo-US,2026-09-23,T2,T2,L40S,ALL,ALL,US,3M,market_intelligence,7,0.5400,0.5400,0.5400,median,0.5400,0.5400,0.5400,0.5400,0.5400,0.5400,0.5400,1,7,cloudrift,10000.0,1,1,1,3,1,7,Low,Shadow,2026-09-17,2026-09-23,v2.4.0,direct,,,,,,,,
CRI-T2-L40S-ALL-ALL-3yr-ALL,2026-09-23,T2,T2,L40S,ALL,ALL,ALL,3Y,market_intelligence,7,0.8900,0.8900,0.8900,median,0.8900,0.8900,0.8900,0.8900,0.8900,0.8900,0.8900,1,7,civo,10000.0,1,1,1,3,1,7,Low,Shadow,2026-09-17,2026-09-23,v2.4.0,direct,,,,,,,,
CRI-T2-L40S-ALL-ALL-3yr-APAC,2026-09-23,T2,T2,L40S,ALL,ALL,APAC,3Y,market_intelligence,7,0.9056,0.9780,0.9780,median,0.7971,0.9780,0.7368,0.9780,0.8574,0.8574,0.9056,1,10,neysa,10000.0,1,2,1,6,1,10,Low,Shadow,2026-09-17,2026-09-23,v2.4.0,direct,,,,,,,,
CRI-T2-L40S-ALL-ALL-3yr-EU,2026-09-23,T2,T2,L40S,ALL,ALL,EU,3Y,market_intelligence,7,0.8900,0.8900,0.8900,median,0.8900,0.8900,0.8900,0.8900,0.8900,0.8900,0.8900,1,7,civo,10000.0,1,1,1,3,1,7,Low,Shadow,2026-09-17,2026-09-23,v2.4.0,direct,,,,,,,,
CRI-T2-L40S-ALL-GTD-1mo-EU,2026-09-23,T2,T2,L40S,ALL,GTD,EU,1M,market_intelligence,7,1.4342,1.4235,1.4235,median,1.4235,1.4455,1.4100,1.4676,1.4676,1.4529,1.4342,1,7,datacrunch,10000.0,1,1,1,3,1,7,Low,Shadow,2026-09-17,2026-09-23,v2.4.0,direct,,,,,,,,
CRI-T2-L40S-ALL-GTD-1mo-US,2026-09-23,T2,T2,L40S,ALL,GTD,US,1M,market_intelligence,7,0.5700,0.5700,0.5700,median,0.5700,0.5700,0.5700,0.5700,0.5700,0.5700,0.5700,1,7,cloudrift,10000.0,1,1,1,3,1,7,Low,Shadow,2026-09-17,2026-09-23,v2.4.0,direct,,,,,,,,
CRI-T2-L40S-ALL-GTD-2yr-APAC,2026-09-23,T2,T2,L40S,ALL,GTD,APAC,2Y,market_intelligence,7,1.5141,1.5132,1.5132,median,1.5128,1.5150,1.5123,1.5168,1.5168,1.5141,1.5141,1,3,shakti_cloud,10000.0,1,1,1,3,1,3,Low,Shadow,2026-09-17,2026-09-23,v2.4.0,direct,,,,,,,,
CRI-T2-L40S-ALL-GTD-3mo-EU,2026-09-23,T2,T2,L40S,ALL,GTD,EU,3M,market_intelligence,7,1.4195,1.4089,1.4089,median,1.4089,1.4307,1.3956,1.4526,1.4526,1.4380,1.4195,1,7,datacrunch,10000.0,1,1,1,3,1,7,Low,Shadow,2026-09-17,2026-09-23,v2.4.0,direct,,,,,,,,
CRI-T2-L40S-ALL-GTD-3mo-US,2026-09-23,T2,T2,L40S,ALL,GTD,US,3M,market_intelligence,7,0.5400,0.5400,0.5400,median,0.5400,0.5400,0.5400,0.5400,0.5400,0.5400,0.5400,1,7,cloudrift,10000.0,1,1,1,3,1,7,Low,Shadow,2026-09-17,2026-09-23,v2.4.0,direct,,,,,,,,
CRI-T2-L40S-ALL-GTD-3yr-ALL,2026-09-23,T2,T2,L40S,ALL,GTD,ALL,3Y,market_intelligence,7,0.8900,0.8900,0.8900,median,0.8900,0.8900,0.8900,0.8900,0.8900,0.8900,0.8900,1,7,civo,10000.0,1,1,1,3,1,7,Low,Shadow,2026-09-17,2026-09-23,v2.4.0,direct,,,,,,,,
CRI-T2-L40S-ALL-GTD-3yr-APAC,2026-09-23,T2,T2,L40S,ALL,GTD,APAC,3Y,market_intelligence,7,0.9056,0.9780,0.9780,median,0.7971,0.9780,0.7368,0.9780,0.8574,0.8574,0.9056,1,10,neysa,10000.0,1,2,1,6,1,10,Low,Shadow,2026-09-17,2026-09-23,v2.4.0,direct,,,,,,,,
CRI-T2-L40S-ALL-GTD-3yr-EU,2026-09-23,T2,T2,L40S,ALL,GTD,EU,3Y,market_intelligence,7,0.8900,0.8900,0.8900,median,0.8900,0.8900,0.8900,0.8900,0.8900,0.8900,0.8900,1,7,civo,10000.0,1,1,1,3,1,7,Low,Shadow,2026-09-17,2026-09-23,v2.4.0,direct,,,,,,,,
CRI-T2-L40S-PCIe-ALL-1mo-EU,2026-09-23,T2,T2,L40S,PCIe,ALL,EU,1M,market_intelligence,7,1.4342,1.4235,1.4235,median,1.4235,1.4455,1.4100,1.4676,1.4676,1.4529,1.4342,1,7,datacrunch,10000.0,1,1,1,3,1,7,Low,Shadow,2026-09-17,2026-09-23,v2.4.0,direct,,,,,,,,
CRI-T2-L40S-PCIe-ALL-1mo-US,2026-09-23,T2,T2,L40S,PCIe,ALL,US,1M,market_intelligence,7,0.5700,0.5700,0.5700,median,0.5700,0.5700,0.5700,0.5700,0.5700,0.5700,0.5700,1,7,cloudrift,10000.0,1,1,1,3,1,7,Low,Shadow,2026-09-17,2026-09-23,v2.4.0,direct,,,,,,,,
CRI-T2-L40S-PCIe-ALL-3mo-EU,2026-09-23,T2,T2,L40S,PCIe,ALL,EU,3M,market_intelligence,7,1.4195,1.4089,1.4089,median,1.4089,1.4307,1.3956,1.4526,1.4526,1.4380,1.4195,1,7,datacrunch,10000.0,1,1,1,3,1,7,Low,Shadow,2026-09-17,2026-09-23,v2.4.0,direct,,,,,,,,
CRI-T2-L40S-PCIe-ALL-3mo-US,2026-09-23,T2,T2,L40S,PCIe,ALL,US,3M,market_intelligence,7,0.5400,0.5400,0.5400,median,0.5400,0.5400,0.5400,0.5400,0.5400,0.5400,0.5400,1,7,cloudrift,10000.0,1,1,1,3,1,7,Low,Shadow,2026-09-17,2026-09-23,v2.4.0,direct,,,,,,,,
CRI-T2-L40S-PCIe-ALL-3yr-ALL,2026-09-23,T2,T2,L40S,PCIe,ALL,ALL,3Y,market_intelligence,7,0.8900,0.8900,0.8900,median,0.8900,0.8900,0.8900,0.8900,0.8900,0.8900,0.8900,1,7,civo,10000.0,1,1,1,3,1,7,Low,Shadow,2026-09-17,2026-09-23,v2.4.0,direct,,,,,,,,
CRI-T2-L40S-PCIe-ALL-3yr-EU,2026-09-23,T2,T2,L40S,PCIe,ALL,EU,3Y,market_intelligence,7,0.8900,0.8900,0.8900,median,0.8900,0.8900,0.8900,0.8900,0.8900,0.8900,0.8900,1,7,civo,10000.0,1,1,1,3,1,7,Low,Shadow,2026-09-17,2026-09-23,v2.4.0,direct,,,,,,,,
CRI-T2-L40S-PCIe-GTD-1mo-EU,2026-09-23,T2,T2,L40S,PCIe,GTD,EU,1M,market_intelligence,7,1.4342,1.4235,1.4235,median,1.4235,1.4455,1.4100,1.4676,1.4676,1.4529,1.4342,1,7,datacrunch,10000.0,1,1,1,3,1,7,Low,Shadow,2026-09-17,2026-09-23,v2.4.0,direct,,,,,,,,
CRI-T2-L40S-PCIe-GTD-1mo-US,2026-09-23,T2,T2,L40S,PCIe,GTD,US,1M,market_intelligence,7,0.5700,0.5700,0.5700,median,0.5700,0.5700,0.5700,0.5700,0.5700,0.5700,0.5700,1,7,cloudrift,10000.0,1,1,1,3,1,7,Low,Shadow,2026-09-17,2026-09-23,v2.4.0,direct,,,,,,,,
CRI-T2-L40S-PCIe-GTD-3mo-EU,2026-09-23,T2,T2,L40S,PCIe,GTD,EU,3M,market_intelligence,7,1.4195,1.4089,1.4089,median,1.4089,1.4307,1.3956,1.4526,1.4526,1.4380,1.4195,1,7,datacrunch,10000.0,1,1,1,3,1,7,Low,Shadow,2026-09-17,2026-09-23,v2.4.0,direct,,,,,,,,
CRI-T2-L40S-PCIe-GTD-3mo-US,2026-09-23,T2,T2,L40S,PCIe,GTD,US,3M,market_intelligence,7,0.5400,0.5400,0.5400,median,0.5400,0.5400,0.5400,0.5400,0.5400,0.5400,0.5400,1,7,cloudrift,10000.0,1,1,1,3,1,7,Low,Shadow,2026-09-17,2026-09-23,v2.4.0,direct,,,,,,,,
CRI-T2-L40S-PCIe-GTD-3yr-ALL,2026-09-23,T2,T2,L40S,PCIe,GTD,ALL,3Y,market_intelligence,7,0.8900,0.8900,0.8900,median,0.8900,0.8900,0.8900,0.8900,0.8900,0.8900,0.8900,1,7,civo,10000.0,1,1,1,3,1,7,Low,Shadow,2026-09-17,2026-09-23,v2.4.0,direct,,,,,,,,
CRI-T2-L40S-PCIe-GTD-3yr-EU,2026-09-23,T2,T2,L40S,PCIe,GTD,EU,3Y,market_intelligence,7,0.8900,0.8900,0.8900,median,0.8900,0.8900,0.8900,0.8900,0.8900,0.8900,0.8900,1,7,civo,10000.0,1,1,1,3,1,7,Low,Shadow,2026-09-17,2026-09-23,v2.4.0,direct,,,,,,,,
CRI-T2-MI300X-ALL-ALL-1mo-ALL,2026-09-23,T2,T2,MI300X,ALL,ALL,ALL,1M,market_intelligence,7,3.3900,3.3900,3.3900,median,3.3900,3.3900,3.3900,3.3900,3.3900,3.3900,3.3900,1,7,hot_aisle,10000.0,1,1,1,3,1,7,Low,Shadow,2026-09-17,2026-09-23,v2.4.0,direct,,,,,,,,
CRI-T2-MI300X-ALL-ALL-1mo-US,2026-09-23,T2,T2,MI300X,ALL,ALL,US,1M,market_intelligence,7,3.3900,3.3900,3.3900,median,3.3900,3.3900,3.3900,3.3900,3.3900,3.3900,3.3900,1,7,hot_aisle,10000.0,1,1,1,3,1,7,Low,Shadow,2026-09-17,2026-09-23,v2.4.0,direct,,,,,,,,
CRI-T2-MI300X-ALL-ALL-1yr-EU,2026-09-23,T2,T2,MI300X,ALL,ALL,EU,1Y,market_intelligence,7,2.2957,2.2926,2.2926,median,2.2920,2.2971,2.2920,2.3074,2.2926,2.2942,2.2957,1,7,seeweb,10000.0,1,1,1,3,1,7,Low,Shadow,2026-09-17,2026-09-23,v2.4.0,direct,,,,,,,,
CRI-T2-MI300X-ALL-ALL-1yr-US,2026-09-23,T2,T2,MI300X,ALL,ALL,US,1Y,market_intelligence,7,1.9100,1.9100,1.9100,median,1.9100,1.9100,1.9100,1.9100,1.9100,1.9100,1.9100,1,7,digitalocean,10000.0,1,1,1,3,1,7,Low,Shadow,2026-09-17,2026-09-23,v2.4.0,direct,,,,,,,,
CRI-T2-MI300X-ALL-ALL-3mo-ALL,2026-09-23,T2,T2,MI300X,ALL,ALL,ALL,3M,market_intelligence,7,2.5598,2.5562,2.5562,median,2.5556,2.5613,2.5556,2.5728,2.5562,2.5580,2.5598,1,7,seeweb,10000.0,1,1,1,3,1,7,Low,Shadow,2026-09-17,2026-09-23,v2.4.0,direct,,,,,,,,
CRI-T2-MI300X-ALL-ALL-3mo-EU,2026-09-23,T2,T2,MI300X,ALL,ALL,EU,3M,market_intelligence,7,2.5598,2.5562,2.5562,median,2.5556,2.5613,2.5556,2.5728,2.5562,2.5580,2.5598,1,7,seeweb,10000.0,1,1,1,3,1,7,Low,Shadow,2026-09-17,2026-09-23,v2.4.0,direct,,,,,,,,
CRI-T2-MI300X-ALL-ALL-6mo-ALL,2026-09-23,T2,T2,MI300X,ALL,ALL,ALL,6M,market_intelligence,7,2.4335,2.4302,2.4302,median,2.4295,2.4350,2.4295,2.4458,2.4302,2.4319,2.4335,1,7,seeweb,10000.0,1,1,1,3,1,7,Low,Shadow,2026-09-17,2026-09-23,v2.4.0,direct,,,,,,,,
CRI-T2-MI300X-ALL-ALL-6mo-EU,2026-09-23,T2,T2,MI300X,ALL,ALL,EU,6M,market_intelligence,7,2.4335,2.4302,2.4302,median,2.4295,2.4350,2.4295,2.4458,2.4302,2.4319,2.4335,1,7,seeweb,10000.0,1,1,1,3,1,7,Low,Shadow,2026-09-17,2026-09-23,v2.4.0,direct,,,,,,,,
CRI-T2-MI300X-ALL-ALL-OD-EU,2026-09-23,T2,T2,MI300X,ALL,ALL,EU,OnDemand,citable,7,2.6975,2.6938,2.6938,median,2.6931,2.6991,2.6931,2.7112,2.6938,2.6957,2.6975,1,7,seeweb,10000.0,1,1,1,3,1,7,Low,Shadow,2026-09-17,2026-09-23,v2.4.0,direct,,,,,,,,
CRI-T2-MI300X-ALL-GTD-1mo-ALL,2026-09-23,T2,T2,MI300X,ALL,GTD,ALL,1M,market_intelligence,7,3.3900,3.3900,3.3900,median,3.3900,3.3900,3.3900,3.3900,3.3900,3.3900,3.3900,1,7,hot_aisle,10000.0,1,1,1,3,1,7,Low,Shadow,2026-09-17,2026-09-23,v2.4.0,direct,,,,,,,,
CRI-T2-MI300X-ALL-GTD-1mo-US,2026-09-23,T2,T2,MI300X,ALL,GTD,US,1M,market_intelligence,7,3.3900,3.3900,3.3900,median,3.3900,3.3900,3.3900,3.3900,3.3900,3.3900,3.3900,1,7,hot_aisle,10000.0,1,1,1,3,1,7,Low,Shadow,2026-09-17,2026-09-23,v2.4.0,direct,,,,,,,,
CRI-T2-MI300X-ALL-GTD-1yr-EU,2026-09-23,T2,T2,MI300X,ALL,GTD,EU,1Y,market_intelligence,7,2.2957,2.2926,2.2926,median,2.2920,2.2971,2.2920,2.3074,2.2926,2.2942,2.2957,1,7,seeweb,10000.0,1,1,1,3,1,7,Low,Shadow,2026-09-17,2026-09-23,v2.4.0,direct,,,,,,,,
CRI-T2-MI300X-ALL-GTD-1yr-US,2026-09-23,T2,T2,MI300X,ALL,GTD,US,1Y,market_intelligence,7,1.9100,1.9100,1.9100,median,1.9100,1.9100,1.9100,1.9100,1.9100,1.9100,1.9100,1,7,digitalocean,10000.0,1,1,1,3,1,7,Low,Shadow,2026-09-17,2026-09-23,v2.4.0,direct,,,,,,,,
CRI-T2-MI300X-ALL-GTD-3mo-ALL,2026-09-23,T2,T2,MI300X,ALL,GTD,ALL,3M,market_intelligence,7,2.5598,2.5562,2.5562,median,2.5556,2.5613,2.5556,2.5728,2.5562,2.5580,2.5598,1,7,seeweb,10000.0,1,1,1,3,1,7,Low,Shadow,2026-09-17,2026-09-23,v2.4.0,direct,,,,,,,,
CRI-T2-MI300X-ALL-GTD-3mo-EU,2026-09-23,T2,T2,MI300X,ALL,GTD,EU,3M,market_intelligence,7,2.5598,2.5562,2.5562,median,2.5556,2.5613,2.5556,2.5728,2.5562,2.5580,2.5598,1,7,seeweb,10000.0,1,1,1,3,1,7,Low,Shadow,2026-09-17,2026-09-23,v2.4.0,direct,,,,,,,,
CRI-T2-MI300X-ALL-GTD-6mo-ALL,2026-09-23,T2,T2,MI300X,ALL,GTD,ALL,6M,market_intelligence,7,2.4335,2.4302,2.4302,median,2.4295,2.4350,2.4295,2.4458,2.4302,2.4319,2.4335,1,7,seeweb,10000.0,1,1,1,3,1,7,Low,Shadow,2026-09-17,2026-09-23,v2.4.0,direct,,,,,,,,
CRI-T2-MI300X-ALL-GTD-6mo-EU,2026-09-23,T2,T2,MI300X,ALL,GTD,EU,6M,market_intelligence,7,2.4335,2.4302,2.4302,median,2.4295,2.4350,2.4295,2.4458,2.4302,2.4319,2.4335,1,7,seeweb,10000.0,1,1,1,3,1,7,Low,Shadow,2026-09-17,2026-09-23,v2.4.0,direct,,,,,,,,
CRI-T2-MI300X-ALL-GTD-OD-EU,2026-09-23,T2,T2,MI300X,ALL,GTD,EU,OnDemand,citable,7,2.6975,2.6938,2.6938,median,2.6931,2.6991,2.6931,2.7112,2.6938,2.6957,2.6975,1,7,seeweb,10000.0,1,1,1,3,1,7,Low,Shadow,2026-09-17,2026-09-23,v2.4.0,direct,,,,,,,,
CRI-T2-MI300X-ALL-INT-OD-ALL,2026-09-23,T2,T2,MI300X,ALL,INT,ALL,OnDemand,citable,7,1.8500,1.8500,1.8500,median,1.8500,1.8500,1.8500,1.8500,1.8500,1.8500,1.8500,1,7,vultr,10000.0,1,1,1,3,1,7,Low,Shadow,2026-09-17,2026-09-23,v2.4.0,direct,,,,,,,,
CRI-T2-MI300X-ALL-INT-OD-US,2026-09-23,T2,T2,MI300X,ALL,INT,US,OnDemand,citable,7,1.8500,1.8500,1.8500,median,1.8500,1.8500,1.8500,1.8500,1.8500,1.8500,1.8500,1,7,vultr,10000.0,1,1,1,3,1,7,Low,Shadow,2026-09-17,2026-09-23,v2.4.0,direct,,,,,,,,
CRI-T2-MI300X-OAM-ALL-1mo-ALL,2026-09-23,T2,T2,MI300X,OAM,ALL,ALL,1M,market_intelligence,7,3.3900,3.3900,3.3900,median,3.3900,3.3900,3.3900,3.3900,3.3900,3.3900,3.3900,1,7,hot_aisle,10000.0,1,1,1,3,1,7,Low,Shadow,2026-09-17,2026-09-23,v2.4.0,direct,,,,,,,,
CRI-T2-MI300X-OAM-ALL-1mo-US,2026-09-23,T2,T2,MI300X,OAM,ALL,US,1M,market_intelligence,7,3.3900,3.3900,3.3900,median,3.3900,3.3900,3.3900,3.3900,3.3900,3.3900,3.3900,1,7,hot_aisle,10000.0,1,1,1,3,1,7,Low,Shadow,2026-09-17,2026-09-23,v2.4.0,direct,,,,,,,,
CRI-T2-MI300X-OAM-ALL-1yr-EU,2026-09-23,T2,T2,MI300X,OAM,ALL,EU,1Y,market_intelligence,7,2.2957,2.2926,2.2926,median,2.2920,2.2971,2.2920,2.3074,2.2926,2.2942,2.2957,1,7,seeweb,10000.0,1,1,1,3,1,7,Low,Shadow,2026-09-17,2026-09-23,v2.4.0,direct,,,,,,,,
CRI-T2-MI300X-OAM-ALL-1yr-US,2026-09-23,T2,T2,MI300X,OAM,ALL,US,1Y,market_intelligence,7,1.9100,1.9100,1.9100,median,1.9100,1.9100,1.9100,1.9100,1.9100,1.9100,1.9100,1,7,digitalocean,10000.0,1,1,1,3,1,7,Low,Shadow,2026-09-17,2026-09-23,v2.4.0,direct,,,,,,,,
CRI-T2-MI300X-OAM-ALL-3mo-ALL,2026-09-23,T2,T2,MI300X,OAM,ALL,ALL,3M,market_intelligence,7,2.5598,2.5562,2.5562,median,2.5556,2.5613,2.5556,2.5728,2.5562,2.5580,2.5598,1,7,seeweb,10000.0,1,1,1,3,1,7,Low,Shadow,2026-09-17,2026-09-23,v2.4.0,direct,,,,,,,,
CRI-T2-MI300X-OAM-ALL-3mo-EU,2026-09-23,T2,T2,MI300X,OAM,ALL,EU,3M,market_intelligence,7,2.5598,2.5562,2.5562,median,2.5556,2.5613,2.5556,2.5728,2.5562,2.5580,2.5598,1,7,seeweb,10000.0,1,1,1,3,1,7,Low,Shadow,2026-09-17,2026-09-23,v2.4.0,direct,,,,,,,,
CRI-T2-MI300X-OAM-ALL-6mo-ALL,2026-09-23,T2,T2,MI300X,OAM,ALL,ALL,6M,market_intelligence,7,2.4335,2.4302,2.4302,median,2.4295,2.4350,2.4295,2.4458,2.4302,2.4319,2.4335,1,7,seeweb,10000.0,1,1,1,3,1,7,Low,Shadow,2026-09-17,2026-09-23,v2.4.0,direct,,,,,,,,
CRI-T2-MI300X-OAM-ALL-6mo-EU,2026-09-23,T2,T2,MI300X,OAM,ALL,EU,6M,market_intelligence,7,2.4335,2.4302,2.4302,median,2.4295,2.4350,2.4295,2.4458,2.4302,2.4319,2.4335,1,7,seeweb,10000.0,1,1,1,3,1,7,Low,Shadow,2026-09-17,2026-09-23,v2.4.0,direct,,,,,,,,
CRI-T2-MI300X-OAM-ALL-OD-EU,2026-09-23,T2,T2,MI300X,OAM,ALL,EU,OnDemand,citable,7,2.6975,2.6938,2.6938,median,2.6931,2.6991,2.6931,2.7112,2.6938,2.6957,2.6975,1,7,seeweb,10000.0,1,1,1,3,1,7,Low,Shadow,2026-09-17,2026-09-23,v2.4.0,direct,,,,,,,,
CRI-T2-MI300X-OAM-GTD-1mo-ALL,2026-09-23,T2,T2,MI300X,OAM,GTD,ALL,1M,market_intelligence,7,3.3900,3.3900,3.3900,median,3.3900,3.3900,3.3900,3.3900,3.3900,3.3900,3.3900,1,7,hot_aisle,10000.0,1,1,1,3,1,7,Low,Shadow,2026-09-17,2026-09-23,v2.4.0,direct,,,,,,,,
CRI-T2-MI300X-OAM-GTD-1mo-US,2026-09-23,T2,T2,MI300X,OAM,GTD,US,1M,market_intelligence,7,3.3900,3.3900,3.3900,median,3.3900,3.3900,3.3900,3.3900,3.3900,3.3900,3.3900,1,7,hot_aisle,10000.0,1,1,1,3,1,7,Low,Shadow,2026-09-17,2026-09-23,v2.4.0,direct,,,,,,,,
CRI-T2-MI300X-OAM-GTD-1yr-EU,2026-09-23,T2,T2,MI300X,OAM,GTD,EU,1Y,market_intelligence,7,2.2957,2.2926,2.2926,median,2.2920,2.2971,2.2920,2.3074,2.2926,2.2942,2.2957,1,7,seeweb,10000.0,1,1,1,3,1,7,Low,Shadow,2026-09-17,2026-09-23,v2.4.0,direct,,,,,,,,
CRI-T2-MI300X-OAM-GTD-1yr-US,2026-09-23,T2,T2,MI300X,OAM,GTD,US,1Y,market_intelligence,7,1.9100,1.9100,1.9100,median,1.9100,1.9100,1.9100,1.9100,1.9100,1.9100,1.9100,1,7,digitalocean,10000.0,1,1,1,3,1,7,Low,Shadow,2026-09-17,2026-09-23,v2.4.0,direct,,,,,,,,
CRI-T2-MI300X-OAM-GTD-3mo-ALL,2026-09-23,T2,T2,MI300X,OAM,GTD,ALL,3M,market_intelligence,7,2.5598,2.5562,2.5562,median,2.5556,2.5613,2.5556,2.5728,2.5562,2.5580,2.5598,1,7,seeweb,10000.0,1,1,1,3,1,7,Low,Shadow,2026-09-17,2026-09-23,v2.4.0,direct,,,,,,,,
CRI-T2-MI300X-OAM-GTD-3mo-EU,2026-09-23,T2,T2,MI300X,OAM,GTD,EU,3M,market_intelligence,7,2.5598,2.5562,2.5562,median,2.5556,2.5613,2.5556,2.5728,2.5562,2.5580,2.5598,1,7,seeweb,10000.0,1,1,1,3,1,7,Low,Shadow,2026-09-17,2026-09-23,v2.4.0,direct,,,,,,,,
CRI-T2-MI300X-OAM-GTD-6mo-ALL,2026-09-23,T2,T2,MI300X,OAM,GTD,ALL,6M,market_intelligence,7,2.4335,2.4302,2.4302,median,2.4295,2.4350,2.4295,2.4458,2.4302,2.4319,2.4335,1,7,seeweb,10000.0,1,1,1,3,1,7,Low,Shadow,2026-09-17,2026-09-23,v2.4.0,direct,,,,,,,,
CRI-T2-MI300X-OAM-GTD-6mo-EU,2026-09-23,T2,T2,MI300X,OAM,GTD,EU,6M,market_intelligence,7,2.4335,2.4302,2.4302,median,2.4295,2.4350,2.4295,2.4458,2.4302,2.4319,2.4335,1,7,seeweb,10000.0,1,1,1,3,1,7,Low,Shadow,2026-09-17,2026-09-23,v2.4.0,direct,,,,,,,,
CRI-T2-MI300X-OAM-GTD-OD-EU,2026-09-23,T2,T2,MI300X,OAM,GTD,EU,OnDemand,citable,7,2.6975,2.6938,2.6938,median,2.6931,2.6991,2.6931,2.7112,2.6938,2.6957,2.6975,1,7,seeweb,10000.0,1,1,1,3,1,7,Low,Shadow,2026-09-17,2026-09-23,v2.4.0,direct,,,,,,,,
CRI-T2-MI300X-OAM-INT-OD-ALL,2026-09-23,T2,T2,MI300X,OAM,INT,ALL,OnDemand,citable,7,1.8500,1.8500,1.8500,median,1.8500,1.8500,1.8500,1.8500,1.8500,1.8500,1.8500,1,7,vultr,10000.0,1,1,1,3,1,7,Low,Shadow,2026-09-17,2026-09-23,v2.4.0,direct,,,,,,,,
CRI-T2-MI300X-OAM-INT-OD-US,2026-09-23,T2,T2,MI300X,OAM,INT,US,OnDemand,citable,7,1.8500,1.8500,1.8500,median,1.8500,1.8500,1.8500,1.8500,1.8500,1.8500,1.8500,1,7,vultr,10000.0,1,1,1,3,1,7,Low,Shadow,2026-09-17,2026-09-23,v2.4.0,direct,,,,,,,,
CRI-T2-MI325X-ALL-ALL-1yr-ALL,2026-09-23,T2,T2,MI325X,ALL,ALL,ALL,1Y,market_intelligence,7,2.8800,2.8800,2.8800,median,2.8800,2.8800,2.8800,2.8800,2.8800,2.8800,2.8800,1,7,digitalocean,10000.0,1,1,1,3,1,7,Low,Shadow,2026-09-17,2026-09-23,v2.4.0,direct,,,,,,,,
CRI-T2-MI325X-ALL-ALL-1yr-US,2026-09-23,T2,T2,MI325X,ALL,ALL,US,1Y,market_intelligence,7,2.8800,2.8800,2.8800,median,2.8800,2.8800,2.8800,2.8800,2.8800,2.8800,2.8800,1,7,digitalocean,10000.0,1,1,1,3,1,7,Low,Shadow,2026-09-17,2026-09-23,v2.4.0,direct,,,,,,,,
CRI-T2-MI325X-ALL-ALL-OD-ALL,2026-09-23,T2,T2,MI325X,ALL,ALL,ALL,OnDemand,citable,7,3.4717,3.5537,3.5537,median,2.0000,4.6150,2.0000,4.6150,3.4717,3.4717,3.4717,2,21,digitalocean|vultr,5000.0,2,3,2,9,2,21,Medium,Shadow,2026-09-17,2026-09-23,v2.4.0,direct,,,,,,,,
CRI-T2-MI325X-ALL-GTD-1yr-ALL,2026-09-23,T2,T2,MI325X,ALL,GTD,ALL,1Y,market_intelligence,7,2.8800,2.8800,2.8800,median,2.8800,2.8800,2.8800,2.8800,2.8800,2.8800,2.8800,1,7,digitalocean,10000.0,1,1,1,3,1,7,Low,Shadow,2026-09-17,2026-09-23,v2.4.0,direct,,,,,,,,
CRI-T2-MI325X-ALL-GTD-1yr-US,2026-09-23,T2,T2,MI325X,ALL,GTD,US,1Y,market_intelligence,7,2.8800,2.8800,2.8800,median,2.8800,2.8800,2.8800,2.8800,2.8800,2.8800,2.8800,1,7,digitalocean,10000.0,1,1,1,3,1,7,Low,Shadow,2026-09-17,2026-09-23,v2.4.0,direct,,,,,,,,
CRI-T2-MI325X-ALL-GTD-OD-ALL,2026-09-23,T2,T2,MI325X,ALL,GTD,ALL,OnDemand,citable,7,4.2075,4.2075,4.2075,median,3.8000,4.6150,3.8000,4.6150,4.2075,4.2075,4.2075,2,14,digitalocean|vultr,5000.0,2,2,2,6,2,14,Medium,Shadow,2026-09-17,2026-09-23,v2.4.0,direct,,,,,,,,
CRI-T2-MI325X-ALL-INT-OD-ALL,2026-09-23,T2,T2,MI325X,ALL,INT,ALL,OnDemand,citable,7,2.0000,2.0000,2.0000,median,2.0000,2.0000,2.0000,2.0000,2.0000,2.0000,2.0000,1,7,vultr,10000.0,1,1,1,3,1,7,Low,Shadow,2026-09-17,2026-09-23,v2.4.0,direct,,,,,,,,
CRI-T2-MI325X-ALL-INT-OD-US,2026-09-23,T2,T2,MI325X,ALL,INT,US,OnDemand,citable,7,2.0000,2.0000,2.0000,median,2.0000,2.0000,2.0000,2.0000,2.0000,2.0000,2.0000,1,7,vultr,10000.0,1,1,1,3,1,7,Low,Shadow,2026-09-17,2026-09-23,v2.4.0,direct,,,,,,,,
CRI-T2-MI325X-OAM-ALL-1yr-ALL,2026-09-23,T2,T2,MI325X,OAM,ALL,ALL,1Y,market_intelligence,7,2.8800,2.8800,2.8800,median,2.8800,2.8800,2.8800,2.8800,2.8800,2.8800,2.8800,1,7,digitalocean,10000.0,1,1,1,3,1,7,Low,Shadow,2026-09-17,2026-09-23,v2.4.0,direct,,,,,,,,
CRI-T2-MI325X-OAM-ALL-1yr-US,2026-09-23,T2,T2,MI325X,OAM,ALL,US,1Y,market_intelligence,7,2.8800,2.8800,2.8800,median,2.8800,2.8800,2.8800,2.8800,2.8800,2.8800,2.8800,1,7,digitalocean,10000.0,1,1,1,3,1,7,Low,Shadow,2026-09-17,2026-09-23,v2.4.0,direct,,,,,,,,
CRI-T2-MI325X-OAM-ALL-OD-ALL,2026-09-23,T2,T2,MI325X,OAM,ALL,ALL,OnDemand,citable,7,3.4717,3.5537,3.5537,median,2.0000,4.6150,2.0000,4.6150,3.4717,3.4717,3.4717,2,21,digitalocean|vultr,5000.0,2,3,2,9,2,21,Medium,Shadow,2026-09-17,2026-09-23,v2.4.0,direct,,,,,,,,
CRI-T2-MI325X-OAM-GTD-1yr-ALL,2026-09-23,T2,T2,MI325X,OAM,GTD,ALL,1Y,market_intelligence,7,2.8800,2.8800,2.8800,median,2.8800,2.8800,2.8800,2.8800,2.8800,2.8800,2.8800,1,7,digitalocean,10000.0,1,1,1,3,1,7,Low,Shadow,2026-09-17,2026-09-23,v2.4.0,direct,,,,,,,,
CRI-T2-MI325X-OAM-GTD-1yr-US,2026-09-23,T2,T2,MI325X,OAM,GTD,US,1Y,market_intelligence,7,2.8800,2.8800,2.8800,median,2.8800,2.8800,2.8800,2.8800,2.8800,2.8800,2.8800,1,7,digitalocean,10000.0,1,1,1,3,1,7,Low,Shadow,2026-09-17,2026-09-23,v2.4.0,direct,,,,,,,,
CRI-T2-MI325X-OAM-GTD-OD-ALL,2026-09-23,T2,T2,MI325X,OAM,GTD,ALL,OnDemand,citable,7,4.2075,4.2075,4.2075,median,3.8000,4.6150,3.8000,4.6150,4.2075,4.2075,4.2075,2,14,digitalocean|vultr,5000.0,2,2,2,6,2,14,Medium,Shadow,2026-09-17,2026-09-23,v2.4.0,direct,,,,,,,,
CRI-T2-MI325X-OAM-INT-OD-ALL,2026-09-23,T2,T2,MI325X,OAM,INT,ALL,OnDemand,citable,7,2.0000,2.0000,2.0000,median,2.0000,2.0000,2.0000,2.0000,2.0000,2.0000,2.0000,1,7,vultr,10000.0,1,1,1,3,1,7,Low,Shadow,2026-09-17,2026-09-23,v2.4.0,direct,,,,,,,,
CRI-T2-MI325X-OAM-INT-OD-US,2026-09-23,T2,T2,MI325X,OAM,INT,US,OnDemand,citable,7,2.0000,2.0000,2.0000,median,2.0000,2.0000,2.0000,2.0000,2.0000,2.0000,2.0000,1,7,vultr,10000.0,1,1,1,3,1,7,Low,Shadow,2026-09-17,2026-09-23,v2.4.0,direct,,,,,,,,
CRI-T2-MI350X-ALL-ALL-1mo-ALL,2026-09-23,T2,T2,MI350X,ALL,ALL,ALL,1M,market_intelligence,7,3.2900,3.2900,3.2900,median,3.2900,3.2900,3.2900,3.2900,3.2900,3.2900,3.2900,1,7,cloudrift,10000.0,1,1,1,3,1,7,Low,Shadow,2026-09-17,2026-09-23,v2.4.0,direct,,,,,,,,
CRI-T2-MI350X-ALL-ALL-1mo-US,2026-09-23,T2,T2,MI350X,ALL,ALL,US,1M,market_intelligence,7,3.2900,3.2900,3.2900,median,3.2900,3.2900,3.2900,3.2900,3.2900,3.2900,3.2900,1,7,cloudrift,10000.0,1,1,1,3,1,7,Low,Shadow,2026-09-17,2026-09-23,v2.4.0,direct,,,,,,,,
CRI-T2-MI350X-ALL-ALL-1yr-ALL,2026-09-23,T2,T2,MI350X,ALL,ALL,ALL,1Y,market_intelligence,7,4.7600,4.7600,4.7600,median,4.7600,4.7600,4.7600,4.7600,4.7600,4.7600,4.7600,1,7,digitalocean,10000.0,1,1,1,3,1,7,Low,Shadow,2026-09-17,2026-09-23,v2.4.0,direct,,,,,,,,
CRI-T2-MI350X-ALL-ALL-1yr-US,2026-09-23,T2,T2,MI350X,ALL,ALL,US,1Y,market_intelligence,7,4.7600,4.7600,4.7600,median,4.7600,4.7600,4.7600,4.7600,4.7600,4.7600,4.7600,1,7,digitalocean,10000.0,1,1,1,3,1,7,Low,Shadow,2026-09-17,2026-09-23,v2.4.0,direct,,,,,,,,
CRI-T2-MI350X-ALL-ALL-3mo-ALL,2026-09-23,T2,T2,MI350X,ALL,ALL,ALL,3M,market_intelligence,7,3.1000,3.1000,3.1000,median,3.1000,3.1000,3.1000,3.1000,3.1000,3.1000,3.1000,1,7,cloudrift,10000.0,1,1,1,3,1,7,Low,Shadow,2026-09-17,2026-09-23,v2.4.0,direct,,,,,,,,
CRI-T2-MI350X-ALL-ALL-3mo-US,2026-09-23,T2,T2,MI350X,ALL,ALL,US,3M,market_intelligence,7,3.1000,3.1000,3.1000,median,3.1000,3.1000,3.1000,3.1000,3.1000,3.1000,3.1000,1,7,cloudrift,10000.0,1,1,1,3,1,7,Low,Shadow,2026-09-17,2026-09-23,v2.4.0,direct,,,,,,,,
CRI-T2-MI350X-ALL-ALL-OD-ALL,2026-09-23,T2,T2,MI350X,ALL,ALL,ALL,OnDemand,citable,7,5.0086,5.0800,5.0800,median,4.0000,6.1600,3.0000,6.1600,4.5800,4.9133,5.0086,1,14,digitalocean,10000.0,1,2,1,6,1,14,Low,Shadow,2026-09-17,2026-09-23,v2.4.0,direct,,,,,,,,
CRI-T2-MI350X-ALL-ALL-OD-US,2026-09-23,T2,T2,MI350X,ALL,ALL,US,OnDemand,citable,7,5.0086,5.0800,5.0800,median,4.0000,6.1600,3.0000,6.1600,4.5800,4.9133,5.0086,1,14,digitalocean,10000.0,1,2,1,6,1,14,Low,Shadow,2026-09-17,2026-09-23,v2.4.0,direct,,,,,,,,
CRI-T2-MI350X-ALL-GTD-1mo-ALL,2026-09-23,T2,T2,MI350X,ALL,GTD,ALL,1M,market_intelligence,7,3.2900,3.2900,3.2900,median,3.2900,3.2900,3.2900,3.2900,3.2900,3.2900,3.2900,1,7,cloudrift,10000.0,1,1,1,3,1,7,Low,Shadow,2026-09-17,2026-09-23,v2.4.0,direct,,,,,,,,
CRI-T2-MI350X-ALL-GTD-1mo-US,2026-09-23,T2,T2,MI350X,ALL,GTD,US,1M,market_intelligence,7,3.2900,3.2900,3.2900,median,3.2900,3.2900,3.2900,3.2900,3.2900,3.2900,3.2900,1,7,cloudrift,10000.0,1,1,1,3,1,7,Low,Shadow,2026-09-17,2026-09-23,v2.4.0,direct,,,,,,,,
CRI-T2-MI350X-ALL-GTD-1yr-ALL,2026-09-23,T2,T2,MI350X,ALL,GTD,ALL,1Y,market_intelligence,7,4.7600,4.7600,4.7600,median,4.7600,4.7600,4.7600,4.7600,4.7600,4.7600,4.7600,1,7,digitalocean,10000.0,1,1,1,3,1,7,Low,Shadow,2026-09-17,2026-09-23,v2.4.0,direct,,,,,,,,
CRI-T2-MI350X-ALL-GTD-1yr-US,2026-09-23,T2,T2,MI350X,ALL,GTD,US,1Y,market_intelligence,7,4.7600,4.7600,4.7600,median,4.7600,4.7600,4.7600,4.7600,4.7600,4.7600,4.7600,1,7,digitalocean,10000.0,1,1,1,3,1,7,Low,Shadow,2026-09-17,2026-09-23,v2.4.0,direct,,,,,,,,
CRI-T2-MI350X-ALL-GTD-3mo-ALL,2026-09-23,T2,T2,MI350X,ALL,GTD,ALL,3M,market_intelligence,7,3.1000,3.1000,3.1000,median,3.1000,3.1000,3.1000,3.1000,3.1000,3.1000,3.1000,1,7,cloudrift,10000.0,1,1,1,3,1,7,Low,Shadow,2026-09-17,2026-09-23,v2.4.0,direct,,,,,,,,
CRI-T2-MI350X-ALL-GTD-3mo-US,2026-09-23,T2,T2,MI350X,ALL,GTD,US,3M,market_intelligence,7,3.1000,3.1000,3.1000,median,3.1000,3.1000,3.1000,3.1000,3.1000,3.1000,3.1000,1,7,cloudrift,10000.0,1,1,1,3,1,7,Low,Shadow,2026-09-17,2026-09-23,v2.4.0,direct,,,,,,,,
CRI-T2-MI350X-ALL-GTD-OD-ALL,2026-09-23,T2,T2,MI350X,ALL,GTD,ALL,OnDemand,citable,7,6.1600,6.1600,6.1600,median,6.1600,6.1600,6.1600,6.1600,6.1600,6.1600,6.1600,1,7,digitalocean,10000.0,1,1,1,3,1,7,Low,Shadow,2026-09-17,2026-09-23,v2.4.0,direct,,,,,,,,
CRI-T2-MI350X-ALL-GTD-OD-US,2026-09-23,T2,T2,MI350X,ALL,GTD,US,OnDemand,citable,7,6.1600,6.1600,6.1600,median,6.1600,6.1600,6.1600,6.1600,6.1600,6.1600,6.1600,1,7,digitalocean,10000.0,1,1,1,3,1,7,Low,Shadow,2026-09-17,2026-09-23,v2.4.0,direct,,,,,,,,
CRI-T2-MI350X-ALL-INT-OD-ALL,2026-09-23,T2,T2,MI350X,ALL,INT,ALL,OnDemand,citable,7,3.8571,4.0000,4.0000,median,4.0000,4.0000,3.0000,4.0000,3.0000,3.6667,3.8571,1,7,digitalocean,10000.0,1,1,1,3,1,7,Low,Shadow,2026-09-17,2026-09-23,v2.4.0,direct,,,,,,,,
CRI-T2-MI350X-ALL-INT-OD-US,2026-09-23,T2,T2,MI350X,ALL,INT,US,OnDemand,citable,7,3.8571,4.0000,4.0000,median,4.0000,4.0000,3.0000,4.0000,3.0000,3.6667,3.8571,1,7,digitalocean,10000.0,1,1,1,3,1,7,Low,Shadow,2026-09-17,2026-09-23,v2.4.0,direct,,,,,,,,
CRI-T2-MI350X-OAM-ALL-1mo-ALL,2026-09-23,T2,T2,MI350X,OAM,ALL,ALL,1M,market_intelligence,7,3.2900,3.2900,3.2900,median,3.2900,3.2900,3.2900,3.2900,3.2900,3.2900,3.2900,1,7,cloudrift,10000.0,1,1,1,3,1,7,Low,Shadow,2026-09-17,2026-09-23,v2.4.0,direct,,,,,,,,
CRI-T2-MI350X-OAM-ALL-1mo-US,2026-09-23,T2,T2,MI350X,OAM,ALL,US,1M,market_intelligence,7,3.2900,3.2900,3.2900,median,3.2900,3.2900,3.2900,3.2900,3.2900,3.2900,3.2900,1,7,cloudrift,10000.0,1,1,1,3,1,7,Low,Shadow,2026-09-17,2026-09-23,v2.4.0,direct,,,,,,,,
CRI-T2-MI350X-OAM-ALL-1yr-ALL,2026-09-23,T2,T2,MI350X,OAM,ALL,ALL,1Y,market_intelligence,7,4.7600,4.7600,4.7600,median,4.7600,4.7600,4.7600,4.7600,4.7600,4.7600,4.7600,1,7,digitalocean,10000.0,1,1,1,3,1,7,Low,Shadow,2026-09-17,2026-09-23,v2.4.0,direct,,,,,,,,
CRI-T2-MI350X-OAM-ALL-1yr-US,2026-09-23,T2,T2,MI350X,OAM,ALL,US,1Y,market_intelligence,7,4.7600,4.7600,4.7600,median,4.7600,4.7600,4.7600,4.7600,4.7600,4.7600,4.7600,1,7,digitalocean,10000.0,1,1,1,3,1,7,Low,Shadow,2026-09-17,2026-09-23,v2.4.0,direct,,,,,,,,
CRI-T2-MI350X-OAM-ALL-3mo-ALL,2026-09-23,T2,T2,MI350X,OAM,ALL,ALL,3M,market_intelligence,7,3.1000,3.1000,3.1000,median,3.1000,3.1000,3.1000,3.1000,3.1000,3.1000,3.1000,1,7,cloudrift,10000.0,1,1,1,3,1,7,Low,Shadow,2026-09-17,2026-09-23,v2.4.0,direct,,,,,,,,
CRI-T2-MI350X-OAM-ALL-3mo-US,2026-09-23,T2,T2,MI350X,OAM,ALL,US,3M,market_intelligence,7,3.1000,3.1000,3.1000,median,3.1000,3.1000,3.1000,3.1000,3.1000,3.1000,3.1000,1,7,cloudrift,10000.0,1,1,1,3,1,7,Low,Shadow,2026-09-17,2026-09-23,v2.4.0,direct,,,,,,,,
CRI-T2-MI350X-OAM-ALL-OD-ALL,2026-09-23,T2,T2,MI350X,OAM,ALL,ALL,OnDemand,citable,7,5.0086,5.0800,5.0800,median,4.0000,6.1600,3.0000,6.1600,4.5800,4.9133,5.0086,1,14,digitalocean,10000.0,1,2,1,6,1,14,Low,Shadow,2026-09-17,2026-09-23,v2.4.0,direct,,,,,,,,
CRI-T2-MI350X-OAM-ALL-OD-US,2026-09-23,T2,T2,MI350X,OAM,ALL,US,OnDemand,citable,7,5.0086,5.0800,5.0800,median,4.0000,6.1600,3.0000,6.1600,4.5800,4.9133,5.0086,1,14,digitalocean,10000.0,1,2,1,6,1,14,Low,Shadow,2026-09-17,2026-09-23,v2.4.0,direct,,,,,,,,
CRI-T2-MI350X-OAM-GTD-1mo-ALL,2026-09-23,T2,T2,MI350X,OAM,GTD,ALL,1M,market_intelligence,7,3.2900,3.2900,3.2900,median,3.2900,3.2900,3.2900,3.2900,3.2900,3.2900,3.2900,1,7,cloudrift,10000.0,1,1,1,3,1,7,Low,Shadow,2026-09-17,2026-09-23,v2.4.0,direct,,,,,,,,
CRI-T2-MI350X-OAM-GTD-1mo-US,2026-09-23,T2,T2,MI350X,OAM,GTD,US,1M,market_intelligence,7,3.2900,3.2900,3.2900,median,3.2900,3.2900,3.2900,3.2900,3.2900,3.2900,3.2900,1,7,cloudrift,10000.0,1,1,1,3,1,7,Low,Shadow,2026-09-17,2026-09-23,v2.4.0,direct,,,,,,,,
CRI-T2-MI350X-OAM-GTD-1yr-ALL,2026-09-23,T2,T2,MI350X,OAM,GTD,ALL,1Y,market_intelligence,7,4.7600,4.7600,4.7600,median,4.7600,4.7600,4.7600,4.7600,4.7600,4.7600,4.7600,1,7,digitalocean,10000.0,1,1,1,3,1,7,Low,Shadow,2026-09-17,2026-09-23,v2.4.0,direct,,,,,,,,
CRI-T2-MI350X-OAM-GTD-1yr-US,2026-09-23,T2,T2,MI350X,OAM,GTD,US,1Y,market_intelligence,7,4.7600,4.7600,4.7600,median,4.7600,4.7600,4.7600,4.7600,4.7600,4.7600,4.7600,1,7,digitalocean,10000.0,1,1,1,3,1,7,Low,Shadow,2026-09-17,2026-09-23,v2.4.0,direct,,,,,,,,
CRI-T2-MI350X-OAM-GTD-3mo-ALL,2026-09-23,T2,T2,MI350X,OAM,GTD,ALL,3M,market_intelligence,7,3.1000,3.1000,3.1000,median,3.1000,3.1000,3.1000,3.1000,3.1000,3.1000,3.1000,1,7,cloudrift,10000.0,1,1,1,3,1,7,Low,Shadow,2026-09-17,2026-09-23,v2.4.0,direct,,,,,,,,
CRI-T2-MI350X-OAM-GTD-3mo-US,2026-09-23,T2,T2,MI350X,OAM,GTD,US,3M,market_intelligence,7,3.1000,3.1000,3.1000,median,3.1000,3.1000,3.1000,3.1000,3.1000,3.1000,3.1000,1,7,cloudrift,10000.0,1,1,1,3,1,7,Low,Shadow,2026-09-17,2026-09-23,v2.4.0,direct,,,,,,,,
CRI-T2-MI350X-OAM-GTD-OD-ALL,2026-09-23,T2,T2,MI350X,OAM,GTD,ALL,OnDemand,citable,7,6.1600,6.1600,6.1600,median,6.1600,6.1600,6.1600,6.1600,6.1600,6.1600,6.1600,1,7,digitalocean,10000.0,1,1,1,3,1,7,Low,Shadow,2026-09-17,2026-09-23,v2.4.0,direct,,,,,,,,
CRI-T2-MI350X-OAM-GTD-OD-US,2026-09-23,T2,T2,MI350X,OAM,GTD,US,OnDemand,citable,7,6.1600,6.1600,6.1600,median,6.1600,6.1600,6.1600,6.1600,6.1600,6.1600,6.1600,1,7,digitalocean,10000.0,1,1,1,3,1,7,Low,Shadow,2026-09-17,2026-09-23,v2.4.0,direct,,,,,,,,
CRI-T2-MI350X-OAM-INT-OD-ALL,2026-09-23,T2,T2,MI350X,OAM,INT,ALL,OnDemand,citable,7,3.8571,4.0000,4.0000,median,4.0000,4.0000,3.0000,4.0000,3.0000,3.6667,3.8571,1,7,digitalocean,10000.0,1,1,1,3,1,7,Low,Shadow,2026-09-17,2026-09-23,v2.4.0,direct,,,,,,,,
CRI-T2-MI350X-OAM-INT-OD-US,2026-09-23,T2,T2,MI350X,OAM,INT,US,OnDemand,citable,7,3.8571,4.0000,4.0000,median,4.0000,4.0000,3.0000,4.0000,3.0000,3.6667,3.8571,1,7,digitalocean,10000.0,1,1,1,3,1,7,Low,Shadow,2026-09-17,2026-09-23,v2.4.0,direct,,,,,,,,
CRI-T2-MI355X-ALL-ALL-OD-ALL,2026-09-23,T2,T2,MI355X,ALL,ALL,ALL,OnDemand,citable,7,3.2267,3.5450,3.5450,median,2.5900,4.5000,2.5900,4.5000,3.2267,3.2267,3.2267,2,21,digitalocean|vultr,5000.0,2,3,2,9,2,21,Medium,Shadow,2026-09-17,2026-09-23,v2.4.0,direct,,,,,,,,
CRI-T2-MI355X-ALL-GTD-OD-ALL,2026-09-23,T2,T2,MI355X,ALL,GTD,ALL,OnDemand,citable,7,2.5900,2.5900,2.5900,median,2.5900,2.5900,2.5900,2.5900,2.5900,2.5900,2.5900,1,7,vultr,10000.0,1,1,1,3,1,7,Low,Shadow,2026-09-17,2026-09-23,v2.4.0,direct,,,,,,,,
CRI-T2-MI355X-ALL-GTD-OD-US,2026-09-23,T2,T2,MI355X,ALL,GTD,US,OnDemand,citable,7,2.5900,2.5900,2.5900,median,2.5900,2.5900,2.5900,2.5900,2.5900,2.5900,2.5900,1,7,vultr,10000.0,1,1,1,3,1,7,Low,Shadow,2026-09-17,2026-09-23,v2.4.0,direct,,,,,,,,
CRI-T2-MI355X-ALL-INT-OD-ALL,2026-09-23,T2,T2,MI355X,ALL,INT,ALL,OnDemand,citable,7,3.5450,3.5450,3.5450,median,2.5900,4.5000,2.5900,4.5000,3.5450,3.5450,3.5450,2,14,digitalocean|vultr,5000.0,2,2,2,6,2,14,Medium,Shadow,2026-09-17,2026-09-23,v2.4.0,direct,,,,,,,,
CRI-T2-MI355X-OAM-ALL-OD-ALL,2026-09-23,T2,T2,MI355X,OAM,ALL,ALL,OnDemand,citable,7,3.2267,3.5450,3.5450,median,2.5900,4.5000,2.5900,4.5000,3.2267,3.2267,3.2267,2,21,digitalocean|vultr,5000.0,2,3,2,9,2,21,Medium,Shadow,2026-09-17,2026-09-23,v2.4.0,direct,,,,,,,,
CRI-T2-MI355X-OAM-GTD-OD-ALL,2026-09-23,T2,T2,MI355X,OAM,GTD,ALL,OnDemand,citable,7,2.5900,2.5900,2.5900,median,2.5900,2.5900,2.5900,2.5900,2.5900,2.5900,2.5900,1,7,vultr,10000.0,1,1,1,3,1,7,Low,Shadow,2026-09-17,2026-09-23,v2.4.0,direct,,,,,,,,
CRI-T2-MI355X-OAM-GTD-OD-US,2026-09-23,T2,T2,MI355X,OAM,GTD,US,OnDemand,citable,7,2.5900,2.5900,2.5900,median,2.5900,2.5900,2.5900,2.5900,2.5900,2.5900,2.5900,1,7,vultr,10000.0,1,1,1,3,1,7,Low,Shadow,2026-09-17,2026-09-23,v2.4.0,direct,,,,,,,,
CRI-T2-MI355X-OAM-INT-OD-ALL,2026-09-23,T2,T2,MI355X,OAM,INT,ALL,OnDemand,citable,7,3.5450,3.5450,3.5450,median,2.5900,4.5000,2.5900,4.5000,3.5450,3.5450,3.5450,2,14,digitalocean|vultr,5000.0,2,2,2,6,2,14,Medium,Shadow,2026-09-17,2026-09-23,v2.4.0,direct,,,,,,,,
CRI-T2-RTX-6000-Ada-ALL-ALL-1mo-ALL,2026-09-23,T2,T2,RTX6000Ada,ALL,ALL,ALL,1M,market_intelligence,7,1.0856,1.0770,1.0770,median,1.0770,1.0932,1.0721,1.1094,1.1094,1.0986,1.0856,1,7,datacrunch,10000.0,1,1,1,3,1,7,Low,Shadow,2026-09-17,2026-09-23,v2.4.0,direct,,,,,,,,
CRI-T2-RTX-6000-Ada-ALL-ALL-1mo-EU,2026-09-23,T2,T2,RTX6000Ada,ALL,ALL,EU,1M,market_intelligence,7,1.0856,1.0770,1.0770,median,1.0770,1.0932,1.0721,1.1094,1.1094,1.0986,1.0856,1,7,datacrunch,10000.0,1,1,1,3,1,7,Low,Shadow,2026-09-17,2026-09-23,v2.4.0,direct,,,,,,,,
CRI-T2-RTX-6000-Ada-ALL-ALL-1yr-ALL,2026-09-23,T2,T2,RTX6000Ada,ALL,ALL,ALL,1Y,market_intelligence,7,1.0191,1.0111,1.0111,median,1.0111,1.0263,1.0065,1.0414,1.0414,1.0313,1.0191,1,7,datacrunch,10000.0,1,1,1,3,1,7,Low,Shadow,2026-09-17,2026-09-23,v2.4.0,direct,,,,,,,,
CRI-T2-RTX-6000-Ada-ALL-ALL-1yr-EU,2026-09-23,T2,T2,RTX6000Ada,ALL,ALL,EU,1Y,market_intelligence,7,1.0191,1.0111,1.0111,median,1.0111,1.0263,1.0065,1.0414,1.0414,1.0313,1.0191,1,7,datacrunch,10000.0,1,1,1,3,1,7,Low,Shadow,2026-09-17,2026-09-23,v2.4.0,direct,,,,,,,,
CRI-T2-RTX-6000-Ada-ALL-ALL-2yr-ALL,2026-09-23,T2,T2,RTX6000Ada,ALL,ALL,ALL,2Y,market_intelligence,7,0.8308,0.8243,0.8243,median,0.8243,0.8367,0.8205,0.8490,0.8490,0.8408,0.8308,1,7,datacrunch,10000.0,1,1,1,3,1,7,Low,Shadow,2026-09-17,2026-09-23,v2.4.0,direct,,,,,,,,
CRI-T2-RTX-6000-Ada-ALL-ALL-2yr-EU,2026-09-23,T2,T2,RTX6000Ada,ALL,ALL,EU,2Y,market_intelligence,7,0.8308,0.8243,0.8243,median,0.8243,0.8367,0.8205,0.8490,0.8490,0.8408,0.8308,1,7,datacrunch,10000.0,1,1,1,3,1,7,Low,Shadow,2026-09-17,2026-09-23,v2.4.0,direct,,,,,,,,
CRI-T2-RTX-6000-Ada-ALL-ALL-3mo-ALL,2026-09-23,T2,T2,RTX6000Ada,ALL,ALL,ALL,3M,market_intelligence,7,1.0745,1.0660,1.0660,median,1.0660,1.0820,1.0612,1.0980,1.0980,1.0874,1.0745,1,7,datacrunch,10000.0,1,1,1,3,1,7,Low,Shadow,2026-09-17,2026-09-23,v2.4.0,direct,,,,,,,,
CRI-T2-RTX-6000-Ada-ALL-ALL-3mo-EU,2026-09-23,T2,T2,RTX6000Ada,ALL,ALL,EU,3M,market_intelligence,7,1.0745,1.0660,1.0660,median,1.0660,1.0820,1.0612,1.0980,1.0980,1.0874,1.0745,1,7,datacrunch,10000.0,1,1,1,3,1,7,Low,Shadow,2026-09-17,2026-09-23,v2.4.0,direct,,,,,,,,
CRI-T2-RTX-6000-Ada-ALL-ALL-6mo-ALL,2026-09-23,T2,T2,RTX6000Ada,ALL,ALL,ALL,6M,market_intelligence,7,1.0634,1.0550,1.0550,median,1.0550,1.0709,1.0502,1.0867,1.0867,1.0762,1.0634,1,7,datacrunch,10000.0,1,1,1,3,1,7,Low,Shadow,2026-09-17,2026-09-23,v2.4.0,direct,,,,,,,,
CRI-T2-RTX-6000-Ada-ALL-ALL-6mo-EU,2026-09-23,T2,T2,RTX6000Ada,ALL,ALL,EU,6M,market_intelligence,7,1.0634,1.0550,1.0550,median,1.0550,1.0709,1.0502,1.0867,1.0867,1.0762,1.0634,1,7,datacrunch,10000.0,1,1,1,3,1,7,Low,Shadow,2026-09-17,2026-09-23,v2.4.0,direct,,,,,,,,
CRI-T2-RTX-6000-Ada-ALL-ALL-OD-APAC,2026-09-23,T2,T2,RTX6000Ada,ALL,ALL,APAC,OnDemand,citable,7,0.9900,0.9900,0.9900,median,0.9900,0.9900,0.9900,0.9900,0.9900,0.9900,0.9900,1,7,jarvislabs,10000.0,1,1,1,3,1,7,Low,Shadow,2026-09-17,2026-09-23,v2.4.0,direct,,,,,,,,
CRI-T2-RTX-6000-Ada-ALL-ALL-OD-US,2026-09-23,T2,T2,RTX6000Ada,ALL,ALL,US,OnDemand,citable,7,1.0670,1.0670,1.0670,median,1.0670,1.0670,1.0670,1.0670,1.0670,1.0670,1.0670,1,14,sesterce,10000.0,1,2,1,6,1,14,Low,Shadow,2026-09-17,2026-09-23,v2.4.0,direct,,,,,,,,
CRI-T2-RTX-6000-Ada-ALL-GTD-1mo-ALL,2026-09-23,T2,T2,RTX6000Ada,ALL,GTD,ALL,1M,market_intelligence,7,1.0856,1.0770,1.0770,median,1.0770,1.0932,1.0721,1.1094,1.1094,1.0986,1.0856,1,7,datacrunch,10000.0,1,1,1,3,1,7,Low,Shadow,2026-09-17,2026-09-23,v2.4.0,direct,,,,,,,,
CRI-T2-RTX-6000-Ada-ALL-GTD-1mo-EU,2026-09-23,T2,T2,RTX6000Ada,ALL,GTD,EU,1M,market_intelligence,7,1.0856,1.0770,1.0770,median,1.0770,1.0932,1.0721,1.1094,1.1094,1.0986,1.0856,1,7,datacrunch,10000.0,1,1,1,3,1,7,Low,Shadow,2026-09-17,2026-09-23,v2.4.0,direct,,,,,,,,
CRI-T2-RTX-6000-Ada-ALL-GTD-1yr-ALL,2026-09-23,T2,T2,RTX6000Ada,ALL,GTD,ALL,1Y,market_intelligence,7,1.0191,1.0111,1.0111,median,1.0111,1.0263,1.0065,1.0414,1.0414,1.0313,1.0191,1,7,datacrunch,10000.0,1,1,1,3,1,7,Low,Shadow,2026-09-17,2026-09-23,v2.4.0,direct,,,,,,,,
CRI-T2-RTX-6000-Ada-ALL-GTD-1yr-EU,2026-09-23,T2,T2,RTX6000Ada,ALL,GTD,EU,1Y,market_intelligence,7,1.0191,1.0111,1.0111,median,1.0111,1.0263,1.0065,1.0414,1.0414,1.0313,1.0191,1,7,datacrunch,10000.0,1,1,1,3,1,7,Low,Shadow,2026-09-17,2026-09-23,v2.4.0,direct,,,,,,,,
CRI-T2-RTX-6000-Ada-ALL-GTD-2yr-ALL,2026-09-23,T2,T2,RTX6000Ada,ALL,GTD,ALL,2Y,market_intelligence,7,0.8308,0.8243,0.8243,median,0.8243,0.8367,0.8205,0.8490,0.8490,0.8408,0.8308,1,7,datacrunch,10000.0,1,1,1,3,1,7,Low,Shadow,2026-09-17,2026-09-23,v2.4.0,direct,,,,,,,,
CRI-T2-RTX-6000-Ada-ALL-GTD-2yr-EU,2026-09-23,T2,T2,RTX6000Ada,ALL,GTD,EU,2Y,market_intelligence,7,0.8308,0.8243,0.8243,median,0.8243,0.8367,0.8205,0.8490,0.8490,0.8408,0.8308,1,7,datacrunch,10000.0,1,1,1,3,1,7,Low,Shadow,2026-09-17,2026-09-23,v2.4.0,direct,,,,,,,,
CRI-T2-RTX-6000-Ada-ALL-GTD-3mo-ALL,2026-09-23,T2,T2,RTX6000Ada,ALL,GTD,ALL,3M,market_intelligence,7,1.0745,1.0660,1.0660,median,1.0660,1.0820,1.0612,1.0980,1.0980,1.0874,1.0745,1,7,datacrunch,10000.0,1,1,1,3,1,7,Low,Shadow,2026-09-17,2026-09-23,v2.4.0,direct,,,,,,,,
CRI-T2-RTX-6000-Ada-ALL-GTD-3mo-EU,2026-09-23,T2,T2,RTX6000Ada,ALL,GTD,EU,3M,market_intelligence,7,1.0745,1.0660,1.0660,median,1.0660,1.0820,1.0612,1.0980,1.0980,1.0874,1.0745,1,7,datacrunch,10000.0,1,1,1,3,1,7,Low,Shadow,2026-09-17,2026-09-23,v2.4.0,direct,,,,,,,,
CRI-T2-RTX-6000-Ada-ALL-GTD-6mo-ALL,2026-09-23,T2,T2,RTX6000Ada,ALL,GTD,ALL,6M,market_intelligence,7,1.0634,1.0550,1.0550,median,1.0550,1.0709,1.0502,1.0867,1.0867,1.0762,1.0634,1,7,datacrunch,10000.0,1,1,1,3,1,7,Low,Shadow,2026-09-17,2026-09-23,v2.4.0,direct,,,,,,,,
CRI-T2-RTX-6000-Ada-ALL-GTD-6mo-EU,2026-09-23,T2,T2,RTX6000Ada,ALL,GTD,EU,6M,market_intelligence,7,1.0634,1.0550,1.0550,median,1.0550,1.0709,1.0502,1.0867,1.0867,1.0762,1.0634,1,7,datacrunch,10000.0,1,1,1,3,1,7,Low,Shadow,2026-09-17,2026-09-23,v2.4.0,direct,,,,,,,,
CRI-T2-RTX-6000-Ada-ALL-GTD-OD-APAC,2026-09-23,T2,T2,RTX6000Ada,ALL,GTD,APAC,OnDemand,citable,7,0.9900,0.9900,0.9900,median,0.9900,0.9900,0.9900,0.9900,0.9900,0.9900,0.9900,1,7,jarvislabs,10000.0,1,1,1,3,1,7,Low,Shadow,2026-09-17,2026-09-23,v2.4.0,direct,,,,,,,,
CRI-T2-RTX-6000-Ada-ALL-GTD-OD-US,2026-09-23,T2,T2,RTX6000Ada,ALL,GTD,US,OnDemand,citable,7,1.0670,1.0670,1.0670,median,1.0670,1.0670,1.0670,1.0670,1.0670,1.0670,1.0670,1,14,sesterce,10000.0,1,2,1,6,1,14,Low,Shadow,2026-09-17,2026-09-23,v2.4.0,direct,,,,,,,,
CRI-T2-RTX-6000-Ada-ALL-INT-OD-ALL,2026-09-23,T2,T2,RTX6000Ada,ALL,INT,ALL,OnDemand,citable,7,0.5539,0.5495,0.5495,median,0.5495,0.5577,0.5470,0.5660,0.5660,0.5605,0.5539,1,7,datacrunch,10000.0,1,1,1,3,1,7,Low,Shadow,2026-09-17,2026-09-23,v2.4.0,direct,,,,,,,,
CRI-T2-RTX-6000-Ada-ALL-INT-OD-EU,2026-09-23,T2,T2,RTX6000Ada,ALL,INT,EU,OnDemand,citable,7,0.5539,0.5495,0.5495,median,0.5495,0.5577,0.5470,0.5660,0.5660,0.5605,0.5539,1,7,datacrunch,10000.0,1,1,1,3,1,7,Low,Shadow,2026-09-17,2026-09-23,v2.4.0,direct,,,,,,,,
CRI-T2-RTX-6000-Ada-PCIe-ALL-1mo-ALL,2026-09-23,T2,T2,RTX6000Ada,PCIe,ALL,ALL,1M,market_intelligence,7,1.0856,1.0770,1.0770,median,1.0770,1.0932,1.0721,1.1094,1.1094,1.0986,1.0856,1,7,datacrunch,10000.0,1,1,1,3,1,7,Low,Shadow,2026-09-17,2026-09-23,v2.4.0,direct,,,,,,,,
CRI-T2-RTX-6000-Ada-PCIe-ALL-1mo-EU,2026-09-23,T2,T2,RTX6000Ada,PCIe,ALL,EU,1M,market_intelligence,7,1.0856,1.0770,1.0770,median,1.0770,1.0932,1.0721,1.1094,1.1094,1.0986,1.0856,1,7,datacrunch,10000.0,1,1,1,3,1,7,Low,Shadow,2026-09-17,2026-09-23,v2.4.0,direct,,,,,,,,
CRI-T2-RTX-6000-Ada-PCIe-ALL-1yr-ALL,2026-09-23,T2,T2,RTX6000Ada,PCIe,ALL,ALL,1Y,market_intelligence,7,1.0191,1.0111,1.0111,median,1.0111,1.0263,1.0065,1.0414,1.0414,1.0313,1.0191,1,7,datacrunch,10000.0,1,1,1,3,1,7,Low,Shadow,2026-09-17,2026-09-23,v2.4.0,direct,,,,,,,,
CRI-T2-RTX-6000-Ada-PCIe-ALL-1yr-EU,2026-09-23,T2,T2,RTX6000Ada,PCIe,ALL,EU,1Y,market_intelligence,7,1.0191,1.0111,1.0111,median,1.0111,1.0263,1.0065,1.0414,1.0414,1.0313,1.0191,1,7,datacrunch,10000.0,1,1,1,3,1,7,Low,Shadow,2026-09-17,2026-09-23,v2.4.0,direct,,,,,,,,
CRI-T2-RTX-6000-Ada-PCIe-ALL-2yr-ALL,2026-09-23,T2,T2,RTX6000Ada,PCIe,ALL,ALL,2Y,market_intelligence,7,0.8308,0.8243,0.8243,median,0.8243,0.8367,0.8205,0.8490,0.8490,0.8408,0.8308,1,7,datacrunch,10000.0,1,1,1,3,1,7,Low,Shadow,2026-09-17,2026-09-23,v2.4.0,direct,,,,,,,,
CRI-T2-RTX-6000-Ada-PCIe-ALL-2yr-EU,2026-09-23,T2,T2,RTX6000Ada,PCIe,ALL,EU,2Y,market_intelligence,7,0.8308,0.8243,0.8243,median,0.8243,0.8367,0.8205,0.8490,0.8490,0.8408,0.8308,1,7,datacrunch,10000.0,1,1,1,3,1,7,Low,Shadow,2026-09-17,2026-09-23,v2.4.0,direct,,,,,,,,
CRI-T2-RTX-6000-Ada-PCIe-ALL-3mo-ALL,2026-09-23,T2,T2,RTX6000Ada,PCIe,ALL,ALL,3M,market_intelligence,7,1.0745,1.0660,1.0660,median,1.0660,1.0820,1.0612,1.0980,1.0980,1.0874,1.0745,1,7,datacrunch,10000.0,1,1,1,3,1,7,Low,Shadow,2026-09-17,2026-09-23,v2.4.0,direct,,,,,,,,
CRI-T2-RTX-6000-Ada-PCIe-ALL-3mo-EU,2026-09-23,T2,T2,RTX6000Ada,PCIe,ALL,EU,3M,market_intelligence,7,1.0745,1.0660,1.0660,median,1.0660,1.0820,1.0612,1.0980,1.0980,1.0874,1.0745,1,7,datacrunch,10000.0,1,1,1,3,1,7,Low,Shadow,2026-09-17,2026-09-23,v2.4.0,direct,,,,,,,,
CRI-T2-RTX-6000-Ada-PCIe-ALL-6mo-ALL,2026-09-23,T2,T2,RTX6000Ada,PCIe,ALL,ALL,6M,market_intelligence,7,1.0634,1.0550,1.0550,median,1.0550,1.0709,1.0502,1.0867,1.0867,1.0762,1.0634,1,7,datacrunch,10000.0,1,1,1,3,1,7,Low,Shadow,2026-09-17,2026-09-23,v2.4.0,direct,,,,,,,,
CRI-T2-RTX-6000-Ada-PCIe-ALL-6mo-EU,2026-09-23,T2,T2,RTX6000Ada,PCIe,ALL,EU,6M,market_intelligence,7,1.0634,1.0550,1.0550,median,1.0550,1.0709,1.0502,1.0867,1.0867,1.0762,1.0634,1,7,datacrunch,10000.0,1,1,1,3,1,7,Low,Shadow,2026-09-17,2026-09-23,v2.4.0,direct,,,,,,,,
CRI-T2-RTX-6000-Ada-PCIe-ALL-OD-US,2026-09-23,T2,T2,RTX6000Ada,PCIe,ALL,US,OnDemand,citable,7,1.0670,1.0670,1.0670,median,1.0670,1.0670,1.0670,1.0670,1.0670,1.0670,1.0670,1,14,sesterce,10000.0,1,2,1,6,1,14,Low,Shadow,2026-09-17,2026-09-23,v2.4.0,direct,,,,,,,,
CRI-T2-RTX-6000-Ada-PCIe-GTD-1mo-ALL,2026-09-23,T2,T2,RTX6000Ada,PCIe,GTD,ALL,1M,market_intelligence,7,1.0856,1.0770,1.0770,median,1.0770,1.0932,1.0721,1.1094,1.1094,1.0986,1.0856,1,7,datacrunch,10000.0,1,1,1,3,1,7,Low,Shadow,2026-09-17,2026-09-23,v2.4.0,direct,,,,,,,,
CRI-T2-RTX-6000-Ada-PCIe-GTD-1mo-EU,2026-09-23,T2,T2,RTX6000Ada,PCIe,GTD,EU,1M,market_intelligence,7,1.0856,1.0770,1.0770,median,1.0770,1.0932,1.0721,1.1094,1.1094,1.0986,1.0856,1,7,datacrunch,10000.0,1,1,1,3,1,7,Low,Shadow,2026-09-17,2026-09-23,v2.4.0,direct,,,,,,,,
CRI-T2-RTX-6000-Ada-PCIe-GTD-1yr-ALL,2026-09-23,T2,T2,RTX6000Ada,PCIe,GTD,ALL,1Y,market_intelligence,7,1.0191,1.0111,1.0111,median,1.0111,1.0263,1.0065,1.0414,1.0414,1.0313,1.0191,1,7,datacrunch,10000.0,1,1,1,3,1,7,Low,Shadow,2026-09-17,2026-09-23,v2.4.0,direct,,,,,,,,
CRI-T2-RTX-6000-Ada-PCIe-GTD-1yr-EU,2026-09-23,T2,T2,RTX6000Ada,PCIe,GTD,EU,1Y,market_intelligence,7,1.0191,1.0111,1.0111,median,1.0111,1.0263,1.0065,1.0414,1.0414,1.0313,1.0191,1,7,datacrunch,10000.0,1,1,1,3,1,7,Low,Shadow,2026-09-17,2026-09-23,v2.4.0,direct,,,,,,,,
CRI-T2-RTX-6000-Ada-PCIe-GTD-2yr-ALL,2026-09-23,T2,T2,RTX6000Ada,PCIe,GTD,ALL,2Y,market_intelligence,7,0.8308,0.8243,0.8243,median,0.8243,0.8367,0.8205,0.8490,0.8490,0.8408,0.8308,1,7,datacrunch,10000.0,1,1,1,3,1,7,Low,Shadow,2026-09-17,2026-09-23,v2.4.0,direct,,,,,,,,
CRI-T2-RTX-6000-Ada-PCIe-GTD-2yr-EU,2026-09-23,T2,T2,RTX6000Ada,PCIe,GTD,EU,2Y,market_intelligence,7,0.8308,0.8243,0.8243,median,0.8243,0.8367,0.8205,0.8490,0.8490,0.8408,0.8308,1,7,datacrunch,10000.0,1,1,1,3,1,7,Low,Shadow,2026-09-17,2026-09-23,v2.4.0,direct,,,,,,,,
CRI-T2-RTX-6000-Ada-PCIe-GTD-3mo-ALL,2026-09-23,T2,T2,RTX6000Ada,PCIe,GTD,ALL,3M,market_intelligence,7,1.0745,1.0660,1.0660,median,1.0660,1.0820,1.0612,1.0980,1.0980,1.0874,1.0745,1,7,datacrunch,10000.0,1,1,1,3,1,7,Low,Shadow,2026-09-17,2026-09-23,v2.4.0,direct,,,,,,,,
CRI-T2-RTX-6000-Ada-PCIe-GTD-3mo-EU,2026-09-23,T2,T2,RTX6000Ada,PCIe,GTD,EU,3M,market_intelligence,7,1.0745,1.0660,1.0660,median,1.0660,1.0820,1.0612,1.0980,1.0980,1.0874,1.0745,1,7,datacrunch,10000.0,1,1,1,3,1,7,Low,Shadow,2026-09-17,2026-09-23,v2.4.0,direct,,,,,,,,
CRI-T2-RTX-6000-Ada-PCIe-GTD-6mo-ALL,2026-09-23,T2,T2,RTX6000Ada,PCIe,GTD,ALL,6M,market_intelligence,7,1.0634,1.0550,1.0550,median,1.0550,1.0709,1.0502,1.0867,1.0867,1.0762,1.0634,1,7,datacrunch,10000.0,1,1,1,3,1,7,Low,Shadow,2026-09-17,2026-09-23,v2.4.0,direct,,,,,,,,
CRI-T2-RTX-6000-Ada-PCIe-GTD-6mo-EU,2026-09-23,T2,T2,RTX6000Ada,PCIe,GTD,EU,6M,market_intelligence,7,1.0634,1.0550,1.0550,median,1.0550,1.0709,1.0502,1.0867,1.0867,1.0762,1.0634,1,7,datacrunch,10000.0,1,1,1,3,1,7,Low,Shadow,2026-09-17,2026-09-23,v2.4.0,direct,,,,,,,,
CRI-T2-RTX-6000-Ada-PCIe-GTD-OD-US,2026-09-23,T2,T2,RTX6000Ada,PCIe,GTD,US,OnDemand,citable,7,1.0670,1.0670,1.0670,median,1.0670,1.0670,1.0670,1.0670,1.0670,1.0670,1.0670,1,14,sesterce,10000.0,1,2,1,6,1,14,Low,Shadow,2026-09-17,2026-09-23,v2.4.0,direct,,,,,,,,
CRI-T2-RTX-6000-Ada-PCIe-INT-OD-ALL,2026-09-23,T2,T2,RTX6000Ada,PCIe,INT,ALL,OnDemand,citable,7,0.5539,0.5495,0.5495,median,0.5495,0.5577,0.5470,0.5660,0.5660,0.5605,0.5539,1,7,datacrunch,10000.0,1,1,1,3,1,7,Low,Shadow,2026-09-17,2026-09-23,v2.4.0,direct,,,,,,,,
CRI-T2-RTX-6000-Ada-PCIe-INT-OD-EU,2026-09-23,T2,T2,RTX6000Ada,PCIe,INT,EU,OnDemand,citable,7,0.5539,0.5495,0.5495,median,0.5495,0.5577,0.5470,0.5660,0.5660,0.5605,0.5539,1,7,datacrunch,10000.0,1,1,1,3,1,7,Low,Shadow,2026-09-17,2026-09-23,v2.4.0,direct,,,,,,,,
CRI-T2-RTX-A6000-ALL-ALL-1mo-ALL,2026-09-23,T2,T2,A6000,ALL,ALL,ALL,1M,market_intelligence,7,0.5953,0.5919,0.5919,median,0.5919,0.6008,0.5802,0.6096,0.6096,0.6037,0.5953,1,7,datacrunch,10000.0,1,1,1,3,1,7,Low,Shadow,2026-09-17,2026-09-23,v2.4.0,direct,,,,,,,,
CRI-T2-RTX-A6000-ALL-ALL-1mo-EU,2026-09-23,T2,T2,A6000,ALL,ALL,EU,1M,market_intelligence,7,0.5953,0.5919,0.5919,median,0.5919,0.6008,0.5802,0.6096,0.6096,0.6037,0.5953,1,7,datacrunch,10000.0,1,1,1,3,1,7,Low,Shadow,2026-09-17,2026-09-23,v2.4.0,direct,,,,,,,,
CRI-T2-RTX-A6000-ALL-ALL-1yr-ALL,2026-09-23,T2,T2,A6000,ALL,ALL,ALL,1Y,market_intelligence,7,0.5588,0.5557,0.5557,median,0.5557,0.5639,0.5446,0.5722,0.5722,0.5667,0.5588,1,7,datacrunch,10000.0,1,1,1,3,1,7,Low,Shadow,2026-09-17,2026-09-23,v2.4.0,direct,,,,,,,,
CRI-T2-RTX-A6000-ALL-ALL-1yr-EU,2026-09-23,T2,T2,A6000,ALL,ALL,EU,1Y,market_intelligence,7,0.5588,0.5557,0.5557,median,0.5557,0.5639,0.5446,0.5722,0.5722,0.5667,0.5588,1,7,datacrunch,10000.0,1,1,1,3,1,7,Low,Shadow,2026-09-17,2026-09-23,v2.4.0,direct,,,,,,,,
CRI-T2-RTX-A6000-ALL-ALL-2yr-ALL,2026-09-23,T2,T2,A6000,ALL,ALL,ALL,2Y,market_intelligence,7,0.4556,0.4530,0.4530,median,0.4530,0.4597,0.4440,0.4665,0.4665,0.4620,0.4556,1,7,datacrunch,10000.0,1,1,1,3,1,7,Low,Shadow,2026-09-17,2026-09-23,v2.4.0,direct,,,,,,,,
CRI-T2-RTX-A6000-ALL-ALL-2yr-EU,2026-09-23,T2,T2,A6000,ALL,ALL,EU,2Y,market_intelligence,7,0.4556,0.4530,0.4530,median,0.4530,0.4597,0.4440,0.4665,0.4665,0.4620,0.4556,1,7,datacrunch,10000.0,1,1,1,3,1,7,Low,Shadow,2026-09-17,2026-09-23,v2.4.0,direct,,,,,,,,
CRI-T2-RTX-A6000-ALL-ALL-3mo-ALL,2026-09-23,T2,T2,A6000,ALL,ALL,ALL,3M,market_intelligence,7,0.5892,0.5859,0.5859,median,0.5859,0.5946,0.5742,0.6033,0.6033,0.5975,0.5892,1,7,datacrunch,10000.0,1,1,1,3,1,7,Low,Shadow,2026-09-17,2026-09-23,v2.4.0,direct,,,,,,,,
CRI-T2-RTX-A6000-ALL-ALL-3mo-EU,2026-09-23,T2,T2,A6000,ALL,ALL,EU,3M,market_intelligence,7,0.5892,0.5859,0.5859,median,0.5859,0.5946,0.5742,0.6033,0.6033,0.5975,0.5892,1,7,datacrunch,10000.0,1,1,1,3,1,7,Low,Shadow,2026-09-17,2026-09-23,v2.4.0,direct,,,,,,,,
CRI-T2-RTX-A6000-ALL-ALL-OD-Other,2026-09-23,T2,T2,A6000,ALL,ALL,Other,OnDemand,citable,7,0.5500,0.5500,0.5500,median,0.5500,0.5500,0.5500,0.5500,0.5500,0.5500,0.5500,1,7,sesterce,10000.0,1,1,1,3,1,7,Low,Shadow,2026-09-17,2026-09-23,v2.4.0,direct,,,,,,,,
CRI-T2-RTX-A6000-ALL-GTD-1mo-ALL,2026-09-23,T2,T2,A6000,ALL,GTD,ALL,1M,market_intelligence,7,0.5953,0.5919,0.5919,median,0.5919,0.6008,0.5802,0.6096,0.6096,0.6037,0.5953,1,7,datacrunch,10000.0,1,1,1,3,1,7,Low,Shadow,2026-09-17,2026-09-23,v2.4.0,direct,,,,,,,,
CRI-T2-RTX-A6000-ALL-GTD-1mo-EU,2026-09-23,T2,T2,A6000,ALL,GTD,EU,1M,market_intelligence,7,0.5953,0.5919,0.5919,median,0.5919,0.6008,0.5802,0.6096,0.6096,0.6037,0.5953,1,7,datacrunch,10000.0,1,1,1,3,1,7,Low,Shadow,2026-09-17,2026-09-23,v2.4.0,direct,,,,,,,,
CRI-T2-RTX-A6000-ALL-GTD-1yr-ALL,2026-09-23,T2,T2,A6000,ALL,GTD,ALL,1Y,market_intelligence,7,0.5588,0.5557,0.5557,median,0.5557,0.5639,0.5446,0.5722,0.5722,0.5667,0.5588,1,7,datacrunch,10000.0,1,1,1,3,1,7,Low,Shadow,2026-09-17,2026-09-23,v2.4.0,direct,,,,,,,,
CRI-T2-RTX-A6000-ALL-GTD-1yr-EU,2026-09-23,T2,T2,A6000,ALL,GTD,EU,1Y,market_intelligence,7,0.5588,0.5557,0.5557,median,0.5557,0.5639,0.5446,0.5722,0.5722,0.5667,0.5588,1,7,datacrunch,10000.0,1,1,1,3,1,7,Low,Shadow,2026-09-17,2026-09-23,v2.4.0,direct,,,,,,,,
CRI-T2-RTX-A6000-ALL-GTD-2yr-ALL,2026-09-23,T2,T2,A6000,ALL,GTD,ALL,2Y,market_intelligence,7,0.4556,0.4530,0.4530,median,0.4530,0.4597,0.4440,0.4665,0.4665,0.4620,0.4556,1,7,datacrunch,10000.0,1,1,1,3,1,7,Low,Shadow,2026-09-17,2026-09-23,v2.4.0,direct,,,,,,,,
CRI-T2-RTX-A6000-ALL-GTD-2yr-EU,2026-09-23,T2,T2,A6000,ALL,GTD,EU,2Y,market_intelligence,7,0.4556,0.4530,0.4530,median,0.4530,0.4597,0.4440,0.4665,0.4665,0.4620,0.4556,1,7,datacrunch,10000.0,1,1,1,3,1,7,Low,Shadow,2026-09-17,2026-09-23,v2.4.0,direct,,,,,,,,
CRI-T2-RTX-A6000-ALL-GTD-3mo-ALL,2026-09-23,T2,T2,A6000,ALL,GTD,ALL,3M,market_intelligence,7,0.5892,0.5859,0.5859,median,0.5859,0.5946,0.5742,0.6033,0.6033,0.5975,0.5892,1,7,datacrunch,10000.0,1,1,1,3,1,7,Low,Shadow,2026-09-17,2026-09-23,v2.4.0,direct,,,,,,,,
CRI-T2-RTX-A6000-ALL-GTD-3mo-EU,2026-09-23,T2,T2,A6000,ALL,GTD,EU,3M,market_intelligence,7,0.5892,0.5859,0.5859,median,0.5859,0.5946,0.5742,0.6033,0.6033,0.5975,0.5892,1,7,datacrunch,10000.0,1,1,1,3,1,7,Low,Shadow,2026-09-17,2026-09-23,v2.4.0,direct,,,,,,,,
CRI-T2-RTX-A6000-ALL-GTD-OD-Other,2026-09-23,T2,T2,A6000,ALL,GTD,Other,OnDemand,citable,7,0.5500,0.5500,0.5500,median,0.5500,0.5500,0.5500,0.5500,0.5500,0.5500,0.5500,1,7,sesterce,10000.0,1,1,1,3,1,7,Low,Shadow,2026-09-17,2026-09-23,v2.4.0,direct,,,,,,,,
CRI-T2-RTX-A6000-ALL-INT-OD-ALL,2026-09-23,T2,T2,A6000,ALL,INT,ALL,OnDemand,citable,7,0.3519,0.3510,0.3510,median,0.3027,0.4000,0.2960,0.4000,0.3555,0.3540,0.3519,2,14,datacrunch|hyperstack,5000.0,2,2,2,6,2,14,Medium,Shadow,2026-09-17,2026-09-23,v2.4.0,direct,,,,,,,,
CRI-T2-RTX-A6000-PCIe-ALL-1mo-ALL,2026-09-23,T2,T2,A6000,PCIe,ALL,ALL,1M,market_intelligence,7,0.5953,0.5919,0.5919,median,0.5919,0.6008,0.5802,0.6096,0.6096,0.6037,0.5953,1,7,datacrunch,10000.0,1,1,1,3,1,7,Low,Shadow,2026-09-17,2026-09-23,v2.4.0,direct,,,,,,,,
CRI-T2-RTX-A6000-PCIe-ALL-1mo-EU,2026-09-23,T2,T2,A6000,PCIe,ALL,EU,1M,market_intelligence,7,0.5953,0.5919,0.5919,median,0.5919,0.6008,0.5802,0.6096,0.6096,0.6037,0.5953,1,7,datacrunch,10000.0,1,1,1,3,1,7,Low,Shadow,2026-09-17,2026-09-23,v2.4.0,direct,,,,,,,,
CRI-T2-RTX-A6000-PCIe-ALL-1yr-ALL,2026-09-23,T2,T2,A6000,PCIe,ALL,ALL,1Y,market_intelligence,7,0.5588,0.5557,0.5557,median,0.5557,0.5639,0.5446,0.5722,0.5722,0.5667,0.5588,1,7,datacrunch,10000.0,1,1,1,3,1,7,Low,Shadow,2026-09-17,2026-09-23,v2.4.0,direct,,,,,,,,
CRI-T2-RTX-A6000-PCIe-ALL-1yr-EU,2026-09-23,T2,T2,A6000,PCIe,ALL,EU,1Y,market_intelligence,7,0.5588,0.5557,0.5557,median,0.5557,0.5639,0.5446,0.5722,0.5722,0.5667,0.5588,1,7,datacrunch,10000.0,1,1,1,3,1,7,Low,Shadow,2026-09-17,2026-09-23,v2.4.0,direct,,,,,,,,
CRI-T2-RTX-A6000-PCIe-ALL-2yr-ALL,2026-09-23,T2,T2,A6000,PCIe,ALL,ALL,2Y,market_intelligence,7,0.4556,0.4530,0.4530,median,0.4530,0.4597,0.4440,0.4665,0.4665,0.4620,0.4556,1,7,datacrunch,10000.0,1,1,1,3,1,7,Low,Shadow,2026-09-17,2026-09-23,v2.4.0,direct,,,,,,,,
CRI-T2-RTX-A6000-PCIe-ALL-2yr-EU,2026-09-23,T2,T2,A6000,PCIe,ALL,EU,2Y,market_intelligence,7,0.4556,0.4530,0.4530,median,0.4530,0.4597,0.4440,0.4665,0.4665,0.4620,0.4556,1,7,datacrunch,10000.0,1,1,1,3,1,7,Low,Shadow,2026-09-17,2026-09-23,v2.4.0,direct,,,,,,,,
CRI-T2-RTX-A6000-PCIe-ALL-3mo-ALL,2026-09-23,T2,T2,A6000,PCIe,ALL,ALL,3M,market_intelligence,7,0.5892,0.5859,0.5859,median,0.5859,0.5946,0.5742,0.6033,0.6033,0.5975,0.5892,1,7,datacrunch,10000.0,1,1,1,3,1,7,Low,Shadow,2026-09-17,2026-09-23,v2.4.0,direct,,,,,,,,
CRI-T2-RTX-A6000-PCIe-ALL-3mo-EU,2026-09-23,T2,T2,A6000,PCIe,ALL,EU,3M,market_intelligence,7,0.5892,0.5859,0.5859,median,0.5859,0.5946,0.5742,0.6033,0.6033,0.5975,0.5892,1,7,datacrunch,10000.0,1,1,1,3,1,7,Low,Shadow,2026-09-17,2026-09-23,v2.4.0,direct,,,,,,,,
CRI-T2-RTX-A6000-PCIe-GTD-1mo-ALL,2026-09-23,T2,T2,A6000,PCIe,GTD,ALL,1M,market_intelligence,7,0.5953,0.5919,0.5919,median,0.5919,0.6008,0.5802,0.6096,0.6096,0.6037,0.5953,1,7,datacrunch,10000.0,1,1,1,3,1,7,Low,Shadow,2026-09-17,2026-09-23,v2.4.0,direct,,,,,,,,
CRI-T2-RTX-A6000-PCIe-GTD-1mo-EU,2026-09-23,T2,T2,A6000,PCIe,GTD,EU,1M,market_intelligence,7,0.5953,0.5919,0.5919,median,0.5919,0.6008,0.5802,0.6096,0.6096,0.6037,0.5953,1,7,datacrunch,10000.0,1,1,1,3,1,7,Low,Shadow,2026-09-17,2026-09-23,v2.4.0,direct,,,,,,,,
CRI-T2-RTX-A6000-PCIe-GTD-1yr-ALL,2026-09-23,T2,T2,A6000,PCIe,GTD,ALL,1Y,market_intelligence,7,0.5588,0.5557,0.5557,median,0.5557,0.5639,0.5446,0.5722,0.5722,0.5667,0.5588,1,7,datacrunch,10000.0,1,1,1,3,1,7,Low,Shadow,2026-09-17,2026-09-23,v2.4.0,direct,,,,,,,,
CRI-T2-RTX-A6000-PCIe-GTD-1yr-EU,2026-09-23,T2,T2,A6000,PCIe,GTD,EU,1Y,market_intelligence,7,0.5588,0.5557,0.5557,median,0.5557,0.5639,0.5446,0.5722,0.5722,0.5667,0.5588,1,7,datacrunch,10000.0,1,1,1,3,1,7,Low,Shadow,2026-09-17,2026-09-23,v2.4.0,direct,,,,,,,,
CRI-T2-RTX-A6000-PCIe-GTD-2yr-ALL,2026-09-23,T2,T2,A6000,PCIe,GTD,ALL,2Y,market_intelligence,7,0.4556,0.4530,0.4530,median,0.4530,0.4597,0.4440,0.4665,0.4665,0.4620,0.4556,1,7,datacrunch,10000.0,1,1,1,3,1,7,Low,Shadow,2026-09-17,2026-09-23,v2.4.0,direct,,,,,,,,
CRI-T2-RTX-A6000-PCIe-GTD-2yr-EU,2026-09-23,T2,T2,A6000,PCIe,GTD,EU,2Y,market_intelligence,7,0.4556,0.4530,0.4530,median,0.4530,0.4597,0.4440,0.4665,0.4665,0.4620,0.4556,1,7,datacrunch,10000.0,1,1,1,3,1,7,Low,Shadow,2026-09-17,2026-09-23,v2.4.0,direct,,,,,,,,
CRI-T2-RTX-A6000-PCIe-GTD-3mo-ALL,2026-09-23,T2,T2,A6000,PCIe,GTD,ALL,3M,market_intelligence,7,0.5892,0.5859,0.5859,median,0.5859,0.5946,0.5742,0.6033,0.6033,0.5975,0.5892,1,7,datacrunch,10000.0,1,1,1,3,1,7,Low,Shadow,2026-09-17,2026-09-23,v2.4.0,direct,,,,,,,,
CRI-T2-RTX-A6000-PCIe-GTD-3mo-EU,2026-09-23,T2,T2,A6000,PCIe,GTD,EU,3M,market_intelligence,7,0.5892,0.5859,0.5859,median,0.5859,0.5946,0.5742,0.6033,0.6033,0.5975,0.5892,1,7,datacrunch,10000.0,1,1,1,3,1,7,Low,Shadow,2026-09-17,2026-09-23,v2.4.0,direct,,,,,,,,
CRI-T2-RTX-A6000-PCIe-INT-OD-ALL,2026-09-23,T2,T2,A6000,PCIe,INT,ALL,OnDemand,citable,7,0.3519,0.3510,0.3510,median,0.3027,0.4000,0.2960,0.4000,0.3555,0.3540,0.3519,2,14,datacrunch|hyperstack,5000.0,2,2,2,6,2,14,Medium,Shadow,2026-09-17,2026-09-23,v2.4.0,direct,,,,,,,,
CRI-T2-RTX-PRO-6000-ALL-ALL-1yr-US,2026-09-23,T2,T2,RTXPRO6000,ALL,ALL,US,1Y,market_intelligence,7,2.1000,2.1000,2.1000,median,2.1000,2.1000,2.1000,2.1000,2.1000,2.1000,2.1000,1,7,latitude,10000.0,1,1,1,3,1,7,Low,Shadow,2026-09-17,2026-09-23,v2.4.0,direct,,,,,,,,
CRI-T2-RTX-PRO-6000-ALL-ALL-2yr-ALL,2026-09-23,T2,T2,RTXPRO6000,ALL,ALL,ALL,2Y,market_intelligence,7,1.4021,1.3950,1.3950,median,1.3950,1.4086,1.3819,1.4306,1.4306,1.4159,1.4021,1,7,datacrunch,10000.0,1,1,1,3,1,7,Low,Shadow,2026-09-17,2026-09-23,v2.4.0,direct,,,,,,,,
CRI-T2-RTX-PRO-6000-ALL-ALL-2yr-EU,2026-09-23,T2,T2,RTXPRO6000,ALL,ALL,EU,2Y,market_intelligence,7,1.4021,1.3950,1.3950,median,1.3950,1.4086,1.3819,1.4306,1.4306,1.4159,1.4021,1,7,datacrunch,10000.0,1,1,1,3,1,7,Low,Shadow,2026-09-17,2026-09-23,v2.4.0,direct,,,,,,,,
CRI-T2-RTX-PRO-6000-ALL-ALL-3mo-APAC,2026-09-23,T2,T2,RTXPRO6000,ALL,ALL,APAC,3M,market_intelligence,7,1.8300,1.8300,1.8300,median,1.8300,1.8300,1.8300,1.8300,1.8300,1.8300,1.8300,1,7,jarvislabs,10000.0,1,1,1,3,1,7,Low,Shadow,2026-09-17,2026-09-23,v2.4.0,direct,,,,,,,,
CRI-T2-RTX-PRO-6000-ALL-ALL-3mo-US,2026-09-23,T2,T2,RTXPRO6000,ALL,ALL,US,3M,market_intelligence,7,1.1000,1.1000,1.1000,median,1.1000,1.1000,1.1000,1.1000,1.1000,1.1000,1.1000,1,7,cloudrift,10000.0,1,1,1,3,1,7,Low,Shadow,2026-09-17,2026-09-23,v2.4.0,direct,,,,,,,,
CRI-T2-RTX-PRO-6000-ALL-ALL-6mo-APAC,2026-09-23,T2,T2,RTXPRO6000,ALL,ALL,APAC,6M,market_intelligence,7,1.8100,1.8100,1.8100,median,1.8100,1.8100,1.8100,1.8100,1.8100,1.8100,1.8100,1,7,jarvislabs,10000.0,1,1,1,3,1,7,Low,Shadow,2026-09-17,2026-09-23,v2.4.0,direct,,,,,,,,
CRI-T2-RTX-PRO-6000-ALL-ALL-OD-Other,2026-09-23,T2,T2,RTXPRO6000,ALL,ALL,Other,OnDemand,citable,7,3.7510,3.7510,3.7510,median,3.7510,3.7510,3.7510,3.7510,,,3.7510,1,2,sesterce,10000.0,,,,,1,2,Low,Shadow,2026-09-17,2026-09-23,v2.4.0,direct,,,,,,,,
CRI-T2-RTX-PRO-6000-ALL-GTD-1yr-US,2026-09-23,T2,T2,RTXPRO6000,ALL,GTD,US,1Y,market_intelligence,7,2.1000,2.1000,2.1000,median,2.1000,2.1000,2.1000,2.1000,2.1000,2.1000,2.1000,1,7,latitude,10000.0,1,1,1,3,1,7,Low,Shadow,2026-09-17,2026-09-23,v2.4.0,direct,,,,,,,,
CRI-T2-RTX-PRO-6000-ALL-GTD-2yr-ALL,2026-09-23,T2,T2,RTXPRO6000,ALL,GTD,ALL,2Y,market_intelligence,7,1.4021,1.3950,1.3950,median,1.3950,1.4086,1.3819,1.4306,1.4306,1.4159,1.4021,1,7,datacrunch,10000.0,1,1,1,3,1,7,Low,Shadow,2026-09-17,2026-09-23,v2.4.0,direct,,,,,,,,
CRI-T2-RTX-PRO-6000-ALL-GTD-2yr-EU,2026-09-23,T2,T2,RTXPRO6000,ALL,GTD,EU,2Y,market_intelligence,7,1.4021,1.3950,1.3950,median,1.3950,1.4086,1.3819,1.4306,1.4306,1.4159,1.4021,1,7,datacrunch,10000.0,1,1,1,3,1,7,Low,Shadow,2026-09-17,2026-09-23,v2.4.0,direct,,,,,,,,
CRI-T2-RTX-PRO-6000-ALL-GTD-3mo-APAC,2026-09-23,T2,T2,RTXPRO6000,ALL,GTD,APAC,3M,market_intelligence,7,1.8300,1.8300,1.8300,median,1.8300,1.8300,1.8300,1.8300,1.8300,1.8300,1.8300,1,7,jarvislabs,10000.0,1,1,1,3,1,7,Low,Shadow,2026-09-17,2026-09-23,v2.4.0,direct,,,,,,,,
CRI-T2-RTX-PRO-6000-ALL-GTD-3mo-US,2026-09-23,T2,T2,RTXPRO6000,ALL,GTD,US,3M,market_intelligence,7,1.1000,1.1000,1.1000,median,1.1000,1.1000,1.1000,1.1000,1.1000,1.1000,1.1000,1,7,cloudrift,10000.0,1,1,1,3,1,7,Low,Shadow,2026-09-17,2026-09-23,v2.4.0,direct,,,,,,,,
CRI-T2-RTX-PRO-6000-ALL-GTD-6mo-APAC,2026-09-23,T2,T2,RTXPRO6000,ALL,GTD,APAC,6M,market_intelligence,7,1.8100,1.8100,1.8100,median,1.8100,1.8100,1.8100,1.8100,1.8100,1.8100,1.8100,1,7,jarvislabs,10000.0,1,1,1,3,1,7,Low,Shadow,2026-09-17,2026-09-23,v2.4.0,direct,,,,,,,,
CRI-T2-RTX-PRO-6000-ALL-GTD-OD-Other,2026-09-23,T2,T2,RTXPRO6000,ALL,GTD,Other,OnDemand,citable,7,3.7510,3.7510,3.7510,median,3.7510,3.7510,3.7510,3.7510,,,3.7510,1,2,sesterce,10000.0,,,,,1,2,Low,Shadow,2026-09-17,2026-09-23,v2.4.0,direct,,,,,,,,
CRI-T2-RTX-PRO-6000-ALL-INT-OD-APAC,2026-09-23,T2,T2,RTXPRO6000,ALL,INT,APAC,OnDemand,citable,7,0.9900,0.9900,0.9900,median,0.9900,0.9900,0.9900,0.9900,0.9900,0.9900,0.9900,1,7,jarvislabs,10000.0,1,1,1,3,1,7,Low,Shadow,2026-09-17,2026-09-23,v2.4.0,direct,,,,,,,,
CRI-T2-RTX-PRO-6000-ALL-INT-OD-US,2026-09-23,T2,T2,RTXPRO6000,ALL,INT,US,OnDemand,citable,7,1.2907,1.2907,1.2907,median,1.1950,1.3863,1.1950,1.3863,1.2907,1.2907,1.2907,1,14,coreweave,10000.0,1,2,1,6,1,14,Low,Shadow,2026-09-17,2026-09-23,v2.4.0,direct,,,,,,,,
CRI-T2-RTX-PRO-6000-MAXQ-ALL-ALL-1mo-ALL,2026-09-23,T2,T2,RTXPRO6000,ALL,ALL,ALL,1M,market_intelligence,7,1.4000,1.4000,1.4000,median,1.4000,1.4000,1.4000,1.4000,1.4000,1.4000,1.4000,1,7,cloudrift,10000.0,1,1,1,3,1,7,Low,Shadow,2026-09-17,2026-09-23,v2.4.0,direct,,,,,,,,
CRI-T2-RTX-PRO-6000-MAXQ-ALL-ALL-1mo-US,2026-09-23,T2,T2,RTXPRO6000,ALL,ALL,US,1M,market_intelligence,7,1.4000,1.4000,1.4000,median,1.4000,1.4000,1.4000,1.4000,1.4000,1.4000,1.4000,1,7,cloudrift,10000.0,1,1,1,3,1,7,Low,Shadow,2026-09-17,2026-09-23,v2.4.0,direct,,,,,,,,
CRI-T2-RTX-PRO-6000-MAXQ-ALL-ALL-3mo-ALL,2026-09-23,T2,T2,RTXPRO6000,ALL,ALL,ALL,3M,market_intelligence,7,1.3200,1.3200,1.3200,median,1.3200,1.3200,1.3200,1.3200,1.3200,1.3200,1.3200,1,7,cloudrift,10000.0,1,1,1,3,1,7,Low,Shadow,2026-09-17,2026-09-23,v2.4.0,direct,,,,,,,,
CRI-T2-RTX-PRO-6000-MAXQ-ALL-ALL-3mo-US,2026-09-23,T2,T2,RTXPRO6000,ALL,ALL,US,3M,market_intelligence,7,1.3200,1.3200,1.3200,median,1.3200,1.3200,1.3200,1.3200,1.3200,1.3200,1.3200,1,7,cloudrift,10000.0,1,1,1,3,1,7,Low,Shadow,2026-09-17,2026-09-23,v2.4.0,direct,,,,,,,,
CRI-T2-RTX-PRO-6000-MAXQ-ALL-GTD-1mo-ALL,2026-09-23,T2,T2,RTXPRO6000,ALL,GTD,ALL,1M,market_intelligence,7,1.4000,1.4000,1.4000,median,1.4000,1.4000,1.4000,1.4000,1.4000,1.4000,1.4000,1,7,cloudrift,10000.0,1,1,1,3,1,7,Low,Shadow,2026-09-17,2026-09-23,v2.4.0,direct,,,,,,,,
CRI-T2-RTX-PRO-6000-MAXQ-ALL-GTD-1mo-US,2026-09-23,T2,T2,RTXPRO6000,ALL,GTD,US,1M,market_intelligence,7,1.4000,1.4000,1.4000,median,1.4000,1.4000,1.4000,1.4000,1.4000,1.4000,1.4000,1,7,cloudrift,10000.0,1,1,1,3,1,7,Low,Shadow,2026-09-17,2026-09-23,v2.4.0,direct,,,,,,,,
CRI-T2-RTX-PRO-6000-MAXQ-ALL-GTD-3mo-ALL,2026-09-23,T2,T2,RTXPRO6000,ALL,GTD,ALL,3M,market_intelligence,7,1.3200,1.3200,1.3200,median,1.3200,1.3200,1.3200,1.3200,1.3200,1.3200,1.3200,1,7,cloudrift,10000.0,1,1,1,3,1,7,Low,Shadow,2026-09-17,2026-09-23,v2.4.0,direct,,,,,,,,
CRI-T2-RTX-PRO-6000-MAXQ-ALL-GTD-3mo-US,2026-09-23,T2,T2,RTXPRO6000,ALL,GTD,US,3M,market_intelligence,7,1.3200,1.3200,1.3200,median,1.3200,1.3200,1.3200,1.3200,1.3200,1.3200,1.3200,1,7,cloudrift,10000.0,1,1,1,3,1,7,Low,Shadow,2026-09-17,2026-09-23,v2.4.0,direct,,,,,,,,
CRI-T2-RTX-PRO-6000-MAXQ-PCIe-ALL-1mo-ALL,2026-09-23,T2,T2,RTXPRO6000,PCIe,ALL,ALL,1M,market_intelligence,7,1.4000,1.4000,1.4000,median,1.4000,1.4000,1.4000,1.4000,1.4000,1.4000,1.4000,1,7,cloudrift,10000.0,1,1,1,3,1,7,Low,Shadow,2026-09-17,2026-09-23,v2.4.0,direct,,,,,,,,
CRI-T2-RTX-PRO-6000-MAXQ-PCIe-ALL-1mo-US,2026-09-23,T2,T2,RTXPRO6000,PCIe,ALL,US,1M,market_intelligence,7,1.4000,1.4000,1.4000,median,1.4000,1.4000,1.4000,1.4000,1.4000,1.4000,1.4000,1,7,cloudrift,10000.0,1,1,1,3,1,7,Low,Shadow,2026-09-17,2026-09-23,v2.4.0,direct,,,,,,,,
CRI-T2-RTX-PRO-6000-MAXQ-PCIe-ALL-3mo-ALL,2026-09-23,T2,T2,RTXPRO6000,PCIe,ALL,ALL,3M,market_intelligence,7,1.3200,1.3200,1.3200,median,1.3200,1.3200,1.3200,1.3200,1.3200,1.3200,1.3200,1,7,cloudrift,10000.0,1,1,1,3,1,7,Low,Shadow,2026-09-17,2026-09-23,v2.4.0,direct,,,,,,,,
CRI-T2-RTX-PRO-6000-MAXQ-PCIe-ALL-3mo-US,2026-09-23,T2,T2,RTXPRO6000,PCIe,ALL,US,3M,market_intelligence,7,1.3200,1.3200,1.3200,median,1.3200,1.3200,1.3200,1.3200,1.3200,1.3200,1.3200,1,7,cloudrift,10000.0,1,1,1,3,1,7,Low,Shadow,2026-09-17,2026-09-23,v2.4.0,direct,,,,,,,,
CRI-T2-RTX-PRO-6000-MAXQ-PCIe-GTD-1mo-ALL,2026-09-23,T2,T2,RTXPRO6000,PCIe,GTD,ALL,1M,market_intelligence,7,1.4000,1.4000,1.4000,median,1.4000,1.4000,1.4000,1.4000,1.4000,1.4000,1.4000,1,7,cloudrift,10000.0,1,1,1,3,1,7,Low,Shadow,2026-09-17,2026-09-23,v2.4.0,direct,,,,,,,,
CRI-T2-RTX-PRO-6000-MAXQ-PCIe-GTD-1mo-US,2026-09-23,T2,T2,RTXPRO6000,PCIe,GTD,US,1M,market_intelligence,7,1.4000,1.4000,1.4000,median,1.4000,1.4000,1.4000,1.4000,1.4000,1.4000,1.4000,1,7,cloudrift,10000.0,1,1,1,3,1,7,Low,Shadow,2026-09-17,2026-09-23,v2.4.0,direct,,,,,,,,
CRI-T2-RTX-PRO-6000-MAXQ-PCIe-GTD-3mo-ALL,2026-09-23,T2,T2,RTXPRO6000,PCIe,GTD,ALL,3M,market_intelligence,7,1.3200,1.3200,1.3200,median,1.3200,1.3200,1.3200,1.3200,1.3200,1.3200,1.3200,1,7,cloudrift,10000.0,1,1,1,3,1,7,Low,Shadow,2026-09-17,2026-09-23,v2.4.0,direct,,,,,,,,
CRI-T2-RTX-PRO-6000-MAXQ-PCIe-GTD-3mo-US,2026-09-23,T2,T2,RTXPRO6000,PCIe,GTD,US,3M,market_intelligence,7,1.3200,1.3200,1.3200,median,1.3200,1.3200,1.3200,1.3200,1.3200,1.3200,1.3200,1,7,cloudrift,10000.0,1,1,1,3,1,7,Low,Shadow,2026-09-17,2026-09-23,v2.4.0,direct,,,,,,,,
CRI-T2-RTX-PRO-6000-PCIe-ALL-1yr-US,2026-09-23,T2,T2,RTXPRO6000,PCIe,ALL,US,1Y,market_intelligence,7,2.1000,2.1000,2.1000,median,2.1000,2.1000,2.1000,2.1000,2.1000,2.1000,2.1000,1,7,latitude,10000.0,1,1,1,3,1,7,Low,Shadow,2026-09-17,2026-09-23,v2.4.0,direct,,,,,,,,
CRI-T2-RTX-PRO-6000-PCIe-ALL-2yr-ALL,2026-09-23,T2,T2,RTXPRO6000,PCIe,ALL,ALL,2Y,market_intelligence,7,1.4021,1.3950,1.3950,median,1.3950,1.4086,1.3819,1.4306,1.4306,1.4159,1.4021,1,7,datacrunch,10000.0,1,1,1,3,1,7,Low,Shadow,2026-09-17,2026-09-23,v2.4.0,direct,,,,,,,,
CRI-T2-RTX-PRO-6000-PCIe-ALL-2yr-EU,2026-09-23,T2,T2,RTXPRO6000,PCIe,ALL,EU,2Y,market_intelligence,7,1.4021,1.3950,1.3950,median,1.3950,1.4086,1.3819,1.4306,1.4306,1.4159,1.4021,1,7,datacrunch,10000.0,1,1,1,3,1,7,Low,Shadow,2026-09-17,2026-09-23,v2.4.0,direct,,,,,,,,
CRI-T2-RTX-PRO-6000-PCIe-ALL-3mo-US,2026-09-23,T2,T2,RTXPRO6000,PCIe,ALL,US,3M,market_intelligence,7,1.1000,1.1000,1.1000,median,1.1000,1.1000,1.1000,1.1000,1.1000,1.1000,1.1000,1,7,cloudrift,10000.0,1,1,1,3,1,7,Low,Shadow,2026-09-17,2026-09-23,v2.4.0,direct,,,,,,,,
CRI-T2-RTX-PRO-6000-PCIe-GTD-1yr-US,2026-09-23,T2,T2,RTXPRO6000,PCIe,GTD,US,1Y,market_intelligence,7,2.1000,2.1000,2.1000,median,2.1000,2.1000,2.1000,2.1000,2.1000,2.1000,2.1000,1,7,latitude,10000.0,1,1,1,3,1,7,Low,Shadow,2026-09-17,2026-09-23,v2.4.0,direct,,,,,,,,
CRI-T2-RTX-PRO-6000-PCIe-GTD-2yr-ALL,2026-09-23,T2,T2,RTXPRO6000,PCIe,GTD,ALL,2Y,market_intelligence,7,1.4021,1.3950,1.3950,median,1.3950,1.4086,1.3819,1.4306,1.4306,1.4159,1.4021,1,7,datacrunch,10000.0,1,1,1,3,1,7,Low,Shadow,2026-09-17,2026-09-23,v2.4.0,direct,,,,,,,,
CRI-T2-RTX-PRO-6000-PCIe-GTD-2yr-EU,2026-09-23,T2,T2,RTXPRO6000,PCIe,GTD,EU,2Y,market_intelligence,7,1.4021,1.3950,1.3950,median,1.3950,1.4086,1.3819,1.4306,1.4306,1.4159,1.4021,1,7,datacrunch,10000.0,1,1,1,3,1,7,Low,Shadow,2026-09-17,2026-09-23,v2.4.0,direct,,,,,,,,
CRI-T2-RTX-PRO-6000-PCIe-GTD-3mo-US,2026-09-23,T2,T2,RTXPRO6000,PCIe,GTD,US,3M,market_intelligence,7,1.1000,1.1000,1.1000,median,1.1000,1.1000,1.1000,1.1000,1.1000,1.1000,1.1000,1,7,cloudrift,10000.0,1,1,1,3,1,7,Low,Shadow,2026-09-17,2026-09-23,v2.4.0,direct,,,,,,,,
CRI-T2-RTX-PRO-6000-PCIe-INT-OD-US,2026-09-23,T2,T2,RTXPRO6000,PCIe,INT,US,OnDemand,citable,7,1.2907,1.2907,1.2907,median,1.1950,1.3863,1.1950,1.3863,1.2907,1.2907,1.2907,1,14,coreweave,10000.0,1,2,1,6,1,14,Low,Shadow,2026-09-17,2026-09-23,v2.4.0,direct,,,,,,,,
CRI-T2-T4-ALL-ALL-1mo-APAC,2026-09-23,T2,T2,T4,ALL,ALL,APAC,1M,market_intelligence,7,0.3646,0.3646,0.3646,median,0.3646,0.3646,0.3646,0.3646,0.3646,0.3646,0.3646,1,7,e2e,10000.0,1,1,1,3,1,7,Low,Shadow,2026-09-17,2026-09-23,v2.4.0,direct,,,,,,,,
CRI-T2-T4-ALL-ALL-OD-APAC,2026-09-23,T2,T2,T4,ALL,ALL,APAC,OnDemand,citable,7,0.5400,0.5400,0.5400,median,0.5400,0.5400,0.5400,0.5400,0.5400,0.5400,0.5400,1,7,e2e,10000.0,1,1,1,3,1,7,Low,Shadow,2026-09-17,2026-09-23,v2.4.0,direct,,,,,,,,
CRI-T2-T4-ALL-GTD-1mo-APAC,2026-09-23,T2,T2,T4,ALL,GTD,APAC,1M,market_intelligence,7,0.3646,0.3646,0.3646,median,0.3646,0.3646,0.3646,0.3646,0.3646,0.3646,0.3646,1,7,e2e,10000.0,1,1,1,3,1,7,Low,Shadow,2026-09-17,2026-09-23,v2.4.0,direct,,,,,,,,
CRI-T2-T4-ALL-GTD-OD-APAC,2026-09-23,T2,T2,T4,ALL,GTD,APAC,OnDemand,citable,7,0.5400,0.5400,0.5400,median,0.5400,0.5400,0.5400,0.5400,0.5400,0.5400,0.5400,1,7,e2e,10000.0,1,1,1,3,1,7,Low,Shadow,2026-09-17,2026-09-23,v2.4.0,direct,,,,,,,,
CRI-T2-V100-16GB-ALL-ALL-1mo-APAC,2026-09-23,T2,T2,V100,ALL,ALL,APAC,1M,market_intelligence,7,1.0417,1.0417,1.0417,median,1.0417,1.0417,1.0417,1.0417,1.0417,1.0417,1.0417,1,7,e2e,10000.0,1,1,1,3,1,7,Low,Shadow,2026-09-17,2026-09-23,v2.4.0,direct,,,,,,,,
CRI-T2-V100-16GB-ALL-ALL-1mo-EU,2026-09-23,T2,T2,V100,ALL,ALL,EU,1M,market_intelligence,7,0.1746,0.1725,0.1725,median,0.1725,0.1774,0.1695,0.1803,0.1803,0.1784,0.1746,1,7,datacrunch,10000.0,1,1,1,3,1,7,Low,Shadow,2026-09-17,2026-09-23,v2.4.0,direct,,,,,,,,
CRI-T2-V100-16GB-ALL-ALL-1mo-US,2026-09-23,T2,T2,V100,ALL,ALL,US,1M,market_intelligence,7,0.2300,0.2300,0.2300,median,0.2300,0.2300,0.2300,0.2300,0.2300,0.2300,0.2300,1,7,cloudrift,10000.0,1,1,1,3,1,7,Low,Shadow,2026-09-17,2026-09-23,v2.4.0,direct,,,,,,,,
CRI-T2-V100-16GB-ALL-ALL-1yr-ALL,2026-09-23,T2,T2,V100,ALL,ALL,ALL,1Y,market_intelligence,7,0.1639,0.1619,0.1619,median,0.1619,0.1665,0.1592,0.1693,0.1693,0.1674,0.1639,1,7,datacrunch,10000.0,1,1,1,3,1,7,Low,Shadow,2026-09-17,2026-09-23,v2.4.0,direct,,,,,,,,
CRI-T2-V100-16GB-ALL-ALL-1yr-APAC,2026-09-23,T2,T2,V100,ALL,ALL,APAC,1Y,market_intelligence,7,0.9247,0.9247,0.9247,median,0.9247,0.9247,0.9247,0.9247,0.9247,0.9247,0.9247,1,7,e2e,10000.0,1,1,1,3,1,7,Low,Shadow,2026-09-17,2026-09-23,v2.4.0,direct,,,,,,,,
CRI-T2-V100-16GB-ALL-ALL-1yr-EU,2026-09-23,T2,T2,V100,ALL,ALL,EU,1Y,market_intelligence,7,0.1639,0.1619,0.1619,median,0.1619,0.1665,0.1592,0.1693,0.1693,0.1674,0.1639,1,7,datacrunch,10000.0,1,1,1,3,1,7,Low,Shadow,2026-09-17,2026-09-23,v2.4.0,direct,,,,,,,,
CRI-T2-V100-16GB-ALL-ALL-2yr-ALL,2026-09-23,T2,T2,V100,ALL,ALL,ALL,2Y,market_intelligence,7,0.1336,0.1320,0.1320,median,0.1320,0.1358,0.1298,0.1380,0.1380,0.1365,0.1336,1,7,datacrunch,10000.0,1,1,1,3,1,7,Low,Shadow,2026-09-17,2026-09-23,v2.4.0,direct,,,,,,,,
CRI-T2-V100-16GB-ALL-ALL-2yr-EU,2026-09-23,T2,T2,V100,ALL,ALL,EU,2Y,market_intelligence,7,0.1336,0.1320,0.1320,median,0.1320,0.1358,0.1298,0.1380,0.1380,0.1365,0.1336,1,7,datacrunch,10000.0,1,1,1,3,1,7,Low,Shadow,2026-09-17,2026-09-23,v2.4.0,direct,,,,,,,,
CRI-T2-V100-16GB-ALL-ALL-3mo-APAC,2026-09-23,T2,T2,V100,ALL,ALL,APAC,3M,market_intelligence,7,1.0156,1.0156,1.0156,median,1.0156,1.0156,1.0156,1.0156,1.0156,1.0156,1.0156,1,7,e2e,10000.0,1,1,1,3,1,7,Low,Shadow,2026-09-17,2026-09-23,v2.4.0,direct,,,,,,,,
CRI-T2-V100-16GB-ALL-ALL-3mo-EU,2026-09-23,T2,T2,V100,ALL,ALL,EU,3M,market_intelligence,7,0.1728,0.1707,0.1707,median,0.1707,0.1755,0.1678,0.1785,0.1785,0.1765,0.1728,1,7,datacrunch,10000.0,1,1,1,3,1,7,Low,Shadow,2026-09-17,2026-09-23,v2.4.0,direct,,,,,,,,
CRI-T2-V100-16GB-ALL-ALL-3mo-US,2026-09-23,T2,T2,V100,ALL,ALL,US,3M,market_intelligence,7,0.2100,0.2100,0.2100,median,0.2100,0.2100,0.2100,0.2100,0.2100,0.2100,0.2100,1,7,cloudrift,10000.0,1,1,1,3,1,7,Low,Shadow,2026-09-17,2026-09-23,v2.4.0,direct,,,,,,,,
CRI-T2-V100-16GB-ALL-ALL-6mo-ALL,2026-09-23,T2,T2,V100,ALL,ALL,ALL,6M,market_intelligence,7,0.1710,0.1690,0.1690,median,0.1690,0.1738,0.1661,0.1766,0.1766,0.1747,0.1710,1,7,datacrunch,10000.0,1,1,1,3,1,7,Low,Shadow,2026-09-17,2026-09-23,v2.4.0,direct,,,,,,,,
CRI-T2-V100-16GB-ALL-ALL-6mo-APAC,2026-09-23,T2,T2,V100,ALL,ALL,APAC,6M,market_intelligence,7,0.9734,0.9734,0.9734,median,0.9734,0.9734,0.9734,0.9734,0.9734,0.9734,0.9734,1,7,e2e,10000.0,1,1,1,3,1,7,Low,Shadow,2026-09-17,2026-09-23,v2.4.0,direct,,,,,,,,
CRI-T2-V100-16GB-ALL-ALL-6mo-EU,2026-09-23,T2,T2,V100,ALL,ALL,EU,6M,market_intelligence,7,0.1710,0.1690,0.1690,median,0.1690,0.1738,0.1661,0.1766,0.1766,0.1747,0.1710,1,7,datacrunch,10000.0,1,1,1,3,1,7,Low,Shadow,2026-09-17,2026-09-23,v2.4.0,direct,,,,,,,,
CRI-T2-V100-16GB-ALL-ALL-OD-ALL,2026-09-23,T2,T2,V100,ALL,ALL,ALL,OnDemand,citable,7,0.3524,0.4613,0.4613,median,0.0910,0.7900,0.0865,0.7900,0.3553,0.3543,0.3524,2,21,datacrunch|lambda,5000.0,2,3,2,9,2,21,Medium,Shadow,2026-09-17,2026-09-23,v2.4.0,direct,,,,,,,,
CRI-T2-V100-16GB-ALL-ALL-OD-APAC,2026-09-23,T2,T2,V100,ALL,ALL,APAC,OnDemand,citable,7,1.5000,1.5000,1.5000,median,1.5000,1.5000,1.5000,1.5000,1.5000,1.5000,1.5000,1,7,e2e,10000.0,1,1,1,3,1,7,Low,Shadow,2026-09-17,2026-09-23,v2.4.0,direct,,,,,,,,
CRI-T2-V100-16GB-ALL-ALL-OD-EU,2026-09-23,T2,T2,V100,ALL,ALL,EU,OnDemand,citable,7,0.1336,0.1325,0.1325,median,0.0885,0.1760,0.0865,0.1840,0.1380,0.1365,0.1336,1,14,datacrunch,10000.0,1,2,1,6,1,14,Low,Shadow,2026-09-17,2026-09-23,v2.4.0,direct,,,,,,,,
CRI-T2-V100-16GB-ALL-ALL-OD-US,2026-09-23,T2,T2,V100,ALL,ALL,US,OnDemand,citable,7,0.7900,0.7900,0.7900,median,0.7900,0.7900,0.7900,0.7900,0.7900,0.7900,0.7900,1,7,lambda,10000.0,1,1,1,3,1,7,Low,Shadow,2026-09-17,2026-09-23,v2.4.0,direct,,,,,,,,
CRI-T2-V100-16GB-ALL-GTD-1mo-APAC,2026-09-23,T2,T2,V100,ALL,GTD,APAC,1M,market_intelligence,7,1.0417,1.0417,1.0417,median,1.0417,1.0417,1.0417,1.0417,1.0417,1.0417,1.0417,1,7,e2e,10000.0,1,1,1,3,1,7,Low,Shadow,2026-09-17,2026-09-23,v2.4.0,direct,,,,,,,,
CRI-T2-V100-16GB-ALL-GTD-1mo-EU,2026-09-23,T2,T2,V100,ALL,GTD,EU,1M,market_intelligence,7,0.1746,0.1725,0.1725,median,0.1725,0.1774,0.1695,0.1803,0.1803,0.1784,0.1746,1,7,datacrunch,10000.0,1,1,1,3,1,7,Low,Shadow,2026-09-17,2026-09-23,v2.4.0,direct,,,,,,,,
CRI-T2-V100-16GB-ALL-GTD-1mo-US,2026-09-23,T2,T2,V100,ALL,GTD,US,1M,market_intelligence,7,0.2300,0.2300,0.2300,median,0.2300,0.2300,0.2300,0.2300,0.2300,0.2300,0.2300,1,7,cloudrift,10000.0,1,1,1,3,1,7,Low,Shadow,2026-09-17,2026-09-23,v2.4.0,direct,,,,,,,,
CRI-T2-V100-16GB-ALL-GTD-1yr-ALL,2026-09-23,T2,T2,V100,ALL,GTD,ALL,1Y,market_intelligence,7,0.1639,0.1619,0.1619,median,0.1619,0.1665,0.1592,0.1693,0.1693,0.1674,0.1639,1,7,datacrunch,10000.0,1,1,1,3,1,7,Low,Shadow,2026-09-17,2026-09-23,v2.4.0,direct,,,,,,,,
CRI-T2-V100-16GB-ALL-GTD-1yr-APAC,2026-09-23,T2,T2,V100,ALL,GTD,APAC,1Y,market_intelligence,7,0.9247,0.9247,0.9247,median,0.9247,0.9247,0.9247,0.9247,0.9247,0.9247,0.9247,1,7,e2e,10000.0,1,1,1,3,1,7,Low,Shadow,2026-09-17,2026-09-23,v2.4.0,direct,,,,,,,,
CRI-T2-V100-16GB-ALL-GTD-1yr-EU,2026-09-23,T2,T2,V100,ALL,GTD,EU,1Y,market_intelligence,7,0.1639,0.1619,0.1619,median,0.1619,0.1665,0.1592,0.1693,0.1693,0.1674,0.1639,1,7,datacrunch,10000.0,1,1,1,3,1,7,Low,Shadow,2026-09-17,2026-09-23,v2.4.0,direct,,,,,,,,
CRI-T2-V100-16GB-ALL-GTD-2yr-ALL,2026-09-23,T2,T2,V100,ALL,GTD,ALL,2Y,market_intelligence,7,0.1336,0.1320,0.1320,median,0.1320,0.1358,0.1298,0.1380,0.1380,0.1365,0.1336,1,7,datacrunch,10000.0,1,1,1,3,1,7,Low,Shadow,2026-09-17,2026-09-23,v2.4.0,direct,,,,,,,,
CRI-T2-V100-16GB-ALL-GTD-2yr-EU,2026-09-23,T2,T2,V100,ALL,GTD,EU,2Y,market_intelligence,7,0.1336,0.1320,0.1320,median,0.1320,0.1358,0.1298,0.1380,0.1380,0.1365,0.1336,1,7,datacrunch,10000.0,1,1,1,3,1,7,Low,Shadow,2026-09-17,2026-09-23,v2.4.0,direct,,,,,,,,
CRI-T2-V100-16GB-ALL-GTD-3mo-APAC,2026-09-23,T2,T2,V100,ALL,GTD,APAC,3M,market_intelligence,7,1.0156,1.0156,1.0156,median,1.0156,1.0156,1.0156,1.0156,1.0156,1.0156,1.0156,1,7,e2e,10000.0,1,1,1,3,1,7,Low,Shadow,2026-09-17,2026-09-23,v2.4.0,direct,,,,,,,,
CRI-T2-V100-16GB-ALL-GTD-3mo-EU,2026-09-23,T2,T2,V100,ALL,GTD,EU,3M,market_intelligence,7,0.1728,0.1707,0.1707,median,0.1707,0.1755,0.1678,0.1785,0.1785,0.1765,0.1728,1,7,datacrunch,10000.0,1,1,1,3,1,7,Low,Shadow,2026-09-17,2026-09-23,v2.4.0,direct,,,,,,,,
CRI-T2-V100-16GB-ALL-GTD-3mo-US,2026-09-23,T2,T2,V100,ALL,GTD,US,3M,market_intelligence,7,0.2100,0.2100,0.2100,median,0.2100,0.2100,0.2100,0.2100,0.2100,0.2100,0.2100,1,7,cloudrift,10000.0,1,1,1,3,1,7,Low,Shadow,2026-09-17,2026-09-23,v2.4.0,direct,,,,,,,,
CRI-T2-V100-16GB-ALL-GTD-6mo-ALL,2026-09-23,T2,T2,V100,ALL,GTD,ALL,6M,market_intelligence,7,0.1710,0.1690,0.1690,median,0.1690,0.1738,0.1661,0.1766,0.1766,0.1747,0.1710,1,7,datacrunch,10000.0,1,1,1,3,1,7,Low,Shadow,2026-09-17,2026-09-23,v2.4.0,direct,,,,,,,,
CRI-T2-V100-16GB-ALL-GTD-6mo-APAC,2026-09-23,T2,T2,V100,ALL,GTD,APAC,6M,market_intelligence,7,0.9734,0.9734,0.9734,median,0.9734,0.9734,0.9734,0.9734,0.9734,0.9734,0.9734,1,7,e2e,10000.0,1,1,1,3,1,7,Low,Shadow,2026-09-17,2026-09-23,v2.4.0,direct,,,,,,,,
CRI-T2-V100-16GB-ALL-GTD-6mo-EU,2026-09-23,T2,T2,V100,ALL,GTD,EU,6M,market_intelligence,7,0.1710,0.1690,0.1690,median,0.1690,0.1738,0.1661,0.1766,0.1766,0.1747,0.1710,1,7,datacrunch,10000.0,1,1,1,3,1,7,Low,Shadow,2026-09-17,2026-09-23,v2.4.0,direct,,,,,,,,
CRI-T2-V100-16GB-ALL-GTD-OD-ALL,2026-09-23,T2,T2,V100,ALL,GTD,ALL,OnDemand,citable,7,0.4841,0.4830,0.4830,median,0.1770,0.7900,0.1730,0.7900,0.4870,0.4860,0.4841,2,14,datacrunch|lambda,5000.0,2,2,2,6,2,14,Medium,Shadow,2026-09-17,2026-09-23,v2.4.0,direct,,,,,,,,
CRI-T2-V100-16GB-ALL-GTD-OD-APAC,2026-09-23,T2,T2,V100,ALL,GTD,APAC,OnDemand,citable,7,1.5000,1.5000,1.5000,median,1.5000,1.5000,1.5000,1.5000,1.5000,1.5000,1.5000,1,7,e2e,10000.0,1,1,1,3,1,7,Low,Shadow,2026-09-17,2026-09-23,v2.4.0,direct,,,,,,,,
CRI-T2-V100-16GB-ALL-GTD-OD-EU,2026-09-23,T2,T2,V100,ALL,GTD,EU,OnDemand,citable,7,0.1781,0.1760,0.1760,median,0.1760,0.1810,0.1730,0.1840,0.1840,0.1820,0.1781,1,7,datacrunch,10000.0,1,1,1,3,1,7,Low,Shadow,2026-09-17,2026-09-23,v2.4.0,direct,,,,,,,,
CRI-T2-V100-16GB-ALL-GTD-OD-US,2026-09-23,T2,T2,V100,ALL,GTD,US,OnDemand,citable,7,0.7900,0.7900,0.7900,median,0.7900,0.7900,0.7900,0.7900,0.7900,0.7900,0.7900,1,7,lambda,10000.0,1,1,1,3,1,7,Low,Shadow,2026-09-17,2026-09-23,v2.4.0,direct,,,,,,,,
CRI-T2-V100-16GB-ALL-INT-OD-ALL,2026-09-23,T2,T2,V100,ALL,INT,ALL,OnDemand,citable,7,0.0891,0.0880,0.0880,median,0.0880,0.0905,0.0865,0.0920,0.0920,0.0910,0.0891,1,7,datacrunch,10000.0,1,1,1,3,1,7,Low,Shadow,2026-09-17,2026-09-23,v2.4.0,direct,,,,,,,,
CRI-T2-V100-16GB-ALL-INT-OD-EU,2026-09-23,T2,T2,V100,ALL,INT,EU,OnDemand,citable,7,0.0891,0.0880,0.0880,median,0.0880,0.0905,0.0865,0.0920,0.0920,0.0910,0.0891,1,7,datacrunch,10000.0,1,1,1,3,1,7,Low,Shadow,2026-09-17,2026-09-23,v2.4.0,direct,,,,,,,,
CRI-T2-V100-16GB-SXM-ALL-1mo-EU,2026-09-23,T2,T2,V100,SXM,ALL,EU,1M,market_intelligence,7,0.1746,0.1725,0.1725,median,0.1725,0.1774,0.1695,0.1803,0.1803,0.1784,0.1746,1,7,datacrunch,10000.0,1,1,1,3,1,7,Low,Shadow,2026-09-17,2026-09-23,v2.4.0,direct,,,,,,,,
CRI-T2-V100-16GB-SXM-ALL-1mo-US,2026-09-23,T2,T2,V100,SXM,ALL,US,1M,market_intelligence,7,0.2300,0.2300,0.2300,median,0.2300,0.2300,0.2300,0.2300,0.2300,0.2300,0.2300,1,7,cloudrift,10000.0,1,1,1,3,1,7,Low,Shadow,2026-09-17,2026-09-23,v2.4.0,direct,,,,,,,,
CRI-T2-V100-16GB-SXM-ALL-1yr-ALL,2026-09-23,T2,T2,V100,SXM,ALL,ALL,1Y,market_intelligence,7,0.1639,0.1619,0.1619,median,0.1619,0.1665,0.1592,0.1693,0.1693,0.1674,0.1639,1,7,datacrunch,10000.0,1,1,1,3,1,7,Low,Shadow,2026-09-17,2026-09-23,v2.4.0,direct,,,,,,,,
CRI-T2-V100-16GB-SXM-ALL-1yr-EU,2026-09-23,T2,T2,V100,SXM,ALL,EU,1Y,market_intelligence,7,0.1639,0.1619,0.1619,median,0.1619,0.1665,0.1592,0.1693,0.1693,0.1674,0.1639,1,7,datacrunch,10000.0,1,1,1,3,1,7,Low,Shadow,2026-09-17,2026-09-23,v2.4.0,direct,,,,,,,,
CRI-T2-V100-16GB-SXM-ALL-2yr-ALL,2026-09-23,T2,T2,V100,SXM,ALL,ALL,2Y,market_intelligence,7,0.1336,0.1320,0.1320,median,0.1320,0.1358,0.1298,0.1380,0.1380,0.1365,0.1336,1,7,datacrunch,10000.0,1,1,1,3,1,7,Low,Shadow,2026-09-17,2026-09-23,v2.4.0,direct,,,,,,,,
CRI-T2-V100-16GB-SXM-ALL-2yr-EU,2026-09-23,T2,T2,V100,SXM,ALL,EU,2Y,market_intelligence,7,0.1336,0.1320,0.1320,median,0.1320,0.1358,0.1298,0.1380,0.1380,0.1365,0.1336,1,7,datacrunch,10000.0,1,1,1,3,1,7,Low,Shadow,2026-09-17,2026-09-23,v2.4.0,direct,,,,,,,,
CRI-T2-V100-16GB-SXM-ALL-3mo-EU,2026-09-23,T2,T2,V100,SXM,ALL,EU,3M,market_intelligence,7,0.1728,0.1707,0.1707,median,0.1707,0.1755,0.1678,0.1785,0.1785,0.1765,0.1728,1,7,datacrunch,10000.0,1,1,1,3,1,7,Low,Shadow,2026-09-17,2026-09-23,v2.4.0,direct,,,,,,,,
CRI-T2-V100-16GB-SXM-ALL-3mo-US,2026-09-23,T2,T2,V100,SXM,ALL,US,3M,market_intelligence,7,0.2100,0.2100,0.2100,median,0.2100,0.2100,0.2100,0.2100,0.2100,0.2100,0.2100,1,7,cloudrift,10000.0,1,1,1,3,1,7,Low,Shadow,2026-09-17,2026-09-23,v2.4.0,direct,,,,,,,,
CRI-T2-V100-16GB-SXM-ALL-6mo-ALL,2026-09-23,T2,T2,V100,SXM,ALL,ALL,6M,market_intelligence,7,0.1710,0.1690,0.1690,median,0.1690,0.1738,0.1661,0.1766,0.1766,0.1747,0.1710,1,7,datacrunch,10000.0,1,1,1,3,1,7,Low,Shadow,2026-09-17,2026-09-23,v2.4.0,direct,,,,,,,,
CRI-T2-V100-16GB-SXM-ALL-6mo-EU,2026-09-23,T2,T2,V100,SXM,ALL,EU,6M,market_intelligence,7,0.1710,0.1690,0.1690,median,0.1690,0.1738,0.1661,0.1766,0.1766,0.1747,0.1710,1,7,datacrunch,10000.0,1,1,1,3,1,7,Low,Shadow,2026-09-17,2026-09-23,v2.4.0,direct,,,,,,,,
CRI-T2-V100-16GB-SXM-ALL-OD-ALL,2026-09-23,T2,T2,V100,SXM,ALL,ALL,OnDemand,citable,7,0.3524,0.4613,0.4613,median,0.0910,0.7900,0.0865,0.7900,0.3553,0.3543,0.3524,2,21,datacrunch|lambda,5000.0,2,3,2,9,2,21,Medium,Shadow,2026-09-17,2026-09-23,v2.4.0,direct,,,,,,,,
CRI-T2-V100-16GB-SXM-ALL-OD-EU,2026-09-23,T2,T2,V100,SXM,ALL,EU,OnDemand,citable,7,0.1336,0.1325,0.1325,median,0.0885,0.1760,0.0865,0.1840,0.1380,0.1365,0.1336,1,14,datacrunch,10000.0,1,2,1,6,1,14,Low,Shadow,2026-09-17,2026-09-23,v2.4.0,direct,,,,,,,,
CRI-T2-V100-16GB-SXM-ALL-OD-US,2026-09-23,T2,T2,V100,SXM,ALL,US,OnDemand,citable,7,0.7900,0.7900,0.7900,median,0.7900,0.7900,0.7900,0.7900,0.7900,0.7900,0.7900,1,7,lambda,10000.0,1,1,1,3,1,7,Low,Shadow,2026-09-17,2026-09-23,v2.4.0,direct,,,,,,,,
CRI-T2-V100-16GB-SXM-GTD-1mo-EU,2026-09-23,T2,T2,V100,SXM,GTD,EU,1M,market_intelligence,7,0.1746,0.1725,0.1725,median,0.1725,0.1774,0.1695,0.1803,0.1803,0.1784,0.1746,1,7,datacrunch,10000.0,1,1,1,3,1,7,Low,Shadow,2026-09-17,2026-09-23,v2.4.0,direct,,,,,,,,
CRI-T2-V100-16GB-SXM-GTD-1mo-US,2026-09-23,T2,T2,V100,SXM,GTD,US,1M,market_intelligence,7,0.2300,0.2300,0.2300,median,0.2300,0.2300,0.2300,0.2300,0.2300,0.2300,0.2300,1,7,cloudrift,10000.0,1,1,1,3,1,7,Low,Shadow,2026-09-17,2026-09-23,v2.4.0,direct,,,,,,,,
CRI-T2-V100-16GB-SXM-GTD-1yr-ALL,2026-09-23,T2,T2,V100,SXM,GTD,ALL,1Y,market_intelligence,7,0.1639,0.1619,0.1619,median,0.1619,0.1665,0.1592,0.1693,0.1693,0.1674,0.1639,1,7,datacrunch,10000.0,1,1,1,3,1,7,Low,Shadow,2026-09-17,2026-09-23,v2.4.0,direct,,,,,,,,
CRI-T2-V100-16GB-SXM-GTD-1yr-EU,2026-09-23,T2,T2,V100,SXM,GTD,EU,1Y,market_intelligence,7,0.1639,0.1619,0.1619,median,0.1619,0.1665,0.1592,0.1693,0.1693,0.1674,0.1639,1,7,datacrunch,10000.0,1,1,1,3,1,7,Low,Shadow,2026-09-17,2026-09-23,v2.4.0,direct,,,,,,,,
CRI-T2-V100-16GB-SXM-GTD-2yr-ALL,2026-09-23,T2,T2,V100,SXM,GTD,ALL,2Y,market_intelligence,7,0.1336,0.1320,0.1320,median,0.1320,0.1358,0.1298,0.1380,0.1380,0.1365,0.1336,1,7,datacrunch,10000.0,1,1,1,3,1,7,Low,Shadow,2026-09-17,2026-09-23,v2.4.0,direct,,,,,,,,
CRI-T2-V100-16GB-SXM-GTD-2yr-EU,2026-09-23,T2,T2,V100,SXM,GTD,EU,2Y,market_intelligence,7,0.1336,0.1320,0.1320,median,0.1320,0.1358,0.1298,0.1380,0.1380,0.1365,0.1336,1,7,datacrunch,10000.0,1,1,1,3,1,7,Low,Shadow,2026-09-17,2026-09-23,v2.4.0,direct,,,,,,,,
CRI-T2-V100-16GB-SXM-GTD-3mo-EU,2026-09-23,T2,T2,V100,SXM,GTD,EU,3M,market_intelligence,7,0.1728,0.1707,0.1707,median,0.1707,0.1755,0.1678,0.1785,0.1785,0.1765,0.1728,1,7,datacrunch,10000.0,1,1,1,3,1,7,Low,Shadow,2026-09-17,2026-09-23,v2.4.0,direct,,,,,,,,
CRI-T2-V100-16GB-SXM-GTD-3mo-US,2026-09-23,T2,T2,V100,SXM,GTD,US,3M,market_intelligence,7,0.2100,0.2100,0.2100,median,0.2100,0.2100,0.2100,0.2100,0.2100,0.2100,0.2100,1,7,cloudrift,10000.0,1,1,1,3,1,7,Low,Shadow,2026-09-17,2026-09-23,v2.4.0,direct,,,,,,,,
CRI-T2-V100-16GB-SXM-GTD-6mo-ALL,2026-09-23,T2,T2,V100,SXM,GTD,ALL,6M,market_intelligence,7,0.1710,0.1690,0.1690,median,0.1690,0.1738,0.1661,0.1766,0.1766,0.1747,0.1710,1,7,datacrunch,10000.0,1,1,1,3,1,7,Low,Shadow,2026-09-17,2026-09-23,v2.4.0,direct,,,,,,,,
CRI-T2-V100-16GB-SXM-GTD-6mo-EU,2026-09-23,T2,T2,V100,SXM,GTD,EU,6M,market_intelligence,7,0.1710,0.1690,0.1690,median,0.1690,0.1738,0.1661,0.1766,0.1766,0.1747,0.1710,1,7,datacrunch,10000.0,1,1,1,3,1,7,Low,Shadow,2026-09-17,2026-09-23,v2.4.0,direct,,,,,,,,
CRI-T2-V100-16GB-SXM-GTD-OD-ALL,2026-09-23,T2,T2,V100,SXM,GTD,ALL,OnDemand,citable,7,0.4841,0.4830,0.4830,median,0.1770,0.7900,0.1730,0.7900,0.4870,0.4860,0.4841,2,14,datacrunch|lambda,5000.0,2,2,2,6,2,14,Medium,Shadow,2026-09-17,2026-09-23,v2.4.0,direct,,,,,,,,
CRI-T2-V100-16GB-SXM-GTD-OD-EU,2026-09-23,T2,T2,V100,SXM,GTD,EU,OnDemand,citable,7,0.1781,0.1760,0.1760,median,0.1760,0.1810,0.1730,0.1840,0.1840,0.1820,0.1781,1,7,datacrunch,10000.0,1,1,1,3,1,7,Low,Shadow,2026-09-17,2026-09-23,v2.4.0,direct,,,,,,,,
CRI-T2-V100-16GB-SXM-GTD-OD-US,2026-09-23,T2,T2,V100,SXM,GTD,US,OnDemand,citable,7,0.7900,0.7900,0.7900,median,0.7900,0.7900,0.7900,0.7900,0.7900,0.7900,0.7900,1,7,lambda,10000.0,1,1,1,3,1,7,Low,Shadow,2026-09-17,2026-09-23,v2.4.0,direct,,,,,,,,
CRI-T2-V100-16GB-SXM-INT-OD-ALL,2026-09-23,T2,T2,V100,SXM,INT,ALL,OnDemand,citable,7,0.0891,0.0880,0.0880,median,0.0880,0.0905,0.0865,0.0920,0.0920,0.0910,0.0891,1,7,datacrunch,10000.0,1,1,1,3,1,7,Low,Shadow,2026-09-17,2026-09-23,v2.4.0,direct,,,,,,,,
CRI-T2-V100-16GB-SXM-INT-OD-EU,2026-09-23,T2,T2,V100,SXM,INT,EU,OnDemand,citable,7,0.0891,0.0880,0.0880,median,0.0880,0.0905,0.0865,0.0920,0.0920,0.0910,0.0891,1,7,datacrunch,10000.0,1,1,1,3,1,7,Low,Shadow,2026-09-17,2026-09-23,v2.4.0,direct,,,,,,,,
CRI-T2-V100-ALL-ALL-1mo-ALL,2026-09-23,T2,T2,V100,ALL,ALL,ALL,1M,market_intelligence,7,0.2500,0.2500,0.2500,median,0.2500,0.2500,0.2500,0.2500,0.2500,0.2500,0.2500,1,7,cloudrift,10000.0,1,1,1,3,1,7,Low,Shadow,2026-09-17,2026-09-23,v2.4.0,direct,,,,,,,,
CRI-T2-V100-ALL-ALL-1mo-US,2026-09-23,T2,T2,V100,ALL,ALL,US,1M,market_intelligence,7,0.2500,0.2500,0.2500,median,0.2500,0.2500,0.2500,0.2500,0.2500,0.2500,0.2500,1,7,cloudrift,10000.0,1,1,1,3,1,7,Low,Shadow,2026-09-17,2026-09-23,v2.4.0,direct,,,,,,,,
CRI-T2-V100-ALL-ALL-3mo-ALL,2026-09-23,T2,T2,V100,ALL,ALL,ALL,3M,market_intelligence,7,0.2400,0.2400,0.2400,median,0.2400,0.2400,0.2400,0.2400,0.2400,0.2400,0.2400,1,7,cloudrift,10000.0,1,1,1,3,1,7,Low,Shadow,2026-09-17,2026-09-23,v2.4.0,direct,,,,,,,,
CRI-T2-V100-ALL-ALL-3mo-US,2026-09-23,T2,T2,V100,ALL,ALL,US,3M,market_intelligence,7,0.2400,0.2400,0.2400,median,0.2400,0.2400,0.2400,0.2400,0.2400,0.2400,0.2400,1,7,cloudrift,10000.0,1,1,1,3,1,7,Low,Shadow,2026-09-17,2026-09-23,v2.4.0,direct,,,,,,,,
CRI-T2-V100-ALL-ALL-OD-ALL,2026-09-23,T2,T2,V100,ALL,ALL,ALL,OnDemand,citable,7,1.1500,1.1500,1.1500,median,1.1500,1.1500,1.1500,1.1500,1.1500,1.1500,1.1500,1,7,paperspace,10000.0,1,1,1,3,1,7,Low,Shadow,2026-09-17,2026-09-23,v2.4.0,direct,,,,,,,,
CRI-T2-V100-ALL-ALL-OD-US,2026-09-23,T2,T2,V100,ALL,ALL,US,OnDemand,citable,7,1.1500,1.1500,1.1500,median,1.1500,1.1500,1.1500,1.1500,1.1500,1.1500,1.1500,1,7,paperspace,10000.0,1,1,1,3,1,7,Low,Shadow,2026-09-17,2026-09-23,v2.4.0,direct,,,,,,,,
CRI-T2-V100-ALL-GTD-1mo-ALL,2026-09-23,T2,T2,V100,ALL,GTD,ALL,1M,market_intelligence,7,0.2500,0.2500,0.2500,median,0.2500,0.2500,0.2500,0.2500,0.2500,0.2500,0.2500,1,7,cloudrift,10000.0,1,1,1,3,1,7,Low,Shadow,2026-09-17,2026-09-23,v2.4.0,direct,,,,,,,,
CRI-T2-V100-ALL-GTD-1mo-US,2026-09-23,T2,T2,V100,ALL,GTD,US,1M,market_intelligence,7,0.2500,0.2500,0.2500,median,0.2500,0.2500,0.2500,0.2500,0.2500,0.2500,0.2500,1,7,cloudrift,10000.0,1,1,1,3,1,7,Low,Shadow,2026-09-17,2026-09-23,v2.4.0,direct,,,,,,,,
CRI-T2-V100-ALL-GTD-3mo-ALL,2026-09-23,T2,T2,V100,ALL,GTD,ALL,3M,market_intelligence,7,0.2400,0.2400,0.2400,median,0.2400,0.2400,0.2400,0.2400,0.2400,0.2400,0.2400,1,7,cloudrift,10000.0,1,1,1,3,1,7,Low,Shadow,2026-09-17,2026-09-23,v2.4.0,direct,,,,,,,,
CRI-T2-V100-ALL-GTD-3mo-US,2026-09-23,T2,T2,V100,ALL,GTD,US,3M,market_intelligence,7,0.2400,0.2400,0.2400,median,0.2400,0.2400,0.2400,0.2400,0.2400,0.2400,0.2400,1,7,cloudrift,10000.0,1,1,1,3,1,7,Low,Shadow,2026-09-17,2026-09-23,v2.4.0,direct,,,,,,,,
CRI-T2-V100-ALL-GTD-OD-ALL,2026-09-23,T2,T2,V100,ALL,GTD,ALL,OnDemand,citable,7,1.1500,1.1500,1.1500,median,1.1500,1.1500,1.1500,1.1500,1.1500,1.1500,1.1500,1,7,paperspace,10000.0,1,1,1,3,1,7,Low,Shadow,2026-09-17,2026-09-23,v2.4.0,direct,,,,,,,,
CRI-T2-V100-ALL-GTD-OD-US,2026-09-23,T2,T2,V100,ALL,GTD,US,OnDemand,citable,7,1.1500,1.1500,1.1500,median,1.1500,1.1500,1.1500,1.1500,1.1500,1.1500,1.1500,1,7,paperspace,10000.0,1,1,1,3,1,7,Low,Shadow,2026-09-17,2026-09-23,v2.4.0,direct,,,,,,,,
CRI-T2-V100-SXM-ALL-1mo-ALL,2026-09-23,T2,T2,V100,SXM,ALL,ALL,1M,market_intelligence,7,0.2500,0.2500,0.2500,median,0.2500,0.2500,0.2500,0.2500,0.2500,0.2500,0.2500,1,7,cloudrift,10000.0,1,1,1,3,1,7,Low,Shadow,2026-09-17,2026-09-23,v2.4.0,direct,,,,,,,,
CRI-T2-V100-SXM-ALL-1mo-US,2026-09-23,T2,T2,V100,SXM,ALL,US,1M,market_intelligence,7,0.2500,0.2500,0.2500,median,0.2500,0.2500,0.2500,0.2500,0.2500,0.2500,0.2500,1,7,cloudrift,10000.0,1,1,1,3,1,7,Low,Shadow,2026-09-17,2026-09-23,v2.4.0,direct,,,,,,,,
CRI-T2-V100-SXM-ALL-3mo-ALL,2026-09-23,T2,T2,V100,SXM,ALL,ALL,3M,market_intelligence,7,0.2400,0.2400,0.2400,median,0.2400,0.2400,0.2400,0.2400,0.2400,0.2400,0.2400,1,7,cloudrift,10000.0,1,1,1,3,1,7,Low,Shadow,2026-09-17,2026-09-23,v2.4.0,direct,,,,,,,,
CRI-T2-V100-SXM-ALL-3mo-US,2026-09-23,T2,T2,V100,SXM,ALL,US,3M,market_intelligence,7,0.2400,0.2400,0.2400,median,0.2400,0.2400,0.2400,0.2400,0.2400,0.2400,0.2400,1,7,cloudrift,10000.0,1,1,1,3,1,7,Low,Shadow,2026-09-17,2026-09-23,v2.4.0,direct,,,,,,,,
CRI-T2-V100-SXM-ALL-OD-ALL,2026-09-23,T2,T2,V100,SXM,ALL,ALL,OnDemand,citable,7,1.1500,1.1500,1.1500,median,1.1500,1.1500,1.1500,1.1500,1.1500,1.1500,1.1500,1,7,paperspace,10000.0,1,1,1,3,1,7,Low,Shadow,2026-09-17,2026-09-23,v2.4.0,direct,,,,,,,,
CRI-T2-V100-SXM-ALL-OD-US,2026-09-23,T2,T2,V100,SXM,ALL,US,OnDemand,citable,7,1.1500,1.1500,1.1500,median,1.1500,1.1500,1.1500,1.1500,1.1500,1.1500,1.1500,1,7,paperspace,10000.0,1,1,1,3,1,7,Low,Shadow,2026-09-17,2026-09-23,v2.4.0,direct,,,,,,,,
CRI-T2-V100-SXM-GTD-1mo-ALL,2026-09-23,T2,T2,V100,SXM,GTD,ALL,1M,market_intelligence,7,0.2500,0.2500,0.2500,median,0.2500,0.2500,0.2500,0.2500,0.2500,0.2500,0.2500,1,7,cloudrift,10000.0,1,1,1,3,1,7,Low,Shadow,2026-09-17,2026-09-23,v2.4.0,direct,,,,,,,,
CRI-T2-V100-SXM-GTD-1mo-US,2026-09-23,T2,T2,V100,SXM,GTD,US,1M,market_intelligence,7,0.2500,0.2500,0.2500,median,0.2500,0.2500,0.2500,0.2500,0.2500,0.2500,0.2500,1,7,cloudrift,10000.0,1,1,1,3,1,7,Low,Shadow,2026-09-17,2026-09-23,v2.4.0,direct,,,,,,,,
CRI-T2-V100-SXM-GTD-3mo-ALL,2026-09-23,T2,T2,V100,SXM,GTD,ALL,3M,market_intelligence,7,0.2400,0.2400,0.2400,median,0.2400,0.2400,0.2400,0.2400,0.2400,0.2400,0.2400,1,7,cloudrift,10000.0,1,1,1,3,1,7,Low,Shadow,2026-09-17,2026-09-23,v2.4.0,direct,,,,,,,,
CRI-T2-V100-SXM-GTD-3mo-US,2026-09-23,T2,T2,V100,SXM,GTD,US,3M,market_intelligence,7,0.2400,0.2400,0.2400,median,0.2400,0.2400,0.2400,0.2400,0.2400,0.2400,0.2400,1,7,cloudrift,10000.0,1,1,1,3,1,7,Low,Shadow,2026-09-17,2026-09-23,v2.4.0,direct,,,,,,,,
CRI-T2-V100-SXM-GTD-OD-ALL,2026-09-23,T2,T2,V100,SXM,GTD,ALL,OnDemand,citable,7,1.1500,1.1500,1.1500,median,1.1500,1.1500,1.1500,1.1500,1.1500,1.1500,1.1500,1,7,paperspace,10000.0,1,1,1,3,1,7,Low,Shadow,2026-09-17,2026-09-23,v2.4.0,direct,,,,,,,,
CRI-T2-V100-SXM-GTD-OD-US,2026-09-23,T2,T2,V100,SXM,GTD,US,OnDemand,citable,7,1.1500,1.1500,1.1500,median,1.1500,1.1500,1.1500,1.1500,1.1500,1.1500,1.1500,1,7,paperspace,10000.0,1,1,1,3,1,7,Low,Shadow,2026-09-17,2026-09-23,v2.4.0,direct,,,,,,,,
CRI-T3-3090-ALL-ALL-1yr-ALL,2026-09-23,T3,T3,3090,ALL,ALL,ALL,1Y,market_intelligence,7,0.5000,0.5000,0.5000,median,0.5000,0.5000,0.5000,0.5000,0.5000,0.5000,0.5000,1,7,runpod_secure,10000.0,1,1,1,3,1,7,Low,Shadow,2026-09-17,2026-09-23,v2.4.0,direct,,,,,,,,
CRI-T3-3090-ALL-ALL-1yr-US,2026-09-23,T3,T3,3090,ALL,ALL,US,1Y,market_intelligence,7,0.5000,0.5000,0.5000,median,0.5000,0.5000,0.5000,0.5000,0.5000,0.5000,0.5000,1,7,runpod_secure,10000.0,1,1,1,3,1,7,Low,Shadow,2026-09-17,2026-09-23,v2.4.0,direct,,,,,,,,
CRI-T3-3090-ALL-ALL-3mo-ALL,2026-09-23,T3,T3,3090,ALL,ALL,ALL,3M,market_intelligence,7,0.5000,0.5000,0.5000,median,0.5000,0.5000,0.5000,0.5000,0.5000,0.5000,0.5000,1,7,runpod_secure,10000.0,1,1,1,3,1,7,Low,Shadow,2026-09-17,2026-09-23,v2.4.0,direct,,,,,,,,
CRI-T3-3090-ALL-ALL-3mo-US,2026-09-23,T3,T3,3090,ALL,ALL,US,3M,market_intelligence,7,0.5000,0.5000,0.5000,median,0.5000,0.5000,0.5000,0.5000,0.5000,0.5000,0.5000,1,7,runpod_secure,10000.0,1,1,1,3,1,7,Low,Shadow,2026-09-17,2026-09-23,v2.4.0,direct,,,,,,,,
CRI-T3-3090-ALL-ALL-6mo-ALL,2026-09-23,T3,T3,3090,ALL,ALL,ALL,6M,market_intelligence,7,0.5000,0.5000,0.5000,median,0.5000,0.5000,0.5000,0.5000,0.5000,0.5000,0.5000,1,7,runpod_secure,10000.0,1,1,1,3,1,7,Low,Shadow,2026-09-17,2026-09-23,v2.4.0,direct,,,,,,,,
CRI-T3-3090-ALL-ALL-6mo-US,2026-09-23,T3,T3,3090,ALL,ALL,US,6M,market_intelligence,7,0.5000,0.5000,0.5000,median,0.5000,0.5000,0.5000,0.5000,0.5000,0.5000,0.5000,1,7,runpod_secure,10000.0,1,1,1,3,1,7,Low,Shadow,2026-09-17,2026-09-23,v2.4.0,direct,,,,,,,,
CRI-T3-3090-ALL-ALL-OD-APAC,2026-09-23,T3,T3,3090,ALL,ALL,APAC,OnDemand,citable,7,0.1565,0.1600,0.1600,median,0.1300,0.1600,0.1067,0.2603,0.1334,0.1543,0.1565,1,20,vast_ai,10000.0,1,1,1,7,1,20,Low,Shadow,2026-09-17,2026-09-23,v2.4.0,direct,,,,,,,,
CRI-T3-3090-ALL-ALL-OD-Other,2026-09-23,T3,T3,3090,ALL,ALL,Other,OnDemand,citable,7,0.2035,0.1700,0.1700,median,0.1587,0.1867,0.1067,0.6667,0.1903,0.2000,0.2035,1,91,vast_ai,10000.0,1,11,1,41,1,91,Low,Shadow,2026-09-17,2026-09-23,v2.4.0,direct,,,,,,,,
CRI-T3-3090-ALL-GTD-1yr-ALL,2026-09-23,T3,T3,3090,ALL,GTD,ALL,1Y,market_intelligence,7,0.5000,0.5000,0.5000,median,0.5000,0.5000,0.5000,0.5000,0.5000,0.5000,0.5000,1,7,runpod_secure,10000.0,1,1,1,3,1,7,Low,Shadow,2026-09-17,2026-09-23,v2.4.0,direct,,,,,,,,
CRI-T3-3090-ALL-GTD-1yr-US,2026-09-23,T3,T3,3090,ALL,GTD,US,1Y,market_intelligence,7,0.5000,0.5000,0.5000,median,0.5000,0.5000,0.5000,0.5000,0.5000,0.5000,0.5000,1,7,runpod_secure,10000.0,1,1,1,3,1,7,Low,Shadow,2026-09-17,2026-09-23,v2.4.0,direct,,,,,,,,
CRI-T3-3090-ALL-GTD-3mo-ALL,2026-09-23,T3,T3,3090,ALL,GTD,ALL,3M,market_intelligence,7,0.5000,0.5000,0.5000,median,0.5000,0.5000,0.5000,0.5000,0.5000,0.5000,0.5000,1,7,runpod_secure,10000.0,1,1,1,3,1,7,Low,Shadow,2026-09-17,2026-09-23,v2.4.0,direct,,,,,,,,
CRI-T3-3090-ALL-GTD-3mo-US,2026-09-23,T3,T3,3090,ALL,GTD,US,3M,market_intelligence,7,0.5000,0.5000,0.5000,median,0.5000,0.5000,0.5000,0.5000,0.5000,0.5000,0.5000,1,7,runpod_secure,10000.0,1,1,1,3,1,7,Low,Shadow,2026-09-17,2026-09-23,v2.4.0,direct,,,,,,,,
CRI-T3-3090-ALL-GTD-6mo-ALL,2026-09-23,T3,T3,3090,ALL,GTD,ALL,6M,market_intelligence,7,0.5000,0.5000,0.5000,median,0.5000,0.5000,0.5000,0.5000,0.5000,0.5000,0.5000,1,7,runpod_secure,10000.0,1,1,1,3,1,7,Low,Shadow,2026-09-17,2026-09-23,v2.4.0,direct,,,,,,,,
CRI-T3-3090-ALL-GTD-6mo-US,2026-09-23,T3,T3,3090,ALL,GTD,US,6M,market_intelligence,7,0.5000,0.5000,0.5000,median,0.5000,0.5000,0.5000,0.5000,0.5000,0.5000,0.5000,1,7,runpod_secure,10000.0,1,1,1,3,1,7,Low,Shadow,2026-09-17,2026-09-23,v2.4.0,direct,,,,,,,,
CRI-T3-3090-ALL-GTD-OD-APAC,2026-09-23,T3,T3,3090,ALL,GTD,APAC,OnDemand,citable,7,0.1565,0.1600,0.1600,median,0.1300,0.1600,0.1067,0.2603,0.1334,0.1543,0.1565,1,20,vast_ai,10000.0,1,1,1,7,1,20,Low,Shadow,2026-09-17,2026-09-23,v2.4.0,direct,,,,,,,,
CRI-T3-3090-ALL-GTD-OD-Other,2026-09-23,T3,T3,3090,ALL,GTD,Other,OnDemand,citable,7,0.2035,0.1700,0.1700,median,0.1587,0.1867,0.1067,0.6667,0.1903,0.2000,0.2035,1,91,vast_ai,10000.0,1,11,1,41,1,91,Low,Shadow,2026-09-17,2026-09-23,v2.4.0,direct,,,,,,,,
CRI-T3-3090-PCIe-ALL-1yr-ALL,2026-09-23,T3,T3,3090,PCIe,ALL,ALL,1Y,market_intelligence,7,0.5000,0.5000,0.5000,median,0.5000,0.5000,0.5000,0.5000,0.5000,0.5000,0.5000,1,7,runpod_secure,10000.0,1,1,1,3,1,7,Low,Shadow,2026-09-17,2026-09-23,v2.4.0,direct,,,,,,,,
CRI-T3-3090-PCIe-ALL-1yr-US,2026-09-23,T3,T3,3090,PCIe,ALL,US,1Y,market_intelligence,7,0.5000,0.5000,0.5000,median,0.5000,0.5000,0.5000,0.5000,0.5000,0.5000,0.5000,1,7,runpod_secure,10000.0,1,1,1,3,1,7,Low,Shadow,2026-09-17,2026-09-23,v2.4.0,direct,,,,,,,,
CRI-T3-3090-PCIe-ALL-3mo-ALL,2026-09-23,T3,T3,3090,PCIe,ALL,ALL,3M,market_intelligence,7,0.5000,0.5000,0.5000,median,0.5000,0.5000,0.5000,0.5000,0.5000,0.5000,0.5000,1,7,runpod_secure,10000.0,1,1,1,3,1,7,Low,Shadow,2026-09-17,2026-09-23,v2.4.0,direct,,,,,,,,
CRI-T3-3090-PCIe-ALL-3mo-US,2026-09-23,T3,T3,3090,PCIe,ALL,US,3M,market_intelligence,7,0.5000,0.5000,0.5000,median,0.5000,0.5000,0.5000,0.5000,0.5000,0.5000,0.5000,1,7,runpod_secure,10000.0,1,1,1,3,1,7,Low,Shadow,2026-09-17,2026-09-23,v2.4.0,direct,,,,,,,,
CRI-T3-3090-PCIe-ALL-6mo-ALL,2026-09-23,T3,T3,3090,PCIe,ALL,ALL,6M,market_intelligence,7,0.5000,0.5000,0.5000,median,0.5000,0.5000,0.5000,0.5000,0.5000,0.5000,0.5000,1,7,runpod_secure,10000.0,1,1,1,3,1,7,Low,Shadow,2026-09-17,2026-09-23,v2.4.0,direct,,,,,,,,
CRI-T3-3090-PCIe-ALL-6mo-US,2026-09-23,T3,T3,3090,PCIe,ALL,US,6M,market_intelligence,7,0.5000,0.5000,0.5000,median,0.5000,0.5000,0.5000,0.5000,0.5000,0.5000,0.5000,1,7,runpod_secure,10000.0,1,1,1,3,1,7,Low,Shadow,2026-09-17,2026-09-23,v2.4.0,direct,,,,,,,,
CRI-T3-3090-PCIe-GTD-1yr-ALL,2026-09-23,T3,T3,3090,PCIe,GTD,ALL,1Y,market_intelligence,7,0.5000,0.5000,0.5000,median,0.5000,0.5000,0.5000,0.5000,0.5000,0.5000,0.5000,1,7,runpod_secure,10000.0,1,1,1,3,1,7,Low,Shadow,2026-09-17,2026-09-23,v2.4.0,direct,,,,,,,,
CRI-T3-3090-PCIe-GTD-1yr-US,2026-09-23,T3,T3,3090,PCIe,GTD,US,1Y,market_intelligence,7,0.5000,0.5000,0.5000,median,0.5000,0.5000,0.5000,0.5000,0.5000,0.5000,0.5000,1,7,runpod_secure,10000.0,1,1,1,3,1,7,Low,Shadow,2026-09-17,2026-09-23,v2.4.0,direct,,,,,,,,
CRI-T3-3090-PCIe-GTD-3mo-ALL,2026-09-23,T3,T3,3090,PCIe,GTD,ALL,3M,market_intelligence,7,0.5000,0.5000,0.5000,median,0.5000,0.5000,0.5000,0.5000,0.5000,0.5000,0.5000,1,7,runpod_secure,10000.0,1,1,1,3,1,7,Low,Shadow,2026-09-17,2026-09-23,v2.4.0,direct,,,,,,,,
CRI-T3-3090-PCIe-GTD-3mo-US,2026-09-23,T3,T3,3090,PCIe,GTD,US,3M,market_intelligence,7,0.5000,0.5000,0.5000,median,0.5000,0.5000,0.5000,0.5000,0.5000,0.5000,0.5000,1,7,runpod_secure,10000.0,1,1,1,3,1,7,Low,Shadow,2026-09-17,2026-09-23,v2.4.0,direct,,,,,,,,
CRI-T3-3090-PCIe-GTD-6mo-ALL,2026-09-23,T3,T3,3090,PCIe,GTD,ALL,6M,market_intelligence,7,0.5000,0.5000,0.5000,median,0.5000,0.5000,0.5000,0.5000,0.5000,0.5000,0.5000,1,7,runpod_secure,10000.0,1,1,1,3,1,7,Low,Shadow,2026-09-17,2026-09-23,v2.4.0,direct,,,,,,,,
CRI-T3-3090-PCIe-GTD-6mo-US,2026-09-23,T3,T3,3090,PCIe,GTD,US,6M,market_intelligence,7,0.5000,0.5000,0.5000,median,0.5000,0.5000,0.5000,0.5000,0.5000,0.5000,0.5000,1,7,runpod_secure,10000.0,1,1,1,3,1,7,Low,Shadow,2026-09-17,2026-09-23,v2.4.0,direct,,,,,,,,
CRI-T3-4090-ALL-ALL-1yr-ALL,2026-09-23,T3,T3,4090,ALL,ALL,ALL,1Y,market_intelligence,7,0.7400,0.7400,0.7400,median,0.7400,0.7400,0.7400,0.7400,0.7400,0.7400,0.7400,1,7,runpod_secure,10000.0,1,1,1,3,1,7,Low,Shadow,2026-09-17,2026-09-23,v2.4.0,direct,,,,,,,,
CRI-T3-4090-ALL-ALL-1yr-US,2026-09-23,T3,T3,4090,ALL,ALL,US,1Y,market_intelligence,7,0.7400,0.7400,0.7400,median,0.7400,0.7400,0.7400,0.7400,0.7400,0.7400,0.7400,1,7,runpod_secure,10000.0,1,1,1,3,1,7,Low,Shadow,2026-09-17,2026-09-23,v2.4.0,direct,,,,,,,,
CRI-T3-4090-ALL-ALL-3mo-ALL,2026-09-23,T3,T3,4090,ALL,ALL,ALL,3M,market_intelligence,7,0.7400,0.7400,0.7400,median,0.7400,0.7400,0.7400,0.7400,0.7400,0.7400,0.7400,1,7,runpod_secure,10000.0,1,1,1,3,1,7,Low,Shadow,2026-09-17,2026-09-23,v2.4.0,direct,,,,,,,,
CRI-T3-4090-ALL-ALL-3mo-US,2026-09-23,T3,T3,4090,ALL,ALL,US,3M,market_intelligence,7,0.7400,0.7400,0.7400,median,0.7400,0.7400,0.7400,0.7400,0.7400,0.7400,0.7400,1,7,runpod_secure,10000.0,1,1,1,3,1,7,Low,Shadow,2026-09-17,2026-09-23,v2.4.0,direct,,,,,,,,
CRI-T3-4090-ALL-ALL-6mo-ALL,2026-09-23,T3,T3,4090,ALL,ALL,ALL,6M,market_intelligence,7,0.7400,0.7400,0.7400,median,0.7400,0.7400,0.7400,0.7400,0.7400,0.7400,0.7400,1,7,runpod_secure,10000.0,1,1,1,3,1,7,Low,Shadow,2026-09-17,2026-09-23,v2.4.0,direct,,,,,,,,
CRI-T3-4090-ALL-ALL-6mo-US,2026-09-23,T3,T3,4090,ALL,ALL,US,6M,market_intelligence,7,0.7400,0.7400,0.7400,median,0.7400,0.7400,0.7400,0.7400,0.7400,0.7400,0.7400,1,7,runpod_secure,10000.0,1,1,1,3,1,7,Low,Shadow,2026-09-17,2026-09-23,v2.4.0,direct,,,,,,,,
CRI-T3-4090-ALL-ALL-OD-APAC,2026-09-23,T3,T3,4090,ALL,ALL,APAC,OnDemand,citable,7,0.4450,0.4400,0.4400,median,0.3767,0.4667,0.3200,0.7422,0.5534,0.4844,0.4450,1,26,vast_ai,10000.0,1,2,1,11,1,26,Low,Shadow,2026-09-17,2026-09-23,v2.4.0,direct,,,,,,,,
CRI-T3-4090-ALL-GTD-1yr-ALL,2026-09-23,T3,T3,4090,ALL,GTD,ALL,1Y,market_intelligence,7,0.7400,0.7400,0.7400,median,0.7400,0.7400,0.7400,0.7400,0.7400,0.7400,0.7400,1,7,runpod_secure,10000.0,1,1,1,3,1,7,Low,Shadow,2026-09-17,2026-09-23,v2.4.0,direct,,,,,,,,
CRI-T3-4090-ALL-GTD-1yr-US,2026-09-23,T3,T3,4090,ALL,GTD,US,1Y,market_intelligence,7,0.7400,0.7400,0.7400,median,0.7400,0.7400,0.7400,0.7400,0.7400,0.7400,0.7400,1,7,runpod_secure,10000.0,1,1,1,3,1,7,Low,Shadow,2026-09-17,2026-09-23,v2.4.0,direct,,,,,,,,
CRI-T3-4090-ALL-GTD-3mo-ALL,2026-09-23,T3,T3,4090,ALL,GTD,ALL,3M,market_intelligence,7,0.7400,0.7400,0.7400,median,0.7400,0.7400,0.7400,0.7400,0.7400,0.7400,0.7400,1,7,runpod_secure,10000.0,1,1,1,3,1,7,Low,Shadow,2026-09-17,2026-09-23,v2.4.0,direct,,,,,,,,
CRI-T3-4090-ALL-GTD-3mo-US,2026-09-23,T3,T3,4090,ALL,GTD,US,3M,market_intelligence,7,0.7400,0.7400,0.7400,median,0.7400,0.7400,0.7400,0.7400,0.7400,0.7400,0.7400,1,7,runpod_secure,10000.0,1,1,1,3,1,7,Low,Shadow,2026-09-17,2026-09-23,v2.4.0,direct,,,,,,,,
CRI-T3-4090-ALL-GTD-6mo-ALL,2026-09-23,T3,T3,4090,ALL,GTD,ALL,6M,market_intelligence,7,0.7400,0.7400,0.7400,median,0.7400,0.7400,0.7400,0.7400,0.7400,0.7400,0.7400,1,7,runpod_secure,10000.0,1,1,1,3,1,7,Low,Shadow,2026-09-17,2026-09-23,v2.4.0,direct,,,,,,,,
CRI-T3-4090-ALL-GTD-6mo-US,2026-09-23,T3,T3,4090,ALL,GTD,US,6M,market_intelligence,7,0.7400,0.7400,0.7400,median,0.7400,0.7400,0.7400,0.7400,0.7400,0.7400,0.7400,1,7,runpod_secure,10000.0,1,1,1,3,1,7,Low,Shadow,2026-09-17,2026-09-23,v2.4.0,direct,,,,,,,,
CRI-T3-4090-ALL-GTD-OD-APAC,2026-09-23,T3,T3,4090,ALL,GTD,APAC,OnDemand,citable,7,0.4450,0.4400,0.4400,median,0.3767,0.4667,0.3200,0.7422,0.5534,0.4844,0.4450,1,26,vast_ai,10000.0,1,2,1,11,1,26,Low,Shadow,2026-09-17,2026-09-23,v2.4.0,direct,,,,,,,,
CRI-T3-4090-PCIe-ALL-1yr-ALL,2026-09-23,T3,T3,4090,PCIe,ALL,ALL,1Y,market_intelligence,7,0.7400,0.7400,0.7400,median,0.7400,0.7400,0.7400,0.7400,0.7400,0.7400,0.7400,1,7,runpod_secure,10000.0,1,1,1,3,1,7,Low,Shadow,2026-09-17,2026-09-23,v2.4.0,direct,,,,,,,,
CRI-T3-4090-PCIe-ALL-1yr-US,2026-09-23,T3,T3,4090,PCIe,ALL,US,1Y,market_intelligence,7,0.7400,0.7400,0.7400,median,0.7400,0.7400,0.7400,0.7400,0.7400,0.7400,0.7400,1,7,runpod_secure,10000.0,1,1,1,3,1,7,Low,Shadow,2026-09-17,2026-09-23,v2.4.0,direct,,,,,,,,
CRI-T3-4090-PCIe-ALL-3mo-ALL,2026-09-23,T3,T3,4090,PCIe,ALL,ALL,3M,market_intelligence,7,0.7400,0.7400,0.7400,median,0.7400,0.7400,0.7400,0.7400,0.7400,0.7400,0.7400,1,7,runpod_secure,10000.0,1,1,1,3,1,7,Low,Shadow,2026-09-17,2026-09-23,v2.4.0,direct,,,,,,,,
CRI-T3-4090-PCIe-ALL-3mo-US,2026-09-23,T3,T3,4090,PCIe,ALL,US,3M,market_intelligence,7,0.7400,0.7400,0.7400,median,0.7400,0.7400,0.7400,0.7400,0.7400,0.7400,0.7400,1,7,runpod_secure,10000.0,1,1,1,3,1,7,Low,Shadow,2026-09-17,2026-09-23,v2.4.0,direct,,,,,,,,
CRI-T3-4090-PCIe-ALL-6mo-ALL,2026-09-23,T3,T3,4090,PCIe,ALL,ALL,6M,market_intelligence,7,0.7400,0.7400,0.7400,median,0.7400,0.7400,0.7400,0.7400,0.7400,0.7400,0.7400,1,7,runpod_secure,10000.0,1,1,1,3,1,7,Low,Shadow,2026-09-17,2026-09-23,v2.4.0,direct,,,,,,,,
CRI-T3-4090-PCIe-ALL-6mo-US,2026-09-23,T3,T3,4090,PCIe,ALL,US,6M,market_intelligence,7,0.7400,0.7400,0.7400,median,0.7400,0.7400,0.7400,0.7400,0.7400,0.7400,0.7400,1,7,runpod_secure,10000.0,1,1,1,3,1,7,Low,Shadow,2026-09-17,2026-09-23,v2.4.0,direct,,,,,,,,
CRI-T3-4090-PCIe-GTD-1yr-ALL,2026-09-23,T3,T3,4090,PCIe,GTD,ALL,1Y,market_intelligence,7,0.7400,0.7400,0.7400,median,0.7400,0.7400,0.7400,0.7400,0.7400,0.7400,0.7400,1,7,runpod_secure,10000.0,1,1,1,3,1,7,Low,Shadow,2026-09-17,2026-09-23,v2.4.0,direct,,,,,,,,
CRI-T3-4090-PCIe-GTD-1yr-US,2026-09-23,T3,T3,4090,PCIe,GTD,US,1Y,market_intelligence,7,0.7400,0.7400,0.7400,median,0.7400,0.7400,0.7400,0.7400,0.7400,0.7400,0.7400,1,7,runpod_secure,10000.0,1,1,1,3,1,7,Low,Shadow,2026-09-17,2026-09-23,v2.4.0,direct,,,,,,,,
CRI-T3-4090-PCIe-GTD-3mo-ALL,2026-09-23,T3,T3,4090,PCIe,GTD,ALL,3M,market_intelligence,7,0.7400,0.7400,0.7400,median,0.7400,0.7400,0.7400,0.7400,0.7400,0.7400,0.7400,1,7,runpod_secure,10000.0,1,1,1,3,1,7,Low,Shadow,2026-09-17,2026-09-23,v2.4.0,direct,,,,,,,,
CRI-T3-4090-PCIe-GTD-3mo-US,2026-09-23,T3,T3,4090,PCIe,GTD,US,3M,market_intelligence,7,0.7400,0.7400,0.7400,median,0.7400,0.7400,0.7400,0.7400,0.7400,0.7400,0.7400,1,7,runpod_secure,10000.0,1,1,1,3,1,7,Low,Shadow,2026-09-17,2026-09-23,v2.4.0,direct,,,,,,,,
CRI-T3-4090-PCIe-GTD-6mo-ALL,2026-09-23,T3,T3,4090,PCIe,GTD,ALL,6M,market_intelligence,7,0.7400,0.7400,0.7400,median,0.7400,0.7400,0.7400,0.7400,0.7400,0.7400,0.7400,1,7,runpod_secure,10000.0,1,1,1,3,1,7,Low,Shadow,2026-09-17,2026-09-23,v2.4.0,direct,,,,,,,,
CRI-T3-4090-PCIe-GTD-6mo-US,2026-09-23,T3,T3,4090,PCIe,GTD,US,6M,market_intelligence,7,0.7400,0.7400,0.7400,median,0.7400,0.7400,0.7400,0.7400,0.7400,0.7400,0.7400,1,7,runpod_secure,10000.0,1,1,1,3,1,7,Low,Shadow,2026-09-17,2026-09-23,v2.4.0,direct,,,,,,,,
CRI-T3-5090-ALL-ALL-1yr-ALL,2026-09-23,T3,T3,5090,ALL,ALL,ALL,1Y,market_intelligence,7,0.9900,0.9900,0.9900,median,0.9900,0.9900,0.9900,0.9900,0.9900,0.9900,0.9900,1,7,runpod_secure,10000.0,1,1,1,3,1,7,Low,Shadow,2026-09-17,2026-09-23,v2.4.0,direct,,,,,,,,
CRI-T3-5090-ALL-ALL-1yr-US,2026-09-23,T3,T3,5090,ALL,ALL,US,1Y,market_intelligence,7,0.9900,0.9900,0.9900,median,0.9900,0.9900,0.9900,0.9900,0.9900,0.9900,0.9900,1,7,runpod_secure,10000.0,1,1,1,3,1,7,Low,Shadow,2026-09-17,2026-09-23,v2.4.0,direct,,,,,,,,
CRI-T3-5090-ALL-ALL-3mo-ALL,2026-09-23,T3,T3,5090,ALL,ALL,ALL,3M,market_intelligence,7,0.9900,0.9900,0.9900,median,0.9900,0.9900,0.9900,0.9900,0.9900,0.9900,0.9900,1,7,runpod_secure,10000.0,1,1,1,3,1,7,Low,Shadow,2026-09-17,2026-09-23,v2.4.0,direct,,,,,,,,
CRI-T3-5090-ALL-ALL-3mo-US,2026-09-23,T3,T3,5090,ALL,ALL,US,3M,market_intelligence,7,0.9900,0.9900,0.9900,median,0.9900,0.9900,0.9900,0.9900,0.9900,0.9900,0.9900,1,7,runpod_secure,10000.0,1,1,1,3,1,7,Low,Shadow,2026-09-17,2026-09-23,v2.4.0,direct,,,,,,,,
CRI-T3-5090-ALL-ALL-6mo-ALL,2026-09-23,T3,T3,5090,ALL,ALL,ALL,6M,market_intelligence,7,0.9900,0.9900,0.9900,median,0.9900,0.9900,0.9900,0.9900,0.9900,0.9900,0.9900,1,7,runpod_secure,10000.0,1,1,1,3,1,7,Low,Shadow,2026-09-17,2026-09-23,v2.4.0,direct,,,,,,,,
CRI-T3-5090-ALL-ALL-6mo-US,2026-09-23,T3,T3,5090,ALL,ALL,US,6M,market_intelligence,7,0.9900,0.9900,0.9900,median,0.9900,0.9900,0.9900,0.9900,0.9900,0.9900,0.9900,1,7,runpod_secure,10000.0,1,1,1,3,1,7,Low,Shadow,2026-09-17,2026-09-23,v2.4.0,direct,,,,,,,,
CRI-T3-5090-ALL-ALL-OD-APAC,2026-09-23,T3,T3,5090,ALL,ALL,APAC,OnDemand,citable,7,0.7511,0.5333,0.5333,median,0.5333,0.7734,0.2667,1.7039,0.8213,0.7715,0.7511,1,37,vast_ai,10000.0,1,5,1,16,1,37,Low,Shadow,2026-09-17,2026-09-23,v2.4.0,direct,,,,,,,,
CRI-T3-5090-ALL-ALL-OD-Other,2026-09-23,T3,T3,5090,ALL,ALL,Other,OnDemand,citable,7,0.5980,0.5933,0.5933,median,0.4667,0.6400,0.4000,1.3333,0.5985,0.6023,0.5980,1,100,vast_ai,10000.0,1,10,1,41,1,100,Low,Shadow,2026-09-17,2026-09-23,v2.4.0,direct,,,,,,,,
CRI-T3-5090-ALL-GTD-1yr-ALL,2026-09-23,T3,T3,5090,ALL,GTD,ALL,1Y,market_intelligence,7,0.9900,0.9900,0.9900,median,0.9900,0.9900,0.9900,0.9900,0.9900,0.9900,0.9900,1,7,runpod_secure,10000.0,1,1,1,3,1,7,Low,Shadow,2026-09-17,2026-09-23,v2.4.0,direct,,,,,,,,
CRI-T3-5090-ALL-GTD-1yr-US,2026-09-23,T3,T3,5090,ALL,GTD,US,1Y,market_intelligence,7,0.9900,0.9900,0.9900,median,0.9900,0.9900,0.9900,0.9900,0.9900,0.9900,0.9900,1,7,runpod_secure,10000.0,1,1,1,3,1,7,Low,Shadow,2026-09-17,2026-09-23,v2.4.0,direct,,,,,,,,
CRI-T3-5090-ALL-GTD-3mo-ALL,2026-09-23,T3,T3,5090,ALL,GTD,ALL,3M,market_intelligence,7,0.9900,0.9900,0.9900,median,0.9900,0.9900,0.9900,0.9900,0.9900,0.9900,0.9900,1,7,runpod_secure,10000.0,1,1,1,3,1,7,Low,Shadow,2026-09-17,2026-09-23,v2.4.0,direct,,,,,,,,
CRI-T3-5090-ALL-GTD-3mo-US,2026-09-23,T3,T3,5090,ALL,GTD,US,3M,market_intelligence,7,0.9900,0.9900,0.9900,median,0.9900,0.9900,0.9900,0.9900,0.9900,0.9900,0.9900,1,7,runpod_secure,10000.0,1,1,1,3,1,7,Low,Shadow,2026-09-17,2026-09-23,v2.4.0,direct,,,,,,,,
CRI-T3-5090-ALL-GTD-6mo-ALL,2026-09-23,T3,T3,5090,ALL,GTD,ALL,6M,market_intelligence,7,0.9900,0.9900,0.9900,median,0.9900,0.9900,0.9900,0.9900,0.9900,0.9900,0.9900,1,7,runpod_secure,10000.0,1,1,1,3,1,7,Low,Shadow,2026-09-17,2026-09-23,v2.4.0,direct,,,,,,,,
CRI-T3-5090-ALL-GTD-6mo-US,2026-09-23,T3,T3,5090,ALL,GTD,US,6M,market_intelligence,7,0.9900,0.9900,0.9900,median,0.9900,0.9900,0.9900,0.9900,0.9900,0.9900,0.9900,1,7,runpod_secure,10000.0,1,1,1,3,1,7,Low,Shadow,2026-09-17,2026-09-23,v2.4.0,direct,,,,,,,,
CRI-T3-5090-ALL-GTD-OD-APAC,2026-09-23,T3,T3,5090,ALL,GTD,APAC,OnDemand,citable,7,0.7511,0.5333,0.5333,median,0.5333,0.7734,0.2667,1.7039,0.8213,0.7715,0.7511,1,37,vast_ai,10000.0,1,5,1,16,1,37,Low,Shadow,2026-09-17,2026-09-23,v2.4.0,direct,,,,,,,,
CRI-T3-5090-ALL-GTD-OD-Other,2026-09-23,T3,T3,5090,ALL,GTD,Other,OnDemand,citable,7,0.5980,0.5933,0.5933,median,0.4667,0.6400,0.4000,1.3333,0.5985,0.6023,0.5980,1,100,vast_ai,10000.0,1,10,1,41,1,100,Low,Shadow,2026-09-17,2026-09-23,v2.4.0,direct,,,,,,,,
CRI-T3-5090-PCIe-ALL-1yr-ALL,2026-09-23,T3,T3,5090,PCIe,ALL,ALL,1Y,market_intelligence,7,0.9900,0.9900,0.9900,median,0.9900,0.9900,0.9900,0.9900,0.9900,0.9900,0.9900,1,7,runpod_secure,10000.0,1,1,1,3,1,7,Low,Shadow,2026-09-17,2026-09-23,v2.4.0,direct,,,,,,,,
CRI-T3-5090-PCIe-ALL-1yr-US,2026-09-23,T3,T3,5090,PCIe,ALL,US,1Y,market_intelligence,7,0.9900,0.9900,0.9900,median,0.9900,0.9900,0.9900,0.9900,0.9900,0.9900,0.9900,1,7,runpod_secure,10000.0,1,1,1,3,1,7,Low,Shadow,2026-09-17,2026-09-23,v2.4.0,direct,,,,,,,,
CRI-T3-5090-PCIe-ALL-3mo-ALL,2026-09-23,T3,T3,5090,PCIe,ALL,ALL,3M,market_intelligence,7,0.9900,0.9900,0.9900,median,0.9900,0.9900,0.9900,0.9900,0.9900,0.9900,0.9900,1,7,runpod_secure,10000.0,1,1,1,3,1,7,Low,Shadow,2026-09-17,2026-09-23,v2.4.0,direct,,,,,,,,
CRI-T3-5090-PCIe-ALL-3mo-US,2026-09-23,T3,T3,5090,PCIe,ALL,US,3M,market_intelligence,7,0.9900,0.9900,0.9900,median,0.9900,0.9900,0.9900,0.9900,0.9900,0.9900,0.9900,1,7,runpod_secure,10000.0,1,1,1,3,1,7,Low,Shadow,2026-09-17,2026-09-23,v2.4.0,direct,,,,,,,,
CRI-T3-5090-PCIe-ALL-6mo-ALL,2026-09-23,T3,T3,5090,PCIe,ALL,ALL,6M,market_intelligence,7,0.9900,0.9900,0.9900,median,0.9900,0.9900,0.9900,0.9900,0.9900,0.9900,0.9900,1,7,runpod_secure,10000.0,1,1,1,3,1,7,Low,Shadow,2026-09-17,2026-09-23,v2.4.0,direct,,,,,,,,
CRI-T3-5090-PCIe-ALL-6mo-US,2026-09-23,T3,T3,5090,PCIe,ALL,US,6M,market_intelligence,7,0.9900,0.9900,0.9900,median,0.9900,0.9900,0.9900,0.9900,0.9900,0.9900,0.9900,1,7,runpod_secure,10000.0,1,1,1,3,1,7,Low,Shadow,2026-09-17,2026-09-23,v2.4.0,direct,,,,,,,,
CRI-T3-5090-PCIe-GTD-1yr-ALL,2026-09-23,T3,T3,5090,PCIe,GTD,ALL,1Y,market_intelligence,7,0.9900,0.9900,0.9900,median,0.9900,0.9900,0.9900,0.9900,0.9900,0.9900,0.9900,1,7,runpod_secure,10000.0,1,1,1,3,1,7,Low,Shadow,2026-09-17,2026-09-23,v2.4.0,direct,,,,,,,,
CRI-T3-5090-PCIe-GTD-1yr-US,2026-09-23,T3,T3,5090,PCIe,GTD,US,1Y,market_intelligence,7,0.9900,0.9900,0.9900,median,0.9900,0.9900,0.9900,0.9900,0.9900,0.9900,0.9900,1,7,runpod_secure,10000.0,1,1,1,3,1,7,Low,Shadow,2026-09-17,2026-09-23,v2.4.0,direct,,,,,,,,
CRI-T3-5090-PCIe-GTD-3mo-ALL,2026-09-23,T3,T3,5090,PCIe,GTD,ALL,3M,market_intelligence,7,0.9900,0.9900,0.9900,median,0.9900,0.9900,0.9900,0.9900,0.9900,0.9900,0.9900,1,7,runpod_secure,10000.0,1,1,1,3,1,7,Low,Shadow,2026-09-17,2026-09-23,v2.4.0,direct,,,,,,,,
CRI-T3-5090-PCIe-GTD-3mo-US,2026-09-23,T3,T3,5090,PCIe,GTD,US,3M,market_intelligence,7,0.9900,0.9900,0.9900,median,0.9900,0.9900,0.9900,0.9900,0.9900,0.9900,0.9900,1,7,runpod_secure,10000.0,1,1,1,3,1,7,Low,Shadow,2026-09-17,2026-09-23,v2.4.0,direct,,,,,,,,
CRI-T3-5090-PCIe-GTD-6mo-ALL,2026-09-23,T3,T3,5090,PCIe,GTD,ALL,6M,market_intelligence,7,0.9900,0.9900,0.9900,median,0.9900,0.9900,0.9900,0.9900,0.9900,0.9900,0.9900,1,7,runpod_secure,10000.0,1,1,1,3,1,7,Low,Shadow,2026-09-17,2026-09-23,v2.4.0,direct,,,,,,,,
CRI-T3-5090-PCIe-GTD-6mo-US,2026-09-23,T3,T3,5090,PCIe,GTD,US,6M,market_intelligence,7,0.9900,0.9900,0.9900,median,0.9900,0.9900,0.9900,0.9900,0.9900,0.9900,0.9900,1,7,runpod_secure,10000.0,1,1,1,3,1,7,Low,Shadow,2026-09-17,2026-09-23,v2.4.0,direct,,,,,,,,
CRI-T3-A100-40GB-ALL-ALL-OD-ALL,2026-09-23,T3,T3,A100,ALL,ALL,ALL,OnDemand,citable,7,0.6896,0.8334,0.8334,median,0.5833,0.7725,0.2667,1.3333,0.7548,0.7086,0.6896,2,79,runpod_community|vast_ai,5000.0,2,14,2,35,2,79,Medium,Shadow,2026-09-17,2026-09-23,v2.4.0,direct,,,,,,,,
CRI-T3-A100-40GB-ALL-ALL-OD-APAC,2026-09-23,T3,T3,A100,ALL,ALL,APAC,OnDemand,citable,7,0.5948,0.6000,0.6000,median,0.5333,0.6667,0.5333,0.6667,0.6000,0.6000,0.5948,1,15,vast_ai,10000.0,1,2,1,6,1,15,Low,Shadow,2026-09-17,2026-09-23,v2.4.0,direct,,,,,,,,
CRI-T3-A100-40GB-ALL-ALL-OD-EU,2026-09-23,T3,T3,A100,ALL,ALL,EU,OnDemand,citable,7,0.6867,0.7067,0.7067,median,0.6000,0.7600,0.5334,0.8004,0.6178,0.6648,0.6867,1,21,vast_ai,10000.0,1,3,1,7,1,21,Low,Shadow,2026-09-17,2026-09-23,v2.4.0,direct,,,,,,,,
CRI-T3-A100-40GB-ALL-ALL-OD-Other,2026-09-23,T3,T3,A100,ALL,ALL,Other,OnDemand,citable,7,0.6242,0.6167,0.6167,median,0.6000,0.6600,0.5333,0.6933,0.6333,0.6133,0.6242,1,11,vast_ai,10000.0,1,2,1,5,1,11,Low,Shadow,2026-09-17,2026-09-23,v2.4.0,direct,,,,,,,,
CRI-T3-A100-40GB-ALL-GTD-OD-ALL,2026-09-23,T3,T3,A100,ALL,GTD,ALL,OnDemand,citable,7,0.6896,0.8334,0.8334,median,0.5833,0.7725,0.2667,1.3333,0.7548,0.7086,0.6896,2,79,runpod_community|vast_ai,5000.0,2,14,2,35,2,79,Medium,Shadow,2026-09-17,2026-09-23,v2.4.0,direct,,,,,,,,
CRI-T3-A100-40GB-ALL-GTD-OD-APAC,2026-09-23,T3,T3,A100,ALL,GTD,APAC,OnDemand,citable,7,0.5948,0.6000,0.6000,median,0.5333,0.6667,0.5333,0.6667,0.6000,0.6000,0.5948,1,15,vast_ai,10000.0,1,2,1,6,1,15,Low,Shadow,2026-09-17,2026-09-23,v2.4.0,direct,,,,,,,,
CRI-T3-A100-40GB-ALL-GTD-OD-EU,2026-09-23,T3,T3,A100,ALL,GTD,EU,OnDemand,citable,7,0.6867,0.7067,0.7067,median,0.6000,0.7600,0.5334,0.8004,0.6178,0.6648,0.6867,1,21,vast_ai,10000.0,1,3,1,7,1,21,Low,Shadow,2026-09-17,2026-09-23,v2.4.0,direct,,,,,,,,
CRI-T3-A100-40GB-ALL-GTD-OD-Other,2026-09-23,T3,T3,A100,ALL,GTD,Other,OnDemand,citable,7,0.6242,0.6167,0.6167,median,0.6000,0.6600,0.5333,0.6933,0.6333,0.6133,0.6242,1,11,vast_ai,10000.0,1,2,1,5,1,11,Low,Shadow,2026-09-17,2026-09-23,v2.4.0,direct,,,,,,,,
CRI-T3-A100-40GB-PCIe-ALL-OD-ALL,2026-09-23,T3,T3,A100,PCIe,ALL,ALL,OnDemand,citable,7,0.6431,0.6867,0.6867,median,0.4667,0.7333,0.2667,1.0667,0.6567,0.6400,0.6431,1,17,vast_ai,10000.0,1,4,1,9,1,17,Low,Shadow,2026-09-17,2026-09-23,v2.4.0,direct,,,,,,,,
CRI-T3-A100-40GB-PCIe-ALL-OD-EU,2026-09-23,T3,T3,A100,PCIe,ALL,EU,OnDemand,citable,7,0.6883,0.7067,0.7067,median,0.6667,0.7333,0.5334,0.7333,0.5334,0.6445,0.6883,1,8,vast_ai,10000.0,1,1,1,3,1,8,Low,Shadow,2026-09-17,2026-09-23,v2.4.0,direct,,,,,,,,
CRI-T3-A100-40GB-PCIe-ALL-OD-US,2026-09-23,T3,T3,A100,PCIe,ALL,US,OnDemand,citable,7,0.6030,0.5600,0.5600,median,0.4667,0.8000,0.2667,1.0667,0.6978,0.6378,0.6030,1,9,vast_ai,10000.0,1,3,1,6,1,9,Low,Shadow,2026-09-17,2026-09-23,v2.4.0,direct,,,,,,,,
CRI-T3-A100-40GB-PCIe-GTD-OD-ALL,2026-09-23,T3,T3,A100,PCIe,GTD,ALL,OnDemand,citable,7,0.6431,0.6867,0.6867,median,0.4667,0.7333,0.2667,1.0667,0.6567,0.6400,0.6431,1,17,vast_ai,10000.0,1,4,1,9,1,17,Low,Shadow,2026-09-17,2026-09-23,v2.4.0,direct,,,,,,,,
CRI-T3-A100-40GB-PCIe-GTD-OD-EU,2026-09-23,T3,T3,A100,PCIe,GTD,EU,OnDemand,citable,7,0.6883,0.7067,0.7067,median,0.6667,0.7333,0.5334,0.7333,0.5334,0.6445,0.6883,1,8,vast_ai,10000.0,1,1,1,3,1,8,Low,Shadow,2026-09-17,2026-09-23,v2.4.0,direct,,,,,,,,
CRI-T3-A100-40GB-PCIe-GTD-OD-US,2026-09-23,T3,T3,A100,PCIe,GTD,US,OnDemand,citable,7,0.6030,0.5600,0.5600,median,0.4667,0.8000,0.2667,1.0667,0.6978,0.6378,0.6030,1,9,vast_ai,10000.0,1,3,1,6,1,9,Low,Shadow,2026-09-17,2026-09-23,v2.4.0,direct,,,,,,,,
CRI-T3-A100-40GB-SXM-ALL-OD-ALL,2026-09-23,T3,T3,A100,SXM,ALL,ALL,OnDemand,citable,7,0.7024,0.8250,0.8250,median,0.5950,0.7962,0.2667,1.3333,0.7940,0.7323,0.7024,2,62,runpod_community|vast_ai,5000.0,2,10,2,26,2,62,Medium,Shadow,2026-09-17,2026-09-23,v2.4.0,direct,,,,,,,,
CRI-T3-A100-40GB-SXM-ALL-OD-EU,2026-09-23,T3,T3,A100,SXM,ALL,EU,OnDemand,citable,7,0.6858,0.7600,0.7600,median,0.6000,0.7600,0.5600,0.8004,0.6600,0.6801,0.6858,1,13,vast_ai,10000.0,1,2,1,4,1,13,Low,Shadow,2026-09-17,2026-09-23,v2.4.0,direct,,,,,,,,
CRI-T3-A100-40GB-SXM-GTD-OD-ALL,2026-09-23,T3,T3,A100,SXM,GTD,ALL,OnDemand,citable,7,0.7024,0.8250,0.8250,median,0.5950,0.7962,0.2667,1.3333,0.7940,0.7323,0.7024,2,62,runpod_community|vast_ai,5000.0,2,10,2,26,2,62,Medium,Shadow,2026-09-17,2026-09-23,v2.4.0,direct,,,,,,,,
CRI-T3-A100-40GB-SXM-GTD-OD-EU,2026-09-23,T3,T3,A100,SXM,GTD,EU,OnDemand,citable,7,0.6858,0.7600,0.7600,median,0.6000,0.7600,0.5600,0.8004,0.6600,0.6801,0.6858,1,13,vast_ai,10000.0,1,2,1,4,1,13,Low,Shadow,2026-09-17,2026-09-23,v2.4.0,direct,,,,,,,,
CRI-T3-A100-ALL-ALL-1yr-ALL,2026-09-23,T3,T3,A100,ALL,ALL,ALL,1Y,market_intelligence,7,1.5900,1.5900,1.5900,median,1.5900,1.5900,1.5900,1.5900,1.5900,1.5900,1.5900,1,14,runpod_secure,10000.0,1,2,1,6,1,14,Low,Shadow,2026-09-17,2026-09-23,v2.4.0,direct,,,,,,,,
CRI-T3-A100-ALL-ALL-1yr-US,2026-09-23,T3,T3,A100,ALL,ALL,US,1Y,market_intelligence,7,1.5900,1.5900,1.5900,median,1.5900,1.5900,1.5900,1.5900,1.5900,1.5900,1.5900,1,14,runpod_secure,10000.0,1,2,1,6,1,14,Low,Shadow,2026-09-17,2026-09-23,v2.4.0,direct,,,,,,,,
CRI-T3-A100-ALL-ALL-3mo-ALL,2026-09-23,T3,T3,A100,ALL,ALL,ALL,3M,market_intelligence,7,1.5900,1.5900,1.5900,median,1.5900,1.5900,1.5900,1.5900,1.5900,1.5900,1.5900,1,14,runpod_secure,10000.0,1,2,1,6,1,14,Low,Shadow,2026-09-17,2026-09-23,v2.4.0,direct,,,,,,,,
CRI-T3-A100-ALL-ALL-3mo-US,2026-09-23,T3,T3,A100,ALL,ALL,US,3M,market_intelligence,7,1.5900,1.5900,1.5900,median,1.5900,1.5900,1.5900,1.5900,1.5900,1.5900,1.5900,1,14,runpod_secure,10000.0,1,2,1,6,1,14,Low,Shadow,2026-09-17,2026-09-23,v2.4.0,direct,,,,,,,,
CRI-T3-A100-ALL-ALL-6mo-ALL,2026-09-23,T3,T3,A100,ALL,ALL,ALL,6M,market_intelligence,7,1.5900,1.5900,1.5900,median,1.5900,1.5900,1.5900,1.5900,1.5900,1.5900,1.5900,1,14,runpod_secure,10000.0,1,2,1,6,1,14,Low,Shadow,2026-09-17,2026-09-23,v2.4.0,direct,,,,,,,,
CRI-T3-A100-ALL-ALL-6mo-US,2026-09-23,T3,T3,A100,ALL,ALL,US,6M,market_intelligence,7,1.5900,1.5900,1.5900,median,1.5900,1.5900,1.5900,1.5900,1.5900,1.5900,1.5900,1,14,runpod_secure,10000.0,1,2,1,6,1,14,Low,Shadow,2026-09-17,2026-09-23,v2.4.0,direct,,,,,,,,
CRI-T3-A100-ALL-ALL-OD-APAC,2026-09-23,T3,T3,A100,ALL,ALL,APAC,OnDemand,citable,7,1.2471,1.1467,1.1467,median,1.1093,1.3240,0.9200,2.0000,1.0333,1.2645,1.2471,1,9,vast_ai,10000.0,1,2,1,5,1,9,Low,Shadow,2026-09-17,2026-09-23,v2.4.0,direct,,,,,,,,
CRI-T3-A100-ALL-GTD-1yr-ALL,2026-09-23,T3,T3,A100,ALL,GTD,ALL,1Y,market_intelligence,7,1.5900,1.5900,1.5900,median,1.5900,1.5900,1.5900,1.5900,1.5900,1.5900,1.5900,1,14,runpod_secure,10000.0,1,2,1,6,1,14,Low,Shadow,2026-09-17,2026-09-23,v2.4.0,direct,,,,,,,,
CRI-T3-A100-ALL-GTD-1yr-US,2026-09-23,T3,T3,A100,ALL,GTD,US,1Y,market_intelligence,7,1.5900,1.5900,1.5900,median,1.5900,1.5900,1.5900,1.5900,1.5900,1.5900,1.5900,1,14,runpod_secure,10000.0,1,2,1,6,1,14,Low,Shadow,2026-09-17,2026-09-23,v2.4.0,direct,,,,,,,,
CRI-T3-A100-ALL-GTD-3mo-ALL,2026-09-23,T3,T3,A100,ALL,GTD,ALL,3M,market_intelligence,7,1.5900,1.5900,1.5900,median,1.5900,1.5900,1.5900,1.5900,1.5900,1.5900,1.5900,1,14,runpod_secure,10000.0,1,2,1,6,1,14,Low,Shadow,2026-09-17,2026-09-23,v2.4.0,direct,,,,,,,,
CRI-T3-A100-ALL-GTD-3mo-US,2026-09-23,T3,T3,A100,ALL,GTD,US,3M,market_intelligence,7,1.5900,1.5900,1.5900,median,1.5900,1.5900,1.5900,1.5900,1.5900,1.5900,1.5900,1,14,runpod_secure,10000.0,1,2,1,6,1,14,Low,Shadow,2026-09-17,2026-09-23,v2.4.0,direct,,,,,,,,
CRI-T3-A100-ALL-GTD-6mo-ALL,2026-09-23,T3,T3,A100,ALL,GTD,ALL,6M,market_intelligence,7,1.5900,1.5900,1.5900,median,1.5900,1.5900,1.5900,1.5900,1.5900,1.5900,1.5900,1,14,runpod_secure,10000.0,1,2,1,6,1,14,Low,Shadow,2026-09-17,2026-09-23,v2.4.0,direct,,,,,,,,
CRI-T3-A100-ALL-GTD-6mo-US,2026-09-23,T3,T3,A100,ALL,GTD,US,6M,market_intelligence,7,1.5900,1.5900,1.5900,median,1.5900,1.5900,1.5900,1.5900,1.5900,1.5900,1.5900,1,14,runpod_secure,10000.0,1,2,1,6,1,14,Low,Shadow,2026-09-17,2026-09-23,v2.4.0,direct,,,,,,,,
CRI-T3-A100-ALL-GTD-OD-APAC,2026-09-23,T3,T3,A100,ALL,GTD,APAC,OnDemand,citable,7,1.2471,1.1467,1.1467,median,1.1093,1.3240,0.9200,2.0000,1.0333,1.2645,1.2471,1,9,vast_ai,10000.0,1,2,1,5,1,9,Low,Shadow,2026-09-17,2026-09-23,v2.4.0,direct,,,,,,,,
CRI-T3-A100-ALL-INT-OD-Other,2026-09-23,T3,T3,A100,ALL,INT,Other,OnDemand,citable,7,1.1907,1.1899,1.1899,median,1.1899,1.1917,1.1899,1.1917,1.1917,1.1911,1.1907,1,7,spheron,10000.0,1,1,1,3,1,7,Low,Shadow,2026-09-17,2026-09-23,v2.4.0,direct,,,,,,,,
CRI-T3-A100-PCIe-ALL-1yr-ALL,2026-09-23,T3,T3,A100,PCIe,ALL,ALL,1Y,market_intelligence,7,1.5900,1.5900,1.5900,median,1.5900,1.5900,1.5900,1.5900,1.5900,1.5900,1.5900,1,7,runpod_secure,10000.0,1,1,1,3,1,7,Low,Shadow,2026-09-17,2026-09-23,v2.4.0,direct,,,,,,,,
CRI-T3-A100-PCIe-ALL-1yr-US,2026-09-23,T3,T3,A100,PCIe,ALL,US,1Y,market_intelligence,7,1.5900,1.5900,1.5900,median,1.5900,1.5900,1.5900,1.5900,1.5900,1.5900,1.5900,1,7,runpod_secure,10000.0,1,1,1,3,1,7,Low,Shadow,2026-09-17,2026-09-23,v2.4.0,direct,,,,,,,,
CRI-T3-A100-PCIe-ALL-3mo-ALL,2026-09-23,T3,T3,A100,PCIe,ALL,ALL,3M,market_intelligence,7,1.5900,1.5900,1.5900,median,1.5900,1.5900,1.5900,1.5900,1.5900,1.5900,1.5900,1,7,runpod_secure,10000.0,1,1,1,3,1,7,Low,Shadow,2026-09-17,2026-09-23,v2.4.0,direct,,,,,,,,
CRI-T3-A100-PCIe-ALL-3mo-US,2026-09-23,T3,T3,A100,PCIe,ALL,US,3M,market_intelligence,7,1.5900,1.5900,1.5900,median,1.5900,1.5900,1.5900,1.5900,1.5900,1.5900,1.5900,1,7,runpod_secure,10000.0,1,1,1,3,1,7,Low,Shadow,2026-09-17,2026-09-23,v2.4.0,direct,,,,,,,,
CRI-T3-A100-PCIe-ALL-6mo-ALL,2026-09-23,T3,T3,A100,PCIe,ALL,ALL,6M,market_intelligence,7,1.5900,1.5900,1.5900,median,1.5900,1.5900,1.5900,1.5900,1.5900,1.5900,1.5900,1,7,runpod_secure,10000.0,1,1,1,3,1,7,Low,Shadow,2026-09-17,2026-09-23,v2.4.0,direct,,,,,,,,
CRI-T3-A100-PCIe-ALL-6mo-US,2026-09-23,T3,T3,A100,PCIe,ALL,US,6M,market_intelligence,7,1.5900,1.5900,1.5900,median,1.5900,1.5900,1.5900,1.5900,1.5900,1.5900,1.5900,1,7,runpod_secure,10000.0,1,1,1,3,1,7,Low,Shadow,2026-09-17,2026-09-23,v2.4.0,direct,,,,,,,,
CRI-T3-A100-PCIe-GTD-1yr-ALL,2026-09-23,T3,T3,A100,PCIe,GTD,ALL,1Y,market_intelligence,7,1.5900,1.5900,1.5900,median,1.5900,1.5900,1.5900,1.5900,1.5900,1.5900,1.5900,1,7,runpod_secure,10000.0,1,1,1,3,1,7,Low,Shadow,2026-09-17,2026-09-23,v2.4.0,direct,,,,,,,,
CRI-T3-A100-PCIe-GTD-1yr-US,2026-09-23,T3,T3,A100,PCIe,GTD,US,1Y,market_intelligence,7,1.5900,1.5900,1.5900,median,1.5900,1.5900,1.5900,1.5900,1.5900,1.5900,1.5900,1,7,runpod_secure,10000.0,1,1,1,3,1,7,Low,Shadow,2026-09-17,2026-09-23,v2.4.0,direct,,,,,,,,
CRI-T3-A100-PCIe-GTD-3mo-ALL,2026-09-23,T3,T3,A100,PCIe,GTD,ALL,3M,market_intelligence,7,1.5900,1.5900,1.5900,median,1.5900,1.5900,1.5900,1.5900,1.5900,1.5900,1.5900,1,7,runpod_secure,10000.0,1,1,1,3,1,7,Low,Shadow,2026-09-17,2026-09-23,v2.4.0,direct,,,,,,,,
CRI-T3-A100-PCIe-GTD-3mo-US,2026-09-23,T3,T3,A100,PCIe,GTD,US,3M,market_intelligence,7,1.5900,1.5900,1.5900,median,1.5900,1.5900,1.5900,1.5900,1.5900,1.5900,1.5900,1,7,runpod_secure,10000.0,1,1,1,3,1,7,Low,Shadow,2026-09-17,2026-09-23,v2.4.0,direct,,,,,,,,
CRI-T3-A100-PCIe-GTD-6mo-ALL,2026-09-23,T3,T3,A100,PCIe,GTD,ALL,6M,market_intelligence,7,1.5900,1.5900,1.5900,median,1.5900,1.5900,1.5900,1.5900,1.5900,1.5900,1.5900,1,7,runpod_secure,10000.0,1,1,1,3,1,7,Low,Shadow,2026-09-17,2026-09-23,v2.4.0,direct,,,,,,,,
CRI-T3-A100-PCIe-GTD-6mo-US,2026-09-23,T3,T3,A100,PCIe,GTD,US,6M,market_intelligence,7,1.5900,1.5900,1.5900,median,1.5900,1.5900,1.5900,1.5900,1.5900,1.5900,1.5900,1,7,runpod_secure,10000.0,1,1,1,3,1,7,Low,Shadow,2026-09-17,2026-09-23,v2.4.0,direct,,,,,,,,
CRI-T3-A100-SXM-ALL-1yr-ALL,2026-09-23,T3,T3,A100,SXM,ALL,ALL,1Y,market_intelligence,7,1.5900,1.5900,1.5900,median,1.5900,1.5900,1.5900,1.5900,1.5900,1.5900,1.5900,1,7,runpod_secure,10000.0,1,1,1,3,1,7,Low,Shadow,2026-09-17,2026-09-23,v2.4.0,direct,,,,,,,,
CRI-T3-A100-SXM-ALL-1yr-US,2026-09-23,T3,T3,A100,SXM,ALL,US,1Y,market_intelligence,7,1.5900,1.5900,1.5900,median,1.5900,1.5900,1.5900,1.5900,1.5900,1.5900,1.5900,1,7,runpod_secure,10000.0,1,1,1,3,1,7,Low,Shadow,2026-09-17,2026-09-23,v2.4.0,direct,,,,,,,,
CRI-T3-A100-SXM-ALL-3mo-ALL,2026-09-23,T3,T3,A100,SXM,ALL,ALL,3M,market_intelligence,7,1.5900,1.5900,1.5900,median,1.5900,1.5900,1.5900,1.5900,1.5900,1.5900,1.5900,1,7,runpod_secure,10000.0,1,1,1,3,1,7,Low,Shadow,2026-09-17,2026-09-23,v2.4.0,direct,,,,,,,,
CRI-T3-A100-SXM-ALL-3mo-US,2026-09-23,T3,T3,A100,SXM,ALL,US,3M,market_intelligence,7,1.5900,1.5900,1.5900,median,1.5900,1.5900,1.5900,1.5900,1.5900,1.5900,1.5900,1,7,runpod_secure,10000.0,1,1,1,3,1,7,Low,Shadow,2026-09-17,2026-09-23,v2.4.0,direct,,,,,,,,
CRI-T3-A100-SXM-ALL-6mo-ALL,2026-09-23,T3,T3,A100,SXM,ALL,ALL,6M,market_intelligence,7,1.5900,1.5900,1.5900,median,1.5900,1.5900,1.5900,1.5900,1.5900,1.5900,1.5900,1,7,runpod_secure,10000.0,1,1,1,3,1,7,Low,Shadow,2026-09-17,2026-09-23,v2.4.0,direct,,,,,,,,
CRI-T3-A100-SXM-ALL-6mo-US,2026-09-23,T3,T3,A100,SXM,ALL,US,6M,market_intelligence,7,1.5900,1.5900,1.5900,median,1.5900,1.5900,1.5900,1.5900,1.5900,1.5900,1.5900,1,7,runpod_secure,10000.0,1,1,1,3,1,7,Low,Shadow,2026-09-17,2026-09-23,v2.4.0,direct,,,,,,,,
CRI-T3-A100-SXM-GTD-1yr-ALL,2026-09-23,T3,T3,A100,SXM,GTD,ALL,1Y,market_intelligence,7,1.5900,1.5900,1.5900,median,1.5900,1.5900,1.5900,1.5900,1.5900,1.5900,1.5900,1,7,runpod_secure,10000.0,1,1,1,3,1,7,Low,Shadow,2026-09-17,2026-09-23,v2.4.0,direct,,,,,,,,
CRI-T3-A100-SXM-GTD-1yr-US,2026-09-23,T3,T3,A100,SXM,GTD,US,1Y,market_intelligence,7,1.5900,1.5900,1.5900,median,1.5900,1.5900,1.5900,1.5900,1.5900,1.5900,1.5900,1,7,runpod_secure,10000.0,1,1,1,3,1,7,Low,Shadow,2026-09-17,2026-09-23,v2.4.0,direct,,,,,,,,
CRI-T3-A100-SXM-GTD-3mo-ALL,2026-09-23,T3,T3,A100,SXM,GTD,ALL,3M,market_intelligence,7,1.5900,1.5900,1.5900,median,1.5900,1.5900,1.5900,1.5900,1.5900,1.5900,1.5900,1,7,runpod_secure,10000.0,1,1,1,3,1,7,Low,Shadow,2026-09-17,2026-09-23,v2.4.0,direct,,,,,,,,
CRI-T3-A100-SXM-GTD-3mo-US,2026-09-23,T3,T3,A100,SXM,GTD,US,3M,market_intelligence,7,1.5900,1.5900,1.5900,median,1.5900,1.5900,1.5900,1.5900,1.5900,1.5900,1.5900,1,7,runpod_secure,10000.0,1,1,1,3,1,7,Low,Shadow,2026-09-17,2026-09-23,v2.4.0,direct,,,,,,,,
CRI-T3-A100-SXM-GTD-6mo-ALL,2026-09-23,T3,T3,A100,SXM,GTD,ALL,6M,market_intelligence,7,1.5900,1.5900,1.5900,median,1.5900,1.5900,1.5900,1.5900,1.5900,1.5900,1.5900,1,7,runpod_secure,10000.0,1,1,1,3,1,7,Low,Shadow,2026-09-17,2026-09-23,v2.4.0,direct,,,,,,,,
CRI-T3-A100-SXM-GTD-6mo-US,2026-09-23,T3,T3,A100,SXM,GTD,US,6M,market_intelligence,7,1.5900,1.5900,1.5900,median,1.5900,1.5900,1.5900,1.5900,1.5900,1.5900,1.5900,1,7,runpod_secure,10000.0,1,1,1,3,1,7,Low,Shadow,2026-09-17,2026-09-23,v2.4.0,direct,,,,,,,,
CRI-T3-A40-ALL-ALL-1yr-ALL,2026-09-23,T3,T3,A40,ALL,ALL,ALL,1Y,market_intelligence,7,0.4900,0.4900,0.4900,median,0.4900,0.4900,0.4900,0.4900,0.4900,0.4900,0.4900,1,7,runpod_secure,10000.0,1,1,1,3,1,7,Low,Shadow,2026-09-17,2026-09-23,v2.4.0,direct,,,,,,,,
CRI-T3-A40-ALL-ALL-1yr-US,2026-09-23,T3,T3,A40,ALL,ALL,US,1Y,market_intelligence,7,0.4900,0.4900,0.4900,median,0.4900,0.4900,0.4900,0.4900,0.4900,0.4900,0.4900,1,7,runpod_secure,10000.0,1,1,1,3,1,7,Low,Shadow,2026-09-17,2026-09-23,v2.4.0,direct,,,,,,,,
CRI-T3-A40-ALL-ALL-3mo-ALL,2026-09-23,T3,T3,A40,ALL,ALL,ALL,3M,market_intelligence,7,0.4900,0.4900,0.4900,median,0.4900,0.4900,0.4900,0.4900,0.4900,0.4900,0.4900,1,7,runpod_secure,10000.0,1,1,1,3,1,7,Low,Shadow,2026-09-17,2026-09-23,v2.4.0,direct,,,,,,,,
CRI-T3-A40-ALL-ALL-3mo-US,2026-09-23,T3,T3,A40,ALL,ALL,US,3M,market_intelligence,7,0.4900,0.4900,0.4900,median,0.4900,0.4900,0.4900,0.4900,0.4900,0.4900,0.4900,1,7,runpod_secure,10000.0,1,1,1,3,1,7,Low,Shadow,2026-09-17,2026-09-23,v2.4.0,direct,,,,,,,,
CRI-T3-A40-ALL-ALL-6mo-ALL,2026-09-23,T3,T3,A40,ALL,ALL,ALL,6M,market_intelligence,7,0.4900,0.4900,0.4900,median,0.4900,0.4900,0.4900,0.4900,0.4900,0.4900,0.4900,1,7,runpod_secure,10000.0,1,1,1,3,1,7,Low,Shadow,2026-09-17,2026-09-23,v2.4.0,direct,,,,,,,,
CRI-T3-A40-ALL-ALL-6mo-US,2026-09-23,T3,T3,A40,ALL,ALL,US,6M,market_intelligence,7,0.4900,0.4900,0.4900,median,0.4900,0.4900,0.4900,0.4900,0.4900,0.4900,0.4900,1,7,runpod_secure,10000.0,1,1,1,3,1,7,Low,Shadow,2026-09-17,2026-09-23,v2.4.0,direct,,,,,,,,
CRI-T3-A40-ALL-ALL-OD-ALL,2026-09-23,T3,T3,A40,ALL,ALL,ALL,OnDemand,citable,7,0.4537,0.4200,0.4200,median,0.4200,0.4900,0.3500,0.4900,0.4550,0.4550,0.4537,2,27,runpod_community|runpod_secure,5000.0,2,4,2,12,2,27,Medium,Shadow,2026-09-17,2026-09-23,v2.4.0,direct,,,,,,,,
CRI-T3-A40-ALL-ALL-OD-EU,2026-09-23,T3,T3,A40,ALL,ALL,EU,OnDemand,citable,7,0.4900,0.4900,0.4900,median,0.4900,0.4900,0.4900,0.4900,0.4900,0.4900,0.4900,1,7,runpod_secure,10000.0,1,1,1,3,1,7,Low,Shadow,2026-09-17,2026-09-23,v2.4.0,direct,,,,,,,,
CRI-T3-A40-ALL-ALL-OD-Other,2026-09-23,T3,T3,A40,ALL,ALL,Other,OnDemand,citable,7,0.4900,0.4900,0.4900,median,0.4900,0.4900,0.4900,0.4900,0.4900,0.4900,0.4900,1,7,runpod_secure,10000.0,1,1,1,3,1,7,Low,Shadow,2026-09-17,2026-09-23,v2.4.0,direct,,,,,,,,
CRI-T3-A40-ALL-GTD-1yr-ALL,2026-09-23,T3,T3,A40,ALL,GTD,ALL,1Y,market_intelligence,7,0.4900,0.4900,0.4900,median,0.4900,0.4900,0.4900,0.4900,0.4900,0.4900,0.4900,1,7,runpod_secure,10000.0,1,1,1,3,1,7,Low,Shadow,2026-09-17,2026-09-23,v2.4.0,direct,,,,,,,,
CRI-T3-A40-ALL-GTD-1yr-US,2026-09-23,T3,T3,A40,ALL,GTD,US,1Y,market_intelligence,7,0.4900,0.4900,0.4900,median,0.4900,0.4900,0.4900,0.4900,0.4900,0.4900,0.4900,1,7,runpod_secure,10000.0,1,1,1,3,1,7,Low,Shadow,2026-09-17,2026-09-23,v2.4.0,direct,,,,,,,,
CRI-T3-A40-ALL-GTD-3mo-ALL,2026-09-23,T3,T3,A40,ALL,GTD,ALL,3M,market_intelligence,7,0.4900,0.4900,0.4900,median,0.4900,0.4900,0.4900,0.4900,0.4900,0.4900,0.4900,1,7,runpod_secure,10000.0,1,1,1,3,1,7,Low,Shadow,2026-09-17,2026-09-23,v2.4.0,direct,,,,,,,,
CRI-T3-A40-ALL-GTD-3mo-US,2026-09-23,T3,T3,A40,ALL,GTD,US,3M,market_intelligence,7,0.4900,0.4900,0.4900,median,0.4900,0.4900,0.4900,0.4900,0.4900,0.4900,0.4900,1,7,runpod_secure,10000.0,1,1,1,3,1,7,Low,Shadow,2026-09-17,2026-09-23,v2.4.0,direct,,,,,,,,
CRI-T3-A40-ALL-GTD-6mo-ALL,2026-09-23,T3,T3,A40,ALL,GTD,ALL,6M,market_intelligence,7,0.4900,0.4900,0.4900,median,0.4900,0.4900,0.4900,0.4900,0.4900,0.4900,0.4900,1,7,runpod_secure,10000.0,1,1,1,3,1,7,Low,Shadow,2026-09-17,2026-09-23,v2.4.0,direct,,,,,,,,
CRI-T3-A40-ALL-GTD-6mo-US,2026-09-23,T3,T3,A40,ALL,GTD,US,6M,market_intelligence,7,0.4900,0.4900,0.4900,median,0.4900,0.4900,0.4900,0.4900,0.4900,0.4900,0.4900,1,7,runpod_secure,10000.0,1,1,1,3,1,7,Low,Shadow,2026-09-17,2026-09-23,v2.4.0,direct,,,,,,,,
CRI-T3-A40-ALL-GTD-OD-ALL,2026-09-23,T3,T3,A40,ALL,GTD,ALL,OnDemand,citable,7,0.4537,0.4200,0.4200,median,0.4200,0.4900,0.3500,0.4900,0.4550,0.4550,0.4537,2,27,runpod_community|runpod_secure,5000.0,2,4,2,12,2,27,Medium,Shadow,2026-09-17,2026-09-23,v2.4.0,direct,,,,,,,,
CRI-T3-A40-ALL-GTD-OD-EU,2026-09-23,T3,T3,A40,ALL,GTD,EU,OnDemand,citable,7,0.4900,0.4900,0.4900,median,0.4900,0.4900,0.4900,0.4900,0.4900,0.4900,0.4900,1,7,runpod_secure,10000.0,1,1,1,3,1,7,Low,Shadow,2026-09-17,2026-09-23,v2.4.0,direct,,,,,,,,
CRI-T3-A40-ALL-GTD-OD-Other,2026-09-23,T3,T3,A40,ALL,GTD,Other,OnDemand,citable,7,0.4900,0.4900,0.4900,median,0.4900,0.4900,0.4900,0.4900,0.4900,0.4900,0.4900,1,7,runpod_secure,10000.0,1,1,1,3,1,7,Low,Shadow,2026-09-17,2026-09-23,v2.4.0,direct,,,,,,,,
CRI-T3-A40-PCIe-ALL-1yr-ALL,2026-09-23,T3,T3,A40,PCIe,ALL,ALL,1Y,market_intelligence,7,0.4900,0.4900,0.4900,median,0.4900,0.4900,0.4900,0.4900,0.4900,0.4900,0.4900,1,7,runpod_secure,10000.0,1,1,1,3,1,7,Low,Shadow,2026-09-17,2026-09-23,v2.4.0,direct,,,,,,,,
CRI-T3-A40-PCIe-ALL-1yr-US,2026-09-23,T3,T3,A40,PCIe,ALL,US,1Y,market_intelligence,7,0.4900,0.4900,0.4900,median,0.4900,0.4900,0.4900,0.4900,0.4900,0.4900,0.4900,1,7,runpod_secure,10000.0,1,1,1,3,1,7,Low,Shadow,2026-09-17,2026-09-23,v2.4.0,direct,,,,,,,,
CRI-T3-A40-PCIe-ALL-3mo-ALL,2026-09-23,T3,T3,A40,PCIe,ALL,ALL,3M,market_intelligence,7,0.4900,0.4900,0.4900,median,0.4900,0.4900,0.4900,0.4900,0.4900,0.4900,0.4900,1,7,runpod_secure,10000.0,1,1,1,3,1,7,Low,Shadow,2026-09-17,2026-09-23,v2.4.0,direct,,,,,,,,
CRI-T3-A40-PCIe-ALL-3mo-US,2026-09-23,T3,T3,A40,PCIe,ALL,US,3M,market_intelligence,7,0.4900,0.4900,0.4900,median,0.4900,0.4900,0.4900,0.4900,0.4900,0.4900,0.4900,1,7,runpod_secure,10000.0,1,1,1,3,1,7,Low,Shadow,2026-09-17,2026-09-23,v2.4.0,direct,,,,,,,,
CRI-T3-A40-PCIe-ALL-6mo-ALL,2026-09-23,T3,T3,A40,PCIe,ALL,ALL,6M,market_intelligence,7,0.4900,0.4900,0.4900,median,0.4900,0.4900,0.4900,0.4900,0.4900,0.4900,0.4900,1,7,runpod_secure,10000.0,1,1,1,3,1,7,Low,Shadow,2026-09-17,2026-09-23,v2.4.0,direct,,,,,,,,
CRI-T3-A40-PCIe-ALL-6mo-US,2026-09-23,T3,T3,A40,PCIe,ALL,US,6M,market_intelligence,7,0.4900,0.4900,0.4900,median,0.4900,0.4900,0.4900,0.4900,0.4900,0.4900,0.4900,1,7,runpod_secure,10000.0,1,1,1,3,1,7,Low,Shadow,2026-09-17,2026-09-23,v2.4.0,direct,,,,,,,,
CRI-T3-A40-PCIe-ALL-OD-ALL,2026-09-23,T3,T3,A40,PCIe,ALL,ALL,OnDemand,citable,7,0.4537,0.4200,0.4200,median,0.4200,0.4900,0.3500,0.4900,0.4550,0.4550,0.4537,2,27,runpod_community|runpod_secure,5000.0,2,4,2,12,2,27,Medium,Shadow,2026-09-17,2026-09-23,v2.4.0,direct,,,,,,,,
CRI-T3-A40-PCIe-ALL-OD-EU,2026-09-23,T3,T3,A40,PCIe,ALL,EU,OnDemand,citable,7,0.4900,0.4900,0.4900,median,0.4900,0.4900,0.4900,0.4900,0.4900,0.4900,0.4900,1,7,runpod_secure,10000.0,1,1,1,3,1,7,Low,Shadow,2026-09-17,2026-09-23,v2.4.0,direct,,,,,,,,
CRI-T3-A40-PCIe-GTD-1yr-ALL,2026-09-23,T3,T3,A40,PCIe,GTD,ALL,1Y,market_intelligence,7,0.4900,0.4900,0.4900,median,0.4900,0.4900,0.4900,0.4900,0.4900,0.4900,0.4900,1,7,runpod_secure,10000.0,1,1,1,3,1,7,Low,Shadow,2026-09-17,2026-09-23,v2.4.0,direct,,,,,,,,
CRI-T3-A40-PCIe-GTD-1yr-US,2026-09-23,T3,T3,A40,PCIe,GTD,US,1Y,market_intelligence,7,0.4900,0.4900,0.4900,median,0.4900,0.4900,0.4900,0.4900,0.4900,0.4900,0.4900,1,7,runpod_secure,10000.0,1,1,1,3,1,7,Low,Shadow,2026-09-17,2026-09-23,v2.4.0,direct,,,,,,,,
CRI-T3-A40-PCIe-GTD-3mo-ALL,2026-09-23,T3,T3,A40,PCIe,GTD,ALL,3M,market_intelligence,7,0.4900,0.4900,0.4900,median,0.4900,0.4900,0.4900,0.4900,0.4900,0.4900,0.4900,1,7,runpod_secure,10000.0,1,1,1,3,1,7,Low,Shadow,2026-09-17,2026-09-23,v2.4.0,direct,,,,,,,,
CRI-T3-A40-PCIe-GTD-3mo-US,2026-09-23,T3,T3,A40,PCIe,GTD,US,3M,market_intelligence,7,0.4900,0.4900,0.4900,median,0.4900,0.4900,0.4900,0.4900,0.4900,0.4900,0.4900,1,7,runpod_secure,10000.0,1,1,1,3,1,7,Low,Shadow,2026-09-17,2026-09-23,v2.4.0,direct,,,,,,,,
CRI-T3-A40-PCIe-GTD-6mo-ALL,2026-09-23,T3,T3,A40,PCIe,GTD,ALL,6M,market_intelligence,7,0.4900,0.4900,0.4900,median,0.4900,0.4900,0.4900,0.4900,0.4900,0.4900,0.4900,1,7,runpod_secure,10000.0,1,1,1,3,1,7,Low,Shadow,2026-09-17,2026-09-23,v2.4.0,direct,,,,,,,,
CRI-T3-A40-PCIe-GTD-6mo-US,2026-09-23,T3,T3,A40,PCIe,GTD,US,6M,market_intelligence,7,0.4900,0.4900,0.4900,median,0.4900,0.4900,0.4900,0.4900,0.4900,0.4900,0.4900,1,7,runpod_secure,10000.0,1,1,1,3,1,7,Low,Shadow,2026-09-17,2026-09-23,v2.4.0,direct,,,,,,,,
CRI-T3-A40-PCIe-GTD-OD-ALL,2026-09-23,T3,T3,A40,PCIe,GTD,ALL,OnDemand,citable,7,0.4537,0.4200,0.4200,median,0.4200,0.4900,0.3500,0.4900,0.4550,0.4550,0.4537,2,27,runpod_community|runpod_secure,5000.0,2,4,2,12,2,27,Medium,Shadow,2026-09-17,2026-09-23,v2.4.0,direct,,,,,,,,
CRI-T3-A40-PCIe-GTD-OD-EU,2026-09-23,T3,T3,A40,PCIe,GTD,EU,OnDemand,citable,7,0.4900,0.4900,0.4900,median,0.4900,0.4900,0.4900,0.4900,0.4900,0.4900,0.4900,1,7,runpod_secure,10000.0,1,1,1,3,1,7,Low,Shadow,2026-09-17,2026-09-23,v2.4.0,direct,,,,,,,,
CRI-T3-B200-ALL-ALL-1yr-ALL,2026-09-23,T3,T3,B200,ALL,ALL,ALL,1Y,market_intelligence,7,6.7900,6.7900,6.7900,median,6.7900,6.7900,6.7900,6.7900,6.7900,6.7900,6.7900,1,7,runpod_secure,10000.0,1,1,1,3,1,7,Low,Shadow,2026-09-17,2026-09-23,v2.4.0,direct,,,,,,,,
CRI-T3-B200-ALL-ALL-1yr-US,2026-09-23,T3,T3,B200,ALL,ALL,US,1Y,market_intelligence,7,6.7900,6.7900,6.7900,median,6.7900,6.7900,6.7900,6.7900,6.7900,6.7900,6.7900,1,7,runpod_secure,10000.0,1,1,1,3,1,7,Low,Shadow,2026-09-17,2026-09-23,v2.4.0,direct,,,,,,,,
CRI-T3-B200-ALL-ALL-3mo-ALL,2026-09-23,T3,T3,B200,ALL,ALL,ALL,3M,market_intelligence,7,6.7900,6.7900,6.7900,median,6.7900,6.7900,6.7900,6.7900,6.7900,6.7900,6.7900,1,7,runpod_secure,10000.0,1,1,1,3,1,7,Low,Shadow,2026-09-17,2026-09-23,v2.4.0,direct,,,,,,,,
CRI-T3-B200-ALL-ALL-3mo-US,2026-09-23,T3,T3,B200,ALL,ALL,US,3M,market_intelligence,7,6.7900,6.7900,6.7900,median,6.7900,6.7900,6.7900,6.7900,6.7900,6.7900,6.7900,1,7,runpod_secure,10000.0,1,1,1,3,1,7,Low,Shadow,2026-09-17,2026-09-23,v2.4.0,direct,,,,,,,,
CRI-T3-B200-ALL-ALL-6mo-ALL,2026-09-23,T3,T3,B200,ALL,ALL,ALL,6M,market_intelligence,7,6.7900,6.7900,6.7900,median,6.7900,6.7900,6.7900,6.7900,6.7900,6.7900,6.7900,1,7,runpod_secure,10000.0,1,1,1,3,1,7,Low,Shadow,2026-09-17,2026-09-23,v2.4.0,direct,,,,,,,,
CRI-T3-B200-ALL-ALL-6mo-US,2026-09-23,T3,T3,B200,ALL,ALL,US,6M,market_intelligence,7,6.7900,6.7900,6.7900,median,6.7900,6.7900,6.7900,6.7900,6.7900,6.7900,6.7900,1,7,runpod_secure,10000.0,1,1,1,3,1,7,Low,Shadow,2026-09-17,2026-09-23,v2.4.0,direct,,,,,,,,
CRI-T3-B200-ALL-ALL-OD-APAC,2026-09-23,T3,T3,B200,ALL,ALL,APAC,OnDemand,citable,7,5.9375,5.9375,5.9375,median,4.8438,7.0312,3.7500,8.1250,,8.1250,5.9375,1,2,vast_ai,10000.0,,,1,1,1,2,Low,Shadow,2026-09-17,2026-09-23,v2.4.0,direct,,,,,,,,
CRI-T3-B200-ALL-ALL-OD-EU,2026-09-23,T3,T3,B200,ALL,ALL,EU,OnDemand,citable,7,6.7900,6.7900,6.7900,median,6.7900,6.7900,6.7900,6.7900,6.7900,6.7900,6.7900,1,7,runpod_secure,10000.0,1,1,1,3,1,7,Low,Shadow,2026-09-17,2026-09-23,v2.4.0,direct,,,,,,,,
CRI-T3-B200-ALL-ALL-OD-Other,2026-09-23,T3,T3,B200,ALL,ALL,Other,OnDemand,citable,7,6.8028,5.3730,5.3730,median,5.3553,9.3031,5.3376,9.3600,7.3204,7.3357,6.8028,1,11,spheron,10000.0,1,2,1,6,1,11,Low,Shadow,2026-09-17,2026-09-23,v2.4.0,direct,,,,,,,,
CRI-T3-B200-ALL-GTD-1yr-ALL,2026-09-23,T3,T3,B200,ALL,GTD,ALL,1Y,market_intelligence,7,6.7900,6.7900,6.7900,median,6.7900,6.7900,6.7900,6.7900,6.7900,6.7900,6.7900,1,7,runpod_secure,10000.0,1,1,1,3,1,7,Low,Shadow,2026-09-17,2026-09-23,v2.4.0,direct,,,,,,,,
CRI-T3-B200-ALL-GTD-1yr-US,2026-09-23,T3,T3,B200,ALL,GTD,US,1Y,market_intelligence,7,6.7900,6.7900,6.7900,median,6.7900,6.7900,6.7900,6.7900,6.7900,6.7900,6.7900,1,7,runpod_secure,10000.0,1,1,1,3,1,7,Low,Shadow,2026-09-17,2026-09-23,v2.4.0,direct,,,,,,,,
CRI-T3-B200-ALL-GTD-3mo-ALL,2026-09-23,T3,T3,B200,ALL,GTD,ALL,3M,market_intelligence,7,6.7900,6.7900,6.7900,median,6.7900,6.7900,6.7900,6.7900,6.7900,6.7900,6.7900,1,7,runpod_secure,10000.0,1,1,1,3,1,7,Low,Shadow,2026-09-17,2026-09-23,v2.4.0,direct,,,,,,,,
CRI-T3-B200-ALL-GTD-3mo-US,2026-09-23,T3,T3,B200,ALL,GTD,US,3M,market_intelligence,7,6.7900,6.7900,6.7900,median,6.7900,6.7900,6.7900,6.7900,6.7900,6.7900,6.7900,1,7,runpod_secure,10000.0,1,1,1,3,1,7,Low,Shadow,2026-09-17,2026-09-23,v2.4.0,direct,,,,,,,,
CRI-T3-B200-ALL-GTD-6mo-ALL,2026-09-23,T3,T3,B200,ALL,GTD,ALL,6M,market_intelligence,7,6.7900,6.7900,6.7900,median,6.7900,6.7900,6.7900,6.7900,6.7900,6.7900,6.7900,1,7,runpod_secure,10000.0,1,1,1,3,1,7,Low,Shadow,2026-09-17,2026-09-23,v2.4.0,direct,,,,,,,,
CRI-T3-B200-ALL-GTD-6mo-US,2026-09-23,T3,T3,B200,ALL,GTD,US,6M,market_intelligence,7,6.7900,6.7900,6.7900,median,6.7900,6.7900,6.7900,6.7900,6.7900,6.7900,6.7900,1,7,runpod_secure,10000.0,1,1,1,3,1,7,Low,Shadow,2026-09-17,2026-09-23,v2.4.0,direct,,,,,,,,
CRI-T3-B200-ALL-GTD-OD-APAC,2026-09-23,T3,T3,B200,ALL,GTD,APAC,OnDemand,citable,7,5.9375,5.9375,5.9375,median,4.8438,7.0312,3.7500,8.1250,,8.1250,5.9375,1,2,vast_ai,10000.0,,,1,1,1,2,Low,Shadow,2026-09-17,2026-09-23,v2.4.0,direct,,,,,,,,
CRI-T3-B200-ALL-GTD-OD-EU,2026-09-23,T3,T3,B200,ALL,GTD,EU,OnDemand,citable,7,6.7900,6.7900,6.7900,median,6.7900,6.7900,6.7900,6.7900,6.7900,6.7900,6.7900,1,7,runpod_secure,10000.0,1,1,1,3,1,7,Low,Shadow,2026-09-17,2026-09-23,v2.4.0,direct,,,,,,,,
CRI-T3-B200-ALL-GTD-OD-Other,2026-09-23,T3,T3,B200,ALL,GTD,Other,OnDemand,citable,7,9.3316,9.3316,9.3316,median,9.3031,9.3600,9.3031,9.3600,9.3031,9.3221,9.3316,1,4,spheron,10000.0,1,1,1,3,1,4,Low,Shadow,2026-09-17,2026-09-23,v2.4.0,direct,,,,,,,,
CRI-T3-B200-ALL-INT-OD-ALL,2026-09-23,T3,T3,B200,ALL,INT,ALL,OnDemand,citable,7,5.3629,5.3730,5.3730,median,5.3553,5.3730,5.3376,5.3730,5.3376,5.3494,5.3629,1,7,spheron,10000.0,1,1,1,3,1,7,Low,Shadow,2026-09-17,2026-09-23,v2.4.0,direct,,,,,,,,
CRI-T3-B200-ALL-INT-OD-Other,2026-09-23,T3,T3,B200,ALL,INT,Other,OnDemand,citable,7,5.3578,5.3730,5.3730,median,5.3376,5.3730,5.3376,5.3730,5.3376,5.3494,5.3578,1,7,spheron,10000.0,1,1,1,3,1,7,Low,Shadow,2026-09-17,2026-09-23,v2.4.0,direct,,,,,,,,
CRI-T3-B200-ALL-INT-OD-US,2026-09-23,T3,T3,B200,ALL,INT,US,OnDemand,citable,7,5.3629,5.3730,5.3730,median,5.3553,5.3730,5.3376,5.3730,5.3376,5.3494,5.3629,1,7,spheron,10000.0,1,1,1,3,1,7,Low,Shadow,2026-09-17,2026-09-23,v2.4.0,direct,,,,,,,,
CRI-T3-B200-SXM-ALL-1yr-ALL,2026-09-23,T3,T3,B200,SXM,ALL,ALL,1Y,market_intelligence,7,6.7900,6.7900,6.7900,median,6.7900,6.7900,6.7900,6.7900,6.7900,6.7900,6.7900,1,7,runpod_secure,10000.0,1,1,1,3,1,7,Low,Shadow,2026-09-17,2026-09-23,v2.4.0,direct,,,,,,,,
CRI-T3-B200-SXM-ALL-1yr-US,2026-09-23,T3,T3,B200,SXM,ALL,US,1Y,market_intelligence,7,6.7900,6.7900,6.7900,median,6.7900,6.7900,6.7900,6.7900,6.7900,6.7900,6.7900,1,7,runpod_secure,10000.0,1,1,1,3,1,7,Low,Shadow,2026-09-17,2026-09-23,v2.4.0,direct,,,,,,,,
CRI-T3-B200-SXM-ALL-3mo-ALL,2026-09-23,T3,T3,B200,SXM,ALL,ALL,3M,market_intelligence,7,6.7900,6.7900,6.7900,median,6.7900,6.7900,6.7900,6.7900,6.7900,6.7900,6.7900,1,7,runpod_secure,10000.0,1,1,1,3,1,7,Low,Shadow,2026-09-17,2026-09-23,v2.4.0,direct,,,,,,,,
CRI-T3-B200-SXM-ALL-3mo-US,2026-09-23,T3,T3,B200,SXM,ALL,US,3M,market_intelligence,7,6.7900,6.7900,6.7900,median,6.7900,6.7900,6.7900,6.7900,6.7900,6.7900,6.7900,1,7,runpod_secure,10000.0,1,1,1,3,1,7,Low,Shadow,2026-09-17,2026-09-23,v2.4.0,direct,,,,,,,,
CRI-T3-B200-SXM-ALL-6mo-ALL,2026-09-23,T3,T3,B200,SXM,ALL,ALL,6M,market_intelligence,7,6.7900,6.7900,6.7900,median,6.7900,6.7900,6.7900,6.7900,6.7900,6.7900,6.7900,1,7,runpod_secure,10000.0,1,1,1,3,1,7,Low,Shadow,2026-09-17,2026-09-23,v2.4.0,direct,,,,,,,,
CRI-T3-B200-SXM-ALL-6mo-US,2026-09-23,T3,T3,B200,SXM,ALL,US,6M,market_intelligence,7,6.7900,6.7900,6.7900,median,6.7900,6.7900,6.7900,6.7900,6.7900,6.7900,6.7900,1,7,runpod_secure,10000.0,1,1,1,3,1,7,Low,Shadow,2026-09-17,2026-09-23,v2.4.0,direct,,,,,,,,
CRI-T3-B200-SXM-ALL-OD-EU,2026-09-23,T3,T3,B200,SXM,ALL,EU,OnDemand,citable,7,6.7900,6.7900,6.7900,median,6.7900,6.7900,6.7900,6.7900,6.7900,6.7900,6.7900,1,7,runpod_secure,10000.0,1,1,1,3,1,7,Low,Shadow,2026-09-17,2026-09-23,v2.4.0,direct,,,,,,,,
CRI-T3-B200-SXM-GTD-1yr-ALL,2026-09-23,T3,T3,B200,SXM,GTD,ALL,1Y,market_intelligence,7,6.7900,6.7900,6.7900,median,6.7900,6.7900,6.7900,6.7900,6.7900,6.7900,6.7900,1,7,runpod_secure,10000.0,1,1,1,3,1,7,Low,Shadow,2026-09-17,2026-09-23,v2.4.0,direct,,,,,,,,
CRI-T3-B200-SXM-GTD-1yr-US,2026-09-23,T3,T3,B200,SXM,GTD,US,1Y,market_intelligence,7,6.7900,6.7900,6.7900,median,6.7900,6.7900,6.7900,6.7900,6.7900,6.7900,6.7900,1,7,runpod_secure,10000.0,1,1,1,3,1,7,Low,Shadow,2026-09-17,2026-09-23,v2.4.0,direct,,,,,,,,
CRI-T3-B200-SXM-GTD-3mo-ALL,2026-09-23,T3,T3,B200,SXM,GTD,ALL,3M,market_intelligence,7,6.7900,6.7900,6.7900,median,6.7900,6.7900,6.7900,6.7900,6.7900,6.7900,6.7900,1,7,runpod_secure,10000.0,1,1,1,3,1,7,Low,Shadow,2026-09-17,2026-09-23,v2.4.0,direct,,,,,,,,
CRI-T3-B200-SXM-GTD-3mo-US,2026-09-23,T3,T3,B200,SXM,GTD,US,3M,market_intelligence,7,6.7900,6.7900,6.7900,median,6.7900,6.7900,6.7900,6.7900,6.7900,6.7900,6.7900,1,7,runpod_secure,10000.0,1,1,1,3,1,7,Low,Shadow,2026-09-17,2026-09-23,v2.4.0,direct,,,,,,,,
CRI-T3-B200-SXM-GTD-6mo-ALL,2026-09-23,T3,T3,B200,SXM,GTD,ALL,6M,market_intelligence,7,6.7900,6.7900,6.7900,median,6.7900,6.7900,6.7900,6.7900,6.7900,6.7900,6.7900,1,7,runpod_secure,10000.0,1,1,1,3,1,7,Low,Shadow,2026-09-17,2026-09-23,v2.4.0,direct,,,,,,,,
CRI-T3-B200-SXM-GTD-6mo-US,2026-09-23,T3,T3,B200,SXM,GTD,US,6M,market_intelligence,7,6.7900,6.7900,6.7900,median,6.7900,6.7900,6.7900,6.7900,6.7900,6.7900,6.7900,1,7,runpod_secure,10000.0,1,1,1,3,1,7,Low,Shadow,2026-09-17,2026-09-23,v2.4.0,direct,,,,,,,,
CRI-T3-B200-SXM-GTD-OD-EU,2026-09-23,T3,T3,B200,SXM,GTD,EU,OnDemand,citable,7,6.7900,6.7900,6.7900,median,6.7900,6.7900,6.7900,6.7900,6.7900,6.7900,6.7900,1,7,runpod_secure,10000.0,1,1,1,3,1,7,Low,Shadow,2026-09-17,2026-09-23,v2.4.0,direct,,,,,,,,
CRI-T3-B200-SXM-INT-OD-ALL,2026-09-23,T3,T3,B200,SXM,INT,ALL,OnDemand,citable,7,5.3629,5.3730,5.3730,median,5.3553,5.3730,5.3376,5.3730,5.3376,5.3494,5.3629,1,7,spheron,10000.0,1,1,1,3,1,7,Low,Shadow,2026-09-17,2026-09-23,v2.4.0,direct,,,,,,,,
CRI-T3-B200-SXM-INT-OD-US,2026-09-23,T3,T3,B200,SXM,INT,US,OnDemand,citable,7,5.3629,5.3730,5.3730,median,5.3553,5.3730,5.3376,5.3730,5.3376,5.3494,5.3629,1,7,spheron,10000.0,1,1,1,3,1,7,Low,Shadow,2026-09-17,2026-09-23,v2.4.0,direct,,,,,,,,
CRI-T3-B300-ALL-ALL-OD-APAC,2026-09-23,T3,T3,B300,ALL,ALL,APAC,OnDemand,citable,7,8.6875,8.6875,8.6875,median,8.6875,8.6875,8.6875,8.6875,,,8.6875,1,3,vast_ai,10000.0,,,,,1,3,Low,Shadow,2026-09-17,2026-09-23,v2.4.0,direct,,,,,,,,
CRI-T3-B300-ALL-ALL-OD-Other,2026-09-23,T3,T3,B300,ALL,ALL,Other,OnDemand,citable,7,13.7500,13.7500,13.7500,median,13.7500,13.7500,13.7500,13.7500,,,13.7500,1,1,vast_ai,10000.0,,,,,1,1,Low,Shadow,2026-09-17,2026-09-23,v2.4.0,direct,,,,,,,,
CRI-T3-B300-ALL-GTD-OD-APAC,2026-09-23,T3,T3,B300,ALL,GTD,APAC,OnDemand,citable,7,8.6875,8.6875,8.6875,median,8.6875,8.6875,8.6875,8.6875,,,8.6875,1,3,vast_ai,10000.0,,,,,1,3,Low,Shadow,2026-09-17,2026-09-23,v2.4.0,direct,,,,,,,,
CRI-T3-B300-ALL-GTD-OD-Other,2026-09-23,T3,T3,B300,ALL,GTD,Other,OnDemand,citable,7,13.7500,13.7500,13.7500,median,13.7500,13.7500,13.7500,13.7500,,,13.7500,1,1,vast_ai,10000.0,,,,,1,1,Low,Shadow,2026-09-17,2026-09-23,v2.4.0,direct,,,,,,,,
CRI-T3-B300-ALL-INT-OD-ALL,2026-09-23,T3,T3,B300,ALL,INT,ALL,OnDemand,citable,7,5.8354,5.8455,5.8455,median,5.8278,5.8455,5.8101,5.8455,5.8101,5.8219,5.8354,1,7,spheron,10000.0,1,1,1,3,1,7,Low,Shadow,2026-09-17,2026-09-23,v2.4.0,direct,,,,,,,,
CRI-T3-B300-ALL-INT-OD-EU,2026-09-23,T3,T3,B300,ALL,INT,EU,OnDemand,citable,7,5.8354,5.8455,5.8455,median,5.8278,5.8455,5.8101,5.8455,5.8101,5.8219,5.8354,1,7,spheron,10000.0,1,1,1,3,1,7,Low,Shadow,2026-09-17,2026-09-23,v2.4.0,direct,,,,,,,,
CRI-T3-B300-SXM-INT-OD-ALL,2026-09-23,T3,T3,B300,SXM,INT,ALL,OnDemand,citable,7,5.8354,5.8455,5.8455,median,5.8278,5.8455,5.8101,5.8455,5.8101,5.8219,5.8354,1,7,spheron,10000.0,1,1,1,3,1,7,Low,Shadow,2026-09-17,2026-09-23,v2.4.0,direct,,,,,,,,
CRI-T3-B300-SXM-INT-OD-EU,2026-09-23,T3,T3,B300,SXM,INT,EU,OnDemand,citable,7,5.8354,5.8455,5.8455,median,5.8278,5.8455,5.8101,5.8455,5.8101,5.8219,5.8354,1,7,spheron,10000.0,1,1,1,3,1,7,Low,Shadow,2026-09-17,2026-09-23,v2.4.0,direct,,,,,,,,
CRI-T3-H100-ALL-ALL-1mo-ALL,2026-09-23,T3,T3,H100,ALL,ALL,ALL,1M,market_intelligence,7,2.0000,2.0000,2.0000,median,2.0000,2.0000,2.0000,2.0000,2.0000,2.0000,2.0000,1,7,tensordock,10000.0,1,1,1,3,1,7,Low,Shadow,2026-09-17,2026-09-23,v2.4.0,direct,,,,,,,,
CRI-T3-H100-ALL-ALL-1mo-US,2026-09-23,T3,T3,H100,ALL,ALL,US,1M,market_intelligence,7,2.0000,2.0000,2.0000,median,2.0000,2.0000,2.0000,2.0000,2.0000,2.0000,2.0000,1,7,tensordock,10000.0,1,1,1,3,1,7,Low,Shadow,2026-09-17,2026-09-23,v2.4.0,direct,,,,,,,,
CRI-T3-H100-ALL-ALL-3mo-ALL,2026-09-23,T3,T3,H100,ALL,ALL,ALL,3M,market_intelligence,7,3.1900,3.1900,3.1900,median,2.8900,3.4900,2.8900,3.4900,3.1900,3.1900,3.1900,1,14,runpod_secure,10000.0,1,2,1,6,1,14,Low,Shadow,2026-09-17,2026-09-23,v2.4.0,direct,,,,,,,,
CRI-T3-H100-ALL-ALL-3mo-US,2026-09-23,T3,T3,H100,ALL,ALL,US,3M,market_intelligence,7,3.1900,3.1900,3.1900,median,2.8900,3.4900,2.8900,3.4900,3.1900,3.1900,3.1900,1,14,runpod_secure,10000.0,1,2,1,6,1,14,Low,Shadow,2026-09-17,2026-09-23,v2.4.0,direct,,,,,,,,
CRI-T3-H100-ALL-ALL-3yr-ALL,2026-09-23,T3,T3,H100,ALL,ALL,ALL,3Y,market_intelligence,7,1.5000,1.5000,1.5000,median,1.5000,1.5000,1.5000,1.5000,1.5000,1.5000,1.5000,1,7,tensordock,10000.0,1,1,1,3,1,7,Low,Shadow,2026-09-17,2026-09-23,v2.4.0,direct,,,,,,,,
CRI-T3-H100-ALL-ALL-3yr-US,2026-09-23,T3,T3,H100,ALL,ALL,US,3Y,market_intelligence,7,1.5000,1.5000,1.5000,median,1.5000,1.5000,1.5000,1.5000,1.5000,1.5000,1.5000,1,7,tensordock,10000.0,1,1,1,3,1,7,Low,Shadow,2026-09-17,2026-09-23,v2.4.0,direct,,,,,,,,
CRI-T3-H100-ALL-ALL-6mo-ALL,2026-09-23,T3,T3,H100,ALL,ALL,ALL,6M,market_intelligence,7,3.1900,3.1900,3.1900,median,2.8900,3.4900,2.8900,3.4900,3.1900,3.1900,3.1900,1,14,runpod_secure,10000.0,1,2,1,6,1,14,Low,Shadow,2026-09-17,2026-09-23,v2.4.0,direct,,,,,,,,
CRI-T3-H100-ALL-ALL-6mo-US,2026-09-23,T3,T3,H100,ALL,ALL,US,6M,market_intelligence,7,3.1900,3.1900,3.1900,median,2.8900,3.4900,2.8900,3.4900,3.1900,3.1900,3.1900,1,14,runpod_secure,10000.0,1,2,1,6,1,14,Low,Shadow,2026-09-17,2026-09-23,v2.4.0,direct,,,,,,,,
CRI-T3-H100-ALL-GTD-1mo-ALL,2026-09-23,T3,T3,H100,ALL,GTD,ALL,1M,market_intelligence,7,2.0000,2.0000,2.0000,median,2.0000,2.0000,2.0000,2.0000,2.0000,2.0000,2.0000,1,7,tensordock,10000.0,1,1,1,3,1,7,Low,Shadow,2026-09-17,2026-09-23,v2.4.0,direct,,,,,,,,
CRI-T3-H100-ALL-GTD-1mo-US,2026-09-23,T3,T3,H100,ALL,GTD,US,1M,market_intelligence,7,2.0000,2.0000,2.0000,median,2.0000,2.0000,2.0000,2.0000,2.0000,2.0000,2.0000,1,7,tensordock,10000.0,1,1,1,3,1,7,Low,Shadow,2026-09-17,2026-09-23,v2.4.0,direct,,,,,,,,
CRI-T3-H100-ALL-GTD-3mo-ALL,2026-09-23,T3,T3,H100,ALL,GTD,ALL,3M,market_intelligence,7,3.1900,3.1900,3.1900,median,2.8900,3.4900,2.8900,3.4900,3.1900,3.1900,3.1900,1,14,runpod_secure,10000.0,1,2,1,6,1,14,Low,Shadow,2026-09-17,2026-09-23,v2.4.0,direct,,,,,,,,
CRI-T3-H100-ALL-GTD-3mo-US,2026-09-23,T3,T3,H100,ALL,GTD,US,3M,market_intelligence,7,3.1900,3.1900,3.1900,median,2.8900,3.4900,2.8900,3.4900,3.1900,3.1900,3.1900,1,14,runpod_secure,10000.0,1,2,1,6,1,14,Low,Shadow,2026-09-17,2026-09-23,v2.4.0,direct,,,,,,,,
CRI-T3-H100-ALL-GTD-3yr-ALL,2026-09-23,T3,T3,H100,ALL,GTD,ALL,3Y,market_intelligence,7,1.5000,1.5000,1.5000,median,1.5000,1.5000,1.5000,1.5000,1.5000,1.5000,1.5000,1,7,tensordock,10000.0,1,1,1,3,1,7,Low,Shadow,2026-09-17,2026-09-23,v2.4.0,direct,,,,,,,,
CRI-T3-H100-ALL-GTD-3yr-US,2026-09-23,T3,T3,H100,ALL,GTD,US,3Y,market_intelligence,7,1.5000,1.5000,1.5000,median,1.5000,1.5000,1.5000,1.5000,1.5000,1.5000,1.5000,1,7,tensordock,10000.0,1,1,1,3,1,7,Low,Shadow,2026-09-17,2026-09-23,v2.4.0,direct,,,,,,,,
CRI-T3-H100-ALL-GTD-6mo-ALL,2026-09-23,T3,T3,H100,ALL,GTD,ALL,6M,market_intelligence,7,3.1900,3.1900,3.1900,median,2.8900,3.4900,2.8900,3.4900,3.1900,3.1900,3.1900,1,14,runpod_secure,10000.0,1,2,1,6,1,14,Low,Shadow,2026-09-17,2026-09-23,v2.4.0,direct,,,,,,,,
CRI-T3-H100-ALL-GTD-6mo-US,2026-09-23,T3,T3,H100,ALL,GTD,US,6M,market_intelligence,7,3.1900,3.1900,3.1900,median,2.8900,3.4900,2.8900,3.4900,3.1900,3.1900,3.1900,1,14,runpod_secure,10000.0,1,2,1,6,1,14,Low,Shadow,2026-09-17,2026-09-23,v2.4.0,direct,,,,,,,,
CRI-T3-H100-ALL-INT-OD-ALL,2026-09-23,T3,T3,H100,ALL,INT,ALL,OnDemand,citable,7,2.9531,3.0542,3.0542,median,2.9076,2.9430,2.9076,3.2009,3.0542,2.9809,2.9531,1,8,spheron,10000.0,1,2,1,4,1,8,Low,Shadow,2026-09-17,2026-09-23,v2.4.0,direct,,,,,,,,
CRI-T3-H100-ALL-INT-OD-EU,2026-09-23,T3,T3,H100,ALL,INT,EU,OnDemand,citable,7,2.9177,2.9076,2.9076,median,2.9076,2.9253,2.9076,2.9430,2.9076,2.9076,2.9177,1,7,spheron,10000.0,1,1,1,3,1,7,Low,Shadow,2026-09-17,2026-09-23,v2.4.0,direct,,,,,,,,
CRI-T3-H100-ALL-INT-OD-Other,2026-09-23,T3,T3,H100,ALL,INT,Other,OnDemand,citable,7,2.2035,2.2037,2.2037,median,2.2019,2.2037,2.2019,2.2074,2.2037,2.2049,2.2035,1,7,spheron,10000.0,1,1,1,3,1,7,Low,Shadow,2026-09-17,2026-09-23,v2.4.0,direct,,,,,,,,
CRI-T3-H100-ALL-INT-OD-US,2026-09-23,T3,T3,H100,ALL,INT,US,OnDemand,citable,7,3.2009,3.2009,3.2009,median,3.2009,3.2009,3.2009,3.2009,3.2009,3.2009,3.2009,1,1,spheron,10000.0,1,1,1,1,1,1,Low,Shadow,2026-09-17,2026-09-23,v2.4.0,direct,,,,,,,,
CRI-T3-H100-NVL-ALL-ALL-1yr-ALL,2026-09-23,T3,T3,H100,ALL,ALL,ALL,1Y,market_intelligence,7,3.1900,3.1900,3.1900,median,3.1900,3.1900,3.1900,3.1900,3.1900,3.1900,3.1900,1,7,runpod_secure,10000.0,1,1,1,3,1,7,Low,Shadow,2026-09-17,2026-09-23,v2.4.0,direct,,,,,,,,
CRI-T3-H100-NVL-ALL-ALL-1yr-US,2026-09-23,T3,T3,H100,ALL,ALL,US,1Y,market_intelligence,7,3.1900,3.1900,3.1900,median,3.1900,3.1900,3.1900,3.1900,3.1900,3.1900,3.1900,1,7,runpod_secure,10000.0,1,1,1,3,1,7,Low,Shadow,2026-09-17,2026-09-23,v2.4.0,direct,,,,,,,,
CRI-T3-H100-NVL-ALL-ALL-3mo-ALL,2026-09-23,T3,T3,H100,ALL,ALL,ALL,3M,market_intelligence,7,3.1900,3.1900,3.1900,median,3.1900,3.1900,3.1900,3.1900,3.1900,3.1900,3.1900,1,7,runpod_secure,10000.0,1,1,1,3,1,7,Low,Shadow,2026-09-17,2026-09-23,v2.4.0,direct,,,,,,,,
CRI-T3-H100-NVL-ALL-ALL-3mo-US,2026-09-23,T3,T3,H100,ALL,ALL,US,3M,market_intelligence,7,3.1900,3.1900,3.1900,median,3.1900,3.1900,3.1900,3.1900,3.1900,3.1900,3.1900,1,7,runpod_secure,10000.0,1,1,1,3,1,7,Low,Shadow,2026-09-17,2026-09-23,v2.4.0,direct,,,,,,,,
CRI-T3-H100-NVL-ALL-ALL-6mo-ALL,2026-09-23,T3,T3,H100,ALL,ALL,ALL,6M,market_intelligence,7,3.1900,3.1900,3.1900,median,3.1900,3.1900,3.1900,3.1900,3.1900,3.1900,3.1900,1,7,runpod_secure,10000.0,1,1,1,3,1,7,Low,Shadow,2026-09-17,2026-09-23,v2.4.0,direct,,,,,,,,
CRI-T3-H100-NVL-ALL-ALL-6mo-US,2026-09-23,T3,T3,H100,ALL,ALL,US,6M,market_intelligence,7,3.1900,3.1900,3.1900,median,3.1900,3.1900,3.1900,3.1900,3.1900,3.1900,3.1900,1,7,runpod_secure,10000.0,1,1,1,3,1,7,Low,Shadow,2026-09-17,2026-09-23,v2.4.0,direct,,,,,,,,
CRI-T3-H100-NVL-ALL-ALL-OD-EU,2026-09-23,T3,T3,H100,ALL,ALL,EU,OnDemand,citable,7,2.7893,2.7534,2.7534,median,2.7733,2.8133,2.7067,2.8933,2.8933,2.8293,2.7893,1,15,vast_ai,10000.0,1,1,1,5,1,15,Low,Shadow,2026-09-17,2026-09-23,v2.4.0,direct,,,,,,,,
CRI-T3-H100-NVL-ALL-ALL-OD-Other,2026-09-23,T3,T3,H100,ALL,ALL,Other,OnDemand,citable,7,2.6555,2.6009,2.6009,median,2.6009,2.7465,2.6009,2.7465,2.6009,2.6009,2.6555,1,8,spheron,10000.0,1,1,1,3,1,8,Low,Shadow,2026-09-17,2026-09-23,v2.4.0,direct,,,,,,,,
CRI-T3-H100-NVL-ALL-GTD-1yr-ALL,2026-09-23,T3,T3,H100,ALL,GTD,ALL,1Y,market_intelligence,7,3.1900,3.1900,3.1900,median,3.1900,3.1900,3.1900,3.1900,3.1900,3.1900,3.1900,1,7,runpod_secure,10000.0,1,1,1,3,1,7,Low,Shadow,2026-09-17,2026-09-23,v2.4.0,direct,,,,,,,,
CRI-T3-H100-NVL-ALL-GTD-1yr-US,2026-09-23,T3,T3,H100,ALL,GTD,US,1Y,market_intelligence,7,3.1900,3.1900,3.1900,median,3.1900,3.1900,3.1900,3.1900,3.1900,3.1900,3.1900,1,7,runpod_secure,10000.0,1,1,1,3,1,7,Low,Shadow,2026-09-17,2026-09-23,v2.4.0,direct,,,,,,,,
CRI-T3-H100-NVL-ALL-GTD-3mo-ALL,2026-09-23,T3,T3,H100,ALL,GTD,ALL,3M,market_intelligence,7,3.1900,3.1900,3.1900,median,3.1900,3.1900,3.1900,3.1900,3.1900,3.1900,3.1900,1,7,runpod_secure,10000.0,1,1,1,3,1,7,Low,Shadow,2026-09-17,2026-09-23,v2.4.0,direct,,,,,,,,
CRI-T3-H100-NVL-ALL-GTD-3mo-US,2026-09-23,T3,T3,H100,ALL,GTD,US,3M,market_intelligence,7,3.1900,3.1900,3.1900,median,3.1900,3.1900,3.1900,3.1900,3.1900,3.1900,3.1900,1,7,runpod_secure,10000.0,1,1,1,3,1,7,Low,Shadow,2026-09-17,2026-09-23,v2.4.0,direct,,,,,,,,
CRI-T3-H100-NVL-ALL-GTD-6mo-ALL,2026-09-23,T3,T3,H100,ALL,GTD,ALL,6M,market_intelligence,7,3.1900,3.1900,3.1900,median,3.1900,3.1900,3.1900,3.1900,3.1900,3.1900,3.1900,1,7,runpod_secure,10000.0,1,1,1,3,1,7,Low,Shadow,2026-09-17,2026-09-23,v2.4.0,direct,,,,,,,,
CRI-T3-H100-NVL-ALL-GTD-6mo-US,2026-09-23,T3,T3,H100,ALL,GTD,US,6M,market_intelligence,7,3.1900,3.1900,3.1900,median,3.1900,3.1900,3.1900,3.1900,3.1900,3.1900,3.1900,1,7,runpod_secure,10000.0,1,1,1,3,1,7,Low,Shadow,2026-09-17,2026-09-23,v2.4.0,direct,,,,,,,,
CRI-T3-H100-NVL-ALL-GTD-OD-EU,2026-09-23,T3,T3,H100,ALL,GTD,EU,OnDemand,citable,7,2.7893,2.7534,2.7534,median,2.7733,2.8133,2.7067,2.8933,2.8933,2.8293,2.7893,1,15,vast_ai,10000.0,1,1,1,5,1,15,Low,Shadow,2026-09-17,2026-09-23,v2.4.0,direct,,,,,,,,
CRI-T3-H100-NVL-ALL-GTD-OD-Other,2026-09-23,T3,T3,H100,ALL,GTD,Other,OnDemand,citable,7,2.7465,2.7465,2.7465,median,2.7465,2.7465,2.7465,2.7465,,,2.7465,1,3,spheron,10000.0,,,,,1,3,Low,Shadow,2026-09-17,2026-09-23,v2.4.0,direct,,,,,,,,
CRI-T3-H100-NVL-ALL-INT-OD-Other,2026-09-23,T3,T3,H100,ALL,INT,Other,OnDemand,citable,7,2.6009,2.6009,2.6009,median,2.6009,2.6009,2.6009,2.6009,2.6009,2.6009,2.6009,1,5,spheron,10000.0,1,1,1,3,1,5,Low,Shadow,2026-09-17,2026-09-23,v2.4.0,direct,,,,,,,,
CRI-T3-H100-NVL-PCIe-ALL-1yr-ALL,2026-09-23,T3,T3,H100,PCIe,ALL,ALL,1Y,market_intelligence,7,3.1900,3.1900,3.1900,median,3.1900,3.1900,3.1900,3.1900,3.1900,3.1900,3.1900,1,7,runpod_secure,10000.0,1,1,1,3,1,7,Low,Shadow,2026-09-17,2026-09-23,v2.4.0,direct,,,,,,,,
CRI-T3-H100-NVL-PCIe-ALL-1yr-US,2026-09-23,T3,T3,H100,PCIe,ALL,US,1Y,market_intelligence,7,3.1900,3.1900,3.1900,median,3.1900,3.1900,3.1900,3.1900,3.1900,3.1900,3.1900,1,7,runpod_secure,10000.0,1,1,1,3,1,7,Low,Shadow,2026-09-17,2026-09-23,v2.4.0,direct,,,,,,,,
CRI-T3-H100-NVL-PCIe-ALL-3mo-ALL,2026-09-23,T3,T3,H100,PCIe,ALL,ALL,3M,market_intelligence,7,3.1900,3.1900,3.1900,median,3.1900,3.1900,3.1900,3.1900,3.1900,3.1900,3.1900,1,7,runpod_secure,10000.0,1,1,1,3,1,7,Low,Shadow,2026-09-17,2026-09-23,v2.4.0,direct,,,,,,,,
CRI-T3-H100-NVL-PCIe-ALL-3mo-US,2026-09-23,T3,T3,H100,PCIe,ALL,US,3M,market_intelligence,7,3.1900,3.1900,3.1900,median,3.1900,3.1900,3.1900,3.1900,3.1900,3.1900,3.1900,1,7,runpod_secure,10000.0,1,1,1,3,1,7,Low,Shadow,2026-09-17,2026-09-23,v2.4.0,direct,,,,,,,,
CRI-T3-H100-NVL-PCIe-ALL-6mo-ALL,2026-09-23,T3,T3,H100,PCIe,ALL,ALL,6M,market_intelligence,7,3.1900,3.1900,3.1900,median,3.1900,3.1900,3.1900,3.1900,3.1900,3.1900,3.1900,1,7,runpod_secure,10000.0,1,1,1,3,1,7,Low,Shadow,2026-09-17,2026-09-23,v2.4.0,direct,,,,,,,,
CRI-T3-H100-NVL-PCIe-ALL-6mo-US,2026-09-23,T3,T3,H100,PCIe,ALL,US,6M,market_intelligence,7,3.1900,3.1900,3.1900,median,3.1900,3.1900,3.1900,3.1900,3.1900,3.1900,3.1900,1,7,runpod_secure,10000.0,1,1,1,3,1,7,Low,Shadow,2026-09-17,2026-09-23,v2.4.0,direct,,,,,,,,
CRI-T3-H100-NVL-PCIe-ALL-OD-EU,2026-09-23,T3,T3,H100,PCIe,ALL,EU,OnDemand,citable,7,2.7893,2.7534,2.7534,median,2.7733,2.8133,2.7067,2.8933,2.8933,2.8293,2.7893,1,15,vast_ai,10000.0,1,1,1,5,1,15,Low,Shadow,2026-09-17,2026-09-23,v2.4.0,direct,,,,,,,,
CRI-T3-H100-NVL-PCIe-GTD-1yr-ALL,2026-09-23,T3,T3,H100,PCIe,GTD,ALL,1Y,market_intelligence,7,3.1900,3.1900,3.1900,median,3.1900,3.1900,3.1900,3.1900,3.1900,3.1900,3.1900,1,7,runpod_secure,10000.0,1,1,1,3,1,7,Low,Shadow,2026-09-17,2026-09-23,v2.4.0,direct,,,,,,,,
CRI-T3-H100-NVL-PCIe-GTD-1yr-US,2026-09-23,T3,T3,H100,PCIe,GTD,US,1Y,market_intelligence,7,3.1900,3.1900,3.1900,median,3.1900,3.1900,3.1900,3.1900,3.1900,3.1900,3.1900,1,7,runpod_secure,10000.0,1,1,1,3,1,7,Low,Shadow,2026-09-17,2026-09-23,v2.4.0,direct,,,,,,,,
CRI-T3-H100-NVL-PCIe-GTD-3mo-ALL,2026-09-23,T3,T3,H100,PCIe,GTD,ALL,3M,market_intelligence,7,3.1900,3.1900,3.1900,median,3.1900,3.1900,3.1900,3.1900,3.1900,3.1900,3.1900,1,7,runpod_secure,10000.0,1,1,1,3,1,7,Low,Shadow,2026-09-17,2026-09-23,v2.4.0,direct,,,,,,,,
CRI-T3-H100-NVL-PCIe-GTD-3mo-US,2026-09-23,T3,T3,H100,PCIe,GTD,US,3M,market_intelligence,7,3.1900,3.1900,3.1900,median,3.1900,3.1900,3.1900,3.1900,3.1900,3.1900,3.1900,1,7,runpod_secure,10000.0,1,1,1,3,1,7,Low,Shadow,2026-09-17,2026-09-23,v2.4.0,direct,,,,,,,,
CRI-T3-H100-NVL-PCIe-GTD-6mo-ALL,2026-09-23,T3,T3,H100,PCIe,GTD,ALL,6M,market_intelligence,7,3.1900,3.1900,3.1900,median,3.1900,3.1900,3.1900,3.1900,3.1900,3.1900,3.1900,1,7,runpod_secure,10000.0,1,1,1,3,1,7,Low,Shadow,2026-09-17,2026-09-23,v2.4.0,direct,,,,,,,,
CRI-T3-H100-NVL-PCIe-GTD-6mo-US,2026-09-23,T3,T3,H100,PCIe,GTD,US,6M,market_intelligence,7,3.1900,3.1900,3.1900,median,3.1900,3.1900,3.1900,3.1900,3.1900,3.1900,3.1900,1,7,runpod_secure,10000.0,1,1,1,3,1,7,Low,Shadow,2026-09-17,2026-09-23,v2.4.0,direct,,,,,,,,
CRI-T3-H100-NVL-PCIe-GTD-OD-EU,2026-09-23,T3,T3,H100,PCIe,GTD,EU,OnDemand,citable,7,2.7893,2.7534,2.7534,median,2.7733,2.8133,2.7067,2.8933,2.8933,2.8293,2.7893,1,15,vast_ai,10000.0,1,1,1,5,1,15,Low,Shadow,2026-09-17,2026-09-23,v2.4.0,direct,,,,,,,,
CRI-T3-H100-PCIe-ALL-1yr-ALL,2026-09-23,T3,T3,H100,PCIe,ALL,ALL,1Y,market_intelligence,7,2.8900,2.8900,2.8900,median,2.8900,2.8900,2.8900,2.8900,2.8900,2.8900,2.8900,1,7,runpod_secure,10000.0,1,1,1,3,1,7,Low,Shadow,2026-09-17,2026-09-23,v2.4.0,direct,,,,,,,,
CRI-T3-H100-PCIe-ALL-1yr-US,2026-09-23,T3,T3,H100,PCIe,ALL,US,1Y,market_intelligence,7,2.8900,2.8900,2.8900,median,2.8900,2.8900,2.8900,2.8900,2.8900,2.8900,2.8900,1,7,runpod_secure,10000.0,1,1,1,3,1,7,Low,Shadow,2026-09-17,2026-09-23,v2.4.0,direct,,,,,,,,
CRI-T3-H100-PCIe-ALL-3mo-ALL,2026-09-23,T3,T3,H100,PCIe,ALL,ALL,3M,market_intelligence,7,2.8900,2.8900,2.8900,median,2.8900,2.8900,2.8900,2.8900,2.8900,2.8900,2.8900,1,7,runpod_secure,10000.0,1,1,1,3,1,7,Low,Shadow,2026-09-17,2026-09-23,v2.4.0,direct,,,,,,,,
CRI-T3-H100-PCIe-ALL-3mo-US,2026-09-23,T3,T3,H100,PCIe,ALL,US,3M,market_intelligence,7,2.8900,2.8900,2.8900,median,2.8900,2.8900,2.8900,2.8900,2.8900,2.8900,2.8900,1,7,runpod_secure,10000.0,1,1,1,3,1,7,Low,Shadow,2026-09-17,2026-09-23,v2.4.0,direct,,,,,,,,
CRI-T3-H100-PCIe-ALL-6mo-ALL,2026-09-23,T3,T3,H100,PCIe,ALL,ALL,6M,market_intelligence,7,2.8900,2.8900,2.8900,median,2.8900,2.8900,2.8900,2.8900,2.8900,2.8900,2.8900,1,7,runpod_secure,10000.0,1,1,1,3,1,7,Low,Shadow,2026-09-17,2026-09-23,v2.4.0,direct,,,,,,,,
CRI-T3-H100-PCIe-ALL-6mo-US,2026-09-23,T3,T3,H100,PCIe,ALL,US,6M,market_intelligence,7,2.8900,2.8900,2.8900,median,2.8900,2.8900,2.8900,2.8900,2.8900,2.8900,2.8900,1,7,runpod_secure,10000.0,1,1,1,3,1,7,Low,Shadow,2026-09-17,2026-09-23,v2.4.0,direct,,,,,,,,
CRI-T3-H100-PCIe-ALL-OD-EU,2026-09-23,T3,T3,H100,PCIe,ALL,EU,OnDemand,citable,7,2.0000,2.0000,2.0000,median,2.0000,2.0000,2.0000,2.0000,2.0000,2.0000,2.0000,1,7,vast_ai,10000.0,1,1,1,3,1,7,Low,Shadow,2026-09-17,2026-09-23,v2.4.0,direct,,,,,,,,
CRI-T3-H100-PCIe-GTD-1yr-ALL,2026-09-23,T3,T3,H100,PCIe,GTD,ALL,1Y,market_intelligence,7,2.8900,2.8900,2.8900,median,2.8900,2.8900,2.8900,2.8900,2.8900,2.8900,2.8900,1,7,runpod_secure,10000.0,1,1,1,3,1,7,Low,Shadow,2026-09-17,2026-09-23,v2.4.0,direct,,,,,,,,
CRI-T3-H100-PCIe-GTD-1yr-US,2026-09-23,T3,T3,H100,PCIe,GTD,US,1Y,market_intelligence,7,2.8900,2.8900,2.8900,median,2.8900,2.8900,2.8900,2.8900,2.8900,2.8900,2.8900,1,7,runpod_secure,10000.0,1,1,1,3,1,7,Low,Shadow,2026-09-17,2026-09-23,v2.4.0,direct,,,,,,,,
CRI-T3-H100-PCIe-GTD-3mo-ALL,2026-09-23,T3,T3,H100,PCIe,GTD,ALL,3M,market_intelligence,7,2.8900,2.8900,2.8900,median,2.8900,2.8900,2.8900,2.8900,2.8900,2.8900,2.8900,1,7,runpod_secure,10000.0,1,1,1,3,1,7,Low,Shadow,2026-09-17,2026-09-23,v2.4.0,direct,,,,,,,,
CRI-T3-H100-PCIe-GTD-3mo-US,2026-09-23,T3,T3,H100,PCIe,GTD,US,3M,market_intelligence,7,2.8900,2.8900,2.8900,median,2.8900,2.8900,2.8900,2.8900,2.8900,2.8900,2.8900,1,7,runpod_secure,10000.0,1,1,1,3,1,7,Low,Shadow,2026-09-17,2026-09-23,v2.4.0,direct,,,,,,,,
CRI-T3-H100-PCIe-GTD-6mo-ALL,2026-09-23,T3,T3,H100,PCIe,GTD,ALL,6M,market_intelligence,7,2.8900,2.8900,2.8900,median,2.8900,2.8900,2.8900,2.8900,2.8900,2.8900,2.8900,1,7,runpod_secure,10000.0,1,1,1,3,1,7,Low,Shadow,2026-09-17,2026-09-23,v2.4.0,direct,,,,,,,,
CRI-T3-H100-PCIe-GTD-6mo-US,2026-09-23,T3,T3,H100,PCIe,GTD,US,6M,market_intelligence,7,2.8900,2.8900,2.8900,median,2.8900,2.8900,2.8900,2.8900,2.8900,2.8900,2.8900,1,7,runpod_secure,10000.0,1,1,1,3,1,7,Low,Shadow,2026-09-17,2026-09-23,v2.4.0,direct,,,,,,,,
CRI-T3-H100-PCIe-GTD-OD-EU,2026-09-23,T3,T3,H100,PCIe,GTD,EU,OnDemand,citable,7,2.0000,2.0000,2.0000,median,2.0000,2.0000,2.0000,2.0000,2.0000,2.0000,2.0000,1,7,vast_ai,10000.0,1,1,1,3,1,7,Low,Shadow,2026-09-17,2026-09-23,v2.4.0,direct,,,,,,,,
CRI-T3-H100-SXM-ALL-1mo-ALL,2026-09-23,T3,T3,H100,SXM,ALL,ALL,1M,market_intelligence,7,2.0000,2.0000,2.0000,median,2.0000,2.0000,2.0000,2.0000,2.0000,2.0000,2.0000,1,7,tensordock,10000.0,1,1,1,3,1,7,Low,Shadow,2026-09-17,2026-09-23,v2.4.0,direct,,,,,,,,
CRI-T3-H100-SXM-ALL-1mo-US,2026-09-23,T3,T3,H100,SXM,ALL,US,1M,market_intelligence,7,2.0000,2.0000,2.0000,median,2.0000,2.0000,2.0000,2.0000,2.0000,2.0000,2.0000,1,7,tensordock,10000.0,1,1,1,3,1,7,Low,Shadow,2026-09-17,2026-09-23,v2.4.0,direct,,,,,,,,
CRI-T3-H100-SXM-ALL-3mo-ALL,2026-09-23,T3,T3,H100,SXM,ALL,ALL,3M,market_intelligence,7,3.4900,3.4900,3.4900,median,3.4900,3.4900,3.4900,3.4900,3.4900,3.4900,3.4900,1,7,runpod_secure,10000.0,1,1,1,3,1,7,Low,Shadow,2026-09-17,2026-09-23,v2.4.0,direct,,,,,,,,
CRI-T3-H100-SXM-ALL-3mo-US,2026-09-23,T3,T3,H100,SXM,ALL,US,3M,market_intelligence,7,3.4900,3.4900,3.4900,median,3.4900,3.4900,3.4900,3.4900,3.4900,3.4900,3.4900,1,7,runpod_secure,10000.0,1,1,1,3,1,7,Low,Shadow,2026-09-17,2026-09-23,v2.4.0,direct,,,,,,,,
CRI-T3-H100-SXM-ALL-3yr-ALL,2026-09-23,T3,T3,H100,SXM,ALL,ALL,3Y,market_intelligence,7,1.5000,1.5000,1.5000,median,1.5000,1.5000,1.5000,1.5000,1.5000,1.5000,1.5000,1,7,tensordock,10000.0,1,1,1,3,1,7,Low,Shadow,2026-09-17,2026-09-23,v2.4.0,direct,,,,,,,,
CRI-T3-H100-SXM-ALL-3yr-US,2026-09-23,T3,T3,H100,SXM,ALL,US,3Y,market_intelligence,7,1.5000,1.5000,1.5000,median,1.5000,1.5000,1.5000,1.5000,1.5000,1.5000,1.5000,1,7,tensordock,10000.0,1,1,1,3,1,7,Low,Shadow,2026-09-17,2026-09-23,v2.4.0,direct,,,,,,,,
CRI-T3-H100-SXM-ALL-6mo-ALL,2026-09-23,T3,T3,H100,SXM,ALL,ALL,6M,market_intelligence,7,3.4900,3.4900,3.4900,median,3.4900,3.4900,3.4900,3.4900,3.4900,3.4900,3.4900,1,7,runpod_secure,10000.0,1,1,1,3,1,7,Low,Shadow,2026-09-17,2026-09-23,v2.4.0,direct,,,,,,,,
CRI-T3-H100-SXM-ALL-6mo-US,2026-09-23,T3,T3,H100,SXM,ALL,US,6M,market_intelligence,7,3.4900,3.4900,3.4900,median,3.4900,3.4900,3.4900,3.4900,3.4900,3.4900,3.4900,1,7,runpod_secure,10000.0,1,1,1,3,1,7,Low,Shadow,2026-09-17,2026-09-23,v2.4.0,direct,,,,,,,,
CRI-T3-H100-SXM-GTD-1mo-ALL,2026-09-23,T3,T3,H100,SXM,GTD,ALL,1M,market_intelligence,7,2.0000,2.0000,2.0000,median,2.0000,2.0000,2.0000,2.0000,2.0000,2.0000,2.0000,1,7,tensordock,10000.0,1,1,1,3,1,7,Low,Shadow,2026-09-17,2026-09-23,v2.4.0,direct,,,,,,,,
CRI-T3-H100-SXM-GTD-1mo-US,2026-09-23,T3,T3,H100,SXM,GTD,US,1M,market_intelligence,7,2.0000,2.0000,2.0000,median,2.0000,2.0000,2.0000,2.0000,2.0000,2.0000,2.0000,1,7,tensordock,10000.0,1,1,1,3,1,7,Low,Shadow,2026-09-17,2026-09-23,v2.4.0,direct,,,,,,,,
CRI-T3-H100-SXM-GTD-3mo-ALL,2026-09-23,T3,T3,H100,SXM,GTD,ALL,3M,market_intelligence,7,3.4900,3.4900,3.4900,median,3.4900,3.4900,3.4900,3.4900,3.4900,3.4900,3.4900,1,7,runpod_secure,10000.0,1,1,1,3,1,7,Low,Shadow,2026-09-17,2026-09-23,v2.4.0,direct,,,,,,,,
CRI-T3-H100-SXM-GTD-3mo-US,2026-09-23,T3,T3,H100,SXM,GTD,US,3M,market_intelligence,7,3.4900,3.4900,3.4900,median,3.4900,3.4900,3.4900,3.4900,3.4900,3.4900,3.4900,1,7,runpod_secure,10000.0,1,1,1,3,1,7,Low,Shadow,2026-09-17,2026-09-23,v2.4.0,direct,,,,,,,,
CRI-T3-H100-SXM-GTD-3yr-ALL,2026-09-23,T3,T3,H100,SXM,GTD,ALL,3Y,market_intelligence,7,1.5000,1.5000,1.5000,median,1.5000,1.5000,1.5000,1.5000,1.5000,1.5000,1.5000,1,7,tensordock,10000.0,1,1,1,3,1,7,Low,Shadow,2026-09-17,2026-09-23,v2.4.0,direct,,,,,,,,
CRI-T3-H100-SXM-GTD-3yr-US,2026-09-23,T3,T3,H100,SXM,GTD,US,3Y,market_intelligence,7,1.5000,1.5000,1.5000,median,1.5000,1.5000,1.5000,1.5000,1.5000,1.5000,1.5000,1,7,tensordock,10000.0,1,1,1,3,1,7,Low,Shadow,2026-09-17,2026-09-23,v2.4.0,direct,,,,,,,,
CRI-T3-H100-SXM-GTD-6mo-ALL,2026-09-23,T3,T3,H100,SXM,GTD,ALL,6M,market_intelligence,7,3.4900,3.4900,3.4900,median,3.4900,3.4900,3.4900,3.4900,3.4900,3.4900,3.4900,1,7,runpod_secure,10000.0,1,1,1,3,1,7,Low,Shadow,2026-09-17,2026-09-23,v2.4.0,direct,,,,,,,,
CRI-T3-H100-SXM-GTD-6mo-US,2026-09-23,T3,T3,H100,SXM,GTD,US,6M,market_intelligence,7,3.4900,3.4900,3.4900,median,3.4900,3.4900,3.4900,3.4900,3.4900,3.4900,3.4900,1,7,runpod_secure,10000.0,1,1,1,3,1,7,Low,Shadow,2026-09-17,2026-09-23,v2.4.0,direct,,,,,,,,
CRI-T3-H100-SXM-INT-OD-ALL,2026-09-23,T3,T3,H100,SXM,INT,ALL,OnDemand,citable,7,2.9531,3.0542,3.0542,median,2.9076,2.9430,2.9076,3.2009,3.0542,2.9809,2.9531,1,8,spheron,10000.0,1,2,1,4,1,8,Low,Shadow,2026-09-17,2026-09-23,v2.4.0,direct,,,,,,,,
CRI-T3-H100-SXM-INT-OD-EU,2026-09-23,T3,T3,H100,SXM,INT,EU,OnDemand,citable,7,2.9177,2.9076,2.9076,median,2.9076,2.9253,2.9076,2.9430,2.9076,2.9076,2.9177,1,7,spheron,10000.0,1,1,1,3,1,7,Low,Shadow,2026-09-17,2026-09-23,v2.4.0,direct,,,,,,,,
CRI-T3-H100-SXM-INT-OD-US,2026-09-23,T3,T3,H100,SXM,INT,US,OnDemand,citable,7,3.2009,3.2009,3.2009,median,3.2009,3.2009,3.2009,3.2009,3.2009,3.2009,3.2009,1,1,spheron,10000.0,1,1,1,1,1,1,Low,Shadow,2026-09-17,2026-09-23,v2.4.0,direct,,,,,,,,
CRI-T3-H200-ALL-ALL-1yr-ALL,2026-09-23,T3,T3,H200,ALL,ALL,ALL,1Y,market_intelligence,7,4.5900,4.5900,4.5900,median,4.5900,4.5900,4.5900,4.5900,4.5900,4.5900,4.5900,1,7,runpod_secure,10000.0,1,1,1,3,1,7,Low,Shadow,2026-09-17,2026-09-23,v2.4.0,direct,,,,,,,,
CRI-T3-H200-ALL-ALL-1yr-US,2026-09-23,T3,T3,H200,ALL,ALL,US,1Y,market_intelligence,7,4.5900,4.5900,4.5900,median,4.5900,4.5900,4.5900,4.5900,4.5900,4.5900,4.5900,1,7,runpod_secure,10000.0,1,1,1,3,1,7,Low,Shadow,2026-09-17,2026-09-23,v2.4.0,direct,,,,,,,,
CRI-T3-H200-ALL-ALL-3mo-ALL,2026-09-23,T3,T3,H200,ALL,ALL,ALL,3M,market_intelligence,7,4.5900,4.5900,4.5900,median,4.5900,4.5900,4.5900,4.5900,4.5900,4.5900,4.5900,1,7,runpod_secure,10000.0,1,1,1,3,1,7,Low,Shadow,2026-09-17,2026-09-23,v2.4.0,direct,,,,,,,,
CRI-T3-H200-ALL-ALL-3mo-US,2026-09-23,T3,T3,H200,ALL,ALL,US,3M,market_intelligence,7,4.5900,4.5900,4.5900,median,4.5900,4.5900,4.5900,4.5900,4.5900,4.5900,4.5900,1,7,runpod_secure,10000.0,1,1,1,3,1,7,Low,Shadow,2026-09-17,2026-09-23,v2.4.0,direct,,,,,,,,
CRI-T3-H200-ALL-ALL-6mo-ALL,2026-09-23,T3,T3,H200,ALL,ALL,ALL,6M,market_intelligence,7,4.5900,4.5900,4.5900,median,4.5900,4.5900,4.5900,4.5900,4.5900,4.5900,4.5900,1,7,runpod_secure,10000.0,1,1,1,3,1,7,Low,Shadow,2026-09-17,2026-09-23,v2.4.0,direct,,,,,,,,
CRI-T3-H200-ALL-ALL-6mo-US,2026-09-23,T3,T3,H200,ALL,ALL,US,6M,market_intelligence,7,4.5900,4.5900,4.5900,median,4.5900,4.5900,4.5900,4.5900,4.5900,4.5900,4.5900,1,7,runpod_secure,10000.0,1,1,1,3,1,7,Low,Shadow,2026-09-17,2026-09-23,v2.4.0,direct,,,,,,,,
CRI-T3-H200-ALL-GTD-1yr-ALL,2026-09-23,T3,T3,H200,ALL,GTD,ALL,1Y,market_intelligence,7,4.5900,4.5900,4.5900,median,4.5900,4.5900,4.5900,4.5900,4.5900,4.5900,4.5900,1,7,runpod_secure,10000.0,1,1,1,3,1,7,Low,Shadow,2026-09-17,2026-09-23,v2.4.0,direct,,,,,,,,
CRI-T3-H200-ALL-GTD-1yr-US,2026-09-23,T3,T3,H200,ALL,GTD,US,1Y,market_intelligence,7,4.5900,4.5900,4.5900,median,4.5900,4.5900,4.5900,4.5900,4.5900,4.5900,4.5900,1,7,runpod_secure,10000.0,1,1,1,3,1,7,Low,Shadow,2026-09-17,2026-09-23,v2.4.0,direct,,,,,,,,
CRI-T3-H200-ALL-GTD-3mo-ALL,2026-09-23,T3,T3,H200,ALL,GTD,ALL,3M,market_intelligence,7,4.5900,4.5900,4.5900,median,4.5900,4.5900,4.5900,4.5900,4.5900,4.5900,4.5900,1,7,runpod_secure,10000.0,1,1,1,3,1,7,Low,Shadow,2026-09-17,2026-09-23,v2.4.0,direct,,,,,,,,
CRI-T3-H200-ALL-GTD-3mo-US,2026-09-23,T3,T3,H200,ALL,GTD,US,3M,market_intelligence,7,4.5900,4.5900,4.5900,median,4.5900,4.5900,4.5900,4.5900,4.5900,4.5900,4.5900,1,7,runpod_secure,10000.0,1,1,1,3,1,7,Low,Shadow,2026-09-17,2026-09-23,v2.4.0,direct,,,,,,,,
CRI-T3-H200-ALL-GTD-6mo-ALL,2026-09-23,T3,T3,H200,ALL,GTD,ALL,6M,market_intelligence,7,4.5900,4.5900,4.5900,median,4.5900,4.5900,4.5900,4.5900,4.5900,4.5900,4.5900,1,7,runpod_secure,10000.0,1,1,1,3,1,7,Low,Shadow,2026-09-17,2026-09-23,v2.4.0,direct,,,,,,,,
CRI-T3-H200-ALL-GTD-6mo-US,2026-09-23,T3,T3,H200,ALL,GTD,US,6M,market_intelligence,7,4.5900,4.5900,4.5900,median,4.5900,4.5900,4.5900,4.5900,4.5900,4.5900,4.5900,1,7,runpod_secure,10000.0,1,1,1,3,1,7,Low,Shadow,2026-09-17,2026-09-23,v2.4.0,direct,,,,,,,,
CRI-T3-H200-ALL-INT-OD-ALL,2026-09-23,T3,T3,H200,ALL,INT,ALL,OnDemand,citable,7,3.3368,3.3615,3.3615,median,3.3143,3.3615,3.3143,3.3615,3.3143,3.3248,3.3368,1,21,spheron,10000.0,1,3,1,9,1,21,Low,Shadow,2026-09-17,2026-09-23,v2.4.0,direct,,,,,,,,
CRI-T3-H200-ALL-INT-OD-EU,2026-09-23,T3,T3,H200,ALL,INT,EU,OnDemand,citable,7,3.3446,3.3615,3.3615,median,3.3143,3.3615,3.3143,3.3615,3.3143,3.3222,3.3446,1,14,spheron,10000.0,1,2,1,6,1,14,Low,Shadow,2026-09-17,2026-09-23,v2.4.0,direct,,,,,,,,
CRI-T3-H200-ALL-INT-OD-US,2026-09-23,T3,T3,H200,ALL,INT,US,OnDemand,citable,7,3.3210,3.3143,3.3143,median,3.3143,3.3143,3.3143,3.3615,3.3143,3.3300,3.3210,1,7,spheron,10000.0,1,1,1,3,1,7,Low,Shadow,2026-09-17,2026-09-23,v2.4.0,direct,,,,,,,,
CRI-T3-H200-NVL-ALL-ALL-1yr-ALL,2026-09-23,T3,T3,H200,ALL,ALL,ALL,1Y,market_intelligence,7,3.7900,3.7900,3.7900,median,3.7900,3.7900,3.7900,3.7900,3.7900,3.7900,3.7900,1,7,runpod_secure,10000.0,1,1,1,3,1,7,Low,Shadow,2026-09-17,2026-09-23,v2.4.0,direct,,,,,,,,
CRI-T3-H200-NVL-ALL-ALL-1yr-US,2026-09-23,T3,T3,H200,ALL,ALL,US,1Y,market_intelligence,7,3.7900,3.7900,3.7900,median,3.7900,3.7900,3.7900,3.7900,3.7900,3.7900,3.7900,1,7,runpod_secure,10000.0,1,1,1,3,1,7,Low,Shadow,2026-09-17,2026-09-23,v2.4.0,direct,,,,,,,,
CRI-T3-H200-NVL-ALL-ALL-3mo-ALL,2026-09-23,T3,T3,H200,ALL,ALL,ALL,3M,market_intelligence,7,3.7900,3.7900,3.7900,median,3.7900,3.7900,3.7900,3.7900,3.7900,3.7900,3.7900,1,7,runpod_secure,10000.0,1,1,1,3,1,7,Low,Shadow,2026-09-17,2026-09-23,v2.4.0,direct,,,,,,,,
CRI-T3-H200-NVL-ALL-ALL-3mo-US,2026-09-23,T3,T3,H200,ALL,ALL,US,3M,market_intelligence,7,3.7900,3.7900,3.7900,median,3.7900,3.7900,3.7900,3.7900,3.7900,3.7900,3.7900,1,7,runpod_secure,10000.0,1,1,1,3,1,7,Low,Shadow,2026-09-17,2026-09-23,v2.4.0,direct,,,,,,,,
CRI-T3-H200-NVL-ALL-ALL-6mo-ALL,2026-09-23,T3,T3,H200,ALL,ALL,ALL,6M,market_intelligence,7,3.7900,3.7900,3.7900,median,3.7900,3.7900,3.7900,3.7900,3.7900,3.7900,3.7900,1,7,runpod_secure,10000.0,1,1,1,3,1,7,Low,Shadow,2026-09-17,2026-09-23,v2.4.0,direct,,,,,,,,
CRI-T3-H200-NVL-ALL-ALL-6mo-US,2026-09-23,T3,T3,H200,ALL,ALL,US,6M,market_intelligence,7,3.7900,3.7900,3.7900,median,3.7900,3.7900,3.7900,3.7900,3.7900,3.7900,3.7900,1,7,runpod_secure,10000.0,1,1,1,3,1,7,Low,Shadow,2026-09-17,2026-09-23,v2.4.0,direct,,,,,,,,
CRI-T3-H200-NVL-ALL-ALL-OD-APAC,2026-09-23,T3,T3,H200,ALL,ALL,APAC,OnDemand,citable,7,4.0000,4.0000,4.0000,median,4.0000,4.0000,4.0000,4.0000,,,4.0000,1,1,vast_ai,10000.0,,,,,1,1,Low,Shadow,2026-09-17,2026-09-23,v2.4.0,direct,,,,,,,,
CRI-T3-H200-NVL-ALL-ALL-OD-EU,2026-09-23,T3,T3,H200,ALL,ALL,EU,OnDemand,citable,7,4.1926,4.3333,4.3333,median,3.8667,4.6667,3.3333,4.6667,4.4000,4.4223,4.1926,1,9,vast_ai,10000.0,1,3,1,6,1,9,Low,Shadow,2026-09-17,2026-09-23,v2.4.0,direct,,,,,,,,
CRI-T3-H200-NVL-ALL-ALL-OD-Other,2026-09-23,T3,T3,H200,ALL,ALL,Other,OnDemand,citable,7,1.5200,1.5200,1.5200,median,1.5200,1.5200,1.5200,1.5200,,,1.5200,1,1,vast_ai,10000.0,,,,,1,1,Low,Shadow,2026-09-17,2026-09-23,v2.4.0,direct,,,,,,,,
CRI-T3-H200-NVL-ALL-GTD-1yr-ALL,2026-09-23,T3,T3,H200,ALL,GTD,ALL,1Y,market_intelligence,7,3.7900,3.7900,3.7900,median,3.7900,3.7900,3.7900,3.7900,3.7900,3.7900,3.7900,1,7,runpod_secure,10000.0,1,1,1,3,1,7,Low,Shadow,2026-09-17,2026-09-23,v2.4.0,direct,,,,,,,,
CRI-T3-H200-NVL-ALL-GTD-1yr-US,2026-09-23,T3,T3,H200,ALL,GTD,US,1Y,market_intelligence,7,3.7900,3.7900,3.7900,median,3.7900,3.7900,3.7900,3.7900,3.7900,3.7900,3.7900,1,7,runpod_secure,10000.0,1,1,1,3,1,7,Low,Shadow,2026-09-17,2026-09-23,v2.4.0,direct,,,,,,,,
CRI-T3-H200-NVL-ALL-GTD-3mo-ALL,2026-09-23,T3,T3,H200,ALL,GTD,ALL,3M,market_intelligence,7,3.7900,3.7900,3.7900,median,3.7900,3.7900,3.7900,3.7900,3.7900,3.7900,3.7900,1,7,runpod_secure,10000.0,1,1,1,3,1,7,Low,Shadow,2026-09-17,2026-09-23,v2.4.0,direct,,,,,,,,
CRI-T3-H200-NVL-ALL-GTD-3mo-US,2026-09-23,T3,T3,H200,ALL,GTD,US,3M,market_intelligence,7,3.7900,3.7900,3.7900,median,3.7900,3.7900,3.7900,3.7900,3.7900,3.7900,3.7900,1,7,runpod_secure,10000.0,1,1,1,3,1,7,Low,Shadow,2026-09-17,2026-09-23,v2.4.0,direct,,,,,,,,
CRI-T3-H200-NVL-ALL-GTD-6mo-ALL,2026-09-23,T3,T3,H200,ALL,GTD,ALL,6M,market_intelligence,7,3.7900,3.7900,3.7900,median,3.7900,3.7900,3.7900,3.7900,3.7900,3.7900,3.7900,1,7,runpod_secure,10000.0,1,1,1,3,1,7,Low,Shadow,2026-09-17,2026-09-23,v2.4.0,direct,,,,,,,,
CRI-T3-H200-NVL-ALL-GTD-6mo-US,2026-09-23,T3,T3,H200,ALL,GTD,US,6M,market_intelligence,7,3.7900,3.7900,3.7900,median,3.7900,3.7900,3.7900,3.7900,3.7900,3.7900,3.7900,1,7,runpod_secure,10000.0,1,1,1,3,1,7,Low,Shadow,2026-09-17,2026-09-23,v2.4.0,direct,,,,,,,,
CRI-T3-H200-NVL-ALL-GTD-OD-APAC,2026-09-23,T3,T3,H200,ALL,GTD,APAC,OnDemand,citable,7,4.0000,4.0000,4.0000,median,4.0000,4.0000,4.0000,4.0000,,,4.0000,1,1,vast_ai,10000.0,,,,,1,1,Low,Shadow,2026-09-17,2026-09-23,v2.4.0,direct,,,,,,,,
CRI-T3-H200-NVL-ALL-GTD-OD-EU,2026-09-23,T3,T3,H200,ALL,GTD,EU,OnDemand,citable,7,4.1926,4.3333,4.3333,median,3.8667,4.6667,3.3333,4.6667,4.4000,4.4223,4.1926,1,9,vast_ai,10000.0,1,3,1,6,1,9,Low,Shadow,2026-09-17,2026-09-23,v2.4.0,direct,,,,,,,,
CRI-T3-H200-NVL-ALL-GTD-OD-Other,2026-09-23,T3,T3,H200,ALL,GTD,Other,OnDemand,citable,7,1.5200,1.5200,1.5200,median,1.5200,1.5200,1.5200,1.5200,,,1.5200,1,1,vast_ai,10000.0,,,,,1,1,Low,Shadow,2026-09-17,2026-09-23,v2.4.0,direct,,,,,,,,
CRI-T3-H200-NVL-PCIe-ALL-1yr-ALL,2026-09-23,T3,T3,H200,PCIe,ALL,ALL,1Y,market_intelligence,7,3.7900,3.7900,3.7900,median,3.7900,3.7900,3.7900,3.7900,3.7900,3.7900,3.7900,1,7,runpod_secure,10000.0,1,1,1,3,1,7,Low,Shadow,2026-09-17,2026-09-23,v2.4.0,direct,,,,,,,,
CRI-T3-H200-NVL-PCIe-ALL-1yr-US,2026-09-23,T3,T3,H200,PCIe,ALL,US,1Y,market_intelligence,7,3.7900,3.7900,3.7900,median,3.7900,3.7900,3.7900,3.7900,3.7900,3.7900,3.7900,1,7,runpod_secure,10000.0,1,1,1,3,1,7,Low,Shadow,2026-09-17,2026-09-23,v2.4.0,direct,,,,,,,,
CRI-T3-H200-NVL-PCIe-ALL-3mo-ALL,2026-09-23,T3,T3,H200,PCIe,ALL,ALL,3M,market_intelligence,7,3.7900,3.7900,3.7900,median,3.7900,3.7900,3.7900,3.7900,3.7900,3.7900,3.7900,1,7,runpod_secure,10000.0,1,1,1,3,1,7,Low,Shadow,2026-09-17,2026-09-23,v2.4.0,direct,,,,,,,,
CRI-T3-H200-NVL-PCIe-ALL-3mo-US,2026-09-23,T3,T3,H200,PCIe,ALL,US,3M,market_intelligence,7,3.7900,3.7900,3.7900,median,3.7900,3.7900,3.7900,3.7900,3.7900,3.7900,3.7900,1,7,runpod_secure,10000.0,1,1,1,3,1,7,Low,Shadow,2026-09-17,2026-09-23,v2.4.0,direct,,,,,,,,
CRI-T3-H200-NVL-PCIe-ALL-6mo-ALL,2026-09-23,T3,T3,H200,PCIe,ALL,ALL,6M,market_intelligence,7,3.7900,3.7900,3.7900,median,3.7900,3.7900,3.7900,3.7900,3.7900,3.7900,3.7900,1,7,runpod_secure,10000.0,1,1,1,3,1,7,Low,Shadow,2026-09-17,2026-09-23,v2.4.0,direct,,,,,,,,
CRI-T3-H200-NVL-PCIe-ALL-6mo-US,2026-09-23,T3,T3,H200,PCIe,ALL,US,6M,market_intelligence,7,3.7900,3.7900,3.7900,median,3.7900,3.7900,3.7900,3.7900,3.7900,3.7900,3.7900,1,7,runpod_secure,10000.0,1,1,1,3,1,7,Low,Shadow,2026-09-17,2026-09-23,v2.4.0,direct,,,,,,,,
CRI-T3-H200-NVL-PCIe-ALL-OD-EU,2026-09-23,T3,T3,H200,PCIe,ALL,EU,OnDemand,citable,7,4.1926,4.3333,4.3333,median,3.8667,4.6667,3.3333,4.6667,4.4000,4.4223,4.1926,1,9,vast_ai,10000.0,1,3,1,6,1,9,Low,Shadow,2026-09-17,2026-09-23,v2.4.0,direct,,,,,,,,
CRI-T3-H200-NVL-PCIe-GTD-1yr-ALL,2026-09-23,T3,T3,H200,PCIe,GTD,ALL,1Y,market_intelligence,7,3.7900,3.7900,3.7900,median,3.7900,3.7900,3.7900,3.7900,3.7900,3.7900,3.7900,1,7,runpod_secure,10000.0,1,1,1,3,1,7,Low,Shadow,2026-09-17,2026-09-23,v2.4.0,direct,,,,,,,,
CRI-T3-H200-NVL-PCIe-GTD-1yr-US,2026-09-23,T3,T3,H200,PCIe,GTD,US,1Y,market_intelligence,7,3.7900,3.7900,3.7900,median,3.7900,3.7900,3.7900,3.7900,3.7900,3.7900,3.7900,1,7,runpod_secure,10000.0,1,1,1,3,1,7,Low,Shadow,2026-09-17,2026-09-23,v2.4.0,direct,,,,,,,,
CRI-T3-H200-NVL-PCIe-GTD-3mo-ALL,2026-09-23,T3,T3,H200,PCIe,GTD,ALL,3M,market_intelligence,7,3.7900,3.7900,3.7900,median,3.7900,3.7900,3.7900,3.7900,3.7900,3.7900,3.7900,1,7,runpod_secure,10000.0,1,1,1,3,1,7,Low,Shadow,2026-09-17,2026-09-23,v2.4.0,direct,,,,,,,,
CRI-T3-H200-NVL-PCIe-GTD-3mo-US,2026-09-23,T3,T3,H200,PCIe,GTD,US,3M,market_intelligence,7,3.7900,3.7900,3.7900,median,3.7900,3.7900,3.7900,3.7900,3.7900,3.7900,3.7900,1,7,runpod_secure,10000.0,1,1,1,3,1,7,Low,Shadow,2026-09-17,2026-09-23,v2.4.0,direct,,,,,,,,
CRI-T3-H200-NVL-PCIe-GTD-6mo-ALL,2026-09-23,T3,T3,H200,PCIe,GTD,ALL,6M,market_intelligence,7,3.7900,3.7900,3.7900,median,3.7900,3.7900,3.7900,3.7900,3.7900,3.7900,3.7900,1,7,runpod_secure,10000.0,1,1,1,3,1,7,Low,Shadow,2026-09-17,2026-09-23,v2.4.0,direct,,,,,,,,
CRI-T3-H200-NVL-PCIe-GTD-6mo-US,2026-09-23,T3,T3,H200,PCIe,GTD,US,6M,market_intelligence,7,3.7900,3.7900,3.7900,median,3.7900,3.7900,3.7900,3.7900,3.7900,3.7900,3.7900,1,7,runpod_secure,10000.0,1,1,1,3,1,7,Low,Shadow,2026-09-17,2026-09-23,v2.4.0,direct,,,,,,,,
CRI-T3-H200-NVL-PCIe-GTD-OD-EU,2026-09-23,T3,T3,H200,PCIe,GTD,EU,OnDemand,citable,7,4.1926,4.3333,4.3333,median,3.8667,4.6667,3.3333,4.6667,4.4000,4.4223,4.1926,1,9,vast_ai,10000.0,1,3,1,6,1,9,Low,Shadow,2026-09-17,2026-09-23,v2.4.0,direct,,,,,,,,
CRI-T3-H200-SXM-ALL-1yr-ALL,2026-09-23,T3,T3,H200,SXM,ALL,ALL,1Y,market_intelligence,7,4.5900,4.5900,4.5900,median,4.5900,4.5900,4.5900,4.5900,4.5900,4.5900,4.5900,1,7,runpod_secure,10000.0,1,1,1,3,1,7,Low,Shadow,2026-09-17,2026-09-23,v2.4.0,direct,,,,,,,,
CRI-T3-H200-SXM-ALL-1yr-US,2026-09-23,T3,T3,H200,SXM,ALL,US,1Y,market_intelligence,7,4.5900,4.5900,4.5900,median,4.5900,4.5900,4.5900,4.5900,4.5900,4.5900,4.5900,1,7,runpod_secure,10000.0,1,1,1,3,1,7,Low,Shadow,2026-09-17,2026-09-23,v2.4.0,direct,,,,,,,,
CRI-T3-H200-SXM-ALL-3mo-ALL,2026-09-23,T3,T3,H200,SXM,ALL,ALL,3M,market_intelligence,7,4.5900,4.5900,4.5900,median,4.5900,4.5900,4.5900,4.5900,4.5900,4.5900,4.5900,1,7,runpod_secure,10000.0,1,1,1,3,1,7,Low,Shadow,2026-09-17,2026-09-23,v2.4.0,direct,,,,,,,,
CRI-T3-H200-SXM-ALL-3mo-US,2026-09-23,T3,T3,H200,SXM,ALL,US,3M,market_intelligence,7,4.5900,4.5900,4.5900,median,4.5900,4.5900,4.5900,4.5900,4.5900,4.5900,4.5900,1,7,runpod_secure,10000.0,1,1,1,3,1,7,Low,Shadow,2026-09-17,2026-09-23,v2.4.0,direct,,,,,,,,
CRI-T3-H200-SXM-ALL-6mo-ALL,2026-09-23,T3,T3,H200,SXM,ALL,ALL,6M,market_intelligence,7,4.5900,4.5900,4.5900,median,4.5900,4.5900,4.5900,4.5900,4.5900,4.5900,4.5900,1,7,runpod_secure,10000.0,1,1,1,3,1,7,Low,Shadow,2026-09-17,2026-09-23,v2.4.0,direct,,,,,,,,
CRI-T3-H200-SXM-ALL-6mo-US,2026-09-23,T3,T3,H200,SXM,ALL,US,6M,market_intelligence,7,4.5900,4.5900,4.5900,median,4.5900,4.5900,4.5900,4.5900,4.5900,4.5900,4.5900,1,7,runpod_secure,10000.0,1,1,1,3,1,7,Low,Shadow,2026-09-17,2026-09-23,v2.4.0,direct,,,,,,,,
CRI-T3-H200-SXM-GTD-1yr-ALL,2026-09-23,T3,T3,H200,SXM,GTD,ALL,1Y,market_intelligence,7,4.5900,4.5900,4.5900,median,4.5900,4.5900,4.5900,4.5900,4.5900,4.5900,4.5900,1,7,runpod_secure,10000.0,1,1,1,3,1,7,Low,Shadow,2026-09-17,2026-09-23,v2.4.0,direct,,,,,,,,
CRI-T3-H200-SXM-GTD-1yr-US,2026-09-23,T3,T3,H200,SXM,GTD,US,1Y,market_intelligence,7,4.5900,4.5900,4.5900,median,4.5900,4.5900,4.5900,4.5900,4.5900,4.5900,4.5900,1,7,runpod_secure,10000.0,1,1,1,3,1,7,Low,Shadow,2026-09-17,2026-09-23,v2.4.0,direct,,,,,,,,
CRI-T3-H200-SXM-GTD-3mo-ALL,2026-09-23,T3,T3,H200,SXM,GTD,ALL,3M,market_intelligence,7,4.5900,4.5900,4.5900,median,4.5900,4.5900,4.5900,4.5900,4.5900,4.5900,4.5900,1,7,runpod_secure,10000.0,1,1,1,3,1,7,Low,Shadow,2026-09-17,2026-09-23,v2.4.0,direct,,,,,,,,
CRI-T3-H200-SXM-GTD-3mo-US,2026-09-23,T3,T3,H200,SXM,GTD,US,3M,market_intelligence,7,4.5900,4.5900,4.5900,median,4.5900,4.5900,4.5900,4.5900,4.5900,4.5900,4.5900,1,7,runpod_secure,10000.0,1,1,1,3,1,7,Low,Shadow,2026-09-17,2026-09-23,v2.4.0,direct,,,,,,,,
CRI-T3-H200-SXM-GTD-6mo-ALL,2026-09-23,T3,T3,H200,SXM,GTD,ALL,6M,market_intelligence,7,4.5900,4.5900,4.5900,median,4.5900,4.5900,4.5900,4.5900,4.5900,4.5900,4.5900,1,7,runpod_secure,10000.0,1,1,1,3,1,7,Low,Shadow,2026-09-17,2026-09-23,v2.4.0,direct,,,,,,,,
CRI-T3-H200-SXM-GTD-6mo-US,2026-09-23,T3,T3,H200,SXM,GTD,US,6M,market_intelligence,7,4.5900,4.5900,4.5900,median,4.5900,4.5900,4.5900,4.5900,4.5900,4.5900,4.5900,1,7,runpod_secure,10000.0,1,1,1,3,1,7,Low,Shadow,2026-09-17,2026-09-23,v2.4.0,direct,,,,,,,,
CRI-T3-H200-SXM-INT-OD-ALL,2026-09-23,T3,T3,H200,SXM,INT,ALL,OnDemand,citable,7,3.3368,3.3615,3.3615,median,3.3143,3.3615,3.3143,3.3615,3.3143,3.3248,3.3368,1,21,spheron,10000.0,1,3,1,9,1,21,Low,Shadow,2026-09-17,2026-09-23,v2.4.0,direct,,,,,,,,
CRI-T3-H200-SXM-INT-OD-EU,2026-09-23,T3,T3,H200,SXM,INT,EU,OnDemand,citable,7,3.3446,3.3615,3.3615,median,3.3143,3.3615,3.3143,3.3615,3.3143,3.3222,3.3446,1,14,spheron,10000.0,1,2,1,6,1,14,Low,Shadow,2026-09-17,2026-09-23,v2.4.0,direct,,,,,,,,
CRI-T3-H200-SXM-INT-OD-US,2026-09-23,T3,T3,H200,SXM,INT,US,OnDemand,citable,7,3.3210,3.3143,3.3143,median,3.3143,3.3143,3.3143,3.3615,3.3143,3.3300,3.3210,1,7,spheron,10000.0,1,1,1,3,1,7,Low,Shadow,2026-09-17,2026-09-23,v2.4.0,direct,,,,,,,,
CRI-T3-L4-ALL-ALL-1yr-ALL,2026-09-23,T3,T3,L4,ALL,ALL,ALL,1Y,market_intelligence,7,0.4900,0.4900,0.4900,median,0.4900,0.4900,0.4900,0.4900,0.4900,0.4900,0.4900,1,7,runpod_secure,10000.0,1,1,1,3,1,7,Low,Shadow,2026-09-17,2026-09-23,v2.4.0,direct,,,,,,,,
CRI-T3-L4-ALL-ALL-1yr-US,2026-09-23,T3,T3,L4,ALL,ALL,US,1Y,market_intelligence,7,0.4900,0.4900,0.4900,median,0.4900,0.4900,0.4900,0.4900,0.4900,0.4900,0.4900,1,7,runpod_secure,10000.0,1,1,1,3,1,7,Low,Shadow,2026-09-17,2026-09-23,v2.4.0,direct,,,,,,,,
CRI-T3-L4-ALL-ALL-3mo-ALL,2026-09-23,T3,T3,L4,ALL,ALL,ALL,3M,market_intelligence,7,0.4900,0.4900,0.4900,median,0.4900,0.4900,0.4900,0.4900,0.4900,0.4900,0.4900,1,7,runpod_secure,10000.0,1,1,1,3,1,7,Low,Shadow,2026-09-17,2026-09-23,v2.4.0,direct,,,,,,,,
CRI-T3-L4-ALL-ALL-3mo-US,2026-09-23,T3,T3,L4,ALL,ALL,US,3M,market_intelligence,7,0.4900,0.4900,0.4900,median,0.4900,0.4900,0.4900,0.4900,0.4900,0.4900,0.4900,1,7,runpod_secure,10000.0,1,1,1,3,1,7,Low,Shadow,2026-09-17,2026-09-23,v2.4.0,direct,,,,,,,,
CRI-T3-L4-ALL-ALL-6mo-ALL,2026-09-23,T3,T3,L4,ALL,ALL,ALL,6M,market_intelligence,7,0.4900,0.4900,0.4900,median,0.4900,0.4900,0.4900,0.4900,0.4900,0.4900,0.4900,1,7,runpod_secure,10000.0,1,1,1,3,1,7,Low,Shadow,2026-09-17,2026-09-23,v2.4.0,direct,,,,,,,,
CRI-T3-L4-ALL-ALL-6mo-US,2026-09-23,T3,T3,L4,ALL,ALL,US,6M,market_intelligence,7,0.4900,0.4900,0.4900,median,0.4900,0.4900,0.4900,0.4900,0.4900,0.4900,0.4900,1,7,runpod_secure,10000.0,1,1,1,3,1,7,Low,Shadow,2026-09-17,2026-09-23,v2.4.0,direct,,,,,,,,
CRI-T3-L4-ALL-ALL-OD-ALL,2026-09-23,T3,T3,L4,ALL,ALL,ALL,OnDemand,citable,7,0.4829,0.4650,0.4650,median,0.4900,0.4900,0.4400,0.4900,0.4829,0.4829,0.4829,2,49,runpod_community|runpod_secure,5000.0,2,7,2,21,2,49,Medium,Shadow,2026-09-17,2026-09-23,v2.4.0,direct,,,,,,,,
CRI-T3-L4-ALL-ALL-OD-EU,2026-09-23,T3,T3,L4,ALL,ALL,EU,OnDemand,citable,7,0.4900,0.4900,0.4900,median,0.4900,0.4900,0.4900,0.4900,0.4900,0.4900,0.4900,1,21,runpod_secure,10000.0,1,3,1,9,1,21,Low,Shadow,2026-09-17,2026-09-23,v2.4.0,direct,,,,,,,,
CRI-T3-L4-ALL-GTD-1yr-ALL,2026-09-23,T3,T3,L4,ALL,GTD,ALL,1Y,market_intelligence,7,0.4900,0.4900,0.4900,median,0.4900,0.4900,0.4900,0.4900,0.4900,0.4900,0.4900,1,7,runpod_secure,10000.0,1,1,1,3,1,7,Low,Shadow,2026-09-17,2026-09-23,v2.4.0,direct,,,,,,,,
CRI-T3-L4-ALL-GTD-1yr-US,2026-09-23,T3,T3,L4,ALL,GTD,US,1Y,market_intelligence,7,0.4900,0.4900,0.4900,median,0.4900,0.4900,0.4900,0.4900,0.4900,0.4900,0.4900,1,7,runpod_secure,10000.0,1,1,1,3,1,7,Low,Shadow,2026-09-17,2026-09-23,v2.4.0,direct,,,,,,,,
CRI-T3-L4-ALL-GTD-3mo-ALL,2026-09-23,T3,T3,L4,ALL,GTD,ALL,3M,market_intelligence,7,0.4900,0.4900,0.4900,median,0.4900,0.4900,0.4900,0.4900,0.4900,0.4900,0.4900,1,7,runpod_secure,10000.0,1,1,1,3,1,7,Low,Shadow,2026-09-17,2026-09-23,v2.4.0,direct,,,,,,,,
CRI-T3-L4-ALL-GTD-3mo-US,2026-09-23,T3,T3,L4,ALL,GTD,US,3M,market_intelligence,7,0.4900,0.4900,0.4900,median,0.4900,0.4900,0.4900,0.4900,0.4900,0.4900,0.4900,1,7,runpod_secure,10000.0,1,1,1,3,1,7,Low,Shadow,2026-09-17,2026-09-23,v2.4.0,direct,,,,,,,,
CRI-T3-L4-ALL-GTD-6mo-ALL,2026-09-23,T3,T3,L4,ALL,GTD,ALL,6M,market_intelligence,7,0.4900,0.4900,0.4900,median,0.4900,0.4900,0.4900,0.4900,0.4900,0.4900,0.4900,1,7,runpod_secure,10000.0,1,1,1,3,1,7,Low,Shadow,2026-09-17,2026-09-23,v2.4.0,direct,,,,,,,,
CRI-T3-L4-ALL-GTD-6mo-US,2026-09-23,T3,T3,L4,ALL,GTD,US,6M,market_intelligence,7,0.4900,0.4900,0.4900,median,0.4900,0.4900,0.4900,0.4900,0.4900,0.4900,0.4900,1,7,runpod_secure,10000.0,1,1,1,3,1,7,Low,Shadow,2026-09-17,2026-09-23,v2.4.0,direct,,,,,,,,
CRI-T3-L4-ALL-GTD-OD-ALL,2026-09-23,T3,T3,L4,ALL,GTD,ALL,OnDemand,citable,7,0.4829,0.4650,0.4650,median,0.4900,0.4900,0.4400,0.4900,0.4829,0.4829,0.4829,2,49,runpod_community|runpod_secure,5000.0,2,7,2,21,2,49,Medium,Shadow,2026-09-17,2026-09-23,v2.4.0,direct,,,,,,,,
CRI-T3-L4-ALL-GTD-OD-EU,2026-09-23,T3,T3,L4,ALL,GTD,EU,OnDemand,citable,7,0.4900,0.4900,0.4900,median,0.4900,0.4900,0.4900,0.4900,0.4900,0.4900,0.4900,1,21,runpod_secure,10000.0,1,3,1,9,1,21,Low,Shadow,2026-09-17,2026-09-23,v2.4.0,direct,,,,,,,,
CRI-T3-L4-PCIe-ALL-1yr-ALL,2026-09-23,T3,T3,L4,PCIe,ALL,ALL,1Y,market_intelligence,7,0.4900,0.4900,0.4900,median,0.4900,0.4900,0.4900,0.4900,0.4900,0.4900,0.4900,1,7,runpod_secure,10000.0,1,1,1,3,1,7,Low,Shadow,2026-09-17,2026-09-23,v2.4.0,direct,,,,,,,,
CRI-T3-L4-PCIe-ALL-1yr-US,2026-09-23,T3,T3,L4,PCIe,ALL,US,1Y,market_intelligence,7,0.4900,0.4900,0.4900,median,0.4900,0.4900,0.4900,0.4900,0.4900,0.4900,0.4900,1,7,runpod_secure,10000.0,1,1,1,3,1,7,Low,Shadow,2026-09-17,2026-09-23,v2.4.0,direct,,,,,,,,
CRI-T3-L4-PCIe-ALL-3mo-ALL,2026-09-23,T3,T3,L4,PCIe,ALL,ALL,3M,market_intelligence,7,0.4900,0.4900,0.4900,median,0.4900,0.4900,0.4900,0.4900,0.4900,0.4900,0.4900,1,7,runpod_secure,10000.0,1,1,1,3,1,7,Low,Shadow,2026-09-17,2026-09-23,v2.4.0,direct,,,,,,,,
CRI-T3-L4-PCIe-ALL-3mo-US,2026-09-23,T3,T3,L4,PCIe,ALL,US,3M,market_intelligence,7,0.4900,0.4900,0.4900,median,0.4900,0.4900,0.4900,0.4900,0.4900,0.4900,0.4900,1,7,runpod_secure,10000.0,1,1,1,3,1,7,Low,Shadow,2026-09-17,2026-09-23,v2.4.0,direct,,,,,,,,
CRI-T3-L4-PCIe-ALL-6mo-ALL,2026-09-23,T3,T3,L4,PCIe,ALL,ALL,6M,market_intelligence,7,0.4900,0.4900,0.4900,median,0.4900,0.4900,0.4900,0.4900,0.4900,0.4900,0.4900,1,7,runpod_secure,10000.0,1,1,1,3,1,7,Low,Shadow,2026-09-17,2026-09-23,v2.4.0,direct,,,,,,,,
CRI-T3-L4-PCIe-ALL-6mo-US,2026-09-23,T3,T3,L4,PCIe,ALL,US,6M,market_intelligence,7,0.4900,0.4900,0.4900,median,0.4900,0.4900,0.4900,0.4900,0.4900,0.4900,0.4900,1,7,runpod_secure,10000.0,1,1,1,3,1,7,Low,Shadow,2026-09-17,2026-09-23,v2.4.0,direct,,,,,,,,
CRI-T3-L4-PCIe-ALL-OD-ALL,2026-09-23,T3,T3,L4,PCIe,ALL,ALL,OnDemand,citable,7,0.4829,0.4650,0.4650,median,0.4900,0.4900,0.4400,0.4900,0.4829,0.4829,0.4829,2,49,runpod_community|runpod_secure,5000.0,2,7,2,21,2,49,Medium,Shadow,2026-09-17,2026-09-23,v2.4.0,direct,,,,,,,,
CRI-T3-L4-PCIe-ALL-OD-EU,2026-09-23,T3,T3,L4,PCIe,ALL,EU,OnDemand,citable,7,0.4900,0.4900,0.4900,median,0.4900,0.4900,0.4900,0.4900,0.4900,0.4900,0.4900,1,21,runpod_secure,10000.0,1,3,1,9,1,21,Low,Shadow,2026-09-17,2026-09-23,v2.4.0,direct,,,,,,,,
CRI-T3-L4-PCIe-GTD-1yr-ALL,2026-09-23,T3,T3,L4,PCIe,GTD,ALL,1Y,market_intelligence,7,0.4900,0.4900,0.4900,median,0.4900,0.4900,0.4900,0.4900,0.4900,0.4900,0.4900,1,7,runpod_secure,10000.0,1,1,1,3,1,7,Low,Shadow,2026-09-17,2026-09-23,v2.4.0,direct,,,,,,,,
CRI-T3-L4-PCIe-GTD-1yr-US,2026-09-23,T3,T3,L4,PCIe,GTD,US,1Y,market_intelligence,7,0.4900,0.4900,0.4900,median,0.4900,0.4900,0.4900,0.4900,0.4900,0.4900,0.4900,1,7,runpod_secure,10000.0,1,1,1,3,1,7,Low,Shadow,2026-09-17,2026-09-23,v2.4.0,direct,,,,,,,,
CRI-T3-L4-PCIe-GTD-3mo-ALL,2026-09-23,T3,T3,L4,PCIe,GTD,ALL,3M,market_intelligence,7,0.4900,0.4900,0.4900,median,0.4900,0.4900,0.4900,0.4900,0.4900,0.4900,0.4900,1,7,runpod_secure,10000.0,1,1,1,3,1,7,Low,Shadow,2026-09-17,2026-09-23,v2.4.0,direct,,,,,,,,
CRI-T3-L4-PCIe-GTD-3mo-US,2026-09-23,T3,T3,L4,PCIe,GTD,US,3M,market_intelligence,7,0.4900,0.4900,0.4900,median,0.4900,0.4900,0.4900,0.4900,0.4900,0.4900,0.4900,1,7,runpod_secure,10000.0,1,1,1,3,1,7,Low,Shadow,2026-09-17,2026-09-23,v2.4.0,direct,,,,,,,,
CRI-T3-L4-PCIe-GTD-6mo-ALL,2026-09-23,T3,T3,L4,PCIe,GTD,ALL,6M,market_intelligence,7,0.4900,0.4900,0.4900,median,0.4900,0.4900,0.4900,0.4900,0.4900,0.4900,0.4900,1,7,runpod_secure,10000.0,1,1,1,3,1,7,Low,Shadow,2026-09-17,2026-09-23,v2.4.0,direct,,,,,,,,
CRI-T3-L4-PCIe-GTD-6mo-US,2026-09-23,T3,T3,L4,PCIe,GTD,US,6M,market_intelligence,7,0.4900,0.4900,0.4900,median,0.4900,0.4900,0.4900,0.4900,0.4900,0.4900,0.4900,1,7,runpod_secure,10000.0,1,1,1,3,1,7,Low,Shadow,2026-09-17,2026-09-23,v2.4.0,direct,,,,,,,,
CRI-T3-L4-PCIe-GTD-OD-ALL,2026-09-23,T3,T3,L4,PCIe,GTD,ALL,OnDemand,citable,7,0.4829,0.4650,0.4650,median,0.4900,0.4900,0.4400,0.4900,0.4829,0.4829,0.4829,2,49,runpod_community|runpod_secure,5000.0,2,7,2,21,2,49,Medium,Shadow,2026-09-17,2026-09-23,v2.4.0,direct,,,,,,,,
CRI-T3-L4-PCIe-GTD-OD-EU,2026-09-23,T3,T3,L4,PCIe,GTD,EU,OnDemand,citable,7,0.4900,0.4900,0.4900,median,0.4900,0.4900,0.4900,0.4900,0.4900,0.4900,0.4900,1,21,runpod_secure,10000.0,1,3,1,9,1,21,Low,Shadow,2026-09-17,2026-09-23,v2.4.0,direct,,,,,,,,
CRI-T3-L40-ALL-ALL-1yr-ALL,2026-09-23,T3,T3,L40,ALL,ALL,ALL,1Y,market_intelligence,7,0.8200,0.8200,0.8200,median,0.8200,0.8200,0.8200,0.8200,0.8200,0.8200,0.8200,1,7,runpod_secure,10000.0,1,1,1,3,1,7,Low,Shadow,2026-09-17,2026-09-23,v2.4.0,direct,,,,,,,,
CRI-T3-L40-ALL-ALL-1yr-US,2026-09-23,T3,T3,L40,ALL,ALL,US,1Y,market_intelligence,7,0.8200,0.8200,0.8200,median,0.8200,0.8200,0.8200,0.8200,0.8200,0.8200,0.8200,1,7,runpod_secure,10000.0,1,1,1,3,1,7,Low,Shadow,2026-09-17,2026-09-23,v2.4.0,direct,,,,,,,,
CRI-T3-L40-ALL-ALL-3mo-ALL,2026-09-23,T3,T3,L40,ALL,ALL,ALL,3M,market_intelligence,7,0.8200,0.8200,0.8200,median,0.8200,0.8200,0.8200,0.8200,0.8200,0.8200,0.8200,1,7,runpod_secure,10000.0,1,1,1,3,1,7,Low,Shadow,2026-09-17,2026-09-23,v2.4.0,direct,,,,,,,,
CRI-T3-L40-ALL-ALL-3mo-US,2026-09-23,T3,T3,L40,ALL,ALL,US,3M,market_intelligence,7,0.8200,0.8200,0.8200,median,0.8200,0.8200,0.8200,0.8200,0.8200,0.8200,0.8200,1,7,runpod_secure,10000.0,1,1,1,3,1,7,Low,Shadow,2026-09-17,2026-09-23,v2.4.0,direct,,,,,,,,
CRI-T3-L40-ALL-ALL-6mo-ALL,2026-09-23,T3,T3,L40,ALL,ALL,ALL,6M,market_intelligence,7,0.8200,0.8200,0.8200,median,0.8200,0.8200,0.8200,0.8200,0.8200,0.8200,0.8200,1,7,runpod_secure,10000.0,1,1,1,3,1,7,Low,Shadow,2026-09-17,2026-09-23,v2.4.0,direct,,,,,,,,
CRI-T3-L40-ALL-ALL-6mo-US,2026-09-23,T3,T3,L40,ALL,ALL,US,6M,market_intelligence,7,0.8200,0.8200,0.8200,median,0.8200,0.8200,0.8200,0.8200,0.8200,0.8200,0.8200,1,7,runpod_secure,10000.0,1,1,1,3,1,7,Low,Shadow,2026-09-17,2026-09-23,v2.4.0,direct,,,,,,,,
CRI-T3-L40-ALL-GTD-1yr-ALL,2026-09-23,T3,T3,L40,ALL,GTD,ALL,1Y,market_intelligence,7,0.8200,0.8200,0.8200,median,0.8200,0.8200,0.8200,0.8200,0.8200,0.8200,0.8200,1,7,runpod_secure,10000.0,1,1,1,3,1,7,Low,Shadow,2026-09-17,2026-09-23,v2.4.0,direct,,,,,,,,
CRI-T3-L40-ALL-GTD-1yr-US,2026-09-23,T3,T3,L40,ALL,GTD,US,1Y,market_intelligence,7,0.8200,0.8200,0.8200,median,0.8200,0.8200,0.8200,0.8200,0.8200,0.8200,0.8200,1,7,runpod_secure,10000.0,1,1,1,3,1,7,Low,Shadow,2026-09-17,2026-09-23,v2.4.0,direct,,,,,,,,
CRI-T3-L40-ALL-GTD-3mo-ALL,2026-09-23,T3,T3,L40,ALL,GTD,ALL,3M,market_intelligence,7,0.8200,0.8200,0.8200,median,0.8200,0.8200,0.8200,0.8200,0.8200,0.8200,0.8200,1,7,runpod_secure,10000.0,1,1,1,3,1,7,Low,Shadow,2026-09-17,2026-09-23,v2.4.0,direct,,,,,,,,
CRI-T3-L40-ALL-GTD-3mo-US,2026-09-23,T3,T3,L40,ALL,GTD,US,3M,market_intelligence,7,0.8200,0.8200,0.8200,median,0.8200,0.8200,0.8200,0.8200,0.8200,0.8200,0.8200,1,7,runpod_secure,10000.0,1,1,1,3,1,7,Low,Shadow,2026-09-17,2026-09-23,v2.4.0,direct,,,,,,,,
CRI-T3-L40-ALL-GTD-6mo-ALL,2026-09-23,T3,T3,L40,ALL,GTD,ALL,6M,market_intelligence,7,0.8200,0.8200,0.8200,median,0.8200,0.8200,0.8200,0.8200,0.8200,0.8200,0.8200,1,7,runpod_secure,10000.0,1,1,1,3,1,7,Low,Shadow,2026-09-17,2026-09-23,v2.4.0,direct,,,,,,,,
CRI-T3-L40-ALL-GTD-6mo-US,2026-09-23,T3,T3,L40,ALL,GTD,US,6M,market_intelligence,7,0.8200,0.8200,0.8200,median,0.8200,0.8200,0.8200,0.8200,0.8200,0.8200,0.8200,1,7,runpod_secure,10000.0,1,1,1,3,1,7,Low,Shadow,2026-09-17,2026-09-23,v2.4.0,direct,,,,,,,,
CRI-T3-L40-ALL-INT-OD-Other,2026-09-23,T3,T3,L40,ALL,INT,Other,OnDemand,citable,7,0.8822,0.8819,0.8819,median,0.8819,0.8819,0.8819,0.8837,0.8837,0.8825,0.8822,1,7,spheron,10000.0,1,1,1,3,1,7,Low,Shadow,2026-09-17,2026-09-23,v2.4.0,direct,,,,,,,,
CRI-T3-L40-PCIe-ALL-1yr-ALL,2026-09-23,T3,T3,L40,PCIe,ALL,ALL,1Y,market_intelligence,7,0.8200,0.8200,0.8200,median,0.8200,0.8200,0.8200,0.8200,0.8200,0.8200,0.8200,1,7,runpod_secure,10000.0,1,1,1,3,1,7,Low,Shadow,2026-09-17,2026-09-23,v2.4.0,direct,,,,,,,,
CRI-T3-L40-PCIe-ALL-1yr-US,2026-09-23,T3,T3,L40,PCIe,ALL,US,1Y,market_intelligence,7,0.8200,0.8200,0.8200,median,0.8200,0.8200,0.8200,0.8200,0.8200,0.8200,0.8200,1,7,runpod_secure,10000.0,1,1,1,3,1,7,Low,Shadow,2026-09-17,2026-09-23,v2.4.0,direct,,,,,,,,
CRI-T3-L40-PCIe-ALL-3mo-ALL,2026-09-23,T3,T3,L40,PCIe,ALL,ALL,3M,market_intelligence,7,0.8200,0.8200,0.8200,median,0.8200,0.8200,0.8200,0.8200,0.8200,0.8200,0.8200,1,7,runpod_secure,10000.0,1,1,1,3,1,7,Low,Shadow,2026-09-17,2026-09-23,v2.4.0,direct,,,,,,,,
CRI-T3-L40-PCIe-ALL-3mo-US,2026-09-23,T3,T3,L40,PCIe,ALL,US,3M,market_intelligence,7,0.8200,0.8200,0.8200,median,0.8200,0.8200,0.8200,0.8200,0.8200,0.8200,0.8200,1,7,runpod_secure,10000.0,1,1,1,3,1,7,Low,Shadow,2026-09-17,2026-09-23,v2.4.0,direct,,,,,,,,
CRI-T3-L40-PCIe-ALL-6mo-ALL,2026-09-23,T3,T3,L40,PCIe,ALL,ALL,6M,market_intelligence,7,0.8200,0.8200,0.8200,median,0.8200,0.8200,0.8200,0.8200,0.8200,0.8200,0.8200,1,7,runpod_secure,10000.0,1,1,1,3,1,7,Low,Shadow,2026-09-17,2026-09-23,v2.4.0,direct,,,,,,,,
CRI-T3-L40-PCIe-ALL-6mo-US,2026-09-23,T3,T3,L40,PCIe,ALL,US,6M,market_intelligence,7,0.8200,0.8200,0.8200,median,0.8200,0.8200,0.8200,0.8200,0.8200,0.8200,0.8200,1,7,runpod_secure,10000.0,1,1,1,3,1,7,Low,Shadow,2026-09-17,2026-09-23,v2.4.0,direct,,,,,,,,
CRI-T3-L40-PCIe-GTD-1yr-ALL,2026-09-23,T3,T3,L40,PCIe,GTD,ALL,1Y,market_intelligence,7,0.8200,0.8200,0.8200,median,0.8200,0.8200,0.8200,0.8200,0.8200,0.8200,0.8200,1,7,runpod_secure,10000.0,1,1,1,3,1,7,Low,Shadow,2026-09-17,2026-09-23,v2.4.0,direct,,,,,,,,
CRI-T3-L40-PCIe-GTD-1yr-US,2026-09-23,T3,T3,L40,PCIe,GTD,US,1Y,market_intelligence,7,0.8200,0.8200,0.8200,median,0.8200,0.8200,0.8200,0.8200,0.8200,0.8200,0.8200,1,7,runpod_secure,10000.0,1,1,1,3,1,7,Low,Shadow,2026-09-17,2026-09-23,v2.4.0,direct,,,,,,,,
CRI-T3-L40-PCIe-GTD-3mo-ALL,2026-09-23,T3,T3,L40,PCIe,GTD,ALL,3M,market_intelligence,7,0.8200,0.8200,0.8200,median,0.8200,0.8200,0.8200,0.8200,0.8200,0.8200,0.8200,1,7,runpod_secure,10000.0,1,1,1,3,1,7,Low,Shadow,2026-09-17,2026-09-23,v2.4.0,direct,,,,,,,,
CRI-T3-L40-PCIe-GTD-3mo-US,2026-09-23,T3,T3,L40,PCIe,GTD,US,3M,market_intelligence,7,0.8200,0.8200,0.8200,median,0.8200,0.8200,0.8200,0.8200,0.8200,0.8200,0.8200,1,7,runpod_secure,10000.0,1,1,1,3,1,7,Low,Shadow,2026-09-17,2026-09-23,v2.4.0,direct,,,,,,,,
CRI-T3-L40-PCIe-GTD-6mo-ALL,2026-09-23,T3,T3,L40,PCIe,GTD,ALL,6M,market_intelligence,7,0.8200,0.8200,0.8200,median,0.8200,0.8200,0.8200,0.8200,0.8200,0.8200,0.8200,1,7,runpod_secure,10000.0,1,1,1,3,1,7,Low,Shadow,2026-09-17,2026-09-23,v2.4.0,direct,,,,,,,,
CRI-T3-L40-PCIe-GTD-6mo-US,2026-09-23,T3,T3,L40,PCIe,GTD,US,6M,market_intelligence,7,0.8200,0.8200,0.8200,median,0.8200,0.8200,0.8200,0.8200,0.8200,0.8200,0.8200,1,7,runpod_secure,10000.0,1,1,1,3,1,7,Low,Shadow,2026-09-17,2026-09-23,v2.4.0,direct,,,,,,,,
CRI-T3-L40S-ALL-ALL-1yr-ALL,2026-09-23,T3,T3,L40S,ALL,ALL,ALL,1Y,market_intelligence,7,1.0900,1.0900,1.0900,median,1.0900,1.0900,1.0900,1.0900,1.0900,1.0900,1.0900,1,7,runpod_secure,10000.0,1,1,1,3,1,7,Low,Shadow,2026-09-17,2026-09-23,v2.4.0,direct,,,,,,,,
CRI-T3-L40S-ALL-ALL-1yr-US,2026-09-23,T3,T3,L40S,ALL,ALL,US,1Y,market_intelligence,7,1.0900,1.0900,1.0900,median,1.0900,1.0900,1.0900,1.0900,1.0900,1.0900,1.0900,1,7,runpod_secure,10000.0,1,1,1,3,1,7,Low,Shadow,2026-09-17,2026-09-23,v2.4.0,direct,,,,,,,,
CRI-T3-L40S-ALL-ALL-3mo-ALL,2026-09-23,T3,T3,L40S,ALL,ALL,ALL,3M,market_intelligence,7,1.0900,1.0900,1.0900,median,1.0900,1.0900,1.0900,1.0900,1.0900,1.0900,1.0900,1,7,runpod_secure,10000.0,1,1,1,3,1,7,Low,Shadow,2026-09-17,2026-09-23,v2.4.0,direct,,,,,,,,
CRI-T3-L40S-ALL-ALL-3mo-US,2026-09-23,T3,T3,L40S,ALL,ALL,US,3M,market_intelligence,7,1.0900,1.0900,1.0900,median,1.0900,1.0900,1.0900,1.0900,1.0900,1.0900,1.0900,1,7,runpod_secure,10000.0,1,1,1,3,1,7,Low,Shadow,2026-09-17,2026-09-23,v2.4.0,direct,,,,,,,,
CRI-T3-L40S-ALL-ALL-6mo-ALL,2026-09-23,T3,T3,L40S,ALL,ALL,ALL,6M,market_intelligence,7,1.0900,1.0900,1.0900,median,1.0900,1.0900,1.0900,1.0900,1.0900,1.0900,1.0900,1,7,runpod_secure,10000.0,1,1,1,3,1,7,Low,Shadow,2026-09-17,2026-09-23,v2.4.0,direct,,,,,,,,
CRI-T3-L40S-ALL-ALL-6mo-US,2026-09-23,T3,T3,L40S,ALL,ALL,US,6M,market_intelligence,7,1.0900,1.0900,1.0900,median,1.0900,1.0900,1.0900,1.0900,1.0900,1.0900,1.0900,1,7,runpod_secure,10000.0,1,1,1,3,1,7,Low,Shadow,2026-09-17,2026-09-23,v2.4.0,direct,,,,,,,,
CRI-T3-L40S-ALL-ALL-OD-Other,2026-09-23,T3,T3,L40S,ALL,ALL,Other,OnDemand,citable,7,1.0568,0.9570,0.9570,median,1.1067,1.1067,0.8073,1.1067,0.8073,0.9570,1.0568,1,6,vast_ai,10000.0,1,1,1,2,1,6,Low,Shadow,2026-09-17,2026-09-23,v2.4.0,direct,,,,,,,,
CRI-T3-L40S-ALL-GTD-1yr-ALL,2026-09-23,T3,T3,L40S,ALL,GTD,ALL,1Y,market_intelligence,7,1.0900,1.0900,1.0900,median,1.0900,1.0900,1.0900,1.0900,1.0900,1.0900,1.0900,1,7,runpod_secure,10000.0,1,1,1,3,1,7,Low,Shadow,2026-09-17,2026-09-23,v2.4.0,direct,,,,,,,,
CRI-T3-L40S-ALL-GTD-1yr-US,2026-09-23,T3,T3,L40S,ALL,GTD,US,1Y,market_intelligence,7,1.0900,1.0900,1.0900,median,1.0900,1.0900,1.0900,1.0900,1.0900,1.0900,1.0900,1,7,runpod_secure,10000.0,1,1,1,3,1,7,Low,Shadow,2026-09-17,2026-09-23,v2.4.0,direct,,,,,,,,
CRI-T3-L40S-ALL-GTD-3mo-ALL,2026-09-23,T3,T3,L40S,ALL,GTD,ALL,3M,market_intelligence,7,1.0900,1.0900,1.0900,median,1.0900,1.0900,1.0900,1.0900,1.0900,1.0900,1.0900,1,7,runpod_secure,10000.0,1,1,1,3,1,7,Low,Shadow,2026-09-17,2026-09-23,v2.4.0,direct,,,,,,,,
CRI-T3-L40S-ALL-GTD-3mo-US,2026-09-23,T3,T3,L40S,ALL,GTD,US,3M,market_intelligence,7,1.0900,1.0900,1.0900,median,1.0900,1.0900,1.0900,1.0900,1.0900,1.0900,1.0900,1,7,runpod_secure,10000.0,1,1,1,3,1,7,Low,Shadow,2026-09-17,2026-09-23,v2.4.0,direct,,,,,,,,
CRI-T3-L40S-ALL-GTD-6mo-ALL,2026-09-23,T3,T3,L40S,ALL,GTD,ALL,6M,market_intelligence,7,1.0900,1.0900,1.0900,median,1.0900,1.0900,1.0900,1.0900,1.0900,1.0900,1.0900,1,7,runpod_secure,10000.0,1,1,1,3,1,7,Low,Shadow,2026-09-17,2026-09-23,v2.4.0,direct,,,,,,,,
CRI-T3-L40S-ALL-GTD-6mo-US,2026-09-23,T3,T3,L40S,ALL,GTD,US,6M,market_intelligence,7,1.0900,1.0900,1.0900,median,1.0900,1.0900,1.0900,1.0900,1.0900,1.0900,1.0900,1,7,runpod_secure,10000.0,1,1,1,3,1,7,Low,Shadow,2026-09-17,2026-09-23,v2.4.0,direct,,,,,,,,
CRI-T3-L40S-ALL-GTD-OD-Other,2026-09-23,T3,T3,L40S,ALL,GTD,Other,OnDemand,citable,7,1.0568,0.9570,0.9570,median,1.1067,1.1067,0.8073,1.1067,0.8073,0.9570,1.0568,1,6,vast_ai,10000.0,1,1,1,2,1,6,Low,Shadow,2026-09-17,2026-09-23,v2.4.0,direct,,,,,,,,
CRI-T3-L40S-ALL-INT-OD-ALL,2026-09-23,T3,T3,L40S,ALL,INT,ALL,OnDemand,citable,7,2.0250,2.0250,2.0250,median,2.0250,2.0250,2.0250,2.0250,2.0250,2.0250,2.0250,1,7,spheron,10000.0,1,1,1,3,1,7,Low,Shadow,2026-09-17,2026-09-23,v2.4.0,direct,,,,,,,,
CRI-T3-L40S-ALL-INT-OD-EU,2026-09-23,T3,T3,L40S,ALL,INT,EU,OnDemand,citable,7,2.0250,2.0250,2.0250,median,2.0250,2.0250,2.0250,2.0250,2.0250,2.0250,2.0250,1,7,spheron,10000.0,1,1,1,3,1,7,Low,Shadow,2026-09-17,2026-09-23,v2.4.0,direct,,,,,,,,
CRI-T3-L40S-PCIe-ALL-1yr-ALL,2026-09-23,T3,T3,L40S,PCIe,ALL,ALL,1Y,market_intelligence,7,1.0900,1.0900,1.0900,median,1.0900,1.0900,1.0900,1.0900,1.0900,1.0900,1.0900,1,7,runpod_secure,10000.0,1,1,1,3,1,7,Low,Shadow,2026-09-17,2026-09-23,v2.4.0,direct,,,,,,,,
CRI-T3-L40S-PCIe-ALL-1yr-US,2026-09-23,T3,T3,L40S,PCIe,ALL,US,1Y,market_intelligence,7,1.0900,1.0900,1.0900,median,1.0900,1.0900,1.0900,1.0900,1.0900,1.0900,1.0900,1,7,runpod_secure,10000.0,1,1,1,3,1,7,Low,Shadow,2026-09-17,2026-09-23,v2.4.0,direct,,,,,,,,
CRI-T3-L40S-PCIe-ALL-3mo-ALL,2026-09-23,T3,T3,L40S,PCIe,ALL,ALL,3M,market_intelligence,7,1.0900,1.0900,1.0900,median,1.0900,1.0900,1.0900,1.0900,1.0900,1.0900,1.0900,1,7,runpod_secure,10000.0,1,1,1,3,1,7,Low,Shadow,2026-09-17,2026-09-23,v2.4.0,direct,,,,,,,,
CRI-T3-L40S-PCIe-ALL-3mo-US,2026-09-23,T3,T3,L40S,PCIe,ALL,US,3M,market_intelligence,7,1.0900,1.0900,1.0900,median,1.0900,1.0900,1.0900,1.0900,1.0900,1.0900,1.0900,1,7,runpod_secure,10000.0,1,1,1,3,1,7,Low,Shadow,2026-09-17,2026-09-23,v2.4.0,direct,,,,,,,,
CRI-T3-L40S-PCIe-ALL-6mo-ALL,2026-09-23,T3,T3,L40S,PCIe,ALL,ALL,6M,market_intelligence,7,1.0900,1.0900,1.0900,median,1.0900,1.0900,1.0900,1.0900,1.0900,1.0900,1.0900,1,7,runpod_secure,10000.0,1,1,1,3,1,7,Low,Shadow,2026-09-17,2026-09-23,v2.4.0,direct,,,,,,,,
CRI-T3-L40S-PCIe-ALL-6mo-US,2026-09-23,T3,T3,L40S,PCIe,ALL,US,6M,market_intelligence,7,1.0900,1.0900,1.0900,median,1.0900,1.0900,1.0900,1.0900,1.0900,1.0900,1.0900,1,7,runpod_secure,10000.0,1,1,1,3,1,7,Low,Shadow,2026-09-17,2026-09-23,v2.4.0,direct,,,,,,,,
CRI-T3-L40S-PCIe-GTD-1yr-ALL,2026-09-23,T3,T3,L40S,PCIe,GTD,ALL,1Y,market_intelligence,7,1.0900,1.0900,1.0900,median,1.0900,1.0900,1.0900,1.0900,1.0900,1.0900,1.0900,1,7,runpod_secure,10000.0,1,1,1,3,1,7,Low,Shadow,2026-09-17,2026-09-23,v2.4.0,direct,,,,,,,,
CRI-T3-L40S-PCIe-GTD-1yr-US,2026-09-23,T3,T3,L40S,PCIe,GTD,US,1Y,market_intelligence,7,1.0900,1.0900,1.0900,median,1.0900,1.0900,1.0900,1.0900,1.0900,1.0900,1.0900,1,7,runpod_secure,10000.0,1,1,1,3,1,7,Low,Shadow,2026-09-17,2026-09-23,v2.4.0,direct,,,,,,,,
CRI-T3-L40S-PCIe-GTD-3mo-ALL,2026-09-23,T3,T3,L40S,PCIe,GTD,ALL,3M,market_intelligence,7,1.0900,1.0900,1.0900,median,1.0900,1.0900,1.0900,1.0900,1.0900,1.0900,1.0900,1,7,runpod_secure,10000.0,1,1,1,3,1,7,Low,Shadow,2026-09-17,2026-09-23,v2.4.0,direct,,,,,,,,
CRI-T3-L40S-PCIe-GTD-3mo-US,2026-09-23,T3,T3,L40S,PCIe,GTD,US,3M,market_intelligence,7,1.0900,1.0900,1.0900,median,1.0900,1.0900,1.0900,1.0900,1.0900,1.0900,1.0900,1,7,runpod_secure,10000.0,1,1,1,3,1,7,Low,Shadow,2026-09-17,2026-09-23,v2.4.0,direct,,,,,,,,
CRI-T3-L40S-PCIe-GTD-6mo-ALL,2026-09-23,T3,T3,L40S,PCIe,GTD,ALL,6M,market_intelligence,7,1.0900,1.0900,1.0900,median,1.0900,1.0900,1.0900,1.0900,1.0900,1.0900,1.0900,1,7,runpod_secure,10000.0,1,1,1,3,1,7,Low,Shadow,2026-09-17,2026-09-23,v2.4.0,direct,,,,,,,,
CRI-T3-L40S-PCIe-GTD-6mo-US,2026-09-23,T3,T3,L40S,PCIe,GTD,US,6M,market_intelligence,7,1.0900,1.0900,1.0900,median,1.0900,1.0900,1.0900,1.0900,1.0900,1.0900,1.0900,1,7,runpod_secure,10000.0,1,1,1,3,1,7,Low,Shadow,2026-09-17,2026-09-23,v2.4.0,direct,,,,,,,,
CRI-T3-L40S-PCIe-INT-OD-ALL,2026-09-23,T3,T3,L40S,PCIe,INT,ALL,OnDemand,citable,7,2.0250,2.0250,2.0250,median,2.0250,2.0250,2.0250,2.0250,2.0250,2.0250,2.0250,1,7,spheron,10000.0,1,1,1,3,1,7,Low,Shadow,2026-09-17,2026-09-23,v2.4.0,direct,,,,,,,,
CRI-T3-L40S-PCIe-INT-OD-EU,2026-09-23,T3,T3,L40S,PCIe,INT,EU,OnDemand,citable,7,2.0250,2.0250,2.0250,median,2.0250,2.0250,2.0250,2.0250,2.0250,2.0250,2.0250,1,7,spheron,10000.0,1,1,1,3,1,7,Low,Shadow,2026-09-17,2026-09-23,v2.4.0,direct,,,,,,,,
CRI-T3-MI300X-ALL-ALL-1yr-ALL,2026-09-23,T3,T3,MI300X,ALL,ALL,ALL,1Y,market_intelligence,7,2.3900,2.3900,2.3900,median,2.3900,2.3900,2.3900,2.3900,2.3900,2.3900,2.3900,1,7,runpod_secure,10000.0,1,1,1,3,1,7,Low,Shadow,2026-09-17,2026-09-23,v2.4.0,direct,,,,,,,,
CRI-T3-MI300X-ALL-ALL-1yr-US,2026-09-23,T3,T3,MI300X,ALL,ALL,US,1Y,market_intelligence,7,2.3900,2.3900,2.3900,median,2.3900,2.3900,2.3900,2.3900,2.3900,2.3900,2.3900,1,7,runpod_secure,10000.0,1,1,1,3,1,7,Low,Shadow,2026-09-17,2026-09-23,v2.4.0,direct,,,,,,,,
CRI-T3-MI300X-ALL-ALL-3mo-ALL,2026-09-23,T3,T3,MI300X,ALL,ALL,ALL,3M,market_intelligence,7,2.3900,2.3900,2.3900,median,2.3900,2.3900,2.3900,2.3900,2.3900,2.3900,2.3900,1,7,runpod_secure,10000.0,1,1,1,3,1,7,Low,Shadow,2026-09-17,2026-09-23,v2.4.0,direct,,,,,,,,
CRI-T3-MI300X-ALL-ALL-3mo-US,2026-09-23,T3,T3,MI300X,ALL,ALL,US,3M,market_intelligence,7,2.3900,2.3900,2.3900,median,2.3900,2.3900,2.3900,2.3900,2.3900,2.3900,2.3900,1,7,runpod_secure,10000.0,1,1,1,3,1,7,Low,Shadow,2026-09-17,2026-09-23,v2.4.0,direct,,,,,,,,
CRI-T3-MI300X-ALL-ALL-6mo-ALL,2026-09-23,T3,T3,MI300X,ALL,ALL,ALL,6M,market_intelligence,7,2.3900,2.3900,2.3900,median,2.3900,2.3900,2.3900,2.3900,2.3900,2.3900,2.3900,1,7,runpod_secure,10000.0,1,1,1,3,1,7,Low,Shadow,2026-09-17,2026-09-23,v2.4.0,direct,,,,,,,,
CRI-T3-MI300X-ALL-ALL-6mo-US,2026-09-23,T3,T3,MI300X,ALL,ALL,US,6M,market_intelligence,7,2.3900,2.3900,2.3900,median,2.3900,2.3900,2.3900,2.3900,2.3900,2.3900,2.3900,1,7,runpod_secure,10000.0,1,1,1,3,1,7,Low,Shadow,2026-09-17,2026-09-23,v2.4.0,direct,,,,,,,,
CRI-T3-MI300X-ALL-ALL-OD-ALL,2026-09-23,T3,T3,MI300X,ALL,ALL,ALL,OnDemand,citable,7,2.3900,2.3900,2.3900,median,2.3900,2.3900,2.3900,2.3900,2.3900,2.3900,2.3900,1,13,runpod_secure,10000.0,1,1,1,5,1,13,Low,Shadow,2026-09-17,2026-09-23,v2.4.0,direct,,,,,,,,
CRI-T3-MI300X-ALL-ALL-OD-EU,2026-09-23,T3,T3,MI300X,ALL,ALL,EU,OnDemand,citable,7,2.3900,2.3900,2.3900,median,2.3900,2.3900,2.3900,2.3900,,2.3900,2.3900,1,6,runpod_secure,10000.0,,,1,2,1,6,Low,Shadow,2026-09-17,2026-09-23,v2.4.0,direct,,,,,,,,
CRI-T3-MI300X-ALL-ALL-OD-US,2026-09-23,T3,T3,MI300X,ALL,ALL,US,OnDemand,citable,7,2.3900,2.3900,2.3900,median,2.3900,2.3900,2.3900,2.3900,2.3900,2.3900,2.3900,1,7,runpod_secure,10000.0,1,1,1,3,1,7,Low,Shadow,2026-09-17,2026-09-23,v2.4.0,direct,,,,,,,,
CRI-T3-MI300X-ALL-GTD-1yr-ALL,2026-09-23,T3,T3,MI300X,ALL,GTD,ALL,1Y,market_intelligence,7,2.3900,2.3900,2.3900,median,2.3900,2.3900,2.3900,2.3900,2.3900,2.3900,2.3900,1,7,runpod_secure,10000.0,1,1,1,3,1,7,Low,Shadow,2026-09-17,2026-09-23,v2.4.0,direct,,,,,,,,
CRI-T3-MI300X-ALL-GTD-1yr-US,2026-09-23,T3,T3,MI300X,ALL,GTD,US,1Y,market_intelligence,7,2.3900,2.3900,2.3900,median,2.3900,2.3900,2.3900,2.3900,2.3900,2.3900,2.3900,1,7,runpod_secure,10000.0,1,1,1,3,1,7,Low,Shadow,2026-09-17,2026-09-23,v2.4.0,direct,,,,,,,,
CRI-T3-MI300X-ALL-GTD-3mo-ALL,2026-09-23,T3,T3,MI300X,ALL,GTD,ALL,3M,market_intelligence,7,2.3900,2.3900,2.3900,median,2.3900,2.3900,2.3900,2.3900,2.3900,2.3900,2.3900,1,7,runpod_secure,10000.0,1,1,1,3,1,7,Low,Shadow,2026-09-17,2026-09-23,v2.4.0,direct,,,,,,,,
CRI-T3-MI300X-ALL-GTD-3mo-US,2026-09-23,T3,T3,MI300X,ALL,GTD,US,3M,market_intelligence,7,2.3900,2.3900,2.3900,median,2.3900,2.3900,2.3900,2.3900,2.3900,2.3900,2.3900,1,7,runpod_secure,10000.0,1,1,1,3,1,7,Low,Shadow,2026-09-17,2026-09-23,v2.4.0,direct,,,,,,,,
CRI-T3-MI300X-ALL-GTD-6mo-ALL,2026-09-23,T3,T3,MI300X,ALL,GTD,ALL,6M,market_intelligence,7,2.3900,2.3900,2.3900,median,2.3900,2.3900,2.3900,2.3900,2.3900,2.3900,2.3900,1,7,runpod_secure,10000.0,1,1,1,3,1,7,Low,Shadow,2026-09-17,2026-09-23,v2.4.0,direct,,,,,,,,
CRI-T3-MI300X-ALL-GTD-6mo-US,2026-09-23,T3,T3,MI300X,ALL,GTD,US,6M,market_intelligence,7,2.3900,2.3900,2.3900,median,2.3900,2.3900,2.3900,2.3900,2.3900,2.3900,2.3900,1,7,runpod_secure,10000.0,1,1,1,3,1,7,Low,Shadow,2026-09-17,2026-09-23,v2.4.0,direct,,,,,,,,
CRI-T3-MI300X-ALL-GTD-OD-ALL,2026-09-23,T3,T3,MI300X,ALL,GTD,ALL,OnDemand,citable,7,2.3900,2.3900,2.3900,median,2.3900,2.3900,2.3900,2.3900,2.3900,2.3900,2.3900,1,13,runpod_secure,10000.0,1,1,1,5,1,13,Low,Shadow,2026-09-17,2026-09-23,v2.4.0,direct,,,,,,,,
CRI-T3-MI300X-ALL-GTD-OD-EU,2026-09-23,T3,T3,MI300X,ALL,GTD,EU,OnDemand,citable,7,2.3900,2.3900,2.3900,median,2.3900,2.3900,2.3900,2.3900,,2.3900,2.3900,1,6,runpod_secure,10000.0,,,1,2,1,6,Low,Shadow,2026-09-17,2026-09-23,v2.4.0,direct,,,,,,,,
CRI-T3-MI300X-ALL-GTD-OD-US,2026-09-23,T3,T3,MI300X,ALL,GTD,US,OnDemand,citable,7,2.3900,2.3900,2.3900,median,2.3900,2.3900,2.3900,2.3900,2.3900,2.3900,2.3900,1,7,runpod_secure,10000.0,1,1,1,3,1,7,Low,Shadow,2026-09-17,2026-09-23,v2.4.0,direct,,,,,,,,
CRI-T3-MI300X-OAM-ALL-1yr-ALL,2026-09-23,T3,T3,MI300X,OAM,ALL,ALL,1Y,market_intelligence,7,2.3900,2.3900,2.3900,median,2.3900,2.3900,2.3900,2.3900,2.3900,2.3900,2.3900,1,7,runpod_secure,10000.0,1,1,1,3,1,7,Low,Shadow,2026-09-17,2026-09-23,v2.4.0,direct,,,,,,,,
CRI-T3-MI300X-OAM-ALL-1yr-US,2026-09-23,T3,T3,MI300X,OAM,ALL,US,1Y,market_intelligence,7,2.3900,2.3900,2.3900,median,2.3900,2.3900,2.3900,2.3900,2.3900,2.3900,2.3900,1,7,runpod_secure,10000.0,1,1,1,3,1,7,Low,Shadow,2026-09-17,2026-09-23,v2.4.0,direct,,,,,,,,
CRI-T3-MI300X-OAM-ALL-3mo-ALL,2026-09-23,T3,T3,MI300X,OAM,ALL,ALL,3M,market_intelligence,7,2.3900,2.3900,2.3900,median,2.3900,2.3900,2.3900,2.3900,2.3900,2.3900,2.3900,1,7,runpod_secure,10000.0,1,1,1,3,1,7,Low,Shadow,2026-09-17,2026-09-23,v2.4.0,direct,,,,,,,,
CRI-T3-MI300X-OAM-ALL-3mo-US,2026-09-23,T3,T3,MI300X,OAM,ALL,US,3M,market_intelligence,7,2.3900,2.3900,2.3900,median,2.3900,2.3900,2.3900,2.3900,2.3900,2.3900,2.3900,1,7,runpod_secure,10000.0,1,1,1,3,1,7,Low,Shadow,2026-09-17,2026-09-23,v2.4.0,direct,,,,,,,,
CRI-T3-MI300X-OAM-ALL-6mo-ALL,2026-09-23,T3,T3,MI300X,OAM,ALL,ALL,6M,market_intelligence,7,2.3900,2.3900,2.3900,median,2.3900,2.3900,2.3900,2.3900,2.3900,2.3900,2.3900,1,7,runpod_secure,10000.0,1,1,1,3,1,7,Low,Shadow,2026-09-17,2026-09-23,v2.4.0,direct,,,,,,,,
CRI-T3-MI300X-OAM-ALL-6mo-US,2026-09-23,T3,T3,MI300X,OAM,ALL,US,6M,market_intelligence,7,2.3900,2.3900,2.3900,median,2.3900,2.3900,2.3900,2.3900,2.3900,2.3900,2.3900,1,7,runpod_secure,10000.0,1,1,1,3,1,7,Low,Shadow,2026-09-17,2026-09-23,v2.4.0,direct,,,,,,,,
CRI-T3-MI300X-OAM-ALL-OD-ALL,2026-09-23,T3,T3,MI300X,OAM,ALL,ALL,OnDemand,citable,7,2.3900,2.3900,2.3900,median,2.3900,2.3900,2.3900,2.3900,2.3900,2.3900,2.3900,1,13,runpod_secure,10000.0,1,1,1,5,1,13,Low,Shadow,2026-09-17,2026-09-23,v2.4.0,direct,,,,,,,,
CRI-T3-MI300X-OAM-ALL-OD-EU,2026-09-23,T3,T3,MI300X,OAM,ALL,EU,OnDemand,citable,7,2.3900,2.3900,2.3900,median,2.3900,2.3900,2.3900,2.3900,,2.3900,2.3900,1,6,runpod_secure,10000.0,,,1,2,1,6,Low,Shadow,2026-09-17,2026-09-23,v2.4.0,direct,,,,,,,,
CRI-T3-MI300X-OAM-ALL-OD-US,2026-09-23,T3,T3,MI300X,OAM,ALL,US,OnDemand,citable,7,2.3900,2.3900,2.3900,median,2.3900,2.3900,2.3900,2.3900,2.3900,2.3900,2.3900,1,7,runpod_secure,10000.0,1,1,1,3,1,7,Low,Shadow,2026-09-17,2026-09-23,v2.4.0,direct,,,,,,,,
CRI-T3-MI300X-OAM-GTD-1yr-ALL,2026-09-23,T3,T3,MI300X,OAM,GTD,ALL,1Y,market_intelligence,7,2.3900,2.3900,2.3900,median,2.3900,2.3900,2.3900,2.3900,2.3900,2.3900,2.3900,1,7,runpod_secure,10000.0,1,1,1,3,1,7,Low,Shadow,2026-09-17,2026-09-23,v2.4.0,direct,,,,,,,,
CRI-T3-MI300X-OAM-GTD-1yr-US,2026-09-23,T3,T3,MI300X,OAM,GTD,US,1Y,market_intelligence,7,2.3900,2.3900,2.3900,median,2.3900,2.3900,2.3900,2.3900,2.3900,2.3900,2.3900,1,7,runpod_secure,10000.0,1,1,1,3,1,7,Low,Shadow,2026-09-17,2026-09-23,v2.4.0,direct,,,,,,,,
CRI-T3-MI300X-OAM-GTD-3mo-ALL,2026-09-23,T3,T3,MI300X,OAM,GTD,ALL,3M,market_intelligence,7,2.3900,2.3900,2.3900,median,2.3900,2.3900,2.3900,2.3900,2.3900,2.3900,2.3900,1,7,runpod_secure,10000.0,1,1,1,3,1,7,Low,Shadow,2026-09-17,2026-09-23,v2.4.0,direct,,,,,,,,
CRI-T3-MI300X-OAM-GTD-3mo-US,2026-09-23,T3,T3,MI300X,OAM,GTD,US,3M,market_intelligence,7,2.3900,2.3900,2.3900,median,2.3900,2.3900,2.3900,2.3900,2.3900,2.3900,2.3900,1,7,runpod_secure,10000.0,1,1,1,3,1,7,Low,Shadow,2026-09-17,2026-09-23,v2.4.0,direct,,,,,,,,
CRI-T3-MI300X-OAM-GTD-6mo-ALL,2026-09-23,T3,T3,MI300X,OAM,GTD,ALL,6M,market_intelligence,7,2.3900,2.3900,2.3900,median,2.3900,2.3900,2.3900,2.3900,2.3900,2.3900,2.3900,1,7,runpod_secure,10000.0,1,1,1,3,1,7,Low,Shadow,2026-09-17,2026-09-23,v2.4.0,direct,,,,,,,,
CRI-T3-MI300X-OAM-GTD-6mo-US,2026-09-23,T3,T3,MI300X,OAM,GTD,US,6M,market_intelligence,7,2.3900,2.3900,2.3900,median,2.3900,2.3900,2.3900,2.3900,2.3900,2.3900,2.3900,1,7,runpod_secure,10000.0,1,1,1,3,1,7,Low,Shadow,2026-09-17,2026-09-23,v2.4.0,direct,,,,,,,,
CRI-T3-MI300X-OAM-GTD-OD-ALL,2026-09-23,T3,T3,MI300X,OAM,GTD,ALL,OnDemand,citable,7,2.3900,2.3900,2.3900,median,2.3900,2.3900,2.3900,2.3900,2.3900,2.3900,2.3900,1,13,runpod_secure,10000.0,1,1,1,5,1,13,Low,Shadow,2026-09-17,2026-09-23,v2.4.0,direct,,,,,,,,
CRI-T3-MI300X-OAM-GTD-OD-EU,2026-09-23,T3,T3,MI300X,OAM,GTD,EU,OnDemand,citable,7,2.3900,2.3900,2.3900,median,2.3900,2.3900,2.3900,2.3900,,2.3900,2.3900,1,6,runpod_secure,10000.0,,,1,2,1,6,Low,Shadow,2026-09-17,2026-09-23,v2.4.0,direct,,,,,,,,
CRI-T3-MI300X-OAM-GTD-OD-US,2026-09-23,T3,T3,MI300X,OAM,GTD,US,OnDemand,citable,7,2.3900,2.3900,2.3900,median,2.3900,2.3900,2.3900,2.3900,2.3900,2.3900,2.3900,1,7,runpod_secure,10000.0,1,1,1,3,1,7,Low,Shadow,2026-09-17,2026-09-23,v2.4.0,direct,,,,,,,,
CRI-T3-RTX-6000-Ada-ALL-ALL-1yr-ALL,2026-09-23,T3,T3,RTX6000Ada,ALL,ALL,ALL,1Y,market_intelligence,7,0.8400,0.8400,0.8400,median,0.8400,0.8400,0.8400,0.8400,0.8400,0.8400,0.8400,1,7,runpod_secure,10000.0,1,1,1,3,1,7,Low,Shadow,2026-09-17,2026-09-23,v2.4.0,direct,,,,,,,,
CRI-T3-RTX-6000-Ada-ALL-ALL-1yr-US,2026-09-23,T3,T3,RTX6000Ada,ALL,ALL,US,1Y,market_intelligence,7,0.8400,0.8400,0.8400,median,0.8400,0.8400,0.8400,0.8400,0.8400,0.8400,0.8400,1,7,runpod_secure,10000.0,1,1,1,3,1,7,Low,Shadow,2026-09-17,2026-09-23,v2.4.0,direct,,,,,,,,
CRI-T3-RTX-6000-Ada-ALL-ALL-3mo-ALL,2026-09-23,T3,T3,RTX6000Ada,ALL,ALL,ALL,3M,market_intelligence,7,0.8400,0.8400,0.8400,median,0.8400,0.8400,0.8400,0.8400,0.8400,0.8400,0.8400,1,7,runpod_secure,10000.0,1,1,1,3,1,7,Low,Shadow,2026-09-17,2026-09-23,v2.4.0,direct,,,,,,,,
CRI-T3-RTX-6000-Ada-ALL-ALL-3mo-US,2026-09-23,T3,T3,RTX6000Ada,ALL,ALL,US,3M,market_intelligence,7,0.8400,0.8400,0.8400,median,0.8400,0.8400,0.8400,0.8400,0.8400,0.8400,0.8400,1,7,runpod_secure,10000.0,1,1,1,3,1,7,Low,Shadow,2026-09-17,2026-09-23,v2.4.0,direct,,,,,,,,
CRI-T3-RTX-6000-Ada-ALL-ALL-6mo-ALL,2026-09-23,T3,T3,RTX6000Ada,ALL,ALL,ALL,6M,market_intelligence,7,0.8400,0.8400,0.8400,median,0.8400,0.8400,0.8400,0.8400,0.8400,0.8400,0.8400,1,7,runpod_secure,10000.0,1,1,1,3,1,7,Low,Shadow,2026-09-17,2026-09-23,v2.4.0,direct,,,,,,,,
CRI-T3-RTX-6000-Ada-ALL-ALL-6mo-US,2026-09-23,T3,T3,RTX6000Ada,ALL,ALL,US,6M,market_intelligence,7,0.8400,0.8400,0.8400,median,0.8400,0.8400,0.8400,0.8400,0.8400,0.8400,0.8400,1,7,runpod_secure,10000.0,1,1,1,3,1,7,Low,Shadow,2026-09-17,2026-09-23,v2.4.0,direct,,,,,,,,
CRI-T3-RTX-6000-Ada-ALL-ALL-OD-APAC,2026-09-23,T3,T3,RTX6000Ada,ALL,ALL,APAC,OnDemand,citable,7,0.6230,0.6000,0.6000,median,0.5400,0.7067,0.4800,0.8000,0.4800,0.5947,0.6230,1,11,vast_ai,10000.0,1,1,1,5,1,11,Low,Shadow,2026-09-17,2026-09-23,v2.4.0,direct,,,,,,,,
CRI-T3-RTX-6000-Ada-ALL-ALL-OD-EU,2026-09-23,T3,T3,RTX6000Ada,ALL,ALL,EU,OnDemand,citable,7,0.5940,0.6467,0.6467,median,0.4533,0.8000,0.3867,0.8000,0.5600,0.6059,0.5940,1,20,vast_ai,10000.0,1,3,1,9,1,20,Low,Shadow,2026-09-17,2026-09-23,v2.4.0,direct,,,,,,,,
CRI-T3-RTX-6000-Ada-ALL-ALL-OD-Other,2026-09-23,T3,T3,RTX6000Ada,ALL,ALL,Other,OnDemand,citable,7,0.7670,0.7600,0.7600,median,0.7469,0.7882,0.7253,0.8137,0.7253,0.7397,0.7670,1,7,vast_ai,10000.0,1,1,1,3,1,7,Low,Shadow,2026-09-17,2026-09-23,v2.4.0,direct,,,,,,,,
CRI-T3-RTX-6000-Ada-ALL-GTD-1yr-ALL,2026-09-23,T3,T3,RTX6000Ada,ALL,GTD,ALL,1Y,market_intelligence,7,0.8400,0.8400,0.8400,median,0.8400,0.8400,0.8400,0.8400,0.8400,0.8400,0.8400,1,7,runpod_secure,10000.0,1,1,1,3,1,7,Low,Shadow,2026-09-17,2026-09-23,v2.4.0,direct,,,,,,,,
CRI-T3-RTX-6000-Ada-ALL-GTD-1yr-US,2026-09-23,T3,T3,RTX6000Ada,ALL,GTD,US,1Y,market_intelligence,7,0.8400,0.8400,0.8400,median,0.8400,0.8400,0.8400,0.8400,0.8400,0.8400,0.8400,1,7,runpod_secure,10000.0,1,1,1,3,1,7,Low,Shadow,2026-09-17,2026-09-23,v2.4.0,direct,,,,,,,,
CRI-T3-RTX-6000-Ada-ALL-GTD-3mo-ALL,2026-09-23,T3,T3,RTX6000Ada,ALL,GTD,ALL,3M,market_intelligence,7,0.8400,0.8400,0.8400,median,0.8400,0.8400,0.8400,0.8400,0.8400,0.8400,0.8400,1,7,runpod_secure,10000.0,1,1,1,3,1,7,Low,Shadow,2026-09-17,2026-09-23,v2.4.0,direct,,,,,,,,
CRI-T3-RTX-6000-Ada-ALL-GTD-3mo-US,2026-09-23,T3,T3,RTX6000Ada,ALL,GTD,US,3M,market_intelligence,7,0.8400,0.8400,0.8400,median,0.8400,0.8400,0.8400,0.8400,0.8400,0.8400,0.8400,1,7,runpod_secure,10000.0,1,1,1,3,1,7,Low,Shadow,2026-09-17,2026-09-23,v2.4.0,direct,,,,,,,,
CRI-T3-RTX-6000-Ada-ALL-GTD-6mo-ALL,2026-09-23,T3,T3,RTX6000Ada,ALL,GTD,ALL,6M,market_intelligence,7,0.8400,0.8400,0.8400,median,0.8400,0.8400,0.8400,0.8400,0.8400,0.8400,0.8400,1,7,runpod_secure,10000.0,1,1,1,3,1,7,Low,Shadow,2026-09-17,2026-09-23,v2.4.0,direct,,,,,,,,
CRI-T3-RTX-6000-Ada-ALL-GTD-6mo-US,2026-09-23,T3,T3,RTX6000Ada,ALL,GTD,US,6M,market_intelligence,7,0.8400,0.8400,0.8400,median,0.8400,0.8400,0.8400,0.8400,0.8400,0.8400,0.8400,1,7,runpod_secure,10000.0,1,1,1,3,1,7,Low,Shadow,2026-09-17,2026-09-23,v2.4.0,direct,,,,,,,,
CRI-T3-RTX-6000-Ada-ALL-GTD-OD-APAC,2026-09-23,T3,T3,RTX6000Ada,ALL,GTD,APAC,OnDemand,citable,7,0.6230,0.6000,0.6000,median,0.5400,0.7067,0.4800,0.8000,0.4800,0.5947,0.6230,1,11,vast_ai,10000.0,1,1,1,5,1,11,Low,Shadow,2026-09-17,2026-09-23,v2.4.0,direct,,,,,,,,
CRI-T3-RTX-6000-Ada-ALL-GTD-OD-EU,2026-09-23,T3,T3,RTX6000Ada,ALL,GTD,EU,OnDemand,citable,7,0.5940,0.6467,0.6467,median,0.4533,0.8000,0.3867,0.8000,0.5600,0.6059,0.5940,1,20,vast_ai,10000.0,1,3,1,9,1,20,Low,Shadow,2026-09-17,2026-09-23,v2.4.0,direct,,,,,,,,
CRI-T3-RTX-6000-Ada-ALL-GTD-OD-Other,2026-09-23,T3,T3,RTX6000Ada,ALL,GTD,Other,OnDemand,citable,7,0.7670,0.7600,0.7600,median,0.7469,0.7882,0.7253,0.8137,0.7253,0.7397,0.7670,1,7,vast_ai,10000.0,1,1,1,3,1,7,Low,Shadow,2026-09-17,2026-09-23,v2.4.0,direct,,,,,,,,
CRI-T3-RTX-6000-Ada-PCIe-ALL-1yr-ALL,2026-09-23,T3,T3,RTX6000Ada,PCIe,ALL,ALL,1Y,market_intelligence,7,0.8400,0.8400,0.8400,median,0.8400,0.8400,0.8400,0.8400,0.8400,0.8400,0.8400,1,7,runpod_secure,10000.0,1,1,1,3,1,7,Low,Shadow,2026-09-17,2026-09-23,v2.4.0,direct,,,,,,,,
CRI-T3-RTX-6000-Ada-PCIe-ALL-1yr-US,2026-09-23,T3,T3,RTX6000Ada,PCIe,ALL,US,1Y,market_intelligence,7,0.8400,0.8400,0.8400,median,0.8400,0.8400,0.8400,0.8400,0.8400,0.8400,0.8400,1,7,runpod_secure,10000.0,1,1,1,3,1,7,Low,Shadow,2026-09-17,2026-09-23,v2.4.0,direct,,,,,,,,
CRI-T3-RTX-6000-Ada-PCIe-ALL-3mo-ALL,2026-09-23,T3,T3,RTX6000Ada,PCIe,ALL,ALL,3M,market_intelligence,7,0.8400,0.8400,0.8400,median,0.8400,0.8400,0.8400,0.8400,0.8400,0.8400,0.8400,1,7,runpod_secure,10000.0,1,1,1,3,1,7,Low,Shadow,2026-09-17,2026-09-23,v2.4.0,direct,,,,,,,,
CRI-T3-RTX-6000-Ada-PCIe-ALL-3mo-US,2026-09-23,T3,T3,RTX6000Ada,PCIe,ALL,US,3M,market_intelligence,7,0.8400,0.8400,0.8400,median,0.8400,0.8400,0.8400,0.8400,0.8400,0.8400,0.8400,1,7,runpod_secure,10000.0,1,1,1,3,1,7,Low,Shadow,2026-09-17,2026-09-23,v2.4.0,direct,,,,,,,,
CRI-T3-RTX-6000-Ada-PCIe-ALL-6mo-ALL,2026-09-23,T3,T3,RTX6000Ada,PCIe,ALL,ALL,6M,market_intelligence,7,0.8400,0.8400,0.8400,median,0.8400,0.8400,0.8400,0.8400,0.8400,0.8400,0.8400,1,7,runpod_secure,10000.0,1,1,1,3,1,7,Low,Shadow,2026-09-17,2026-09-23,v2.4.0,direct,,,,,,,,
CRI-T3-RTX-6000-Ada-PCIe-ALL-6mo-US,2026-09-23,T3,T3,RTX6000Ada,PCIe,ALL,US,6M,market_intelligence,7,0.8400,0.8400,0.8400,median,0.8400,0.8400,0.8400,0.8400,0.8400,0.8400,0.8400,1,7,runpod_secure,10000.0,1,1,1,3,1,7,Low,Shadow,2026-09-17,2026-09-23,v2.4.0,direct,,,,,,,,
CRI-T3-RTX-6000-Ada-PCIe-ALL-OD-EU,2026-09-23,T3,T3,RTX6000Ada,PCIe,ALL,EU,OnDemand,citable,7,0.5940,0.6467,0.6467,median,0.4533,0.8000,0.3867,0.8000,0.5600,0.6059,0.5940,1,20,vast_ai,10000.0,1,3,1,9,1,20,Low,Shadow,2026-09-17,2026-09-23,v2.4.0,direct,,,,,,,,
CRI-T3-RTX-6000-Ada-PCIe-GTD-1yr-ALL,2026-09-23,T3,T3,RTX6000Ada,PCIe,GTD,ALL,1Y,market_intelligence,7,0.8400,0.8400,0.8400,median,0.8400,0.8400,0.8400,0.8400,0.8400,0.8400,0.8400,1,7,runpod_secure,10000.0,1,1,1,3,1,7,Low,Shadow,2026-09-17,2026-09-23,v2.4.0,direct,,,,,,,,
CRI-T3-RTX-6000-Ada-PCIe-GTD-1yr-US,2026-09-23,T3,T3,RTX6000Ada,PCIe,GTD,US,1Y,market_intelligence,7,0.8400,0.8400,0.8400,median,0.8400,0.8400,0.8400,0.8400,0.8400,0.8400,0.8400,1,7,runpod_secure,10000.0,1,1,1,3,1,7,Low,Shadow,2026-09-17,2026-09-23,v2.4.0,direct,,,,,,,,
CRI-T3-RTX-6000-Ada-PCIe-GTD-3mo-ALL,2026-09-23,T3,T3,RTX6000Ada,PCIe,GTD,ALL,3M,market_intelligence,7,0.8400,0.8400,0.8400,median,0.8400,0.8400,0.8400,0.8400,0.8400,0.8400,0.8400,1,7,runpod_secure,10000.0,1,1,1,3,1,7,Low,Shadow,2026-09-17,2026-09-23,v2.4.0,direct,,,,,,,,
CRI-T3-RTX-6000-Ada-PCIe-GTD-3mo-US,2026-09-23,T3,T3,RTX6000Ada,PCIe,GTD,US,3M,market_intelligence,7,0.8400,0.8400,0.8400,median,0.8400,0.8400,0.8400,0.8400,0.8400,0.8400,0.8400,1,7,runpod_secure,10000.0,1,1,1,3,1,7,Low,Shadow,2026-09-17,2026-09-23,v2.4.0,direct,,,,,,,,
CRI-T3-RTX-6000-Ada-PCIe-GTD-6mo-ALL,2026-09-23,T3,T3,RTX6000Ada,PCIe,GTD,ALL,6M,market_intelligence,7,0.8400,0.8400,0.8400,median,0.8400,0.8400,0.8400,0.8400,0.8400,0.8400,0.8400,1,7,runpod_secure,10000.0,1,1,1,3,1,7,Low,Shadow,2026-09-17,2026-09-23,v2.4.0,direct,,,,,,,,
CRI-T3-RTX-6000-Ada-PCIe-GTD-6mo-US,2026-09-23,T3,T3,RTX6000Ada,PCIe,GTD,US,6M,market_intelligence,7,0.8400,0.8400,0.8400,median,0.8400,0.8400,0.8400,0.8400,0.8400,0.8400,0.8400,1,7,runpod_secure,10000.0,1,1,1,3,1,7,Low,Shadow,2026-09-17,2026-09-23,v2.4.0,direct,,,,,,,,
CRI-T3-RTX-6000-Ada-PCIe-GTD-OD-EU,2026-09-23,T3,T3,RTX6000Ada,PCIe,GTD,EU,OnDemand,citable,7,0.5940,0.6467,0.6467,median,0.4533,0.8000,0.3867,0.8000,0.5600,0.6059,0.5940,1,20,vast_ai,10000.0,1,3,1,9,1,20,Low,Shadow,2026-09-17,2026-09-23,v2.4.0,direct,,,,,,,,
CRI-T3-RTX-A6000-ALL-ALL-1yr-ALL,2026-09-23,T3,T3,A6000,ALL,ALL,ALL,1Y,market_intelligence,7,0.5300,0.5300,0.5300,median,0.5300,0.5300,0.5300,0.5300,0.5300,0.5300,0.5300,1,7,runpod_secure,10000.0,1,1,1,3,1,7,Low,Shadow,2026-09-17,2026-09-23,v2.4.0,direct,,,,,,,,
CRI-T3-RTX-A6000-ALL-ALL-1yr-US,2026-09-23,T3,T3,A6000,ALL,ALL,US,1Y,market_intelligence,7,0.5300,0.5300,0.5300,median,0.5300,0.5300,0.5300,0.5300,0.5300,0.5300,0.5300,1,7,runpod_secure,10000.0,1,1,1,3,1,7,Low,Shadow,2026-09-17,2026-09-23,v2.4.0,direct,,,,,,,,
CRI-T3-RTX-A6000-ALL-ALL-3mo-ALL,2026-09-23,T3,T3,A6000,ALL,ALL,ALL,3M,market_intelligence,7,0.5300,0.5300,0.5300,median,0.5300,0.5300,0.5300,0.5300,0.5300,0.5300,0.5300,1,7,runpod_secure,10000.0,1,1,1,3,1,7,Low,Shadow,2026-09-17,2026-09-23,v2.4.0,direct,,,,,,,,
CRI-T3-RTX-A6000-ALL-ALL-3mo-US,2026-09-23,T3,T3,A6000,ALL,ALL,US,3M,market_intelligence,7,0.5300,0.5300,0.5300,median,0.5300,0.5300,0.5300,0.5300,0.5300,0.5300,0.5300,1,7,runpod_secure,10000.0,1,1,1,3,1,7,Low,Shadow,2026-09-17,2026-09-23,v2.4.0,direct,,,,,,,,
CRI-T3-RTX-A6000-ALL-ALL-6mo-ALL,2026-09-23,T3,T3,A6000,ALL,ALL,ALL,6M,market_intelligence,7,0.5300,0.5300,0.5300,median,0.5300,0.5300,0.5300,0.5300,0.5300,0.5300,0.5300,1,7,runpod_secure,10000.0,1,1,1,3,1,7,Low,Shadow,2026-09-17,2026-09-23,v2.4.0,direct,,,,,,,,
CRI-T3-RTX-A6000-ALL-ALL-6mo-US,2026-09-23,T3,T3,A6000,ALL,ALL,US,6M,market_intelligence,7,0.5300,0.5300,0.5300,median,0.5300,0.5300,0.5300,0.5300,0.5300,0.5300,0.5300,1,7,runpod_secure,10000.0,1,1,1,3,1,7,Low,Shadow,2026-09-17,2026-09-23,v2.4.0,direct,,,,,,,,
CRI-T3-RTX-A6000-ALL-ALL-OD-APAC,2026-09-23,T3,T3,A6000,ALL,ALL,APAC,OnDemand,citable,7,0.4667,0.4667,0.4667,median,0.4667,0.4667,0.4667,0.4667,0.4667,0.4667,0.4667,1,2,vast_ai,10000.0,1,1,1,2,1,2,Low,Shadow,2026-09-17,2026-09-23,v2.4.0,direct,,,,,,,,
CRI-T3-RTX-A6000-ALL-GTD-1yr-ALL,2026-09-23,T3,T3,A6000,ALL,GTD,ALL,1Y,market_intelligence,7,0.5300,0.5300,0.5300,median,0.5300,0.5300,0.5300,0.5300,0.5300,0.5300,0.5300,1,7,runpod_secure,10000.0,1,1,1,3,1,7,Low,Shadow,2026-09-17,2026-09-23,v2.4.0,direct,,,,,,,,
CRI-T3-RTX-A6000-ALL-GTD-1yr-US,2026-09-23,T3,T3,A6000,ALL,GTD,US,1Y,market_intelligence,7,0.5300,0.5300,0.5300,median,0.5300,0.5300,0.5300,0.5300,0.5300,0.5300,0.5300,1,7,runpod_secure,10000.0,1,1,1,3,1,7,Low,Shadow,2026-09-17,2026-09-23,v2.4.0,direct,,,,,,,,
CRI-T3-RTX-A6000-ALL-GTD-3mo-ALL,2026-09-23,T3,T3,A6000,ALL,GTD,ALL,3M,market_intelligence,7,0.5300,0.5300,0.5300,median,0.5300,0.5300,0.5300,0.5300,0.5300,0.5300,0.5300,1,7,runpod_secure,10000.0,1,1,1,3,1,7,Low,Shadow,2026-09-17,2026-09-23,v2.4.0,direct,,,,,,,,
CRI-T3-RTX-A6000-ALL-GTD-3mo-US,2026-09-23,T3,T3,A6000,ALL,GTD,US,3M,market_intelligence,7,0.5300,0.5300,0.5300,median,0.5300,0.5300,0.5300,0.5300,0.5300,0.5300,0.5300,1,7,runpod_secure,10000.0,1,1,1,3,1,7,Low,Shadow,2026-09-17,2026-09-23,v2.4.0,direct,,,,,,,,
CRI-T3-RTX-A6000-ALL-GTD-6mo-ALL,2026-09-23,T3,T3,A6000,ALL,GTD,ALL,6M,market_intelligence,7,0.5300,0.5300,0.5300,median,0.5300,0.5300,0.5300,0.5300,0.5300,0.5300,0.5300,1,7,runpod_secure,10000.0,1,1,1,3,1,7,Low,Shadow,2026-09-17,2026-09-23,v2.4.0,direct,,,,,,,,
CRI-T3-RTX-A6000-ALL-GTD-6mo-US,2026-09-23,T3,T3,A6000,ALL,GTD,US,6M,market_intelligence,7,0.5300,0.5300,0.5300,median,0.5300,0.5300,0.5300,0.5300,0.5300,0.5300,0.5300,1,7,runpod_secure,10000.0,1,1,1,3,1,7,Low,Shadow,2026-09-17,2026-09-23,v2.4.0,direct,,,,,,,,
CRI-T3-RTX-A6000-ALL-GTD-OD-APAC,2026-09-23,T3,T3,A6000,ALL,GTD,APAC,OnDemand,citable,7,0.4667,0.4667,0.4667,median,0.4667,0.4667,0.4667,0.4667,0.4667,0.4667,0.4667,1,2,vast_ai,10000.0,1,1,1,2,1,2,Low,Shadow,2026-09-17,2026-09-23,v2.4.0,direct,,,,,,,,
CRI-T3-RTX-A6000-PCIe-ALL-1yr-ALL,2026-09-23,T3,T3,A6000,PCIe,ALL,ALL,1Y,market_intelligence,7,0.5300,0.5300,0.5300,median,0.5300,0.5300,0.5300,0.5300,0.5300,0.5300,0.5300,1,7,runpod_secure,10000.0,1,1,1,3,1,7,Low,Shadow,2026-09-17,2026-09-23,v2.4.0,direct,,,,,,,,
CRI-T3-RTX-A6000-PCIe-ALL-1yr-US,2026-09-23,T3,T3,A6000,PCIe,ALL,US,1Y,market_intelligence,7,0.5300,0.5300,0.5300,median,0.5300,0.5300,0.5300,0.5300,0.5300,0.5300,0.5300,1,7,runpod_secure,10000.0,1,1,1,3,1,7,Low,Shadow,2026-09-17,2026-09-23,v2.4.0,direct,,,,,,,,
CRI-T3-RTX-A6000-PCIe-ALL-3mo-ALL,2026-09-23,T3,T3,A6000,PCIe,ALL,ALL,3M,market_intelligence,7,0.5300,0.5300,0.5300,median,0.5300,0.5300,0.5300,0.5300,0.5300,0.5300,0.5300,1,7,runpod_secure,10000.0,1,1,1,3,1,7,Low,Shadow,2026-09-17,2026-09-23,v2.4.0,direct,,,,,,,,
CRI-T3-RTX-A6000-PCIe-ALL-3mo-US,2026-09-23,T3,T3,A6000,PCIe,ALL,US,3M,market_intelligence,7,0.5300,0.5300,0.5300,median,0.5300,0.5300,0.5300,0.5300,0.5300,0.5300,0.5300,1,7,runpod_secure,10000.0,1,1,1,3,1,7,Low,Shadow,2026-09-17,2026-09-23,v2.4.0,direct,,,,,,,,
CRI-T3-RTX-A6000-PCIe-ALL-6mo-ALL,2026-09-23,T3,T3,A6000,PCIe,ALL,ALL,6M,market_intelligence,7,0.5300,0.5300,0.5300,median,0.5300,0.5300,0.5300,0.5300,0.5300,0.5300,0.5300,1,7,runpod_secure,10000.0,1,1,1,3,1,7,Low,Shadow,2026-09-17,2026-09-23,v2.4.0,direct,,,,,,,,
CRI-T3-RTX-A6000-PCIe-ALL-6mo-US,2026-09-23,T3,T3,A6000,PCIe,ALL,US,6M,market_intelligence,7,0.5300,0.5300,0.5300,median,0.5300,0.5300,0.5300,0.5300,0.5300,0.5300,0.5300,1,7,runpod_secure,10000.0,1,1,1,3,1,7,Low,Shadow,2026-09-17,2026-09-23,v2.4.0,direct,,,,,,,,
CRI-T3-RTX-A6000-PCIe-GTD-1yr-ALL,2026-09-23,T3,T3,A6000,PCIe,GTD,ALL,1Y,market_intelligence,7,0.5300,0.5300,0.5300,median,0.5300,0.5300,0.5300,0.5300,0.5300,0.5300,0.5300,1,7,runpod_secure,10000.0,1,1,1,3,1,7,Low,Shadow,2026-09-17,2026-09-23,v2.4.0,direct,,,,,,,,
CRI-T3-RTX-A6000-PCIe-GTD-1yr-US,2026-09-23,T3,T3,A6000,PCIe,GTD,US,1Y,market_intelligence,7,0.5300,0.5300,0.5300,median,0.5300,0.5300,0.5300,0.5300,0.5300,0.5300,0.5300,1,7,runpod_secure,10000.0,1,1,1,3,1,7,Low,Shadow,2026-09-17,2026-09-23,v2.4.0,direct,,,,,,,,
CRI-T3-RTX-A6000-PCIe-GTD-3mo-ALL,2026-09-23,T3,T3,A6000,PCIe,GTD,ALL,3M,market_intelligence,7,0.5300,0.5300,0.5300,median,0.5300,0.5300,0.5300,0.5300,0.5300,0.5300,0.5300,1,7,runpod_secure,10000.0,1,1,1,3,1,7,Low,Shadow,2026-09-17,2026-09-23,v2.4.0,direct,,,,,,,,
CRI-T3-RTX-A6000-PCIe-GTD-3mo-US,2026-09-23,T3,T3,A6000,PCIe,GTD,US,3M,market_intelligence,7,0.5300,0.5300,0.5300,median,0.5300,0.5300,0.5300,0.5300,0.5300,0.5300,0.5300,1,7,runpod_secure,10000.0,1,1,1,3,1,7,Low,Shadow,2026-09-17,2026-09-23,v2.4.0,direct,,,,,,,,
CRI-T3-RTX-A6000-PCIe-GTD-6mo-ALL,2026-09-23,T3,T3,A6000,PCIe,GTD,ALL,6M,market_intelligence,7,0.5300,0.5300,0.5300,median,0.5300,0.5300,0.5300,0.5300,0.5300,0.5300,0.5300,1,7,runpod_secure,10000.0,1,1,1,3,1,7,Low,Shadow,2026-09-17,2026-09-23,v2.4.0,direct,,,,,,,,
CRI-T3-RTX-A6000-PCIe-GTD-6mo-US,2026-09-23,T3,T3,A6000,PCIe,GTD,US,6M,market_intelligence,7,0.5300,0.5300,0.5300,median,0.5300,0.5300,0.5300,0.5300,0.5300,0.5300,0.5300,1,7,runpod_secure,10000.0,1,1,1,3,1,7,Low,Shadow,2026-09-17,2026-09-23,v2.4.0,direct,,,,,,,,
CRI-T3-RTX-PRO-6000-ALL-ALL-1yr-ALL,2026-09-23,T3,T3,RTXPRO6000,ALL,ALL,ALL,1Y,market_intelligence,7,2.0900,2.0900,2.0900,median,2.0900,2.0900,2.0900,2.0900,2.0900,2.0900,2.0900,1,7,runpod_secure,10000.0,1,1,1,3,1,7,Low,Shadow,2026-09-17,2026-09-23,v2.4.0,direct,,,,,,,,
CRI-T3-RTX-PRO-6000-ALL-ALL-1yr-US,2026-09-23,T3,T3,RTXPRO6000,ALL,ALL,US,1Y,market_intelligence,7,2.0900,2.0900,2.0900,median,2.0900,2.0900,2.0900,2.0900,2.0900,2.0900,2.0900,1,7,runpod_secure,10000.0,1,1,1,3,1,7,Low,Shadow,2026-09-17,2026-09-23,v2.4.0,direct,,,,,,,,
CRI-T3-RTX-PRO-6000-ALL-ALL-3mo-ALL,2026-09-23,T3,T3,RTXPRO6000,ALL,ALL,ALL,3M,market_intelligence,7,2.0900,2.0900,2.0900,median,2.0900,2.0900,2.0900,2.0900,2.0900,2.0900,2.0900,1,7,runpod_secure,10000.0,1,1,1,3,1,7,Low,Shadow,2026-09-17,2026-09-23,v2.4.0,direct,,,,,,,,
CRI-T3-RTX-PRO-6000-ALL-ALL-3mo-US,2026-09-23,T3,T3,RTXPRO6000,ALL,ALL,US,3M,market_intelligence,7,2.0900,2.0900,2.0900,median,2.0900,2.0900,2.0900,2.0900,2.0900,2.0900,2.0900,1,7,runpod_secure,10000.0,1,1,1,3,1,7,Low,Shadow,2026-09-17,2026-09-23,v2.4.0,direct,,,,,,,,
CRI-T3-RTX-PRO-6000-ALL-ALL-6mo-ALL,2026-09-23,T3,T3,RTXPRO6000,ALL,ALL,ALL,6M,market_intelligence,7,2.0900,2.0900,2.0900,median,2.0900,2.0900,2.0900,2.0900,2.0900,2.0900,2.0900,1,7,runpod_secure,10000.0,1,1,1,3,1,7,Low,Shadow,2026-09-17,2026-09-23,v2.4.0,direct,,,,,,,,
CRI-T3-RTX-PRO-6000-ALL-ALL-6mo-US,2026-09-23,T3,T3,RTXPRO6000,ALL,ALL,US,6M,market_intelligence,7,2.0900,2.0900,2.0900,median,2.0900,2.0900,2.0900,2.0900,2.0900,2.0900,2.0900,1,7,runpod_secure,10000.0,1,1,1,3,1,7,Low,Shadow,2026-09-17,2026-09-23,v2.4.0,direct,,,,,,,,
CRI-T3-RTX-PRO-6000-ALL-ALL-OD-APAC,2026-09-23,T3,T3,RTXPRO6000,ALL,ALL,APAC,OnDemand,citable,7,1.3357,1.3333,1.3333,median,1.2600,1.5333,0.7733,1.8894,1.2965,1.2948,1.3357,1,33,vast_ai,10000.0,1,3,1,11,1,33,Low,Shadow,2026-09-17,2026-09-23,v2.4.0,direct,,,,,,,,
CRI-T3-RTX-PRO-6000-ALL-GTD-1yr-ALL,2026-09-23,T3,T3,RTXPRO6000,ALL,GTD,ALL,1Y,market_intelligence,7,2.0900,2.0900,2.0900,median,2.0900,2.0900,2.0900,2.0900,2.0900,2.0900,2.0900,1,7,runpod_secure,10000.0,1,1,1,3,1,7,Low,Shadow,2026-09-17,2026-09-23,v2.4.0,direct,,,,,,,,
CRI-T3-RTX-PRO-6000-ALL-GTD-1yr-US,2026-09-23,T3,T3,RTXPRO6000,ALL,GTD,US,1Y,market_intelligence,7,2.0900,2.0900,2.0900,median,2.0900,2.0900,2.0900,2.0900,2.0900,2.0900,2.0900,1,7,runpod_secure,10000.0,1,1,1,3,1,7,Low,Shadow,2026-09-17,2026-09-23,v2.4.0,direct,,,,,,,,
CRI-T3-RTX-PRO-6000-ALL-GTD-3mo-ALL,2026-09-23,T3,T3,RTXPRO6000,ALL,GTD,ALL,3M,market_intelligence,7,2.0900,2.0900,2.0900,median,2.0900,2.0900,2.0900,2.0900,2.0900,2.0900,2.0900,1,7,runpod_secure,10000.0,1,1,1,3,1,7,Low,Shadow,2026-09-17,2026-09-23,v2.4.0,direct,,,,,,,,
CRI-T3-RTX-PRO-6000-ALL-GTD-3mo-US,2026-09-23,T3,T3,RTXPRO6000,ALL,GTD,US,3M,market_intelligence,7,2.0900,2.0900,2.0900,median,2.0900,2.0900,2.0900,2.0900,2.0900,2.0900,2.0900,1,7,runpod_secure,10000.0,1,1,1,3,1,7,Low,Shadow,2026-09-17,2026-09-23,v2.4.0,direct,,,,,,,,
CRI-T3-RTX-PRO-6000-ALL-GTD-6mo-ALL,2026-09-23,T3,T3,RTXPRO6000,ALL,GTD,ALL,6M,market_intelligence,7,2.0900,2.0900,2.0900,median,2.0900,2.0900,2.0900,2.0900,2.0900,2.0900,2.0900,1,7,runpod_secure,10000.0,1,1,1,3,1,7,Low,Shadow,2026-09-17,2026-09-23,v2.4.0,direct,,,,,,,,
CRI-T3-RTX-PRO-6000-ALL-GTD-6mo-US,2026-09-23,T3,T3,RTXPRO6000,ALL,GTD,US,6M,market_intelligence,7,2.0900,2.0900,2.0900,median,2.0900,2.0900,2.0900,2.0900,2.0900,2.0900,2.0900,1,7,runpod_secure,10000.0,1,1,1,3,1,7,Low,Shadow,2026-09-17,2026-09-23,v2.4.0,direct,,,,,,,,
CRI-T3-RTX-PRO-6000-ALL-GTD-OD-APAC,2026-09-23,T3,T3,RTXPRO6000,ALL,GTD,APAC,OnDemand,citable,7,1.3357,1.3333,1.3333,median,1.2600,1.5333,0.7733,1.8894,1.2965,1.2948,1.3357,1,33,vast_ai,10000.0,1,3,1,11,1,33,Low,Shadow,2026-09-17,2026-09-23,v2.4.0,direct,,,,,,,,
CRI-T3-RTX-PRO-6000-ALL-INT-OD-ALL,2026-09-23,T3,T3,RTXPRO6000,ALL,INT,ALL,OnDemand,citable,7,1.3002,1.3053,1.3053,median,1.2876,1.3230,1.2876,1.3230,1.3053,1.2935,1.3002,1,14,spheron,10000.0,1,2,1,6,1,14,Low,Shadow,2026-09-17,2026-09-23,v2.4.0,direct,,,,,,,,
CRI-T3-RTX-PRO-6000-ALL-INT-OD-EU,2026-09-23,T3,T3,RTXPRO6000,ALL,INT,EU,OnDemand,citable,7,1.2876,1.2876,1.2876,median,1.2876,1.2876,1.2876,1.2876,1.2876,1.2876,1.2876,1,7,spheron,10000.0,1,1,1,3,1,7,Low,Shadow,2026-09-17,2026-09-23,v2.4.0,direct,,,,,,,,
CRI-T3-RTX-PRO-6000-ALL-INT-OD-US,2026-09-23,T3,T3,RTXPRO6000,ALL,INT,US,OnDemand,citable,7,1.3129,1.3230,1.3230,median,1.3053,1.3230,1.2876,1.3230,1.3230,1.2994,1.3129,1,7,spheron,10000.0,1,1,1,3,1,7,Low,Shadow,2026-09-17,2026-09-23,v2.4.0,direct,,,,,,,,
CRI-T3-RTX-PRO-6000-PCIe-ALL-1yr-ALL,2026-09-23,T3,T3,RTXPRO6000,PCIe,ALL,ALL,1Y,market_intelligence,7,2.0900,2.0900,2.0900,median,2.0900,2.0900,2.0900,2.0900,2.0900,2.0900,2.0900,1,7,runpod_secure,10000.0,1,1,1,3,1,7,Low,Shadow,2026-09-17,2026-09-23,v2.4.0,direct,,,,,,,,
CRI-T3-RTX-PRO-6000-PCIe-ALL-1yr-US,2026-09-23,T3,T3,RTXPRO6000,PCIe,ALL,US,1Y,market_intelligence,7,2.0900,2.0900,2.0900,median,2.0900,2.0900,2.0900,2.0900,2.0900,2.0900,2.0900,1,7,runpod_secure,10000.0,1,1,1,3,1,7,Low,Shadow,2026-09-17,2026-09-23,v2.4.0,direct,,,,,,,,
CRI-T3-RTX-PRO-6000-PCIe-ALL-3mo-ALL,2026-09-23,T3,T3,RTXPRO6000,PCIe,ALL,ALL,3M,market_intelligence,7,2.0900,2.0900,2.0900,median,2.0900,2.0900,2.0900,2.0900,2.0900,2.0900,2.0900,1,7,runpod_secure,10000.0,1,1,1,3,1,7,Low,Shadow,2026-09-17,2026-09-23,v2.4.0,direct,,,,,,,,
CRI-T3-RTX-PRO-6000-PCIe-ALL-3mo-US,2026-09-23,T3,T3,RTXPRO6000,PCIe,ALL,US,3M,market_intelligence,7,2.0900,2.0900,2.0900,median,2.0900,2.0900,2.0900,2.0900,2.0900,2.0900,2.0900,1,7,runpod_secure,10000.0,1,1,1,3,1,7,Low,Shadow,2026-09-17,2026-09-23,v2.4.0,direct,,,,,,,,
CRI-T3-RTX-PRO-6000-PCIe-ALL-6mo-ALL,2026-09-23,T3,T3,RTXPRO6000,PCIe,ALL,ALL,6M,market_intelligence,7,2.0900,2.0900,2.0900,median,2.0900,2.0900,2.0900,2.0900,2.0900,2.0900,2.0900,1,7,runpod_secure,10000.0,1,1,1,3,1,7,Low,Shadow,2026-09-17,2026-09-23,v2.4.0,direct,,,,,,,,
CRI-T3-RTX-PRO-6000-PCIe-ALL-6mo-US,2026-09-23,T3,T3,RTXPRO6000,PCIe,ALL,US,6M,market_intelligence,7,2.0900,2.0900,2.0900,median,2.0900,2.0900,2.0900,2.0900,2.0900,2.0900,2.0900,1,7,runpod_secure,10000.0,1,1,1,3,1,7,Low,Shadow,2026-09-17,2026-09-23,v2.4.0,direct,,,,,,,,
CRI-T3-RTX-PRO-6000-PCIe-GTD-1yr-ALL,2026-09-23,T3,T3,RTXPRO6000,PCIe,GTD,ALL,1Y,market_intelligence,7,2.0900,2.0900,2.0900,median,2.0900,2.0900,2.0900,2.0900,2.0900,2.0900,2.0900,1,7,runpod_secure,10000.0,1,1,1,3,1,7,Low,Shadow,2026-09-17,2026-09-23,v2.4.0,direct,,,,,,,,
CRI-T3-RTX-PRO-6000-PCIe-GTD-1yr-US,2026-09-23,T3,T3,RTXPRO6000,PCIe,GTD,US,1Y,market_intelligence,7,2.0900,2.0900,2.0900,median,2.0900,2.0900,2.0900,2.0900,2.0900,2.0900,2.0900,1,7,runpod_secure,10000.0,1,1,1,3,1,7,Low,Shadow,2026-09-17,2026-09-23,v2.4.0,direct,,,,,,,,
CRI-T3-RTX-PRO-6000-PCIe-GTD-3mo-ALL,2026-09-23,T3,T3,RTXPRO6000,PCIe,GTD,ALL,3M,market_intelligence,7,2.0900,2.0900,2.0900,median,2.0900,2.0900,2.0900,2.0900,2.0900,2.0900,2.0900,1,7,runpod_secure,10000.0,1,1,1,3,1,7,Low,Shadow,2026-09-17,2026-09-23,v2.4.0,direct,,,,,,,,
CRI-T3-RTX-PRO-6000-PCIe-GTD-3mo-US,2026-09-23,T3,T3,RTXPRO6000,PCIe,GTD,US,3M,market_intelligence,7,2.0900,2.0900,2.0900,median,2.0900,2.0900,2.0900,2.0900,2.0900,2.0900,2.0900,1,7,runpod_secure,10000.0,1,1,1,3,1,7,Low,Shadow,2026-09-17,2026-09-23,v2.4.0,direct,,,,,,,,
CRI-T3-RTX-PRO-6000-PCIe-GTD-6mo-ALL,2026-09-23,T3,T3,RTXPRO6000,PCIe,GTD,ALL,6M,market_intelligence,7,2.0900,2.0900,2.0900,median,2.0900,2.0900,2.0900,2.0900,2.0900,2.0900,2.0900,1,7,runpod_secure,10000.0,1,1,1,3,1,7,Low,Shadow,2026-09-17,2026-09-23,v2.4.0,direct,,,,,,,,
CRI-T3-RTX-PRO-6000-PCIe-GTD-6mo-US,2026-09-23,T3,T3,RTXPRO6000,PCIe,GTD,US,6M,market_intelligence,7,2.0900,2.0900,2.0900,median,2.0900,2.0900,2.0900,2.0900,2.0900,2.0900,2.0900,1,7,runpod_secure,10000.0,1,1,1,3,1,7,Low,Shadow,2026-09-17,2026-09-23,v2.4.0,direct,,,,,,,,
CRI-T3-RTX-PRO-6000-PCIe-INT-OD-ALL,2026-09-23,T3,T3,RTXPRO6000,PCIe,INT,ALL,OnDemand,citable,7,1.3002,1.3053,1.3053,median,1.2876,1.3230,1.2876,1.3230,1.3053,1.2935,1.3002,1,14,spheron,10000.0,1,2,1,6,1,14,Low,Shadow,2026-09-17,2026-09-23,v2.4.0,direct,,,,,,,,
CRI-T3-RTX-PRO-6000-PCIe-INT-OD-EU,2026-09-23,T3,T3,RTXPRO6000,PCIe,INT,EU,OnDemand,citable,7,1.2876,1.2876,1.2876,median,1.2876,1.2876,1.2876,1.2876,1.2876,1.2876,1.2876,1,7,spheron,10000.0,1,1,1,3,1,7,Low,Shadow,2026-09-17,2026-09-23,v2.4.0,direct,,,,,,,,
CRI-T3-RTX-PRO-6000-PCIe-INT-OD-US,2026-09-23,T3,T3,RTXPRO6000,PCIe,INT,US,OnDemand,citable,7,1.3129,1.3230,1.3230,median,1.3053,1.3230,1.2876,1.3230,1.3230,1.2994,1.3129,1,7,spheron,10000.0,1,1,1,3,1,7,Low,Shadow,2026-09-17,2026-09-23,v2.4.0,direct,,,,,,,,
CRI-T3-V100-16GB-ALL-ALL-OD-ALL,2026-09-23,T3,T3,V100,ALL,ALL,ALL,OnDemand,citable,7,0.2100,0.2100,0.2100,median,0.1900,0.2300,0.1900,0.2300,0.2100,0.2100,0.2100,2,14,runpod_community|tensordock,5000.0,2,2,2,6,2,14,Medium,Shadow,2026-09-17,2026-09-23,v2.4.0,direct,,,,,,,,
CRI-T3-V100-16GB-ALL-GTD-OD-ALL,2026-09-23,T3,T3,V100,ALL,GTD,ALL,OnDemand,citable,7,0.2100,0.2100,0.2100,median,0.1900,0.2300,0.1900,0.2300,0.2100,0.2100,0.2100,2,14,runpod_community|tensordock,5000.0,2,2,2,6,2,14,Medium,Shadow,2026-09-17,2026-09-23,v2.4.0,direct,,,,,,,,
CRI-T3-V100-16GB-SXM-ALL-OD-ALL,2026-09-23,T3,T3,V100,SXM,ALL,ALL,OnDemand,citable,7,0.2100,0.2100,0.2100,median,0.1900,0.2300,0.1900,0.2300,0.2100,0.2100,0.2100,2,14,runpod_community|tensordock,5000.0,2,2,2,6,2,14,Medium,Shadow,2026-09-17,2026-09-23,v2.4.0,direct,,,,,,,,
CRI-T3-V100-16GB-SXM-GTD-OD-ALL,2026-09-23,T3,T3,V100,SXM,GTD,ALL,OnDemand,citable,7,0.2100,0.2100,0.2100,median,0.1900,0.2300,0.1900,0.2300,0.2100,0.2100,0.2100,2,14,runpod_community|tensordock,5000.0,2,2,2,6,2,14,Medium,Shadow,2026-09-17,2026-09-23,v2.4.0,direct,,,,,,,,
